# x [au] y [au] r [au] lon [rad]
0.740000 0.000000 0.740000 0.000000
0.740000 0.000405 0.740000 0.000547
0.740000 0.000810 0.740000 0.001095
0.740000 0.001215 0.740001 0.001642
0.740000 0.001621 0.740002 0.002190
0.740000 0.002026 0.740003 0.002737
0.740000 0.002431 0.740004 0.003285
0.740001 0.002836 0.740006 0.003832
0.740001 0.003241 0.740008 0.004380
0.740001 0.003646 0.740010 0.004927
0.740001 0.004051 0.740012 0.005475
0.740001 0.004456 0.740015 0.006022
0.740002 0.004862 0.740018 0.006570
0.740002 0.005267 0.740021 0.007117
0.740002 0.005672 0.740024 0.007664
0.740003 0.006077 0.740028 0.008212
0.740003 0.006482 0.740031 0.008759
0.740003 0.006887 0.740035 0.009307
0.740004 0.007292 0.740040 0.009854
0.740004 0.007697 0.740044 0.010401
0.740005 0.008102 0.740049 0.010949
0.740005 0.008507 0.740054 0.011496
0.740006 0.008912 0.740059 0.012043
0.740006 0.009318 0.740065 0.012590
0.740007 0.009723 0.740070 0.013138
0.740007 0.010128 0.740076 0.013685
0.740008 0.010533 0.740083 0.014232
0.740008 0.010938 0.740089 0.014779
0.740009 0.011343 0.740096 0.015327
0.740010 0.011748 0.740103 0.015874
0.740010 0.012153 0.740110 0.016421
0.740011 0.012558 0.740117 0.016968
0.740012 0.012963 0.740125 0.017515
0.740012 0.013368 0.740133 0.018062
0.740013 0.013773 0.740141 0.018609
0.740014 0.014177 0.740150 0.019156
0.740015 0.014582 0.740158 0.019703
0.740016 0.014987 0.740167 0.020250
0.740016 0.015392 0.740177 0.020797
0.740017 0.015797 0.740186 0.021344
0.740018 0.016202 0.740196 0.021891
0.740019 0.016607 0.740205 0.022437
0.740020 0.017012 0.740216 0.022984
0.740021 0.017417 0.740226 0.023531
0.740022 0.017821 0.740237 0.024078
0.740023 0.018226 0.740248 0.024624
0.740024 0.018631 0.740259 0.025171
0.740025 0.019036 0.740270 0.025717
0.740026 0.019440 0.740282 0.026264
0.740027 0.019845 0.740293 0.026810
0.740029 0.020250 0.740306 0.027357
0.740030 0.020655 0.740318 0.027903
0.740031 0.021059 0.740330 0.028450
0.740032 0.021464 0.740343 0.028996
0.740033 0.021869 0.740356 0.029542
0.740035 0.022273 0.740370 0.030089
0.740036 0.022678 0.740383 0.030635
0.740037 0.023083 0.740397 0.031181
0.740038 0.023487 0.740411 0.031727
0.740040 0.023892 0.740425 0.032273
0.740041 0.024296 0.740440 0.032819
0.740043 0.024701 0.740455 0.033365
0.740044 0.025105 0.740470 0.033911
0.740045 0.025510 0.740485 0.034457
0.740047 0.025914 0.740500 0.035003
0.740048 0.026319 0.740516 0.035548
0.740050 0.026723 0.740532 0.036094
0.740051 0.027127 0.740548 0.036640
0.740053 0.027532 0.740565 0.037185
0.740055 0.027936 0.740582 0.037731
0.740056 0.028340 0.740599 0.038276
0.740058 0.028745 0.740616 0.038822
0.740059 0.029149 0.740633 0.039367
0.740061 0.029553 0.740651 0.039912
0.740063 0.029958 0.740669 0.040458
0.740065 0.030362 0.740687 0.041003
0.740066 0.030766 0.740706 0.041548
0.740068 0.031170 0.740724 0.042093
0.740070 0.031574 0.740743 0.042638
0.740072 0.031978 0.740762 0.043183
0.740074 0.032382 0.740782 0.043728
0.740075 0.032786 0.740801 0.044273
0.740077 0.033190 0.740821 0.044817
0.740079 0.033594 0.740841 0.045362
0.740081 0.033998 0.740862 0.045906
0.740083 0.034402 0.740882 0.046451
0.740085 0.034806 0.740903 0.046995
0.740087 0.035210 0.740924 0.047540
0.740089 0.035614 0.740946 0.048084
0.740091 0.036018 0.740967 0.048628
0.740093 0.036422 0.740989 0.049172
0.740095 0.036825 0.741011 0.049717
0.740098 0.037229 0.741033 0.050261
0.740100 0.037633 0.741056 0.050804
0.740102 0.038036 0.741079 0.051348
0.740104 0.038440 0.741102 0.051892
0.740106 0.038844 0.741125 0.052436
0.740109 0.039247 0.741148 0.052979
0.740111 0.039651 0.741172 0.053523
0.740113 0.040054 0.741196 0.054066
0.740116 0.040458 0.741220 0.054610
0.740118 0.040861 0.741245 0.055153
0.740120 0.041265 0.741270 0.055696
0.740123 0.041668 0.741295 0.056239
0.740125 0.042071 0.741320 0.056782
0.740128 0.042475 0.741345 0.057325
0.740130 0.042878 0.741371 0.057868
0.740133 0.043281 0.741397 0.058411
0.740135 0.043684 0.741423 0.058954
0.740138 0.044087 0.741450 0.059496
0.740140 0.044491 0.741476 0.060039
0.740143 0.044894 0.741503 0.060581
0.740145 0.045297 0.741530 0.061123
0.740148 0.045700 0.741558 0.061666
0.740151 0.046103 0.741585 0.062208
0.740154 0.046506 0.741613 0.062750
0.740156 0.046908 0.741641 0.063292
0.740159 0.047311 0.741670 0.063834
0.740162 0.047714 0.741698 0.064375
0.740165 0.048117 0.741727 0.064917
0.740167 0.048520 0.741756 0.065459
0.740170 0.048922 0.741785 0.066000
0.740173 0.049325 0.741815 0.066541
0.740176 0.049728 0.741845 0.067083
0.740179 0.050130 0.741875 0.067624
0.740182 0.050533 0.741905 0.068165
0.740185 0.050935 0.741936 0.068706
0.740188 0.051338 0.741966 0.069247
0.740191 0.051740 0.741997 0.069787
0.740194 0.052142 0.742028 0.070328
0.740197 0.052545 0.742060 0.070869
0.740200 0.052947 0.742092 0.071409
0.740204 0.053349 0.742124 0.071949
0.740207 0.053751 0.742156 0.072490
0.740210 0.054154 0.742188 0.073030
0.740213 0.054556 0.742221 0.073570
0.740216 0.054958 0.742254 0.074109
0.740220 0.055360 0.742287 0.074649
0.740223 0.055762 0.742320 0.075189
0.740226 0.056164 0.742354 0.075728
0.740230 0.056565 0.742388 0.076268
0.740233 0.056967 0.742422 0.076807
0.740237 0.057369 0.742456 0.077346
0.740240 0.057771 0.742491 0.077885
0.740243 0.058172 0.742526 0.078424
0.740247 0.058574 0.742561 0.078963
0.740250 0.058976 0.742596 0.079502
0.740254 0.059377 0.742632 0.080041
0.740258 0.059779 0.742667 0.080579
0.740261 0.060180 0.742703 0.081117
0.740265 0.060582 0.742740 0.081656
0.740269 0.060983 0.742776 0.082194
0.740272 0.061384 0.742813 0.082732
0.740276 0.061785 0.742850 0.083270
0.740280 0.062187 0.742887 0.083807
0.740283 0.062588 0.742925 0.084345
0.740287 0.062989 0.742962 0.084882
0.740291 0.063390 0.743000 0.085420
0.740295 0.063791 0.743038 0.085957
0.740299 0.064192 0.743077 0.086494
0.740303 0.064593 0.743115 0.087031
0.740307 0.064993 0.743154 0.087568
0.740311 0.065394 0.743193 0.088105
0.740315 0.065795 0.743233 0.088641
0.740319 0.066195 0.743272 0.089178
0.740323 0.066596 0.743312 0.089714
0.740327 0.066997 0.743352 0.090250
0.740331 0.067397 0.743392 0.090786
0.740335 0.067798 0.743433 0.091322
0.740339 0.068198 0.743474 0.091858
0.740343 0.068598 0.743515 0.092394
0.740348 0.068999 0.743556 0.092929
0.740352 0.069399 0.743597 0.093464
0.740356 0.069799 0.743639 0.094000
0.740361 0.070199 0.743681 0.094535
0.740365 0.070599 0.743723 0.095070
0.740369 0.070999 0.743766 0.095604
0.740374 0.071399 0.743808 0.096139
0.740378 0.071799 0.743851 0.096674
0.740383 0.072199 0.743894 0.097208
0.740387 0.072598 0.743938 0.097742
0.740392 0.072998 0.743981 0.098276
0.740396 0.073398 0.744025 0.098810
0.740401 0.073797 0.744069 0.099344
0.740405 0.074197 0.744114 0.099877
0.740410 0.074596 0.744158 0.100411
0.740415 0.074995 0.744203 0.100944
0.740419 0.075395 0.744248 0.101477
0.740424 0.075794 0.744293 0.102010
0.740429 0.076193 0.744339 0.102543
0.740434 0.076592 0.744384 0.103076
0.740438 0.076991 0.744430 0.103609
0.740443 0.077390 0.744477 0.104141
0.740448 0.077789 0.744523 0.104673
0.740453 0.078188 0.744570 0.105205
0.740458 0.078587 0.744617 0.105737
0.740463 0.078986 0.744664 0.106269
0.740468 0.079385 0.744711 0.106801
0.740473 0.079783 0.744759 0.107332
0.740478 0.080182 0.744807 0.107863
0.740483 0.080580 0.744855 0.108395
0.740488 0.080979 0.744903 0.108926
0.740493 0.081377 0.744951 0.109456
0.740499 0.081775 0.745000 0.109987
0.740504 0.082173 0.745049 0.110517
0.740509 0.082572 0.745098 0.111048
0.740514 0.082970 0.745148 0.111578
0.740520 0.083368 0.745198 0.112108
0.740525 0.083766 0.745248 0.112638
0.740530 0.084164 0.745298 0.113167
0.740536 0.084561 0.745348 0.113697
0.740541 0.084959 0.745399 0.114226
0.740547 0.085357 0.745450 0.114755
0.740552 0.085754 0.745501 0.115284
0.740558 0.086152 0.745552 0.115813
0.740563 0.086549 0.745604 0.116342
0.740569 0.086947 0.745655 0.116870
0.740575 0.087344 0.745707 0.117399
0.740580 0.087741 0.745760 0.117927
0.740586 0.088138 0.745812 0.118455
0.740592 0.088536 0.745865 0.118982
0.740597 0.088933 0.745918 0.119510
0.740603 0.089330 0.745971 0.120037
0.740609 0.089726 0.746025 0.120565
0.740615 0.090123 0.746078 0.121092
0.740621 0.090520 0.746132 0.121619
0.740627 0.090917 0.746186 0.122145
0.740633 0.091313 0.746240 0.122672
0.740639 0.091710 0.746295 0.123198
0.740645 0.092106 0.746350 0.123724
0.740651 0.092503 0.746405 0.124250
0.740657 0.092899 0.746460 0.124776
0.740663 0.093295 0.746516 0.125302
0.740669 0.093691 0.746571 0.125827
0.740675 0.094087 0.746627 0.126352
0.740682 0.094483 0.746684 0.126877
0.740688 0.094879 0.746740 0.127402
0.740694 0.095275 0.746797 0.127927
0.740700 0.095671 0.746853 0.128451
0.740707 0.096066 0.746911 0.128976
0.740713 0.096462 0.746968 0.129500
0.740720 0.096858 0.747025 0.130024
0.740726 0.097253 0.747083 0.130547
0.740733 0.097648 0.747141 0.131071
0.740739 0.098044 0.747199 0.131594
0.740746 0.098439 0.747258 0.132117
0.740752 0.098834 0.747317 0.132640
0.740759 0.099229 0.747376 0.133163
0.740766 0.099624 0.747435 0.133686
0.740772 0.100019 0.747494 0.134208
0.740779 0.100414 0.747554 0.134730
0.740786 0.100808 0.747614 0.135252
0.740793 0.101203 0.747674 0.135774
0.740800 0.101598 0.747734 0.136295
0.740807 0.101992 0.747795 0.136817
0.740813 0.102386 0.747855 0.137338
0.740820 0.102781 0.747916 0.137859
0.740827 0.103175 0.747977 0.138380
0.740834 0.103569 0.748039 0.138900
0.740842 0.103963 0.748101 0.139421
0.740849 0.104357 0.748162 0.139941
0.740856 0.104751 0.748225 0.140461
0.740863 0.105145 0.748287 0.140980
0.740870 0.105538 0.748349 0.141500
0.740877 0.105932 0.748412 0.142019
0.740885 0.106326 0.748475 0.142538
0.740892 0.106719 0.748539 0.143057
0.740899 0.107112 0.748602 0.143576
0.740907 0.107506 0.748666 0.144095
0.740914 0.107899 0.748730 0.144613
0.740922 0.108292 0.748794 0.145131
0.740929 0.108685 0.748858 0.145649
0.740937 0.109078 0.748923 0.146166
0.740944 0.109471 0.748988 0.146684
0.740952 0.109864 0.749053 0.147201
0.740960 0.110256 0.749118 0.147718
0.740967 0.110649 0.749183 0.148235
0.740975 0.111041 0.749249 0.148751
0.740983 0.111434 0.749315 0.149268
0.740991 0.111826 0.749381 0.149784
0.740999 0.112218 0.749448 0.150300
0.741006 0.112610 0.749514 0.150816
0.741014 0.113002 0.749581 0.151331
0.741022 0.113394 0.749648 0.151846
0.741030 0.113786 0.749716 0.152361
0.741038 0.114178 0.749783 0.152876
0.741047 0.114570 0.749851 0.153391
0.741055 0.114961 0.749919 0.153905
0.741063 0.115353 0.749987 0.154419
0.741071 0.115744 0.750055 0.154933
0.741079 0.116135 0.750124 0.155447
0.741088 0.116527 0.750193 0.155960
0.741096 0.116918 0.750262 0.156474
0.741104 0.117309 0.750331 0.156987
0.741113 0.117700 0.750401 0.157499
0.741121 0.118090 0.750470 0.158012
0.741130 0.118481 0.750540 0.158524
0.741138 0.118872 0.750611 0.159036
0.741147 0.119262 0.750681 0.159548
0.741155 0.119653 0.750752 0.160060
0.741164 0.120043 0.750822 0.160571
0.741173 0.120433 0.750894 0.161083
0.741181 0.120824 0.750965 0.161593
0.741190 0.121214 0.751036 0.162104
0.741199 0.121604 0.751108 0.162615
0.741208 0.121993 0.751180 0.163125
0.741217 0.122383 0.751252 0.163635
0.741226 0.122773 0.751325 0.164145
0.741235 0.123162 0.751397 0.164654
0.741244 0.123552 0.751470 0.165164
0.741253 0.123941 0.751543 0.165673
0.741262 0.124331 0.751616 0.166181
0.741271 0.124720 0.751690 0.166690
0.741280 0.125109 0.751764 0.167198
0.741289 0.125498 0.751837 0.167706
0.741299 0.125887 0.751912 0.168214
0.741308 0.126275 0.751986 0.168722
0.741317 0.126664 0.752061 0.169229
0.741327 0.127053 0.752135 0.169736
0.741336 0.127441 0.752210 0.170243
0.741346 0.127830 0.752286 0.170750
0.741355 0.128218 0.752361 0.171256
0.741365 0.128606 0.752437 0.171763
0.741374 0.128994 0.752513 0.172268
0.741384 0.129382 0.752589 0.172774
0.741394 0.129770 0.752665 0.173280
0.741403 0.130158 0.752742 0.173785
0.741413 0.130545 0.752818 0.174290
0.741423 0.130933 0.752895 0.174794
0.741433 0.131320 0.752973 0.175299
0.741443 0.131707 0.753050 0.175803
0.741453 0.132095 0.753128 0.176307
0.741463 0.132482 0.753205 0.176811
0.741473 0.132869 0.753284 0.177314
0.741483 0.133256 0.753362 0.177817
0.741493 0.133643 0.753440 0.178320
0.741503 0.134029 0.753519 0.178823
0.741513 0.134416 0.753598 0.179325
0.741524 0.134802 0.753677 0.179827
0.741534 0.135189 0.753756 0.180329
0.741544 0.135575 0.753836 0.180831
0.741555 0.135961 0.753916 0.181332
0.741565 0.136347 0.753996 0.181833
0.741576 0.136733 0.754076 0.182334
0.741586 0.137119 0.754156 0.182835
0.741597 0.137505 0.754237 0.183335
0.741608 0.137890 0.754318 0.183835
0.741618 0.138276 0.754399 0.184335
0.741629 0.138661 0.754480 0.184834
0.741640 0.139046 0.754562 0.185334
0.741651 0.139432 0.754643 0.185833
0.741661 0.139817 0.754725 0.186331
0.741672 0.140202 0.754807 0.186830
0.741683 0.140587 0.754890 0.187328
0.741694 0.140971 0.754972 0.187826
0.741705 0.141356 0.755055 0.188324
0.741716 0.141740 0.755138 0.188821
0.741728 0.142125 0.755221 0.189318
0.741739 0.142509 0.755305 0.189815
0.741750 0.142893 0.755388 0.190312
0.741761 0.143277 0.755472 0.190808
0.741773 0.143661 0.755556 0.191304
0.741784 0.144045 0.755640 0.191800
0.741795 0.144429 0.755725 0.192296
0.741807 0.144812 0.755810 0.192791
0.741818 0.145196 0.755895 0.193286
0.741830 0.145579 0.755980 0.193781
0.741842 0.145962 0.756065 0.194275
0.741853 0.146346 0.756150 0.194769
0.741865 0.146729 0.756236 0.195263
0.741877 0.147112 0.756322 0.195757
0.741889 0.147494 0.756408 0.196250
0.741901 0.147877 0.756495 0.196743
0.741912 0.148260 0.756581 0.197236
0.741924 0.148642 0.756668 0.197729
0.741936 0.149024 0.756755 0.198221
0.741949 0.149407 0.756842 0.198713
0.741961 0.149789 0.756930 0.199205
0.741973 0.150171 0.757017 0.199696
0.741985 0.150553 0.757105 0.200187
0.741997 0.150934 0.757193 0.200678
0.742010 0.151316 0.757281 0.201169
0.742022 0.151697 0.757370 0.201659
0.742034 0.152079 0.757458 0.202149
0.742047 0.152460 0.757547 0.202639
0.742059 0.152841 0.757636 0.203128
0.742072 0.153222 0.757725 0.203617
0.742085 0.153603 0.757815 0.204106
0.742097 0.153984 0.757905 0.204595
0.742110 0.154365 0.757995 0.205083
0.742123 0.154745 0.758085 0.205571
0.742136 0.155126 0.758175 0.206059
0.742149 0.155506 0.758265 0.206546
0.742161 0.155886 0.758356 0.207034
0.742174 0.156266 0.758447 0.207520
0.742187 0.156646 0.758538 0.208007
0.742201 0.157026 0.758630 0.208493
0.742214 0.157405 0.758721 0.208979
0.742227 0.157785 0.758813 0.209465
0.742240 0.158164 0.758905 0.209950
0.742253 0.158544 0.758997 0.210436
0.742267 0.158923 0.759089 0.210920
0.742280 0.159302 0.759182 0.211405
0.742294 0.159681 0.759275 0.211889
0.742307 0.160060 0.759368 0.212373
0.742321 0.160438 0.759461 0.212857
0.742334 0.160817 0.759554 0.213340
0.742348 0.161195 0.759648 0.213823
0.742362 0.161574 0.759741 0.214306
0.742376 0.161952 0.759835 0.214789
0.742389 0.162330 0.759930 0.215271
0.742403 0.162708 0.760024 0.215753
0.742417 0.163086 0.760119 0.216234
0.742431 0.163463 0.760213 0.216716
0.742445 0.163841 0.760308 0.217197
0.742459 0.164218 0.760404 0.217677
0.742473 0.164596 0.760499 0.218158
0.742488 0.164973 0.760595 0.218638
0.742502 0.165350 0.760690 0.219117
0.742516 0.165727 0.760786 0.219597
0.742531 0.166104 0.760883 0.220076
0.742545 0.166480 0.760979 0.220555
0.742560 0.166857 0.761076 0.221034
0.742574 0.167233 0.761172 0.221512
0.742589 0.167610 0.761269 0.221990
0.742603 0.167986 0.761367 0.222468
0.742618 0.168362 0.761464 0.222945
0.742633 0.168738 0.761562 0.223422
0.742648 0.169113 0.761659 0.223899
0.742663 0.169489 0.761757 0.224375
0.742678 0.169864 0.761856 0.224851
0.742693 0.170240 0.761954 0.225327
0.742708 0.170615 0.762053 0.225803
0.742723 0.170990 0.762151 0.226278
0.742738 0.171365 0.762250 0.226753
0.742753 0.171740 0.762350 0.227227
0.742768 0.172115 0.762449 0.227702
0.742784 0.172489 0.762548 0.228176
0.742799 0.172864 0.762648 0.228649
0.742815 0.173238 0.762748 0.229123
0.742830 0.173612 0.762848 0.229596
0.742846 0.173986 0.762949 0.230068
0.742861 0.174360 0.763049 0.230541
0.742877 0.174734 0.763150 0.231013
0.742893 0.175107 0.763251 0.231485
0.742909 0.175481 0.763352 0.231956
0.742924 0.175854 0.763454 0.232427
0.742940 0.176227 0.763555 0.232898
0.742956 0.176600 0.763657 0.233369
0.742972 0.176973 0.763759 0.233839
0.742989 0.177346 0.763861 0.234309
0.743005 0.177719 0.763963 0.234778
0.743021 0.178091 0.764066 0.235248
0.743037 0.178464 0.764169 0.235716
0.743054 0.178836 0.764271 0.236185
0.743070 0.179208 0.764375 0.236653
0.743086 0.179580 0.764478 0.237121
0.743103 0.179952 0.764581 0.237589
0.743120 0.180324 0.764685 0.238056
0.743136 0.180695 0.764789 0.238523
0.743153 0.181067 0.764893 0.238990
0.743170 0.181438 0.764997 0.239456
0.743186 0.181809 0.765102 0.239922
0.743203 0.182180 0.765206 0.240388
0.743220 0.182551 0.765311 0.240854
0.743237 0.182922 0.765416 0.241319
0.743254 0.183292 0.765522 0.241783
0.743272 0.183663 0.765627 0.242248
0.743289 0.184033 0.765733 0.242712
0.743306 0.184403 0.765838 0.243176
0.743323 0.184773 0.765944 0.243639
0.743341 0.185143 0.766051 0.244102
0.743358 0.185513 0.766157 0.244565
0.743376 0.185883 0.766263 0.245028
0.743393 0.186252 0.766370 0.245490
0.743411 0.186621 0.766477 0.245951
0.743429 0.186990 0.766584 0.246413
0.743446 0.187360 0.766692 0.246874
0.743464 0.187728 0.766799 0.247335
0.743482 0.188097 0.766907 0.247795
0.743500 0.188466 0.767015 0.248256
0.743518 0.188834 0.767123 0.248715
0.743536 0.189203 0.767231 0.249175
0.743554 0.189571 0.767340 0.249634
0.743572 0.189939 0.767448 0.250093
0.743591 0.190307 0.767557 0.250551
0.743609 0.190674 0.767666 0.251009
0.743627 0.191042 0.767775 0.251467
0.743646 0.191409 0.767885 0.251925
0.743664 0.191777 0.767994 0.252382
0.743683 0.192144 0.768104 0.252839
0.743702 0.192511 0.768214 0.253295
0.743720 0.192878 0.768324 0.253751
0.743739 0.193245 0.768434 0.254207
0.743758 0.193611 0.768545 0.254663
0.743777 0.193978 0.768656 0.255118
0.743796 0.194344 0.768767 0.255573
0.743815 0.194710 0.768878 0.256027
0.743834 0.195076 0.768989 0.256481
0.743853 0.195442 0.769100 0.256935
0.743873 0.195807 0.769212 0.257388
0.743892 0.196173 0.769324 0.257842
0.743911 0.196538 0.769436 0.258294
0.743931 0.196904 0.769548 0.258747
0.743950 0.197269 0.769660 0.259199
0.743970 0.197634 0.769773 0.259651
0.743990 0.197999 0.769886 0.260102
0.744009 0.198363 0.769999 0.260553
0.744029 0.198728 0.770112 0.261004
0.744049 0.199092 0.770225 0.261454
0.744069 0.199456 0.770338 0.261904
0.744089 0.199820 0.770452 0.262354
0.744109 0.200184 0.770566 0.262803
0.744129 0.200548 0.770680 0.263252
0.744149 0.200912 0.770794 0.263701
0.744170 0.201275 0.770909 0.264149
0.744190 0.201638 0.771023 0.264597
0.744210 0.202001 0.771138 0.265045
0.744231 0.202364 0.771253 0.265492
0.744251 0.202727 0.771368 0.265939
0.744272 0.203090 0.771483 0.266385
0.744293 0.203452 0.771599 0.266832
0.744313 0.203815 0.771714 0.267278
0.744334 0.204177 0.771830 0.267723
0.744355 0.204539 0.771946 0.268168
0.744376 0.204901 0.772062 0.268613
0.744397 0.205263 0.772179 0.269058
0.744418 0.205624 0.772295 0.269502
0.744439 0.205986 0.772412 0.269945
0.744461 0.206347 0.772529 0.270389
0.744482 0.206708 0.772646 0.270832
0.744503 0.207069 0.772763 0.271275
0.744525 0.207430 0.772881 0.271717
0.744546 0.207791 0.772998 0.272159
0.744568 0.208151 0.773116 0.272601
0.744590 0.208512 0.773234 0.273042
0.744611 0.208872 0.773352 0.273483
0.744633 0.209232 0.773470 0.273924
0.744655 0.209592 0.773589 0.274364
0.744677 0.209952 0.773708 0.274804
0.744699 0.210311 0.773827 0.275243
0.744721 0.210671 0.773946 0.275682
0.744743 0.211030 0.774065 0.276121
0.744766 0.211389 0.774184 0.276560
0.744788 0.211748 0.774304 0.276998
0.744810 0.212107 0.774423 0.277436
0.744833 0.212466 0.774543 0.277873
0.744855 0.212824 0.774663 0.278310
0.744878 0.213183 0.774784 0.278747
0.744901 0.213541 0.774904 0.279183
0.744923 0.213899 0.775025 0.279619
0.744946 0.214257 0.775146 0.280055
0.744969 0.214614 0.775266 0.280490
0.744992 0.214972 0.775388 0.280925
0.745015 0.215329 0.775509 0.281359
0.745038 0.215686 0.775630 0.281794
0.745061 0.216044 0.775752 0.282227
0.745085 0.216400 0.775874 0.282661
0.745108 0.216757 0.775996 0.283094
0.745131 0.217114 0.776118 0.283527
0.745155 0.217470 0.776240 0.283959
0.745179 0.217826 0.776363 0.284391
0.745202 0.218183 0.776486 0.284823
0.745226 0.218538 0.776608 0.285254
0.745250 0.218894 0.776732 0.285685
0.745274 0.219250 0.776855 0.286115
0.745298 0.219605 0.776978 0.286546
0.745322 0.219961 0.777102 0.286975
0.745346 0.220316 0.777225 0.287405
0.745370 0.220671 0.777349 0.287834
0.745394 0.221026 0.777473 0.288263
0.745418 0.221380 0.777598 0.288691
0.745443 0.221735 0.777722 0.289119
0.745467 0.222089 0.777846 0.289547
0.745492 0.222443 0.777971 0.289974
0.745517 0.222797 0.778096 0.290401
0.745541 0.223151 0.778221 0.290827
0.745566 0.223505 0.778346 0.291253
0.745591 0.223858 0.778472 0.291679
0.745616 0.224211 0.778597 0.292105
0.745641 0.224565 0.778723 0.292530
0.745666 0.224918 0.778849 0.292954
0.745691 0.225270 0.778975 0.293379
0.745717 0.225623 0.779101 0.293803
0.745742 0.225976 0.779228 0.294226
0.745767 0.226328 0.779354 0.294649
0.745793 0.226680 0.779481 0.295072
0.745818 0.227032 0.779608 0.295495
0.745844 0.227384 0.779735 0.295917
0.745870 0.227736 0.779862 0.296338
0.745896 0.228087 0.779990 0.296760
0.745922 0.228438 0.780117 0.297181
0.745948 0.228790 0.780245 0.297601
0.745974 0.229141 0.780373 0.298022
0.746000 0.229491 0.780501 0.298441
0.746026 0.229842 0.780629 0.298861
0.746052 0.230193 0.780758 0.299280
0.746079 0.230543 0.780886 0.299699
0.746105 0.230893 0.781015 0.300117
0.746132 0.231243 0.781144 0.300535
0.746158 0.231593 0.781273 0.300953
0.746185 0.231943 0.781402 0.301370
0.746212 0.232292 0.781532 0.301787
0.746239 0.232641 0.781661 0.302203
0.746266 0.232991 0.781791 0.302619
0.746293 0.233340 0.781921 0.303035
0.746320 0.233688 0.782051 0.303451
0.746347 0.234037 0.782181 0.303866
0.746374 0.234386 0.782311 0.304280
0.746401 0.234734 0.782442 0.304694
0.746429 0.235082 0.782572 0.305108
0.746456 0.235430 0.782703 0.305522
0.746484 0.235778 0.782834 0.305935
0.746512 0.236125 0.782965 0.306348
0.746539 0.236473 0.783097 0.306760
0.746567 0.236820 0.783228 0.307172
0.746595 0.237167 0.783360 0.307583
0.746623 0.237514 0.783492 0.307995
0.746651 0.237861 0.783624 0.308405
0.746680 0.238207 0.783756 0.308816
0.746708 0.238554 0.783888 0.309226
0.746736 0.238900 0.784020 0.309636
0.746765 0.239246 0.784153 0.310045
0.746793 0.239592 0.784286 0.310454
0.746822 0.239938 0.784419 0.310862
0.746850 0.240283 0.784552 0.311271
0.746879 0.240629 0.784685 0.311678
0.746908 0.240974 0.784818 0.312086
0.746937 0.241319 0.784952 0.312493
0.746966 0.241664 0.785086 0.312899
0.746995 0.242009 0.785220 0.313306
0.747024 0.242353 0.785354 0.313711
0.747054 0.242697 0.785488 0.314117
0.747083 0.243042 0.785622 0.314522
0.747112 0.243386 0.785757 0.314927
0.747142 0.243729 0.785891 0.315331
0.747171 0.244073 0.786026 0.315735
0.747201 0.244416 0.786161 0.316139
0.747231 0.244760 0.786296 0.316542
0.747261 0.245103 0.786431 0.316945
0.747291 0.245446 0.786567 0.317347
0.747321 0.245789 0.786702 0.317749
0.747351 0.246131 0.786838 0.318151
0.747381 0.246474 0.786974 0.318552
0.747412 0.246816 0.787110 0.318953
0.747442 0.247158 0.787246 0.319353
0.747472 0.247500 0.787382 0.319753
0.747503 0.247841 0.787519 0.320153
0.747534 0.248183 0.787656 0.320552
0.747564 0.248524 0.787792 0.320951
0.747595 0.248865 0.787929 0.321350
0.747626 0.249206 0.788066 0.321748
0.747657 0.249547 0.788204 0.322146
0.747688 0.249888 0.788341 0.322543
0.747719 0.250228 0.788479 0.322940
0.747751 0.250569 0.788616 0.323337
0.747782 0.250909 0.788754 0.323733
0.747814 0.251249 0.788892 0.324129
0.747845 0.251588 0.789030 0.324524
0.747877 0.251928 0.789169 0.324919
0.747908 0.252267 0.789307 0.325314
0.747940 0.252607 0.789446 0.325708
0.747972 0.252946 0.789585 0.326102
0.748004 0.253284 0.789723 0.326495
0.748036 0.253623 0.789863 0.326888
0.748068 0.253962 0.790002 0.327281
0.748101 0.254300 0.790141 0.327673
0.748133 0.254638 0.790281 0.328065
0.748165 0.254976 0.790420 0.328457
0.748198 0.255314 0.790560 0.328848
0.748231 0.255651 0.790700 0.329239
0.748263 0.255989 0.790840 0.329629
0.748296 0.256326 0.790980 0.330019
0.748329 0.256663 0.791121 0.330408
0.748362 0.257000 0.791261 0.330798
0.748395 0.257336 0.791402 0.331186
0.748428 0.257673 0.791543 0.331575
0.748461 0.258009 0.791684 0.331963
0.748495 0.258345 0.791825 0.332350
0.748528 0.258681 0.791966 0.332738
0.748562 0.259017 0.792108 0.333124
0.748595 0.259353 0.792249 0.333511
0.748629 0.259688 0.792391 0.333897
0.748663 0.260023 0.792533 0.334282
0.748697 0.260358 0.792675 0.334668
0.748731 0.260693 0.792817 0.335053
0.748765 0.261028 0.792959 0.335437
0.748799 0.261362 0.793102 0.335821
0.748833 0.261696 0.793244 0.336205
0.748868 0.262031 0.793387 0.336588
0.748902 0.262365 0.793530 0.336971
0.748937 0.262698 0.793673 0.337353
0.748971 0.263032 0.793816 0.337735
0.749006 0.263365 0.793959 0.338117
0.749041 0.263698 0.794103 0.338498
0.749076 0.264031 0.794246 0.338879
0.749111 0.264364 0.794390 0.339260
0.749146 0.264697 0.794534 0.339640
0.749181 0.265029 0.794678 0.340019
0.749216 0.265362 0.794822 0.340399
0.749252 0.265694 0.794966 0.340777
0.749287 0.266025 0.795111 0.341156
0.749323 0.266357 0.795255 0.341534
0.749359 0.266689 0.795400 0.341912
0.749394 0.267020 0.795545 0.342289
0.749430 0.267351 0.795690 0.342666
0.749466 0.267682 0.795835 0.343042
0.749502 0.268013 0.795980 0.343419
0.749538 0.268343 0.796126 0.343794
0.749575 0.268674 0.796271 0.344169
0.749611 0.269004 0.796417 0.344544
0.749647 0.269334 0.796563 0.344919
0.749684 0.269664 0.796709 0.345293
0.749721 0.269994 0.796855 0.345667
0.749757 0.270323 0.797001 0.346040
0.749794 0.270652 0.797147 0.346413
0.749831 0.270981 0.797294 0.346785
0.749868 0.271310 0.797441 0.347157
0.749905 0.271639 0.797587 0.347529
0.749942 0.271967 0.797734 0.347900
0.749980 0.272296 0.797881 0.348271
0.750017 0.272624 0.798029 0.348642
0.750055 0.272952 0.798176 0.349012
0.750092 0.273280 0.798323 0.349382
0.750130 0.273607 0.798471 0.349751
0.750168 0.273934 0.798619 0.350120
0.750206 0.274262 0.798767 0.350488
0.750244 0.274589 0.798915 0.350856
0.750282 0.274915 0.799063 0.351224
0.750320 0.275242 0.799211 0.351591
0.750358 0.275569 0.799359 0.351958
0.750397 0.275895 0.799508 0.352325
0.750435 0.276221 0.799657 0.352691
0.750474 0.276547 0.799805 0.353056
0.750512 0.276872 0.799954 0.353422
0.750551 0.277198 0.800104 0.353787
0.750590 0.277523 0.800253 0.354151
0.750629 0.277848 0.800402 0.354515
0.750668 0.278173 0.800552 0.354879
0.750707 0.278498 0.800701 0.355242
0.750747 0.278822 0.800851 0.355605
0.750786 0.279147 0.801001 0.355967
0.750825 0.279471 0.801151 0.356329
0.750865 0.279795 0.801301 0.356691
0.750905 0.280118 0.801451 0.357052
0.750944 0.280442 0.801602 0.357413
0.750984 0.280765 0.801752 0.357773
0.751024 0.281088 0.801903 0.358133
0.751064 0.281411 0.802054 0.358493
0.751105 0.281734 0.802205 0.358852
0.751145 0.282057 0.802356 0.359211
0.751185 0.282379 0.802507 0.359569
0.751226 0.282701 0.802658 0.359927
0.751266 0.283023 0.802810 0.360285
0.751307 0.283345 0.802961 0.360642
0.751348 0.283667 0.803113 0.360999
0.751389 0.283988 0.803265 0.361355
0.751430 0.284309 0.803417 0.361711
0.751471 0.284630 0.803569 0.362067
0.751512 0.284951 0.803721 0.362422
0.751553 0.285272 0.803873 0.362777
0.751595 0.285592 0.804026 0.363131
0.751636 0.285913 0.804179 0.363485
0.751678 0.286233 0.804331 0.363839
0.751720 0.286553 0.804484 0.364192
0.751761 0.286872 0.804637 0.364544
0.751803 0.287192 0.804790 0.364897
0.751845 0.287511 0.804943 0.365249
0.751887 0.287830 0.805097 0.365600
0.751930 0.288149 0.805250 0.365951
0.751972 0.288468 0.805404 0.366302
0.752014 0.288786 0.805558 0.366652
0.752057 0.289104 0.805712 0.367002
0.752100 0.289422 0.805866 0.367351
0.752142 0.289740 0.806020 0.367701
0.752185 0.290058 0.806174 0.368049
0.752228 0.290376 0.806328 0.368397
0.752271 0.290693 0.806483 0.368745
0.752314 0.291010 0.806637 0.369093
0.752358 0.291327 0.806792 0.369440
0.752401 0.291644 0.806947 0.369786
0.752445 0.291960 0.807102 0.370132
0.752488 0.292277 0.807257 0.370478
0.752532 0.292593 0.807412 0.370824
0.752576 0.292909 0.807568 0.371169
0.752619 0.293224 0.807723 0.371513
0.752663 0.293540 0.807879 0.371857
0.752708 0.293855 0.808034 0.372201
0.752752 0.294170 0.808190 0.372544
0.752796 0.294485 0.808346 0.372887
0.752841 0.294800 0.808502 0.373230
0.752885 0.295114 0.808658 0.373572
0.752930 0.295429 0.808815 0.373914
0.752974 0.295743 0.808971 0.374255
0.753019 0.296057 0.809128 0.374596
0.753064 0.296371 0.809284 0.374936
0.753109 0.296684 0.809441 0.375276
0.753154 0.296998 0.809598 0.375616
0.753200 0.297311 0.809755 0.375955
0.753245 0.297624 0.809912 0.376294
0.753291 0.297936 0.810070 0.376632
0.753336 0.298249 0.810227 0.376970
0.753382 0.298561 0.810385 0.377308
0.753428 0.298873 0.810542 0.377645
0.753474 0.299185 0.810700 0.377982
0.753520 0.299497 0.810858 0.378318
0.753566 0.299809 0.811016 0.378654
0.753612 0.300120 0.811174 0.378990
0.753658 0.300431 0.811332 0.379325
0.753705 0.300742 0.811490 0.379660
0.753751 0.301053 0.811649 0.379994
0.753798 0.301363 0.811808 0.380328
0.753845 0.301674 0.811966 0.380661
0.753892 0.301984 0.812125 0.380995
0.753939 0.302294 0.812284 0.381327
0.753986 0.302603 0.812443 0.381660
0.754033 0.302913 0.812602 0.381991
0.754080 0.303222 0.812761 0.382323
0.754128 0.303531 0.812921 0.382654
0.754175 0.303840 0.813080 0.382984
0.754223 0.304149 0.813240 0.383315
0.754271 0.304457 0.813400 0.383644
0.754319 0.304766 0.813559 0.383974
0.754367 0.305074 0.813719 0.384303
0.754415 0.305382 0.813879 0.384631
0.754463 0.305690 0.814040 0.384960
0.754511 0.305997 0.814200 0.385287
0.754560 0.306304 0.814360 0.385615
0.754608 0.306611 0.814521 0.385942
0.754657 0.306918 0.814681 0.386268
0.754706 0.307225 0.814842 0.386594
0.754755 0.307531 0.815003 0.386920
0.754804 0.307838 0.815164 0.387245
0.754853 0.308144 0.815325 0.387570
0.754902 0.308450 0.815486 0.387894
0.754951 0.308755 0.815648 0.388218
0.755001 0.309061 0.815809 0.388542
0.755050 0.309366 0.815971 0.388865
0.755100 0.309671 0.816132 0.389188
0.755149 0.309976 0.816294 0.389510
0.755199 0.310281 0.816456 0.389832
0.755249 0.310585 0.816618 0.390154
0.755299 0.310889 0.816780 0.390475
0.755350 0.311193 0.816942 0.390796
0.755400 0.311497 0.817104 0.391116
0.755450 0.311801 0.817267 0.391436
0.755501 0.312104 0.817429 0.391756
0.755552 0.312407 0.817592 0.392075
0.755602 0.312710 0.817755 0.392393
0.755653 0.313013 0.817917 0.392712
0.755704 0.313316 0.818080 0.393030
0.755755 0.313618 0.818243 0.393347
0.755806 0.313920 0.818407 0.393664
0.755858 0.314222 0.818570 0.393981
0.755909 0.314524 0.818733 0.394297
0.755961 0.314825 0.818897 0.394613
0.756012 0.315127 0.819060 0.394928
0.756064 0.315428 0.819224 0.395243
0.756116 0.315729 0.819388 0.395558
0.756168 0.316030 0.819552 0.395872
0.756220 0.316330 0.819716 0.396186
0.756272 0.316630 0.819880 0.396499
0.756325 0.316930 0.820044 0.396812
0.756377 0.317230 0.820208 0.397124
0.756430 0.317530 0.820373 0.397436
0.756483 0.317829 0.820537 0.397748
0.756535 0.318129 0.820702 0.398059
0.756588 0.318428 0.820867 0.398370
0.756641 0.318727 0.821031 0.398681
0.756694 0.319025 0.821196 0.398991
0.756748 0.319324 0.821361 0.399300
0.756801 0.319622 0.821527 0.399609
0.756855 0.319920 0.821692 0.399918
0.756908 0.320218 0.821857 0.400227
0.756962 0.320515 0.822023 0.400535
0.757016 0.320813 0.822188 0.400842
0.757070 0.321110 0.822354 0.401149
0.757124 0.321407 0.822520 0.401456
0.757178 0.321704 0.822686 0.401762
0.757232 0.322000 0.822852 0.402068
0.757287 0.322297 0.823018 0.402374
0.757341 0.322593 0.823184 0.402679
0.757396 0.322889 0.823350 0.402983
0.757451 0.323184 0.823517 0.403288
0.757505 0.323480 0.823683 0.403591
0.757560 0.323775 0.823850 0.403895
0.757616 0.324070 0.824016 0.404198
0.757671 0.324365 0.824183 0.404500
0.757726 0.324660 0.824350 0.404803
0.757782 0.324954 0.824517 0.405104
0.757837 0.325248 0.824684 0.405406
0.757893 0.325543 0.824851 0.405707
0.757949 0.325836 0.825018 0.406007
0.758005 0.326130 0.825186 0.406307
0.758061 0.326423 0.825353 0.406607
0.758117 0.326717 0.825521 0.406906
0.758173 0.327010 0.825689 0.407205
0.758229 0.327302 0.825856 0.407504
0.758286 0.327595 0.826024 0.407802
0.758343 0.327887 0.826192 0.408099
0.758399 0.328179 0.826360 0.408397
0.758456 0.328471 0.826528 0.408693
0.758513 0.328763 0.826697 0.408990
0.758570 0.329054 0.826865 0.409286
0.758628 0.329346 0.827033 0.409581
0.758685 0.329637 0.827202 0.409877
0.758742 0.329928 0.827371 0.410171
0.758800 0.330218 0.827539 0.410466
0.758858 0.330509 0.827708 0.410760
0.758915 0.330799 0.827877 0.411053
0.758973 0.331089 0.828046 0.411346
0.759031 0.331379 0.828215 0.411639
0.759090 0.331668 0.828385 0.411931
0.759148 0.331958 0.828554 0.412223
0.759206 0.332247 0.828723 0.412515
0.759265 0.332536 0.828893 0.412806
0.759323 0.332825 0.829062 0.413096
0.759382 0.333113 0.829232 0.413386
0.759441 0.333401 0.829402 0.413676
0.759500 0.333690 0.829572 0.413966
0.759559 0.333977 0.829742 0.414255
0.759618 0.334265 0.829912 0.414543
0.759678 0.334553 0.830082 0.414831
0.759737 0.334840 0.830252 0.415119
0.759797 0.335127 0.830422 0.415406
0.759857 0.335414 0.830593 0.415693
0.759916 0.335700 0.830763 0.415980
0.759976 0.335987 0.830934 0.416266
0.760036 0.336273 0.831105 0.416552
0.760097 0.336559 0.831275 0.416837
0.760157 0.336844 0.831446 0.417122
0.760217 0.337130 0.831617 0.417406
0.760278 0.337415 0.831788 0.417690
0.760339 0.337700 0.831959 0.417974
0.760400 0.337985 0.832131 0.418257
0.760460 0.338270 0.832302 0.418540
0.760521 0.338554 0.832473 0.418822
0.760583 0.338839 0.832645 0.419104
0.760644 0.339123 0.832817 0.419386
0.760705 0.339406 0.832988 0.419667
0.760767 0.339690 0.833160 0.419948
0.760829 0.339973 0.833332 0.420228
0.760890 0.340257 0.833504 0.420508
0.760952 0.340540 0.833676 0.420788
0.761014 0.340822 0.833848 0.421067
0.761076 0.341105 0.834020 0.421345
0.761139 0.341387 0.834193 0.421624
0.761201 0.341669 0.834365 0.421902
0.761264 0.341951 0.834537 0.422179
0.761326 0.342233 0.834710 0.422456
0.761389 0.342514 0.834883 0.422733
0.761452 0.342795 0.835055 0.423009
0.761515 0.343076 0.835228 0.423285
0.761578 0.343357 0.835401 0.423560
0.761641 0.343638 0.835574 0.423835
0.761705 0.343918 0.835747 0.424110
0.761768 0.344198 0.835920 0.424384
0.761832 0.344478 0.836094 0.424658
0.761895 0.344758 0.836267 0.424931
0.761959 0.345037 0.836440 0.425204
0.762023 0.345316 0.836614 0.425477
0.762087 0.345595 0.836787 0.425749
0.762151 0.345874 0.836961 0.426020
0.762216 0.346153 0.837135 0.426292
0.762280 0.346431 0.837309 0.426563
0.762345 0.346709 0.837483 0.426833
0.762410 0.346987 0.837657 0.427103
0.762474 0.347265 0.837831 0.427373
0.762539 0.347543 0.838005 0.427642
0.762605 0.347820 0.838179 0.427911
0.762670 0.348097 0.838354 0.428179
0.762735 0.348374 0.838528 0.428447
0.762801 0.348651 0.838702 0.428715
0.762866 0.348927 0.838877 0.428982
0.762932 0.349203 0.839052 0.429249
0.762998 0.349479 0.839226 0.429515
0.763064 0.349755 0.839401 0.429781
0.763130 0.350031 0.839576 0.430047
0.763196 0.350306 0.839751 0.430312
0.763262 0.350581 0.839926 0.430577
0.763329 0.350856 0.840101 0.430841
0.763395 0.351131 0.840277 0.431105
0.763462 0.351405 0.840452 0.431368
0.763529 0.351679 0.840627 0.431632
0.763596 0.351953 0.840803 0.431894
0.763663 0.352227 0.840978 0.432157
0.763730 0.352501 0.841154 0.432418
0.763797 0.352774 0.841330 0.432680
0.763865 0.353047 0.841506 0.432941
0.763932 0.353320 0.841681 0.433202
0.764000 0.353593 0.841857 0.433462
0.764068 0.353865 0.842033 0.433722
0.764136 0.354138 0.842210 0.433981
0.764204 0.354410 0.842386 0.434240
0.764272 0.354681 0.842562 0.434499
0.764340 0.354953 0.842738 0.434757
0.764409 0.355224 0.842915 0.435015
0.764478 0.355496 0.843091 0.435272
0.764546 0.355766 0.843268 0.435529
0.764615 0.356037 0.843445 0.435786
0.764684 0.356308 0.843621 0.436042
0.764753 0.356578 0.843798 0.436298
0.764822 0.356848 0.843975 0.436553
0.764892 0.357118 0.844152 0.436808
0.764961 0.357387 0.844329 0.437062
0.765031 0.357657 0.844506 0.437317
0.765100 0.357926 0.844683 0.437570
0.765170 0.358195 0.844860 0.437824
0.765240 0.358464 0.845038 0.438077
0.765310 0.358732 0.845215 0.438329
0.765381 0.359000 0.845393 0.438581
0.765451 0.359269 0.845570 0.438833
0.765521 0.359536 0.845748 0.439084
0.765592 0.359804 0.845926 0.439335
0.765663 0.360071 0.846103 0.439585
0.765734 0.360339 0.846281 0.439835
0.765805 0.360606 0.846459 0.440085
0.765876 0.360872 0.846637 0.440334
0.765947 0.361139 0.846815 0.440583
0.766018 0.361405 0.846993 0.440832
0.766090 0.361671 0.847172 0.441080
0.766161 0.361937 0.847350 0.441327
0.766233 0.362203 0.847528 0.441575
0.766305 0.362468 0.847707 0.441821
0.766377 0.362733 0.847885 0.442068
0.766449 0.362998 0.848064 0.442314
0.766521 0.363263 0.848242 0.442559
0.766594 0.363527 0.848421 0.442805
0.766666 0.363792 0.848600 0.443049
0.766739 0.364056 0.848779 0.443294
0.766812 0.364320 0.848958 0.443538
0.766885 0.364583 0.849137 0.443781
0.766958 0.364847 0.849316 0.444024
0.767031 0.365110 0.849495 0.444267
0.767104 0.365373 0.849674 0.444509
0.767178 0.365635 0.849853 0.444751
0.767251 0.365898 0.850033 0.444993
0.767325 0.366160 0.850212 0.445234
0.767399 0.366422 0.850392 0.445475
0.767473 0.366684 0.850571 0.445715
0.767547 0.366946 0.850751 0.445955
0.767621 0.367207 0.850931 0.446195
0.767695 0.367468 0.851110 0.446434
0.767770 0.367729 0.851290 0.446672
0.767844 0.367990 0.851470 0.446911
0.767919 0.368250 0.851650 0.447149
0.767994 0.368511 0.851830 0.447386
0.768069 0.368771 0.852010 0.447623
0.768144 0.369030 0.852190 0.447860
0.768219 0.369290 0.852371 0.448096
0.768294 0.369549 0.852551 0.448332
0.768370 0.369808 0.852731 0.448568
0.768445 0.370067 0.852912 0.448803
0.768521 0.370326 0.853092 0.449037
0.768597 0.370585 0.853273 0.449272
0.768673 0.370843 0.853453 0.449506
0.768749 0.371101 0.853634 0.449739
0.768825 0.371359 0.853815 0.449972
0.768902 0.371616 0.853996 0.450205
0.768978 0.371873 0.854177 0.450437
0.769055 0.372131 0.854357 0.450669
0.769132 0.372387 0.854538 0.450900
0.769209 0.372644 0.854720 0.451131
0.769286 0.372901 0.854901 0.451362
0.769363 0.373157 0.855082 0.451592
0.769440 0.373413 0.855263 0.451822
0.769518 0.373668 0.855445 0.452052
0.769595 0.373924 0.855626 0.452281
0.769673 0.374179 0.855807 0.452509
0.769751 0.374434 0.855989 0.452738
0.769829 0.374689 0.856171 0.452965
0.769907 0.374944 0.856352 0.453193
0.769985 0.375198 0.856534 0.453420
0.770063 0.375452 0.856716 0.453647
0.770142 0.375706 0.856898 0.453873
0.770220 0.375960 0.857080 0.454099
0.770299 0.376214 0.857261 0.454324
0.770378 0.376467 0.857444 0.454549
0.770457 0.376720 0.857626 0.454774
0.770536 0.376973 0.857808 0.454998
0.770615 0.377225 0.857990 0.455222
0.770695 0.377478 0.858172 0.455445
0.770774 0.377730 0.858355 0.455668
0.770854 0.377982 0.858537 0.455891
0.770934 0.378233 0.858719 0.456113
0.771013 0.378485 0.858902 0.456335
0.771094 0.378736 0.859085 0.456557
0.771174 0.378987 0.859267 0.456778
0.771254 0.379238 0.859450 0.456998
0.771334 0.379488 0.859633 0.457219
0.771415 0.379739 0.859815 0.457439
0.771496 0.379989 0.859998 0.457658
0.771577 0.380239 0.860181 0.457877
0.771658 0.380488 0.860364 0.458096
0.771739 0.380738 0.860547 0.458314
0.771820 0.380987 0.860730 0.458532
0.771901 0.381236 0.860914 0.458749
0.771983 0.381485 0.861097 0.458966
0.772064 0.381733 0.861280 0.459183
0.772146 0.381981 0.861463 0.459399
0.772228 0.382229 0.861647 0.459615
0.772310 0.382477 0.861830 0.459831
0.772392 0.382725 0.862014 0.460046
0.772474 0.382972 0.862197 0.460261
0.772557 0.383219 0.862381 0.460475
0.772639 0.383466 0.862565 0.460689
0.772722 0.383713 0.862748 0.460902
0.772805 0.383959 0.862932 0.461115
0.772888 0.384206 0.863116 0.461328
0.772971 0.384451 0.863300 0.461540
0.773054 0.384697 0.863484 0.461752
0.773137 0.384943 0.863668 0.461964
0.773221 0.385188 0.863852 0.462175
0.773304 0.385433 0.864036 0.462386
0.773388 0.385678 0.864220 0.462596
0.773472 0.385923 0.864405 0.462806
0.773556 0.386167 0.864589 0.463015
0.773640 0.386411 0.864773 0.463225
0.773724 0.386655 0.864958 0.463433
0.773809 0.386899 0.865142 0.463642
0.773893 0.387142 0.865327 0.463850
0.773978 0.387385 0.865511 0.464057
0.774063 0.387628 0.865696 0.464264
0.774148 0.387871 0.865880 0.464471
0.774233 0.388114 0.866065 0.464678
0.774318 0.388356 0.866250 0.464884
0.774403 0.388598 0.866435 0.465089
0.774489 0.388840 0.866620 0.465294
0.774574 0.389082 0.866805 0.465499
0.774660 0.389323 0.866990 0.465704
0.774746 0.389564 0.867175 0.465908
0.774832 0.389805 0.867360 0.466111
0.774918 0.390046 0.867545 0.466315
0.775004 0.390286 0.867730 0.466517
0.775091 0.390527 0.867915 0.466720
0.775177 0.390767 0.868101 0.466922
0.775264 0.391006 0.868286 0.467124
0.775351 0.391246 0.868471 0.467325
0.775438 0.391485 0.868657 0.467526
0.775525 0.391724 0.868842 0.467726
0.775612 0.391963 0.869028 0.467926
0.775699 0.392202 0.869213 0.468126
0.775787 0.392440 0.869399 0.468325
0.775874 0.392679 0.869585 0.468524
0.775962 0.392916 0.869770 0.468723
0.776050 0.393154 0.869956 0.468921
0.776138 0.393392 0.870142 0.469119
0.776226 0.393629 0.870328 0.469316
0.776314 0.393866 0.870514 0.469513
0.776403 0.394103 0.870700 0.469710
0.776491 0.394339 0.870886 0.469906
0.776580 0.394576 0.871072 0.470102
0.776669 0.394812 0.871258 0.470297
0.776758 0.395048 0.871444 0.470492
0.776847 0.395283 0.871631 0.470687
0.776936 0.395519 0.871817 0.470881
0.777025 0.395754 0.872003 0.471075
0.777115 0.395989 0.872190 0.471268
0.777204 0.396223 0.872376 0.471462
0.777294 0.396458 0.872562 0.471654
0.777384 0.396692 0.872749 0.471847
0.777474 0.396926 0.872935 0.472038
0.777564 0.397160 0.873122 0.472230
0.777655 0.397393 0.873309 0.472421
0.777745 0.397627 0.873495 0.472612
0.777835 0.397860 0.873682 0.472802
0.777926 0.398093 0.873869 0.472992
0.778017 0.398325 0.874056 0.473182
0.778108 0.398558 0.874243 0.473371
0.778199 0.398790 0.874430 0.473560
0.778290 0.399022 0.874617 0.473748
0.778382 0.399254 0.874804 0.473936
0.778473 0.399485 0.874991 0.474124
0.778565 0.399716 0.875178 0.474311
0.778656 0.399947 0.875365 0.474498
0.778748 0.400178 0.875552 0.474685
0.778840 0.400408 0.875739 0.474871
0.778933 0.400639 0.875927 0.475056
0.779025 0.400869 0.876114 0.475242
0.779117 0.401099 0.876301 0.475427
0.779210 0.401328 0.876489 0.475611
0.779302 0.401558 0.876676 0.475795
0.779395 0.401787 0.876864 0.475979
0.779488 0.402016 0.877051 0.476163
0.779581 0.402244 0.877239 0.476346
0.779675 0.402473 0.877426 0.476528
0.779768 0.402701 0.877614 0.476710
0.779862 0.402929 0.877802 0.476892
0.779955 0.403157 0.877989 0.477074
0.780049 0.403384 0.878177 0.477255
0.780143 0.403611 0.878365 0.477436
0.780237 0.403838 0.878553 0.477616
0.780331 0.404065 0.878741 0.477796
0.780425 0.404292 0.878929 0.477975
0.780520 0.404518 0.879117 0.478155
0.780614 0.404744 0.879305 0.478333
0.780709 0.404970 0.879493 0.478512
0.780804 0.405196 0.879681 0.478690
0.780899 0.405421 0.879869 0.478868
0.780994 0.405646 0.880057 0.479045
0.781089 0.405871 0.880246 0.479222
0.781185 0.406096 0.880434 0.479398
0.781280 0.406320 0.880622 0.479574
0.781376 0.406545 0.880810 0.479750
0.781472 0.406769 0.880999 0.479925
0.781568 0.406992 0.881187 0.480100
0.781664 0.407216 0.881376 0.480275
0.781760 0.407439 0.881564 0.480449
0.781856 0.407662 0.881753 0.480623
0.781953 0.407885 0.881941 0.480796
0.782050 0.408108 0.882130 0.480970
0.782146 0.408330 0.882319 0.481142
0.782243 0.408552 0.882507 0.481315
0.782340 0.408774 0.882696 0.481486
0.782437 0.408996 0.882885 0.481658
0.782535 0.409217 0.883074 0.481829
0.782632 0.409438 0.883263 0.482000
0.782730 0.409659 0.883451 0.482170
0.782827 0.409880 0.883640 0.482340
0.782925 0.410100 0.883829 0.482510
0.783023 0.410321 0.884018 0.482679
0.783121 0.410541 0.884207 0.482848
0.783219 0.410760 0.884396 0.483017
0.783318 0.410980 0.884585 0.483185
0.783416 0.411199 0.884775 0.483353
0.783515 0.411418 0.884964 0.483520
0.783614 0.411637 0.885153 0.483687
0.783713 0.411856 0.885342 0.483854
0.783812 0.412074 0.885532 0.484020
0.783911 0.412292 0.885721 0.484186
0.784010 0.412510 0.885910 0.484351
0.784110 0.412728 0.886100 0.484516
0.784209 0.412945 0.886289 0.484681
0.784309 0.413162 0.886478 0.484845
0.784409 0.413379 0.886668 0.485009
0.784509 0.413596 0.886857 0.485173
0.784609 0.413813 0.887047 0.485336
0.784709 0.414029 0.887237 0.485499
0.784810 0.414245 0.887426 0.485662
0.784910 0.414461 0.887616 0.485824
0.785011 0.414676 0.887806 0.485985
0.785112 0.414891 0.887995 0.486147
0.785213 0.415107 0.888185 0.486308
0.785314 0.415321 0.888375 0.486468
0.785415 0.415536 0.888565 0.486629
0.785517 0.415750 0.888754 0.486788
0.785618 0.415964 0.888944 0.486948
0.785720 0.416178 0.889134 0.487107
0.785821 0.416392 0.889324 0.487266
0.785923 0.416605 0.889514 0.487424
0.786025 0.416819 0.889704 0.487582
0.786128 0.417031 0.889894 0.487740
0.786230 0.417244 0.890084 0.487897
0.786332 0.417457 0.890274 0.488054
0.786435 0.417669 0.890465 0.488210
0.786538 0.417881 0.890655 0.488366
0.786640 0.418093 0.890845 0.488522
0.786743 0.418304 0.891035 0.488678
0.786847 0.418515 0.891225 0.488833
0.786950 0.418726 0.891416 0.488987
0.787053 0.418937 0.891606 0.489141
0.787157 0.419148 0.891796 0.489295
0.787261 0.419358 0.891987 0.489449
0.787364 0.419568 0.892177 0.489602
0.787468 0.419778 0.892368 0.489755
0.787572 0.419988 0.892558 0.489907
0.787677 0.420197 0.892749 0.490059
0.787781 0.420406 0.892939 0.490211
0.787885 0.420615 0.893130 0.490362
0.787990 0.420824 0.893320 0.490513
0.788095 0.421032 0.893511 0.490664
0.788200 0.421241 0.893702 0.490814
0.788305 0.421449 0.893892 0.490964
0.788410 0.421656 0.894083 0.491113
0.788515 0.421864 0.894274 0.491262
0.788621 0.422071 0.894464 0.491411
0.788726 0.422278 0.894655 0.491559
0.788832 0.422485 0.894846 0.491707
0.788938 0.422691 0.895037 0.491855
0.789044 0.422898 0.895228 0.492002
0.789150 0.423104 0.895419 0.492149
0.789256 0.423310 0.895609 0.492295
0.789363 0.423515 0.895800 0.492441
0.789469 0.423720 0.895991 0.492587
0.789576 0.423926 0.896182 0.492732
0.789683 0.424130 0.896373 0.492877
0.789789 0.424335 0.896564 0.493022
0.789897 0.424540 0.896755 0.493166
0.790004 0.424744 0.896947 0.493310
0.790111 0.424948 0.897138 0.493454
0.790219 0.425151 0.897329 0.493597
0.790326 0.425355 0.897520 0.493740
0.790434 0.425558 0.897711 0.493882
0.790542 0.425761 0.897902 0.494024
0.790650 0.425964 0.898094 0.494166
0.790758 0.426166 0.898285 0.494307
0.790866 0.426368 0.898476 0.494448
0.790975 0.426570 0.898668 0.494589
0.791083 0.426772 0.898859 0.494729
0.791192 0.426974 0.899050 0.494869
0.791301 0.427175 0.899242 0.495009
0.791410 0.427376 0.899433 0.495148
0.791519 0.427577 0.899625 0.495287
0.791628 0.427778 0.899816 0.495425
0.791738 0.427978 0.900007 0.495563
0.791847 0.428178 0.900199 0.495701
0.791957 0.428378 0.900391 0.495838
0.792067 0.428578 0.900582 0.495975
0.792176 0.428777 0.900774 0.496112
0.792287 0.428976 0.900965 0.496248
0.792397 0.429175 0.901157 0.496384
0.792507 0.429374 0.901349 0.496519
0.792618 0.429572 0.901540 0.496655
0.792728 0.429770 0.901732 0.496789
0.792839 0.429968 0.901924 0.496924
0.792950 0.430166 0.902115 0.497058
0.793061 0.430363 0.902307 0.497192
0.793172 0.430561 0.902499 0.497325
0.793283 0.430758 0.902691 0.497458
0.793395 0.430954 0.902882 0.497591
0.793506 0.431151 0.903074 0.497723
0.793618 0.431347 0.903266 0.497855
0.793730 0.431543 0.903458 0.497986
0.793842 0.431739 0.903650 0.498117
0.793954 0.431935 0.903842 0.498248
0.794066 0.432130 0.904034 0.498379
0.794178 0.432325 0.904226 0.498509
0.794291 0.432520 0.904418 0.498639
0.794403 0.432715 0.904610 0.498768
0.794516 0.432909 0.904802 0.498897
0.794629 0.433103 0.904994 0.499026
0.794742 0.433297 0.905186 0.499154
0.794855 0.433491 0.905378 0.499282
0.794969 0.433684 0.905570 0.499410
0.795082 0.433877 0.905762 0.499537
0.795196 0.434070 0.905954 0.499664
0.795309 0.434263 0.906146 0.499790
0.795423 0.434455 0.906339 0.499916
0.795537 0.434648 0.906531 0.500042
0.795651 0.434840 0.906723 0.500168
0.795766 0.435031 0.906915 0.500293
0.795880 0.435223 0.907108 0.500417
0.795995 0.435414 0.907300 0.500542
0.796109 0.435605 0.907492 0.500666
0.796224 0.435796 0.907684 0.500789
0.796339 0.435986 0.907877 0.500913
0.796454 0.436177 0.908069 0.501036
0.796569 0.436367 0.908261 0.501158
0.796685 0.436556 0.908454 0.501281
0.796800 0.436746 0.908646 0.501402
0.796916 0.436935 0.908839 0.501524
0.797032 0.437124 0.909031 0.501645
0.797148 0.437313 0.909223 0.501766
0.797264 0.437502 0.909416 0.501886
0.797380 0.437690 0.909608 0.502007
0.797496 0.437878 0.909801 0.502126
0.797612 0.438066 0.909993 0.502246
0.797729 0.438254 0.910186 0.502365
0.797846 0.438441 0.910378 0.502483
0.797963 0.438629 0.910571 0.502602
0.798080 0.438815 0.910763 0.502720
0.798197 0.439002 0.910956 0.502837
0.798314 0.439189 0.911149 0.502955
0.798431 0.439375 0.911341 0.503072
0.798549 0.439561 0.911534 0.503188
0.798666 0.439746 0.911726 0.503304
0.798784 0.439932 0.911919 0.503420
0.798902 0.440117 0.912112 0.503536
0.799020 0.440302 0.912304 0.503651
0.799138 0.440487 0.912497 0.503766
0.799257 0.440671 0.912690 0.503880
0.799375 0.440856 0.912882 0.503994
0.799494 0.441040 0.913075 0.504108
0.799612 0.441224 0.913268 0.504222
0.799731 0.441407 0.913461 0.504335
0.799850 0.441590 0.913653 0.504447
0.799969 0.441773 0.913846 0.504560
0.800089 0.441956 0.914039 0.504672
0.800208 0.442139 0.914232 0.504783
0.800328 0.442321 0.914425 0.504895
0.800447 0.442503 0.914617 0.505006
0.800567 0.442685 0.914810 0.505116
0.800687 0.442867 0.915003 0.505227
0.800807 0.443048 0.915196 0.505337
0.800927 0.443229 0.915389 0.505446
0.801048 0.443410 0.915582 0.505555
0.801168 0.443591 0.915775 0.505664
0.801289 0.443771 0.915968 0.505773
0.801410 0.443951 0.916161 0.505881
0.801530 0.444131 0.916353 0.505989
0.801651 0.444311 0.916546 0.506096
0.801773 0.444491 0.916739 0.506203
0.801894 0.444670 0.916932 0.506310
0.802015 0.444849 0.917125 0.506417
0.802137 0.445027 0.917318 0.506523
0.802259 0.445206 0.917511 0.506629
0.802380 0.445384 0.917704 0.506734
0.802502 0.445562 0.917897 0.506839
0.802624 0.445740 0.918090 0.506944
0.802747 0.445917 0.918283 0.507048
0.802869 0.446095 0.918476 0.507152
0.802991 0.446272 0.918670 0.507256
0.803114 0.446448 0.918863 0.507359
0.803237 0.446625 0.919056 0.507462
0.803360 0.446801 0.919249 0.507565
0.803483 0.446977 0.919442 0.507667
0.803606 0.447153 0.919635 0.507769
0.803729 0.447329 0.919828 0.507871
0.803853 0.447504 0.920021 0.507972
0.803976 0.447679 0.920214 0.508073
0.804100 0.447854 0.920407 0.508173
0.804224 0.448029 0.920601 0.508274
0.804348 0.448203 0.920794 0.508374
0.804472 0.448377 0.920987 0.508473
0.804596 0.448551 0.921180 0.508572
0.804720 0.448725 0.921373 0.508671
0.804845 0.448898 0.921566 0.508770
0.804970 0.449071 0.921760 0.508868
0.805094 0.449244 0.921953 0.508966
0.805219 0.449417 0.922146 0.509063
0.805344 0.449589 0.922339 0.509160
0.805469 0.449761 0.922532 0.509257
0.805595 0.449933 0.922726 0.509354
0.805720 0.450105 0.922919 0.509450
0.805846 0.450276 0.923112 0.509546
0.805971 0.450448 0.923305 0.509641
0.806097 0.450619 0.923499 0.509736
0.806223 0.450789 0.923692 0.509831
0.806349 0.450960 0.923885 0.509926
0.806476 0.451130 0.924078 0.510020
0.806602 0.451300 0.924272 0.510113
0.806728 0.451470 0.924465 0.510207
0.806855 0.451639 0.924658 0.510300
0.806982 0.451808 0.924852 0.510393
0.807109 0.451977 0.925045 0.510485
0.807236 0.452146 0.925238 0.510577
0.807363 0.452315 0.925432 0.510669
0.807490 0.452483 0.925625 0.510760
0.807618 0.452651 0.925818 0.510851
0.807745 0.452819 0.926011 0.510942
0.807873 0.452986 0.926205 0.511032
0.808001 0.453154 0.926398 0.511123
0.808129 0.453321 0.926591 0.511212
0.808257 0.453488 0.926785 0.511302
0.808385 0.453654 0.926978 0.511391
0.808513 0.453821 0.927171 0.511479
0.808642 0.453987 0.927365 0.511568
0.808770 0.454153 0.927558 0.511656
0.808899 0.454318 0.927752 0.511743
0.809028 0.454484 0.927945 0.511831
0.809157 0.454649 0.928138 0.511918
0.809286 0.454814 0.928332 0.512005
0.809416 0.454978 0.928525 0.512091
0.809545 0.455143 0.928718 0.512177
0.809675 0.455307 0.928912 0.512263
0.809804 0.455471 0.929105 0.512348
0.809934 0.455634 0.929299 0.512433
0.810064 0.455798 0.929492 0.512518
0.810194 0.455961 0.929685 0.512602
0.810324 0.456124 0.929879 0.512686
0.810455 0.456286 0.930072 0.512770
0.810585 0.456449 0.930265 0.512853
0.810716 0.456611 0.930459 0.512936
0.810846 0.456773 0.930652 0.513019
0.810977 0.456935 0.930846 0.513101
0.811108 0.457096 0.931039 0.513183
0.811239 0.457257 0.931232 0.513265
0.811371 0.457418 0.931426 0.513346
0.811502 0.457579 0.931619 0.513427
0.811634 0.457740 0.931813 0.513508
0.811765 0.457900 0.932006 0.513588
0.811897 0.458060 0.932199 0.513668
0.812029 0.458220 0.932393 0.513748
0.812161 0.458379 0.932586 0.513827
0.812293 0.458538 0.932780 0.513906
0.812426 0.458697 0.932973 0.513985
0.812558 0.458856 0.933166 0.514064
0.812691 0.459015 0.933360 0.514142
0.812823 0.459173 0.933553 0.514219
0.812956 0.459331 0.933747 0.514297
0.813089 0.459489 0.933940 0.514374
0.813222 0.459646 0.934133 0.514450
0.813355 0.459804 0.934327 0.514527
0.813489 0.459961 0.934520 0.514603
0.813622 0.460118 0.934714 0.514679
0.813756 0.460274 0.934907 0.514754
0.813890 0.460431 0.935100 0.514829
0.814024 0.460587 0.935294 0.514904
0.814158 0.460742 0.935487 0.514978
0.814292 0.460898 0.935681 0.515053
0.814426 0.461053 0.935874 0.515126
0.814560 0.461209 0.936067 0.515200
0.814695 0.461363 0.936261 0.515273
0.814830 0.461518 0.936454 0.515346
0.814964 0.461672 0.936647 0.515418
0.815099 0.461827 0.936841 0.515490
0.815234 0.461980 0.937034 0.515562
0.815370 0.462134 0.937228 0.515634
0.815505 0.462287 0.937421 0.515705
0.815640 0.462441 0.937614 0.515776
0.815776 0.462594 0.937808 0.515846
0.815912 0.462746 0.938001 0.515917
0.816048 0.462899 0.938194 0.515986
0.816183 0.463051 0.938388 0.516056
0.816320 0.463203 0.938581 0.516125
0.816456 0.463354 0.938774 0.516194
0.816592 0.463506 0.938968 0.516263
0.816729 0.463657 0.939161 0.516331
0.816865 0.463808 0.939354 0.516399
0.817002 0.463959 0.939548 0.516467
0.817139 0.464109 0.939741 0.516534
0.817276 0.464259 0.939934 0.516601
0.817413 0.464409 0.940128 0.516667
0.817550 0.464559 0.940321 0.516734
0.817688 0.464708 0.940514 0.516800
0.817825 0.464858 0.940708 0.516865
0.817963 0.465007 0.940901 0.516931
0.818101 0.465155 0.941094 0.516996
0.818239 0.465304 0.941288 0.517061
0.818377 0.465452 0.941481 0.517125
0.818515 0.465600 0.941674 0.517189
0.818653 0.465748 0.941867 0.517253
0.818792 0.465895 0.942061 0.517316
0.818930 0.466043 0.942254 0.517379
0.819069 0.466190 0.942447 0.517442
0.819208 0.466337 0.942640 0.517505
0.819347 0.466483 0.942834 0.517567
0.819486 0.466629 0.943027 0.517629
0.819625 0.466775 0.943220 0.517690
0.819764 0.466921 0.943413 0.517751
0.819904 0.467067 0.943607 0.517812
0.820043 0.467212 0.943800 0.517873
0.820183 0.467357 0.943993 0.517933
0.820323 0.467502 0.944186 0.517993
0.820463 0.467646 0.944379 0.518053
0.820603 0.467791 0.944573 0.518112
0.820743 0.467935 0.944766 0.518171
0.820883 0.468079 0.944959 0.518230
0.821024 0.468222 0.945152 0.518288
0.821165 0.468366 0.945345 0.518346
0.821305 0.468509 0.945538 0.518404
0.821446 0.468652 0.945731 0.518461
0.821587 0.468794 0.945925 0.518518
0.821728 0.468936 0.946118 0.518575
0.821870 0.469079 0.946311 0.518631
0.822011 0.469220 0.946504 0.518687
0.822152 0.469362 0.946697 0.518743
0.822294 0.469503 0.946890 0.518799
0.822436 0.469645 0.947083 0.518854
0.822578 0.469785 0.947276 0.518909
0.822720 0.469926 0.947469 0.518963
0.822862 0.470066 0.947662 0.519018
0.823004 0.470207 0.947855 0.519071
0.823147 0.470346 0.948048 0.519125
0.823289 0.470486 0.948242 0.519178
0.823432 0.470625 0.948435 0.519231
0.823574 0.470765 0.948628 0.519284
0.823717 0.470904 0.948821 0.519336
0.823860 0.471042 0.949014 0.519388
0.824004 0.471181 0.949207 0.519440
0.824147 0.471319 0.949399 0.519492
0.824290 0.471457 0.949592 0.519543
0.824434 0.471594 0.949785 0.519593
0.824577 0.471732 0.949978 0.519644
0.824721 0.471869 0.950171 0.519694
0.824865 0.472006 0.950364 0.519744
0.825009 0.472143 0.950557 0.519794
0.825153 0.472279 0.950750 0.519843
0.825298 0.472415 0.950943 0.519892
0.825442 0.472551 0.951136 0.519940
0.825587 0.472687 0.951329 0.519989
0.825731 0.472822 0.951521 0.520037
0.825876 0.472958 0.951714 0.520084
0.826021 0.473093 0.951907 0.520132
0.826166 0.473227 0.952100 0.520179
0.826311 0.473362 0.952293 0.520226
0.826457 0.473496 0.952486 0.520272
0.826602 0.473630 0.952678 0.520318
0.826748 0.473764 0.952871 0.520364
0.826893 0.473897 0.953064 0.520409
0.827039 0.474030 0.953257 0.520455
0.827185 0.474163 0.953449 0.520500
0.827331 0.474296 0.953642 0.520544
0.827477 0.474429 0.953835 0.520588
0.827623 0.474561 0.954028 0.520632
0.827770 0.474693 0.954220 0.520676
0.827916 0.474825 0.954413 0.520719
0.828063 0.474956 0.954606 0.520763
0.828210 0.475087 0.954798 0.520805
0.828357 0.475218 0.954991 0.520848
0.828504 0.475349 0.955183 0.520890
0.828651 0.475480 0.955376 0.520932
0.828798 0.475610 0.955569 0.520973
0.828946 0.475740 0.955761 0.521014
0.829093 0.475870 0.955954 0.521055
0.829241 0.475999 0.956146 0.521096
0.829389 0.476129 0.956339 0.521136
0.829537 0.476258 0.956531 0.521176
0.829685 0.476386 0.956724 0.521216
0.829833 0.476515 0.956916 0.521255
0.829981 0.476643 0.957109 0.521294
0.830130 0.476771 0.957301 0.521333
0.830278 0.476899 0.957494 0.521372
0.830427 0.477027 0.957686 0.521410
0.830576 0.477154 0.957879 0.521448
0.830725 0.477281 0.958071 0.521485
0.830874 0.477408 0.958264 0.521523
0.831023 0.477534 0.958456 0.521560
0.831172 0.477661 0.958648 0.521596
0.831321 0.477787 0.958841 0.521633
0.831471 0.477913 0.959033 0.521669
0.831621 0.478038 0.959225 0.521704
0.831770 0.478164 0.959418 0.521740
0.831920 0.478289 0.959610 0.521775
0.832070 0.478413 0.959802 0.521810
0.832220 0.478538 0.959995 0.521844
0.832371 0.478662 0.960187 0.521879
0.832521 0.478786 0.960379 0.521913
0.832672 0.478910 0.960571 0.521946
0.832822 0.479034 0.960763 0.521980
0.832973 0.479157 0.960956 0.522013
0.833124 0.479280 0.961148 0.522045
0.833275 0.479403 0.961340 0.522078
0.833426 0.479526 0.961532 0.522110
0.833577 0.479648 0.961724 0.522142
0.833729 0.479770 0.961916 0.522173
0.833880 0.479892 0.962108 0.522205
0.834032 0.480014 0.962300 0.522236
0.834183 0.480135 0.962492 0.522266
0.834335 0.480256 0.962685 0.522297
0.834487 0.480377 0.962877 0.522327
0.834639 0.480498 0.963069 0.522357
0.834792 0.480618 0.963261 0.522386
0.834944 0.480738 0.963452 0.522415
0.835096 0.480858 0.963644 0.522444
0.835249 0.480978 0.963836 0.522473
0.835402 0.481097 0.964028 0.522501
0.835554 0.481216 0.964220 0.522529
0.835707 0.481335 0.964412 0.522557
0.835860 0.481454 0.964604 0.522584
0.836014 0.481572 0.964796 0.522611
0.836167 0.481690 0.964988 0.522638
0.836320 0.481808 0.965179 0.522664
0.836474 0.481926 0.965371 0.522691
0.836628 0.482043 0.965563 0.522716
0.836781 0.482161 0.965755 0.522742
0.836935 0.482278 0.965946 0.522767
0.837089 0.482394 0.966138 0.522792
0.837244 0.482511 0.966330 0.522817
0.837398 0.482627 0.966521 0.522842
0.837552 0.482743 0.966713 0.522866
0.837707 0.482858 0.966905 0.522890
0.837861 0.482974 0.967096 0.522913
0.838016 0.483089 0.967288 0.522936
0.838171 0.483204 0.967479 0.522959
0.838326 0.483319 0.967671 0.522982
0.838481 0.483433 0.967863 0.523004
0.838636 0.483547 0.968054 0.523027
0.838792 0.483661 0.968246 0.523048
0.838947 0.483775 0.968437 0.523070
0.839103 0.483888 0.968629 0.523091
0.839258 0.484001 0.968820 0.523112
0.839414 0.484114 0.969011 0.523133
0.839570 0.484227 0.969203 0.523153
0.839726 0.484340 0.969394 0.523173
0.839882 0.484452 0.969585 0.523193
0.840039 0.484564 0.969777 0.523212
0.840195 0.484675 0.969968 0.523231
0.840352 0.484787 0.970159 0.523250
0.840508 0.484898 0.970351 0.523269
0.840665 0.485009 0.970542 0.523287
0.840822 0.485120 0.970733 0.523305
0.840979 0.485230 0.970924 0.523323
0.841136 0.485340 0.971116 0.523340
0.841293 0.485450 0.971307 0.523357
0.841451 0.485560 0.971498 0.523374
0.841608 0.485670 0.971689 0.523391
0.841766 0.485779 0.971880 0.523407
0.841924 0.485888 0.972071 0.523423
0.842081 0.485996 0.972262 0.523439
0.842239 0.486105 0.972453 0.523454
0.842397 0.486213 0.972644 0.523469
0.842556 0.486321 0.972835 0.523484
0.842714 0.486429 0.973026 0.523499
0.842872 0.486536 0.973217 0.523513
0.843031 0.486644 0.973408 0.523527
0.843190 0.486751 0.973599 0.523541
0.843348 0.486857 0.973790 0.523554
0.843507 0.486964 0.973981 0.523567
0.843666 0.487070 0.974171 0.523580
0.843825 0.487176 0.974362 0.523593
0.843985 0.487282 0.974553 0.523605
0.844144 0.487387 0.974744 0.523617
0.844304 0.487493 0.974935 0.523629
0.844463 0.487598 0.975125 0.523640
0.844623 0.487702 0.975316 0.523651
0.844783 0.487807 0.975507 0.523662
0.844943 0.487911 0.975697 0.523673
0.845103 0.488015 0.975888 0.523683
0.845263 0.488119 0.976078 0.523693
0.845423 0.488222 0.976269 0.523703
0.845584 0.488326 0.976460 0.523712
0.845744 0.488429 0.976650 0.523721
0.845905 0.488531 0.976841 0.523730
0.846065 0.488634 0.977031 0.523739
0.846226 0.488736 0.977222 0.523747
0.846387 0.488838 0.977412 0.523755
0.846548 0.488940 0.977602 0.523763
0.846710 0.489041 0.977793 0.523770
0.846871 0.489143 0.977983 0.523777
0.847032 0.489244 0.978173 0.523784
0.847194 0.489344 0.978364 0.523791
0.847356 0.489445 0.978554 0.523797
0.847517 0.489545 0.978744 0.523803
0.847679 0.489645 0.978934 0.523809
0.847841 0.489745 0.979125 0.523814
0.848003 0.489845 0.979315 0.523819
0.848166 0.489944 0.979505 0.523824
0.848328 0.490043 0.979695 0.523829
0.848491 0.490142 0.979885 0.523833
0.848653 0.490240 0.980075 0.523837
0.848816 0.490338 0.980265 0.523841
0.848979 0.490436 0.980455 0.523845
0.849142 0.490534 0.980645 0.523848
0.849305 0.490632 0.980835 0.523851
0.849468 0.490729 0.981025 0.523854
0.849631 0.490826 0.981215 0.523856
0.849794 0.490923 0.981405 0.523858
0.849958 0.491019 0.981595 0.523860
0.850122 0.491116 0.981785 0.523862
0.850285 0.491212 0.981975 0.523863
0.850449 0.491308 0.982164 0.523864
0.850613 0.491403 0.982354 0.523865
0.850777 0.491498 0.982544 0.523865
0.850941 0.491593 0.982734 0.523865
0.851106 0.491688 0.982923 0.523865
0.851270 0.491783 0.983113 0.523865
0.851434 0.491877 0.983302 0.523864
0.851599 0.491971 0.983492 0.523863
0.851764 0.492065 0.983682 0.523862
0.851929 0.492159 0.983871 0.523860
0.852094 0.492252 0.984061 0.523859
0.852259 0.492345 0.984250 0.523857
0.852424 0.492438 0.984440 0.523854
0.852589 0.492530 0.984629 0.523852
0.852755 0.492623 0.984818 0.523849
0.852920 0.492715 0.985008 0.523846
0.853086 0.492806 0.985197 0.523842
0.853252 0.492898 0.985387 0.523839
0.853417 0.492989 0.985576 0.523835
0.853583 0.493080 0.985765 0.523830
0.853749 0.493171 0.985954 0.523826
0.853916 0.493262 0.986143 0.523821
0.854082 0.493352 0.986333 0.523816
0.854248 0.493442 0.986522 0.523811
0.854415 0.493532 0.986711 0.523805
0.854581 0.493621 0.986900 0.523799
0.854748 0.493711 0.987089 0.523793
0.854915 0.493800 0.987278 0.523787
0.855082 0.493889 0.987467 0.523780
0.855249 0.493977 0.987656 0.523773
0.855416 0.494066 0.987845 0.523766
0.855584 0.494154 0.988034 0.523758
0.855751 0.494241 0.988223 0.523751
0.855919 0.494329 0.988412 0.523743
0.856086 0.494416 0.988601 0.523734
0.856254 0.494503 0.988789 0.523726
0.856422 0.494590 0.988978 0.523717
0.856590 0.494677 0.989167 0.523708
0.856758 0.494763 0.989356 0.523698
0.856926 0.494849 0.989544 0.523689
0.857094 0.494935 0.989733 0.523679
0.857263 0.495021 0.989921 0.523669
0.857431 0.495106 0.990110 0.523658
0.857600 0.495191 0.990299 0.523647
0.857768 0.495276 0.990487 0.523636
0.857937 0.495360 0.990676 0.523625
0.858106 0.495445 0.990864 0.523614
0.858275 0.495529 0.991053 0.523602
0.858444 0.495613 0.991241 0.523590
0.858614 0.495696 0.991429 0.523577
0.858783 0.495780 0.991618 0.523565
0.858952 0.495863 0.991806 0.523552
0.859122 0.495946 0.991994 0.523539
0.859292 0.496028 0.992182 0.523525
0.859461 0.496110 0.992371 0.523512
0.859631 0.496193 0.992559 0.523498
0.859801 0.496274 0.992747 0.523483
0.859972 0.496356 0.992935 0.523469
0.860142 0.496437 0.993123 0.523454
0.860312 0.496518 0.993311 0.523439
0.860482 0.496599 0.993499 0.523424
0.860653 0.496680 0.993687 0.523408
0.860824 0.496760 0.993875 0.523393
0.860994 0.496840 0.994063 0.523376
0.861165 0.496920 0.994251 0.523360
0.861336 0.497000 0.994439 0.523344
0.861507 0.497079 0.994627 0.523327
0.861679 0.497158 0.994815 0.523310
0.861850 0.497237 0.995002 0.523292
0.862021 0.497316 0.995190 0.523274
0.862193 0.497394 0.995378 0.523257
0.862364 0.497472 0.995566 0.523238
0.862536 0.497550 0.995753 0.523220
0.862708 0.497627 0.995941 0.523201
0.862880 0.497705 0.996128 0.523182
0.863052 0.497782 0.996316 0.523163
0.863224 0.497859 0.996503 0.523143
0.863396 0.497935 0.996691 0.523124
0.863569 0.498012 0.996878 0.523104
0.863741 0.498088 0.997066 0.523083
0.863914 0.498164 0.997253 0.523063
0.864086 0.498239 0.997440 0.523042
0.864259 0.498315 0.997628 0.523021
0.864432 0.498390 0.997815 0.523000
0.864605 0.498464 0.998002 0.522978
0.864778 0.498539 0.998189 0.522956
0.864951 0.498613 0.998377 0.522934
0.865124 0.498688 0.998564 0.522912
0.865298 0.498761 0.998751 0.522889
0.865471 0.498835 0.998938 0.522866
0.865645 0.498908 0.999125 0.522843
0.865819 0.498981 0.999312 0.522819
0.865993 0.499054 0.999499 0.522796
0.866166 0.499127 0.999686 0.522772
0.866340 0.499199 0.999873 0.522748
0.866515 0.499271 1.000060 0.522723
0.866689 0.499343 1.000246 0.522698
0.866863 0.499415 1.000433 0.522674
0.867038 0.499486 1.000620 0.522648
0.867212 0.499557 1.000807 0.522623
0.867387 0.499628 1.000993 0.522597
0.867561 0.499699 1.001180 0.522571
0.867736 0.499769 1.001367 0.522545
0.867911 0.499839 1.001553 0.522518
0.868086 0.499909 1.001740 0.522491
0.868261 0.499979 1.001926 0.522464
0.868437 0.500048 1.002113 0.522437
0.868612 0.500117 1.002299 0.522410
0.868788 0.500186 1.002486 0.522382
0.868963 0.500255 1.002672 0.522354
0.869139 0.500323 1.002858 0.522325
0.869314 0.500391 1.003045 0.522297
0.869490 0.500459 1.003231 0.522268
0.869666 0.500526 1.003417 0.522239
0.869842 0.500594 1.003603 0.522210
0.870019 0.500661 1.003790 0.522180
0.870195 0.500728 1.003976 0.522150
0.870371 0.500794 1.004162 0.522120
0.870548 0.500861 1.004348 0.522090
0.870724 0.500927 1.004534 0.522059
0.870901 0.500993 1.004720 0.522028
0.871078 0.501058 1.004906 0.521997
0.871255 0.501124 1.005092 0.521966
0.871432 0.501189 1.005278 0.521934
0.871609 0.501254 1.005463 0.521902
0.871786 0.501318 1.005649 0.521870
0.871963 0.501383 1.005835 0.521838
0.872140 0.501447 1.006021 0.521805
0.872318 0.501511 1.006206 0.521772
0.872495 0.501574 1.006392 0.521739
0.872673 0.501638 1.006578 0.521706
0.872851 0.501701 1.006763 0.521672
0.873029 0.501764 1.006949 0.521638
0.873207 0.501826 1.007134 0.521604
0.873385 0.501889 1.007320 0.521569
0.873563 0.501951 1.007505 0.521535
0.873741 0.502013 1.007691 0.521500
0.873920 0.502074 1.007876 0.521465
0.874098 0.502136 1.008061 0.521429
0.874277 0.502197 1.008247 0.521394
0.874455 0.502258 1.008432 0.521358
0.874634 0.502318 1.008617 0.521322
0.874813 0.502378 1.008802 0.521285
0.874992 0.502439 1.008987 0.521249
0.875171 0.502498 1.009172 0.521212
0.875350 0.502558 1.009357 0.521175
0.875529 0.502617 1.009542 0.521137
0.875709 0.502677 1.009727 0.521099
0.875888 0.502735 1.009912 0.521062
0.876068 0.502794 1.010097 0.521023
0.876247 0.502852 1.010282 0.520985
0.876427 0.502911 1.010467 0.520946
0.876607 0.502968 1.010652 0.520907
0.876787 0.503026 1.010836 0.520868
0.876967 0.503083 1.011021 0.520829
0.877147 0.503141 1.011206 0.520789
0.877327 0.503197 1.011390 0.520749
0.877507 0.503254 1.011575 0.520709
0.877688 0.503310 1.011760 0.520669
0.877868 0.503366 1.011944 0.520628
0.878049 0.503422 1.012128 0.520587
0.878230 0.503478 1.012313 0.520546
0.878410 0.503533 1.012497 0.520505
0.878591 0.503588 1.012682 0.520463
0.878772 0.503643 1.012866 0.520421
0.878953 0.503698 1.013050 0.520379
0.879135 0.503752 1.013234 0.520337
0.879316 0.503806 1.013419 0.520294
0.879497 0.503860 1.013603 0.520252
0.879679 0.503914 1.013787 0.520208
0.879860 0.503967 1.013971 0.520165
0.880042 0.504020 1.014155 0.520122
0.880224 0.504073 1.014339 0.520078
0.880406 0.504126 1.014523 0.520034
0.880587 0.504178 1.014707 0.519989
0.880769 0.504230 1.014891 0.519945
0.880952 0.504282 1.015075 0.519900
0.881134 0.504334 1.015258 0.519855
0.881316 0.504385 1.015442 0.519810
0.881499 0.504436 1.015626 0.519764
0.881681 0.504487 1.015809 0.519718
0.881864 0.504538 1.015993 0.519672
0.882046 0.504588 1.016177 0.519626
0.882229 0.504638 1.016360 0.519580
0.882412 0.504688 1.016544 0.519533
0.882595 0.504738 1.016727 0.519486
0.882778 0.504787 1.016911 0.519439
0.882961 0.504836 1.017094 0.519391
0.883144 0.504885 1.017277 0.519344
0.883328 0.504934 1.017461 0.519296
0.883511 0.504982 1.017644 0.519247
0.883695 0.505030 1.017827 0.519199
0.883878 0.505078 1.018010 0.519150
0.884062 0.505126 1.018193 0.519101
0.884246 0.505173 1.018376 0.519052
0.884430 0.505220 1.018560 0.519003
0.884614 0.505267 1.018743 0.518953
0.884798 0.505314 1.018926 0.518903
0.884982 0.505360 1.019108 0.518853
0.885166 0.505406 1.019291 0.518803
0.885351 0.505452 1.019474 0.518752
0.885535 0.505498 1.019657 0.518702
0.885720 0.505543 1.019840 0.518650
0.885904 0.505588 1.020022 0.518599
0.886089 0.505633 1.020205 0.518548
0.886274 0.505678 1.020388 0.518496
0.886459 0.505722 1.020570 0.518444
0.886644 0.505766 1.020753 0.518392
0.886829 0.505810 1.020935 0.518339
0.887014 0.505854 1.021118 0.518286
0.887199 0.505897 1.021300 0.518233
0.887384 0.505940 1.021483 0.518180
0.887570 0.505983 1.021665 0.518127
0.887755 0.506026 1.021847 0.518073
0.887941 0.506068 1.022029 0.518019
0.888127 0.506110 1.022212 0.517965
0.888312 0.506152 1.022394 0.517911
0.888498 0.506194 1.022576 0.517856
0.888684 0.506235 1.022758 0.517801
0.888870 0.506276 1.022940 0.517746
0.889056 0.506317 1.023122 0.517691
0.889243 0.506358 1.023304 0.517635
0.889429 0.506398 1.023486 0.517579
0.889615 0.506439 1.023668 0.517523
0.889802 0.506478 1.023850 0.517467
0.889989 0.506518 1.024031 0.517411
0.890175 0.506557 1.024213 0.517354
0.890362 0.506597 1.024395 0.517297
0.890549 0.506635 1.024576 0.517240
0.890736 0.506674 1.024758 0.517182
0.890923 0.506712 1.024940 0.517125
0.891110 0.506751 1.025121 0.517067
0.891297 0.506788 1.025302 0.517009
0.891484 0.506826 1.025484 0.516950
0.891672 0.506863 1.025665 0.516892
0.891859 0.506901 1.025847 0.516833
0.892047 0.506938 1.026028 0.516774
0.892235 0.506974 1.026209 0.516714
0.892422 0.507011 1.026390 0.516655
0.892610 0.507047 1.026571 0.516595
0.892798 0.507083 1.026753 0.516535
0.892986 0.507118 1.026934 0.516475
0.893174 0.507154 1.027115 0.516414
0.893362 0.507189 1.027296 0.516354
0.893550 0.507224 1.027477 0.516293
0.893739 0.507258 1.027657 0.516232
0.893927 0.507293 1.027838 0.516170
0.894116 0.507327 1.028019 0.516109
0.894304 0.507361 1.028200 0.516047
0.894493 0.507394 1.028381 0.515985
0.894682 0.507428 1.028561 0.515922
0.894871 0.507461 1.028742 0.515860
0.895059 0.507494 1.028922 0.515797
0.895248 0.507526 1.029103 0.515734
0.895438 0.507559 1.029283 0.515671
0.895627 0.507591 1.029464 0.515607
0.895816 0.507623 1.029644 0.515544
0.896005 0.507655 1.029825 0.515480
0.896195 0.507686 1.030005 0.515416
0.896384 0.507717 1.030185 0.515351
0.896574 0.507748 1.030365 0.515287
0.896764 0.507779 1.030545 0.515222
0.896953 0.507809 1.030726 0.515157
0.897143 0.507839 1.030906 0.515092
0.897333 0.507869 1.031086 0.515026
0.897523 0.507899 1.031266 0.514960
0.897713 0.507928 1.031446 0.514894
0.897903 0.507957 1.031625 0.514828
0.898094 0.507986 1.031805 0.514762
0.898284 0.508015 1.031985 0.514695
0.898474 0.508043 1.032165 0.514628
0.898665 0.508071 1.032345 0.514561
0.898856 0.508099 1.032524 0.514494
0.899046 0.508127 1.032704 0.514426
0.899237 0.508154 1.032883 0.514359
0.899428 0.508181 1.033063 0.514291
0.899619 0.508208 1.033242 0.514222
0.899810 0.508235 1.033422 0.514154
0.900001 0.508261 1.033601 0.514085
0.900192 0.508288 1.033780 0.514016
0.900383 0.508314 1.033960 0.513947
0.900575 0.508339 1.034139 0.513878
0.900766 0.508365 1.034318 0.513808
0.900958 0.508390 1.034497 0.513738
0.901149 0.508415 1.034676 0.513668
0.901341 0.508439 1.034855 0.513598
0.901532 0.508464 1.035034 0.513528
0.901724 0.508488 1.035213 0.513457
0.901916 0.508512 1.035392 0.513386
0.902108 0.508535 1.035571 0.513315
0.902300 0.508559 1.035750 0.513244
0.902492 0.508582 1.035929 0.513172
0.902685 0.508605 1.036107 0.513100
0.902877 0.508628 1.036286 0.513028
0.903069 0.508650 1.036465 0.512956
0.903262 0.508672 1.036643 0.512883
0.903454 0.508694 1.036822 0.512811
0.903647 0.508716 1.037000 0.512738
0.903840 0.508737 1.037179 0.512665
0.904032 0.508758 1.037357 0.512591
0.904225 0.508779 1.037535 0.512518
0.904418 0.508800 1.037714 0.512444
0.904611 0.508820 1.037892 0.512370
0.904804 0.508841 1.038070 0.512296
0.904997 0.508861 1.038248 0.512221
0.905191 0.508880 1.038426 0.512147
0.905384 0.508900 1.038604 0.512072
0.905577 0.508919 1.038782 0.511997
0.905771 0.508938 1.038960 0.511921
0.905964 0.508956 1.039138 0.511846
0.906158 0.508975 1.039316 0.511770
0.906352 0.508993 1.039494 0.511694
0.906545 0.509011 1.039671 0.511618
0.906739 0.509029 1.039849 0.511541
0.906933 0.509046 1.040027 0.511464
0.907127 0.509063 1.040204 0.511388
0.907321 0.509080 1.040382 0.511310
0.907515 0.509097 1.040559 0.511233
0.907710 0.509113 1.040737 0.511156
0.907904 0.509130 1.040914 0.511078
0.908098 0.509146 1.041092 0.511000
0.908293 0.509161 1.041269 0.510922
0.908487 0.509177 1.041446 0.510843
0.908682 0.509192 1.041623 0.510765
0.908877 0.509207 1.041801 0.510686
0.909071 0.509221 1.041978 0.510607
0.909266 0.509236 1.042155 0.510528
0.909461 0.509250 1.042332 0.510448
0.909656 0.509264 1.042509 0.510368
0.909851 0.509278 1.042686 0.510288
0.910046 0.509291 1.042862 0.510208
0.910242 0.509304 1.043039 0.510128
0.910437 0.509317 1.043216 0.510047
0.910632 0.509330 1.043393 0.509967
0.910828 0.509343 1.043569 0.509886
0.911023 0.509355 1.043746 0.509804
0.911219 0.509367 1.043922 0.509723
0.911414 0.509378 1.044099 0.509641
0.911610 0.509390 1.044275 0.509559
0.911806 0.509401 1.044452 0.509477
0.912002 0.509412 1.044628 0.509395
0.912198 0.509423 1.044804 0.509313
0.912394 0.509433 1.044981 0.509230
0.912590 0.509443 1.045157 0.509147
0.912786 0.509453 1.045333 0.509064
0.912982 0.509463 1.045509 0.508980
0.913179 0.509473 1.045685 0.508897
0.913375 0.509482 1.045861 0.508813
0.913572 0.509491 1.046037 0.508729
0.913768 0.509500 1.046213 0.508645
0.913965 0.509508 1.046389 0.508560
0.914161 0.509516 1.046565 0.508476
0.914358 0.509524 1.046740 0.508391
0.914555 0.509532 1.046916 0.508306
0.914752 0.509539 1.047092 0.508221
0.914949 0.509547 1.047267 0.508135
0.915146 0.509554 1.047443 0.508049
0.915343 0.509560 1.047618 0.507963
0.915540 0.509567 1.047794 0.507877
0.915737 0.509573 1.047969 0.507791
0.915935 0.509579 1.048145 0.507705
0.916132 0.509585 1.048320 0.507618
0.916329 0.509590 1.048495 0.507531
0.916527 0.509596 1.048670 0.507444
0.916725 0.509601 1.048845 0.507356
0.916922 0.509605 1.049021 0.507269
0.917120 0.509610 1.049196 0.507181
0.917318 0.509614 1.049371 0.507093
0.917516 0.509618 1.049545 0.507005
0.917714 0.509622 1.049720 0.506916
0.917912 0.509625 1.049895 0.506828
0.918110 0.509629 1.050070 0.506739
0.918308 0.509632 1.050245 0.506650
0.918506 0.509634 1.050419 0.506560
0.918704 0.509637 1.050594 0.506471
0.918903 0.509639 1.050768 0.506381
0.919101 0.509641 1.050943 0.506291
0.919300 0.509643 1.051117 0.506201
0.919498 0.509645 1.051292 0.506111
0.919697 0.509646 1.051466 0.506020
0.919895 0.509647 1.051640 0.505930
0.920094 0.509648 1.051815 0.505839
0.920293 0.509648 1.051989 0.505748
0.920492 0.509648 1.052163 0.505656
0.920691 0.509648 1.052337 0.505565
0.920890 0.509648 1.052511 0.505473
0.921089 0.509648 1.052685 0.505381
0.921288 0.509647 1.052859 0.505289
0.921487 0.509646 1.053033 0.505196
0.921687 0.509645 1.053207 0.505104
0.921886 0.509643 1.053381 0.505011
0.922086 0.509642 1.053554 0.504918
0.922285 0.509640 1.053728 0.504825
0.922485 0.509638 1.053902 0.504731
0.922684 0.509635 1.054075 0.504638
0.922884 0.509632 1.054249 0.504544
0.923084 0.509630 1.054422 0.504450
0.923284 0.509626 1.054595 0.504356
0.923483 0.509623 1.054769 0.504261
0.923683 0.509619 1.054942 0.504167
0.923883 0.509615 1.055115 0.504072
0.924083 0.509611 1.055288 0.503977
0.924284 0.509607 1.055462 0.503881
0.924484 0.509602 1.055635 0.503786
0.924684 0.509597 1.055808 0.503690
0.924884 0.509592 1.055981 0.503594
0.925085 0.509586 1.056154 0.503498
0.925285 0.509581 1.056326 0.503402
0.925486 0.509575 1.056499 0.503306
0.925686 0.509569 1.056672 0.503209
0.925887 0.509562 1.056845 0.503112
0.926088 0.509556 1.057017 0.503015
0.926289 0.509549 1.057190 0.502918
0.926490 0.509542 1.057362 0.502820
0.926690 0.509534 1.057535 0.502723
0.926891 0.509526 1.057707 0.502625
0.927092 0.509519 1.057880 0.502527
0.927294 0.509510 1.058052 0.502428
0.927495 0.509502 1.058224 0.502330
0.927696 0.509493 1.058397 0.502231
0.927897 0.509485 1.058569 0.502132
0.928099 0.509475 1.058741 0.502033
0.928300 0.509466 1.058913 0.501934
0.928501 0.509456 1.059085 0.501834
0.928703 0.509446 1.059257 0.501735
0.928905 0.509436 1.059429 0.501635
0.929106 0.509426 1.059601 0.501535
0.929308 0.509415 1.059772 0.501434
0.929510 0.509404 1.059944 0.501334
0.929712 0.509393 1.060116 0.501233
0.929913 0.509382 1.060287 0.501132
0.930115 0.509370 1.060459 0.501031
0.930317 0.509359 1.060630 0.500930
0.930520 0.509346 1.060802 0.500828
0.930722 0.509334 1.060973 0.500727
0.930924 0.509321 1.061145 0.500625
0.931126 0.509309 1.061316 0.500523
0.931328 0.509296 1.061487 0.500420
0.931531 0.509282 1.061658 0.500318
0.931733 0.509269 1.061829 0.500215
0.931936 0.509255 1.062000 0.500112
0.932138 0.509241 1.062171 0.500009
0.932341 0.509226 1.062342 0.499906
0.932544 0.509212 1.062513 0.499802
0.932746 0.509197 1.062684 0.499699
0.932949 0.509182 1.062855 0.499595
0.933152 0.509167 1.063026 0.499491
0.933355 0.509151 1.063196 0.499387
0.933558 0.509135 1.063367 0.499282
0.933761 0.509119 1.063537 0.499177
0.933964 0.509103 1.063708 0.499073
0.934167 0.509086 1.063878 0.498968
0.934370 0.509069 1.064049 0.498862
0.934574 0.509052 1.064219 0.498757
0.934777 0.509035 1.064389 0.498651
0.934980 0.509018 1.064560 0.498545
0.935184 0.509000 1.064730 0.498439
0.935387 0.508982 1.064900 0.498333
0.935591 0.508963 1.065070 0.498227
0.935794 0.508945 1.065240 0.498120
0.935998 0.508926 1.065410 0.498013
0.936202 0.508907 1.065580 0.497906
0.936405 0.508888 1.065750 0.497799
0.936609 0.508868 1.065919 0.497692
0.936813 0.508849 1.066089 0.497584
0.937017 0.508829 1.066259 0.497476
0.937221 0.508808 1.066428 0.497368
0.937425 0.508788 1.066598 0.497260
0.937629 0.508767 1.066767 0.497152
0.937833 0.508746 1.066937 0.497043
0.938038 0.508725 1.067106 0.496935
0.938242 0.508703 1.067275 0.496826
0.938446 0.508682 1.067445 0.496716
0.938651 0.508660 1.067614 0.496607
0.938855 0.508637 1.067783 0.496498
0.939059 0.508615 1.067952 0.496388
0.939264 0.508592 1.068121 0.496278
0.939469 0.508569 1.068290 0.496168
0.939673 0.508546 1.068459 0.496058
0.939878 0.508523 1.068628 0.495947
0.940083 0.508499 1.068797 0.495836
0.940287 0.508475 1.068966 0.495726
0.940492 0.508451 1.069134 0.495615
0.940697 0.508426 1.069303 0.495503
0.940902 0.508402 1.069471 0.495392
0.941107 0.508377 1.069640 0.495280
0.941312 0.508351 1.069808 0.495168
0.941517 0.508326 1.069977 0.495056
0.941723 0.508300 1.070145 0.494944
0.941928 0.508274 1.070313 0.494832
0.942133 0.508248 1.070482 0.494719
0.942338 0.508222 1.070650 0.494606
0.942544 0.508195 1.070818 0.494494
0.942749 0.508168 1.070986 0.494380
0.942955 0.508141 1.071154 0.494267
0.943160 0.508114 1.071322 0.494154
0.943366 0.508086 1.071490 0.494040
0.943571 0.508058 1.071658 0.493926
0.943777 0.508030 1.071825 0.493812
0.943983 0.508002 1.071993 0.493698
0.944189 0.507973 1.072161 0.493583
0.944394 0.507944 1.072328 0.493468
0.944600 0.507915 1.072496 0.493354
0.944806 0.507886 1.072663 0.493239
0.945012 0.507856 1.072831 0.493123
0.945218 0.507826 1.072998 0.493008
0.945424 0.507796 1.073165 0.492892
0.945631 0.507766 1.073333 0.492777
0.945837 0.507735 1.073500 0.492661
0.946043 0.507704 1.073667 0.492544
0.946249 0.507673 1.073834 0.492428
0.946456 0.507642 1.074001 0.492312
0.946662 0.507610 1.074168 0.492195
0.946868 0.507578 1.074335 0.492078
0.947075 0.507546 1.074502 0.491961
0.947281 0.507514 1.074669 0.491844
0.947488 0.507481 1.074835 0.491726
0.947695 0.507449 1.075002 0.491608
0.947901 0.507416 1.075169 0.491491
0.948108 0.507382 1.075335 0.491373
0.948315 0.507349 1.075502 0.491254
0.948522 0.507315 1.075668 0.491136
0.948728 0.507281 1.075834 0.491017
0.948935 0.507247 1.076001 0.490899
0.949142 0.507212 1.076167 0.490780
0.949349 0.507177 1.076333 0.490661
0.949556 0.507142 1.076499 0.490541
0.949763 0.507107 1.076665 0.490422
0.949971 0.507072 1.076831 0.490302
0.950178 0.507036 1.076997 0.490182
0.950385 0.507000 1.077163 0.490062
0.950592 0.506964 1.077329 0.489942
0.950800 0.506927 1.077495 0.489821
0.951007 0.506890 1.077660 0.489701
0.951214 0.506853 1.077826 0.489580
0.951422 0.506816 1.077992 0.489459
0.951629 0.506779 1.078157 0.489338
0.951837 0.506741 1.078323 0.489217
0.952044 0.506703 1.078488 0.489095
0.952252 0.506665 1.078654 0.488973
0.952460 0.506626 1.078819 0.488852
0.952667 0.506588 1.078984 0.488729
0.952875 0.506549 1.079149 0.488607
0.953083 0.506510 1.079314 0.488485
0.953291 0.506470 1.079479 0.488362
0.953499 0.506431 1.079644 0.488239
0.953707 0.506391 1.079809 0.488116
0.953915 0.506351 1.079974 0.487993
0.954123 0.506310 1.080139 0.487870
0.954331 0.506270 1.080304 0.487746
0.954539 0.506229 1.080468 0.487623
0.954747 0.506187 1.080633 0.487499
0.954955 0.506146 1.080798 0.487375
0.955164 0.506104 1.080962 0.487250
0.955372 0.506063 1.081127 0.487126
0.955580 0.506021 1.081291 0.487001
0.955789 0.505978 1.081455 0.486877
0.955997 0.505936 1.081620 0.486752
0.956205 0.505893 1.081784 0.486627
0.956414 0.505850 1.081948 0.486501
0.956623 0.505806 1.082112 0.486376
0.956831 0.505763 1.082276 0.486250
0.957040 0.505719 1.082440 0.486124
0.957248 0.505675 1.082604 0.485998
0.957457 0.505631 1.082768 0.485872
0.957666 0.505586 1.082932 0.485746
0.957875 0.505541 1.083095 0.485619
0.958083 0.505496 1.083259 0.485492
0.958292 0.505451 1.083423 0.485365
0.958501 0.505405 1.083586 0.485238
0.958710 0.505360 1.083750 0.485111
0.958919 0.505314 1.083913 0.484983
0.959128 0.505267 1.084077 0.484856
0.959337 0.505221 1.084240 0.484728
0.959546 0.505174 1.084403 0.484600
0.959756 0.505127 1.084566 0.484472
0.959965 0.505080 1.084729 0.484343
0.960174 0.505032 1.084892 0.484215
0.960383 0.504985 1.085055 0.484086
0.960592 0.504937 1.085218 0.483957
0.960802 0.504888 1.085381 0.483828
0.961011 0.504840 1.085544 0.483699
0.961221 0.504791 1.085707 0.483570
0.961430 0.504742 1.085869 0.483440
0.961640 0.504693 1.086032 0.483310
0.961849 0.504644 1.086195 0.483180
0.962059 0.504594 1.086357 0.483050
0.962268 0.504544 1.086520 0.482920
0.962478 0.504494 1.086682 0.482789
0.962688 0.504444 1.086844 0.482659
0.962897 0.504393 1.087007 0.482528
0.963107 0.504342 1.087169 0.482397
0.963317 0.504291 1.087331 0.482266
0.963527 0.504239 1.087493 0.482135
0.963736 0.504188 1.087655 0.482003
0.963946 0.504136 1.087817 0.481871
0.964156 0.504084 1.087979 0.481739
0.964366 0.504032 1.088141 0.481607
0.964576 0.503979 1.088302 0.481475
0.964786 0.503926 1.088464 0.481343
0.964996 0.503873 1.088626 0.481210
0.965207 0.503820 1.088787 0.481078
0.965417 0.503766 1.088949 0.480945
0.965627 0.503712 1.089110 0.480812
0.965837 0.503658 1.089272 0.480678
0.966047 0.503604 1.089433 0.480545
0.966258 0.503549 1.089594 0.480411
0.966468 0.503495 1.089756 0.480278
0.966678 0.503440 1.089917 0.480144
0.966889 0.503384 1.090078 0.480009
0.967099 0.503329 1.090239 0.479875
0.967310 0.503273 1.090400 0.479741
0.967520 0.503217 1.090561 0.479606
0.967731 0.503161 1.090721 0.479471
0.967941 0.503104 1.090882 0.479336
0.968152 0.503048 1.091043 0.479201
0.968362 0.502991 1.091204 0.479066
0.968573 0.502934 1.091364 0.478930
0.968784 0.502876 1.091525 0.478795
0.968994 0.502818 1.091685 0.478659
0.969205 0.502760 1.091846 0.478523
0.969416 0.502702 1.092006 0.478387
0.969627 0.502644 1.092166 0.478250
0.969838 0.502585 1.092326 0.478114
0.970048 0.502526 1.092486 0.477977
0.970259 0.502467 1.092647 0.477840
0.970470 0.502408 1.092807 0.477703
0.970681 0.502348 1.092967 0.477566
0.970892 0.502288 1.093126 0.477429
0.971103 0.502228 1.093286 0.477291
0.971314 0.502168 1.093446 0.477154
0.971525 0.502107 1.093606 0.477016
0.971737 0.502046 1.093765 0.476878
0.971948 0.501985 1.093925 0.476739
0.972159 0.501924 1.094084 0.476601
0.972370 0.501862 1.094244 0.476463
0.972581 0.501801 1.094403 0.476324
0.972793 0.501739 1.094563 0.476185
0.973004 0.501676 1.094722 0.476046
0.973215 0.501614 1.094881 0.475907
0.973427 0.501551 1.095040 0.475767
0.973638 0.501488 1.095199 0.475628
0.973850 0.501425 1.095358 0.475488
0.974061 0.501361 1.095517 0.475348
0.974272 0.501298 1.095676 0.475208
0.974484 0.501234 1.095835 0.475068
0.974695 0.501169 1.095994 0.474927
0.974907 0.501105 1.096152 0.474787
0.975119 0.501040 1.096311 0.474646
0.975330 0.500975 1.096469 0.474505
0.975542 0.500910 1.096628 0.474364
0.975754 0.500845 1.096786 0.474223
0.975965 0.500779 1.096945 0.474082
0.976177 0.500713 1.097103 0.473940
0.976389 0.500647 1.097261 0.473798
0.976601 0.500580 1.097419 0.473656
0.976812 0.500514 1.097578 0.473514
0.977024 0.500447 1.097736 0.473372
0.977236 0.500380 1.097894 0.473230
0.977448 0.500312 1.098052 0.473087
0.977660 0.500245 1.098209 0.472945
0.977872 0.500177 1.098367 0.472802
0.978084 0.500109 1.098525 0.472659
0.978296 0.500041 1.098683 0.472515
0.978508 0.499972 1.098840 0.472372
0.978720 0.499903 1.098998 0.472229
0.978932 0.499834 1.099155 0.472085
0.979144 0.499765 1.099313 0.471941
0.979356 0.499695 1.099470 0.471797
0.979568 0.499626 1.099627 0.471653
0.979780 0.499556 1.099784 0.471508
0.979993 0.499485 1.099942 0.471364
0.980205 0.499415 1.100099 0.471219
0.980417 0.499344 1.100256 0.471074
0.980629 0.499273 1.100413 0.470929
0.980842 0.499202 1.100569 0.470784
0.981054 0.499131 1.100726 0.470639
0.981266 0.499059 1.100883 0.470493
0.981479 0.498987 1.101040 0.470348
0.981691 0.498915 1.101196 0.470202
0.981904 0.498842 1.101353 0.470056
0.982116 0.498770 1.101509 0.469910
0.982328 0.498697 1.101666 0.469763
0.982541 0.498624 1.101822 0.469617
0.982753 0.498550 1.101979 0.469470
0.982966 0.498477 1.102135 0.469323
0.983178 0.498403 1.102291 0.469176
0.983391 0.498329 1.102447 0.469029
0.983604 0.498255 1.102603 0.468882
0.983816 0.498180 1.102759 0.468735
0.984029 0.498105 1.102915 0.468587
0.984242 0.498030 1.103071 0.468439
0.984454 0.497955 1.103227 0.468291
0.984667 0.497879 1.103382 0.468143
0.984880 0.497804 1.103538 0.467995
0.985092 0.497728 1.103694 0.467847
0.985305 0.497651 1.103849 0.467698
0.985518 0.497575 1.104005 0.467549
0.985731 0.497498 1.104160 0.467400
0.985943 0.497421 1.104315 0.467251
0.986156 0.497344 1.104471 0.467102
0.986369 0.497267 1.104626 0.466953
0.986582 0.497189 1.104781 0.466803
0.986795 0.497111 1.104936 0.466654
0.987008 0.497033 1.105091 0.466504
0.987221 0.496954 1.105246 0.466354
0.987434 0.496876 1.105401 0.466204
0.987647 0.496797 1.105556 0.466053
0.987860 0.496718 1.105710 0.465903
0.988073 0.496638 1.105865 0.465752
0.988286 0.496559 1.106020 0.465601
0.988499 0.496479 1.106174 0.465450
0.988712 0.496399 1.106329 0.465299
0.988925 0.496319 1.106483 0.465148
0.989138 0.496238 1.106637 0.464997
0.989351 0.496157 1.106792 0.464845
0.989564 0.496076 1.106946 0.464693
0.989777 0.495995 1.107100 0.464541
0.989991 0.495913 1.107254 0.464389
0.990204 0.495832 1.107408 0.464237
0.990417 0.495750 1.107562 0.464085
0.990630 0.495668 1.107716 0.463932
0.990843 0.495585 1.107870 0.463780
0.991057 0.495502 1.108023 0.463627
0.991270 0.495419 1.108177 0.463474
0.991483 0.495336 1.108331 0.463321
0.991697 0.495253 1.108484 0.463167
0.991910 0.495169 1.108638 0.463014
0.992123 0.495085 1.108791 0.462860
0.992337 0.495001 1.108945 0.462706
0.992550 0.494917 1.109098 0.462552
0.992763 0.494832 1.109251 0.462398
0.992977 0.494747 1.109404 0.462244
0.993190 0.494662 1.109557 0.462090
0.993404 0.494577 1.109710 0.461935
0.993617 0.494492 1.109863 0.461780
0.993830 0.494406 1.110016 0.461626
0.994044 0.494320 1.110169 0.461471
0.994257 0.494233 1.110322 0.461315
0.994471 0.494147 1.110474 0.461160
0.994684 0.494060 1.110627 0.461005
0.994898 0.493973 1.110780 0.460849
0.995111 0.493886 1.110932 0.460693
0.995325 0.493799 1.111084 0.460537
0.995538 0.493711 1.111237 0.460381
0.995752 0.493623 1.111389 0.460225
0.995966 0.493535 1.111541 0.460068
0.996179 0.493446 1.111693 0.459912
0.996393 0.493358 1.111846 0.459755
0.996606 0.493269 1.111998 0.459598
0.996820 0.493180 1.112150 0.459441
0.997034 0.493090 1.112301 0.459284
0.997247 0.493001 1.112453 0.459127
0.997461 0.492911 1.112605 0.458969
0.997675 0.492821 1.112757 0.458812
0.997888 0.492731 1.112908 0.458654
0.998102 0.492640 1.113060 0.458496
0.998316 0.492549 1.113211 0.458338
0.998530 0.492458 1.113363 0.458180
0.998743 0.492367 1.113514 0.458021
0.998957 0.492276 1.113665 0.457863
0.999171 0.492184 1.113817 0.457704
0.999385 0.492092 1.113968 0.457545
0.999598 0.492000 1.114119 0.457386
0.999812 0.491907 1.114270 0.457227
1.000026 0.491815 1.114421 0.457068
1.000240 0.491722 1.114572 0.456908
1.000454 0.491629 1.114722 0.456749
1.000667 0.491535 1.114873 0.456589
1.000881 0.491442 1.115024 0.456429
1.001095 0.491348 1.115174 0.456269
1.001309 0.491254 1.115325 0.456109
1.001523 0.491159 1.115475 0.455948
1.001737 0.491065 1.115626 0.455788
1.001951 0.490970 1.115776 0.455627
1.002164 0.490875 1.115926 0.455466
1.002378 0.490780 1.116077 0.455305
1.002592 0.490684 1.116227 0.455144
1.002806 0.490589 1.116377 0.454983
1.003020 0.490493 1.116527 0.454822
1.003234 0.490396 1.116677 0.454660
1.003448 0.490300 1.116827 0.454498
1.003662 0.490203 1.116976 0.454337
1.003876 0.490106 1.117126 0.454175
1.004090 0.490009 1.117276 0.454012
1.004304 0.489912 1.117425 0.453850
1.004518 0.489814 1.117575 0.453688
1.004732 0.489716 1.117724 0.453525
1.004946 0.489618 1.117874 0.453362
1.005160 0.489520 1.118023 0.453199
1.005374 0.489421 1.118172 0.453036
1.005588 0.489323 1.118321 0.452873
1.005802 0.489224 1.118471 0.452710
1.006016 0.489124 1.118620 0.452546
1.006230 0.489025 1.118769 0.452383
1.006444 0.488925 1.118918 0.452219
1.006658 0.488825 1.119066 0.452055
1.006872 0.488725 1.119215 0.451891
1.007086 0.488624 1.119364 0.451727
1.007300 0.488524 1.119512 0.451562
1.007514 0.488423 1.119661 0.451398
1.007728 0.488322 1.119810 0.451233
1.007942 0.488220 1.119958 0.451068
1.008156 0.488119 1.120106 0.450904
1.008370 0.488017 1.120255 0.450738
1.008584 0.487915 1.120403 0.450573
1.008798 0.487812 1.120551 0.450408
1.009012 0.487710 1.120699 0.450242
1.009226 0.487607 1.120847 0.450077
1.009440 0.487504 1.120995 0.449911
1.009654 0.487401 1.121143 0.449745
1.009868 0.487297 1.121291 0.449579
1.010082 0.487194 1.121438 0.449412
1.010297 0.487090 1.121586 0.449246
1.010511 0.486985 1.121734 0.449079
1.010725 0.486881 1.121881 0.448913
1.010939 0.486776 1.122029 0.448746
1.011153 0.486672 1.122176 0.448579
1.011367 0.486566 1.122323 0.448412
1.011581 0.486461 1.122471 0.448245
1.011795 0.486355 1.122618 0.448077
1.012009 0.486250 1.122765 0.447910
1.012223 0.486144 1.122912 0.447742
1.012437 0.486037 1.123059 0.447574
1.012651 0.485931 1.123206 0.447406
1.012866 0.485824 1.123353 0.447238
1.013080 0.485717 1.123500 0.447070
1.013294 0.485610 1.123646 0.446901
1.013508 0.485502 1.123793 0.446733
1.013722 0.485395 1.123940 0.446564
1.013936 0.485287 1.124086 0.446395
1.014150 0.485179 1.124232 0.446226
1.014364 0.485070 1.124379 0.446057
1.014578 0.484961 1.124525 0.445888
1.014792 0.484853 1.124671 0.445718
1.015006 0.484744 1.124817 0.445549
1.015221 0.484634 1.124964 0.445379
1.015435 0.484525 1.125110 0.445209
1.015649 0.484415 1.125256 0.445039
1.015863 0.484305 1.125401 0.444869
1.016077 0.484195 1.125547 0.444699
1.016291 0.484084 1.125693 0.444528
1.016505 0.483973 1.125839 0.444358
1.016719 0.483862 1.125984 0.444187
1.016933 0.483751 1.126130 0.444016
1.017147 0.483640 1.126275 0.443845
1.017361 0.483528 1.126421 0.443674
1.017575 0.483416 1.126566 0.443503
1.017789 0.483304 1.126711 0.443331
1.018003 0.483192 1.126856 0.443160
1.018217 0.483079 1.127001 0.442988
1.018431 0.482966 1.127147 0.442816
1.018646 0.482853 1.127291 0.442644
1.018860 0.482740 1.127436 0.442472
1.019074 0.482627 1.127581 0.442300
1.019288 0.482513 1.127726 0.442128
1.019502 0.482399 1.127871 0.441955
1.019716 0.482285 1.128015 0.441783
1.019930 0.482170 1.128160 0.441610
1.020144 0.482056 1.128304 0.441437
1.020358 0.481941 1.128449 0.441264
1.020572 0.481826 1.128593 0.441091
1.020786 0.481710 1.128737 0.440917
1.021000 0.481595 1.128882 0.440744
1.021214 0.481479 1.129026 0.440570
1.021428 0.481363 1.129170 0.440396
1.021642 0.481246 1.129314 0.440222
1.021856 0.481130 1.129458 0.440048
1.022069 0.481013 1.129602 0.439874
1.022283 0.480896 1.129745 0.439700
1.022497 0.480779 1.129889 0.439525
1.022711 0.480662 1.130033 0.439351
1.022925 0.480544 1.130176 0.439176
1.023139 0.480426 1.130320 0.439001
1.023353 0.480308 1.130463 0.438826
1.023567 0.480189 1.130607 0.438651
1.023781 0.480071 1.130750 0.438476
1.023995 0.479952 1.130893 0.438300
1.024209 0.479833 1.131036 0.438125
1.024422 0.479714 1.131179 0.437949
1.024636 0.479594 1.131322 0.437773
1.024850 0.479474 1.131465 0.437597
1.025064 0.479354 1.131608 0.437421
1.025278 0.479234 1.131751 0.437245
1.025492 0.479114 1.131894 0.437068
1.025705 0.478993 1.132036 0.436892
1.025919 0.478872 1.132179 0.436715
1.026133 0.478751 1.132321 0.436538
1.026347 0.478630 1.132464 0.436361
1.026561 0.478508 1.132606 0.436184
1.026774 0.478386 1.132749 0.436007
1.026988 0.478264 1.132891 0.435830
1.027202 0.478142 1.133033 0.435652
1.027416 0.478020 1.133175 0.435475
1.027629 0.477897 1.133317 0.435297
1.027843 0.477774 1.133459 0.435119
1.028057 0.477651 1.133601 0.434941
1.028271 0.477527 1.133743 0.434763
1.028484 0.477404 1.133884 0.434585
1.028698 0.477280 1.134026 0.434406
1.028912 0.477156 1.134168 0.434228
1.029125 0.477031 1.134309 0.434049
1.029339 0.476907 1.134451 0.433870
1.029552 0.476782 1.134592 0.433691
1.029766 0.476657 1.134733 0.433512
1.029980 0.476532 1.134875 0.433333
1.030193 0.476406 1.135016 0.433154
1.030407 0.476280 1.135157 0.432974
1.030620 0.476154 1.135298 0.432794
1.030834 0.476028 1.135439 0.432615
1.031047 0.475902 1.135580 0.432435
1.031261 0.475775 1.135721 0.432255
1.031474 0.475648 1.135861 0.432075
1.031688 0.475521 1.136002 0.431894
1.031901 0.475394 1.136143 0.431714
1.032115 0.475266 1.136283 0.431533
1.032328 0.475139 1.136424 0.431353
1.032542 0.475011 1.136564 0.431172
1.032755 0.474882 1.136704 0.430991
1.032969 0.474754 1.136845 0.430810
1.033182 0.474625 1.136985 0.430629
1.033395 0.474496 1.137125 0.430447
1.033609 0.474367 1.137265 0.430266
1.033822 0.474238 1.137405 0.430084
1.034035 0.474108 1.137545 0.429902
1.034249 0.473978 1.137684 0.429721
1.034462 0.473848 1.137824 0.429539
1.034675 0.473718 1.137964 0.429356
1.034889 0.473588 1.138103 0.429174
1.035102 0.473457 1.138243 0.428992
1.035315 0.473326 1.138382 0.428809
1.035528 0.473195 1.138522 0.428627
1.035741 0.473063 1.138661 0.428444
1.035955 0.472932 1.138800 0.428261
1.036168 0.472800 1.138940 0.428078
1.036381 0.472668 1.139079 0.427895
1.036594 0.472535 1.139218 0.427711
1.036807 0.472403 1.139357 0.427528
1.037020 0.472270 1.139496 0.427344
1.037233 0.472137 1.139634 0.427160
1.037446 0.472004 1.139773 0.426977
1.037660 0.471870 1.139912 0.426793
1.037873 0.471737 1.140050 0.426609
1.038086 0.471603 1.140189 0.426424
1.038299 0.471469 1.140327 0.426240
1.038512 0.471334 1.140466 0.426056
1.038724 0.471200 1.140604 0.425871
1.038937 0.471065 1.140742 0.425686
1.039150 0.470930 1.140880 0.425501
1.039363 0.470794 1.141019 0.425316
1.039576 0.470659 1.141157 0.425131
1.039789 0.470523 1.141295 0.424946
1.040002 0.470387 1.141432 0.424761
1.040215 0.470251 1.141570 0.424575
1.040427 0.470115 1.141708 0.424389
1.040640 0.469978 1.141846 0.424204
1.040853 0.469841 1.141983 0.424018
1.041066 0.469704 1.142121 0.423832
1.041278 0.469567 1.142258 0.423646
1.041491 0.469429 1.142396 0.423459
1.041704 0.469292 1.142533 0.423273
1.041916 0.469154 1.142670 0.423086
1.042129 0.469015 1.142807 0.422900
1.042342 0.468877 1.142944 0.422713
1.042554 0.468738 1.143081 0.422526
1.042767 0.468599 1.143218 0.422339
1.042979 0.468460 1.143355 0.422152
1.043192 0.468321 1.143492 0.421964
1.043404 0.468181 1.143629 0.421777
1.043617 0.468042 1.143765 0.421589
1.043829 0.467902 1.143902 0.421402
1.044042 0.467761 1.144038 0.421214
1.044254 0.467621 1.144175 0.421026
1.044466 0.467480 1.144311 0.420838
1.044679 0.467339 1.144447 0.420650
1.044891 0.467198 1.144584 0.420461
1.045103 0.467057 1.144720 0.420273
1.045316 0.466915 1.144856 0.420085
1.045528 0.466773 1.144992 0.419896
1.045740 0.466631 1.145128 0.419707
1.045952 0.466489 1.145264 0.419518
1.046165 0.466347 1.145399 0.419329
1.046377 0.466204 1.145535 0.419140
1.046589 0.466061 1.145671 0.418951
1.046801 0.465918 1.145806 0.418761
1.047013 0.465775 1.145942 0.418572
1.047225 0.465631 1.146077 0.418382
1.047437 0.465487 1.146213 0.418192
1.047649 0.465343 1.146348 0.418002
1.047861 0.465199 1.146483 0.417812
1.048073 0.465054 1.146618 0.417622
1.048285 0.464910 1.146753 0.417432
1.048497 0.464765 1.146888 0.417241
1.048709 0.464620 1.147023 0.417051
1.048921 0.464474 1.147158 0.416860
1.049133 0.464329 1.147293 0.416669
1.049345 0.464183 1.147427 0.416478
1.049556 0.464037 1.147562 0.416287
1.049768 0.463890 1.147697 0.416096
1.049980 0.463744 1.147831 0.415905
1.050191 0.463597 1.147965 0.415713
1.050403 0.463450 1.148100 0.415522
1.050615 0.463303 1.148234 0.415330
1.050826 0.463156 1.148368 0.415138
1.051038 0.463008 1.148502 0.414946
1.051250 0.462860 1.148636 0.414754
1.051461 0.462712 1.148770 0.414562
1.051673 0.462564 1.148904 0.414370
1.051884 0.462415 1.149038 0.414177
1.052095 0.462267 1.149172 0.413985
1.052307 0.462118 1.149305 0.413792
1.052518 0.461969 1.149439 0.413600
1.052730 0.461819 1.149572 0.413407
1.052941 0.461670 1.149706 0.413214
1.053152 0.461520 1.149839 0.413020
1.053364 0.461370 1.149972 0.412827
1.053575 0.461219 1.150106 0.412634
1.053786 0.461069 1.150239 0.412440
1.053997 0.460918 1.150372 0.412247
1.054208 0.460767 1.150505 0.412053
1.054419 0.460616 1.150638 0.411859
1.054630 0.460465 1.150771 0.411665
1.054842 0.460313 1.150903 0.411471
1.055053 0.460161 1.151036 0.411277
1.055264 0.460009 1.151169 0.411083
1.055475 0.459857 1.151301 0.410888
1.055685 0.459704 1.151434 0.410693
1.055896 0.459552 1.151566 0.410499
1.056107 0.459399 1.151699 0.410304
1.056318 0.459246 1.151831 0.410109
1.056529 0.459092 1.151963 0.409914
1.056740 0.458939 1.152095 0.409719
1.056950 0.458785 1.152227 0.409523
1.057161 0.458631 1.152359 0.409328
1.057372 0.458477 1.152491 0.409133
1.057582 0.458322 1.152623 0.408937
1.057793 0.458167 1.152755 0.408741
1.058004 0.458013 1.152886 0.408545
1.058214 0.457857 1.153018 0.408349
1.058425 0.457702 1.153150 0.408153
1.058635 0.457546 1.153281 0.407957
1.058846 0.457391 1.153412 0.407760
1.059056 0.457235 1.153544 0.407564
1.059266 0.457078 1.153675 0.407367
1.059477 0.456922 1.153806 0.407171
1.059687 0.456765 1.153937 0.406974
1.059897 0.456608 1.154068 0.406777
1.060107 0.456451 1.154199 0.406580
1.060318 0.456294 1.154330 0.406383
1.060528 0.456136 1.154461 0.406185
1.060738 0.455979 1.154591 0.405988
1.060948 0.455821 1.154722 0.405790
1.061158 0.455662 1.154853 0.405593
1.061368 0.455504 1.154983 0.405395
1.061578 0.455345 1.155114 0.405197
1.061788 0.455187 1.155244 0.404999
1.061998 0.455027 1.155374 0.404801
1.062208 0.454868 1.155504 0.404602
1.062418 0.454709 1.155635 0.404404
1.062627 0.454549 1.155765 0.404206
1.062837 0.454389 1.155895 0.404007
1.063047 0.454229 1.156024 0.403808
1.063257 0.454068 1.156154 0.403609
1.063466 0.453908 1.156284 0.403410
1.063676 0.453747 1.156414 0.403211
1.063885 0.453586 1.156543 0.403012
1.064095 0.453425 1.156673 0.402813
1.064304 0.453263 1.156802 0.402613
1.064514 0.453101 1.156932 0.402414
1.064723 0.452939 1.157061 0.402214
1.064933 0.452777 1.157190 0.402015
1.065142 0.452615 1.157319 0.401815
1.065351 0.452452 1.157448 0.401615
1.065561 0.452290 1.157577 0.401415
1.065770 0.452127 1.157706 0.401214
1.065979 0.451963 1.157835 0.401014
1.066188 0.451800 1.157964 0.400814
1.066397 0.451636 1.158093 0.400613
1.066606 0.451472 1.158221 0.400412
1.066816 0.451308 1.158350 0.400211
1.067025 0.451144 1.158478 0.400011
1.067233 0.450979 1.158607 0.399809
1.067442 0.450815 1.158735 0.399608
1.067651 0.450650 1.158863 0.399407
1.067860 0.450485 1.158992 0.399206
1.068069 0.450319 1.159120 0.399004
1.068278 0.450154 1.159248 0.398803
1.068486 0.449988 1.159376 0.398601
1.068695 0.449822 1.159504 0.398399
1.068904 0.449655 1.159631 0.398197
1.069112 0.449489 1.159759 0.397995
1.069321 0.449322 1.159887 0.397793
1.069529 0.449155 1.160014 0.397591
1.069738 0.448988 1.160142 0.397388
1.069946 0.448821 1.160269 0.397186
1.070155 0.448653 1.160397 0.396983
1.070363 0.448486 1.160524 0.396780
1.070571 0.448318 1.160651 0.396578
1.070779 0.448149 1.160778 0.396375
1.070988 0.447981 1.160905 0.396172
1.071196 0.447812 1.161032 0.395968
1.071404 0.447643 1.161159 0.395765
1.071612 0.447474 1.161286 0.395562
1.071820 0.447305 1.161413 0.395358
1.072028 0.447136 1.161540 0.395154
1.072236 0.446966 1.161666 0.394951
1.072444 0.446796 1.161793 0.394747
1.072652 0.446626 1.161919 0.394543
1.072860 0.446455 1.162046 0.394339
1.073067 0.446285 1.162172 0.394135
1.073275 0.446114 1.162298 0.393930
1.073483 0.445943 1.162424 0.393726
1.073690 0.445772 1.162550 0.393521
1.073898 0.445600 1.162676 0.393317
1.074106 0.445429 1.162802 0.393112
1.074313 0.445257 1.162928 0.392907
1.074520 0.445085 1.163054 0.392702
1.074728 0.444913 1.163180 0.392497
1.074935 0.444740 1.163305 0.392292
1.075143 0.444567 1.163431 0.392087
1.075350 0.444394 1.163556 0.391881
1.075557 0.444221 1.163682 0.391676
1.075764 0.444048 1.163807 0.391470
1.075971 0.443874 1.163932 0.391264
1.076178 0.443701 1.164058 0.391058
1.076385 0.443527 1.164183 0.390853
1.076592 0.443352 1.164308 0.390646
1.076799 0.443178 1.164433 0.390440
1.077006 0.443003 1.164558 0.390234
1.077213 0.442828 1.164682 0.390028
1.077420 0.442653 1.164807 0.389821
1.077627 0.442478 1.164932 0.389614
1.077833 0.442303 1.165056 0.389408
1.078040 0.442127 1.165181 0.389201
1.078247 0.441951 1.165305 0.388994
1.078453 0.441775 1.165430 0.388787
1.078660 0.441599 1.165554 0.388580
1.078866 0.441422 1.165678 0.388372
1.079073 0.441245 1.165802 0.388165
1.079279 0.441068 1.165926 0.387958
1.079485 0.440891 1.166050 0.387750
1.079692 0.440714 1.166174 0.387542
1.079898 0.440536 1.166298 0.387334
1.080104 0.440358 1.166422 0.387127
1.080310 0.440180 1.166546 0.386919
1.080516 0.440002 1.166669 0.386710
1.080722 0.439824 1.166793 0.386502
1.080928 0.439645 1.166916 0.386294
1.081134 0.439466 1.167040 0.386085
1.081340 0.439287 1.167163 0.385877
1.081546 0.439108 1.167286 0.385668
1.081752 0.438928 1.167409 0.385459
1.081957 0.438748 1.167532 0.385250
1.082163 0.438568 1.167655 0.385041
1.082369 0.438388 1.167778 0.384832
1.082574 0.438208 1.167901 0.384623
1.082780 0.438027 1.168024 0.384414
1.082985 0.437847 1.168146 0.384204
1.083190 0.437666 1.168269 0.383995
1.083396 0.437484 1.168392 0.383785
1.083601 0.437303 1.168514 0.383575
1.083806 0.437121 1.168636 0.383366
1.084012 0.436939 1.168759 0.383156
1.084217 0.436757 1.168881 0.382946
1.084422 0.436575 1.169003 0.382735
1.084627 0.436393 1.169125 0.382525
1.084832 0.436210 1.169247 0.382315
1.085037 0.436027 1.169369 0.382104
1.085242 0.435844 1.169491 0.381894
1.085446 0.435661 1.169613 0.381683
1.085651 0.435477 1.169735 0.381472
1.085856 0.435294 1.169856 0.381261
1.086061 0.435110 1.169978 0.381050
1.086265 0.434925 1.170099 0.380839
1.086470 0.434741 1.170221 0.380628
1.086674 0.434557 1.170342 0.380417
1.086879 0.434372 1.170463 0.380205
1.087083 0.434187 1.170584 0.379994
1.087287 0.434002 1.170705 0.379782
1.087492 0.433816 1.170826 0.379570
1.087696 0.433631 1.170947 0.379358
1.087900 0.433445 1.171068 0.379146
1.088104 0.433259 1.171189 0.378934
1.088308 0.433073 1.171310 0.378722
1.088512 0.432886 1.171430 0.378510
1.088716 0.432699 1.171551 0.378298
1.088920 0.432513 1.171671 0.378085
1.089124 0.432326 1.171792 0.377873
1.089328 0.432138 1.171912 0.377660
1.089531 0.431951 1.172032 0.377447
1.089735 0.431763 1.172153 0.377234
1.089939 0.431575 1.172273 0.377021
1.090142 0.431387 1.172393 0.376808
1.090346 0.431199 1.172513 0.376595
1.090549 0.431010 1.172633 0.376382
1.090753 0.430822 1.172752 0.376168
1.090956 0.430633 1.172872 0.375955
1.091159 0.430443 1.172992 0.375741
1.091362 0.430254 1.173111 0.375527
1.091565 0.430065 1.173231 0.375314
1.091769 0.429875 1.173350 0.375100
1.091972 0.429685 1.173470 0.374886
1.092175 0.429495 1.173589 0.374672
1.092377 0.429304 1.173708 0.374457
1.092580 0.429114 1.173827 0.374243
1.092783 0.428923 1.173946 0.374029
1.092986 0.428732 1.174065 0.373814
1.093188 0.428541 1.174184 0.373599
1.093391 0.428349 1.174303 0.373385
1.093594 0.428158 1.174422 0.373170
1.093796 0.427966 1.174540 0.372955
1.093999 0.427774 1.174659 0.372740
1.094201 0.427582 1.174777 0.372525
1.094403 0.427389 1.174896 0.372309
1.094606 0.427196 1.175014 0.372094
1.094808 0.427004 1.175132 0.371879
1.095010 0.426810 1.175251 0.371663
1.095212 0.426617 1.175369 0.371448
1.095414 0.426424 1.175487 0.371232
1.095616 0.426230 1.175605 0.371016
1.095818 0.426036 1.175723 0.370800
1.096020 0.425842 1.175840 0.370584
1.096221 0.425648 1.175958 0.370368
1.096423 0.425453 1.176076 0.370152
1.096625 0.425259 1.176193 0.369935
1.096826 0.425064 1.176311 0.369719
1.097028 0.424869 1.176428 0.369502
1.097229 0.424673 1.176546 0.369286
1.097431 0.424478 1.176663 0.369069
1.097632 0.424282 1.176780 0.368852
1.097833 0.424086 1.176897 0.368635
1.098034 0.423890 1.177014 0.368418
1.098236 0.423694 1.177131 0.368201
1.098437 0.423497 1.177248 0.367984
1.098638 0.423300 1.177365 0.367766
1.098839 0.423103 1.177482 0.367549
1.099040 0.422906 1.177598 0.367331
1.099240 0.422709 1.177715 0.367114
1.099441 0.422511 1.177831 0.366896
1.099642 0.422313 1.177948 0.366678
1.099842 0.422116 1.178064 0.366460
1.100043 0.421917 1.178180 0.366242
1.100243 0.421719 1.178296 0.366024
1.100444 0.421520 1.178413 0.365806
1.100644 0.421322 1.178529 0.365587
1.100845 0.421123 1.178645 0.365369
1.101045 0.420923 1.178760 0.365150
1.101245 0.420724 1.178876 0.364932
1.101445 0.420524 1.178992 0.364713
1.101645 0.420325 1.179108 0.364494
1.101845 0.420125 1.179223 0.364275
1.102045 0.419924 1.179339 0.364056
1.102245 0.419724 1.179454 0.363837
1.102445 0.419523 1.179569 0.363618
1.102644 0.419323 1.179685 0.363399
1.102844 0.419122 1.179800 0.363179
1.103044 0.418920 1.179915 0.362960
1.103243 0.418719 1.180030 0.362740
1.103443 0.418517 1.180145 0.362521
1.103642 0.418316 1.180260 0.362301
1.103841 0.418113 1.180375 0.362081
1.104041 0.417911 1.180489 0.361861
1.104240 0.417709 1.180604 0.361641
1.104439 0.417506 1.180719 0.361421
1.104638 0.417303 1.180833 0.361200
1.104837 0.417100 1.180948 0.360980
1.105036 0.416897 1.181062 0.360760
1.105235 0.416694 1.181176 0.360539
1.105433 0.416490 1.181290 0.360318
1.105632 0.416286 1.181404 0.360098
1.105831 0.416082 1.181518 0.359877
1.106029 0.415878 1.181632 0.359656
1.106228 0.415674 1.181746 0.359435
1.106426 0.415469 1.181860 0.359214
1.106624 0.415264 1.181974 0.358992
1.106823 0.415059 1.182087 0.358771
1.107021 0.414854 1.182201 0.358550
1.107219 0.414648 1.182314 0.358328
1.107417 0.414443 1.182428 0.358107
1.107615 0.414237 1.182541 0.357885
1.107813 0.414031 1.182654 0.357663
1.108011 0.413825 1.182768 0.357441
1.108209 0.413618 1.182881 0.357219
1.108406 0.413412 1.182994 0.356997
1.108604 0.413205 1.183107 0.356775
1.108802 0.412998 1.183219 0.356553
1.108999 0.412790 1.183332 0.356330
1.109197 0.412583 1.183445 0.356108
1.109394 0.412375 1.183558 0.355885
1.109591 0.412168 1.183670 0.355663
1.109789 0.411960 1.183783 0.355440
1.109986 0.411751 1.183895 0.355217
1.110183 0.411543 1.184007 0.354994
1.110380 0.411334 1.184120 0.354771
1.110577 0.411125 1.184232 0.354548
1.110774 0.410916 1.184344 0.354325
1.110970 0.410707 1.184456 0.354101
1.111167 0.410498 1.184568 0.353878
1.111364 0.410288 1.184680 0.353654
1.111560 0.410078 1.184791 0.353431
1.111757 0.409868 1.184903 0.353207
1.111953 0.409658 1.185015 0.352983
1.112150 0.409448 1.185126 0.352760
1.112346 0.409237 1.185238 0.352536
1.112542 0.409026 1.185349 0.352312
1.112738 0.408815 1.185460 0.352087
1.112934 0.408604 1.185572 0.351863
1.113130 0.408393 1.185683 0.351639
1.113326 0.408181 1.185794 0.351414
1.113522 0.407969 1.185905 0.351190
1.113718 0.407757 1.186016 0.350965
1.113913 0.407545 1.186127 0.350741
1.114109 0.407333 1.186237 0.350516
1.114305 0.407120 1.186348 0.350291
1.114500 0.406908 1.186459 0.350066
1.114695 0.406695 1.186569 0.349841
1.114891 0.406481 1.186680 0.349616
1.115086 0.406268 1.186790 0.349391
1.115281 0.406055 1.186900 0.349165
1.115476 0.405841 1.187010 0.348940
1.115671 0.405627 1.187121 0.348714
1.115866 0.405413 1.187231 0.348489
1.116061 0.405198 1.187341 0.348263
1.116256 0.404984 1.187451 0.348037
1.116450 0.404769 1.187560 0.347811
1.116645 0.404554 1.187670 0.347585
1.116840 0.404339 1.187780 0.347359
1.117034 0.404124 1.187889 0.347133
1.117228 0.403908 1.187999 0.346907
1.117423 0.403693 1.188108 0.346680
1.117617 0.403477 1.188218 0.346454
1.117811 0.403261 1.188327 0.346227
1.118005 0.403044 1.188436 0.346001
1.118199 0.402828 1.188545 0.345774
1.118393 0.402611 1.188654 0.345547
1.118587 0.402394 1.188763 0.345321
1.118781 0.402177 1.188872 0.345094
1.118974 0.401960 1.188981 0.344866
1.119168 0.401743 1.189090 0.344639
1.119362 0.401525 1.189198 0.344412
1.119555 0.401307 1.189307 0.344185
1.119748 0.401089 1.189415 0.343957
1.119942 0.400871 1.189524 0.343730
1.120135 0.400652 1.189632 0.343502
1.120328 0.400434 1.189740 0.343275
1.120521 0.400215 1.189849 0.343047
1.120714 0.399996 1.189957 0.342819
1.120907 0.399777 1.190065 0.342591
1.121100 0.399557 1.190173 0.342363
1.121293 0.399338 1.190280 0.342135
1.121485 0.399118 1.190388 0.341907
1.121678 0.398898 1.190496 0.341678
1.121870 0.398678 1.190604 0.341450
1.122063 0.398458 1.190711 0.341221
1.122255 0.398237 1.190819 0.340993
1.122447 0.398016 1.190926 0.340764
1.122639 0.397795 1.191033 0.340535
1.122831 0.397574 1.191141 0.340307
1.123023 0.397353 1.191248 0.340078
1.123215 0.397132 1.191355 0.339849
1.123407 0.396910 1.191462 0.339620
1.123599 0.396688 1.191569 0.339390
1.123791 0.396466 1.191676 0.339161
1.123982 0.396244 1.191782 0.338932
1.124174 0.396021 1.191889 0.338702
1.124365 0.395799 1.191996 0.338473
1.124557 0.395576 1.192102 0.338243
1.124748 0.395353 1.192209 0.338013
1.124939 0.395129 1.192315 0.337784
1.125130 0.394906 1.192421 0.337554
1.125321 0.394682 1.192528 0.337324
1.125512 0.394459 1.192634 0.337094
1.125703 0.394235 1.192740 0.336864
1.125894 0.394010 1.192846 0.336633
1.126084 0.393786 1.192952 0.336403
1.126275 0.393562 1.193057 0.336173
1.126465 0.393337 1.193163 0.335942
1.126656 0.393112 1.193269 0.335712
1.126846 0.392887 1.193374 0.335481
1.127036 0.392661 1.193480 0.335250
1.127227 0.392436 1.193585 0.335019
1.127417 0.392210 1.193691 0.334788
1.127607 0.391984 1.193796 0.334557
1.127797 0.391758 1.193901 0.334326
1.127987 0.391532 1.194006 0.334095
1.128176 0.391306 1.194111 0.333864
1.128366 0.391079 1.194216 0.333633
1.128555 0.390852 1.194321 0.333401
1.128745 0.390625 1.194426 0.333170
1.128934 0.390398 1.194531 0.332938
1.129124 0.390171 1.194635 0.332706
1.129313 0.389943 1.194740 0.332475
1.129502 0.389715 1.194844 0.332243
1.129691 0.389487 1.194949 0.332011
1.129880 0.389259 1.195053 0.331779
1.130069 0.389031 1.195157 0.331547
1.130258 0.388802 1.195261 0.331315
1.130447 0.388573 1.195366 0.331082
1.130635 0.388345 1.195470 0.330850
1.130824 0.388116 1.195573 0.330617
1.131012 0.387886 1.195677 0.330385
1.131201 0.387657 1.195781 0.330152
1.131389 0.387427 1.195885 0.329920
1.131577 0.387197 1.195988 0.329687
1.131765 0.386967 1.196092 0.329454
1.131953 0.386737 1.196195 0.329221
1.132141 0.386507 1.196299 0.328988
1.132329 0.386276 1.196402 0.328755
1.132517 0.386045 1.196505 0.328522
1.132704 0.385814 1.196608 0.328288
1.132892 0.385583 1.196711 0.328055
1.133079 0.385352 1.196814 0.327822
1.133267 0.385120 1.196917 0.327588
1.133454 0.384889 1.197020 0.327354
1.133641 0.384657 1.197123 0.327121
1.133828 0.384425 1.197226 0.326887
1.134015 0.384192 1.197328 0.326653
1.134202 0.383960 1.197431 0.326419
1.134389 0.383727 1.197533 0.326185
1.134576 0.383495 1.197635 0.325951
1.134763 0.383262 1.197738 0.325717
1.134949 0.383028 1.197840 0.325482
1.135136 0.382795 1.197942 0.325248
1.135322 0.382561 1.198044 0.325014
1.135508 0.382328 1.198146 0.324779
1.135695 0.382094 1.198248 0.324545
1.135881 0.381860 1.198350 0.324310
1.136067 0.381625 1.198451 0.324075
1.136253 0.381391 1.198553 0.323840
1.136439 0.381156 1.198654 0.323605
1.136624 0.380921 1.198756 0.323370
1.136810 0.380686 1.198857 0.323135
1.136996 0.380451 1.198959 0.322900
1.137181 0.380216 1.199060 0.322665
1.137366 0.379980 1.199161 0.322429
1.137552 0.379744 1.199262 0.322194
1.137737 0.379508 1.199363 0.321958
1.137922 0.379272 1.199464 0.321723
1.138107 0.379036 1.199565 0.321487
1.138292 0.378799 1.199666 0.321251
1.138477 0.378563 1.199766 0.321016
1.138662 0.378326 1.199867 0.320780
1.138846 0.378089 1.199967 0.320544
1.139031 0.377852 1.200068 0.320308
1.139215 0.377614 1.200168 0.320071
1.139400 0.377377 1.200269 0.319835
1.139584 0.377139 1.200369 0.319599
1.139768 0.376901 1.200469 0.319363
1.139952 0.376663 1.200569 0.319126
1.140136 0.376424 1.200669 0.318890
1.140320 0.376186 1.200769 0.318653
1.140504 0.375947 1.200869 0.318416
1.140688 0.375708 1.200968 0.318179
1.140871 0.375469 1.201068 0.317943
1.141055 0.375230 1.201167 0.317706
1.141238 0.374991 1.201267 0.317469
1.141421 0.374751 1.201366 0.317231
1.141605 0.374511 1.201466 0.316994
1.141788 0.374271 1.201565 0.316757
1.141971 0.374031 1.201664 0.316520
1.142154 0.373791 1.201763 0.316282
1.142337 0.373550 1.201862 0.316045
1.142519 0.373310 1.201961 0.315807
1.142702 0.373069 1.202060 0.315569
1.142885 0.372828 1.202159 0.315332
1.143067 0.372586 1.202257 0.315094
1.143249 0.372345 1.202356 0.314856
1.143432 0.372103 1.202455 0.314618
1.143614 0.371862 1.202553 0.314380
1.143796 0.371620 1.202651 0.314142
1.143978 0.371378 1.202750 0.313904
1.144160 0.371135 1.202848 0.313665
1.144342 0.370893 1.202946 0.313427
1.144523 0.370650 1.203044 0.313188
1.144705 0.370407 1.203142 0.312950
1.144886 0.370164 1.203240 0.312711
1.145068 0.369921 1.203338 0.312473
1.145249 0.369678 1.203436 0.312234
1.145430 0.369434 1.203533 0.311995
1.145611 0.369190 1.203631 0.311756
1.145792 0.368946 1.203728 0.311517
1.145973 0.368702 1.203826 0.311278
1.146154 0.368458 1.203923 0.311039
1.146335 0.368214 1.204020 0.310800
1.146515 0.367969 1.204117 0.310560
1.146696 0.367724 1.204214 0.310321
1.146876 0.367479 1.204312 0.310082
1.147057 0.367234 1.204408 0.309842
1.147237 0.366989 1.204505 0.309602
1.147417 0.366743 1.204602 0.309363
1.147597 0.366498 1.204699 0.309123
1.147777 0.366252 1.204795 0.308883
1.147957 0.366006 1.204892 0.308643
1.148136 0.365759 1.204988 0.308403
1.148316 0.365513 1.205085 0.308163
1.148495 0.365266 1.205181 0.307923
1.148675 0.365020 1.205277 0.307683
1.148854 0.364773 1.205373 0.307443
1.149033 0.364526 1.205469 0.307202
1.149212 0.364278 1.205565 0.306962
1.149391 0.364031 1.205661 0.306721
1.149570 0.363783 1.205757 0.306481
1.149749 0.363535 1.205853 0.306240
1.149928 0.363287 1.205949 0.305999
1.150106 0.363039 1.206044 0.305758
1.150285 0.362791 1.206140 0.305517
1.150463 0.362542 1.206235 0.305277
1.150642 0.362294 1.206330 0.305035
1.150820 0.362045 1.206426 0.304794
1.150998 0.361796 1.206521 0.304553
1.151176 0.361546 1.206616 0.304312
1.151354 0.361297 1.206711 0.304070
1.151532 0.361047 1.206806 0.303829
1.151709 0.360798 1.206901 0.303588
1.151887 0.360548 1.206995 0.303346
1.152064 0.360298 1.207090 0.303104
1.152242 0.360047 1.207185 0.302863
1.152419 0.359797 1.207279 0.302621
1.152596 0.359546 1.207374 0.302379
1.152773 0.359296 1.207468 0.302137
1.152950 0.359045 1.207562 0.301895
1.153127 0.358793 1.207657 0.301653
1.153304 0.358542 1.207751 0.301411
1.153480 0.358291 1.207845 0.301168
1.153657 0.358039 1.207939 0.300926
1.153833 0.357787 1.208033 0.300684
1.154010 0.357535 1.208126 0.300441
1.154186 0.357283 1.208220 0.300199
1.154362 0.357031 1.208314 0.299956
1.154538 0.356778 1.208407 0.299713
1.154714 0.356525 1.208501 0.299471
1.154890 0.356272 1.208594 0.299228
1.155065 0.356019 1.208688 0.298985
1.155241 0.355766 1.208781 0.298742
1.155416 0.355513 1.208874 0.298499
1.155592 0.355259 1.208967 0.298256
1.155767 0.355005 1.209060 0.298013
1.155942 0.354752 1.209153 0.297769
1.156117 0.354497 1.209246 0.297526
1.156292 0.354243 1.209339 0.297283
1.156467 0.353989 1.209431 0.297039
1.156642 0.353734 1.209524 0.296796
1.156817 0.353479 1.209617 0.296552
1.156991 0.353224 1.209709 0.296308
1.157166 0.352969 1.209801 0.296064
1.157340 0.352714 1.209894 0.295821
1.157514 0.352459 1.209986 0.295577
1.157688 0.352203 1.210078 0.295333
1.157862 0.351947 1.210170 0.295089
1.158036 0.351691 1.210262 0.294844
1.158210 0.351435 1.210354 0.294600
1.158383 0.351179 1.210446 0.294356
1.158557 0.350922 1.210537 0.294112
1.158730 0.350666 1.210629 0.293867
1.158904 0.350409 1.210721 0.293623
1.159077 0.350152 1.210812 0.293378
1.159250 0.349895 1.210903 0.293133
1.159423 0.349637 1.210995 0.292889
1.159596 0.349380 1.211086 0.292644
1.159769 0.349122 1.211177 0.292399
1.159942 0.348864 1.211268 0.292154
1.160114 0.348606 1.211359 0.291909
1.160287 0.348348 1.211450 0.291664
1.160459 0.348090 1.211541 0.291419
1.160631 0.347831 1.211632 0.291174
1.160803 0.347573 1.211722 0.290928
1.160975 0.347314 1.211813 0.290683
1.161147 0.347055 1.211904 0.290438
1.161319 0.346796 1.211994 0.290192
1.161491 0.346536 1.212084 0.289947
1.161663 0.346277 1.212175 0.289701
1.161834 0.346017 1.212265 0.289455
1.162005 0.345757 1.212355 0.289210
1.162177 0.345497 1.212445 0.288964
1.162348 0.345237 1.212535 0.288718
1.162519 0.344977 1.212625 0.288472
1.162690 0.344716 1.212715 0.288226
1.162861 0.344455 1.212804 0.287980
1.163031 0.344195 1.212894 0.287733
1.163202 0.343934 1.212983 0.287487
1.163372 0.343672 1.213073 0.287241
1.163543 0.343411 1.213162 0.286994
1.163713 0.343149 1.213252 0.286748
1.163883 0.342888 1.213341 0.286501
1.164053 0.342626 1.213430 0.286255
1.164223 0.342364 1.213519 0.286008
1.164393 0.342102 1.213608 0.285761
1.164563 0.341839 1.213697 0.285515
1.164732 0.341577 1.213786 0.285268
1.164902 0.341314 1.213875 0.285021
1.165071 0.341051 1.213963 0.284774
1.165240 0.340788 1.214052 0.284527
1.165409 0.340525 1.214140 0.284280
1.165579 0.340262 1.214229 0.284032
1.165747 0.339998 1.214317 0.283785
1.165916 0.339734 1.214405 0.283538
1.166085 0.339471 1.214493 0.283290
1.166253 0.339207 1.214582 0.283043
1.166422 0.338942 1.214670 0.282795
1.166590 0.338678 1.214757 0.282548
1.166759 0.338414 1.214845 0.282300
1.166927 0.338149 1.214933 0.282052
1.167095 0.337884 1.215021 0.281804
1.167263 0.337619 1.215108 0.281556
1.167430 0.337354 1.215196 0.281308
1.167598 0.337089 1.215283 0.281060
1.167765 0.336823 1.215371 0.280812
1.167933 0.336557 1.215458 0.280564
1.168100 0.336292 1.215545 0.280316
1.168267 0.336026 1.215632 0.280067
1.168435 0.335760 1.215719 0.279819
1.168601 0.335493 1.215806 0.279571
1.168768 0.335227 1.215893 0.279322
1.168935 0.334960 1.215980 0.279074
1.169102 0.334693 1.216067 0.278825
1.169268 0.334426 1.216153 0.278576
1.169435 0.334159 1.216240 0.278327
1.169601 0.333892 1.216326 0.278079
1.169767 0.333625 1.216413 0.277830
1.169933 0.333357 1.216499 0.277581
1.170099 0.333089 1.216585 0.277332
1.170265 0.332821 1.216672 0.277083
1.170430 0.332553 1.216758 0.276833
1.170596 0.332285 1.216844 0.276584
1.170761 0.332017 1.216930 0.276335
1.170927 0.331748 1.217015 0.276085
1.171092 0.331479 1.217101 0.275836
1.171257 0.331210 1.217187 0.275586
1.171422 0.330941 1.217272 0.275337
1.171587 0.330672 1.217358 0.275087
1.171752 0.330403 1.217443 0.274838
1.171916 0.330133 1.217529 0.274588
1.172081 0.329863 1.217614 0.274338
1.172245 0.329594 1.217699 0.274088
1.172410 0.329324 1.217784 0.273838
1.172574 0.329053 1.217869 0.273588
1.172738 0.328783 1.217954 0.273338
1.172902 0.328513 1.218039 0.273088
1.173065 0.328242 1.218124 0.272838
1.173229 0.327971 1.218208 0.272587
1.173393 0.327700 1.218293 0.272337
1.173556 0.327429 1.218378 0.272087
1.173720 0.327158 1.218462 0.271836
1.173883 0.326886 1.218546 0.271586
1.174046 0.326615 1.218631 0.271335
1.174209 0.326343 1.218715 0.271084
1.174372 0.326071 1.218799 0.270833
1.174534 0.325799 1.218883 0.270583
1.174697 0.325527 1.218967 0.270332
1.174859 0.325254 1.219051 0.270081
1.175022 0.324982 1.219135 0.269830
1.175184 0.324709 1.219218 0.269579
1.175346 0.324436 1.219302 0.269328
1.175508 0.324163 1.219386 0.269076
1.175670 0.323890 1.219469 0.268825
1.175832 0.323616 1.219552 0.268574
1.175994 0.323343 1.219636 0.268323
1.176155 0.323069 1.219719 0.268071
1.176316 0.322795 1.219802 0.267820
1.176478 0.322522 1.219885 0.267568
1.176639 0.322247 1.219968 0.267316
1.176800 0.321973 1.220051 0.267065
1.176961 0.321699 1.220134 0.266813
1.177122 0.321424 1.220217 0.266561
1.177282 0.321149 1.220299 0.266309
1.177443 0.320874 1.220382 0.266057
1.177603 0.320599 1.220464 0.265805
1.177764 0.320324 1.220547 0.265553
1.177924 0.320049 1.220629 0.265301
1.178084 0.319773 1.220711 0.265049
1.178244 0.319497 1.220794 0.264797
1.178404 0.319222 1.220876 0.264544
1.178563 0.318946 1.220958 0.264292
1.178723 0.318669 1.221040 0.264039
1.178882 0.318393 1.221122 0.263787
1.179042 0.318117 1.221203 0.263534
1.179201 0.317840 1.221285 0.263282
1.179360 0.317563 1.221367 0.263029
1.179519 0.317286 1.221448 0.262776
1.179678 0.317009 1.221530 0.262523
1.179836 0.316732 1.221611 0.262270
1.179995 0.316455 1.221692 0.262018
1.180153 0.316177 1.221773 0.261765
1.180312 0.315899 1.221854 0.261511
1.180470 0.315622 1.221936 0.261258
1.180628 0.315344 1.222016 0.261005
1.180786 0.315065 1.222097 0.260752
1.180944 0.314787 1.222178 0.260499
1.181102 0.314509 1.222259 0.260245
1.181259 0.314230 1.222339 0.259992
1.181417 0.313951 1.222420 0.259738
1.181574 0.313672 1.222500 0.259485
1.181731 0.313393 1.222581 0.259231
1.181888 0.313114 1.222661 0.258977
1.182045 0.312835 1.222741 0.258724
1.182202 0.312555 1.222822 0.258470
1.182359 0.312275 1.222902 0.258216
1.182515 0.311995 1.222982 0.257962
1.182672 0.311715 1.223061 0.257708
1.182828 0.311435 1.223141 0.257454
1.182984 0.311155 1.223221 0.257200
1.183141 0.310875 1.223301 0.256946
1.183296 0.310594 1.223380 0.256691
1.183452 0.310313 1.223460 0.256437
1.183608 0.310032 1.223539 0.256183
1.183764 0.309751 1.223618 0.255928
1.183919 0.309470 1.223698 0.255674
1.184074 0.309189 1.223777 0.255419
1.184230 0.308907 1.223856 0.255165
1.184385 0.308626 1.223935 0.254910
1.184540 0.308344 1.224014 0.254655
1.184694 0.308062 1.224093 0.254401
1.184849 0.307780 1.224171 0.254146
1.185004 0.307497 1.224250 0.253891
1.185158 0.307215 1.224329 0.253636
1.185312 0.306933 1.224407 0.253381
1.185467 0.306650 1.224486 0.253126
1.185621 0.306367 1.224564 0.252871
1.185774 0.306084 1.224642 0.252616
1.185928 0.305801 1.224720 0.252360
1.186082 0.305518 1.224798 0.252105
1.186235 0.305234 1.224877 0.251850
1.186389 0.304951 1.224954 0.251594
1.186542 0.304667 1.225032 0.251339
1.186695 0.304383 1.225110 0.251083
1.186848 0.304099 1.225188 0.250828
1.187001 0.303815 1.225265 0.250572
1.187154 0.303530 1.225343 0.250316
1.187307 0.303246 1.225420 0.250061
1.187459 0.302961 1.225498 0.249805
1.187611 0.302676 1.225575 0.249549
1.187764 0.302392 1.225652 0.249293
1.187916 0.302106 1.225729 0.249037
1.188068 0.301821 1.225806 0.248781
1.188220 0.301536 1.225883 0.248525
1.188371 0.301250 1.225960 0.248269
1.188523 0.300965 1.226037 0.248012
1.188674 0.300679 1.226114 0.247756
1.188826 0.300393 1.226190 0.247500
1.188977 0.300107 1.226267 0.247243
1.189128 0.299821 1.226343 0.246987
1.189279 0.299534 1.226420 0.246730
1.189430 0.299248 1.226496 0.246474
1.189580 0.298961 1.226572 0.246217
1.189731 0.298674 1.226648 0.245960
1.189881 0.298387 1.226724 0.245704
1.190032 0.298100 1.226800 0.245447
1.190182 0.297813 1.226876 0.245190
1.190332 0.297525 1.226952 0.244933
1.190482 0.297238 1.227028 0.244676
1.190632 0.296950 1.227103 0.244419
1.190781 0.296662 1.227179 0.244162
1.190931 0.296374 1.227254 0.243905
1.191080 0.296086 1.227330 0.243648
1.191229 0.295798 1.227405 0.243390
1.191378 0.295509 1.227480 0.243133
1.191527 0.295221 1.227556 0.242876
1.191676 0.294932 1.227631 0.242618
1.191825 0.294643 1.227706 0.242361
1.191973 0.294354 1.227781 0.242103
1.192122 0.294065 1.227855 0.241846
1.192270 0.293776 1.227930 0.241588
1.192418 0.293487 1.228005 0.241330
1.192566 0.293197 1.228079 0.241073
1.192714 0.292907 1.228154 0.240815
1.192862 0.292617 1.228228 0.240557
1.193010 0.292327 1.228303 0.240299
1.193157 0.292037 1.228377 0.240041
1.193305 0.291747 1.228451 0.239783
1.193452 0.291457 1.228525 0.239525
1.193599 0.291166 1.228599 0.239267
1.193746 0.290875 1.228673 0.239008
1.193893 0.290584 1.228747 0.238750
1.194039 0.290293 1.228821 0.238492
1.194186 0.290002 1.228894 0.238233
1.194332 0.289711 1.228968 0.237975
1.194479 0.289420 1.229041 0.237717
1.194625 0.289128 1.229115 0.237458
1.194771 0.288836 1.229188 0.237199
1.194917 0.288545 1.229262 0.236941
1.195062 0.288253 1.229335 0.236682
1.195208 0.287960 1.229408 0.236423
1.195354 0.287668 1.229481 0.236165
1.195499 0.287376 1.229554 0.235906
1.195644 0.287083 1.229627 0.235647
1.195789 0.286791 1.229699 0.235388
1.195934 0.286498 1.229772 0.235129
1.196079 0.286205 1.229845 0.234870
1.196224 0.285912 1.229917 0.234611
1.196368 0.285618 1.229990 0.234351
1.196513 0.285325 1.230062 0.234092
1.196657 0.285032 1.230134 0.233833
1.196801 0.284738 1.230207 0.233573
1.196945 0.284444 1.230279 0.233314
1.197089 0.284150 1.230351 0.233055
1.197233 0.283856 1.230423 0.232795
1.197376 0.283562 1.230495 0.232535
1.197520 0.283268 1.230566 0.232276
1.197663 0.282973 1.230638 0.232016
1.197806 0.282679 1.230710 0.231756
1.197949 0.282384 1.230781 0.231497
1.198092 0.282089 1.230853 0.231237
1.198235 0.281794 1.230924 0.230977
1.198377 0.281499 1.230995 0.230717
1.198520 0.281203 1.231067 0.230457
1.198662 0.280908 1.231138 0.230197
1.198804 0.280612 1.231209 0.229937
1.198946 0.280317 1.231280 0.229677
1.199088 0.280021 1.231351 0.229417
1.199230 0.279725 1.231421 0.229156
1.199372 0.279429 1.231492 0.228896
1.199513 0.279132 1.231563 0.228636
1.199655 0.278836 1.231633 0.228375
1.199796 0.278539 1.231704 0.228115
1.199937 0.278243 1.231774 0.227854
1.200078 0.277946 1.231845 0.227594
1.200219 0.277649 1.231915 0.227333
1.200359 0.277352 1.231985 0.227072
1.200500 0.277055 1.232055 0.226812
1.200640 0.276757 1.232125 0.226551
1.200781 0.276460 1.232195 0.226290
1.200921 0.276162 1.232265 0.226029
1.201061 0.275864 1.232334 0.225768
1.201201 0.275567 1.232404 0.225507
1.201340 0.275269 1.232474 0.225246
1.201480 0.274970 1.232543 0.224985
1.201619 0.274672 1.232613 0.224724
1.201759 0.274374 1.232682 0.224463
1.201898 0.274075 1.232751 0.224202
1.202037 0.273776 1.232820 0.223940
1.202176 0.273478 1.232889 0.223679
1.202314 0.273179 1.232958 0.223418
1.202453 0.272880 1.233027 0.223156
1.202591 0.272580 1.233096 0.222895
1.202730 0.272281 1.233165 0.222633
1.202868 0.271981 1.233234 0.222371
1.203006 0.271682 1.233302 0.222110
1.203144 0.271382 1.233371 0.221848
1.203282 0.271082 1.233439 0.221586
1.203419 0.270782 1.233507 0.221325
1.203557 0.270482 1.233576 0.221063
1.203694 0.270182 1.233644 0.220801
1.203831 0.269881 1.233712 0.220539
1.203968 0.269581 1.233780 0.220277
1.204105 0.269280 1.233848 0.220015
1.204242 0.268979 1.233916 0.219753
1.204378 0.268678 1.233983 0.219491
1.204515 0.268377 1.234051 0.219228
1.204651 0.268076 1.234119 0.218966
1.204787 0.267775 1.234186 0.218704
1.204923 0.267473 1.234254 0.218441
1.205059 0.267172 1.234321 0.218179
1.205195 0.266870 1.234388 0.217917
1.205331 0.266568 1.234456 0.217654
1.205466 0.266266 1.234523 0.217392
1.205601 0.265964 1.234590 0.217129
1.205737 0.265662 1.234657 0.216866
1.205872 0.265359 1.234723 0.216604
1.206007 0.265057 1.234790 0.216341
1.206141 0.264754 1.234857 0.216078
1.206276 0.264451 1.234923 0.215815
1.206410 0.264148 1.234990 0.215552
1.206545 0.263845 1.235056 0.215289
1.206679 0.263542 1.235123 0.215026
1.206813 0.263239 1.235189 0.214763
1.206947 0.262935 1.235255 0.214500
1.207081 0.262632 1.235321 0.214237
1.207214 0.262328 1.235387 0.213974
1.207348 0.262024 1.235453 0.213711
1.207481 0.261721 1.235519 0.213447
1.207614 0.261416 1.235585 0.213184
1.207747 0.261112 1.235651 0.212921
1.207880 0.260808 1.235716 0.212657
1.208013 0.260504 1.235782 0.212394
1.208145 0.260199 1.235847 0.212130
1.208278 0.259894 1.235913 0.211867
1.208410 0.259589 1.235978 0.211603
1.208542 0.259285 1.236043 0.211340
1.208674 0.258979 1.236108 0.211076
1.208806 0.258674 1.236173 0.210812
1.208938 0.258369 1.236238 0.210548
1.209069 0.258063 1.236303 0.210284
1.209201 0.257758 1.236368 0.210020
1.209332 0.257452 1.236433 0.209757
1.209463 0.257146 1.236497 0.209493
1.209594 0.256840 1.236562 0.209228
1.209725 0.256534 1.236626 0.208964
1.209856 0.256228 1.236691 0.208700
1.209986 0.255922 1.236755 0.208436
1.210117 0.255615 1.236819 0.208172
1.210247 0.255309 1.236883 0.207908
1.210377 0.255002 1.236947 0.207643
1.210507 0.254695 1.237011 0.207379
1.210637 0.254388 1.237075 0.207114
1.210767 0.254081 1.237139 0.206850
1.210896 0.253774 1.237203 0.206585
1.211026 0.253467 1.237266 0.206321
1.211155 0.253159 1.237330 0.206056
1.211284 0.252852 1.237393 0.205792
1.211413 0.252544 1.237457 0.205527
1.211542 0.252236 1.237520 0.205262
1.211670 0.251928 1.237583 0.204997
1.211799 0.251620 1.237647 0.204733
1.211927 0.251312 1.237710 0.204468
1.212055 0.251004 1.237773 0.204203
1.212183 0.250695 1.237835 0.203938
1.212311 0.250387 1.237898 0.203673
1.212439 0.250078 1.237961 0.203408
1.212567 0.249769 1.238024 0.203143
1.212694 0.249460 1.238086 0.202877
1.212821 0.249151 1.238149 0.202612
1.212949 0.248842 1.238211 0.202347
1.213076 0.248533 1.238273 0.202082
1.213203 0.248223 1.238336 0.201816
1.213329 0.247914 1.238398 0.201551
1.213456 0.247604 1.238460 0.201285
1.213582 0.247294 1.238522 0.201020
1.213709 0.246984 1.238584 0.200754
1.213835 0.246674 1.238646 0.200489
1.213961 0.246364 1.238707 0.200223
1.214086 0.246054 1.238769 0.199958
1.214212 0.245744 1.238830 0.199692
1.214338 0.245433 1.238892 0.199426
1.214463 0.245122 1.238953 0.199160
1.214588 0.244812 1.239015 0.198895
1.214713 0.244501 1.239076 0.198629
1.214838 0.244190 1.239137 0.198363
1.214963 0.243879 1.239198 0.198097
1.215088 0.243567 1.239259 0.197831
1.215212 0.243256 1.239320 0.197565
1.215337 0.242945 1.239381 0.197299
1.215461 0.242633 1.239442 0.197032
1.215585 0.242321 1.239502 0.196766
1.215709 0.242010 1.239563 0.196500
1.215832 0.241698 1.239623 0.196234
1.215956 0.241386 1.239684 0.195967
1.216079 0.241073 1.239744 0.195701
1.216203 0.240761 1.239804 0.195435
1.216326 0.240449 1.239865 0.195168
1.216449 0.240136 1.239925 0.194902
1.216572 0.239824 1.239985 0.194635
1.216694 0.239511 1.240045 0.194368
1.216817 0.239198 1.240104 0.194102
1.216939 0.238885 1.240164 0.193835
1.217061 0.238572 1.240224 0.193568
1.217183 0.238259 1.240283 0.193302
1.217305 0.237945 1.240343 0.193035
1.217427 0.237632 1.240402 0.192768
1.217549 0.237318 1.240462 0.192501
1.217670 0.237005 1.240521 0.192234
1.217792 0.236691 1.240580 0.191967
1.217913 0.236377 1.240639 0.191700
1.218034 0.236063 1.240698 0.191433
1.218155 0.235749 1.240757 0.191166
1.218275 0.235434 1.240816 0.190899
1.218396 0.235120 1.240875 0.190632
1.218516 0.234805 1.240933 0.190364
1.218636 0.234491 1.240992 0.190097
1.218757 0.234176 1.241050 0.189830
1.218877 0.233861 1.241109 0.189563
1.218996 0.233546 1.241167 0.189295
1.219116 0.233231 1.241225 0.189028
1.219235 0.232916 1.241284 0.188760
1.219355 0.232601 1.241342 0.188493
1.219474 0.232285 1.241400 0.188225
1.219593 0.231970 1.241458 0.187957
1.219712 0.231654 1.241515 0.187690
1.219831 0.231338 1.241573 0.187422
1.219949 0.231022 1.241631 0.187154
1.220068 0.230707 1.241688 0.186887
1.220186 0.230390 1.241746 0.186619
1.220304 0.230074 1.241803 0.186351
1.220422 0.229758 1.241861 0.186083
1.220540 0.229441 1.241918 0.185815
1.220657 0.229125 1.241975 0.185547
1.220775 0.228808 1.242032 0.185279
1.220892 0.228491 1.242089 0.185011
1.221009 0.228175 1.242146 0.184743
1.221126 0.227858 1.242203 0.184475
1.221243 0.227540 1.242260 0.184207
1.221360 0.227223 1.242317 0.183938
1.221476 0.226906 1.242373 0.183670
1.221593 0.226588 1.242430 0.183402
1.221709 0.226271 1.242486 0.183133
1.221825 0.225953 1.242542 0.182865
1.221941 0.225635 1.242599 0.182597
1.222057 0.225318 1.242655 0.182328
1.222173 0.225000 1.242711 0.182060
1.222288 0.224681 1.242767 0.181791
1.222403 0.224363 1.242823 0.181522
1.222519 0.224045 1.242879 0.181254
1.222634 0.223727 1.242935 0.180985
1.222748 0.223408 1.242990 0.180716
1.222863 0.223089 1.243046 0.180448
1.222978 0.222771 1.243101 0.180179
1.223092 0.222452 1.243157 0.179910
1.223206 0.222133 1.243212 0.179641
1.223320 0.221814 1.243267 0.179372
1.223434 0.221494 1.243323 0.179103
1.223548 0.221175 1.243378 0.178834
1.223662 0.220856 1.243433 0.178565
1.223775 0.220536 1.243488 0.178296
1.223888 0.220216 1.243543 0.178027
1.224002 0.219897 1.243597 0.177758
1.224115 0.219577 1.243652 0.177489
1.224227 0.219257 1.243707 0.177219
1.224340 0.218937 1.243761 0.176950
1.224453 0.218617 1.243816 0.176681
1.224565 0.218296 1.243870 0.176411
1.224677 0.217976 1.243924 0.176142
1.224789 0.217656 1.243978 0.175873
1.224901 0.217335 1.244033 0.175603
1.225013 0.217014 1.244087 0.175334
1.225124 0.216693 1.244140 0.175064
1.225236 0.216372 1.244194 0.174794
1.225347 0.216051 1.244248 0.174525
1.225458 0.215730 1.244302 0.174255
1.225569 0.215409 1.244355 0.173985
1.225680 0.215088 1.244409 0.173716
1.225790 0.214766 1.244462 0.173446
1.225901 0.214445 1.244516 0.173176
1.226011 0.214123 1.244569 0.172906
1.226121 0.213801 1.244622 0.172636
1.226231 0.213479 1.244675 0.172366
1.226341 0.213157 1.244728 0.172096
1.226451 0.212835 1.244781 0.171826
1.226560 0.212513 1.244834 0.171556
1.226670 0.212191 1.244887 0.171286
1.226779 0.211869 1.244940 0.171016
1.226888 0.211546 1.244992 0.170746
1.226997 0.211223 1.245045 0.170476
1.227106 0.210901 1.245097 0.170206
1.227214 0.210578 1.245150 0.169935
1.227323 0.210255 1.245202 0.169665
1.227431 0.209932 1.245254 0.169395
1.227539 0.209609 1.245306 0.169124
1.227647 0.209286 1.245358 0.168854
1.227755 0.208962 1.245410 0.168583
1.227862 0.208639 1.245462 0.168313
1.227970 0.208315 1.245514 0.168042
1.228077 0.207992 1.245565 0.167772
1.228184 0.207668 1.245617 0.167501
1.228291 0.207344 1.245669 0.167230
1.228398 0.207020 1.245720 0.166960
1.228504 0.206696 1.245771 0.166689
1.228611 0.206372 1.245823 0.166418
1.228717 0.206048 1.245874 0.166148
1.228823 0.205723 1.245925 0.165877
1.228929 0.205399 1.245976 0.165606
1.229035 0.205074 1.246027 0.165335
1.229141 0.204750 1.246078 0.165064
1.229247 0.204425 1.246129 0.164793
1.229352 0.204100 1.246179 0.164522
1.229457 0.203775 1.246230 0.164251
1.229562 0.203450 1.246281 0.163980
1.229667 0.203125 1.246331 0.163709
1.229772 0.202800 1.246381 0.163438
1.229876 0.202474 1.246432 0.163166
1.229981 0.202149 1.246482 0.162895
1.230085 0.201823 1.246532 0.162624
1.230189 0.201498 1.246582 0.162353
1.230293 0.201172 1.246632 0.162081
1.230397 0.200846 1.246682 0.161810
1.230500 0.200520 1.246732 0.161538
1.230604 0.200194 1.246781 0.161267
1.230707 0.199868 1.246831 0.160996
1.230810 0.199542 1.246880 0.160724
1.230913 0.199216 1.246930 0.160452
1.231016 0.198889 1.246979 0.160181
1.231119 0.198563 1.247029 0.159909
1.231221 0.198236 1.247078 0.159638
1.231323 0.197909 1.247127 0.159366
1.231426 0.197582 1.247176 0.159094
1.231527 0.197256 1.247225 0.158822
1.231629 0.196928 1.247274 0.158551
1.231731 0.196601 1.247322 0.158279
1.231832 0.196274 1.247371 0.158007
1.231934 0.195947 1.247420 0.157735
1.232035 0.195619 1.247468 0.157463
1.232136 0.195292 1.247517 0.157191
1.232237 0.194964 1.247565 0.156919
1.232338 0.194637 1.247613 0.156647
1.232438 0.194309 1.247662 0.156375
1.232538 0.193981 1.247710 0.156103
1.232639 0.193653 1.247758 0.155831
1.232739 0.193325 1.247806 0.155559
1.232839 0.192997 1.247854 0.155286
1.232938 0.192669 1.247901 0.155014
1.233038 0.192340 1.247949 0.154742
1.233137 0.192012 1.247997 0.154470
1.233236 0.191683 1.248044 0.154197
1.233335 0.191355 1.248092 0.153925
1.233434 0.191026 1.248139 0.153652
1.233533 0.190697 1.248186 0.153380
1.233632 0.190368 1.248234 0.153107
1.233730 0.190039 1.248281 0.152835
1.233828 0.189710 1.248328 0.152562
1.233926 0.189381 1.248375 0.152290
1.234024 0.189051 1.248421 0.152017
1.234122 0.188722 1.248468 0.151745
1.234220 0.188393 1.248515 0.151472
1.234317 0.188063 1.248562 0.151199
1.234414 0.187733 1.248608 0.150926
1.234511 0.187404 1.248655 0.150654
1.234608 0.187074 1.248701 0.150381
1.234705 0.186744 1.248747 0.150108
1.234802 0.186414 1.248793 0.149835
1.234898 0.186084 1.248840 0.149562
1.234994 0.185753 1.248886 0.149289
1.235090 0.185423 1.248931 0.149016
1.235186 0.185093 1.248977 0.148743
1.235282 0.184762 1.249023 0.148470
1.235378 0.184432 1.249069 0.148197
1.235473 0.184101 1.249114 0.147924
1.235568 0.183770 1.249160 0.147651
1.235663 0.183439 1.249205 0.147378
1.235758 0.183108 1.249251 0.147104
1.235853 0.182777 1.249296 0.146831
1.235948 0.182446 1.249341 0.146558
1.236042 0.182115 1.249386 0.146285
1.236137 0.181784 1.249431 0.146011
1.236231 0.181452 1.249476 0.145738
1.236325 0.181121 1.249521 0.145465
1.236418 0.180789 1.249566 0.145191
1.236512 0.180457 1.249611 0.144918
1.236606 0.180126 1.249655 0.144644
1.236699 0.179794 1.249700 0.144371
1.236792 0.179462 1.249744 0.144097
1.236885 0.179130 1.249789 0.143823
1.236978 0.178798 1.249833 0.143550
1.237070 0.178466 1.249877 0.143276
1.237163 0.178133 1.249921 0.143003
1.237255 0.177801 1.249965 0.142729
1.237347 0.177469 1.250009 0.142455
1.237439 0.177136 1.250053 0.142181
1.237531 0.176803 1.250097 0.141907
1.237623 0.176471 1.250141 0.141634
1.237714 0.176138 1.250184 0.141360
1.237805 0.175805 1.250228 0.141086
1.237896 0.175472 1.250271 0.140812
1.237987 0.175139 1.250315 0.140538
1.238078 0.174806 1.250358 0.140264
1.238169 0.174472 1.250401 0.139990
1.238259 0.174139 1.250444 0.139716
1.238350 0.173806 1.250487 0.139442
1.238440 0.173472 1.250530 0.139168
1.238530 0.173139 1.250573 0.138894
1.238619 0.172805 1.250616 0.138619
1.238709 0.172471 1.250658 0.138345
1.238799 0.172137 1.250701 0.138071
1.238888 0.171803 1.250744 0.137797
1.238977 0.171469 1.250786 0.137522
1.239066 0.171135 1.250828 0.137248
1.239155 0.170801 1.250871 0.136974
1.239243 0.170467 1.250913 0.136699
1.239332 0.170133 1.250955 0.136425
1.239420 0.169798 1.250997 0.136150
1.239508 0.169464 1.251039 0.135876
1.239596 0.169129 1.251081 0.135602
1.239684 0.168794 1.251123 0.135327
1.239771 0.168460 1.251164 0.135052
1.239859 0.168125 1.251206 0.134778
1.239946 0.167790 1.251247 0.134503
1.240033 0.167455 1.251289 0.134229
1.240120 0.167120 1.251330 0.133954
1.240207 0.166784 1.251371 0.133679
1.240294 0.166449 1.251413 0.133404
1.240380 0.166114 1.251454 0.133130
1.240466 0.165778 1.251495 0.132855
1.240552 0.165443 1.251536 0.132580
1.240638 0.165107 1.251577 0.132305
1.240724 0.164772 1.251617 0.132030
1.240810 0.164436 1.251658 0.131755
1.240895 0.164100 1.251699 0.131480
1.240980 0.163764 1.251739 0.131205
1.241065 0.163428 1.251780 0.130930
1.241150 0.163092 1.251820 0.130655
1.241235 0.162756 1.251860 0.130380
1.241320 0.162420 1.251900 0.130105
1.241404 0.162083 1.251941 0.129830
1.241488 0.161747 1.251981 0.129555
1.241572 0.161411 1.252020 0.129280
1.241656 0.161074 1.252060 0.129005
1.241740 0.160737 1.252100 0.128729
1.241824 0.160401 1.252140 0.128454
1.241907 0.160064 1.252179 0.128179
1.241990 0.159727 1.252219 0.127904
1.242073 0.159390 1.252258 0.127628
1.242156 0.159053 1.252298 0.127353
1.242239 0.158716 1.252337 0.127078
1.242321 0.158379 1.252376 0.126802
1.242404 0.158041 1.252415 0.126527
1.242486 0.157704 1.252454 0.126251
1.242568 0.157367 1.252493 0.125976
1.242650 0.157029 1.252532 0.125700
1.242731 0.156692 1.252571 0.125425
1.242813 0.156354 1.252609 0.125149
1.242894 0.156016 1.252648 0.124873
1.242975 0.155678 1.252687 0.124598
1.243056 0.155341 1.252725 0.124322
1.243137 0.155003 1.252763 0.124046
1.243218 0.154665 1.252802 0.123771
1.243298 0.154326 1.252840 0.123495
1.243379 0.153988 1.252878 0.123219
1.243459 0.153650 1.252916 0.122943
1.243539 0.153312 1.252954 0.122668
1.243619 0.152973 1.252992 0.122392
1.243698 0.152635 1.253029 0.122116
1.243778 0.152296 1.253067 0.121840
1.243857 0.151957 1.253105 0.121564
1.243936 0.151619 1.253142 0.121288
1.244015 0.151280 1.253180 0.121012
1.244094 0.150941 1.253217 0.120736
1.244173 0.150602 1.253254 0.120460
1.244251 0.150263 1.253291 0.120184
1.244329 0.149924 1.253329 0.119908
1.244407 0.149585 1.253366 0.119632
1.244485 0.149246 1.253402 0.119356
1.244563 0.148906 1.253439 0.119079
1.244641 0.148567 1.253476 0.118803
1.244718 0.148227 1.253513 0.118527
1.244795 0.147888 1.253549 0.118251
1.244872 0.147548 1.253586 0.117974
1.244949 0.147209 1.253622 0.117698
1.245026 0.146869 1.253659 0.117422
1.245102 0.146529 1.253695 0.117145
1.245179 0.146189 1.253731 0.116869
1.245255 0.145849 1.253767 0.116593
1.245331 0.145509 1.253803 0.116316
1.245407 0.145169 1.253839 0.116040
1.245483 0.144829 1.253875 0.115763
1.245558 0.144488 1.253911 0.115487
1.245633 0.144148 1.253946 0.115210
1.245709 0.143808 1.253982 0.114934
1.245784 0.143467 1.254017 0.114657
1.245858 0.143127 1.254053 0.114381
1.245933 0.142786 1.254088 0.114104
1.246008 0.142445 1.254123 0.113827
1.246082 0.142105 1.254159 0.113551
1.246156 0.141764 1.254194 0.113274
1.246230 0.141423 1.254229 0.112997
1.246304 0.141082 1.254264 0.112720
1.246377 0.140741 1.254298 0.112444
1.246451 0.140400 1.254333 0.112167
1.246524 0.140059 1.254368 0.111890
1.246597 0.139717 1.254402 0.111613
1.246670 0.139376 1.254437 0.111336
1.246743 0.139035 1.254471 0.111059
1.246815 0.138693 1.254506 0.110783
1.246888 0.138352 1.254540 0.110506
1.246960 0.138010 1.254574 0.110229
1.247032 0.137668 1.254608 0.109952
1.247104 0.137327 1.254642 0.109675
1.247176 0.136985 1.254676 0.109398
1.247247 0.136643 1.254710 0.109120
1.247319 0.136301 1.254744 0.108843
1.247390 0.135959 1.254777 0.108566
1.247461 0.135617 1.254811 0.108289
1.247532 0.135275 1.254844 0.108012
1.247602 0.134933 1.254878 0.107735
1.247673 0.134590 1.254911 0.107458
1.247743 0.134248 1.254944 0.107180
1.247813 0.133906 1.254977 0.106903
1.247883 0.133563 1.255011 0.106626
1.247953 0.133221 1.255044 0.106349
1.248023 0.132878 1.255076 0.106071
1.248092 0.132535 1.255109 0.105794
1.248161 0.132193 1.255142 0.105517
1.248230 0.131850 1.255175 0.105239
1.248299 0.131507 1.255207 0.104962
1.248368 0.131164 1.255240 0.104684
1.248437 0.130821 1.255272 0.104407
1.248505 0.130478 1.255304 0.104129
1.248573 0.130135 1.255337 0.103852
1.248641 0.129792 1.255369 0.103574
1.248709 0.129448 1.255401 0.103297
1.248777 0.129105 1.255433 0.103019
1.248844 0.128762 1.255465 0.102742
1.248912 0.128418 1.255497 0.102464
1.248979 0.128075 1.255528 0.102186
1.249046 0.127731 1.255560 0.101909
1.249113 0.127388 1.255592 0.101631
1.249179 0.127044 1.255623 0.101353
1.249246 0.126700 1.255654 0.101076
1.249312 0.126356 1.255686 0.100798
1.249378 0.126012 1.255717 0.100520
1.249444 0.125668 1.255748 0.100242
1.249510 0.125324 1.255779 0.099964
1.249576 0.124980 1.255810 0.099687
1.249641 0.124636 1.255841 0.099409
1.249706 0.124292 1.255872 0.099131
1.249771 0.123948 1.255903 0.098853
1.249836 0.123603 1.255933 0.098575
1.249901 0.123259 1.255964 0.098297
1.249965 0.122915 1.255994 0.098019
1.250030 0.122570 1.256025 0.097741
1.250094 0.122225 1.256055 0.097463
1.250158 0.121881 1.256085 0.097185
1.250222 0.121536 1.256115 0.096907
1.250286 0.121191 1.256145 0.096629
1.250349 0.120847 1.256175 0.096351
1.250412 0.120502 1.256205 0.096073
1.250475 0.120157 1.256235 0.095795
1.250538 0.119812 1.256265 0.095517
1.250601 0.119467 1.256294 0.095238
1.250664 0.119122 1.256324 0.094960
1.250726 0.118776 1.256353 0.094682
1.250788 0.118431 1.256383 0.094404
1.250851 0.118086 1.256412 0.094126
1.250912 0.117741 1.256441 0.093847
1.250974 0.117395 1.256470 0.093569
1.251036 0.117050 1.256500 0.093291
1.251097 0.116704 1.256528 0.093012
1.251158 0.116359 1.256557 0.092734
1.251219 0.116013 1.256586 0.092456
1.251280 0.115667 1.256615 0.092177
1.251341 0.115321 1.256644 0.091899
1.251401 0.114976 1.256672 0.091620
1.251462 0.114630 1.256701 0.091342
1.251522 0.114284 1.256729 0.091063
1.251582 0.113938 1.256757 0.090785
1.251642 0.113592 1.256785 0.090506
1.251701 0.113246 1.256814 0.090228
1.251761 0.112900 1.256842 0.089949
1.251820 0.112553 1.256870 0.089671
1.251879 0.112207 1.256897 0.089392
1.251938 0.111861 1.256925 0.089113
1.251996 0.111514 1.256953 0.088835
1.252055 0.111168 1.256981 0.088556
1.252113 0.110821 1.257008 0.088278
1.252172 0.110475 1.257036 0.087999
1.252230 0.110128 1.257063 0.087720
1.252287 0.109782 1.257090 0.087441
1.252345 0.109435 1.257117 0.087163
1.252403 0.109088 1.257145 0.086884
1.252460 0.108741 1.257172 0.086605
1.252517 0.108395 1.257198 0.086326
1.252574 0.108048 1.257225 0.086047
1.252631 0.107701 1.257252 0.085769
1.252687 0.107354 1.257279 0.085490
1.252744 0.107006 1.257305 0.085211
1.252800 0.106659 1.257332 0.084932
1.252856 0.106312 1.257358 0.084653
1.252912 0.105965 1.257385 0.084374
1.252968 0.105618 1.257411 0.084095
1.253023 0.105270 1.257437 0.083816
1.253078 0.104923 1.257463 0.083537
1.253134 0.104575 1.257489 0.083258
1.253189 0.104228 1.257515 0.082979
1.253243 0.103880 1.257541 0.082700
1.253298 0.103533 1.257567 0.082421
1.253352 0.103185 1.257593 0.082142
1.253407 0.102837 1.257618 0.081863
1.253461 0.102490 1.257644 0.081584
1.253515 0.102142 1.257669 0.081305
1.253568 0.101794 1.257695 0.081025
1.253622 0.101446 1.257720 0.080746
1.253675 0.101098 1.257745 0.080467
1.253729 0.100750 1.257770 0.080188
1.253782 0.100402 1.257795 0.079909
1.253834 0.100054 1.257820 0.079629
1.253887 0.099706 1.257845 0.079350
1.253940 0.099357 1.257870 0.079071
1.253992 0.099009 1.257894 0.078792
1.254044 0.098661 1.257919 0.078512
1.254096 0.098312 1.257944 0.078233
1.254148 0.097964 1.257968 0.077954
1.254199 0.097615 1.257992 0.077674
1.254251 0.097267 1.258017 0.077395
1.254302 0.096918 1.258041 0.077116
1.254353 0.096570 1.258065 0.076836
1.254404 0.096221 1.258089 0.076557
1.254455 0.095872 1.258113 0.076277
1.254505 0.095524 1.258137 0.075998
1.254556 0.095175 1.258160 0.075718
1.254606 0.094826 1.258184 0.075439
1.254656 0.094477 1.258208 0.075159
1.254705 0.094128 1.258231 0.074880
1.254755 0.093779 1.258255 0.074600
1.254805 0.093430 1.258278 0.074321
1.254854 0.093081 1.258301 0.074041
1.254903 0.092732 1.258324 0.073762
1.254952 0.092383 1.258348 0.073482
1.255001 0.092033 1.258371 0.073202
1.255049 0.091684 1.258393 0.072923
1.255097 0.091335 1.258416 0.072643
1.255146 0.090985 1.258439 0.072363
1.255194 0.090636 1.258462 0.072084
1.255241 0.090287 1.258484 0.071804
1.255289 0.089937 1.258507 0.071524
1.255337 0.089587 1.258529 0.071245
1.255384 0.089238 1.258552 0.070965
1.255431 0.088888 1.258574 0.070685
1.255478 0.088539 1.258596 0.070405
1.255525 0.088189 1.258618 0.070125
1.255571 0.087839 1.258640 0.069846
1.255618 0.087489 1.258662 0.069566
1.255664 0.087139 1.258684 0.069286
1.255710 0.086789 1.258706 0.069006
1.255756 0.086440 1.258727 0.068726
1.255801 0.086090 1.258749 0.068446
1.255847 0.085739 1.258770 0.068166
1.255892 0.085389 1.258792 0.067887
1.255937 0.085039 1.258813 0.067607
1.255982 0.084689 1.258834 0.067327
1.256027 0.084339 1.258855 0.067047
1.256072 0.083989 1.258877 0.066767
1.256116 0.083638 1.258898 0.066487
1.256160 0.083288 1.258918 0.066207
1.256204 0.082938 1.258939 0.065927
1.256248 0.082587 1.258960 0.065647
1.256292 0.082237 1.258981 0.065367
1.256335 0.081886 1.259001 0.065087
1.256379 0.081536 1.259022 0.064806
1.256422 0.081185 1.259042 0.064526
1.256465 0.080834 1.259062 0.064246
1.256508 0.080484 1.259083 0.063966
1.256550 0.080133 1.259103 0.063686
1.256593 0.079782 1.259123 0.063406
1.256635 0.079432 1.259143 0.063126
1.256677 0.079081 1.259163 0.062846
1.256719 0.078730 1.259183 0.062565
1.256761 0.078379 1.259202 0.062285
1.256802 0.078028 1.259222 0.062005
1.256843 0.077677 1.259241 0.061725
1.256885 0.077326 1.259261 0.061445
1.256926 0.076975 1.259280 0.061164
1.256966 0.076624 1.259300 0.060884
1.257007 0.076273 1.259319 0.060604
1.257047 0.075921 1.259338 0.060323
1.257088 0.075570 1.259357 0.060043
1.257128 0.075219 1.259376 0.059763
1.257168 0.074868 1.259395 0.059482
1.257207 0.074516 1.259414 0.059202
1.257247 0.074165 1.259432 0.058922
1.257286 0.073814 1.259451 0.058641
1.257325 0.073462 1.259470 0.058361
1.257364 0.073111 1.259488 0.058081
1.257403 0.072759 1.259507 0.057800
1.257442 0.072408 1.259525 0.057520
1.257480 0.072056 1.259543 0.057239
1.257519 0.071704 1.259561 0.056959
1.257557 0.071353 1.259579 0.056678
1.257595 0.071001 1.259597 0.056398
1.257632 0.070649 1.259615 0.056117
1.257670 0.070297 1.259633 0.055837
1.257707 0.069946 1.259651 0.055556
1.257744 0.069594 1.259668 0.055276
1.257781 0.069242 1.259686 0.054995
1.257818 0.068890 1.259703 0.054715
1.257855 0.068538 1.259721 0.054434
1.257891 0.068186 1.259738 0.054154
1.257927 0.067834 1.259755 0.053873
1.257964 0.067482 1.259772 0.053592
1.257999 0.067130 1.259789 0.053312
1.258035 0.066778 1.259806 0.053031
1.258071 0.066426 1.259823 0.052751
1.258106 0.066073 1.259840 0.052470
1.258141 0.065721 1.259857 0.052189
1.258176 0.065369 1.259873 0.051909
1.258211 0.065017 1.259890 0.051628
1.258246 0.064664 1.259906 0.051347
1.258280 0.064312 1.259923 0.051067
1.258314 0.063960 1.259939 0.050786
1.258348 0.063607 1.259955 0.050505
1.258382 0.063255 1.259971 0.050224
1.258416 0.062902 1.259987 0.049944
1.258450 0.062550 1.260003 0.049663
1.258483 0.062197 1.260019 0.049382
1.258516 0.061845 1.260035 0.049101
1.258549 0.061492 1.260050 0.048821
1.258582 0.061139 1.260066 0.048540
1.258615 0.060787 1.260082 0.048259
1.258647 0.060434 1.260097 0.047978
1.258679 0.060081 1.260112 0.047697
1.258711 0.059728 1.260128 0.047416
1.258743 0.059376 1.260143 0.047136
1.258775 0.059023 1.260158 0.046855
1.258807 0.058670 1.260173 0.046574
1.258838 0.058317 1.260188 0.046293
1.258869 0.057964 1.260203 0.046012
1.258900 0.057611 1.260218 0.045731
1.258931 0.057258 1.260232 0.045450
1.258961 0.056905 1.260247 0.045169
1.258992 0.056552 1.260261 0.044888
1.259022 0.056199 1.260276 0.044607
1.259052 0.055846 1.260290 0.044326
1.259082 0.055493 1.260304 0.044046
1.259112 0.055140 1.260319 0.043765
1.259141 0.054786 1.260333 0.043484
1.259171 0.054433 1.260347 0.043203
1.259200 0.054080 1.260361 0.042922
1.259229 0.053727 1.260374 0.042641
1.259258 0.053373 1.260388 0.042360
1.259286 0.053020 1.260402 0.042078
1.259315 0.052667 1.260416 0.041797
1.259343 0.052313 1.260429 0.041516
1.259371 0.051960 1.260442 0.041235
1.259399 0.051607 1.260456 0.040954
1.259427 0.051253 1.260469 0.040673
1.259454 0.050900 1.260482 0.040392
1.259481 0.050546 1.260495 0.040111
1.259509 0.050193 1.260508 0.039830
1.259536 0.049839 1.260521 0.039549
1.259562 0.049485 1.260534 0.039268
1.259589 0.049132 1.260547 0.038987
1.259615 0.048778 1.260559 0.038705
1.259642 0.048425 1.260572 0.038424
1.259668 0.048071 1.260585 0.038143
1.259694 0.047717 1.260597 0.037862
1.259719 0.047363 1.260609 0.037581
1.259745 0.047010 1.260622 0.037300
1.259770 0.046656 1.260634 0.037018
1.259795 0.046302 1.260646 0.036737
1.259820 0.045948 1.260658 0.036456
1.259845 0.045594 1.260670 0.036175
1.259870 0.045241 1.260682 0.035893
1.259894 0.044887 1.260693 0.035612
1.259918 0.044533 1.260705 0.035331
1.259942 0.044179 1.260717 0.035050
1.259966 0.043825 1.260728 0.034768
1.259990 0.043471 1.260739 0.034487
1.260013 0.043117 1.260751 0.034206
1.260037 0.042763 1.260762 0.033925
1.260060 0.042409 1.260773 0.033643
1.260083 0.042055 1.260784 0.033362
1.260105 0.041700 1.260795 0.033081
1.260128 0.041346 1.260806 0.032799
1.260150 0.040992 1.260817 0.032518
1.260173 0.040638 1.260828 0.032237
1.260195 0.040284 1.260838 0.031955
1.260216 0.039930 1.260849 0.031674
1.260238 0.039575 1.260859 0.031393
1.260260 0.039221 1.260870 0.031111
1.260281 0.038867 1.260880 0.030830
1.260302 0.038513 1.260890 0.030549
1.260323 0.038158 1.260900 0.030267
1.260344 0.037804 1.260910 0.029986
1.260364 0.037449 1.260920 0.029704
1.260385 0.037095 1.260930 0.029423
1.260405 0.036741 1.260940 0.029142
1.260425 0.036386 1.260950 0.028860
1.260445 0.036032 1.260959 0.028579
1.260464 0.035677 1.260969 0.028297
1.260484 0.035323 1.260979 0.028016
1.260503 0.034968 1.260988 0.027735
1.260522 0.034614 1.260997 0.027453
1.260541 0.034259 1.261006 0.027172
1.260560 0.033905 1.261016 0.026890
1.260578 0.033550 1.261025 0.026609
1.260597 0.033196 1.261034 0.026327
1.260615 0.032841 1.261042 0.026046
1.260633 0.032486 1.261051 0.025764
1.260651 0.032132 1.261060 0.025483
1.260668 0.031777 1.261069 0.025201
1.260686 0.031423 1.261077 0.024920
1.260703 0.031068 1.261086 0.024638
1.260720 0.030713 1.261094 0.024357
1.260737 0.030358 1.261102 0.024075
1.260754 0.030004 1.261110 0.023794
1.260770 0.029649 1.261119 0.023512
1.260786 0.029294 1.261127 0.023231
1.260803 0.028939 1.261135 0.022949
1.260818 0.028585 1.261142 0.022668
1.260834 0.028230 1.261150 0.022386
1.260850 0.027875 1.261158 0.022104
1.260865 0.027520 1.261166 0.021823
1.260881 0.027165 1.261173 0.021541
1.260896 0.026810 1.261181 0.021260
1.260910 0.026455 1.261188 0.020978
1.260925 0.026101 1.261195 0.020697
1.260940 0.025746 1.261202 0.020415
1.260954 0.025391 1.261210 0.020133
1.260968 0.025036 1.261217 0.019852
1.260982 0.024681 1.261224 0.019570
1.260996 0.024326 1.261230 0.019289
1.261009 0.023971 1.261237 0.019007
1.261023 0.023616 1.261244 0.018725
1.261036 0.023261 1.261250 0.018444
1.261049 0.022906 1.261257 0.018162
1.261062 0.022551 1.261263 0.017880
1.261074 0.022196 1.261270 0.017599
1.261087 0.021841 1.261276 0.017317
1.261099 0.021486 1.261282 0.017036
1.261111 0.021131 1.261288 0.016754
1.261123 0.020775 1.261294 0.016472
1.261135 0.020420 1.261300 0.016191
1.261147 0.020065 1.261306 0.015909
1.261158 0.019710 1.261312 0.015627
1.261169 0.019355 1.261318 0.015346
1.261180 0.019000 1.261323 0.015064
1.261191 0.018645 1.261329 0.014782
1.261202 0.018289 1.261334 0.014501
1.261212 0.017934 1.261340 0.014219
1.261222 0.017579 1.261345 0.013937
1.261232 0.017224 1.261350 0.013656
1.261242 0.016869 1.261355 0.013374
1.261252 0.016513 1.261360 0.013092
1.261261 0.016158 1.261365 0.012810
1.261271 0.015803 1.261370 0.012529
1.261280 0.015448 1.261375 0.012247
1.261289 0.015092 1.261379 0.011965
1.261298 0.014737 1.261384 0.011684
1.261306 0.014382 1.261388 0.011402
1.261315 0.014027 1.261393 0.011120
1.261323 0.013671 1.261397 0.010838
1.261331 0.013316 1.261401 0.010557
1.261339 0.012961 1.261406 0.010275
1.261347 0.012605 1.261410 0.009993
1.261354 0.012250 1.261414 0.009711
1.261361 0.011895 1.261418 0.009430
1.261369 0.011539 1.261421 0.009148
1.261376 0.011184 1.261425 0.008866
1.261382 0.010829 1.261429 0.008584
1.261389 0.010473 1.261432 0.008303
1.261395 0.010118 1.261436 0.008021
1.261401 0.009762 1.261439 0.007739
1.261408 0.009407 1.261443 0.007457
1.261413 0.009052 1.261446 0.007176
1.261419 0.008696 1.261449 0.006894
1.261424 0.008341 1.261452 0.006612
1.261430 0.007986 1.261455 0.006330
1.261435 0.007630 1.261458 0.006049
1.261440 0.007275 1.261461 0.005767
1.261445 0.006919 1.261464 0.005485
1.261449 0.006564 1.261466 0.005203
1.261453 0.006208 1.261469 0.004922
1.261458 0.005853 1.261471 0.004640
1.261462 0.005498 1.261474 0.004358
1.261465 0.005142 1.261476 0.004076
1.261469 0.004787 1.261478 0.003794
1.261473 0.004431 1.261480 0.003513
1.261476 0.004076 1.261482 0.003231
1.261479 0.003720 1.261484 0.002949
1.261482 0.003365 1.261486 0.002667
1.261485 0.003009 1.261488 0.002386
1.261487 0.002654 1.261490 0.002104
1.261489 0.002298 1.261491 0.001822
1.261492 0.001943 1.261493 0.001540
1.261494 0.001587 1.261495 0.001258
1.261495 0.001232 1.261496 0.000977
1.261497 0.000876 1.261497 0.000695
1.261498 0.000521 1.261498 0.000413
1.261500 0.000165 1.261500 0.000131
1.261501 -0.000190 1.261501 -0.000151
1.261501 -0.000545 1.261502 -0.000432
1.261502 -0.000901 1.261502 -0.000714
1.261503 -0.001256 1.261503 -0.000996
1.261503 -0.001612 1.261504 -0.001278
1.261503 -0.001967 1.261505 -0.001560
1.261503 -0.002323 1.261505 -0.001841
1.261503 -0.002678 1.261506 -0.002123
1.261502 -0.003034 1.261506 -0.002405
1.261502 -0.003389 1.261506 -0.002687
1.261501 -0.003745 1.261507 -0.002969
1.261500 -0.004100 1.261507 -0.003250
1.261499 -0.004456 1.261507 -0.003532
1.261497 -0.004811 1.261507 -0.003814
1.261496 -0.005167 1.261507 -0.004096
1.261494 -0.005522 1.261506 -0.004378
1.261492 -0.005878 1.261506 -0.004659
1.261490 -0.006233 1.261506 -0.004941
1.261488 -0.006589 1.261505 -0.005223
1.261486 -0.006944 1.261505 -0.005505
1.261483 -0.007300 1.261504 -0.005787
1.261480 -0.007655 1.261503 -0.006068
1.261477 -0.008011 1.261503 -0.006350
1.261474 -0.008366 1.261502 -0.006632
1.261471 -0.008722 1.261501 -0.006914
1.261467 -0.009077 1.261500 -0.007196
1.261463 -0.009433 1.261499 -0.007477
1.261459 -0.009788 1.261497 -0.007759
1.261455 -0.010144 1.261496 -0.008041
1.261451 -0.010499 1.261495 -0.008323
1.261446 -0.010854 1.261493 -0.008605
1.261442 -0.011210 1.261492 -0.008886
1.261437 -0.011565 1.261490 -0.009168
1.261432 -0.011921 1.261488 -0.009450
1.261427 -0.012276 1.261486 -0.009732
1.261421 -0.012632 1.261485 -0.010014
1.261416 -0.012987 1.261483 -0.010295
1.261410 -0.013343 1.261480 -0.010577
1.261404 -0.013698 1.261478 -0.010859
1.261398 -0.014053 1.261476 -0.011141
1.261392 -0.014409 1.261474 -0.011422
1.261385 -0.014764 1.261471 -0.011704
1.261378 -0.015120 1.261469 -0.011986
1.261371 -0.015475 1.261466 -0.012268
1.261364 -0.015830 1.261464 -0.012550
1.261357 -0.016186 1.261461 -0.012831
1.261350 -0.016541 1.261458 -0.013113
1.261342 -0.016897 1.261455 -0.013395
1.261334 -0.017252 1.261452 -0.013677
1.261326 -0.017607 1.261449 -0.013958
1.261318 -0.017963 1.261446 -0.014240
1.261310 -0.018318 1.261443 -0.014522
1.261301 -0.018673 1.261439 -0.014804
1.261293 -0.019029 1.261436 -0.015085
1.261284 -0.019384 1.261433 -0.015367
1.261275 -0.019739 1.261429 -0.015649
1.261265 -0.020095 1.261425 -0.015931
1.261256 -0.020450 1.261422 -0.016212
1.261246 -0.020805 1.261418 -0.016494
1.261236 -0.021160 1.261414 -0.016776
1.261226 -0.021516 1.261410 -0.017058
1.261216 -0.021871 1.261406 -0.017339
1.261206 -0.022226 1.261402 -0.017621
1.261195 -0.022581 1.261397 -0.017903
1.261185 -0.022937 1.261393 -0.018185
1.261174 -0.023292 1.261389 -0.018466
1.261162 -0.023647 1.261384 -0.018748
1.261151 -0.024002 1.261380 -0.019030
1.261140 -0.024357 1.261375 -0.019311
1.261128 -0.024713 1.261370 -0.019593
1.261116 -0.025068 1.261365 -0.019875
1.261104 -0.025423 1.261360 -0.020157
1.261092 -0.025778 1.261355 -0.020438
1.261080 -0.026133 1.261350 -0.020720
1.261067 -0.026488 1.261345 -0.021002
1.261054 -0.026843 1.261340 -0.021283
1.261041 -0.027199 1.261335 -0.021565
1.261028 -0.027554 1.261329 -0.021847
1.261015 -0.027909 1.261324 -0.022128
1.261001 -0.028264 1.261318 -0.022410
1.260988 -0.028619 1.261312 -0.022692
1.260974 -0.028974 1.261307 -0.022973
1.260960 -0.029329 1.261301 -0.023255
1.260945 -0.029684 1.261295 -0.023537
1.260931 -0.030039 1.261289 -0.023818
1.260916 -0.030394 1.261283 -0.024100
1.260902 -0.030749 1.261276 -0.024382
1.260887 -0.031104 1.261270 -0.024663
1.260871 -0.031459 1.261264 -0.024945
1.260856 -0.031814 1.261257 -0.025227
1.260841 -0.032169 1.261251 -0.025508
1.260825 -0.032524 1.261244 -0.025790
1.260809 -0.032879 1.261238 -0.026071
1.260793 -0.033233 1.261231 -0.026353
1.260777 -0.033588 1.261224 -0.026635
1.260760 -0.033943 1.261217 -0.026916
1.260744 -0.034298 1.261210 -0.027198
1.260727 -0.034653 1.261203 -0.027479
1.260710 -0.035008 1.261196 -0.027761
1.260693 -0.035362 1.261188 -0.028043
1.260675 -0.035717 1.261181 -0.028324
1.260658 -0.036072 1.261174 -0.028606
1.260640 -0.036427 1.261166 -0.028887
1.260622 -0.036781 1.261158 -0.029169
1.260604 -0.037136 1.261151 -0.029450
1.260586 -0.037491 1.261143 -0.029732
1.260567 -0.037845 1.261135 -0.030014
1.260549 -0.038200 1.261127 -0.030295
1.260530 -0.038555 1.261119 -0.030577
1.260511 -0.038909 1.261111 -0.030858
1.260491 -0.039264 1.261103 -0.031140
1.260472 -0.039619 1.261095 -0.031421
1.260452 -0.039973 1.261086 -0.031703
1.260433 -0.040328 1.261078 -0.031984
1.260413 -0.040682 1.261069 -0.032266
1.260393 -0.041037 1.261061 -0.032547
1.260372 -0.041391 1.261052 -0.032829
1.260352 -0.041746 1.261043 -0.033110
1.260331 -0.042100 1.261034 -0.033392
1.260310 -0.042455 1.261025 -0.033673
1.260289 -0.042809 1.261016 -0.033955
1.260268 -0.043164 1.261007 -0.034236
1.260247 -0.043518 1.260998 -0.034518
1.260225 -0.043872 1.260989 -0.034799
1.260203 -0.044227 1.260979 -0.035080
1.260181 -0.044581 1.260970 -0.035362
1.260159 -0.044935 1.260960 -0.035643
1.260137 -0.045290 1.260951 -0.035925
1.260114 -0.045644 1.260941 -0.036206
1.260092 -0.045998 1.260931 -0.036488
1.260069 -0.046352 1.260921 -0.036769
1.260046 -0.046706 1.260911 -0.037050
1.260023 -0.047061 1.260901 -0.037332
1.259999 -0.047415 1.260891 -0.037613
1.259976 -0.047769 1.260881 -0.037894
1.259952 -0.048123 1.260870 -0.038176
1.259928 -0.048477 1.260860 -0.038457
1.259904 -0.048831 1.260850 -0.038739
1.259879 -0.049185 1.260839 -0.039020
1.259855 -0.049539 1.260828 -0.039301
1.259830 -0.049893 1.260818 -0.039583
1.259805 -0.050247 1.260807 -0.039864
1.259780 -0.050601 1.260796 -0.040145
1.259755 -0.050955 1.260785 -0.040427
1.259729 -0.051309 1.260774 -0.040708
1.259704 -0.051663 1.260763 -0.040989
1.259678 -0.052017 1.260751 -0.041270
1.259652 -0.052371 1.260740 -0.041552
1.259626 -0.052725 1.260729 -0.041833
1.259599 -0.053078 1.260717 -0.042114
1.259573 -0.053432 1.260706 -0.042395
1.259546 -0.053786 1.260694 -0.042677
1.259519 -0.054140 1.260682 -0.042958
1.259492 -0.054493 1.260671 -0.043239
1.259465 -0.054847 1.260659 -0.043520
1.259437 -0.055201 1.260647 -0.043802
1.259410 -0.055554 1.260635 -0.044083
1.259382 -0.055908 1.260622 -0.044364
1.259354 -0.056261 1.260610 -0.044645
1.259326 -0.056615 1.260598 -0.044926
1.259297 -0.056969 1.260585 -0.045208
1.259269 -0.057322 1.260573 -0.045489
1.259240 -0.057675 1.260560 -0.045770
1.259211 -0.058029 1.260548 -0.046051
1.259182 -0.058382 1.260535 -0.046332
1.259153 -0.058736 1.260522 -0.046613
1.259123 -0.059089 1.260509 -0.046894
1.259094 -0.059442 1.260496 -0.047175
1.259064 -0.059796 1.260483 -0.047457
1.259034 -0.060149 1.260470 -0.047738
1.259004 -0.060502 1.260457 -0.048019
1.258973 -0.060856 1.260443 -0.048300
1.258943 -0.061209 1.260430 -0.048581
1.258912 -0.061562 1.260416 -0.048862
1.258881 -0.061915 1.260403 -0.049143
1.258850 -0.062268 1.260389 -0.049424
1.258819 -0.062621 1.260375 -0.049705
1.258787 -0.062974 1.260362 -0.049986
1.258756 -0.063327 1.260348 -0.050267
1.258724 -0.063680 1.260334 -0.050548
1.258692 -0.064033 1.260320 -0.050829
1.258660 -0.064386 1.260305 -0.051110
1.258627 -0.064739 1.260291 -0.051391
1.258595 -0.065092 1.260277 -0.051672
1.258562 -0.065445 1.260262 -0.051953
1.258529 -0.065798 1.260248 -0.052234
1.258496 -0.066150 1.260233 -0.052515
1.258463 -0.066503 1.260219 -0.052796
1.258429 -0.066856 1.260204 -0.053077
1.258395 -0.067209 1.260189 -0.053357
1.258362 -0.067561 1.260174 -0.053638
1.258328 -0.067914 1.260159 -0.053919
1.258293 -0.068266 1.260144 -0.054200
1.258259 -0.068619 1.260129 -0.054481
1.258224 -0.068972 1.260113 -0.054762
1.258190 -0.069324 1.260098 -0.055043
1.258155 -0.069677 1.260083 -0.055323
1.258120 -0.070029 1.260067 -0.055604
1.258084 -0.070381 1.260052 -0.055885
1.258049 -0.070734 1.260036 -0.056166
1.258013 -0.071086 1.260020 -0.056447
1.257977 -0.071438 1.260004 -0.056727
1.257941 -0.071791 1.259988 -0.057008
1.257905 -0.072143 1.259972 -0.057289
1.257869 -0.072495 1.259956 -0.057570
1.257832 -0.072847 1.259940 -0.057850
1.257795 -0.073199 1.259924 -0.058131
1.257759 -0.073552 1.259907 -0.058412
1.257721 -0.073904 1.259891 -0.058692
1.257684 -0.074256 1.259874 -0.058973
1.257647 -0.074608 1.259858 -0.059254
1.257609 -0.074960 1.259841 -0.059534
1.257571 -0.075312 1.259824 -0.059815
1.257533 -0.075664 1.259807 -0.060096
1.257495 -0.076015 1.259790 -0.060376
1.257457 -0.076367 1.259773 -0.060657
1.257418 -0.076719 1.259756 -0.060938
1.257379 -0.077071 1.259739 -0.061218
1.257340 -0.077422 1.259722 -0.061499
1.257301 -0.077774 1.259704 -0.061779
1.257262 -0.078126 1.259687 -0.062060
1.257222 -0.078477 1.259669 -0.062340
1.257183 -0.078829 1.259652 -0.062621
1.257143 -0.079181 1.259634 -0.062901
1.257103 -0.079532 1.259616 -0.063182
1.257063 -0.079884 1.259598 -0.063462
1.257022 -0.080235 1.259580 -0.063743
1.256982 -0.080586 1.259562 -0.064023
1.256941 -0.080938 1.259544 -0.064304
1.256900 -0.081289 1.259526 -0.064584
1.256859 -0.081640 1.259508 -0.064865
1.256818 -0.081992 1.259489 -0.065145
1.256776 -0.082343 1.259471 -0.065425
1.256735 -0.082694 1.259452 -0.065706
1.256693 -0.083045 1.259434 -0.065986
1.256651 -0.083396 1.259415 -0.066267
1.256609 -0.083747 1.259396 -0.066547
1.256566 -0.084098 1.259377 -0.066827
1.256524 -0.084449 1.259358 -0.067108
1.256481 -0.084800 1.259339 -0.067388
1.256438 -0.085151 1.259320 -0.067668
1.256395 -0.085502 1.259301 -0.067949
1.256352 -0.085853 1.259282 -0.068229
1.256308 -0.086203 1.259262 -0.068509
1.256265 -0.086554 1.259243 -0.068789
1.256221 -0.086905 1.259223 -0.069069
1.256177 -0.087255 1.259204 -0.069350
1.256133 -0.087606 1.259184 -0.069630
1.256088 -0.087957 1.259164 -0.069910
1.256044 -0.088307 1.259144 -0.070190
1.255999 -0.088658 1.259124 -0.070470
1.255954 -0.089008 1.259104 -0.070751
1.255909 -0.089358 1.259084 -0.071031
1.255864 -0.089709 1.259064 -0.071311
1.255818 -0.090059 1.259043 -0.071591
1.255773 -0.090409 1.259023 -0.071871
1.255727 -0.090760 1.259003 -0.072151
1.255681 -0.091110 1.258982 -0.072431
1.255635 -0.091460 1.258961 -0.072711
1.255588 -0.091810 1.258941 -0.072991
1.255542 -0.092160 1.258920 -0.073271
1.255495 -0.092510 1.258899 -0.073551
1.255448 -0.092860 1.258878 -0.073831
1.255401 -0.093210 1.258857 -0.074111
1.255354 -0.093560 1.258836 -0.074391
1.255307 -0.093910 1.258814 -0.074671
1.255259 -0.094260 1.258793 -0.074951
1.255211 -0.094609 1.258772 -0.075231
1.255163 -0.094959 1.258750 -0.075511
1.255115 -0.095309 1.258729 -0.075791
1.255067 -0.095658 1.258707 -0.076071
1.255018 -0.096008 1.258685 -0.076351
1.254970 -0.096357 1.258663 -0.076630
1.254921 -0.096707 1.258642 -0.076910
1.254872 -0.097056 1.258620 -0.077190
1.254823 -0.097406 1.258598 -0.077470
1.254773 -0.097755 1.258575 -0.077750
1.254724 -0.098104 1.258553 -0.078029
1.254674 -0.098454 1.258531 -0.078309
1.254624 -0.098803 1.258508 -0.078589
1.254574 -0.099152 1.258486 -0.078869
1.254524 -0.099501 1.258463 -0.079148
1.254473 -0.099850 1.258441 -0.079428
1.254422 -0.100199 1.258418 -0.079708
1.254372 -0.100548 1.258395 -0.079987
1.254321 -0.100897 1.258372 -0.080267
1.254269 -0.101246 1.258349 -0.080547
1.254218 -0.101595 1.258326 -0.080826
1.254166 -0.101944 1.258303 -0.081106
1.254115 -0.102292 1.258280 -0.081385
1.254063 -0.102641 1.258256 -0.081665
1.254011 -0.102990 1.258233 -0.081944
1.253959 -0.103338 1.258209 -0.082224
1.253906 -0.103687 1.258186 -0.082503
1.253853 -0.104035 1.258162 -0.082783
1.253801 -0.104384 1.258138 -0.083062
1.253748 -0.104732 1.258114 -0.083342
1.253695 -0.105081 1.258091 -0.083621
1.253641 -0.105429 1.258067 -0.083901
1.253588 -0.105777 1.258042 -0.084180
1.253534 -0.106125 1.258018 -0.084460
1.253480 -0.106473 1.257994 -0.084739
1.253426 -0.106822 1.257970 -0.085018
1.253372 -0.107170 1.257945 -0.085298
1.253317 -0.107518 1.257921 -0.085577
1.253263 -0.107866 1.257896 -0.085856
1.253208 -0.108213 1.257871 -0.086136
1.253153 -0.108561 1.257847 -0.086415
1.253098 -0.108909 1.257822 -0.086694
1.253043 -0.109257 1.257797 -0.086973
1.252987 -0.109605 1.257772 -0.087253
1.252932 -0.109952 1.257747 -0.087532
1.252876 -0.110300 1.257722 -0.087811
1.252820 -0.110647 1.257696 -0.088090
1.252764 -0.110995 1.257671 -0.088369
1.252707 -0.111342 1.257646 -0.088648
1.252651 -0.111690 1.257620 -0.088927
1.252594 -0.112037 1.257594 -0.089207
1.252537 -0.112384 1.257569 -0.089486
1.252480 -0.112731 1.257543 -0.089765
1.252423 -0.113079 1.257517 -0.090044
1.252365 -0.113426 1.257491 -0.090323
1.252308 -0.113773 1.257465 -0.090602
1.252250 -0.114120 1.257439 -0.090881
1.252192 -0.114467 1.257413 -0.091160
1.252134 -0.114814 1.257387 -0.091439
1.252075 -0.115161 1.257360 -0.091718
1.252017 -0.115507 1.257334 -0.091997
1.251958 -0.115854 1.257307 -0.092275
1.251899 -0.116201 1.257281 -0.092554
1.251840 -0.116547 1.257254 -0.092833
1.251781 -0.116894 1.257227 -0.093112
1.251722 -0.117240 1.257200 -0.093391
1.251662 -0.117587 1.257173 -0.093670
1.251602 -0.117933 1.257146 -0.093948
1.251543 -0.118280 1.257119 -0.094227
1.251482 -0.118626 1.257092 -0.094506
1.251422 -0.118972 1.257065 -0.094785
1.251362 -0.119318 1.257037 -0.095063
1.251301 -0.119665 1.257010 -0.095342
1.251240 -0.120011 1.256982 -0.095621
1.251179 -0.120357 1.256955 -0.095899
1.251118 -0.120703 1.256927 -0.096178
1.251057 -0.121048 1.256899 -0.096457
1.250995 -0.121394 1.256871 -0.096735
1.250934 -0.121740 1.256843 -0.097014
1.250872 -0.122086 1.256815 -0.097292
1.250810 -0.122431 1.256787 -0.097571
1.250747 -0.122777 1.256759 -0.097849
1.250685 -0.123123 1.256731 -0.098128
1.250623 -0.123468 1.256702 -0.098406
1.250560 -0.123814 1.256674 -0.098685
1.250497 -0.124159 1.256645 -0.098963
1.250434 -0.124504 1.256617 -0.099242
1.250370 -0.124850 1.256588 -0.099520
1.250307 -0.125195 1.256559 -0.099799
1.250243 -0.125540 1.256530 -0.100077
1.250180 -0.125885 1.256501 -0.100355
1.250116 -0.126230 1.256472 -0.100634
1.250051 -0.126575 1.256443 -0.100912
1.249987 -0.126920 1.256414 -0.101190
1.249923 -0.127265 1.256385 -0.101468
1.249858 -0.127610 1.256355 -0.101747
1.249793 -0.127954 1.256326 -0.102025
1.249728 -0.128299 1.256296 -0.102303
1.249663 -0.128643 1.256267 -0.102581
1.249597 -0.128988 1.256237 -0.102859
1.249532 -0.129333 1.256207 -0.103138
1.249466 -0.129677 1.256177 -0.103416
1.249400 -0.130021 1.256147 -0.103694
1.249334 -0.130366 1.256117 -0.103972
1.249268 -0.130710 1.256087 -0.104250
1.249201 -0.131054 1.256057 -0.104528
1.249135 -0.131398 1.256027 -0.104806
1.249068 -0.131742 1.255996 -0.105084
1.249001 -0.132086 1.255966 -0.105362
1.248934 -0.132430 1.255935 -0.105640
1.248867 -0.132774 1.255905 -0.105918
1.248799 -0.133118 1.255874 -0.106196
1.248731 -0.133461 1.255843 -0.106473
1.248664 -0.133805 1.255812 -0.106751
1.248596 -0.134149 1.255781 -0.107029
1.248527 -0.134492 1.255750 -0.107307
1.248459 -0.134836 1.255719 -0.107585
1.248390 -0.135179 1.255688 -0.107863
1.248322 -0.135523 1.255657 -0.108140
1.248253 -0.135866 1.255625 -0.108418
1.248184 -0.136209 1.255594 -0.108696
1.248114 -0.136552 1.255562 -0.108973
1.248045 -0.136895 1.255530 -0.109251
1.247975 -0.137238 1.255499 -0.109529
1.247906 -0.137581 1.255467 -0.109806
1.247836 -0.137924 1.255435 -0.110084
1.247766 -0.138267 1.255403 -0.110361
1.247695 -0.138610 1.255371 -0.110639
1.247625 -0.138953 1.255339 -0.110917
1.247554 -0.139295 1.255307 -0.111194
1.247483 -0.139638 1.255274 -0.111472
1.247412 -0.139980 1.255242 -0.111749
1.247341 -0.140323 1.255209 -0.112026
1.247270 -0.140665 1.255177 -0.112304
1.247198 -0.141007 1.255144 -0.112581
1.247127 -0.141350 1.255112 -0.112859
1.247055 -0.141692 1.255079 -0.113136
1.246983 -0.142034 1.255046 -0.113413
1.246911 -0.142376 1.255013 -0.113691
1.246838 -0.142718 1.254980 -0.113968
1.246766 -0.143060 1.254947 -0.114245
1.246693 -0.143402 1.254913 -0.114522
1.246620 -0.143743 1.254880 -0.114800
1.246547 -0.144085 1.254847 -0.115077
1.246474 -0.144427 1.254813 -0.115354
1.246400 -0.144768 1.254780 -0.115631
1.246327 -0.145110 1.254746 -0.115908
1.246253 -0.145451 1.254712 -0.116185
1.246179 -0.145793 1.254678 -0.116462
1.246105 -0.146134 1.254644 -0.116739
1.246031 -0.146475 1.254610 -0.117016
1.245956 -0.146816 1.254576 -0.117293
1.245882 -0.147157 1.254542 -0.117570
1.245807 -0.147498 1.254508 -0.117847
1.245732 -0.147839 1.254474 -0.118124
1.245657 -0.148180 1.254439 -0.118401
1.245581 -0.148521 1.254405 -0.118678
1.245506 -0.148862 1.254370 -0.118955
1.245430 -0.149202 1.254336 -0.119232
1.245354 -0.149543 1.254301 -0.119508
1.245278 -0.149883 1.254266 -0.119785
1.245202 -0.150224 1.254231 -0.120062
1.245126 -0.150564 1.254196 -0.120339
1.245049 -0.150905 1.254161 -0.120615
1.244973 -0.151245 1.254126 -0.120892
1.244896 -0.151585 1.254091 -0.121169
1.244819 -0.151925 1.254055 -0.121445
1.244741 -0.152265 1.254020 -0.121722
1.244664 -0.152605 1.253984 -0.121998
1.244586 -0.152945 1.253949 -0.122275
1.244509 -0.153285 1.253913 -0.122552
1.244431 -0.153624 1.253877 -0.122828
1.244353 -0.153964 1.253842 -0.123105
1.244274 -0.154304 1.253806 -0.123381
1.244196 -0.154643 1.253770 -0.123657
1.244117 -0.154983 1.253734 -0.123934
1.244039 -0.155322 1.253697 -0.124210
1.243960 -0.155661 1.253661 -0.124487
1.243881 -0.156000 1.253625 -0.124763
1.243801 -0.156340 1.253588 -0.125039
1.243722 -0.156679 1.253552 -0.125315
1.243642 -0.157018 1.253515 -0.125592
1.243562 -0.157356 1.253479 -0.125868
1.243482 -0.157695 1.253442 -0.126144
1.243402 -0.158034 1.253405 -0.126420
1.243322 -0.158373 1.253368 -0.126696
1.243242 -0.158711 1.253331 -0.126973
1.243161 -0.159050 1.253294 -0.127249
1.243080 -0.159388 1.253257 -0.127525
1.242999 -0.159727 1.253220 -0.127801
1.242918 -0.160065 1.253182 -0.128077
1.242837 -0.160403 1.253145 -0.128353
1.242755 -0.160741 1.253107 -0.128629
1.242673 -0.161080 1.253070 -0.128905
1.242592 -0.161418 1.253032 -0.129181
1.242509 -0.161756 1.252994 -0.129456
1.242427 -0.162093 1.252956 -0.129732
1.242345 -0.162431 1.252919 -0.130008
1.242262 -0.162769 1.252881 -0.130284
1.242180 -0.163106 1.252842 -0.130560
1.242097 -0.163444 1.252804 -0.130835
1.242014 -0.163781 1.252766 -0.131111
1.241931 -0.164119 1.252728 -0.131387
1.241847 -0.164456 1.252689 -0.131663
1.241764 -0.164793 1.252651 -0.131938
1.241680 -0.165131 1.252612 -0.132214
1.241596 -0.165468 1.252573 -0.132489
1.241512 -0.165805 1.252535 -0.132765
1.241428 -0.166142 1.252496 -0.133040
1.241343 -0.166478 1.252457 -0.133316
1.241259 -0.166815 1.252418 -0.133591
1.241174 -0.167152 1.252379 -0.133867
1.241089 -0.167488 1.252340 -0.134142
1.241004 -0.167825 1.252300 -0.134418
1.240919 -0.168161 1.252261 -0.134693
1.240833 -0.168498 1.252222 -0.134968
1.240748 -0.168834 1.252182 -0.135244
1.240662 -0.169170 1.252142 -0.135519
1.240576 -0.169506 1.252103 -0.135794
1.240490 -0.169842 1.252063 -0.136070
1.240404 -0.170178 1.252023 -0.136345
1.240317 -0.170514 1.251983 -0.136620
1.240231 -0.170850 1.251943 -0.136895
1.240144 -0.171186 1.251903 -0.137170
1.240057 -0.171521 1.251863 -0.137445
1.239970 -0.171857 1.251823 -0.137720
1.239883 -0.172192 1.251782 -0.137995
1.239795 -0.172528 1.251742 -0.138270
1.239708 -0.172863 1.251701 -0.138545
1.239620 -0.173198 1.251661 -0.138820
1.239532 -0.173533 1.251620 -0.139095
1.239444 -0.173868 1.251579 -0.139370
1.239355 -0.174203 1.251539 -0.139645
1.239267 -0.174538 1.251498 -0.139920
1.239178 -0.174873 1.251457 -0.140195
1.239090 -0.175208 1.251415 -0.140469
1.239001 -0.175543 1.251374 -0.140744
1.238911 -0.175877 1.251333 -0.141019
1.238822 -0.176212 1.251292 -0.141293
1.238733 -0.176546 1.251250 -0.141568
1.238643 -0.176880 1.251209 -0.141843
1.238553 -0.177215 1.251167 -0.142117
1.238463 -0.177549 1.251125 -0.142392
1.238373 -0.177883 1.251084 -0.142666
1.238283 -0.178217 1.251042 -0.142941
1.238192 -0.178551 1.251000 -0.143215
1.238102 -0.178884 1.250958 -0.143490
1.238011 -0.179218 1.250916 -0.143764
1.237920 -0.179552 1.250874 -0.144039
1.237829 -0.179885 1.250831 -0.144313
1.237738 -0.180219 1.250789 -0.144587
1.237646 -0.180552 1.250746 -0.144862
1.237554 -0.180885 1.250704 -0.145136
1.237463 -0.181219 1.250661 -0.145410
1.237371 -0.181552 1.250619 -0.145684
1.237278 -0.181885 1.250576 -0.145958
1.237186 -0.182218 1.250533 -0.146233
1.237094 -0.182551 1.250490 -0.146507
1.237001 -0.182883 1.250447 -0.146781
1.236908 -0.183216 1.250404 -0.147055
1.236815 -0.183549 1.250361 -0.147329
1.236722 -0.183881 1.250318 -0.147603
1.236629 -0.184214 1.250274 -0.147877
1.236535 -0.184546 1.250231 -0.148151
1.236442 -0.184878 1.250187 -0.148425
1.236348 -0.185210 1.250144 -0.148699
1.236254 -0.185542 1.250100 -0.148972
1.236160 -0.185874 1.250056 -0.149246
1.236065 -0.186206 1.250012 -0.149520
1.235971 -0.186538 1.249968 -0.149794
1.235876 -0.186870 1.249924 -0.150067
1.235782 -0.187201 1.249880 -0.150341
1.235687 -0.187533 1.249836 -0.150615
1.235591 -0.187864 1.249792 -0.150888
1.235496 -0.188196 1.249747 -0.151162
1.235401 -0.188527 1.249703 -0.151436
1.235305 -0.188858 1.249658 -0.151709
1.235209 -0.189189 1.249614 -0.151983
1.235113 -0.189520 1.249569 -0.152256
1.235017 -0.189851 1.249524 -0.152529
1.234921 -0.190182 1.249479 -0.152803
1.234824 -0.190513 1.249435 -0.153076
1.234728 -0.190843 1.249389 -0.153350
1.234631 -0.191174 1.249344 -0.153623
1.234534 -0.191504 1.249299 -0.153896
1.234437 -0.191835 1.249254 -0.154169
1.234340 -0.192165 1.249209 -0.154443
1.234242 -0.192495 1.249163 -0.154716
1.234145 -0.192825 1.249118 -0.154989
1.234047 -0.193155 1.249072 -0.155262
1.233949 -0.193485 1.249026 -0.155535
1.233851 -0.193815 1.248981 -0.155808
1.233753 -0.194145 1.248935 -0.156081
1.233654 -0.194474 1.248889 -0.156354
1.233556 -0.194804 1.248843 -0.156627
1.233457 -0.195133 1.248797 -0.156900
1.233358 -0.195463 1.248750 -0.157173
1.233259 -0.195792 1.248704 -0.157446
1.233160 -0.196121 1.248658 -0.157719
1.233060 -0.196450 1.248611 -0.157991
1.232961 -0.196779 1.248565 -0.158264
1.232861 -0.197108 1.248518 -0.158537
1.232761 -0.197437 1.248471 -0.158810
1.232661 -0.197765 1.248425 -0.159082
1.232561 -0.198094 1.248378 -0.159355
1.232460 -0.198423 1.248331 -0.159627
1.232360 -0.198751 1.248284 -0.159900
1.232259 -0.199079 1.248237 -0.160172
1.232158 -0.199408 1.248190 -0.160445
1.232057 -0.199736 1.248142 -0.160717
1.231956 -0.200064 1.248095 -0.160990
1.231855 -0.200392 1.248047 -0.161262
1.231753 -0.200719 1.248000 -0.161535
1.231651 -0.201047 1.247952 -0.161807
1.231549 -0.201375 1.247905 -0.162079
1.231447 -0.201702 1.247857 -0.162351
1.231345 -0.202030 1.247809 -0.162624
1.231243 -0.202357 1.247761 -0.162896
1.231140 -0.202685 1.247713 -0.163168
1.231038 -0.203012 1.247665 -0.163440
1.230935 -0.203339 1.247617 -0.163712
1.230832 -0.203666 1.247568 -0.163984
1.230729 -0.203993 1.247520 -0.164256
1.230625 -0.204319 1.247472 -0.164528
1.230522 -0.204646 1.247423 -0.164800
1.230418 -0.204973 1.247374 -0.165072
1.230315 -0.205299 1.247326 -0.165344
1.230211 -0.205626 1.247277 -0.165616
1.230106 -0.205952 1.247228 -0.165887
1.230002 -0.206278 1.247179 -0.166159
1.229898 -0.206604 1.247130 -0.166431
1.229793 -0.206930 1.247081 -0.166703
1.229688 -0.207256 1.247032 -0.166974
1.229583 -0.207582 1.246983 -0.167246
1.229478 -0.207908 1.246933 -0.167518
1.229373 -0.208233 1.246884 -0.167789
1.229268 -0.208559 1.246834 -0.168061
1.229162 -0.208884 1.246785 -0.168332
1.229056 -0.209209 1.246735 -0.168604
1.228950 -0.209535 1.246685 -0.168875
1.228844 -0.209860 1.246635 -0.169146
1.228738 -0.210185 1.246585 -0.169418
1.228632 -0.210510 1.246535 -0.169689
1.228525 -0.210834 1.246485 -0.169960
1.228419 -0.211159 1.246435 -0.170231
1.228312 -0.211484 1.246385 -0.170503
1.228205 -0.211808 1.246334 -0.170774
1.228098 -0.212133 1.246284 -0.171045
1.227990 -0.212457 1.246233 -0.171316
1.227883 -0.212781 1.246183 -0.171587
1.227775 -0.213105 1.246132 -0.171858
1.227667 -0.213429 1.246081 -0.172129
1.227559 -0.213753 1.246031 -0.172400
1.227451 -0.214077 1.245980 -0.172671
1.227343 -0.214401 1.245929 -0.172942
1.227234 -0.214724 1.245877 -0.173213
1.227126 -0.215048 1.245826 -0.173483
1.227017 -0.215371 1.245775 -0.173754
1.226908 -0.215694 1.245724 -0.174025
1.226799 -0.216018 1.245672 -0.174296
1.226690 -0.216341 1.245621 -0.174566
1.226580 -0.216664 1.245569 -0.174837
1.226471 -0.216986 1.245517 -0.175107
1.226361 -0.217309 1.245466 -0.175378
1.226251 -0.217632 1.245414 -0.175648
1.226141 -0.217954 1.245362 -0.175919
1.226031 -0.218277 1.245310 -0.176189
1.225920 -0.218599 1.245258 -0.176460
1.225810 -0.218922 1.245205 -0.176730
1.225699 -0.219244 1.245153 -0.177000
1.225588 -0.219566 1.245101 -0.177271
1.225477 -0.219888 1.245048 -0.177541
1.225366 -0.220209 1.244996 -0.177811
1.225255 -0.220531 1.244943 -0.178081
1.225143 -0.220853 1.244891 -0.178351
1.225032 -0.221174 1.244838 -0.178622
1.224920 -0.221496 1.244785 -0.178892
1.224808 -0.221817 1.244732 -0.179162
1.224696 -0.222138 1.244679 -0.179432
1.224584 -0.222459 1.244626 -0.179701
1.224471 -0.222780 1.244573 -0.179971
1.224359 -0.223101 1.244519 -0.180241
1.224246 -0.223422 1.244466 -0.180511
1.224133 -0.223743 1.244413 -0.180781
1.224020 -0.224063 1.244359 -0.181051
1.223907 -0.224384 1.244306 -0.181320
1.223794 -0.224704 1.244252 -0.181590
1.223680 -0.225024 1.244198 -0.181860
1.223566 -0.225344 1.244144 -0.182129
1.223453 -0.225664 1.244090 -0.182399
1.223339 -0.225984 1.244036 -0.182668
1.223224 -0.226304 1.243982 -0.182938
1.223110 -0.226624 1.243928 -0.183207
1.222996 -0.226943 1.243874 -0.183477
1.222881 -0.227263 1.243819 -0.183746
1.222766 -0.227582 1.243765 -0.184015
1.222651 -0.227902 1.243710 -0.184285
1.222536 -0.228221 1.243656 -0.184554
1.222421 -0.228540 1.243601 -0.184823
1.222306 -0.228859 1.243546 -0.185092
1.222190 -0.229177 1.243491 -0.185361
1.222074 -0.229496 1.243437 -0.185630
1.221959 -0.229815 1.243382 -0.185899
1.221843 -0.230133 1.243326 -0.186168
1.221726 -0.230452 1.243271 -0.186437
1.221610 -0.230770 1.243216 -0.186706
1.221494 -0.231088 1.243161 -0.186975
1.221377 -0.231406 1.243105 -0.187244
1.221260 -0.231724 1.243050 -0.187513
1.221143 -0.232042 1.242994 -0.187782
1.221026 -0.232360 1.242938 -0.188050
1.220909 -0.232677 1.242883 -0.188319
1.220791 -0.232995 1.242827 -0.188588
1.220674 -0.233312 1.242771 -0.188856
1.220556 -0.233630 1.242715 -0.189125
1.220438 -0.233947 1.242659 -0.189393
1.220320 -0.234264 1.242603 -0.189662
1.220202 -0.234581 1.242546 -0.189930
1.220084 -0.234898 1.242490 -0.190199
1.219965 -0.235214 1.242434 -0.190467
1.219847 -0.235531 1.242377 -0.190735
1.219728 -0.235847 1.242320 -0.191004
1.219609 -0.236164 1.242264 -0.191272
1.219490 -0.236480 1.242207 -0.191540
1.219371 -0.236796 1.242150 -0.191808
1.219251 -0.237112 1.242093 -0.192076
1.219132 -0.237428 1.242036 -0.192344
1.219012 -0.237744 1.241979 -0.192612
1.218892 -0.238060 1.241922 -0.192880
1.218772 -0.238375 1.241865 -0.193148
1.218652 -0.238691 1.241807 -0.193416
1.218531 -0.239006 1.241750 -0.193684
1.218411 -0.239322 1.241692 -0.193952
1.218290 -0.239637 1.241635 -0.194220
1.218170 -0.239952 1.241577 -0.194487
1.218049 -0.240267 1.241519 -0.194755
1.217928 -0.240581 1.241462 -0.195023
1.217806 -0.240896 1.241404 -0.195290
1.217685 -0.241211 1.241346 -0.195558
1.217563 -0.241525 1.241288 -0.195826
1.217442 -0.241840 1.241229 -0.196093
1.217320 -0.242154 1.241171 -0.196360
1.217198 -0.242468 1.241113 -0.196628
1.217076 -0.242782 1.241054 -0.196895
1.216953 -0.243096 1.240996 -0.197163
1.216831 -0.243410 1.240937 -0.197430
1.216708 -0.243723 1.240879 -0.197697
1.216585 -0.244037 1.240820 -0.197964
1.216463 -0.244350 1.240761 -0.198231
1.216339 -0.244663 1.240702 -0.198499
1.216216 -0.244977 1.240643 -0.198766
1.216093 -0.245290 1.240584 -0.199033
1.215969 -0.245603 1.240525 -0.199300
1.215846 -0.245915 1.240466 -0.199567
1.215722 -0.246228 1.240406 -0.199833
1.215598 -0.246541 1.240347 -0.200100
1.215474 -0.246853 1.240287 -0.200367
1.215349 -0.247166 1.240228 -0.200634
1.215225 -0.247478 1.240168 -0.200901
1.215100 -0.247790 1.240108 -0.201167
1.214976 -0.248102 1.240049 -0.201434
1.214851 -0.248414 1.239989 -0.201700
1.214726 -0.248726 1.239929 -0.201967
1.214601 -0.249037 1.239869 -0.202234
1.214475 -0.249349 1.239809 -0.202500
1.214350 -0.249660 1.239748 -0.202766
1.214224 -0.249972 1.239688 -0.203033
1.214098 -0.250283 1.239628 -0.203299
1.213973 -0.250594 1.239567 -0.203565
1.213846 -0.250905 1.239507 -0.203832
1.213720 -0.251216 1.239446 -0.204098
1.213594 -0.251526 1.239385 -0.204364
1.213467 -0.251837 1.239324 -0.204630
1.213341 -0.252147 1.239263 -0.204896
1.213214 -0.252458 1.239202 -0.205162
1.213087 -0.252768 1.239141 -0.205428
1.212960 -0.253078 1.239080 -0.205694
1.212832 -0.253388 1.239019 -0.205960
1.212705 -0.253698 1.238958 -0.206226
1.212577 -0.254008 1.238896 -0.206492
1.212450 -0.254317 1.238835 -0.206757
1.212322 -0.254627 1.238773 -0.207023
1.212194 -0.254936 1.238712 -0.207289
1.212066 -0.255245 1.238650 -0.207554
1.211937 -0.255554 1.238588 -0.207820
1.211809 -0.255863 1.238526 -0.208085
1.211680 -0.256172 1.238464 -0.208351
1.211552 -0.256481 1.238402 -0.208616
1.211423 -0.256790 1.238340 -0.208882
1.211294 -0.257098 1.238278 -0.209147
1.211164 -0.257407 1.238215 -0.209412
1.211035 -0.257715 1.238153 -0.209678
1.210906 -0.258023 1.238091 -0.209943
1.210776 -0.258331 1.238028 -0.210208
1.210646 -0.258639 1.237965 -0.210473
1.210516 -0.258947 1.237903 -0.210738
1.210386 -0.259254 1.237840 -0.211003
1.210256 -0.259562 1.237777 -0.211268
1.210126 -0.259869 1.237714 -0.211533
1.209995 -0.260177 1.237651 -0.211798
1.209864 -0.260484 1.237588 -0.212063
1.209734 -0.260791 1.237525 -0.212328
1.209603 -0.261098 1.237461 -0.212592
1.209471 -0.261405 1.237398 -0.212857
1.209340 -0.261711 1.237334 -0.213122
1.209209 -0.262018 1.237271 -0.213386
1.209077 -0.262324 1.237207 -0.213651
1.208946 -0.262630 1.237144 -0.213915
1.208814 -0.262937 1.237080 -0.214180
1.208682 -0.263243 1.237016 -0.214444
1.208550 -0.263549 1.236952 -0.214709
1.208417 -0.263854 1.236888 -0.214973
1.208285 -0.264160 1.236824 -0.215237
1.208152 -0.264465 1.236759 -0.215502
1.208020 -0.264771 1.236695 -0.215766
1.207887 -0.265076 1.236631 -0.216030
1.207754 -0.265381 1.236566 -0.216294
1.207621 -0.265686 1.236502 -0.216558
1.207487 -0.265991 1.236437 -0.216822
1.207354 -0.266296 1.236373 -0.217086
1.207220 -0.266601 1.236308 -0.217350
1.207087 -0.266905 1.236243 -0.217614
1.206953 -0.267210 1.236178 -0.217878
1.206819 -0.267514 1.236113 -0.218141
1.206685 -0.267818 1.236048 -0.218405
1.206550 -0.268122 1.235983 -0.218669
1.206416 -0.268426 1.235917 -0.218932
1.206281 -0.268730 1.235852 -0.219196
1.206146 -0.269033 1.235786 -0.219459
1.206012 -0.269337 1.235721 -0.219723
1.205877 -0.269640 1.235655 -0.219986
1.205741 -0.269943 1.235590 -0.220250
1.205606 -0.270247 1.235524 -0.220513
1.205471 -0.270550 1.235458 -0.220776
1.205335 -0.270852 1.235392 -0.221040
1.205199 -0.271155 1.235326 -0.221303
1.205063 -0.271458 1.235260 -0.221566
1.204927 -0.271760 1.235194 -0.221829
1.204791 -0.272062 1.235127 -0.222092
1.204655 -0.272365 1.235061 -0.222355
1.204518 -0.272667 1.234995 -0.222618
1.204382 -0.272969 1.234928 -0.222881
1.204245 -0.273271 1.234862 -0.223144
1.204108 -0.273572 1.234795 -0.223407
1.203971 -0.273874 1.234728 -0.223669
1.203834 -0.274175 1.234661 -0.223932
1.203697 -0.274477 1.234594 -0.224195
1.203559 -0.274778 1.234527 -0.224457
1.203422 -0.275079 1.234460 -0.224720
1.203284 -0.275380 1.234393 -0.224982
1.203146 -0.275680 1.234326 -0.225245
1.203008 -0.275981 1.234258 -0.225507
1.202870 -0.276282 1.234191 -0.225769
1.202732 -0.276582 1.234123 -0.226032
1.202593 -0.276882 1.234056 -0.226294
1.202455 -0.277182 1.233988 -0.226556
1.202316 -0.277482 1.233920 -0.226818
1.202177 -0.277782 1.233853 -0.227081
1.202038 -0.278082 1.233785 -0.227343
1.201899 -0.278381 1.233717 -0.227605
1.201759 -0.278681 1.233649 -0.227867
1.201620 -0.278980 1.233580 -0.228128
1.201480 -0.279279 1.233512 -0.228390
1.201341 -0.279578 1.233444 -0.228652
1.201201 -0.279877 1.233375 -0.228914
1.201061 -0.280176 1.233307 -0.229176
1.200921 -0.280475 1.233238 -0.229437
1.200781 -0.280773 1.233170 -0.229699
1.200640 -0.281072 1.233101 -0.229960
1.200500 -0.281370 1.233032 -0.230222
1.200359 -0.281668 1.232963 -0.230483
1.200218 -0.281966 1.232894 -0.230745
1.200077 -0.282264 1.232825 -0.231006
1.199936 -0.282562 1.232756 -0.231267
1.199795 -0.282859 1.232687 -0.231529
1.199653 -0.283157 1.232617 -0.231790
1.199512 -0.283454 1.232548 -0.232051
1.199370 -0.283751 1.232479 -0.232312
1.199228 -0.284048 1.232409 -0.232573
1.199086 -0.284345 1.232339 -0.232834
1.198944 -0.284642 1.232270 -0.233095
1.198802 -0.284938 1.232200 -0.233356
1.198660 -0.285235 1.232130 -0.233617
1.198517 -0.285531 1.232060 -0.233877
1.198375 -0.285827 1.231990 -0.234138
1.198232 -0.286124 1.231920 -0.234399
1.198089 -0.286420 1.231849 -0.234659
1.197946 -0.286715 1.231779 -0.234920
1.197803 -0.287011 1.231709 -0.235181
1.197659 -0.287307 1.231638 -0.235441
1.197516 -0.287602 1.231568 -0.235701
1.197372 -0.287897 1.231497 -0.235962
1.197229 -0.288192 1.231426 -0.236222
1.197085 -0.288487 1.231356 -0.236482
1.196941 -0.288782 1.231285 -0.236743
1.196796 -0.289077 1.231214 -0.237003
1.196652 -0.289371 1.231143 -0.237263
1.196508 -0.289666 1.231072 -0.237523
1.196363 -0.289960 1.231000 -0.237783
1.196219 -0.290254 1.230929 -0.238043
1.196074 -0.290548 1.230858 -0.238303
1.195929 -0.290842 1.230786 -0.238563
1.195784 -0.291136 1.230715 -0.238822
1.195638 -0.291430 1.230643 -0.239082
1.195493 -0.291723 1.230571 -0.239342
1.195347 -0.292016 1.230500 -0.239601
1.195202 -0.292310 1.230428 -0.239861
1.195056 -0.292603 1.230356 -0.240120
1.194910 -0.292896 1.230284 -0.240380
1.194764 -0.293188 1.230212 -0.240639
1.194618 -0.293481 1.230139 -0.240899
1.194472 -0.293774 1.230067 -0.241158
1.194325 -0.294066 1.229995 -0.241417
1.194178 -0.294358 1.229922 -0.241676
1.194032 -0.294650 1.229850 -0.241936
1.193885 -0.294942 1.229777 -0.242195
1.193738 -0.295234 1.229705 -0.242454
1.193591 -0.295526 1.229632 -0.242713
1.193443 -0.295817 1.229559 -0.242972
1.193296 -0.296108 1.229486 -0.243230
1.193149 -0.296400 1.229413 -0.243489
1.193001 -0.296691 1.229340 -0.243748
1.192853 -0.296982 1.229267 -0.244007
1.192705 -0.297273 1.229193 -0.244265
1.192557 -0.297563 1.229120 -0.244524
1.192409 -0.297854 1.229047 -0.244783
1.192260 -0.298144 1.228973 -0.245041
1.192112 -0.298434 1.228900 -0.245299
1.191963 -0.298724 1.228826 -0.245558
1.191815 -0.299014 1.228752 -0.245816
1.191666 -0.299304 1.228678 -0.246074
1.191517 -0.299594 1.228604 -0.246333
1.191368 -0.299883 1.228530 -0.246591
1.191218 -0.300173 1.228456 -0.246849
1.191069 -0.300462 1.228382 -0.247107
1.190919 -0.300751 1.228308 -0.247365
1.190770 -0.301040 1.228234 -0.247623
1.190620 -0.301329 1.228159 -0.247881
1.190470 -0.301617 1.228085 -0.248139
1.190320 -0.301906 1.228010 -0.248396
1.190170 -0.302194 1.227935 -0.248654
1.190019 -0.302483 1.227861 -0.248912
1.189869 -0.302771 1.227786 -0.249169
1.189718 -0.303059 1.227711 -0.249427
1.189568 -0.303346 1.227636 -0.249684
1.189417 -0.303634 1.227561 -0.249942
1.189266 -0.303922 1.227486 -0.250199
1.189115 -0.304209 1.227410 -0.250456
1.188963 -0.304496 1.227335 -0.250714
1.188812 -0.304783 1.227260 -0.250971
1.188660 -0.305070 1.227184 -0.251228
1.188509 -0.305357 1.227109 -0.251485
1.188357 -0.305644 1.227033 -0.251742
1.188205 -0.305930 1.226957 -0.251999
1.188053 -0.306216 1.226882 -0.252256
1.187901 -0.306503 1.226806 -0.252513
1.187748 -0.306789 1.226730 -0.252770
1.187596 -0.307075 1.226654 -0.253027
1.187443 -0.307360 1.226578 -0.253283
1.187291 -0.307646 1.226501 -0.253540
1.187138 -0.307932 1.226425 -0.253796
1.186985 -0.308217 1.226349 -0.254053
1.186832 -0.308502 1.226272 -0.254309
1.186679 -0.308787 1.226196 -0.254566
1.186525 -0.309072 1.226119 -0.254822
1.186372 -0.309357 1.226042 -0.255078
1.186218 -0.309641 1.225966 -0.255335
1.186065 -0.309926 1.225889 -0.255591
1.185911 -0.310210 1.225812 -0.255847
1.185757 -0.310494 1.225735 -0.256103
1.185603 -0.310778 1.225658 -0.256359
1.185448 -0.311062 1.225580 -0.256615
1.185294 -0.311346 1.225503 -0.256871
1.185139 -0.311629 1.225426 -0.257127
1.184985 -0.311913 1.225348 -0.257383
1.184830 -0.312196 1.225271 -0.257638
1.184675 -0.312479 1.225193 -0.257894
1.184520 -0.312762 1.225116 -0.258149
1.184365 -0.313045 1.225038 -0.258405
1.184210 -0.313327 1.224960 -0.258661
1.184054 -0.313610 1.224882 -0.258916
1.183899 -0.313892 1.224804 -0.259171
1.183743 -0.314174 1.224726 -0.259427
1.183587 -0.314457 1.224648 -0.259682
1.183431 -0.314738 1.224569 -0.259937
1.183275 -0.315020 1.224491 -0.260192
1.183119 -0.315302 1.224413 -0.260447
1.182963 -0.315583 1.224334 -0.260702
1.182807 -0.315865 1.224256 -0.260957
1.182650 -0.316146 1.224177 -0.261212
1.182493 -0.316427 1.224098 -0.261467
1.182337 -0.316708 1.224019 -0.261722
1.182180 -0.316988 1.223940 -0.261976
1.182023 -0.317269 1.223861 -0.262231
1.181865 -0.317549 1.223782 -0.262486
1.181708 -0.317830 1.223703 -0.262740
1.181551 -0.318110 1.223624 -0.262995
1.181393 -0.318390 1.223545 -0.263249
1.181235 -0.318669 1.223465 -0.263503
1.181078 -0.318949 1.223386 -0.263758
1.180920 -0.319229 1.223306 -0.264012
1.180762 -0.319508 1.223227 -0.264266
1.180603 -0.319787 1.223147 -0.264520
1.180445 -0.320066 1.223067 -0.264774
1.180287 -0.320345 1.222987 -0.265028
1.180128 -0.320624 1.222907 -0.265282
1.179969 -0.320902 1.222827 -0.265536
1.179811 -0.321181 1.222747 -0.265790
1.179652 -0.321459 1.222667 -0.266044
1.179493 -0.321737 1.222587 -0.266297
1.179334 -0.322015 1.222506 -0.266551
1.179174 -0.322293 1.222426 -0.266804
1.179015 -0.322571 1.222345 -0.267058
1.178855 -0.322848 1.222265 -0.267311
1.178696 -0.323125 1.222184 -0.267565
1.178536 -0.323403 1.222103 -0.267818
1.178376 -0.323680 1.222022 -0.268071
1.178216 -0.323957 1.221941 -0.268325
1.178056 -0.324233 1.221860 -0.268578
1.177895 -0.324510 1.221779 -0.268831
1.177735 -0.324786 1.221698 -0.269084
1.177574 -0.325063 1.221617 -0.269337
1.177414 -0.325339 1.221535 -0.269590
1.177253 -0.325615 1.221454 -0.269843
1.177092 -0.325891 1.221372 -0.270095
1.176931 -0.326166 1.221291 -0.270348
1.176770 -0.326442 1.221209 -0.270601
1.176609 -0.326717 1.221127 -0.270853
1.176447 -0.326992 1.221045 -0.271106
1.176286 -0.327267 1.220963 -0.271358
1.176124 -0.327542 1.220881 -0.271611
1.175962 -0.327817 1.220799 -0.271863
1.175800 -0.328091 1.220717 -0.272115
1.175638 -0.328366 1.220635 -0.272367
1.175476 -0.328640 1.220553 -0.272620
1.175314 -0.328914 1.220470 -0.272872
1.175152 -0.329188 1.220388 -0.273124
1.174989 -0.329462 1.220305 -0.273376
1.174827 -0.329736 1.220223 -0.273627
1.174664 -0.330009 1.220140 -0.273879
1.174501 -0.330282 1.220057 -0.274131
1.174338 -0.330555 1.219974 -0.274383
1.174175 -0.330828 1.219891 -0.274634
1.174012 -0.331101 1.219808 -0.274886
1.173848 -0.331374 1.219725 -0.275137
1.173685 -0.331646 1.219642 -0.275389
1.173521 -0.331919 1.219558 -0.275640
1.173358 -0.332191 1.219475 -0.275892
1.173194 -0.332463 1.219391 -0.276143
1.173030 -0.332735 1.219308 -0.276394
1.172866 -0.333007 1.219224 -0.276645
1.172702 -0.333278 1.219141 -0.276896
1.172537 -0.333550 1.219057 -0.277147
1.172373 -0.333821 1.218973 -0.277398
1.172209 -0.334092 1.218889 -0.277649
1.172044 -0.334363 1.218805 -0.277900
1.171879 -0.334634 1.218721 -0.278151
1.171714 -0.334904 1.218637 -0.278401
1.171549 -0.335175 1.218552 -0.278652
1.171384 -0.335445 1.218468 -0.278903
1.171219 -0.335715 1.218384 -0.279153
1.171054 -0.335985 1.218299 -0.279403
1.170888 -0.336255 1.218214 -0.279654
1.170722 -0.336525 1.218130 -0.279904
1.170557 -0.336794 1.218045 -0.280154
1.170391 -0.337064 1.217960 -0.280404
1.170225 -0.337333 1.217875 -0.280655
1.170059 -0.337602 1.217790 -0.280905
1.169893 -0.337871 1.217705 -0.281155
1.169726 -0.338139 1.217620 -0.281404
1.169560 -0.338408 1.217535 -0.281654
1.169393 -0.338676 1.217449 -0.281904
1.169227 -0.338944 1.217364 -0.282154
1.169060 -0.339213 1.217278 -0.282403
1.168893 -0.339480 1.217193 -0.282653
1.168726 -0.339748 1.217107 -0.282903
1.168559 -0.340016 1.217021 -0.283152
1.168392 -0.340283 1.216936 -0.283401
1.168225 -0.340550 1.216850 -0.283651
1.168057 -0.340817 1.216764 -0.283900
1.167889 -0.341084 1.216678 -0.284149
1.167722 -0.341351 1.216591 -0.284398
1.167554 -0.341618 1.216505 -0.284647
1.167386 -0.341884 1.216419 -0.284896
1.167218 -0.342150 1.216333 -0.285145
1.167050 -0.342417 1.216246 -0.285394
1.166882 -0.342682 1.216160 -0.285643
1.166713 -0.342948 1.216073 -0.285892
1.166545 -0.343214 1.215986 -0.286140
1.166376 -0.343479 1.215899 -0.286389
1.166207 -0.343745 1.215813 -0.286637
1.166039 -0.344010 1.215726 -0.286886
1.165870 -0.344275 1.215639 -0.287134
1.165701 -0.344539 1.215551 -0.287382
1.165531 -0.344804 1.215464 -0.287631
1.165362 -0.345069 1.215377 -0.287879
1.165193 -0.345333 1.215290 -0.288127
1.165023 -0.345597 1.215202 -0.288375
1.164853 -0.345861 1.215115 -0.288623
1.164684 -0.346125 1.215027 -0.288871
1.164514 -0.346388 1.214939 -0.289119
1.164344 -0.346652 1.214852 -0.289366
1.164174 -0.346915 1.214764 -0.289614
1.164004 -0.347178 1.214676 -0.289862
1.163833 -0.347441 1.214588 -0.290109
1.163663 -0.347704 1.214500 -0.290357
1.163492 -0.347967 1.214412 -0.290604
1.163322 -0.348229 1.214323 -0.290852
1.163151 -0.348492 1.214235 -0.291099
1.162980 -0.348754 1.214147 -0.291346
1.162809 -0.349016 1.214058 -0.291593
1.162638 -0.349278 1.213969 -0.291840
1.162467 -0.349539 1.213881 -0.292088
1.162295 -0.349801 1.213792 -0.292334
1.162124 -0.350062 1.213703 -0.292581
1.161952 -0.350323 1.213614 -0.292828
1.161781 -0.350584 1.213525 -0.293075
1.161609 -0.350845 1.213436 -0.293322
1.161437 -0.351106 1.213347 -0.293568
1.161265 -0.351366 1.213258 -0.293815
1.161093 -0.351627 1.213169 -0.294061
1.160921 -0.351887 1.213079 -0.294308
1.160748 -0.352147 1.212990 -0.294554
1.160576 -0.352407 1.212900 -0.294800
1.160403 -0.352666 1.212811 -0.295046
1.160231 -0.352926 1.212721 -0.295293
1.160058 -0.353185 1.212631 -0.295539
1.159885 -0.353444 1.212541 -0.295785
1.159712 -0.353703 1.212451 -0.296030
1.159539 -0.353962 1.212361 -0.296276
1.159366 -0.354221 1.212271 -0.296522
1.159193 -0.354479 1.212181 -0.296768
1.159019 -0.354737 1.212091 -0.297013
1.158846 -0.354996 1.212000 -0.297259
1.158672 -0.355254 1.211910 -0.297505
1.158498 -0.355511 1.211819 -0.297750
1.158324 -0.355769 1.211729 -0.297995
1.158150 -0.356026 1.211638 -0.298241
1.157976 -0.356284 1.211547 -0.298486
1.157802 -0.356541 1.211457 -0.298731
1.157628 -0.356798 1.211366 -0.298976
1.157453 -0.357055 1.211275 -0.299221
1.157279 -0.357311 1.211184 -0.299466
1.157104 -0.357568 1.211093 -0.299711
1.156930 -0.357824 1.211001 -0.299956
1.156755 -0.358080 1.210910 -0.300200
1.156580 -0.358336 1.210819 -0.300445
1.156405 -0.358592 1.210727 -0.300690
1.156230 -0.358847 1.210636 -0.300934
1.156054 -0.359103 1.210544 -0.301178
1.155879 -0.359358 1.210452 -0.301423
1.155704 -0.359613 1.210360 -0.301667
1.155528 -0.359868 1.210269 -0.301911
1.155352 -0.360123 1.210177 -0.302155
1.155176 -0.360377 1.210085 -0.302400
1.155001 -0.360632 1.209992 -0.302644
1.154825 -0.360886 1.209900 -0.302887
1.154648 -0.361140 1.209808 -0.303131
1.154472 -0.361394 1.209716 -0.303375
1.154296 -0.361648 1.209623 -0.303619
1.154119 -0.361901 1.209531 -0.303862
1.153943 -0.362155 1.209438 -0.304106
1.153766 -0.362408 1.209345 -0.304350
1.153590 -0.362661 1.209253 -0.304593
1.153413 -0.362914 1.209160 -0.304836
1.153236 -0.363166 1.209067 -0.305080
1.153059 -0.363419 1.208974 -0.305323
1.152882 -0.363671 1.208881 -0.305566
1.152704 -0.363923 1.208788 -0.305809
1.152527 -0.364175 1.208694 -0.306052
1.152349 -0.364427 1.208601 -0.306295
1.152172 -0.364679 1.208508 -0.306538
1.151994 -0.364930 1.208414 -0.306780
1.151816 -0.365181 1.208321 -0.307023
1.151638 -0.365433 1.208227 -0.307266
1.151460 -0.365683 1.208133 -0.307508
1.151282 -0.365934 1.208039 -0.307751
1.151104 -0.366185 1.207945 -0.307993
1.150926 -0.366435 1.207851 -0.308235
1.150747 -0.366686 1.207757 -0.308478
1.150569 -0.366936 1.207663 -0.308720
1.150390 -0.367186 1.207569 -0.308962
1.150212 -0.367435 1.207475 -0.309204
1.150033 -0.367685 1.207380 -0.309446
1.149854 -0.367934 1.207286 -0.309688
1.149675 -0.368183 1.207191 -0.309930
1.149496 -0.368432 1.207097 -0.310171
1.149316 -0.368681 1.207002 -0.310413
1.149137 -0.368930 1.206907 -0.310655
1.148958 -0.369178 1.206813 -0.310896
1.148778 -0.369427 1.206718 -0.311138
1.148599 -0.369675 1.206623 -0.311379
1.148419 -0.369923 1.206528 -0.311620
1.148239 -0.370171 1.206432 -0.311861
1.148059 -0.370418 1.206337 -0.312103
1.147879 -0.370666 1.206242 -0.312344
1.147699 -0.370913 1.206146 -0.312585
1.147519 -0.371160 1.206051 -0.312826
1.147338 -0.371407 1.205955 -0.313066
1.147158 -0.371654 1.205860 -0.313307
1.146977 -0.371900 1.205764 -0.313548
1.146797 -0.372147 1.205668 -0.313788
1.146616 -0.372393 1.205572 -0.314029
1.146435 -0.372639 1.205476 -0.314269
1.146254 -0.372885 1.205380 -0.314510
1.146073 -0.373130 1.205284 -0.314750
1.145892 -0.373376 1.205188 -0.314990
1.145711 -0.373621 1.205092 -0.315230
1.145529 -0.373866 1.204995 -0.315470
1.145348 -0.374111 1.204899 -0.315710
1.145166 -0.374356 1.204802 -0.315950
1.144985 -0.374601 1.204706 -0.316190
1.144803 -0.374845 1.204609 -0.316430
1.144621 -0.375089 1.204512 -0.316670
1.144439 -0.375333 1.204415 -0.316909
1.144257 -0.375577 1.204318 -0.317149
1.144075 -0.375821 1.204221 -0.317388
1.143893 -0.376065 1.204124 -0.317628
1.143710 -0.376308 1.204027 -0.317867
1.143528 -0.376551 1.203930 -0.318106
1.143346 -0.376794 1.203833 -0.318345
1.143163 -0.377037 1.203735 -0.318584
1.142980 -0.377280 1.203638 -0.318823
1.142797 -0.377522 1.203540 -0.319062
1.142614 -0.377764 1.203442 -0.319301
1.142431 -0.378007 1.203345 -0.319540
1.142248 -0.378248 1.203247 -0.319779
1.142065 -0.378490 1.203149 -0.320017
1.141882 -0.378732 1.203051 -0.320256
1.141698 -0.378973 1.202953 -0.320494
1.141515 -0.379214 1.202855 -0.320733
1.141331 -0.379455 1.202757 -0.320971
1.141148 -0.379696 1.202658 -0.321209
1.140964 -0.379937 1.202560 -0.321447
1.140780 -0.380177 1.202462 -0.321685
1.140596 -0.380418 1.202363 -0.321923
1.140412 -0.380658 1.202264 -0.322161
1.140228 -0.380898 1.202166 -0.322399
1.140044 -0.381137 1.202067 -0.322637
1.139859 -0.381377 1.201968 -0.322874
1.139675 -0.381616 1.201869 -0.323112
1.139490 -0.381856 1.201770 -0.323350
1.139306 -0.382095 1.201671 -0.323587
1.139121 -0.382334 1.201572 -0.323824
1.138936 -0.382572 1.201473 -0.324062
1.138751 -0.382811 1.201373 -0.324299
1.138566 -0.383049 1.201274 -0.324536
1.138381 -0.383287 1.201175 -0.324773
1.138196 -0.383525 1.201075 -0.325010
1.138010 -0.383763 1.200975 -0.325247
1.137825 -0.384000 1.200876 -0.325484
1.137640 -0.384238 1.200776 -0.325720
1.137454 -0.384475 1.200676 -0.325957
1.137268 -0.384712 1.200576 -0.326194
1.137083 -0.384949 1.200476 -0.326430
1.136897 -0.385186 1.200376 -0.326666
1.136711 -0.385422 1.200276 -0.326903
1.136525 -0.385658 1.200175 -0.327139
1.136339 -0.385895 1.200075 -0.327375
1.136152 -0.386130 1.199975 -0.327611
1.135966 -0.386366 1.199874 -0.327847
1.135780 -0.386602 1.199773 -0.328083
1.135593 -0.386837 1.199673 -0.328319
1.135407 -0.387072 1.199572 -0.328555
1.135220 -0.387307 1.199471 -0.328790
1.135033 -0.387542 1.199370 -0.329026
1.134846 -0.387777 1.199269 -0.329261
1.134659 -0.388011 1.199168 -0.329497
1.134472 -0.388246 1.199067 -0.329732
1.134285 -0.388480 1.198966 -0.329967
1.134098 -0.388714 1.198865 -0.330203
1.133911 -0.388947 1.198763 -0.330438
1.133723 -0.389181 1.198662 -0.330673
1.133536 -0.389414 1.198560 -0.330908
1.133348 -0.389647 1.198459 -0.331143
1.133160 -0.389880 1.198357 -0.331377
1.132973 -0.390113 1.198255 -0.331612
1.132785 -0.390346 1.198153 -0.331847
1.132597 -0.390578 1.198051 -0.332081
1.132409 -0.390810 1.197949 -0.332316
1.132221 -0.391042 1.197847 -0.332550
1.132032 -0.391274 1.197745 -0.332784
1.131844 -0.391506 1.197643 -0.333019
1.131656 -0.391738 1.197540 -0.333253
1.131467 -0.391969 1.197438 -0.333487
1.131279 -0.392200 1.197335 -0.333721
1.131090 -0.392431 1.197233 -0.333955
1.130901 -0.392662 1.197130 -0.334188
1.130712 -0.392892 1.197027 -0.334422
1.130523 -0.393123 1.196925 -0.334656
1.130334 -0.393353 1.196822 -0.334889
1.130145 -0.393583 1.196719 -0.335123
1.129956 -0.393813 1.196616 -0.335356
1.129767 -0.394042 1.196513 -0.335589
1.129577 -0.394272 1.196409 -0.335823
1.129388 -0.394501 1.196306 -0.336056
1.129198 -0.394730 1.196203 -0.336289
1.129009 -0.394959 1.196099 -0.336522
1.128819 -0.395188 1.195996 -0.336754
1.128629 -0.395416 1.195892 -0.336987
1.128439 -0.395644 1.195788 -0.337220
1.128249 -0.395873 1.195685 -0.337453
1.128059 -0.396101 1.195581 -0.337685
1.127869 -0.396328 1.195477 -0.337918
1.127679 -0.396556 1.195373 -0.338150
1.127489 -0.396783 1.195269 -0.338382
1.127298 -0.397010 1.195165 -0.338614
1.127108 -0.397237 1.195060 -0.338847
1.126917 -0.397464 1.194956 -0.339079
1.126727 -0.397691 1.194852 -0.339311
1.126536 -0.397917 1.194747 -0.339542
1.126345 -0.398144 1.194643 -0.339774
1.126154 -0.398370 1.194538 -0.340006
1.125963 -0.398596 1.194433 -0.340237
1.125772 -0.398821 1.194329 -0.340469
1.125581 -0.399047 1.194224 -0.340700
1.125389 -0.399272 1.194119 -0.340932
1.125198 -0.399497 1.194014 -0.341163
1.125007 -0.399722 1.193909 -0.341394
1.124815 -0.399947 1.193803 -0.341625
1.124624 -0.400171 1.193698 -0.341856
1.124432 -0.400396 1.193593 -0.342087
1.124240 -0.400620 1.193487 -0.342318
1.124048 -0.400844 1.193382 -0.342549
1.123856 -0.401068 1.193276 -0.342780
1.123664 -0.401291 1.193171 -0.343010
1.123472 -0.401515 1.193065 -0.343241
1.123280 -0.401738 1.192959 -0.343471
1.123088 -0.401961 1.192853 -0.343701
1.122896 -0.402184 1.192747 -0.343932
1.122703 -0.402406 1.192641 -0.344162
1.122511 -0.402629 1.192535 -0.344392
1.122318 -0.402851 1.192429 -0.344622
1.122125 -0.403073 1.192323 -0.344852
1.121933 -0.403295 1.192216 -0.345081
1.121740 -0.403517 1.192110 -0.345311
1.121547 -0.403738 1.192003 -0.345541
1.121354 -0.403959 1.191897 -0.345770
1.121161 -0.404180 1.191790 -0.346000
1.120968 -0.404401 1.191683 -0.346229
1.120774 -0.404622 1.191576 -0.346458
1.120581 -0.404843 1.191469 -0.346688
1.120388 -0.405063 1.191362 -0.346917
1.120194 -0.405283 1.191255 -0.347146
1.120001 -0.405503 1.191148 -0.347375
1.119807 -0.405723 1.191041 -0.347603
1.119613 -0.405942 1.190934 -0.347832
1.119419 -0.406162 1.190826 -0.348061
1.119226 -0.406381 1.190719 -0.348289
1.119032 -0.406600 1.190611 -0.348518
1.118838 -0.406819 1.190504 -0.348746
1.118643 -0.407037 1.190396 -0.348975
1.118449 -0.407256 1.190288 -0.349203
1.118255 -0.407474 1.190180 -0.349431
1.118061 -0.407692 1.190072 -0.349659
1.117866 -0.407910 1.189964 -0.349887
1.117672 -0.408128 1.189856 -0.350115
1.117477 -0.408345 1.189748 -0.350343
1.117282 -0.408562 1.189640 -0.350570
1.117088 -0.408779 1.189532 -0.350798
1.116893 -0.408996 1.189423 -0.351025
1.116698 -0.409213 1.189315 -0.351253
1.116503 -0.409429 1.189206 -0.351480
1.116308 -0.409646 1.189097 -0.351707
1.116113 -0.409862 1.188989 -0.351935
1.115918 -0.410078 1.188880 -0.352162
1.115722 -0.410293 1.188771 -0.352389
1.115527 -0.410509 1.188662 -0.352616
1.115331 -0.410724 1.188553 -0.352842
1.115136 -0.410939 1.188444 -0.353069
1.114940 -0.411154 1.188335 -0.353296
1.114745 -0.411369 1.188225 -0.353522
1.114549 -0.411583 1.188116 -0.353749
1.114353 -0.411798 1.188007 -0.353975
1.114157 -0.412012 1.187897 -0.354201
1.113961 -0.412226 1.187788 -0.354427
1.113765 -0.412439 1.187678 -0.354653
1.113569 -0.412653 1.187568 -0.354879
1.113373 -0.412866 1.187458 -0.355105
1.113176 -0.413080 1.187349 -0.355331
1.112980 -0.413292 1.187239 -0.355557
1.112784 -0.413505 1.187128 -0.355782
1.112587 -0.413718 1.187018 -0.356008
1.112391 -0.413930 1.186908 -0.356233
1.112194 -0.414142 1.186798 -0.356459
1.111997 -0.414354 1.186688 -0.356684
1.111800 -0.414566 1.186577 -0.356909
1.111603 -0.414778 1.186467 -0.357134
1.111407 -0.414989 1.186356 -0.357359
1.111210 -0.415200 1.186245 -0.357584
1.111012 -0.415411 1.186135 -0.357809
1.110815 -0.415622 1.186024 -0.358034
1.110618 -0.415833 1.185913 -0.358258
1.110421 -0.416043 1.185802 -0.358483
1.110223 -0.416253 1.185691 -0.358707
1.110026 -0.416463 1.185580 -0.358931
1.109828 -0.416673 1.185468 -0.359156
1.109631 -0.416883 1.185357 -0.359380
1.109433 -0.417092 1.185246 -0.359604
1.109235 -0.417301 1.185134 -0.359828
1.109037 -0.417510 1.185023 -0.360052
1.108839 -0.417719 1.184911 -0.360276
1.108641 -0.417928 1.184799 -0.360499
1.108443 -0.418136 1.184688 -0.360723
1.108245 -0.418344 1.184576 -0.360946
1.108047 -0.418553 1.184464 -0.361170
1.107849 -0.418760 1.184352 -0.361393
1.107651 -0.418968 1.184240 -0.361616
1.107452 -0.419175 1.184128 -0.361839
1.107254 -0.419383 1.184015 -0.362062
1.107055 -0.419590 1.183903 -0.362285
1.106856 -0.419797 1.183791 -0.362508
1.106658 -0.420003 1.183678 -0.362731
1.106459 -0.420210 1.183566 -0.362954
1.106260 -0.420416 1.183453 -0.363176
1.106061 -0.420622 1.183340 -0.363399
1.105862 -0.420828 1.183228 -0.363621
1.105663 -0.421033 1.183115 -0.363843
1.105464 -0.421239 1.183002 -0.364065
1.105265 -0.421444 1.182889 -0.364288
1.105066 -0.421649 1.182776 -0.364510
1.104866 -0.421854 1.182663 -0.364731
1.104667 -0.422059 1.182549 -0.364953
1.104468 -0.422263 1.182436 -0.365175
1.104268 -0.422467 1.182323 -0.365397
1.104069 -0.422671 1.182209 -0.365618
1.103869 -0.422875 1.182096 -0.365840
1.103669 -0.423079 1.181982 -0.366061
1.103469 -0.423282 1.181868 -0.366282
1.103269 -0.423485 1.181754 -0.366503
1.103070 -0.423688 1.181641 -0.366724
1.102870 -0.423891 1.181527 -0.366945
1.102670 -0.424094 1.181413 -0.367166
1.102469 -0.424296 1.181298 -0.367387
1.102269 -0.424499 1.181184 -0.367608
1.102069 -0.424701 1.181070 -0.367828
1.101869 -0.424902 1.180956 -0.368049
1.101668 -0.425104 1.180841 -0.368269
1.101468 -0.425306 1.180727 -0.368489
1.101267 -0.425507 1.180612 -0.368709
1.101067 -0.425708 1.180498 -0.368930
1.100866 -0.425909 1.180383 -0.369150
1.100665 -0.426109 1.180268 -0.369369
1.100464 -0.426310 1.180153 -0.369589
1.100264 -0.426510 1.180038 -0.369809
1.100063 -0.426710 1.179923 -0.370029
1.099862 -0.426910 1.179808 -0.370248
1.099661 -0.427109 1.179693 -0.370467
1.099459 -0.427309 1.179578 -0.370687
1.099258 -0.427508 1.179462 -0.370906
1.099057 -0.427707 1.179347 -0.371125
1.098856 -0.427906 1.179232 -0.371344
1.098654 -0.428104 1.179116 -0.371563
1.098453 -0.428303 1.179000 -0.371782
1.098251 -0.428501 1.178885 -0.372001
1.098050 -0.428699 1.178769 -0.372219
1.097848 -0.428897 1.178653 -0.372438
1.097646 -0.429094 1.178537 -0.372656
1.097445 -0.429292 1.178421 -0.372874
1.097243 -0.429489 1.178305 -0.373093
1.097041 -0.429686 1.178189 -0.373311
1.096839 -0.429882 1.178072 -0.373529
1.096637 -0.430079 1.177956 -0.373747
1.096435 -0.430275 1.177840 -0.373965
1.096233 -0.430472 1.177723 -0.374182
1.096030 -0.430667 1.177607 -0.374400
1.095828 -0.430863 1.177490 -0.374618
1.095626 -0.431059 1.177373 -0.374835
1.095423 -0.431254 1.177256 -0.375052
1.095221 -0.431449 1.177140 -0.375270
1.095018 -0.431644 1.177023 -0.375487
1.094816 -0.431839 1.176906 -0.375704
1.094613 -0.432033 1.176788 -0.375921
1.094411 -0.432228 1.176671 -0.376138
1.094208 -0.432422 1.176554 -0.376354
1.094005 -0.432616 1.176437 -0.376571
1.093802 -0.432809 1.176319 -0.376788
1.093599 -0.433003 1.176202 -0.377004
1.093396 -0.433196 1.176084 -0.377220
1.093193 -0.433389 1.175967 -0.377437
1.092990 -0.433582 1.175849 -0.377653
1.092787 -0.433775 1.175731 -0.377869
1.092583 -0.433967 1.175613 -0.378085
1.092380 -0.434160 1.175495 -0.378301
1.092177 -0.434352 1.175377 -0.378516
1.091973 -0.434543 1.175259 -0.378732
1.091770 -0.434735 1.175141 -0.378948
1.091566 -0.434927 1.175023 -0.379163
1.091363 -0.435118 1.174904 -0.379378
1.091159 -0.435309 1.174786 -0.379594
1.090955 -0.435500 1.174667 -0.379809
1.090751 -0.435690 1.174549 -0.380024
1.090548 -0.435881 1.174430 -0.380239
1.090344 -0.436071 1.174311 -0.380454
1.090140 -0.436261 1.174193 -0.380668
1.089936 -0.436451 1.174074 -0.380883
1.089732 -0.436640 1.173955 -0.381098
1.089528 -0.436830 1.173836 -0.381312
1.089323 -0.437019 1.173717 -0.381526
1.089119 -0.437208 1.173597 -0.381741
1.088915 -0.437396 1.173478 -0.381955
1.088710 -0.437585 1.173359 -0.382169
1.088506 -0.437773 1.173239 -0.382383
1.088302 -0.437961 1.173120 -0.382596
1.088097 -0.438149 1.173000 -0.382810
1.087892 -0.438337 1.172881 -0.383024
1.087688 -0.438525 1.172761 -0.383237
1.087483 -0.438712 1.172641 -0.383451
1.087278 -0.438899 1.172521 -0.383664
1.087074 -0.439086 1.172401 -0.383877
1.086869 -0.439272 1.172281 -0.384090
1.086664 -0.439459 1.172161 -0.384303
1.086459 -0.439645 1.172041 -0.384516
1.086254 -0.439831 1.171921 -0.384729
1.086049 -0.440017 1.171801 -0.384942
1.085843 -0.440203 1.171680 -0.385154
1.085638 -0.440388 1.171560 -0.385367
1.085433 -0.440573 1.171439 -0.385579
1.085228 -0.440758 1.171319 -0.385791
1.085022 -0.440943 1.171198 -0.386004
1.084817 -0.441128 1.171077 -0.386216
1.084611 -0.441312 1.170956 -0.386428
1.084406 -0.441496 1.170835 -0.386639
1.084200 -0.441680 1.170714 -0.386851
1.083995 -0.441864 1.170593 -0.387063
1.083789 -0.442048 1.170472 -0.387274
1.083583 -0.442231 1.170351 -0.387486
1.083377 -0.442414 1.170229 -0.387697
1.083172 -0.442597 1.170108 -0.387908
1.082966 -0.442780 1.169987 -0.388120
1.082760 -0.442962 1.169865 -0.388331
1.082554 -0.443144 1.169743 -0.388541
1.082348 -0.443326 1.169622 -0.388752
1.082142 -0.443508 1.169500 -0.388963
1.081935 -0.443690 1.169378 -0.389174
1.081729 -0.443871 1.169256 -0.389384
1.081523 -0.444053 1.169134 -0.389594
1.081317 -0.444234 1.169012 -0.389805
1.081110 -0.444414 1.168890 -0.390015
1.080904 -0.444595 1.168768 -0.390225
1.080697 -0.444775 1.168645 -0.390435
1.080491 -0.444956 1.168523 -0.390645
1.080284 -0.445136 1.168400 -0.390855
1.080078 -0.445315 1.168278 -0.391064
1.079871 -0.445495 1.168155 -0.391274
1.079664 -0.445674 1.168033 -0.391483
1.079457 -0.445853 1.167910 -0.391692
1.079251 -0.446032 1.167787 -0.391902
1.079044 -0.446211 1.167664 -0.392111
1.078837 -0.446390 1.167541 -0.392320
1.078630 -0.446568 1.167418 -0.392529
1.078423 -0.446746 1.167295 -0.392738
1.078216 -0.446924 1.167172 -0.392946
1.078009 -0.447101 1.167048 -0.393155
1.077801 -0.447279 1.166925 -0.393363
1.077594 -0.447456 1.166802 -0.393572
1.077387 -0.447633 1.166678 -0.393780
1.077180 -0.447810 1.166554 -0.393988
1.076972 -0.447986 1.166431 -0.394196
1.076765 -0.448163 1.166307 -0.394404
1.076557 -0.448339 1.166183 -0.394612
1.076350 -0.448515 1.166059 -0.394819
1.076142 -0.448691 1.165935 -0.395027
1.075935 -0.448866 1.165811 -0.395235
1.075727 -0.449041 1.165687 -0.395442
1.075519 -0.449217 1.165563 -0.395649
1.075311 -0.449391 1.165439 -0.395856
1.075104 -0.449566 1.165314 -0.396063
1.074896 -0.449741 1.165190 -0.396270
1.074688 -0.449915 1.165065 -0.396477
1.074480 -0.450089 1.164941 -0.396684
1.074272 -0.450263 1.164816 -0.396891
1.074064 -0.450436 1.164691 -0.397097
1.073856 -0.450610 1.164567 -0.397304
1.073648 -0.450783 1.164442 -0.397510
1.073440 -0.450956 1.164317 -0.397716
1.073231 -0.451129 1.164192 -0.397922
1.073023 -0.451301 1.164067 -0.398128
1.072815 -0.451473 1.163942 -0.398334
1.072606 -0.451646 1.163816 -0.398540
1.072398 -0.451817 1.163691 -0.398745
1.072190 -0.451989 1.163566 -0.398951
1.071981 -0.452161 1.163440 -0.399156
1.071773 -0.452332 1.163314 -0.399362
1.071564 -0.452503 1.163189 -0.399567
1.071355 -0.452674 1.163063 -0.399772
1.071147 -0.452844 1.162937 -0.399977
1.070938 -0.453015 1.162811 -0.400182
1.070729 -0.453185 1.162686 -0.400386
1.070520 -0.453355 1.162560 -0.400591
1.070312 -0.453525 1.162433 -0.400796
1.070103 -0.453694 1.162307 -0.401000
1.069894 -0.453864 1.162181 -0.401204
1.069685 -0.454033 1.162055 -0.401409
1.069476 -0.454202 1.161928 -0.401613
1.069267 -0.454370 1.161802 -0.401817
1.069058 -0.454539 1.161675 -0.402021
1.068849 -0.454707 1.161549 -0.402224
1.068639 -0.454875 1.161422 -0.402428
1.068430 -0.455043 1.161295 -0.402631
1.068221 -0.455210 1.161168 -0.402835
1.068012 -0.455378 1.161042 -0.403038
1.067802 -0.455545 1.160915 -0.403241
1.067593 -0.455712 1.160788 -0.403444
1.067383 -0.455879 1.160660 -0.403647
1.067174 -0.456045 1.160533 -0.403850
1.066964 -0.456211 1.160406 -0.404053
1.066755 -0.456378 1.160279 -0.404256
1.066545 -0.456543 1.160151 -0.404458
1.066336 -0.456709 1.160024 -0.404661
1.066126 -0.456875 1.159896 -0.404863
1.065916 -0.457040 1.159768 -0.405065
1.065706 -0.457205 1.159641 -0.405267
1.065497 -0.457370 1.159513 -0.405469
1.065287 -0.457534 1.159385 -0.405671
1.065077 -0.457699 1.159257 -0.405873
1.064867 -0.457863 1.159129 -0.406074
1.064657 -0.458027 1.159001 -0.406276
1.064447 -0.458190 1.158873 -0.406477
1.064237 -0.458354 1.158744 -0.406678
1.064027 -0.458517 1.158616 -0.406879
1.063817 -0.458680 1.158488 -0.407081
1.063607 -0.458843 1.158359 -0.407281
1.063396 -0.459006 1.158231 -0.407482
1.063186 -0.459168 1.158102 -0.407683
1.062976 -0.459330 1.157973 -0.407884
1.062766 -0.459492 1.157845 -0.408084
1.062555 -0.459654 1.157716 -0.408284
1.062345 -0.459815 1.157587 -0.408485
1.062135 -0.459977 1.157458 -0.408685
1.061924 -0.460138 1.157329 -0.408885
1.061714 -0.460299 1.157200 -0.409085
1.061503 -0.460459 1.157070 -0.409284
1.061292 -0.460620 1.156941 -0.409484
1.061082 -0.460780 1.156812 -0.409684
1.060871 -0.460940 1.156682 -0.409883
1.060661 -0.461100 1.156553 -0.410082
1.060450 -0.461260 1.156423 -0.410281
1.060239 -0.461419 1.156293 -0.410481
1.060028 -0.461578 1.156164 -0.410680
1.059818 -0.461737 1.156034 -0.410878
1.059607 -0.461896 1.155904 -0.411077
1.059396 -0.462054 1.155774 -0.411276
1.059185 -0.462212 1.155644 -0.411474
1.058974 -0.462370 1.155514 -0.411673
1.058763 -0.462528 1.155384 -0.411871
1.058552 -0.462686 1.155253 -0.412069
1.058341 -0.462843 1.155123 -0.412267
1.058130 -0.463000 1.154993 -0.412465
1.057919 -0.463157 1.154862 -0.412663
1.057707 -0.463314 1.154732 -0.412860
1.057496 -0.463471 1.154601 -0.413058
1.057285 -0.463627 1.154470 -0.413255
1.057074 -0.463783 1.154339 -0.413453
1.056862 -0.463939 1.154209 -0.413650
1.056651 -0.464095 1.154078 -0.413847
1.056440 -0.464250 1.153947 -0.414044
1.056228 -0.464405 1.153816 -0.414241
1.056017 -0.464560 1.153684 -0.414438
1.055805 -0.464715 1.153553 -0.414634
1.055594 -0.464869 1.153422 -0.414831
1.055382 -0.465024 1.153290 -0.415027
1.055171 -0.465178 1.153159 -0.415223
1.054959 -0.465332 1.153028 -0.415420
1.054748 -0.465485 1.152896 -0.415616
1.054536 -0.465639 1.152764 -0.415811
1.054324 -0.465792 1.152632 -0.416007
1.054112 -0.465945 1.152501 -0.416203
1.053901 -0.466098 1.152369 -0.416398
1.053689 -0.466250 1.152237 -0.416594
1.053477 -0.466403 1.152105 -0.416789
1.053265 -0.466555 1.151973 -0.416984
1.053053 -0.466707 1.151840 -0.417179
1.052841 -0.466858 1.151708 -0.417374
1.052630 -0.467010 1.151576 -0.417569
1.052418 -0.467161 1.151443 -0.417764
1.052206 -0.467312 1.151311 -0.417959
1.051994 -0.467463 1.151178 -0.418153
1.051781 -0.467613 1.151046 -0.418347
1.051569 -0.467764 1.150913 -0.418542
1.051357 -0.467914 1.150780 -0.418736
1.051145 -0.468064 1.150647 -0.418930
1.050933 -0.468213 1.150515 -0.419124
1.050721 -0.468363 1.150382 -0.419317
1.050508 -0.468512 1.150249 -0.419511
1.050296 -0.468661 1.150115 -0.419704
1.050084 -0.468810 1.149982 -0.419898
1.049872 -0.468958 1.149849 -0.420091
1.049659 -0.469107 1.149715 -0.420284
1.049447 -0.469255 1.149582 -0.420477
1.049234 -0.469403 1.149449 -0.420670
1.049022 -0.469551 1.149315 -0.420863
1.048810 -0.469698 1.149181 -0.421056
1.048597 -0.469845 1.149048 -0.421248
1.048385 -0.469992 1.148914 -0.421440
1.048172 -0.470139 1.148780 -0.421633
1.047959 -0.470286 1.148646 -0.421825
1.047747 -0.470432 1.148512 -0.422017
1.047534 -0.470578 1.148378 -0.422209
1.047322 -0.470724 1.148244 -0.422401
1.047109 -0.470870 1.148109 -0.422592
1.046896 -0.471015 1.147975 -0.422784
1.046683 -0.471160 1.147841 -0.422975
1.046471 -0.471305 1.147706 -0.423167
1.046258 -0.471450 1.147572 -0.423358
1.046045 -0.471595 1.147437 -0.423549
1.045832 -0.471739 1.147302 -0.423740
1.045619 -0.471883 1.147168 -0.423931
1.045407 -0.472027 1.147033 -0.424121
1.045194 -0.472171 1.146898 -0.424312
1.044981 -0.472314 1.146763 -0.424502
1.044768 -0.472457 1.146628 -0.424693
1.044555 -0.472600 1.146493 -0.424883
1.044342 -0.472743 1.146358 -0.425073
1.044129 -0.472886 1.146222 -0.425263
1.043916 -0.473028 1.146087 -0.425453
1.043703 -0.473170 1.145952 -0.425642
1.043490 -0.473312 1.145816 -0.425832
1.043276 -0.473454 1.145681 -0.426021
1.043063 -0.473595 1.145545 -0.426211
1.042850 -0.473736 1.145409 -0.426400
1.042637 -0.473877 1.145273 -0.426589
1.042424 -0.474018 1.145138 -0.426778
1.042210 -0.474159 1.145002 -0.426967
1.041997 -0.474299 1.144866 -0.427155
1.041784 -0.474439 1.144730 -0.427344
1.041571 -0.474579 1.144594 -0.427532
1.041357 -0.474719 1.144457 -0.427721
1.041144 -0.474858 1.144321 -0.427909
1.040931 -0.474997 1.144185 -0.428097
1.040717 -0.475136 1.144048 -0.428285
1.040504 -0.475275 1.143912 -0.428473
1.040290 -0.475413 1.143775 -0.428660
1.040077 -0.475552 1.143639 -0.428848
1.039863 -0.475690 1.143502 -0.429035
1.039650 -0.475828 1.143365 -0.429223
1.039436 -0.475965 1.143228 -0.429410
1.039223 -0.476103 1.143091 -0.429597
1.039009 -0.476240 1.142954 -0.429784
1.038796 -0.476377 1.142817 -0.429971
1.038582 -0.476513 1.142680 -0.430157
1.038368 -0.476650 1.142543 -0.430344
1.038155 -0.476786 1.142406 -0.430530
1.037941 -0.476922 1.142268 -0.430717
1.037727 -0.477058 1.142131 -0.430903
1.037514 -0.477194 1.141993 -0.431089
1.037300 -0.477329 1.141856 -0.431275
1.037086 -0.477464 1.141718 -0.431460
1.036873 -0.477599 1.141580 -0.431646
1.036659 -0.477734 1.141442 -0.431832
1.036445 -0.477868 1.141305 -0.432017
1.036231 -0.478002 1.141167 -0.432202
1.036017 -0.478136 1.141029 -0.432387
1.035803 -0.478270 1.140890 -0.432572
1.035590 -0.478404 1.140752 -0.432757
1.035376 -0.478537 1.140614 -0.432942
1.035162 -0.478670 1.140476 -0.433127
1.034948 -0.478803 1.140337 -0.433311
1.034734 -0.478936 1.140199 -0.433496
1.034520 -0.479068 1.140060 -0.433680
1.034306 -0.479200 1.139922 -0.433864
1.034092 -0.479332 1.139783 -0.434048
1.033878 -0.479464 1.139644 -0.434232
1.033664 -0.479595 1.139506 -0.434415
1.033450 -0.479727 1.139367 -0.434599
1.033236 -0.479858 1.139228 -0.434782
1.033022 -0.479989 1.139089 -0.434966
1.032808 -0.480119 1.138950 -0.435149
1.032594 -0.480250 1.138811 -0.435332
1.032380 -0.480380 1.138671 -0.435515
1.032166 -0.480510 1.138532 -0.435698
1.031951 -0.480639 1.138393 -0.435880
1.031737 -0.480769 1.138253 -0.436063
1.031523 -0.480898 1.138114 -0.436245
1.031309 -0.481027 1.137974 -0.436428
1.031095 -0.481156 1.137834 -0.436610
1.030880 -0.481284 1.137695 -0.436792
1.030666 -0.481413 1.137555 -0.436974
1.030452 -0.481541 1.137415 -0.437156
1.030238 -0.481669 1.137275 -0.437337
1.030023 -0.481796 1.137135 -0.437519
1.029809 -0.481924 1.136995 -0.437700
1.029595 -0.482051 1.136855 -0.437881
1.029381 -0.482178 1.136714 -0.438062
1.029166 -0.482305 1.136574 -0.438243
1.028952 -0.482431 1.136434 -0.438424
1.028738 -0.482557 1.136293 -0.438605
1.028523 -0.482683 1.136153 -0.438785
1.028309 -0.482809 1.136012 -0.438966
1.028094 -0.482935 1.135872 -0.439146
1.027880 -0.483060 1.135731 -0.439326
1.027666 -0.483185 1.135590 -0.439506
1.027451 -0.483310 1.135449 -0.439686
1.027237 -0.483435 1.135308 -0.439866
1.027022 -0.483559 1.135167 -0.440046
1.026808 -0.483684 1.135026 -0.440225
1.026593 -0.483808 1.134885 -0.440404
1.026379 -0.483931 1.134744 -0.440584
1.026164 -0.484055 1.134602 -0.440763
1.025950 -0.484178 1.134461 -0.440942
1.025735 -0.484301 1.134319 -0.441121
1.025521 -0.484424 1.134178 -0.441299
1.025306 -0.484547 1.134036 -0.441478
1.025092 -0.484669 1.133895 -0.441656
1.024877 -0.484791 1.133753 -0.441835
1.024663 -0.484913 1.133611 -0.442013
1.024448 -0.485035 1.133469 -0.442191
1.024234 -0.485156 1.133327 -0.442369
1.024019 -0.485277 1.133185 -0.442546
1.023804 -0.485398 1.133043 -0.442724
1.023590 -0.485519 1.132901 -0.442901
1.023375 -0.485640 1.132759 -0.443079
1.023161 -0.485760 1.132617 -0.443256
1.022946 -0.485880 1.132474 -0.443433
1.022731 -0.486000 1.132332 -0.443610
1.022517 -0.486120 1.132189 -0.443787
1.022302 -0.486239 1.132047 -0.443964
1.022087 -0.486358 1.131904 -0.444140
1.021873 -0.486477 1.131761 -0.444316
1.021658 -0.486596 1.131619 -0.444493
1.021443 -0.486714 1.131476 -0.444669
1.021229 -0.486833 1.131333 -0.444845
1.021014 -0.486951 1.131190 -0.445021
1.020799 -0.487068 1.131047 -0.445196
1.020584 -0.487186 1.130903 -0.445372
1.020370 -0.487303 1.130760 -0.445547
1.020155 -0.487420 1.130617 -0.445723
1.019940 -0.487537 1.130474 -0.445898
1.019725 -0.487654 1.130330 -0.446073
1.019511 -0.487770 1.130187 -0.446248
1.019296 -0.487886 1.130043 -0.446423
1.019081 -0.488002 1.129900 -0.446597
1.018866 -0.488118 1.129756 -0.446772
1.018652 -0.488234 1.129612 -0.446946
1.018437 -0.488349 1.129468 -0.447120
1.018222 -0.488464 1.129324 -0.447294
1.018007 -0.488579 1.129180 -0.447468
1.017793 -0.488693 1.129036 -0.447642
1.017578 -0.488808 1.128892 -0.447816
1.017363 -0.488922 1.128748 -0.447989
1.017148 -0.489035 1.128604 -0.448162
1.016933 -0.489149 1.128459 -0.448336
1.016719 -0.489263 1.128315 -0.448509
1.016504 -0.489376 1.128170 -0.448682
1.016289 -0.489489 1.128026 -0.448855
1.016074 -0.489601 1.127881 -0.449027
1.015859 -0.489714 1.127737 -0.449200
1.015644 -0.489826 1.127592 -0.449372
1.015430 -0.489938 1.127447 -0.449544
1.015215 -0.490050 1.127302 -0.449717
1.015000 -0.490161 1.127157 -0.449889
1.014785 -0.490273 1.127012 -0.450060
1.014570 -0.490384 1.126867 -0.450232
1.014355 -0.490495 1.126722 -0.450404
1.014141 -0.490605 1.126577 -0.450575
1.013926 -0.490716 1.126431 -0.450746
1.013711 -0.490826 1.126286 -0.450917
1.013496 -0.490936 1.126140 -0.451088
1.013281 -0.491045 1.125995 -0.451259
1.013066 -0.491155 1.125849 -0.451430
1.012852 -0.491264 1.125704 -0.451601
1.012637 -0.491373 1.125558 -0.451771
1.012422 -0.491482 1.125412 -0.451941
1.012207 -0.491590 1.125266 -0.452111
1.011992 -0.491699 1.125120 -0.452281
1.011777 -0.491807 1.124974 -0.452451
1.011562 -0.491914 1.124828 -0.452621
1.011348 -0.492022 1.124682 -0.452791
1.011133 -0.492129 1.124536 -0.452960
1.010918 -0.492236 1.124389 -0.453129
1.010703 -0.492343 1.124243 -0.453298
1.010488 -0.492450 1.124097 -0.453467
1.010273 -0.492556 1.123950 -0.453636
1.010058 -0.492663 1.123804 -0.453805
1.009844 -0.492769 1.123657 -0.453974
1.009629 -0.492874 1.123510 -0.454142
1.009414 -0.492980 1.123364 -0.454310
1.009199 -0.493085 1.123217 -0.454478
1.008984 -0.493190 1.123070 -0.454646
1.008769 -0.493295 1.122923 -0.454814
1.008555 -0.493399 1.122776 -0.454982
1.008340 -0.493504 1.122629 -0.455150
1.008125 -0.493608 1.122481 -0.455317
1.007910 -0.493712 1.122334 -0.455484
1.007695 -0.493815 1.122187 -0.455651
1.007480 -0.493919 1.122039 -0.455818
1.007266 -0.494022 1.121892 -0.455985
1.007051 -0.494125 1.121744 -0.456152
1.006836 -0.494227 1.121597 -0.456318
1.006621 -0.494330 1.121449 -0.456485
1.006406 -0.494432 1.121301 -0.456651
1.006192 -0.494534 1.121154 -0.456817
1.005977 -0.494636 1.121006 -0.456983
1.005762 -0.494737 1.120858 -0.457149
1.005547 -0.494839 1.120710 -0.457315
1.005332 -0.494940 1.120562 -0.457480
1.005118 -0.495041 1.120414 -0.457646
1.004903 -0.495141 1.120265 -0.457811
1.004688 -0.495241 1.120117 -0.457976
1.004473 -0.495342 1.119969 -0.458141
1.004259 -0.495441 1.119820 -0.458306
1.004044 -0.495541 1.119672 -0.458471
1.003829 -0.495641 1.119523 -0.458635
1.003614 -0.495740 1.119375 -0.458799
1.003400 -0.495839 1.119226 -0.458964
1.003185 -0.495937 1.119077 -0.459128
1.002970 -0.496036 1.118928 -0.459292
1.002755 -0.496134 1.118779 -0.459455
1.002541 -0.496232 1.118630 -0.459619
1.002326 -0.496330 1.118481 -0.459783
1.002111 -0.496427 1.118332 -0.459946
1.001897 -0.496525 1.118183 -0.460109
1.001682 -0.496622 1.118034 -0.460272
1.001467 -0.496719 1.117885 -0.460435
1.001253 -0.496815 1.117735 -0.460598
1.001038 -0.496911 1.117586 -0.460760
1.000823 -0.497008 1.117436 -0.460923
1.000609 -0.497103 1.117287 -0.461085
1.000394 -0.497199 1.117137 -0.461247
1.000179 -0.497295 1.116987 -0.461409
0.999965 -0.497390 1.116838 -0.461571
0.999750 -0.497485 1.116688 -0.461733
0.999536 -0.497579 1.116538 -0.461894
0.999321 -0.497674 1.116388 -0.462056
0.999106 -0.497768 1.116238 -0.462217
0.998892 -0.497862 1.116088 -0.462378
0.998677 -0.497956 1.115937 -0.462539
0.998463 -0.498049 1.115787 -0.462700
0.998248 -0.498143 1.115637 -0.462861
0.998034 -0.498236 1.115486 -0.463021
0.997819 -0.498328 1.115336 -0.463182
0.997605 -0.498421 1.115185 -0.463342
0.997390 -0.498513 1.115035 -0.463502
0.997176 -0.498605 1.114884 -0.463662
0.996961 -0.498697 1.114733 -0.463822
0.996747 -0.498789 1.114583 -0.463981
0.996532 -0.498880 1.114432 -0.464141
0.996318 -0.498972 1.114281 -0.464300
0.996103 -0.499063 1.114130 -0.464459
0.995889 -0.499153 1.113979 -0.464618
0.995674 -0.499244 1.113828 -0.464777
0.995460 -0.499334 1.113676 -0.464936
0.995246 -0.499424 1.113525 -0.465094
0.995031 -0.499514 1.113374 -0.465253
0.994817 -0.499603 1.113222 -0.465411
0.994603 -0.499692 1.113071 -0.465569
0.994388 -0.499781 1.112919 -0.465727
0.994174 -0.499870 1.112768 -0.465885
0.993960 -0.499959 1.112616 -0.466042
0.993745 -0.500047 1.112464 -0.466200
0.993531 -0.500135 1.112313 -0.466357
0.993317 -0.500223 1.112161 -0.466514
0.993103 -0.500311 1.112009 -0.466671
0.992888 -0.500398 1.111857 -0.466828
0.992674 -0.500485 1.111705 -0.466985
0.992460 -0.500572 1.111552 -0.467142
0.992246 -0.500659 1.111400 -0.467298
0.992031 -0.500745 1.111248 -0.467454
0.991817 -0.500831 1.111096 -0.467610
0.991603 -0.500917 1.110943 -0.467766
0.991389 -0.501003 1.110791 -0.467922
0.991175 -0.501088 1.110638 -0.468078
0.990961 -0.501174 1.110486 -0.468233
0.990747 -0.501259 1.110333 -0.468389
0.990532 -0.501344 1.110180 -0.468544
0.990318 -0.501428 1.110027 -0.468699
0.990104 -0.501512 1.109874 -0.468854
0.989890 -0.501596 1.109721 -0.469008
0.989676 -0.501680 1.109568 -0.469163
0.989462 -0.501764 1.109415 -0.469317
0.989248 -0.501847 1.109262 -0.469472
0.989034 -0.501930 1.109109 -0.469626
0.988820 -0.502013 1.108956 -0.469780
0.988606 -0.502096 1.108802 -0.469934
0.988393 -0.502178 1.108649 -0.470087
0.988179 -0.502260 1.108496 -0.470241
0.987965 -0.502342 1.108342 -0.470394
0.987751 -0.502424 1.108188 -0.470547
0.987537 -0.502505 1.108035 -0.470700
0.987323 -0.502586 1.107881 -0.470853
0.987109 -0.502667 1.107727 -0.471006
0.986896 -0.502748 1.107573 -0.471158
0.986682 -0.502829 1.107419 -0.471311
0.986468 -0.502909 1.107265 -0.471463
0.986254 -0.502989 1.107111 -0.471615
0.986041 -0.503069 1.106957 -0.471767
0.985827 -0.503148 1.106803 -0.471919
0.985613 -0.503227 1.106649 -0.472070
0.985400 -0.503307 1.106494 -0.472222
0.985186 -0.503385 1.106340 -0.472373
0.984972 -0.503464 1.106185 -0.472524
0.984759 -0.503542 1.106031 -0.472675
0.984545 -0.503620 1.105876 -0.472826
0.984331 -0.503698 1.105722 -0.472976
0.984118 -0.503776 1.105567 -0.473127
0.983904 -0.503853 1.105412 -0.473277
0.983691 -0.503930 1.105257 -0.473427
0.983477 -0.504007 1.105102 -0.473577
0.983264 -0.504084 1.104947 -0.473727
0.983051 -0.504160 1.104792 -0.473877
0.982837 -0.504237 1.104637 -0.474027
0.982624 -0.504312 1.104482 -0.474176
0.982410 -0.504388 1.104327 -0.474325
0.982197 -0.504464 1.104171 -0.474474
0.981984 -0.504539 1.104016 -0.474623
0.981770 -0.504614 1.103861 -0.474772
0.981557 -0.504689 1.103705 -0.474920
0.981344 -0.504763 1.103549 -0.475069
0.981130 -0.504837 1.103394 -0.475217
0.980917 -0.504911 1.103238 -0.475365
0.980704 -0.504985 1.103082 -0.475513
0.980491 -0.505059 1.102926 -0.475661
0.980278 -0.505132 1.102771 -0.475809
0.980065 -0.505205 1.102615 -0.475956
0.979851 -0.505278 1.102459 -0.476103
0.979638 -0.505351 1.102302 -0.476250
0.979425 -0.505423 1.102146 -0.476397
0.979212 -0.505495 1.101990 -0.476544
0.978999 -0.505567 1.101834 -0.476691
0.978786 -0.505639 1.101677 -0.476837
0.978573 -0.505710 1.101521 -0.476984
0.978360 -0.505781 1.101364 -0.477130
0.978147 -0.505852 1.101208 -0.477276
0.977935 -0.505923 1.101051 -0.477422
0.977722 -0.505993 1.100895 -0.477567
0.977509 -0.506063 1.100738 -0.477713
0.977296 -0.506133 1.100581 -0.477858
0.977083 -0.506203 1.100424 -0.478003
0.976870 -0.506273 1.100267 -0.478148
0.976658 -0.506342 1.100110 -0.478293
0.976445 -0.506411 1.099953 -0.478438
0.976232 -0.506480 1.099796 -0.478582
0.976020 -0.506548 1.099639 -0.478727
0.975807 -0.506616 1.099481 -0.478871
0.975594 -0.506684 1.099324 -0.479015
0.975382 -0.506752 1.099167 -0.479159
0.975169 -0.506820 1.099009 -0.479303
0.974957 -0.506887 1.098852 -0.479446
0.974744 -0.506954 1.098694 -0.479590
0.974532 -0.507021 1.098536 -0.479733
0.974319 -0.507087 1.098379 -0.479876
0.974107 -0.507154 1.098221 -0.480019
0.973894 -0.507220 1.098063 -0.480161
0.973682 -0.507286 1.097905 -0.480304
0.973470 -0.507351 1.097747 -0.480446
0.973257 -0.507417 1.097589 -0.480589
0.973045 -0.507482 1.097431 -0.480731
0.972833 -0.507547 1.097273 -0.480873
0.972621 -0.507612 1.097115 -0.481014
0.972409 -0.507676 1.096956 -0.481156
0.972196 -0.507740 1.096798 -0.481297
0.971984 -0.507804 1.096640 -0.481439
0.971772 -0.507868 1.096481 -0.481580
0.971560 -0.507931 1.096323 -0.481721
0.971348 -0.507995 1.096164 -0.481861
0.971136 -0.508057 1.096005 -0.482002
0.970924 -0.508120 1.095846 -0.482142
0.970712 -0.508183 1.095688 -0.482282
0.970500 -0.508245 1.095529 -0.482423
0.970288 -0.508307 1.095370 -0.482562
0.970076 -0.508369 1.095211 -0.482702
0.969864 -0.508430 1.095052 -0.482842
0.969653 -0.508492 1.094893 -0.482981
0.969441 -0.508553 1.094734 -0.483120
0.969229 -0.508613 1.094574 -0.483259
0.969017 -0.508674 1.094415 -0.483398
0.968806 -0.508734 1.094256 -0.483537
0.968594 -0.508794 1.094096 -0.483676
0.968382 -0.508854 1.093937 -0.483814
0.968171 -0.508914 1.093777 -0.483952
0.967959 -0.508973 1.093617 -0.484090
0.967748 -0.509032 1.093458 -0.484228
0.967536 -0.509091 1.093298 -0.484366
0.967325 -0.509150 1.093138 -0.484503
0.967113 -0.509208 1.092978 -0.484641
0.966902 -0.509266 1.092818 -0.484778
0.966691 -0.509324 1.092658 -0.484915
0.966479 -0.509382 1.092498 -0.485052
0.966268 -0.509439 1.092338 -0.485189
0.966057 -0.509497 1.092178 -0.485325
0.965846 -0.509553 1.092018 -0.485461
0.965634 -0.509610 1.091857 -0.485598
0.965423 -0.509667 1.091697 -0.485734
0.965212 -0.509723 1.091536 -0.485869
0.965001 -0.509779 1.091376 -0.486005
0.964790 -0.509835 1.091215 -0.486141
0.964579 -0.509890 1.091055 -0.486276
0.964368 -0.509945 1.090894 -0.486411
0.964157 -0.510000 1.090733 -0.486546
0.963946 -0.510055 1.090572 -0.486681
0.963735 -0.510110 1.090412 -0.486816
0.963524 -0.510164 1.090251 -0.486950
0.963314 -0.510218 1.090090 -0.487084
0.963103 -0.510272 1.089928 -0.487218
0.962892 -0.510325 1.089767 -0.487352
0.962681 -0.510378 1.089606 -0.487486
0.962471 -0.510432 1.089445 -0.487620
0.962260 -0.510484 1.089284 -0.487753
0.962049 -0.510537 1.089122 -0.487887
0.961839 -0.510589 1.088961 -0.488020
0.961628 -0.510641 1.088799 -0.488153
0.961418 -0.510693 1.088638 -0.488285
0.961207 -0.510745 1.088476 -0.488418
0.960997 -0.510796 1.088314 -0.488550
0.960787 -0.510847 1.088153 -0.488682
0.960576 -0.510898 1.087991 -0.488815
0.960366 -0.510949 1.087829 -0.488946
0.960156 -0.510999 1.087667 -0.489078
0.959946 -0.511049 1.087505 -0.489210
0.959735 -0.511099 1.087343 -0.489341
0.959525 -0.511149 1.087181 -0.489472
0.959315 -0.511198 1.087018 -0.489603
0.959105 -0.511248 1.086856 -0.489734
0.958895 -0.511296 1.086694 -0.489865
0.958685 -0.511345 1.086532 -0.489995
0.958475 -0.511394 1.086369 -0.490125
0.958265 -0.511442 1.086207 -0.490256
0.958055 -0.511490 1.086044 -0.490385
0.957845 -0.511538 1.085881 -0.490515
0.957636 -0.511585 1.085719 -0.490645
0.957426 -0.511632 1.085556 -0.490774
0.957216 -0.511679 1.085393 -0.490904
0.957006 -0.511726 1.085230 -0.491033
0.956797 -0.511772 1.085067 -0.491161
0.956587 -0.511819 1.084904 -0.491290
0.956378 -0.511865 1.084741 -0.491419
0.956168 -0.511910 1.084578 -0.491547
0.955959 -0.511956 1.084415 -0.491675
0.955749 -0.512001 1.084252 -0.491803
0.955540 -0.512046 1.084088 -0.491931
0.955330 -0.512091 1.083925 -0.492059
0.955121 -0.512136 1.083762 -0.492186
0.954912 -0.512180 1.083598 -0.492314
0.954703 -0.512224 1.083435 -0.492441
0.954494 -0.512268 1.083271 -0.492568
0.954284 -0.512311 1.083107 -0.492694
0.954075 -0.512355 1.082944 -0.492821
0.953866 -0.512398 1.082780 -0.492947
0.953657 -0.512441 1.082616 -0.493074
0.953448 -0.512483 1.082452 -0.493200
0.953239 -0.512526 1.082288 -0.493326
0.953030 -0.512568 1.082124 -0.493451
0.952822 -0.512610 1.081960 -0.493577
0.952613 -0.512651 1.081796 -0.493702
0.952404 -0.512693 1.081632 -0.493827
0.952195 -0.512734 1.081467 -0.493952
0.951987 -0.512775 1.081303 -0.494077
0.951778 -0.512815 1.081139 -0.494202
0.951569 -0.512856 1.080974 -0.494326
0.951361 -0.512896 1.080810 -0.494450
0.951152 -0.512936 1.080645 -0.494574
0.950944 -0.512976 1.080481 -0.494698
0.950735 -0.513015 1.080316 -0.494822
0.950527 -0.513054 1.080151 -0.494946
0.950319 -0.513093 1.079986 -0.495069
0.950111 -0.513132 1.079821 -0.495192
0.949902 -0.513170 1.079657 -0.495315
0.949694 -0.513209 1.079492 -0.495438
0.949486 -0.513246 1.079326 -0.495560
0.949278 -0.513284 1.079161 -0.495683
0.949070 -0.513322 1.078996 -0.495805
0.948862 -0.513359 1.078831 -0.495927
0.948654 -0.513396 1.078666 -0.496049
0.948446 -0.513433 1.078500 -0.496171
0.948238 -0.513469 1.078335 -0.496292
0.948030 -0.513505 1.078169 -0.496414
0.947823 -0.513541 1.078004 -0.496535
0.947615 -0.513577 1.077838 -0.496656
0.947407 -0.513613 1.077673 -0.496777
0.947200 -0.513648 1.077507 -0.496897
0.946992 -0.513683 1.077341 -0.497018
0.946784 -0.513718 1.077175 -0.497138
0.946577 -0.513752 1.077009 -0.497258
0.946370 -0.513787 1.076844 -0.497378
0.946162 -0.513821 1.076678 -0.497498
0.945955 -0.513854 1.076511 -0.497617
0.945747 -0.513888 1.076345 -0.497736
0.945540 -0.513921 1.076179 -0.497856
0.945333 -0.513954 1.076013 -0.497975
0.945126 -0.513987 1.075847 -0.498093
0.944919 -0.514020 1.075680 -0.498212
0.944712 -0.514052 1.075514 -0.498330
0.944505 -0.514084 1.075347 -0.498449
0.944298 -0.514116 1.075181 -0.498567
0.944091 -0.514148 1.075014 -0.498684
0.943884 -0.514179 1.074848 -0.498802
0.943677 -0.514210 1.074681 -0.498920
0.943471 -0.514241 1.074514 -0.499037
0.943264 -0.514272 1.074347 -0.499154
0.943057 -0.514302 1.074180 -0.499271
0.942851 -0.514332 1.074013 -0.499388
0.942644 -0.514362 1.073846 -0.499504
0.942437 -0.514392 1.073679 -0.499621
0.942231 -0.514421 1.073512 -0.499737
0.942025 -0.514450 1.073345 -0.499853
0.941818 -0.514479 1.073178 -0.499969
0.941612 -0.514508 1.073010 -0.500084
0.941406 -0.514536 1.072843 -0.500200
0.941200 -0.514564 1.072676 -0.500315
0.940993 -0.514592 1.072508 -0.500430
0.940787 -0.514620 1.072341 -0.500545
0.940581 -0.514647 1.072173 -0.500659
0.940375 -0.514675 1.072005 -0.500774
0.940169 -0.514702 1.071838 -0.500888
0.939963 -0.514728 1.071670 -0.501002
0.939758 -0.514755 1.071502 -0.501116
0.939552 -0.514781 1.071334 -0.501230
0.939346 -0.514807 1.071166 -0.501343
0.939140 -0.514833 1.070998 -0.501457
0.938935 -0.514858 1.070830 -0.501570
0.938729 -0.514883 1.070662 -0.501683
0.938524 -0.514908 1.070494 -0.501796
0.938318 -0.514933 1.070326 -0.501908
0.938113 -0.514958 1.070158 -0.502021
0.937908 -0.514982 1.069989 -0.502133
0.937702 -0.515006 1.069821 -0.502245
0.937497 -0.515030 1.069652 -0.502357
0.937292 -0.515053 1.069484 -0.502468
0.937087 -0.515076 1.069315 -0.502580
0.936882 -0.515099 1.069147 -0.502691
0.936677 -0.515122 1.068978 -0.502802
0.936472 -0.515145 1.068809 -0.502913
0.936267 -0.515167 1.068640 -0.503024
0.936062 -0.515189 1.068472 -0.503134
0.935857 -0.515211 1.068303 -0.503245
0.935652 -0.515232 1.068134 -0.503355
0.935448 -0.515253 1.067965 -0.503465
0.935243 -0.515275 1.067796 -0.503574
0.935038 -0.515295 1.067626 -0.503684
0.934834 -0.515316 1.067457 -0.503793
0.934629 -0.515336 1.067288 -0.503902
0.934425 -0.515356 1.067119 -0.504011
0.934221 -0.515376 1.066949 -0.504120
0.934016 -0.515396 1.066780 -0.504229
0.933812 -0.515415 1.066610 -0.504337
0.933608 -0.515434 1.066441 -0.504445
0.933404 -0.515453 1.066271 -0.504553
0.933200 -0.515471 1.066102 -0.504661
0.932996 -0.515490 1.065932 -0.504769
0.932792 -0.515508 1.065762 -0.504876
0.932588 -0.515526 1.065592 -0.504983
0.932384 -0.515543 1.065422 -0.505090
0.932180 -0.515561 1.065252 -0.505197
0.931976 -0.515578 1.065082 -0.505304
0.931773 -0.515595 1.064912 -0.505410
0.931569 -0.515611 1.064742 -0.505516
0.931366 -0.515628 1.064572 -0.505622
0.931162 -0.515644 1.064402 -0.505728
0.930959 -0.515660 1.064232 -0.505834
0.930755 -0.515675 1.064061 -0.505939
0.930552 -0.515691 1.063891 -0.506045
0.930349 -0.515706 1.063720 -0.506150
0.930146 -0.515721 1.063550 -0.506254
0.929942 -0.515735 1.063379 -0.506359
0.929739 -0.515750 1.063209 -0.506464
0.929536 -0.515764 1.063038 -0.506568
0.929333 -0.515778 1.062867 -0.506672
0.929130 -0.515791 1.062697 -0.506776
0.928928 -0.515805 1.062526 -0.506880
0.928725 -0.515818 1.062355 -0.506983
0.928522 -0.515831 1.062184 -0.507086
0.928319 -0.515844 1.062013 -0.507189
0.928117 -0.515856 1.061842 -0.507292
0.927914 -0.515868 1.061671 -0.507395
0.927712 -0.515880 1.061500 -0.507498
0.927509 -0.515892 1.061328 -0.507600
0.927307 -0.515903 1.061157 -0.507702
0.927105 -0.515914 1.060986 -0.507804
0.926903 -0.515925 1.060814 -0.507906
0.926700 -0.515936 1.060643 -0.508007
0.926498 -0.515946 1.060471 -0.508108
0.926296 -0.515957 1.060300 -0.508210
0.926094 -0.515967 1.060128 -0.508310
0.925892 -0.515976 1.059957 -0.508411
0.925690 -0.515986 1.059785 -0.508512
0.925489 -0.515995 1.059613 -0.508612
0.925287 -0.516004 1.059441 -0.508712
0.925085 -0.516013 1.059269 -0.508812
0.924884 -0.516021 1.059098 -0.508912
0.924682 -0.516029 1.058926 -0.509011
0.924481 -0.516037 1.058753 -0.509111
0.924279 -0.516045 1.058581 -0.509210
0.924078 -0.516053 1.058409 -0.509309
0.923877 -0.516060 1.058237 -0.509407
0.923675 -0.516067 1.058065 -0.509506
0.923474 -0.516073 1.057892 -0.509604
0.923273 -0.516080 1.057720 -0.509702
0.923072 -0.516086 1.057548 -0.509800
0.922871 -0.516092 1.057375 -0.509898
0.922670 -0.516098 1.057203 -0.509995
0.922469 -0.516103 1.057030 -0.510093
0.922269 -0.516109 1.056857 -0.510190
0.922068 -0.516114 1.056685 -0.510287
0.921867 -0.516119 1.056512 -0.510383
0.921667 -0.516123 1.056339 -0.510480
0.921466 -0.516127 1.056166 -0.510576
0.921266 -0.516131 1.055993 -0.510672
0.921065 -0.516135 1.055820 -0.510768
0.920865 -0.516139 1.055647 -0.510864
0.920665 -0.516142 1.055474 -0.510959
0.920465 -0.516145 1.055301 -0.511054
0.920264 -0.516148 1.055128 -0.511150
0.920064 -0.516150 1.054955 -0.511244
0.919864 -0.516153 1.054782 -0.511339
0.919665 -0.516155 1.054608 -0.511433
0.919465 -0.516156 1.054435 -0.511528
0.919265 -0.516158 1.054261 -0.511622
0.919065 -0.516159 1.054088 -0.511716
0.918866 -0.516160 1.053914 -0.511809
0.918666 -0.516161 1.053741 -0.511903
0.918466 -0.516162 1.053567 -0.511996
0.918267 -0.516162 1.053393 -0.512089
0.918068 -0.516162 1.053220 -0.512182
0.917868 -0.516162 1.053046 -0.512274
0.917669 -0.516161 1.052872 -0.512367
0.917470 -0.516161 1.052698 -0.512459
0.917271 -0.516160 1.052524 -0.512551
0.917072 -0.516159 1.052350 -0.512643
0.916873 -0.516157 1.052176 -0.512734
0.916674 -0.516155 1.052002 -0.512826
0.916475 -0.516154 1.051828 -0.512917
0.916276 -0.516151 1.051653 -0.513008
0.916078 -0.516149 1.051479 -0.513098
0.915879 -0.516146 1.051305 -0.513189
0.915681 -0.516143 1.051130 -0.513279
0.915482 -0.516140 1.050956 -0.513369
0.915284 -0.516137 1.050781 -0.513459
0.915085 -0.516133 1.050607 -0.513549
0.914887 -0.516129 1.050432 -0.513639
0.914689 -0.516125 1.050257 -0.513728
0.914491 -0.516121 1.050083 -0.513817
0.914293 -0.516116 1.049908 -0.513906
0.914095 -0.516111 1.049733 -0.513994
0.913897 -0.516106 1.049558 -0.514083
0.913699 -0.516101 1.049383 -0.514171
0.913501 -0.516095 1.049208 -0.514259
0.913303 -0.516089 1.049033 -0.514347
0.913106 -0.516083 1.048858 -0.514435
0.912908 -0.516077 1.048683 -0.514522
0.912711 -0.516070 1.048508 -0.514609
0.912513 -0.516063 1.048333 -0.514696
0.912316 -0.516056 1.048158 -0.514783
0.912119 -0.516049 1.047982 -0.514869
0.911921 -0.516041 1.047807 -0.514956
0.911724 -0.516033 1.047631 -0.515042
0.911527 -0.516025 1.047456 -0.515128
0.911330 -0.516017 1.047280 -0.515214
0.911133 -0.516008 1.047105 -0.515299
0.910937 -0.515999 1.046929 -0.515384
0.910740 -0.515990 1.046753 -0.515469
0.910543 -0.515981 1.046578 -0.515554
0.910346 -0.515971 1.046402 -0.515639
0.910150 -0.515961 1.046226 -0.515723
0.909953 -0.515951 1.046050 -0.515808
0.909757 -0.515941 1.045874 -0.515892
0.909561 -0.515930 1.045698 -0.515975
0.909365 -0.515919 1.045522 -0.516059
0.909168 -0.515908 1.045346 -0.516142
0.908972 -0.515897 1.045170 -0.516226
0.908776 -0.515885 1.044994 -0.516308
0.908580 -0.515874 1.044817 -0.516391
0.908384 -0.515861 1.044641 -0.516474
0.908189 -0.515849 1.044465 -0.516556
0.907993 -0.515837 1.044288 -0.516638
0.907797 -0.515824 1.044112 -0.516720
0.907602 -0.515811 1.043935 -0.516802
0.907406 -0.515797 1.043759 -0.516883
0.907211 -0.515784 1.043582 -0.516964
0.907015 -0.515770 1.043406 -0.517045
0.906820 -0.515756 1.043229 -0.517126
0.906625 -0.515742 1.043052 -0.517207
0.906430 -0.515727 1.042875 -0.517287
0.906235 -0.515712 1.042699 -0.517367
0.906040 -0.515697 1.042522 -0.517447
0.905845 -0.515682 1.042345 -0.517527
0.905650 -0.515666 1.042168 -0.517606
0.905455 -0.515650 1.041991 -0.517686
0.905261 -0.515634 1.041814 -0.517765
0.905066 -0.515618 1.041636 -0.517844
0.904872 -0.515601 1.041459 -0.517922
0.904677 -0.515585 1.041282 -0.518001
0.904483 -0.515568 1.041105 -0.518079
0.904288 -0.515550 1.040927 -0.518157
0.904094 -0.515533 1.040750 -0.518235
0.903900 -0.515515 1.040573 -0.518312
0.903706 -0.515497 1.040395 -0.518390
0.903512 -0.515479 1.040217 -0.518467
0.903318 -0.515460 1.040040 -0.518544
0.903124 -0.515441 1.039862 -0.518620
0.902931 -0.515422 1.039685 -0.518697
0.902737 -0.515403 1.039507 -0.518773
0.902543 -0.515383 1.039329 -0.518849
0.902350 -0.515364 1.039151 -0.518925
0.902157 -0.515344 1.038973 -0.519000
0.901963 -0.515323 1.038795 -0.519076
0.901770 -0.515303 1.038617 -0.519151
0.901577 -0.515282 1.038439 -0.519226
0.901384 -0.515261 1.038261 -0.519300
0.901191 -0.515240 1.038083 -0.519375
0.900998 -0.515218 1.037905 -0.519449
0.900805 -0.515196 1.037727 -0.519523
0.900612 -0.515174 1.037548 -0.519597
0.900419 -0.515152 1.037370 -0.519671
0.900227 -0.515130 1.037192 -0.519744
0.900034 -0.515107 1.037013 -0.519817
0.899842 -0.515084 1.036835 -0.519890
0.899649 -0.515061 1.036656 -0.519963
0.899457 -0.515037 1.036478 -0.520035
0.899265 -0.515013 1.036299 -0.520108
0.899073 -0.514989 1.036121 -0.520180
0.898881 -0.514965 1.035942 -0.520251
0.898689 -0.514940 1.035763 -0.520323
0.898497 -0.514916 1.035584 -0.520394
0.898305 -0.514891 1.035405 -0.520466
0.898113 -0.514865 1.035227 -0.520537
0.897922 -0.514840 1.035048 -0.520607
0.897730 -0.514814 1.034869 -0.520678
0.897539 -0.514788 1.034690 -0.520748
0.897347 -0.514762 1.034510 -0.520818
0.897156 -0.514735 1.034331 -0.520888
0.896965 -0.514709 1.034152 -0.520957
0.896774 -0.514682 1.033973 -0.521027
0.896582 -0.514654 1.033794 -0.521096
0.896391 -0.514627 1.033614 -0.521165
0.896201 -0.514599 1.033435 -0.521234
0.896010 -0.514571 1.033256 -0.521302
0.895819 -0.514543 1.033076 -0.521370
0.895628 -0.514515 1.032897 -0.521438
0.895438 -0.514486 1.032717 -0.521506
0.895247 -0.514457 1.032537 -0.521574
0.895057 -0.514428 1.032358 -0.521641
0.894867 -0.514398 1.032178 -0.521708
0.894676 -0.514368 1.031998 -0.521775
0.894486 -0.514338 1.031819 -0.521842
0.894296 -0.514308 1.031639 -0.521908
0.894106 -0.514278 1.031459 -0.521974
0.893916 -0.514247 1.031279 -0.522040
0.893727 -0.514216 1.031099 -0.522106
0.893537 -0.514185 1.030919 -0.522172
0.893347 -0.514153 1.030739 -0.522237
0.893158 -0.514122 1.030559 -0.522302
0.892968 -0.514090 1.030379 -0.522367
0.892779 -0.514057 1.030198 -0.522431
0.892589 -0.514025 1.030018 -0.522496
0.892400 -0.513992 1.029838 -0.522560
0.892211 -0.513959 1.029658 -0.522624
0.892022 -0.513926 1.029477 -0.522688
0.891833 -0.513892 1.029297 -0.522751
0.891644 -0.513859 1.029116 -0.522814
0.891455 -0.513825 1.028936 -0.522877
0.891267 -0.513791 1.028755 -0.522940
0.891078 -0.513756 1.028575 -0.523003
0.890890 -0.513721 1.028394 -0.523065
0.890701 -0.513686 1.028213 -0.523127
0.890513 -0.513651 1.028032 -0.523189
0.890325 -0.513616 1.027852 -0.523250
0.890136 -0.513580 1.027671 -0.523312
0.889948 -0.513544 1.027490 -0.523373
0.889760 -0.513508 1.027309 -0.523434
0.889572 -0.513471 1.027128 -0.523495
0.889385 -0.513435 1.026947 -0.523555
0.889197 -0.513398 1.026766 -0.523615
0.889009 -0.513361 1.026585 -0.523675
0.888822 -0.513323 1.026404 -0.523735
0.888634 -0.513285 1.026223 -0.523795
0.888447 -0.513248 1.026041 -0.523854
0.888260 -0.513209 1.025860 -0.523913
0.888072 -0.513171 1.025679 -0.523972
0.887885 -0.513132 1.025497 -0.524031
0.887698 -0.513093 1.025316 -0.524089
0.887511 -0.513054 1.025134 -0.524147
0.887324 -0.513015 1.024953 -0.524205
0.887138 -0.512975 1.024771 -0.524263
0.886951 -0.512935 1.024590 -0.524320
0.886764 -0.512895 1.024408 -0.524377
0.886578 -0.512854 1.024226 -0.524434
0.886391 -0.512814 1.024045 -0.524491
0.886205 -0.512773 1.023863 -0.524548
0.886019 -0.512732 1.023681 -0.524604
0.885833 -0.512690 1.023499 -0.524660
0.885647 -0.512648 1.023317 -0.524716
0.885461 -0.512606 1.023135 -0.524771
0.885275 -0.512564 1.022954 -0.524827
0.885089 -0.512522 1.022771 -0.524882
0.884903 -0.512479 1.022589 -0.524937
0.884718 -0.512436 1.022407 -0.524991
0.884532 -0.512393 1.022225 -0.525046
0.884347 -0.512350 1.022043 -0.525100
0.884162 -0.512306 1.021861 -0.525154
0.883976 -0.512262 1.021678 -0.525208
0.883791 -0.512218 1.021496 -0.525261
0.883606 -0.512173 1.021314 -0.525314
0.883421 -0.512129 1.021131 -0.525367
0.883236 -0.512084 1.020949 -0.525420
0.883052 -0.512039 1.020766 -0.525473
0.882867 -0.511993 1.020584 -0.525525
0.882682 -0.511948 1.020401 -0.525577
0.882498 -0.511902 1.020219 -0.525629
0.882314 -0.511856 1.020036 -0.525680
0.882129 -0.511809 1.019853 -0.525731
0.881945 -0.511762 1.019670 -0.525783
0.881761 -0.511716 1.019488 -0.525833
0.881577 -0.511668 1.019305 -0.525884
0.881393 -0.511621 1.019122 -0.525934
0.881209 -0.511573 1.018939 -0.525984
0.881025 -0.511525 1.018756 -0.526034
0.880842 -0.511477 1.018573 -0.526084
0.880658 -0.511429 1.018390 -0.526133
0.880475 -0.511380 1.018207 -0.526183
0.880291 -0.511331 1.018024 -0.526232
0.880108 -0.511282 1.017841 -0.526280
0.879925 -0.511233 1.017657 -0.526329
0.879742 -0.511183 1.017474 -0.526377
0.879559 -0.511133 1.017291 -0.526425
0.879376 -0.511083 1.017108 -0.526473
0.879193 -0.511033 1.016924 -0.526520
0.879010 -0.510982 1.016741 -0.526567
0.878828 -0.510931 1.016557 -0.526614
0.878645 -0.510880 1.016374 -0.526661
0.878463 -0.510828 1.016190 -0.526707
0.878280 -0.510777 1.016007 -0.526754
0.878098 -0.510725 1.015823 -0.526800
0.877916 -0.510673 1.015639 -0.526846
0.877734 -0.510620 1.015456 -0.526891
0.877552 -0.510568 1.015272 -0.526936
0.877370 -0.510515 1.015088 -0.526981
0.877188 -0.510462 1.014904 -0.527026
0.877007 -0.510408 1.014720 -0.527071
0.876825 -0.510355 1.014537 -0.527115
0.876644 -0.510301 1.014353 -0.527159
0.876462 -0.510247 1.014169 -0.527203
0.876281 -0.510192 1.013985 -0.527247
0.876100 -0.510138 1.013801 -0.527290
0.875919 -0.510083 1.013616 -0.527333
0.875738 -0.510028 1.013432 -0.527376
0.875557 -0.509972 1.013248 -0.527419
0.875376 -0.509917 1.013064 -0.527461
0.875195 -0.509861 1.012880 -0.527503
0.875015 -0.509805 1.012695 -0.527545
0.874834 -0.509748 1.012511 -0.527587
0.874654 -0.509692 1.012327 -0.527628
0.874474 -0.509635 1.012142 -0.527669
0.874293 -0.509578 1.011958 -0.527710
0.874113 -0.509520 1.011773 -0.527751
0.873933 -0.509463 1.011589 -0.527791
0.873753 -0.509405 1.011404 -0.527831
0.873574 -0.509347 1.011219 -0.527871
0.873394 -0.509288 1.011035 -0.527911
0.873214 -0.509230 1.010850 -0.527950
0.873035 -0.509171 1.010665 -0.527989
0.872855 -0.509112 1.010481 -0.528028
0.872676 -0.509052 1.010296 -0.528067
0.872497 -0.508993 1.010111 -0.528105
0.872318 -0.508933 1.009926 -0.528144
0.872139 -0.508873 1.009741 -0.528181
0.871960 -0.508812 1.009556 -0.528219
0.871781 -0.508752 1.009371 -0.528257
0.871602 -0.508691 1.009186 -0.528294
0.871423 -0.508630 1.009001 -0.528331
0.871245 -0.508568 1.008816 -0.528367
0.871066 -0.508507 1.008631 -0.528404
0.870888 -0.508445 1.008445 -0.528440
0.870710 -0.508383 1.008260 -0.528476
0.870532 -0.508320 1.008075 -0.528512
0.870354 -0.508258 1.007890 -0.528547
0.870176 -0.508195 1.007704 -0.528582
0.869998 -0.508132 1.007519 -0.528617
0.869820 -0.508068 1.007334 -0.528652
0.869643 -0.508005 1.007148 -0.528686
0.869465 -0.507941 1.006963 -0.528720
0.869288 -0.507877 1.006777 -0.528754
0.869110 -0.507812 1.006591 -0.528788
0.868933 -0.507748 1.006406 -0.528821
0.868756 -0.507683 1.006220 -0.528854
0.868579 -0.507618 1.006034 -0.528887
0.868402 -0.507553 1.005849 -0.528920
0.868225 -0.507487 1.005663 -0.528952
0.868049 -0.507421 1.005477 -0.528985
0.867872 -0.507355 1.005291 -0.529017
0.867695 -0.507289 1.005106 -0.529048
0.867519 -0.507222 1.004920 -0.529080
0.867343 -0.507155 1.004734 -0.529111
0.867166 -0.507088 1.004548 -0.529142
0.866990 -0.507021 1.004362 -0.529172
0.866814 -0.506953 1.004176 -0.529203
0.866638 -0.506885 1.003990 -0.529233
0.866463 -0.506817 1.003803 -0.529263
0.866287 -0.506749 1.003617 -0.529292
0.866111 -0.506680 1.003431 -0.529322
0.865936 -0.506612 1.003245 -0.529351
0.865761 -0.506542 1.003059 -0.529380
0.865585 -0.506473 1.002872 -0.529408
0.865410 -0.506404 1.002686 -0.529436
0.865235 -0.506334 1.002500 -0.529465
0.865060 -0.506264 1.002313 -0.529492
0.864885 -0.506193 1.002127 -0.529520
0.864710 -0.506123 1.001940 -0.529547
0.864536 -0.506052 1.001754 -0.529574
0.864361 -0.505981 1.001567 -0.529601
0.864187 -0.505909 1.001381 -0.529628
0.864012 -0.505838 1.001194 -0.529654
0.863838 -0.505766 1.001007 -0.529680
0.863664 -0.505694 1.000821 -0.529706
0.863490 -0.505622 1.000634 -0.529731
0.863316 -0.505549 1.000447 -0.529756
0.863142 -0.505476 1.000260 -0.529781
0.862968 -0.505403 1.000074 -0.529806
0.862795 -0.505330 0.999887 -0.529831
0.862621 -0.505256 0.999700 -0.529855
0.862448 -0.505183 0.999513 -0.529879
0.862275 -0.505108 0.999326 -0.529903
0.862101 -0.505034 0.999139 -0.529926
0.861928 -0.504960 0.998952 -0.529949
0.861755 -0.504885 0.998765 -0.529972
0.861582 -0.504810 0.998578 -0.529995
0.861410 -0.504734 0.998390 -0.530017
0.861237 -0.504659 0.998203 -0.530039
0.861064 -0.504583 0.998016 -0.530061
0.860892 -0.504507 0.997829 -0.530083
0.860720 -0.504431 0.997642 -0.530104
0.860547 -0.504354 0.997454 -0.530125
0.860375 -0.504277 0.997267 -0.530146
0.860203 -0.504200 0.997080 -0.530167
0.860031 -0.504123 0.996892 -0.530187
0.859860 -0.504045 0.996705 -0.530207
0.859688 -0.503968 0.996517 -0.530227
0.859516 -0.503890 0.996330 -0.530246
0.859345 -0.503811 0.996142 -0.530266
0.859173 -0.503733 0.995955 -0.530285
0.859002 -0.503654 0.995767 -0.530303
0.858831 -0.503575 0.995579 -0.530322
0.858660 -0.503496 0.995392 -0.530340
0.858489 -0.503416 0.995204 -0.530358
0.858318 -0.503336 0.995016 -0.530376
0.858147 -0.503256 0.994829 -0.530393
0.857977 -0.503176 0.994641 -0.530410
0.857806 -0.503096 0.994453 -0.530427
0.857636 -0.503015 0.994265 -0.530444
0.857465 -0.502934 0.994077 -0.530460
0.857295 -0.502852 0.993889 -0.530476
0.857125 -0.502771 0.993701 -0.530492
0.856955 -0.502689 0.993513 -0.530508
0.856785 -0.502607 0.993325 -0.530523
0.856616 -0.502525 0.993137 -0.530538
0.856446 -0.502442 0.992949 -0.530553
0.856276 -0.502360 0.992761 -0.530567
0.856107 -0.502276 0.992573 -0.530581
0.855938 -0.502193 0.992385 -0.530595
0.855768 -0.502110 0.992196 -0.530609
0.855599 -0.502026 0.992008 -0.530623
0.855430 -0.501942 0.991820 -0.530636
0.855261 -0.501858 0.991632 -0.530649
0.855093 -0.501773 0.991443 -0.530661
0.854924 -0.501688 0.991255 -0.530674
0.854755 -0.501603 0.991066 -0.530686
0.854587 -0.501518 0.990878 -0.530698
0.854419 -0.501433 0.990690 -0.530709
0.854250 -0.501347 0.990501 -0.530720
0.854082 -0.501261 0.990313 -0.530731
0.853914 -0.501175 0.990124 -0.530742
0.853746 -0.501088 0.989935 -0.530753
0.853579 -0.501001 0.989747 -0.530763
0.853411 -0.500914 0.989558 -0.530773
0.853243 -0.500827 0.989370 -0.530783
0.853076 -0.500740 0.989181 -0.530792
0.852909 -0.500652 0.988992 -0.530801
0.852741 -0.500564 0.988803 -0.530810
0.852574 -0.500476 0.988615 -0.530819
0.852407 -0.500387 0.988426 -0.530827
0.852240 -0.500298 0.988237 -0.530835
0.852074 -0.500209 0.988048 -0.530843
0.851907 -0.500120 0.987859 -0.530850
0.851740 -0.500031 0.987670 -0.530858
0.851574 -0.499941 0.987481 -0.530864
0.851407 -0.499851 0.987292 -0.530871
0.851241 -0.499761 0.987103 -0.530878
0.851075 -0.499670 0.986914 -0.530884
0.850909 -0.499580 0.986725 -0.530890
0.850743 -0.499489 0.986536 -0.530895
0.850577 -0.499397 0.986347 -0.530901
0.850412 -0.499306 0.986158 -0.530906
0.850246 -0.499214 0.985968 -0.530910
0.850081 -0.499122 0.985779 -0.530915
0.849916 -0.499030 0.985590 -0.530919
0.849750 -0.498938 0.985401 -0.530923
0.849585 -0.498845 0.985211 -0.530927
0.849420 -0.498752 0.985022 -0.530930
0.849255 -0.498659 0.984833 -0.530933
0.849091 -0.498565 0.984643 -0.530936
0.848926 -0.498472 0.984454 -0.530939
0.848761 -0.498378 0.984264 -0.530941
0.848597 -0.498283 0.984075 -0.530943
0.848433 -0.498189 0.983885 -0.530945
0.848268 -0.498094 0.983696 -0.530947
0.848104 -0.497999 0.983506 -0.530948
0.847940 -0.497904 0.983317 -0.530949
0.847777 -0.497809 0.983127 -0.530949
0.847613 -0.497713 0.982937 -0.530950
0.847449 -0.497617 0.982748 -0.530950
0.847286 -0.497521 0.982558 -0.530950
0.847122 -0.497424 0.982368 -0.530949
0.846959 -0.497328 0.982178 -0.530949
0.846796 -0.497231 0.981989 -0.530948
0.846633 -0.497134 0.981799 -0.530946
0.846470 -0.497036 0.981609 -0.530945
0.846307 -0.496938 0.981419 -0.530943
0.846144 -0.496841 0.981229 -0.530941
0.845982 -0.496742 0.981039 -0.530939
0.845819 -0.496644 0.980849 -0.530936
0.845657 -0.496545 0.980659 -0.530933
0.845495 -0.496446 0.980469 -0.530930
0.845333 -0.496347 0.980279 -0.530926
0.845171 -0.496248 0.980089 -0.530923
0.845009 -0.496148 0.979899 -0.530918
0.844847 -0.496048 0.979709 -0.530914
0.844685 -0.495948 0.979519 -0.530910
0.844524 -0.495848 0.979329 -0.530905
0.844362 -0.495747 0.979139 -0.530899
0.844201 -0.495646 0.978949 -0.530894
0.844040 -0.495545 0.978758 -0.530888
0.843879 -0.495444 0.978568 -0.530882
0.843718 -0.495342 0.978378 -0.530876
0.843557 -0.495240 0.978188 -0.530869
0.843396 -0.495138 0.977997 -0.530863
0.843236 -0.495035 0.977807 -0.530855
0.843075 -0.494933 0.977616 -0.530848
0.842915 -0.494830 0.977426 -0.530840
0.842754 -0.494727 0.977236 -0.530832
0.842594 -0.494623 0.977045 -0.530824
0.842434 -0.494520 0.976855 -0.530815
0.842274 -0.494416 0.976664 -0.530807
0.842114 -0.494312 0.976474 -0.530798
0.841955 -0.494207 0.976283 -0.530788
0.841795 -0.494103 0.976093 -0.530778
0.841636 -0.493998 0.975902 -0.530768
0.841476 -0.493893 0.975711 -0.530758
0.841317 -0.493787 0.975521 -0.530748
0.841158 -0.493682 0.975330 -0.530737
0.840999 -0.493576 0.975139 -0.530726
0.840840 -0.493470 0.974949 -0.530714
0.840682 -0.493364 0.974758 -0.530703
0.840523 -0.493257 0.974567 -0.530691
0.840364 -0.493150 0.974376 -0.530678
0.840206 -0.493043 0.974186 -0.530666
0.840048 -0.492936 0.973995 -0.530653
0.839890 -0.492828 0.973804 -0.530640
0.839732 -0.492720 0.973613 -0.530627
0.839574 -0.492612 0.973422 -0.530613
0.839416 -0.492504 0.973231 -0.530599
0.839258 -0.492395 0.973040 -0.530585
0.839101 -0.492286 0.972849 -0.530570
0.838943 -0.492177 0.972658 -0.530555
0.838786 -0.492068 0.972467 -0.530540
0.838629 -0.491958 0.972276 -0.530525
0.838472 -0.491849 0.972085 -0.530509
0.838315 -0.491738 0.971894 -0.530493
0.838158 -0.491628 0.971703 -0.530477
0.838001 -0.491518 0.971512 -0.530460
0.837845 -0.491407 0.971321 -0.530444
0.837688 -0.491296 0.971130 -0.530426
0.837532 -0.491184 0.970939 -0.530409
0.837376 -0.491073 0.970747 -0.530391
0.837219 -0.490961 0.970556 -0.530373
0.837063 -0.490849 0.970365 -0.530355
0.836908 -0.490737 0.970174 -0.530336
0.836752 -0.490624 0.969982 -0.530318
0.836596 -0.490511 0.969791 -0.530298
0.836441 -0.490398 0.969600 -0.530279
0.836285 -0.490285 0.969408 -0.530259
0.836130 -0.490172 0.969217 -0.530239
0.835975 -0.490058 0.969026 -0.530219
0.835820 -0.489944 0.968834 -0.530198
0.835665 -0.489829 0.968643 -0.530177
0.835510 -0.489715 0.968451 -0.530156
0.835355 -0.489600 0.968260 -0.530135
0.835201 -0.489485 0.968068 -0.530113
0.835046 -0.489370 0.967877 -0.530091
0.834892 -0.489254 0.967685 -0.530069
0.834738 -0.489139 0.967494 -0.530046
0.834584 -0.489023 0.967302 -0.530023
0.834430 -0.488906 0.967111 -0.530000
0.834276 -0.488790 0.966919 -0.529976
0.834122 -0.488673 0.966727 -0.529952
0.833969 -0.488556 0.966536 -0.529928
0.833815 -0.488439 0.966344 -0.529904
0.833662 -0.488321 0.966152 -0.529879
0.833509 -0.488204 0.965961 -0.529854
0.833356 -0.488086 0.965769 -0.529829
0.833203 -0.487967 0.965577 -0.529803
0.833050 -0.487849 0.965385 -0.529777
0.832897 -0.487730 0.965194 -0.529751
0.832745 -0.487611 0.965002 -0.529725
0.832592 -0.487492 0.964810 -0.529698
0.832440 -0.487373 0.964618 -0.529671
0.832288 -0.487253 0.964426 -0.529643
0.832135 -0.487133 0.964234 -0.529616
0.831983 -0.487013 0.964043 -0.529588
0.831832 -0.486892 0.963851 -0.529560
0.831680 -0.486772 0.963659 -0.529531
0.831528 -0.486651 0.963467 -0.529502
0.831377 -0.486529 0.963275 -0.529473
0.831225 -0.486408 0.963083 -0.529444
0.831074 -0.486286 0.962891 -0.529414
0.830923 -0.486164 0.962699 -0.529384
0.830772 -0.486042 0.962507 -0.529353
0.830621 -0.485920 0.962315 -0.529323
0.830470 -0.485797 0.962123 -0.529292
0.830320 -0.485674 0.961931 -0.529261
0.830169 -0.485551 0.961738 -0.529229
0.830019 -0.485428 0.961546 -0.529197
0.829869 -0.485304 0.961354 -0.529165
0.829718 -0.485180 0.961162 -0.529133
0.829568 -0.485056 0.960970 -0.529100
0.829419 -0.484932 0.960778 -0.529067
0.829269 -0.484807 0.960586 -0.529034
0.829119 -0.484682 0.960393 -0.529000
0.828970 -0.484557 0.960201 -0.528966
0.828820 -0.484431 0.960009 -0.528932
0.828671 -0.484306 0.959817 -0.528897
0.828522 -0.484180 0.959624 -0.528863
0.828373 -0.484054 0.959432 -0.528827
0.828224 -0.483927 0.959240 -0.528792
0.828075 -0.483801 0.959047 -0.528756
0.827927 -0.483674 0.958855 -0.528720
0.827778 -0.483547 0.958663 -0.528684
0.827630 -0.483420 0.958470 -0.528647
0.827481 -0.483292 0.958278 -0.528610
0.827333 -0.483164 0.958085 -0.528573
0.827185 -0.483036 0.957893 -0.528535
0.827037 -0.482908 0.957701 -0.528498
0.826890 -0.482779 0.957508 -0.528459
0.826742 -0.482650 0.957316 -0.528421
0.826594 -0.482521 0.957123 -0.528382
0.826447 -0.482392 0.956931 -0.528343
0.826300 -0.482262 0.956738 -0.528304
0.826153 -0.482132 0.956546 -0.528264
0.826006 -0.482002 0.956353 -0.528224
0.825859 -0.481872 0.956161 -0.528184
0.825712 -0.481741 0.955968 -0.528143
0.825565 -0.481611 0.955776 -0.528102
0.825419 -0.481480 0.955583 -0.528061
0.825272 -0.481348 0.955390 -0.528020
0.825126 -0.481217 0.955198 -0.527978
0.824980 -0.481085 0.955005 -0.527936
0.824834 -0.480953 0.954813 -0.527893
0.824688 -0.480821 0.954620 -0.527851
0.824542 -0.480688 0.954427 -0.527808
0.824397 -0.480555 0.954235 -0.527764
0.824251 -0.480422 0.954042 -0.527721
0.824106 -0.480289 0.953849 -0.527677
0.823961 -0.480156 0.953656 -0.527632
0.823816 -0.480022 0.953464 -0.527588
0.823671 -0.479888 0.953271 -0.527543
0.823526 -0.479754 0.953078 -0.527498
0.823381 -0.479619 0.952885 -0.527452
0.823236 -0.479484 0.952693 -0.527406
0.823092 -0.479349 0.952500 -0.527360
0.822948 -0.479214 0.952307 -0.527314
0.822803 -0.479079 0.952114 -0.527267
0.822659 -0.478943 0.951921 -0.527220
0.822515 -0.478807 0.951729 -0.527173
0.822371 -0.478671 0.951536 -0.527125
0.822228 -0.478534 0.951343 -0.527077
0.822084 -0.478398 0.951150 -0.527029
0.821941 -0.478261 0.950957 -0.526980
0.821797 -0.478123 0.950764 -0.526931
0.821654 -0.477986 0.950571 -0.526882
0.821511 -0.477848 0.950379 -0.526833
0.821368 -0.477710 0.950186 -0.526783
0.821225 -0.477572 0.949993 -0.526733
0.821083 -0.477434 0.949800 -0.526682
0.820940 -0.477295 0.949607 -0.526631
0.820798 -0.477156 0.949414 -0.526580
0.820655 -0.477017 0.949221 -0.526529
0.820513 -0.476878 0.949028 -0.526477
0.820371 -0.476738 0.948835 -0.526425
0.820229 -0.476598 0.948642 -0.526373
0.820087 -0.476458 0.948449 -0.526320
0.819946 -0.476318 0.948256 -0.526267
0.819804 -0.476177 0.948063 -0.526214
0.819663 -0.476036 0.947870 -0.526160
0.819521 -0.475895 0.947677 -0.526106
0.819380 -0.475754 0.947484 -0.526052
0.819239 -0.475612 0.947291 -0.525998
0.819098 -0.475470 0.947098 -0.525943
0.818958 -0.475328 0.946904 -0.525888
0.818817 -0.475186 0.946711 -0.525832
0.818676 -0.475043 0.946518 -0.525776
0.818536 -0.474900 0.946325 -0.525720
0.818396 -0.474757 0.946132 -0.525664
0.818256 -0.474614 0.945939 -0.525607
0.818116 -0.474470 0.945746 -0.525550
0.817976 -0.474326 0.945553 -0.525493
0.817836 -0.474182 0.945360 -0.525435
0.817696 -0.474038 0.945166 -0.525377
0.817557 -0.473893 0.944973 -0.525319
0.817418 -0.473749 0.944780 -0.525260
0.817278 -0.473604 0.944587 -0.525201
0.817139 -0.473458 0.944394 -0.525142
0.817000 -0.473313 0.944201 -0.525082
0.816862 -0.473167 0.944007 -0.525022
0.816723 -0.473021 0.943814 -0.524962
0.816584 -0.472875 0.943621 -0.524902
0.816446 -0.472728 0.943428 -0.524841
0.816308 -0.472581 0.943234 -0.524780
0.816169 -0.472434 0.943041 -0.524718
0.816031 -0.472287 0.942848 -0.524656
0.815893 -0.472140 0.942655 -0.524594
0.815756 -0.471992 0.942462 -0.524532
0.815618 -0.471844 0.942268 -0.524469
0.815480 -0.471696 0.942075 -0.524406
0.815343 -0.471547 0.941882 -0.524342
0.815206 -0.471399 0.941688 -0.524279
0.815069 -0.471250 0.941495 -0.524215
0.814932 -0.471100 0.941302 -0.524150
0.814795 -0.470951 0.941109 -0.524086
0.814658 -0.470801 0.940915 -0.524021
0.814521 -0.470651 0.940722 -0.523955
0.814385 -0.470501 0.940529 -0.523890
0.814249 -0.470351 0.940335 -0.523824
0.814112 -0.470200 0.940142 -0.523757
0.813976 -0.470049 0.939949 -0.523691
0.813840 -0.469898 0.939755 -0.523624
0.813705 -0.469747 0.939562 -0.523556
0.813569 -0.469595 0.939369 -0.523489
0.813433 -0.469443 0.939175 -0.523421
0.813298 -0.469291 0.938982 -0.523353
0.813163 -0.469139 0.938789 -0.523284
0.813027 -0.468986 0.938595 -0.523215
0.812892 -0.468833 0.938402 -0.523146
0.812758 -0.468680 0.938209 -0.523076
0.812623 -0.468527 0.938015 -0.523007
0.812488 -0.468373 0.937822 -0.522936
0.812354 -0.468219 0.937629 -0.522866
0.812219 -0.468065 0.937435 -0.522795
0.812085 -0.467911 0.937242 -0.522724
0.811951 -0.467756 0.937049 -0.522652
0.811817 -0.467601 0.936855 -0.522581
0.811683 -0.467446 0.936662 -0.522509
0.811549 -0.467291 0.936468 -0.522436
0.811416 -0.467135 0.936275 -0.522363
0.811282 -0.466980 0.936082 -0.522290
0.811149 -0.466824 0.935888 -0.522217
0.811016 -0.466667 0.935695 -0.522143
0.810883 -0.466511 0.935502 -0.522069
0.810750 -0.466354 0.935308 -0.521994
0.810617 -0.466197 0.935115 -0.521920
0.810484 -0.466040 0.934921 -0.521845
0.810352 -0.465882 0.934728 -0.521769
0.810219 -0.465724 0.934535 -0.521693
0.810087 -0.465566 0.934341 -0.521617
0.809955 -0.465408 0.934148 -0.521541
0.809823 -0.465250 0.933954 -0.521464
0.809691 -0.465091 0.933761 -0.521387
0.809560 -0.464932 0.933568 -0.521310
0.809428 -0.464773 0.933374 -0.521232
0.809296 -0.464613 0.933181 -0.521154
0.809165 -0.464454 0.932987 -0.521076
0.809034 -0.464294 0.932794 -0.520997
0.808903 -0.464134 0.932601 -0.520918
0.808772 -0.463973 0.932407 -0.520839
0.808641 -0.463812 0.932214 -0.520759
0.808510 -0.463652 0.932020 -0.520679
0.808380 -0.463490 0.931827 -0.520599
0.808250 -0.463329 0.931634 -0.520518
0.808119 -0.463167 0.931440 -0.520437
0.807989 -0.463005 0.931247 -0.520356
0.807859 -0.462843 0.931053 -0.520274
0.807729 -0.462681 0.930860 -0.520192
0.807600 -0.462518 0.930667 -0.520110
0.807470 -0.462356 0.930473 -0.520027
0.807341 -0.462192 0.930280 -0.519944
0.807211 -0.462029 0.930086 -0.519861
0.807082 -0.461865 0.929893 -0.519777
0.806953 -0.461702 0.929700 -0.519693
0.806824 -0.461538 0.929506 -0.519609
0.806695 -0.461373 0.929313 -0.519524
0.806567 -0.461209 0.929119 -0.519439
0.806438 -0.461044 0.928926 -0.519354
0.806310 -0.460879 0.928733 -0.519268
0.806181 -0.460714 0.928539 -0.519182
0.806053 -0.460548 0.928346 -0.519096
0.805925 -0.460382 0.928153 -0.519009
0.805797 -0.460216 0.927959 -0.518922
0.805670 -0.460050 0.927766 -0.518835
0.805542 -0.459884 0.927573 -0.518747
0.805415 -0.459717 0.927379 -0.518659
0.805287 -0.459550 0.927186 -0.518571
0.805160 -0.459383 0.926993 -0.518482
0.805033 -0.459215 0.926799 -0.518393
0.804906 -0.459047 0.926606 -0.518304
0.804779 -0.458879 0.926412 -0.518214
0.804653 -0.458711 0.926219 -0.518124
0.804526 -0.458543 0.926026 -0.518034
0.804400 -0.458374 0.925833 -0.517943
0.804274 -0.458205 0.925639 -0.517852
0.804147 -0.458036 0.925446 -0.517761
0.804021 -0.457867 0.925253 -0.517669
0.803896 -0.457697 0.925059 -0.517577
0.803770 -0.457527 0.924866 -0.517484
0.803644 -0.457357 0.924673 -0.517392
0.803519 -0.457187 0.924479 -0.517299
0.803394 -0.457016 0.924286 -0.517205
0.803268 -0.456845 0.924093 -0.517112
0.803143 -0.456674 0.923900 -0.517017
0.803018 -0.456503 0.923706 -0.516923
0.802894 -0.456331 0.923513 -0.516828
0.802769 -0.456159 0.923320 -0.516733
0.802645 -0.455987 0.923127 -0.516638
0.802520 -0.455815 0.922933 -0.516542
0.802396 -0.455642 0.922740 -0.516446
0.802272 -0.455469 0.922547 -0.516349
0.802148 -0.455296 0.922354 -0.516253
0.802024 -0.455123 0.922160 -0.516155
0.801900 -0.454950 0.921967 -0.516058
0.801777 -0.454776 0.921774 -0.515960
0.801654 -0.454602 0.921581 -0.515862
0.801530 -0.454428 0.921388 -0.515763
0.801407 -0.454253 0.921194 -0.515665
0.801284 -0.454078 0.921001 -0.515565
0.801161 -0.453903 0.920808 -0.515466
0.801038 -0.453728 0.920615 -0.515366
0.800916 -0.453553 0.920422 -0.515266
0.800793 -0.453377 0.920229 -0.515165
0.800671 -0.453201 0.920036 -0.515064
0.800549 -0.453025 0.919842 -0.514963
0.800427 -0.452848 0.919649 -0.514862
0.800305 -0.452672 0.919456 -0.514760
0.800183 -0.452495 0.919263 -0.514657
0.800061 -0.452318 0.919070 -0.514555
0.799940 -0.452140 0.918877 -0.514452
0.799819 -0.451963 0.918684 -0.514348
0.799697 -0.451785 0.918491 -0.514245
0.799576 -0.451607 0.918298 -0.514141
0.799455 -0.451428 0.918105 -0.514036
0.799334 -0.451250 0.917912 -0.513932
0.799214 -0.451071 0.917719 -0.513827
0.799093 -0.450892 0.917526 -0.513721
0.798973 -0.450713 0.917333 -0.513616
0.798852 -0.450533 0.917140 -0.513509
0.798732 -0.450353 0.916947 -0.513403
0.798612 -0.450173 0.916754 -0.513296
0.798492 -0.449993 0.916561 -0.513189
0.798373 -0.449812 0.916368 -0.513082
0.798253 -0.449632 0.916175 -0.512974
0.798133 -0.449451 0.915982 -0.512866
0.798014 -0.449269 0.915789 -0.512757
0.797895 -0.449088 0.915596 -0.512648
0.797776 -0.448906 0.915403 -0.512539
0.797657 -0.448724 0.915210 -0.512430
0.797538 -0.448542 0.915018 -0.512320
0.797419 -0.448360 0.914825 -0.512209
0.797301 -0.448177 0.914632 -0.512099
0.797183 -0.447994 0.914439 -0.511988
0.797064 -0.447811 0.914246 -0.511877
0.796946 -0.447627 0.914053 -0.511765
0.796828 -0.447444 0.913861 -0.511653
0.796710 -0.447260 0.913668 -0.511541
0.796593 -0.447076 0.913475 -0.511428
0.796475 -0.446891 0.913282 -0.511315
0.796358 -0.446707 0.913090 -0.511202
0.796240 -0.446522 0.912897 -0.511088
0.796123 -0.446337 0.912704 -0.510974
0.796006 -0.446151 0.912511 -0.510859
0.795889 -0.445966 0.912319 -0.510744
0.795773 -0.445780 0.912126 -0.510629
0.795656 -0.445594 0.911933 -0.510514
0.795539 -0.445408 0.911741 -0.510398
0.795423 -0.445221 0.911548 -0.510282
0.795307 -0.445034 0.911355 -0.510165
0.795191 -0.444847 0.911163 -0.510048
0.795075 -0.444660 0.910970 -0.509931
0.794959 -0.444473 0.910778 -0.509813
0.794844 -0.444285 0.910585 -0.509695
0.794728 -0.444097 0.910393 -0.509577
0.794613 -0.443909 0.910200 -0.509459
0.794497 -0.443720 0.910008 -0.509339
0.794382 -0.443532 0.909815 -0.509220
0.794267 -0.443343 0.909623 -0.509100
0.794152 -0.443154 0.909430 -0.508980
0.794038 -0.442964 0.909238 -0.508860
0.793923 -0.442774 0.909045 -0.508739
0.793809 -0.442585 0.908853 -0.508618
0.793694 -0.442394 0.908660 -0.508496
0.793580 -0.442204 0.908468 -0.508375
0.793466 -0.442013 0.908276 -0.508252
0.793352 -0.441823 0.908083 -0.508130
0.793239 -0.441632 0.907891 -0.508007
0.793125 -0.441440 0.907699 -0.507884
0.793012 -0.441249 0.907506 -0.507760
0.792898 -0.441057 0.907314 -0.507636
0.792785 -0.440865 0.907122 -0.507512
0.792672 -0.440673 0.906930 -0.507387
0.792559 -0.440480 0.906737 -0.507262
0.792446 -0.440287 0.906545 -0.507136
0.792334 -0.440094 0.906353 -0.507011
0.792221 -0.439901 0.906161 -0.506884
0.792109 -0.439708 0.905969 -0.506758
0.791997 -0.439514 0.905776 -0.506631
0.791885 -0.439320 0.905584 -0.506504
0.791773 -0.439126 0.905392 -0.506376
0.791661 -0.438931 0.905200 -0.506248
0.791549 -0.438737 0.905008 -0.506120
0.791438 -0.438542 0.904816 -0.505991
0.791326 -0.438347 0.904624 -0.505862
0.791215 -0.438151 0.904432 -0.505733
0.791104 -0.437955 0.904240 -0.505603
0.790993 -0.437760 0.904048 -0.505473
0.790882 -0.437564 0.903856 -0.505343
0.790771 -0.437367 0.903664 -0.505212
0.790661 -0.437171 0.903472 -0.505081
0.790550 -0.436974 0.903280 -0.504949
0.790440 -0.436777 0.903089 -0.504818
0.790330 -0.436579 0.902897 -0.504685
0.790220 -0.436382 0.902705 -0.504553
0.790110 -0.436184 0.902513 -0.504420
0.790000 -0.435986 0.902321 -0.504286
0.789890 -0.435788 0.902130 -0.504153
0.789781 -0.435589 0.901938 -0.504019
0.789671 -0.435391 0.901746 -0.503884
0.789562 -0.435192 0.901554 -0.503749
0.789453 -0.434993 0.901363 -0.503614
0.789344 -0.434793 0.901171 -0.503479
0.789235 -0.434593 0.900980 -0.503343
0.789127 -0.434393 0.900788 -0.503207
0.789018 -0.434193 0.900596 -0.503070
0.788910 -0.433993 0.900405 -0.502933
0.788802 -0.433792 0.900213 -0.502796
0.788694 -0.433591 0.900022 -0.502658
0.788586 -0.433390 0.899830 -0.502520
0.788478 -0.433189 0.899639 -0.502382
0.788370 -0.432987 0.899447 -0.502243
0.788263 -0.432786 0.899256 -0.502104
0.788155 -0.432584 0.899065 -0.501964
0.788048 -0.432381 0.898873 -0.501825
0.787941 -0.432179 0.898682 -0.501684
0.787834 -0.431976 0.898490 -0.501544
0.787727 -0.431773 0.898299 -0.501403
0.787620 -0.431570 0.898108 -0.501261
0.787513 -0.431366 0.897917 -0.501120
0.787407 -0.431163 0.897725 -0.500978
0.787301 -0.430959 0.897534 -0.500835
0.787194 -0.430754 0.897343 -0.500693
0.787088 -0.430550 0.897152 -0.500549
0.786983 -0.430345 0.896961 -0.500406
0.786877 -0.430140 0.896770 -0.500262
0.786771 -0.429935 0.896579 -0.500118
0.786666 -0.429730 0.896388 -0.499973
0.786560 -0.429524 0.896197 -0.499828
0.786455 -0.429318 0.896006 -0.499683
0.786350 -0.429112 0.895815 -0.499537
0.786245 -0.428906 0.895624 -0.499391
0.786140 -0.428699 0.895433 -0.499244
0.786036 -0.428493 0.895242 -0.499098
0.785931 -0.428286 0.895051 -0.498950
0.785827 -0.428078 0.894860 -0.498803
0.785722 -0.427871 0.894669 -0.498655
0.785618 -0.427663 0.894479 -0.498507
0.785514 -0.427455 0.894288 -0.498358
0.785410 -0.427247 0.894097 -0.498209
0.785307 -0.427039 0.893906 -0.498060
0.785203 -0.426830 0.893716 -0.497910
0.785100 -0.426621 0.893525 -0.497760
0.784996 -0.426412 0.893334 -0.497609
0.784893 -0.426202 0.893144 -0.497458
0.784790 -0.425993 0.892953 -0.497307
0.784687 -0.425783 0.892763 -0.497155
0.784585 -0.425573 0.892572 -0.497003
0.784482 -0.425362 0.892382 -0.496851
0.784380 -0.425152 0.892191 -0.496698
0.784277 -0.424941 0.892001 -0.496545
0.784175 -0.424730 0.891811 -0.496392
0.784073 -0.424519 0.891620 -0.496238
0.783971 -0.424307 0.891430 -0.496084
0.783869 -0.424095 0.891240 -0.495929
0.783768 -0.423883 0.891049 -0.495774
0.783666 -0.423671 0.890859 -0.495619
0.783565 -0.423459 0.890669 -0.495463
0.783464 -0.423246 0.890479 -0.495307
0.783362 -0.423033 0.890289 -0.495150
0.783262 -0.422820 0.890098 -0.494994
0.783161 -0.422607 0.889908 -0.494836
0.783060 -0.422393 0.889718 -0.494679
0.782959 -0.422179 0.889528 -0.494521
0.782859 -0.421965 0.889338 -0.494363
0.782759 -0.421751 0.889148 -0.494204
0.782659 -0.421536 0.888958 -0.494045
0.782559 -0.421321 0.888769 -0.493885
0.782459 -0.421106 0.888579 -0.493725
0.782359 -0.420891 0.888389 -0.493565
0.782260 -0.420675 0.888199 -0.493405
0.782160 -0.420460 0.888009 -0.493244
0.782061 -0.420244 0.887820 -0.493082
0.781962 -0.420027 0.887630 -0.492921
0.781863 -0.419811 0.887440 -0.492759
0.781764 -0.419594 0.887251 -0.492596
0.781665 -0.419377 0.887061 -0.492433
0.781566 -0.419160 0.886872 -0.492270
0.781468 -0.418943 0.886682 -0.492107
0.781370 -0.418725 0.886493 -0.491943
0.781271 -0.418507 0.886303 -0.491778
0.781173 -0.418289 0.886114 -0.491614
0.781075 -0.418071 0.885924 -0.491449
0.780978 -0.417852 0.885735 -0.491283
0.780880 -0.417633 0.885546 -0.491117
0.780782 -0.417414 0.885356 -0.490951
0.780685 -0.417195 0.885167 -0.490784
0.780588 -0.416976 0.884978 -0.490617
0.780491 -0.416756 0.884789 -0.490450
0.780394 -0.416536 0.884600 -0.490282
0.780297 -0.416316 0.884410 -0.490114
0.780200 -0.416095 0.884221 -0.489946
0.780104 -0.415874 0.884032 -0.489777
0.780007 -0.415654 0.883843 -0.489608
0.779911 -0.415432 0.883654 -0.489438
0.779815 -0.415211 0.883465 -0.489268
0.779719 -0.414989 0.883277 -0.489098
0.779623 -0.414768 0.883088 -0.488927
0.779527 -0.414545 0.882899 -0.488756
0.779432 -0.414323 0.882710 -0.488584
0.779336 -0.414101 0.882521 -0.488412
0.779241 -0.413878 0.882333 -0.488240
0.779146 -0.413655 0.882144 -0.488067
0.779051 -0.413432 0.881955 -0.487894
0.778956 -0.413208 0.881767 -0.487721
0.778861 -0.412984 0.881578 -0.487547
0.778766 -0.412760 0.881390 -0.487373
0.778672 -0.412536 0.881201 -0.487198
0.778577 -0.412312 0.881013 -0.487023
0.778483 -0.412087 0.880824 -0.486848
0.778389 -0.411862 0.880636 -0.486672
0.778295 -0.411637 0.880448 -0.486496
0.778201 -0.411412 0.880260 -0.486320
0.778108 -0.411186 0.880071 -0.486143
0.778014 -0.410960 0.879883 -0.485966
0.777921 -0.410734 0.879695 -0.485788
0.777827 -0.410508 0.879507 -0.485610
0.777734 -0.410282 0.879319 -0.485432
0.777641 -0.410055 0.879131 -0.485253
0.777548 -0.409828 0.878943 -0.485074
0.777456 -0.409601 0.878755 -0.484894
0.777363 -0.409373 0.878567 -0.484714
0.777271 -0.409145 0.878379 -0.484534
0.777178 -0.408918 0.878191 -0.484353
0.777086 -0.408689 0.878003 -0.484172
0.776994 -0.408461 0.877816 -0.483991
0.776902 -0.408232 0.877628 -0.483809
0.776810 -0.408004 0.877440 -0.483627
0.776719 -0.407775 0.877253 -0.483444
0.776627 -0.407545 0.877065 -0.483261
0.776536 -0.407316 0.876877 -0.483078
0.776445 -0.407086 0.876690 -0.482894
0.776354 -0.406856 0.876503 -0.482710
0.776263 -0.406626 0.876315 -0.482525
0.776172 -0.406395 0.876128 -0.482340
0.776081 -0.406165 0.875940 -0.482155
0.775991 -0.405934 0.875753 -0.481969
0.775900 -0.405702 0.875566 -0.481783
0.775810 -0.405471 0.875379 -0.481597
0.775720 -0.405239 0.875192 -0.481410
0.775630 -0.405008 0.875004 -0.481223
0.775540 -0.404776 0.874817 -0.481035
0.775450 -0.404543 0.874630 -0.480847
0.775361 -0.404311 0.874443 -0.480659
0.775271 -0.404078 0.874257 -0.480470
0.775182 -0.403845 0.874070 -0.480281
0.775093 -0.403612 0.873883 -0.480091
0.775004 -0.403378 0.873696 -0.479901
0.774915 -0.403144 0.873509 -0.479711
0.774826 -0.402911 0.873323 -0.479520
0.774737 -0.402676 0.873136 -0.479329
0.774649 -0.402442 0.872949 -0.479138
0.774561 -0.402207 0.872763 -0.478946
0.774472 -0.401972 0.872576 -0.478753
0.774384 -0.401737 0.872390 -0.478561
0.774296 -0.401502 0.872203 -0.478368
0.774209 -0.401267 0.872017 -0.478174
0.774121 -0.401031 0.871831 -0.477980
0.774033 -0.400795 0.871644 -0.477786
0.773946 -0.400558 0.871458 -0.477592
0.773859 -0.400322 0.871272 -0.477397
0.773771 -0.400085 0.871086 -0.477201
0.773684 -0.399848 0.870900 -0.477005
0.773598 -0.399611 0.870714 -0.476809
0.773511 -0.399374 0.870528 -0.476613
0.773424 -0.399136 0.870342 -0.476416
0.773338 -0.398898 0.870156 -0.476218
0.773251 -0.398660 0.869970 -0.476021
0.773165 -0.398422 0.869784 -0.475823
0.773079 -0.398183 0.869599 -0.475624
0.772993 -0.397945 0.869413 -0.475425
0.772908 -0.397706 0.869227 -0.475226
0.772822 -0.397466 0.869042 -0.475026
0.772736 -0.397227 0.868856 -0.474826
0.772651 -0.396987 0.868671 -0.474626
0.772566 -0.396747 0.868485 -0.474425
0.772481 -0.396507 0.868300 -0.474224
0.772396 -0.396267 0.868114 -0.474022
0.772311 -0.396026 0.867929 -0.473820
0.772226 -0.395785 0.867744 -0.473617
0.772142 -0.395544 0.867559 -0.473415
0.772057 -0.395303 0.867373 -0.473211
0.771973 -0.395061 0.867188 -0.473008
0.771889 -0.394820 0.867003 -0.472804
0.771805 -0.394578 0.866818 -0.472599
0.771721 -0.394336 0.866633 -0.472395
0.771637 -0.394093 0.866449 -0.472189
0.771553 -0.393850 0.866264 -0.471984
0.771470 -0.393607 0.866079 -0.471778
0.771387 -0.393364 0.865894 -0.471572
0.771303 -0.393121 0.865710 -0.471365
0.771220 -0.392877 0.865525 -0.471158
0.771137 -0.392634 0.865340 -0.470950
0.771054 -0.392390 0.865156 -0.470742
0.770972 -0.392145 0.864971 -0.470534
0.770889 -0.391901 0.864787 -0.470325
0.770807 -0.391656 0.864603 -0.470116
0.770725 -0.391411 0.864418 -0.469906
0.770642 -0.391166 0.864234 -0.469697
0.770560 -0.390921 0.864050 -0.469486
0.770479 -0.390675 0.863866 -0.469276
0.770397 -0.390429 0.863682 -0.469064
0.770315 -0.390183 0.863498 -0.468853
0.770234 -0.389937 0.863314 -0.468641
0.770152 -0.389690 0.863130 -0.468429
0.770071 -0.389443 0.862946 -0.468216
0.769990 -0.389196 0.862762 -0.468003
0.769909 -0.388949 0.862578 -0.467790
0.769828 -0.388702 0.862395 -0.467576
0.769748 -0.388454 0.862211 -0.467361
0.769667 -0.388206 0.862027 -0.467147
0.769587 -0.387958 0.861844 -0.466932
0.769506 -0.387709 0.861660 -0.466716
0.769426 -0.387461 0.861477 -0.466500
0.769346 -0.387212 0.861294 -0.466284
0.769266 -0.386963 0.861110 -0.466068
0.769187 -0.386714 0.860927 -0.465850
0.769107 -0.386464 0.860744 -0.465633
0.769028 -0.386214 0.860561 -0.465415
0.768948 -0.385965 0.860378 -0.465197
0.768869 -0.385714 0.860195 -0.464978
0.768790 -0.385464 0.860012 -0.464759
0.768711 -0.385213 0.859829 -0.464540
0.768632 -0.384962 0.859646 -0.464320
0.768554 -0.384711 0.859463 -0.464100
0.768475 -0.384460 0.859281 -0.463879
0.768397 -0.384208 0.859098 -0.463658
0.768318 -0.383957 0.858916 -0.463437
0.768240 -0.383705 0.858733 -0.463215
0.768162 -0.383452 0.858551 -0.462993
0.768084 -0.383200 0.858368 -0.462770
0.768007 -0.382947 0.858186 -0.462547
0.767929 -0.382694 0.858004 -0.462324
0.767852 -0.382441 0.857821 -0.462100
0.767774 -0.382188 0.857639 -0.461876
0.767697 -0.381934 0.857457 -0.461651
0.767620 -0.381681 0.857275 -0.461426
0.767543 -0.381427 0.857093 -0.461201
0.767466 -0.381172 0.856911 -0.460975
0.767390 -0.380918 0.856729 -0.460748
0.767313 -0.380663 0.856547 -0.460522
0.767237 -0.380408 0.856366 -0.460295
0.767160 -0.380153 0.856184 -0.460067
0.767084 -0.379898 0.856002 -0.459840
0.767008 -0.379642 0.855821 -0.459611
0.766932 -0.379386 0.855639 -0.459383
0.766856 -0.379130 0.855458 -0.459154
0.766781 -0.378874 0.855277 -0.458924
0.766705 -0.378617 0.855095 -0.458694
0.766630 -0.378361 0.854914 -0.458464
0.766555 -0.378104 0.854733 -0.458234
0.766480 -0.377846 0.854552 -0.458003
0.766405 -0.377589 0.854371 -0.457771
0.766330 -0.377331 0.854190 -0.457539
0.766255 -0.377074 0.854009 -0.457307
0.766181 -0.376816 0.853828 -0.457074
0.766106 -0.376557 0.853647 -0.456841
0.766032 -0.376299 0.853467 -0.456608
0.765958 -0.376040 0.853286 -0.456374
0.765884 -0.375781 0.853106 -0.456140
0.765810 -0.375522 0.852925 -0.455905
0.765736 -0.375262 0.852745 -0.455670
0.765662 -0.375003 0.852564 -0.455435
0.765589 -0.374743 0.852384 -0.455199
0.765515 -0.374483 0.852204 -0.454963
0.765442 -0.374222 0.852023 -0.454726
0.765369 -0.373962 0.851843 -0.454489
0.765296 -0.373701 0.851663 -0.454251
0.765223 -0.373440 0.851483 -0.454013
0.765150 -0.373179 0.851303 -0.453775
0.765078 -0.372917 0.851124 -0.453537
0.765005 -0.372656 0.850944 -0.453297
0.764933 -0.372394 0.850764 -0.453058
0.764861 -0.372132 0.850585 -0.452818
0.764789 -0.371870 0.850405 -0.452578
0.764717 -0.371607 0.850225 -0.452337
0.764645 -0.371344 0.850046 -0.452096
0.764573 -0.371081 0.849867 -0.451854
0.764502 -0.370818 0.849687 -0.451612
0.764430 -0.370555 0.849508 -0.451370
0.764359 -0.370291 0.849329 -0.451127
0.764288 -0.370027 0.849150 -0.450884
0.764217 -0.369763 0.848971 -0.450641
0.764146 -0.369499 0.848792 -0.450397
0.764075 -0.369234 0.848613 -0.450152
0.764004 -0.368969 0.848434 -0.449908
0.763934 -0.368704 0.848256 -0.449663
0.763863 -0.368439 0.848077 -0.449417
0.763793 -0.368174 0.847898 -0.449171
0.763723 -0.367908 0.847720 -0.448925
0.763653 -0.367642 0.847541 -0.448678
0.763583 -0.367376 0.847363 -0.448431
0.763513 -0.367110 0.847185 -0.448183
0.763444 -0.366843 0.847007 -0.447935
0.763374 -0.366576 0.846828 -0.447687
0.763305 -0.366309 0.846650 -0.447438
0.763236 -0.366042 0.846472 -0.447189
0.763167 -0.365775 0.846294 -0.446939
0.763098 -0.365507 0.846117 -0.446689
0.763029 -0.365239 0.845939 -0.446439
0.762960 -0.364971 0.845761 -0.446188
0.762891 -0.364703 0.845583 -0.445937
0.762823 -0.364434 0.845406 -0.445685
0.762755 -0.364165 0.845228 -0.445433
0.762686 -0.363896 0.845051 -0.445180
0.762618 -0.363627 0.844874 -0.444927
0.762550 -0.363358 0.844696 -0.444674
0.762483 -0.363088 0.844519 -0.444421
0.762415 -0.362818 0.844342 -0.444166
0.762347 -0.362548 0.844165 -0.443912
0.762280 -0.362278 0.843988 -0.443657
0.762213 -0.362007 0.843811 -0.443402
0.762145 -0.361737 0.843634 -0.443146
0.762078 -0.361466 0.843458 -0.442890
0.762011 -0.361194 0.843281 -0.442633
0.761945 -0.360923 0.843104 -0.442376
0.761878 -0.360651 0.842928 -0.442119
0.761811 -0.360380 0.842751 -0.441861
0.761745 -0.360108 0.842575 -0.441603
0.761679 -0.359835 0.842399 -0.441344
0.761613 -0.359563 0.842223 -0.441085
0.761546 -0.359290 0.842047 -0.440826
0.761481 -0.359017 0.841871 -0.440566
0.761415 -0.358744 0.841695 -0.440306
0.761349 -0.358471 0.841519 -0.440045
0.761284 -0.358197 0.841343 -0.439784
0.761218 -0.357923 0.841167 -0.439523
0.761153 -0.357649 0.840992 -0.439261
0.761088 -0.357375 0.840816 -0.438999
0.761023 -0.357100 0.840640 -0.438736
0.760958 -0.356826 0.840465 -0.438473
0.760893 -0.356551 0.840290 -0.438210
0.760828 -0.356276 0.840114 -0.437946
0.760764 -0.356000 0.839939 -0.437681
0.760700 -0.355725 0.839764 -0.437417
0.760635 -0.355449 0.839589 -0.437152
0.760571 -0.355173 0.839414 -0.436886
0.760507 -0.354897 0.839239 -0.436620
0.760443 -0.354620 0.839065 -0.436354
0.760380 -0.354344 0.838890 -0.436087
0.760316 -0.354067 0.838715 -0.435820
0.760252 -0.353790 0.838541 -0.435552
0.760189 -0.353512 0.838366 -0.435284
0.760126 -0.353235 0.838192 -0.435016
0.760063 -0.352957 0.838018 -0.434747
0.760000 -0.352679 0.837844 -0.434478
0.759937 -0.352401 0.837670 -0.434208
0.759874 -0.352123 0.837496 -0.433938
0.759811 -0.351844 0.837322 -0.433668
0.759749 -0.351565 0.837148 -0.433397
0.759686 -0.351286 0.836974 -0.433126
0.759624 -0.351007 0.836800 -0.432854
0.759562 -0.350727 0.836627 -0.432582
0.759500 -0.350448 0.836453 -0.432309
0.759438 -0.350168 0.836280 -0.432036
0.759376 -0.349888 0.836106 -0.431763
0.759315 -0.349607 0.835933 -0.431489
0.759253 -0.349327 0.835760 -0.431215
0.759192 -0.349046 0.835587 -0.430941
0.759131 -0.348765 0.835414 -0.430666
0.759069 -0.348484 0.835241 -0.430390
0.759008 -0.348202 0.835068 -0.430115
0.758948 -0.347921 0.834895 -0.429838
0.758887 -0.347639 0.834723 -0.429562
0.758826 -0.347357 0.834550 -0.429285
0.758766 -0.347075 0.834378 -0.429007
0.758705 -0.346792 0.834205 -0.428729
0.758645 -0.346509 0.834033 -0.428451
0.758585 -0.346227 0.833861 -0.428173
0.758525 -0.345943 0.833689 -0.427893
0.758465 -0.345660 0.833517 -0.427614
0.758405 -0.345376 0.833345 -0.427334
0.758346 -0.345093 0.833173 -0.427054
0.758286 -0.344809 0.833001 -0.426773
0.758227 -0.344524 0.832829 -0.426492
0.758167 -0.344240 0.832658 -0.426210
0.758108 -0.343955 0.832486 -0.425928
0.758049 -0.343670 0.832315 -0.425646
0.757990 -0.343385 0.832143 -0.425363
0.757931 -0.343100 0.831972 -0.425080
0.757873 -0.342815 0.831801 -0.424797
0.757814 -0.342529 0.831630 -0.424512
0.757756 -0.342243 0.831459 -0.424228
0.757697 -0.341957 0.831288 -0.423943
0.757639 -0.341670 0.831117 -0.423658
0.757581 -0.341384 0.830947 -0.423372
0.757523 -0.341097 0.830776 -0.423086
0.757465 -0.340810 0.830605 -0.422800
0.757408 -0.340523 0.830435 -0.422513
0.757350 -0.340235 0.830265 -0.422226
0.757293 -0.339948 0.830094 -0.421938
0.757235 -0.339660 0.829924 -0.421650
0.757178 -0.339372 0.829754 -0.421361
0.757121 -0.339084 0.829584 -0.421072
0.757064 -0.338795 0.829414 -0.420783
0.757007 -0.338506 0.829245 -0.420493
0.756950 -0.338218 0.829075 -0.420203
0.756894 -0.337928 0.828905 -0.419912
0.756837 -0.337639 0.828736 -0.419621
0.756781 -0.337350 0.828566 -0.419330
0.756725 -0.337060 0.828397 -0.419038
0.756669 -0.336770 0.828228 -0.418746
0.756613 -0.336480 0.828059 -0.418453
0.756557 -0.336189 0.827890 -0.418160
0.756501 -0.335899 0.827721 -0.417867
0.756445 -0.335608 0.827552 -0.417573
0.756390 -0.335317 0.827383 -0.417278
0.756334 -0.335025 0.827215 -0.416984
0.756279 -0.334734 0.827046 -0.416688
0.756224 -0.334442 0.826878 -0.416393
0.756169 -0.334150 0.826709 -0.416097
0.756114 -0.333858 0.826541 -0.415801
0.756059 -0.333566 0.826373 -0.415504
0.756005 -0.333274 0.826205 -0.415207
0.755950 -0.332981 0.826037 -0.414909
0.755896 -0.332688 0.825869 -0.414611
0.755841 -0.332395 0.825701 -0.414313
0.755787 -0.332101 0.825533 -0.414014
0.755733 -0.331808 0.825366 -0.413714
0.755679 -0.331514 0.825198 -0.413415
0.755625 -0.331220 0.825031 -0.413115
0.755571 -0.330926 0.824864 -0.412814
0.755518 -0.330631 0.824696 -0.412513
0.755464 -0.330337 0.824529 -0.412212
0.755411 -0.330042 0.824362 -0.411910
0.755358 -0.329747 0.824195 -0.411608
0.755304 -0.329452 0.824029 -0.411305
0.755251 -0.329156 0.823862 -0.411002
0.755198 -0.328861 0.823695 -0.410699
0.755146 -0.328565 0.823529 -0.410395
0.755093 -0.328269 0.823362 -0.410091
0.755040 -0.327972 0.823196 -0.409786
0.754988 -0.327676 0.823030 -0.409481
0.754936 -0.327379 0.822864 -0.409176
0.754883 -0.327082 0.822698 -0.408870
0.754831 -0.326785 0.822532 -0.408564
0.754779 -0.326488 0.822366 -0.408257
0.754728 -0.326190 0.822201 -0.407950
0.754676 -0.325893 0.822035 -0.407642
0.754624 -0.325595 0.821870 -0.407335
0.754573 -0.325296 0.821704 -0.407026
0.754521 -0.324998 0.821539 -0.406717
0.754470 -0.324699 0.821374 -0.406408
0.754419 -0.324401 0.821209 -0.406099
0.754368 -0.324102 0.821044 -0.405789
0.754317 -0.323802 0.820879 -0.405478
0.754266 -0.323503 0.820714 -0.405167
0.754215 -0.323203 0.820549 -0.404856
0.754165 -0.322904 0.820385 -0.404545
0.754114 -0.322604 0.820220 -0.404233
0.754064 -0.322303 0.820056 -0.403920
0.754014 -0.322003 0.819892 -0.403607
0.753964 -0.321702 0.819728 -0.403294
0.753914 -0.321401 0.819564 -0.402980
0.753864 -0.321100 0.819400 -0.402666
0.753814 -0.320799 0.819236 -0.402352
0.753764 -0.320498 0.819072 -0.402037
0.753715 -0.320196 0.818909 -0.401721
0.753665 -0.319894 0.818745 -0.401405
0.753616 -0.319592 0.818582 -0.401089
0.753567 -0.319290 0.818419 -0.400773
0.753518 -0.318987 0.818255 -0.400456
0.753469 -0.318684 0.818092 -0.400138
0.753420 -0.318381 0.817929 -0.399820
0.753371 -0.318078 0.817767 -0.399502
0.753323 -0.317775 0.817604 -0.399184
0.753274 -0.317471 0.817441 -0.398865
0.753226 -0.317168 0.817279 -0.398545
0.753178 -0.316864 0.817116 -0.398225
0.753129 -0.316560 0.816954 -0.397905
0.753081 -0.316255 0.816792 -0.397584
0.753033 -0.315951 0.816630 -0.397263
0.752986 -0.315646 0.816468 -0.396941
0.752938 -0.315341 0.816306 -0.396620
0.752890 -0.315036 0.816144 -0.396297
0.752843 -0.314730 0.815983 -0.395974
0.752795 -0.314425 0.815821 -0.395651
0.752748 -0.314119 0.815660 -0.395328
0.752701 -0.313813 0.815498 -0.395004
0.752654 -0.313507 0.815337 -0.394679
0.752607 -0.313201 0.815176 -0.394354
0.752560 -0.312894 0.815015 -0.394029
0.752513 -0.312587 0.814854 -0.393703
0.752467 -0.312280 0.814693 -0.393377
0.752420 -0.311973 0.814533 -0.393051
0.752374 -0.311666 0.814372 -0.392724
0.752328 -0.311358 0.814212 -0.392397
0.752282 -0.311050 0.814051 -0.392069
0.752236 -0.310742 0.813891 -0.391741
0.752190 -0.310434 0.813731 -0.391412
0.752144 -0.310125 0.813571 -0.391083
0.752098 -0.309817 0.813411 -0.390754
0.752053 -0.309508 0.813252 -0.390424
0.752007 -0.309199 0.813092 -0.390094
0.751962 -0.308890 0.812933 -0.389764
0.751917 -0.308580 0.812773 -0.389433
0.751871 -0.308271 0.812614 -0.389101
0.751826 -0.307961 0.812455 -0.388769
0.751781 -0.307651 0.812296 -0.388437
0.751737 -0.307341 0.812137 -0.388104
0.751692 -0.307030 0.811978 -0.387771
0.751647 -0.306719 0.811819 -0.387438
0.751603 -0.306409 0.811661 -0.387104
0.751558 -0.306098 0.811502 -0.386770
0.751514 -0.305786 0.811344 -0.386435
0.751470 -0.305475 0.811186 -0.386100
0.751426 -0.305163 0.811028 -0.385764
0.751382 -0.304851 0.810870 -0.385428
0.751338 -0.304539 0.810712 -0.385092
0.751295 -0.304227 0.810554 -0.384755
0.751251 -0.303915 0.810396 -0.384418
0.751207 -0.303602 0.810239 -0.384081
0.751164 -0.303289 0.810081 -0.383743
0.751121 -0.302976 0.809924 -0.383404
0.751078 -0.302663 0.809767 -0.383065
0.751034 -0.302349 0.809610 -0.382726
0.750992 -0.302036 0.809453 -0.382387
0.750949 -0.301722 0.809296 -0.382047
0.750906 -0.301408 0.809139 -0.381706
0.750863 -0.301094 0.808983 -0.381365
0.750821 -0.300779 0.808826 -0.381024
0.750778 -0.300465 0.808670 -0.380682
0.750736 -0.300150 0.808514 -0.380340
0.750694 -0.299835 0.808358 -0.379998
0.750652 -0.299520 0.808202 -0.379655
0.750610 -0.299204 0.808046 -0.379312
0.750568 -0.298889 0.807890 -0.378968
0.750526 -0.298573 0.807735 -0.378624
0.750484 -0.298257 0.807579 -0.378279
0.750443 -0.297940 0.807424 -0.377934
0.750401 -0.297624 0.807268 -0.377589
0.750360 -0.297307 0.807113 -0.377243
0.750319 -0.296991 0.806958 -0.376897
0.750278 -0.296674 0.806804 -0.376551
0.750237 -0.296356 0.806649 -0.376204
0.750196 -0.296039 0.806494 -0.375856
0.750155 -0.295721 0.806340 -0.375508
0.750114 -0.295404 0.806185 -0.375160
0.750074 -0.295086 0.806031 -0.374812
0.750033 -0.294768 0.805877 -0.374463
0.749993 -0.294449 0.805723 -0.374113
0.749952 -0.294131 0.805569 -0.373763
0.749912 -0.293812 0.805415 -0.373413
0.749872 -0.293493 0.805262 -0.373062
0.749832 -0.293174 0.805108 -0.372711
0.749792 -0.292854 0.804955 -0.372360
0.749753 -0.292535 0.804802 -0.372008
0.749713 -0.292215 0.804648 -0.371656
0.749673 -0.291895 0.804495 -0.371303
0.749634 -0.291575 0.804343 -0.370950
0.749595 -0.291255 0.804190 -0.370596
0.749555 -0.290934 0.804037 -0.370243
0.749516 -0.290613 0.803885 -0.369888
0.749477 -0.290292 0.803732 -0.369534
0.749438 -0.289971 0.803580 -0.369178
0.749399 -0.289650 0.803428 -0.368823
0.749361 -0.289329 0.803276 -0.368467
0.749322 -0.289007 0.803124 -0.368111
0.749283 -0.288685 0.802972 -0.367754
0.749245 -0.288363 0.802821 -0.367397
0.749207 -0.288041 0.802669 -0.367039
0.749169 -0.287718 0.802518 -0.366681
0.749130 -0.287396 0.802367 -0.366323
0.749092 -0.287073 0.802216 -0.365964
0.749055 -0.286750 0.802065 -0.365605
0.749017 -0.286426 0.801914 -0.365245
0.748979 -0.286103 0.801763 -0.364885
0.748941 -0.285779 0.801613 -0.364525
0.748904 -0.285456 0.801462 -0.364164
0.748867 -0.285132 0.801312 -0.363803
0.748829 -0.284807 0.801162 -0.363441
0.748792 -0.284483 0.801012 -0.363079
0.748755 -0.284158 0.800862 -0.362717
0.748718 -0.283834 0.800712 -0.362354
0.748681 -0.283509 0.800563 -0.361991
0.748644 -0.283184 0.800413 -0.361627
0.748608 -0.282858 0.800264 -0.361263
0.748571 -0.282533 0.800115 -0.360899
0.748535 -0.282207 0.799965 -0.360534
0.748498 -0.281881 0.799816 -0.360169
0.748462 -0.281555 0.799668 -0.359803
0.748426 -0.281229 0.799519 -0.359437
0.748390 -0.280902 0.799370 -0.359071
0.748354 -0.280576 0.799222 -0.358704
0.748318 -0.280249 0.799074 -0.358337
0.748282 -0.279922 0.798925 -0.357969
0.748246 -0.279594 0.798777 -0.357601
0.748211 -0.279267 0.798630 -0.357232
0.748175 -0.278939 0.798482 -0.356864
0.748140 -0.278611 0.798334 -0.356494
0.748104 -0.278283 0.798187 -0.356125
0.748069 -0.277955 0.798039 -0.355755
0.748034 -0.277627 0.797892 -0.355384
0.747999 -0.277298 0.797745 -0.355013
0.747964 -0.276970 0.797598 -0.354642
0.747930 -0.276641 0.797451 -0.354270
0.747895 -0.276312 0.797305 -0.353898
0.747860 -0.275982 0.797158 -0.353526
0.747826 -0.275653 0.797012 -0.353153
0.747791 -0.275323 0.796866 -0.352780
0.747757 -0.274993 0.796719 -0.352406
0.747723 -0.274663 0.796573 -0.352032
0.747689 -0.274333 0.796428 -0.351657
0.747655 -0.274002 0.796282 -0.351283
0.747621 -0.273672 0.796136 -0.350907
0.747587 -0.273341 0.795991 -0.350532
0.747553 -0.273010 0.795846 -0.350156
0.747520 -0.272679 0.795700 -0.349779
0.747486 -0.272347 0.795555 -0.349402
0.747453 -0.272016 0.795411 -0.349025
0.747419 -0.271684 0.795266 -0.348647
0.747386 -0.271352 0.795121 -0.348269
0.747353 -0.271020 0.794977 -0.347891
0.747320 -0.270688 0.794833 -0.347512
0.747287 -0.270355 0.794688 -0.347133
0.747254 -0.270023 0.794544 -0.346753
0.747221 -0.269690 0.794401 -0.346373
0.747189 -0.269357 0.794257 -0.345992
0.747156 -0.269023 0.794113 -0.345612
0.747124 -0.268690 0.793970 -0.345230
0.747091 -0.268356 0.793826 -0.344849
0.747059 -0.268023 0.793683 -0.344467
0.747027 -0.267689 0.793540 -0.344084
0.746995 -0.267355 0.793397 -0.343701
0.746963 -0.267020 0.793255 -0.343318
0.746931 -0.266686 0.793112 -0.342935
0.746899 -0.266351 0.792970 -0.342551
0.746867 -0.266016 0.792827 -0.342166
0.746836 -0.265681 0.792685 -0.341781
0.746804 -0.265346 0.792543 -0.341396
0.746773 -0.265010 0.792401 -0.341011
0.746741 -0.264675 0.792260 -0.340625
0.746710 -0.264339 0.792118 -0.340238
0.746679 -0.264003 0.791977 -0.339851
0.746648 -0.263667 0.791835 -0.339464
0.746617 -0.263331 0.791694 -0.339077
0.746586 -0.262994 0.791553 -0.338689
0.746555 -0.262657 0.791412 -0.338300
0.746524 -0.262320 0.791272 -0.337912
0.746494 -0.261983 0.791131 -0.337523
0.746463 -0.261646 0.790991 -0.337133
0.746433 -0.261309 0.790850 -0.336743
0.746403 -0.260971 0.790710 -0.336353
0.746372 -0.260633 0.790570 -0.335962
0.746342 -0.260295 0.790431 -0.335571
0.746312 -0.259957 0.790291 -0.335180
0.746282 -0.259619 0.790151 -0.334788
0.746252 -0.259280 0.790012 -0.334395
0.746223 -0.258942 0.789873 -0.334003
0.746193 -0.258603 0.789734 -0.333610
0.746163 -0.258264 0.789595 -0.333216
0.746134 -0.257925 0.789456 -0.332822
0.746104 -0.257585 0.789317 -0.332428
0.746075 -0.257246 0.789179 -0.332034
0.746046 -0.256906 0.789041 -0.331639
0.746017 -0.256566 0.788902 -0.331243
0.745988 -0.256226 0.788764 -0.330847
0.745959 -0.255885 0.788626 -0.330451
0.745930 -0.255545 0.788489 -0.330055
0.745901 -0.255204 0.788351 -0.329658
0.745872 -0.254864 0.788214 -0.329260
0.745844 -0.254523 0.788077 -0.328863
0.745815 -0.254181 0.787939 -0.328464
0.745787 -0.253840 0.787802 -0.328066
0.745758 -0.253498 0.787666 -0.327667
0.745730 -0.253157 0.787529 -0.327268
0.745702 -0.252815 0.787392 -0.326868
0.745674 -0.252473 0.787256 -0.326468
0.745646 -0.252130 0.787120 -0.326068
0.745618 -0.251788 0.786984 -0.325667
0.745590 -0.251445 0.786848 -0.325266
0.745563 -0.251103 0.786712 -0.324864
0.745535 -0.250760 0.786577 -0.324462
0.745507 -0.250417 0.786441 -0.324060
0.745480 -0.250073 0.786306 -0.323657
0.745453 -0.249730 0.786171 -0.323254
0.745425 -0.249386 0.786036 -0.322850
0.745398 -0.249042 0.785901 -0.322446
0.745371 -0.248698 0.785766 -0.322042
0.745344 -0.248354 0.785632 -0.321637
0.745317 -0.248010 0.785498 -0.321232
0.745290 -0.247665 0.785363 -0.320827
0.745263 -0.247321 0.785229 -0.320421
0.745237 -0.246976 0.785095 -0.320015
0.745210 -0.246631 0.784962 -0.319608
0.745184 -0.246285 0.784828 -0.319201
0.745157 -0.245940 0.784695 -0.318794
0.745131 -0.245595 0.784562 -0.318386
0.745105 -0.245249 0.784428 -0.317978
0.745079 -0.244903 0.784296 -0.317569
0.745053 -0.244557 0.784163 -0.317160
0.745027 -0.244211 0.784030 -0.316751
0.745001 -0.243864 0.783898 -0.316342
0.744975 -0.243518 0.783765 -0.315932
0.744949 -0.243171 0.783633 -0.315521
0.744923 -0.242824 0.783501 -0.315110
0.744898 -0.242477 0.783370 -0.314699
0.744872 -0.242129 0.783238 -0.314288
0.744847 -0.241782 0.783106 -0.313876
0.744822 -0.241434 0.782975 -0.313463
0.744796 -0.241087 0.782844 -0.313051
0.744771 -0.240739 0.782713 -0.312638
0.744746 -0.240390 0.782582 -0.312224
0.744721 -0.240042 0.782451 -0.311810
0.744696 -0.239694 0.782321 -0.311396
0.744672 -0.239345 0.782190 -0.310982
0.744647 -0.238996 0.782060 -0.310567
0.744622 -0.238647 0.781930 -0.310151
0.744598 -0.238298 0.781800 -0.309736
0.744573 -0.237949 0.781671 -0.309319
0.744549 -0.237599 0.781541 -0.308903
0.744525 -0.237250 0.781412 -0.308486
0.744500 -0.236900 0.781282 -0.308069
0.744476 -0.236550 0.781153 -0.307651
0.744452 -0.236200 0.781024 -0.307233
0.744428 -0.235849 0.780896 -0.306815
0.744404 -0.235499 0.780767 -0.306396
0.744380 -0.235148 0.780639 -0.305977
0.744357 -0.234797 0.780510 -0.305558
0.744333 -0.234446 0.780382 -0.305138
0.744309 -0.234095 0.780254 -0.304718
0.744286 -0.233744 0.780127 -0.304297
0.744262 -0.233392 0.779999 -0.303876
0.744239 -0.233041 0.779872 -0.303455
0.744216 -0.232689 0.779744 -0.303033
0.744193 -0.232337 0.779617 -0.302611
0.744170 -0.231985 0.779490 -0.302189
0.744147 -0.231632 0.779364 -0.301766
0.744124 -0.231280 0.779237 -0.301343
0.744101 -0.230927 0.779111 -0.300919
0.744078 -0.230574 0.778984 -0.300495
0.744055 -0.230221 0.778858 -0.300071
0.744033 -0.229868 0.778732 -0.299646
0.744010 -0.229515 0.778607 -0.299221
0.743988 -0.229161 0.778481 -0.298796
0.743965 -0.228808 0.778356 -0.298370
0.743943 -0.228454 0.778230 -0.297944
0.743921 -0.228100 0.778105 -0.297518
0.743899 -0.227746 0.777980 -0.297091
0.743877 -0.227391 0.777856 -0.296664
0.743855 -0.227037 0.777731 -0.296236
0.743833 -0.226682 0.777607 -0.295808
0.743811 -0.226327 0.777482 -0.295380
0.743789 -0.225973 0.777358 -0.294951
0.743767 -0.225617 0.777234 -0.294522
0.743746 -0.225262 0.777111 -0.294092
0.743724 -0.224907 0.776987 -0.293663
0.743703 -0.224551 0.776864 -0.293232
0.743682 -0.224195 0.776740 -0.292802
0.743660 -0.223839 0.776617 -0.292371
0.743639 -0.223483 0.776495 -0.291940
0.743618 -0.223127 0.776372 -0.291508
0.743597 -0.222771 0.776249 -0.291076
0.743576 -0.222414 0.776127 -0.290644
0.743555 -0.222057 0.776005 -0.290211
0.743534 -0.221700 0.775883 -0.289778
0.743513 -0.221343 0.775761 -0.289345
0.743493 -0.220986 0.775639 -0.288911
0.743472 -0.220629 0.775518 -0.288477
0.743452 -0.220271 0.775396 -0.288042
0.743431 -0.219914 0.775275 -0.287607
0.743411 -0.219556 0.775154 -0.287172
0.743390 -0.219198 0.775034 -0.286737
0.743370 -0.218840 0.774913 -0.286301
0.743350 -0.218481 0.774792 -0.285864
0.743330 -0.218123 0.774672 -0.285428
0.743310 -0.217764 0.774552 -0.284991
0.743290 -0.217405 0.774432 -0.284553
0.743270 -0.217046 0.774312 -0.284116
0.743250 -0.216687 0.774193 -0.283678
0.743231 -0.216328 0.774073 -0.283239
0.743211 -0.215969 0.773954 -0.282800
0.743191 -0.215609 0.773835 -0.282361
0.743172 -0.215249 0.773716 -0.281922
0.743153 -0.214889 0.773598 -0.281482
0.743133 -0.214529 0.773479 -0.281042
0.743114 -0.214169 0.773361 -0.280601
0.743095 -0.213809 0.773243 -0.280160
0.743076 -0.213448 0.773125 -0.279719
0.743057 -0.213088 0.773007 -0.279277
0.743038 -0.212727 0.772889 -0.278835
0.743019 -0.212366 0.772772 -0.278393
0.743000 -0.212005 0.772654 -0.277950
0.742981 -0.211643 0.772537 -0.277507
0.742962 -0.211282 0.772420 -0.277064
0.742944 -0.210920 0.772304 -0.276620
0.742925 -0.210559 0.772187 -0.276176
0.742907 -0.210197 0.772071 -0.275731
0.742888 -0.209835 0.771955 -0.275287
0.742870 -0.209473 0.771838 -0.274841
0.742852 -0.209110 0.771723 -0.274396
0.742834 -0.208748 0.771607 -0.273950
0.742815 -0.208385 0.771492 -0.273504
0.742797 -0.208022 0.771376 -0.273057
0.742779 -0.207659 0.771261 -0.272610
0.742762 -0.207296 0.771146 -0.272163
0.742744 -0.206933 0.771031 -0.271716
0.742726 -0.206569 0.770917 -0.271268
0.742708 -0.206206 0.770802 -0.270819
0.742691 -0.205842 0.770688 -0.270371
0.742673 -0.205478 0.770574 -0.269922
0.742656 -0.205114 0.770460 -0.269472
0.742638 -0.204750 0.770347 -0.269023
0.742621 -0.204386 0.770233 -0.268573
0.742603 -0.204021 0.770120 -0.268122
0.742586 -0.203657 0.770007 -0.267672
0.742569 -0.203292 0.769894 -0.267221
0.742552 -0.202927 0.769781 -0.266769
0.742535 -0.202562 0.769669 -0.266318
0.742518 -0.202197 0.769556 -0.265866
0.742501 -0.201831 0.769444 -0.265413
0.742484 -0.201466 0.769332 -0.264960
0.742468 -0.201100 0.769220 -0.264507
0.742451 -0.200734 0.769108 -0.264054
0.742434 -0.200368 0.768997 -0.263600
0.742418 -0.200002 0.768886 -0.263146
0.742401 -0.199636 0.768775 -0.262692
0.742385 -0.199270 0.768664 -0.262237
0.742369 -0.198903 0.768553 -0.261782
0.742352 -0.198536 0.768442 -0.261326
0.742336 -0.198170 0.768332 -0.260870
0.742320 -0.197803 0.768222 -0.260414
0.742304 -0.197435 0.768112 -0.259958
0.742288 -0.197068 0.768002 -0.259501
0.742272 -0.196701 0.767893 -0.259044
0.742256 -0.196333 0.767783 -0.258587
0.742240 -0.195965 0.767674 -0.258129
0.742225 -0.195598 0.767565 -0.257671
0.742209 -0.195230 0.767456 -0.257212
0.742193 -0.194861 0.767347 -0.256753
0.742178 -0.194493 0.767239 -0.256294
0.742162 -0.194125 0.767131 -0.255835
0.742147 -0.193756 0.767023 -0.255375
0.742132 -0.193387 0.766915 -0.254915
0.742116 -0.193019 0.766807 -0.254454
0.742101 -0.192650 0.766699 -0.253994
0.742086 -0.192280 0.766592 -0.253532
0.742071 -0.191911 0.766485 -0.253071
0.742056 -0.191542 0.766378 -0.252609
0.742041 -0.191172 0.766271 -0.252147
0.742026 -0.190802 0.766165 -0.251685
0.742011 -0.190433 0.766058 -0.251222
0.741996 -0.190063 0.765952 -0.250759
0.741982 -0.189692 0.765846 -0.250295
0.741967 -0.189322 0.765740 -0.249832
0.741952 -0.188952 0.765635 -0.249368
0.741938 -0.188581 0.765529 -0.248903
0.741923 -0.188211 0.765424 -0.248438
0.741909 -0.187840 0.765319 -0.247973
0.741895 -0.187469 0.765214 -0.247508
0.741881 -0.187098 0.765109 -0.247042
0.741866 -0.186726 0.765005 -0.246576
0.741852 -0.186355 0.764901 -0.246110
0.741838 -0.185983 0.764796 -0.245643
0.741824 -0.185612 0.764693 -0.245176
0.741810 -0.185240 0.764589 -0.244709
0.741796 -0.184868 0.764485 -0.244241
0.741782 -0.184496 0.764382 -0.243773
0.741769 -0.184124 0.764279 -0.243305
0.741755 -0.183751 0.764176 -0.242836
0.741741 -0.183379 0.764073 -0.242368
0.741728 -0.183006 0.763971 -0.241898
0.741714 -0.182633 0.763868 -0.241429
0.741701 -0.182261 0.763766 -0.240959
0.741687 -0.181888 0.763664 -0.240489
0.741674 -0.181514 0.763562 -0.240018
0.741661 -0.181141 0.763461 -0.239547
0.741647 -0.180768 0.763360 -0.239076
0.741634 -0.180394 0.763258 -0.238605
0.741621 -0.180020 0.763157 -0.238133
0.741608 -0.179646 0.763057 -0.237661
0.741595 -0.179272 0.762956 -0.237189
0.741582 -0.178898 0.762856 -0.236716
0.741569 -0.178524 0.762755 -0.236243
0.741556 -0.178150 0.762655 -0.235770
0.741544 -0.177775 0.762556 -0.235296
0.741531 -0.177401 0.762456 -0.234822
0.741518 -0.177026 0.762357 -0.234348
0.741506 -0.176651 0.762257 -0.233873
0.741493 -0.176276 0.762158 -0.233398
0.741481 -0.175901 0.762060 -0.232923
0.741468 -0.175525 0.761961 -0.232448
0.741456 -0.175150 0.761863 -0.231972
0.741444 -0.174774 0.761764 -0.231496
0.741432 -0.174399 0.761666 -0.231019
0.741419 -0.174023 0.761569 -0.230543
0.741407 -0.173647 0.761471 -0.230066
0.741395 -0.173271 0.761374 -0.229588
0.741383 -0.172895 0.761276 -0.229111
0.741371 -0.172518 0.761179 -0.228633
0.741359 -0.172142 0.761082 -0.228154
0.741348 -0.171765 0.760986 -0.227676
0.741336 -0.171388 0.760889 -0.227197
0.741324 -0.171011 0.760793 -0.226718
0.741312 -0.170634 0.760697 -0.226238
0.741301 -0.170257 0.760601 -0.225759
0.741289 -0.169880 0.760506 -0.225278
0.741278 -0.169503 0.760410 -0.224798
0.741266 -0.169125 0.760315 -0.224317
0.741255 -0.168748 0.760220 -0.223836
0.741244 -0.168370 0.760125 -0.223355
0.741232 -0.167992 0.760031 -0.222874
0.741221 -0.167614 0.759936 -0.222392
0.741210 -0.167236 0.759842 -0.221910
0.741199 -0.166857 0.759748 -0.221427
0.741188 -0.166479 0.759654 -0.220944
0.741177 -0.166101 0.759561 -0.220461
0.741166 -0.165722 0.759467 -0.219978
0.741155 -0.165343 0.759374 -0.219494
0.741144 -0.164964 0.759281 -0.219010
0.741133 -0.164585 0.759188 -0.218526
0.741123 -0.164206 0.759096 -0.218042
0.741112 -0.163827 0.759003 -0.217557
0.741101 -0.163447 0.758911 -0.217072
0.741091 -0.163068 0.758819 -0.216586
0.741080 -0.162688 0.758728 -0.216101
0.741070 -0.162309 0.758636 -0.215615
0.741059 -0.161929 0.758545 -0.215128
0.741049 -0.161549 0.758454 -0.214642
0.741039 -0.161169 0.758363 -0.214155
0.741029 -0.160788 0.758272 -0.213668
0.741018 -0.160408 0.758181 -0.213180
0.741008 -0.160027 0.758091 -0.212693
0.740998 -0.159647 0.758001 -0.212205
0.740988 -0.159266 0.757911 -0.211716
0.740978 -0.158885 0.757821 -0.211228
0.740968 -0.158504 0.757732 -0.210739
0.740958 -0.158123 0.757643 -0.210250
0.740949 -0.157742 0.757553 -0.209760
0.740939 -0.157361 0.757465 -0.209271
0.740929 -0.156979 0.757376 -0.208781
0.740919 -0.156598 0.757287 -0.208290
0.740910 -0.156216 0.757199 -0.207800
0.740900 -0.155834 0.757111 -0.207309
0.740891 -0.155452 0.757023 -0.206818
0.740881 -0.155070 0.756936 -0.206326
0.740872 -0.154688 0.756848 -0.205835
0.740862 -0.154306 0.756761 -0.205343
0.740853 -0.153923 0.756674 -0.204851
0.740844 -0.153541 0.756587 -0.204358
0.740835 -0.153158 0.756501 -0.203865
0.740825 -0.152775 0.756414 -0.203372
0.740816 -0.152393 0.756328 -0.202879
0.740807 -0.152010 0.756242 -0.202385
0.740798 -0.151626 0.756156 -0.201891
0.740789 -0.151243 0.756071 -0.201397
0.740780 -0.150860 0.755986 -0.200903
0.740771 -0.150477 0.755901 -0.200408
0.740763 -0.150093 0.755816 -0.199913
0.740754 -0.149709 0.755731 -0.199418
0.740745 -0.149326 0.755646 -0.198922
0.740737 -0.148942 0.755562 -0.198426
0.740728 -0.148558 0.755478 -0.197930
0.740719 -0.148173 0.755394 -0.197434
0.740711 -0.147789 0.755311 -0.196937
0.740702 -0.147405 0.755227 -0.196441
0.740694 -0.147020 0.755144 -0.195943
0.740686 -0.146636 0.755061 -0.195446
0.740677 -0.146251 0.754978 -0.194948
0.740669 -0.145866 0.754896 -0.194450
0.740661 -0.145482 0.754813 -0.193952
0.740652 -0.145097 0.754731 -0.193454
0.740644 -0.144711 0.754649 -0.192955
0.740636 -0.144326 0.754567 -0.192456
0.740628 -0.143941 0.754486 -0.191957
0.740620 -0.143555 0.754405 -0.191457
0.740612 -0.143170 0.754324 -0.190957
0.740604 -0.142784 0.754243 -0.190457
0.740596 -0.142398 0.754162 -0.189957
0.740589 -0.142012 0.754082 -0.189456
0.740581 -0.141626 0.754001 -0.188956
0.740573 -0.141240 0.753921 -0.188454
0.740565 -0.140854 0.753842 -0.187953
0.740558 -0.140468 0.753762 -0.187451
0.740550 -0.140081 0.753683 -0.186950
0.740543 -0.139695 0.753603 -0.186447
0.740535 -0.139308 0.753525 -0.185945
0.740528 -0.138921 0.753446 -0.185442
0.740520 -0.138535 0.753367 -0.184940
0.740513 -0.138148 0.753289 -0.184436
0.740506 -0.137761 0.753211 -0.183933
0.740498 -0.137373 0.753133 -0.183429
0.740491 -0.136986 0.753055 -0.182926
0.740484 -0.136599 0.752978 -0.182421
0.740477 -0.136211 0.752901 -0.181917
0.740470 -0.135824 0.752824 -0.181412
0.740463 -0.135436 0.752747 -0.180907
0.740456 -0.135048 0.752670 -0.180402
0.740449 -0.134660 0.752594 -0.179897
0.740442 -0.134272 0.752518 -0.179391
0.740435 -0.133884 0.752442 -0.178885
0.740428 -0.133496 0.752366 -0.178379
0.740421 -0.133108 0.752291 -0.177873
0.740415 -0.132719 0.752216 -0.177366
0.740408 -0.132331 0.752141 -0.176859
0.740401 -0.131942 0.752066 -0.176352
0.740395 -0.131553 0.751991 -0.175845
0.740388 -0.131165 0.751917 -0.175337
0.740382 -0.130776 0.751843 -0.174829
0.740375 -0.130387 0.751769 -0.174321
0.740369 -0.129997 0.751695 -0.173813
0.740362 -0.129608 0.751621 -0.173304
0.740356 -0.129219 0.751548 -0.172796
0.740350 -0.128829 0.751475 -0.172287
0.740343 -0.128440 0.751402 -0.171777
0.740337 -0.128050 0.751330 -0.171268
0.740331 -0.127661 0.751257 -0.170758
0.740325 -0.127271 0.751185 -0.170248
0.740319 -0.126881 0.751113 -0.169738
0.740313 -0.126491 0.751041 -0.169227
0.740307 -0.126101 0.750970 -0.168717
0.740301 -0.125711 0.750898 -0.168206
0.740295 -0.125320 0.750827 -0.167694
0.740289 -0.124930 0.750756 -0.167183
0.740283 -0.124539 0.750686 -0.166671
0.740277 -0.124149 0.750615 -0.166160
0.740272 -0.123758 0.750545 -0.165647
0.740266 -0.123367 0.750475 -0.165135
0.740260 -0.122977 0.750405 -0.164623
0.740255 -0.122586 0.750336 -0.164110
0.740249 -0.122194 0.750267 -0.163597
0.740243 -0.121803 0.750198 -0.163084
0.740238 -0.121412 0.750129 -0.162570
0.740232 -0.121021 0.750060 -0.162056
0.740227 -0.120629 0.749992 -0.161543
0.740222 -0.120238 0.749923 -0.161028
0.740216 -0.119846 0.749855 -0.160514
0.740211 -0.119454 0.749788 -0.159999
0.740206 -0.119063 0.749720 -0.159485
0.740200 -0.118671 0.749653 -0.158970
0.740195 -0.118279 0.749586 -0.158454
0.740190 -0.117887 0.749519 -0.157939
0.740185 -0.117495 0.749452 -0.157423
0.740180 -0.117102 0.749386 -0.156907
0.740175 -0.116710 0.749320 -0.156391
0.740170 -0.116317 0.749254 -0.155875
0.740165 -0.115925 0.749188 -0.155358
0.740160 -0.115532 0.749122 -0.154842
0.740155 -0.115140 0.749057 -0.154325
0.740150 -0.114747 0.748992 -0.153807
0.740145 -0.114354 0.748927 -0.153290
0.740141 -0.113961 0.748863 -0.152772
0.740136 -0.113568 0.748798 -0.152255
0.740131 -0.113175 0.748734 -0.151736
0.740126 -0.112782 0.748670 -0.151218
0.740122 -0.112388 0.748606 -0.150700
0.740117 -0.111995 0.748543 -0.150181
0.740113 -0.111601 0.748480 -0.149662
0.740108 -0.111208 0.748417 -0.149143
0.740104 -0.110814 0.748354 -0.148624
0.740099 -0.110420 0.748291 -0.148104
0.740095 -0.110027 0.748229 -0.147584
0.740091 -0.109633 0.748167 -0.147065
0.740086 -0.109239 0.748105 -0.146544
0.740082 -0.108845 0.748043 -0.146024
0.740078 -0.108450 0.747982 -0.145504
0.740073 -0.108056 0.747920 -0.144983
0.740069 -0.107662 0.747859 -0.144462
0.740065 -0.107267 0.747799 -0.143941
0.740061 -0.106873 0.747738 -0.143419
0.740057 -0.106478 0.747678 -0.142898
0.740053 -0.106084 0.747618 -0.142376
0.740049 -0.105689 0.747558 -0.141854
0.740045 -0.105294 0.747498 -0.141332
0.740041 -0.104899 0.747439 -0.140810
0.740037 -0.104504 0.747380 -0.140287
0.740033 -0.104109 0.747321 -0.139764
0.740030 -0.103714 0.747262 -0.139241
0.740026 -0.103319 0.747203 -0.138718
0.740022 -0.102923 0.747145 -0.138195
0.740018 -0.102528 0.747087 -0.137671
0.740015 -0.102132 0.747029 -0.137148
0.740011 -0.101737 0.746972 -0.136624
0.740007 -0.101341 0.746914 -0.136100
0.740004 -0.100946 0.746857 -0.135575
0.740000 -0.100550 0.746800 -0.135051
0.739997 -0.100154 0.746744 -0.134526
0.739993 -0.099758 0.746687 -0.134001
0.739990 -0.099362 0.746631 -0.133476
0.739987 -0.098966 0.746575 -0.132951
0.739983 -0.098570 0.746519 -0.132426
0.739980 -0.098173 0.746464 -0.131900
0.739977 -0.097777 0.746409 -0.131374
0.739973 -0.097381 0.746353 -0.130848
0.739970 -0.096984 0.746299 -0.130322
0.739967 -0.096588 0.746244 -0.129796
0.739964 -0.096191 0.746190 -0.129270
0.739961 -0.095794 0.746136 -0.128743
0.739958 -0.095398 0.746082 -0.128216
0.739954 -0.095001 0.746028 -0.127689
0.739951 -0.094604 0.745975 -0.127162
0.739948 -0.094207 0.745921 -0.126634
0.739946 -0.093810 0.745868 -0.126107
0.739943 -0.093413 0.745816 -0.125579
0.739940 -0.093016 0.745763 -0.125051
0.739937 -0.092618 0.745711 -0.124523
0.739934 -0.092221 0.745659 -0.123995
0.739931 -0.091824 0.745607 -0.123466
0.739929 -0.091426 0.745555 -0.122938
0.739926 -0.091028 0.745504 -0.122409
0.739923 -0.090631 0.745453 -0.121880
0.739920 -0.090233 0.745402 -0.121351
0.739918 -0.089835 0.745351 -0.120821
0.739915 -0.089438 0.745301 -0.120292
0.739913 -0.089040 0.745251 -0.119762
0.739910 -0.088642 0.745201 -0.119232
0.739908 -0.088244 0.745151 -0.118702
0.739905 -0.087846 0.745102 -0.118172
0.739903 -0.087447 0.745052 -0.117642
0.739900 -0.087049 0.745003 -0.117111
0.739898 -0.086651 0.744955 -0.116581
0.739896 -0.086252 0.744906 -0.116050
0.739893 -0.085854 0.744858 -0.115519
0.739891 -0.085456 0.744810 -0.114988
0.739889 -0.085057 0.744762 -0.114457
0.739887 -0.084658 0.744714 -0.113925
0.739884 -0.084260 0.744667 -0.113394
0.739882 -0.083861 0.744620 -0.112862
0.739880 -0.083462 0.744573 -0.112330
0.739878 -0.083063 0.744526 -0.111798
0.739876 -0.082664 0.744480 -0.111266
0.739874 -0.082265 0.744433 -0.110733
0.739872 -0.081866 0.744387 -0.110201
0.739870 -0.081467 0.744342 -0.109668
0.739868 -0.081068 0.744296 -0.109135
0.739866 -0.080668 0.744251 -0.108602
0.739864 -0.080269 0.744206 -0.108069
0.739862 -0.079870 0.744161 -0.107536
0.739861 -0.079470 0.744116 -0.107002
0.739859 -0.079071 0.744072 -0.106469
0.739857 -0.078671 0.744028 -0.105935
0.739855 -0.078271 0.743984 -0.105401
0.739854 -0.077872 0.743941 -0.104867
0.739852 -0.077472 0.743897 -0.104333
0.739850 -0.077072 0.743854 -0.103798
0.739849 -0.076672 0.743811 -0.103264
0.739847 -0.076272 0.743768 -0.102729
0.739846 -0.075872 0.743726 -0.102194
0.739844 -0.075472 0.743684 -0.101659
0.739843 -0.075072 0.743642 -0.101124
0.739841 -0.074672 0.743600 -0.100589
0.739840 -0.074272 0.743559 -0.100054
0.739838 -0.073872 0.743517 -0.099518
0.739837 -0.073471 0.743476 -0.098983
0.739836 -0.073071 0.743435 -0.098447
0.739834 -0.072670 0.743395 -0.097911
0.739833 -0.072270 0.743355 -0.097375
0.739832 -0.071869 0.743315 -0.096839
0.739831 -0.071469 0.743275 -0.096303
0.739830 -0.071068 0.743235 -0.095766
0.739828 -0.070667 0.743196 -0.095230
0.739827 -0.070267 0.743157 -0.094693
0.739826 -0.069866 0.743118 -0.094156
0.739825 -0.069465 0.743079 -0.093619
0.739824 -0.069064 0.743041 -0.093082
0.739823 -0.068663 0.743002 -0.092545
0.739822 -0.068262 0.742964 -0.092007
0.739821 -0.067861 0.742927 -0.091470
0.739820 -0.067460 0.742889 -0.090932
0.739819 -0.067058 0.742852 -0.090395
0.739818 -0.066657 0.742815 -0.089857
0.739817 -0.066256 0.742778 -0.089319
0.739817 -0.065855 0.742742 -0.088781
0.739816 -0.065453 0.742706 -0.088242
0.739815 -0.065052 0.742670 -0.087704
0.739814 -0.064650 0.742634 -0.087166
0.739814 -0.064249 0.742598 -0.086627
0.739813 -0.063847 0.742563 -0.086088
0.739812 -0.063445 0.742528 -0.085549
0.739812 -0.063044 0.742493 -0.085010
0.739811 -0.062642 0.742458 -0.084471
0.739810 -0.062240 0.742424 -0.083932
0.739810 -0.061838 0.742390 -0.083393
0.739809 -0.061436 0.742356 -0.082854
0.739809 -0.061035 0.742322 -0.082314
0.739808 -0.060633 0.742289 -0.081774
0.739808 -0.060231 0.742256 -0.081235
0.739808 -0.059828 0.742223 -0.080695
0.739807 -0.059426 0.742190 -0.080155
0.739807 -0.059024 0.742158 -0.079615
0.739806 -0.058622 0.742125 -0.079074
0.739806 -0.058220 0.742093 -0.078534
0.739806 -0.057818 0.742062 -0.077994
0.739806 -0.057415 0.742030 -0.077453
0.739805 -0.057013 0.741999 -0.076913
0.739805 -0.056610 0.741968 -0.076372
0.739805 -0.056208 0.741937 -0.075831
0.739805 -0.055805 0.741907 -0.075290
0.739805 -0.055403 0.741876 -0.074749
0.739805 -0.055000 0.741846 -0.074208
0.739805 -0.054598 0.741817 -0.073667
0.739805 -0.054195 0.741787 -0.073125
0.739805 -0.053792 0.741758 -0.072584
0.739805 -0.053390 0.741729 -0.072042
0.739805 -0.052987 0.741700 -0.071501
0.739805 -0.052584 0.741671 -0.070959
0.739805 -0.052181 0.741643 -0.070417
0.739805 -0.051778 0.741615 -0.069875
0.739805 -0.051375 0.741587 -0.069333
0.739805 -0.050972 0.741559 -0.068791
0.739805 -0.050569 0.741532 -0.068249
0.739806 -0.050166 0.741505 -0.067706
0.739806 -0.049763 0.741478 -0.067164
0.739806 -0.049360 0.741451 -0.066621
0.739806 -0.048957 0.741425 -0.066079
0.739807 -0.048554 0.741398 -0.065536
0.739807 -0.048150 0.741372 -0.064993
0.739807 -0.047747 0.741347 -0.064451
0.739808 -0.047344 0.741321 -0.063908
0.739808 -0.046941 0.741296 -0.063365
0.739809 -0.046537 0.741271 -0.062822
0.739809 -0.046134 0.741246 -0.062278
0.739810 -0.045730 0.741222 -0.061735
0.739810 -0.045327 0.741197 -0.061192
0.739811 -0.044923 0.741173 -0.060648
0.739811 -0.044520 0.741150 -0.060105
0.739812 -0.044116 0.741126 -0.059561
0.739813 -0.043713 0.741103 -0.059017
0.739813 -0.043309 0.741080 -0.058474
0.739814 -0.042905 0.741057 -0.057930
0.739815 -0.042502 0.741034 -0.057386
0.739815 -0.042098 0.741012 -0.056842
0.739816 -0.041694 0.740990 -0.056298
0.739817 -0.041290 0.740968 -0.055754
0.739818 -0.040886 0.740947 -0.055209
0.739818 -0.040483 0.740925 -0.054665
0.739819 -0.040079 0.740904 -0.054121
0.739820 -0.039675 0.740883 -0.053576
0.739821 -0.039271 0.740863 -0.053032
0.739822 -0.038867 0.740842 -0.052487
0.739823 -0.038463 0.740822 -0.051943
0.739824 -0.038059 0.740802 -0.051398
0.739825 -0.037655 0.740782 -0.050853
0.739826 -0.037251 0.740763 -0.050308
0.739827 -0.036847 0.740744 -0.049763
0.739828 -0.036443 0.740725 -0.049218
0.739829 -0.036038 0.740706 -0.048673
0.739830 -0.035634 0.740688 -0.048128
0.739831 -0.035230 0.740670 -0.047583
0.739832 -0.034826 0.740652 -0.047038
0.739834 -0.034422 0.740634 -0.046493
0.739835 -0.034017 0.740616 -0.045947
0.739836 -0.033613 0.740599 -0.045402
0.739837 -0.033209 0.740582 -0.044856
0.739839 -0.032804 0.740566 -0.044311
0.739840 -0.032400 0.740549 -0.043765
0.739841 -0.031996 0.740533 -0.043220
0.739843 -0.031591 0.740517 -0.042674
0.739844 -0.031187 0.740501 -0.042128
0.739845 -0.030782 0.740485 -0.041582
0.739847 -0.030378 0.740470 -0.041036
0.739848 -0.029973 0.740455 -0.040491
0.739850 -0.029569 0.740440 -0.039945
0.739851 -0.029164 0.740426 -0.039399
0.739853 -0.028760 0.740412 -0.038853
0.739854 -0.028355 0.740397 -0.038306
0.739856 -0.027950 0.740384 -0.037760
0.739857 -0.027546 0.740370 -0.037214
0.739859 -0.027141 0.740357 -0.036668
0.739861 -0.026737 0.740344 -0.036122
0.739862 -0.026332 0.740331 -0.035575
0.739864 -0.025927 0.740318 -0.035029
0.739866 -0.025522 0.740306 -0.034482
0.739867 -0.025118 0.740294 -0.033936
0.739869 -0.024713 0.740282 -0.033389
0.739871 -0.024308 0.740270 -0.032843
0.739873 -0.023903 0.740259 -0.032296
0.739875 -0.023499 0.740248 -0.031750
0.739876 -0.023094 0.740237 -0.031203
0.739878 -0.022689 0.740226 -0.030656
0.739880 -0.022284 0.740216 -0.030110
0.739882 -0.021879 0.740206 -0.029563
0.739884 -0.021475 0.740196 -0.029016
0.739886 -0.021070 0.740186 -0.028469
0.739888 -0.020665 0.740177 -0.027922
0.739890 -0.020260 0.740167 -0.027375
0.739892 -0.019855 0.740158 -0.026829
0.739894 -0.019450 0.740150 -0.026282
0.739896 -0.019045 0.740141 -0.025735
0.739898 -0.018640 0.740133 -0.025188
0.739900 -0.018235 0.740125 -0.024640
0.739903 -0.017830 0.740117 -0.024093
0.739905 -0.017425 0.740110 -0.023546
0.739907 -0.017020 0.740103 -0.022999
0.739909 -0.016615 0.740096 -0.022452
0.739911 -0.016210 0.740089 -0.021905
0.739914 -0.015805 0.740082 -0.021358
0.739916 -0.015400 0.740076 -0.020810
0.739918 -0.014995 0.740070 -0.020263
0.739921 -0.014590 0.740064 -0.019716
0.739923 -0.014185 0.740059 -0.019169
0.739925 -0.013780 0.740054 -0.018621
0.739928 -0.013375 0.740049 -0.018074
0.739930 -0.012970 0.740044 -0.017527
0.739933 -0.012565 0.740039 -0.016979
0.739935 -0.012160 0.740035 -0.016432
0.739938 -0.011755 0.740031 -0.015885
0.739940 -0.011350 0.740027 -0.015337
0.739943 -0.010944 0.740024 -0.014790
0.739945 -0.010539 0.740020 -0.014242
0.739948 -0.010134 0.740017 -0.013695
0.739950 -0.009729 0.740014 -0.013148
0.739953 -0.009324 0.740012 -0.012600
0.739956 -0.008919 0.740009 -0.012053
0.739958 -0.008514 0.740007 -0.011505
0.739961 -0.008109 0.740005 -0.010958
0.739964 -0.007704 0.740004 -0.010410
0.739966 -0.007298 0.740002 -0.009863
0.739969 -0.006893 0.740001 -0.009315
0.739972 -0.006488 0.740000 -0.008768
0.739975 -0.006083 0.740000 -0.008220
0.739978 -0.005678 0.739999 -0.007673
0.739981 -0.005273 0.739999 -0.007125
0.739983 -0.004868 0.739999 -0.006578
0.739986 -0.004463 0.740000 -0.006030
0.739989 -0.004057 0.740000 -0.005483
0.739992 -0.003652 0.740001 -0.004936
0.739995 -0.003247 0.740002 -0.004388
0.739998 -0.002842 0.740004 -0.003841
0.740001 -0.002437 0.740005 -0.003293
0.740004 -0.002032 0.740007 -0.002746
0.740007 -0.001627 0.740009 -0.002198
