# x [au] y [au] r [au] lon [rad]
0.760000 0.000000 0.760000 0.000000
0.760000 0.000371 0.760000 0.000488
0.760000 0.000742 0.760000 0.000976
0.760000 0.001113 0.760001 0.001464
0.760000 0.001484 0.760002 0.001953
0.760000 0.001855 0.760003 0.002441
0.760001 0.002226 0.760004 0.002929
0.760001 0.002597 0.760005 0.003417
0.760001 0.002968 0.760007 0.003905
0.760001 0.003339 0.760009 0.004393
0.760002 0.003710 0.760011 0.004881
0.760002 0.004081 0.760013 0.005369
0.760002 0.004452 0.760015 0.005858
0.760003 0.004823 0.760018 0.006346
0.760003 0.005194 0.760021 0.006834
0.760004 0.005565 0.760024 0.007322
0.760004 0.005936 0.760027 0.007810
0.760005 0.006307 0.760031 0.008298
0.760005 0.006678 0.760035 0.008786
0.760006 0.007049 0.760039 0.009274
0.760007 0.007419 0.760043 0.009762
0.760007 0.007790 0.760047 0.010250
0.760008 0.008161 0.760052 0.010738
0.760009 0.008532 0.760057 0.011226
0.760009 0.008903 0.760062 0.011714
0.760010 0.009274 0.760067 0.012202
0.760011 0.009645 0.760072 0.012690
0.760012 0.010016 0.760078 0.013178
0.760013 0.010387 0.760084 0.013666
0.760014 0.010758 0.760090 0.014154
0.760015 0.011128 0.760096 0.014641
0.760016 0.011499 0.760103 0.015129
0.760017 0.011870 0.760110 0.015617
0.760018 0.012241 0.760116 0.016105
0.760019 0.012612 0.760124 0.016593
0.760020 0.012983 0.760131 0.017080
0.760021 0.013353 0.760139 0.017568
0.760022 0.013724 0.760146 0.018056
0.760024 0.014095 0.760154 0.018543
0.760025 0.014466 0.760163 0.019031
0.760026 0.014837 0.760171 0.019519
0.760028 0.015207 0.760180 0.020006
0.760029 0.015578 0.760189 0.020494
0.760030 0.015949 0.760198 0.020981
0.760032 0.016320 0.760207 0.021469
0.760033 0.016690 0.760217 0.021956
0.760035 0.017061 0.760226 0.022444
0.760036 0.017432 0.760236 0.022931
0.760038 0.017802 0.760246 0.023419
0.760039 0.018173 0.760257 0.023906
0.760041 0.018544 0.760267 0.024393
0.760043 0.018914 0.760278 0.024881
0.760044 0.019285 0.760289 0.025368
0.760046 0.019655 0.760300 0.025855
0.760048 0.020026 0.760312 0.026342
0.760050 0.020397 0.760323 0.026829
0.760052 0.020767 0.760335 0.027316
0.760053 0.021138 0.760347 0.027804
0.760055 0.021508 0.760360 0.028291
0.760057 0.021879 0.760372 0.028778
0.760059 0.022249 0.760385 0.029264
0.760061 0.022620 0.760398 0.029751
0.760063 0.022990 0.760411 0.030238
0.760065 0.023360 0.760424 0.030725
0.760067 0.023731 0.760438 0.031212
0.760070 0.024101 0.760452 0.031699
0.760072 0.024472 0.760466 0.032185
0.760074 0.024842 0.760480 0.032672
0.760076 0.025212 0.760494 0.033159
0.760078 0.025583 0.760509 0.033645
0.760081 0.025953 0.760524 0.034132
0.760083 0.026323 0.760539 0.034618
0.760085 0.026693 0.760554 0.035104
0.760088 0.027064 0.760569 0.035591
0.760090 0.027434 0.760585 0.036077
0.760093 0.027804 0.760601 0.036563
0.760095 0.028174 0.760617 0.037050
0.760098 0.028544 0.760634 0.037536
0.760100 0.028914 0.760650 0.038022
0.760103 0.029285 0.760667 0.038508
0.760106 0.029655 0.760684 0.038994
0.760108 0.030025 0.760701 0.039480
0.760111 0.030395 0.760718 0.039966
0.760114 0.030765 0.760736 0.040452
0.760116 0.031135 0.760754 0.040938
0.760119 0.031505 0.760772 0.041423
0.760122 0.031875 0.760790 0.041909
0.760125 0.032244 0.760809 0.042395
0.760128 0.032614 0.760827 0.042880
0.760131 0.032984 0.760846 0.043366
0.760134 0.033354 0.760865 0.043851
0.760137 0.033724 0.760884 0.044336
0.760140 0.034094 0.760904 0.044822
0.760143 0.034463 0.760924 0.045307
0.760146 0.034833 0.760944 0.045792
0.760149 0.035203 0.760964 0.046277
0.760152 0.035572 0.760984 0.046762
0.760156 0.035942 0.761005 0.047247
0.760159 0.036312 0.761026 0.047732
0.760162 0.036681 0.761047 0.048217
0.760165 0.037051 0.761068 0.048702
0.760169 0.037420 0.761089 0.049187
0.760172 0.037790 0.761111 0.049671
0.760176 0.038159 0.761133 0.050156
0.760179 0.038529 0.761155 0.050641
0.760182 0.038898 0.761177 0.051125
0.760186 0.039268 0.761199 0.051609
0.760190 0.039637 0.761222 0.052094
0.760193 0.040006 0.761245 0.052578
0.760197 0.040376 0.761268 0.053062
0.760200 0.040745 0.761292 0.053546
0.760204 0.041114 0.761315 0.054030
0.760208 0.041483 0.761339 0.054514
0.760212 0.041852 0.761363 0.054998
0.760215 0.042221 0.761387 0.055482
0.760219 0.042591 0.761411 0.055966
0.760223 0.042960 0.761436 0.056449
0.760227 0.043329 0.761461 0.056933
0.760231 0.043698 0.761486 0.057416
0.760235 0.044067 0.761511 0.057900
0.760239 0.044436 0.761536 0.058383
0.760243 0.044804 0.761562 0.058866
0.760247 0.045173 0.761588 0.059349
0.760251 0.045542 0.761614 0.059833
0.760255 0.045911 0.761640 0.060316
0.760259 0.046280 0.761667 0.060798
0.760264 0.046648 0.761693 0.061281
0.760268 0.047017 0.761720 0.061764
0.760272 0.047386 0.761748 0.062247
0.760277 0.047754 0.761775 0.062729
0.760281 0.048123 0.761802 0.063212
0.760285 0.048491 0.761830 0.063694
0.760290 0.048860 0.761858 0.064177
0.760294 0.049228 0.761886 0.064659
0.760299 0.049597 0.761915 0.065141
0.760303 0.049965 0.761943 0.065623
0.760308 0.050333 0.761972 0.066105
0.760312 0.050702 0.762001 0.066587
0.760317 0.051070 0.762030 0.067069
0.760322 0.051438 0.762060 0.067550
0.760327 0.051806 0.762089 0.068032
0.760331 0.052174 0.762119 0.068513
0.760336 0.052543 0.762149 0.068995
0.760341 0.052911 0.762180 0.069476
0.760346 0.053279 0.762210 0.069957
0.760351 0.053647 0.762241 0.070438
0.760356 0.054015 0.762272 0.070919
0.760361 0.054382 0.762303 0.071400
0.760366 0.054750 0.762334 0.071881
0.760371 0.055118 0.762366 0.072362
0.760376 0.055486 0.762397 0.072843
0.760381 0.055854 0.762429 0.073323
0.760386 0.056221 0.762462 0.073803
0.760391 0.056589 0.762494 0.074284
0.760396 0.056956 0.762526 0.074764
0.760402 0.057324 0.762559 0.075244
0.760407 0.057692 0.762592 0.075724
0.760412 0.058059 0.762625 0.076204
0.760418 0.058426 0.762659 0.076684
0.760423 0.058794 0.762692 0.077164
0.760428 0.059161 0.762726 0.077643
0.760434 0.059528 0.762760 0.078123
0.760439 0.059896 0.762795 0.078602
0.760445 0.060263 0.762829 0.079081
0.760451 0.060630 0.762864 0.079561
0.760456 0.060997 0.762899 0.080040
0.760462 0.061364 0.762934 0.080519
0.760468 0.061731 0.762969 0.080997
0.760473 0.062098 0.763004 0.081476
0.760479 0.062465 0.763040 0.081955
0.760485 0.062832 0.763076 0.082433
0.760491 0.063198 0.763112 0.082912
0.760497 0.063565 0.763149 0.083390
0.760503 0.063932 0.763185 0.083868
0.760509 0.064299 0.763222 0.084346
0.760515 0.064665 0.763259 0.084824
0.760521 0.065032 0.763296 0.085302
0.760527 0.065398 0.763333 0.085780
0.760533 0.065765 0.763371 0.086257
0.760539 0.066131 0.763409 0.086735
0.760545 0.066497 0.763447 0.087212
0.760551 0.066864 0.763485 0.087689
0.760558 0.067230 0.763523 0.088166
0.760564 0.067596 0.763562 0.088643
0.760570 0.067962 0.763601 0.089120
0.760577 0.068328 0.763640 0.089597
0.760583 0.068694 0.763679 0.090074
0.760589 0.069060 0.763718 0.090550
0.760596 0.069426 0.763758 0.091027
0.760602 0.069792 0.763798 0.091503
0.760609 0.070158 0.763838 0.091979
0.760616 0.070524 0.763878 0.092455
0.760622 0.070889 0.763919 0.092931
0.760629 0.071255 0.763959 0.093407
0.760636 0.071621 0.764000 0.093882
0.760642 0.071986 0.764041 0.094358
0.760649 0.072352 0.764082 0.094833
0.760656 0.072717 0.764124 0.095308
0.760663 0.073083 0.764166 0.095783
0.760670 0.073448 0.764208 0.096258
0.760677 0.073813 0.764250 0.096733
0.760684 0.074178 0.764292 0.097208
0.760691 0.074543 0.764335 0.097683
0.760698 0.074909 0.764377 0.098157
0.760705 0.075274 0.764420 0.098631
0.760712 0.075639 0.764463 0.099105
0.760719 0.076003 0.764507 0.099580
0.760727 0.076368 0.764550 0.100053
0.760734 0.076733 0.764594 0.100527
0.760741 0.077098 0.764638 0.101001
0.760748 0.077463 0.764682 0.101474
0.760756 0.077827 0.764726 0.101948
0.760763 0.078192 0.764771 0.102421
0.760771 0.078556 0.764816 0.102894
0.760778 0.078921 0.764861 0.103367
0.760786 0.079285 0.764906 0.103840
0.760793 0.079649 0.764951 0.104312
0.760801 0.080014 0.764997 0.104785
0.760809 0.080378 0.765043 0.105257
0.760816 0.080742 0.765089 0.105730
0.760824 0.081106 0.765135 0.106202
0.760832 0.081470 0.765181 0.106674
0.760840 0.081834 0.765228 0.107145
0.760848 0.082198 0.765275 0.107617
0.760855 0.082562 0.765322 0.108089
0.760863 0.082925 0.765369 0.108560
0.760871 0.083289 0.765416 0.109031
0.760879 0.083653 0.765464 0.109502
0.760887 0.084016 0.765512 0.109973
0.760896 0.084380 0.765560 0.110444
0.760904 0.084743 0.765608 0.110915
0.760912 0.085107 0.765657 0.111385
0.760920 0.085470 0.765705 0.111856
0.760928 0.085833 0.765754 0.112326
0.760937 0.086196 0.765803 0.112796
0.760945 0.086559 0.765852 0.113266
0.760953 0.086922 0.765902 0.113735
0.760962 0.087285 0.765951 0.114205
0.760970 0.087648 0.766001 0.114674
0.760979 0.088011 0.766051 0.115144
0.760987 0.088374 0.766102 0.115613
0.760996 0.088737 0.766152 0.116082
0.761005 0.089099 0.766203 0.116550
0.761013 0.089462 0.766254 0.117019
0.761022 0.089824 0.766305 0.117488
0.761031 0.090187 0.766356 0.117956
0.761040 0.090549 0.766407 0.118424
0.761048 0.090911 0.766459 0.118892
0.761057 0.091274 0.766511 0.119360
0.761066 0.091636 0.766563 0.119828
0.761075 0.091998 0.766615 0.120295
0.761084 0.092360 0.766668 0.120762
0.761093 0.092722 0.766721 0.121230
0.761102 0.093084 0.766773 0.121697
0.761112 0.093445 0.766826 0.122164
0.761121 0.093807 0.766880 0.122630
0.761130 0.094169 0.766933 0.123097
0.761139 0.094530 0.766987 0.123563
0.761149 0.094892 0.767041 0.124029
0.761158 0.095253 0.767095 0.124495
0.761167 0.095615 0.767149 0.124961
0.761177 0.095976 0.767204 0.125427
0.761186 0.096337 0.767258 0.125893
0.761196 0.096698 0.767313 0.126358
0.761205 0.097059 0.767368 0.126823
0.761215 0.097420 0.767424 0.127288
0.761225 0.097781 0.767479 0.127753
0.761234 0.098142 0.767535 0.128218
0.761244 0.098503 0.767591 0.128682
0.761254 0.098864 0.767647 0.129147
0.761264 0.099224 0.767703 0.129611
0.761274 0.099585 0.767759 0.130075
0.761283 0.099945 0.767816 0.130539
0.761293 0.100306 0.767873 0.131002
0.761303 0.100666 0.767930 0.131466
0.761313 0.101026 0.767987 0.131929
0.761324 0.101386 0.768045 0.132392
0.761334 0.101746 0.768102 0.132855
0.761344 0.102106 0.768160 0.133318
0.761354 0.102466 0.768218 0.133780
0.761364 0.102826 0.768277 0.134243
0.761375 0.103186 0.768335 0.134705
0.761385 0.103546 0.768394 0.135167
0.761395 0.103905 0.768453 0.135629
0.761406 0.104265 0.768512 0.136091
0.761416 0.104624 0.768571 0.136552
0.761427 0.104984 0.768630 0.137013
0.761437 0.105343 0.768690 0.137475
0.761448 0.105702 0.768750 0.137936
0.761459 0.106061 0.768810 0.138396
0.761470 0.106420 0.768870 0.138857
0.761480 0.106779 0.768930 0.139317
0.761491 0.107138 0.768991 0.139778
0.761502 0.107497 0.769052 0.140238
0.761513 0.107856 0.769113 0.140697
0.761524 0.108214 0.769174 0.141157
0.761535 0.108573 0.769235 0.141617
0.761546 0.108931 0.769297 0.142076
0.761557 0.109290 0.769359 0.142535
0.761568 0.109648 0.769421 0.142994
0.761579 0.110006 0.769483 0.143453
0.761590 0.110364 0.769545 0.143911
0.761602 0.110722 0.769608 0.144370
0.761613 0.111080 0.769671 0.144828
0.761624 0.111438 0.769734 0.145286
0.761636 0.111796 0.769797 0.145743
0.761647 0.112154 0.769860 0.146201
0.761659 0.112511 0.769924 0.146658
0.761670 0.112869 0.769988 0.147116
0.761682 0.113226 0.770052 0.147573
0.761693 0.113584 0.770116 0.148029
0.761705 0.113941 0.770180 0.148486
0.761717 0.114298 0.770245 0.148942
0.761729 0.114655 0.770309 0.149399
0.761740 0.115012 0.770374 0.149855
0.761752 0.115369 0.770439 0.150310
0.761764 0.115726 0.770505 0.150766
0.761776 0.116083 0.770570 0.151221
0.761788 0.116440 0.770636 0.151677
0.761800 0.116796 0.770702 0.152132
0.761812 0.117153 0.770768 0.152586
0.761825 0.117509 0.770834 0.153041
0.761837 0.117866 0.770900 0.153495
0.761849 0.118222 0.770967 0.153950
0.761861 0.118578 0.771034 0.154404
0.761874 0.118934 0.771101 0.154857
0.761886 0.119290 0.771168 0.155311
0.761898 0.119646 0.771236 0.155764
0.761911 0.120002 0.771303 0.156218
0.761923 0.120357 0.771371 0.156671
0.761936 0.120713 0.771439 0.157123
0.761949 0.121069 0.771507 0.157576
0.761961 0.121424 0.771576 0.158028
0.761974 0.121779 0.771644 0.158481
0.761987 0.122135 0.771713 0.158932
0.762000 0.122490 0.771782 0.159384
0.762013 0.122845 0.771851 0.159836
0.762026 0.123200 0.771920 0.160287
0.762038 0.123555 0.771990 0.160738
0.762052 0.123909 0.772060 0.161189
0.762065 0.124264 0.772130 0.161640
0.762078 0.124619 0.772200 0.162090
0.762091 0.124973 0.772270 0.162540
0.762104 0.125328 0.772340 0.162991
0.762117 0.125682 0.772411 0.163440
0.762131 0.126036 0.772482 0.163890
0.762144 0.126390 0.772553 0.164339
0.762158 0.126744 0.772624 0.164789
0.762171 0.127098 0.772696 0.165238
0.762185 0.127452 0.772767 0.165686
0.762198 0.127806 0.772839 0.166135
0.762212 0.128159 0.772911 0.166583
0.762225 0.128513 0.772983 0.167031
0.762239 0.128866 0.773056 0.167479
0.762253 0.129220 0.773128 0.167927
0.762267 0.129573 0.773201 0.168374
0.762281 0.129926 0.773274 0.168822
0.762295 0.130279 0.773347 0.169269
0.762308 0.130632 0.773420 0.169715
0.762323 0.130985 0.773494 0.170162
0.762337 0.131338 0.773568 0.170608
0.762351 0.131690 0.773641 0.171055
0.762365 0.132043 0.773715 0.171500
0.762379 0.132396 0.773790 0.171946
0.762393 0.132748 0.773864 0.172392
0.762408 0.133100 0.773939 0.172837
0.762422 0.133452 0.774014 0.173282
0.762437 0.133804 0.774089 0.173727
0.762451 0.134156 0.774164 0.174171
0.762466 0.134508 0.774239 0.174616
0.762480 0.134860 0.774315 0.175060
0.762495 0.135212 0.774390 0.175504
0.762510 0.135563 0.774466 0.175947
0.762524 0.135915 0.774543 0.176391
0.762539 0.136266 0.774619 0.176834
0.762554 0.136617 0.774695 0.177277
0.762569 0.136969 0.774772 0.177720
0.762584 0.137320 0.774849 0.178162
0.762599 0.137671 0.774926 0.178604
0.762614 0.138021 0.775003 0.179046
0.762629 0.138372 0.775081 0.179488
0.762644 0.138723 0.775158 0.179930
0.762659 0.139073 0.775236 0.180371
0.762675 0.139424 0.775314 0.180812
0.762690 0.139774 0.775392 0.181253
0.762705 0.140124 0.775470 0.181694
0.762721 0.140474 0.775549 0.182134
0.762736 0.140824 0.775628 0.182575
0.762752 0.141174 0.775707 0.183015
0.762768 0.141524 0.775786 0.183454
0.762783 0.141874 0.775865 0.183894
0.762799 0.142224 0.775944 0.184333
0.762815 0.142573 0.776024 0.184772
0.762831 0.142922 0.776104 0.185211
0.762846 0.143272 0.776184 0.185649
0.762862 0.143621 0.776264 0.186088
0.762878 0.143970 0.776344 0.186526
0.762894 0.144319 0.776425 0.186963
0.762910 0.144668 0.776506 0.187401
0.762927 0.145016 0.776587 0.187838
0.762943 0.145365 0.776668 0.188275
0.762959 0.145714 0.776749 0.188712
0.762975 0.146062 0.776830 0.189149
0.762992 0.146410 0.776912 0.189585
0.763008 0.146759 0.776994 0.190021
0.763025 0.147107 0.777076 0.190457
0.763041 0.147455 0.777158 0.190893
0.763058 0.147803 0.777240 0.191328
0.763074 0.148150 0.777323 0.191764
0.763091 0.148498 0.777406 0.192198
0.763108 0.148846 0.777489 0.192633
0.763125 0.149193 0.777572 0.193068
0.763142 0.149540 0.777655 0.193502
0.763158 0.149888 0.777738 0.193936
0.763175 0.150235 0.777822 0.194369
0.763192 0.150582 0.777906 0.194803
0.763210 0.150929 0.777990 0.195236
0.763227 0.151275 0.778074 0.195669
0.763244 0.151622 0.778158 0.196102
0.763261 0.151968 0.778243 0.196534
0.763279 0.152315 0.778328 0.196966
0.763296 0.152661 0.778413 0.197398
0.763313 0.153007 0.778498 0.197830
0.763331 0.153354 0.778583 0.198261
0.763348 0.153700 0.778668 0.198692
0.763366 0.154045 0.778754 0.199123
0.763384 0.154391 0.778840 0.199554
0.763401 0.154737 0.778926 0.199985
0.763419 0.155082 0.779012 0.200415
0.763437 0.155428 0.779098 0.200845
0.763455 0.155773 0.779185 0.201274
0.763473 0.156118 0.779271 0.201704
0.763491 0.156463 0.779358 0.202133
0.763509 0.156808 0.779445 0.202562
0.763527 0.157153 0.779532 0.202990
0.763545 0.157498 0.779620 0.203419
0.763563 0.157842 0.779707 0.203847
0.763582 0.158187 0.779795 0.204275
0.763600 0.158531 0.779883 0.204702
0.763619 0.158876 0.779971 0.205130
0.763637 0.159220 0.780059 0.205557
0.763656 0.159564 0.780148 0.205984
0.763674 0.159908 0.780236 0.206410
0.763693 0.160251 0.780325 0.206837
0.763712 0.160595 0.780414 0.207263
0.763730 0.160939 0.780503 0.207688
0.763749 0.161282 0.780593 0.208114
0.763768 0.161625 0.780682 0.208539
0.763787 0.161969 0.780772 0.208964
0.763806 0.162312 0.780862 0.209389
0.763825 0.162655 0.780952 0.209813
0.763844 0.162997 0.781042 0.210238
0.763863 0.163340 0.781132 0.210662
0.763883 0.163683 0.781223 0.211085
0.763902 0.164025 0.781313 0.211509
0.763921 0.164368 0.781404 0.211932
0.763941 0.164710 0.781495 0.212355
0.763960 0.165052 0.781587 0.212777
0.763980 0.165394 0.781678 0.213200
0.764000 0.165736 0.781770 0.213622
0.764019 0.166078 0.781861 0.214044
0.764039 0.166419 0.781953 0.214465
0.764059 0.166761 0.782045 0.214887
0.764079 0.167102 0.782138 0.215308
0.764099 0.167443 0.782230 0.215728
0.764119 0.167785 0.782323 0.216149
0.764139 0.168126 0.782415 0.216569
0.764159 0.168466 0.782508 0.216989
0.764179 0.168807 0.782602 0.217409
0.764199 0.169148 0.782695 0.217828
0.764219 0.169488 0.782788 0.218247
0.764240 0.169829 0.782882 0.218666
0.764260 0.170169 0.782976 0.219085
0.764281 0.170509 0.783070 0.219503
0.764301 0.170849 0.783164 0.219921
0.764322 0.171189 0.783258 0.220339
0.764342 0.171529 0.783353 0.220756
0.764363 0.171869 0.783447 0.221174
0.764384 0.172208 0.783542 0.221591
0.764405 0.172548 0.783637 0.222007
0.764426 0.172887 0.783733 0.222424
0.764447 0.173226 0.783828 0.222840
0.764468 0.173565 0.783923 0.223256
0.764489 0.173904 0.784019 0.223671
0.764510 0.174243 0.784115 0.224087
0.764531 0.174581 0.784211 0.224502
0.764553 0.174920 0.784307 0.224916
0.764574 0.175258 0.784404 0.225331
0.764595 0.175597 0.784500 0.225745
0.764617 0.175935 0.784597 0.226159
0.764638 0.176273 0.784694 0.226573
0.764660 0.176611 0.784791 0.226986
0.764682 0.176948 0.784888 0.227399
0.764704 0.177286 0.784985 0.227812
0.764725 0.177624 0.785083 0.228224
0.764747 0.177961 0.785181 0.228637
0.764769 0.178298 0.785278 0.229049
0.764791 0.178635 0.785376 0.229460
0.764813 0.178972 0.785475 0.229872
0.764835 0.179309 0.785573 0.230283
0.764858 0.179646 0.785672 0.230694
0.764880 0.179983 0.785770 0.231104
0.764902 0.180319 0.785869 0.231514
0.764925 0.180655 0.785968 0.231924
0.764947 0.180992 0.786067 0.232334
0.764970 0.181328 0.786167 0.232743
0.764992 0.181664 0.786266 0.233153
0.765015 0.181999 0.786366 0.233561
0.765038 0.182335 0.786466 0.233970
0.765060 0.182671 0.786566 0.234378
0.765083 0.183006 0.786666 0.234786
0.765106 0.183341 0.786767 0.235194
0.765129 0.183677 0.786867 0.235601
0.765152 0.184012 0.786968 0.236008
0.765175 0.184346 0.787069 0.236415
0.765199 0.184681 0.787170 0.236822
0.765222 0.185016 0.787271 0.237228
0.765245 0.185350 0.787372 0.237634
0.765269 0.185685 0.787474 0.238040
0.765292 0.186019 0.787575 0.238445
0.765316 0.186353 0.787677 0.238850
0.765339 0.186687 0.787779 0.239255
0.765363 0.187021 0.787881 0.239659
0.765387 0.187355 0.787984 0.240064
0.765410 0.187688 0.788086 0.240468
0.765434 0.188021 0.788189 0.240871
0.765458 0.188355 0.788292 0.241275
0.765482 0.188688 0.788395 0.241678
0.765506 0.189021 0.788498 0.242080
0.765530 0.189354 0.788601 0.242483
0.765555 0.189687 0.788705 0.242885
0.765579 0.190019 0.788808 0.243287
0.765603 0.190352 0.788912 0.243688
0.765628 0.190684 0.789016 0.244090
0.765652 0.191016 0.789120 0.244491
0.765677 0.191348 0.789224 0.244891
0.765701 0.191680 0.789329 0.245292
0.765726 0.192012 0.789433 0.245692
0.765751 0.192344 0.789538 0.246092
0.765776 0.192675 0.789643 0.246491
0.765801 0.193007 0.789748 0.246891
0.765826 0.193338 0.789853 0.247289
0.765851 0.193669 0.789959 0.247688
0.765876 0.194000 0.790064 0.248086
0.765901 0.194331 0.790170 0.248484
0.765926 0.194661 0.790276 0.248882
0.765951 0.194992 0.790382 0.249280
0.765977 0.195322 0.790488 0.249677
0.766002 0.195653 0.790594 0.250074
0.766028 0.195983 0.790701 0.250470
0.766053 0.196313 0.790808 0.250866
0.766079 0.196643 0.790914 0.251262
0.766105 0.196972 0.791021 0.251658
0.766131 0.197302 0.791128 0.252053
0.766157 0.197631 0.791236 0.252448
0.766183 0.197961 0.791343 0.252843
0.766209 0.198290 0.791451 0.253237
0.766235 0.198619 0.791559 0.253632
0.766261 0.198948 0.791666 0.254025
0.766287 0.199276 0.791775 0.254419
0.766313 0.199605 0.791883 0.254812
0.766340 0.199933 0.791991 0.255205
0.766366 0.200262 0.792100 0.255598
0.766393 0.200590 0.792208 0.255990
0.766419 0.200918 0.792317 0.256382
0.766446 0.201246 0.792426 0.256774
0.766473 0.201573 0.792535 0.257165
0.766500 0.201901 0.792645 0.257556
0.766527 0.202228 0.792754 0.257947
0.766553 0.202556 0.792864 0.258337
0.766581 0.202883 0.792974 0.258728
0.766608 0.203210 0.793084 0.259117
0.766635 0.203537 0.793194 0.259507
0.766662 0.203863 0.793304 0.259896
0.766689 0.204190 0.793414 0.260285
0.766717 0.204516 0.793525 0.260674
0.766744 0.204843 0.793636 0.261062
0.766772 0.205169 0.793746 0.261450
0.766799 0.205495 0.793857 0.261838
0.766827 0.205821 0.793969 0.262225
0.766855 0.206146 0.794080 0.262612
0.766883 0.206472 0.794191 0.262999
0.766911 0.206797 0.794303 0.263386
0.766939 0.207123 0.794415 0.263772
0.766967 0.207448 0.794527 0.264158
0.766995 0.207773 0.794639 0.264543
0.767023 0.208098 0.794751 0.264928
0.767051 0.208422 0.794863 0.265313
0.767080 0.208747 0.794976 0.265698
0.767108 0.209071 0.795089 0.266082
0.767137 0.209396 0.795201 0.266466
0.767165 0.209720 0.795314 0.266850
0.767194 0.210044 0.795428 0.267233
0.767223 0.210367 0.795541 0.267616
0.767252 0.210691 0.795654 0.267999
0.767280 0.211015 0.795768 0.268381
0.767309 0.211338 0.795882 0.268763
0.767338 0.211661 0.795995 0.269145
0.767368 0.211984 0.796109 0.269527
0.767397 0.212307 0.796224 0.269908
0.767426 0.212630 0.796338 0.270289
0.767455 0.212952 0.796452 0.270669
0.767485 0.213275 0.796567 0.271049
0.767514 0.213597 0.796682 0.271429
0.767544 0.213919 0.796797 0.271809
0.767574 0.214241 0.796912 0.272188
0.767603 0.214563 0.797027 0.272567
0.767633 0.214885 0.797142 0.272946
0.767663 0.215207 0.797258 0.273324
0.767693 0.215528 0.797374 0.273702
0.767723 0.215849 0.797489 0.274080
0.767753 0.216170 0.797605 0.274457
0.767783 0.216491 0.797722 0.274834
0.767814 0.216812 0.797838 0.275211
0.767844 0.217133 0.797954 0.275587
0.767874 0.217453 0.798071 0.275963
0.767905 0.217774 0.798187 0.276339
0.767935 0.218094 0.798304 0.276714
0.767966 0.218414 0.798421 0.277089
0.767997 0.218734 0.798538 0.277464
0.768028 0.219054 0.798656 0.277839
0.768059 0.219373 0.798773 0.278213
0.768089 0.219693 0.798891 0.278587
0.768121 0.220012 0.799008 0.278960
0.768152 0.220331 0.799126 0.279333
0.768183 0.220650 0.799244 0.279706
0.768214 0.220969 0.799362 0.280079
0.768246 0.221288 0.799481 0.280451
0.768277 0.221606 0.799599 0.280823
0.768308 0.221924 0.799718 0.281195
0.768340 0.222243 0.799836 0.281566
0.768372 0.222561 0.799955 0.281937
0.768404 0.222879 0.800074 0.282307
0.768435 0.223196 0.800193 0.282678
0.768467 0.223514 0.800313 0.283048
0.768499 0.223831 0.800432 0.283417
0.768531 0.224149 0.800552 0.283787
0.768564 0.224466 0.800671 0.284156
0.768596 0.224783 0.800791 0.284524
0.768628 0.225100 0.800911 0.284893
0.768661 0.225416 0.801032 0.285261
0.768693 0.225733 0.801152 0.285628
0.768726 0.226049 0.801272 0.285996
0.768758 0.226365 0.801393 0.286363
0.768791 0.226681 0.801514 0.286729
0.768824 0.226997 0.801634 0.287096
0.768857 0.227313 0.801755 0.287462
0.768890 0.227629 0.801877 0.287828
0.768923 0.227944 0.801998 0.288193
0.768956 0.228259 0.802119 0.288558
0.768989 0.228574 0.802241 0.288923
0.769022 0.228889 0.802362 0.289287
0.769056 0.229204 0.802484 0.289651
0.769089 0.229519 0.802606 0.290015
0.769123 0.229833 0.802728 0.290379
0.769156 0.230147 0.802851 0.290742
0.769190 0.230462 0.802973 0.291104
0.769224 0.230776 0.803096 0.291467
0.769258 0.231089 0.803218 0.291829
0.769292 0.231403 0.803341 0.292191
0.769326 0.231717 0.803464 0.292552
0.769360 0.232030 0.803587 0.292913
0.769394 0.232343 0.803710 0.293274
0.769428 0.232656 0.803834 0.293635
0.769462 0.232969 0.803957 0.293995
0.769497 0.233282 0.804081 0.294355
0.769531 0.233594 0.804205 0.294714
0.769566 0.233907 0.804328 0.295073
0.769601 0.234219 0.804453 0.295432
0.769636 0.234531 0.804577 0.295791
0.769670 0.234843 0.804701 0.296149
0.769705 0.235155 0.804825 0.296507
0.769740 0.235466 0.804950 0.296864
0.769775 0.235778 0.805075 0.297221
0.769811 0.236089 0.805200 0.297578
0.769846 0.236400 0.805325 0.297935
0.769881 0.236711 0.805450 0.298291
0.769917 0.237022 0.805575 0.298646
0.769952 0.237332 0.805700 0.299002
0.769988 0.237643 0.805826 0.299357
0.770024 0.237953 0.805952 0.299712
0.770059 0.238263 0.806077 0.300066
0.770095 0.238573 0.806203 0.300421
0.770131 0.238883 0.806329 0.300774
0.770167 0.239193 0.806456 0.301128
0.770203 0.239502 0.806582 0.301481
0.770240 0.239812 0.806708 0.301834
0.770276 0.240121 0.806835 0.302186
0.770312 0.240430 0.806962 0.302538
0.770349 0.240739 0.807089 0.302890
0.770385 0.241047 0.807216 0.303242
0.770422 0.241356 0.807343 0.303593
0.770459 0.241664 0.807470 0.303944
0.770495 0.241972 0.807598 0.304294
0.770532 0.242280 0.807725 0.304644
0.770569 0.242588 0.807853 0.304994
0.770606 0.242896 0.807980 0.305343
0.770644 0.243203 0.808108 0.305693
0.770681 0.243511 0.808236 0.306041
0.770718 0.243818 0.808365 0.306390
0.770755 0.244125 0.808493 0.306738
0.770793 0.244432 0.808621 0.307086
0.770831 0.244738 0.808750 0.307433
0.770868 0.245045 0.808879 0.307780
0.770906 0.245351 0.809008 0.308127
0.770944 0.245657 0.809137 0.308473
0.770982 0.245963 0.809266 0.308819
0.771020 0.246269 0.809395 0.309165
0.771058 0.246575 0.809524 0.309510
0.771096 0.246880 0.809654 0.309855
0.771134 0.247186 0.809783 0.310200
0.771173 0.247491 0.809913 0.310545
0.771211 0.247796 0.810043 0.310889
0.771250 0.248101 0.810173 0.311232
0.771288 0.248405 0.810303 0.311576
0.771327 0.248710 0.810433 0.311919
0.771366 0.249014 0.810564 0.312261
0.771405 0.249319 0.810694 0.312604
0.771444 0.249623 0.810825 0.312946
0.771483 0.249926 0.810956 0.313287
0.771522 0.250230 0.811087 0.313628
0.771561 0.250534 0.811218 0.313969
0.771601 0.250837 0.811349 0.314310
0.771640 0.251140 0.811480 0.314650
0.771680 0.251443 0.811611 0.314990
0.771719 0.251746 0.811743 0.315330
0.771759 0.252049 0.811875 0.315669
0.771799 0.252351 0.812006 0.316008
0.771839 0.252653 0.812138 0.316347
0.771879 0.252956 0.812270 0.316685
0.771919 0.253257 0.812402 0.317023
0.771959 0.253559 0.812535 0.317360
0.771999 0.253861 0.812667 0.317697
0.772039 0.254162 0.812800 0.318034
0.772080 0.254464 0.812932 0.318371
0.772120 0.254765 0.813065 0.318707
0.772161 0.255066 0.813198 0.319043
0.772202 0.255367 0.813331 0.319378
0.772242 0.255667 0.813464 0.319713
0.772283 0.255968 0.813597 0.320048
0.772324 0.256268 0.813731 0.320382
0.772365 0.256568 0.813864 0.320717
0.772406 0.256868 0.813998 0.321050
0.772448 0.257168 0.814132 0.321384
0.772489 0.257467 0.814266 0.321717
0.772530 0.257767 0.814400 0.322049
0.772572 0.258066 0.814534 0.322382
0.772613 0.258365 0.814668 0.322714
0.772655 0.258664 0.814802 0.323046
0.772697 0.258963 0.814937 0.323377
0.772739 0.259261 0.815071 0.323708
0.772781 0.259560 0.815206 0.324038
0.772823 0.259858 0.815341 0.324369
0.772865 0.260156 0.815476 0.324699
0.772907 0.260454 0.815611 0.325028
0.772949 0.260751 0.815746 0.325358
0.772992 0.261049 0.815882 0.325686
0.773034 0.261346 0.816017 0.326015
0.773077 0.261643 0.816153 0.326343
0.773120 0.261940 0.816288 0.326671
0.773162 0.262237 0.816424 0.326999
0.773205 0.262534 0.816560 0.327326
0.773248 0.262830 0.816696 0.327653
0.773291 0.263127 0.816832 0.327979
0.773335 0.263423 0.816969 0.328305
0.773378 0.263719 0.817105 0.328631
0.773421 0.264014 0.817242 0.328956
0.773465 0.264310 0.817378 0.329281
0.773508 0.264605 0.817515 0.329606
0.773552 0.264901 0.817652 0.329931
0.773595 0.265196 0.817789 0.330255
0.773639 0.265491 0.817926 0.330578
0.773683 0.265785 0.818063 0.330902
0.773727 0.266080 0.818201 0.331225
0.773771 0.266374 0.818338 0.331547
0.773815 0.266668 0.818476 0.331869
0.773860 0.266962 0.818613 0.332191
0.773904 0.267256 0.818751 0.332513
0.773949 0.267550 0.818889 0.332834
0.773993 0.267843 0.819027 0.333155
0.774038 0.268137 0.819165 0.333476
0.774083 0.268430 0.819304 0.333796
0.774127 0.268723 0.819442 0.334116
0.774172 0.269016 0.819581 0.334435
0.774217 0.269308 0.819719 0.334754
0.774263 0.269601 0.819858 0.335073
0.774308 0.269893 0.819997 0.335392
0.774353 0.270185 0.820136 0.335710
0.774399 0.270477 0.820275 0.336027
0.774444 0.270768 0.820414 0.336345
0.774490 0.271060 0.820553 0.336662
0.774535 0.271351 0.820693 0.336978
0.774581 0.271643 0.820832 0.337295
0.774627 0.271934 0.820972 0.337611
0.774673 0.272224 0.821112 0.337926
0.774719 0.272515 0.821252 0.338242
0.774765 0.272805 0.821392 0.338557
0.774812 0.273096 0.821532 0.338871
0.774858 0.273386 0.821672 0.339185
0.774904 0.273676 0.821812 0.339499
0.774951 0.273965 0.821953 0.339813
0.774998 0.274255 0.822093 0.340126
0.775044 0.274544 0.822234 0.340439
0.775091 0.274834 0.822375 0.340751
0.775138 0.275123 0.822516 0.341063
0.775185 0.275411 0.822657 0.341375
0.775233 0.275700 0.822798 0.341686
0.775280 0.275989 0.822939 0.341997
0.775327 0.276277 0.823080 0.342308
0.775375 0.276565 0.823222 0.342618
0.775422 0.276853 0.823363 0.342928
0.775470 0.277141 0.823505 0.343238
0.775517 0.277428 0.823647 0.343547
0.775565 0.277716 0.823789 0.343856
0.775613 0.278003 0.823931 0.344165
0.775661 0.278290 0.824073 0.344473
0.775709 0.278577 0.824215 0.344781
0.775758 0.278863 0.824357 0.345088
0.775806 0.279150 0.824500 0.345396
0.775854 0.279436 0.824642 0.345702
0.775903 0.279722 0.824785 0.346009
0.775951 0.280008 0.824927 0.346315
0.776000 0.280294 0.825070 0.346621
0.776049 0.280580 0.825213 0.346926
0.776098 0.280865 0.825356 0.347231
0.776147 0.281150 0.825500 0.347536
0.776196 0.281435 0.825643 0.347840
0.776245 0.281720 0.825786 0.348144
0.776295 0.282005 0.825930 0.348448
0.776344 0.282289 0.826073 0.348751
0.776393 0.282574 0.826217 0.349054
0.776443 0.282858 0.826361 0.349357
0.776493 0.283142 0.826505 0.349659
0.776543 0.283425 0.826649 0.349961
0.776592 0.283709 0.826793 0.350262
0.776642 0.283992 0.826937 0.350563
0.776693 0.284276 0.827082 0.350864
0.776743 0.284559 0.827226 0.351164
0.776793 0.284841 0.827371 0.351464
0.776843 0.285124 0.827515 0.351764
0.776894 0.285407 0.827660 0.352064
0.776944 0.285689 0.827805 0.352363
0.776995 0.285971 0.827950 0.352661
0.777046 0.286253 0.828095 0.352959
0.777097 0.286535 0.828240 0.353257
0.777148 0.286816 0.828385 0.353555
0.777199 0.287097 0.828531 0.353852
0.777250 0.287379 0.828676 0.354149
0.777301 0.287660 0.828822 0.354446
0.777353 0.287940 0.828968 0.354742
0.777404 0.288221 0.829113 0.355038
0.777456 0.288501 0.829259 0.355333
0.777508 0.288782 0.829405 0.355628
0.777559 0.289062 0.829551 0.355923
0.777611 0.289342 0.829698 0.356217
0.777663 0.289621 0.829844 0.356511
0.777715 0.289901 0.829990 0.356805
0.777768 0.290180 0.830137 0.357098
0.777820 0.290459 0.830283 0.357391
0.777872 0.290738 0.830430 0.357684
0.777925 0.291017 0.830577 0.357976
0.777978 0.291295 0.830724 0.358268
0.778030 0.291574 0.830871 0.358559
0.778083 0.291852 0.831018 0.358850
0.778136 0.292130 0.831165 0.359141
0.778189 0.292408 0.831312 0.359432
0.778242 0.292685 0.831460 0.359722
0.778295 0.292963 0.831607 0.360012
0.778349 0.293240 0.831755 0.360301
0.778402 0.293517 0.831903 0.360590
0.778456 0.293794 0.832051 0.360879
0.778509 0.294071 0.832198 0.361167
0.778563 0.294347 0.832346 0.361455
0.778617 0.294624 0.832495 0.361742
0.778671 0.294900 0.832643 0.362030
0.778725 0.295176 0.832791 0.362317
0.778779 0.295451 0.832939 0.362603
0.778833 0.295727 0.833088 0.362889
0.778888 0.296002 0.833237 0.363175
0.778942 0.296277 0.833385 0.363460
0.778997 0.296552 0.833534 0.363746
0.779051 0.296827 0.833683 0.364030
0.779106 0.297102 0.833832 0.364315
0.779161 0.297376 0.833981 0.364599
0.779216 0.297651 0.834130 0.364882
0.779271 0.297925 0.834279 0.365166
0.779326 0.298198 0.834429 0.365449
0.779381 0.298472 0.834578 0.365731
0.779437 0.298746 0.834728 0.366013
0.779492 0.299019 0.834878 0.366295
0.779548 0.299292 0.835027 0.366577
0.779604 0.299565 0.835177 0.366858
0.779659 0.299838 0.835327 0.367139
0.779715 0.300110 0.835477 0.367419
0.779771 0.300382 0.835627 0.367699
0.779827 0.300655 0.835777 0.367979
0.779884 0.300927 0.835928 0.368258
0.779940 0.301198 0.836078 0.368537
0.779996 0.301470 0.836229 0.368816
0.780053 0.301741 0.836379 0.369094
0.780110 0.302012 0.836530 0.369372
0.780166 0.302283 0.836681 0.369650
0.780223 0.302554 0.836832 0.369927
0.780280 0.302825 0.836983 0.370204
0.780337 0.303095 0.837134 0.370480
0.780394 0.303365 0.837285 0.370756
0.780452 0.303636 0.837436 0.371032
0.780509 0.303905 0.837587 0.371308
0.780566 0.304175 0.837739 0.371583
0.780624 0.304445 0.837890 0.371857
0.780682 0.304714 0.838042 0.372132
0.780739 0.304983 0.838194 0.372406
0.780797 0.305252 0.838345 0.372679
0.780855 0.305520 0.838497 0.372953
0.780913 0.305789 0.838649 0.373225
0.780972 0.306057 0.838801 0.373498
0.781030 0.306325 0.838954 0.373770
0.781088 0.306593 0.839106 0.374042
0.781147 0.306861 0.839258 0.374314
0.781206 0.307129 0.839411 0.374585
0.781264 0.307396 0.839563 0.374855
0.781323 0.307663 0.839716 0.375126
0.781382 0.307930 0.839868 0.375396
0.781441 0.308197 0.840021 0.375665
0.781500 0.308463 0.840174 0.375935
0.781560 0.308730 0.840327 0.376204
0.781619 0.308996 0.840480 0.376472
0.781679 0.309262 0.840633 0.376741
0.781738 0.309528 0.840787 0.377008
0.781798 0.309793 0.840940 0.377276
0.781858 0.310059 0.841093 0.377543
0.781918 0.310324 0.841247 0.377810
0.781978 0.310589 0.841400 0.378076
0.782038 0.310854 0.841554 0.378342
0.782098 0.311118 0.841708 0.378608
0.782158 0.311383 0.841862 0.378874
0.782219 0.311647 0.842016 0.379139
0.782279 0.311911 0.842170 0.379403
0.782340 0.312175 0.842324 0.379668
0.782401 0.312439 0.842478 0.379931
0.782462 0.312702 0.842632 0.380195
0.782523 0.312965 0.842787 0.380458
0.782584 0.313228 0.842941 0.380721
0.782645 0.313491 0.843095 0.380984
0.782706 0.313754 0.843250 0.381246
0.782768 0.314017 0.843405 0.381508
0.782829 0.314279 0.843560 0.381769
0.782891 0.314541 0.843714 0.382030
0.782953 0.314803 0.843869 0.382291
0.783015 0.315064 0.844024 0.382551
0.783076 0.315326 0.844180 0.382811
0.783139 0.315587 0.844335 0.383071
0.783201 0.315848 0.844490 0.383330
0.783263 0.316109 0.844646 0.383589
0.783325 0.316370 0.844801 0.383847
0.783388 0.316631 0.844957 0.384106
0.783451 0.316891 0.845112 0.384363
0.783513 0.317151 0.845268 0.384621
0.783576 0.317411 0.845424 0.384878
0.783639 0.317671 0.845580 0.385135
0.783702 0.317930 0.845736 0.385391
0.783765 0.318190 0.845892 0.385647
0.783829 0.318449 0.846048 0.385903
0.783892 0.318708 0.846204 0.386158
0.783955 0.318966 0.846360 0.386413
0.784019 0.319225 0.846517 0.386668
0.784083 0.319483 0.846673 0.386922
0.784146 0.319741 0.846830 0.387176
0.784210 0.319999 0.846986 0.387429
0.784274 0.320257 0.847143 0.387682
0.784339 0.320515 0.847300 0.387935
0.784403 0.320772 0.847457 0.388188
0.784467 0.321029 0.847613 0.388440
0.784532 0.321286 0.847770 0.388692
0.784596 0.321543 0.847928 0.388943
0.784661 0.321800 0.848085 0.389194
0.784726 0.322056 0.848242 0.389445
0.784791 0.322312 0.848399 0.389695
0.784856 0.322568 0.848557 0.389945
0.784921 0.322824 0.848714 0.390194
0.784986 0.323079 0.848872 0.390444
0.785051 0.323335 0.849030 0.390692
0.785117 0.323590 0.849187 0.390941
0.785182 0.323845 0.849345 0.391189
0.785248 0.324100 0.849503 0.391437
0.785314 0.324354 0.849661 0.391684
0.785380 0.324609 0.849819 0.391931
0.785446 0.324863 0.849977 0.392178
0.785512 0.325117 0.850135 0.392424
0.785578 0.325371 0.850294 0.392670
0.785645 0.325624 0.850452 0.392916
0.785711 0.325878 0.850610 0.393161
0.785778 0.326131 0.850769 0.393406
0.785844 0.326384 0.850927 0.393651
0.785911 0.326637 0.851086 0.393895
0.785978 0.326889 0.851245 0.394139
0.786045 0.327142 0.851404 0.394382
0.786112 0.327394 0.851563 0.394625
0.786179 0.327646 0.851722 0.394868
0.786247 0.327898 0.851881 0.395111
0.786314 0.328149 0.852040 0.395353
0.786382 0.328400 0.852199 0.395594
0.786449 0.328652 0.852358 0.395836
0.786517 0.328903 0.852518 0.396077
0.786585 0.329153 0.852677 0.396317
0.786653 0.329404 0.852836 0.396557
0.786721 0.329654 0.852996 0.396797
0.786789 0.329905 0.853156 0.397037
0.786858 0.330154 0.853315 0.397276
0.786926 0.330404 0.853475 0.397515
0.786995 0.330654 0.853635 0.397753
0.787063 0.330903 0.853795 0.397991
0.787132 0.331152 0.853955 0.398229
0.787201 0.331401 0.854115 0.398467
0.787270 0.331650 0.854275 0.398704
0.787339 0.331899 0.854435 0.398940
0.787409 0.332147 0.854596 0.399177
0.787478 0.332395 0.854756 0.399413
0.787547 0.332643 0.854917 0.399648
0.787617 0.332891 0.855077 0.399883
0.787687 0.333138 0.855238 0.400118
0.787756 0.333386 0.855398 0.400353
0.787826 0.333633 0.855559 0.400587
0.787896 0.333880 0.855720 0.400821
0.787967 0.334127 0.855881 0.401054
0.788037 0.334373 0.856042 0.401287
0.788107 0.334619 0.856203 0.401520
0.788178 0.334866 0.856364 0.401752
0.788248 0.335112 0.856525 0.401985
0.788319 0.335357 0.856686 0.402216
0.788390 0.335603 0.856848 0.402448
0.788461 0.335848 0.857009 0.402678
0.788532 0.336093 0.857170 0.402909
0.788603 0.336338 0.857332 0.403139
0.788674 0.336583 0.857493 0.403369
0.788746 0.336827 0.857655 0.403599
0.788817 0.337072 0.857817 0.403828
0.788889 0.337316 0.857979 0.404057
0.788960 0.337560 0.858140 0.404285
0.789032 0.337803 0.858302 0.404513
0.789104 0.338047 0.858464 0.404741
0.789176 0.338290 0.858626 0.404968
0.789249 0.338533 0.858789 0.405195
0.789321 0.338776 0.858951 0.405422
0.789393 0.339019 0.859113 0.405648
0.789466 0.339261 0.859275 0.405874
0.789538 0.339503 0.859438 0.406100
0.789611 0.339745 0.859600 0.406325
0.789684 0.339987 0.859763 0.406550
0.789757 0.340229 0.859925 0.406775
0.789830 0.340470 0.860088 0.406999
0.789903 0.340712 0.860251 0.407223
0.789977 0.340953 0.860414 0.407446
0.790050 0.341193 0.860577 0.407669
0.790124 0.341434 0.860739 0.407892
0.790197 0.341674 0.860902 0.408115
0.790271 0.341915 0.861066 0.408337
0.790345 0.342155 0.861229 0.408558
0.790419 0.342394 0.861392 0.408780
0.790493 0.342634 0.861555 0.409001
0.790567 0.342873 0.861719 0.409221
0.790642 0.343113 0.861882 0.409441
0.790716 0.343352 0.862045 0.409661
0.790791 0.343590 0.862209 0.409881
0.790865 0.343829 0.862372 0.410100
0.790940 0.344067 0.862536 0.410319
0.791015 0.344305 0.862700 0.410538
0.791090 0.344543 0.862864 0.410756
0.791165 0.344781 0.863027 0.410973
0.791241 0.345019 0.863191 0.411191
0.791316 0.345256 0.863355 0.411408
0.791391 0.345493 0.863519 0.411625
0.791467 0.345730 0.863684 0.411841
0.791543 0.345967 0.863848 0.412057
0.791619 0.346203 0.864012 0.412273
0.791695 0.346440 0.864176 0.412488
0.791771 0.346676 0.864341 0.412703
0.791847 0.346911 0.864505 0.412918
0.791923 0.347147 0.864669 0.413132
0.791999 0.347383 0.864834 0.413346
0.792076 0.347618 0.864999 0.413559
0.792153 0.347853 0.865163 0.413772
0.792229 0.348088 0.865328 0.413985
0.792306 0.348322 0.865493 0.414198
0.792383 0.348557 0.865658 0.414410
0.792460 0.348791 0.865823 0.414622
0.792538 0.349025 0.865988 0.414833
0.792615 0.349259 0.866153 0.415044
0.792692 0.349492 0.866318 0.415255
0.792770 0.349726 0.866483 0.415465
0.792848 0.349959 0.866648 0.415675
0.792925 0.350192 0.866813 0.415885
0.793003 0.350425 0.866979 0.416094
0.793081 0.350657 0.867144 0.416303
0.793160 0.350890 0.867309 0.416512
0.793238 0.351122 0.867475 0.416720
0.793316 0.351354 0.867641 0.416928
0.793395 0.351586 0.867806 0.417135
0.793473 0.351817 0.867972 0.417342
0.793552 0.352048 0.868138 0.417549
0.793631 0.352279 0.868303 0.417756
0.793710 0.352510 0.868469 0.417962
0.793789 0.352741 0.868635 0.418167
0.793868 0.352971 0.868801 0.418373
0.793947 0.353202 0.868967 0.418578
0.794027 0.353432 0.869133 0.418783
0.794106 0.353662 0.869299 0.418987
0.794186 0.353891 0.869466 0.419191
0.794266 0.354121 0.869632 0.419395
0.794346 0.354350 0.869798 0.419598
0.794426 0.354579 0.869965 0.419801
0.794506 0.354808 0.870131 0.420003
0.794586 0.355036 0.870298 0.420206
0.794666 0.355265 0.870464 0.420408
0.794747 0.355493 0.870631 0.420609
0.794827 0.355721 0.870797 0.420810
0.794908 0.355949 0.870964 0.421011
0.794989 0.356176 0.871131 0.421212
0.795070 0.356404 0.871298 0.421412
0.795151 0.356631 0.871465 0.421611
0.795232 0.356858 0.871632 0.421811
0.795313 0.357084 0.871799 0.422010
0.795395 0.357311 0.871966 0.422209
0.795476 0.357537 0.872133 0.422407
0.795558 0.357763 0.872300 0.422605
0.795640 0.357989 0.872467 0.422803
0.795722 0.358215 0.872634 0.423000
0.795804 0.358440 0.872802 0.423197
0.795886 0.358665 0.872969 0.423394
0.795968 0.358890 0.873136 0.423590
0.796050 0.359115 0.873304 0.423786
0.796133 0.359340 0.873471 0.423981
0.796215 0.359564 0.873639 0.424177
0.796298 0.359788 0.873807 0.424372
0.796381 0.360012 0.873974 0.424566
0.796464 0.360236 0.874142 0.424760
0.796547 0.360460 0.874310 0.424954
0.796630 0.360683 0.874478 0.425148
0.796713 0.360906 0.874646 0.425341
0.796797 0.361129 0.874814 0.425533
0.796880 0.361352 0.874982 0.425726
0.796964 0.361574 0.875150 0.425918
0.797048 0.361796 0.875318 0.426110
0.797131 0.362019 0.875486 0.426301
0.797215 0.362240 0.875654 0.426492
0.797299 0.362462 0.875823 0.426683
0.797384 0.362683 0.875991 0.426873
0.797468 0.362905 0.876159 0.427063
0.797552 0.363126 0.876328 0.427253
0.797637 0.363346 0.876496 0.427442
0.797722 0.363567 0.876665 0.427631
0.797807 0.363787 0.876833 0.427820
0.797891 0.364008 0.877002 0.428008
0.797976 0.364228 0.877171 0.428196
0.798062 0.364447 0.877339 0.428383
0.798147 0.364667 0.877508 0.428570
0.798232 0.364886 0.877677 0.428757
0.798318 0.365105 0.877846 0.428944
0.798403 0.365324 0.878015 0.429130
0.798489 0.365543 0.878184 0.429316
0.798575 0.365761 0.878353 0.429501
0.798661 0.365980 0.878522 0.429686
0.798747 0.366198 0.878691 0.429871
0.798833 0.366415 0.878860 0.430055
0.798920 0.366633 0.879029 0.430240
0.799006 0.366850 0.879199 0.430423
0.799093 0.367068 0.879368 0.430607
0.799179 0.367285 0.879537 0.430790
0.799266 0.367501 0.879707 0.430972
0.799353 0.367718 0.879876 0.431155
0.799440 0.367934 0.880046 0.431337
0.799527 0.368150 0.880215 0.431518
0.799615 0.368366 0.880385 0.431700
0.799702 0.368582 0.880554 0.431881
0.799790 0.368797 0.880724 0.432061
0.799877 0.369013 0.880894 0.432241
0.799965 0.369228 0.881064 0.432421
0.800053 0.369443 0.881233 0.432601
0.800141 0.369657 0.881403 0.432780
0.800229 0.369872 0.881573 0.432959
0.800317 0.370086 0.881743 0.433138
0.800405 0.370300 0.881913 0.433316
0.800494 0.370514 0.882083 0.433494
0.800583 0.370727 0.882253 0.433671
0.800671 0.370940 0.882423 0.433848
0.800760 0.371154 0.882594 0.434025
0.800849 0.371367 0.882764 0.434201
0.800938 0.371579 0.882934 0.434378
0.801027 0.371792 0.883105 0.434553
0.801116 0.372004 0.883275 0.434729
0.801206 0.372216 0.883445 0.434904
0.801295 0.372428 0.883616 0.435079
0.801385 0.372640 0.883786 0.435253
0.801475 0.372851 0.883957 0.435427
0.801565 0.373062 0.884127 0.435601
0.801655 0.373273 0.884298 0.435774
0.801745 0.373484 0.884469 0.435947
0.801835 0.373694 0.884639 0.436120
0.801925 0.373905 0.884810 0.436292
0.802016 0.374115 0.884981 0.436464
0.802107 0.374325 0.885152 0.436636
0.802197 0.374535 0.885323 0.436807
0.802288 0.374744 0.885494 0.436978
0.802379 0.374953 0.885665 0.437149
0.802470 0.375162 0.885836 0.437319
0.802561 0.375371 0.886007 0.437489
0.802653 0.375580 0.886178 0.437659
0.802744 0.375788 0.886349 0.437828
0.802836 0.375996 0.886520 0.437997
0.802927 0.376204 0.886692 0.438165
0.803019 0.376412 0.886863 0.438334
0.803111 0.376620 0.887034 0.438501
0.803203 0.376827 0.887205 0.438669
0.803295 0.377034 0.887377 0.438836
0.803387 0.377241 0.887548 0.439003
0.803480 0.377448 0.887720 0.439170
0.803572 0.377654 0.887891 0.439336
0.803665 0.377860 0.888063 0.439502
0.803758 0.378066 0.888234 0.439667
0.803850 0.378272 0.888406 0.439832
0.803943 0.378478 0.888578 0.439997
0.804036 0.378683 0.888749 0.440161
0.804130 0.378888 0.888921 0.440326
0.804223 0.379093 0.889093 0.440489
0.804316 0.379298 0.889265 0.440653
0.804410 0.379503 0.889437 0.440816
0.804504 0.379707 0.889609 0.440979
0.804597 0.379911 0.889781 0.441141
0.804691 0.380115 0.889953 0.441303
0.804785 0.380319 0.890125 0.441465
0.804880 0.380522 0.890297 0.441626
0.804974 0.380725 0.890469 0.441787
0.805068 0.380928 0.890641 0.441948
0.805163 0.381131 0.890813 0.442109
0.805257 0.381334 0.890985 0.442269
0.805352 0.381536 0.891158 0.442428
0.805447 0.381738 0.891330 0.442588
0.805542 0.381940 0.891502 0.442747
0.805637 0.382142 0.891675 0.442905
0.805732 0.382343 0.891847 0.443064
0.805828 0.382545 0.892019 0.443222
0.805923 0.382746 0.892192 0.443380
0.806019 0.382946 0.892364 0.443537
0.806115 0.383147 0.892537 0.443694
0.806210 0.383347 0.892710 0.443851
0.806306 0.383548 0.892882 0.444007
0.806402 0.383748 0.893055 0.444163
0.806499 0.383947 0.893228 0.444319
0.806595 0.384147 0.893400 0.444474
0.806691 0.384346 0.893573 0.444629
0.806788 0.384545 0.893746 0.444783
0.806884 0.384744 0.893919 0.444938
0.806981 0.384943 0.894092 0.445092
0.807078 0.385141 0.894264 0.445245
0.807175 0.385339 0.894437 0.445399
0.807272 0.385537 0.894610 0.445552
0.807370 0.385735 0.894783 0.445704
0.807467 0.385933 0.894956 0.445857
0.807564 0.386130 0.895130 0.446009
0.807662 0.386327 0.895303 0.446160
0.807760 0.386524 0.895476 0.446311
0.807858 0.386721 0.895649 0.446462
0.807956 0.386917 0.895822 0.446613
0.808054 0.387114 0.895995 0.446763
0.808152 0.387310 0.896169 0.446913
0.808250 0.387506 0.896342 0.447063
0.808349 0.387701 0.896515 0.447212
0.808447 0.387897 0.896689 0.447361
0.808546 0.388092 0.896862 0.447510
0.808645 0.388287 0.897036 0.447658
0.808744 0.388481 0.897209 0.447806
0.808843 0.388676 0.897383 0.447953
0.808942 0.388870 0.897556 0.448101
0.809041 0.389064 0.897730 0.448248
0.809141 0.389258 0.897903 0.448394
0.809240 0.389452 0.898077 0.448540
0.809340 0.389645 0.898251 0.448686
0.809439 0.389838 0.898424 0.448832
0.809539 0.390031 0.898598 0.448977
0.809639 0.390224 0.898772 0.449122
0.809739 0.390417 0.898946 0.449267
0.809840 0.390609 0.899119 0.449411
0.809940 0.390801 0.899293 0.449555
0.810041 0.390993 0.899467 0.449699
0.810141 0.391185 0.899641 0.449842
0.810242 0.391376 0.899815 0.449985
0.810343 0.391567 0.899989 0.450127
0.810444 0.391758 0.900163 0.450270
0.810545 0.391949 0.900337 0.450411
0.810646 0.392140 0.900511 0.450553
0.810747 0.392330 0.900685 0.450694
0.810849 0.392520 0.900859 0.450835
0.810950 0.392710 0.901034 0.450976
0.811052 0.392900 0.901208 0.451116
0.811154 0.393089 0.901382 0.451256
0.811256 0.393279 0.901556 0.451396
0.811358 0.393468 0.901730 0.451535
0.811460 0.393656 0.901905 0.451674
0.811562 0.393845 0.902079 0.451813
0.811664 0.394033 0.902253 0.451951
0.811767 0.394222 0.902428 0.452089
0.811869 0.394409 0.902602 0.452226
0.811972 0.394597 0.902777 0.452364
0.812075 0.394785 0.902951 0.452501
0.812178 0.394972 0.903126 0.452637
0.812281 0.395159 0.903300 0.452774
0.812384 0.395346 0.903475 0.452910
0.812488 0.395532 0.903649 0.453045
0.812591 0.395719 0.903824 0.453181
0.812695 0.395905 0.903999 0.453316
0.812798 0.396091 0.904173 0.453450
0.812902 0.396277 0.904348 0.453585
0.813006 0.396462 0.904523 0.453719
0.813110 0.396647 0.904697 0.453852
0.813214 0.396833 0.904872 0.453986
0.813319 0.397017 0.905047 0.454119
0.813423 0.397202 0.905222 0.454251
0.813528 0.397386 0.905397 0.454384
0.813632 0.397571 0.905572 0.454516
0.813737 0.397755 0.905746 0.454647
0.813842 0.397938 0.905921 0.454779
0.813947 0.398122 0.906096 0.454910
0.814052 0.398305 0.906271 0.455041
0.814157 0.398488 0.906446 0.455171
0.814263 0.398671 0.906621 0.455301
0.814368 0.398854 0.906796 0.455431
0.814474 0.399036 0.906971 0.455560
0.814579 0.399218 0.907147 0.455689
0.814685 0.399400 0.907322 0.455818
0.814791 0.399582 0.907497 0.455946
0.814897 0.399764 0.907672 0.456075
0.815003 0.399945 0.907847 0.456202
0.815110 0.400126 0.908022 0.456330
0.815216 0.400307 0.908198 0.456457
0.815323 0.400487 0.908373 0.456584
0.815429 0.400668 0.908548 0.456710
0.815536 0.400848 0.908724 0.456836
0.815643 0.401028 0.908899 0.456962
0.815750 0.401208 0.909074 0.457088
0.815857 0.401387 0.909250 0.457213
0.815965 0.401567 0.909425 0.457338
0.816072 0.401746 0.909600 0.457462
0.816179 0.401925 0.909776 0.457586
0.816287 0.402103 0.909951 0.457710
0.816395 0.402282 0.910127 0.457834
0.816503 0.402460 0.910302 0.457957
0.816611 0.402638 0.910478 0.458080
0.816719 0.402816 0.910654 0.458203
0.816827 0.402993 0.910829 0.458325
0.816935 0.403170 0.911005 0.458447
0.817044 0.403348 0.911180 0.458568
0.817152 0.403524 0.911356 0.458690
0.817261 0.403701 0.911532 0.458811
0.817370 0.403877 0.911707 0.458931
0.817479 0.404054 0.911883 0.459052
0.817588 0.404230 0.912059 0.459172
0.817697 0.404405 0.912235 0.459291
0.817806 0.404581 0.912410 0.459411
0.817916 0.404756 0.912586 0.459530
0.818025 0.404931 0.912762 0.459648
0.818135 0.405106 0.912938 0.459767
0.818244 0.405281 0.913114 0.459885
0.818354 0.405455 0.913290 0.460003
0.818464 0.405629 0.913465 0.460120
0.818574 0.405803 0.913641 0.460237
0.818685 0.405977 0.913817 0.460354
0.818795 0.406151 0.913993 0.460470
0.818905 0.406324 0.914169 0.460587
0.819016 0.406497 0.914345 0.460702
0.819127 0.406670 0.914521 0.460818
0.819238 0.406843 0.914697 0.460933
0.819348 0.407015 0.914873 0.461048
0.819460 0.407187 0.915049 0.461162
0.819571 0.407359 0.915225 0.461277
0.819682 0.407531 0.915402 0.461391
0.819793 0.407702 0.915578 0.461504
0.819905 0.407874 0.915754 0.461617
0.820017 0.408045 0.915930 0.461730
0.820128 0.408216 0.916106 0.461843
0.820240 0.408386 0.916282 0.461955
0.820352 0.408557 0.916459 0.462067
0.820464 0.408727 0.916635 0.462179
0.820577 0.408897 0.916811 0.462290
0.820689 0.409067 0.916987 0.462401
0.820801 0.409236 0.917164 0.462512
0.820914 0.409405 0.917340 0.462622
0.821027 0.409575 0.917516 0.462732
0.821139 0.409743 0.917693 0.462842
0.821252 0.409912 0.917869 0.462952
0.821365 0.410080 0.918045 0.463061
0.821479 0.410249 0.918222 0.463170
0.821592 0.410416 0.918398 0.463278
0.821705 0.410584 0.918575 0.463386
0.821819 0.410752 0.918751 0.463494
0.821933 0.410919 0.918927 0.463602
0.822046 0.411086 0.919104 0.463709
0.822160 0.411253 0.919280 0.463816
0.822274 0.411419 0.919457 0.463922
0.822388 0.411586 0.919633 0.464029
0.822503 0.411752 0.919810 0.464134
0.822617 0.411918 0.919986 0.464240
0.822731 0.412084 0.920163 0.464345
0.822846 0.412249 0.920340 0.464450
0.822961 0.412414 0.920516 0.464555
0.823076 0.412579 0.920693 0.464660
0.823190 0.412744 0.920869 0.464764
0.823306 0.412909 0.921046 0.464867
0.823421 0.413073 0.921223 0.464971
0.823536 0.413237 0.921399 0.465074
0.823651 0.413401 0.921576 0.465177
0.823767 0.413565 0.921753 0.465279
0.823883 0.413728 0.921929 0.465381
0.823998 0.413892 0.922106 0.465483
0.824114 0.414055 0.922283 0.465585
0.824230 0.414217 0.922459 0.465686
0.824346 0.414380 0.922636 0.465787
0.824463 0.414542 0.922813 0.465888
0.824579 0.414704 0.922990 0.465988
0.824695 0.414866 0.923167 0.466088
0.824812 0.415028 0.923343 0.466187
0.824929 0.415189 0.923520 0.466287
0.825045 0.415351 0.923697 0.466386
0.825162 0.415512 0.923874 0.466485
0.825279 0.415672 0.924051 0.466583
0.825397 0.415833 0.924228 0.466681
0.825514 0.415993 0.924404 0.466779
0.825631 0.416153 0.924581 0.466876
0.825749 0.416313 0.924758 0.466974
0.825866 0.416473 0.924935 0.467070
0.825984 0.416632 0.925112 0.467167
0.826102 0.416791 0.925289 0.467263
0.826220 0.416950 0.925466 0.467359
0.826338 0.417109 0.925643 0.467455
0.826456 0.417268 0.925820 0.467550
0.826575 0.417426 0.925997 0.467645
0.826693 0.417584 0.926174 0.467740
0.826812 0.417742 0.926351 0.467834
0.826930 0.417899 0.926528 0.467928
0.827049 0.418057 0.926705 0.468022
0.827168 0.418214 0.926882 0.468115
0.827287 0.418371 0.927059 0.468209
0.827406 0.418528 0.927236 0.468301
0.827526 0.418684 0.927413 0.468394
0.827645 0.418840 0.927590 0.468486
0.827765 0.418996 0.927767 0.468578
0.827884 0.419152 0.927944 0.468670
0.828004 0.419308 0.928121 0.468761
0.828124 0.419463 0.928299 0.468852
0.828244 0.419618 0.928476 0.468942
0.828364 0.419773 0.928653 0.469033
0.828484 0.419928 0.928830 0.469123
0.828604 0.420082 0.929007 0.469213
0.828725 0.420237 0.929184 0.469302
0.828845 0.420391 0.929361 0.469391
0.828966 0.420544 0.929539 0.469480
0.829087 0.420698 0.929716 0.469569
0.829208 0.420851 0.929893 0.469657
0.829329 0.421004 0.930070 0.469745
0.829450 0.421157 0.930247 0.469832
0.829571 0.421310 0.930425 0.469919
0.829692 0.421462 0.930602 0.470006
0.829814 0.421614 0.930779 0.470093
0.829935 0.421766 0.930956 0.470180
0.830057 0.421918 0.931134 0.470266
0.830179 0.422070 0.931311 0.470351
0.830301 0.422221 0.931488 0.470437
0.830423 0.422372 0.931665 0.470522
0.830545 0.422523 0.931843 0.470607
0.830667 0.422673 0.932020 0.470691
0.830790 0.422824 0.932197 0.470776
0.830912 0.422974 0.932374 0.470859
0.831035 0.423124 0.932552 0.470943
0.831158 0.423274 0.932729 0.471026
0.831281 0.423423 0.932906 0.471109
0.831403 0.423572 0.933084 0.471192
0.831527 0.423721 0.933261 0.471275
0.831650 0.423870 0.933438 0.471357
0.831773 0.424019 0.933616 0.471438
0.831897 0.424167 0.933793 0.471520
0.832020 0.424315 0.933970 0.471601
0.832144 0.424463 0.934148 0.471682
0.832268 0.424611 0.934325 0.471763
0.832391 0.424758 0.934502 0.471843
0.832515 0.424905 0.934680 0.471923
0.832640 0.425052 0.934857 0.472003
0.832764 0.425199 0.935035 0.472082
0.832888 0.425346 0.935212 0.472161
0.833013 0.425492 0.935389 0.472240
0.833137 0.425638 0.935567 0.472318
0.833262 0.425784 0.935744 0.472396
0.833387 0.425929 0.935922 0.472474
0.833512 0.426075 0.936099 0.472552
0.833637 0.426220 0.936276 0.472629
0.833762 0.426365 0.936454 0.472706
0.833887 0.426510 0.936631 0.472783
0.834012 0.426654 0.936809 0.472859
0.834138 0.426798 0.936986 0.472935
0.834264 0.426942 0.937164 0.473011
0.834389 0.427086 0.937341 0.473086
0.834515 0.427230 0.937518 0.473161
0.834641 0.427373 0.937696 0.473236
0.834767 0.427516 0.937873 0.473311
0.834893 0.427659 0.938051 0.473385
0.835020 0.427802 0.938228 0.473459
0.835146 0.427944 0.938406 0.473533
0.835273 0.428086 0.938583 0.473606
0.835399 0.428228 0.938761 0.473679
0.835526 0.428370 0.938938 0.473752
0.835653 0.428512 0.939115 0.473824
0.835780 0.428653 0.939293 0.473897
0.835907 0.428794 0.939470 0.473969
0.836034 0.428935 0.939648 0.474040
0.836161 0.429075 0.939825 0.474111
0.836289 0.429216 0.940003 0.474182
0.836416 0.429356 0.940180 0.474253
0.836544 0.429496 0.940358 0.474323
0.836672 0.429636 0.940535 0.474394
0.836800 0.429775 0.940713 0.474463
0.836928 0.429914 0.940890 0.474533
0.837056 0.430053 0.941068 0.474602
0.837184 0.430192 0.941245 0.474671
0.837312 0.430331 0.941423 0.474740
0.837441 0.430469 0.941600 0.474808
0.837569 0.430607 0.941778 0.474876
0.837698 0.430745 0.941955 0.474944
0.837827 0.430883 0.942133 0.475011
0.837956 0.431020 0.942310 0.475078
0.838085 0.431157 0.942488 0.475145
0.838214 0.431294 0.942665 0.475211
0.838343 0.431431 0.942842 0.475278
0.838473 0.431567 0.943020 0.475344
0.838602 0.431704 0.943197 0.475409
0.838732 0.431840 0.943375 0.475475
0.838861 0.431976 0.943552 0.475540
0.838991 0.432111 0.943730 0.475604
0.839121 0.432247 0.943907 0.475669
0.839251 0.432382 0.944085 0.475733
0.839381 0.432517 0.944262 0.475797
0.839511 0.432651 0.944440 0.475861
0.839642 0.432786 0.944617 0.475924
0.839772 0.432920 0.944795 0.475987
0.839903 0.433054 0.944972 0.476050
0.840034 0.433188 0.945150 0.476112
0.840164 0.433321 0.945327 0.476174
0.840295 0.433455 0.945505 0.476236
0.840426 0.433588 0.945682 0.476298
0.840558 0.433721 0.945860 0.476359
0.840689 0.433853 0.946037 0.476420
0.840820 0.433986 0.946215 0.476480
0.840952 0.434118 0.946392 0.476541
0.841083 0.434250 0.946569 0.476601
0.841215 0.434381 0.946747 0.476661
0.841347 0.434513 0.946924 0.476720
0.841479 0.434644 0.947102 0.476779
0.841611 0.434775 0.947279 0.476838
0.841743 0.434906 0.947457 0.476897
0.841875 0.435037 0.947634 0.476955
0.842008 0.435167 0.947812 0.477013
0.842140 0.435297 0.947989 0.477071
0.842273 0.435427 0.948167 0.477129
0.842405 0.435557 0.948344 0.477186
0.842538 0.435686 0.948521 0.477243
0.842671 0.435815 0.948699 0.477299
0.842804 0.435944 0.948876 0.477356
0.842937 0.436073 0.949054 0.477412
0.843071 0.436201 0.949231 0.477467
0.843204 0.436330 0.949408 0.477523
0.843337 0.436458 0.949586 0.477578
0.843471 0.436585 0.949763 0.477633
0.843605 0.436713 0.949941 0.477687
0.843739 0.436840 0.950118 0.477742
0.843873 0.436968 0.950295 0.477796
0.844007 0.437094 0.950473 0.477849
0.844141 0.437221 0.950650 0.477903
0.844275 0.437348 0.950828 0.477956
0.844409 0.437474 0.951005 0.478009
0.844544 0.437600 0.951182 0.478061
0.844678 0.437726 0.951360 0.478114
0.844813 0.437851 0.951537 0.478166
0.844948 0.437976 0.951714 0.478217
0.845083 0.438101 0.951892 0.478269
0.845218 0.438226 0.952069 0.478320
0.845353 0.438351 0.952246 0.478371
0.845488 0.438475 0.952424 0.478421
0.845624 0.438599 0.952601 0.478472
0.845759 0.438723 0.952778 0.478522
0.845895 0.438847 0.952956 0.478571
0.846030 0.438971 0.953133 0.478621
0.846166 0.439094 0.953310 0.478670
0.846302 0.439217 0.953488 0.478719
0.846438 0.439340 0.953665 0.478767
0.846574 0.439462 0.953842 0.478816
0.846710 0.439584 0.954019 0.478864
0.846847 0.439706 0.954197 0.478911
0.846983 0.439828 0.954374 0.478959
0.847120 0.439950 0.954551 0.479006
0.847257 0.440071 0.954728 0.479053
0.847393 0.440193 0.954906 0.479099
0.847530 0.440313 0.955083 0.479146
0.847667 0.440434 0.955260 0.479192
0.847804 0.440555 0.955437 0.479237
0.847942 0.440675 0.955615 0.479283
0.848079 0.440795 0.955792 0.479328
0.848216 0.440915 0.955969 0.479373
0.848354 0.441034 0.956146 0.479417
0.848491 0.441154 0.956323 0.479462
0.848629 0.441273 0.956500 0.479506
0.848767 0.441392 0.956678 0.479550
0.848905 0.441510 0.956855 0.479593
0.849043 0.441629 0.957032 0.479636
0.849181 0.441747 0.957209 0.479679
0.849320 0.441865 0.957386 0.479722
0.849458 0.441982 0.957563 0.479764
0.849597 0.442100 0.957740 0.479806
0.849735 0.442217 0.957918 0.479848
0.849874 0.442334 0.958095 0.479889
0.850013 0.442451 0.958272 0.479931
0.850152 0.442568 0.958449 0.479972
0.850291 0.442684 0.958626 0.480012
0.850430 0.442800 0.958803 0.480053
0.850569 0.442916 0.958980 0.480093
0.850709 0.443032 0.959157 0.480133
0.850848 0.443147 0.959334 0.480172
0.850988 0.443262 0.959511 0.480211
0.851127 0.443377 0.959688 0.480250
0.851267 0.443492 0.959865 0.480289
0.851407 0.443606 0.960042 0.480328
0.851547 0.443721 0.960219 0.480366
0.851687 0.443835 0.960396 0.480404
0.851828 0.443948 0.960573 0.480441
0.851968 0.444062 0.960750 0.480478
0.852108 0.444175 0.960927 0.480516
0.852249 0.444288 0.961104 0.480552
0.852390 0.444401 0.961281 0.480589
0.852530 0.444514 0.961458 0.480625
0.852671 0.444626 0.961634 0.480661
0.852812 0.444739 0.961811 0.480697
0.852953 0.444851 0.961988 0.480732
0.853094 0.444962 0.962165 0.480767
0.853236 0.445074 0.962342 0.480802
0.853377 0.445185 0.962519 0.480836
0.853519 0.445296 0.962696 0.480871
0.853660 0.445407 0.962872 0.480905
0.853802 0.445517 0.963049 0.480938
0.853944 0.445628 0.963226 0.480972
0.854086 0.445738 0.963403 0.481005
0.854228 0.445848 0.963580 0.481038
0.854370 0.445957 0.963756 0.481071
0.854512 0.446067 0.963933 0.481103
0.854655 0.446176 0.964110 0.481135
0.854797 0.446285 0.964286 0.481167
0.854940 0.446394 0.964463 0.481198
0.855082 0.446502 0.964640 0.481230
0.855225 0.446611 0.964817 0.481260
0.855368 0.446719 0.964993 0.481291
0.855511 0.446826 0.965170 0.481322
0.855654 0.446934 0.965347 0.481352
0.855797 0.447041 0.965523 0.481382
0.855941 0.447148 0.965700 0.481411
0.856084 0.447255 0.965876 0.481441
0.856228 0.447362 0.966053 0.481470
0.856371 0.447468 0.966230 0.481498
0.856515 0.447575 0.966406 0.481527
0.856659 0.447681 0.966583 0.481555
0.856803 0.447786 0.966759 0.481583
0.856947 0.447892 0.966936 0.481611
0.857091 0.447997 0.967112 0.481638
0.857235 0.448102 0.967289 0.481665
0.857379 0.448207 0.967465 0.481692
0.857524 0.448311 0.967642 0.481719
0.857668 0.448416 0.967818 0.481745
0.857813 0.448520 0.967995 0.481771
0.857958 0.448624 0.968171 0.481797
0.858103 0.448727 0.968347 0.481823
0.858248 0.448831 0.968524 0.481848
0.858393 0.448934 0.968700 0.481873
0.858538 0.449037 0.968877 0.481898
0.858683 0.449140 0.969053 0.481922
0.858829 0.449242 0.969229 0.481946
0.858974 0.449345 0.969406 0.481970
0.859120 0.449447 0.969582 0.481994
0.859266 0.449548 0.969758 0.482017
0.859411 0.449650 0.969934 0.482040
0.859557 0.449751 0.970111 0.482063
0.859703 0.449852 0.970287 0.482086
0.859849 0.449953 0.970463 0.482108
0.859996 0.450054 0.970639 0.482130
0.860142 0.450154 0.970816 0.482152
0.860288 0.450254 0.970992 0.482173
0.860435 0.450354 0.971168 0.482194
0.860581 0.450454 0.971344 0.482215
0.860728 0.450554 0.971520 0.482236
0.860875 0.450653 0.971696 0.482257
0.861022 0.450752 0.971872 0.482277
0.861169 0.450851 0.972049 0.482297
0.861316 0.450949 0.972225 0.482316
0.861463 0.451048 0.972401 0.482336
0.861611 0.451146 0.972577 0.482355
0.861758 0.451244 0.972753 0.482373
0.861906 0.451341 0.972929 0.482392
0.862053 0.451439 0.973105 0.482410
0.862201 0.451536 0.973281 0.482428
0.862349 0.451633 0.973457 0.482446
0.862497 0.451729 0.973633 0.482464
0.862645 0.451826 0.973808 0.482481
0.862793 0.451922 0.973984 0.482498
0.862941 0.452018 0.974160 0.482514
0.863090 0.452114 0.974336 0.482531
0.863238 0.452209 0.974512 0.482547
0.863387 0.452305 0.974688 0.482563
0.863535 0.452400 0.974864 0.482579
0.863684 0.452495 0.975039 0.482594
0.863833 0.452589 0.975215 0.482609
0.863982 0.452684 0.975391 0.482624
0.864131 0.452778 0.975567 0.482638
0.864280 0.452872 0.975742 0.482653
0.864430 0.452966 0.975918 0.482667
0.864579 0.453059 0.976094 0.482681
0.864728 0.453152 0.976269 0.482694
0.864878 0.453245 0.976445 0.482707
0.865028 0.453338 0.976621 0.482720
0.865177 0.453431 0.976796 0.482733
0.865327 0.453523 0.976972 0.482746
0.865477 0.453615 0.977148 0.482758
0.865627 0.453707 0.977323 0.482770
0.865777 0.453798 0.977499 0.482781
0.865928 0.453890 0.977674 0.482793
0.866078 0.453981 0.977850 0.482804
0.866229 0.454072 0.978025 0.482815
0.866379 0.454163 0.978201 0.482826
0.866530 0.454253 0.978376 0.482836
0.866681 0.454343 0.978551 0.482846
0.866831 0.454433 0.978727 0.482856
0.866982 0.454523 0.978902 0.482866
0.867133 0.454612 0.979078 0.482875
0.867285 0.454702 0.979253 0.482884
0.867436 0.454791 0.979428 0.482893
0.867587 0.454880 0.979604 0.482901
0.867739 0.454968 0.979779 0.482910
0.867890 0.455057 0.979954 0.482918
0.868042 0.455145 0.980129 0.482926
0.868194 0.455233 0.980305 0.482933
0.868346 0.455320 0.980480 0.482940
0.868497 0.455408 0.980655 0.482947
0.868650 0.455495 0.980830 0.482954
0.868802 0.455582 0.981005 0.482961
0.868954 0.455669 0.981180 0.482967
0.869106 0.455755 0.981355 0.482973
0.869259 0.455841 0.981531 0.482979
0.869411 0.455928 0.981706 0.482984
0.869564 0.456013 0.981881 0.482989
0.869717 0.456099 0.982056 0.482994
0.869869 0.456184 0.982231 0.482999
0.870022 0.456269 0.982406 0.483003
0.870175 0.456354 0.982581 0.483007
0.870329 0.456439 0.982755 0.483011
0.870482 0.456523 0.982930 0.483015
0.870635 0.456608 0.983105 0.483018
0.870788 0.456691 0.983280 0.483022
0.870942 0.456775 0.983455 0.483024
0.871096 0.456859 0.983630 0.483027
0.871249 0.456942 0.983805 0.483029
0.871403 0.457025 0.983979 0.483032
0.871557 0.457108 0.984154 0.483033
0.871711 0.457190 0.984329 0.483035
0.871865 0.457273 0.984503 0.483036
0.872019 0.457355 0.984678 0.483038
0.872174 0.457437 0.984853 0.483038
0.872328 0.457518 0.985027 0.483039
0.872482 0.457600 0.985202 0.483039
0.872637 0.457681 0.985377 0.483039
0.872792 0.457762 0.985551 0.483039
0.872946 0.457842 0.985726 0.483039
0.873101 0.457923 0.985900 0.483038
0.873256 0.458003 0.986075 0.483037
0.873411 0.458083 0.986249 0.483036
0.873566 0.458163 0.986424 0.483035
0.873722 0.458243 0.986598 0.483033
0.873877 0.458322 0.986773 0.483031
0.874033 0.458401 0.986947 0.483029
0.874188 0.458480 0.987121 0.483026
0.874344 0.458558 0.987296 0.483024
0.874499 0.458637 0.987470 0.483021
0.874655 0.458715 0.987644 0.483017
0.874811 0.458793 0.987818 0.483014
0.874967 0.458870 0.987993 0.483010
0.875123 0.458948 0.988167 0.483006
0.875279 0.459025 0.988341 0.483002
0.875436 0.459102 0.988515 0.482998
0.875592 0.459179 0.988689 0.482993
0.875749 0.459255 0.988864 0.482988
0.875905 0.459332 0.989038 0.482983
0.876062 0.459408 0.989212 0.482977
0.876219 0.459484 0.989386 0.482972
0.876375 0.459559 0.989560 0.482966
0.876532 0.459635 0.989734 0.482959
0.876689 0.459710 0.989908 0.482953
0.876847 0.459785 0.990082 0.482946
0.877004 0.459859 0.990256 0.482939
0.877161 0.459934 0.990429 0.482932
0.877318 0.460008 0.990603 0.482925
0.877476 0.460082 0.990777 0.482917
0.877634 0.460156 0.990951 0.482909
0.877791 0.460229 0.991125 0.482901
0.877949 0.460302 0.991299 0.482892
0.878107 0.460375 0.991472 0.482884
0.878265 0.460448 0.991646 0.482875
0.878423 0.460521 0.991820 0.482865
0.878581 0.460593 0.991993 0.482856
0.878739 0.460665 0.992167 0.482846
0.878898 0.460737 0.992341 0.482836
0.879056 0.460809 0.992514 0.482826
0.879215 0.460880 0.992688 0.482816
0.879373 0.460951 0.992861 0.482805
0.879532 0.461022 0.993035 0.482794
0.879691 0.461093 0.993208 0.482783
0.879850 0.461163 0.993382 0.482772
0.880009 0.461234 0.993555 0.482760
0.880168 0.461304 0.993729 0.482748
0.880327 0.461373 0.993902 0.482736
0.880486 0.461443 0.994075 0.482723
0.880646 0.461512 0.994249 0.482711
0.880805 0.461581 0.994422 0.482698
0.880965 0.461650 0.994595 0.482685
0.881124 0.461719 0.994768 0.482671
0.881284 0.461787 0.994942 0.482658
0.881444 0.461855 0.995115 0.482644
0.881604 0.461923 0.995288 0.482630
0.881764 0.461991 0.995461 0.482615
0.881924 0.462058 0.995634 0.482601
0.882084 0.462126 0.995807 0.482586
0.882244 0.462193 0.995980 0.482571
0.882404 0.462259 0.996153 0.482555
0.882565 0.462326 0.996326 0.482540
0.882725 0.462392 0.996499 0.482524
0.882886 0.462458 0.996672 0.482508
0.883047 0.462524 0.996845 0.482492
0.883208 0.462590 0.997018 0.482475
0.883369 0.462655 0.997191 0.482458
0.883529 0.462720 0.997364 0.482441
0.883691 0.462785 0.997536 0.482424
0.883852 0.462850 0.997709 0.482406
0.884013 0.462914 0.997882 0.482389
0.884174 0.462978 0.998055 0.482371
0.884336 0.463042 0.998227 0.482352
0.884497 0.463106 0.998400 0.482334
0.884659 0.463169 0.998573 0.482315
0.884821 0.463233 0.998745 0.482296
0.884982 0.463296 0.998918 0.482277
0.885144 0.463358 0.999090 0.482257
0.885306 0.463421 0.999263 0.482238
0.885468 0.463483 0.999435 0.482218
0.885630 0.463545 0.999608 0.482198
0.885793 0.463607 0.999780 0.482177
0.885955 0.463669 0.999952 0.482157
0.886117 0.463730 1.000125 0.482136
0.886280 0.463791 1.000297 0.482114
0.886442 0.463852 1.000469 0.482093
0.886605 0.463913 1.000642 0.482071
0.886768 0.463974 1.000814 0.482050
0.886931 0.464034 1.000986 0.482028
0.887094 0.464094 1.001158 0.482005
0.887257 0.464154 1.001331 0.481983
0.887420 0.464213 1.001503 0.481960
0.887583 0.464272 1.001675 0.481937
0.887746 0.464331 1.001847 0.481913
0.887910 0.464390 1.002019 0.481890
0.888073 0.464449 1.002191 0.481866
0.888237 0.464507 1.002363 0.481842
0.888400 0.464565 1.002535 0.481818
0.888564 0.464623 1.002707 0.481793
0.888728 0.464681 1.002879 0.481769
0.888892 0.464738 1.003050 0.481744
0.889056 0.464796 1.003222 0.481718
0.889220 0.464853 1.003394 0.481693
0.889384 0.464909 1.003566 0.481667
0.889548 0.464966 1.003737 0.481641
0.889712 0.465022 1.003909 0.481615
0.889877 0.465078 1.004081 0.481589
0.890041 0.465134 1.004252 0.481562
0.890206 0.465190 1.004424 0.481535
0.890370 0.465245 1.004596 0.481508
0.890535 0.465300 1.004767 0.481481
0.890700 0.465355 1.004939 0.481454
0.890865 0.465410 1.005110 0.481426
0.891030 0.465464 1.005282 0.481398
0.891195 0.465518 1.005453 0.481369
0.891360 0.465572 1.005624 0.481341
0.891525 0.465626 1.005796 0.481312
0.891691 0.465679 1.005967 0.481283
0.891856 0.465733 1.006138 0.481254
0.892022 0.465786 1.006310 0.481225
0.892187 0.465838 1.006481 0.481195
0.892353 0.465891 1.006652 0.481165
0.892519 0.465943 1.006823 0.481135
0.892685 0.465995 1.006994 0.481105
0.892851 0.466047 1.007165 0.481074
0.893017 0.466099 1.007336 0.481043
0.893183 0.466150 1.007507 0.481012
0.893349 0.466201 1.007678 0.480981
0.893515 0.466252 1.007849 0.480949
0.893681 0.466303 1.008020 0.480917
0.893848 0.466353 1.008191 0.480885
0.894014 0.466404 1.008362 0.480853
0.894181 0.466454 1.008533 0.480821
0.894348 0.466503 1.008704 0.480788
0.894514 0.466553 1.008874 0.480755
0.894681 0.466602 1.009045 0.480722
0.894848 0.466651 1.009216 0.480689
0.895015 0.466700 1.009387 0.480655
0.895182 0.466749 1.009557 0.480621
0.895350 0.466797 1.009728 0.480587
0.895517 0.466845 1.009898 0.480553
0.895684 0.466893 1.010069 0.480518
0.895852 0.466941 1.010239 0.480483
0.896019 0.466988 1.010410 0.480448
0.896187 0.467035 1.010580 0.480413
0.896354 0.467082 1.010751 0.480378
0.896522 0.467129 1.010921 0.480342
0.896690 0.467175 1.011091 0.480306
0.896858 0.467222 1.011262 0.480270
0.897026 0.467268 1.011432 0.480234
0.897194 0.467313 1.011602 0.480197
0.897362 0.467359 1.011772 0.480160
0.897530 0.467404 1.011942 0.480123
0.897699 0.467449 1.012113 0.480086
0.897867 0.467494 1.012283 0.480048
0.898036 0.467539 1.012453 0.480010
0.898204 0.467583 1.012623 0.479972
0.898373 0.467628 1.012793 0.479934
0.898541 0.467671 1.012963 0.479896
0.898710 0.467715 1.013133 0.479857
0.898879 0.467759 1.013302 0.479818
0.899048 0.467802 1.013472 0.479779
0.899217 0.467845 1.013642 0.479740
0.899386 0.467888 1.013812 0.479700
0.899556 0.467930 1.013982 0.479660
0.899725 0.467972 1.014151 0.479620
0.899894 0.468015 1.014321 0.479580
0.900064 0.468056 1.014491 0.479540
0.900233 0.468098 1.014660 0.479499
0.900403 0.468139 1.014830 0.479458
0.900572 0.468180 1.014999 0.479417
0.900742 0.468221 1.015169 0.479375
0.900912 0.468262 1.015338 0.479334
0.901082 0.468303 1.015508 0.479292
0.901252 0.468343 1.015677 0.479250
0.901422 0.468383 1.015846 0.479208
0.901592 0.468422 1.016016 0.479165
0.901762 0.468462 1.016185 0.479122
0.901933 0.468501 1.016354 0.479080
0.902103 0.468540 1.016523 0.479036
0.902274 0.468579 1.016693 0.478993
0.902444 0.468618 1.016862 0.478949
0.902615 0.468656 1.017031 0.478905
0.902785 0.468694 1.017200 0.478861
0.902956 0.468732 1.017369 0.478817
0.903127 0.468770 1.017538 0.478773
0.903298 0.468807 1.017707 0.478728
0.903469 0.468844 1.017876 0.478683
0.903640 0.468881 1.018045 0.478638
0.903811 0.468918 1.018214 0.478592
0.903983 0.468954 1.018382 0.478547
0.904154 0.468991 1.018551 0.478501
0.904325 0.469027 1.018720 0.478455
0.904497 0.469062 1.018889 0.478408
0.904668 0.469098 1.019057 0.478362
0.904840 0.469133 1.019226 0.478315
0.905012 0.469168 1.019394 0.478268
0.905183 0.469203 1.019563 0.478221
0.905355 0.469238 1.019731 0.478173
0.905527 0.469272 1.019900 0.478126
0.905699 0.469306 1.020068 0.478078
0.905871 0.469340 1.020237 0.478030
0.906043 0.469374 1.020405 0.477982
0.906216 0.469407 1.020573 0.477933
0.906388 0.469441 1.020742 0.477884
0.906560 0.469474 1.020910 0.477835
0.906733 0.469506 1.021078 0.477786
0.906905 0.469539 1.021246 0.477737
0.907078 0.469571 1.021414 0.477687
0.907251 0.469603 1.021583 0.477637
0.907423 0.469635 1.021751 0.477587
0.907596 0.469667 1.021919 0.477537
0.907769 0.469698 1.022087 0.477486
0.907942 0.469729 1.022255 0.477436
0.908115 0.469760 1.022422 0.477385
0.908288 0.469791 1.022590 0.477334
0.908461 0.469821 1.022758 0.477282
0.908635 0.469851 1.022926 0.477231
0.908808 0.469881 1.023094 0.477179
0.908982 0.469911 1.023261 0.477127
0.909155 0.469941 1.023429 0.477075
0.909329 0.469970 1.023597 0.477022
0.909502 0.469999 1.023764 0.476970
0.909676 0.470028 1.023932 0.476917
0.909850 0.470056 1.024099 0.476863
0.910024 0.470085 1.024267 0.476810
0.910198 0.470113 1.024434 0.476757
0.910372 0.470141 1.024602 0.476703
0.910546 0.470168 1.024769 0.476649
0.910720 0.470196 1.024936 0.476595
0.910894 0.470223 1.025104 0.476540
0.911068 0.470250 1.025271 0.476486
0.911243 0.470277 1.025438 0.476431
0.911417 0.470303 1.025605 0.476376
0.911592 0.470329 1.025772 0.476320
0.911766 0.470355 1.025940 0.476265
0.911941 0.470381 1.026107 0.476209
0.912116 0.470407 1.026274 0.476153
0.912290 0.470432 1.026441 0.476097
0.912465 0.470457 1.026607 0.476041
0.912640 0.470482 1.026774 0.475984
0.912815 0.470506 1.026941 0.475927
0.912990 0.470531 1.027108 0.475870
0.913166 0.470555 1.027275 0.475813
0.913341 0.470579 1.027441 0.475756
0.913516 0.470603 1.027608 0.475698
0.913691 0.470626 1.027775 0.475640
0.913867 0.470649 1.027941 0.475582
0.914042 0.470672 1.028108 0.475524
0.914218 0.470695 1.028275 0.475465
0.914394 0.470718 1.028441 0.475407
0.914569 0.470740 1.028607 0.475348
0.914745 0.470762 1.028774 0.475289
0.914921 0.470784 1.028940 0.475229
0.915097 0.470805 1.029107 0.475170
0.915273 0.470827 1.029273 0.475110
0.915449 0.470848 1.029439 0.475050
0.915625 0.470869 1.029605 0.474990
0.915801 0.470889 1.029771 0.474929
0.915978 0.470910 1.029938 0.474869
0.916154 0.470930 1.030104 0.474808
0.916330 0.470950 1.030270 0.474747
0.916507 0.470970 1.030436 0.474686
0.916684 0.470989 1.030602 0.474624
0.916860 0.471009 1.030767 0.474563
0.917037 0.471028 1.030933 0.474501
0.917214 0.471046 1.031099 0.474439
0.917390 0.471065 1.031265 0.474376
0.917567 0.471083 1.031431 0.474314
0.917744 0.471101 1.031596 0.474251
0.917921 0.471119 1.031762 0.474188
0.918098 0.471137 1.031928 0.474125
0.918276 0.471154 1.032093 0.474062
0.918453 0.471172 1.032259 0.473998
0.918630 0.471189 1.032424 0.473934
0.918808 0.471205 1.032590 0.473870
0.918985 0.471222 1.032755 0.473806
0.919162 0.471238 1.032921 0.473742
0.919340 0.471254 1.033086 0.473677
0.919518 0.471270 1.033251 0.473612
0.919695 0.471285 1.033416 0.473547
0.919873 0.471301 1.033582 0.473482
0.920051 0.471316 1.033747 0.473417
0.920229 0.471331 1.033912 0.473351
0.920407 0.471345 1.034077 0.473285
0.920585 0.471360 1.034242 0.473219
0.920763 0.471374 1.034407 0.473153
0.920941 0.471388 1.034572 0.473086
0.921119 0.471402 1.034737 0.473019
0.921298 0.471415 1.034902 0.472953
0.921476 0.471428 1.035067 0.472885
0.921654 0.471441 1.035231 0.472818
0.921833 0.471454 1.035396 0.472751
0.922012 0.471467 1.035561 0.472683
0.922190 0.471479 1.035725 0.472615
0.922369 0.471491 1.035890 0.472547
0.922548 0.471503 1.036055 0.472478
0.922726 0.471514 1.036219 0.472410
0.922905 0.471526 1.036384 0.472341
0.923084 0.471537 1.036548 0.472272
0.923263 0.471548 1.036712 0.472203
0.923442 0.471559 1.036877 0.472134
0.923621 0.471569 1.037041 0.472064
0.923801 0.471579 1.037205 0.471994
0.923980 0.471589 1.037369 0.471924
0.924159 0.471599 1.037534 0.471854
0.924339 0.471609 1.037698 0.471784
0.924518 0.471618 1.037862 0.471713
0.924698 0.471627 1.038026 0.471642
0.924877 0.471636 1.038190 0.471571
0.925057 0.471644 1.038354 0.471500
0.925237 0.471653 1.038518 0.471429
0.925416 0.471661 1.038682 0.471357
0.925596 0.471669 1.038845 0.471285
0.925776 0.471676 1.039009 0.471213
0.925956 0.471684 1.039173 0.471141
0.926136 0.471691 1.039337 0.471068
0.926316 0.471698 1.039500 0.470996
0.926496 0.471705 1.039664 0.470923
0.926677 0.471711 1.039827 0.470850
0.926857 0.471718 1.039991 0.470777
0.927037 0.471724 1.040154 0.470703
0.927218 0.471730 1.040318 0.470630
0.927398 0.471735 1.040481 0.470556
0.927579 0.471741 1.040645 0.470482
0.927759 0.471746 1.040808 0.470407
0.927940 0.471751 1.040971 0.470333
0.928120 0.471755 1.041134 0.470258
0.928301 0.471760 1.041297 0.470183
0.928482 0.471764 1.041461 0.470108
0.928663 0.471768 1.041624 0.470033
0.928844 0.471772 1.041787 0.469958
0.929025 0.471775 1.041950 0.469882
0.929206 0.471778 1.042113 0.469806
0.929387 0.471781 1.042275 0.469730
0.929568 0.471784 1.042438 0.469654
0.929750 0.471787 1.042601 0.469577
0.929931 0.471789 1.042764 0.469501
0.930112 0.471791 1.042926 0.469424
0.930294 0.471793 1.043089 0.469347
0.930475 0.471795 1.043252 0.469269
0.930657 0.471796 1.043414 0.469192
0.930838 0.471797 1.043577 0.469114
0.931020 0.471798 1.043739 0.469036
0.931202 0.471799 1.043902 0.468958
0.931383 0.471800 1.044064 0.468880
0.931565 0.471800 1.044226 0.468802
0.931747 0.471800 1.044389 0.468723
0.931929 0.471800 1.044551 0.468644
0.932111 0.471799 1.044713 0.468565
0.932293 0.471799 1.044875 0.468486
0.932475 0.471798 1.045037 0.468406
0.932657 0.471797 1.045200 0.468327
0.932840 0.471795 1.045362 0.468247
0.933022 0.471794 1.045524 0.468167
0.933204 0.471792 1.045685 0.468087
0.933387 0.471790 1.045847 0.468006
0.933569 0.471788 1.046009 0.467926
0.933752 0.471785 1.046171 0.467845
0.933934 0.471782 1.046333 0.467764
0.934117 0.471779 1.046494 0.467682
0.934300 0.471776 1.046656 0.467601
0.934482 0.471773 1.046818 0.467519
0.934665 0.471769 1.046979 0.467438
0.934848 0.471765 1.047141 0.467356
0.935031 0.471761 1.047302 0.467273
0.935214 0.471757 1.047464 0.467191
0.935397 0.471752 1.047625 0.467108
0.935580 0.471747 1.047786 0.467026
0.935763 0.471742 1.047947 0.466943
0.935947 0.471737 1.048109 0.466859
0.936130 0.471732 1.048270 0.466776
0.936313 0.471726 1.048431 0.466693
0.936497 0.471720 1.048592 0.466609
0.936680 0.471714 1.048753 0.466525
0.936863 0.471707 1.048914 0.466441
0.937047 0.471701 1.049075 0.466356
0.937231 0.471694 1.049236 0.466272
0.937414 0.471687 1.049397 0.466187
0.937598 0.471679 1.049558 0.466102
0.937782 0.471672 1.049718 0.466017
0.937965 0.471664 1.049879 0.465932
0.938149 0.471656 1.050040 0.465846
0.938333 0.471647 1.050200 0.465760
0.938517 0.471639 1.050361 0.465675
0.938701 0.471630 1.050521 0.465588
0.938885 0.471621 1.050682 0.465502
0.939069 0.471612 1.050842 0.465416
0.939254 0.471603 1.051003 0.465329
0.939438 0.471593 1.051163 0.465242
0.939622 0.471583 1.051323 0.465155
0.939807 0.471573 1.051483 0.465068
0.939991 0.471563 1.051644 0.464980
0.940175 0.471552 1.051804 0.464893
0.940360 0.471541 1.051964 0.464805
0.940544 0.471530 1.052124 0.464717
0.940729 0.471519 1.052284 0.464629
0.940914 0.471507 1.052444 0.464540
0.941098 0.471496 1.052604 0.464452
0.941283 0.471484 1.052763 0.464363
0.941468 0.471471 1.052923 0.464274
0.941653 0.471459 1.053083 0.464185
0.941838 0.471446 1.053243 0.464096
0.942023 0.471434 1.053402 0.464006
0.942208 0.471420 1.053562 0.463916
0.942393 0.471407 1.053721 0.463826
0.942578 0.471394 1.053881 0.463736
0.942763 0.471380 1.054040 0.463646
0.942948 0.471366 1.054200 0.463556
0.943134 0.471351 1.054359 0.463465
0.943319 0.471337 1.054518 0.463374
0.943504 0.471322 1.054678 0.463283
0.943690 0.471307 1.054837 0.463192
0.943875 0.471292 1.054996 0.463100
0.944061 0.471277 1.055155 0.463009
0.944246 0.471261 1.055314 0.462917
0.944432 0.471245 1.055473 0.462825
0.944618 0.471229 1.055632 0.462733
0.944803 0.471213 1.055791 0.462640
0.944989 0.471196 1.055950 0.462548
0.945175 0.471179 1.056109 0.462455
0.945361 0.471162 1.056268 0.462362
0.945547 0.471145 1.056426 0.462269
0.945733 0.471128 1.056585 0.462176
0.945919 0.471110 1.056744 0.462082
0.946105 0.471092 1.056902 0.461988
0.946291 0.471074 1.057061 0.461895
0.946477 0.471055 1.057219 0.461801
0.946663 0.471037 1.057378 0.461706
0.946850 0.471018 1.057536 0.461612
0.947036 0.470999 1.057694 0.461517
0.947222 0.470979 1.057852 0.461422
0.947409 0.470960 1.058011 0.461327
0.947595 0.470940 1.058169 0.461232
0.947782 0.470920 1.058327 0.461137
0.947968 0.470900 1.058485 0.461041
0.948155 0.470879 1.058643 0.460946
0.948342 0.470859 1.058801 0.460850
0.948528 0.470838 1.058959 0.460754
0.948715 0.470817 1.059117 0.460657
0.948902 0.470795 1.059275 0.460561
0.949089 0.470774 1.059432 0.460464
0.949275 0.470752 1.059590 0.460367
0.949462 0.470730 1.059748 0.460270
0.949649 0.470707 1.059905 0.460173
0.949836 0.470685 1.060063 0.460076
0.950023 0.470662 1.060220 0.459978
0.950211 0.470639 1.060378 0.459880
0.950398 0.470616 1.060535 0.459782
0.950585 0.470592 1.060693 0.459684
0.950772 0.470569 1.060850 0.459586
0.950959 0.470545 1.061007 0.459487
0.951147 0.470521 1.061164 0.459389
0.951334 0.470496 1.061322 0.459290
0.951522 0.470472 1.061479 0.459191
0.951709 0.470447 1.061636 0.459092
0.951897 0.470422 1.061793 0.458992
0.952084 0.470396 1.061950 0.458893
0.952272 0.470371 1.062107 0.458793
0.952459 0.470345 1.062263 0.458693
0.952647 0.470319 1.062420 0.458593
0.952835 0.470293 1.062577 0.458492
0.953023 0.470267 1.062734 0.458392
0.953210 0.470240 1.062890 0.458291
0.953398 0.470213 1.063047 0.458190
0.953586 0.470186 1.063203 0.458089
0.953774 0.470159 1.063360 0.457988
0.953962 0.470131 1.063516 0.457887
0.954150 0.470103 1.063673 0.457785
0.954338 0.470075 1.063829 0.457683
0.954526 0.470047 1.063985 0.457581
0.954714 0.470018 1.064141 0.457479
0.954903 0.469990 1.064298 0.457377
0.955091 0.469961 1.064454 0.457274
0.955279 0.469932 1.064610 0.457172
0.955468 0.469902 1.064766 0.457069
0.955656 0.469873 1.064922 0.456966
0.955844 0.469843 1.065078 0.456863
0.956033 0.469813 1.065234 0.456759
0.956221 0.469782 1.065389 0.456656
0.956410 0.469752 1.065545 0.456552
0.956598 0.469721 1.065701 0.456448
0.956787 0.469690 1.065857 0.456344
0.956976 0.469659 1.066012 0.456240
0.957164 0.469627 1.066168 0.456135
0.957353 0.469596 1.066323 0.456030
0.957542 0.469564 1.066479 0.455926
0.957731 0.469532 1.066634 0.455821
0.957920 0.469499 1.066789 0.455715
0.958109 0.469467 1.066945 0.455610
0.958298 0.469434 1.067100 0.455505
0.958487 0.469401 1.067255 0.455399
0.958676 0.469367 1.067410 0.455293
0.958865 0.469334 1.067565 0.455187
0.959054 0.469300 1.067720 0.455081
0.959243 0.469266 1.067875 0.454974
0.959432 0.469232 1.068030 0.454868
0.959621 0.469198 1.068185 0.454761
0.959811 0.469163 1.068340 0.454654
0.960000 0.469128 1.068495 0.454547
0.960189 0.469093 1.068649 0.454439
0.960379 0.469058 1.068804 0.454332
0.960568 0.469022 1.068959 0.454224
0.960758 0.468986 1.069113 0.454116
0.960947 0.468950 1.069268 0.454008
0.961137 0.468914 1.069422 0.453900
0.961326 0.468877 1.069577 0.453792
0.961516 0.468841 1.069731 0.453683
0.961705 0.468804 1.069885 0.453575
0.961895 0.468767 1.070039 0.453466
0.962085 0.468729 1.070194 0.453357
0.962275 0.468692 1.070348 0.453247
0.962464 0.468654 1.070502 0.453138
0.962654 0.468616 1.070656 0.453028
0.962844 0.468577 1.070810 0.452919
0.963034 0.468539 1.070964 0.452809
0.963224 0.468500 1.071117 0.452698
0.963414 0.468461 1.071271 0.452588
0.963604 0.468422 1.071425 0.452478
0.963794 0.468382 1.071579 0.452367
0.963984 0.468343 1.071732 0.452256
0.964174 0.468303 1.071886 0.452145
0.964364 0.468263 1.072039 0.452034
0.964555 0.468222 1.072193 0.451923
0.964745 0.468182 1.072346 0.451811
0.964935 0.468141 1.072500 0.451700
0.965125 0.468100 1.072653 0.451588
0.965316 0.468059 1.072806 0.451476
0.965506 0.468017 1.072960 0.451363
0.965696 0.467976 1.073113 0.451251
0.965887 0.467934 1.073266 0.451139
0.966077 0.467891 1.073419 0.451026
0.966268 0.467849 1.073572 0.450913
0.966458 0.467806 1.073725 0.450800
0.966649 0.467764 1.073878 0.450687
0.966840 0.467721 1.074030 0.450573
0.967030 0.467677 1.074183 0.450460
0.967221 0.467634 1.074336 0.450346
0.967412 0.467590 1.074489 0.450232
0.967602 0.467546 1.074641 0.450118
0.967793 0.467502 1.074794 0.450004
0.967984 0.467457 1.074946 0.449889
0.968175 0.467413 1.075099 0.449775
0.968366 0.467368 1.075251 0.449660
0.968557 0.467323 1.075403 0.449545
0.968748 0.467277 1.075556 0.449430
0.968939 0.467232 1.075708 0.449314
0.969130 0.467186 1.075860 0.449199
0.969321 0.467140 1.076012 0.449083
0.969512 0.467094 1.076164 0.448968
0.969703 0.467047 1.076316 0.448852
0.969894 0.467001 1.076468 0.448735
0.970085 0.466954 1.076620 0.448619
0.970276 0.466906 1.076772 0.448503
0.970468 0.466859 1.076924 0.448386
0.970659 0.466811 1.077075 0.448269
0.970850 0.466764 1.077227 0.448152
0.971042 0.466716 1.077379 0.448035
0.971233 0.466667 1.077530 0.447918
0.971424 0.466619 1.077682 0.447800
0.971616 0.466570 1.077833 0.447683
0.971807 0.466521 1.077985 0.447565
0.971999 0.466472 1.078136 0.447447
0.972190 0.466422 1.078287 0.447329
0.972382 0.466373 1.078439 0.447210
0.972573 0.466323 1.078590 0.447092
0.972765 0.466273 1.078741 0.446973
0.972957 0.466222 1.078892 0.446854
0.973148 0.466172 1.079043 0.446735
0.973340 0.466121 1.079194 0.446616
0.973532 0.466070 1.079345 0.446497
0.973723 0.466019 1.079496 0.446377
0.973915 0.465968 1.079646 0.446258
0.974107 0.465916 1.079797 0.446138
0.974299 0.465864 1.079948 0.446018
0.974491 0.465812 1.080098 0.445898
0.974683 0.465759 1.080249 0.445777
0.974874 0.465707 1.080399 0.445657
0.975066 0.465654 1.080550 0.445536
0.975258 0.465601 1.080700 0.445415
0.975450 0.465548 1.080851 0.445294
0.975642 0.465494 1.081001 0.445173
0.975834 0.465441 1.081151 0.445052
0.976027 0.465387 1.081301 0.444930
0.976219 0.465332 1.081451 0.444809
0.976411 0.465278 1.081601 0.444687
0.976603 0.465223 1.081751 0.444565
0.976795 0.465169 1.081901 0.444443
0.976987 0.465114 1.082051 0.444320
0.977180 0.465058 1.082201 0.444198
0.977372 0.465003 1.082351 0.444075
0.977564 0.464947 1.082501 0.443952
0.977757 0.464891 1.082650 0.443829
0.977949 0.464835 1.082800 0.443706
0.978141 0.464779 1.082949 0.443583
0.978334 0.464722 1.083099 0.443459
0.978526 0.464665 1.083248 0.443336
0.978719 0.464608 1.083398 0.443212
0.978911 0.464551 1.083547 0.443088
0.979104 0.464493 1.083696 0.442964
0.979296 0.464435 1.083846 0.442840
0.979489 0.464377 1.083995 0.442715
0.979681 0.464319 1.084144 0.442591
0.979874 0.464261 1.084293 0.442466
0.980067 0.464202 1.084442 0.442341
0.980259 0.464143 1.084591 0.442216
0.980452 0.464084 1.084740 0.442091
0.980645 0.464025 1.084888 0.441965
0.980837 0.463965 1.085037 0.441839
0.981030 0.463905 1.085186 0.441714
0.981223 0.463845 1.085334 0.441588
0.981416 0.463785 1.085483 0.441462
0.981608 0.463725 1.085632 0.441336
0.981801 0.463664 1.085780 0.441209
0.981994 0.463603 1.085928 0.441083
0.982187 0.463542 1.086077 0.440956
0.982380 0.463481 1.086225 0.440829
0.982573 0.463419 1.086373 0.440702
0.982766 0.463357 1.086521 0.440575
0.982959 0.463295 1.086670 0.440447
0.983152 0.463233 1.086818 0.440320
0.983345 0.463170 1.086966 0.440192
0.983538 0.463108 1.087114 0.440064
0.983731 0.463045 1.087261 0.439936
0.983924 0.462982 1.087409 0.439808
0.984117 0.462918 1.087557 0.439680
0.984310 0.462855 1.087705 0.439551
0.984504 0.462791 1.087852 0.439423
0.984697 0.462727 1.088000 0.439294
0.984890 0.462663 1.088148 0.439165
0.985083 0.462598 1.088295 0.439036
0.985276 0.462533 1.088442 0.438906
0.985470 0.462468 1.088590 0.438777
0.985663 0.462403 1.088737 0.438647
0.985856 0.462338 1.088884 0.438518
0.986050 0.462272 1.089032 0.438388
0.986243 0.462206 1.089179 0.438258
0.986436 0.462140 1.089326 0.438127
0.986630 0.462074 1.089473 0.437997
0.986823 0.462008 1.089620 0.437866
0.987017 0.461941 1.089767 0.437736
0.987210 0.461874 1.089913 0.437605
0.987404 0.461807 1.090060 0.437474
0.987597 0.461739 1.090207 0.437343
0.987791 0.461672 1.090354 0.437211
0.987984 0.461604 1.090500 0.437080
0.988178 0.461536 1.090647 0.436948
0.988371 0.461468 1.090793 0.436816
0.988565 0.461399 1.090940 0.436684
0.988758 0.461330 1.091086 0.436552
0.988952 0.461261 1.091232 0.436420
0.989146 0.461192 1.091379 0.436288
0.989339 0.461123 1.091525 0.436155
0.989533 0.461053 1.091671 0.436022
0.989727 0.460983 1.091817 0.435889
0.989920 0.460913 1.091963 0.435756
0.990114 0.460843 1.092109 0.435623
0.990308 0.460772 1.092255 0.435490
0.990502 0.460702 1.092401 0.435356
0.990695 0.460631 1.092546 0.435222
0.990889 0.460560 1.092692 0.435088
0.991083 0.460488 1.092838 0.434954
0.991277 0.460417 1.092983 0.434820
0.991471 0.460345 1.093129 0.434686
0.991664 0.460273 1.093275 0.434552
0.991858 0.460200 1.093420 0.434417
0.992052 0.460128 1.093565 0.434282
0.992246 0.460055 1.093711 0.434147
0.992440 0.459982 1.093856 0.434012
0.992634 0.459909 1.094001 0.433877
0.992828 0.459835 1.094146 0.433741
0.993022 0.459762 1.094291 0.433606
0.993216 0.459688 1.094436 0.433470
0.993410 0.459614 1.094581 0.433334
0.993604 0.459540 1.094726 0.433198
0.993798 0.459465 1.094871 0.433062
0.993992 0.459390 1.095016 0.432926
0.994186 0.459315 1.095160 0.432789
0.994380 0.459240 1.095305 0.432653
0.994574 0.459165 1.095450 0.432516
0.994768 0.459089 1.095594 0.432379
0.994962 0.459013 1.095739 0.432242
0.995156 0.458937 1.095883 0.432105
0.995351 0.458861 1.096027 0.431967
0.995545 0.458784 1.096172 0.431830
0.995739 0.458708 1.096316 0.431692
0.995933 0.458631 1.096460 0.431554
0.996127 0.458554 1.096604 0.431416
0.996322 0.458476 1.096748 0.431278
0.996516 0.458398 1.096892 0.431140
0.996710 0.458321 1.097036 0.431001
0.996904 0.458243 1.097180 0.430863
0.997098 0.458164 1.097324 0.430724
0.997293 0.458086 1.097468 0.430585
0.997487 0.458007 1.097611 0.430446
0.997681 0.457928 1.097755 0.430307
0.997876 0.457849 1.097899 0.430167
0.998070 0.457770 1.098042 0.430028
0.998264 0.457690 1.098186 0.429888
0.998459 0.457610 1.098329 0.429748
0.998653 0.457530 1.098472 0.429608
0.998847 0.457450 1.098616 0.429468
0.999042 0.457369 1.098759 0.429328
0.999236 0.457289 1.098902 0.429188
0.999430 0.457208 1.099045 0.429047
0.999625 0.457126 1.099188 0.428906
0.999819 0.457045 1.099331 0.428765
1.000014 0.456963 1.099474 0.428624
1.000208 0.456882 1.099617 0.428483
1.000403 0.456800 1.099760 0.428342
1.000597 0.456717 1.099902 0.428200
1.000791 0.456635 1.100045 0.428059
1.000986 0.456552 1.100188 0.427917
1.001180 0.456469 1.100330 0.427775
1.001375 0.456386 1.100473 0.427633
1.001569 0.456303 1.100615 0.427491
1.001764 0.456219 1.100757 0.427349
1.001958 0.456135 1.100900 0.427206
1.002153 0.456051 1.101042 0.427063
1.002348 0.455967 1.101184 0.426921
1.002542 0.455883 1.101326 0.426778
1.002737 0.455798 1.101468 0.426635
1.002931 0.455713 1.101610 0.426491
1.003126 0.455628 1.101752 0.426348
1.003320 0.455542 1.101894 0.426204
1.003515 0.455457 1.102036 0.426061
1.003709 0.455371 1.102178 0.425917
1.003904 0.455285 1.102319 0.425773
1.004099 0.455199 1.102461 0.425629
1.004293 0.455112 1.102603 0.425484
1.004488 0.455026 1.102744 0.425340
1.004683 0.454939 1.102885 0.425195
1.004877 0.454852 1.103027 0.425051
1.005072 0.454764 1.103168 0.424906
1.005266 0.454677 1.103309 0.424761
1.005461 0.454589 1.103451 0.424616
1.005656 0.454501 1.103592 0.424470
1.005850 0.454413 1.103733 0.424325
1.006045 0.454325 1.103874 0.424179
1.006240 0.454236 1.104015 0.424033
1.006434 0.454147 1.104156 0.423888
1.006629 0.454058 1.104297 0.423742
1.006824 0.453969 1.104437 0.423595
1.007019 0.453879 1.104578 0.423449
1.007213 0.453789 1.104719 0.423303
1.007408 0.453699 1.104859 0.423156
1.007603 0.453609 1.105000 0.423009
1.007797 0.453519 1.105140 0.422862
1.007992 0.453428 1.105281 0.422715
1.008187 0.453337 1.105421 0.422568
1.008382 0.453246 1.105561 0.422421
1.008576 0.453155 1.105701 0.422273
1.008771 0.453064 1.105842 0.422126
1.008966 0.452972 1.105982 0.421978
1.009161 0.452880 1.106122 0.421830
1.009355 0.452788 1.106262 0.421682
1.009550 0.452696 1.106402 0.421534
1.009745 0.452603 1.106541 0.421385
1.009940 0.452510 1.106681 0.421237
1.010134 0.452417 1.106821 0.421088
1.010329 0.452324 1.106961 0.420939
1.010524 0.452230 1.107100 0.420790
1.010719 0.452137 1.107240 0.420641
1.010913 0.452043 1.107379 0.420492
1.011108 0.451949 1.107519 0.420343
1.011303 0.451854 1.107658 0.420193
1.011498 0.451760 1.107797 0.420044
1.011692 0.451665 1.107936 0.419894
1.011887 0.451570 1.108076 0.419744
1.012082 0.451475 1.108215 0.419594
1.012277 0.451380 1.108354 0.419444
1.012472 0.451284 1.108493 0.419293
1.012666 0.451188 1.108632 0.419143
1.012861 0.451092 1.108770 0.418992
1.013056 0.450996 1.108909 0.418841
1.013251 0.450899 1.109048 0.418690
1.013446 0.450803 1.109187 0.418539
1.013640 0.450706 1.109325 0.418388
1.013835 0.450608 1.109464 0.418237
1.014030 0.450511 1.109602 0.418085
1.014225 0.450414 1.109741 0.417934
1.014420 0.450316 1.109879 0.417782
1.014614 0.450218 1.110017 0.417630
1.014809 0.450119 1.110155 0.417478
1.015004 0.450021 1.110294 0.417326
1.015199 0.449922 1.110432 0.417173
1.015393 0.449823 1.110570 0.417021
1.015588 0.449724 1.110708 0.416868
1.015783 0.449625 1.110846 0.416716
1.015978 0.449525 1.110983 0.416563
1.016173 0.449426 1.111121 0.416410
1.016367 0.449326 1.111259 0.416256
1.016562 0.449226 1.111396 0.416103
1.016757 0.449125 1.111534 0.415950
1.016952 0.449025 1.111672 0.415796
1.017146 0.448924 1.111809 0.415642
1.017341 0.448823 1.111946 0.415488
1.017536 0.448721 1.112084 0.415334
1.017731 0.448620 1.112221 0.415180
1.017926 0.448518 1.112358 0.415026
1.018120 0.448416 1.112495 0.414872
1.018315 0.448314 1.112632 0.414717
1.018510 0.448212 1.112769 0.414562
1.018705 0.448109 1.112906 0.414408
1.018899 0.448006 1.113043 0.414253
1.019094 0.447903 1.113180 0.414097
1.019289 0.447800 1.113317 0.413942
1.019483 0.447697 1.113454 0.413787
1.019678 0.447593 1.113590 0.413631
1.019873 0.447489 1.113727 0.413476
1.020068 0.447385 1.113863 0.413320
1.020262 0.447281 1.114000 0.413164
1.020457 0.447176 1.114136 0.413008
1.020652 0.447072 1.114272 0.412852
1.020846 0.446967 1.114409 0.412695
1.021041 0.446862 1.114545 0.412539
1.021236 0.446756 1.114681 0.412382
1.021431 0.446651 1.114817 0.412225
1.021625 0.446545 1.114953 0.412068
1.021820 0.446439 1.115089 0.411911
1.022015 0.446333 1.115225 0.411754
1.022209 0.446226 1.115361 0.411597
1.022404 0.446119 1.115496 0.411439
1.022599 0.446013 1.115632 0.411282
1.022793 0.445905 1.115768 0.411124
1.022988 0.445798 1.115903 0.410966
1.023182 0.445691 1.116039 0.410808
1.023377 0.445583 1.116174 0.410650
1.023572 0.445475 1.116310 0.410492
1.023766 0.445367 1.116445 0.410333
1.023961 0.445258 1.116580 0.410175
1.024156 0.445150 1.116715 0.410016
1.024350 0.445041 1.116850 0.409857
1.024545 0.444932 1.116985 0.409699
1.024739 0.444823 1.117120 0.409539
1.024934 0.444713 1.117255 0.409380
1.025128 0.444604 1.117390 0.409221
1.025323 0.444494 1.117525 0.409061
1.025517 0.444384 1.117660 0.408902
1.025712 0.444273 1.117794 0.408742
1.025907 0.444163 1.117929 0.408582
1.026101 0.444052 1.118063 0.408422
1.026296 0.443941 1.118198 0.408262
1.026490 0.443830 1.118332 0.408102
1.026685 0.443718 1.118466 0.407941
1.026879 0.443607 1.118601 0.407781
1.027073 0.443495 1.118735 0.407620
1.027268 0.443383 1.118869 0.407459
1.027462 0.443271 1.119003 0.407298
1.027657 0.443158 1.119137 0.407137
1.027851 0.443046 1.119271 0.406976
1.028046 0.442933 1.119405 0.406815
1.028240 0.442820 1.119539 0.406653
1.028435 0.442706 1.119673 0.406492
1.028629 0.442593 1.119806 0.406330
1.028823 0.442479 1.119940 0.406168
1.029018 0.442365 1.120073 0.406006
1.029212 0.442251 1.120207 0.405844
1.029406 0.442137 1.120340 0.405682
1.029601 0.442022 1.120474 0.405519
1.029795 0.441907 1.120607 0.405357
1.029989 0.441792 1.120740 0.405194
1.030184 0.441677 1.120873 0.405031
1.030378 0.441562 1.121006 0.404868
1.030572 0.441446 1.121139 0.404705
1.030766 0.441330 1.121272 0.404542
1.030961 0.441214 1.121405 0.404379
1.031155 0.441098 1.121538 0.404215
1.031349 0.440981 1.121671 0.404052
1.031543 0.440865 1.121804 0.403888
1.031738 0.440748 1.121936 0.403724
1.031932 0.440631 1.122069 0.403560
1.032126 0.440513 1.122201 0.403396
1.032320 0.440396 1.122334 0.403232
1.032514 0.440278 1.122466 0.403067
1.032708 0.440160 1.122598 0.402903
1.032902 0.440042 1.122731 0.402738
1.033097 0.439923 1.122863 0.402573
1.033291 0.439805 1.122995 0.402408
1.033485 0.439686 1.123127 0.402243
1.033679 0.439567 1.123259 0.402078
1.033873 0.439448 1.123391 0.401913
1.034067 0.439328 1.123523 0.401748
1.034261 0.439208 1.123655 0.401582
1.034455 0.439089 1.123786 0.401416
1.034649 0.438968 1.123918 0.401251
1.034843 0.438848 1.124050 0.401085
1.035037 0.438728 1.124181 0.400919
1.035231 0.438607 1.124313 0.400752
1.035425 0.438486 1.124444 0.400586
1.035619 0.438365 1.124575 0.400420
1.035813 0.438243 1.124707 0.400253
1.036006 0.438122 1.124838 0.400086
1.036200 0.438000 1.124969 0.399919
1.036394 0.437878 1.125100 0.399752
1.036588 0.437756 1.125231 0.399585
1.036782 0.437633 1.125362 0.399418
1.036976 0.437511 1.125493 0.399251
1.037169 0.437388 1.125624 0.399083
1.037363 0.437265 1.125754 0.398916
1.037557 0.437142 1.125885 0.398748
1.037751 0.437018 1.126016 0.398580
1.037944 0.436894 1.126146 0.398412
1.038138 0.436771 1.126277 0.398244
1.038332 0.436646 1.126407 0.398076
1.038525 0.436522 1.126537 0.397908
1.038719 0.436398 1.126668 0.397739
1.038913 0.436273 1.126798 0.397570
1.039106 0.436148 1.126928 0.397402
1.039300 0.436023 1.127058 0.397233
1.039493 0.435897 1.127188 0.397064
1.039687 0.435772 1.127318 0.396895
1.039880 0.435646 1.127448 0.396725
1.040074 0.435520 1.127578 0.396556
1.040267 0.435394 1.127707 0.396387
1.040461 0.435267 1.127837 0.396217
1.040654 0.435141 1.127967 0.396047
1.040848 0.435014 1.128096 0.395877
1.041041 0.434887 1.128226 0.395707
1.041235 0.434760 1.128355 0.395537
1.041428 0.434632 1.128485 0.395367
1.041621 0.434505 1.128614 0.395197
1.041815 0.434377 1.128743 0.395026
1.042008 0.434249 1.128872 0.394855
1.042201 0.434120 1.129001 0.394685
1.042395 0.433992 1.129130 0.394514
1.042588 0.433863 1.129259 0.394343
1.042781 0.433734 1.129388 0.394172
1.042974 0.433605 1.129517 0.394000
1.043167 0.433476 1.129646 0.393829
1.043361 0.433346 1.129774 0.393657
1.043554 0.433216 1.129903 0.393486
1.043747 0.433086 1.130032 0.393314
1.043940 0.432956 1.130160 0.393142
1.044133 0.432826 1.130288 0.392970
1.044326 0.432695 1.130417 0.392798
1.044519 0.432564 1.130545 0.392626
1.044712 0.432433 1.130673 0.392453
1.044905 0.432302 1.130801 0.392281
1.045098 0.432171 1.130929 0.392108
1.045291 0.432039 1.131058 0.391936
1.045484 0.431907 1.131185 0.391763
1.045677 0.431775 1.131313 0.391590
1.045870 0.431643 1.131441 0.391417
1.046063 0.431510 1.131569 0.391243
1.046255 0.431378 1.131697 0.391070
1.046448 0.431245 1.131824 0.390897
1.046641 0.431112 1.131952 0.390723
1.046834 0.430979 1.132079 0.390549
1.047026 0.430845 1.132207 0.390375
1.047219 0.430711 1.132334 0.390202
1.047412 0.430577 1.132461 0.390027
1.047605 0.430443 1.132588 0.389853
1.047797 0.430309 1.132716 0.389679
1.047990 0.430174 1.132843 0.389504
1.048182 0.430040 1.132970 0.389330
1.048375 0.429905 1.133097 0.389155
1.048567 0.429769 1.133223 0.388980
1.048760 0.429634 1.133350 0.388805
1.048952 0.429499 1.133477 0.388630
1.049145 0.429363 1.133604 0.388455
1.049337 0.429227 1.133730 0.388280
1.049530 0.429091 1.133857 0.388104
1.049722 0.428954 1.133983 0.387929
1.049914 0.428818 1.134110 0.387753
1.050107 0.428681 1.134236 0.387577
1.050299 0.428544 1.134362 0.387402
1.050491 0.428406 1.134489 0.387225
1.050684 0.428269 1.134615 0.387049
1.050876 0.428131 1.134741 0.386873
1.051068 0.427994 1.134867 0.386697
1.051260 0.427855 1.134993 0.386520
1.051452 0.427717 1.135119 0.386344
1.051644 0.427579 1.135244 0.386167
1.051837 0.427440 1.135370 0.385990
1.052029 0.427301 1.135496 0.385813
1.052221 0.427162 1.135621 0.385636
1.052413 0.427023 1.135747 0.385459
1.052605 0.426883 1.135872 0.385281
1.052797 0.426744 1.135998 0.385104
1.052988 0.426604 1.136123 0.384926
1.053180 0.426464 1.136248 0.384749
1.053372 0.426323 1.136373 0.384571
1.053564 0.426183 1.136499 0.384393
1.053756 0.426042 1.136624 0.384215
1.053948 0.425901 1.136749 0.384037
1.054139 0.425760 1.136873 0.383858
1.054331 0.425619 1.136998 0.383680
1.054523 0.425477 1.137123 0.383501
1.054714 0.425335 1.137248 0.383323
1.054906 0.425193 1.137372 0.383144
1.055098 0.425051 1.137497 0.382965
1.055289 0.424909 1.137622 0.382786
1.055481 0.424766 1.137746 0.382607
1.055672 0.424623 1.137870 0.382428
1.055864 0.424480 1.137995 0.382248
1.056055 0.424337 1.138119 0.382069
1.056247 0.424194 1.138243 0.381889
1.056438 0.424050 1.138367 0.381710
1.056629 0.423906 1.138491 0.381530
1.056821 0.423762 1.138615 0.381350
1.057012 0.423618 1.138739 0.381170
1.057203 0.423474 1.138863 0.380990
1.057394 0.423329 1.138987 0.380809
1.057586 0.423184 1.139110 0.380629
1.057777 0.423039 1.139234 0.380448
1.057968 0.422894 1.139357 0.380268
1.058159 0.422749 1.139481 0.380087
1.058350 0.422603 1.139604 0.379906
1.058541 0.422457 1.139728 0.379725
1.058732 0.422311 1.139851 0.379544
1.058923 0.422165 1.139974 0.379363
1.059114 0.422019 1.140097 0.379181
1.059305 0.421872 1.140220 0.379000
1.059496 0.421725 1.140343 0.378818
1.059687 0.421578 1.140466 0.378637
1.059877 0.421431 1.140589 0.378455
1.060068 0.421283 1.140712 0.378273
1.060259 0.421136 1.140835 0.378091
1.060449 0.420988 1.140957 0.377909
1.060640 0.420840 1.141080 0.377727
1.060831 0.420691 1.141203 0.377544
1.061021 0.420543 1.141325 0.377362
1.061212 0.420394 1.141447 0.377179
1.061402 0.420245 1.141570 0.376996
1.061593 0.420096 1.141692 0.376814
1.061783 0.419947 1.141814 0.376631
1.061974 0.419798 1.141936 0.376448
1.062164 0.419648 1.142058 0.376264
1.062355 0.419498 1.142180 0.376081
1.062545 0.419348 1.142302 0.375898
1.062735 0.419198 1.142424 0.375714
1.062925 0.419047 1.142546 0.375530
1.063116 0.418896 1.142667 0.375347
1.063306 0.418745 1.142789 0.375163
1.063496 0.418594 1.142911 0.374979
1.063686 0.418443 1.143032 0.374795
1.063876 0.418292 1.143154 0.374611
1.064066 0.418140 1.143275 0.374426
1.064256 0.417988 1.143396 0.374242
1.064446 0.417836 1.143517 0.374057
1.064636 0.417684 1.143639 0.373873
1.064826 0.417531 1.143760 0.373688
1.065016 0.417378 1.143881 0.373503
1.065205 0.417225 1.144002 0.373318
1.065395 0.417072 1.144122 0.373133
1.065585 0.416919 1.144243 0.372948
1.065775 0.416765 1.144364 0.372762
1.065964 0.416612 1.144485 0.372577
1.066154 0.416458 1.144605 0.372391
1.066343 0.416304 1.144726 0.372206
1.066533 0.416149 1.144846 0.372020
1.066722 0.415995 1.144967 0.371834
1.066912 0.415840 1.145087 0.371648
1.067101 0.415685 1.145207 0.371462
1.067291 0.415530 1.145327 0.371276
1.067480 0.415375 1.145447 0.371090
1.067669 0.415219 1.145568 0.370903
1.067859 0.415064 1.145687 0.370717
1.068048 0.414908 1.145807 0.370530
1.068237 0.414751 1.145927 0.370343
1.068426 0.414595 1.146047 0.370156
1.068615 0.414439 1.146167 0.369969
1.068804 0.414282 1.146286 0.369782
1.068993 0.414125 1.146406 0.369595
1.069182 0.413968 1.146525 0.369408
1.069371 0.413811 1.146645 0.369220
1.069560 0.413653 1.146764 0.369033
1.069749 0.413495 1.146883 0.368845
1.069938 0.413337 1.147003 0.368657
1.070127 0.413179 1.147122 0.368469
1.070315 0.413021 1.147241 0.368281
1.070504 0.412862 1.147360 0.368093
1.070693 0.412704 1.147479 0.367905
1.070881 0.412545 1.147598 0.367717
1.071070 0.412386 1.147716 0.367528
1.071258 0.412226 1.147835 0.367340
1.071447 0.412067 1.147954 0.367151
1.071635 0.411907 1.148072 0.366962
1.071824 0.411747 1.148191 0.366773
1.072012 0.411587 1.148309 0.366584
1.072200 0.411427 1.148428 0.366395
1.072389 0.411266 1.148546 0.366206
1.072577 0.411106 1.148664 0.366017
1.072765 0.410945 1.148782 0.365827
1.072953 0.410784 1.148900 0.365638
1.073141 0.410623 1.149018 0.365448
1.073329 0.410461 1.149136 0.365259
1.073517 0.410299 1.149254 0.365069
1.073705 0.410137 1.149372 0.364879
1.073893 0.409975 1.149490 0.364689
1.074081 0.409813 1.149607 0.364499
1.074269 0.409651 1.149725 0.364308
1.074457 0.409488 1.149843 0.364118
1.074645 0.409325 1.149960 0.363927
1.074832 0.409162 1.150077 0.363737
1.075020 0.408999 1.150195 0.363546
1.075208 0.408835 1.150312 0.363355
1.075395 0.408672 1.150429 0.363164
1.075583 0.408508 1.150546 0.362973
1.075770 0.408344 1.150663 0.362782
1.075958 0.408180 1.150780 0.362591
1.076145 0.408015 1.150897 0.362400
1.076332 0.407850 1.151014 0.362208
1.076520 0.407686 1.151131 0.362017
1.076707 0.407521 1.151248 0.361825
1.076894 0.407355 1.151364 0.361633
1.077081 0.407190 1.151481 0.361441
1.077268 0.407024 1.151597 0.361249
1.077456 0.406858 1.151714 0.361057
1.077643 0.406692 1.151830 0.360865
1.077830 0.406526 1.151946 0.360673
1.078016 0.406360 1.152062 0.360480
1.078203 0.406193 1.152179 0.360288
1.078390 0.406026 1.152295 0.360095
1.078577 0.405859 1.152411 0.359903
1.078764 0.405692 1.152526 0.359710
1.078950 0.405525 1.152642 0.359517
1.079137 0.405357 1.152758 0.359324
1.079324 0.405190 1.152874 0.359131
1.079510 0.405022 1.152989 0.358937
1.079697 0.404853 1.153105 0.358744
1.079883 0.404685 1.153220 0.358551
1.080069 0.404517 1.153336 0.358357
1.080256 0.404348 1.153451 0.358163
1.080442 0.404179 1.153567 0.357970
1.080628 0.404010 1.153682 0.357776
1.080815 0.403840 1.153797 0.357582
1.081001 0.403671 1.153912 0.357388
1.081187 0.403501 1.154027 0.357193
1.081373 0.403331 1.154142 0.356999
1.081559 0.403161 1.154257 0.356805
1.081745 0.402991 1.154372 0.356610
1.081931 0.402820 1.154486 0.356416
1.082117 0.402650 1.154601 0.356221
1.082303 0.402479 1.154715 0.356026
1.082488 0.402308 1.154830 0.355831
1.082674 0.402136 1.154944 0.355636
1.082860 0.401965 1.155059 0.355441
1.083045 0.401793 1.155173 0.355246
1.083231 0.401621 1.155287 0.355050
1.083416 0.401449 1.155401 0.354855
1.083602 0.401277 1.155516 0.354659
1.083787 0.401105 1.155630 0.354464
1.083973 0.400932 1.155743 0.354268
1.084158 0.400759 1.155857 0.354072
1.084343 0.400586 1.155971 0.353876
1.084528 0.400413 1.156085 0.353680
1.084713 0.400240 1.156199 0.353484
1.084899 0.400066 1.156312 0.353288
1.085084 0.399892 1.156426 0.353092
1.085269 0.399718 1.156539 0.352895
1.085454 0.399544 1.156652 0.352698
1.085638 0.399370 1.156766 0.352502
1.085823 0.399195 1.156879 0.352305
1.086008 0.399020 1.156992 0.352108
1.086193 0.398845 1.157105 0.351911
1.086377 0.398670 1.157218 0.351714
1.086562 0.398495 1.157331 0.351517
1.086747 0.398320 1.157444 0.351320
1.086931 0.398144 1.157557 0.351122
1.087116 0.397968 1.157670 0.350925
1.087300 0.397792 1.157782 0.350727
1.087484 0.397616 1.157895 0.350530
1.087669 0.397439 1.158007 0.350332
1.087853 0.397262 1.158120 0.350134
1.088037 0.397086 1.158232 0.349936
1.088221 0.396909 1.158344 0.349738
1.088405 0.396731 1.158457 0.349540
1.088589 0.396554 1.158569 0.349341
1.088773 0.396376 1.158681 0.349143
1.088957 0.396198 1.158793 0.348945
1.089141 0.396020 1.158905 0.348746
1.089325 0.395842 1.159017 0.348547
1.089509 0.395664 1.159129 0.348348
1.089692 0.395485 1.159240 0.348150
1.089876 0.395306 1.159352 0.347951
1.090060 0.395128 1.159463 0.347752
1.090243 0.394948 1.159575 0.347552
1.090427 0.394769 1.159686 0.347353
1.090610 0.394590 1.159798 0.347154
1.090793 0.394410 1.159909 0.346954
1.090977 0.394230 1.160020 0.346755
1.091160 0.394050 1.160132 0.346555
1.091343 0.393870 1.160243 0.346355
1.091526 0.393689 1.160354 0.346155
1.091709 0.393508 1.160465 0.345955
1.091892 0.393328 1.160575 0.345755
1.092075 0.393146 1.160686 0.345555
1.092258 0.392965 1.160797 0.345355
1.092441 0.392784 1.160908 0.345154
1.092624 0.392602 1.161018 0.344954
1.092807 0.392420 1.161129 0.344753
1.092989 0.392238 1.161239 0.344553
1.093172 0.392056 1.161350 0.344352
1.093354 0.391874 1.161460 0.344151
1.093537 0.391691 1.161570 0.343950
1.093719 0.391509 1.161680 0.343749
1.093902 0.391326 1.161790 0.343548
1.094084 0.391142 1.161900 0.343347
1.094266 0.390959 1.162010 0.343145
1.094449 0.390776 1.162120 0.342944
1.094631 0.390592 1.162230 0.342742
1.094813 0.390408 1.162340 0.342541
1.094995 0.390224 1.162449 0.342339
1.095177 0.390040 1.162559 0.342137
1.095359 0.389855 1.162668 0.341935
1.095540 0.389671 1.162778 0.341733
1.095722 0.389486 1.162887 0.341531
1.095904 0.389301 1.162996 0.341329
1.096086 0.389116 1.163106 0.341126
1.096267 0.388930 1.163215 0.340924
1.096449 0.388745 1.163324 0.340722
1.096630 0.388559 1.163433 0.340519
1.096812 0.388373 1.163542 0.340316
1.096993 0.388187 1.163651 0.340113
1.097174 0.388001 1.163759 0.339910
1.097356 0.387814 1.163868 0.339707
1.097537 0.387627 1.163977 0.339504
1.097718 0.387440 1.164085 0.339301
1.097899 0.387253 1.164194 0.339098
1.098080 0.387066 1.164302 0.338895
1.098261 0.386879 1.164411 0.338691
1.098442 0.386691 1.164519 0.338488
1.098623 0.386503 1.164627 0.338284
1.098803 0.386315 1.164735 0.338080
1.098984 0.386127 1.164843 0.337876
1.099165 0.385939 1.164951 0.337672
1.099345 0.385750 1.165059 0.337468
1.099526 0.385561 1.165167 0.337264
1.099706 0.385373 1.165275 0.337060
1.099887 0.385183 1.165383 0.336856
1.100067 0.384994 1.165490 0.336651
1.100247 0.384805 1.165598 0.336447
1.100427 0.384615 1.165705 0.336242
1.100607 0.384425 1.165813 0.336037
1.100787 0.384235 1.165920 0.335832
1.100967 0.384045 1.166027 0.335628
1.101147 0.383854 1.166135 0.335423
1.101327 0.383664 1.166242 0.335217
1.101507 0.383473 1.166349 0.335012
1.101687 0.383282 1.166456 0.334807
1.101866 0.383091 1.166563 0.334602
1.102046 0.382900 1.166669 0.334396
1.102226 0.382708 1.166776 0.334191
1.102405 0.382516 1.166883 0.333985
1.102585 0.382324 1.166990 0.333779
1.102764 0.382132 1.167096 0.333573
1.102943 0.381940 1.167203 0.333367
1.103122 0.381748 1.167309 0.333161
1.103302 0.381555 1.167415 0.332955
1.103481 0.381362 1.167522 0.332749
1.103660 0.381169 1.167628 0.332543
1.103839 0.380976 1.167734 0.332336
1.104017 0.380783 1.167840 0.332130
1.104196 0.380589 1.167946 0.331923
1.104375 0.380395 1.168052 0.331717
1.104554 0.380202 1.168158 0.331510
1.104732 0.380007 1.168263 0.331303
1.104911 0.379813 1.168369 0.331096
1.105089 0.379619 1.168475 0.330889
1.105268 0.379424 1.168580 0.330682
1.105446 0.379229 1.168686 0.330475
1.105624 0.379034 1.168791 0.330267
1.105803 0.378839 1.168896 0.330060
1.105981 0.378644 1.169002 0.329852
1.106159 0.378448 1.169107 0.329645
1.106337 0.378252 1.169212 0.329437
1.106515 0.378056 1.169317 0.329229
1.106693 0.377860 1.169422 0.329022
1.106871 0.377664 1.169527 0.328814
1.107048 0.377468 1.169631 0.328606
1.107226 0.377271 1.169736 0.328397
1.107404 0.377074 1.169841 0.328189
1.107581 0.376877 1.169945 0.327981
1.107759 0.376680 1.170050 0.327772
1.107936 0.376482 1.170154 0.327564
1.108113 0.376285 1.170259 0.327355
1.108291 0.376087 1.170363 0.327147
1.108468 0.375889 1.170467 0.326938
1.108645 0.375691 1.170571 0.326729
1.108822 0.375493 1.170675 0.326520
1.108999 0.375294 1.170779 0.326311
1.109176 0.375096 1.170883 0.326102
1.109353 0.374897 1.170987 0.325893
1.109529 0.374698 1.171091 0.325683
1.109706 0.374499 1.171195 0.325474
1.109883 0.374299 1.171298 0.325264
1.110059 0.374100 1.171402 0.325055
1.110236 0.373900 1.171505 0.324845
1.110412 0.373700 1.171609 0.324635
1.110589 0.373500 1.171712 0.324426
1.110765 0.373300 1.171815 0.324216
1.110941 0.373099 1.171919 0.324006
1.111117 0.372899 1.172022 0.323795
1.111293 0.372698 1.172125 0.323585
1.111469 0.372497 1.172228 0.323375
1.111645 0.372296 1.172331 0.323165
1.111821 0.372094 1.172433 0.322954
1.111997 0.371893 1.172536 0.322743
1.112172 0.371691 1.172639 0.322533
1.112348 0.371489 1.172741 0.322322
1.112524 0.371287 1.172844 0.322111
1.112699 0.371085 1.172946 0.321900
1.112875 0.370882 1.173049 0.321689
1.113050 0.370680 1.173151 0.321478
1.113225 0.370477 1.173253 0.321267
1.113400 0.370274 1.173356 0.321056
1.113576 0.370071 1.173458 0.320844
1.113751 0.369868 1.173560 0.320633
1.113926 0.369664 1.173662 0.320421
1.114100 0.369460 1.173764 0.320210
1.114275 0.369257 1.173865 0.319998
1.114450 0.369053 1.173967 0.319786
1.114625 0.368848 1.174069 0.319574
1.114799 0.368644 1.174170 0.319362
1.114974 0.368439 1.174272 0.319150
1.115148 0.368235 1.174373 0.318938
1.115323 0.368030 1.174475 0.318726
1.115497 0.367825 1.174576 0.318514
1.115671 0.367619 1.174677 0.318301
1.115845 0.367414 1.174778 0.318089
1.116019 0.367208 1.174879 0.317876
1.116193 0.367002 1.174980 0.317663
1.116367 0.366796 1.175081 0.317451
1.116541 0.366590 1.175182 0.317238
1.116715 0.366384 1.175283 0.317025
1.116889 0.366177 1.175384 0.316812
1.117062 0.365971 1.175484 0.316599
1.117236 0.365764 1.175585 0.316386
1.117409 0.365557 1.175685 0.316172
1.117583 0.365350 1.175786 0.315959
1.117756 0.365142 1.175886 0.315745
1.117929 0.364935 1.175986 0.315532
1.118103 0.364727 1.176086 0.315318
1.118276 0.364519 1.176186 0.315105
1.118449 0.364311 1.176286 0.314891
1.118622 0.364103 1.176386 0.314677
1.118795 0.363894 1.176486 0.314463
1.118967 0.363685 1.176586 0.314249
1.119140 0.363477 1.176686 0.314035
1.119313 0.363268 1.176786 0.313821
1.119485 0.363058 1.176885 0.313606
1.119658 0.362849 1.176985 0.313392
1.119830 0.362640 1.177084 0.313177
1.120002 0.362430 1.177183 0.312963
1.120175 0.362220 1.177283 0.312748
1.120347 0.362010 1.177382 0.312533
1.120519 0.361800 1.177481 0.312319
1.120691 0.361589 1.177580 0.312104
1.120863 0.361379 1.177679 0.311889
1.121035 0.361168 1.177778 0.311674
1.121207 0.360957 1.177877 0.311459
1.121378 0.360746 1.177976 0.311243
1.121550 0.360535 1.178074 0.311028
1.121721 0.360323 1.178173 0.310813
1.121893 0.360112 1.178272 0.310597
1.122064 0.359900 1.178370 0.310382
1.122236 0.359688 1.178469 0.310166
1.122407 0.359476 1.178567 0.309950
1.122578 0.359264 1.178665 0.309734
1.122749 0.359051 1.178763 0.309518
1.122920 0.358839 1.178861 0.309302
1.123091 0.358626 1.178959 0.309086
1.123262 0.358413 1.179057 0.308870
1.123432 0.358200 1.179155 0.308654
1.123603 0.357986 1.179253 0.308438
1.123774 0.357773 1.179351 0.308221
1.123944 0.357559 1.179449 0.308005
1.124115 0.357345 1.179546 0.307788
1.124285 0.357131 1.179644 0.307571
1.124455 0.356917 1.179741 0.307355
1.124625 0.356703 1.179838 0.307138
1.124795 0.356488 1.179936 0.306921
1.124965 0.356273 1.180033 0.306704
1.125135 0.356058 1.180130 0.306487
1.125305 0.355843 1.180227 0.306270
1.125475 0.355628 1.180324 0.306053
1.125645 0.355413 1.180421 0.305835
1.125814 0.355197 1.180518 0.305618
1.125984 0.354981 1.180615 0.305400
1.126153 0.354766 1.180711 0.305183
1.126323 0.354549 1.180808 0.304965
1.126492 0.354333 1.180905 0.304747
1.126661 0.354117 1.181001 0.304530
1.126830 0.353900 1.181098 0.304312
1.126999 0.353683 1.181194 0.304094
1.127168 0.353466 1.181290 0.303876
1.127337 0.353249 1.181386 0.303658
1.127506 0.353032 1.181482 0.303439
1.127674 0.352815 1.181578 0.303221
1.127843 0.352597 1.181674 0.303003
1.128012 0.352379 1.181770 0.302784
1.128180 0.352161 1.181866 0.302566
1.128348 0.351943 1.181962 0.302347
1.128517 0.351725 1.182058 0.302128
1.128685 0.351506 1.182153 0.301910
1.128853 0.351288 1.182249 0.301691
1.129021 0.351069 1.182344 0.301472
1.129189 0.350850 1.182439 0.301253
1.129357 0.350631 1.182535 0.301034
1.129524 0.350411 1.182630 0.300815
1.129692 0.350192 1.182725 0.300595
1.129860 0.349972 1.182820 0.300376
1.130027 0.349752 1.182915 0.300157
1.130195 0.349532 1.183010 0.299937
1.130362 0.349312 1.183105 0.299718
1.130529 0.349092 1.183200 0.299498
1.130696 0.348871 1.183294 0.299278
1.130863 0.348651 1.183389 0.299058
1.131030 0.348430 1.183483 0.298838
1.131197 0.348209 1.183578 0.298618
1.131364 0.347988 1.183672 0.298398
1.131531 0.347766 1.183767 0.298178
1.131698 0.347545 1.183861 0.297958
1.131864 0.347323 1.183955 0.297738
1.132031 0.347101 1.184049 0.297517
1.132197 0.346879 1.184143 0.297297
1.132363 0.346657 1.184237 0.297076
1.132529 0.346435 1.184331 0.296856
1.132696 0.346212 1.184425 0.296635
1.132862 0.345989 1.184519 0.296414
1.133028 0.345766 1.184612 0.296194
1.133193 0.345543 1.184706 0.295973
1.133359 0.345320 1.184799 0.295752
1.133525 0.345097 1.184893 0.295531
1.133691 0.344873 1.184986 0.295309
1.133856 0.344650 1.185079 0.295088
1.134021 0.344426 1.185172 0.294867
1.134187 0.344202 1.185266 0.294645
1.134352 0.343978 1.185359 0.294424
1.134517 0.343753 1.185452 0.294202
1.134682 0.343529 1.185545 0.293981
1.134847 0.343304 1.185637 0.293759
1.135012 0.343079 1.185730 0.293537
1.135177 0.342854 1.185823 0.293315
1.135342 0.342629 1.185915 0.293094
1.135506 0.342404 1.186008 0.292871
1.135671 0.342178 1.186100 0.292649
1.135835 0.341952 1.186193 0.292427
1.136000 0.341727 1.186285 0.292205
1.136164 0.341501 1.186377 0.291983
1.136328 0.341274 1.186469 0.291760
1.136492 0.341048 1.186561 0.291538
1.136656 0.340821 1.186653 0.291315
1.136820 0.340595 1.186745 0.291093
1.136984 0.340368 1.186837 0.290870
1.137148 0.340141 1.186929 0.290647
1.137311 0.339914 1.187021 0.290424
1.137475 0.339686 1.187112 0.290201
1.137638 0.339459 1.187204 0.289978
1.137802 0.339231 1.187295 0.289755
1.137965 0.339003 1.187387 0.289532
1.138128 0.338775 1.187478 0.289309
1.138291 0.338547 1.187569 0.289086
1.138454 0.338319 1.187660 0.288862
1.138617 0.338091 1.187752 0.288639
1.138780 0.337862 1.187843 0.288415
1.138942 0.337633 1.187934 0.288192
1.139105 0.337404 1.188024 0.287968
1.139268 0.337175 1.188115 0.287744
1.139430 0.336946 1.188206 0.287520
1.139592 0.336716 1.188297 0.287296
1.139755 0.336487 1.188387 0.287072
1.139917 0.336257 1.188478 0.286848
1.140079 0.336027 1.188568 0.286624
1.140241 0.335797 1.188658 0.286400
1.140403 0.335566 1.188749 0.286176
1.140565 0.335336 1.188839 0.285951
1.140726 0.335105 1.188929 0.285727
1.140888 0.334875 1.189019 0.285502
1.141049 0.334644 1.189109 0.285278
1.141211 0.334413 1.189199 0.285053
1.141372 0.334181 1.189289 0.284828
1.141533 0.333950 1.189378 0.284604
1.141694 0.333718 1.189468 0.284379
1.141856 0.333487 1.189558 0.284154
1.142016 0.333255 1.189647 0.283929
1.142177 0.333023 1.189737 0.283704
1.142338 0.332791 1.189826 0.283478
1.142499 0.332558 1.189915 0.283253
1.142659 0.332326 1.190004 0.283028
1.142820 0.332093 1.190094 0.282802
1.142980 0.331860 1.190183 0.282577
1.143140 0.331627 1.190272 0.282351
1.143301 0.331394 1.190361 0.282126
1.143461 0.331161 1.190449 0.281900
1.143621 0.330927 1.190538 0.281674
1.143781 0.330693 1.190627 0.281448
1.143940 0.330460 1.190715 0.281222
1.144100 0.330226 1.190804 0.280996
1.144260 0.329992 1.190892 0.280770
1.144419 0.329757 1.190981 0.280544
1.144579 0.329523 1.191069 0.280318
1.144738 0.329288 1.191157 0.280092
1.144897 0.329053 1.191246 0.279865
1.145056 0.328818 1.191334 0.279639
1.145215 0.328583 1.191422 0.279413
1.145374 0.328348 1.191510 0.279186
1.145533 0.328113 1.191597 0.278959
1.145692 0.327877 1.191685 0.278733
1.145851 0.327641 1.191773 0.278506
1.146009 0.327406 1.191861 0.278279
1.146168 0.327169 1.191948 0.278052
1.146326 0.326933 1.192036 0.277825
1.146484 0.326697 1.192123 0.277598
1.146642 0.326460 1.192210 0.277371
1.146801 0.326224 1.192298 0.277144
1.146959 0.325987 1.192385 0.276916
1.147116 0.325750 1.192472 0.276689
1.147274 0.325513 1.192559 0.276461
1.147432 0.325275 1.192646 0.276234
1.147589 0.325038 1.192733 0.276006
1.147747 0.324800 1.192819 0.275779
1.147904 0.324563 1.192906 0.275551
1.148062 0.324325 1.192993 0.275323
1.148219 0.324087 1.193079 0.275095
1.148376 0.323848 1.193166 0.274867
1.148533 0.323610 1.193252 0.274639
1.148690 0.323371 1.193339 0.274411
1.148847 0.323133 1.193425 0.274183
1.149003 0.322894 1.193511 0.273955
1.149160 0.322655 1.193597 0.273727
1.149316 0.322416 1.193683 0.273498
1.149473 0.322176 1.193769 0.273270
1.149629 0.321937 1.193855 0.273041
1.149785 0.321697 1.193941 0.272813
1.149941 0.321457 1.194027 0.272584
1.150097 0.321217 1.194112 0.272355
1.150253 0.320977 1.194198 0.272127
1.150409 0.320737 1.194283 0.271898
1.150565 0.320496 1.194369 0.271669
1.150720 0.320256 1.194454 0.271440
1.150876 0.320015 1.194539 0.271211
1.151031 0.319774 1.194625 0.270982
1.151186 0.319533 1.194710 0.270753
1.151342 0.319292 1.194795 0.270523
1.151497 0.319051 1.194880 0.270294
1.151652 0.318809 1.194965 0.270065
1.151806 0.318567 1.195050 0.269835
1.151961 0.318326 1.195134 0.269606
1.152116 0.318084 1.195219 0.269376
1.152271 0.317841 1.195304 0.269146
1.152425 0.317599 1.195388 0.268917
1.152579 0.317357 1.195472 0.268687
1.152734 0.317114 1.195557 0.268457
1.152888 0.316871 1.195641 0.268227
1.153042 0.316628 1.195725 0.267997
1.153196 0.316385 1.195809 0.267767
1.153350 0.316142 1.195894 0.267537
1.153503 0.315899 1.195978 0.267306
1.153657 0.315655 1.196061 0.267076
1.153811 0.315412 1.196145 0.266846
1.153964 0.315168 1.196229 0.266615
1.154117 0.314924 1.196313 0.266385
1.154271 0.314680 1.196396 0.266154
1.154424 0.314435 1.196480 0.265924
1.154577 0.314191 1.196563 0.265693
1.154730 0.313946 1.196647 0.265462
1.154883 0.313702 1.196730 0.265231
1.155035 0.313457 1.196813 0.265000
1.155188 0.313212 1.196896 0.264769
1.155341 0.312967 1.196979 0.264538
1.155493 0.312721 1.197062 0.264307
1.155645 0.312476 1.197145 0.264076
1.155797 0.312230 1.197228 0.263845
1.155950 0.311984 1.197311 0.263613
1.156102 0.311738 1.197394 0.263382
1.156253 0.311492 1.197476 0.263151
1.156405 0.311246 1.197559 0.262919
1.156557 0.311000 1.197641 0.262687
1.156708 0.310753 1.197724 0.262456
1.156860 0.310506 1.197806 0.262224
1.157011 0.310260 1.197888 0.261992
1.157163 0.310013 1.197970 0.261760
1.157314 0.309765 1.198052 0.261529
1.157465 0.309518 1.198134 0.261297
1.157616 0.309271 1.198216 0.261065
1.157767 0.309023 1.198298 0.260832
1.157917 0.308775 1.198380 0.260600
1.158068 0.308527 1.198462 0.260368
1.158218 0.308279 1.198543 0.260136
1.158369 0.308031 1.198625 0.259903
1.158519 0.307783 1.198706 0.259671
1.158669 0.307534 1.198788 0.259438
1.158819 0.307286 1.198869 0.259206
1.158969 0.307037 1.198950 0.258973
1.159119 0.306788 1.199031 0.258740
1.159269 0.306539 1.199113 0.258508
1.159419 0.306290 1.199194 0.258275
1.159568 0.306040 1.199274 0.258042
1.159718 0.305791 1.199355 0.257809
1.159867 0.305541 1.199436 0.257576
1.160016 0.305291 1.199517 0.257343
1.160165 0.305041 1.199597 0.257110
1.160314 0.304791 1.199678 0.256876
1.160463 0.304541 1.199758 0.256643
1.160612 0.304290 1.199839 0.256410
1.160761 0.304040 1.199919 0.256176
1.160910 0.303789 1.199999 0.255943
1.161058 0.303538 1.200080 0.255709
1.161206 0.303287 1.200160 0.255476
1.161355 0.303036 1.200240 0.255242
1.161503 0.302785 1.200320 0.255008
1.161651 0.302533 1.200400 0.254774
1.161799 0.302282 1.200479 0.254541
1.161947 0.302030 1.200559 0.254307
1.162094 0.301778 1.200639 0.254073
1.162242 0.301526 1.200718 0.253839
1.162389 0.301274 1.200798 0.253604
1.162537 0.301021 1.200877 0.253370
1.162684 0.300769 1.200956 0.253136
1.162831 0.300516 1.201036 0.252902
1.162978 0.300264 1.201115 0.252667
1.163125 0.300011 1.201194 0.252433
1.163272 0.299758 1.201273 0.252198
1.163419 0.299504 1.201352 0.251964
1.163566 0.299251 1.201431 0.251729
1.163712 0.298998 1.201510 0.251494
1.163858 0.298744 1.201588 0.251260
1.164005 0.298490 1.201667 0.251025
1.164151 0.298236 1.201745 0.250790
1.164297 0.297982 1.201824 0.250555
1.164443 0.297728 1.201902 0.250320
1.164589 0.297474 1.201981 0.250085
1.164735 0.297219 1.202059 0.249850
1.164880 0.296964 1.202137 0.249614
1.165026 0.296710 1.202215 0.249379
1.165171 0.296455 1.202293 0.249144
1.165316 0.296200 1.202371 0.248908
1.165462 0.295944 1.202449 0.248673
1.165607 0.295689 1.202527 0.248438
1.165752 0.295433 1.202605 0.248202
1.165896 0.295178 1.202682 0.247966
1.166041 0.294922 1.202760 0.247731
1.166186 0.294666 1.202837 0.247495
1.166330 0.294410 1.202915 0.247259
1.166475 0.294154 1.202992 0.247023
1.166619 0.293897 1.203069 0.246787
1.166763 0.293641 1.203146 0.246551
1.166907 0.293384 1.203224 0.246315
1.167051 0.293127 1.203301 0.246079
1.167195 0.292871 1.203378 0.245843
1.167339 0.292613 1.203454 0.245606
1.167482 0.292356 1.203531 0.245370
1.167626 0.292099 1.203608 0.245134
1.167769 0.291841 1.203685 0.244897
1.167913 0.291584 1.203761 0.244661
1.168056 0.291326 1.203838 0.244424
1.168199 0.291068 1.203914 0.244188
1.168342 0.290810 1.203990 0.243951
1.168485 0.290552 1.204067 0.243714
1.168627 0.290293 1.204143 0.243477
1.168770 0.290035 1.204219 0.243240
1.168912 0.289776 1.204295 0.243004
1.169055 0.289517 1.204371 0.242767
1.169197 0.289259 1.204447 0.242529
1.169339 0.288999 1.204523 0.242292
1.169481 0.288740 1.204598 0.242055
1.169623 0.288481 1.204674 0.241818
1.169765 0.288221 1.204749 0.241581
1.169906 0.287962 1.204825 0.241343
1.170048 0.287702 1.204900 0.241106
1.170189 0.287442 1.204976 0.240868
1.170331 0.287182 1.205051 0.240631
1.170472 0.286922 1.205126 0.240393
1.170613 0.286662 1.205201 0.240156
1.170754 0.286401 1.205276 0.239918
1.170895 0.286141 1.205351 0.239680
1.171036 0.285880 1.205426 0.239442
1.171176 0.285619 1.205501 0.239204
1.171317 0.285358 1.205576 0.238966
1.171457 0.285097 1.205650 0.238728
1.171598 0.284836 1.205725 0.238490
1.171738 0.284574 1.205799 0.238252
1.171878 0.284313 1.205874 0.238014
1.172018 0.284051 1.205948 0.237776
1.172158 0.283789 1.206022 0.237537
1.172297 0.283527 1.206096 0.237299
1.172437 0.283265 1.206170 0.237061
1.172576 0.283003 1.206244 0.236822
1.172716 0.282740 1.206318 0.236584
1.172855 0.282478 1.206392 0.236345
1.172994 0.282215 1.206466 0.236106
1.173133 0.281952 1.206540 0.235868
1.173272 0.281689 1.206613 0.235629
1.173411 0.281426 1.206687 0.235390
1.173549 0.281163 1.206760 0.235151
1.173688 0.280900 1.206834 0.234912
1.173826 0.280636 1.206907 0.234673
1.173965 0.280373 1.206980 0.234434
1.174103 0.280109 1.207054 0.234195
1.174241 0.279845 1.207127 0.233956
1.174379 0.279581 1.207200 0.233717
1.174517 0.279317 1.207273 0.233477
1.174654 0.279053 1.207346 0.233238
1.174792 0.278788 1.207418 0.232999
1.174929 0.278524 1.207491 0.232759
1.175067 0.278259 1.207564 0.232520
1.175204 0.277994 1.207636 0.232280
1.175341 0.277729 1.207709 0.232040
1.175478 0.277464 1.207781 0.231801
1.175615 0.277199 1.207853 0.231561
1.175752 0.276933 1.207926 0.231321
1.175888 0.276668 1.207998 0.231081
1.176025 0.276402 1.208070 0.230841
1.176161 0.276136 1.208142 0.230601
1.176298 0.275870 1.208214 0.230361
1.176434 0.275604 1.208286 0.230121
1.176570 0.275338 1.208357 0.229881
1.176706 0.275072 1.208429 0.229641
1.176842 0.274806 1.208501 0.229400
1.176977 0.274539 1.208572 0.229160
1.177113 0.274272 1.208644 0.228920
1.177248 0.274005 1.208715 0.228679
1.177384 0.273738 1.208787 0.228439
1.177519 0.273471 1.208858 0.228198
1.177654 0.273204 1.208929 0.227958
1.177789 0.272937 1.209000 0.227717
1.177924 0.272669 1.209071 0.227476
1.178058 0.272401 1.209142 0.227236
1.178193 0.272134 1.209213 0.226995
1.178327 0.271866 1.209284 0.226754
1.178462 0.271598 1.209354 0.226513
1.178596 0.271330 1.209425 0.226272
1.178730 0.271061 1.209495 0.226031
1.178864 0.270793 1.209566 0.225790
1.178998 0.270524 1.209636 0.225549
1.179132 0.270256 1.209707 0.225307
1.179265 0.269987 1.209777 0.225066
1.179399 0.269718 1.209847 0.224825
1.179532 0.269449 1.209917 0.224583
1.179666 0.269179 1.209987 0.224342
1.179799 0.268910 1.210057 0.224100
1.179932 0.268641 1.210127 0.223859
1.180065 0.268371 1.210197 0.223617
1.180197 0.268101 1.210266 0.223376
1.180330 0.267831 1.210336 0.223134
1.180463 0.267561 1.210405 0.222892
1.180595 0.267291 1.210475 0.222650
1.180727 0.267021 1.210544 0.222408
1.180859 0.266751 1.210613 0.222166
1.180992 0.266480 1.210683 0.221924
1.181123 0.266209 1.210752 0.221682
1.181255 0.265939 1.210821 0.221440
1.181387 0.265668 1.210890 0.221198
1.181518 0.265397 1.210959 0.220956
1.181650 0.265126 1.211028 0.220714
1.181781 0.264854 1.211096 0.220471
1.181912 0.264583 1.211165 0.220229
1.182043 0.264311 1.211234 0.219987
1.182174 0.264040 1.211302 0.219744
1.182305 0.263768 1.211371 0.219502
1.182436 0.263496 1.211439 0.219259
1.182566 0.263224 1.211507 0.219016
1.182697 0.262952 1.211576 0.218774
1.182827 0.262679 1.211644 0.218531
1.182957 0.262407 1.211712 0.218288
1.183087 0.262134 1.211780 0.218045
1.183217 0.261861 1.211848 0.217802
1.183347 0.261589 1.211915 0.217559
1.183477 0.261316 1.211983 0.217316
1.183606 0.261043 1.212051 0.217073
1.183736 0.260769 1.212118 0.216830
1.183865 0.260496 1.212186 0.216587
1.183994 0.260223 1.212253 0.216344
1.184123 0.259949 1.212321 0.216101
1.184252 0.259675 1.212388 0.215857
1.184381 0.259401 1.212455 0.215614
1.184510 0.259127 1.212522 0.215371
1.184638 0.258853 1.212589 0.215127
1.184767 0.258579 1.212656 0.214883
1.184895 0.258305 1.212723 0.214640
1.185023 0.258030 1.212790 0.214396
1.185151 0.257756 1.212857 0.214153
1.185279 0.257481 1.212923 0.213909
1.185407 0.257206 1.212990 0.213665
1.185535 0.256931 1.213056 0.213421
1.185662 0.256656 1.213123 0.213177
1.185790 0.256381 1.213189 0.212933
1.185917 0.256105 1.213256 0.212689
1.186044 0.255830 1.213322 0.212445
1.186171 0.255554 1.213388 0.212201
1.186298 0.255279 1.213454 0.211957
1.186425 0.255003 1.213520 0.211713
1.186552 0.254727 1.213586 0.211469
1.186678 0.254451 1.213651 0.211224
1.186804 0.254174 1.213717 0.210980
1.186931 0.253898 1.213783 0.210736
1.187057 0.253622 1.213848 0.210491
1.187183 0.253345 1.213914 0.210247
1.187309 0.253068 1.213979 0.210002
1.187435 0.252791 1.214045 0.209757
1.187560 0.252515 1.214110 0.209513
1.187686 0.252237 1.214175 0.209268
1.187811 0.251960 1.214240 0.209023
1.187936 0.251683 1.214305 0.208778
1.188062 0.251405 1.214370 0.208534
1.188187 0.251128 1.214435 0.208289
1.188311 0.250850 1.214500 0.208044
1.188436 0.250572 1.214564 0.207799
1.188561 0.250294 1.214629 0.207554
1.188685 0.250016 1.214694 0.207308
1.188810 0.249738 1.214758 0.207063
1.188934 0.249460 1.214823 0.206818
1.189058 0.249181 1.214887 0.206573
1.189182 0.248903 1.214951 0.206327
1.189306 0.248624 1.215015 0.206082
1.189429 0.248345 1.215079 0.205837
1.189553 0.248067 1.215143 0.205591
1.189676 0.247788 1.215207 0.205346
1.189800 0.247508 1.215271 0.205100
1.189923 0.247229 1.215335 0.204854
1.190046 0.246950 1.215399 0.204609
1.190169 0.246670 1.215462 0.204363
1.190292 0.246391 1.215526 0.204117
1.190414 0.246111 1.215589 0.203871
1.190537 0.245831 1.215653 0.203626
1.190659 0.245551 1.215716 0.203380
1.190782 0.245271 1.215779 0.203134
1.190904 0.244991 1.215842 0.202888
1.191026 0.244710 1.215905 0.202642
1.191148 0.244430 1.215968 0.202396
1.191270 0.244149 1.216031 0.202149
1.191391 0.243868 1.216094 0.201903
1.191513 0.243588 1.216157 0.201657
1.191634 0.243307 1.216220 0.201411
1.191755 0.243026 1.216282 0.201164
1.191876 0.242744 1.216345 0.200918
1.191997 0.242463 1.216407 0.200671
1.192118 0.242182 1.216469 0.200425
1.192239 0.241900 1.216532 0.200178
1.192360 0.241619 1.216594 0.199932
1.192480 0.241337 1.216656 0.199685
1.192600 0.241055 1.216718 0.199438
1.192721 0.240773 1.216780 0.199192
1.192841 0.240491 1.216842 0.198945
1.192960 0.240209 1.216904 0.198698
1.193080 0.239926 1.216966 0.198451
1.193200 0.239644 1.217027 0.198204
1.193319 0.239361 1.217089 0.197957
1.193439 0.239078 1.217150 0.197710
1.193558 0.238796 1.217212 0.197463
1.193677 0.238513 1.217273 0.197216
1.193796 0.238230 1.217334 0.196969
1.193915 0.237946 1.217396 0.196722
1.194034 0.237663 1.217457 0.196474
1.194152 0.237380 1.217518 0.196227
1.194271 0.237096 1.217579 0.195980
1.194389 0.236813 1.217640 0.195732
1.194508 0.236529 1.217700 0.195485
1.194626 0.236245 1.217761 0.195237
1.194744 0.235961 1.217822 0.194990
1.194861 0.235677 1.217882 0.194742
1.194979 0.235393 1.217943 0.194495
1.195097 0.235108 1.218003 0.194247
1.195214 0.234824 1.218063 0.193999
1.195331 0.234539 1.218124 0.193752
1.195448 0.234255 1.218184 0.193504
1.195565 0.233970 1.218244 0.193256
1.195682 0.233685 1.218304 0.193008
1.195799 0.233400 1.218364 0.192760
1.195916 0.233115 1.218424 0.192512
1.196032 0.232830 1.218484 0.192264
1.196148 0.232544 1.218543 0.192016
1.196265 0.232259 1.218603 0.191768
1.196381 0.231973 1.218662 0.191519
1.196497 0.231688 1.218722 0.191271
1.196612 0.231402 1.218781 0.191023
1.196728 0.231116 1.218841 0.190775
1.196844 0.230830 1.218900 0.190526
1.196959 0.230544 1.218959 0.190278
1.197074 0.230258 1.219018 0.190029
1.197189 0.229971 1.219077 0.189781
1.197304 0.229685 1.219136 0.189532
1.197419 0.229398 1.219195 0.189284
1.197534 0.229111 1.219254 0.189035
1.197648 0.228825 1.219312 0.188786
1.197763 0.228538 1.219371 0.188538
1.197877 0.228251 1.219429 0.188289
1.197991 0.227964 1.219488 0.188040
1.198105 0.227676 1.219546 0.187791
1.198219 0.227389 1.219605 0.187542
1.198333 0.227101 1.219663 0.187293
1.198447 0.226814 1.219721 0.187044
1.198560 0.226526 1.219779 0.186795
1.198674 0.226238 1.219837 0.186546
1.198787 0.225950 1.219895 0.186297
1.198900 0.225662 1.219953 0.186048
1.199013 0.225374 1.220010 0.185799
1.199126 0.225086 1.220068 0.185549
1.199238 0.224798 1.220126 0.185300
1.199351 0.224509 1.220183 0.185051
1.199463 0.224221 1.220241 0.184801
1.199576 0.223932 1.220298 0.184552
1.199688 0.223643 1.220355 0.184302
1.199800 0.223354 1.220412 0.184053
1.199912 0.223065 1.220470 0.183803
1.200023 0.222776 1.220527 0.183554
1.200135 0.222487 1.220584 0.183304
1.200246 0.222198 1.220640 0.183054
1.200358 0.221908 1.220697 0.182804
1.200469 0.221619 1.220754 0.182555
1.200580 0.221329 1.220811 0.182305
1.200691 0.221039 1.220867 0.182055
1.200802 0.220749 1.220924 0.181805
1.200912 0.220459 1.220980 0.181555
1.201023 0.220169 1.221036 0.181305
1.201133 0.219879 1.221093 0.181055
1.201243 0.219589 1.221149 0.180805
1.201353 0.219298 1.221205 0.180555
1.201463 0.219008 1.221261 0.180305
1.201573 0.218717 1.221317 0.180054
1.201683 0.218426 1.221373 0.179804
1.201792 0.218135 1.221428 0.179554
1.201902 0.217845 1.221484 0.179303
1.202011 0.217553 1.221540 0.179053
1.202120 0.217262 1.221595 0.178803
1.202229 0.216971 1.221651 0.178552
1.202338 0.216680 1.221706 0.178302
1.202446 0.216388 1.221762 0.178051
1.202555 0.216097 1.221817 0.177800
1.202663 0.215805 1.221872 0.177550
1.202772 0.215513 1.221927 0.177299
1.202880 0.215221 1.221982 0.177048
1.202988 0.214929 1.222037 0.176797
1.203096 0.214637 1.222092 0.176547
1.203203 0.214345 1.222146 0.176296
1.203311 0.214053 1.222201 0.176045
1.203418 0.213760 1.222256 0.175794
1.203526 0.213468 1.222310 0.175543
1.203633 0.213175 1.222365 0.175292
1.203740 0.212882 1.222419 0.175041
1.203847 0.212589 1.222473 0.174790
1.203953 0.212297 1.222528 0.174539
1.204060 0.212003 1.222582 0.174287
1.204166 0.211710 1.222636 0.174036
1.204273 0.211417 1.222690 0.173785
1.204379 0.211124 1.222744 0.173534
1.204485 0.210830 1.222797 0.173282
1.204591 0.210537 1.222851 0.173031
1.204697 0.210243 1.222905 0.172779
1.204802 0.209949 1.222958 0.172528
1.204908 0.209655 1.223012 0.172276
1.205013 0.209361 1.223065 0.172025
1.205118 0.209067 1.223119 0.171773
1.205223 0.208773 1.223172 0.171522
1.205328 0.208479 1.223225 0.171270
1.205433 0.208185 1.223278 0.171018
1.205538 0.207890 1.223331 0.170766
1.205642 0.207595 1.223384 0.170515
1.205746 0.207301 1.223437 0.170263
1.205851 0.207006 1.223490 0.170011
1.205955 0.206711 1.223542 0.169759
1.206059 0.206416 1.223595 0.169507
1.206162 0.206121 1.223648 0.169255
1.206266 0.205826 1.223700 0.169003
1.206370 0.205531 1.223753 0.168751
1.206473 0.205235 1.223805 0.168499
1.206576 0.204940 1.223857 0.168247
1.206679 0.204644 1.223909 0.167994
1.206782 0.204348 1.223961 0.167742
1.206885 0.204053 1.224013 0.167490
1.206988 0.203757 1.224065 0.167238
1.207090 0.203461 1.224117 0.166985
1.207192 0.203165 1.224169 0.166733
1.207295 0.202868 1.224221 0.166480
1.207397 0.202572 1.224272 0.166228
1.207499 0.202276 1.224324 0.165975
1.207600 0.201979 1.224375 0.165723
1.207702 0.201683 1.224426 0.165470
1.207804 0.201386 1.224478 0.165218
1.207905 0.201089 1.224529 0.164965
1.208006 0.200792 1.224580 0.164712
1.208107 0.200495 1.224631 0.164459
1.208208 0.200198 1.224682 0.164207
1.208309 0.199901 1.224733 0.163954
1.208410 0.199604 1.224784 0.163701
1.208510 0.199307 1.224835 0.163448
1.208610 0.199009 1.224885 0.163195
1.208711 0.198712 1.224936 0.162942
1.208811 0.198414 1.224986 0.162689
1.208911 0.198116 1.225037 0.162436
1.209010 0.197818 1.225087 0.162183
1.209110 0.197520 1.225137 0.161930
1.209210 0.197222 1.225188 0.161677
1.209309 0.196924 1.225238 0.161423
1.209408 0.196626 1.225288 0.161170
1.209507 0.196328 1.225338 0.160917
1.209606 0.196029 1.225387 0.160664
1.209705 0.195731 1.225437 0.160410
1.209804 0.195432 1.225487 0.160157
1.209902 0.195133 1.225537 0.159903
1.210000 0.194835 1.225586 0.159650
1.210099 0.194536 1.225636 0.159396
1.210197 0.194237 1.225685 0.159143
1.210295 0.193938 1.225734 0.158889
1.210392 0.193638 1.225784 0.158636
1.210490 0.193339 1.225833 0.158382
1.210587 0.193040 1.225882 0.158128
1.210685 0.192740 1.225931 0.157874
1.210782 0.192441 1.225980 0.157621
1.210879 0.192141 1.226029 0.157367
1.210976 0.191841 1.226077 0.157113
1.211073 0.191541 1.226126 0.156859
1.211169 0.191241 1.226175 0.156605
1.211266 0.190941 1.226223 0.156351
1.211362 0.190641 1.226272 0.156097
1.211458 0.190341 1.226320 0.155843
1.211554 0.190041 1.226368 0.155589
1.211650 0.189740 1.226416 0.155335
1.211746 0.189440 1.226465 0.155081
1.211841 0.189139 1.226513 0.154827
1.211937 0.188839 1.226561 0.154573
1.212032 0.188538 1.226609 0.154318
1.212127 0.188237 1.226656 0.154064
1.212222 0.187936 1.226704 0.153810
1.212317 0.187635 1.226752 0.153555
1.212412 0.187334 1.226799 0.153301
1.212506 0.187032 1.226847 0.153047
1.212601 0.186731 1.226894 0.152792
1.212695 0.186430 1.226942 0.152538
1.212789 0.186128 1.226989 0.152283
1.212883 0.185827 1.227036 0.152028
1.212977 0.185525 1.227083 0.151774
1.213071 0.185223 1.227130 0.151519
1.213164 0.184921 1.227177 0.151265
1.213258 0.184619 1.227224 0.151010
1.213351 0.184317 1.227271 0.150755
1.213444 0.184015 1.227317 0.150500
1.213537 0.183713 1.227364 0.150245
1.213630 0.183411 1.227411 0.149991
1.213722 0.183108 1.227457 0.149736
1.213815 0.182806 1.227503 0.149481
1.213907 0.182503 1.227550 0.149226
1.214000 0.182200 1.227596 0.148971
1.214092 0.181898 1.227642 0.148716
1.214184 0.181595 1.227688 0.148461
1.214275 0.181292 1.227734 0.148206
1.214367 0.180989 1.227780 0.147951
1.214458 0.180686 1.227826 0.147695
1.214550 0.180382 1.227872 0.147440
1.214641 0.180079 1.227917 0.147185
1.214732 0.179776 1.227963 0.146930
1.214823 0.179472 1.228009 0.146674
1.214914 0.179169 1.228054 0.146419
1.215004 0.178865 1.228099 0.146164
1.215095 0.178561 1.228145 0.145908
1.215185 0.178257 1.228190 0.145653
1.215275 0.177954 1.228235 0.145397
1.215365 0.177650 1.228280 0.145142
1.215455 0.177345 1.228325 0.144886
1.215545 0.177041 1.228370 0.144631
1.215634 0.176737 1.228415 0.144375
1.215724 0.176433 1.228459 0.144119
1.215813 0.176128 1.228504 0.143864
1.215902 0.175824 1.228549 0.143608
1.215991 0.175519 1.228593 0.143352
1.216080 0.175214 1.228637 0.143097
1.216168 0.174910 1.228682 0.142841
1.216257 0.174605 1.228726 0.142585
1.216345 0.174300 1.228770 0.142329
1.216433 0.173995 1.228814 0.142073
1.216522 0.173690 1.228858 0.141817
1.216609 0.173384 1.228902 0.141561
1.216697 0.173079 1.228946 0.141305
1.216785 0.172774 1.228990 0.141049
1.216872 0.172468 1.229034 0.140793
1.216960 0.172163 1.229077 0.140537
1.217047 0.171857 1.229121 0.140281
1.217134 0.171551 1.229164 0.140025
1.217221 0.171246 1.229208 0.139768
1.217307 0.170940 1.229251 0.139512
1.217394 0.170634 1.229294 0.139256
1.217480 0.170328 1.229337 0.139000
1.217567 0.170022 1.229380 0.138743
1.217653 0.169715 1.229423 0.138487
1.217739 0.169409 1.229466 0.138231
1.217825 0.169103 1.229509 0.137974
1.217910 0.168796 1.229552 0.137718
1.217996 0.168490 1.229594 0.137461
1.218081 0.168183 1.229637 0.137205
1.218166 0.167876 1.229680 0.136948
1.218251 0.167570 1.229722 0.136691
1.218336 0.167263 1.229764 0.136435
1.218421 0.166956 1.229807 0.136178
1.218506 0.166649 1.229849 0.135922
1.218590 0.166342 1.229891 0.135665
1.218674 0.166034 1.229933 0.135408
1.218759 0.165727 1.229975 0.135151
1.218843 0.165420 1.230017 0.134894
1.218927 0.165112 1.230058 0.134638
1.219010 0.164805 1.230100 0.134381
1.219094 0.164497 1.230142 0.134124
1.219177 0.164189 1.230183 0.133867
1.219260 0.163882 1.230225 0.133610
1.219344 0.163574 1.230266 0.133353
1.219427 0.163266 1.230308 0.133096
1.219509 0.162958 1.230349 0.132839
1.219592 0.162650 1.230390 0.132582
1.219674 0.162342 1.230431 0.132325
1.219757 0.162033 1.230472 0.132067
1.219839 0.161725 1.230513 0.131810
1.219921 0.161417 1.230554 0.131553
1.220003 0.161108 1.230595 0.131296
1.220085 0.160800 1.230635 0.131039
1.220166 0.160491 1.230676 0.130781
1.220248 0.160182 1.230716 0.130524
1.220329 0.159873 1.230757 0.130267
1.220410 0.159565 1.230797 0.130009
1.220491 0.159256 1.230837 0.129752
1.220572 0.158947 1.230878 0.129494
1.220653 0.158637 1.230918 0.129237
1.220733 0.158328 1.230958 0.128979
1.220813 0.158019 1.230998 0.128722
1.220894 0.157710 1.231038 0.128464
1.220974 0.157400 1.231077 0.128207
1.221054 0.157091 1.231117 0.127949
1.221133 0.156781 1.231157 0.127691
1.221213 0.156471 1.231196 0.127434
1.221293 0.156162 1.231236 0.127176
1.221372 0.155852 1.231275 0.126918
1.221451 0.155542 1.231315 0.126660
1.221530 0.155232 1.231354 0.126402
1.221609 0.154922 1.231393 0.126145
1.221688 0.154612 1.231432 0.125887
1.221766 0.154302 1.231471 0.125629
1.221844 0.153991 1.231510 0.125371
1.221923 0.153681 1.231549 0.125113
1.222001 0.153371 1.231588 0.124855
1.222079 0.153060 1.231626 0.124597
1.222156 0.152750 1.231665 0.124339
1.222234 0.152439 1.231704 0.124081
1.222312 0.152128 1.231742 0.123823
1.222389 0.151818 1.231780 0.123565
1.222466 0.151507 1.231819 0.123306
1.222543 0.151196 1.231857 0.123048
1.222620 0.150885 1.231895 0.122790
1.222697 0.150574 1.231933 0.122532
1.222773 0.150262 1.231971 0.122274
1.222849 0.149951 1.232009 0.122015
1.222926 0.149640 1.232047 0.121757
1.223002 0.149329 1.232085 0.121499
1.223078 0.149017 1.232122 0.121240
1.223153 0.148706 1.232160 0.120982
1.223229 0.148394 1.232197 0.120723
1.223305 0.148082 1.232235 0.120465
1.223380 0.147771 1.232272 0.120206
1.223455 0.147459 1.232309 0.119948
1.223530 0.147147 1.232347 0.119689
1.223605 0.146835 1.232384 0.119431
1.223680 0.146523 1.232421 0.119172
1.223754 0.146211 1.232458 0.118914
1.223828 0.145899 1.232494 0.118655
1.223903 0.145586 1.232531 0.118396
1.223977 0.145274 1.232568 0.118137
1.224051 0.144962 1.232605 0.117879
1.224124 0.144649 1.232641 0.117620
1.224198 0.144337 1.232678 0.117361
1.224272 0.144024 1.232714 0.117102
1.224345 0.143711 1.232750 0.116843
1.224418 0.143399 1.232787 0.116585
1.224491 0.143086 1.232823 0.116326
1.224564 0.142773 1.232859 0.116067
1.224636 0.142460 1.232895 0.115808
1.224709 0.142147 1.232931 0.115549
1.224781 0.141834 1.232966 0.115290
1.224854 0.141521 1.233002 0.115031
1.224926 0.141207 1.233038 0.114772
1.224998 0.140894 1.233073 0.114513
1.225069 0.140581 1.233109 0.114253
1.225141 0.140267 1.233144 0.113994
1.225212 0.139954 1.233180 0.113735
1.225284 0.139640 1.233215 0.113476
1.225355 0.139326 1.233250 0.113217
1.225426 0.139013 1.233285 0.112957
1.225497 0.138699 1.233320 0.112698
1.225567 0.138385 1.233355 0.112439
1.225638 0.138071 1.233390 0.112180
1.225708 0.137757 1.233425 0.111920
1.225778 0.137443 1.233460 0.111661
1.225848 0.137129 1.233494 0.111401
1.225918 0.136815 1.233529 0.111142
1.225988 0.136501 1.233563 0.110883
1.226057 0.136186 1.233598 0.110623
1.226127 0.135872 1.233632 0.110364
1.226196 0.135557 1.233666 0.110104
1.226265 0.135243 1.233700 0.109844
1.226334 0.134928 1.233735 0.109585
1.226403 0.134614 1.233769 0.109325
1.226472 0.134299 1.233802 0.109066
1.226540 0.133984 1.233836 0.108806
1.226608 0.133669 1.233870 0.108546
1.226676 0.133354 1.233904 0.108287
1.226744 0.133039 1.233937 0.108027
1.226812 0.132724 1.233971 0.107767
1.226880 0.132409 1.234004 0.107507
1.226948 0.132094 1.234038 0.107248
1.227015 0.131779 1.234071 0.106988
1.227082 0.131463 1.234104 0.106728
1.227149 0.131148 1.234137 0.106468
1.227216 0.130832 1.234170 0.106208
1.227283 0.130517 1.234203 0.105948
1.227349 0.130201 1.234236 0.105688
1.227416 0.129886 1.234269 0.105428
1.227482 0.129570 1.234302 0.105168
1.227548 0.129254 1.234334 0.104908
1.227614 0.128938 1.234367 0.104648
1.227680 0.128623 1.234399 0.104388
1.227746 0.128307 1.234432 0.104128
1.227811 0.127991 1.234464 0.103868
1.227876 0.127675 1.234496 0.103608
1.227942 0.127358 1.234529 0.103347
1.228007 0.127042 1.234561 0.103087
1.228071 0.126726 1.234593 0.102827
1.228136 0.126410 1.234625 0.102567
1.228201 0.126093 1.234656 0.102307
1.228265 0.125777 1.234688 0.102046
1.228329 0.125460 1.234720 0.101786
1.228393 0.125144 1.234751 0.101526
1.228457 0.124827 1.234783 0.101265
1.228521 0.124510 1.234814 0.101005
1.228585 0.124194 1.234846 0.100744
1.228648 0.123877 1.234877 0.100484
1.228711 0.123560 1.234908 0.100224
1.228774 0.123243 1.234939 0.099963
1.228837 0.122926 1.234970 0.099703
1.228900 0.122609 1.235001 0.099442
1.228963 0.122292 1.235032 0.099182
1.229025 0.121974 1.235063 0.098921
1.229088 0.121657 1.235094 0.098660
1.229150 0.121340 1.235124 0.098400
1.229212 0.121023 1.235155 0.098139
1.229274 0.120705 1.235186 0.097878
1.229335 0.120388 1.235216 0.097618
1.229397 0.120070 1.235246 0.097357
1.229458 0.119752 1.235277 0.097096
1.229519 0.119435 1.235307 0.096836
1.229580 0.119117 1.235337 0.096575
1.229641 0.118799 1.235367 0.096314
1.229702 0.118481 1.235397 0.096053
1.229763 0.118164 1.235427 0.095792
1.229823 0.117846 1.235456 0.095532
1.229883 0.117528 1.235486 0.095271
1.229943 0.117209 1.235516 0.095010
1.230003 0.116891 1.235545 0.094749
1.230063 0.116573 1.235575 0.094488
1.230123 0.116255 1.235604 0.094227
1.230182 0.115937 1.235633 0.093966
1.230242 0.115618 1.235663 0.093705
1.230301 0.115300 1.235692 0.093444
1.230360 0.114981 1.235721 0.093183
1.230419 0.114663 1.235750 0.092922
1.230477 0.114344 1.235779 0.092661
1.230536 0.114026 1.235807 0.092400
1.230594 0.113707 1.235836 0.092138
1.230652 0.113388 1.235865 0.091877
1.230710 0.113069 1.235893 0.091616
1.230768 0.112750 1.235922 0.091355
1.230826 0.112432 1.235950 0.091094
1.230883 0.112113 1.235979 0.090832
1.230941 0.111793 1.236007 0.090571
1.230998 0.111474 1.236035 0.090310
1.231055 0.111155 1.236063 0.090048
1.231112 0.110836 1.236091 0.089787
1.231169 0.110517 1.236119 0.089526
1.231225 0.110197 1.236147 0.089264
1.231282 0.109878 1.236175 0.089003
1.231338 0.109559 1.236202 0.088742
1.231394 0.109239 1.236230 0.088480
1.231450 0.108920 1.236258 0.088219
1.231506 0.108600 1.236285 0.087957
1.231561 0.108280 1.236312 0.087696
1.231617 0.107961 1.236340 0.087434
1.231672 0.107641 1.236367 0.087173
1.231727 0.107321 1.236394 0.086911
1.231782 0.107001 1.236421 0.086650
1.231837 0.106682 1.236448 0.086388
1.231892 0.106362 1.236475 0.086126
1.231946 0.106042 1.236502 0.085865
1.232001 0.105722 1.236528 0.085603
1.232055 0.105401 1.236555 0.085341
1.232109 0.105081 1.236582 0.085080
1.232163 0.104761 1.236608 0.084818
1.232216 0.104441 1.236635 0.084556
1.232270 0.104120 1.236661 0.084295
1.232323 0.103800 1.236687 0.084033
1.232377 0.103480 1.236713 0.083771
1.232430 0.103159 1.236740 0.083509
1.232483 0.102839 1.236766 0.083247
1.232535 0.102518 1.236791 0.082986
1.232588 0.102197 1.236817 0.082724
1.232640 0.101877 1.236843 0.082462
1.232692 0.101556 1.236869 0.082200
1.232745 0.101235 1.236894 0.081938
1.232797 0.100914 1.236920 0.081676
1.232848 0.100594 1.236945 0.081414
1.232900 0.100273 1.236971 0.081152
1.232951 0.099952 1.236996 0.080890
1.233003 0.099631 1.237021 0.080628
1.233054 0.099310 1.237046 0.080366
1.233105 0.098988 1.237072 0.080104
1.233155 0.098667 1.237096 0.079842
1.233206 0.098346 1.237121 0.079580
1.233257 0.098025 1.237146 0.079318
1.233307 0.097704 1.237171 0.079056
1.233357 0.097382 1.237196 0.078794
1.233407 0.097061 1.237220 0.078531
1.233457 0.096739 1.237245 0.078269
1.233507 0.096418 1.237269 0.078007
1.233556 0.096096 1.237293 0.077745
1.233605 0.095775 1.237318 0.077483
1.233655 0.095453 1.237342 0.077220
1.233704 0.095131 1.237366 0.076958
1.233752 0.094810 1.237390 0.076696
1.233801 0.094488 1.237414 0.076433
1.233850 0.094166 1.237438 0.076171
1.233898 0.093844 1.237462 0.075909
1.233946 0.093522 1.237485 0.075646
1.233994 0.093200 1.237509 0.075384
1.234042 0.092878 1.237532 0.075122
1.234090 0.092556 1.237556 0.074859
1.234137 0.092234 1.237579 0.074597
1.234185 0.091912 1.237603 0.074334
1.234232 0.091589 1.237626 0.074072
1.234279 0.091267 1.237649 0.073809
1.234326 0.090945 1.237672 0.073547
1.234373 0.090623 1.237695 0.073284
1.234419 0.090300 1.237718 0.073022
1.234466 0.089978 1.237741 0.072759
1.234512 0.089655 1.237763 0.072497
1.234558 0.089333 1.237786 0.072234
1.234604 0.089010 1.237809 0.071972
1.234650 0.088688 1.237831 0.071709
1.234696 0.088365 1.237854 0.071446
1.234741 0.088042 1.237876 0.071184
1.234786 0.087720 1.237898 0.070921
1.234831 0.087397 1.237920 0.070658
1.234876 0.087074 1.237942 0.070396
1.234921 0.086751 1.237964 0.070133
1.234966 0.086428 1.237986 0.069870
1.235010 0.086105 1.238008 0.069608
1.235055 0.085782 1.238030 0.069345
1.235099 0.085459 1.238052 0.069082
1.235143 0.085136 1.238073 0.068819
1.235187 0.084813 1.238095 0.068556
1.235230 0.084490 1.238116 0.068294
1.235274 0.084167 1.238138 0.068031
1.235317 0.083843 1.238159 0.067768
1.235360 0.083520 1.238180 0.067505
1.235403 0.083197 1.238201 0.067242
1.235446 0.082873 1.238222 0.066979
1.235489 0.082550 1.238243 0.066716
1.235531 0.082226 1.238264 0.066453
1.235574 0.081903 1.238285 0.066190
1.235616 0.081579 1.238306 0.065928
1.235658 0.081256 1.238327 0.065665
1.235700 0.080932 1.238347 0.065402
1.235741 0.080608 1.238368 0.065139
1.235783 0.080285 1.238388 0.064876
1.235824 0.079961 1.238408 0.064613
1.235865 0.079637 1.238429 0.064349
1.235906 0.079313 1.238449 0.064086
1.235947 0.078990 1.238469 0.063823
1.235988 0.078666 1.238489 0.063560
1.236029 0.078342 1.238509 0.063297
1.236069 0.078018 1.238529 0.063034
1.236109 0.077694 1.238549 0.062771
1.236149 0.077370 1.238568 0.062508
1.236189 0.077046 1.238588 0.062245
1.236229 0.076721 1.238607 0.061981
1.236269 0.076397 1.238627 0.061718
1.236308 0.076073 1.238646 0.061455
1.236347 0.075749 1.238665 0.061192
1.236386 0.075425 1.238685 0.060928
1.236425 0.075100 1.238704 0.060665
1.236464 0.074776 1.238723 0.060402
1.236503 0.074451 1.238742 0.060139
1.236541 0.074127 1.238761 0.059875
1.236579 0.073803 1.238780 0.059612
1.236617 0.073478 1.238798 0.059349
1.236655 0.073153 1.238817 0.059085
1.236693 0.072829 1.238836 0.058822
1.236731 0.072504 1.238854 0.058559
1.236768 0.072180 1.238872 0.058295
1.236805 0.071855 1.238891 0.058032
1.236842 0.071530 1.238909 0.057769
1.236879 0.071205 1.238927 0.057505
1.236916 0.070881 1.238945 0.057242
1.236953 0.070556 1.238963 0.056978
1.236989 0.070231 1.238981 0.056715
1.237025 0.069906 1.238999 0.056451
1.237062 0.069581 1.239017 0.056188
1.237098 0.069256 1.239035 0.055924
1.237133 0.068931 1.239052 0.055661
1.237169 0.068606 1.239070 0.055397
1.237204 0.068281 1.239087 0.055134
1.237240 0.067956 1.239105 0.054870
1.237275 0.067631 1.239122 0.054607
1.237310 0.067306 1.239139 0.054343
1.237345 0.066980 1.239156 0.054080
1.237379 0.066655 1.239173 0.053816
1.237414 0.066330 1.239190 0.053552
1.237448 0.066005 1.239207 0.053289
1.237482 0.065679 1.239224 0.053025
1.237516 0.065354 1.239241 0.052761
1.237550 0.065028 1.239257 0.052498
1.237584 0.064703 1.239274 0.052234
1.237617 0.064378 1.239290 0.051970
1.237651 0.064052 1.239307 0.051707
1.237684 0.063726 1.239323 0.051443
1.237717 0.063401 1.239339 0.051179
1.237750 0.063075 1.239356 0.050916
1.237782 0.062750 1.239372 0.050652
1.237815 0.062424 1.239388 0.050388
1.237847 0.062098 1.239404 0.050124
1.237879 0.061773 1.239420 0.049861
1.237911 0.061447 1.239435 0.049597
1.237943 0.061121 1.239451 0.049333
1.237975 0.060795 1.239467 0.049069
1.238006 0.060469 1.239482 0.048805
1.238038 0.060143 1.239498 0.048542
1.238069 0.059818 1.239513 0.048278
1.238100 0.059492 1.239528 0.048014
1.238131 0.059166 1.239543 0.047750
1.238161 0.058840 1.239559 0.047486
1.238192 0.058514 1.239574 0.047222
1.238222 0.058188 1.239589 0.046958
1.238252 0.057861 1.239604 0.046694
1.238282 0.057535 1.239618 0.046430
1.238312 0.057209 1.239633 0.046167
1.238342 0.056883 1.239648 0.045903
1.238371 0.056557 1.239662 0.045639
1.238401 0.056231 1.239677 0.045375
1.238430 0.055904 1.239691 0.045111
1.238459 0.055578 1.239706 0.044847
1.238488 0.055252 1.239720 0.044583
1.238517 0.054925 1.239734 0.044319
1.238545 0.054599 1.239748 0.044055
1.238574 0.054273 1.239762 0.043791
1.238602 0.053946 1.239776 0.043527
1.238630 0.053620 1.239790 0.043263
1.238658 0.053293 1.239804 0.042998
1.238685 0.052967 1.239817 0.042734
1.238713 0.052640 1.239831 0.042470
1.238740 0.052314 1.239844 0.042206
1.238767 0.051987 1.239858 0.041942
1.238795 0.051660 1.239871 0.041678
1.238821 0.051334 1.239885 0.041414
1.238848 0.051007 1.239898 0.041150
1.238875 0.050680 1.239911 0.040886
1.238901 0.050354 1.239924 0.040622
1.238927 0.050027 1.239937 0.040357
1.238953 0.049700 1.239950 0.040093
1.238979 0.049373 1.239963 0.039829
1.239005 0.049047 1.239975 0.039565
1.239030 0.048720 1.239988 0.039301
1.239056 0.048393 1.240001 0.039036
1.239081 0.048066 1.240013 0.038772
1.239106 0.047739 1.240025 0.038508
1.239131 0.047412 1.240038 0.038244
1.239156 0.047085 1.240050 0.037980
1.239180 0.046758 1.240062 0.037715
1.239205 0.046431 1.240074 0.037451
1.239229 0.046104 1.240086 0.037187
1.239253 0.045777 1.240098 0.036923
1.239277 0.045450 1.240110 0.036658
1.239301 0.045123 1.240122 0.036394
1.239324 0.044796 1.240133 0.036130
1.239348 0.044469 1.240145 0.035865
1.239371 0.044142 1.240157 0.035601
1.239394 0.043814 1.240168 0.035337
1.239417 0.043487 1.240179 0.035072
1.239439 0.043160 1.240191 0.034808
1.239462 0.042833 1.240202 0.034544
1.239484 0.042505 1.240213 0.034279
1.239507 0.042178 1.240224 0.034015
1.239529 0.041851 1.240235 0.033751
1.239551 0.041523 1.240246 0.033486
1.239572 0.041196 1.240257 0.033222
1.239594 0.040869 1.240267 0.032957
1.239615 0.040541 1.240278 0.032693
1.239637 0.040214 1.240289 0.032429
1.239658 0.039886 1.240299 0.032164
1.239679 0.039559 1.240310 0.031900
1.239699 0.039231 1.240320 0.031635
1.239720 0.038904 1.240330 0.031371
1.239740 0.038576 1.240340 0.031106
1.239760 0.038249 1.240350 0.030842
1.239781 0.037921 1.240360 0.030577
1.239800 0.037594 1.240370 0.030313
1.239820 0.037266 1.240380 0.030049
1.239840 0.036938 1.240390 0.029784
1.239859 0.036611 1.240400 0.029520
1.239878 0.036283 1.240409 0.029255
1.239897 0.035955 1.240419 0.028991
1.239916 0.035628 1.240428 0.028726
1.239935 0.035300 1.240437 0.028461
1.239954 0.034972 1.240447 0.028197
1.239972 0.034644 1.240456 0.027932
1.239990 0.034317 1.240465 0.027668
1.240008 0.033989 1.240474 0.027403
1.240026 0.033661 1.240483 0.027139
1.240044 0.033333 1.240492 0.026874
1.240062 0.033005 1.240501 0.026610
1.240079 0.032678 1.240509 0.026345
1.240096 0.032350 1.240518 0.026080
1.240113 0.032022 1.240527 0.025816
1.240130 0.031694 1.240535 0.025551
1.240147 0.031366 1.240544 0.025287
1.240164 0.031038 1.240552 0.025022
1.240180 0.030710 1.240560 0.024757
1.240196 0.030382 1.240568 0.024493
1.240212 0.030054 1.240576 0.024228
1.240228 0.029726 1.240584 0.023964
1.240244 0.029398 1.240592 0.023699
1.240259 0.029070 1.240600 0.023434
1.240275 0.028742 1.240608 0.023170
1.240290 0.028414 1.240615 0.022905
1.240305 0.028086 1.240623 0.022640
1.240320 0.027758 1.240631 0.022376
1.240335 0.027430 1.240638 0.022111
1.240349 0.027101 1.240645 0.021846
1.240364 0.026773 1.240653 0.021582
1.240378 0.026445 1.240660 0.021317
1.240392 0.026117 1.240667 0.021052
1.240406 0.025789 1.240674 0.020788
1.240420 0.025461 1.240681 0.020523
1.240433 0.025132 1.240688 0.020258
1.240447 0.024804 1.240695 0.019994
1.240460 0.024476 1.240701 0.019729
1.240473 0.024148 1.240708 0.019464
1.240486 0.023819 1.240715 0.019199
1.240499 0.023491 1.240721 0.018935
1.240511 0.023163 1.240727 0.018670
1.240524 0.022835 1.240734 0.018405
1.240536 0.022506 1.240740 0.018140
1.240548 0.022178 1.240746 0.017876
1.240560 0.021850 1.240752 0.017611
1.240571 0.021521 1.240758 0.017346
1.240583 0.021193 1.240764 0.017081
1.240594 0.020865 1.240770 0.016817
1.240606 0.020536 1.240776 0.016552
1.240617 0.020208 1.240781 0.016287
1.240628 0.019879 1.240787 0.016022
1.240638 0.019551 1.240792 0.015758
1.240649 0.019223 1.240798 0.015493
1.240659 0.018894 1.240803 0.015228
1.240670 0.018566 1.240808 0.014963
1.240680 0.018237 1.240814 0.014698
1.240689 0.017909 1.240819 0.014434
1.240699 0.017580 1.240824 0.014169
1.240709 0.017252 1.240829 0.013904
1.240718 0.016923 1.240834 0.013639
1.240727 0.016595 1.240838 0.013374
1.240736 0.016266 1.240843 0.013109
1.240745 0.015938 1.240848 0.012845
1.240754 0.015609 1.240852 0.012580
1.240763 0.015281 1.240857 0.012315
1.240771 0.014952 1.240861 0.012050
1.240779 0.014624 1.240865 0.011785
1.240787 0.014295 1.240870 0.011520
1.240795 0.013967 1.240874 0.011256
1.240803 0.013638 1.240878 0.010991
1.240810 0.013309 1.240882 0.010726
1.240818 0.012981 1.240886 0.010461
1.240825 0.012652 1.240890 0.010196
1.240832 0.012324 1.240893 0.009931
1.240839 0.011995 1.240897 0.009667
1.240846 0.011666 1.240901 0.009402
1.240852 0.011338 1.240904 0.009137
1.240859 0.011009 1.240907 0.008872
1.240865 0.010680 1.240911 0.008607
1.240871 0.010352 1.240914 0.008342
1.240877 0.010023 1.240917 0.008077
1.240882 0.009695 1.240920 0.007812
1.240888 0.009366 1.240923 0.007548
1.240893 0.009037 1.240926 0.007283
1.240899 0.008709 1.240929 0.007018
1.240904 0.008380 1.240932 0.006753
1.240909 0.008051 1.240935 0.006488
1.240913 0.007722 1.240937 0.006223
1.240918 0.007394 1.240940 0.005958
1.240922 0.007065 1.240942 0.005693
1.240926 0.006736 1.240945 0.005428
1.240930 0.006408 1.240947 0.005164
1.240934 0.006079 1.240949 0.004899
1.240938 0.005750 1.240951 0.004634
1.240942 0.005422 1.240953 0.004369
1.240945 0.005093 1.240955 0.004104
1.240948 0.004764 1.240957 0.003839
1.240951 0.004435 1.240959 0.003574
1.240954 0.004107 1.240961 0.003309
1.240957 0.003778 1.240962 0.003044
1.240959 0.003449 1.240964 0.002779
1.240962 0.003120 1.240966 0.002515
1.240964 0.002792 1.240967 0.002250
1.240966 0.002463 1.240968 0.001985
1.240968 0.002134 1.240970 0.001720
1.240969 0.001805 1.240971 0.001455
1.240971 0.001477 1.240972 0.001190
1.240972 0.001148 1.240973 0.000925
1.240974 0.000819 1.240974 0.000660
1.240975 0.000490 1.240975 0.000395
1.240975 0.000162 1.240975 0.000130
1.240976 -0.000167 1.240976 -0.000135
1.240977 -0.000496 1.240977 -0.000400
1.240977 -0.000825 1.240977 -0.000664
1.240977 -0.001153 1.240978 -0.000929
1.240977 -0.001482 1.240978 -0.001194
1.240977 -0.001811 1.240978 -0.001459
1.240977 -0.002140 1.240979 -0.001724
1.240976 -0.002468 1.240979 -0.001989
1.240976 -0.002797 1.240979 -0.002254
1.240975 -0.003126 1.240979 -0.002519
1.240974 -0.003455 1.240979 -0.002784
1.240973 -0.003783 1.240978 -0.003049
1.240971 -0.004112 1.240978 -0.003314
1.240970 -0.004441 1.240978 -0.003579
1.240968 -0.004770 1.240977 -0.003844
1.240966 -0.005098 1.240977 -0.004108
1.240964 -0.005427 1.240976 -0.004373
1.240962 -0.005756 1.240976 -0.004638
1.240960 -0.006085 1.240975 -0.004903
1.240957 -0.006413 1.240974 -0.005168
1.240955 -0.006742 1.240973 -0.005433
1.240952 -0.007071 1.240972 -0.005698
1.240949 -0.007400 1.240971 -0.005963
1.240946 -0.007728 1.240970 -0.006228
1.240943 -0.008057 1.240969 -0.006493
1.240939 -0.008386 1.240967 -0.006758
1.240935 -0.008715 1.240966 -0.007023
1.240932 -0.009043 1.240965 -0.007287
1.240928 -0.009372 1.240963 -0.007552
1.240923 -0.009701 1.240961 -0.007817
1.240919 -0.010030 1.240960 -0.008082
1.240915 -0.010358 1.240958 -0.008347
1.240910 -0.010687 1.240956 -0.008612
1.240905 -0.011016 1.240954 -0.008877
1.240900 -0.011344 1.240952 -0.009142
1.240895 -0.011673 1.240950 -0.009407
1.240890 -0.012002 1.240948 -0.009672
1.240884 -0.012330 1.240945 -0.009936
1.240878 -0.012659 1.240943 -0.010201
1.240873 -0.012988 1.240941 -0.010466
1.240867 -0.013316 1.240938 -0.010731
1.240860 -0.013645 1.240936 -0.010996
1.240854 -0.013974 1.240933 -0.011261
1.240848 -0.014302 1.240930 -0.011526
1.240841 -0.014631 1.240927 -0.011791
1.240834 -0.014960 1.240924 -0.012056
1.240827 -0.015288 1.240921 -0.012320
1.240820 -0.015617 1.240918 -0.012585
1.240813 -0.015946 1.240915 -0.012850
1.240805 -0.016274 1.240912 -0.013115
1.240797 -0.016603 1.240909 -0.013380
1.240790 -0.016931 1.240905 -0.013645
1.240782 -0.017260 1.240902 -0.013910
1.240773 -0.017589 1.240898 -0.014175
1.240765 -0.017917 1.240894 -0.014439
1.240757 -0.018246 1.240891 -0.014704
1.240748 -0.018574 1.240887 -0.014969
1.240739 -0.018903 1.240883 -0.015234
1.240730 -0.019231 1.240879 -0.015499
1.240721 -0.019560 1.240875 -0.015764
1.240712 -0.019888 1.240871 -0.016028
1.240702 -0.020217 1.240867 -0.016293
1.240692 -0.020545 1.240862 -0.016558
1.240683 -0.020874 1.240858 -0.016823
1.240673 -0.021202 1.240854 -0.017088
1.240662 -0.021531 1.240849 -0.017353
1.240652 -0.021859 1.240845 -0.017617
1.240641 -0.022188 1.240840 -0.017882
1.240631 -0.022516 1.240835 -0.018147
1.240620 -0.022845 1.240830 -0.018412
1.240609 -0.023173 1.240825 -0.018677
1.240598 -0.023502 1.240820 -0.018942
1.240586 -0.023830 1.240815 -0.019206
1.240575 -0.024158 1.240810 -0.019471
1.240563 -0.024487 1.240805 -0.019736
1.240551 -0.024815 1.240800 -0.020001
1.240539 -0.025144 1.240794 -0.020266
1.240527 -0.025472 1.240789 -0.020530
1.240515 -0.025800 1.240783 -0.020795
1.240502 -0.026129 1.240777 -0.021060
1.240490 -0.026457 1.240772 -0.021325
1.240477 -0.026785 1.240766 -0.021589
1.240464 -0.027114 1.240760 -0.021854
1.240451 -0.027442 1.240754 -0.022119
1.240437 -0.027770 1.240748 -0.022384
1.240424 -0.028098 1.240742 -0.022648
1.240410 -0.028427 1.240736 -0.022913
1.240396 -0.028755 1.240729 -0.023178
1.240382 -0.029083 1.240723 -0.023443
1.240368 -0.029411 1.240717 -0.023707
1.240354 -0.029740 1.240710 -0.023972
1.240339 -0.030068 1.240703 -0.024237
1.240324 -0.030396 1.240697 -0.024502
1.240309 -0.030724 1.240690 -0.024766
1.240294 -0.031052 1.240683 -0.025031
1.240279 -0.031380 1.240676 -0.025296
1.240264 -0.031709 1.240669 -0.025560
1.240248 -0.032037 1.240662 -0.025825
1.240233 -0.032365 1.240655 -0.026090
1.240217 -0.032693 1.240648 -0.026354
1.240201 -0.033021 1.240640 -0.026619
1.240185 -0.033349 1.240633 -0.026884
1.240168 -0.033677 1.240625 -0.027148
1.240152 -0.034005 1.240618 -0.027413
1.240135 -0.034333 1.240610 -0.027678
1.240118 -0.034661 1.240603 -0.027942
1.240101 -0.034989 1.240595 -0.028207
1.240084 -0.035317 1.240587 -0.028472
1.240067 -0.035645 1.240579 -0.028736
1.240049 -0.035973 1.240571 -0.029001
1.240031 -0.036301 1.240563 -0.029266
1.240014 -0.036628 1.240554 -0.029530
1.239996 -0.036956 1.240546 -0.029795
1.239977 -0.037284 1.240538 -0.030059
1.239959 -0.037612 1.240529 -0.030324
1.239940 -0.037940 1.240521 -0.030589
1.239922 -0.038268 1.240512 -0.030853
1.239903 -0.038595 1.240503 -0.031118
1.239884 -0.038923 1.240495 -0.031382
1.239865 -0.039251 1.240486 -0.031647
1.239845 -0.039579 1.240477 -0.031911
1.239826 -0.039906 1.240468 -0.032176
1.239806 -0.040234 1.240459 -0.032441
1.239786 -0.040562 1.240450 -0.032705
1.239766 -0.040889 1.240440 -0.032970
1.239746 -0.041217 1.240431 -0.033234
1.239726 -0.041545 1.240422 -0.033499
1.239705 -0.041872 1.240412 -0.033763
1.239685 -0.042200 1.240403 -0.034028
1.239664 -0.042527 1.240393 -0.034292
1.239643 -0.042855 1.240383 -0.034557
1.239621 -0.043182 1.240373 -0.034821
1.239600 -0.043510 1.240363 -0.035086
1.239579 -0.043837 1.240353 -0.035350
1.239557 -0.044165 1.240343 -0.035615
1.239535 -0.044492 1.240333 -0.035879
1.239513 -0.044820 1.240323 -0.036143
1.239491 -0.045147 1.240313 -0.036408
1.239468 -0.045475 1.240302 -0.036672
1.239446 -0.045802 1.240292 -0.036937
1.239423 -0.046129 1.240281 -0.037201
1.239400 -0.046457 1.240271 -0.037466
1.239377 -0.046784 1.240260 -0.037730
1.239354 -0.047111 1.240249 -0.037994
1.239331 -0.047438 1.240238 -0.038259
1.239307 -0.047766 1.240228 -0.038523
1.239284 -0.048093 1.240217 -0.038787
1.239260 -0.048420 1.240205 -0.039052
1.239236 -0.048747 1.240194 -0.039316
1.239212 -0.049074 1.240183 -0.039581
1.239187 -0.049401 1.240172 -0.039845
1.239163 -0.049728 1.240160 -0.040109
1.239138 -0.050056 1.240149 -0.040374
1.239113 -0.050383 1.240137 -0.040638
1.239088 -0.050710 1.240125 -0.040902
1.239063 -0.051037 1.240114 -0.041166
1.239038 -0.051364 1.240102 -0.041431
1.239012 -0.051691 1.240090 -0.041695
1.238987 -0.052017 1.240078 -0.041959
1.238961 -0.052344 1.240066 -0.042224
1.238935 -0.052671 1.240054 -0.042488
1.238909 -0.052998 1.240042 -0.042752
1.238882 -0.053325 1.240029 -0.043016
1.238856 -0.053652 1.240017 -0.043280
1.238829 -0.053979 1.240004 -0.043545
1.238802 -0.054305 1.239992 -0.043809
1.238775 -0.054632 1.239979 -0.044073
1.238748 -0.054959 1.239967 -0.044337
1.238721 -0.055285 1.239954 -0.044601
1.238693 -0.055612 1.239941 -0.044866
1.238666 -0.055939 1.239928 -0.045130
1.238638 -0.056265 1.239915 -0.045394
1.238610 -0.056592 1.239902 -0.045658
1.238582 -0.056918 1.239889 -0.045922
1.238553 -0.057245 1.239875 -0.046186
1.238525 -0.057571 1.239862 -0.046450
1.238496 -0.057898 1.239849 -0.046715
1.238467 -0.058224 1.239835 -0.046979
1.238438 -0.058551 1.239822 -0.047243
1.238409 -0.058877 1.239808 -0.047507
1.238380 -0.059203 1.239794 -0.047771
1.238350 -0.059530 1.239780 -0.048035
1.238321 -0.059856 1.239766 -0.048299
1.238291 -0.060182 1.239752 -0.048563
1.238261 -0.060509 1.239738 -0.048827
1.238231 -0.060835 1.239724 -0.049091
1.238200 -0.061161 1.239710 -0.049355
1.238170 -0.061487 1.239696 -0.049619
1.238139 -0.061813 1.239681 -0.049883
1.238108 -0.062139 1.239667 -0.050147
1.238078 -0.062465 1.239652 -0.050411
1.238046 -0.062792 1.239638 -0.050675
1.238015 -0.063118 1.239623 -0.050939
1.237984 -0.063444 1.239608 -0.051203
1.237952 -0.063769 1.239593 -0.051467
1.237920 -0.064095 1.239578 -0.051730
1.237888 -0.064421 1.239563 -0.051994
1.237856 -0.064747 1.239548 -0.052258
1.237824 -0.065073 1.239533 -0.052522
1.237791 -0.065399 1.239518 -0.052786
1.237759 -0.065725 1.239502 -0.053050
1.237726 -0.066050 1.239487 -0.053314
1.237693 -0.066376 1.239472 -0.053578
1.237660 -0.066702 1.239456 -0.053841
1.237627 -0.067027 1.239440 -0.054105
1.237593 -0.067353 1.239425 -0.054369
1.237559 -0.067679 1.239409 -0.054633
1.237526 -0.068004 1.239393 -0.054896
1.237492 -0.068330 1.239377 -0.055160
1.237458 -0.068655 1.239361 -0.055424
1.237423 -0.068981 1.239345 -0.055688
1.237389 -0.069306 1.239328 -0.055951
1.237354 -0.069631 1.239312 -0.056215
1.237320 -0.069957 1.239296 -0.056479
1.237285 -0.070282 1.239279 -0.056743
1.237250 -0.070607 1.239263 -0.057006
1.237214 -0.070933 1.239246 -0.057270
1.237179 -0.071258 1.239229 -0.057533
1.237143 -0.071583 1.239212 -0.057797
1.237108 -0.071908 1.239196 -0.058061
1.237072 -0.072233 1.239179 -0.058324
1.237036 -0.072558 1.239162 -0.058588
1.236999 -0.072883 1.239145 -0.058852
1.236963 -0.073209 1.239127 -0.059115
1.236926 -0.073534 1.239110 -0.059379
1.236890 -0.073858 1.239093 -0.059642
1.236853 -0.074183 1.239075 -0.059906
1.236816 -0.074508 1.239058 -0.060169
1.236778 -0.074833 1.239040 -0.060433
1.236741 -0.075158 1.239023 -0.060696
1.236703 -0.075483 1.239005 -0.060960
1.236666 -0.075807 1.238987 -0.061223
1.236628 -0.076132 1.238969 -0.061487
1.236590 -0.076457 1.238951 -0.061750
1.236551 -0.076781 1.238933 -0.062014
1.236513 -0.077106 1.238915 -0.062277
1.236475 -0.077431 1.238897 -0.062540
1.236436 -0.077755 1.238878 -0.062804
1.236397 -0.078080 1.238860 -0.063067
1.236358 -0.078404 1.238841 -0.063331
1.236319 -0.078729 1.238823 -0.063594
1.236279 -0.079053 1.238804 -0.063857
1.236240 -0.079377 1.238786 -0.064121
1.236200 -0.079702 1.238767 -0.064384
1.236160 -0.080026 1.238748 -0.064647
1.236120 -0.080350 1.238729 -0.064910
1.236080 -0.080674 1.238710 -0.065174
1.236040 -0.080998 1.238691 -0.065437
1.235999 -0.081322 1.238672 -0.065700
1.235958 -0.081647 1.238652 -0.065963
1.235918 -0.081971 1.238633 -0.066227
1.235877 -0.082295 1.238614 -0.066490
1.235835 -0.082619 1.238594 -0.066753
1.235794 -0.082942 1.238574 -0.067016
1.235753 -0.083266 1.238555 -0.067279
1.235711 -0.083590 1.238535 -0.067543
1.235669 -0.083914 1.238515 -0.067806
1.235627 -0.084238 1.238495 -0.068069
1.235585 -0.084561 1.238475 -0.068332
1.235543 -0.084885 1.238455 -0.068595
1.235500 -0.085209 1.238435 -0.068858
1.235458 -0.085532 1.238415 -0.069121
1.235415 -0.085856 1.238394 -0.069384
1.235372 -0.086180 1.238374 -0.069647
1.235329 -0.086503 1.238354 -0.069910
1.235285 -0.086826 1.238333 -0.070173
1.235242 -0.087150 1.238312 -0.070436
1.235198 -0.087473 1.238292 -0.070699
1.235154 -0.087796 1.238271 -0.070962
1.235111 -0.088120 1.238250 -0.071225
1.235066 -0.088443 1.238229 -0.071488
1.235022 -0.088766 1.238208 -0.071751
1.234978 -0.089089 1.238187 -0.072014
1.234933 -0.089412 1.238166 -0.072277
1.234888 -0.089736 1.238144 -0.072539
1.234843 -0.090059 1.238123 -0.072802
1.234798 -0.090382 1.238102 -0.073065
1.234753 -0.090704 1.238080 -0.073328
1.234708 -0.091027 1.238059 -0.073591
1.234662 -0.091350 1.238037 -0.073853
1.234616 -0.091673 1.238015 -0.074116
1.234570 -0.091996 1.237993 -0.074379
1.234524 -0.092318 1.237971 -0.074642
1.234478 -0.092641 1.237949 -0.074904
1.234432 -0.092964 1.237927 -0.075167
1.234385 -0.093286 1.237905 -0.075430
1.234338 -0.093609 1.237883 -0.075692
1.234292 -0.093931 1.237861 -0.075955
1.234245 -0.094254 1.237838 -0.076218
1.234197 -0.094576 1.237816 -0.076480
1.234150 -0.094899 1.237793 -0.076743
1.234102 -0.095221 1.237771 -0.077006
1.234055 -0.095543 1.237748 -0.077268
1.234007 -0.095865 1.237725 -0.077531
1.233959 -0.096188 1.237702 -0.077793
1.233911 -0.096510 1.237679 -0.078056
1.233862 -0.096832 1.237656 -0.078318
1.233814 -0.097154 1.237633 -0.078581
1.233765 -0.097476 1.237610 -0.078843
1.233716 -0.097798 1.237587 -0.079106
1.233667 -0.098120 1.237563 -0.079368
1.233618 -0.098442 1.237540 -0.079630
1.233569 -0.098764 1.237516 -0.079893
1.233519 -0.099085 1.237493 -0.080155
1.233470 -0.099407 1.237469 -0.080418
1.233420 -0.099729 1.237445 -0.080680
1.233370 -0.100050 1.237421 -0.080942
1.233320 -0.100372 1.237398 -0.081205
1.233270 -0.100693 1.237374 -0.081467
1.233219 -0.101015 1.237349 -0.081729
1.233169 -0.101336 1.237325 -0.081991
1.233118 -0.101658 1.237301 -0.082254
1.233067 -0.101979 1.237277 -0.082516
1.233016 -0.102300 1.237252 -0.082778
1.232965 -0.102622 1.237228 -0.083040
1.232913 -0.102943 1.237203 -0.083302
1.232862 -0.103264 1.237179 -0.083564
1.232810 -0.103585 1.237154 -0.083827
1.232758 -0.103906 1.237129 -0.084089
1.232706 -0.104227 1.237104 -0.084351
1.232654 -0.104548 1.237079 -0.084613
1.232601 -0.104869 1.237054 -0.084875
1.232549 -0.105190 1.237029 -0.085137
1.232496 -0.105511 1.237004 -0.085399
1.232443 -0.105831 1.236979 -0.085661
1.232390 -0.106152 1.236953 -0.085923
1.232337 -0.106473 1.236928 -0.086185
1.232284 -0.106793 1.236902 -0.086447
1.232230 -0.107114 1.236877 -0.086709
1.232176 -0.107434 1.236851 -0.086971
1.232123 -0.107755 1.236825 -0.087233
1.232069 -0.108075 1.236800 -0.087495
1.232014 -0.108396 1.236774 -0.087756
1.231960 -0.108716 1.236748 -0.088018
1.231906 -0.109036 1.236722 -0.088280
1.231851 -0.109356 1.236696 -0.088542
1.231796 -0.109676 1.236669 -0.088804
1.231741 -0.109996 1.236643 -0.089065
1.231686 -0.110316 1.236617 -0.089327
1.231631 -0.110636 1.236590 -0.089589
1.231575 -0.110956 1.236564 -0.089850
1.231520 -0.111276 1.236537 -0.090112
1.231464 -0.111596 1.236510 -0.090374
1.231408 -0.111916 1.236483 -0.090635
1.231352 -0.112236 1.236457 -0.090897
1.231296 -0.112555 1.236430 -0.091159
1.231239 -0.112875 1.236403 -0.091420
1.231183 -0.113194 1.236375 -0.091682
1.231126 -0.113514 1.236348 -0.091943
1.231069 -0.113833 1.236321 -0.092205
1.231012 -0.114153 1.236294 -0.092466
1.230955 -0.114472 1.236266 -0.092728
1.230898 -0.114791 1.236239 -0.092989
1.230840 -0.115111 1.236211 -0.093251
1.230782 -0.115430 1.236183 -0.093512
1.230725 -0.115749 1.236156 -0.093774
1.230667 -0.116068 1.236128 -0.094035
1.230608 -0.116387 1.236100 -0.094296
1.230550 -0.116706 1.236072 -0.094558
1.230492 -0.117025 1.236044 -0.094819
1.230433 -0.117344 1.236016 -0.095080
1.230374 -0.117662 1.235988 -0.095341
1.230315 -0.117981 1.235959 -0.095603
1.230256 -0.118300 1.235931 -0.095864
1.230197 -0.118618 1.235902 -0.096125
1.230137 -0.118937 1.235874 -0.096386
1.230078 -0.119256 1.235845 -0.096648
1.230018 -0.119574 1.235816 -0.096909
1.229958 -0.119892 1.235788 -0.097170
1.229898 -0.120211 1.235759 -0.097431
1.229838 -0.120529 1.235730 -0.097692
1.229777 -0.120847 1.235701 -0.097953
1.229717 -0.121165 1.235672 -0.098214
1.229656 -0.121483 1.235643 -0.098475
1.229595 -0.121801 1.235613 -0.098736
1.229534 -0.122119 1.235584 -0.098997
1.229473 -0.122437 1.235554 -0.099258
1.229412 -0.122755 1.235525 -0.099519
1.229350 -0.123073 1.235495 -0.099780
1.229289 -0.123391 1.235466 -0.100041
1.229227 -0.123709 1.235436 -0.100302
1.229165 -0.124026 1.235406 -0.100562
1.229103 -0.124344 1.235376 -0.100823
1.229040 -0.124661 1.235346 -0.101084
1.228978 -0.124979 1.235316 -0.101345
1.228915 -0.125296 1.235286 -0.101606
1.228852 -0.125613 1.235256 -0.101866
1.228789 -0.125931 1.235226 -0.102127
1.228726 -0.126248 1.235195 -0.102388
1.228663 -0.126565 1.235165 -0.102648
1.228600 -0.126882 1.235134 -0.102909
1.228536 -0.127199 1.235104 -0.103170
1.228472 -0.127516 1.235073 -0.103430
1.228409 -0.127833 1.235042 -0.103691
1.228344 -0.128150 1.235011 -0.103951
1.228280 -0.128467 1.234980 -0.104212
1.228216 -0.128784 1.234949 -0.104472
1.228151 -0.129100 1.234918 -0.104733
1.228087 -0.129417 1.234887 -0.104993
1.228022 -0.129733 1.234856 -0.105254
1.227957 -0.130050 1.234824 -0.105514
1.227892 -0.130366 1.234793 -0.105775
1.227826 -0.130683 1.234761 -0.106035
1.227761 -0.130999 1.234730 -0.106295
1.227695 -0.131315 1.234698 -0.106556
1.227630 -0.131631 1.234666 -0.106816
1.227564 -0.131948 1.234635 -0.107076
1.227498 -0.132264 1.234603 -0.107336
1.227431 -0.132580 1.234571 -0.107597
1.227365 -0.132895 1.234539 -0.107857
1.227298 -0.133211 1.234507 -0.108117
1.227232 -0.133527 1.234474 -0.108377
1.227165 -0.133843 1.234442 -0.108637
1.227098 -0.134159 1.234410 -0.108897
1.227030 -0.134474 1.234377 -0.109158
1.226963 -0.134790 1.234345 -0.109418
1.226896 -0.135105 1.234312 -0.109678
1.226828 -0.135421 1.234279 -0.109938
1.226760 -0.135736 1.234247 -0.110198
1.226692 -0.136051 1.234214 -0.110458
1.226624 -0.136366 1.234181 -0.110718
1.226556 -0.136682 1.234148 -0.110977
1.226487 -0.136997 1.234115 -0.111237
1.226419 -0.137312 1.234081 -0.111497
1.226350 -0.137627 1.234048 -0.111757
1.226281 -0.137942 1.234015 -0.112017
1.226212 -0.138256 1.233981 -0.112277
1.226143 -0.138571 1.233948 -0.112536
1.226073 -0.138886 1.233914 -0.112796
1.226004 -0.139201 1.233881 -0.113056
1.225934 -0.139515 1.233847 -0.113316
1.225864 -0.139830 1.233813 -0.113575
1.225794 -0.140144 1.233779 -0.113835
1.225724 -0.140458 1.233745 -0.114095
1.225653 -0.140773 1.233711 -0.114354
1.225583 -0.141087 1.233677 -0.114614
1.225512 -0.141401 1.233643 -0.114873
1.225442 -0.141715 1.233609 -0.115133
1.225371 -0.142029 1.233574 -0.115392
1.225299 -0.142343 1.233540 -0.115652
1.225228 -0.142657 1.233505 -0.115911
1.225157 -0.142971 1.233471 -0.116171
1.225085 -0.143285 1.233436 -0.116430
1.225013 -0.143598 1.233401 -0.116689
1.224942 -0.143912 1.233366 -0.116949
1.224870 -0.144225 1.233331 -0.117208
1.224797 -0.144539 1.233296 -0.117467
1.224725 -0.144852 1.233261 -0.117726
1.224652 -0.145166 1.233226 -0.117986
1.224580 -0.145479 1.233191 -0.118245
1.224507 -0.145792 1.233156 -0.118504
1.224434 -0.146105 1.233120 -0.118763
1.224361 -0.146418 1.233085 -0.119022
1.224288 -0.146731 1.233049 -0.119281
1.224214 -0.147044 1.233013 -0.119541
1.224141 -0.147357 1.232978 -0.119800
1.224067 -0.147670 1.232942 -0.120059
1.223993 -0.147983 1.232906 -0.120318
1.223919 -0.148295 1.232870 -0.120577
1.223845 -0.148608 1.232834 -0.120836
1.223770 -0.148920 1.232798 -0.121094
1.223696 -0.149233 1.232762 -0.121353
1.223621 -0.149545 1.232725 -0.121612
1.223546 -0.149857 1.232689 -0.121871
1.223471 -0.150170 1.232653 -0.122130
1.223396 -0.150482 1.232616 -0.122389
1.223321 -0.150794 1.232580 -0.122647
1.223245 -0.151106 1.232543 -0.122906
1.223170 -0.151418 1.232506 -0.123165
1.223094 -0.151730 1.232469 -0.123423
1.223018 -0.152041 1.232432 -0.123682
1.222942 -0.152353 1.232395 -0.123941
1.222866 -0.152665 1.232358 -0.124199
1.222789 -0.152976 1.232321 -0.124458
1.222713 -0.153288 1.232284 -0.124716
1.222636 -0.153599 1.232247 -0.124975
1.222559 -0.153911 1.232209 -0.125233
1.222482 -0.154222 1.232172 -0.125492
1.222405 -0.154533 1.232134 -0.125750
1.222328 -0.154844 1.232096 -0.126009
1.222250 -0.155155 1.232059 -0.126267
1.222173 -0.155466 1.232021 -0.126525
1.222095 -0.155777 1.231983 -0.126784
1.222017 -0.156088 1.231945 -0.127042
1.221939 -0.156399 1.231907 -0.127300
1.221861 -0.156709 1.231869 -0.127558
1.221782 -0.157020 1.231831 -0.127817
1.221704 -0.157331 1.231793 -0.128075
1.221625 -0.157641 1.231754 -0.128333
1.221546 -0.157951 1.231716 -0.128591
1.221467 -0.158262 1.231677 -0.128849
1.221388 -0.158572 1.231639 -0.129107
1.221309 -0.158882 1.231600 -0.129365
1.221229 -0.159192 1.231561 -0.129623
1.221150 -0.159502 1.231522 -0.129881
1.221070 -0.159812 1.231483 -0.130139
1.220990 -0.160122 1.231445 -0.130397
1.220910 -0.160432 1.231405 -0.130655
1.220830 -0.160741 1.231366 -0.130913
1.220749 -0.161051 1.231327 -0.131170
1.220669 -0.161361 1.231288 -0.131428
1.220588 -0.161670 1.231248 -0.131686
1.220507 -0.161979 1.231209 -0.131944
1.220426 -0.162289 1.231169 -0.132201
1.220345 -0.162598 1.231130 -0.132459
1.220264 -0.162907 1.231090 -0.132717
1.220182 -0.163216 1.231050 -0.132974
1.220101 -0.163525 1.231010 -0.133232
1.220019 -0.163834 1.230970 -0.133490
1.219937 -0.164143 1.230930 -0.133747
1.219855 -0.164452 1.230890 -0.134005
1.219773 -0.164760 1.230850 -0.134262
1.219691 -0.165069 1.230810 -0.134519
1.219608 -0.165378 1.230770 -0.134777
1.219525 -0.165686 1.230729 -0.135034
1.219443 -0.165994 1.230689 -0.135292
1.219360 -0.166303 1.230648 -0.135549
1.219277 -0.166611 1.230607 -0.135806
1.219193 -0.166919 1.230567 -0.136063
1.219110 -0.167227 1.230526 -0.136321
1.219026 -0.167535 1.230485 -0.136578
1.218943 -0.167843 1.230444 -0.136835
1.218859 -0.168151 1.230403 -0.137092
1.218775 -0.168458 1.230362 -0.137349
1.218691 -0.168766 1.230321 -0.137606
1.218606 -0.169074 1.230279 -0.137863
1.218522 -0.169381 1.230238 -0.138120
1.218437 -0.169689 1.230197 -0.138377
1.218352 -0.169996 1.230155 -0.138634
1.218268 -0.170303 1.230113 -0.138891
1.218182 -0.170610 1.230072 -0.139148
1.218097 -0.170917 1.230030 -0.139405
1.218012 -0.171224 1.229988 -0.139662
1.217926 -0.171531 1.229946 -0.139919
1.217841 -0.171838 1.229904 -0.140175
1.217755 -0.172145 1.229862 -0.140432
1.217669 -0.172452 1.229820 -0.140689
1.217583 -0.172758 1.229778 -0.140945
1.217496 -0.173065 1.229735 -0.141202
1.217410 -0.173371 1.229693 -0.141459
1.217323 -0.173677 1.229650 -0.141715
1.217237 -0.173984 1.229608 -0.141972
1.217150 -0.174290 1.229565 -0.142228
1.217063 -0.174596 1.229523 -0.142485
1.216976 -0.174902 1.229480 -0.142741
1.216888 -0.175208 1.229437 -0.142998
1.216801 -0.175514 1.229394 -0.143254
1.216713 -0.175820 1.229351 -0.143510
1.216625 -0.176125 1.229308 -0.143767
1.216538 -0.176431 1.229265 -0.144023
1.216449 -0.176736 1.229221 -0.144279
1.216361 -0.177042 1.229178 -0.144535
1.216273 -0.177347 1.229134 -0.144792
1.216184 -0.177652 1.229091 -0.145048
1.216096 -0.177957 1.229047 -0.145304
1.216007 -0.178263 1.229004 -0.145560
1.215918 -0.178568 1.228960 -0.145816
1.215829 -0.178872 1.228916 -0.146072
1.215739 -0.179177 1.228872 -0.146328
1.215650 -0.179482 1.228828 -0.146584
1.215560 -0.179787 1.228784 -0.146840
1.215471 -0.180091 1.228740 -0.147096
1.215381 -0.180396 1.228696 -0.147352
1.215291 -0.180700 1.228651 -0.147607
1.215201 -0.181004 1.228607 -0.147863
1.215110 -0.181309 1.228563 -0.148119
1.215020 -0.181613 1.228518 -0.148375
1.214929 -0.181917 1.228473 -0.148630
1.214839 -0.182221 1.228429 -0.148886
1.214748 -0.182525 1.228384 -0.149142
1.214657 -0.182829 1.228339 -0.149397
1.214565 -0.183132 1.228294 -0.149653
1.214474 -0.183436 1.228249 -0.149908
1.214383 -0.183739 1.228204 -0.150164
1.214291 -0.184043 1.228159 -0.150419
1.214199 -0.184346 1.228114 -0.150675
1.214107 -0.184649 1.228068 -0.150930
1.214015 -0.184953 1.228023 -0.151185
1.213923 -0.185256 1.227977 -0.151441
1.213831 -0.185559 1.227932 -0.151696
1.213738 -0.185862 1.227886 -0.151951
1.213645 -0.186164 1.227840 -0.152206
1.213553 -0.186467 1.227795 -0.152462
1.213460 -0.186770 1.227749 -0.152717
1.213366 -0.187072 1.227703 -0.152972
1.213273 -0.187375 1.227657 -0.153227
1.213180 -0.187677 1.227611 -0.153482
1.213086 -0.187979 1.227564 -0.153737
1.212992 -0.188282 1.227518 -0.153992
1.212899 -0.188584 1.227472 -0.154247
1.212805 -0.188886 1.227425 -0.154502
1.212710 -0.189188 1.227379 -0.154757
1.212616 -0.189489 1.227332 -0.155011
1.212522 -0.189791 1.227286 -0.155266
1.212427 -0.190093 1.227239 -0.155521
1.212332 -0.190394 1.227192 -0.155776
1.212238 -0.190696 1.227145 -0.156030
1.212143 -0.190997 1.227098 -0.156285
1.212047 -0.191299 1.227051 -0.156540
1.211952 -0.191600 1.227004 -0.156794
1.211857 -0.191901 1.226957 -0.157049
1.211761 -0.192202 1.226909 -0.157303
1.211665 -0.192503 1.226862 -0.157558
1.211569 -0.192804 1.226814 -0.157812
1.211473 -0.193104 1.226767 -0.158067
1.211377 -0.193405 1.226719 -0.158321
1.211281 -0.193706 1.226671 -0.158575
1.211184 -0.194006 1.226624 -0.158830
1.211088 -0.194306 1.226576 -0.159084
1.210991 -0.194607 1.226528 -0.159338
1.210894 -0.194907 1.226480 -0.159592
1.210797 -0.195207 1.226432 -0.159846
1.210700 -0.195507 1.226384 -0.160101
1.210602 -0.195807 1.226335 -0.160355
1.210505 -0.196107 1.226287 -0.160609
1.210407 -0.196406 1.226239 -0.160863
1.210309 -0.196706 1.226190 -0.161117
1.210211 -0.197006 1.226141 -0.161371
1.210113 -0.197305 1.226093 -0.161624
1.210015 -0.197604 1.226044 -0.161878
1.209917 -0.197904 1.225995 -0.162132
1.209818 -0.198203 1.225946 -0.162386
1.209720 -0.198502 1.225897 -0.162640
1.209621 -0.198801 1.225848 -0.162893
1.209522 -0.199100 1.225799 -0.163147
1.209423 -0.199398 1.225750 -0.163401
1.209323 -0.199697 1.225701 -0.163654
1.209224 -0.199996 1.225651 -0.163908
1.209125 -0.200294 1.225602 -0.164161
1.209025 -0.200592 1.225552 -0.164415
1.208925 -0.200891 1.225503 -0.164668
1.208825 -0.201189 1.225453 -0.164922
1.208725 -0.201487 1.225403 -0.165175
1.208625 -0.201785 1.225353 -0.165428
1.208524 -0.202083 1.225303 -0.165682
1.208424 -0.202381 1.225253 -0.165935
1.208323 -0.202678 1.225203 -0.166188
1.208222 -0.202976 1.225153 -0.166441
1.208121 -0.203274 1.225103 -0.166695
1.208020 -0.203571 1.225053 -0.166948
1.207919 -0.203868 1.225002 -0.167201
1.207818 -0.204166 1.224952 -0.167454
1.207716 -0.204463 1.224901 -0.167707
1.207614 -0.204760 1.224851 -0.167960
1.207513 -0.205057 1.224800 -0.168213
1.207411 -0.205353 1.224749 -0.168466
1.207309 -0.205650 1.224698 -0.168718
1.207206 -0.205947 1.224647 -0.168971
1.207104 -0.206243 1.224596 -0.169224
1.207001 -0.206540 1.224545 -0.169477
1.206899 -0.206836 1.224494 -0.169729
1.206796 -0.207132 1.224443 -0.169982
1.206693 -0.207428 1.224391 -0.170235
1.206590 -0.207725 1.224340 -0.170487
1.206487 -0.208020 1.224288 -0.170740
1.206383 -0.208316 1.224237 -0.170992
1.206280 -0.208612 1.224185 -0.171245
1.206176 -0.208908 1.224133 -0.171497
1.206072 -0.209203 1.224082 -0.171749
1.205968 -0.209499 1.224030 -0.172002
1.205864 -0.209794 1.223978 -0.172254
1.205760 -0.210089 1.223926 -0.172506
1.205655 -0.210384 1.223874 -0.172759
1.205551 -0.210679 1.223821 -0.173011
1.205446 -0.210974 1.223769 -0.173263
1.205341 -0.211269 1.223717 -0.173515
1.205236 -0.211564 1.223664 -0.173767
1.205131 -0.211859 1.223612 -0.174019
1.205026 -0.212153 1.223559 -0.174271
1.204921 -0.212448 1.223506 -0.174523
1.204815 -0.212742 1.223454 -0.174775
1.204710 -0.213036 1.223401 -0.175027
1.204604 -0.213330 1.223348 -0.175278
1.204498 -0.213624 1.223295 -0.175530
1.204392 -0.213918 1.223242 -0.175782
1.204286 -0.214212 1.223189 -0.176034
1.204179 -0.214506 1.223135 -0.176285
1.204073 -0.214799 1.223082 -0.176537
1.203966 -0.215093 1.223029 -0.176789
1.203859 -0.215386 1.222975 -0.177040
1.203752 -0.215680 1.222922 -0.177292
1.203645 -0.215973 1.222868 -0.177543
1.203538 -0.216266 1.222814 -0.177794
1.203431 -0.216559 1.222761 -0.178046
1.203323 -0.216852 1.222707 -0.178297
1.203216 -0.217145 1.222653 -0.178548
1.203108 -0.217437 1.222599 -0.178800
1.203000 -0.217730 1.222545 -0.179051
1.202892 -0.218022 1.222491 -0.179302
1.202784 -0.218315 1.222436 -0.179553
1.202676 -0.218607 1.222382 -0.179804
1.202567 -0.218899 1.222328 -0.180055
1.202459 -0.219191 1.222273 -0.180306
1.202350 -0.219483 1.222218 -0.180557
1.202241 -0.219775 1.222164 -0.180808
1.202132 -0.220067 1.222109 -0.181059
1.202023 -0.220359 1.222054 -0.181310
1.201913 -0.220650 1.221999 -0.181561
1.201804 -0.220941 1.221944 -0.181811
1.201694 -0.221233 1.221889 -0.182062
1.201585 -0.221524 1.221834 -0.182313
1.201475 -0.221815 1.221779 -0.182563
1.201365 -0.222106 1.221724 -0.182814
1.201255 -0.222397 1.221668 -0.183065
1.201145 -0.222688 1.221613 -0.183315
1.201034 -0.222979 1.221557 -0.183565
1.200924 -0.223269 1.221502 -0.183816
1.200813 -0.223560 1.221446 -0.184066
1.200702 -0.223850 1.221390 -0.184317
1.200591 -0.224140 1.221335 -0.184567
1.200480 -0.224430 1.221279 -0.184817
1.200369 -0.224720 1.221223 -0.185067
1.200258 -0.225010 1.221167 -0.185317
1.200146 -0.225300 1.221110 -0.185568
1.200034 -0.225590 1.221054 -0.185818
1.199923 -0.225880 1.220998 -0.186068
1.199811 -0.226169 1.220942 -0.186318
1.199699 -0.226458 1.220885 -0.186568
1.199586 -0.226748 1.220829 -0.186817
1.199474 -0.227037 1.220772 -0.187067
1.199362 -0.227326 1.220715 -0.187317
1.199249 -0.227615 1.220658 -0.187567
1.199136 -0.227904 1.220602 -0.187817
1.199024 -0.228193 1.220545 -0.188066
1.198910 -0.228481 1.220488 -0.188316
1.198797 -0.228770 1.220431 -0.188566
1.198684 -0.229058 1.220373 -0.188815
1.198571 -0.229346 1.220316 -0.189065
1.198457 -0.229635 1.220259 -0.189314
1.198343 -0.229923 1.220201 -0.189563
1.198230 -0.230211 1.220144 -0.189813
1.198116 -0.230499 1.220086 -0.190062
1.198002 -0.230786 1.220029 -0.190311
1.197887 -0.231074 1.219971 -0.190561
1.197773 -0.231362 1.219913 -0.190810
1.197658 -0.231649 1.219855 -0.191059
1.197544 -0.231936 1.219797 -0.191308
1.197429 -0.232224 1.219739 -0.191557
1.197314 -0.232511 1.219681 -0.191806
1.197199 -0.232798 1.219623 -0.192055
1.197084 -0.233084 1.219565 -0.192304
1.196969 -0.233371 1.219506 -0.192553
1.196853 -0.233658 1.219448 -0.192802
1.196738 -0.233944 1.219389 -0.193051
1.196622 -0.234231 1.219331 -0.193299
1.196506 -0.234517 1.219272 -0.193548
1.196390 -0.234803 1.219214 -0.193797
1.196274 -0.235089 1.219155 -0.194045
1.196158 -0.235375 1.219096 -0.194294
1.196041 -0.235661 1.219037 -0.194542
1.195925 -0.235947 1.218978 -0.194791
1.195808 -0.236233 1.218919 -0.195039
1.195691 -0.236518 1.218859 -0.195288
1.195574 -0.236804 1.218800 -0.195536
1.195457 -0.237089 1.218741 -0.195784
1.195340 -0.237374 1.218681 -0.196033
1.195223 -0.237659 1.218622 -0.196281
1.195105 -0.237944 1.218562 -0.196529
1.194988 -0.238229 1.218503 -0.196777
1.194870 -0.238514 1.218443 -0.197025
1.194752 -0.238798 1.218383 -0.197273
1.194634 -0.239083 1.218323 -0.197521
1.194516 -0.239367 1.218263 -0.197769
1.194398 -0.239652 1.218203 -0.198017
1.194279 -0.239936 1.218143 -0.198265
1.194161 -0.240220 1.218083 -0.198513
1.194042 -0.240504 1.218022 -0.198760
1.193923 -0.240787 1.217962 -0.199008
1.193804 -0.241071 1.217901 -0.199256
1.193685 -0.241355 1.217841 -0.199503
1.193566 -0.241638 1.217780 -0.199751
1.193447 -0.241922 1.217720 -0.199998
1.193327 -0.242205 1.217659 -0.200246
1.193208 -0.242488 1.217598 -0.200493
1.193088 -0.242771 1.217537 -0.200741
1.192968 -0.243054 1.217476 -0.200988
1.192848 -0.243337 1.217415 -0.201235
1.192728 -0.243619 1.217354 -0.201482
1.192608 -0.243902 1.217293 -0.201730
1.192487 -0.244184 1.217231 -0.201977
1.192367 -0.244467 1.217170 -0.202224
1.192246 -0.244749 1.217108 -0.202471
1.192125 -0.245031 1.217047 -0.202718
1.192004 -0.245313 1.216985 -0.202965
1.191883 -0.245595 1.216923 -0.203212
1.191762 -0.245876 1.216862 -0.203459
1.191641 -0.246158 1.216800 -0.203705
1.191519 -0.246439 1.216738 -0.203952
1.191398 -0.246721 1.216676 -0.204199
1.191276 -0.247002 1.216614 -0.204445
1.191154 -0.247283 1.216551 -0.204692
1.191032 -0.247564 1.216489 -0.204939
1.190910 -0.247845 1.216427 -0.205185
1.190788 -0.248126 1.216364 -0.205432
1.190666 -0.248407 1.216302 -0.205678
1.190543 -0.248687 1.216239 -0.205924
1.190421 -0.248967 1.216177 -0.206171
1.190298 -0.249248 1.216114 -0.206417
1.190175 -0.249528 1.216051 -0.206663
1.190052 -0.249808 1.215988 -0.206909
1.189929 -0.250088 1.215925 -0.207156
1.189805 -0.250368 1.215862 -0.207402
1.189682 -0.250648 1.215799 -0.207648
1.189559 -0.250927 1.215736 -0.207894
1.189435 -0.251207 1.215673 -0.208140
1.189311 -0.251486 1.215609 -0.208385
1.189187 -0.251765 1.215546 -0.208631
1.189063 -0.252044 1.215482 -0.208877
1.188939 -0.252323 1.215419 -0.209123
1.188815 -0.252602 1.215355 -0.209368
1.188690 -0.252881 1.215291 -0.209614
1.188566 -0.253159 1.215228 -0.209860
1.188441 -0.253438 1.215164 -0.210105
1.188316 -0.253716 1.215100 -0.210351
1.188191 -0.253995 1.215036 -0.210596
1.188066 -0.254273 1.214971 -0.210842
1.187941 -0.254551 1.214907 -0.211087
1.187816 -0.254829 1.214843 -0.211332
1.187690 -0.255106 1.214779 -0.211577
1.187564 -0.255384 1.214714 -0.211823
1.187439 -0.255662 1.214650 -0.212068
1.187313 -0.255939 1.214585 -0.212313
1.187187 -0.256216 1.214520 -0.212558
1.187061 -0.256493 1.214456 -0.212803
1.186935 -0.256770 1.214391 -0.213048
1.186808 -0.257047 1.214326 -0.213293
1.186682 -0.257324 1.214261 -0.213537
1.186555 -0.257601 1.214196 -0.213782
1.186428 -0.257877 1.214131 -0.214027
1.186302 -0.258154 1.214065 -0.214272
1.186175 -0.258430 1.214000 -0.214516
1.186047 -0.258706 1.213935 -0.214761
1.185920 -0.258982 1.213869 -0.215005
1.185793 -0.259258 1.213804 -0.215250
1.185665 -0.259534 1.213738 -0.215494
1.185538 -0.259810 1.213672 -0.215739
1.185410 -0.260085 1.213607 -0.215983
1.185282 -0.260361 1.213541 -0.216227
1.185154 -0.260636 1.213475 -0.216472
1.185026 -0.260911 1.213409 -0.216716
1.184898 -0.261186 1.213343 -0.216960
1.184769 -0.261461 1.213277 -0.217204
1.184641 -0.261736 1.213210 -0.217448
1.184512 -0.262011 1.213144 -0.217692
1.184383 -0.262285 1.213078 -0.217936
1.184254 -0.262560 1.213011 -0.218180
1.184125 -0.262834 1.212945 -0.218423
1.183996 -0.263108 1.212878 -0.218667
1.183867 -0.263382 1.212811 -0.218911
1.183738 -0.263656 1.212744 -0.219155
1.183608 -0.263930 1.212678 -0.219398
1.183478 -0.264204 1.212611 -0.219642
1.183349 -0.264477 1.212544 -0.219885
1.183219 -0.264751 1.212476 -0.220129
1.183089 -0.265024 1.212409 -0.220372
1.182958 -0.265297 1.212342 -0.220615
1.182828 -0.265570 1.212275 -0.220859
1.182698 -0.265843 1.212207 -0.221102
1.182567 -0.266116 1.212140 -0.221345
1.182437 -0.266388 1.212072 -0.221588
1.182306 -0.266661 1.212005 -0.221831
1.182175 -0.266933 1.211937 -0.222074
1.182044 -0.267206 1.211869 -0.222317
1.181913 -0.267478 1.211801 -0.222560
1.181782 -0.267750 1.211733 -0.222803
1.181650 -0.268022 1.211665 -0.223046
1.181519 -0.268293 1.211597 -0.223289
1.181387 -0.268565 1.211529 -0.223531
1.181255 -0.268837 1.211461 -0.223774
1.181123 -0.269108 1.211392 -0.224017
1.180991 -0.269379 1.211324 -0.224259
1.180859 -0.269650 1.211255 -0.224502
1.180727 -0.269921 1.211187 -0.224744
1.180595 -0.270192 1.211118 -0.224986
1.180462 -0.270463 1.211049 -0.225229
1.180329 -0.270733 1.210981 -0.225471
1.180197 -0.271004 1.210912 -0.225713
1.180064 -0.271274 1.210843 -0.225955
1.179931 -0.271545 1.210774 -0.226198
1.179798 -0.271815 1.210705 -0.226440
1.179664 -0.272085 1.210635 -0.226682
1.179531 -0.272354 1.210566 -0.226924
1.179398 -0.272624 1.210497 -0.227165
1.179264 -0.272894 1.210427 -0.227407
1.179130 -0.273163 1.210358 -0.227649
1.178996 -0.273432 1.210288 -0.227891
1.178862 -0.273702 1.210219 -0.228132
1.178728 -0.273971 1.210149 -0.228374
1.178594 -0.274240 1.210079 -0.228616
1.178460 -0.274508 1.210009 -0.228857
1.178325 -0.274777 1.209939 -0.229099
1.178191 -0.275045 1.209869 -0.229340
1.178056 -0.275314 1.209799 -0.229581
1.177921 -0.275582 1.209729 -0.229823
1.177786 -0.275850 1.209659 -0.230064
1.177651 -0.276118 1.209588 -0.230305
1.177516 -0.276386 1.209518 -0.230546
1.177381 -0.276654 1.209447 -0.230787
1.177245 -0.276921 1.209377 -0.231028
1.177110 -0.277189 1.209306 -0.231269
1.176974 -0.277456 1.209235 -0.231510
1.176838 -0.277723 1.209164 -0.231751
1.176702 -0.277990 1.209094 -0.231992
1.176566 -0.278257 1.209023 -0.232233
1.176430 -0.278524 1.208951 -0.232473
1.176294 -0.278791 1.208880 -0.232714
1.176158 -0.279057 1.208809 -0.232954
1.176021 -0.279324 1.208738 -0.233195
1.175884 -0.279590 1.208666 -0.233435
1.175748 -0.279856 1.208595 -0.233676
1.175611 -0.280122 1.208524 -0.233916
1.175474 -0.280388 1.208452 -0.234156
1.175337 -0.280654 1.208380 -0.234397
1.175199 -0.280919 1.208308 -0.234637
1.175062 -0.281185 1.208237 -0.234877
1.174925 -0.281450 1.208165 -0.235117
1.174787 -0.281715 1.208093 -0.235357
1.174649 -0.281980 1.208021 -0.235597
1.174511 -0.282245 1.207949 -0.235837
1.174374 -0.282510 1.207876 -0.236077
1.174235 -0.282775 1.207804 -0.236316
1.174097 -0.283039 1.207732 -0.236556
1.173959 -0.283304 1.207659 -0.236796
1.173821 -0.283568 1.207587 -0.237035
1.173682 -0.283832 1.207514 -0.237275
1.173543 -0.284096 1.207441 -0.237514
1.173405 -0.284360 1.207369 -0.237754
1.173266 -0.284624 1.207296 -0.237993
1.173127 -0.284887 1.207223 -0.238233
1.172988 -0.285151 1.207150 -0.238472
1.172848 -0.285414 1.207077 -0.238711
1.172709 -0.285677 1.207004 -0.238950
1.172570 -0.285940 1.206930 -0.239189
1.172430 -0.286203 1.206857 -0.239428
1.172290 -0.286466 1.206784 -0.239667
1.172150 -0.286728 1.206710 -0.239906
1.172011 -0.286991 1.206637 -0.240145
1.171870 -0.287253 1.206563 -0.240384
1.171730 -0.287515 1.206489 -0.240623
1.171590 -0.287777 1.206416 -0.240861
1.171450 -0.288039 1.206342 -0.241100
1.171309 -0.288301 1.206268 -0.241338
1.171168 -0.288563 1.206194 -0.241577
1.171028 -0.288824 1.206120 -0.241815
1.170887 -0.289086 1.206046 -0.242054
1.170746 -0.289347 1.205972 -0.242292
1.170605 -0.289608 1.205897 -0.242530
1.170463 -0.289869 1.205823 -0.242769
1.170322 -0.290130 1.205748 -0.243007
1.170181 -0.290390 1.205674 -0.243245
1.170039 -0.290651 1.205599 -0.243483
1.169897 -0.290911 1.205525 -0.243721
1.169756 -0.291172 1.205450 -0.243959
1.169614 -0.291432 1.205375 -0.244197
1.169472 -0.291692 1.205300 -0.244434
1.169330 -0.291952 1.205225 -0.244672
1.169187 -0.292211 1.205150 -0.244910
1.169045 -0.292471 1.205075 -0.245147
1.168902 -0.292730 1.205000 -0.245385
1.168760 -0.292990 1.204924 -0.245622
1.168617 -0.293249 1.204849 -0.245860
1.168474 -0.293508 1.204773 -0.246097
1.168331 -0.293767 1.204698 -0.246335
1.168188 -0.294025 1.204622 -0.246572
1.168045 -0.294284 1.204547 -0.246809
1.167902 -0.294542 1.204471 -0.247046
1.167758 -0.294801 1.204395 -0.247283
1.167615 -0.295059 1.204319 -0.247520
1.167471 -0.295317 1.204243 -0.247757
1.167328 -0.295575 1.204167 -0.247994
1.167184 -0.295832 1.204091 -0.248231
1.167040 -0.296090 1.204015 -0.248468
1.166896 -0.296348 1.203938 -0.248704
1.166751 -0.296605 1.203862 -0.248941
1.166607 -0.296862 1.203785 -0.249178
1.166463 -0.297119 1.203709 -0.249414
1.166318 -0.297376 1.203632 -0.249651
1.166174 -0.297633 1.203556 -0.249887
1.166029 -0.297889 1.203479 -0.250123
1.165884 -0.298146 1.203402 -0.250360
1.165739 -0.298402 1.203325 -0.250596
1.165594 -0.298658 1.203248 -0.250832
1.165449 -0.298914 1.203171 -0.251068
1.165303 -0.299170 1.203094 -0.251304
1.165158 -0.299426 1.203017 -0.251540
1.165012 -0.299682 1.202939 -0.251776
1.164867 -0.299937 1.202862 -0.252012
1.164721 -0.300192 1.202784 -0.252248
1.164575 -0.300447 1.202707 -0.252483
1.164429 -0.300703 1.202629 -0.252719
1.164283 -0.300957 1.202552 -0.252955
1.164137 -0.301212 1.202474 -0.253190
1.163990 -0.301467 1.202396 -0.253426
1.163844 -0.301721 1.202318 -0.253661
1.163698 -0.301976 1.202240 -0.253896
1.163551 -0.302230 1.202162 -0.254132
1.163404 -0.302484 1.202084 -0.254367
1.163257 -0.302738 1.202006 -0.254602
1.163110 -0.302991 1.201927 -0.254837
1.162963 -0.303245 1.201849 -0.255072
1.162816 -0.303498 1.201770 -0.255307
1.162669 -0.303752 1.201692 -0.255542
1.162521 -0.304005 1.201613 -0.255777
1.162374 -0.304258 1.201535 -0.256012
1.162226 -0.304511 1.201456 -0.256247
1.162078 -0.304763 1.201377 -0.256481
1.161930 -0.305016 1.201298 -0.256716
1.161782 -0.305268 1.201219 -0.256950
1.161634 -0.305521 1.201140 -0.257185
1.161486 -0.305773 1.201061 -0.257419
1.161338 -0.306025 1.200982 -0.257654
1.161189 -0.306277 1.200902 -0.257888
1.161041 -0.306528 1.200823 -0.258122
1.160892 -0.306780 1.200743 -0.258356
1.160744 -0.307031 1.200664 -0.258590
1.160595 -0.307283 1.200584 -0.258824
1.160446 -0.307534 1.200505 -0.259058
1.160297 -0.307785 1.200425 -0.259292
1.160148 -0.308035 1.200345 -0.259526
1.159998 -0.308286 1.200265 -0.259760
1.159849 -0.308537 1.200185 -0.259993
1.159699 -0.308787 1.200105 -0.260227
1.159550 -0.309037 1.200025 -0.260461
1.159400 -0.309287 1.199945 -0.260694
1.159250 -0.309537 1.199864 -0.260928
1.159100 -0.309787 1.199784 -0.261161
1.158950 -0.310037 1.199704 -0.261394
1.158800 -0.310286 1.199623 -0.261628
1.158650 -0.310536 1.199542 -0.261861
1.158500 -0.310785 1.199462 -0.262094
1.158349 -0.311034 1.199381 -0.262327
1.158199 -0.311283 1.199300 -0.262560
1.158048 -0.311531 1.199219 -0.262793
1.157897 -0.311780 1.199138 -0.263026
1.157746 -0.312028 1.199057 -0.263259
1.157595 -0.312277 1.198976 -0.263491
1.157444 -0.312525 1.198895 -0.263724
1.157293 -0.312773 1.198814 -0.263956
1.157142 -0.313021 1.198732 -0.264189
1.156990 -0.313268 1.198651 -0.264421
1.156839 -0.313516 1.198569 -0.264654
1.156687 -0.313763 1.198488 -0.264886
1.156535 -0.314011 1.198406 -0.265118
1.156384 -0.314258 1.198324 -0.265351
1.156232 -0.314505 1.198242 -0.265583
1.156080 -0.314752 1.198160 -0.265815
1.155927 -0.314998 1.198079 -0.266047
1.155775 -0.315245 1.197996 -0.266279
1.155623 -0.315491 1.197914 -0.266511
1.155470 -0.315737 1.197832 -0.266743
1.155318 -0.315983 1.197750 -0.266974
1.155165 -0.316229 1.197667 -0.267206
1.155012 -0.316475 1.197585 -0.267438
1.154859 -0.316721 1.197503 -0.267669
1.154706 -0.316966 1.197420 -0.267901
1.154553 -0.317211 1.197337 -0.268132
1.154400 -0.317456 1.197255 -0.268363
1.154247 -0.317701 1.197172 -0.268595
1.154093 -0.317946 1.197089 -0.268826
1.153940 -0.318191 1.197006 -0.269057
1.153786 -0.318435 1.196923 -0.269288
1.153633 -0.318680 1.196840 -0.269519
1.153479 -0.318924 1.196756 -0.269750
1.153325 -0.319168 1.196673 -0.269981
1.153171 -0.319412 1.196590 -0.270212
1.153017 -0.319656 1.196506 -0.270442
1.152863 -0.319899 1.196423 -0.270673
1.152708 -0.320143 1.196339 -0.270904
1.152554 -0.320386 1.196256 -0.271134
1.152399 -0.320629 1.196172 -0.271364
1.152245 -0.320872 1.196088 -0.271595
1.152090 -0.321115 1.196004 -0.271825
1.151935 -0.321358 1.195920 -0.272055
1.151780 -0.321601 1.195836 -0.272286
1.151625 -0.321843 1.195752 -0.272516
1.151470 -0.322085 1.195668 -0.272746
1.151315 -0.322327 1.195584 -0.272976
1.151159 -0.322569 1.195499 -0.273206
1.151004 -0.322811 1.195415 -0.273436
1.150848 -0.323053 1.195330 -0.273665
1.150693 -0.323294 1.195246 -0.273895
1.150537 -0.323535 1.195161 -0.274125
1.150381 -0.323777 1.195076 -0.274354
1.150225 -0.324018 1.194992 -0.274584
1.150069 -0.324258 1.194907 -0.274813
1.149913 -0.324499 1.194822 -0.275042
1.149757 -0.324740 1.194737 -0.275272
1.149600 -0.324980 1.194652 -0.275501
1.149444 -0.325220 1.194567 -0.275730
1.149287 -0.325460 1.194481 -0.275959
1.149131 -0.325700 1.194396 -0.276188
1.148974 -0.325940 1.194311 -0.276417
1.148817 -0.326180 1.194225 -0.276646
1.148660 -0.326419 1.194140 -0.276875
1.148503 -0.326658 1.194054 -0.277104
1.148346 -0.326897 1.193968 -0.277332
1.148189 -0.327136 1.193882 -0.277561
1.148031 -0.327375 1.193797 -0.277789
1.147874 -0.327614 1.193711 -0.278018
1.147716 -0.327852 1.193625 -0.278246
1.147559 -0.328091 1.193538 -0.278474
1.147401 -0.328329 1.193452 -0.278703
1.147243 -0.328567 1.193366 -0.278931
1.147085 -0.328805 1.193280 -0.279159
1.146927 -0.329043 1.193193 -0.279387
1.146769 -0.329280 1.193107 -0.279615
1.146611 -0.329518 1.193020 -0.279843
1.146452 -0.329755 1.192934 -0.280071
1.146294 -0.329992 1.192847 -0.280298
1.146135 -0.330229 1.192760 -0.280526
1.145977 -0.330466 1.192673 -0.280754
1.145818 -0.330702 1.192587 -0.280981
1.145659 -0.330939 1.192500 -0.281209
1.145500 -0.331175 1.192412 -0.281436
1.145341 -0.331411 1.192325 -0.281663
1.145182 -0.331647 1.192238 -0.281891
1.145023 -0.331883 1.192151 -0.282118
1.144863 -0.332119 1.192063 -0.282345
1.144704 -0.332354 1.191976 -0.282572
1.144544 -0.332590 1.191888 -0.282799
1.144385 -0.332825 1.191801 -0.283026
1.144225 -0.333060 1.191713 -0.283253
1.144065 -0.333295 1.191625 -0.283479
1.143905 -0.333530 1.191538 -0.283706
1.143745 -0.333764 1.191450 -0.283933
1.143585 -0.333999 1.191362 -0.284159
1.143425 -0.334233 1.191274 -0.284386
1.143265 -0.334467 1.191185 -0.284612
1.143105 -0.334701 1.191097 -0.284838
1.142944 -0.334935 1.191009 -0.285064
1.142783 -0.335168 1.190921 -0.285291
1.142623 -0.335402 1.190832 -0.285517
1.142462 -0.335635 1.190744 -0.285743
1.142301 -0.335868 1.190655 -0.285969
1.142140 -0.336101 1.190566 -0.286195
1.141979 -0.336334 1.190478 -0.286420
1.141818 -0.336567 1.190389 -0.286646
1.141657 -0.336799 1.190300 -0.286872
1.141496 -0.337031 1.190211 -0.287097
1.141334 -0.337264 1.190122 -0.287323
1.141173 -0.337496 1.190033 -0.287548
1.141011 -0.337727 1.189944 -0.287774
1.140849 -0.337959 1.189854 -0.287999
1.140688 -0.338191 1.189765 -0.288224
1.140526 -0.338422 1.189676 -0.288449
1.140364 -0.338653 1.189586 -0.288674
1.140202 -0.338884 1.189497 -0.288899
1.140039 -0.339115 1.189407 -0.289124
1.139877 -0.339346 1.189317 -0.289349
1.139715 -0.339576 1.189227 -0.289574
1.139552 -0.339807 1.189138 -0.289798
1.139390 -0.340037 1.189048 -0.290023
1.139227 -0.340267 1.188958 -0.290248
1.139064 -0.340497 1.188868 -0.290472
1.138902 -0.340727 1.188777 -0.290696
1.138739 -0.340956 1.188687 -0.290921
1.138576 -0.341186 1.188597 -0.291145
1.138413 -0.341415 1.188506 -0.291369
1.138249 -0.341644 1.188416 -0.291593
1.138086 -0.341873 1.188325 -0.291817
1.137923 -0.342102 1.188235 -0.292041
1.137759 -0.342330 1.188144 -0.292265
1.137596 -0.342559 1.188053 -0.292489
1.137432 -0.342787 1.187962 -0.292713
1.137268 -0.343015 1.187872 -0.292936
1.137105 -0.343243 1.187781 -0.293160
1.136941 -0.343471 1.187689 -0.293383
1.136777 -0.343699 1.187598 -0.293607
1.136613 -0.343926 1.187507 -0.293830
1.136448 -0.344153 1.187416 -0.294053
1.136284 -0.344380 1.187324 -0.294276
1.136120 -0.344607 1.187233 -0.294500
1.135955 -0.344834 1.187141 -0.294723
1.135791 -0.345061 1.187050 -0.294945
1.135626 -0.345287 1.186958 -0.295168
1.135461 -0.345514 1.186866 -0.295391
1.135296 -0.345740 1.186775 -0.295614
1.135132 -0.345966 1.186683 -0.295837
1.134967 -0.346191 1.186591 -0.296059
1.134801 -0.346417 1.186499 -0.296282
1.134636 -0.346643 1.186407 -0.296504
1.134471 -0.346868 1.186314 -0.296726
1.134306 -0.347093 1.186222 -0.296949
1.134140 -0.347318 1.186130 -0.297171
1.133975 -0.347543 1.186037 -0.297393
1.133809 -0.347768 1.185945 -0.297615
1.133643 -0.347992 1.185852 -0.297837
1.133477 -0.348216 1.185760 -0.298059
1.133312 -0.348440 1.185667 -0.298281
1.133146 -0.348664 1.185574 -0.298502
1.132980 -0.348888 1.185481 -0.298724
1.132813 -0.349112 1.185388 -0.298946
1.132647 -0.349335 1.185295 -0.299167
1.132481 -0.349559 1.185202 -0.299388
1.132314 -0.349782 1.185109 -0.299610
1.132148 -0.350005 1.185016 -0.299831
1.131981 -0.350228 1.184922 -0.300052
1.131815 -0.350450 1.184829 -0.300273
1.131648 -0.350673 1.184736 -0.300494
1.131481 -0.350895 1.184642 -0.300715
1.131314 -0.351117 1.184548 -0.300936
1.131147 -0.351339 1.184455 -0.301157
1.130980 -0.351561 1.184361 -0.301378
1.130813 -0.351783 1.184267 -0.301598
1.130645 -0.352004 1.184173 -0.301819
1.130478 -0.352225 1.184079 -0.302039
1.130311 -0.352447 1.183985 -0.302260
1.130143 -0.352668 1.183891 -0.302480
1.129975 -0.352888 1.183797 -0.302700
1.129808 -0.353109 1.183702 -0.302920
1.129640 -0.353330 1.183608 -0.303141
1.129472 -0.353550 1.183514 -0.303361
1.129304 -0.353770 1.183419 -0.303580
1.129136 -0.353990 1.183324 -0.303800
1.128968 -0.354210 1.183230 -0.304020
1.128800 -0.354429 1.183135 -0.304240
1.128631 -0.354649 1.183040 -0.304459
1.128463 -0.354868 1.182945 -0.304679
1.128294 -0.355087 1.182850 -0.304898
1.128126 -0.355306 1.182755 -0.305118
1.127957 -0.355525 1.182660 -0.305337
1.127788 -0.355744 1.182565 -0.305556
1.127620 -0.355962 1.182470 -0.305775
1.127451 -0.356180 1.182374 -0.305994
1.127282 -0.356398 1.182279 -0.306213
1.127113 -0.356616 1.182184 -0.306432
1.126943 -0.356834 1.182088 -0.306651
1.126774 -0.357052 1.181992 -0.306870
1.126605 -0.357269 1.181897 -0.307088
1.126435 -0.357486 1.181801 -0.307307
1.126266 -0.357703 1.181705 -0.307525
1.126096 -0.357920 1.181609 -0.307744
1.125927 -0.358137 1.181513 -0.307962
1.125757 -0.358354 1.181417 -0.308180
1.125587 -0.358570 1.181321 -0.308399
1.125417 -0.358786 1.181225 -0.308617
1.125247 -0.359002 1.181128 -0.308835
1.125077 -0.359218 1.181032 -0.309052
1.124907 -0.359434 1.180935 -0.309270
1.124737 -0.359649 1.180839 -0.309488
1.124566 -0.359865 1.180742 -0.309706
1.124396 -0.360080 1.180646 -0.309923
1.124226 -0.360295 1.180549 -0.310141
1.124055 -0.360510 1.180452 -0.310358
1.123884 -0.360724 1.180355 -0.310576
1.123714 -0.360939 1.180258 -0.310793
1.123543 -0.361153 1.180161 -0.311010
1.123372 -0.361367 1.180064 -0.311227
1.123201 -0.361581 1.179967 -0.311444
1.123030 -0.361795 1.179869 -0.311661
1.122859 -0.362009 1.179772 -0.311878
1.122688 -0.362222 1.179675 -0.312095
1.122516 -0.362436 1.179577 -0.312311
1.122345 -0.362649 1.179480 -0.312528
1.122173 -0.362862 1.179382 -0.312744
1.122002 -0.363075 1.179284 -0.312961
1.121830 -0.363287 1.179187 -0.313177
1.121659 -0.363500 1.179089 -0.313393
1.121487 -0.363712 1.178991 -0.313610
1.121315 -0.363924 1.178893 -0.313826
1.121143 -0.364136 1.178795 -0.314042
1.120971 -0.364348 1.178696 -0.314258
1.120799 -0.364559 1.178598 -0.314474
1.120627 -0.364771 1.178500 -0.314689
1.120455 -0.364982 1.178402 -0.314905
1.120282 -0.365193 1.178303 -0.315121
1.120110 -0.365404 1.178205 -0.315336
1.119937 -0.365614 1.178106 -0.315552
1.119765 -0.365825 1.178007 -0.315767
1.119592 -0.366035 1.177908 -0.315982
1.119419 -0.366245 1.177810 -0.316197
1.119247 -0.366455 1.177711 -0.316412
1.119074 -0.366665 1.177612 -0.316627
1.118901 -0.366875 1.177513 -0.316842
1.118728 -0.367084 1.177414 -0.317057
1.118555 -0.367294 1.177314 -0.317272
1.118381 -0.367503 1.177215 -0.317487
1.118208 -0.367712 1.177116 -0.317701
1.118035 -0.367921 1.177016 -0.317916
1.117861 -0.368129 1.176917 -0.318130
1.117688 -0.368338 1.176817 -0.318344
1.117514 -0.368546 1.176718 -0.318559
1.117341 -0.368754 1.176618 -0.318773
1.117167 -0.368962 1.176518 -0.318987
1.116993 -0.369169 1.176418 -0.319201
1.116819 -0.369377 1.176318 -0.319415
1.116645 -0.369584 1.176218 -0.319629
1.116471 -0.369792 1.176118 -0.319842
1.116297 -0.369999 1.176018 -0.320056
1.116123 -0.370205 1.175918 -0.320270
1.115949 -0.370412 1.175818 -0.320483
1.115775 -0.370619 1.175717 -0.320697
1.115600 -0.370825 1.175617 -0.320910
1.115426 -0.371031 1.175516 -0.321123
1.115251 -0.371237 1.175416 -0.321336
1.115076 -0.371443 1.175315 -0.321549
1.114902 -0.371648 1.175214 -0.321762
1.114727 -0.371854 1.175113 -0.321975
1.114552 -0.372059 1.175012 -0.322188
1.114377 -0.372264 1.174911 -0.322401
1.114202 -0.372469 1.174810 -0.322613
1.114027 -0.372674 1.174709 -0.322826
1.113852 -0.372878 1.174608 -0.323038
1.113677 -0.373083 1.174507 -0.323250
1.113501 -0.373287 1.174406 -0.323463
1.113326 -0.373491 1.174304 -0.323675
1.113151 -0.373695 1.174203 -0.323887
1.112975 -0.373898 1.174101 -0.324099
1.112799 -0.374102 1.173999 -0.324311
1.112624 -0.374305 1.173898 -0.324523
1.112448 -0.374508 1.173796 -0.324735
1.112272 -0.374711 1.173694 -0.324946
1.112096 -0.374914 1.173592 -0.325158
1.111920 -0.375116 1.173490 -0.325369
1.111744 -0.375319 1.173388 -0.325581
1.111568 -0.375521 1.173286 -0.325792
1.111392 -0.375723 1.173184 -0.326003
1.111216 -0.375925 1.173081 -0.326214
1.111040 -0.376126 1.172979 -0.326425
1.110863 -0.376328 1.172877 -0.326636
1.110687 -0.376529 1.172774 -0.326847
1.110510 -0.376730 1.172672 -0.327058
1.110334 -0.376931 1.172569 -0.327269
1.110157 -0.377132 1.172466 -0.327479
1.109980 -0.377333 1.172363 -0.327690
1.109803 -0.377533 1.172261 -0.327900
1.109626 -0.377733 1.172158 -0.328110
1.109449 -0.377934 1.172055 -0.328321
1.109272 -0.378133 1.171951 -0.328531
1.109095 -0.378333 1.171848 -0.328741
1.108918 -0.378533 1.171745 -0.328951
1.108741 -0.378732 1.171642 -0.329161
1.108564 -0.378931 1.171538 -0.329371
1.108386 -0.379130 1.171435 -0.329580
1.108209 -0.379329 1.171331 -0.329790
1.108031 -0.379527 1.171228 -0.329999
1.107854 -0.379726 1.171124 -0.330209
1.107676 -0.379924 1.171020 -0.330418
1.107498 -0.380122 1.170916 -0.330627
1.107320 -0.380320 1.170813 -0.330837
1.107143 -0.380518 1.170709 -0.331046
1.106965 -0.380715 1.170605 -0.331255
1.106787 -0.380913 1.170500 -0.331464
1.106609 -0.381110 1.170396 -0.331672
1.106430 -0.381307 1.170292 -0.331881
1.106252 -0.381504 1.170188 -0.332090
1.106074 -0.381700 1.170083 -0.332298
1.105896 -0.381897 1.169979 -0.332507
1.105717 -0.382093 1.169874 -0.332715
1.105539 -0.382289 1.169770 -0.332923
1.105360 -0.382485 1.169665 -0.333131
1.105181 -0.382681 1.169560 -0.333340
1.105003 -0.382876 1.169455 -0.333548
1.104824 -0.383072 1.169350 -0.333755
1.104645 -0.383267 1.169245 -0.333963
1.104466 -0.383462 1.169140 -0.334171
1.104287 -0.383657 1.169035 -0.334379
1.104108 -0.383851 1.168930 -0.334586
1.103929 -0.384046 1.168825 -0.334794
1.103750 -0.384240 1.168719 -0.335001
1.103571 -0.384434 1.168614 -0.335208
1.103392 -0.384628 1.168508 -0.335415
1.103212 -0.384821 1.168403 -0.335622
1.103033 -0.385015 1.168297 -0.335829
1.102853 -0.385208 1.168191 -0.336036
1.102674 -0.385401 1.168085 -0.336243
1.102494 -0.385594 1.167980 -0.336450
1.102314 -0.385787 1.167874 -0.336656
1.102135 -0.385980 1.167768 -0.336863
1.101955 -0.386172 1.167662 -0.337069
1.101775 -0.386364 1.167555 -0.337276
1.101595 -0.386556 1.167449 -0.337482
1.101415 -0.386748 1.167343 -0.337688
1.101235 -0.386940 1.167236 -0.337894
1.101055 -0.387131 1.167130 -0.338100
1.100875 -0.387323 1.167024 -0.338306
1.100694 -0.387514 1.166917 -0.338512
1.100514 -0.387705 1.166810 -0.338717
1.100334 -0.387896 1.166704 -0.338923
1.100153 -0.388086 1.166597 -0.339128
1.099973 -0.388277 1.166490 -0.339334
1.099792 -0.388467 1.166383 -0.339539
1.099611 -0.388657 1.166276 -0.339744
1.099431 -0.388847 1.166169 -0.339949
1.099250 -0.389036 1.166062 -0.340154
1.099069 -0.389226 1.165954 -0.340359
1.098888 -0.389415 1.165847 -0.340564
1.098707 -0.389604 1.165740 -0.340769
1.098526 -0.389793 1.165632 -0.340974
1.098345 -0.389982 1.165525 -0.341178
1.098164 -0.390170 1.165417 -0.341383
1.097983 -0.390359 1.165309 -0.341587
1.097801 -0.390547 1.165202 -0.341791
1.097620 -0.390735 1.165094 -0.341995
1.097439 -0.390922 1.164986 -0.342199
1.097257 -0.391110 1.164878 -0.342403
1.097076 -0.391297 1.164770 -0.342607
1.096894 -0.391485 1.164662 -0.342811
1.096712 -0.391672 1.164554 -0.343015
1.096531 -0.391859 1.164445 -0.343218
1.096349 -0.392045 1.164337 -0.343422
1.096167 -0.392232 1.164229 -0.343625
1.095985 -0.392418 1.164120 -0.343829
1.095803 -0.392604 1.164011 -0.344032
1.095621 -0.392790 1.163903 -0.344235
1.095439 -0.392976 1.163794 -0.344438
1.095257 -0.393161 1.163685 -0.344641
1.095075 -0.393347 1.163577 -0.344844
1.094893 -0.393532 1.163468 -0.345047
1.094710 -0.393717 1.163359 -0.345249
1.094528 -0.393902 1.163250 -0.345452
1.094345 -0.394086 1.163141 -0.345654
1.094163 -0.394271 1.163031 -0.345857
1.093980 -0.394455 1.162922 -0.346059
1.093798 -0.394639 1.162813 -0.346261
1.093615 -0.394823 1.162703 -0.346463
1.093432 -0.395006 1.162594 -0.346665
1.093250 -0.395190 1.162484 -0.346867
1.093067 -0.395373 1.162375 -0.347069
1.092884 -0.395556 1.162265 -0.347270
1.092701 -0.395739 1.162155 -0.347472
1.092518 -0.395922 1.162045 -0.347673
1.092335 -0.396104 1.161935 -0.347875
1.092152 -0.396287 1.161825 -0.348076
1.091968 -0.396469 1.161715 -0.348277
1.091785 -0.396651 1.161605 -0.348478
1.091602 -0.396833 1.161495 -0.348679
1.091418 -0.397014 1.161385 -0.348880
1.091235 -0.397196 1.161274 -0.349081
1.091051 -0.397377 1.161164 -0.349282
1.090868 -0.397558 1.161053 -0.349482
1.090684 -0.397739 1.160943 -0.349683
1.090501 -0.397919 1.160832 -0.349883
1.090317 -0.398100 1.160722 -0.350083
1.090133 -0.398280 1.160611 -0.350284
1.089949 -0.398460 1.160500 -0.350484
1.089765 -0.398640 1.160389 -0.350684
1.089582 -0.398820 1.160278 -0.350884
1.089398 -0.398999 1.160167 -0.351084
1.089213 -0.399179 1.160056 -0.351283
1.089029 -0.399358 1.159945 -0.351483
1.088845 -0.399537 1.159833 -0.351682
1.088661 -0.399715 1.159722 -0.351882
1.088477 -0.399894 1.159611 -0.352081
1.088292 -0.400072 1.159499 -0.352280
1.088108 -0.400251 1.159388 -0.352479
1.087924 -0.400428 1.159276 -0.352678
1.087739 -0.400606 1.159164 -0.352877
1.087554 -0.400784 1.159052 -0.353076
1.087370 -0.400961 1.158941 -0.353275
1.087185 -0.401139 1.158829 -0.353473
1.087000 -0.401316 1.158717 -0.353672
1.086816 -0.401492 1.158605 -0.353870
1.086631 -0.401669 1.158492 -0.354069
1.086446 -0.401845 1.158380 -0.354267
1.086261 -0.402022 1.158268 -0.354465
1.086076 -0.402198 1.158156 -0.354663
1.085891 -0.402374 1.158043 -0.354861
1.085706 -0.402549 1.157931 -0.355059
1.085521 -0.402725 1.157818 -0.355256
1.085336 -0.402900 1.157705 -0.355454
1.085150 -0.403075 1.157593 -0.355652
1.084965 -0.403250 1.157480 -0.355849
1.084780 -0.403425 1.157367 -0.356046
1.084594 -0.403599 1.157254 -0.356244
1.084409 -0.403774 1.157141 -0.356441
1.084223 -0.403948 1.157028 -0.356638
1.084038 -0.404122 1.156915 -0.356835
1.083852 -0.404296 1.156802 -0.357031
1.083666 -0.404469 1.156689 -0.357228
1.083481 -0.404643 1.156575 -0.357425
1.083295 -0.404816 1.156462 -0.357621
1.083109 -0.404989 1.156348 -0.357818
1.082923 -0.405162 1.156235 -0.358014
1.082737 -0.405334 1.156121 -0.358210
1.082551 -0.405507 1.156007 -0.358406
1.082365 -0.405679 1.155894 -0.358602
1.082179 -0.405851 1.155780 -0.358798
1.081993 -0.406023 1.155666 -0.358994
1.081807 -0.406194 1.155552 -0.359189
1.081621 -0.406366 1.155438 -0.359385
1.081434 -0.406537 1.155324 -0.359580
1.081248 -0.406708 1.155210 -0.359776
1.081062 -0.406879 1.155095 -0.359971
1.080875 -0.407050 1.154981 -0.360166
1.080689 -0.407220 1.154867 -0.360361
1.080502 -0.407390 1.154752 -0.360556
1.080316 -0.407561 1.154637 -0.360751
1.080129 -0.407730 1.154523 -0.360946
1.079942 -0.407900 1.154408 -0.361140
1.079756 -0.408070 1.154293 -0.361335
1.079569 -0.408239 1.154179 -0.361529
1.079382 -0.408408 1.154064 -0.361724
1.079195 -0.408577 1.153949 -0.361918
1.079008 -0.408746 1.153834 -0.362112
1.078821 -0.408914 1.153719 -0.362306
1.078634 -0.409083 1.153603 -0.362500
1.078447 -0.409251 1.153488 -0.362694
1.078260 -0.409419 1.153373 -0.362888
1.078073 -0.409586 1.153257 -0.363081
1.077886 -0.409754 1.153142 -0.363275
1.077699 -0.409921 1.153026 -0.363468
1.077511 -0.410089 1.152911 -0.363661
1.077324 -0.410256 1.152795 -0.363854
1.077137 -0.410422 1.152679 -0.364048
1.076949 -0.410589 1.152563 -0.364240
1.076762 -0.410755 1.152448 -0.364433
1.076574 -0.410921 1.152332 -0.364626
1.076386 -0.411087 1.152216 -0.364819
1.076199 -0.411253 1.152099 -0.365011
1.076011 -0.411419 1.151983 -0.365204
1.075823 -0.411584 1.151867 -0.365396
1.075636 -0.411749 1.151751 -0.365588
1.075448 -0.411915 1.151634 -0.365780
1.075260 -0.412079 1.151518 -0.365972
1.075072 -0.412244 1.151401 -0.366164
1.074884 -0.412408 1.151285 -0.366356
1.074696 -0.412573 1.151168 -0.366548
1.074508 -0.412737 1.151051 -0.366739
1.074320 -0.412900 1.150935 -0.366931
1.074132 -0.413064 1.150818 -0.367122
1.073944 -0.413228 1.150701 -0.367314
1.073756 -0.413391 1.150584 -0.367505
1.073567 -0.413554 1.150467 -0.367696
1.073379 -0.413717 1.150349 -0.367887
1.073191 -0.413879 1.150232 -0.368078
1.073002 -0.414042 1.150115 -0.368268
1.072814 -0.414204 1.149998 -0.368459
1.072625 -0.414366 1.149880 -0.368649
1.072437 -0.414528 1.149763 -0.368840
1.072248 -0.414690 1.149645 -0.369030
1.072060 -0.414851 1.149527 -0.369220
1.071871 -0.415012 1.149410 -0.369410
1.071682 -0.415174 1.149292 -0.369600
1.071493 -0.415334 1.149174 -0.369790
1.071305 -0.415495 1.149056 -0.369980
1.071116 -0.415656 1.148938 -0.370170
1.070927 -0.415816 1.148820 -0.370359
1.070738 -0.415976 1.148702 -0.370549
1.070549 -0.416136 1.148584 -0.370738
1.070360 -0.416296 1.148465 -0.370927
1.070171 -0.416455 1.148347 -0.371116
1.069982 -0.416614 1.148229 -0.371305
1.069793 -0.416773 1.148110 -0.371494
1.069604 -0.416932 1.147992 -0.371683
1.069415 -0.417091 1.147873 -0.371872
1.069225 -0.417250 1.147754 -0.372060
1.069036 -0.417408 1.147636 -0.372249
1.068847 -0.417566 1.147517 -0.372437
1.068657 -0.417724 1.147398 -0.372625
1.068468 -0.417882 1.147279 -0.372814
1.068278 -0.418039 1.147160 -0.373002
1.068089 -0.418196 1.147041 -0.373190
1.067899 -0.418353 1.146921 -0.373377
1.067710 -0.418510 1.146802 -0.373565
1.067520 -0.418667 1.146683 -0.373753
1.067331 -0.418824 1.146563 -0.373940
1.067141 -0.418980 1.146444 -0.374127
1.066951 -0.419136 1.146324 -0.374315
1.066761 -0.419292 1.146205 -0.374502
1.066572 -0.419448 1.146085 -0.374689
1.066382 -0.419603 1.145965 -0.374876
1.066192 -0.419758 1.145846 -0.375063
1.066002 -0.419914 1.145726 -0.375249
1.065812 -0.420069 1.145606 -0.375436
1.065622 -0.420223 1.145486 -0.375622
1.065432 -0.420378 1.145366 -0.375809
1.065242 -0.420532 1.145246 -0.375995
1.065052 -0.420686 1.145125 -0.376181
1.064862 -0.420840 1.145005 -0.376367
1.064671 -0.420994 1.144885 -0.376553
1.064481 -0.421147 1.144764 -0.376739
1.064291 -0.421301 1.144644 -0.376925
1.064101 -0.421454 1.144523 -0.377110
1.063910 -0.421607 1.144403 -0.377296
1.063720 -0.421759 1.144282 -0.377481
1.063529 -0.421912 1.144161 -0.377666
1.063339 -0.422064 1.144040 -0.377851
1.063149 -0.422216 1.143919 -0.378036
1.062958 -0.422368 1.143798 -0.378221
1.062767 -0.422520 1.143677 -0.378406
1.062577 -0.422671 1.143556 -0.378591
1.062386 -0.422823 1.143435 -0.378775
1.062196 -0.422974 1.143314 -0.378960
1.062005 -0.423125 1.143192 -0.379144
1.061814 -0.423275 1.143071 -0.379328
1.061623 -0.423426 1.142949 -0.379512
1.061432 -0.423576 1.142828 -0.379696
1.061242 -0.423726 1.142706 -0.379880
1.061051 -0.423876 1.142585 -0.380064
1.060860 -0.424026 1.142463 -0.380248
1.060669 -0.424175 1.142341 -0.380431
1.060478 -0.424325 1.142219 -0.380615
1.060287 -0.424474 1.142097 -0.380798
1.060096 -0.424623 1.141975 -0.380981
1.059905 -0.424771 1.141853 -0.381164
1.059714 -0.424920 1.141731 -0.381347
1.059522 -0.425068 1.141609 -0.381530
1.059331 -0.425216 1.141486 -0.381713
1.059140 -0.425364 1.141364 -0.381896
1.058949 -0.425512 1.141242 -0.382078
1.058757 -0.425659 1.141119 -0.382261
1.058566 -0.425806 1.140997 -0.382443
1.058375 -0.425953 1.140874 -0.382625
1.058183 -0.426100 1.140751 -0.382807
1.057992 -0.426247 1.140628 -0.382989
1.057800 -0.426393 1.140506 -0.383171
1.057609 -0.426540 1.140383 -0.383353
1.057417 -0.426686 1.140260 -0.383534
1.057226 -0.426831 1.140137 -0.383716
1.057034 -0.426977 1.140014 -0.383897
1.056843 -0.427122 1.139890 -0.384078
1.056651 -0.427268 1.139767 -0.384260
1.056459 -0.427413 1.139644 -0.384441
1.056268 -0.427558 1.139520 -0.384621
1.056076 -0.427702 1.139397 -0.384802
1.055884 -0.427847 1.139273 -0.384983
1.055692 -0.427991 1.139150 -0.385164
1.055500 -0.428135 1.139026 -0.385344
1.055309 -0.428279 1.138902 -0.385524
1.055117 -0.428422 1.138779 -0.385705
1.054925 -0.428566 1.138655 -0.385885
1.054733 -0.428709 1.138531 -0.386065
1.054541 -0.428852 1.138407 -0.386244
1.054349 -0.428994 1.138283 -0.386424
1.054157 -0.429137 1.138159 -0.386604
1.053965 -0.429279 1.138034 -0.386783
1.053772 -0.429422 1.137910 -0.386963
1.053580 -0.429564 1.137786 -0.387142
1.053388 -0.429705 1.137661 -0.387321
1.053196 -0.429847 1.137537 -0.387500
1.053004 -0.429988 1.137412 -0.387679
1.052811 -0.430129 1.137288 -0.387858
1.052619 -0.430270 1.137163 -0.388037
1.052427 -0.430411 1.137038 -0.388215
1.052234 -0.430552 1.136913 -0.388394
1.052042 -0.430692 1.136788 -0.388572
1.051850 -0.430832 1.136664 -0.388750
1.051657 -0.430972 1.136538 -0.388928
1.051465 -0.431112 1.136413 -0.389106
1.051272 -0.431251 1.136288 -0.389284
1.051080 -0.431390 1.136163 -0.389462
1.050887 -0.431530 1.136038 -0.389639
1.050695 -0.431668 1.135912 -0.389817
1.050502 -0.431807 1.135787 -0.389994
1.050309 -0.431946 1.135661 -0.390172
1.050117 -0.432084 1.135536 -0.390349
1.049924 -0.432222 1.135410 -0.390526
1.049731 -0.432360 1.135284 -0.390703
1.049539 -0.432497 1.135159 -0.390879
1.049346 -0.432635 1.135033 -0.391056
1.049153 -0.432772 1.134907 -0.391233
1.048960 -0.432909 1.134781 -0.391409
1.048767 -0.433046 1.134655 -0.391585
1.048575 -0.433183 1.134529 -0.391762
1.048382 -0.433319 1.134403 -0.391938
1.048189 -0.433455 1.134276 -0.392114
1.047996 -0.433591 1.134150 -0.392289
1.047803 -0.433727 1.134024 -0.392465
1.047610 -0.433863 1.133897 -0.392641
1.047417 -0.433998 1.133771 -0.392816
1.047224 -0.434133 1.133644 -0.392992
1.047031 -0.434268 1.133518 -0.393167
1.046838 -0.434403 1.133391 -0.393342
1.046644 -0.434537 1.133264 -0.393517
1.046451 -0.434672 1.133137 -0.393692
1.046258 -0.434806 1.133010 -0.393866
1.046065 -0.434940 1.132883 -0.394041
1.045872 -0.435074 1.132756 -0.394216
1.045678 -0.435207 1.132629 -0.394390
1.045485 -0.435340 1.132502 -0.394564
1.045292 -0.435473 1.132375 -0.394738
1.045099 -0.435606 1.132247 -0.394912
1.044905 -0.435739 1.132120 -0.395086
1.044712 -0.435872 1.131992 -0.395260
1.044519 -0.436004 1.131865 -0.395434
1.044325 -0.436136 1.131737 -0.395607
1.044132 -0.436268 1.131610 -0.395780
1.043938 -0.436399 1.131482 -0.395954
1.043745 -0.436531 1.131354 -0.396127
1.043551 -0.436662 1.131226 -0.396300
1.043358 -0.436793 1.131098 -0.396473
1.043164 -0.436924 1.130970 -0.396646
1.042971 -0.437054 1.130842 -0.396818
1.042777 -0.437185 1.130714 -0.396991
1.042583 -0.437315 1.130586 -0.397163
1.042390 -0.437445 1.130458 -0.397335
1.042196 -0.437575 1.130329 -0.397508
1.042003 -0.437704 1.130201 -0.397680
1.041809 -0.437834 1.130073 -0.397852
1.041615 -0.437963 1.129944 -0.398023
1.041421 -0.438092 1.129815 -0.398195
1.041228 -0.438221 1.129687 -0.398367
1.041034 -0.438349 1.129558 -0.398538
1.040840 -0.438477 1.129429 -0.398709
1.040646 -0.438606 1.129300 -0.398880
1.040452 -0.438733 1.129171 -0.399052
1.040259 -0.438861 1.129042 -0.399222
1.040065 -0.438989 1.128913 -0.399393
1.039871 -0.439116 1.128784 -0.399564
1.039677 -0.439243 1.128655 -0.399734
1.039483 -0.439370 1.128526 -0.399905
1.039289 -0.439496 1.128397 -0.400075
1.039095 -0.439623 1.128267 -0.400245
1.038901 -0.439749 1.128138 -0.400415
1.038707 -0.439875 1.128008 -0.400585
1.038513 -0.440001 1.127879 -0.400755
1.038319 -0.440126 1.127749 -0.400925
1.038125 -0.440252 1.127619 -0.401094
1.037931 -0.440377 1.127489 -0.401264
1.037737 -0.440502 1.127360 -0.401433
1.037543 -0.440627 1.127230 -0.401602
1.037348 -0.440751 1.127100 -0.401771
1.037154 -0.440876 1.126970 -0.401940
1.036960 -0.441000 1.126839 -0.402109
1.036766 -0.441124 1.126709 -0.402278
1.036572 -0.441247 1.126579 -0.402446
1.036378 -0.441371 1.126449 -0.402614
1.036183 -0.441494 1.126318 -0.402783
1.035989 -0.441617 1.126188 -0.402951
1.035795 -0.441740 1.126057 -0.403119
1.035600 -0.441863 1.125927 -0.403287
1.035406 -0.441985 1.125796 -0.403455
1.035212 -0.442107 1.125665 -0.403622
1.035018 -0.442229 1.125535 -0.403790
1.034823 -0.442351 1.125404 -0.403957
1.034629 -0.442473 1.125273 -0.404124
1.034434 -0.442594 1.125142 -0.404291
1.034240 -0.442715 1.125011 -0.404458
1.034046 -0.442836 1.124880 -0.404625
1.033851 -0.442957 1.124749 -0.404792
1.033657 -0.443078 1.124617 -0.404959
1.033462 -0.443198 1.124486 -0.405125
1.033268 -0.443318 1.124355 -0.405292
1.033073 -0.443438 1.124223 -0.405458
1.032879 -0.443558 1.124092 -0.405624
1.032684 -0.443677 1.123960 -0.405790
1.032490 -0.443796 1.123828 -0.405956
1.032295 -0.443916 1.123697 -0.406121
1.032101 -0.444034 1.123565 -0.406287
1.031906 -0.444153 1.123433 -0.406452
1.031711 -0.444271 1.123301 -0.406618
1.031517 -0.444390 1.123169 -0.406783
1.031322 -0.444508 1.123037 -0.406948
1.031128 -0.444625 1.122905 -0.407113
1.030933 -0.444743 1.122773 -0.407278
1.030738 -0.444860 1.122641 -0.407442
1.030544 -0.444978 1.122508 -0.407607
1.030349 -0.445095 1.122376 -0.407771
1.030154 -0.445211 1.122244 -0.407936
1.029960 -0.445328 1.122111 -0.408100
1.029765 -0.445444 1.121979 -0.408264
1.029570 -0.445560 1.121846 -0.408428
1.029375 -0.445676 1.121713 -0.408592
1.029181 -0.445792 1.121581 -0.408755
1.028986 -0.445907 1.121448 -0.408919
1.028791 -0.446022 1.121315 -0.409082
1.028596 -0.446137 1.121182 -0.409245
1.028401 -0.446252 1.121049 -0.409408
1.028207 -0.446367 1.120916 -0.409571
1.028012 -0.446481 1.120783 -0.409734
1.027817 -0.446595 1.120650 -0.409897
1.027622 -0.446709 1.120516 -0.410060
1.027427 -0.446823 1.120383 -0.410222
1.027232 -0.446937 1.120250 -0.410384
1.027038 -0.447050 1.120116 -0.410547
1.026843 -0.447163 1.119983 -0.410709
1.026648 -0.447276 1.119849 -0.410870
1.026453 -0.447389 1.119715 -0.411032
1.026258 -0.447501 1.119582 -0.411194
1.026063 -0.447614 1.119448 -0.411355
1.025868 -0.447726 1.119314 -0.411517
1.025673 -0.447837 1.119180 -0.411678
1.025478 -0.447949 1.119046 -0.411839
1.025283 -0.448060 1.118912 -0.412000
1.025088 -0.448172 1.118778 -0.412161
1.024893 -0.448283 1.118644 -0.412322
1.024698 -0.448393 1.118509 -0.412482
1.024503 -0.448504 1.118375 -0.412643
1.024308 -0.448614 1.118241 -0.412803
1.024113 -0.448724 1.118106 -0.412963
1.023918 -0.448834 1.117972 -0.413123
1.023723 -0.448944 1.117837 -0.413283
1.023528 -0.449054 1.117703 -0.413443
1.023333 -0.449163 1.117568 -0.413603
1.023138 -0.449272 1.117433 -0.413762
1.022943 -0.449381 1.117298 -0.413922
1.022748 -0.449489 1.117163 -0.414081
1.022553 -0.449598 1.117029 -0.414240
1.022358 -0.449706 1.116893 -0.414399
1.022163 -0.449814 1.116758 -0.414558
1.021968 -0.449922 1.116623 -0.414717
1.021773 -0.450029 1.116488 -0.414875
1.021578 -0.450137 1.116353 -0.415034
1.021382 -0.450244 1.116217 -0.415192
1.021187 -0.450351 1.116082 -0.415350
1.020992 -0.450457 1.115947 -0.415508
1.020797 -0.450564 1.115811 -0.415666
1.020602 -0.450670 1.115675 -0.415824
1.020407 -0.450776 1.115540 -0.415981
1.020212 -0.450882 1.115404 -0.416139
1.020016 -0.450988 1.115268 -0.416296
1.019821 -0.451093 1.115132 -0.416454
1.019626 -0.451198 1.114997 -0.416611
1.019431 -0.451303 1.114861 -0.416768
1.019236 -0.451408 1.114725 -0.416924
1.019041 -0.451512 1.114588 -0.417081
1.018845 -0.451617 1.114452 -0.417238
1.018650 -0.451721 1.114316 -0.417394
1.018455 -0.451825 1.114180 -0.417550
1.018260 -0.451928 1.114043 -0.417706
1.018065 -0.452032 1.113907 -0.417862
1.017870 -0.452135 1.113770 -0.418018
1.017674 -0.452238 1.113634 -0.418174
1.017479 -0.452341 1.113497 -0.418329
1.017284 -0.452444 1.113361 -0.418485
1.017089 -0.452546 1.113224 -0.418640
1.016894 -0.452648 1.113087 -0.418795
1.016698 -0.452750 1.112950 -0.418950
1.016503 -0.452852 1.112813 -0.419105
1.016308 -0.452953 1.112676 -0.419260
1.016113 -0.453055 1.112539 -0.419415
1.015917 -0.453156 1.112402 -0.419569
1.015722 -0.453257 1.112265 -0.419723
1.015527 -0.453357 1.112128 -0.419878
1.015332 -0.453458 1.111990 -0.420032
1.015137 -0.453558 1.111853 -0.420186
1.014941 -0.453658 1.111716 -0.420339
1.014746 -0.453758 1.111578 -0.420493
1.014551 -0.453857 1.111441 -0.420646
1.014356 -0.453957 1.111303 -0.420800
1.014160 -0.454056 1.111165 -0.420953
1.013965 -0.454155 1.111027 -0.421106
1.013770 -0.454254 1.110890 -0.421259
1.013575 -0.454352 1.110752 -0.421412
1.013379 -0.454450 1.110614 -0.421565
1.013184 -0.454548 1.110476 -0.421717
1.012989 -0.454646 1.110338 -0.421869
1.012794 -0.454744 1.110200 -0.422022
1.012598 -0.454841 1.110061 -0.422174
1.012403 -0.454939 1.109923 -0.422326
1.012208 -0.455036 1.109785 -0.422478
1.012013 -0.455132 1.109646 -0.422629
1.011818 -0.455229 1.109508 -0.422781
1.011622 -0.455325 1.109369 -0.422932
1.011427 -0.455421 1.109231 -0.423083
1.011232 -0.455517 1.109092 -0.423234
1.011037 -0.455613 1.108954 -0.423385
1.010841 -0.455708 1.108815 -0.423536
1.010646 -0.455804 1.108676 -0.423687
1.010451 -0.455899 1.108537 -0.423837
1.010256 -0.455993 1.108398 -0.423988
1.010060 -0.456088 1.108259 -0.424138
1.009865 -0.456182 1.108120 -0.424288
1.009670 -0.456276 1.107981 -0.424438
1.009475 -0.456370 1.107842 -0.424588
1.009280 -0.456464 1.107702 -0.424738
1.009084 -0.456558 1.107563 -0.424887
1.008889 -0.456651 1.107424 -0.425037
1.008694 -0.456744 1.107284 -0.425186
1.008499 -0.456837 1.107145 -0.425335
1.008304 -0.456929 1.107005 -0.425484
1.008108 -0.457022 1.106866 -0.425633
1.007913 -0.457114 1.106726 -0.425782
1.007718 -0.457206 1.106586 -0.425930
1.007523 -0.457298 1.106446 -0.426079
1.007328 -0.457389 1.106306 -0.426227
1.007133 -0.457481 1.106167 -0.426375
1.006937 -0.457572 1.106027 -0.426523
1.006742 -0.457663 1.105886 -0.426671
1.006547 -0.457753 1.105746 -0.426818
1.006352 -0.457844 1.105606 -0.426966
1.006157 -0.457934 1.105466 -0.427113
1.005962 -0.458024 1.105326 -0.427261
1.005766 -0.458114 1.105185 -0.427408
1.005571 -0.458203 1.105045 -0.427555
1.005376 -0.458293 1.104904 -0.427701
1.005181 -0.458382 1.104764 -0.427848
1.004986 -0.458471 1.104623 -0.427995
1.004791 -0.458559 1.104482 -0.428141
1.004596 -0.458648 1.104342 -0.428287
1.004401 -0.458736 1.104201 -0.428433
1.004206 -0.458824 1.104060 -0.428579
1.004010 -0.458912 1.103919 -0.428725
1.003815 -0.458999 1.103778 -0.428871
1.003620 -0.459087 1.103637 -0.429016
1.003425 -0.459174 1.103496 -0.429162
1.003230 -0.459261 1.103355 -0.429307
1.003035 -0.459348 1.103213 -0.429452
1.002840 -0.459434 1.103072 -0.429597
1.002645 -0.459520 1.102931 -0.429742
1.002450 -0.459607 1.102789 -0.429886
1.002255 -0.459692 1.102648 -0.430031
1.002060 -0.459778 1.102506 -0.430175
1.001865 -0.459863 1.102365 -0.430319
1.001670 -0.459949 1.102223 -0.430463
1.001475 -0.460034 1.102081 -0.430607
1.001280 -0.460118 1.101939 -0.430751
1.001085 -0.460203 1.101798 -0.430894
1.000890 -0.460287 1.101656 -0.431038
1.000695 -0.460371 1.101514 -0.431181
1.000500 -0.460455 1.101372 -0.431324
1.000305 -0.460539 1.101230 -0.431467
1.000110 -0.460622 1.101087 -0.431610
0.999915 -0.460705 1.100945 -0.431753
0.999721 -0.460788 1.100803 -0.431895
0.999526 -0.460871 1.100661 -0.432038
0.999331 -0.460954 1.100518 -0.432180
0.999136 -0.461036 1.100376 -0.432322
0.998941 -0.461118 1.100233 -0.432464
0.998746 -0.461200 1.100091 -0.432606
0.998551 -0.461282 1.099948 -0.432748
0.998357 -0.461363 1.099805 -0.432889
0.998162 -0.461444 1.099662 -0.433031
0.997967 -0.461525 1.099520 -0.433172
0.997772 -0.461606 1.099377 -0.433313
0.997577 -0.461687 1.099234 -0.433454
0.997383 -0.461767 1.099091 -0.433594
0.997188 -0.461847 1.098948 -0.433735
0.996993 -0.461927 1.098805 -0.433876
0.996798 -0.462007 1.098661 -0.434016
0.996604 -0.462086 1.098518 -0.434156
0.996409 -0.462165 1.098375 -0.434296
0.996214 -0.462244 1.098231 -0.434436
0.996019 -0.462323 1.098088 -0.434576
0.995825 -0.462402 1.097945 -0.434715
0.995630 -0.462480 1.097801 -0.434855
0.995435 -0.462558 1.097657 -0.434994
0.995241 -0.462636 1.097514 -0.435133
0.995046 -0.462714 1.097370 -0.435272
0.994852 -0.462791 1.097226 -0.435411
0.994657 -0.462868 1.097082 -0.435549
0.994462 -0.462945 1.096938 -0.435688
0.994268 -0.463022 1.096794 -0.435826
0.994073 -0.463099 1.096650 -0.435965
0.993879 -0.463175 1.096506 -0.436103
0.993684 -0.463251 1.096362 -0.436240
0.993490 -0.463327 1.096218 -0.436378
0.993295 -0.463403 1.096074 -0.436516
0.993101 -0.463478 1.095929 -0.436653
0.992906 -0.463554 1.095785 -0.436791
0.992712 -0.463629 1.095640 -0.436928
0.992517 -0.463704 1.095496 -0.437065
0.992323 -0.463778 1.095351 -0.437201
0.992128 -0.463853 1.095207 -0.437338
0.991934 -0.463927 1.095062 -0.437475
0.991740 -0.464001 1.094917 -0.437611
0.991545 -0.464074 1.094772 -0.437747
0.991351 -0.464148 1.094628 -0.437883
0.991156 -0.464221 1.094483 -0.438019
0.990962 -0.464294 1.094338 -0.438155
0.990768 -0.464367 1.094193 -0.438291
0.990574 -0.464439 1.094048 -0.438426
0.990379 -0.464512 1.093902 -0.438561
0.990185 -0.464584 1.093757 -0.438696
0.989991 -0.464656 1.093612 -0.438831
0.989797 -0.464728 1.093466 -0.438966
0.989602 -0.464799 1.093321 -0.439101
0.989408 -0.464870 1.093176 -0.439235
0.989214 -0.464941 1.093030 -0.439370
0.989020 -0.465012 1.092884 -0.439504
0.988826 -0.465083 1.092739 -0.439638
0.988632 -0.465153 1.092593 -0.439772
0.988437 -0.465223 1.092447 -0.439906
0.988243 -0.465293 1.092302 -0.440039
0.988049 -0.465363 1.092156 -0.440173
0.987855 -0.465432 1.092010 -0.440306
0.987661 -0.465502 1.091864 -0.440439
0.987467 -0.465571 1.091718 -0.440572
0.987273 -0.465639 1.091572 -0.440705
0.987079 -0.465708 1.091425 -0.440838
0.986885 -0.465776 1.091279 -0.440970
0.986691 -0.465845 1.091133 -0.441102
0.986497 -0.465912 1.090987 -0.441235
0.986304 -0.465980 1.090840 -0.441367
0.986110 -0.466048 1.090694 -0.441498
0.985916 -0.466115 1.090547 -0.441630
0.985722 -0.466182 1.090401 -0.441762
0.985528 -0.466249 1.090254 -0.441893
0.985334 -0.466315 1.090107 -0.442024
0.985141 -0.466382 1.089960 -0.442155
0.984947 -0.466448 1.089814 -0.442286
0.984753 -0.466514 1.089667 -0.442417
0.984559 -0.466579 1.089520 -0.442548
0.984366 -0.466645 1.089373 -0.442678
0.984172 -0.466710 1.089226 -0.442808
0.983978 -0.466775 1.089079 -0.442939
0.983785 -0.466840 1.088931 -0.443069
0.983591 -0.466904 1.088784 -0.443198
0.983397 -0.466969 1.088637 -0.443328
0.983204 -0.467033 1.088490 -0.443458
0.983010 -0.467097 1.088342 -0.443587
0.982817 -0.467160 1.088195 -0.443716
0.982623 -0.467224 1.088047 -0.443845
0.982430 -0.467287 1.087900 -0.443974
0.982236 -0.467350 1.087752 -0.444103
0.982043 -0.467413 1.087604 -0.444231
0.981850 -0.467475 1.087457 -0.444360
0.981656 -0.467538 1.087309 -0.444488
0.981463 -0.467600 1.087161 -0.444616
0.981269 -0.467662 1.087013 -0.444744
0.981076 -0.467723 1.086865 -0.444871
0.980883 -0.467785 1.086717 -0.444999
0.980689 -0.467846 1.086569 -0.445126
0.980496 -0.467907 1.086421 -0.445254
0.980303 -0.467968 1.086272 -0.445381
0.980110 -0.468028 1.086124 -0.445508
0.979917 -0.468089 1.085976 -0.445634
0.979723 -0.468149 1.085828 -0.445761
0.979530 -0.468209 1.085679 -0.445888
0.979337 -0.468268 1.085531 -0.446014
0.979144 -0.468328 1.085382 -0.446140
0.978951 -0.468387 1.085233 -0.446266
0.978758 -0.468446 1.085085 -0.446392
0.978565 -0.468505 1.084936 -0.446517
0.978372 -0.468563 1.084787 -0.446643
0.978179 -0.468621 1.084638 -0.446768
0.977986 -0.468680 1.084489 -0.446893
0.977793 -0.468737 1.084341 -0.447018
0.977600 -0.468795 1.084191 -0.447143
0.977407 -0.468852 1.084042 -0.447268
0.977215 -0.468910 1.083893 -0.447392
0.977022 -0.468967 1.083744 -0.447517
0.976829 -0.469023 1.083595 -0.447641
0.976636 -0.469080 1.083446 -0.447765
0.976444 -0.469136 1.083296 -0.447889
0.976251 -0.469192 1.083147 -0.448012
0.976058 -0.469248 1.082997 -0.448136
0.975866 -0.469303 1.082848 -0.448259
0.975673 -0.469359 1.082698 -0.448382
0.975480 -0.469414 1.082549 -0.448506
0.975288 -0.469469 1.082399 -0.448628
0.975095 -0.469524 1.082249 -0.448751
0.974903 -0.469578 1.082099 -0.448874
0.974710 -0.469632 1.081949 -0.448996
0.974518 -0.469686 1.081800 -0.449118
0.974325 -0.469740 1.081650 -0.449240
0.974133 -0.469794 1.081500 -0.449362
0.973941 -0.469847 1.081349 -0.449484
0.973748 -0.469900 1.081199 -0.449605
0.973556 -0.469953 1.081049 -0.449727
0.973364 -0.470006 1.080899 -0.449848
0.973171 -0.470058 1.080748 -0.449969
0.972979 -0.470110 1.080598 -0.450090
0.972787 -0.470162 1.080448 -0.450211
0.972595 -0.470214 1.080297 -0.450331
0.972403 -0.470266 1.080147 -0.450452
0.972211 -0.470317 1.079996 -0.450572
0.972018 -0.470368 1.079845 -0.450692
0.971826 -0.470419 1.079695 -0.450812
0.971634 -0.470470 1.079544 -0.450931
0.971442 -0.470520 1.079393 -0.451051
0.971250 -0.470570 1.079242 -0.451170
0.971058 -0.470620 1.079091 -0.451290
0.970867 -0.470670 1.078940 -0.451409
0.970675 -0.470719 1.078789 -0.451528
0.970483 -0.470769 1.078638 -0.451646
0.970291 -0.470818 1.078487 -0.451765
0.970099 -0.470867 1.078336 -0.451883
0.969908 -0.470915 1.078185 -0.452001
0.969716 -0.470964 1.078033 -0.452120
0.969524 -0.471012 1.077882 -0.452237
0.969332 -0.471060 1.077730 -0.452355
0.969141 -0.471107 1.077579 -0.452473
0.968949 -0.471155 1.077427 -0.452590
0.968758 -0.471202 1.077276 -0.452707
0.968566 -0.471249 1.077124 -0.452824
0.968375 -0.471296 1.076972 -0.452941
0.968183 -0.471343 1.076821 -0.453058
0.967992 -0.471389 1.076669 -0.453174
0.967800 -0.471435 1.076517 -0.453291
0.967609 -0.471481 1.076365 -0.453407
0.967418 -0.471527 1.076213 -0.453523
0.967226 -0.471572 1.076061 -0.453639
0.967035 -0.471617 1.075909 -0.453754
0.966844 -0.471662 1.075757 -0.453870
0.966653 -0.471707 1.075604 -0.453985
0.966462 -0.471752 1.075452 -0.454101
0.966270 -0.471796 1.075300 -0.454216
0.966079 -0.471840 1.075148 -0.454330
0.965888 -0.471884 1.074995 -0.454445
0.965697 -0.471927 1.074843 -0.454559
0.965506 -0.471971 1.074690 -0.454674
0.965315 -0.472014 1.074537 -0.454788
0.965124 -0.472057 1.074385 -0.454902
0.964933 -0.472100 1.074232 -0.455016
0.964743 -0.472142 1.074079 -0.455129
0.964552 -0.472185 1.073927 -0.455243
0.964361 -0.472227 1.073774 -0.455356
0.964170 -0.472268 1.073621 -0.455469
0.963980 -0.472310 1.073468 -0.455582
0.963789 -0.472351 1.073315 -0.455695
0.963598 -0.472392 1.073162 -0.455808
0.963408 -0.472433 1.073009 -0.455920
0.963217 -0.472474 1.072855 -0.456032
0.963026 -0.472514 1.072702 -0.456144
0.962836 -0.472555 1.072549 -0.456256
0.962645 -0.472595 1.072396 -0.456368
0.962455 -0.472635 1.072242 -0.456480
0.962265 -0.472674 1.072089 -0.456591
0.962074 -0.472713 1.071935 -0.456702
0.961884 -0.472752 1.071782 -0.456813
0.961694 -0.472791 1.071628 -0.456924
0.961503 -0.472830 1.071474 -0.457035
0.961313 -0.472868 1.071321 -0.457145
0.961123 -0.472907 1.071167 -0.457256
0.960933 -0.472945 1.071013 -0.457366
0.960743 -0.472982 1.070859 -0.457476
0.960553 -0.473020 1.070705 -0.457586
0.960363 -0.473057 1.070551 -0.457695
0.960173 -0.473094 1.070397 -0.457805
0.959983 -0.473131 1.070243 -0.457914
0.959793 -0.473167 1.070089 -0.458023
0.959603 -0.473204 1.069935 -0.458132
0.959413 -0.473240 1.069780 -0.458241
0.959223 -0.473276 1.069626 -0.458350
0.959034 -0.473312 1.069472 -0.458458
0.958844 -0.473347 1.069317 -0.458566
0.958654 -0.473382 1.069163 -0.458674
0.958465 -0.473417 1.069008 -0.458782
0.958275 -0.473452 1.068854 -0.458890
0.958086 -0.473487 1.068699 -0.458997
0.957896 -0.473521 1.068544 -0.459105
0.957707 -0.473555 1.068390 -0.459212
0.957517 -0.473589 1.068235 -0.459319
0.957328 -0.473622 1.068080 -0.459426
0.957138 -0.473656 1.067925 -0.459533
0.956949 -0.473689 1.067770 -0.459639
0.956760 -0.473722 1.067615 -0.459745
0.956571 -0.473755 1.067460 -0.459851
0.956381 -0.473787 1.067305 -0.459957
0.956192 -0.473819 1.067150 -0.460063
0.956003 -0.473852 1.066994 -0.460169
0.955814 -0.473883 1.066839 -0.460274
0.955625 -0.473915 1.066684 -0.460379
0.955436 -0.473946 1.066528 -0.460484
0.955247 -0.473977 1.066373 -0.460589
0.955058 -0.474008 1.066218 -0.460694
0.954869 -0.474039 1.066062 -0.460799
0.954680 -0.474069 1.065906 -0.460903
0.954492 -0.474100 1.065751 -0.461007
0.954303 -0.474130 1.065595 -0.461111
0.954114 -0.474159 1.065439 -0.461215
0.953926 -0.474189 1.065284 -0.461319
0.953737 -0.474218 1.065128 -0.461422
0.953548 -0.474247 1.064972 -0.461525
0.953360 -0.474276 1.064816 -0.461628
0.953171 -0.474305 1.064660 -0.461731
0.952983 -0.474333 1.064504 -0.461834
0.952795 -0.474361 1.064348 -0.461937
0.952606 -0.474389 1.064192 -0.462039
0.952418 -0.474417 1.064035 -0.462141
0.952230 -0.474444 1.063879 -0.462243
0.952041 -0.474472 1.063723 -0.462345
0.951853 -0.474499 1.063566 -0.462447
0.951665 -0.474525 1.063410 -0.462548
0.951477 -0.474552 1.063253 -0.462649
0.951289 -0.474578 1.063097 -0.462751
0.951101 -0.474604 1.062940 -0.462851
0.950913 -0.474630 1.062784 -0.462952
0.950725 -0.474656 1.062627 -0.463053
0.950537 -0.474681 1.062470 -0.463153
0.950349 -0.474706 1.062314 -0.463253
0.950162 -0.474731 1.062157 -0.463353
0.949974 -0.474756 1.062000 -0.463453
0.949786 -0.474781 1.061843 -0.463553
0.949599 -0.474805 1.061686 -0.463652
0.949411 -0.474829 1.061529 -0.463752
0.949223 -0.474853 1.061372 -0.463851
0.949036 -0.474876 1.061215 -0.463950
0.948848 -0.474900 1.061058 -0.464048
0.948661 -0.474923 1.060900 -0.464147
0.948474 -0.474946 1.060743 -0.464245
0.948286 -0.474968 1.060586 -0.464343
0.948099 -0.474991 1.060428 -0.464442
0.947912 -0.475013 1.060271 -0.464539
0.947725 -0.475035 1.060113 -0.464637
0.947538 -0.475057 1.059956 -0.464734
0.947350 -0.475078 1.059798 -0.464832
0.947163 -0.475100 1.059641 -0.464929
0.946976 -0.475121 1.059483 -0.465026
0.946789 -0.475141 1.059325 -0.465122
0.946603 -0.475162 1.059167 -0.465219
0.946416 -0.475182 1.059009 -0.465315
0.946229 -0.475203 1.058852 -0.465411
0.946042 -0.475222 1.058694 -0.465507
0.945855 -0.475242 1.058536 -0.465603
0.945669 -0.475262 1.058378 -0.465699
0.945482 -0.475281 1.058219 -0.465794
0.945296 -0.475300 1.058061 -0.465889
0.945109 -0.475319 1.057903 -0.465985
0.944923 -0.475337 1.057745 -0.466079
0.944736 -0.475355 1.057587 -0.466174
0.944550 -0.475374 1.057428 -0.466269
0.944364 -0.475391 1.057270 -0.466363
0.944177 -0.475409 1.057111 -0.466457
0.943991 -0.475426 1.056953 -0.466551
0.943805 -0.475444 1.056794 -0.466645
0.943619 -0.475460 1.056636 -0.466738
0.943433 -0.475477 1.056477 -0.466832
0.943247 -0.475494 1.056318 -0.466925
0.943061 -0.475510 1.056160 -0.467018
0.942875 -0.475526 1.056001 -0.467111
0.942689 -0.475542 1.055842 -0.467203
0.942503 -0.475557 1.055683 -0.467296
0.942317 -0.475573 1.055524 -0.467388
0.942132 -0.475588 1.055365 -0.467480
0.941946 -0.475603 1.055206 -0.467572
0.941760 -0.475617 1.055047 -0.467663
0.941575 -0.475632 1.054888 -0.467755
0.941389 -0.475646 1.054729 -0.467846
0.941204 -0.475660 1.054570 -0.467937
0.941018 -0.475673 1.054410 -0.468028
0.940833 -0.475687 1.054251 -0.468119
0.940648 -0.475700 1.054092 -0.468210
0.940463 -0.475713 1.053932 -0.468300
0.940277 -0.475726 1.053773 -0.468390
0.940092 -0.475739 1.053613 -0.468480
0.939907 -0.475751 1.053454 -0.468570
0.939722 -0.475763 1.053294 -0.468659
0.939537 -0.475775 1.053134 -0.468749
0.939352 -0.475787 1.052974 -0.468838
0.939167 -0.475798 1.052815 -0.468927
0.938982 -0.475809 1.052655 -0.469016
0.938798 -0.475820 1.052495 -0.469105
0.938613 -0.475831 1.052335 -0.469193
0.938428 -0.475841 1.052175 -0.469281
0.938244 -0.475852 1.052015 -0.469369
0.938059 -0.475862 1.051855 -0.469457
0.937875 -0.475871 1.051695 -0.469545
0.937690 -0.475881 1.051535 -0.469632
0.937506 -0.475890 1.051375 -0.469720
0.937321 -0.475899 1.051214 -0.469807
0.937137 -0.475908 1.051054 -0.469894
0.936953 -0.475917 1.050894 -0.469980
0.936769 -0.475925 1.050733 -0.470067
0.936584 -0.475934 1.050573 -0.470153
0.936400 -0.475942 1.050412 -0.470240
0.936216 -0.475949 1.050252 -0.470325
0.936032 -0.475957 1.050091 -0.470411
0.935848 -0.475964 1.049931 -0.470497
0.935665 -0.475971 1.049770 -0.470582
0.935481 -0.475978 1.049609 -0.470667
0.935297 -0.475985 1.049448 -0.470752
0.935113 -0.475991 1.049287 -0.470837
0.934930 -0.475997 1.049127 -0.470922
0.934746 -0.476003 1.048966 -0.471006
0.934563 -0.476009 1.048805 -0.471090
0.934379 -0.476014 1.048644 -0.471174
0.934196 -0.476019 1.048483 -0.471258
0.934012 -0.476024 1.048322 -0.471342
0.933829 -0.476029 1.048160 -0.471425
0.933646 -0.476033 1.047999 -0.471509
0.933463 -0.476038 1.047838 -0.471592
0.933279 -0.476042 1.047677 -0.471674
0.933096 -0.476046 1.047515 -0.471757
0.932913 -0.476049 1.047354 -0.471840
0.932730 -0.476053 1.047192 -0.471922
0.932547 -0.476056 1.047031 -0.472004
0.932365 -0.476059 1.046869 -0.472086
0.932182 -0.476061 1.046708 -0.472167
0.931999 -0.476064 1.046546 -0.472249
0.931816 -0.476066 1.046384 -0.472330
0.931634 -0.476068 1.046223 -0.472411
0.931451 -0.476070 1.046061 -0.472492
0.931269 -0.476071 1.045899 -0.472573
0.931086 -0.476072 1.045737 -0.472653
0.930904 -0.476073 1.045575 -0.472734
0.930722 -0.476074 1.045413 -0.472814
0.930539 -0.476075 1.045251 -0.472894
0.930357 -0.476075 1.045089 -0.472973
0.930175 -0.476075 1.044927 -0.473053
0.929993 -0.476075 1.044765 -0.473132
0.929811 -0.476075 1.044603 -0.473211
0.929629 -0.476074 1.044441 -0.473290
0.929447 -0.476073 1.044278 -0.473369
0.929265 -0.476072 1.044116 -0.473448
0.929083 -0.476071 1.043954 -0.473526
0.928902 -0.476070 1.043791 -0.473604
0.928720 -0.476068 1.043629 -0.473682
0.928538 -0.476066 1.043466 -0.473760
0.928357 -0.476064 1.043304 -0.473837
0.928175 -0.476061 1.043141 -0.473915
0.927994 -0.476059 1.042979 -0.473992
0.927812 -0.476056 1.042816 -0.474069
0.927631 -0.476053 1.042653 -0.474145
0.927450 -0.476049 1.042490 -0.474222
0.927269 -0.476046 1.042328 -0.474298
0.927088 -0.476042 1.042165 -0.474374
0.926906 -0.476038 1.042002 -0.474450
0.926725 -0.476034 1.041839 -0.474526
0.926545 -0.476029 1.041676 -0.474602
0.926364 -0.476025 1.041513 -0.474677
0.926183 -0.476020 1.041350 -0.474752
0.926002 -0.476014 1.041187 -0.474827
0.925821 -0.476009 1.041023 -0.474902
0.925641 -0.476003 1.040860 -0.474976
0.925460 -0.475997 1.040697 -0.475050
0.925280 -0.475991 1.040534 -0.475125
0.925099 -0.475985 1.040370 -0.475198
0.924919 -0.475978 1.040207 -0.475272
0.924738 -0.475972 1.040043 -0.475346
0.924558 -0.475965 1.039880 -0.475419
0.924378 -0.475957 1.039716 -0.475492
0.924198 -0.475950 1.039553 -0.475565
0.924018 -0.475942 1.039389 -0.475638
0.923838 -0.475934 1.039225 -0.475710
0.923658 -0.475926 1.039062 -0.475783
0.923478 -0.475917 1.038898 -0.475855
0.923298 -0.475909 1.038734 -0.475927
0.923118 -0.475900 1.038570 -0.475998
0.922939 -0.475891 1.038406 -0.476070
0.922759 -0.475881 1.038242 -0.476141
0.922580 -0.475872 1.038078 -0.476212
0.922400 -0.475862 1.037914 -0.476283
0.922221 -0.475852 1.037750 -0.476354
0.922041 -0.475842 1.037586 -0.476424
0.921862 -0.475831 1.037422 -0.476494
0.921683 -0.475820 1.037258 -0.476564
0.921503 -0.475809 1.037094 -0.476634
0.921324 -0.475798 1.036929 -0.476704
0.921145 -0.475787 1.036765 -0.476773
0.920966 -0.475775 1.036601 -0.476843
0.920787 -0.475763 1.036436 -0.476912
0.920609 -0.475751 1.036272 -0.476980
0.920430 -0.475739 1.036107 -0.477049
0.920251 -0.475726 1.035943 -0.477117
0.920072 -0.475713 1.035778 -0.477186
0.919894 -0.475700 1.035614 -0.477254
0.919715 -0.475687 1.035449 -0.477321
0.919537 -0.475673 1.035284 -0.477389
0.919358 -0.475660 1.035119 -0.477456
0.919180 -0.475646 1.034955 -0.477524
0.919002 -0.475631 1.034790 -0.477591
0.918824 -0.475617 1.034625 -0.477657
0.918646 -0.475602 1.034460 -0.477724
0.918468 -0.475587 1.034295 -0.477790
0.918290 -0.475572 1.034130 -0.477856
0.918112 -0.475557 1.033965 -0.477922
0.917934 -0.475541 1.033800 -0.477988
0.917756 -0.475525 1.033635 -0.478054
0.917578 -0.475509 1.033469 -0.478119
0.917401 -0.475493 1.033304 -0.478184
0.917223 -0.475477 1.033139 -0.478249
0.917045 -0.475460 1.032974 -0.478314
0.916868 -0.475443 1.032808 -0.478378
0.916691 -0.475426 1.032643 -0.478442
0.916513 -0.475408 1.032477 -0.478506
0.916336 -0.475390 1.032312 -0.478570
0.916159 -0.475372 1.032146 -0.478634
0.915982 -0.475354 1.031981 -0.478697
0.915805 -0.475336 1.031815 -0.478760
0.915628 -0.475317 1.031650 -0.478823
0.915451 -0.475298 1.031484 -0.478886
0.915274 -0.475279 1.031318 -0.478949
0.915097 -0.475260 1.031152 -0.479011
0.914921 -0.475241 1.030987 -0.479073
0.914744 -0.475221 1.030821 -0.479135
0.914567 -0.475201 1.030655 -0.479197
0.914391 -0.475180 1.030489 -0.479259
0.914215 -0.475160 1.030323 -0.479320
0.914038 -0.475139 1.030157 -0.479381
0.913862 -0.475118 1.029991 -0.479442
0.913686 -0.475097 1.029825 -0.479503
0.913510 -0.475076 1.029659 -0.479563
0.913333 -0.475054 1.029492 -0.479623
0.913157 -0.475032 1.029326 -0.479683
0.912982 -0.475010 1.029160 -0.479743
0.912806 -0.474988 1.028994 -0.479803
0.912630 -0.474965 1.028827 -0.479862
0.912454 -0.474942 1.028661 -0.479921
0.912279 -0.474919 1.028494 -0.479980
0.912103 -0.474896 1.028328 -0.480039
0.911927 -0.474873 1.028161 -0.480098
0.911752 -0.474849 1.027995 -0.480156
0.911577 -0.474825 1.027828 -0.480214
0.911401 -0.474801 1.027662 -0.480272
0.911226 -0.474776 1.027495 -0.480330
0.911051 -0.474752 1.027328 -0.480387
0.910876 -0.474727 1.027161 -0.480445
0.910701 -0.474702 1.026995 -0.480502
0.910526 -0.474676 1.026828 -0.480559
0.910351 -0.474651 1.026661 -0.480615
0.910176 -0.474625 1.026494 -0.480672
0.910002 -0.474599 1.026327 -0.480728
0.909827 -0.474573 1.026160 -0.480784
0.909653 -0.474546 1.025993 -0.480840
0.909478 -0.474519 1.025826 -0.480895
0.909304 -0.474492 1.025659 -0.480951
0.909129 -0.474465 1.025492 -0.481006
0.908955 -0.474438 1.025325 -0.481061
0.908781 -0.474410 1.025157 -0.481115
0.908607 -0.474382 1.024990 -0.481170
0.908433 -0.474354 1.024823 -0.481224
0.908259 -0.474326 1.024655 -0.481278
0.908085 -0.474297 1.024488 -0.481332
0.907911 -0.474268 1.024321 -0.481386
0.907737 -0.474239 1.024153 -0.481439
0.907563 -0.474210 1.023986 -0.481492
0.907390 -0.474180 1.023818 -0.481545
0.907216 -0.474151 1.023650 -0.481598
0.907043 -0.474121 1.023483 -0.481650
0.906869 -0.474090 1.023315 -0.481703
0.906696 -0.474060 1.023148 -0.481755
0.906523 -0.474029 1.022980 -0.481807
0.906350 -0.473998 1.022812 -0.481858
0.906177 -0.473967 1.022644 -0.481910
0.906004 -0.473936 1.022476 -0.481961
0.905831 -0.473904 1.022308 -0.482012
0.905658 -0.473872 1.022141 -0.482063
0.905485 -0.473840 1.021973 -0.482113
0.905312 -0.473808 1.021805 -0.482164
0.905140 -0.473775 1.021636 -0.482214
0.904967 -0.473743 1.021468 -0.482264
0.904795 -0.473710 1.021300 -0.482313
0.904622 -0.473676 1.021132 -0.482363
0.904450 -0.473643 1.020964 -0.482412
0.904278 -0.473609 1.020796 -0.482461
0.904106 -0.473575 1.020627 -0.482510
0.903933 -0.473541 1.020459 -0.482559
0.903761 -0.473507 1.020291 -0.482607
0.903589 -0.473472 1.020122 -0.482655
0.903418 -0.473437 1.019954 -0.482703
0.903246 -0.473402 1.019786 -0.482751
0.903074 -0.473367 1.019617 -0.482798
0.902902 -0.473331 1.019448 -0.482846
0.902731 -0.473295 1.019280 -0.482893
0.902559 -0.473259 1.019111 -0.482939
0.902388 -0.473223 1.018943 -0.482986
0.902217 -0.473187 1.018774 -0.483032
0.902045 -0.473150 1.018605 -0.483079
0.901874 -0.473113 1.018437 -0.483124
0.901703 -0.473076 1.018268 -0.483170
0.901532 -0.473038 1.018099 -0.483216
0.901361 -0.473001 1.017930 -0.483261
0.901190 -0.472963 1.017761 -0.483306
0.901019 -0.472925 1.017592 -0.483351
0.900849 -0.472886 1.017423 -0.483395
0.900678 -0.472848 1.017254 -0.483440
0.900508 -0.472809 1.017085 -0.483484
0.900337 -0.472770 1.016916 -0.483528
0.900167 -0.472731 1.016747 -0.483572
0.899996 -0.472691 1.016578 -0.483615
0.899826 -0.472651 1.016409 -0.483658
0.899656 -0.472611 1.016239 -0.483701
0.899486 -0.472571 1.016070 -0.483744
0.899316 -0.472531 1.015901 -0.483787
0.899146 -0.472490 1.015731 -0.483829
0.898976 -0.472449 1.015562 -0.483871
0.898806 -0.472408 1.015393 -0.483913
0.898637 -0.472366 1.015223 -0.483955
0.898467 -0.472325 1.015054 -0.483996
0.898298 -0.472283 1.014884 -0.484037
0.898128 -0.472241 1.014715 -0.484078
0.897959 -0.472199 1.014545 -0.484119
0.897790 -0.472156 1.014375 -0.484160
0.897620 -0.472113 1.014206 -0.484200
0.897451 -0.472070 1.014036 -0.484240
0.897282 -0.472027 1.013866 -0.484280
0.897113 -0.471984 1.013697 -0.484320
0.896944 -0.471940 1.013527 -0.484359
0.896776 -0.471896 1.013357 -0.484398
0.896607 -0.471852 1.013187 -0.484437
0.896438 -0.471807 1.013017 -0.484476
0.896270 -0.471763 1.012847 -0.484515
0.896101 -0.471718 1.012677 -0.484553
0.895933 -0.471673 1.012507 -0.484591
0.895765 -0.471628 1.012337 -0.484629
0.895596 -0.471582 1.012167 -0.484666
0.895428 -0.471536 1.011997 -0.484704
0.895260 -0.471490 1.011827 -0.484741
0.895092 -0.471444 1.011657 -0.484778
0.894924 -0.471397 1.011487 -0.484814
0.894756 -0.471351 1.011316 -0.484851
0.894589 -0.471304 1.011146 -0.484887
0.894421 -0.471256 1.010976 -0.484923
0.894254 -0.471209 1.010805 -0.484959
0.894086 -0.471161 1.010635 -0.484994
0.893919 -0.471114 1.010465 -0.485030
0.893751 -0.471065 1.010294 -0.485065
0.893584 -0.471017 1.010124 -0.485100
0.893417 -0.470968 1.009953 -0.485134
0.893250 -0.470920 1.009783 -0.485169
0.893083 -0.470871 1.009612 -0.485203
0.892916 -0.470821 1.009441 -0.485237
0.892749 -0.470772 1.009271 -0.485270
0.892582 -0.470722 1.009100 -0.485304
0.892416 -0.470672 1.008929 -0.485337
0.892249 -0.470622 1.008758 -0.485370
0.892083 -0.470571 1.008588 -0.485403
0.891916 -0.470521 1.008417 -0.485435
0.891750 -0.470470 1.008246 -0.485468
0.891584 -0.470419 1.008075 -0.485500
0.891418 -0.470367 1.007904 -0.485532
0.891252 -0.470316 1.007733 -0.485563
0.891086 -0.470264 1.007562 -0.485595
0.890920 -0.470212 1.007391 -0.485626
0.890754 -0.470160 1.007220 -0.485657
0.890588 -0.470107 1.007049 -0.485687
0.890423 -0.470054 1.006878 -0.485718
0.890257 -0.470001 1.006707 -0.485748
0.890092 -0.469948 1.006536 -0.485778
0.889926 -0.469894 1.006365 -0.485808
0.889761 -0.469841 1.006193 -0.485837
0.889596 -0.469787 1.006022 -0.485866
0.889431 -0.469733 1.005851 -0.485896
0.889266 -0.469678 1.005679 -0.485924
0.889101 -0.469624 1.005508 -0.485953
0.888936 -0.469569 1.005337 -0.485981
0.888771 -0.469514 1.005165 -0.486009
0.888606 -0.469458 1.004994 -0.486037
0.888442 -0.469403 1.004822 -0.486065
0.888277 -0.469347 1.004651 -0.486092
0.888113 -0.469291 1.004479 -0.486119
0.887948 -0.469235 1.004308 -0.486146
0.887784 -0.469178 1.004136 -0.486173
0.887620 -0.469122 1.003964 -0.486199
0.887456 -0.469065 1.003793 -0.486226
0.887292 -0.469007 1.003621 -0.486252
0.887128 -0.468950 1.003449 -0.486277
0.886964 -0.468892 1.003277 -0.486303
0.886800 -0.468834 1.003106 -0.486328
0.886637 -0.468776 1.002934 -0.486353
0.886473 -0.468718 1.002762 -0.486378
0.886310 -0.468659 1.002590 -0.486403
0.886146 -0.468601 1.002418 -0.486427
0.885983 -0.468542 1.002246 -0.486451
0.885820 -0.468482 1.002074 -0.486475
0.885657 -0.468423 1.001902 -0.486498
0.885494 -0.468363 1.001730 -0.486522
0.885331 -0.468303 1.001558 -0.486545
0.885168 -0.468243 1.001386 -0.486568
0.885005 -0.468182 1.001214 -0.486591
0.884842 -0.468122 1.001041 -0.486613
0.884680 -0.468061 1.000869 -0.486635
0.884517 -0.468000 1.000697 -0.486657
0.884355 -0.467938 1.000525 -0.486679
0.884193 -0.467877 1.000352 -0.486700
0.884030 -0.467815 1.000180 -0.486721
0.883868 -0.467753 1.000008 -0.486742
0.883706 -0.467690 0.999835 -0.486763
0.883544 -0.467628 0.999663 -0.486784
0.883382 -0.467565 0.999491 -0.486804
0.883220 -0.467502 0.999318 -0.486824
0.883059 -0.467439 0.999146 -0.486844
0.882897 -0.467375 0.998973 -0.486863
0.882736 -0.467312 0.998801 -0.486883
0.882574 -0.467248 0.998628 -0.486902
0.882413 -0.467184 0.998455 -0.486920
0.882252 -0.467119 0.998283 -0.486939
0.882090 -0.467055 0.998110 -0.486957
0.881929 -0.466990 0.997937 -0.486975
0.881768 -0.466925 0.997765 -0.486993
0.881607 -0.466859 0.997592 -0.487011
0.881447 -0.466794 0.997419 -0.487028
0.881286 -0.466728 0.997246 -0.487045
0.881125 -0.466662 0.997073 -0.487062
0.880965 -0.466596 0.996901 -0.487079
0.880804 -0.466529 0.996728 -0.487095
0.880644 -0.466463 0.996555 -0.487111
0.880484 -0.466396 0.996382 -0.487127
0.880324 -0.466329 0.996209 -0.487143
0.880164 -0.466261 0.996036 -0.487158
0.880004 -0.466193 0.995863 -0.487174
0.879844 -0.466126 0.995690 -0.487189
0.879684 -0.466057 0.995517 -0.487203
0.879524 -0.465989 0.995343 -0.487218
0.879365 -0.465921 0.995170 -0.487232
0.879205 -0.465852 0.994997 -0.487246
0.879046 -0.465783 0.994824 -0.487260
0.878886 -0.465713 0.994651 -0.487273
0.878727 -0.465644 0.994477 -0.487286
0.878568 -0.465574 0.994304 -0.487299
0.878409 -0.465504 0.994131 -0.487312
0.878250 -0.465434 0.993958 -0.487324
0.878091 -0.465364 0.993784 -0.487337
0.877932 -0.465293 0.993611 -0.487349
0.877773 -0.465222 0.993437 -0.487360
0.877615 -0.465151 0.993264 -0.487372
0.877456 -0.465080 0.993090 -0.487383
0.877298 -0.465008 0.992917 -0.487394
0.877140 -0.464936 0.992743 -0.487405
0.876981 -0.464864 0.992570 -0.487415
0.876823 -0.464792 0.992396 -0.487426
0.876665 -0.464719 0.992223 -0.487436
0.876507 -0.464647 0.992049 -0.487446
0.876349 -0.464574 0.991875 -0.487455
0.876192 -0.464500 0.991702 -0.487464
0.876034 -0.464427 0.991528 -0.487473
0.875876 -0.464353 0.991354 -0.487482
0.875719 -0.464279 0.991181 -0.487491
0.875562 -0.464205 0.991007 -0.487499
0.875404 -0.464131 0.990833 -0.487507
0.875247 -0.464056 0.990659 -0.487515
0.875090 -0.463981 0.990485 -0.487522
0.874933 -0.463906 0.990311 -0.487530
0.874776 -0.463831 0.990137 -0.487537
0.874619 -0.463755 0.989964 -0.487543
0.874462 -0.463680 0.989790 -0.487550
0.874306 -0.463604 0.989616 -0.487556
0.874149 -0.463527 0.989442 -0.487562
0.873993 -0.463451 0.989268 -0.487568
0.873837 -0.463374 0.989093 -0.487574
0.873680 -0.463297 0.988919 -0.487579
0.873524 -0.463220 0.988745 -0.487584
0.873368 -0.463143 0.988571 -0.487589
0.873212 -0.463065 0.988397 -0.487593
0.873056 -0.462987 0.988223 -0.487598
0.872900 -0.462909 0.988049 -0.487602
0.872745 -0.462831 0.987874 -0.487605
0.872589 -0.462752 0.987700 -0.487609
0.872434 -0.462673 0.987526 -0.487612
0.872278 -0.462594 0.987352 -0.487615
0.872123 -0.462515 0.987177 -0.487618
0.871968 -0.462436 0.987003 -0.487621
0.871813 -0.462356 0.986829 -0.487623
0.871658 -0.462276 0.986654 -0.487625
0.871503 -0.462196 0.986480 -0.487627
0.871348 -0.462115 0.986305 -0.487628
0.871193 -0.462035 0.986131 -0.487629
0.871039 -0.461954 0.985956 -0.487630
0.870884 -0.461873 0.985782 -0.487631
0.870730 -0.461791 0.985607 -0.487632
0.870575 -0.461710 0.985433 -0.487632
0.870421 -0.461628 0.985258 -0.487632
0.870267 -0.461546 0.985083 -0.487632
0.870113 -0.461464 0.984909 -0.487631
0.869959 -0.461381 0.984734 -0.487630
0.869805 -0.461299 0.984560 -0.487629
0.869651 -0.461216 0.984385 -0.487628
0.869498 -0.461132 0.984210 -0.487627
0.869344 -0.461049 0.984035 -0.487625
0.869191 -0.460965 0.983861 -0.487623
0.869037 -0.460881 0.983686 -0.487620
0.868884 -0.460797 0.983511 -0.487618
0.868731 -0.460713 0.983336 -0.487615
0.868578 -0.460628 0.983161 -0.487612
0.868425 -0.460544 0.982986 -0.487609
0.868272 -0.460459 0.982812 -0.487605
0.868119 -0.460373 0.982637 -0.487601
0.867967 -0.460288 0.982462 -0.487597
0.867814 -0.460202 0.982287 -0.487593
0.867662 -0.460116 0.982112 -0.487588
0.867509 -0.460030 0.981937 -0.487583
0.867357 -0.459943 0.981762 -0.487578
0.867205 -0.459857 0.981587 -0.487573
0.867053 -0.459770 0.981412 -0.487567
0.866901 -0.459683 0.981237 -0.487561
0.866749 -0.459595 0.981061 -0.487555
0.866597 -0.459508 0.980886 -0.487549
0.866445 -0.459420 0.980711 -0.487542
0.866294 -0.459332 0.980536 -0.487535
0.866142 -0.459244 0.980361 -0.487528
0.865991 -0.459155 0.980186 -0.487521
0.865840 -0.459066 0.980010 -0.487513
0.865689 -0.458977 0.979835 -0.487505
0.865537 -0.458888 0.979660 -0.487497
0.865387 -0.458799 0.979485 -0.487488
0.865236 -0.458709 0.979309 -0.487480
0.865085 -0.458619 0.979134 -0.487471
0.864934 -0.458529 0.978959 -0.487461
0.864784 -0.458438 0.978783 -0.487452
0.864633 -0.458348 0.978608 -0.487442
0.864483 -0.458257 0.978432 -0.487432
0.864332 -0.458166 0.978257 -0.487422
0.864182 -0.458075 0.978081 -0.487411
0.864032 -0.457983 0.977906 -0.487400
0.863882 -0.457891 0.977730 -0.487389
0.863732 -0.457799 0.977555 -0.487378
0.863583 -0.457707 0.977379 -0.487366
0.863433 -0.457615 0.977204 -0.487354
0.863283 -0.457522 0.977028 -0.487342
0.863134 -0.457429 0.976853 -0.487330
0.862984 -0.457336 0.976677 -0.487317
0.862835 -0.457243 0.976502 -0.487304
0.862686 -0.457149 0.976326 -0.487291
0.862537 -0.457055 0.976150 -0.487278
0.862388 -0.456961 0.975975 -0.487264
0.862239 -0.456867 0.975799 -0.487250
0.862090 -0.456772 0.975623 -0.487236
0.861942 -0.456677 0.975447 -0.487221
0.861793 -0.456582 0.975272 -0.487206
0.861645 -0.456487 0.975096 -0.487191
0.861496 -0.456392 0.974920 -0.487176
0.861348 -0.456296 0.974744 -0.487161
0.861200 -0.456200 0.974568 -0.487145
0.861052 -0.456104 0.974393 -0.487129
0.860904 -0.456008 0.974217 -0.487112
0.860756 -0.455911 0.974041 -0.487096
0.860608 -0.455814 0.973865 -0.487079
0.860461 -0.455717 0.973689 -0.487062
0.860313 -0.455620 0.973513 -0.487044
0.860166 -0.455522 0.973337 -0.487027
0.860018 -0.455424 0.973161 -0.487009
0.859871 -0.455326 0.972985 -0.486990
0.859724 -0.455228 0.972809 -0.486972
0.859577 -0.455130 0.972633 -0.486953
0.859430 -0.455031 0.972457 -0.486934
0.859283 -0.454932 0.972281 -0.486915
0.859136 -0.454833 0.972105 -0.486895
0.858990 -0.454733 0.971929 -0.486876
0.858843 -0.454634 0.971753 -0.486856
0.858697 -0.454534 0.971577 -0.486835
0.858551 -0.454434 0.971401 -0.486815
0.858404 -0.454334 0.971225 -0.486794
0.858258 -0.454233 0.971048 -0.486773
0.858112 -0.454132 0.970872 -0.486751
0.857966 -0.454031 0.970696 -0.486730
0.857821 -0.453930 0.970520 -0.486708
0.857675 -0.453828 0.970344 -0.486685
0.857529 -0.453727 0.970167 -0.486663
0.857384 -0.453625 0.969991 -0.486640
0.857239 -0.453523 0.969815 -0.486617
0.857093 -0.453420 0.969638 -0.486594
0.856948 -0.453318 0.969462 -0.486570
0.856803 -0.453215 0.969286 -0.486547
0.856658 -0.453112 0.969110 -0.486522
0.856513 -0.453008 0.968933 -0.486498
0.856368 -0.452905 0.968757 -0.486473
0.856224 -0.452801 0.968580 -0.486449
0.856079 -0.452697 0.968404 -0.486423
0.855935 -0.452593 0.968228 -0.486398
0.855791 -0.452488 0.968051 -0.486372
0.855646 -0.452384 0.967875 -0.486346
0.855502 -0.452279 0.967698 -0.486320
0.855358 -0.452174 0.967522 -0.486294
0.855214 -0.452068 0.967345 -0.486267
0.855070 -0.451963 0.967169 -0.486240
0.854927 -0.451857 0.966992 -0.486212
0.854783 -0.451751 0.966816 -0.486185
0.854640 -0.451644 0.966639 -0.486157
0.854496 -0.451538 0.966463 -0.486129
0.854353 -0.451431 0.966286 -0.486100
0.854210 -0.451324 0.966110 -0.486072
0.854067 -0.451217 0.965933 -0.486043
0.853924 -0.451109 0.965756 -0.486013
0.853781 -0.451002 0.965580 -0.485984
0.853638 -0.450894 0.965403 -0.485954
0.853496 -0.450785 0.965227 -0.485924
0.853353 -0.450677 0.965050 -0.485894
0.853211 -0.450568 0.964873 -0.485863
0.853068 -0.450460 0.964697 -0.485832
0.852926 -0.450351 0.964520 -0.485801
0.852784 -0.450241 0.964343 -0.485770
0.852642 -0.450132 0.964167 -0.485738
0.852500 -0.450022 0.963990 -0.485706
0.852358 -0.449912 0.963813 -0.485674
0.852217 -0.449802 0.963636 -0.485641
0.852075 -0.449691 0.963460 -0.485608
0.851934 -0.449581 0.963283 -0.485575
0.851792 -0.449470 0.963106 -0.485542
0.851651 -0.449358 0.962929 -0.485508
0.851510 -0.449247 0.962752 -0.485474
0.851369 -0.449135 0.962576 -0.485440
0.851228 -0.449024 0.962399 -0.485406
0.851087 -0.448912 0.962222 -0.485371
0.850946 -0.448799 0.962045 -0.485336
0.850806 -0.448687 0.961868 -0.485301
0.850665 -0.448574 0.961691 -0.485265
0.850525 -0.448461 0.961514 -0.485229
0.850385 -0.448348 0.961337 -0.485193
0.850244 -0.448234 0.961161 -0.485157
0.850104 -0.448121 0.960984 -0.485120
0.849964 -0.448007 0.960807 -0.485083
0.849825 -0.447893 0.960630 -0.485046
0.849685 -0.447778 0.960453 -0.485008
0.849545 -0.447664 0.960276 -0.484971
0.849406 -0.447549 0.960099 -0.484932
0.849266 -0.447434 0.959922 -0.484894
0.849127 -0.447318 0.959745 -0.484855
0.848988 -0.447203 0.959568 -0.484817
0.848849 -0.447087 0.959391 -0.484777
0.848710 -0.446971 0.959214 -0.484738
0.848571 -0.446855 0.959037 -0.484698
0.848432 -0.446738 0.958860 -0.484658
0.848293 -0.446622 0.958683 -0.484618
0.848155 -0.446505 0.958506 -0.484577
0.848016 -0.446388 0.958329 -0.484536
0.847878 -0.446270 0.958151 -0.484495
0.847740 -0.446153 0.957974 -0.484454
0.847602 -0.446035 0.957797 -0.484412
0.847464 -0.445917 0.957620 -0.484370
0.847326 -0.445799 0.957443 -0.484328
0.847188 -0.445680 0.957266 -0.484285
0.847050 -0.445561 0.957089 -0.484243
0.846913 -0.445442 0.956912 -0.484200
0.846775 -0.445323 0.956735 -0.484156
0.846638 -0.445204 0.956557 -0.484113
0.846501 -0.445084 0.956380 -0.484069
0.846363 -0.444964 0.956203 -0.484024
0.846226 -0.444844 0.956026 -0.483980
0.846089 -0.444724 0.955849 -0.483935
0.845953 -0.444603 0.955671 -0.483890
0.845816 -0.444482 0.955494 -0.483845
0.845679 -0.444361 0.955317 -0.483799
0.845543 -0.444240 0.955140 -0.483753
0.845407 -0.444119 0.954963 -0.483707
0.845270 -0.443997 0.954785 -0.483660
0.845134 -0.443875 0.954608 -0.483614
0.844998 -0.443753 0.954431 -0.483567
0.844862 -0.443630 0.954254 -0.483519
0.844726 -0.443508 0.954076 -0.483472
0.844591 -0.443385 0.953899 -0.483424
0.844455 -0.443262 0.953722 -0.483375
0.844320 -0.443139 0.953545 -0.483327
0.844184 -0.443015 0.953367 -0.483278
0.844049 -0.442891 0.953190 -0.483229
0.843914 -0.442767 0.953013 -0.483180
0.843779 -0.442643 0.952835 -0.483130
0.843644 -0.442518 0.952658 -0.483080
0.843509 -0.442394 0.952481 -0.483030
0.843374 -0.442269 0.952303 -0.482980
0.843240 -0.442144 0.952126 -0.482929
0.843105 -0.442018 0.951949 -0.482878
0.842971 -0.441893 0.951771 -0.482827
0.842836 -0.441767 0.951594 -0.482775
0.842702 -0.441641 0.951417 -0.482723
0.842568 -0.441514 0.951239 -0.482671
0.842434 -0.441388 0.951062 -0.482618
0.842300 -0.441261 0.950885 -0.482566
0.842167 -0.441134 0.950707 -0.482513
0.842033 -0.441007 0.950530 -0.482459
0.841900 -0.440880 0.950352 -0.482406
0.841766 -0.440752 0.950175 -0.482352
0.841633 -0.440624 0.949998 -0.482298
0.841500 -0.440496 0.949820 -0.482243
0.841367 -0.440367 0.949643 -0.482188
0.841234 -0.440239 0.949465 -0.482133
0.841101 -0.440110 0.949288 -0.482078
0.840968 -0.439981 0.949111 -0.482022
0.840836 -0.439852 0.948933 -0.481966
0.840703 -0.439722 0.948756 -0.481910
0.840571 -0.439593 0.948578 -0.481854
0.840439 -0.439463 0.948401 -0.481797
0.840306 -0.439332 0.948224 -0.481740
0.840174 -0.439202 0.948046 -0.481682
0.840042 -0.439071 0.947869 -0.481625
0.839911 -0.438940 0.947691 -0.481567
0.839779 -0.438809 0.947514 -0.481508
0.839647 -0.438678 0.947336 -0.481450
0.839516 -0.438546 0.947159 -0.481391
0.839385 -0.438415 0.946981 -0.481332
0.839253 -0.438283 0.946804 -0.481272
0.839122 -0.438150 0.946626 -0.481213
0.838991 -0.438018 0.946449 -0.481153
0.838860 -0.437885 0.946272 -0.481093
0.838729 -0.437752 0.946094 -0.481032
0.838599 -0.437619 0.945917 -0.480971
0.838468 -0.437486 0.945739 -0.480910
0.838338 -0.437352 0.945562 -0.480848
0.838207 -0.437218 0.945384 -0.480787
0.838077 -0.437084 0.945207 -0.480725
0.837947 -0.436950 0.945029 -0.480662
0.837817 -0.436815 0.944852 -0.480600
0.837687 -0.436681 0.944674 -0.480537
0.837557 -0.436546 0.944497 -0.480474
0.837428 -0.436410 0.944319 -0.480410
0.837298 -0.436275 0.944142 -0.480346
0.837169 -0.436139 0.943964 -0.480282
0.837039 -0.436004 0.943787 -0.480218
0.836910 -0.435867 0.943609 -0.480153
0.836781 -0.435731 0.943432 -0.480088
0.836652 -0.435594 0.943254 -0.480023
0.836523 -0.435458 0.943077 -0.479957
0.836394 -0.435321 0.942899 -0.479892
0.836266 -0.435183 0.942722 -0.479825
0.836137 -0.435046 0.942545 -0.479759
0.836009 -0.434908 0.942367 -0.479692
0.835880 -0.434770 0.942190 -0.479625
0.835752 -0.434632 0.942012 -0.479558
0.835624 -0.434494 0.941835 -0.479490
0.835496 -0.434355 0.941657 -0.479422
0.835368 -0.434216 0.941480 -0.479354
0.835241 -0.434077 0.941302 -0.479286
0.835113 -0.433938 0.941125 -0.479217
0.834985 -0.433798 0.940947 -0.479148
0.834858 -0.433659 0.940770 -0.479078
0.834731 -0.433519 0.940592 -0.479009
0.834604 -0.433378 0.940415 -0.478939
0.834476 -0.433238 0.940237 -0.478868
0.834350 -0.433097 0.940060 -0.478798
0.834223 -0.432956 0.939882 -0.478727
0.834096 -0.432815 0.939705 -0.478656
0.833969 -0.432674 0.939527 -0.478584
0.833843 -0.432532 0.939350 -0.478512
0.833717 -0.432390 0.939172 -0.478440
0.833590 -0.432248 0.938995 -0.478368
0.833464 -0.432106 0.938818 -0.478295
0.833338 -0.431964 0.938640 -0.478222
0.833212 -0.431821 0.938463 -0.478149
0.833086 -0.431678 0.938285 -0.478075
0.832961 -0.431535 0.938108 -0.478002
0.832835 -0.431391 0.937930 -0.477927
0.832710 -0.431248 0.937753 -0.477853
0.832584 -0.431104 0.937575 -0.477778
0.832459 -0.430960 0.937398 -0.477703
0.832334 -0.430816 0.937220 -0.477628
0.832209 -0.430671 0.937043 -0.477552
0.832084 -0.430526 0.936866 -0.477476
0.831960 -0.430381 0.936688 -0.477400
0.831835 -0.430236 0.936511 -0.477323
0.831710 -0.430091 0.936333 -0.477246
0.831586 -0.429945 0.936156 -0.477169
0.831462 -0.429799 0.935979 -0.477092
0.831337 -0.429653 0.935801 -0.477014
0.831213 -0.429507 0.935624 -0.476936
0.831089 -0.429360 0.935446 -0.476858
0.830966 -0.429213 0.935269 -0.476779
0.830842 -0.429066 0.935092 -0.476700
0.830718 -0.428919 0.934914 -0.476621
0.830595 -0.428772 0.934737 -0.476541
0.830471 -0.428624 0.934559 -0.476461
0.830348 -0.428476 0.934382 -0.476381
0.830225 -0.428328 0.934205 -0.476301
0.830102 -0.428179 0.934027 -0.476220
0.829979 -0.428031 0.933850 -0.476139
0.829856 -0.427882 0.933673 -0.476057
0.829734 -0.427733 0.933495 -0.475976
0.829611 -0.427584 0.933318 -0.475894
0.829489 -0.427434 0.933141 -0.475811
0.829366 -0.427284 0.932963 -0.475729
0.829244 -0.427134 0.932786 -0.475646
0.829122 -0.426984 0.932609 -0.475562
0.829000 -0.426834 0.932431 -0.475479
0.828878 -0.426683 0.932254 -0.475395
0.828757 -0.426532 0.932077 -0.475311
0.828635 -0.426381 0.931900 -0.475227
0.828513 -0.426230 0.931722 -0.475142
0.828392 -0.426078 0.931545 -0.475057
0.828271 -0.425927 0.931368 -0.474971
0.828150 -0.425775 0.931190 -0.474886
0.828028 -0.425622 0.931013 -0.474800
0.827908 -0.425470 0.930836 -0.474714
0.827787 -0.425317 0.930659 -0.474627
0.827666 -0.425164 0.930482 -0.474540
0.827545 -0.425011 0.930304 -0.474453
0.827425 -0.424858 0.930127 -0.474365
0.827305 -0.424704 0.929950 -0.474278
0.827184 -0.424551 0.929773 -0.474190
0.827064 -0.424396 0.929596 -0.474101
0.826944 -0.424242 0.929418 -0.474012
0.826824 -0.424088 0.929241 -0.473923
0.826705 -0.423933 0.929064 -0.473834
0.826585 -0.423778 0.928887 -0.473744
0.826466 -0.423623 0.928710 -0.473654
0.826346 -0.423468 0.928533 -0.473564
0.826227 -0.423312 0.928355 -0.473474
0.826108 -0.423156 0.928178 -0.473383
0.825989 -0.423000 0.928001 -0.473292
0.825870 -0.422844 0.927824 -0.473200
0.825751 -0.422687 0.927647 -0.473108
0.825632 -0.422531 0.927470 -0.473016
0.825514 -0.422374 0.927293 -0.472924
0.825395 -0.422216 0.927116 -0.472831
0.825277 -0.422059 0.926939 -0.472738
0.825159 -0.421901 0.926762 -0.472645
0.825040 -0.421744 0.926585 -0.472551
0.824922 -0.421585 0.926408 -0.472457
0.824805 -0.421427 0.926231 -0.472363
0.824687 -0.421269 0.926054 -0.472268
0.824569 -0.421110 0.925877 -0.472173
0.824452 -0.420951 0.925700 -0.472078
0.824334 -0.420792 0.925523 -0.471983
0.824217 -0.420632 0.925346 -0.471887
0.824100 -0.420473 0.925169 -0.471791
0.823983 -0.420313 0.924992 -0.471694
0.823866 -0.420153 0.924815 -0.471597
0.823749 -0.419992 0.924638 -0.471500
0.823632 -0.419832 0.924461 -0.471403
0.823516 -0.419671 0.924284 -0.471305
0.823399 -0.419510 0.924108 -0.471207
0.823283 -0.419349 0.923931 -0.471109
0.823167 -0.419187 0.923754 -0.471010
0.823050 -0.419026 0.923577 -0.470911
0.822934 -0.418864 0.923400 -0.470812
0.822819 -0.418702 0.923223 -0.470712
0.822703 -0.418539 0.923047 -0.470613
0.822587 -0.418377 0.922870 -0.470512
0.822472 -0.418214 0.922693 -0.470412
0.822356 -0.418051 0.922516 -0.470311
0.822241 -0.417888 0.922340 -0.470210
0.822126 -0.417724 0.922163 -0.470109
0.822011 -0.417560 0.921986 -0.470007
0.821896 -0.417396 0.921809 -0.469905
0.821781 -0.417232 0.921633 -0.469802
0.821666 -0.417068 0.921456 -0.469700
0.821552 -0.416903 0.921279 -0.469597
0.821437 -0.416739 0.921103 -0.469493
0.821323 -0.416574 0.920926 -0.469390
0.821209 -0.416408 0.920749 -0.469286
0.821095 -0.416243 0.920573 -0.469181
0.820981 -0.416077 0.920396 -0.469077
0.820867 -0.415911 0.920220 -0.468972
0.820753 -0.415745 0.920043 -0.468867
0.820639 -0.415579 0.919867 -0.468761
0.820526 -0.415412 0.919690 -0.468655
0.820412 -0.415245 0.919514 -0.468549
0.820299 -0.415078 0.919337 -0.468443
0.820186 -0.414911 0.919161 -0.468336
0.820073 -0.414743 0.918984 -0.468229
0.819960 -0.414576 0.918808 -0.468121
0.819847 -0.414408 0.918631 -0.468014
0.819735 -0.414239 0.918455 -0.467905
0.819622 -0.414071 0.918278 -0.467797
0.819510 -0.413902 0.918102 -0.467688
0.819397 -0.413734 0.917926 -0.467579
0.819285 -0.413565 0.917749 -0.467470
0.819173 -0.413395 0.917573 -0.467360
0.819061 -0.413226 0.917397 -0.467250
0.818949 -0.413056 0.917220 -0.467140
0.818837 -0.412886 0.917044 -0.467029
0.818726 -0.412716 0.916868 -0.466919
0.818614 -0.412546 0.916691 -0.466807
0.818503 -0.412375 0.916515 -0.466696
0.818392 -0.412204 0.916339 -0.466584
0.818281 -0.412033 0.916163 -0.466472
0.818170 -0.411862 0.915987 -0.466359
0.818059 -0.411690 0.915810 -0.466246
0.817948 -0.411518 0.915634 -0.466133
0.817837 -0.411346 0.915458 -0.466020
0.817727 -0.411174 0.915282 -0.465906
0.817616 -0.411002 0.915106 -0.465792
0.817506 -0.410829 0.914930 -0.465677
0.817396 -0.410656 0.914754 -0.465563
0.817286 -0.410483 0.914578 -0.465448
0.817176 -0.410310 0.914402 -0.465332
0.817066 -0.410136 0.914226 -0.465216
0.816956 -0.409963 0.914050 -0.465100
0.816847 -0.409789 0.913874 -0.464984
0.816737 -0.409615 0.913698 -0.464867
0.816628 -0.409440 0.913522 -0.464750
0.816519 -0.409266 0.913346 -0.464633
0.816410 -0.409091 0.913170 -0.464515
0.816301 -0.408916 0.912994 -0.464397
0.816192 -0.408740 0.912818 -0.464279
0.816083 -0.408565 0.912643 -0.464161
0.815974 -0.408389 0.912467 -0.464042
0.815866 -0.408213 0.912291 -0.463922
0.815757 -0.408037 0.912115 -0.463803
0.815649 -0.407861 0.911940 -0.463683
0.815541 -0.407684 0.911764 -0.463563
0.815433 -0.407507 0.911588 -0.463442
0.815325 -0.407330 0.911412 -0.463321
0.815217 -0.407153 0.911237 -0.463200
0.815110 -0.406975 0.911061 -0.463079
0.815002 -0.406797 0.910886 -0.462957
0.814895 -0.406619 0.910710 -0.462835
0.814787 -0.406441 0.910534 -0.462712
0.814680 -0.406263 0.910359 -0.462589
0.814573 -0.406084 0.910183 -0.462466
0.814466 -0.405905 0.910008 -0.462343
0.814359 -0.405726 0.909832 -0.462219
0.814253 -0.405547 0.909657 -0.462095
0.814146 -0.405368 0.909481 -0.461970
0.814039 -0.405188 0.909306 -0.461846
0.813933 -0.405008 0.909131 -0.461721
0.813827 -0.404828 0.908955 -0.461595
0.813721 -0.404647 0.908780 -0.461469
0.813615 -0.404467 0.908605 -0.461343
0.813509 -0.404286 0.908429 -0.461217
0.813403 -0.404105 0.908254 -0.461090
0.813297 -0.403923 0.908079 -0.460963
0.813192 -0.403742 0.907903 -0.460836
0.813087 -0.403560 0.907728 -0.460708
0.812981 -0.403378 0.907553 -0.460580
0.812876 -0.403196 0.907378 -0.460452
0.812771 -0.403014 0.907203 -0.460323
0.812666 -0.402831 0.907028 -0.460194
0.812561 -0.402648 0.906853 -0.460065
0.812457 -0.402465 0.906678 -0.459935
0.812352 -0.402282 0.906503 -0.459805
0.812248 -0.402099 0.906328 -0.459675
0.812143 -0.401915 0.906153 -0.459545
0.812039 -0.401731 0.905978 -0.459414
0.811935 -0.401547 0.905803 -0.459282
0.811831 -0.401362 0.905628 -0.459151
0.811727 -0.401178 0.905453 -0.459019
0.811624 -0.400993 0.905278 -0.458887
0.811520 -0.400808 0.905103 -0.458754
0.811417 -0.400623 0.904928 -0.458621
0.811313 -0.400437 0.904754 -0.458488
0.811210 -0.400252 0.904579 -0.458354
0.811107 -0.400066 0.904404 -0.458220
0.811004 -0.399879 0.904229 -0.458086
0.810901 -0.399693 0.904055 -0.457952
0.810798 -0.399507 0.903880 -0.457817
0.810696 -0.399320 0.903705 -0.457681
0.810593 -0.399133 0.903531 -0.457546
0.810491 -0.398946 0.903356 -0.457410
0.810388 -0.398758 0.903182 -0.457274
0.810286 -0.398570 0.903007 -0.457137
0.810184 -0.398383 0.902833 -0.457000
0.810082 -0.398194 0.902658 -0.456863
0.809980 -0.398006 0.902484 -0.456726
0.809879 -0.397818 0.902309 -0.456588
0.809777 -0.397629 0.902135 -0.456450
0.809676 -0.397440 0.901961 -0.456311
0.809574 -0.397251 0.901786 -0.456172
0.809473 -0.397061 0.901612 -0.456033
0.809372 -0.396871 0.901438 -0.455894
0.809271 -0.396682 0.901264 -0.455754
0.809170 -0.396492 0.901090 -0.455614
0.809070 -0.396301 0.900915 -0.455473
0.808969 -0.396111 0.900741 -0.455332
0.808869 -0.395920 0.900567 -0.455191
0.808768 -0.395729 0.900393 -0.455050
0.808668 -0.395538 0.900219 -0.454908
0.808568 -0.395346 0.900045 -0.454766
0.808468 -0.395155 0.899871 -0.454623
0.808368 -0.394963 0.899697 -0.454480
0.808268 -0.394771 0.899523 -0.454337
0.808169 -0.394579 0.899349 -0.454194
0.808069 -0.394386 0.899175 -0.454050
0.807970 -0.394193 0.899001 -0.453906
0.807871 -0.394000 0.898828 -0.453761
0.807771 -0.393807 0.898654 -0.453616
0.807672 -0.393614 0.898480 -0.453471
0.807573 -0.393420 0.898306 -0.453326
0.807475 -0.393227 0.898133 -0.453180
0.807376 -0.393033 0.897959 -0.453034
0.807277 -0.392838 0.897785 -0.452887
0.807179 -0.392644 0.897612 -0.452741
0.807081 -0.392449 0.897438 -0.452593
0.806982 -0.392254 0.897265 -0.452446
0.806884 -0.392059 0.897091 -0.452298
0.806786 -0.391864 0.896918 -0.452150
0.806689 -0.391668 0.896744 -0.452001
0.806591 -0.391472 0.896571 -0.451853
0.806493 -0.391276 0.896398 -0.451703
0.806396 -0.391080 0.896224 -0.451554
0.806299 -0.390884 0.896051 -0.451404
0.806201 -0.390687 0.895878 -0.451254
0.806104 -0.390490 0.895705 -0.451103
0.806007 -0.390293 0.895531 -0.450953
0.805910 -0.390096 0.895358 -0.450801
0.805814 -0.389898 0.895185 -0.450650
0.805717 -0.389701 0.895012 -0.450498
0.805620 -0.389503 0.894839 -0.450346
0.805524 -0.389305 0.894666 -0.450193
0.805428 -0.389106 0.894493 -0.450041
0.805332 -0.388908 0.894320 -0.449887
0.805236 -0.388709 0.894147 -0.449734
0.805140 -0.388510 0.893974 -0.449580
0.805044 -0.388311 0.893801 -0.449426
0.804948 -0.388111 0.893629 -0.449271
0.804853 -0.387911 0.893456 -0.449116
0.804757 -0.387712 0.893283 -0.448961
0.804662 -0.387511 0.893110 -0.448806
0.804567 -0.387311 0.892938 -0.448650
0.804472 -0.387110 0.892765 -0.448493
0.804377 -0.386910 0.892592 -0.448337
0.804282 -0.386709 0.892420 -0.448180
0.804187 -0.386508 0.892247 -0.448023
0.804093 -0.386306 0.892075 -0.447865
0.803998 -0.386104 0.891902 -0.447707
0.803904 -0.385903 0.891730 -0.447549
0.803810 -0.385701 0.891558 -0.447390
0.803716 -0.385498 0.891385 -0.447232
0.803622 -0.385296 0.891213 -0.447072
0.803528 -0.385093 0.891041 -0.446913
0.803434 -0.384890 0.890868 -0.446753
0.803340 -0.384687 0.890696 -0.446592
0.803247 -0.384484 0.890524 -0.446432
0.803153 -0.384280 0.890352 -0.446271
0.803060 -0.384076 0.890180 -0.446110
0.802967 -0.383872 0.890008 -0.445948
0.802874 -0.383668 0.889836 -0.445786
0.802781 -0.383464 0.889664 -0.445624
0.802688 -0.383259 0.889492 -0.445461
0.802596 -0.383054 0.889320 -0.445298
0.802503 -0.382849 0.889148 -0.445135
0.802411 -0.382644 0.888976 -0.444971
0.802318 -0.382438 0.888805 -0.444807
0.802226 -0.382232 0.888633 -0.444643
0.802134 -0.382026 0.888461 -0.444478
0.802042 -0.381820 0.888290 -0.444313
0.801950 -0.381614 0.888118 -0.444147
0.801859 -0.381407 0.887946 -0.443982
0.801767 -0.381200 0.887775 -0.443816
0.801676 -0.380993 0.887603 -0.443649
0.801584 -0.380786 0.887432 -0.443482
0.801493 -0.380579 0.887260 -0.443315
0.801402 -0.380371 0.887089 -0.443148
0.801311 -0.380163 0.886918 -0.442980
0.801220 -0.379955 0.886747 -0.442812
0.801129 -0.379747 0.886575 -0.442644
0.801039 -0.379538 0.886404 -0.442475
0.800948 -0.379329 0.886233 -0.442306
0.800858 -0.379120 0.886062 -0.442136
0.800768 -0.378911 0.885891 -0.441966
0.800677 -0.378702 0.885720 -0.441796
0.800587 -0.378492 0.885549 -0.441626
0.800497 -0.378282 0.885378 -0.441455
0.800408 -0.378072 0.885207 -0.441284
0.800318 -0.377862 0.885036 -0.441112
0.800228 -0.377652 0.884865 -0.440940
0.800139 -0.377441 0.884694 -0.440768
0.800050 -0.377230 0.884524 -0.440595
0.799961 -0.377019 0.884353 -0.440422
0.799871 -0.376807 0.884182 -0.440249
0.799783 -0.376596 0.884012 -0.440076
0.799694 -0.376384 0.883841 -0.439902
0.799605 -0.376172 0.883671 -0.439727
0.799516 -0.375960 0.883500 -0.439553
0.799428 -0.375748 0.883330 -0.439378
0.799340 -0.375535 0.883159 -0.439202
0.799251 -0.375322 0.882989 -0.439027
0.799163 -0.375109 0.882819 -0.438851
0.799075 -0.374896 0.882648 -0.438674
0.798987 -0.374682 0.882478 -0.438498
0.798900 -0.374469 0.882308 -0.438321
0.798812 -0.374255 0.882138 -0.438143
0.798724 -0.374041 0.881968 -0.437966
0.798637 -0.373826 0.881798 -0.437788
0.798550 -0.373612 0.881628 -0.437609
0.798463 -0.373397 0.881458 -0.437430
0.798376 -0.373182 0.881288 -0.437251
0.798289 -0.372967 0.881118 -0.437072
0.798202 -0.372752 0.880948 -0.436892
0.798115 -0.372536 0.880779 -0.436712
0.798029 -0.372320 0.880609 -0.436531
0.797942 -0.372104 0.880439 -0.436350
0.797856 -0.371888 0.880270 -0.436169
0.797770 -0.371671 0.880100 -0.435988
0.797684 -0.371455 0.879930 -0.435806
0.797598 -0.371238 0.879761 -0.435624
0.797512 -0.371021 0.879592 -0.435441
0.797426 -0.370804 0.879422 -0.435258
0.797340 -0.370586 0.879253 -0.435075
0.797255 -0.370368 0.879084 -0.434891
0.797169 -0.370150 0.878914 -0.434707
0.797084 -0.369932 0.878745 -0.434523
0.796999 -0.369714 0.878576 -0.434338
0.796914 -0.369495 0.878407 -0.434153
0.796829 -0.369276 0.878238 -0.433968
0.796744 -0.369057 0.878069 -0.433782
0.796660 -0.368838 0.877900 -0.433596
0.796575 -0.368619 0.877731 -0.433410
0.796491 -0.368399 0.877562 -0.433223
0.796406 -0.368179 0.877393 -0.433036
0.796322 -0.367959 0.877225 -0.432849
0.796238 -0.367739 0.877056 -0.432661
0.796154 -0.367519 0.876887 -0.432473
0.796070 -0.367298 0.876719 -0.432284
0.795987 -0.367077 0.876550 -0.432095
0.795903 -0.366856 0.876382 -0.431906
0.795820 -0.366635 0.876213 -0.431717
0.795736 -0.366413 0.876045 -0.431527
0.795653 -0.366191 0.875877 -0.431337
0.795570 -0.365969 0.875708 -0.431146
0.795487 -0.365747 0.875540 -0.430955
0.795404 -0.365525 0.875372 -0.430764
0.795321 -0.365302 0.875204 -0.430572
0.795239 -0.365079 0.875036 -0.430380
0.795156 -0.364856 0.874868 -0.430188
0.795074 -0.364633 0.874700 -0.429995
0.794991 -0.364410 0.874532 -0.429802
0.794909 -0.364186 0.874364 -0.429609
0.794827 -0.363962 0.874196 -0.429415
0.794745 -0.363738 0.874028 -0.429221
0.794663 -0.363514 0.873861 -0.429027
0.794582 -0.363289 0.873693 -0.428832
0.794500 -0.363065 0.873525 -0.428637
0.794419 -0.362840 0.873358 -0.428441
0.794337 -0.362615 0.873190 -0.428246
0.794256 -0.362389 0.873023 -0.428050
0.794175 -0.362164 0.872855 -0.427853
0.794094 -0.361938 0.872688 -0.427656
0.794013 -0.361712 0.872521 -0.427459
0.793932 -0.361486 0.872354 -0.427261
0.793852 -0.361259 0.872186 -0.427063
0.793771 -0.361033 0.872019 -0.426865
0.793691 -0.360806 0.871852 -0.426667
0.793611 -0.360579 0.871685 -0.426468
0.793530 -0.360352 0.871518 -0.426268
0.793450 -0.360124 0.871351 -0.426069
0.793370 -0.359897 0.871184 -0.425869
0.793291 -0.359669 0.871018 -0.425668
0.793211 -0.359441 0.870851 -0.425468
0.793131 -0.359213 0.870684 -0.425266
0.793052 -0.358984 0.870518 -0.425065
0.792973 -0.358755 0.870351 -0.424863
0.792893 -0.358527 0.870185 -0.424661
0.792814 -0.358297 0.870018 -0.424459
0.792735 -0.358068 0.869852 -0.424256
0.792656 -0.357839 0.869685 -0.424053
0.792578 -0.357609 0.869519 -0.423849
0.792499 -0.357379 0.869353 -0.423645
0.792420 -0.357149 0.869187 -0.423441
0.792342 -0.356918 0.869021 -0.423236
0.792264 -0.356688 0.868854 -0.423031
0.792186 -0.356457 0.868688 -0.422826
0.792108 -0.356226 0.868523 -0.422621
0.792030 -0.355995 0.868357 -0.422415
0.791952 -0.355764 0.868191 -0.422208
0.791874 -0.355532 0.868025 -0.422002
0.791796 -0.355300 0.867859 -0.421794
0.791719 -0.355068 0.867694 -0.421587
0.791642 -0.354836 0.867528 -0.421379
0.791564 -0.354603 0.867363 -0.421171
0.791487 -0.354371 0.867197 -0.420963
0.791410 -0.354138 0.867032 -0.420754
0.791333 -0.353905 0.866866 -0.420545
0.791257 -0.353672 0.866701 -0.420335
0.791180 -0.353438 0.866536 -0.420125
0.791103 -0.353204 0.866371 -0.419915
0.791027 -0.352971 0.866206 -0.419704
0.790951 -0.352737 0.866041 -0.419494
0.790875 -0.352502 0.865876 -0.419282
0.790799 -0.352268 0.865711 -0.419071
0.790723 -0.352033 0.865546 -0.418859
0.790647 -0.351798 0.865381 -0.418646
0.790571 -0.351563 0.865216 -0.418434
0.790495 -0.351328 0.865051 -0.418220
0.790420 -0.351092 0.864887 -0.418007
0.790345 -0.350856 0.864722 -0.417793
0.790269 -0.350620 0.864558 -0.417579
0.790194 -0.350384 0.864393 -0.417365
0.790119 -0.350148 0.864229 -0.417150
0.790044 -0.349911 0.864065 -0.416935
0.789969 -0.349674 0.863900 -0.416719
0.789895 -0.349438 0.863736 -0.416503
0.789820 -0.349200 0.863572 -0.416287
0.789746 -0.348963 0.863408 -0.416070
0.789671 -0.348725 0.863244 -0.415853
0.789597 -0.348488 0.863080 -0.415636
0.789523 -0.348249 0.862916 -0.415418
0.789449 -0.348011 0.862752 -0.415200
0.789375 -0.347773 0.862589 -0.414982
0.789302 -0.347534 0.862425 -0.414763
0.789228 -0.347295 0.862261 -0.414544
0.789154 -0.347056 0.862098 -0.414325
0.789081 -0.346817 0.861934 -0.414105
0.789008 -0.346578 0.861771 -0.413885
0.788935 -0.346338 0.861608 -0.413664
0.788861 -0.346098 0.861444 -0.413443
0.788789 -0.345858 0.861281 -0.413222
0.788716 -0.345618 0.861118 -0.413001
0.788643 -0.345377 0.860955 -0.412779
0.788570 -0.345137 0.860792 -0.412556
0.788498 -0.344896 0.860629 -0.412334
0.788426 -0.344655 0.860466 -0.412111
0.788353 -0.344413 0.860303 -0.411887
0.788281 -0.344172 0.860140 -0.411664
0.788209 -0.343930 0.859978 -0.411440
0.788137 -0.343688 0.859815 -0.411215
0.788065 -0.343446 0.859652 -0.410990
0.787994 -0.343204 0.859490 -0.410765
0.787922 -0.342961 0.859328 -0.410540
0.787851 -0.342719 0.859165 -0.410314
0.787779 -0.342476 0.859003 -0.410088
0.787708 -0.342232 0.858841 -0.409861
0.787637 -0.341989 0.858679 -0.409634
0.787566 -0.341746 0.858516 -0.409407
0.787495 -0.341502 0.858354 -0.409179
0.787425 -0.341258 0.858192 -0.408951
0.787354 -0.341014 0.858031 -0.408723
0.787283 -0.340769 0.857869 -0.408494
0.787213 -0.340525 0.857707 -0.408265
0.787143 -0.340280 0.857545 -0.408036
0.787072 -0.340035 0.857384 -0.407806
0.787002 -0.339790 0.857222 -0.407576
0.786932 -0.339545 0.857061 -0.407345
0.786863 -0.339299 0.856899 -0.407114
0.786793 -0.339053 0.856738 -0.406883
0.786723 -0.338807 0.856577 -0.406652
0.786654 -0.338561 0.856416 -0.406420
0.786584 -0.338315 0.856254 -0.406188
0.786515 -0.338068 0.856093 -0.405955
0.786446 -0.337821 0.855932 -0.405722
0.786377 -0.337574 0.855772 -0.405489
0.786308 -0.337327 0.855611 -0.405255
0.786239 -0.337080 0.855450 -0.405021
0.786170 -0.336832 0.855289 -0.404786
0.786102 -0.336584 0.855129 -0.404552
0.786033 -0.336336 0.854968 -0.404316
0.785965 -0.336088 0.854808 -0.404081
0.785897 -0.335840 0.854647 -0.403845
0.785829 -0.335591 0.854487 -0.403609
0.785761 -0.335342 0.854327 -0.403372
0.785693 -0.335093 0.854166 -0.403135
0.785625 -0.334844 0.854006 -0.402898
0.785557 -0.334595 0.853846 -0.402661
0.785490 -0.334345 0.853686 -0.402423
0.785422 -0.334095 0.853526 -0.402184
0.785355 -0.333845 0.853367 -0.401946
0.785287 -0.333595 0.853207 -0.401706
0.785220 -0.333345 0.853047 -0.401467
0.785153 -0.333094 0.852888 -0.401227
0.785086 -0.332843 0.852728 -0.400987
0.785020 -0.332592 0.852569 -0.400747
0.784953 -0.332341 0.852409 -0.400506
0.784886 -0.332089 0.852250 -0.400265
0.784820 -0.331838 0.852091 -0.400023
0.784754 -0.331586 0.851932 -0.399781
0.784687 -0.331334 0.851773 -0.399539
0.784621 -0.331082 0.851614 -0.399296
0.784555 -0.330829 0.851455 -0.399053
0.784489 -0.330577 0.851296 -0.398810
0.784424 -0.330324 0.851137 -0.398566
0.784358 -0.330071 0.850978 -0.398322
0.784292 -0.329818 0.850820 -0.398078
0.784227 -0.329564 0.850661 -0.397833
0.784162 -0.329311 0.850503 -0.397588
0.784096 -0.329057 0.850344 -0.397342
0.784031 -0.328803 0.850186 -0.397096
0.783966 -0.328549 0.850028 -0.396850
0.783901 -0.328294 0.849870 -0.396603
0.783837 -0.328040 0.849712 -0.396356
0.783772 -0.327785 0.849554 -0.396109
0.783707 -0.327530 0.849396 -0.395861
0.783643 -0.327274 0.849238 -0.395613
0.783579 -0.327019 0.849080 -0.395365
0.783515 -0.326763 0.848922 -0.395116
0.783450 -0.326508 0.848765 -0.394867
0.783386 -0.326252 0.848607 -0.394618
0.783323 -0.325995 0.848450 -0.394368
0.783259 -0.325739 0.848293 -0.394118
0.783195 -0.325482 0.848135 -0.393867
0.783132 -0.325226 0.847978 -0.393616
0.783068 -0.324969 0.847821 -0.393365
0.783005 -0.324711 0.847664 -0.393113
0.782942 -0.324454 0.847507 -0.392861
0.782878 -0.324196 0.847350 -0.392609
0.782815 -0.323939 0.847193 -0.392356
0.782753 -0.323681 0.847036 -0.392103
0.782690 -0.323422 0.846880 -0.391850
0.782627 -0.323164 0.846723 -0.391596
0.782565 -0.322905 0.846567 -0.391342
0.782502 -0.322647 0.846410 -0.391088
0.782440 -0.322388 0.846254 -0.390833
0.782378 -0.322129 0.846098 -0.390578
0.782316 -0.321869 0.845942 -0.390322
0.782254 -0.321610 0.845786 -0.390066
0.782192 -0.321350 0.845630 -0.389810
0.782130 -0.321090 0.845474 -0.389553
0.782068 -0.320830 0.845318 -0.389296
0.782007 -0.320569 0.845162 -0.389039
0.781945 -0.320309 0.845006 -0.388781
0.781884 -0.320048 0.844851 -0.388523
0.781823 -0.319787 0.844695 -0.388265
0.781761 -0.319526 0.844540 -0.388006
0.781700 -0.319265 0.844385 -0.387747
0.781640 -0.319003 0.844229 -0.387487
0.781579 -0.318741 0.844074 -0.387227
0.781518 -0.318480 0.843919 -0.386967
0.781457 -0.318217 0.843764 -0.386707
0.781397 -0.317955 0.843609 -0.386446
0.781337 -0.317693 0.843455 -0.386184
0.781276 -0.317430 0.843300 -0.385923
0.781216 -0.317167 0.843145 -0.385661
0.781156 -0.316904 0.842991 -0.385398
0.781096 -0.316641 0.842836 -0.385135
0.781036 -0.316377 0.842682 -0.384872
0.780977 -0.316113 0.842527 -0.384609
0.780917 -0.315850 0.842373 -0.384345
0.780858 -0.315586 0.842219 -0.384081
0.780798 -0.315321 0.842065 -0.383816
0.780739 -0.315057 0.841911 -0.383552
0.780680 -0.314792 0.841757 -0.383286
0.780621 -0.314527 0.841603 -0.383021
0.780562 -0.314262 0.841450 -0.382755
0.780503 -0.313997 0.841296 -0.382488
0.780444 -0.313732 0.841143 -0.382222
0.780386 -0.313466 0.840989 -0.381955
0.780327 -0.313200 0.840836 -0.381687
0.780269 -0.312934 0.840682 -0.381419
0.780210 -0.312668 0.840529 -0.381151
0.780152 -0.312402 0.840376 -0.380883
0.780094 -0.312135 0.840223 -0.380614
0.780036 -0.311868 0.840070 -0.380345
0.779978 -0.311601 0.839917 -0.380075
0.779920 -0.311334 0.839765 -0.379805
0.779863 -0.311067 0.839612 -0.379535
0.779805 -0.310799 0.839460 -0.379264
0.779748 -0.310531 0.839307 -0.378993
0.779690 -0.310264 0.839155 -0.378722
0.779633 -0.309995 0.839002 -0.378450
0.779576 -0.309727 0.838850 -0.378178
0.779519 -0.309459 0.838698 -0.377906
0.779462 -0.309190 0.838546 -0.377633
0.779405 -0.308921 0.838394 -0.377360
0.779349 -0.308652 0.838242 -0.377086
0.779292 -0.308383 0.838091 -0.376813
0.779236 -0.308113 0.837939 -0.376538
0.779179 -0.307843 0.837787 -0.376264
0.779123 -0.307574 0.837636 -0.375989
0.779067 -0.307304 0.837485 -0.375713
0.779011 -0.307033 0.837333 -0.375438
0.778955 -0.306763 0.837182 -0.375162
0.778899 -0.306492 0.837031 -0.374885
0.778843 -0.306221 0.836880 -0.374609
0.778788 -0.305950 0.836729 -0.374332
0.778732 -0.305679 0.836578 -0.374054
0.778677 -0.305408 0.836428 -0.373776
0.778621 -0.305136 0.836277 -0.373498
0.778566 -0.304865 0.836126 -0.373220
0.778511 -0.304593 0.835976 -0.372941
0.778456 -0.304320 0.835826 -0.372662
0.778401 -0.304048 0.835675 -0.372382
0.778346 -0.303776 0.835525 -0.372102
0.778292 -0.303503 0.835375 -0.371822
0.778237 -0.303230 0.835225 -0.371541
0.778182 -0.302957 0.835075 -0.371260
0.778128 -0.302684 0.834926 -0.370979
0.778074 -0.302410 0.834776 -0.370697
0.778020 -0.302136 0.834626 -0.370415
0.777966 -0.301863 0.834477 -0.370132
0.777912 -0.301588 0.834327 -0.369849
0.777858 -0.301314 0.834178 -0.369566
0.777804 -0.301040 0.834029 -0.369283
0.777750 -0.300765 0.833880 -0.368999
0.777697 -0.300490 0.833731 -0.368714
0.777643 -0.300215 0.833582 -0.368430
0.777590 -0.299940 0.833433 -0.368145
0.777537 -0.299665 0.833284 -0.367860
0.777484 -0.299389 0.833136 -0.367574
0.777431 -0.299114 0.832987 -0.367288
0.777378 -0.298838 0.832839 -0.367001
0.777325 -0.298562 0.832690 -0.366715
0.777272 -0.298285 0.832542 -0.366428
0.777220 -0.298009 0.832394 -0.366140
0.777167 -0.297732 0.832246 -0.365852
0.777115 -0.297455 0.832098 -0.365564
0.777063 -0.297178 0.831950 -0.365275
0.777010 -0.296901 0.831802 -0.364987
0.776958 -0.296623 0.831655 -0.364697
0.776906 -0.296346 0.831507 -0.364408
0.776854 -0.296068 0.831360 -0.364118
0.776803 -0.295790 0.831212 -0.363827
0.776751 -0.295512 0.831065 -0.363537
0.776699 -0.295233 0.830918 -0.363246
0.776648 -0.294955 0.830771 -0.362954
0.776597 -0.294676 0.830624 -0.362662
0.776545 -0.294397 0.830477 -0.362370
0.776494 -0.294118 0.830330 -0.362078
0.776443 -0.293839 0.830184 -0.361785
0.776392 -0.293559 0.830037 -0.361492
0.776341 -0.293280 0.829891 -0.361198
0.776291 -0.293000 0.829744 -0.360904
0.776240 -0.292720 0.829598 -0.360610
0.776189 -0.292440 0.829452 -0.360316
0.776139 -0.292159 0.829306 -0.360021
0.776089 -0.291879 0.829160 -0.359725
0.776038 -0.291598 0.829014 -0.359430
0.775988 -0.291317 0.828869 -0.359134
0.775938 -0.291036 0.828723 -0.358837
0.775888 -0.290754 0.828577 -0.358540
0.775838 -0.290473 0.828432 -0.358243
0.775789 -0.290191 0.828287 -0.357946
0.775739 -0.289909 0.828141 -0.357648
0.775689 -0.289627 0.827996 -0.357350
0.775640 -0.289345 0.827851 -0.357051
0.775591 -0.289062 0.827706 -0.356752
0.775541 -0.288780 0.827562 -0.356453
0.775492 -0.288497 0.827417 -0.356154
0.775443 -0.288214 0.827272 -0.355854
0.775394 -0.287931 0.827128 -0.355553
0.775346 -0.287647 0.826983 -0.355253
0.775297 -0.287364 0.826839 -0.354952
0.775248 -0.287080 0.826695 -0.354650
0.775200 -0.286796 0.826551 -0.354349
0.775151 -0.286512 0.826407 -0.354046
0.775103 -0.286228 0.826263 -0.353744
0.775055 -0.285943 0.826119 -0.353441
0.775007 -0.285659 0.825976 -0.353138
0.774958 -0.285374 0.825832 -0.352835
0.774911 -0.285089 0.825689 -0.352531
0.774863 -0.284804 0.825546 -0.352226
0.774815 -0.284518 0.825402 -0.351922
0.774767 -0.284233 0.825259 -0.351617
0.774720 -0.283947 0.825116 -0.351312
0.774672 -0.283661 0.824973 -0.351006
0.774625 -0.283375 0.824831 -0.350700
0.774578 -0.283089 0.824688 -0.350394
0.774531 -0.282802 0.824545 -0.350087
0.774484 -0.282516 0.824403 -0.349780
0.774437 -0.282229 0.824260 -0.349473
0.774390 -0.281942 0.824118 -0.349165
0.774343 -0.281655 0.823976 -0.348857
0.774297 -0.281367 0.823834 -0.348548
0.774250 -0.281080 0.823692 -0.348239
0.774204 -0.280792 0.823550 -0.347930
0.774157 -0.280504 0.823409 -0.347621
0.774111 -0.280216 0.823267 -0.347311
0.774065 -0.279928 0.823126 -0.347001
0.774019 -0.279639 0.822984 -0.346690
0.773973 -0.279350 0.822843 -0.346379
0.773927 -0.279062 0.822702 -0.346068
0.773881 -0.278773 0.822561 -0.345756
0.773836 -0.278483 0.822420 -0.345444
0.773790 -0.278194 0.822279 -0.345132
0.773744 -0.277905 0.822138 -0.344819
0.773699 -0.277615 0.821998 -0.344506
0.773654 -0.277325 0.821857 -0.344193
0.773609 -0.277035 0.821717 -0.343879
0.773564 -0.276745 0.821577 -0.343565
0.773519 -0.276454 0.821437 -0.343250
0.773474 -0.276164 0.821297 -0.342936
0.773429 -0.275873 0.821157 -0.342620
0.773384 -0.275582 0.821017 -0.342305
0.773340 -0.275291 0.820877 -0.341989
0.773295 -0.274999 0.820738 -0.341673
0.773251 -0.274708 0.820598 -0.341356
0.773206 -0.274416 0.820459 -0.341039
0.773162 -0.274124 0.820319 -0.340722
0.773118 -0.273832 0.820180 -0.340405
0.773074 -0.273540 0.820041 -0.340087
0.773030 -0.273248 0.819902 -0.339768
0.772986 -0.272955 0.819764 -0.339450
0.772943 -0.272662 0.819625 -0.339131
0.772899 -0.272369 0.819486 -0.338811
0.772856 -0.272076 0.819348 -0.338491
0.772812 -0.271783 0.819210 -0.338171
0.772769 -0.271490 0.819072 -0.337851
0.772725 -0.271196 0.818933 -0.337530
0.772682 -0.270902 0.818795 -0.337209
0.772639 -0.270608 0.818658 -0.336888
0.772596 -0.270314 0.818520 -0.336566
0.772553 -0.270020 0.818382 -0.336244
0.772511 -0.269725 0.818245 -0.335921
0.772468 -0.269431 0.818107 -0.335598
0.772425 -0.269136 0.817970 -0.335275
0.772383 -0.268841 0.817833 -0.334951
0.772340 -0.268545 0.817696 -0.334627
0.772298 -0.268250 0.817559 -0.334303
0.772256 -0.267955 0.817422 -0.333979
0.772214 -0.267659 0.817285 -0.333654
0.772172 -0.267363 0.817149 -0.333328
0.772130 -0.267067 0.817012 -0.333003
0.772088 -0.266771 0.816876 -0.332677
0.772046 -0.266474 0.816740 -0.332350
0.772005 -0.266178 0.816604 -0.332024
0.771963 -0.265881 0.816468 -0.331697
0.771922 -0.265584 0.816332 -0.331369
0.771880 -0.265287 0.816196 -0.331041
0.771839 -0.264989 0.816061 -0.330713
0.771798 -0.264692 0.815925 -0.330385
0.771757 -0.264394 0.815790 -0.330056
0.771716 -0.264096 0.815654 -0.329727
0.771675 -0.263798 0.815519 -0.329397
0.771634 -0.263500 0.815384 -0.329068
0.771593 -0.263202 0.815249 -0.328737
0.771553 -0.262903 0.815115 -0.328407
0.771512 -0.262605 0.814980 -0.328076
0.771472 -0.262306 0.814845 -0.327745
0.771431 -0.262007 0.814711 -0.327413
0.771391 -0.261708 0.814577 -0.327081
0.771351 -0.261408 0.814443 -0.326749
0.771311 -0.261109 0.814309 -0.326417
0.771271 -0.260809 0.814175 -0.326084
0.771231 -0.260509 0.814041 -0.325750
0.771191 -0.260209 0.813907 -0.325417
0.771152 -0.259909 0.813774 -0.325083
0.771112 -0.259608 0.813640 -0.324748
0.771073 -0.259308 0.813507 -0.324414
0.771033 -0.259007 0.813374 -0.324079
0.770994 -0.258706 0.813241 -0.323743
0.770955 -0.258405 0.813108 -0.323408
0.770915 -0.258104 0.812975 -0.323072
0.770876 -0.257802 0.812842 -0.322735
0.770837 -0.257501 0.812710 -0.322398
0.770798 -0.257199 0.812577 -0.322061
0.770760 -0.256897 0.812445 -0.321724
0.770721 -0.256595 0.812313 -0.321386
0.770682 -0.256293 0.812181 -0.321048
0.770644 -0.255990 0.812049 -0.320710
0.770605 -0.255688 0.811917 -0.320371
0.770567 -0.255385 0.811785 -0.320032
0.770529 -0.255082 0.811654 -0.319692
0.770491 -0.254779 0.811522 -0.319352
0.770453 -0.254475 0.811391 -0.319012
0.770415 -0.254172 0.811260 -0.318672
0.770377 -0.253868 0.811129 -0.318331
0.770339 -0.253565 0.810998 -0.317990
0.770301 -0.253261 0.810867 -0.317648
0.770264 -0.252957 0.810736 -0.317306
0.770226 -0.252652 0.810606 -0.316964
0.770189 -0.252348 0.810475 -0.316622
0.770151 -0.252043 0.810345 -0.316279
0.770114 -0.251738 0.810215 -0.315935
0.770077 -0.251433 0.810085 -0.315592
0.770040 -0.251128 0.809955 -0.315248
0.770003 -0.250823 0.809825 -0.314904
0.769966 -0.250517 0.809695 -0.314559
0.769929 -0.250212 0.809566 -0.314214
0.769892 -0.249906 0.809436 -0.313869
0.769856 -0.249600 0.809307 -0.313523
0.769819 -0.249294 0.809178 -0.313177
0.769783 -0.248988 0.809049 -0.312831
0.769746 -0.248681 0.808920 -0.312484
0.769710 -0.248374 0.808791 -0.312137
0.769674 -0.248068 0.808663 -0.311790
0.769638 -0.247761 0.808534 -0.311442
0.769602 -0.247454 0.808406 -0.311094
0.769566 -0.247146 0.808278 -0.310746
0.769530 -0.246839 0.808149 -0.310397
0.769494 -0.246531 0.808021 -0.310048
0.769458 -0.246223 0.807894 -0.309699
0.769423 -0.245915 0.807766 -0.309349
0.769387 -0.245607 0.807638 -0.308999
0.769352 -0.245299 0.807511 -0.308649
0.769316 -0.244991 0.807384 -0.308298
0.769281 -0.244682 0.807256 -0.307947
0.769246 -0.244373 0.807129 -0.307596
0.769211 -0.244064 0.807002 -0.307244
0.769176 -0.243755 0.806876 -0.306892
0.769141 -0.243446 0.806749 -0.306540
0.769106 -0.243137 0.806623 -0.306187
0.769072 -0.242827 0.806496 -0.305834
0.769037 -0.242517 0.806370 -0.305481
0.769002 -0.242207 0.806244 -0.305127
0.768968 -0.241897 0.806118 -0.304773
0.768934 -0.241587 0.805992 -0.304419
0.768899 -0.241277 0.805866 -0.304064
0.768865 -0.240966 0.805741 -0.303709
0.768831 -0.240655 0.805615 -0.303354
0.768797 -0.240344 0.805490 -0.302998
0.768763 -0.240033 0.805365 -0.302642
0.768729 -0.239722 0.805240 -0.302285
0.768695 -0.239411 0.805115 -0.301929
0.768661 -0.239099 0.804990 -0.301572
0.768628 -0.238787 0.804865 -0.301214
0.768594 -0.238476 0.804741 -0.300857
0.768561 -0.238164 0.804617 -0.300499
0.768528 -0.237851 0.804492 -0.300140
0.768494 -0.237539 0.804368 -0.299781
0.768461 -0.237227 0.804244 -0.299422
0.768428 -0.236914 0.804120 -0.299063
0.768395 -0.236601 0.803997 -0.298703
0.768362 -0.236288 0.803873 -0.298343
0.768329 -0.235975 0.803750 -0.297983
0.768296 -0.235662 0.803627 -0.297622
0.768264 -0.235348 0.803503 -0.297261
0.768231 -0.235035 0.803380 -0.296900
0.768198 -0.234721 0.803258 -0.296538
0.768166 -0.234407 0.803135 -0.296176
0.768134 -0.234093 0.803012 -0.295814
0.768101 -0.233779 0.802890 -0.295451
0.768069 -0.233464 0.802768 -0.295088
0.768037 -0.233150 0.802645 -0.294725
0.768005 -0.232835 0.802523 -0.294361
0.767973 -0.232520 0.802401 -0.293997
0.767941 -0.232205 0.802280 -0.293633
0.767909 -0.231890 0.802158 -0.293268
0.767878 -0.231574 0.802037 -0.292903
0.767846 -0.231259 0.801915 -0.292538
0.767814 -0.230943 0.801794 -0.292172
0.767783 -0.230627 0.801673 -0.291806
0.767752 -0.230311 0.801552 -0.291440
0.767720 -0.229995 0.801431 -0.291073
0.767689 -0.229679 0.801311 -0.290706
0.767658 -0.229363 0.801190 -0.290339
0.767627 -0.229046 0.801070 -0.289972
0.767596 -0.228729 0.800950 -0.289604
0.767565 -0.228412 0.800830 -0.289235
0.767534 -0.228095 0.800710 -0.288867
0.767504 -0.227778 0.800590 -0.288498
0.767473 -0.227461 0.800470 -0.288129
0.767442 -0.227143 0.800351 -0.287759
0.767412 -0.226825 0.800232 -0.287389
0.767381 -0.226508 0.800112 -0.287019
0.767351 -0.226190 0.799993 -0.286649
0.767321 -0.225871 0.799874 -0.286278
0.767291 -0.225553 0.799756 -0.285907
0.767261 -0.225235 0.799637 -0.285535
0.767231 -0.224916 0.799519 -0.285163
0.767201 -0.224597 0.799400 -0.284791
0.767171 -0.224278 0.799282 -0.284419
0.767141 -0.223959 0.799164 -0.284046
0.767111 -0.223640 0.799046 -0.283673
0.767082 -0.223321 0.798928 -0.283300
0.767052 -0.223001 0.798811 -0.282926
0.767023 -0.222681 0.798693 -0.282552
0.766993 -0.222362 0.798576 -0.282177
0.766964 -0.222042 0.798459 -0.281803
0.766935 -0.221721 0.798342 -0.281428
0.766906 -0.221401 0.798225 -0.281052
0.766877 -0.221081 0.798108 -0.280677
0.766848 -0.220760 0.797992 -0.280301
0.766819 -0.220439 0.797875 -0.279924
0.766790 -0.220118 0.797759 -0.279548
0.766761 -0.219797 0.797643 -0.279171
0.766733 -0.219476 0.797527 -0.278794
0.766704 -0.219155 0.797411 -0.278416
0.766675 -0.218833 0.797295 -0.278038
0.766647 -0.218512 0.797179 -0.277660
0.766619 -0.218190 0.797064 -0.277281
0.766590 -0.217868 0.796949 -0.276903
0.766562 -0.217546 0.796834 -0.276523
0.766534 -0.217224 0.796719 -0.276144
0.766506 -0.216901 0.796604 -0.275764
0.766478 -0.216579 0.796489 -0.275384
0.766450 -0.216256 0.796375 -0.275004
0.766422 -0.215933 0.796260 -0.274623
0.766395 -0.215610 0.796146 -0.274242
0.766367 -0.215287 0.796032 -0.273861
0.766339 -0.214964 0.795918 -0.273479
0.766312 -0.214640 0.795804 -0.273097
0.766284 -0.214317 0.795691 -0.272715
0.766257 -0.213993 0.795577 -0.272332
0.766230 -0.213669 0.795464 -0.271949
0.766203 -0.213345 0.795351 -0.271566
0.766175 -0.213021 0.795238 -0.271182
0.766148 -0.212696 0.795125 -0.270798
0.766121 -0.212372 0.795012 -0.270414
0.766095 -0.212047 0.794899 -0.270030
0.766068 -0.211723 0.794787 -0.269645
0.766041 -0.211398 0.794675 -0.269260
0.766014 -0.211073 0.794563 -0.268874
0.765988 -0.210747 0.794451 -0.268489
0.765961 -0.210422 0.794339 -0.268102
0.765935 -0.210097 0.794227 -0.267716
0.765908 -0.209771 0.794116 -0.267329
0.765882 -0.209445 0.794004 -0.266942
0.765856 -0.209119 0.793893 -0.266555
0.765830 -0.208793 0.793782 -0.266168
0.765804 -0.208467 0.793671 -0.265780
0.765778 -0.208141 0.793560 -0.265391
0.765752 -0.207814 0.793450 -0.265003
0.765726 -0.207487 0.793339 -0.264614
0.765700 -0.207161 0.793229 -0.264225
0.765674 -0.206834 0.793119 -0.263835
0.765649 -0.206507 0.793009 -0.263446
0.765623 -0.206179 0.792899 -0.263056
0.765598 -0.205852 0.792789 -0.262665
0.765572 -0.205524 0.792680 -0.262275
0.765547 -0.205197 0.792570 -0.261884
0.765522 -0.204869 0.792461 -0.261492
0.765496 -0.204541 0.792352 -0.261101
0.765471 -0.204213 0.792243 -0.260709
0.765446 -0.203885 0.792134 -0.260317
0.765421 -0.203556 0.792026 -0.259924
0.765396 -0.203228 0.791917 -0.259531
0.765372 -0.202899 0.791809 -0.259138
0.765347 -0.202570 0.791701 -0.258745
0.765322 -0.202241 0.791593 -0.258351
0.765298 -0.201912 0.791485 -0.257957
0.765273 -0.201583 0.791378 -0.257563
0.765249 -0.201254 0.791270 -0.257168
0.765224 -0.200924 0.791163 -0.256773
0.765200 -0.200595 0.791056 -0.256378
0.765176 -0.200265 0.790949 -0.255982
0.765151 -0.199935 0.790842 -0.255586
0.765127 -0.199605 0.790735 -0.255190
0.765103 -0.199275 0.790628 -0.254794
0.765079 -0.198944 0.790522 -0.254397
0.765055 -0.198614 0.790416 -0.254000
0.765031 -0.198283 0.790310 -0.253603
0.765008 -0.197952 0.790204 -0.253205
0.764984 -0.197622 0.790098 -0.252807
0.764960 -0.197291 0.789992 -0.252409
0.764937 -0.196959 0.789887 -0.252010
0.764913 -0.196628 0.789782 -0.251612
0.764890 -0.196297 0.789677 -0.251212
0.764867 -0.195965 0.789572 -0.250813
0.764843 -0.195633 0.789467 -0.250413
0.764820 -0.195301 0.789362 -0.250013
0.764797 -0.194970 0.789258 -0.249613
0.764774 -0.194637 0.789153 -0.249212
0.764751 -0.194305 0.789049 -0.248811
0.764728 -0.193973 0.788945 -0.248410
0.764705 -0.193640 0.788841 -0.248009
0.764683 -0.193307 0.788738 -0.247607
0.764660 -0.192975 0.788634 -0.247205
0.764637 -0.192642 0.788531 -0.246803
0.764615 -0.192309 0.788428 -0.246400
0.764592 -0.191975 0.788325 -0.245997
0.764570 -0.191642 0.788222 -0.245594
0.764547 -0.191309 0.788119 -0.245190
0.764525 -0.190975 0.788016 -0.244786
0.764503 -0.190641 0.787914 -0.244382
0.764481 -0.190307 0.787812 -0.243978
0.764459 -0.189973 0.787710 -0.243573
0.764437 -0.189639 0.787608 -0.243168
0.764415 -0.189305 0.787506 -0.242763
0.764393 -0.188970 0.787405 -0.242357
0.764371 -0.188636 0.787303 -0.241951
0.764349 -0.188301 0.787202 -0.241545
0.764327 -0.187966 0.787101 -0.241139
0.764306 -0.187631 0.787000 -0.240732
0.764284 -0.187296 0.786899 -0.240325
0.764263 -0.186961 0.786799 -0.239918
0.764241 -0.186626 0.786698 -0.239510
0.764220 -0.186290 0.786598 -0.239102
0.764199 -0.185955 0.786498 -0.238694
0.764178 -0.185619 0.786398 -0.238285
0.764156 -0.185283 0.786298 -0.237877
0.764135 -0.184947 0.786199 -0.237468
0.764114 -0.184611 0.786099 -0.237058
0.764093 -0.184275 0.786000 -0.236649
0.764072 -0.183938 0.785901 -0.236239
0.764052 -0.183602 0.785802 -0.235829
0.764031 -0.183265 0.785703 -0.235418
0.764010 -0.182928 0.785604 -0.235008
0.763990 -0.182591 0.785506 -0.234597
0.763969 -0.182254 0.785408 -0.234185
0.763949 -0.181917 0.785310 -0.233774
0.763928 -0.181580 0.785212 -0.233362
0.763908 -0.181242 0.785114 -0.232950
0.763888 -0.180905 0.785016 -0.232537
0.763867 -0.180567 0.784919 -0.232125
0.763847 -0.180229 0.784822 -0.231712
0.763827 -0.179891 0.784725 -0.231298
0.763807 -0.179553 0.784628 -0.230885
0.763787 -0.179215 0.784531 -0.230471
0.763767 -0.178877 0.784434 -0.230057
0.763747 -0.178538 0.784338 -0.229642
0.763728 -0.178200 0.784242 -0.229228
0.763708 -0.177861 0.784146 -0.228813
0.763688 -0.177522 0.784050 -0.228398
0.763669 -0.177183 0.783954 -0.227982
0.763649 -0.176844 0.783858 -0.227566
0.763630 -0.176505 0.783763 -0.227150
0.763610 -0.176166 0.783668 -0.226734
0.763591 -0.175826 0.783573 -0.226317
0.763572 -0.175487 0.783478 -0.225901
0.763553 -0.175147 0.783383 -0.225483
0.763533 -0.174807 0.783288 -0.225066
0.763514 -0.174467 0.783194 -0.224648
0.763495 -0.174127 0.783100 -0.224230
0.763476 -0.173787 0.783006 -0.223812
0.763458 -0.173446 0.782912 -0.223394
0.763439 -0.173106 0.782818 -0.222975
0.763420 -0.172765 0.782725 -0.222556
0.763401 -0.172425 0.782631 -0.222136
0.763383 -0.172084 0.782538 -0.221717
0.763364 -0.171743 0.782445 -0.221297
0.763346 -0.171402 0.782352 -0.220877
0.763327 -0.171061 0.782260 -0.220456
0.763309 -0.170719 0.782167 -0.220036
0.763290 -0.170378 0.782075 -0.219615
0.763272 -0.170036 0.781983 -0.219194
0.763254 -0.169695 0.781891 -0.218772
0.763236 -0.169353 0.781799 -0.218350
0.763218 -0.169011 0.781707 -0.217928
0.763200 -0.168669 0.781616 -0.217506
0.763182 -0.168327 0.781524 -0.217083
0.763164 -0.167984 0.781433 -0.216661
0.763146 -0.167642 0.781342 -0.216238
0.763128 -0.167299 0.781252 -0.215814
0.763111 -0.166957 0.781161 -0.215391
0.763093 -0.166614 0.781071 -0.214967
0.763075 -0.166271 0.780980 -0.214543
0.763058 -0.165928 0.780890 -0.214118
0.763040 -0.165585 0.780800 -0.213694
0.763023 -0.165242 0.780711 -0.213269
0.763006 -0.164898 0.780621 -0.212843
0.762988 -0.164555 0.780532 -0.212418
0.762971 -0.164211 0.780442 -0.211992
0.762954 -0.163868 0.780353 -0.211566
0.762937 -0.163524 0.780265 -0.211140
0.762920 -0.163180 0.780176 -0.210714
0.762903 -0.162836 0.780087 -0.210287
0.762886 -0.162492 0.779999 -0.209860
0.762869 -0.162147 0.779911 -0.209433
0.762852 -0.161803 0.779823 -0.209005
0.762836 -0.161458 0.779735 -0.208577
0.762819 -0.161114 0.779648 -0.208149
0.762802 -0.160769 0.779560 -0.207721
0.762786 -0.160424 0.779473 -0.207292
0.762769 -0.160079 0.779386 -0.206863
0.762753 -0.159734 0.779299 -0.206434
0.762736 -0.159389 0.779212 -0.206005
0.762720 -0.159043 0.779126 -0.205575
0.762704 -0.158698 0.779039 -0.205146
0.762688 -0.158352 0.778953 -0.204716
0.762671 -0.158007 0.778867 -0.204285
0.762655 -0.157661 0.778781 -0.203855
0.762639 -0.157315 0.778696 -0.203424
0.762623 -0.156969 0.778610 -0.202993
0.762607 -0.156623 0.778525 -0.202561
0.762592 -0.156277 0.778440 -0.202130
0.762576 -0.155930 0.778355 -0.201698
0.762560 -0.155584 0.778270 -0.201266
0.762544 -0.155237 0.778185 -0.200833
0.762529 -0.154890 0.778101 -0.200401
0.762513 -0.154544 0.778017 -0.199968
0.762498 -0.154197 0.777933 -0.199535
0.762482 -0.153850 0.777849 -0.199101
0.762467 -0.153502 0.777765 -0.198668
0.762451 -0.153155 0.777682 -0.198234
0.762436 -0.152808 0.777598 -0.197800
0.762421 -0.152460 0.777515 -0.197366
0.762406 -0.152113 0.777432 -0.196931
0.762391 -0.151765 0.777349 -0.196496
0.762375 -0.151417 0.777267 -0.196061
0.762360 -0.151069 0.777184 -0.195626
0.762345 -0.150721 0.777102 -0.195190
0.762331 -0.150373 0.777020 -0.194754
0.762316 -0.150025 0.776938 -0.194318
0.762301 -0.149677 0.776856 -0.193882
0.762286 -0.149328 0.776775 -0.193445
0.762272 -0.148980 0.776694 -0.193009
0.762257 -0.148631 0.776612 -0.192572
0.762242 -0.148282 0.776531 -0.192134
0.762228 -0.147933 0.776451 -0.191697
0.762213 -0.147584 0.776370 -0.191259
0.762199 -0.147235 0.776290 -0.190821
0.762185 -0.146886 0.776209 -0.190383
0.762170 -0.146537 0.776129 -0.189944
0.762156 -0.146187 0.776049 -0.189506
0.762142 -0.145838 0.775970 -0.189067
0.762128 -0.145488 0.775890 -0.188628
0.762114 -0.145138 0.775811 -0.188188
0.762100 -0.144788 0.775732 -0.187749
0.762086 -0.144438 0.775653 -0.187309
0.762072 -0.144088 0.775574 -0.186869
0.762058 -0.143738 0.775495 -0.186428
0.762044 -0.143388 0.775417 -0.185988
0.762031 -0.143038 0.775339 -0.185547
0.762017 -0.142687 0.775261 -0.185106
0.762003 -0.142337 0.775183 -0.184665
0.761990 -0.141986 0.775105 -0.184223
0.761976 -0.141635 0.775028 -0.183781
0.761963 -0.141284 0.774950 -0.183339
0.761949 -0.140933 0.774873 -0.182897
0.761936 -0.140582 0.774796 -0.182455
0.761922 -0.140231 0.774720 -0.182012
0.761909 -0.139880 0.774643 -0.181569
0.761896 -0.139528 0.774567 -0.181126
0.761883 -0.139177 0.774491 -0.180683
0.761870 -0.138825 0.774415 -0.180239
0.761857 -0.138473 0.774339 -0.179795
0.761844 -0.138122 0.774263 -0.179351
0.761831 -0.137770 0.774188 -0.178907
0.761818 -0.137418 0.774112 -0.178462
0.761805 -0.137066 0.774037 -0.178018
0.761792 -0.136713 0.773963 -0.177573
0.761780 -0.136361 0.773888 -0.177127
0.761767 -0.136009 0.773813 -0.176682
0.761754 -0.135656 0.773739 -0.176236
0.761742 -0.135304 0.773665 -0.175791
0.761729 -0.134951 0.773591 -0.175345
0.761717 -0.134598 0.773517 -0.174898
0.761704 -0.134245 0.773444 -0.174452
0.761692 -0.133892 0.773370 -0.174005
0.761679 -0.133539 0.773297 -0.173558
0.761667 -0.133186 0.773224 -0.173111
0.761655 -0.132833 0.773151 -0.172664
0.761643 -0.132479 0.773079 -0.172216
0.761631 -0.132126 0.773006 -0.171768
0.761619 -0.131772 0.772934 -0.171320
0.761607 -0.131419 0.772862 -0.170872
0.761595 -0.131065 0.772790 -0.170423
0.761583 -0.130711 0.772718 -0.169975
0.761571 -0.130357 0.772647 -0.169526
0.761559 -0.130003 0.772576 -0.169077
0.761547 -0.129649 0.772504 -0.168627
0.761536 -0.129295 0.772434 -0.168178
0.761524 -0.128940 0.772363 -0.167728
0.761512 -0.128586 0.772292 -0.167278
0.761501 -0.128231 0.772222 -0.166828
0.761489 -0.127877 0.772152 -0.166377
0.761478 -0.127522 0.772082 -0.165927
0.761466 -0.127167 0.772012 -0.165476
0.761455 -0.126812 0.771942 -0.165025
0.761444 -0.126457 0.771873 -0.164574
0.761432 -0.126102 0.771804 -0.164122
0.761421 -0.125747 0.771735 -0.163670
0.761410 -0.125392 0.771666 -0.163219
0.761399 -0.125036 0.771597 -0.162766
0.761388 -0.124681 0.771529 -0.162314
0.761377 -0.124325 0.771461 -0.161862
0.761366 -0.123970 0.771393 -0.161409
0.761355 -0.123614 0.771325 -0.160956
0.761344 -0.123258 0.771257 -0.160503
0.761333 -0.122902 0.771190 -0.160050
0.761322 -0.122546 0.771122 -0.159596
0.761312 -0.122190 0.771055 -0.159142
0.761301 -0.121834 0.770988 -0.158688
0.761290 -0.121478 0.770922 -0.158234
0.761280 -0.121121 0.770855 -0.157780
0.761269 -0.120765 0.770789 -0.157325
0.761259 -0.120408 0.770723 -0.156871
0.761248 -0.120052 0.770657 -0.156416
0.761238 -0.119695 0.770591 -0.155960
0.761228 -0.119338 0.770525 -0.155505
0.761217 -0.118981 0.770460 -0.155050
0.761207 -0.118624 0.770395 -0.154594
0.761197 -0.118267 0.770330 -0.154138
0.761187 -0.117910 0.770265 -0.153682
0.761177 -0.117553 0.770200 -0.153225
0.761167 -0.117196 0.770136 -0.152769
0.761157 -0.116838 0.770072 -0.152312
0.761147 -0.116481 0.770008 -0.151855
0.761137 -0.116123 0.769944 -0.151398
0.761127 -0.115766 0.769880 -0.150941
0.761117 -0.115408 0.769817 -0.150483
0.761107 -0.115050 0.769754 -0.150026
0.761098 -0.114692 0.769691 -0.149568
0.761088 -0.114334 0.769628 -0.149110
0.761078 -0.113976 0.769565 -0.148651
0.761069 -0.113618 0.769503 -0.148193
0.761059 -0.113260 0.769441 -0.147734
0.761050 -0.112901 0.769378 -0.147275
0.761040 -0.112543 0.769317 -0.146816
0.761031 -0.112184 0.769255 -0.146357
0.761021 -0.111826 0.769193 -0.145898
0.761012 -0.111467 0.769132 -0.145438
0.761003 -0.111108 0.769071 -0.144978
0.760994 -0.110750 0.769010 -0.144518
0.760984 -0.110391 0.768950 -0.144058
0.760975 -0.110032 0.768889 -0.143598
0.760966 -0.109673 0.768829 -0.143137
0.760957 -0.109313 0.768769 -0.142676
0.760948 -0.108954 0.768709 -0.142216
0.760939 -0.108595 0.768649 -0.141754
0.760930 -0.108235 0.768590 -0.141293
0.760921 -0.107876 0.768530 -0.140832
0.760913 -0.107516 0.768471 -0.140370
0.760904 -0.107157 0.768412 -0.139908
0.760895 -0.106797 0.768354 -0.139446
0.760887 -0.106437 0.768295 -0.138984
0.760878 -0.106077 0.768237 -0.138522
0.760869 -0.105718 0.768179 -0.138059
0.760861 -0.105358 0.768121 -0.137596
0.760852 -0.104997 0.768063 -0.137134
0.760844 -0.104637 0.768005 -0.136671
0.760835 -0.104277 0.767948 -0.136207
0.760827 -0.103917 0.767891 -0.135744
0.760819 -0.103556 0.767834 -0.135280
0.760810 -0.103196 0.767777 -0.134817
0.760802 -0.102835 0.767721 -0.134353
0.760794 -0.102475 0.767664 -0.133888
0.760786 -0.102114 0.767608 -0.133424
0.760778 -0.101753 0.767552 -0.132960
0.760770 -0.101392 0.767497 -0.132495
0.760762 -0.101031 0.767441 -0.132030
0.760754 -0.100670 0.767386 -0.131565
0.760746 -0.100309 0.767331 -0.131100
0.760738 -0.099948 0.767276 -0.130635
0.760730 -0.099587 0.767221 -0.130169
0.760722 -0.099226 0.767166 -0.129704
0.760715 -0.098864 0.767112 -0.129238
0.760707 -0.098503 0.767058 -0.128772
0.760699 -0.098141 0.767004 -0.128306
0.760692 -0.097780 0.766950 -0.127839
0.760684 -0.097418 0.766897 -0.127373
0.760676 -0.097056 0.766843 -0.126906
0.760669 -0.096694 0.766790 -0.126439
0.760661 -0.096332 0.766737 -0.125972
0.760654 -0.095971 0.766684 -0.125505
0.760647 -0.095609 0.766632 -0.125038
0.760639 -0.095246 0.766580 -0.124571
0.760632 -0.094884 0.766527 -0.124103
0.760625 -0.094522 0.766475 -0.123635
0.760618 -0.094160 0.766424 -0.123167
0.760611 -0.093797 0.766372 -0.122699
0.760603 -0.093435 0.766321 -0.122231
0.760596 -0.093072 0.766270 -0.121762
0.760589 -0.092710 0.766219 -0.121294
0.760582 -0.092347 0.766168 -0.120825
0.760575 -0.091984 0.766117 -0.120356
0.760568 -0.091622 0.766067 -0.119887
0.760562 -0.091259 0.766017 -0.119418
0.760555 -0.090896 0.765967 -0.118948
0.760548 -0.090533 0.765917 -0.118479
0.760541 -0.090170 0.765868 -0.118009
0.760535 -0.089807 0.765819 -0.117539
0.760528 -0.089444 0.765769 -0.117069
0.760521 -0.089080 0.765721 -0.116599
0.760515 -0.088717 0.765672 -0.116129
0.760508 -0.088354 0.765623 -0.115659
0.760502 -0.087990 0.765575 -0.115188
0.760495 -0.087627 0.765527 -0.114717
0.760489 -0.087263 0.765479 -0.114246
0.760482 -0.086899 0.765431 -0.113775
0.760476 -0.086536 0.765384 -0.113304
0.760470 -0.086172 0.765337 -0.112833
0.760464 -0.085808 0.765289 -0.112361
0.760457 -0.085444 0.765243 -0.111890
0.760451 -0.085080 0.765196 -0.111418
0.760445 -0.084716 0.765149 -0.110946
0.760439 -0.084352 0.765103 -0.110474
0.760433 -0.083988 0.765057 -0.110002
0.760427 -0.083624 0.765011 -0.109530
0.760421 -0.083260 0.764966 -0.109057
0.760415 -0.082895 0.764920 -0.108584
0.760409 -0.082531 0.764875 -0.108112
0.760403 -0.082166 0.764830 -0.107639
0.760398 -0.081802 0.764785 -0.107166
0.760392 -0.081437 0.764740 -0.106693
0.760386 -0.081073 0.764696 -0.106219
0.760380 -0.080708 0.764652 -0.105746
0.760375 -0.080343 0.764608 -0.105272
0.760369 -0.079978 0.764564 -0.104798
0.760364 -0.079614 0.764520 -0.104325
0.760358 -0.079249 0.764477 -0.103851
0.760353 -0.078884 0.764434 -0.103376
0.760347 -0.078519 0.764391 -0.102902
0.760342 -0.078154 0.764348 -0.102428
0.760336 -0.077788 0.764305 -0.101953
0.760331 -0.077423 0.764263 -0.101478
0.760326 -0.077058 0.764221 -0.101004
0.760321 -0.076693 0.764179 -0.100529
0.760315 -0.076327 0.764137 -0.100054
0.760310 -0.075962 0.764095 -0.099578
0.760305 -0.075596 0.764054 -0.099103
0.760300 -0.075231 0.764013 -0.098628
0.760295 -0.074865 0.763972 -0.098152
0.760290 -0.074499 0.763931 -0.097676
0.760285 -0.074134 0.763891 -0.097201
0.760280 -0.073768 0.763850 -0.096725
0.760275 -0.073402 0.763810 -0.096248
0.760270 -0.073036 0.763770 -0.095772
0.760265 -0.072670 0.763731 -0.095296
0.760261 -0.072304 0.763691 -0.094819
0.760256 -0.071938 0.763652 -0.094343
0.760251 -0.071572 0.763613 -0.093866
0.760246 -0.071206 0.763574 -0.093389
0.760242 -0.070840 0.763535 -0.092912
0.760237 -0.070474 0.763497 -0.092435
0.760233 -0.070107 0.763458 -0.091958
0.760228 -0.069741 0.763420 -0.091481
0.760224 -0.069375 0.763383 -0.091003
0.760219 -0.069008 0.763345 -0.090526
0.760215 -0.068642 0.763307 -0.090048
0.760210 -0.068275 0.763270 -0.089570
0.760206 -0.067908 0.763233 -0.089092
0.760202 -0.067542 0.763196 -0.088614
0.760198 -0.067175 0.763160 -0.088136
0.760193 -0.066808 0.763123 -0.087658
0.760189 -0.066441 0.763087 -0.087180
0.760185 -0.066075 0.763051 -0.086701
0.760181 -0.065708 0.763015 -0.086223
0.760177 -0.065341 0.762980 -0.085744
0.760173 -0.064974 0.762945 -0.085265
0.760169 -0.064607 0.762909 -0.084786
0.760165 -0.064240 0.762874 -0.084307
0.760161 -0.063873 0.762840 -0.083828
0.760157 -0.063505 0.762805 -0.083349
0.760153 -0.063138 0.762771 -0.082869
0.760149 -0.062771 0.762737 -0.082390
0.760146 -0.062403 0.762703 -0.081910
0.760142 -0.062036 0.762669 -0.081431
0.760138 -0.061669 0.762636 -0.080951
0.760135 -0.061301 0.762602 -0.080471
0.760131 -0.060934 0.762569 -0.079991
0.760127 -0.060566 0.762537 -0.079511
0.760124 -0.060199 0.762504 -0.079031
0.760120 -0.059831 0.762471 -0.078551
0.760117 -0.059463 0.762439 -0.078070
0.760113 -0.059096 0.762407 -0.077590
0.760110 -0.058728 0.762375 -0.077109
0.760107 -0.058360 0.762344 -0.076628
0.760103 -0.057992 0.762312 -0.076148
0.760100 -0.057624 0.762281 -0.075667
0.760097 -0.057256 0.762250 -0.075186
0.760094 -0.056888 0.762220 -0.074705
0.760090 -0.056520 0.762189 -0.074223
0.760087 -0.056152 0.762159 -0.073742
0.760084 -0.055784 0.762128 -0.073261
0.760081 -0.055416 0.762099 -0.072779
0.760078 -0.055048 0.762069 -0.072298
0.760075 -0.054680 0.762039 -0.071816
0.760072 -0.054311 0.762010 -0.071334
0.760069 -0.053943 0.761981 -0.070852
0.760066 -0.053575 0.761952 -0.070370
0.760063 -0.053206 0.761923 -0.069888
0.760061 -0.052838 0.761895 -0.069406
0.760058 -0.052469 0.761867 -0.068924
0.760055 -0.052101 0.761839 -0.068442
0.760052 -0.051732 0.761811 -0.067959
0.760050 -0.051364 0.761783 -0.067477
0.760047 -0.050995 0.761756 -0.066994
0.760044 -0.050627 0.761729 -0.066512
0.760042 -0.050258 0.761702 -0.066029
0.760039 -0.049889 0.761675 -0.065546
0.760037 -0.049520 0.761648 -0.065063
0.760034 -0.049152 0.761622 -0.064580
0.760032 -0.048783 0.761596 -0.064097
0.760029 -0.048414 0.761570 -0.063614
0.760027 -0.048045 0.761544 -0.063131
0.760025 -0.047676 0.761519 -0.062648
0.760022 -0.047307 0.761493 -0.062164
0.760020 -0.046938 0.761468 -0.061681
0.760018 -0.046569 0.761443 -0.061197
0.760016 -0.046200 0.761419 -0.060714
0.760014 -0.045831 0.761394 -0.060230
0.760012 -0.045462 0.761370 -0.059746
0.760009 -0.045093 0.761346 -0.059262
0.760007 -0.044724 0.761322 -0.058778
0.760005 -0.044354 0.761299 -0.058294
0.760003 -0.043985 0.761275 -0.057810
0.760002 -0.043616 0.761252 -0.057326
0.760000 -0.043246 0.761229 -0.056842
0.759998 -0.042877 0.761206 -0.056358
0.759996 -0.042508 0.761184 -0.055873
0.759994 -0.042138 0.761161 -0.055389
0.759992 -0.041769 0.761139 -0.054904
0.759991 -0.041399 0.761117 -0.054420
0.759989 -0.041030 0.761096 -0.053935
0.759987 -0.040660 0.761074 -0.053450
0.759986 -0.040291 0.761053 -0.052966
0.759984 -0.039921 0.761032 -0.052481
0.759982 -0.039552 0.761011 -0.051996
0.759981 -0.039182 0.760990 -0.051511
0.759979 -0.038812 0.760970 -0.051026
0.759978 -0.038443 0.760950 -0.050541
0.759977 -0.038073 0.760930 -0.050056
0.759975 -0.037703 0.760910 -0.049570
0.759974 -0.037333 0.760890 -0.049085
0.759972 -0.036963 0.760871 -0.048600
0.759971 -0.036594 0.760852 -0.048114
0.759970 -0.036224 0.760833 -0.047629
0.759969 -0.035854 0.760814 -0.047143
0.759968 -0.035484 0.760795 -0.046658
0.759966 -0.035114 0.760777 -0.046172
0.759965 -0.034744 0.760759 -0.045686
0.759964 -0.034374 0.760741 -0.045200
0.759963 -0.034004 0.760723 -0.044715
0.759962 -0.033634 0.760706 -0.044229
0.759961 -0.033264 0.760689 -0.043743
0.759960 -0.032894 0.760672 -0.043257
0.759959 -0.032524 0.760655 -0.042771
0.759958 -0.032154 0.760638 -0.042285
0.759958 -0.031784 0.760622 -0.041798
0.759957 -0.031413 0.760606 -0.041312
0.759956 -0.031043 0.760590 -0.040826
0.759955 -0.030673 0.760574 -0.040340
0.759954 -0.030303 0.760558 -0.039853
0.759954 -0.029933 0.760543 -0.039367
0.759953 -0.029562 0.760528 -0.038881
0.759953 -0.029192 0.760513 -0.038394
0.759952 -0.028822 0.760498 -0.037907
0.759951 -0.028451 0.760484 -0.037421
0.759951 -0.028081 0.760470 -0.036934
0.759950 -0.027711 0.760456 -0.036448
0.759950 -0.027340 0.760442 -0.035961
0.759950 -0.026970 0.760428 -0.035474
0.759949 -0.026599 0.760415 -0.034987
0.759949 -0.026229 0.760401 -0.034500
0.759949 -0.025858 0.760388 -0.034014
0.759948 -0.025488 0.760376 -0.033527
0.759948 -0.025118 0.760363 -0.033040
0.759948 -0.024747 0.760351 -0.032553
0.759948 -0.024376 0.760339 -0.032066
0.759948 -0.024006 0.760327 -0.031578
0.759947 -0.023635 0.760315 -0.031091
0.759947 -0.023265 0.760303 -0.030604
0.759947 -0.022894 0.760292 -0.030117
0.759947 -0.022524 0.760281 -0.029630
0.759947 -0.022153 0.760270 -0.029142
0.759947 -0.021782 0.760260 -0.028655
0.759948 -0.021412 0.760249 -0.028168
0.759948 -0.021041 0.760239 -0.027680
0.759948 -0.020670 0.760229 -0.027193
0.759948 -0.020300 0.760219 -0.026706
0.759948 -0.019929 0.760209 -0.026218
0.759948 -0.019558 0.760200 -0.025731
0.759949 -0.019187 0.760191 -0.025243
0.759949 -0.018817 0.760182 -0.024755
0.759949 -0.018446 0.760173 -0.024268
0.759950 -0.018075 0.760165 -0.023780
0.759950 -0.017704 0.760156 -0.023293
0.759951 -0.017334 0.760148 -0.022805
0.759951 -0.016963 0.760141 -0.022317
0.759952 -0.016592 0.760133 -0.021830
0.759952 -0.016221 0.760125 -0.021342
0.759953 -0.015850 0.760118 -0.020854
0.759954 -0.015480 0.760111 -0.020366
0.759954 -0.015109 0.760104 -0.019879
0.759955 -0.014738 0.760098 -0.019391
0.759956 -0.014367 0.760091 -0.018903
0.759956 -0.013996 0.760085 -0.018415
0.759957 -0.013625 0.760079 -0.017927
0.759958 -0.013254 0.760074 -0.017439
0.759959 -0.012883 0.760068 -0.016951
0.759960 -0.012513 0.760063 -0.016463
0.759961 -0.012142 0.760058 -0.015975
0.759962 -0.011771 0.760053 -0.015487
0.759963 -0.011400 0.760048 -0.014999
0.759964 -0.011029 0.760044 -0.014511
0.759965 -0.010658 0.760039 -0.014023
0.759966 -0.010287 0.760035 -0.013535
0.759967 -0.009916 0.760032 -0.013047
0.759968 -0.009545 0.760028 -0.012559
0.759969 -0.009174 0.760025 -0.012071
0.759970 -0.008803 0.760021 -0.011583
0.759972 -0.008432 0.760018 -0.011095
0.759973 -0.008061 0.760016 -0.010607
0.759974 -0.007690 0.760013 -0.010119
0.759976 -0.007319 0.760011 -0.009631
0.759977 -0.006948 0.760009 -0.009143
0.759978 -0.006577 0.760007 -0.008654
0.759980 -0.006206 0.760005 -0.008166
0.759981 -0.005835 0.760004 -0.007678
0.759983 -0.005464 0.760002 -0.007190
0.759984 -0.005093 0.760001 -0.006702
0.759986 -0.004722 0.760001 -0.006214
0.759988 -0.004351 0.760000 -0.005726
0.759989 -0.003980 0.760000 -0.005237
0.759991 -0.003609 0.759999 -0.004749
0.759993 -0.003239 0.759999 -0.004261
0.759994 -0.002868 0.760000 -0.003773
0.759996 -0.002497 0.760000 -0.003285
0.759998 -0.002126 0.760001 -0.002797
0.760000 -0.001755 0.760002 -0.002309
0.760002 -0.001384 0.760003 -0.001820
0.760004 -0.001013 0.760004 -0.001332
0.760005 -0.000642 0.760006 -0.000844
0.760007 -0.000271 0.760007 -0.000356
0.760009 0.000100 0.760009 0.000132
0.760011 0.000471 0.760012 0.000620
0.760014 0.000842 0.760014 0.001108
0.760016 0.001213 0.760017 0.001596
