# x [au] y [au] r [au] lon [rad]
0.840000 0.000000 0.840000 0.000000
0.840000 0.000240 0.840000 0.000286
0.840000 0.000481 0.840000 0.000572
0.840000 0.000721 0.840001 0.000858
0.840000 0.000961 0.840001 0.001144
0.840001 0.001201 0.840001 0.001430
0.840001 0.001442 0.840002 0.001716
0.840001 0.001682 0.840003 0.002002
0.840002 0.001922 0.840004 0.002288
0.840002 0.002163 0.840005 0.002574
0.840002 0.002403 0.840006 0.002861
0.840003 0.002643 0.840007 0.003147
0.840003 0.002883 0.840008 0.003433
0.840004 0.003124 0.840010 0.003719
0.840005 0.003364 0.840011 0.004005
0.840005 0.003604 0.840013 0.004291
0.840006 0.003844 0.840015 0.004577
0.840007 0.004085 0.840017 0.004863
0.840008 0.004325 0.840019 0.005149
0.840009 0.004565 0.840021 0.005435
0.840010 0.004806 0.840023 0.005721
0.840011 0.005046 0.840026 0.006007
0.840012 0.005286 0.840028 0.006293
0.840013 0.005526 0.840031 0.006579
0.840014 0.005767 0.840034 0.006865
0.840015 0.006007 0.840036 0.007151
0.840016 0.006247 0.840039 0.007437
0.840017 0.006487 0.840043 0.007723
0.840019 0.006727 0.840046 0.008009
0.840020 0.006968 0.840049 0.008294
0.840022 0.007208 0.840053 0.008580
0.840023 0.007448 0.840056 0.008866
0.840025 0.007688 0.840060 0.009152
0.840026 0.007929 0.840064 0.009438
0.840028 0.008169 0.840067 0.009724
0.840029 0.008409 0.840071 0.010010
0.840031 0.008649 0.840076 0.010296
0.840033 0.008889 0.840080 0.010582
0.840035 0.009129 0.840084 0.010868
0.840036 0.009370 0.840089 0.011153
0.840038 0.009610 0.840093 0.011439
0.840040 0.009850 0.840098 0.011725
0.840042 0.010090 0.840103 0.012011
0.840044 0.010330 0.840108 0.012297
0.840046 0.010570 0.840113 0.012582
0.840049 0.010811 0.840118 0.012868
0.840051 0.011051 0.840123 0.013154
0.840053 0.011291 0.840129 0.013440
0.840055 0.011531 0.840134 0.013726
0.840058 0.011771 0.840140 0.014011
0.840060 0.012011 0.840146 0.014297
0.840062 0.012251 0.840152 0.014583
0.840065 0.012491 0.840158 0.014868
0.840067 0.012731 0.840164 0.015154
0.840070 0.012971 0.840170 0.015440
0.840073 0.013212 0.840176 0.015725
0.840075 0.013452 0.840183 0.016011
0.840078 0.013692 0.840189 0.016297
0.840081 0.013932 0.840196 0.016582
0.840083 0.014172 0.840203 0.016868
0.840086 0.014412 0.840210 0.017153
0.840089 0.014652 0.840217 0.017439
0.840092 0.014892 0.840224 0.017724
0.840095 0.015132 0.840231 0.018010
0.840098 0.015372 0.840239 0.018295
0.840101 0.015612 0.840246 0.018581
0.840104 0.015852 0.840254 0.018866
0.840108 0.016092 0.840262 0.019152
0.840111 0.016331 0.840270 0.019437
0.840114 0.016571 0.840278 0.019723
0.840118 0.016811 0.840286 0.020008
0.840121 0.017051 0.840294 0.020293
0.840124 0.017291 0.840302 0.020579
0.840128 0.017531 0.840311 0.020864
0.840131 0.017771 0.840319 0.021149
0.840135 0.018011 0.840328 0.021435
0.840139 0.018251 0.840337 0.021720
0.840142 0.018490 0.840346 0.022005
0.840146 0.018730 0.840355 0.022290
0.840150 0.018970 0.840364 0.022576
0.840154 0.019210 0.840373 0.022861
0.840157 0.019450 0.840383 0.023146
0.840161 0.019689 0.840392 0.023431
0.840165 0.019929 0.840402 0.023716
0.840169 0.020169 0.840411 0.024001
0.840173 0.020409 0.840421 0.024286
0.840177 0.020648 0.840431 0.024571
0.840182 0.020888 0.840441 0.024856
0.840186 0.021128 0.840451 0.025141
0.840190 0.021367 0.840462 0.025426
0.840194 0.021607 0.840472 0.025711
0.840199 0.021847 0.840483 0.025996
0.840203 0.022086 0.840493 0.026281
0.840208 0.022326 0.840504 0.026566
0.840212 0.022566 0.840515 0.026851
0.840217 0.022805 0.840526 0.027135
0.840221 0.023045 0.840537 0.027420
0.840226 0.023284 0.840548 0.027705
0.840230 0.023524 0.840560 0.027990
0.840235 0.023764 0.840571 0.028274
0.840240 0.024003 0.840583 0.028559
0.840245 0.024243 0.840594 0.028844
0.840250 0.024482 0.840606 0.029128
0.840255 0.024722 0.840618 0.029413
0.840260 0.024961 0.840630 0.029698
0.840265 0.025200 0.840642 0.029982
0.840270 0.025440 0.840655 0.030267
0.840275 0.025679 0.840667 0.030551
0.840280 0.025919 0.840680 0.030836
0.840285 0.026158 0.840692 0.031120
0.840290 0.026397 0.840705 0.031404
0.840296 0.026637 0.840718 0.031689
0.840301 0.026876 0.840731 0.031973
0.840307 0.027115 0.840744 0.032257
0.840312 0.027355 0.840757 0.032542
0.840318 0.027594 0.840770 0.032826
0.840323 0.027833 0.840784 0.033110
0.840329 0.028073 0.840797 0.033394
0.840334 0.028312 0.840811 0.033678
0.840340 0.028551 0.840825 0.033962
0.840346 0.028790 0.840839 0.034247
0.840352 0.029029 0.840853 0.034531
0.840357 0.029269 0.840867 0.034815
0.840363 0.029508 0.840881 0.035099
0.840369 0.029747 0.840896 0.035382
0.840375 0.029986 0.840910 0.035666
0.840381 0.030225 0.840925 0.035950
0.840387 0.030464 0.840939 0.036234
0.840394 0.030703 0.840954 0.036518
0.840400 0.030942 0.840969 0.036802
0.840406 0.031181 0.840984 0.037085
0.840412 0.031420 0.840999 0.037369
0.840419 0.031659 0.841015 0.037653
0.840425 0.031898 0.841030 0.037936
0.840431 0.032137 0.841046 0.038220
0.840438 0.032376 0.841061 0.038503
0.840444 0.032615 0.841077 0.038787
0.840451 0.032854 0.841093 0.039070
0.840458 0.033092 0.841109 0.039354
0.840464 0.033331 0.841125 0.039637
0.840471 0.033570 0.841141 0.039921
0.840478 0.033809 0.841157 0.040204
0.840485 0.034047 0.841174 0.040487
0.840491 0.034286 0.841190 0.040770
0.840498 0.034525 0.841207 0.041054
0.840505 0.034764 0.841224 0.041337
0.840512 0.035002 0.841241 0.041620
0.840519 0.035241 0.841258 0.041903
0.840526 0.035480 0.841275 0.042186
0.840534 0.035718 0.841292 0.042469
0.840541 0.035957 0.841310 0.042752
0.840548 0.036195 0.841327 0.043035
0.840555 0.036434 0.841345 0.043318
0.840563 0.036672 0.841362 0.043601
0.840570 0.036911 0.841380 0.043883
0.840578 0.037149 0.841398 0.044166
0.840585 0.037388 0.841416 0.044449
0.840593 0.037626 0.841434 0.044731
0.840600 0.037864 0.841453 0.045014
0.840608 0.038103 0.841471 0.045297
0.840615 0.038341 0.841489 0.045579
0.840623 0.038579 0.841508 0.045862
0.840631 0.038818 0.841527 0.046144
0.840639 0.039056 0.841546 0.046427
0.840647 0.039294 0.841565 0.046709
0.840655 0.039532 0.841584 0.046991
0.840663 0.039771 0.841603 0.047273
0.840671 0.040009 0.841622 0.047556
0.840679 0.040247 0.841642 0.047838
0.840687 0.040485 0.841661 0.048120
0.840695 0.040723 0.841681 0.048402
0.840703 0.040961 0.841701 0.048684
0.840712 0.041199 0.841720 0.048966
0.840720 0.041437 0.841740 0.049248
0.840728 0.041675 0.841761 0.049530
0.840737 0.041913 0.841781 0.049812
0.840745 0.042151 0.841801 0.050093
0.840754 0.042389 0.841822 0.050375
0.840762 0.042627 0.841842 0.050657
0.840771 0.042865 0.841863 0.050939
0.840780 0.043103 0.841884 0.051220
0.840788 0.043340 0.841905 0.051502
0.840797 0.043578 0.841926 0.051783
0.840806 0.043816 0.841947 0.052065
0.840815 0.044054 0.841968 0.052346
0.840824 0.044291 0.841989 0.052627
0.840833 0.044529 0.842011 0.052909
0.840842 0.044767 0.842032 0.053190
0.840851 0.045004 0.842054 0.053471
0.840860 0.045242 0.842076 0.053752
0.840869 0.045479 0.842098 0.054033
0.840878 0.045717 0.842120 0.054314
0.840887 0.045954 0.842142 0.054595
0.840897 0.046192 0.842164 0.054876
0.840906 0.046429 0.842187 0.055157
0.840916 0.046667 0.842209 0.055438
0.840925 0.046904 0.842232 0.055719
0.840934 0.047141 0.842255 0.056000
0.840944 0.047379 0.842278 0.056280
0.840954 0.047616 0.842301 0.056561
0.840963 0.047853 0.842324 0.056841
0.840973 0.048090 0.842347 0.057122
0.840983 0.048327 0.842370 0.057402
0.840993 0.048565 0.842394 0.057683
0.841002 0.048802 0.842417 0.057963
0.841012 0.049039 0.842441 0.058243
0.841022 0.049276 0.842465 0.058524
0.841032 0.049513 0.842488 0.058804
0.841042 0.049750 0.842512 0.059084
0.841052 0.049987 0.842536 0.059364
0.841062 0.050224 0.842561 0.059644
0.841073 0.050461 0.842585 0.059924
0.841083 0.050698 0.842609 0.060204
0.841093 0.050934 0.842634 0.060483
0.841104 0.051171 0.842659 0.060763
0.841114 0.051408 0.842683 0.061043
0.841124 0.051645 0.842708 0.061323
0.841135 0.051881 0.842733 0.061602
0.841145 0.052118 0.842759 0.061882
0.841156 0.052355 0.842784 0.062161
0.841167 0.052591 0.842809 0.062441
0.841177 0.052828 0.842835 0.062720
0.841188 0.053064 0.842860 0.062999
0.841199 0.053301 0.842886 0.063278
0.841210 0.053537 0.842912 0.063558
0.841221 0.053774 0.842938 0.063837
0.841232 0.054010 0.842964 0.064116
0.841242 0.054247 0.842990 0.064395
0.841254 0.054483 0.843016 0.064674
0.841265 0.054719 0.843042 0.064953
0.841276 0.054955 0.843069 0.065231
0.841287 0.055192 0.843095 0.065510
0.841298 0.055428 0.843122 0.065789
0.841309 0.055664 0.843149 0.066067
0.841321 0.055900 0.843176 0.066346
0.841332 0.056136 0.843203 0.066624
0.841344 0.056372 0.843230 0.066903
0.841355 0.056608 0.843257 0.067181
0.841367 0.056844 0.843285 0.067459
0.841378 0.057080 0.843312 0.067738
0.841390 0.057316 0.843340 0.068016
0.841401 0.057552 0.843367 0.068294
0.841413 0.057788 0.843395 0.068572
0.841425 0.058024 0.843423 0.068850
0.841437 0.058259 0.843451 0.069128
0.841449 0.058495 0.843479 0.069406
0.841461 0.058731 0.843508 0.069683
0.841473 0.058967 0.843536 0.069961
0.841485 0.059202 0.843565 0.070239
0.841497 0.059438 0.843593 0.070516
0.841509 0.059673 0.843622 0.070794
0.841521 0.059909 0.843651 0.071071
0.841533 0.060144 0.843680 0.071348
0.841546 0.060380 0.843709 0.071626
0.841558 0.060615 0.843738 0.071903
0.841570 0.060850 0.843767 0.072180
0.841583 0.061086 0.843797 0.072457
0.841595 0.061321 0.843826 0.072734
0.841608 0.061556 0.843856 0.073011
0.841620 0.061791 0.843886 0.073288
0.841633 0.062027 0.843915 0.073565
0.841646 0.062262 0.843945 0.073842
0.841658 0.062497 0.843975 0.074118
0.841671 0.062732 0.844006 0.074395
0.841684 0.062967 0.844036 0.074671
0.841697 0.063202 0.844066 0.074948
0.841710 0.063437 0.844097 0.075224
0.841723 0.063672 0.844127 0.075500
0.841736 0.063906 0.844158 0.075777
0.841749 0.064141 0.844189 0.076053
0.841762 0.064376 0.844220 0.076329
0.841775 0.064611 0.844251 0.076605
0.841788 0.064845 0.844282 0.076881
0.841802 0.065080 0.844314 0.077157
0.841815 0.065315 0.844345 0.077433
0.841828 0.065549 0.844376 0.077708
0.841842 0.065784 0.844408 0.077984
0.841855 0.066018 0.844440 0.078260
0.841869 0.066252 0.844472 0.078535
0.841882 0.066487 0.844504 0.078810
0.841896 0.066721 0.844536 0.079086
0.841910 0.066955 0.844568 0.079361
0.841923 0.067190 0.844600 0.079636
0.841937 0.067424 0.844633 0.079911
0.841951 0.067658 0.844665 0.080186
0.841965 0.067892 0.844698 0.080461
0.841979 0.068126 0.844731 0.080736
0.841993 0.068360 0.844763 0.081011
0.842007 0.068594 0.844796 0.081286
0.842021 0.068828 0.844829 0.081560
0.842035 0.069062 0.844863 0.081835
0.842049 0.069296 0.844896 0.082110
0.842064 0.069530 0.844929 0.082384
0.842078 0.069764 0.844963 0.082658
0.842092 0.069997 0.844996 0.082933
0.842107 0.070231 0.845030 0.083207
0.842121 0.070465 0.845064 0.083481
0.842136 0.070698 0.845098 0.083755
0.842150 0.070932 0.845132 0.084029
0.842165 0.071165 0.845166 0.084303
0.842179 0.071399 0.845200 0.084576
0.842194 0.071632 0.845235 0.084850
0.842209 0.071866 0.845269 0.085124
0.842224 0.072099 0.845304 0.085397
0.842238 0.072332 0.845339 0.085671
0.842253 0.072566 0.845374 0.085944
0.842268 0.072799 0.845408 0.086218
0.842283 0.073032 0.845444 0.086491
0.842298 0.073265 0.845479 0.086764
0.842313 0.073498 0.845514 0.087037
0.842329 0.073731 0.845549 0.087310
0.842344 0.073964 0.845585 0.087583
0.842359 0.074197 0.845620 0.087856
0.842374 0.074430 0.845656 0.088128
0.842390 0.074663 0.845692 0.088401
0.842405 0.074895 0.845728 0.088674
0.842421 0.075128 0.845764 0.088946
0.842436 0.075361 0.845800 0.089218
0.842452 0.075593 0.845836 0.089491
0.842467 0.075826 0.845873 0.089763
0.842483 0.076059 0.845909 0.090035
0.842499 0.076291 0.845946 0.090307
0.842514 0.076524 0.845982 0.090579
0.842530 0.076756 0.846019 0.090851
0.842546 0.076988 0.846056 0.091123
0.842562 0.077221 0.846093 0.091394
0.842578 0.077453 0.846130 0.091666
0.842594 0.077685 0.846168 0.091938
0.842610 0.077917 0.846205 0.092209
0.842626 0.078149 0.846242 0.092480
0.842642 0.078381 0.846280 0.092752
0.842659 0.078613 0.846318 0.093023
0.842675 0.078845 0.846355 0.093294
0.842691 0.079077 0.846393 0.093565
0.842708 0.079309 0.846431 0.093836
0.842724 0.079541 0.846469 0.094107
0.842740 0.079773 0.846508 0.094377
0.842757 0.080004 0.846546 0.094648
0.842774 0.080236 0.846584 0.094919
0.842790 0.080468 0.846623 0.095189
0.842807 0.080699 0.846662 0.095459
0.842824 0.080931 0.846700 0.095730
0.842840 0.081162 0.846739 0.096000
0.842857 0.081393 0.846778 0.096270
0.842874 0.081625 0.846817 0.096540
0.842891 0.081856 0.846856 0.096810
0.842908 0.082087 0.846896 0.097080
0.842925 0.082318 0.846935 0.097349
0.842942 0.082550 0.846975 0.097619
0.842959 0.082781 0.847014 0.097889
0.842977 0.083012 0.847054 0.098158
0.842994 0.083243 0.847094 0.098427
0.843011 0.083474 0.847134 0.098697
0.843029 0.083705 0.847174 0.098966
0.843046 0.083935 0.847214 0.099235
0.843063 0.084166 0.847254 0.099504
0.843081 0.084397 0.847295 0.099773
0.843099 0.084628 0.847335 0.100042
0.843116 0.084858 0.847376 0.100310
0.843134 0.085089 0.847416 0.100579
0.843152 0.085319 0.847457 0.100848
0.843169 0.085550 0.847498 0.101116
0.843187 0.085780 0.847539 0.101384
0.843205 0.086010 0.847580 0.101653
0.843223 0.086241 0.847622 0.101921
0.843241 0.086471 0.847663 0.102189
0.843259 0.086701 0.847704 0.102457
0.843277 0.086931 0.847746 0.102725
0.843295 0.087161 0.847788 0.102992
0.843313 0.087391 0.847829 0.103260
0.843332 0.087621 0.847871 0.103528
0.843350 0.087851 0.847913 0.103795
0.843368 0.088081 0.847955 0.104062
0.843387 0.088311 0.847998 0.104330
0.843405 0.088541 0.848040 0.104597
0.843424 0.088770 0.848082 0.104864
0.843442 0.089000 0.848125 0.105131
0.843461 0.089230 0.848167 0.105398
0.843479 0.089459 0.848210 0.105665
0.843498 0.089688 0.848253 0.105931
0.843517 0.089918 0.848296 0.106198
0.843536 0.090147 0.848339 0.106464
0.843555 0.090377 0.848382 0.106731
0.843574 0.090606 0.848425 0.106997
0.843592 0.090835 0.848469 0.107263
0.843612 0.091064 0.848512 0.107529
0.843631 0.091293 0.848556 0.107795
0.843650 0.091522 0.848600 0.108061
0.843669 0.091751 0.848643 0.108327
0.843688 0.091980 0.848687 0.108592
0.843707 0.092209 0.848731 0.108858
0.843727 0.092438 0.848775 0.109123
0.843746 0.092666 0.848820 0.109389
0.843766 0.092895 0.848864 0.109654
0.843785 0.093124 0.848908 0.109919
0.843805 0.093352 0.848953 0.110184
0.843824 0.093581 0.848997 0.110449
0.843844 0.093809 0.849042 0.110714
0.843864 0.094037 0.849087 0.110979
0.843883 0.094266 0.849132 0.111244
0.843903 0.094494 0.849177 0.111508
0.843923 0.094722 0.849222 0.111773
0.843943 0.094950 0.849268 0.112037
0.843963 0.095178 0.849313 0.112301
0.843983 0.095406 0.849358 0.112565
0.844003 0.095634 0.849404 0.112829
0.844023 0.095862 0.849450 0.113093
0.844043 0.096090 0.849495 0.113357
0.844064 0.096318 0.849541 0.113621
0.844084 0.096546 0.849587 0.113884
0.844104 0.096773 0.849633 0.114148
0.844125 0.097001 0.849680 0.114411
0.844145 0.097228 0.849726 0.114674
0.844166 0.097456 0.849772 0.114938
0.844186 0.097683 0.849819 0.115201
0.844207 0.097911 0.849866 0.115464
0.844227 0.098138 0.849912 0.115726
0.844248 0.098365 0.849959 0.115989
0.844269 0.098592 0.850006 0.116252
0.844290 0.098819 0.850053 0.116514
0.844311 0.099046 0.850100 0.116777
0.844332 0.099273 0.850148 0.117039
0.844352 0.099500 0.850195 0.117301
0.844374 0.099727 0.850242 0.117563
0.844395 0.099954 0.850290 0.117825
0.844416 0.100181 0.850338 0.118087
0.844437 0.100407 0.850385 0.118349
0.844458 0.100634 0.850433 0.118610
0.844479 0.100861 0.850481 0.118872
0.844501 0.101087 0.850529 0.119133
0.844522 0.101313 0.850578 0.119395
0.844544 0.101540 0.850626 0.119656
0.844565 0.101766 0.850674 0.119917
0.844587 0.101992 0.850723 0.120178
0.844608 0.102218 0.850771 0.120439
0.844630 0.102445 0.850820 0.120700
0.844652 0.102671 0.850869 0.120960
0.844674 0.102897 0.850918 0.121221
0.844695 0.103122 0.850967 0.121481
0.844717 0.103348 0.851016 0.121742
0.844739 0.103574 0.851065 0.122002
0.844761 0.103800 0.851115 0.122262
0.844783 0.104025 0.851164 0.122522
0.844805 0.104251 0.851213 0.122782
0.844828 0.104477 0.851263 0.123041
0.844850 0.104702 0.851313 0.123301
0.844872 0.104927 0.851363 0.123561
0.844894 0.105153 0.851413 0.123820
0.844917 0.105378 0.851463 0.124079
0.844939 0.105603 0.851513 0.124338
0.844962 0.105828 0.851563 0.124597
0.844984 0.106053 0.851613 0.124856
0.845007 0.106278 0.851664 0.125115
0.845029 0.106503 0.851714 0.125374
0.845052 0.106728 0.851765 0.125633
0.845075 0.106953 0.851816 0.125891
0.845098 0.107178 0.851867 0.126149
0.845120 0.107402 0.851918 0.126408
0.845143 0.107627 0.851969 0.126666
0.845166 0.107851 0.852020 0.126924
0.845189 0.108076 0.852071 0.127182
0.845212 0.108300 0.852123 0.127439
0.845236 0.108525 0.852174 0.127697
0.845259 0.108749 0.852226 0.127955
0.845282 0.108973 0.852277 0.128212
0.845305 0.109197 0.852329 0.128469
0.845329 0.109421 0.852381 0.128726
0.845352 0.109645 0.852433 0.128984
0.845375 0.109869 0.852485 0.129240
0.845399 0.110093 0.852537 0.129497
0.845422 0.110317 0.852590 0.129754
0.845446 0.110540 0.852642 0.130011
0.845470 0.110764 0.852694 0.130267
0.845493 0.110988 0.852747 0.130523
0.845517 0.111211 0.852800 0.130780
0.845541 0.111435 0.852852 0.131036
0.845565 0.111658 0.852905 0.131292
0.845589 0.111881 0.852958 0.131548
0.845613 0.112105 0.853011 0.131803
0.845637 0.112328 0.853065 0.132059
0.845661 0.112551 0.853118 0.132314
0.845685 0.112774 0.853171 0.132570
0.845709 0.112997 0.853225 0.132825
0.845734 0.113220 0.853278 0.133080
0.845758 0.113442 0.853332 0.133335
0.845782 0.113665 0.853386 0.133590
0.845807 0.113888 0.853440 0.133845
0.845831 0.114110 0.853494 0.134100
0.845856 0.114333 0.853548 0.134354
0.845880 0.114555 0.853602 0.134608
0.845905 0.114778 0.853656 0.134863
0.845930 0.115000 0.853711 0.135117
0.845954 0.115222 0.853765 0.135371
0.845979 0.115444 0.853820 0.135625
0.846004 0.115667 0.853875 0.135879
0.846029 0.115889 0.853929 0.136132
0.846054 0.116111 0.853984 0.136386
0.846079 0.116332 0.854039 0.136639
0.846104 0.116554 0.854094 0.136892
0.846129 0.116776 0.854150 0.137146
0.846155 0.116998 0.854205 0.137399
0.846180 0.117219 0.854260 0.137652
0.846205 0.117441 0.854316 0.137904
0.846230 0.117662 0.854371 0.138157
0.846256 0.117884 0.854427 0.138410
0.846281 0.118105 0.854483 0.138662
0.846307 0.118326 0.854539 0.138914
0.846332 0.118547 0.854595 0.139166
0.846358 0.118768 0.854651 0.139418
0.846384 0.118989 0.854707 0.139670
0.846410 0.119210 0.854763 0.139922
0.846435 0.119431 0.854820 0.140174
0.846461 0.119652 0.854876 0.140425
0.846487 0.119873 0.854933 0.140677
0.846513 0.120093 0.854989 0.140928
0.846539 0.120314 0.855046 0.141179
0.846565 0.120534 0.855103 0.141430
0.846591 0.120755 0.855160 0.141681
0.846617 0.120975 0.855217 0.141931
0.846644 0.121195 0.855274 0.142182
0.846670 0.121416 0.855331 0.142433
0.846696 0.121636 0.855389 0.142683
0.846723 0.121856 0.855446 0.142933
0.846749 0.122076 0.855504 0.143183
0.846776 0.122296 0.855561 0.143433
0.846802 0.122515 0.855619 0.143683
0.846829 0.122735 0.855677 0.143933
0.846856 0.122955 0.855735 0.144182
0.846882 0.123174 0.855793 0.144432
0.846909 0.123394 0.855851 0.144681
0.846936 0.123613 0.855909 0.144930
0.846963 0.123833 0.855968 0.145179
0.846990 0.124052 0.856026 0.145428
0.847017 0.124271 0.856085 0.145677
0.847044 0.124490 0.856143 0.145926
0.847071 0.124709 0.856202 0.146174
0.847098 0.124928 0.856261 0.146422
0.847126 0.125147 0.856320 0.146671
0.847153 0.125366 0.856379 0.146919
0.847180 0.125585 0.856438 0.147167
0.847208 0.125803 0.856497 0.147415
0.847235 0.126022 0.856556 0.147662
0.847263 0.126241 0.856616 0.147910
0.847290 0.126459 0.856675 0.148157
0.847318 0.126677 0.856735 0.148405
0.847346 0.126896 0.856795 0.148652
0.847373 0.127114 0.856854 0.148899
0.847401 0.127332 0.856914 0.149146
0.847429 0.127550 0.856974 0.149393
0.847457 0.127768 0.857034 0.149639
0.847485 0.127986 0.857095 0.149886
0.847513 0.128204 0.857155 0.150132
0.847541 0.128421 0.857215 0.150378
0.847569 0.128639 0.857276 0.150624
0.847597 0.128857 0.857336 0.150870
0.847626 0.129074 0.857397 0.151116
0.847654 0.129291 0.857458 0.151362
0.847682 0.129509 0.857518 0.151607
0.847711 0.129726 0.857579 0.151853
0.847739 0.129943 0.857640 0.152098
0.847768 0.130160 0.857702 0.152343
0.847796 0.130377 0.857763 0.152588
0.847825 0.130594 0.857824 0.152833
0.847854 0.130811 0.857885 0.153078
0.847883 0.131028 0.857947 0.153323
0.847911 0.131244 0.858009 0.153567
0.847940 0.131461 0.858070 0.153811
0.847969 0.131678 0.858132 0.154055
0.847998 0.131894 0.858194 0.154299
0.848027 0.132110 0.858256 0.154543
0.848056 0.132327 0.858318 0.154787
0.848085 0.132543 0.858380 0.155031
0.848115 0.132759 0.858442 0.155274
0.848144 0.132975 0.858505 0.155518
0.848173 0.133191 0.858567 0.155761
0.848203 0.133407 0.858630 0.156004
0.848232 0.133623 0.858692 0.156247
0.848262 0.133838 0.858755 0.156490
0.848291 0.134054 0.858818 0.156732
0.848321 0.134270 0.858881 0.156975
0.848350 0.134485 0.858944 0.157217
0.848380 0.134700 0.859007 0.157459
0.848410 0.134916 0.859070 0.157701
0.848440 0.135131 0.859134 0.157943
0.848470 0.135346 0.859197 0.158185
0.848500 0.135561 0.859260 0.158427
0.848530 0.135776 0.859324 0.158668
0.848560 0.135991 0.859388 0.158910
0.848590 0.136206 0.859451 0.159151
0.848620 0.136420 0.859515 0.159392
0.848650 0.136635 0.859579 0.159633
0.848681 0.136850 0.859643 0.159874
0.848711 0.137064 0.859707 0.160114
0.848741 0.137279 0.859772 0.160355
0.848772 0.137493 0.859836 0.160595
0.848802 0.137707 0.859900 0.160836
0.848833 0.137921 0.859965 0.161076
0.848864 0.138135 0.860029 0.161316
0.848894 0.138349 0.860094 0.161555
0.848925 0.138563 0.860159 0.161795
0.848956 0.138777 0.860224 0.162035
0.848987 0.138991 0.860289 0.162274
0.849018 0.139204 0.860354 0.162513
0.849049 0.139418 0.860419 0.162752
0.849080 0.139631 0.860484 0.162991
0.849111 0.139844 0.860550 0.163230
0.849142 0.140058 0.860615 0.163469
0.849173 0.140271 0.860681 0.163707
0.849204 0.140484 0.860746 0.163945
0.849236 0.140697 0.860812 0.164184
0.849267 0.140910 0.860878 0.164422
0.849299 0.141123 0.860944 0.164660
0.849330 0.141336 0.861009 0.164897
0.849362 0.141548 0.861076 0.165135
0.849393 0.141761 0.861142 0.165372
0.849425 0.141973 0.861208 0.165610
0.849457 0.142186 0.861274 0.165847
0.849488 0.142398 0.861341 0.166084
0.849520 0.142610 0.861407 0.166321
0.849552 0.142823 0.861474 0.166558
0.849584 0.143035 0.861541 0.166794
0.849616 0.143247 0.861607 0.167031
0.849648 0.143458 0.861674 0.167267
0.849680 0.143670 0.861741 0.167503
0.849713 0.143882 0.861808 0.167739
0.849745 0.144094 0.861876 0.167975
0.849777 0.144305 0.861943 0.168211
0.849810 0.144517 0.862010 0.168446
0.849842 0.144728 0.862078 0.168682
0.849875 0.144939 0.862145 0.168917
0.849907 0.145150 0.862213 0.169152
0.849940 0.145362 0.862280 0.169387
0.849972 0.145573 0.862348 0.169622
0.850005 0.145784 0.862416 0.169856
0.850038 0.145994 0.862484 0.170091
0.850071 0.146205 0.862552 0.170325
0.850104 0.146416 0.862620 0.170559
0.850137 0.146626 0.862688 0.170794
0.850170 0.146837 0.862757 0.171027
0.850203 0.147047 0.862825 0.171261
0.850236 0.147257 0.862894 0.171495
0.850269 0.147468 0.862962 0.171728
0.850302 0.147678 0.863031 0.171962
0.850335 0.147888 0.863100 0.172195
0.850369 0.148098 0.863169 0.172428
0.850402 0.148308 0.863238 0.172661
0.850436 0.148517 0.863307 0.172893
0.850469 0.148727 0.863376 0.173126
0.850503 0.148937 0.863445 0.173358
0.850537 0.149146 0.863514 0.173590
0.850570 0.149356 0.863584 0.173823
0.850604 0.149565 0.863653 0.174054
0.850638 0.149774 0.863723 0.174286
0.850672 0.149983 0.863792 0.174518
0.850706 0.150192 0.863862 0.174749
0.850740 0.150401 0.863932 0.174981
0.850774 0.150610 0.864002 0.175212
0.850808 0.150819 0.864072 0.175443
0.850842 0.151027 0.864142 0.175674
0.850876 0.151236 0.864212 0.175904
0.850911 0.151444 0.864283 0.176135
0.850945 0.151653 0.864353 0.176365
0.850979 0.151861 0.864423 0.176596
0.851014 0.152069 0.864494 0.176826
0.851048 0.152277 0.864565 0.177056
0.851083 0.152486 0.864635 0.177285
0.851118 0.152693 0.864706 0.177515
0.851152 0.152901 0.864777 0.177745
0.851187 0.153109 0.864848 0.177974
0.851222 0.153317 0.864919 0.178203
0.851257 0.153524 0.864990 0.178432
0.851292 0.153732 0.865061 0.178661
0.851327 0.153939 0.865133 0.178890
0.851362 0.154146 0.865204 0.179118
0.851397 0.154354 0.865276 0.179346
0.851432 0.154561 0.865347 0.179575
0.851467 0.154768 0.865419 0.179803
0.851503 0.154975 0.865491 0.180031
0.851538 0.155181 0.865562 0.180258
0.851574 0.155388 0.865634 0.180486
0.851609 0.155595 0.865706 0.180713
0.851645 0.155801 0.865779 0.180941
0.851680 0.156008 0.865851 0.181168
0.851716 0.156214 0.865923 0.181395
0.851752 0.156420 0.865995 0.181622
0.851787 0.156626 0.866068 0.181848
0.851823 0.156832 0.866140 0.182075
0.851859 0.157038 0.866213 0.182301
0.851895 0.157244 0.866286 0.182527
0.851931 0.157450 0.866358 0.182753
0.851967 0.157656 0.866431 0.182979
0.852003 0.157861 0.866504 0.183205
0.852039 0.158067 0.866577 0.183430
0.852076 0.158272 0.866650 0.183656
0.852112 0.158477 0.866724 0.183881
0.852148 0.158683 0.866797 0.184106
0.852185 0.158888 0.866870 0.184331
0.852221 0.159093 0.866944 0.184556
0.852258 0.159298 0.867017 0.184780
0.852294 0.159503 0.867091 0.185005
0.852331 0.159707 0.867165 0.185229
0.852368 0.159912 0.867239 0.185453
0.852405 0.160116 0.867312 0.185677
0.852442 0.160321 0.867386 0.185901
0.852478 0.160525 0.867461 0.186125
0.852515 0.160729 0.867535 0.186348
0.852552 0.160933 0.867609 0.186571
0.852590 0.161138 0.867683 0.186794
0.852627 0.161341 0.867758 0.187017
0.852664 0.161545 0.867832 0.187240
0.852701 0.161749 0.867907 0.187463
0.852738 0.161953 0.867981 0.187685
0.852776 0.162156 0.868056 0.187908
0.852813 0.162360 0.868131 0.188130
0.852851 0.162563 0.868206 0.188352
0.852888 0.162766 0.868281 0.188574
0.852926 0.162970 0.868356 0.188796
0.852964 0.163173 0.868431 0.189017
0.853001 0.163376 0.868506 0.189238
0.853039 0.163578 0.868582 0.189460
0.853077 0.163781 0.868657 0.189681
0.853115 0.163984 0.868732 0.189902
0.853153 0.164186 0.868808 0.190122
0.853191 0.164389 0.868884 0.190343
0.853229 0.164591 0.868959 0.190563
0.853267 0.164794 0.869035 0.190783
0.853306 0.164996 0.869111 0.191003
0.853344 0.165198 0.869187 0.191223
0.853382 0.165400 0.869263 0.191443
0.853421 0.165602 0.869339 0.191663
0.853459 0.165803 0.869416 0.191882
0.853498 0.166005 0.869492 0.192101
0.853536 0.166207 0.869568 0.192320
0.853575 0.166408 0.869645 0.192539
0.853614 0.166610 0.869721 0.192758
0.853653 0.166811 0.869798 0.192977
0.853691 0.167012 0.869875 0.193195
0.853730 0.167213 0.869951 0.193413
0.853769 0.167414 0.870028 0.193631
0.853808 0.167615 0.870105 0.193849
0.853847 0.167816 0.870182 0.194067
0.853886 0.168016 0.870259 0.194285
0.853926 0.168217 0.870337 0.194502
0.853965 0.168417 0.870414 0.194719
0.854004 0.168618 0.870491 0.194936
0.854044 0.168818 0.870569 0.195153
0.854083 0.169018 0.870646 0.195370
0.854123 0.169218 0.870724 0.195587
0.854162 0.169418 0.870802 0.195803
0.854202 0.169618 0.870879 0.196019
0.854241 0.169818 0.870957 0.196235
0.854281 0.170018 0.871035 0.196451
0.854321 0.170217 0.871113 0.196667
0.854361 0.170417 0.871191 0.196883
0.854401 0.170616 0.871270 0.197098
0.854441 0.170815 0.871348 0.197313
0.854481 0.171014 0.871426 0.197529
0.854521 0.171213 0.871505 0.197743
0.854561 0.171412 0.871583 0.197958
0.854601 0.171611 0.871662 0.198173
0.854642 0.171810 0.871740 0.198387
0.854682 0.172009 0.871819 0.198601
0.854722 0.172207 0.871898 0.198816
0.854763 0.172406 0.871977 0.199029
0.854804 0.172604 0.872056 0.199243
0.854844 0.172802 0.872135 0.199457
0.854885 0.173000 0.872214 0.199670
0.854926 0.173198 0.872293 0.199883
0.854966 0.173396 0.872372 0.200097
0.855007 0.173594 0.872452 0.200309
0.855048 0.173792 0.872531 0.200522
0.855089 0.173989 0.872611 0.200735
0.855130 0.174187 0.872690 0.200947
0.855171 0.174384 0.872770 0.201159
0.855212 0.174581 0.872850 0.201371
0.855254 0.174779 0.872930 0.201583
0.855295 0.174976 0.873010 0.201795
0.855336 0.175173 0.873090 0.202007
0.855378 0.175370 0.873170 0.202218
0.855419 0.175566 0.873250 0.202429
0.855461 0.175763 0.873330 0.202640
0.855502 0.175960 0.873410 0.202851
0.855544 0.176156 0.873491 0.203062
0.855586 0.176352 0.873571 0.203272
0.855627 0.176549 0.873652 0.203483
0.855669 0.176745 0.873732 0.203693
0.855711 0.176941 0.873813 0.203903
0.855753 0.177137 0.873894 0.204113
0.855795 0.177333 0.873975 0.204322
0.855837 0.177528 0.874056 0.204532
0.855879 0.177724 0.874137 0.204741
0.855921 0.177919 0.874218 0.204950
0.855964 0.178115 0.874299 0.205159
0.856006 0.178310 0.874380 0.205368
0.856048 0.178505 0.874462 0.205577
0.856091 0.178700 0.874543 0.205785
0.856133 0.178895 0.874624 0.205993
0.856176 0.179090 0.874706 0.206201
0.856219 0.179285 0.874788 0.206409
0.856261 0.179480 0.874869 0.206617
0.856304 0.179674 0.874951 0.206825
0.856347 0.179869 0.875033 0.207032
0.856390 0.180063 0.875115 0.207239
0.856433 0.180257 0.875197 0.207447
0.856476 0.180451 0.875279 0.207653
0.856519 0.180645 0.875361 0.207860
0.856562 0.180839 0.875443 0.208067
0.856605 0.181033 0.875526 0.208273
0.856648 0.181227 0.875608 0.208479
0.856692 0.181420 0.875691 0.208685
0.856735 0.181614 0.875773 0.208891
0.856779 0.181807 0.875856 0.209097
0.856822 0.182000 0.875938 0.209302
0.856866 0.182194 0.876021 0.209508
0.856909 0.182387 0.876104 0.209713
0.856953 0.182580 0.876187 0.209918
0.856997 0.182772 0.876270 0.210123
0.857040 0.182965 0.876353 0.210327
0.857084 0.183158 0.876436 0.210532
0.857128 0.183350 0.876519 0.210736
0.857172 0.183543 0.876603 0.210940
0.857216 0.183735 0.876686 0.211144
0.857261 0.183927 0.876769 0.211348
0.857305 0.184119 0.876853 0.211552
0.857349 0.184311 0.876937 0.211755
0.857393 0.184503 0.877020 0.211958
0.857438 0.184695 0.877104 0.212161
0.857482 0.184886 0.877188 0.212364
0.857527 0.185078 0.877272 0.212567
0.857571 0.185269 0.877356 0.212769
0.857616 0.185461 0.877440 0.212972
0.857660 0.185652 0.877524 0.213174
0.857705 0.185843 0.877608 0.213376
0.857750 0.186034 0.877692 0.213578
0.857795 0.186225 0.877777 0.213780
0.857840 0.186415 0.877861 0.213981
0.857885 0.186606 0.877945 0.214182
0.857930 0.186797 0.878030 0.214383
0.857975 0.186987 0.878115 0.214584
0.858020 0.187177 0.878199 0.214785
0.858066 0.187367 0.878284 0.214986
0.858111 0.187558 0.878369 0.215186
0.858156 0.187748 0.878454 0.215386
0.858202 0.187937 0.878539 0.215586
0.858247 0.188127 0.878624 0.215786
0.858293 0.188317 0.878709 0.215986
0.858338 0.188506 0.878794 0.216186
0.858384 0.188696 0.878880 0.216385
0.858430 0.188885 0.878965 0.216584
0.858476 0.189074 0.879050 0.216783
0.858522 0.189263 0.879136 0.216982
0.858567 0.189452 0.879221 0.217181
0.858613 0.189641 0.879307 0.217379
0.858660 0.189830 0.879393 0.217577
0.858706 0.190019 0.879479 0.217775
0.858752 0.190207 0.879564 0.217973
0.858798 0.190395 0.879650 0.218171
0.858844 0.190584 0.879736 0.218369
0.858891 0.190772 0.879822 0.218566
0.858937 0.190960 0.879909 0.218763
0.858984 0.191148 0.879995 0.218960
0.859030 0.191336 0.880081 0.219157
0.859077 0.191524 0.880167 0.219354
0.859124 0.191711 0.880254 0.219550
0.859170 0.191899 0.880340 0.219747
0.859217 0.192086 0.880427 0.219943
0.859264 0.192273 0.880514 0.220139
0.859311 0.192461 0.880600 0.220335
0.859358 0.192648 0.880687 0.220530
0.859405 0.192835 0.880774 0.220726
0.859452 0.193021 0.880861 0.220921
0.859500 0.193208 0.880948 0.221116
0.859547 0.193395 0.881035 0.221311
0.859594 0.193581 0.881122 0.221505
0.859642 0.193768 0.881209 0.221700
0.859689 0.193954 0.881296 0.221894
0.859737 0.194140 0.881384 0.222088
0.859784 0.194326 0.881471 0.222282
0.859832 0.194512 0.881559 0.222476
0.859880 0.194698 0.881646 0.222670
0.859927 0.194883 0.881734 0.222863
0.859975 0.195069 0.881822 0.223057
0.860023 0.195255 0.881909 0.223250
0.860071 0.195440 0.881997 0.223443
0.860119 0.195625 0.882085 0.223635
0.860167 0.195810 0.882173 0.223828
0.860215 0.195995 0.882261 0.224020
0.860264 0.196180 0.882349 0.224212
0.860312 0.196365 0.882437 0.224404
0.860360 0.196550 0.882526 0.224596
0.860409 0.196734 0.882614 0.224788
0.860457 0.196919 0.882702 0.224979
0.860506 0.197103 0.882791 0.225170
0.860554 0.197287 0.882879 0.225361
0.860603 0.197471 0.882968 0.225552
0.860652 0.197655 0.883056 0.225743
0.860700 0.197839 0.883145 0.225934
0.860749 0.198023 0.883234 0.226124
0.860798 0.198206 0.883323 0.226314
0.860847 0.198390 0.883412 0.226504
0.860896 0.198573 0.883501 0.226694
0.860945 0.198756 0.883590 0.226883
0.860995 0.198940 0.883679 0.227073
0.861044 0.199123 0.883768 0.227262
0.861093 0.199306 0.883857 0.227451
0.861142 0.199488 0.883947 0.227640
0.861192 0.199671 0.884036 0.227829
0.861241 0.199854 0.884126 0.228017
0.861291 0.200036 0.884215 0.228206
0.861341 0.200218 0.884305 0.228394
0.861390 0.200401 0.884394 0.228582
0.861440 0.200583 0.884484 0.228770
0.861490 0.200765 0.884574 0.228957
0.861540 0.200947 0.884664 0.229145
0.861590 0.201128 0.884754 0.229332
0.861640 0.201310 0.884844 0.229519
0.861690 0.201491 0.884934 0.229706
0.861740 0.201673 0.885024 0.229892
0.861790 0.201854 0.885114 0.230079
0.861840 0.202035 0.885204 0.230265
0.861891 0.202216 0.885295 0.230451
0.861941 0.202397 0.885385 0.230637
0.861992 0.202578 0.885476 0.230823
0.862042 0.202759 0.885566 0.231009
0.862093 0.202939 0.885657 0.231194
0.862143 0.203120 0.885748 0.231379
0.862194 0.203300 0.885838 0.231564
0.862245 0.203480 0.885929 0.231749
0.862296 0.203660 0.886020 0.231934
0.862346 0.203840 0.886111 0.232118
0.862397 0.204020 0.886202 0.232302
0.862448 0.204200 0.886293 0.232487
0.862500 0.204380 0.886384 0.232670
0.862551 0.204559 0.886475 0.232854
0.862602 0.204738 0.886566 0.233038
0.862653 0.204918 0.886658 0.233221
0.862705 0.205097 0.886749 0.233404
0.862756 0.205276 0.886841 0.233587
0.862808 0.205455 0.886932 0.233770
0.862859 0.205634 0.887024 0.233953
0.862911 0.205812 0.887115 0.234135
0.862962 0.205991 0.887207 0.234317
0.863014 0.206169 0.887299 0.234499
0.863066 0.206348 0.887391 0.234681
0.863118 0.206526 0.887483 0.234863
0.863170 0.206704 0.887574 0.235044
0.863222 0.206882 0.887666 0.235226
0.863274 0.207060 0.887759 0.235407
0.863326 0.207237 0.887851 0.235588
0.863378 0.207415 0.887943 0.235768
0.863430 0.207592 0.888035 0.235949
0.863483 0.207770 0.888128 0.236129
0.863535 0.207947 0.888220 0.236310
0.863588 0.208124 0.888312 0.236490
0.863640 0.208301 0.888405 0.236669
0.863693 0.208478 0.888498 0.236849
0.863745 0.208655 0.888590 0.237029
0.863798 0.208831 0.888683 0.237208
0.863851 0.209008 0.888776 0.237387
0.863904 0.209184 0.888869 0.237566
0.863956 0.209360 0.888961 0.237744
0.864009 0.209536 0.889054 0.237923
0.864062 0.209712 0.889147 0.238101
0.864116 0.209888 0.889241 0.238279
0.864169 0.210064 0.889334 0.238457
0.864222 0.210240 0.889427 0.238635
0.864275 0.210415 0.889520 0.238813
0.864329 0.210591 0.889614 0.238990
0.864382 0.210766 0.889707 0.239167
0.864436 0.210941 0.889800 0.239344
0.864489 0.211116 0.889894 0.239521
0.864543 0.211291 0.889988 0.239698
0.864596 0.211466 0.890081 0.239874
0.864650 0.211640 0.890175 0.240050
0.864704 0.211815 0.890269 0.240226
0.864758 0.211989 0.890363 0.240402
0.864812 0.212164 0.890456 0.240578
0.864866 0.212338 0.890550 0.240754
0.864920 0.212512 0.890644 0.240929
0.864974 0.212686 0.890739 0.241104
0.865028 0.212860 0.890833 0.241279
0.865082 0.213033 0.890927 0.241454
0.865137 0.213207 0.891021 0.241628
0.865191 0.213380 0.891115 0.241803
0.865246 0.213554 0.891210 0.241977
0.865300 0.213727 0.891304 0.242151
0.865355 0.213900 0.891399 0.242325
0.865409 0.214073 0.891493 0.242498
0.865464 0.214246 0.891588 0.242672
0.865519 0.214418 0.891683 0.242845
0.865574 0.214591 0.891777 0.243018
0.865629 0.214763 0.891872 0.243191
0.865684 0.214936 0.891967 0.243363
0.865739 0.215108 0.892062 0.243536
0.865794 0.215280 0.892157 0.243708
0.865849 0.215452 0.892252 0.243880
0.865904 0.215624 0.892347 0.244052
0.865959 0.215796 0.892442 0.244224
0.866015 0.215967 0.892538 0.244395
0.866070 0.216139 0.892633 0.244567
0.866126 0.216310 0.892728 0.244738
0.866181 0.216481 0.892824 0.244909
0.866237 0.216652 0.892919 0.245080
0.866293 0.216823 0.893015 0.245250
0.866348 0.216994 0.893110 0.245421
0.866404 0.217165 0.893206 0.245591
0.866460 0.217335 0.893302 0.245761
0.866516 0.217506 0.893397 0.245931
0.866572 0.217676 0.893493 0.246100
0.866628 0.217846 0.893589 0.246270
0.866684 0.218016 0.893685 0.246439
0.866740 0.218186 0.893781 0.246608
0.866797 0.218356 0.893877 0.246777
0.866853 0.218526 0.893973 0.246946
0.866909 0.218695 0.894069 0.247114
0.866966 0.218865 0.894165 0.247282
0.867022 0.219034 0.894262 0.247451
0.867079 0.219203 0.894358 0.247619
0.867136 0.219372 0.894454 0.247786
0.867192 0.219541 0.894551 0.247954
0.867249 0.219710 0.894647 0.248121
0.867306 0.219879 0.894744 0.248288
0.867363 0.220048 0.894841 0.248455
0.867420 0.220216 0.894937 0.248622
0.867477 0.220384 0.895034 0.248789
0.867534 0.220552 0.895131 0.248955
0.867591 0.220721 0.895228 0.249121
0.867649 0.220888 0.895325 0.249287
0.867706 0.221056 0.895421 0.249453
0.867763 0.221224 0.895518 0.249619
0.867821 0.221391 0.895616 0.249784
0.867878 0.221559 0.895713 0.249949
0.867936 0.221726 0.895810 0.250114
0.867994 0.221893 0.895907 0.250279
0.868051 0.222060 0.896004 0.250444
0.868109 0.222227 0.896102 0.250608
0.868167 0.222394 0.896199 0.250773
0.868225 0.222561 0.896297 0.250937
0.868283 0.222727 0.896394 0.251101
0.868341 0.222894 0.896492 0.251264
0.868399 0.223060 0.896589 0.251428
0.868457 0.223226 0.896687 0.251591
0.868515 0.223392 0.896785 0.251754
0.868574 0.223558 0.896883 0.251917
0.868632 0.223724 0.896981 0.252080
0.868690 0.223890 0.897078 0.252243
0.868749 0.224055 0.897176 0.252405
0.868808 0.224220 0.897274 0.252567
0.868866 0.224386 0.897372 0.252729
0.868925 0.224551 0.897471 0.252891
0.868984 0.224716 0.897569 0.253053
0.869042 0.224881 0.897667 0.253214
0.869101 0.225045 0.897765 0.253375
0.869160 0.225210 0.897864 0.253536
0.869219 0.225375 0.897962 0.253697
0.869278 0.225539 0.898061 0.253858
0.869338 0.225703 0.898159 0.254018
0.869397 0.225867 0.898258 0.254178
0.869456 0.226031 0.898356 0.254339
0.869515 0.226195 0.898455 0.254498
0.869575 0.226359 0.898554 0.254658
0.869634 0.226522 0.898652 0.254818
0.869694 0.226686 0.898751 0.254977
0.869753 0.226849 0.898850 0.255136
0.869813 0.227012 0.898949 0.255295
0.869873 0.227175 0.899048 0.255454
0.869933 0.227338 0.899147 0.255612
0.869993 0.227501 0.899246 0.255770
0.870053 0.227664 0.899345 0.255929
0.870113 0.227826 0.899445 0.256087
0.870173 0.227989 0.899544 0.256244
0.870233 0.228151 0.899643 0.256402
0.870293 0.228313 0.899743 0.256559
0.870353 0.228475 0.899842 0.256716
0.870414 0.228637 0.899941 0.256873
0.870474 0.228799 0.900041 0.257030
0.870534 0.228961 0.900141 0.257187
0.870595 0.229122 0.900240 0.257343
0.870656 0.229283 0.900340 0.257499
0.870716 0.229445 0.900440 0.257655
0.870777 0.229606 0.900539 0.257811
0.870838 0.229767 0.900639 0.257967
0.870899 0.229928 0.900739 0.258122
0.870960 0.230088 0.900839 0.258277
0.871021 0.230249 0.900939 0.258433
0.871082 0.230409 0.901039 0.258587
0.871143 0.230570 0.901139 0.258742
0.871204 0.230730 0.901239 0.258896
0.871265 0.230890 0.901340 0.259051
0.871326 0.231050 0.901440 0.259205
0.871388 0.231210 0.901540 0.259359
0.871449 0.231369 0.901641 0.259512
0.871511 0.231529 0.901741 0.259666
0.871572 0.231688 0.901841 0.259819
0.871634 0.231848 0.901942 0.259972
0.871696 0.232007 0.902042 0.260125
0.871758 0.232166 0.902143 0.260278
0.871819 0.232325 0.902244 0.260430
0.871881 0.232483 0.902344 0.260583
0.871943 0.232642 0.902445 0.260735
0.872005 0.232800 0.902546 0.260887
0.872067 0.232959 0.902647 0.261039
0.872130 0.233117 0.902748 0.261190
0.872192 0.233275 0.902849 0.261342
0.872254 0.233433 0.902950 0.261493
0.872317 0.233591 0.903051 0.261644
0.872379 0.233749 0.903152 0.261794
0.872441 0.233906 0.903253 0.261945
0.872504 0.234064 0.903354 0.262095
0.872567 0.234221 0.903456 0.262246
0.872629 0.234378 0.903557 0.262396
0.872692 0.234535 0.903658 0.262545
0.872755 0.234692 0.903760 0.262695
0.872818 0.234849 0.903861 0.262844
0.872881 0.235005 0.903963 0.262994
0.872944 0.235162 0.904064 0.263143
0.873007 0.235318 0.904166 0.263292
0.873070 0.235474 0.904267 0.263440
0.873133 0.235631 0.904369 0.263589
0.873197 0.235787 0.904471 0.263737
0.873260 0.235942 0.904573 0.263885
0.873323 0.236098 0.904675 0.264033
0.873387 0.236254 0.904776 0.264180
0.873450 0.236409 0.904878 0.264328
0.873514 0.236564 0.904980 0.264475
0.873578 0.236720 0.905082 0.264622
0.873642 0.236875 0.905185 0.264769
0.873705 0.237029 0.905287 0.264916
0.873769 0.237184 0.905389 0.265062
0.873833 0.237339 0.905491 0.265209
0.873897 0.237493 0.905593 0.265355
0.873961 0.237648 0.905696 0.265501
0.874025 0.237802 0.905798 0.265646
0.874090 0.237956 0.905900 0.265792
0.874154 0.238110 0.906003 0.265937
0.874218 0.238264 0.906105 0.266082
0.874283 0.238417 0.906208 0.266227
0.874347 0.238571 0.906311 0.266372
0.874412 0.238724 0.906413 0.266517
0.874476 0.238878 0.906516 0.266661
0.874541 0.239031 0.906619 0.266805
0.874606 0.239184 0.906722 0.266949
0.874671 0.239337 0.906824 0.267093
0.874735 0.239490 0.906927 0.267236
0.874800 0.239642 0.907030 0.267380
0.874865 0.239795 0.907133 0.267523
0.874930 0.239947 0.907236 0.267666
0.874996 0.240099 0.907339 0.267809
0.875061 0.240251 0.907443 0.267951
0.875126 0.240403 0.907546 0.268094
0.875191 0.240555 0.907649 0.268236
0.875257 0.240707 0.907752 0.268378
0.875322 0.240858 0.907855 0.268520
0.875388 0.241010 0.907959 0.268661
0.875453 0.241161 0.908062 0.268803
0.875519 0.241312 0.908166 0.268944
0.875585 0.241463 0.908269 0.269085
0.875650 0.241614 0.908373 0.269226
0.875716 0.241764 0.908476 0.269366
0.875782 0.241915 0.908580 0.269507
0.875848 0.242065 0.908684 0.269647
0.875914 0.242216 0.908787 0.269787
0.875980 0.242366 0.908891 0.269927
0.876047 0.242516 0.908995 0.270067
0.876113 0.242666 0.909099 0.270206
0.876179 0.242816 0.909203 0.270345
0.876246 0.242965 0.909307 0.270485
0.876312 0.243115 0.909411 0.270623
0.876379 0.243264 0.909515 0.270762
0.876445 0.243413 0.909619 0.270901
0.876512 0.243562 0.909723 0.271039
0.876579 0.243711 0.909827 0.271177
0.876645 0.243860 0.909931 0.271315
0.876712 0.244009 0.910035 0.271453
0.876779 0.244157 0.910140 0.271590
0.876846 0.244306 0.910244 0.271727
0.876913 0.244454 0.910348 0.271864
0.876980 0.244602 0.910453 0.272001
0.877047 0.244750 0.910557 0.272138
0.877115 0.244898 0.910662 0.272275
0.877182 0.245046 0.910766 0.272411
0.877249 0.245193 0.910871 0.272547
0.877317 0.245341 0.910976 0.272683
0.877384 0.245488 0.911080 0.272819
0.877452 0.245635 0.911185 0.272954
0.877519 0.245782 0.911290 0.273090
0.877587 0.245929 0.911395 0.273225
0.877655 0.246076 0.911500 0.273360
0.877723 0.246222 0.911604 0.273495
0.877791 0.246369 0.911709 0.273629
0.877859 0.246515 0.911814 0.273764
0.877927 0.246661 0.911919 0.273898
0.877995 0.246807 0.912024 0.274032
0.878063 0.246953 0.912130 0.274165
0.878131 0.247099 0.912235 0.274299
0.878199 0.247245 0.912340 0.274432
0.878268 0.247390 0.912445 0.274566
0.878336 0.247536 0.912550 0.274699
0.878405 0.247681 0.912656 0.274831
0.878473 0.247826 0.912761 0.274964
0.878542 0.247971 0.912867 0.275096
0.878611 0.248116 0.912972 0.275229
0.878679 0.248260 0.913078 0.275361
0.878748 0.248405 0.913183 0.275492
0.878817 0.248549 0.913289 0.275624
0.878886 0.248694 0.913394 0.275756
0.878955 0.248838 0.913500 0.275887
0.879024 0.248982 0.913606 0.276018
0.879093 0.249125 0.913711 0.276149
0.879162 0.249269 0.913817 0.276279
0.879232 0.249413 0.913923 0.276410
0.879301 0.249556 0.914029 0.276540
0.879370 0.249699 0.914135 0.276670
0.879440 0.249843 0.914241 0.276800
0.879509 0.249986 0.914347 0.276930
0.879579 0.250128 0.914453 0.277059
0.879649 0.250271 0.914559 0.277188
0.879719 0.250414 0.914665 0.277317
0.879788 0.250556 0.914771 0.277446
0.879858 0.250699 0.914877 0.277575
0.879928 0.250841 0.914983 0.277703
0.879998 0.250983 0.915090 0.277832
0.880068 0.251125 0.915196 0.277960
0.880138 0.251266 0.915302 0.278088
0.880209 0.251408 0.915409 0.278215
0.880279 0.251549 0.915515 0.278343
0.880349 0.251691 0.915622 0.278470
0.880420 0.251832 0.915728 0.278597
0.880490 0.251973 0.915835 0.278724
0.880561 0.252114 0.915941 0.278851
0.880631 0.252255 0.916048 0.278978
0.880702 0.252395 0.916154 0.279104
0.880772 0.252536 0.916261 0.279230
0.880843 0.252676 0.916368 0.279356
0.880914 0.252816 0.916475 0.279482
0.880985 0.252956 0.916581 0.279607
0.881056 0.253096 0.916688 0.279733
0.881127 0.253236 0.916795 0.279858
0.881198 0.253376 0.916902 0.279983
0.881269 0.253515 0.917009 0.280107
0.881341 0.253655 0.917116 0.280232
0.881412 0.253794 0.917223 0.280356
0.881483 0.253933 0.917330 0.280480
0.881555 0.254072 0.917437 0.280604
0.881626 0.254211 0.917545 0.280728
0.881698 0.254349 0.917652 0.280852
0.881769 0.254488 0.917759 0.280975
0.881841 0.254626 0.917866 0.281098
0.881913 0.254764 0.917974 0.281221
0.881985 0.254903 0.918081 0.281344
0.882057 0.255041 0.918188 0.281467
0.882129 0.255178 0.918296 0.281589
0.882201 0.255316 0.918403 0.281711
0.882273 0.255454 0.918511 0.281833
0.882345 0.255591 0.918618 0.281955
0.882417 0.255728 0.918726 0.282077
0.882489 0.255865 0.918833 0.282198
0.882562 0.256002 0.918941 0.282319
0.882634 0.256139 0.919049 0.282440
0.882707 0.256276 0.919156 0.282561
0.882779 0.256412 0.919264 0.282682
0.882852 0.256549 0.919372 0.282802
0.882925 0.256685 0.919480 0.282923
0.882997 0.256821 0.919588 0.283043
0.883070 0.256957 0.919696 0.283162
0.883143 0.257093 0.919803 0.283282
0.883216 0.257228 0.919911 0.283402
0.883289 0.257364 0.920019 0.283521
0.883362 0.257499 0.920127 0.283640
0.883435 0.257635 0.920236 0.283759
0.883508 0.257770 0.920344 0.283877
0.883582 0.257905 0.920452 0.283996
0.883655 0.258040 0.920560 0.284114
0.883728 0.258174 0.920668 0.284232
0.883802 0.258309 0.920776 0.284350
0.883875 0.258443 0.920885 0.284468
0.883949 0.258577 0.920993 0.284585
0.884023 0.258712 0.921101 0.284703
0.884096 0.258846 0.921210 0.284820
0.884170 0.258979 0.921318 0.284937
0.884244 0.259113 0.921427 0.285053
0.884318 0.259247 0.921535 0.285170
0.884392 0.259380 0.921644 0.285286
0.884466 0.259513 0.921752 0.285402
0.884540 0.259646 0.921861 0.285518
0.884614 0.259779 0.921970 0.285634
0.884689 0.259912 0.922078 0.285749
0.884763 0.260045 0.922187 0.285865
0.884837 0.260177 0.922296 0.285980
0.884912 0.260310 0.922405 0.286095
0.884986 0.260442 0.922513 0.286210
0.885061 0.260574 0.922622 0.286324
0.885136 0.260706 0.922731 0.286438
0.885210 0.260838 0.922840 0.286553
0.885285 0.260970 0.922949 0.286667
0.885360 0.261101 0.923058 0.286780
0.885435 0.261233 0.923167 0.286894
0.885510 0.261364 0.923276 0.287007
0.885585 0.261495 0.923385 0.287120
0.885660 0.261626 0.923494 0.287233
0.885735 0.261757 0.923603 0.287346
0.885810 0.261887 0.923713 0.287459
0.885886 0.262018 0.923822 0.287571
0.885961 0.262148 0.923931 0.287683
0.886036 0.262279 0.924040 0.287795
0.886112 0.262409 0.924150 0.287907
0.886187 0.262539 0.924259 0.288019
0.886263 0.262668 0.924368 0.288130
0.886339 0.262798 0.924478 0.288241
0.886414 0.262928 0.924587 0.288352
0.886490 0.263057 0.924697 0.288463
0.886566 0.263186 0.924806 0.288574
0.886642 0.263315 0.924916 0.288684
0.886718 0.263444 0.925025 0.288794
0.886794 0.263573 0.925135 0.288904
0.886870 0.263702 0.925245 0.289014
0.886946 0.263830 0.925354 0.289124
0.887023 0.263959 0.925464 0.289233
0.887099 0.264087 0.925574 0.289343
0.887175 0.264215 0.925683 0.289452
0.887252 0.264343 0.925793 0.289561
0.887328 0.264471 0.925903 0.289669
0.887405 0.264598 0.926013 0.289778
0.887482 0.264726 0.926123 0.289886
0.887558 0.264853 0.926233 0.289994
0.887635 0.264980 0.926343 0.290102
0.887712 0.265107 0.926453 0.290210
0.887789 0.265234 0.926563 0.290317
0.887866 0.265361 0.926673 0.290424
0.887943 0.265488 0.926783 0.290532
0.888020 0.265614 0.926893 0.290638
0.888097 0.265740 0.927003 0.290745
0.888174 0.265867 0.927113 0.290852
0.888252 0.265993 0.927223 0.290958
0.888329 0.266118 0.927334 0.291064
0.888406 0.266244 0.927444 0.291170
0.888484 0.266370 0.927554 0.291276
0.888562 0.266495 0.927664 0.291381
0.888639 0.266621 0.927775 0.291487
0.888717 0.266746 0.927885 0.291592
0.888795 0.266871 0.927996 0.291697
0.888872 0.266996 0.928106 0.291801
0.888950 0.267120 0.928217 0.291906
0.889028 0.267245 0.928327 0.292010
0.889106 0.267369 0.928438 0.292115
0.889184 0.267494 0.928548 0.292218
0.889262 0.267618 0.928659 0.292322
0.889341 0.267742 0.928769 0.292426
0.889419 0.267866 0.928880 0.292529
0.889497 0.267989 0.928991 0.292632
0.889576 0.268113 0.929101 0.292735
0.889654 0.268236 0.929212 0.292838
0.889733 0.268360 0.929323 0.292941
0.889811 0.268483 0.929434 0.293043
0.889890 0.268606 0.929544 0.293145
0.889969 0.268729 0.929655 0.293247
0.890047 0.268851 0.929766 0.293349
0.890126 0.268974 0.929877 0.293451
0.890205 0.269096 0.929988 0.293552
0.890284 0.269218 0.930099 0.293654
0.890363 0.269340 0.930210 0.293755
0.890442 0.269462 0.930321 0.293855
0.890521 0.269584 0.930432 0.293956
0.890601 0.269706 0.930543 0.294056
0.890680 0.269827 0.930654 0.294157
0.890759 0.269949 0.930765 0.294257
0.890839 0.270070 0.930877 0.294357
0.890918 0.270191 0.930988 0.294456
0.890998 0.270312 0.931099 0.294556
0.891077 0.270433 0.931210 0.294655
0.891157 0.270553 0.931321 0.294754
0.891237 0.270674 0.931433 0.294853
0.891316 0.270794 0.931544 0.294952
0.891396 0.270914 0.931655 0.295050
0.891476 0.271034 0.931767 0.295149
0.891556 0.271154 0.931878 0.295247
0.891636 0.271274 0.931990 0.295345
0.891716 0.271393 0.932101 0.295442
0.891797 0.271513 0.932213 0.295540
0.891877 0.271632 0.932324 0.295637
0.891957 0.271751 0.932436 0.295734
0.892038 0.271870 0.932547 0.295831
0.892118 0.271989 0.932659 0.295928
0.892198 0.272108 0.932770 0.296025
0.892279 0.272226 0.932882 0.296121
0.892360 0.272345 0.932994 0.296217
0.892440 0.272463 0.933105 0.296313
0.892521 0.272581 0.933217 0.296409
0.892602 0.272699 0.933329 0.296504
0.892683 0.272817 0.933441 0.296600
0.892764 0.272935 0.933553 0.296695
0.892845 0.273052 0.933664 0.296790
0.892926 0.273169 0.933776 0.296885
0.893007 0.273287 0.933888 0.296979
0.893088 0.273404 0.934000 0.297074
0.893169 0.273521 0.934112 0.297168
0.893251 0.273637 0.934224 0.297262
0.893332 0.273754 0.934336 0.297356
0.893414 0.273871 0.934448 0.297450
0.893495 0.273987 0.934560 0.297543
0.893577 0.274103 0.934672 0.297636
0.893658 0.274219 0.934784 0.297729
0.893740 0.274335 0.934896 0.297822
0.893822 0.274451 0.935008 0.297915
0.893904 0.274566 0.935120 0.298007
0.893986 0.274682 0.935233 0.298100
0.894067 0.274797 0.935345 0.298192
0.894150 0.274912 0.935457 0.298284
0.894232 0.275027 0.935569 0.298375
0.894314 0.275142 0.935682 0.298467
0.894396 0.275257 0.935794 0.298558
0.894478 0.275371 0.935906 0.298649
0.894561 0.275486 0.936019 0.298740
0.894643 0.275600 0.936131 0.298831
0.894725 0.275714 0.936243 0.298921
0.894808 0.275828 0.936356 0.299012
0.894891 0.275942 0.936468 0.299102
0.894973 0.276055 0.936581 0.299192
0.895056 0.276169 0.936693 0.299281
0.895139 0.276282 0.936806 0.299371
0.895222 0.276395 0.936918 0.299460
0.895304 0.276508 0.937031 0.299550
0.895387 0.276621 0.937144 0.299639
0.895470 0.276734 0.937256 0.299727
0.895554 0.276847 0.937369 0.299816
0.895637 0.276959 0.937481 0.299904
0.895720 0.277071 0.937594 0.299993
0.895803 0.277183 0.937707 0.300081
0.895887 0.277295 0.937820 0.300168
0.895970 0.277407 0.937932 0.300256
0.896053 0.277519 0.938045 0.300343
0.896137 0.277631 0.938158 0.300431
0.896221 0.277742 0.938271 0.300518
0.896304 0.277853 0.938384 0.300605
0.896388 0.277964 0.938496 0.300691
0.896472 0.278075 0.938609 0.300778
0.896556 0.278186 0.938722 0.300864
0.896639 0.278297 0.938835 0.300950
0.896723 0.278407 0.938948 0.301036
0.896807 0.278518 0.939061 0.301122
0.896892 0.278628 0.939174 0.301207
0.896976 0.278738 0.939287 0.301292
0.897060 0.278848 0.939400 0.301378
0.897144 0.278957 0.939513 0.301462
0.897229 0.279067 0.939626 0.301547
0.897313 0.279177 0.939739 0.301632
0.897397 0.279286 0.939853 0.301716
0.897482 0.279395 0.939966 0.301800
0.897567 0.279504 0.940079 0.301884
0.897651 0.279613 0.940192 0.301968
0.897736 0.279721 0.940305 0.302051
0.897821 0.279830 0.940418 0.302135
0.897906 0.279938 0.940532 0.302218
0.897990 0.280047 0.940645 0.302301
0.898075 0.280155 0.940758 0.302384
0.898160 0.280263 0.940872 0.302466
0.898246 0.280370 0.940985 0.302549
0.898331 0.280478 0.941098 0.302631
0.898416 0.280586 0.941212 0.302713
0.898501 0.280693 0.941325 0.302795
0.898587 0.280800 0.941439 0.302877
0.898672 0.280907 0.941552 0.302958
0.898757 0.281014 0.941665 0.303039
0.898843 0.281121 0.941779 0.303120
0.898929 0.281227 0.941892 0.303201
0.899014 0.281334 0.942006 0.303282
0.899100 0.281440 0.942119 0.303362
0.899186 0.281546 0.942233 0.303443
0.899272 0.281652 0.942347 0.303523
0.899357 0.281758 0.942460 0.303603
0.899443 0.281864 0.942574 0.303682
0.899529 0.281969 0.942688 0.303762
0.899615 0.282075 0.942801 0.303841
0.899702 0.282180 0.942915 0.303920
0.899788 0.282285 0.943029 0.303999
0.899874 0.282390 0.943142 0.304078
0.899960 0.282495 0.943256 0.304157
0.900047 0.282599 0.943370 0.304235
0.900133 0.282704 0.943484 0.304313
0.900220 0.282808 0.943597 0.304391
0.900306 0.282912 0.943711 0.304469
0.900393 0.283016 0.943825 0.304547
0.900480 0.283120 0.943939 0.304624
0.900566 0.283224 0.944053 0.304701
0.900653 0.283327 0.944167 0.304778
0.900740 0.283431 0.944280 0.304855
0.900827 0.283534 0.944394 0.304932
0.900914 0.283637 0.944508 0.305008
0.901001 0.283740 0.944622 0.305085
0.901088 0.283843 0.944736 0.305161
0.901175 0.283945 0.944850 0.305237
0.901263 0.284048 0.944964 0.305312
0.901350 0.284150 0.945078 0.305388
0.901437 0.284252 0.945192 0.305463
0.901525 0.284354 0.945306 0.305538
0.901612 0.284456 0.945421 0.305613
0.901700 0.284558 0.945535 0.305688
0.901787 0.284660 0.945649 0.305762
0.901875 0.284761 0.945763 0.305837
0.901963 0.284862 0.945877 0.305911
0.902051 0.284963 0.945991 0.305985
0.902138 0.285064 0.946105 0.306059
0.902226 0.285165 0.946220 0.306132
0.902314 0.285266 0.946334 0.306206
0.902402 0.285366 0.946448 0.306279
0.902491 0.285467 0.946562 0.306352
0.902579 0.285567 0.946677 0.306425
0.902667 0.285667 0.946791 0.306497
0.902755 0.285767 0.946905 0.306570
0.902844 0.285867 0.947020 0.306642
0.902932 0.285966 0.947134 0.306714
0.903020 0.286066 0.947248 0.306786
0.903109 0.286165 0.947363 0.306858
0.903198 0.286264 0.947477 0.306929
0.903286 0.286363 0.947591 0.307001
0.903375 0.286462 0.947706 0.307072
0.903464 0.286560 0.947820 0.307143
0.903552 0.286659 0.947935 0.307213
0.903641 0.286757 0.948049 0.307284
0.903730 0.286856 0.948164 0.307354
0.903819 0.286954 0.948278 0.307424
0.903908 0.287051 0.948393 0.307494
0.903998 0.287149 0.948507 0.307564
0.904087 0.287247 0.948622 0.307634
0.904176 0.287344 0.948736 0.307703
0.904265 0.287442 0.948851 0.307772
0.904355 0.287539 0.948966 0.307841
0.904444 0.287636 0.949080 0.307910
0.904534 0.287733 0.949195 0.307979
0.904623 0.287829 0.949310 0.308047
0.904713 0.287926 0.949424 0.308116
0.904802 0.288022 0.949539 0.308184
0.904892 0.288118 0.949654 0.308252
0.904982 0.288214 0.949768 0.308319
0.905072 0.288310 0.949883 0.308387
0.905162 0.288406 0.949998 0.308454
0.905252 0.288502 0.950112 0.308521
0.905342 0.288597 0.950227 0.308588
0.905432 0.288692 0.950342 0.308655
0.905522 0.288788 0.950457 0.308722
0.905612 0.288883 0.950572 0.308788
0.905702 0.288977 0.950686 0.308854
0.905793 0.289072 0.950801 0.308920
0.905883 0.289167 0.950916 0.308986
0.905974 0.289261 0.951031 0.309051
0.906064 0.289355 0.951146 0.309117
0.906155 0.289449 0.951261 0.309182
0.906245 0.289543 0.951376 0.309247
0.906336 0.289637 0.951491 0.309312
0.906427 0.289731 0.951606 0.309377
0.906517 0.289824 0.951720 0.309441
0.906608 0.289917 0.951835 0.309506
0.906699 0.290010 0.951950 0.309570
0.906790 0.290103 0.952065 0.309634
0.906881 0.290196 0.952180 0.309697
0.906972 0.290289 0.952295 0.309761
0.907063 0.290382 0.952410 0.309824
0.907155 0.290474 0.952525 0.309887
0.907246 0.290566 0.952641 0.309950
0.907337 0.290658 0.952756 0.310013
0.907429 0.290750 0.952871 0.310076
0.907520 0.290842 0.952986 0.310138
0.907612 0.290933 0.953101 0.310200
0.907703 0.291025 0.953216 0.310262
0.907795 0.291116 0.953331 0.310324
0.907887 0.291207 0.953446 0.310386
0.907978 0.291298 0.953561 0.310447
0.908070 0.291389 0.953677 0.310509
0.908162 0.291480 0.953792 0.310570
0.908254 0.291570 0.953907 0.310631
0.908346 0.291661 0.954022 0.310691
0.908438 0.291751 0.954137 0.310752
0.908530 0.291841 0.954253 0.310812
0.908622 0.291931 0.954368 0.310872
0.908714 0.292021 0.954483 0.310932
0.908807 0.292110 0.954598 0.310992
0.908899 0.292200 0.954714 0.311052
0.908991 0.292289 0.954829 0.311111
0.909084 0.292378 0.954944 0.311170
0.909176 0.292467 0.955060 0.311229
0.909269 0.292556 0.955175 0.311288
0.909362 0.292645 0.955290 0.311347
0.909454 0.292733 0.955406 0.311405
0.909547 0.292821 0.955521 0.311464
0.909640 0.292910 0.955636 0.311522
0.909733 0.292998 0.955752 0.311580
0.909826 0.293085 0.955867 0.311637
0.909919 0.293173 0.955982 0.311695
0.910012 0.293261 0.956098 0.311752
0.910105 0.293348 0.956213 0.311809
0.910198 0.293435 0.956329 0.311866
0.910291 0.293523 0.956444 0.311923
0.910384 0.293610 0.956560 0.311980
0.910478 0.293696 0.956675 0.312036
0.910571 0.293783 0.956790 0.312092
0.910664 0.293870 0.956906 0.312148
0.910758 0.293956 0.957021 0.312204
0.910852 0.294042 0.957137 0.312260
0.910945 0.294128 0.957252 0.312315
0.911039 0.294214 0.957368 0.312371
0.911133 0.294300 0.957484 0.312426
0.911226 0.294385 0.957599 0.312481
0.911320 0.294471 0.957715 0.312535
0.911414 0.294556 0.957830 0.312590
0.911508 0.294641 0.957946 0.312644
0.911602 0.294726 0.958061 0.312698
0.911696 0.294811 0.958177 0.312752
0.911790 0.294895 0.958293 0.312806
0.911884 0.294980 0.958408 0.312860
0.911979 0.295064 0.958524 0.312913
0.912073 0.295148 0.958639 0.312967
0.912167 0.295232 0.958755 0.313020
0.912262 0.295316 0.958871 0.313072
0.912356 0.295400 0.958986 0.313125
0.912451 0.295483 0.959102 0.313178
0.912545 0.295567 0.959218 0.313230
0.912640 0.295650 0.959333 0.313282
0.912735 0.295733 0.959449 0.313334
0.912829 0.295816 0.959565 0.313386
0.912924 0.295899 0.959680 0.313437
0.913019 0.295981 0.959796 0.313489
0.913114 0.296064 0.959912 0.313540
0.913209 0.296146 0.960028 0.313591
0.913304 0.296228 0.960143 0.313642
0.913399 0.296310 0.960259 0.313692
0.913494 0.296392 0.960375 0.313743
0.913590 0.296474 0.960491 0.313793
0.913685 0.296555 0.960606 0.313843
0.913780 0.296636 0.960722 0.313893
0.913876 0.296718 0.960838 0.313943
0.913971 0.296799 0.960954 0.313992
0.914066 0.296880 0.961070 0.314042
0.914162 0.296960 0.961185 0.314091
0.914258 0.297041 0.961301 0.314140
0.914353 0.297121 0.961417 0.314189
0.914449 0.297201 0.961533 0.314237
0.914545 0.297282 0.961649 0.314286
0.914641 0.297362 0.961765 0.314334
0.914737 0.297441 0.961881 0.314382
0.914832 0.297521 0.961996 0.314430
0.914928 0.297600 0.962112 0.314478
0.915025 0.297680 0.962228 0.314525
0.915121 0.297759 0.962344 0.314573
0.915217 0.297838 0.962460 0.314620
0.915313 0.297917 0.962576 0.314667
0.915409 0.297995 0.962692 0.314713
0.915506 0.298074 0.962808 0.314760
0.915602 0.298152 0.962924 0.314806
0.915698 0.298231 0.963040 0.314853
0.915795 0.298309 0.963155 0.314899
0.915892 0.298387 0.963271 0.314945
0.915988 0.298464 0.963387 0.314990
0.916085 0.298542 0.963503 0.315036
0.916182 0.298619 0.963619 0.315081
0.916278 0.298697 0.963735 0.315126
0.916375 0.298774 0.963851 0.315171
0.916472 0.298851 0.963967 0.315216
0.916569 0.298928 0.964083 0.315260
0.916666 0.299004 0.964199 0.315305
0.916763 0.299081 0.964315 0.315349
0.916860 0.299157 0.964431 0.315393
0.916957 0.299233 0.964547 0.315437
0.917055 0.299309 0.964663 0.315480
0.917152 0.299385 0.964779 0.315524
0.917249 0.299461 0.964895 0.315567
0.917347 0.299536 0.965011 0.315610
0.917444 0.299612 0.965127 0.315653
0.917542 0.299687 0.965243 0.315696
0.917639 0.299762 0.965359 0.315739
0.917737 0.299837 0.965476 0.315781
0.917834 0.299912 0.965592 0.315823
0.917932 0.299986 0.965708 0.315865
0.918030 0.300061 0.965824 0.315907
0.918128 0.300135 0.965940 0.315949
0.918226 0.300209 0.966056 0.315990
0.918324 0.300283 0.966172 0.316031
0.918422 0.300357 0.966288 0.316072
0.918520 0.300431 0.966404 0.316113
0.918618 0.300504 0.966520 0.316154
0.918716 0.300578 0.966636 0.316195
0.918814 0.300651 0.966752 0.316235
0.918912 0.300724 0.966869 0.316275
0.919011 0.300797 0.966985 0.316315
0.919109 0.300869 0.967101 0.316355
0.919208 0.300942 0.967217 0.316395
0.919306 0.301014 0.967333 0.316434
0.919405 0.301087 0.967449 0.316473
0.919503 0.301159 0.967565 0.316513
0.919602 0.301231 0.967681 0.316551
0.919700 0.301303 0.967798 0.316590
0.919799 0.301374 0.967914 0.316629
0.919898 0.301446 0.968030 0.316667
0.919997 0.301517 0.968146 0.316705
0.920096 0.301588 0.968262 0.316743
0.920195 0.301659 0.968378 0.316781
0.920294 0.301730 0.968495 0.316819
0.920393 0.301801 0.968611 0.316856
0.920492 0.301871 0.968727 0.316894
0.920591 0.301941 0.968843 0.316931
0.920690 0.302012 0.968959 0.316968
0.920790 0.302082 0.969075 0.317004
0.920889 0.302152 0.969192 0.317041
0.920989 0.302221 0.969308 0.317077
0.921088 0.302291 0.969424 0.317114
0.921187 0.302360 0.969540 0.317150
0.921287 0.302430 0.969656 0.317185
0.921387 0.302499 0.969773 0.317221
0.921486 0.302568 0.969889 0.317257
0.921586 0.302636 0.970005 0.317292
0.921686 0.302705 0.970121 0.317327
0.921786 0.302774 0.970237 0.317362
0.921886 0.302842 0.970354 0.317397
0.921985 0.302910 0.970470 0.317431
0.922085 0.302978 0.970586 0.317466
0.922185 0.303046 0.970702 0.317500
0.922286 0.303113 0.970818 0.317534
0.922386 0.303181 0.970935 0.317568
0.922486 0.303248 0.971051 0.317601
0.922586 0.303316 0.971167 0.317635
0.922686 0.303383 0.971283 0.317668
0.922787 0.303450 0.971400 0.317701
0.922887 0.303516 0.971516 0.317734
0.922988 0.303583 0.971632 0.317767
0.923088 0.303649 0.971748 0.317800
0.923189 0.303715 0.971865 0.317832
0.923289 0.303782 0.971981 0.317864
0.923390 0.303848 0.972097 0.317896
0.923491 0.303913 0.972213 0.317928
0.923592 0.303979 0.972329 0.317960
0.923692 0.304044 0.972446 0.317992
0.923793 0.304110 0.972562 0.318023
0.923894 0.304175 0.972678 0.318054
0.923995 0.304240 0.972794 0.318085
0.924096 0.304305 0.972911 0.318116
0.924197 0.304369 0.973027 0.318147
0.924298 0.304434 0.973143 0.318177
0.924400 0.304498 0.973259 0.318207
0.924501 0.304562 0.973376 0.318237
0.924602 0.304626 0.973492 0.318267
0.924704 0.304690 0.973608 0.318297
0.924805 0.304754 0.973724 0.318327
0.924906 0.304818 0.973841 0.318356
0.925008 0.304881 0.973957 0.318385
0.925109 0.304944 0.974073 0.318414
0.925211 0.305007 0.974189 0.318443
0.925313 0.305070 0.974306 0.318472
0.925414 0.305133 0.974422 0.318500
0.925516 0.305196 0.974538 0.318529
0.925618 0.305258 0.974654 0.318557
0.925720 0.305320 0.974771 0.318585
0.925822 0.305383 0.974887 0.318613
0.925924 0.305445 0.975003 0.318640
0.926026 0.305506 0.975119 0.318668
0.926128 0.305568 0.975236 0.318695
0.926230 0.305630 0.975352 0.318722
0.926332 0.305691 0.975468 0.318749
0.926434 0.305752 0.975584 0.318776
0.926537 0.305813 0.975701 0.318802
0.926639 0.305874 0.975817 0.318828
0.926741 0.305935 0.975933 0.318855
0.926844 0.305995 0.976049 0.318881
0.926946 0.306056 0.976166 0.318906
0.927049 0.306116 0.976282 0.318932
0.927151 0.306176 0.976398 0.318958
0.927254 0.306236 0.976514 0.318983
0.927357 0.306296 0.976631 0.319008
0.927459 0.306355 0.976747 0.319033
0.927562 0.306415 0.976863 0.319058
0.927665 0.306474 0.976979 0.319082
0.927768 0.306533 0.977096 0.319107
0.927871 0.306592 0.977212 0.319131
0.927974 0.306651 0.977328 0.319155
0.928077 0.306709 0.977444 0.319179
0.928180 0.306768 0.977561 0.319203
0.928283 0.306826 0.977677 0.319226
0.928386 0.306884 0.977793 0.319250
0.928490 0.306942 0.977909 0.319273
0.928593 0.307000 0.978025 0.319296
0.928696 0.307058 0.978142 0.319319
0.928800 0.307116 0.978258 0.319341
0.928903 0.307173 0.978374 0.319364
0.929006 0.307230 0.978490 0.319386
0.929110 0.307287 0.978607 0.319408
0.929214 0.307344 0.978723 0.319430
0.929317 0.307401 0.978839 0.319452
0.929421 0.307457 0.978955 0.319474
0.929525 0.307514 0.979071 0.319495
0.929628 0.307570 0.979188 0.319516
0.929732 0.307626 0.979304 0.319537
0.929836 0.307682 0.979420 0.319558
0.929940 0.307738 0.979536 0.319579
0.930044 0.307793 0.979652 0.319600
0.930148 0.307849 0.979769 0.319620
0.930252 0.307904 0.979885 0.319640
0.930356 0.307959 0.980001 0.319660
0.930460 0.308014 0.980117 0.319680
0.930565 0.308069 0.980233 0.319700
0.930669 0.308124 0.980349 0.319719
0.930773 0.308178 0.980466 0.319739
0.930878 0.308233 0.980582 0.319758
0.930982 0.308287 0.980698 0.319777
0.931086 0.308341 0.980814 0.319796
0.931191 0.308395 0.980930 0.319814
0.931296 0.308449 0.981046 0.319833
0.931400 0.308502 0.981163 0.319851
0.931505 0.308555 0.981279 0.319869
0.931610 0.308609 0.981395 0.319887
0.931714 0.308662 0.981511 0.319905
0.931819 0.308715 0.981627 0.319922
0.931924 0.308767 0.981743 0.319940
0.932029 0.308820 0.981859 0.319957
0.932134 0.308873 0.981975 0.319974
0.932239 0.308925 0.982092 0.319991
0.932344 0.308977 0.982208 0.320008
0.932449 0.309029 0.982324 0.320024
0.932554 0.309081 0.982440 0.320041
0.932659 0.309132 0.982556 0.320057
0.932765 0.309184 0.982672 0.320073
0.932870 0.309235 0.982788 0.320089
0.932975 0.309286 0.982904 0.320104
0.933081 0.309337 0.983020 0.320120
0.933186 0.309388 0.983136 0.320135
0.933292 0.309439 0.983252 0.320150
0.933397 0.309489 0.983369 0.320165
0.933503 0.309540 0.983485 0.320180
0.933608 0.309590 0.983601 0.320195
0.933714 0.309640 0.983717 0.320209
0.933820 0.309690 0.983833 0.320224
0.933925 0.309740 0.983949 0.320238
0.934031 0.309789 0.984065 0.320252
0.934137 0.309839 0.984181 0.320266
0.934243 0.309888 0.984297 0.320279
0.934349 0.309937 0.984413 0.320293
0.934455 0.309986 0.984529 0.320306
0.934561 0.310035 0.984645 0.320319
0.934667 0.310083 0.984761 0.320332
0.934773 0.310132 0.984877 0.320345
0.934879 0.310180 0.984993 0.320357
0.934986 0.310228 0.985109 0.320370
0.935092 0.310276 0.985225 0.320382
0.935198 0.310324 0.985341 0.320394
0.935305 0.310371 0.985457 0.320406
0.935411 0.310419 0.985573 0.320418
0.935518 0.310466 0.985689 0.320429
0.935624 0.310513 0.985805 0.320441
0.935731 0.310560 0.985921 0.320452
0.935837 0.310607 0.986037 0.320463
0.935944 0.310654 0.986153 0.320474
0.936051 0.310701 0.986268 0.320484
0.936157 0.310747 0.986384 0.320495
0.936264 0.310793 0.986500 0.320505
0.936371 0.310839 0.986616 0.320515
0.936478 0.310885 0.986732 0.320525
0.936585 0.310931 0.986848 0.320535
0.936692 0.310976 0.986964 0.320545
0.936799 0.311022 0.987080 0.320554
0.936906 0.311067 0.987196 0.320564
0.937013 0.311112 0.987312 0.320573
0.937120 0.311157 0.987427 0.320582
0.937227 0.311202 0.987543 0.320591
0.937335 0.311246 0.987659 0.320599
0.937442 0.311291 0.987775 0.320608
0.937549 0.311335 0.987891 0.320616
0.937657 0.311379 0.988007 0.320624
0.937764 0.311423 0.988122 0.320632
0.937872 0.311467 0.988238 0.320640
0.937979 0.311511 0.988354 0.320648
0.938087 0.311554 0.988470 0.320655
0.938194 0.311598 0.988586 0.320663
0.938302 0.311641 0.988701 0.320670
0.938410 0.311684 0.988817 0.320677
0.938517 0.311727 0.988933 0.320683
0.938625 0.311769 0.989049 0.320690
0.938733 0.311812 0.989164 0.320696
0.938841 0.311854 0.989280 0.320703
0.938949 0.311896 0.989396 0.320709
0.939057 0.311939 0.989512 0.320715
0.939165 0.311980 0.989627 0.320720
0.939273 0.312022 0.989743 0.320726
0.939381 0.312064 0.989859 0.320732
0.939489 0.312105 0.989974 0.320737
0.939597 0.312146 0.990090 0.320742
0.939706 0.312187 0.990206 0.320747
0.939814 0.312228 0.990322 0.320752
0.939922 0.312269 0.990437 0.320756
0.940031 0.312310 0.990553 0.320761
0.940139 0.312350 0.990668 0.320765
0.940247 0.312391 0.990784 0.320769
0.940356 0.312431 0.990900 0.320773
0.940465 0.312471 0.991015 0.320777
0.940573 0.312510 0.991131 0.320780
0.940682 0.312550 0.991247 0.320783
0.940790 0.312590 0.991362 0.320787
0.940899 0.312629 0.991478 0.320790
0.941008 0.312668 0.991593 0.320793
0.941117 0.312707 0.991709 0.320795
0.941226 0.312746 0.991824 0.320798
0.941335 0.312785 0.991940 0.320800
0.941443 0.312823 0.992056 0.320803
0.941552 0.312862 0.992171 0.320805
0.941661 0.312900 0.992287 0.320807
0.941771 0.312938 0.992402 0.320808
0.941880 0.312976 0.992518 0.320810
0.941989 0.313014 0.992633 0.320811
0.942098 0.313051 0.992749 0.320813
0.942207 0.313088 0.992864 0.320814
0.942317 0.313126 0.992979 0.320814
0.942426 0.313163 0.993095 0.320815
0.942535 0.313200 0.993210 0.320816
0.942645 0.313237 0.993326 0.320816
0.942754 0.313273 0.993441 0.320816
0.942864 0.313310 0.993557 0.320816
0.942973 0.313346 0.993672 0.320816
0.943083 0.313382 0.993787 0.320816
0.943192 0.313418 0.993903 0.320816
0.943302 0.313454 0.994018 0.320815
0.943412 0.313489 0.994134 0.320814
0.943522 0.313525 0.994249 0.320813
0.943631 0.313560 0.994364 0.320812
0.943741 0.313595 0.994480 0.320811
0.943851 0.313630 0.994595 0.320810
0.943961 0.313665 0.994710 0.320808
0.944071 0.313700 0.994826 0.320806
0.944181 0.313735 0.994941 0.320804
0.944291 0.313769 0.995056 0.320802
0.944401 0.313803 0.995171 0.320800
0.944511 0.313837 0.995287 0.320797
0.944622 0.313871 0.995402 0.320795
0.944732 0.313905 0.995517 0.320792
0.944842 0.313938 0.995632 0.320789
0.944952 0.313972 0.995748 0.320786
0.945063 0.314005 0.995863 0.320783
0.945173 0.314038 0.995978 0.320779
0.945283 0.314071 0.996093 0.320776
0.945394 0.314104 0.996208 0.320772
0.945504 0.314136 0.996323 0.320768
0.945615 0.314169 0.996439 0.320764
0.945726 0.314201 0.996554 0.320760
0.945836 0.314233 0.996669 0.320755
0.945947 0.314265 0.996784 0.320751
0.946058 0.314297 0.996899 0.320746
0.946168 0.314329 0.997014 0.320741
0.946279 0.314360 0.997129 0.320736
0.946390 0.314391 0.997244 0.320731
0.946501 0.314423 0.997359 0.320725
0.946612 0.314454 0.997474 0.320720
0.946723 0.314484 0.997589 0.320714
0.946834 0.314515 0.997704 0.320708
0.946945 0.314546 0.997819 0.320702
0.947056 0.314576 0.997934 0.320696
0.947167 0.314606 0.998049 0.320690
0.947278 0.314636 0.998164 0.320683
0.947389 0.314666 0.998279 0.320676
0.947501 0.314696 0.998394 0.320669
0.947612 0.314725 0.998509 0.320662
0.947723 0.314755 0.998624 0.320655
0.947835 0.314784 0.998739 0.320648
0.947946 0.314813 0.998854 0.320640
0.948058 0.314842 0.998969 0.320633
0.948169 0.314871 0.999084 0.320625
0.948281 0.314899 0.999198 0.320617
0.948392 0.314928 0.999313 0.320609
0.948504 0.314956 0.999428 0.320600
0.948615 0.314984 0.999543 0.320592
0.948727 0.315012 0.999658 0.320583
0.948839 0.315040 0.999773 0.320574
0.948951 0.315068 0.999887 0.320565
0.949062 0.315095 1.000002 0.320556
0.949174 0.315122 1.000117 0.320547
0.949286 0.315150 1.000232 0.320537
0.949398 0.315177 1.000346 0.320528
0.949510 0.315203 1.000461 0.320518
0.949622 0.315230 1.000576 0.320508
0.949734 0.315257 1.000690 0.320498
0.949846 0.315283 1.000805 0.320488
0.949958 0.315309 1.000920 0.320477
0.950070 0.315335 1.001034 0.320466
0.950182 0.315361 1.001149 0.320456
0.950295 0.315387 1.001264 0.320445
0.950407 0.315412 1.001378 0.320434
0.950519 0.315438 1.001493 0.320422
0.950632 0.315463 1.001607 0.320411
0.950744 0.315488 1.001722 0.320399
0.950856 0.315513 1.001837 0.320388
0.950969 0.315538 1.001951 0.320376
0.951081 0.315562 1.002066 0.320364
0.951194 0.315587 1.002180 0.320351
0.951307 0.315611 1.002295 0.320339
0.951419 0.315635 1.002409 0.320327
0.951532 0.315659 1.002524 0.320314
0.951644 0.315683 1.002638 0.320301
0.951757 0.315706 1.002752 0.320288
0.951870 0.315730 1.002867 0.320275
0.951983 0.315753 1.002981 0.320261
0.952096 0.315776 1.003096 0.320248
0.952209 0.315799 1.003210 0.320234
0.952321 0.315822 1.003324 0.320220
0.952434 0.315845 1.003439 0.320206
0.952547 0.315867 1.003553 0.320192
0.952660 0.315890 1.003667 0.320178
0.952773 0.315912 1.003782 0.320163
0.952887 0.315934 1.003896 0.320149
0.953000 0.315956 1.004010 0.320134
0.953113 0.315977 1.004124 0.320119
0.953226 0.315999 1.004239 0.320104
0.953339 0.316020 1.004353 0.320089
0.953453 0.316042 1.004467 0.320073
0.953566 0.316063 1.004581 0.320058
0.953679 0.316084 1.004696 0.320042
0.953793 0.316104 1.004810 0.320026
0.953906 0.316125 1.004924 0.320010
0.954020 0.316145 1.005038 0.319994
0.954133 0.316166 1.005152 0.319977
0.954247 0.316186 1.005266 0.319961
0.954360 0.316206 1.005380 0.319944
0.954474 0.316225 1.005494 0.319927
0.954588 0.316245 1.005608 0.319910
0.954701 0.316265 1.005722 0.319893
0.954815 0.316284 1.005836 0.319876
0.954929 0.316303 1.005951 0.319858
0.955043 0.316322 1.006064 0.319840
0.955156 0.316341 1.006178 0.319823
0.955270 0.316359 1.006292 0.319805
0.955384 0.316378 1.006406 0.319787
0.955498 0.316396 1.006520 0.319768
0.955612 0.316414 1.006634 0.319750
0.955726 0.316432 1.006748 0.319731
0.955840 0.316450 1.006862 0.319712
0.955954 0.316468 1.006976 0.319694
0.956068 0.316486 1.007090 0.319674
0.956182 0.316503 1.007204 0.319655
0.956297 0.316520 1.007317 0.319636
0.956411 0.316537 1.007431 0.319616
0.956525 0.316554 1.007545 0.319597
0.956639 0.316571 1.007659 0.319577
0.956754 0.316587 1.007772 0.319557
0.956868 0.316604 1.007886 0.319536
0.956983 0.316620 1.008000 0.319516
0.957097 0.316636 1.008114 0.319496
0.957211 0.316652 1.008227 0.319475
0.957326 0.316668 1.008341 0.319454
0.957440 0.316683 1.008455 0.319433
0.957555 0.316699 1.008568 0.319412
0.957670 0.316714 1.008682 0.319391
0.957784 0.316729 1.008795 0.319369
0.957899 0.316744 1.008909 0.319348
0.958014 0.316759 1.009023 0.319326
0.958128 0.316774 1.009136 0.319304
0.958243 0.316788 1.009250 0.319282
0.958358 0.316803 1.009363 0.319260
0.958473 0.316817 1.009477 0.319237
0.958588 0.316831 1.009590 0.319215
0.958703 0.316845 1.009704 0.319192
0.958818 0.316858 1.009817 0.319169
0.958933 0.316872 1.009930 0.319146
0.959048 0.316885 1.010044 0.319123
0.959163 0.316898 1.010157 0.319100
0.959278 0.316912 1.010271 0.319076
0.959393 0.316924 1.010384 0.319053
0.959508 0.316937 1.010497 0.319029
0.959623 0.316950 1.010611 0.319005
0.959738 0.316962 1.010724 0.318981
0.959854 0.316974 1.010837 0.318957
0.959969 0.316986 1.010950 0.318932
0.960084 0.316998 1.011064 0.318908
0.960200 0.317010 1.011177 0.318883
0.960315 0.317022 1.011290 0.318858
0.960430 0.317033 1.011403 0.318833
0.960546 0.317045 1.011516 0.318808
0.960661 0.317056 1.011630 0.318783
0.960777 0.317067 1.011743 0.318757
0.960892 0.317077 1.011856 0.318732
0.961008 0.317088 1.011969 0.318706
0.961124 0.317099 1.012082 0.318680
0.961239 0.317109 1.012195 0.318654
0.961355 0.317119 1.012308 0.318627
0.961471 0.317129 1.012421 0.318601
0.961586 0.317139 1.012534 0.318574
0.961702 0.317149 1.012647 0.318548
0.961818 0.317158 1.012760 0.318521
0.961934 0.317168 1.012873 0.318494
0.962050 0.317177 1.012986 0.318467
0.962166 0.317186 1.013099 0.318439
0.962281 0.317195 1.013212 0.318412
0.962397 0.317203 1.013325 0.318384
0.962513 0.317212 1.013437 0.318356
0.962629 0.317220 1.013550 0.318328
0.962746 0.317229 1.013663 0.318300
0.962862 0.317237 1.013776 0.318272
0.962978 0.317245 1.013889 0.318244
0.963094 0.317252 1.014001 0.318215
0.963210 0.317260 1.014114 0.318186
0.963326 0.317268 1.014227 0.318158
0.963443 0.317275 1.014340 0.318129
0.963559 0.317282 1.014452 0.318099
0.963675 0.317289 1.014565 0.318070
0.963791 0.317296 1.014678 0.318041
0.963908 0.317302 1.014790 0.318011
0.964024 0.317309 1.014903 0.317981
0.964141 0.317315 1.015015 0.317951
0.964257 0.317321 1.015128 0.317921
0.964374 0.317327 1.015240 0.317891
0.964490 0.317333 1.015353 0.317860
0.964607 0.317339 1.015465 0.317830
0.964723 0.317344 1.015578 0.317799
0.964840 0.317350 1.015690 0.317768
0.964957 0.317355 1.015803 0.317737
0.965073 0.317360 1.015915 0.317706
0.965190 0.317365 1.016028 0.317675
0.965307 0.317370 1.016140 0.317643
0.965423 0.317374 1.016252 0.317612
0.965540 0.317379 1.016365 0.317580
0.965657 0.317383 1.016477 0.317548
0.965774 0.317387 1.016589 0.317516
0.965891 0.317391 1.016702 0.317484
0.966008 0.317395 1.016814 0.317452
0.966125 0.317398 1.016926 0.317419
0.966242 0.317402 1.017038 0.317386
0.966359 0.317405 1.017150 0.317354
0.966476 0.317408 1.017263 0.317321
0.966593 0.317411 1.017375 0.317287
0.966710 0.317414 1.017487 0.317254
0.966827 0.317417 1.017599 0.317221
0.966944 0.317419 1.017711 0.317187
0.967061 0.317422 1.017823 0.317153
0.967178 0.317424 1.017935 0.317120
0.967296 0.317426 1.018047 0.317086
0.967413 0.317428 1.018159 0.317051
0.967530 0.317429 1.018271 0.317017
0.967648 0.317431 1.018383 0.316983
0.967765 0.317432 1.018495 0.316948
0.967882 0.317434 1.018607 0.316913
0.968000 0.317435 1.018719 0.316878
0.968117 0.317435 1.018831 0.316843
0.968235 0.317436 1.018943 0.316808
0.968352 0.317437 1.019054 0.316773
0.968470 0.317437 1.019166 0.316737
0.968587 0.317437 1.019278 0.316701
0.968705 0.317438 1.019390 0.316666
0.968822 0.317438 1.019501 0.316630
0.968940 0.317437 1.019613 0.316593
0.969058 0.317437 1.019725 0.316557
0.969175 0.317436 1.019837 0.316521
0.969293 0.317436 1.019948 0.316484
0.969411 0.317435 1.020060 0.316447
0.969528 0.317434 1.020171 0.316411
0.969646 0.317433 1.020283 0.316374
0.969764 0.317431 1.020395 0.316336
0.969882 0.317430 1.020506 0.316299
0.970000 0.317428 1.020618 0.316262
0.970118 0.317426 1.020729 0.316224
0.970236 0.317424 1.020841 0.316186
0.970354 0.317422 1.020952 0.316148
0.970472 0.317420 1.021063 0.316110
0.970590 0.317418 1.021175 0.316072
0.970708 0.317415 1.021286 0.316034
0.970826 0.317412 1.021398 0.315995
0.970944 0.317409 1.021509 0.315957
0.971062 0.317406 1.021620 0.315918
0.971180 0.317403 1.021732 0.315879
0.971298 0.317400 1.021843 0.315840
0.971416 0.317396 1.021954 0.315801
0.971535 0.317392 1.022065 0.315761
0.971653 0.317388 1.022177 0.315722
0.971771 0.317384 1.022288 0.315682
0.971890 0.317380 1.022399 0.315642
0.972008 0.317376 1.022510 0.315602
0.972126 0.317371 1.022621 0.315562
0.972245 0.317367 1.022732 0.315522
0.972363 0.317362 1.022843 0.315481
0.972481 0.317357 1.022954 0.315441
0.972600 0.317352 1.023065 0.315400
0.972718 0.317346 1.023176 0.315359
0.972837 0.317341 1.023287 0.315318
0.972955 0.317335 1.023398 0.315277
0.973074 0.317330 1.023509 0.315236
0.973193 0.317324 1.023620 0.315194
0.973311 0.317317 1.023731 0.315153
0.973430 0.317311 1.023842 0.315111
0.973548 0.317305 1.023953 0.315069
0.973667 0.317298 1.024063 0.315027
0.973786 0.317291 1.024174 0.314985
0.973905 0.317285 1.024285 0.314943
0.974023 0.317277 1.024396 0.314900
0.974142 0.317270 1.024506 0.314858
0.974261 0.317263 1.024617 0.314815
0.974380 0.317255 1.024728 0.314772
0.974499 0.317248 1.024838 0.314729
0.974618 0.317240 1.024949 0.314686
0.974736 0.317232 1.025060 0.314642
0.974855 0.317224 1.025170 0.314599
0.974974 0.317215 1.025281 0.314555
0.975093 0.317207 1.025391 0.314512
0.975212 0.317198 1.025502 0.314468
0.975331 0.317189 1.025612 0.314424
0.975450 0.317180 1.025723 0.314379
0.975569 0.317171 1.025833 0.314335
0.975689 0.317162 1.025943 0.314290
0.975808 0.317153 1.026054 0.314246
0.975927 0.317143 1.026164 0.314201
0.976046 0.317133 1.026274 0.314156
0.976165 0.317123 1.026385 0.314111
0.976284 0.317113 1.026495 0.314066
0.976404 0.317103 1.026605 0.314020
0.976523 0.317093 1.026715 0.313975
0.976642 0.317082 1.026826 0.313929
0.976762 0.317071 1.026936 0.313884
0.976881 0.317060 1.027046 0.313838
0.977000 0.317049 1.027156 0.313791
0.977120 0.317038 1.027266 0.313745
0.977239 0.317027 1.027376 0.313699
0.977358 0.317015 1.027486 0.313652
0.977478 0.317004 1.027596 0.313606
0.977597 0.316992 1.027706 0.313559
0.977717 0.316980 1.027816 0.313512
0.977836 0.316968 1.027926 0.313465
0.977956 0.316955 1.028036 0.313418
0.978075 0.316943 1.028146 0.313370
0.978195 0.316930 1.028256 0.313323
0.978315 0.316918 1.028366 0.313275
0.978434 0.316905 1.028476 0.313227
0.978554 0.316892 1.028585 0.313179
0.978674 0.316878 1.028695 0.313131
0.978793 0.316865 1.028805 0.313083
0.978913 0.316851 1.028915 0.313035
0.979033 0.316838 1.029024 0.312986
0.979152 0.316824 1.029134 0.312937
0.979272 0.316810 1.029244 0.312889
0.979392 0.316796 1.029353 0.312840
0.979512 0.316781 1.029463 0.312791
0.979632 0.316767 1.029572 0.312741
0.979752 0.316752 1.029682 0.312692
0.979871 0.316737 1.029791 0.312643
0.979991 0.316722 1.029901 0.312593
0.980111 0.316707 1.030010 0.312543
0.980231 0.316692 1.030120 0.312493
0.980351 0.316676 1.030229 0.312443
0.980471 0.316661 1.030339 0.312393
0.980591 0.316645 1.030448 0.312342
0.980711 0.316629 1.030557 0.312292
0.980831 0.316613 1.030667 0.312241
0.980951 0.316597 1.030776 0.312191
0.981071 0.316580 1.030885 0.312140
0.981192 0.316564 1.030994 0.312089
0.981312 0.316547 1.031104 0.312037
0.981432 0.316530 1.031213 0.311986
0.981552 0.316513 1.031322 0.311934
0.981672 0.316496 1.031431 0.311883
0.981792 0.316478 1.031540 0.311831
0.981913 0.316461 1.031649 0.311779
0.982033 0.316443 1.031758 0.311727
0.982153 0.316425 1.031867 0.311675
0.982273 0.316407 1.031976 0.311623
0.982394 0.316389 1.032085 0.311570
0.982514 0.316371 1.032194 0.311517
0.982634 0.316353 1.032303 0.311465
0.982755 0.316334 1.032412 0.311412
0.982875 0.316315 1.032521 0.311359
0.982996 0.316296 1.032629 0.311306
0.983116 0.316277 1.032738 0.311252
0.983236 0.316258 1.032847 0.311199
0.983357 0.316238 1.032956 0.311145
0.983477 0.316219 1.033064 0.311091
0.983598 0.316199 1.033173 0.311038
0.983718 0.316179 1.033282 0.310984
0.983839 0.316159 1.033390 0.310929
0.983959 0.316139 1.033499 0.310875
0.984080 0.316119 1.033608 0.310821
0.984201 0.316098 1.033716 0.310766
0.984321 0.316078 1.033825 0.310711
0.984442 0.316057 1.033933 0.310657
0.984563 0.316036 1.034042 0.310602
0.984683 0.316015 1.034150 0.310546
0.984804 0.315993 1.034258 0.310491
0.984925 0.315972 1.034367 0.310436
0.985045 0.315950 1.034475 0.310380
0.985166 0.315928 1.034583 0.310325
0.985287 0.315906 1.034692 0.310269
0.985408 0.315884 1.034800 0.310213
0.985528 0.315862 1.034908 0.310157
0.985649 0.315840 1.035016 0.310100
0.985770 0.315817 1.035125 0.310044
0.985891 0.315794 1.035233 0.309988
0.986012 0.315772 1.035341 0.309931
0.986133 0.315749 1.035449 0.309874
0.986254 0.315725 1.035557 0.309817
0.986374 0.315702 1.035665 0.309760
0.986495 0.315679 1.035773 0.309703
0.986616 0.315655 1.035881 0.309646
0.986737 0.315631 1.035989 0.309588
0.986858 0.315607 1.036097 0.309531
0.986979 0.315583 1.036205 0.309473
0.987100 0.315559 1.036313 0.309415
0.987221 0.315534 1.036421 0.309357
0.987342 0.315510 1.036528 0.309299
0.987463 0.315485 1.036636 0.309240
0.987585 0.315460 1.036744 0.309182
0.987706 0.315435 1.036852 0.309123
0.987827 0.315410 1.036959 0.309065
0.987948 0.315384 1.037067 0.309006
0.988069 0.315359 1.037175 0.308947
0.988190 0.315333 1.037282 0.308888
0.988311 0.315307 1.037390 0.308828
0.988433 0.315281 1.037498 0.308769
0.988554 0.315255 1.037605 0.308710
0.988675 0.315229 1.037713 0.308650
0.988796 0.315202 1.037820 0.308590
0.988917 0.315176 1.037927 0.308530
0.989039 0.315149 1.038035 0.308470
0.989160 0.315122 1.038142 0.308410
0.989281 0.315095 1.038250 0.308350
0.989403 0.315067 1.038357 0.308289
0.989524 0.315040 1.038464 0.308228
0.989645 0.315012 1.038571 0.308168
0.989767 0.314985 1.038679 0.308107
0.989888 0.314957 1.038786 0.308046
0.990009 0.314929 1.038893 0.307985
0.990131 0.314900 1.039000 0.307923
0.990252 0.314872 1.039107 0.307862
0.990374 0.314844 1.039214 0.307800
0.990495 0.314815 1.039321 0.307739
0.990617 0.314786 1.039428 0.307677
0.990738 0.314757 1.039535 0.307615
0.990860 0.314728 1.039642 0.307553
0.990981 0.314699 1.039749 0.307490
0.991103 0.314669 1.039856 0.307428
0.991224 0.314640 1.039963 0.307366
0.991346 0.314610 1.040070 0.307303
0.991467 0.314580 1.040177 0.307240
0.991589 0.314550 1.040284 0.307177
0.991710 0.314520 1.040390 0.307114
0.991832 0.314489 1.040497 0.307051
0.991954 0.314459 1.040604 0.306988
0.992075 0.314428 1.040710 0.306924
0.992197 0.314397 1.040817 0.306861
0.992319 0.314366 1.040924 0.306797
0.992440 0.314335 1.041030 0.306733
0.992562 0.314303 1.041137 0.306669
0.992684 0.314272 1.041243 0.306605
0.992805 0.314240 1.041350 0.306541
0.992927 0.314209 1.041456 0.306476
0.993049 0.314177 1.041563 0.306412
0.993171 0.314144 1.041669 0.306347
0.993292 0.314112 1.041775 0.306282
0.993414 0.314080 1.041882 0.306218
0.993536 0.314047 1.041988 0.306153
0.993658 0.314014 1.042094 0.306087
0.993779 0.313982 1.042201 0.306022
0.993901 0.313948 1.042307 0.305957
0.994023 0.313915 1.042413 0.305891
0.994145 0.313882 1.042519 0.305825
0.994267 0.313848 1.042625 0.305759
0.994389 0.313815 1.042731 0.305693
0.994511 0.313781 1.042837 0.305627
0.994632 0.313747 1.042943 0.305561
0.994754 0.313713 1.043049 0.305495
0.994876 0.313678 1.043155 0.305428
0.994998 0.313644 1.043261 0.305362
0.995120 0.313609 1.043367 0.305295
0.995242 0.313575 1.043473 0.305228
0.995364 0.313540 1.043579 0.305161
0.995486 0.313505 1.043685 0.305094
0.995608 0.313469 1.043790 0.305026
0.995730 0.313434 1.043896 0.304959
0.995852 0.313399 1.044002 0.304891
0.995974 0.313363 1.044108 0.304824
0.996096 0.313327 1.044213 0.304756
0.996218 0.313291 1.044319 0.304688
0.996340 0.313255 1.044424 0.304620
0.996462 0.313218 1.044530 0.304552
0.996584 0.313182 1.044635 0.304483
0.996706 0.313145 1.044741 0.304415
0.996829 0.313109 1.044846 0.304346
0.996951 0.313072 1.044952 0.304277
0.997073 0.313035 1.045057 0.304209
0.997195 0.312997 1.045163 0.304140
0.997317 0.312960 1.045268 0.304070
0.997439 0.312922 1.045373 0.304001
0.997561 0.312885 1.045479 0.303932
0.997683 0.312847 1.045584 0.303862
0.997806 0.312809 1.045689 0.303793
0.997928 0.312771 1.045794 0.303723
0.998050 0.312732 1.045899 0.303653
0.998172 0.312694 1.046004 0.303583
0.998294 0.312655 1.046109 0.303513
0.998417 0.312616 1.046214 0.303442
0.998539 0.312577 1.046320 0.303372
0.998661 0.312538 1.046424 0.303301
0.998783 0.312499 1.046529 0.303231
0.998906 0.312460 1.046634 0.303160
0.999028 0.312420 1.046739 0.303089
0.999150 0.312380 1.046844 0.303018
0.999272 0.312340 1.046949 0.302947
0.999395 0.312300 1.047054 0.302875
0.999517 0.312260 1.047158 0.302804
0.999639 0.312220 1.047263 0.302732
0.999762 0.312179 1.047368 0.302660
0.999884 0.312139 1.047472 0.302589
1.000006 0.312098 1.047577 0.302517
1.000129 0.312057 1.047682 0.302445
1.000251 0.312016 1.047786 0.302372
1.000373 0.311974 1.047891 0.302300
1.000496 0.311933 1.047995 0.302227
1.000618 0.311891 1.048100 0.302155
1.000741 0.311850 1.048204 0.302082
1.000863 0.311808 1.048309 0.302009
1.000985 0.311766 1.048413 0.301936
1.001108 0.311724 1.048517 0.301863
1.001230 0.311681 1.048622 0.301790
1.001353 0.311639 1.048726 0.301716
1.001475 0.311596 1.048830 0.301643
1.001597 0.311553 1.048934 0.301569
1.001720 0.311510 1.049038 0.301495
1.001842 0.311467 1.049142 0.301421
1.001965 0.311424 1.049247 0.301347
1.002087 0.311380 1.049351 0.301273
1.002210 0.311337 1.049455 0.301199
1.002332 0.311293 1.049559 0.301125
1.002455 0.311249 1.049663 0.301050
1.002577 0.311205 1.049767 0.300975
1.002700 0.311161 1.049870 0.300900
1.002822 0.311117 1.049974 0.300826
1.002945 0.311072 1.050078 0.300751
1.003067 0.311027 1.050182 0.300675
1.003190 0.310983 1.050286 0.300600
1.003312 0.310938 1.050389 0.300525
1.003435 0.310893 1.050493 0.300449
1.003557 0.310847 1.050597 0.300373
1.003680 0.310802 1.050700 0.300298
1.003803 0.310756 1.050804 0.300222
1.003925 0.310710 1.050907 0.300145
1.004048 0.310665 1.051011 0.300069
1.004170 0.310619 1.051114 0.299993
1.004293 0.310572 1.051218 0.299917
1.004415 0.310526 1.051321 0.299840
1.004538 0.310479 1.051425 0.299763
1.004661 0.310433 1.051528 0.299686
1.004783 0.310386 1.051631 0.299609
1.004906 0.310339 1.051735 0.299532
1.005028 0.310292 1.051838 0.299455
1.005151 0.310245 1.051941 0.299378
1.005274 0.310197 1.052044 0.299300
1.005396 0.310150 1.052147 0.299223
1.005519 0.310102 1.052251 0.299145
1.005641 0.310054 1.052354 0.299067
1.005764 0.310006 1.052457 0.298989
1.005887 0.309958 1.052560 0.298911
1.006009 0.309909 1.052663 0.298833
1.006132 0.309861 1.052766 0.298755
1.006255 0.309812 1.052869 0.298676
1.006377 0.309763 1.052971 0.298598
1.006500 0.309714 1.053074 0.298519
1.006623 0.309665 1.053177 0.298440
1.006745 0.309616 1.053280 0.298361
1.006868 0.309567 1.053383 0.298282
1.006991 0.309517 1.053485 0.298203
1.007113 0.309467 1.053588 0.298124
1.007236 0.309417 1.053691 0.298044
1.007359 0.309367 1.053793 0.297965
1.007482 0.309317 1.053896 0.297885
1.007604 0.309267 1.053998 0.297805
1.007727 0.309216 1.054101 0.297725
1.007850 0.309166 1.054203 0.297645
1.007972 0.309115 1.054306 0.297565
1.008095 0.309064 1.054408 0.297485
1.008218 0.309013 1.054510 0.297404
1.008340 0.308962 1.054613 0.297324
1.008463 0.308910 1.054715 0.297243
1.008586 0.308859 1.054817 0.297162
1.008709 0.308807 1.054919 0.297081
1.008831 0.308755 1.055022 0.297000
1.008954 0.308703 1.055124 0.296919
1.009077 0.308651 1.055226 0.296838
1.009200 0.308599 1.055328 0.296756
1.009322 0.308546 1.055430 0.296675
1.009445 0.308494 1.055532 0.296593
1.009568 0.308441 1.055634 0.296511
1.009691 0.308388 1.055736 0.296429
1.009813 0.308335 1.055838 0.296347
1.009936 0.308282 1.055940 0.296265
1.010059 0.308228 1.056041 0.296183
1.010182 0.308175 1.056143 0.296100
1.010304 0.308121 1.056245 0.296018
1.010427 0.308067 1.056347 0.295935
1.010550 0.308013 1.056448 0.295852
1.010673 0.307959 1.056550 0.295769
1.010795 0.307905 1.056651 0.295686
1.010918 0.307850 1.056753 0.295603
1.011041 0.307796 1.056855 0.295520
1.011164 0.307741 1.056956 0.295437
1.011286 0.307686 1.057058 0.295353
1.011409 0.307631 1.057159 0.295270
1.011532 0.307576 1.057260 0.295186
1.011655 0.307520 1.057362 0.295102
1.011777 0.307465 1.057463 0.295018
1.011900 0.307409 1.057564 0.294934
1.012023 0.307353 1.057666 0.294850
1.012146 0.307297 1.057767 0.294765
1.012268 0.307241 1.057868 0.294681
1.012391 0.307185 1.057969 0.294596
1.012514 0.307128 1.058070 0.294511
1.012637 0.307072 1.058171 0.294427
1.012760 0.307015 1.058272 0.294342
1.012882 0.306958 1.058373 0.294257
1.013005 0.306901 1.058474 0.294171
1.013128 0.306844 1.058575 0.294086
1.013251 0.306787 1.058676 0.294001
1.013373 0.306729 1.058777 0.293915
1.013496 0.306672 1.058878 0.293829
1.013619 0.306614 1.058978 0.293744
1.013742 0.306556 1.059079 0.293658
1.013864 0.306498 1.059180 0.293572
1.013987 0.306440 1.059281 0.293485
1.014110 0.306381 1.059381 0.293399
1.014233 0.306323 1.059482 0.293313
1.014355 0.306264 1.059582 0.293226
1.014478 0.306205 1.059683 0.293140
1.014601 0.306146 1.059783 0.293053
1.014724 0.306087 1.059884 0.292966
1.014846 0.306028 1.059984 0.292879
1.014969 0.305968 1.060084 0.292792
1.015092 0.305909 1.060185 0.292705
1.015215 0.305849 1.060285 0.292617
1.015337 0.305789 1.060385 0.292530
1.015460 0.305729 1.060486 0.292442
1.015583 0.305669 1.060586 0.292354
1.015706 0.305608 1.060686 0.292267
1.015828 0.305548 1.060786 0.292179
1.015951 0.305487 1.060886 0.292091
1.016074 0.305427 1.060986 0.292002
1.016197 0.305366 1.061086 0.291914
1.016319 0.305304 1.061186 0.291826
1.016442 0.305243 1.061286 0.291737
1.016565 0.305182 1.061386 0.291648
1.016688 0.305120 1.061486 0.291560
1.016810 0.305059 1.061586 0.291471
1.016933 0.304997 1.061685 0.291382
1.017056 0.304935 1.061785 0.291293
1.017178 0.304873 1.061885 0.291203
1.017301 0.304810 1.061984 0.291114
1.017424 0.304748 1.062084 0.291024
1.017547 0.304685 1.062184 0.290935
1.017669 0.304622 1.062283 0.290845
1.017792 0.304560 1.062383 0.290755
1.017915 0.304496 1.062482 0.290665
1.018037 0.304433 1.062582 0.290575
1.018160 0.304370 1.062681 0.290485
1.018283 0.304306 1.062780 0.290395
1.018405 0.304243 1.062880 0.290304
1.018528 0.304179 1.062979 0.290214
1.018651 0.304115 1.063078 0.290123
1.018773 0.304051 1.063177 0.290032
1.018896 0.303987 1.063277 0.289941
1.019019 0.303922 1.063376 0.289850
1.019141 0.303858 1.063475 0.289759
1.019264 0.303793 1.063574 0.289668
1.019387 0.303728 1.063673 0.289577
1.019509 0.303663 1.063772 0.289485
1.019632 0.303598 1.063871 0.289394
1.019755 0.303533 1.063970 0.289302
1.019877 0.303467 1.064069 0.289210
1.020000 0.303402 1.064167 0.289118
1.020122 0.303336 1.064266 0.289026
1.020245 0.303270 1.064365 0.288934
1.020368 0.303204 1.064464 0.288842
1.020490 0.303138 1.064562 0.288749
1.020613 0.303071 1.064661 0.288657
1.020735 0.303005 1.064759 0.288564
1.020858 0.302938 1.064858 0.288471
1.020981 0.302872 1.064957 0.288378
1.021103 0.302805 1.065055 0.288285
1.021226 0.302738 1.065153 0.288192
1.021348 0.302670 1.065252 0.288099
1.021471 0.302603 1.065350 0.288006
1.021593 0.302535 1.065449 0.287912
1.021716 0.302468 1.065547 0.287819
1.021838 0.302400 1.065645 0.287725
1.021961 0.302332 1.065743 0.287631
1.022084 0.302264 1.065841 0.287537
1.022206 0.302195 1.065940 0.287443
1.022329 0.302127 1.066038 0.287349
1.022451 0.302058 1.066136 0.287255
1.022574 0.301990 1.066234 0.287161
1.022696 0.301921 1.066332 0.287066
1.022819 0.301852 1.066430 0.286972
1.022941 0.301783 1.066528 0.286877
1.023063 0.301713 1.066625 0.286782
1.023186 0.301644 1.066723 0.286687
1.023308 0.301574 1.066821 0.286592
1.023431 0.301505 1.066919 0.286497
1.023553 0.301435 1.067016 0.286402
1.023676 0.301365 1.067114 0.286306
1.023798 0.301294 1.067212 0.286211
1.023921 0.301224 1.067309 0.286115
1.024043 0.301153 1.067407 0.286019
1.024165 0.301083 1.067504 0.285924
1.024288 0.301012 1.067602 0.285828
1.024410 0.300941 1.067699 0.285732
1.024533 0.300870 1.067797 0.285635
1.024655 0.300799 1.067894 0.285539
1.024777 0.300727 1.067991 0.285443
1.024900 0.300656 1.068089 0.285346
1.025022 0.300584 1.068186 0.285249
1.025144 0.300512 1.068283 0.285153
1.025267 0.300440 1.068380 0.285056
1.025389 0.300368 1.068477 0.284959
1.025511 0.300296 1.068574 0.284862
1.025634 0.300224 1.068671 0.284765
1.025756 0.300151 1.068768 0.284667
1.025878 0.300078 1.068865 0.284570
1.026001 0.300005 1.068962 0.284472
1.026123 0.299932 1.069059 0.284375
1.026245 0.299859 1.069156 0.284277
1.026367 0.299786 1.069253 0.284179
1.026490 0.299712 1.069350 0.284081
1.026612 0.299639 1.069446 0.283983
1.026734 0.299565 1.069543 0.283885
1.026856 0.299491 1.069640 0.283786
1.026978 0.299417 1.069736 0.283688
1.027101 0.299343 1.069833 0.283589
1.027223 0.299269 1.069929 0.283491
1.027345 0.299194 1.070026 0.283392
1.027467 0.299119 1.070122 0.283293
1.027589 0.299045 1.070218 0.283194
1.027711 0.298970 1.070315 0.283095
1.027834 0.298895 1.070411 0.282996
1.027956 0.298819 1.070507 0.282896
1.028078 0.298744 1.070604 0.282797
1.028200 0.298669 1.070700 0.282698
1.028322 0.298593 1.070796 0.282598
1.028444 0.298517 1.070892 0.282498
1.028566 0.298441 1.070988 0.282398
1.028688 0.298365 1.071084 0.282298
1.028810 0.298289 1.071180 0.282198
1.028932 0.298212 1.071276 0.282098
1.029054 0.298136 1.071372 0.281998
1.029176 0.298059 1.071468 0.281897
1.029298 0.297982 1.071564 0.281797
1.029420 0.297905 1.071660 0.281696
1.029542 0.297828 1.071755 0.281595
1.029664 0.297751 1.071851 0.281494
1.029786 0.297674 1.071947 0.281393
1.029908 0.297596 1.072042 0.281292
1.030030 0.297518 1.072138 0.281191
1.030152 0.297441 1.072233 0.281090
1.030274 0.297363 1.072329 0.280988
1.030396 0.297284 1.072424 0.280887
1.030518 0.297206 1.072520 0.280785
1.030640 0.297128 1.072615 0.280683
1.030762 0.297049 1.072711 0.280582
1.030884 0.296970 1.072806 0.280480
1.031005 0.296891 1.072901 0.280377
1.031127 0.296812 1.072996 0.280275
1.031249 0.296733 1.073091 0.280173
1.031371 0.296654 1.073187 0.280071
1.031493 0.296575 1.073282 0.279968
1.031614 0.296495 1.073377 0.279865
1.031736 0.296415 1.073472 0.279763
1.031858 0.296335 1.073567 0.279660
1.031980 0.296255 1.073662 0.279557
1.032101 0.296175 1.073757 0.279454
1.032223 0.296095 1.073851 0.279351
1.032345 0.296014 1.073946 0.279247
1.032467 0.295934 1.074041 0.279144
1.032588 0.295853 1.074136 0.279041
1.032710 0.295772 1.074230 0.278937
1.032832 0.295691 1.074325 0.278833
1.032953 0.295610 1.074420 0.278729
1.033075 0.295528 1.074514 0.278625
1.033196 0.295447 1.074609 0.278521
1.033318 0.295365 1.074703 0.278417
1.033440 0.295283 1.074798 0.278313
1.033561 0.295202 1.074892 0.278209
1.033683 0.295119 1.074986 0.278104
1.033804 0.295037 1.075081 0.278000
1.033926 0.294955 1.075175 0.277895
1.034047 0.294872 1.075269 0.277790
1.034169 0.294790 1.075363 0.277685
1.034290 0.294707 1.075457 0.277580
1.034412 0.294624 1.075552 0.277475
1.034533 0.294541 1.075646 0.277370
1.034655 0.294458 1.075740 0.277265
1.034776 0.294374 1.075834 0.277159
1.034898 0.294291 1.075927 0.277054
1.035019 0.294207 1.076021 0.276948
1.035140 0.294123 1.076115 0.276842
1.035262 0.294039 1.076209 0.276736
1.035383 0.293955 1.076303 0.276631
1.035504 0.293871 1.076397 0.276524
1.035626 0.293787 1.076490 0.276418
1.035747 0.293702 1.076584 0.276312
1.035868 0.293618 1.076677 0.276206
1.035990 0.293533 1.076771 0.276099
1.036111 0.293448 1.076864 0.275993
1.036232 0.293363 1.076958 0.275886
1.036353 0.293277 1.077051 0.275779
1.036474 0.293192 1.077145 0.275672
1.036596 0.293107 1.077238 0.275565
1.036717 0.293021 1.077331 0.275458
1.036838 0.292935 1.077425 0.275351
1.036959 0.292849 1.077518 0.275243
1.037080 0.292763 1.077611 0.275136
1.037201 0.292677 1.077704 0.275028
1.037322 0.292590 1.077797 0.274921
1.037444 0.292504 1.077890 0.274813
1.037565 0.292417 1.077983 0.274705
1.037686 0.292330 1.078076 0.274597
1.037807 0.292243 1.078169 0.274489
1.037928 0.292156 1.078262 0.274381
1.038049 0.292069 1.078355 0.274273
1.038170 0.291982 1.078448 0.274164
1.038291 0.291894 1.078540 0.274056
1.038412 0.291806 1.078633 0.273947
1.038532 0.291719 1.078726 0.273838
1.038653 0.291631 1.078818 0.273730
1.038774 0.291542 1.078911 0.273621
1.038895 0.291454 1.079004 0.273512
1.039016 0.291366 1.079096 0.273403
1.039137 0.291277 1.079188 0.273293
1.039258 0.291189 1.079281 0.273184
1.039378 0.291100 1.079373 0.273075
1.039499 0.291011 1.079466 0.272965
1.039620 0.290922 1.079558 0.272855
1.039741 0.290832 1.079650 0.272746
1.039861 0.290743 1.079742 0.272636
1.039982 0.290654 1.079834 0.272526
1.040103 0.290564 1.079927 0.272416
1.040224 0.290474 1.080019 0.272306
1.040344 0.290384 1.080111 0.272195
1.040465 0.290294 1.080203 0.272085
1.040585 0.290204 1.080295 0.271975
1.040706 0.290113 1.080386 0.271864
1.040827 0.290023 1.080478 0.271753
1.040947 0.289932 1.080570 0.271643
1.041068 0.289841 1.080662 0.271532
1.041188 0.289750 1.080754 0.271421
1.041309 0.289659 1.080845 0.271310
1.041429 0.289568 1.080937 0.271198
1.041550 0.289477 1.081028 0.271087
1.041670 0.289385 1.081120 0.270976
1.041791 0.289294 1.081211 0.270864
1.041911 0.289202 1.081303 0.270753
1.042031 0.289110 1.081394 0.270641
1.042152 0.289018 1.081486 0.270529
1.042272 0.288925 1.081577 0.270417
1.042392 0.288833 1.081668 0.270305
1.042513 0.288741 1.081760 0.270193
1.042633 0.288648 1.081851 0.270081
1.042753 0.288555 1.081942 0.269969
1.042873 0.288462 1.082033 0.269856
1.042994 0.288369 1.082124 0.269744
1.043114 0.288276 1.082215 0.269631
1.043234 0.288183 1.082306 0.269518
1.043354 0.288089 1.082397 0.269405
1.043474 0.287995 1.082488 0.269293
1.043594 0.287902 1.082579 0.269179
1.043715 0.287808 1.082670 0.269066
1.043835 0.287714 1.082760 0.268953
1.043955 0.287619 1.082851 0.268840
1.044075 0.287525 1.082942 0.268726
1.044195 0.287431 1.083032 0.268613
1.044315 0.287336 1.083123 0.268499
1.044435 0.287241 1.083213 0.268385
1.044555 0.287146 1.083304 0.268272
1.044675 0.287051 1.083394 0.268158
1.044794 0.286956 1.083485 0.268044
1.044914 0.286861 1.083575 0.267930
1.045034 0.286765 1.083665 0.267815
1.045154 0.286670 1.083756 0.267701
1.045274 0.286574 1.083846 0.267587
1.045394 0.286478 1.083936 0.267472
1.045513 0.286382 1.084026 0.267357
1.045633 0.286286 1.084116 0.267243
1.045753 0.286189 1.084206 0.267128
1.045873 0.286093 1.084296 0.267013
1.045992 0.285996 1.084386 0.266898
1.046112 0.285900 1.084476 0.266783
1.046232 0.285803 1.084566 0.266667
1.046351 0.285706 1.084656 0.266552
1.046471 0.285609 1.084746 0.266437
1.046590 0.285511 1.084836 0.266321
1.046710 0.285414 1.084925 0.266205
1.046829 0.285316 1.085015 0.266090
1.046949 0.285219 1.085104 0.265974
1.047068 0.285121 1.085194 0.265858
1.047188 0.285023 1.085284 0.265742
1.047307 0.284925 1.085373 0.265626
1.047427 0.284826 1.085462 0.265510
1.047546 0.284728 1.085552 0.265393
1.047665 0.284630 1.085641 0.265277
1.047785 0.284531 1.085730 0.265160
1.047904 0.284432 1.085820 0.265044
1.048023 0.284333 1.085909 0.264927
1.048143 0.284234 1.085998 0.264810
1.048262 0.284135 1.086087 0.264693
1.048381 0.284035 1.086176 0.264576
1.048500 0.283936 1.086265 0.264459
1.048619 0.283836 1.086354 0.264342
1.048739 0.283736 1.086443 0.264225
1.048858 0.283636 1.086532 0.264107
1.048977 0.283536 1.086621 0.263990
1.049096 0.283436 1.086710 0.263872
1.049215 0.283336 1.086799 0.263754
1.049334 0.283235 1.086887 0.263636
1.049453 0.283135 1.086976 0.263519
1.049572 0.283034 1.087065 0.263401
1.049691 0.282933 1.087153 0.263282
1.049810 0.282832 1.087242 0.263164
1.049929 0.282731 1.087330 0.263046
1.050048 0.282630 1.087419 0.262928
1.050166 0.282528 1.087507 0.262809
1.050285 0.282426 1.087595 0.262691
1.050404 0.282325 1.087684 0.262572
1.050523 0.282223 1.087772 0.262453
1.050641 0.282121 1.087860 0.262334
1.050760 0.282019 1.087948 0.262215
1.050879 0.281916 1.088036 0.262096
1.050998 0.281814 1.088125 0.261977
1.051116 0.281711 1.088213 0.261858
1.051235 0.281609 1.088301 0.261738
1.051353 0.281506 1.088388 0.261619
1.051472 0.281403 1.088476 0.261499
1.051590 0.281300 1.088564 0.261380
1.051709 0.281197 1.088652 0.261260
1.051827 0.281093 1.088740 0.261140
1.051946 0.280990 1.088828 0.261020
1.052064 0.280886 1.088915 0.260900
1.052183 0.280782 1.089003 0.260780
1.052301 0.280678 1.089090 0.260660
1.052419 0.280574 1.089178 0.260539
1.052538 0.280470 1.089265 0.260419
1.052656 0.280366 1.089353 0.260299
1.052774 0.280261 1.089440 0.260178
1.052893 0.280157 1.089528 0.260057
1.053011 0.280052 1.089615 0.259936
1.053129 0.279947 1.089702 0.259815
1.053247 0.279842 1.089789 0.259695
1.053365 0.279737 1.089877 0.259573
1.053483 0.279631 1.089964 0.259452
1.053601 0.279526 1.090051 0.259331
1.053719 0.279420 1.090138 0.259210
1.053837 0.279315 1.090225 0.259088
1.053955 0.279209 1.090312 0.258967
1.054073 0.279103 1.090399 0.258845
1.054191 0.278997 1.090485 0.258723
1.054309 0.278891 1.090572 0.258601
1.054427 0.278784 1.090659 0.258479
1.054545 0.278678 1.090746 0.258357
1.054663 0.278571 1.090832 0.258235
1.054781 0.278464 1.090919 0.258113
1.054898 0.278357 1.091006 0.257991
1.055016 0.278250 1.091092 0.257868
1.055134 0.278143 1.091179 0.257746
1.055251 0.278036 1.091265 0.257623
1.055369 0.277928 1.091351 0.257500
1.055487 0.277820 1.091438 0.257378
1.055604 0.277713 1.091524 0.257255
1.055722 0.277605 1.091610 0.257132
1.055839 0.277497 1.091696 0.257009
1.055957 0.277389 1.091783 0.256885
1.056074 0.277280 1.091869 0.256762
1.056192 0.277172 1.091955 0.256639
1.056309 0.277063 1.092041 0.256515
1.056427 0.276955 1.092127 0.256392
1.056544 0.276846 1.092213 0.256268
1.056661 0.276737 1.092299 0.256145
1.056778 0.276628 1.092384 0.256021
1.056896 0.276519 1.092470 0.255897
1.057013 0.276409 1.092556 0.255773
1.057130 0.276300 1.092642 0.255649
1.057247 0.276190 1.092727 0.255524
1.057364 0.276080 1.092813 0.255400
1.057482 0.275970 1.092898 0.255276
1.057599 0.275860 1.092984 0.255151
1.057716 0.275750 1.093069 0.255027
1.057833 0.275640 1.093155 0.254902
1.057950 0.275529 1.093240 0.254777
1.058067 0.275419 1.093325 0.254653
1.058184 0.275308 1.093411 0.254528
1.058300 0.275197 1.093496 0.254403
1.058417 0.275086 1.093581 0.254277
1.058534 0.274975 1.093666 0.254152
1.058651 0.274864 1.093751 0.254027
1.058768 0.274752 1.093836 0.253902
1.058884 0.274641 1.093921 0.253776
1.059001 0.274529 1.094006 0.253650
1.059118 0.274417 1.094091 0.253525
1.059234 0.274305 1.094176 0.253399
1.059351 0.274193 1.094261 0.253273
1.059468 0.274081 1.094346 0.253147
1.059584 0.273969 1.094430 0.253021
1.059701 0.273856 1.094515 0.252895
1.059817 0.273744 1.094600 0.252769
1.059934 0.273631 1.094684 0.252643
1.060050 0.273518 1.094769 0.252516
1.060166 0.273405 1.094853 0.252390
1.060283 0.273292 1.094938 0.252263
1.060399 0.273179 1.095022 0.252136
1.060515 0.273065 1.095106 0.252010
1.060632 0.272952 1.095190 0.251883
1.060748 0.272838 1.095275 0.251756
1.060864 0.272724 1.095359 0.251629
1.060980 0.272610 1.095443 0.251502
1.061096 0.272496 1.095527 0.251374
1.061212 0.272382 1.095611 0.251247
1.061328 0.272268 1.095695 0.251120
1.061445 0.272153 1.095779 0.250992
1.061561 0.272039 1.095863 0.250865
1.061676 0.271924 1.095947 0.250737
1.061792 0.271809 1.096031 0.250609
1.061908 0.271694 1.096114 0.250481
1.062024 0.271579 1.096198 0.250353
1.062140 0.271464 1.096282 0.250225
1.062256 0.271348 1.096365 0.250097
1.062371 0.271233 1.096449 0.249969
1.062487 0.271117 1.096533 0.249841
1.062603 0.271001 1.096616 0.249712
1.062719 0.270886 1.096699 0.249584
1.062834 0.270770 1.096783 0.249455
1.062950 0.270653 1.096866 0.249327
1.063065 0.270537 1.096949 0.249198
1.063181 0.270421 1.097033 0.249069
1.063296 0.270304 1.097116 0.248940
1.063412 0.270187 1.097199 0.248811
1.063527 0.270070 1.097282 0.248682
1.063643 0.269953 1.097365 0.248553
1.063758 0.269836 1.097448 0.248423
1.063873 0.269719 1.097531 0.248294
1.063988 0.269602 1.097614 0.248165
1.064104 0.269484 1.097697 0.248035
1.064219 0.269367 1.097780 0.247905
1.064334 0.269249 1.097862 0.247776
1.064449 0.269131 1.097945 0.247646
1.064564 0.269013 1.098028 0.247516
1.064679 0.268895 1.098110 0.247386
1.064794 0.268776 1.098193 0.247256
1.064909 0.268658 1.098276 0.247126
1.065024 0.268539 1.098358 0.246996
1.065139 0.268421 1.098440 0.246865
1.065254 0.268302 1.098523 0.246735
1.065369 0.268183 1.098605 0.246604
1.065484 0.268064 1.098687 0.246474
1.065599 0.267945 1.098770 0.246343
1.065713 0.267825 1.098852 0.246212
1.065828 0.267706 1.098934 0.246081
1.065943 0.267586 1.099016 0.245950
1.066057 0.267467 1.099098 0.245819
1.066172 0.267347 1.099180 0.245688
1.066286 0.267227 1.099262 0.245557
1.066401 0.267107 1.099344 0.245426
1.066515 0.266986 1.099426 0.245294
1.066630 0.266866 1.099507 0.245163
1.066744 0.266746 1.099589 0.245031
1.066859 0.266625 1.099671 0.244899
1.066973 0.266504 1.099753 0.244768
1.067087 0.266383 1.099834 0.244636
1.067202 0.266262 1.099916 0.244504
1.067316 0.266141 1.099997 0.244372
1.067430 0.266020 1.100079 0.244240
1.067544 0.265898 1.100160 0.244108
1.067658 0.265777 1.100241 0.243975
1.067772 0.265655 1.100323 0.243843
1.067886 0.265533 1.100404 0.243711
1.068000 0.265411 1.100485 0.243578
1.068114 0.265289 1.100566 0.243445
1.068228 0.265167 1.100648 0.243313
1.068342 0.265045 1.100729 0.243180
1.068456 0.264922 1.100810 0.243047
1.068570 0.264800 1.100891 0.242914
1.068683 0.264677 1.100972 0.242781
1.068797 0.264554 1.101052 0.242648
1.068911 0.264431 1.101133 0.242515
1.069025 0.264308 1.101214 0.242382
1.069138 0.264185 1.101295 0.242248
1.069252 0.264062 1.101375 0.242115
1.069365 0.263938 1.101456 0.241981
1.069479 0.263814 1.101537 0.241847
1.069592 0.263691 1.101617 0.241714
1.069706 0.263567 1.101698 0.241580
1.069819 0.263443 1.101778 0.241446
1.069932 0.263319 1.101858 0.241312
1.070046 0.263194 1.101939 0.241178
1.070159 0.263070 1.102019 0.241044
1.070272 0.262946 1.102099 0.240910
1.070385 0.262821 1.102179 0.240775
1.070498 0.262696 1.102260 0.240641
1.070612 0.262571 1.102340 0.240506
1.070725 0.262446 1.102420 0.240372
1.070838 0.262321 1.102500 0.240237
1.070951 0.262196 1.102580 0.240102
1.071064 0.262070 1.102660 0.239968
1.071177 0.261945 1.102739 0.239833
1.071289 0.261819 1.102819 0.239698
1.071402 0.261693 1.102899 0.239563
1.071515 0.261567 1.102979 0.239427
1.071628 0.261441 1.103058 0.239292
1.071740 0.261315 1.103138 0.239157
1.071853 0.261189 1.103217 0.239021
1.071966 0.261062 1.103297 0.238886
1.072078 0.260936 1.103376 0.238750
1.072191 0.260809 1.103456 0.238615
1.072303 0.260682 1.103535 0.238479
1.072416 0.260556 1.103614 0.238343
1.072528 0.260428 1.103694 0.238207
1.072641 0.260301 1.103773 0.238071
1.072753 0.260174 1.103852 0.237935
1.072865 0.260046 1.103931 0.237799
1.072977 0.259919 1.104010 0.237663
1.073090 0.259791 1.104089 0.237526
1.073202 0.259663 1.104168 0.237390
1.073314 0.259535 1.104247 0.237253
1.073426 0.259407 1.104326 0.237117
1.073538 0.259279 1.104405 0.236980
1.073650 0.259151 1.104483 0.236843
1.073762 0.259022 1.104562 0.236707
1.073874 0.258894 1.104641 0.236570
1.073986 0.258765 1.104719 0.236433
1.074098 0.258636 1.104798 0.236296
1.074210 0.258507 1.104877 0.236158
1.074321 0.258378 1.104955 0.236021
1.074433 0.258249 1.105033 0.235884
1.074545 0.258120 1.105112 0.235746
1.074656 0.257990 1.105190 0.235609
1.074768 0.257861 1.105268 0.235471
1.074879 0.257731 1.105347 0.235334
1.074991 0.257601 1.105425 0.235196
1.075102 0.257471 1.105503 0.235058
1.075214 0.257341 1.105581 0.234920
1.075325 0.257211 1.105659 0.234782
1.075436 0.257080 1.105737 0.234644
1.075548 0.256950 1.105815 0.234506
1.075659 0.256819 1.105893 0.234368
1.075770 0.256689 1.105970 0.234230
1.075881 0.256558 1.106048 0.234091
1.075992 0.256427 1.106126 0.233953
1.076103 0.256296 1.106204 0.233814
1.076215 0.256165 1.106281 0.233675
1.076325 0.256033 1.106359 0.233537
1.076436 0.255902 1.106436 0.233398
1.076547 0.255770 1.106514 0.233259
1.076658 0.255638 1.106591 0.233120
1.076769 0.255507 1.106668 0.232981
1.076880 0.255375 1.106746 0.232842
1.076990 0.255243 1.106823 0.232703
1.077101 0.255110 1.106900 0.232563
1.077212 0.254978 1.106977 0.232424
1.077322 0.254846 1.107054 0.232285
1.077433 0.254713 1.107132 0.232145
1.077543 0.254580 1.107209 0.232006
1.077654 0.254447 1.107286 0.231866
1.077764 0.254314 1.107362 0.231726
1.077875 0.254181 1.107439 0.231586
1.077985 0.254048 1.107516 0.231446
1.078095 0.253915 1.107593 0.231306
1.078205 0.253781 1.107670 0.231166
1.078316 0.253648 1.107746 0.231026
1.078426 0.253514 1.107823 0.230886
1.078536 0.253380 1.107899 0.230746
1.078646 0.253246 1.107976 0.230605
1.078756 0.253112 1.108052 0.230465
1.078866 0.252978 1.108129 0.230324
1.078976 0.252844 1.108205 0.230183
1.079086 0.252709 1.108281 0.230043
1.079195 0.252575 1.108358 0.229902
1.079305 0.252440 1.108434 0.229761
1.079415 0.252305 1.108510 0.229620
1.079525 0.252170 1.108586 0.229479
1.079634 0.252035 1.108662 0.229338
1.079744 0.251900 1.108738 0.229197
1.079853 0.251765 1.108814 0.229055
1.079963 0.251629 1.108890 0.228914
1.080072 0.251494 1.108966 0.228773
1.080182 0.251358 1.109042 0.228631
1.080291 0.251222 1.109117 0.228490
1.080400 0.251087 1.109193 0.228348
1.080510 0.250950 1.109269 0.228206
1.080619 0.250814 1.109344 0.228064
1.080728 0.250678 1.109420 0.227922
1.080837 0.250542 1.109495 0.227780
1.080946 0.250405 1.109571 0.227638
1.081055 0.250268 1.109646 0.227496
1.081164 0.250132 1.109721 0.227354
1.081273 0.249995 1.109797 0.227212
1.081382 0.249858 1.109872 0.227069
1.081491 0.249721 1.109947 0.226927
1.081600 0.249583 1.110022 0.226784
1.081708 0.249446 1.110097 0.226642
1.081817 0.249309 1.110172 0.226499
1.081926 0.249171 1.110247 0.226356
1.082034 0.249033 1.110322 0.226214
1.082143 0.248895 1.110397 0.226071
1.082251 0.248757 1.110472 0.225928
1.082360 0.248619 1.110547 0.225785
1.082468 0.248481 1.110622 0.225641
1.082577 0.248343 1.110696 0.225498
1.082685 0.248204 1.110771 0.225355
1.082793 0.248066 1.110845 0.225211
1.082901 0.247927 1.110920 0.225068
1.083010 0.247788 1.110994 0.224924
1.083118 0.247649 1.111069 0.224781
1.083226 0.247510 1.111143 0.224637
1.083334 0.247371 1.111218 0.224493
1.083442 0.247232 1.111292 0.224350
1.083550 0.247092 1.111366 0.224206
1.083658 0.246953 1.111440 0.224062
1.083765 0.246813 1.111514 0.223918
1.083873 0.246673 1.111588 0.223773
1.083981 0.246533 1.111662 0.223629
1.084089 0.246393 1.111736 0.223485
1.084196 0.246253 1.111810 0.223341
1.084304 0.246113 1.111884 0.223196
1.084411 0.245972 1.111958 0.223052
1.084519 0.245832 1.112032 0.222907
1.084626 0.245691 1.112105 0.222762
1.084734 0.245551 1.112179 0.222618
1.084841 0.245410 1.112253 0.222473
1.084948 0.245269 1.112326 0.222328
1.085055 0.245128 1.112400 0.222183
1.085163 0.244986 1.112473 0.222038
1.085270 0.244845 1.112546 0.221893
1.085377 0.244704 1.112620 0.221747
1.085484 0.244562 1.112693 0.221602
1.085591 0.244420 1.112766 0.221457
1.085698 0.244279 1.112840 0.221311
1.085805 0.244137 1.112913 0.221166
1.085912 0.243995 1.112986 0.221020
1.086018 0.243852 1.113059 0.220875
1.086125 0.243710 1.113132 0.220729
1.086232 0.243568 1.113205 0.220583
1.086338 0.243425 1.113278 0.220437
1.086445 0.243282 1.113350 0.220291
1.086552 0.243140 1.113423 0.220145
1.086658 0.242997 1.113496 0.219999
1.086764 0.242854 1.113569 0.219853
1.086871 0.242711 1.113641 0.219707
1.086977 0.242567 1.113714 0.219560
1.087083 0.242424 1.113786 0.219414
1.087190 0.242281 1.113859 0.219267
1.087296 0.242137 1.113931 0.219121
1.087402 0.241993 1.114003 0.218974
1.087508 0.241849 1.114076 0.218828
1.087614 0.241706 1.114148 0.218681
1.087720 0.241561 1.114220 0.218534
1.087826 0.241417 1.114292 0.218387
1.087932 0.241273 1.114364 0.218240
1.088038 0.241129 1.114436 0.218093
1.088143 0.240984 1.114508 0.217946
1.088249 0.240839 1.114580 0.217799
1.088355 0.240695 1.114652 0.217651
1.088460 0.240550 1.114724 0.217504
1.088566 0.240405 1.114796 0.217356
1.088671 0.240260 1.114868 0.217209
1.088777 0.240114 1.114939 0.217061
1.088882 0.239969 1.115011 0.216914
1.088988 0.239824 1.115083 0.216766
1.089093 0.239678 1.115154 0.216618
1.089198 0.239532 1.115226 0.216470
1.089303 0.239386 1.115297 0.216322
1.089408 0.239240 1.115368 0.216174
1.089513 0.239094 1.115440 0.216026
1.089618 0.238948 1.115511 0.215878
1.089723 0.238802 1.115582 0.215730
1.089828 0.238656 1.115653 0.215582
1.089933 0.238509 1.115724 0.215433
1.090038 0.238362 1.115795 0.215285
1.090143 0.238216 1.115866 0.215136
1.090247 0.238069 1.115937 0.214988
1.090352 0.237922 1.116008 0.214839
1.090457 0.237775 1.116079 0.214690
1.090561 0.237628 1.116150 0.214541
1.090666 0.237480 1.116221 0.214392
1.090770 0.237333 1.116291 0.214243
1.090875 0.237185 1.116362 0.214094
1.090979 0.237037 1.116433 0.213945
1.091083 0.236890 1.116503 0.213796
1.091187 0.236742 1.116574 0.213647
1.091292 0.236594 1.116644 0.213498
1.091396 0.236446 1.116714 0.213348
1.091500 0.236297 1.116785 0.213199
1.091604 0.236149 1.116855 0.213049
1.091708 0.236001 1.116925 0.212900
1.091812 0.235852 1.116995 0.212750
1.091915 0.235703 1.117065 0.212600
1.092019 0.235554 1.117136 0.212450
1.092123 0.235405 1.117206 0.212300
1.092227 0.235256 1.117275 0.212150
1.092330 0.235107 1.117345 0.212000
1.092434 0.234958 1.117415 0.211850
1.092537 0.234809 1.117485 0.211700
1.092641 0.234659 1.117555 0.211550
1.092744 0.234509 1.117624 0.211400
1.092847 0.234360 1.117694 0.211249
1.092951 0.234210 1.117764 0.211099
1.093054 0.234060 1.117833 0.210948
1.093157 0.233910 1.117903 0.210798
1.093260 0.233760 1.117972 0.210647
1.093363 0.233609 1.118041 0.210496
1.093466 0.233459 1.118111 0.210345
1.093569 0.233308 1.118180 0.210194
1.093672 0.233158 1.118249 0.210044
1.093775 0.233007 1.118318 0.209892
1.093878 0.232856 1.118388 0.209741
1.093981 0.232705 1.118457 0.209590
1.094083 0.232554 1.118526 0.209439
1.094186 0.232403 1.118595 0.209288
1.094288 0.232251 1.118663 0.209136
1.094391 0.232100 1.118732 0.208985
1.094493 0.231948 1.118801 0.208833
1.094596 0.231797 1.118870 0.208682
1.094698 0.231645 1.118938 0.208530
1.094800 0.231493 1.119007 0.208378
1.094903 0.231341 1.119076 0.208227
1.095005 0.231189 1.119144 0.208075
1.095107 0.231037 1.119213 0.207923
1.095209 0.230884 1.119281 0.207771
1.095311 0.230732 1.119349 0.207619
1.095413 0.230579 1.119418 0.207467
1.095515 0.230427 1.119486 0.207314
1.095617 0.230274 1.119554 0.207162
1.095718 0.230121 1.119622 0.207010
1.095820 0.229968 1.119690 0.206857
1.095922 0.229815 1.119759 0.206705
1.096023 0.229662 1.119827 0.206552
1.096125 0.229508 1.119894 0.206400
1.096226 0.229355 1.119962 0.206247
1.096328 0.229201 1.120030 0.206094
1.096429 0.229048 1.120098 0.205942
1.096530 0.228894 1.120166 0.205789
1.096632 0.228740 1.120233 0.205636
1.096733 0.228586 1.120301 0.205483
1.096834 0.228432 1.120369 0.205330
1.096935 0.228278 1.120436 0.205176
1.097036 0.228123 1.120504 0.205023
1.097137 0.227969 1.120571 0.204870
1.097238 0.227814 1.120638 0.204717
1.097339 0.227659 1.120706 0.204563
1.097439 0.227505 1.120773 0.204410
1.097540 0.227350 1.120840 0.204256
1.097641 0.227195 1.120907 0.204102
1.097741 0.227040 1.120974 0.203949
1.097842 0.226884 1.121041 0.203795
1.097942 0.226729 1.121108 0.203641
1.098043 0.226574 1.121175 0.203487
1.098143 0.226418 1.121242 0.203333
1.098244 0.226262 1.121309 0.203179
1.098344 0.226107 1.121376 0.203025
1.098444 0.225951 1.121442 0.202871
1.098544 0.225795 1.121509 0.202717
1.098644 0.225639 1.121576 0.202562
1.098744 0.225482 1.121642 0.202408
1.098844 0.225326 1.121709 0.202254
1.098944 0.225170 1.121775 0.202099
1.099044 0.225013 1.121841 0.201944
1.099144 0.224856 1.121908 0.201790
1.099243 0.224700 1.121974 0.201635
1.099343 0.224543 1.122040 0.201480
1.099443 0.224386 1.122106 0.201326
1.099542 0.224229 1.122173 0.201171
1.099642 0.224071 1.122239 0.201016
1.099741 0.223914 1.122305 0.200861
1.099840 0.223757 1.122371 0.200705
1.099940 0.223599 1.122437 0.200550
1.100039 0.223441 1.122502 0.200395
1.100138 0.223284 1.122568 0.200240
1.100237 0.223126 1.122634 0.200084
1.100336 0.222968 1.122700 0.199929
1.100435 0.222810 1.122765 0.199773
1.100534 0.222652 1.122831 0.199618
1.100633 0.222493 1.122896 0.199462
1.100732 0.222335 1.122962 0.199307
1.100831 0.222176 1.123027 0.199151
1.100929 0.222018 1.123093 0.198995
1.101028 0.221859 1.123158 0.198839
1.101126 0.221700 1.123223 0.198683
1.101225 0.221541 1.123288 0.198527
1.101323 0.221382 1.123354 0.198371
1.101422 0.221223 1.123419 0.198215
1.101520 0.221064 1.123484 0.198059
1.101618 0.220904 1.123549 0.197902
1.101716 0.220745 1.123614 0.197746
1.101815 0.220585 1.123678 0.197590
1.101913 0.220426 1.123743 0.197433
1.102011 0.220266 1.123808 0.197277
1.102109 0.220106 1.123873 0.197120
1.102207 0.219946 1.123937 0.196963
1.102304 0.219786 1.124002 0.196807
1.102402 0.219626 1.124067 0.196650
1.102500 0.219465 1.124131 0.196493
1.102597 0.219305 1.124196 0.196336
1.102695 0.219144 1.124260 0.196179
1.102793 0.218984 1.124324 0.196022
1.102890 0.218823 1.124389 0.195865
1.102987 0.218662 1.124453 0.195708
1.103085 0.218501 1.124517 0.195550
1.103182 0.218340 1.124581 0.195393
1.103279 0.218179 1.124645 0.195236
1.103376 0.218017 1.124709 0.195078
1.103473 0.217856 1.124773 0.194921
1.103570 0.217695 1.124837 0.194763
1.103667 0.217533 1.124901 0.194606
1.103764 0.217371 1.124965 0.194448
1.103861 0.217209 1.125028 0.194290
1.103958 0.217047 1.125092 0.194132
1.104054 0.216885 1.125156 0.193974
1.104151 0.216723 1.125219 0.193817
1.104248 0.216561 1.125283 0.193659
1.104344 0.216399 1.125346 0.193500
1.104441 0.216236 1.125410 0.193342
1.104537 0.216074 1.125473 0.193184
1.104633 0.215911 1.125536 0.193026
1.104730 0.215748 1.125600 0.192868
1.104826 0.215585 1.125663 0.192709
1.104922 0.215422 1.125726 0.192551
1.105018 0.215259 1.125789 0.192392
1.105114 0.215096 1.125852 0.192234
1.105210 0.214933 1.125915 0.192075
1.105306 0.214769 1.125978 0.191916
1.105401 0.214606 1.126041 0.191758
1.105497 0.214442 1.126104 0.191599
1.105593 0.214279 1.126166 0.191440
1.105688 0.214115 1.126229 0.191281
1.105784 0.213951 1.126292 0.191122
1.105880 0.213787 1.126354 0.190963
1.105975 0.213623 1.126417 0.190804
1.106070 0.213459 1.126479 0.190644
1.106166 0.213294 1.126542 0.190485
1.106261 0.213130 1.126604 0.190326
1.106356 0.212965 1.126667 0.190166
1.106451 0.212801 1.126729 0.190007
1.106546 0.212636 1.126791 0.189848
1.106641 0.212471 1.126853 0.189688
1.106736 0.212306 1.126915 0.189528
1.106831 0.212141 1.126977 0.189369
1.106925 0.211976 1.127039 0.189209
1.107020 0.211811 1.127101 0.189049
1.107115 0.211645 1.127163 0.188889
1.107209 0.211480 1.127225 0.188729
1.107304 0.211314 1.127287 0.188569
1.107398 0.211148 1.127349 0.188409
1.107493 0.210983 1.127410 0.188249
1.107587 0.210817 1.127472 0.188089
1.107681 0.210651 1.127533 0.187929
1.107775 0.210485 1.127595 0.187768
1.107869 0.210319 1.127656 0.187608
1.107964 0.210152 1.127718 0.187448
1.108058 0.209986 1.127779 0.187287
1.108151 0.209819 1.127840 0.187127
1.108245 0.209653 1.127902 0.186966
1.108339 0.209486 1.127963 0.186805
1.108433 0.209319 1.128024 0.186645
1.108526 0.209152 1.128085 0.186484
1.108620 0.208985 1.128146 0.186323
1.108713 0.208818 1.128207 0.186162
1.108807 0.208651 1.128268 0.186001
1.108900 0.208484 1.128329 0.185840
1.108994 0.208316 1.128389 0.185679
1.109087 0.208149 1.128450 0.185518
1.109180 0.207981 1.128511 0.185357
1.109273 0.207814 1.128571 0.185195
1.109366 0.207646 1.128632 0.185034
1.109459 0.207478 1.128692 0.184873
1.109552 0.207310 1.128753 0.184711
1.109645 0.207142 1.128813 0.184550
1.109738 0.206973 1.128874 0.184388
1.109830 0.206805 1.128934 0.184227
1.109923 0.206637 1.128994 0.184065
1.110016 0.206468 1.129054 0.183903
1.110108 0.206300 1.129114 0.183741
1.110200 0.206131 1.129175 0.183579
1.110293 0.205962 1.129235 0.183418
1.110385 0.205793 1.129294 0.183256
1.110477 0.205624 1.129354 0.183094
1.110570 0.205455 1.129414 0.182931
1.110662 0.205286 1.129474 0.182769
1.110754 0.205116 1.129534 0.182607
1.110846 0.204947 1.129593 0.182445
1.110938 0.204778 1.129653 0.182282
1.111029 0.204608 1.129713 0.182120
1.111121 0.204438 1.129772 0.181958
1.111213 0.204268 1.129832 0.181795
1.111304 0.204098 1.129891 0.181633
1.111396 0.203928 1.129950 0.181470
1.111487 0.203758 1.130010 0.181307
1.111579 0.203588 1.130069 0.181145
1.111670 0.203418 1.130128 0.180982
1.111761 0.203247 1.130187 0.180819
1.111853 0.203077 1.130246 0.180656
1.111944 0.202906 1.130305 0.180493
1.112035 0.202736 1.130364 0.180330
1.112126 0.202565 1.130423 0.180167
1.112217 0.202394 1.130482 0.180004
1.112308 0.202223 1.130541 0.179841
1.112398 0.202052 1.130600 0.179677
1.112489 0.201881 1.130658 0.179514
1.112580 0.201709 1.130717 0.179351
1.112670 0.201538 1.130775 0.179187
1.112761 0.201366 1.130834 0.179024
1.112851 0.201195 1.130892 0.178860
1.112942 0.201023 1.130951 0.178697
1.113032 0.200851 1.131009 0.178533
1.113122 0.200680 1.131067 0.178369
1.113212 0.200508 1.131126 0.178205
1.113303 0.200335 1.131184 0.178042
1.113393 0.200163 1.131242 0.177878
1.113483 0.199991 1.131300 0.177714
1.113572 0.199819 1.131358 0.177550
1.113662 0.199646 1.131416 0.177386
1.113752 0.199474 1.131474 0.177222
1.113842 0.199301 1.131532 0.177057
1.113931 0.199128 1.131590 0.176893
1.114021 0.198955 1.131647 0.176729
1.114110 0.198782 1.131705 0.176565
1.114200 0.198609 1.131763 0.176400
1.114289 0.198436 1.131820 0.176236
1.114378 0.198263 1.131878 0.176071
1.114467 0.198090 1.131935 0.175907
1.114556 0.197916 1.131992 0.175742
1.114646 0.197743 1.132050 0.175577
1.114735 0.197569 1.132107 0.175413
1.114823 0.197395 1.132164 0.175248
1.114912 0.197222 1.132222 0.175083
1.115001 0.197048 1.132279 0.174918
1.115090 0.196874 1.132336 0.174753
1.115178 0.196700 1.132393 0.174588
1.115267 0.196525 1.132450 0.174423
1.115355 0.196351 1.132507 0.174258
1.115444 0.196177 1.132563 0.174093
1.115532 0.196002 1.132620 0.173928
1.115620 0.195828 1.132677 0.173762
1.115708 0.195653 1.132734 0.173597
1.115797 0.195478 1.132790 0.173432
1.115885 0.195303 1.132847 0.173266
1.115973 0.195128 1.132903 0.173101
1.116060 0.194953 1.132960 0.172935
1.116148 0.194778 1.133016 0.172769
1.116236 0.194603 1.133072 0.172604
1.116324 0.194428 1.133129 0.172438
1.116411 0.194252 1.133185 0.172272
1.116499 0.194077 1.133241 0.172106
1.116586 0.193901 1.133297 0.171940
1.116674 0.193725 1.133353 0.171775
1.116761 0.193549 1.133409 0.171609
1.116848 0.193374 1.133465 0.171442
1.116935 0.193198 1.133521 0.171276
1.117023 0.193021 1.133577 0.171110
1.117110 0.192845 1.133633 0.170944
1.117197 0.192669 1.133688 0.170778
1.117283 0.192493 1.133744 0.170611
1.117370 0.192316 1.133800 0.170445
1.117457 0.192140 1.133855 0.170279
1.117544 0.191963 1.133911 0.170112
1.117630 0.191786 1.133966 0.169946
1.117717 0.191609 1.134022 0.169779
1.117803 0.191432 1.134077 0.169612
1.117890 0.191255 1.134132 0.169446
1.117976 0.191078 1.134187 0.169279
1.118062 0.190901 1.134243 0.169112
1.118148 0.190724 1.134298 0.168945
1.118234 0.190546 1.134353 0.168778
1.118320 0.190369 1.134408 0.168611
1.118406 0.190191 1.134463 0.168444
1.118492 0.190014 1.134517 0.168277
1.118578 0.189836 1.134572 0.168110
1.118664 0.189658 1.134627 0.167943
1.118749 0.189480 1.134682 0.167776
1.118835 0.189302 1.134736 0.167608
1.118920 0.189124 1.134791 0.167441
1.119006 0.188946 1.134846 0.167274
1.119091 0.188767 1.134900 0.167106
1.119176 0.188589 1.134954 0.166939
1.119262 0.188410 1.135009 0.166771
1.119347 0.188232 1.135063 0.166604
1.119432 0.188053 1.135117 0.166436
1.119517 0.187874 1.135172 0.166268
1.119602 0.187696 1.135226 0.166100
1.119686 0.187517 1.135280 0.165933
1.119771 0.187338 1.135334 0.165765
1.119856 0.187158 1.135388 0.165597
1.119940 0.186979 1.135442 0.165429
1.120025 0.186800 1.135496 0.165261
1.120109 0.186620 1.135549 0.165093
1.120194 0.186441 1.135603 0.164925
1.120278 0.186261 1.135657 0.164756
1.120362 0.186082 1.135710 0.164588
1.120447 0.185902 1.135764 0.164420
1.120531 0.185722 1.135818 0.164252
1.120615 0.185542 1.135871 0.164083
1.120699 0.185362 1.135924 0.163915
1.120782 0.185182 1.135978 0.163746
1.120866 0.185002 1.136031 0.163578
1.120950 0.184821 1.136084 0.163409
1.121033 0.184641 1.136137 0.163240
1.121117 0.184460 1.136191 0.163072
1.121200 0.184280 1.136244 0.162903
1.121284 0.184099 1.136297 0.162734
1.121367 0.183918 1.136350 0.162565
1.121450 0.183738 1.136402 0.162396
1.121534 0.183557 1.136455 0.162227
1.121617 0.183376 1.136508 0.162058
1.121700 0.183195 1.136561 0.161889
1.121783 0.183013 1.136614 0.161720
1.121866 0.182832 1.136666 0.161551
1.121948 0.182651 1.136719 0.161382
1.122031 0.182469 1.136771 0.161213
1.122114 0.182288 1.136824 0.161043
1.122196 0.182106 1.136876 0.160874
1.122279 0.181924 1.136928 0.160705
1.122361 0.181742 1.136981 0.160535
1.122443 0.181560 1.137033 0.160366
1.122526 0.181378 1.137085 0.160196
1.122608 0.181196 1.137137 0.160027
1.122690 0.181014 1.137189 0.159857
1.122772 0.180832 1.137241 0.159687
1.122854 0.180650 1.137293 0.159517
1.122936 0.180467 1.137345 0.159348
1.123018 0.180285 1.137397 0.159178
1.123099 0.180102 1.137448 0.159008
1.123181 0.179919 1.137500 0.158838
1.123263 0.179736 1.137552 0.158668
1.123344 0.179554 1.137603 0.158498
1.123426 0.179371 1.137655 0.158328
1.123507 0.179188 1.137706 0.158158
1.123588 0.179004 1.137758 0.157987
1.123669 0.178821 1.137809 0.157817
1.123750 0.178638 1.137860 0.157647
1.123831 0.178455 1.137912 0.157476
1.123912 0.178271 1.137963 0.157306
1.123993 0.178087 1.138014 0.157136
1.124074 0.177904 1.138065 0.156965
1.124155 0.177720 1.138116 0.156794
1.124235 0.177536 1.138167 0.156624
1.124316 0.177352 1.138218 0.156453
1.124396 0.177168 1.138269 0.156283
1.124477 0.176984 1.138320 0.156112
1.124557 0.176800 1.138370 0.155941
1.124637 0.176616 1.138421 0.155770
1.124718 0.176431 1.138472 0.155599
1.124798 0.176247 1.138522 0.155428
1.124878 0.176062 1.138573 0.155257
1.124958 0.175878 1.138623 0.155086
1.125037 0.175693 1.138674 0.154915
1.125117 0.175508 1.138724 0.154744
1.125197 0.175323 1.138774 0.154573
1.125277 0.175139 1.138824 0.154402
1.125356 0.174953 1.138874 0.154230
1.125436 0.174768 1.138925 0.154059
1.125515 0.174583 1.138975 0.153888
1.125594 0.174398 1.139025 0.153716
1.125673 0.174213 1.139075 0.153545
1.125753 0.174027 1.139124 0.153373
1.125832 0.173842 1.139174 0.153202
1.125911 0.173656 1.139224 0.153030
1.125990 0.173470 1.139274 0.152858
1.126068 0.173284 1.139323 0.152687
1.126147 0.173098 1.139373 0.152515
1.126226 0.172913 1.139422 0.152343
1.126304 0.172726 1.139472 0.152171
1.126383 0.172540 1.139521 0.151999
1.126461 0.172354 1.139571 0.151827
1.126540 0.172168 1.139620 0.151655
1.126618 0.171981 1.139669 0.151483
1.126696 0.171795 1.139718 0.151311
1.126774 0.171608 1.139768 0.151139
1.126852 0.171422 1.139817 0.150967
1.126930 0.171235 1.139866 0.150795
1.127008 0.171048 1.139915 0.150622
1.127086 0.170861 1.139963 0.150450
1.127164 0.170674 1.140012 0.150278
1.127241 0.170487 1.140061 0.150105
1.127319 0.170300 1.140110 0.149933
1.127396 0.170113 1.140158 0.149760
1.127474 0.169926 1.140207 0.149588
1.127551 0.169738 1.140256 0.149415
1.127628 0.169551 1.140304 0.149243
1.127706 0.169363 1.140353 0.149070
1.127783 0.169176 1.140401 0.148897
1.127860 0.168988 1.140449 0.148724
1.127937 0.168800 1.140498 0.148552
1.128013 0.168612 1.140546 0.148379
1.128090 0.168424 1.140594 0.148206
1.128167 0.168236 1.140642 0.148033
1.128244 0.168048 1.140690 0.147860
1.128320 0.167860 1.140738 0.147687
1.128396 0.167672 1.140786 0.147514
1.128473 0.167483 1.140834 0.147340
1.128549 0.167295 1.140882 0.147167
1.128625 0.167106 1.140929 0.146994
1.128701 0.166918 1.140977 0.146821
1.128777 0.166729 1.141025 0.146647
1.128853 0.166540 1.141072 0.146474
1.128929 0.166352 1.141120 0.146301
1.129005 0.166163 1.141167 0.146127
1.129081 0.165974 1.141215 0.145954
1.129156 0.165785 1.141262 0.145780
1.129232 0.165595 1.141309 0.145606
1.129307 0.165406 1.141356 0.145433
1.129383 0.165217 1.141404 0.145259
1.129458 0.165027 1.141451 0.145085
1.129533 0.164838 1.141498 0.144912
1.129608 0.164648 1.141545 0.144738
1.129684 0.164459 1.141592 0.144564
1.129758 0.164269 1.141639 0.144390
1.129833 0.164079 1.141685 0.144216
1.129908 0.163889 1.141732 0.144042
1.129983 0.163699 1.141779 0.143868
1.130058 0.163509 1.141825 0.143694
1.130132 0.163319 1.141872 0.143520
1.130207 0.163129 1.141919 0.143345
1.130281 0.162939 1.141965 0.143171
1.130355 0.162748 1.142011 0.142997
1.130430 0.162558 1.142058 0.142823
1.130504 0.162367 1.142104 0.142648
1.130578 0.162177 1.142150 0.142474
1.130652 0.161986 1.142197 0.142299
1.130726 0.161795 1.142243 0.142125
1.130800 0.161604 1.142289 0.141950
1.130873 0.161413 1.142335 0.141776
1.130947 0.161222 1.142381 0.141601
1.131021 0.161031 1.142427 0.141426
1.131094 0.160840 1.142472 0.141252
1.131167 0.160649 1.142518 0.141077
1.131241 0.160458 1.142564 0.140902
1.131314 0.160266 1.142610 0.140727
1.131387 0.160075 1.142655 0.140552
1.131460 0.159883 1.142701 0.140378
1.131533 0.159692 1.142746 0.140203
1.131606 0.159500 1.142792 0.140028
1.131679 0.159308 1.142837 0.139852
1.131752 0.159116 1.142882 0.139677
1.131824 0.158924 1.142928 0.139502
1.131897 0.158732 1.142973 0.139327
1.131970 0.158540 1.143018 0.139152
1.132042 0.158348 1.143063 0.138977
1.132114 0.158156 1.143108 0.138801
1.132187 0.157964 1.143153 0.138626
1.132259 0.157771 1.143198 0.138450
1.132331 0.157579 1.143243 0.138275
1.132403 0.157386 1.143288 0.138100
1.132475 0.157193 1.143332 0.137924
1.132547 0.157001 1.143377 0.137748
1.132618 0.156808 1.143422 0.137573
1.132690 0.156615 1.143466 0.137397
1.132762 0.156422 1.143511 0.137221
1.132833 0.156229 1.143555 0.137046
1.132904 0.156036 1.143600 0.136870
1.132976 0.155843 1.143644 0.136694
1.133047 0.155650 1.143688 0.136518
1.133118 0.155456 1.143732 0.136342
1.133189 0.155263 1.143776 0.136166
1.133260 0.155070 1.143821 0.135990
1.133331 0.154876 1.143865 0.135814
1.133402 0.154682 1.143909 0.135638
1.133473 0.154489 1.143952 0.135462
1.133543 0.154295 1.143996 0.135286
1.133614 0.154101 1.144040 0.135110
1.133684 0.153907 1.144084 0.134934
1.133755 0.153713 1.144128 0.134757
1.133825 0.153519 1.144171 0.134581
1.133895 0.153325 1.144215 0.134405
1.133966 0.153131 1.144258 0.134228
1.134036 0.152937 1.144302 0.134052
1.134106 0.152742 1.144345 0.133875
1.134176 0.152548 1.144388 0.133699
1.134245 0.152353 1.144432 0.133522
1.134315 0.152159 1.144475 0.133346
1.134385 0.151964 1.144518 0.133169
1.134454 0.151769 1.144561 0.132992
1.134524 0.151575 1.144604 0.132815
1.134593 0.151380 1.144647 0.132639
1.134662 0.151185 1.144690 0.132462
1.134732 0.150990 1.144733 0.132285
1.134801 0.150795 1.144776 0.132108
1.134870 0.150600 1.144819 0.131931
1.134939 0.150404 1.144861 0.131754
1.135008 0.150209 1.144904 0.131577
1.135076 0.150014 1.144947 0.131400
1.135145 0.149818 1.144989 0.131223
1.135214 0.149623 1.145032 0.131046
1.135282 0.149427 1.145074 0.130869
1.135351 0.149231 1.145116 0.130692
1.135419 0.149036 1.145159 0.130514
1.135487 0.148840 1.145201 0.130337
1.135556 0.148644 1.145243 0.130160
1.135624 0.148448 1.145285 0.129982
1.135692 0.148252 1.145327 0.129805
1.135760 0.148056 1.145369 0.129627
1.135827 0.147860 1.145411 0.129450
1.135895 0.147663 1.145453 0.129272
1.135963 0.147467 1.145495 0.129095
1.136030 0.147271 1.145536 0.128917
1.136098 0.147074 1.145578 0.128739
1.136165 0.146878 1.145620 0.128562
1.136233 0.146681 1.145661 0.128384
1.136300 0.146484 1.145703 0.128206
1.136367 0.146288 1.145744 0.128028
1.136434 0.146091 1.145786 0.127851
1.136501 0.145894 1.145827 0.127673
1.136568 0.145697 1.145868 0.127495
1.136635 0.145500 1.145910 0.127317
1.136702 0.145303 1.145951 0.127139
1.136768 0.145106 1.145992 0.126961
1.136835 0.144908 1.146033 0.126783
1.136901 0.144711 1.146074 0.126605
1.136968 0.144514 1.146115 0.126426
1.137034 0.144316 1.146156 0.126248
1.137100 0.144119 1.146197 0.126070
1.137166 0.143921 1.146237 0.125892
1.137232 0.143723 1.146278 0.125713
1.137298 0.143526 1.146319 0.125535
1.137364 0.143328 1.146359 0.125357
1.137430 0.143130 1.146400 0.125178
1.137495 0.142932 1.146440 0.125000
1.137561 0.142734 1.146481 0.124821
1.137627 0.142536 1.146521 0.124643
1.137692 0.142338 1.146561 0.124464
1.137757 0.142139 1.146602 0.124286
1.137823 0.141941 1.146642 0.124107
1.137888 0.141743 1.146682 0.123928
1.137953 0.141544 1.146722 0.123749
1.138018 0.141346 1.146762 0.123571
1.138083 0.141147 1.146802 0.123392
1.138147 0.140949 1.146842 0.123213
1.138212 0.140750 1.146882 0.123034
1.138277 0.140551 1.146921 0.122855
1.138341 0.140352 1.146961 0.122676
1.138406 0.140153 1.147001 0.122497
1.138470 0.139954 1.147040 0.122318
1.138534 0.139755 1.147080 0.122139
1.138599 0.139556 1.147119 0.121960
1.138663 0.139357 1.147159 0.121781
1.138727 0.139158 1.147198 0.121602
1.138791 0.138959 1.147237 0.121423
1.138854 0.138759 1.147277 0.121243
1.138918 0.138560 1.147316 0.121064
1.138982 0.138360 1.147355 0.120885
1.139045 0.138161 1.147394 0.120705
1.139109 0.137961 1.147433 0.120526
1.139172 0.137761 1.147472 0.120347
1.139236 0.137561 1.147511 0.120167
1.139299 0.137362 1.147550 0.119988
1.139362 0.137162 1.147588 0.119808
1.139425 0.136962 1.147627 0.119628
1.139488 0.136762 1.147666 0.119449
1.139551 0.136561 1.147704 0.119269
1.139614 0.136361 1.147743 0.119090
1.139676 0.136161 1.147781 0.118910
1.139739 0.135961 1.147820 0.118730
1.139801 0.135760 1.147858 0.118550
1.139864 0.135560 1.147896 0.118370
1.139926 0.135359 1.147935 0.118191
1.139988 0.135159 1.147973 0.118011
1.140051 0.134958 1.148011 0.117831
1.140113 0.134757 1.148049 0.117651
1.140175 0.134557 1.148087 0.117471
1.140236 0.134356 1.148125 0.117291
1.140298 0.134155 1.148163 0.117111
1.140360 0.133954 1.148201 0.116930
1.140422 0.133753 1.148238 0.116750
1.140483 0.133552 1.148276 0.116570
1.140545 0.133351 1.148314 0.116390
1.140606 0.133149 1.148351 0.116210
1.140667 0.132948 1.148389 0.116029
1.140728 0.132747 1.148426 0.115849
1.140789 0.132545 1.148464 0.115669
1.140850 0.132344 1.148501 0.115488
1.140911 0.132142 1.148538 0.115308
1.140972 0.131941 1.148575 0.115127
1.141033 0.131739 1.148613 0.114947
1.141093 0.131537 1.148650 0.114766
1.141154 0.131335 1.148687 0.114586
1.141214 0.131133 1.148724 0.114405
1.141275 0.130931 1.148761 0.114225
1.141335 0.130729 1.148798 0.114044
1.141395 0.130527 1.148834 0.113863
1.141455 0.130325 1.148871 0.113682
1.141515 0.130123 1.148908 0.113502
1.141575 0.129921 1.148944 0.113321
1.141635 0.129719 1.148981 0.113140
1.141695 0.129516 1.149018 0.112959
1.141754 0.129314 1.149054 0.112778
1.141814 0.129111 1.149090 0.112597
1.141873 0.128909 1.149127 0.112416
1.141933 0.128706 1.149163 0.112235
1.141992 0.128503 1.149199 0.112054
1.142051 0.128300 1.149235 0.111873
1.142110 0.128098 1.149272 0.111692
1.142169 0.127895 1.149308 0.111511
1.142228 0.127692 1.149344 0.111330
1.142287 0.127489 1.149380 0.111148
1.142346 0.127286 1.149415 0.110967
1.142404 0.127083 1.149451 0.110786
1.142463 0.126879 1.149487 0.110605
1.142522 0.126676 1.149523 0.110423
1.142580 0.126473 1.149558 0.110242
1.142638 0.126269 1.149594 0.110060
1.142696 0.126066 1.149629 0.109879
1.142754 0.125863 1.149665 0.109697
1.142812 0.125659 1.149700 0.109516
1.142870 0.125455 1.149735 0.109334
1.142928 0.125252 1.149771 0.109153
1.142986 0.125048 1.149806 0.108971
1.143044 0.124844 1.149841 0.108790
1.143101 0.124640 1.149876 0.108608
1.143159 0.124436 1.149911 0.108426
1.143216 0.124232 1.149946 0.108244
1.143273 0.124028 1.149981 0.108063
1.143330 0.123824 1.150016 0.107881
1.143387 0.123620 1.150051 0.107699
1.143444 0.123416 1.150086 0.107517
1.143501 0.123211 1.150120 0.107335
1.143558 0.123007 1.150155 0.107153
1.143615 0.122803 1.150189 0.106971
1.143672 0.122598 1.150224 0.106789
1.143728 0.122394 1.150258 0.106607
1.143785 0.122189 1.150293 0.106425
1.143841 0.121984 1.150327 0.106243
1.143897 0.121780 1.150361 0.106061
1.143953 0.121575 1.150396 0.105879
1.144009 0.121370 1.150430 0.105697
1.144065 0.121165 1.150464 0.105514
1.144121 0.120960 1.150498 0.105332
1.144177 0.120755 1.150532 0.105150
1.144233 0.120550 1.150566 0.104967
1.144289 0.120345 1.150599 0.104785
1.144344 0.120140 1.150633 0.104603
1.144400 0.119935 1.150667 0.104420
1.144455 0.119729 1.150701 0.104238
1.144510 0.119524 1.150734 0.104055
1.144565 0.119319 1.150768 0.103873
1.144620 0.119113 1.150801 0.103690
1.144675 0.118908 1.150835 0.103508
1.144730 0.118702 1.150868 0.103325
1.144785 0.118496 1.150901 0.103142
1.144840 0.118291 1.150935 0.102960
1.144894 0.118085 1.150968 0.102777
1.144949 0.117879 1.151001 0.102594
1.145003 0.117673 1.151034 0.102412
1.145058 0.117467 1.151067 0.102229
1.145112 0.117261 1.151100 0.102046
1.145166 0.117055 1.151133 0.101863
1.145220 0.116849 1.151166 0.101680
1.145274 0.116643 1.151199 0.101497
1.145328 0.116437 1.151231 0.101314
1.145382 0.116231 1.151264 0.101131
1.145435 0.116024 1.151297 0.100948
1.145489 0.115818 1.151329 0.100765
1.145542 0.115612 1.151362 0.100582
1.145596 0.115405 1.151394 0.100399
1.145649 0.115198 1.151426 0.100216
1.145702 0.114992 1.151459 0.100033
1.145755 0.114785 1.151491 0.099850
1.145808 0.114578 1.151523 0.099667
1.145861 0.114372 1.151555 0.099483
1.145914 0.114165 1.151587 0.099300
1.145967 0.113958 1.151619 0.099117
1.146020 0.113751 1.151651 0.098933
1.146072 0.113544 1.151683 0.098750
1.146125 0.113337 1.151715 0.098567
1.146177 0.113130 1.151747 0.098383
1.146229 0.112923 1.151778 0.098200
1.146282 0.112716 1.151810 0.098016
1.146334 0.112508 1.151842 0.097833
1.146386 0.112301 1.151873 0.097649
1.146438 0.112094 1.151904 0.097466
1.146489 0.111886 1.151936 0.097282
1.146541 0.111679 1.151967 0.097099
1.146593 0.111471 1.151999 0.096915
1.146644 0.111263 1.152030 0.096731
1.146696 0.111056 1.152061 0.096547
1.146747 0.110848 1.152092 0.096364
1.146798 0.110640 1.152123 0.096180
1.146849 0.110433 1.152154 0.095996
1.146900 0.110225 1.152185 0.095812
1.146951 0.110017 1.152216 0.095628
1.147002 0.109809 1.152247 0.095445
1.147053 0.109601 1.152277 0.095261
1.147104 0.109393 1.152308 0.095077
1.147154 0.109185 1.152339 0.094893
1.147205 0.108976 1.152369 0.094709
1.147255 0.108768 1.152400 0.094525
1.147306 0.108560 1.152430 0.094341
1.147356 0.108351 1.152461 0.094157
1.147406 0.108143 1.152491 0.093972
1.147456 0.107935 1.152521 0.093788
1.147506 0.107726 1.152551 0.093604
1.147556 0.107518 1.152582 0.093420
1.147605 0.107309 1.152612 0.093236
1.147655 0.107100 1.152642 0.093052
1.147705 0.106892 1.152672 0.092867
1.147754 0.106683 1.152702 0.092683
1.147803 0.106474 1.152731 0.092499
1.147853 0.106265 1.152761 0.092314
1.147902 0.106056 1.152791 0.092130
1.147951 0.105847 1.152821 0.091945
1.148000 0.105638 1.152850 0.091761
1.148049 0.105429 1.152880 0.091577
1.148098 0.105220 1.152909 0.091392
1.148146 0.105011 1.152939 0.091207
1.148195 0.104802 1.152968 0.091023
1.148244 0.104592 1.152997 0.090838
1.148292 0.104383 1.153027 0.090654
1.148340 0.104174 1.153056 0.090469
1.148388 0.103964 1.153085 0.090284
1.148437 0.103755 1.153114 0.090100
1.148485 0.103545 1.153143 0.089915
1.148533 0.103336 1.153172 0.089730
1.148580 0.103126 1.153201 0.089546
1.148628 0.102916 1.153230 0.089361
1.148676 0.102707 1.153258 0.089176
1.148723 0.102497 1.153287 0.088991
1.148771 0.102287 1.153316 0.088806
1.148818 0.102077 1.153344 0.088621
1.148866 0.101867 1.153373 0.088436
1.148913 0.101657 1.153401 0.088251
1.148960 0.101447 1.153430 0.088066
1.149007 0.101237 1.153458 0.087881
1.149054 0.101027 1.153486 0.087696
1.149100 0.100817 1.153515 0.087511
1.149147 0.100607 1.153543 0.087326
1.149194 0.100396 1.153571 0.087141
1.149240 0.100186 1.153599 0.086956
1.149287 0.099976 1.153627 0.086771
1.149333 0.099765 1.153655 0.086586
1.149379 0.099555 1.153683 0.086400
1.149425 0.099344 1.153710 0.086215
1.149471 0.099134 1.153738 0.086030
1.149517 0.098923 1.153766 0.085845
1.149563 0.098712 1.153794 0.085659
1.149609 0.098502 1.153821 0.085474
1.149655 0.098291 1.153849 0.085289
1.149700 0.098080 1.153876 0.085103
1.149746 0.097869 1.153903 0.084918
1.149791 0.097658 1.153931 0.084732
1.149836 0.097447 1.153958 0.084547
1.149881 0.097236 1.153985 0.084361
1.149926 0.097025 1.154012 0.084176
1.149971 0.096814 1.154039 0.083990
1.150016 0.096603 1.154066 0.083805
1.150061 0.096392 1.154093 0.083619
1.150106 0.096181 1.154120 0.083434
1.150150 0.095969 1.154147 0.083248
1.150195 0.095758 1.154174 0.083062
1.150239 0.095547 1.154201 0.082877
1.150283 0.095335 1.154227 0.082691
1.150328 0.095124 1.154254 0.082505
1.150372 0.094912 1.154281 0.082319
1.150416 0.094701 1.154307 0.082134
1.150460 0.094489 1.154333 0.081948
1.150504 0.094278 1.154360 0.081762
1.150547 0.094066 1.154386 0.081576
1.150591 0.093854 1.154412 0.081390
1.150634 0.093642 1.154439 0.081204
1.150678 0.093431 1.154465 0.081018
1.150721 0.093219 1.154491 0.080832
1.150764 0.093007 1.154517 0.080646
1.150808 0.092795 1.154543 0.080460
1.150851 0.092583 1.154569 0.080274
1.150893 0.092371 1.154594 0.080088
1.150936 0.092159 1.154620 0.079902
1.150979 0.091946 1.154646 0.079716
1.151022 0.091734 1.154671 0.079530
1.151064 0.091522 1.154697 0.079344
1.151107 0.091310 1.154723 0.079158
1.151149 0.091097 1.154748 0.078971
1.151191 0.090885 1.154773 0.078785
1.151234 0.090673 1.154799 0.078599
1.151276 0.090460 1.154824 0.078413
1.151318 0.090248 1.154849 0.078226
1.151359 0.090035 1.154874 0.078040
1.151401 0.089823 1.154900 0.077854
1.151443 0.089610 1.154925 0.077667
1.151485 0.089397 1.154950 0.077481
1.151526 0.089185 1.154974 0.077295
1.151567 0.088972 1.154999 0.077108
1.151609 0.088759 1.155024 0.076922
1.151650 0.088546 1.155049 0.076735
1.151691 0.088333 1.155074 0.076549
1.151732 0.088120 1.155098 0.076362
1.151773 0.087907 1.155123 0.076176
1.151814 0.087694 1.155147 0.075989
1.151854 0.087481 1.155172 0.075803
1.151895 0.087268 1.155196 0.075616
1.151936 0.087055 1.155220 0.075429
1.151976 0.086842 1.155245 0.075243
1.152016 0.086629 1.155269 0.075056
1.152056 0.086415 1.155293 0.074869
1.152097 0.086202 1.155317 0.074683
1.152137 0.085989 1.155341 0.074496
1.152177 0.085775 1.155365 0.074309
1.152216 0.085562 1.155389 0.074122
1.152256 0.085348 1.155413 0.073936
1.152296 0.085135 1.155436 0.073749
1.152335 0.084921 1.155460 0.073562
1.152375 0.084708 1.155484 0.073375
1.152414 0.084494 1.155507 0.073188
1.152453 0.084280 1.155531 0.073001
1.152492 0.084067 1.155554 0.072814
1.152531 0.083853 1.155578 0.072627
1.152570 0.083639 1.155601 0.072440
1.152609 0.083425 1.155624 0.072253
1.152648 0.083211 1.155648 0.072066
1.152687 0.082997 1.155671 0.071879
1.152725 0.082783 1.155694 0.071692
1.152764 0.082569 1.155717 0.071505
1.152802 0.082355 1.155740 0.071318
1.152840 0.082141 1.155763 0.071131
1.152878 0.081927 1.155786 0.070944
1.152917 0.081713 1.155809 0.070757
1.152955 0.081499 1.155831 0.070569
1.152992 0.081284 1.155854 0.070382
1.153030 0.081070 1.155877 0.070195
1.153068 0.080856 1.155899 0.070008
1.153105 0.080641 1.155922 0.069820
1.153143 0.080427 1.155944 0.069633
1.153180 0.080212 1.155967 0.069446
1.153217 0.079998 1.155989 0.069258
1.153255 0.079783 1.156011 0.069071
1.153292 0.079569 1.156033 0.068884
1.153329 0.079354 1.156055 0.068696
1.153366 0.079140 1.156078 0.068509
1.153402 0.078925 1.156100 0.068321
1.153439 0.078710 1.156122 0.068134
1.153476 0.078495 1.156143 0.067947
1.153512 0.078281 1.156165 0.067759
1.153549 0.078066 1.156187 0.067571
1.153585 0.077851 1.156209 0.067384
1.153621 0.077636 1.156230 0.067196
1.153657 0.077421 1.156252 0.067009
1.153693 0.077206 1.156274 0.066821
1.153729 0.076991 1.156295 0.066634
1.153765 0.076776 1.156316 0.066446
1.153800 0.076561 1.156338 0.066258
1.153836 0.076346 1.156359 0.066071
1.153872 0.076131 1.156380 0.065883
1.153907 0.075915 1.156401 0.065695
1.153942 0.075700 1.156423 0.065507
1.153977 0.075485 1.156444 0.065320
1.154013 0.075270 1.156465 0.065132
1.154048 0.075054 1.156486 0.064944
1.154082 0.074839 1.156506 0.064756
1.154117 0.074623 1.156527 0.064569
1.154152 0.074408 1.156548 0.064381
1.154187 0.074192 1.156569 0.064193
1.154221 0.073977 1.156589 0.064005
1.154255 0.073761 1.156610 0.063817
1.154290 0.073546 1.156630 0.063629
1.154324 0.073330 1.156651 0.063441
1.154358 0.073114 1.156671 0.063253
1.154392 0.072899 1.156692 0.063065
1.154426 0.072683 1.156712 0.062877
1.154460 0.072467 1.156732 0.062689
1.154493 0.072251 1.156752 0.062501
1.154527 0.072035 1.156772 0.062313
1.154561 0.071820 1.156792 0.062125
1.154594 0.071604 1.156812 0.061937
1.154627 0.071388 1.156832 0.061749
1.154661 0.071172 1.156852 0.061561
1.154694 0.070956 1.156872 0.061373
1.154727 0.070740 1.156891 0.061184
1.154760 0.070523 1.156911 0.060996
1.154792 0.070307 1.156931 0.060808
1.154825 0.070091 1.156950 0.060620
1.154858 0.069875 1.156970 0.060432
1.154890 0.069659 1.156989 0.060243
1.154923 0.069442 1.157008 0.060055
1.154955 0.069226 1.157028 0.059867
1.154987 0.069010 1.157047 0.059678
1.155019 0.068793 1.157066 0.059490
1.155051 0.068577 1.157085 0.059302
1.155083 0.068361 1.157104 0.059113
1.155115 0.068144 1.157123 0.058925
1.155147 0.067928 1.157142 0.058737
1.155178 0.067711 1.157161 0.058548
1.155210 0.067494 1.157180 0.058360
1.155241 0.067278 1.157199 0.058171
1.155273 0.067061 1.157217 0.057983
1.155304 0.066845 1.157236 0.057794
1.155335 0.066628 1.157255 0.057606
1.155366 0.066411 1.157273 0.057417
1.155397 0.066194 1.157291 0.057229
1.155428 0.065978 1.157310 0.057040
1.155458 0.065761 1.157328 0.056852
1.155489 0.065544 1.157346 0.056663
1.155519 0.065327 1.157365 0.056475
1.155550 0.065110 1.157383 0.056286
1.155580 0.064893 1.157401 0.056097
1.155610 0.064676 1.157419 0.055909
1.155641 0.064459 1.157437 0.055720
1.155671 0.064242 1.157455 0.055531
1.155700 0.064025 1.157473 0.055343
1.155730 0.063808 1.157490 0.055154
1.155760 0.063591 1.157508 0.054965
1.155790 0.063373 1.157526 0.054776
1.155819 0.063156 1.157543 0.054588
1.155848 0.062939 1.157561 0.054399
1.155878 0.062722 1.157578 0.054210
1.155907 0.062504 1.157596 0.054021
1.155936 0.062287 1.157613 0.053832
1.155965 0.062070 1.157630 0.053644
1.155994 0.061852 1.157648 0.053455
1.156023 0.061635 1.157665 0.053266
1.156052 0.061417 1.157682 0.053077
1.156080 0.061200 1.157699 0.052888
1.156109 0.060982 1.157716 0.052699
1.156137 0.060765 1.157733 0.052510
1.156165 0.060547 1.157750 0.052321
1.156194 0.060330 1.157766 0.052132
1.156222 0.060112 1.157783 0.051943
1.156250 0.059894 1.157800 0.051754
1.156278 0.059677 1.157816 0.051565
1.156305 0.059459 1.157833 0.051376
1.156333 0.059241 1.157850 0.051187
1.156361 0.059024 1.157866 0.050998
1.156388 0.058806 1.157882 0.050809
1.156416 0.058588 1.157899 0.050620
1.156443 0.058370 1.157915 0.050431
1.156470 0.058152 1.157931 0.050242
1.156497 0.057934 1.157947 0.050053
1.156524 0.057716 1.157963 0.049864
1.156551 0.057498 1.157979 0.049674
1.156578 0.057280 1.157995 0.049485
1.156604 0.057062 1.158011 0.049296
1.156631 0.056844 1.158027 0.049107
1.156658 0.056626 1.158043 0.048918
1.156684 0.056408 1.158058 0.048728
1.156710 0.056190 1.158074 0.048539
1.156736 0.055972 1.158090 0.048350
1.156762 0.055754 1.158105 0.048161
1.156788 0.055535 1.158121 0.047971
1.156814 0.055317 1.158136 0.047782
1.156840 0.055099 1.158151 0.047593
1.156866 0.054880 1.158167 0.047403
1.156891 0.054662 1.158182 0.047214
1.156917 0.054444 1.158197 0.047025
1.156942 0.054225 1.158212 0.046835
1.156967 0.054007 1.158227 0.046646
1.156993 0.053789 1.158242 0.046457
1.157018 0.053570 1.158257 0.046267
1.157043 0.053352 1.158272 0.046078
1.157067 0.053133 1.158287 0.045888
1.157092 0.052915 1.158302 0.045699
1.157117 0.052696 1.158316 0.045509
1.157141 0.052477 1.158331 0.045320
1.157166 0.052259 1.158345 0.045130
1.157190 0.052040 1.158360 0.044941
1.157215 0.051821 1.158374 0.044751
1.157239 0.051603 1.158389 0.044562
1.157263 0.051384 1.158403 0.044372
1.157287 0.051165 1.158417 0.044183
1.157311 0.050947 1.158431 0.043993
1.157334 0.050728 1.158446 0.043804
1.157358 0.050509 1.158460 0.043614
1.157382 0.050290 1.158474 0.043424
1.157405 0.050071 1.158488 0.043235
1.157428 0.049852 1.158501 0.043045
1.157452 0.049633 1.158515 0.042855
1.157475 0.049415 1.158529 0.042666
1.157498 0.049196 1.158543 0.042476
1.157521 0.048977 1.158556 0.042286
1.157543 0.048758 1.158570 0.042097
1.157566 0.048539 1.158583 0.041907
1.157589 0.048319 1.158597 0.041717
1.157611 0.048100 1.158610 0.041528
1.157634 0.047881 1.158624 0.041338
1.157656 0.047662 1.158637 0.041148
1.157678 0.047443 1.158650 0.040958
1.157700 0.047224 1.158663 0.040768
1.157722 0.047005 1.158676 0.040579
1.157744 0.046785 1.158689 0.040389
1.157766 0.046566 1.158702 0.040199
1.157788 0.046347 1.158715 0.040009
1.157810 0.046128 1.158728 0.039819
1.157831 0.045908 1.158741 0.039630
1.157852 0.045689 1.158754 0.039440
1.157874 0.045470 1.158766 0.039250
1.157895 0.045250 1.158779 0.039060
1.157916 0.045031 1.158791 0.038870
1.157937 0.044811 1.158804 0.038680
1.157958 0.044592 1.158816 0.038490
1.157979 0.044373 1.158829 0.038300
1.157999 0.044153 1.158841 0.038110
1.158020 0.043934 1.158853 0.037920
1.158041 0.043714 1.158865 0.037730
1.158061 0.043494 1.158877 0.037540
1.158081 0.043275 1.158889 0.037350
1.158101 0.043055 1.158901 0.037160
1.158121 0.042836 1.158913 0.036970
1.158141 0.042616 1.158925 0.036780
1.158161 0.042396 1.158937 0.036590
1.158181 0.042177 1.158949 0.036400
1.158201 0.041957 1.158961 0.036210
1.158220 0.041737 1.158972 0.036020
1.158240 0.041518 1.158984 0.035830
1.158259 0.041298 1.158995 0.035640
1.158278 0.041078 1.159007 0.035450
1.158298 0.040858 1.159018 0.035260
1.158317 0.040638 1.159029 0.035070
1.158336 0.040419 1.159041 0.034879
1.158355 0.040199 1.159052 0.034689
1.158373 0.039979 1.159063 0.034499
1.158392 0.039759 1.159074 0.034309
1.158410 0.039539 1.159085 0.034119
1.158429 0.039319 1.159096 0.033929
1.158447 0.039099 1.159107 0.033739
1.158465 0.038879 1.159118 0.033548
1.158484 0.038659 1.159128 0.033358
1.158502 0.038439 1.159139 0.033168
1.158520 0.038219 1.159150 0.032978
1.158537 0.037999 1.159160 0.032787
1.158555 0.037779 1.159171 0.032597
1.158573 0.037559 1.159181 0.032407
1.158590 0.037339 1.159192 0.032217
1.158608 0.037119 1.159202 0.032026
1.158625 0.036899 1.159212 0.031836
1.158642 0.036678 1.159223 0.031646
1.158659 0.036458 1.159233 0.031455
1.158676 0.036238 1.159243 0.031265
1.158693 0.036018 1.159253 0.031075
1.158710 0.035798 1.159263 0.030885
1.158727 0.035577 1.159273 0.030694
1.158743 0.035357 1.159283 0.030504
1.158760 0.035137 1.159292 0.030313
1.158776 0.034917 1.159302 0.030123
1.158793 0.034696 1.159312 0.029933
1.158809 0.034476 1.159322 0.029742
1.158825 0.034256 1.159331 0.029552
1.158841 0.034035 1.159341 0.029362
1.158857 0.033815 1.159350 0.029171
1.158873 0.033594 1.159359 0.028981
1.158888 0.033374 1.159369 0.028790
1.158904 0.033154 1.159378 0.028600
1.158919 0.032933 1.159387 0.028409
1.158935 0.032713 1.159396 0.028219
1.158950 0.032492 1.159405 0.028028
1.158965 0.032272 1.159414 0.027838
1.158980 0.032051 1.159423 0.027648
1.158995 0.031831 1.159432 0.027457
1.159010 0.031610 1.159441 0.027267
1.159025 0.031389 1.159450 0.027076
1.159039 0.031169 1.159458 0.026886
1.159054 0.030948 1.159467 0.026695
1.159068 0.030728 1.159476 0.026505
1.159083 0.030507 1.159484 0.026314
1.159097 0.030286 1.159492 0.026123
1.159111 0.030066 1.159501 0.025933
1.159125 0.029845 1.159509 0.025742
1.159139 0.029624 1.159517 0.025552
1.159153 0.029404 1.159526 0.025361
1.159167 0.029183 1.159534 0.025171
1.159180 0.028962 1.159542 0.024980
1.159194 0.028742 1.159550 0.024789
1.159207 0.028521 1.159558 0.024599
1.159220 0.028300 1.159566 0.024408
1.159234 0.028079 1.159574 0.024218
1.159247 0.027859 1.159581 0.024027
1.159260 0.027638 1.159589 0.023836
1.159273 0.027417 1.159597 0.023646
1.159285 0.027196 1.159604 0.023455
1.159298 0.026975 1.159612 0.023264
1.159311 0.026754 1.159619 0.023074
1.159323 0.026534 1.159627 0.022883
1.159336 0.026313 1.159634 0.022692
1.159348 0.026092 1.159641 0.022502
1.159360 0.025871 1.159649 0.022311
1.159372 0.025650 1.159656 0.022120
1.159384 0.025429 1.159663 0.021930
1.159396 0.025208 1.159670 0.021739
1.159408 0.024987 1.159677 0.021548
1.159419 0.024766 1.159684 0.021358
1.159431 0.024545 1.159691 0.021167
1.159442 0.024324 1.159698 0.020976
1.159454 0.024103 1.159704 0.020785
1.159465 0.023882 1.159711 0.020595
1.159476 0.023661 1.159718 0.020404
1.159487 0.023440 1.159724 0.020213
1.159498 0.023219 1.159731 0.020022
1.159509 0.022998 1.159737 0.019832
1.159520 0.022777 1.159743 0.019641
1.159530 0.022556 1.159750 0.019450
1.159541 0.022335 1.159756 0.019259
1.159551 0.022114 1.159762 0.019069
1.159562 0.021892 1.159768 0.018878
1.159572 0.021671 1.159774 0.018687
1.159582 0.021450 1.159780 0.018496
1.159592 0.021229 1.159786 0.018305
1.159602 0.021008 1.159792 0.018114
1.159612 0.020787 1.159798 0.017924
1.159621 0.020566 1.159804 0.017733
1.159631 0.020344 1.159809 0.017542
1.159641 0.020123 1.159815 0.017351
1.159650 0.019902 1.159821 0.017160
1.159659 0.019681 1.159826 0.016970
1.159668 0.019459 1.159832 0.016779
1.159677 0.019238 1.159837 0.016588
1.159686 0.019017 1.159842 0.016397
1.159695 0.018796 1.159848 0.016206
1.159704 0.018574 1.159853 0.016015
1.159713 0.018353 1.159858 0.015824
1.159721 0.018132 1.159863 0.015633
1.159730 0.017911 1.159868 0.015443
1.159738 0.017689 1.159873 0.015252
1.159746 0.017468 1.159878 0.015061
1.159755 0.017247 1.159883 0.014870
1.159763 0.017025 1.159888 0.014679
1.159771 0.016804 1.159892 0.014488
1.159778 0.016583 1.159897 0.014297
1.159786 0.016361 1.159902 0.014106
1.159794 0.016140 1.159906 0.013915
1.159801 0.015919 1.159911 0.013724
1.159809 0.015697 1.159915 0.013533
1.159816 0.015476 1.159919 0.013343
1.159823 0.015254 1.159924 0.013152
1.159830 0.015033 1.159928 0.012961
1.159837 0.014812 1.159932 0.012770
1.159844 0.014590 1.159936 0.012579
1.159851 0.014369 1.159940 0.012388
1.159858 0.014147 1.159944 0.012197
1.159864 0.013926 1.159948 0.012006
1.159871 0.013704 1.159952 0.011815
1.159877 0.013483 1.159956 0.011624
1.159884 0.013262 1.159960 0.011433
1.159890 0.013040 1.159963 0.011242
1.159896 0.012819 1.159967 0.011051
1.159902 0.012597 1.159970 0.010860
1.159908 0.012376 1.159974 0.010669
1.159914 0.012154 1.159977 0.010478
1.159919 0.011933 1.159981 0.010287
1.159925 0.011711 1.159984 0.010096
1.159930 0.011490 1.159987 0.009905
1.159936 0.011268 1.159990 0.009714
1.159941 0.011047 1.159994 0.009523
1.159946 0.010825 1.159997 0.009332
1.159951 0.010604 1.160000 0.009141
1.159956 0.010382 1.160003 0.008950
1.159961 0.010161 1.160005 0.008759
1.159966 0.009939 1.160008 0.008568
1.159970 0.009717 1.160011 0.008377
1.159975 0.009496 1.160014 0.008186
1.159979 0.009274 1.160016 0.007995
1.159984 0.009053 1.160019 0.007804
1.159988 0.008831 1.160021 0.007613
1.159992 0.008610 1.160024 0.007422
1.159996 0.008388 1.160026 0.007231
1.160000 0.008167 1.160029 0.007040
1.160004 0.007945 1.160031 0.006849
1.160007 0.007723 1.160033 0.006658
1.160011 0.007502 1.160035 0.006467
1.160015 0.007280 1.160037 0.006276
1.160018 0.007059 1.160039 0.006085
1.160021 0.006837 1.160041 0.005894
1.160024 0.006615 1.160043 0.005703
1.160027 0.006394 1.160045 0.005512
1.160030 0.006172 1.160047 0.005321
1.160033 0.005951 1.160049 0.005130
1.160036 0.005729 1.160050 0.004939
1.160039 0.005507 1.160052 0.004747
1.160041 0.005286 1.160053 0.004556
1.160044 0.005064 1.160055 0.004365
1.160046 0.004842 1.160056 0.004174
1.160048 0.004621 1.160058 0.003983
1.160051 0.004399 1.160059 0.003792
1.160053 0.004178 1.160060 0.003601
1.160055 0.003956 1.160061 0.003410
1.160056 0.003734 1.160062 0.003219
1.160058 0.003513 1.160064 0.003028
1.160060 0.003291 1.160064 0.002837
1.160061 0.003069 1.160065 0.002646
1.160063 0.002848 1.160066 0.002455
1.160064 0.002626 1.160067 0.002264
1.160065 0.002404 1.160068 0.002073
1.160066 0.002183 1.160069 0.001882
1.160067 0.001961 1.160069 0.001690
1.160068 0.001739 1.160070 0.001499
1.160069 0.001518 1.160070 0.001308
1.160070 0.001296 1.160071 0.001117
1.160070 0.001074 1.160071 0.000926
1.160071 0.000853 1.160071 0.000735
1.160071 0.000631 1.160072 0.000544
1.160072 0.000409 1.160072 0.000353
1.160072 0.000188 1.160072 0.000162
1.160072 -0.000034 1.160072 -0.000029
1.160072 -0.000255 1.160072 -0.000220
1.160072 -0.000477 1.160072 -0.000411
1.160072 -0.000699 1.160072 -0.000602
1.160071 -0.000920 1.160072 -0.000793
1.160071 -0.001142 1.160071 -0.000985
1.160070 -0.001364 1.160071 -0.001176
1.160070 -0.001585 1.160071 -0.001367
1.160069 -0.001807 1.160070 -0.001558
1.160068 -0.002029 1.160070 -0.001749
1.160067 -0.002250 1.160069 -0.001940
1.160066 -0.002472 1.160069 -0.002131
1.160065 -0.002694 1.160068 -0.002322
1.160064 -0.002915 1.160067 -0.002513
1.160062 -0.003137 1.160066 -0.002704
1.160061 -0.003359 1.160066 -0.002895
1.160059 -0.003580 1.160065 -0.003086
1.160058 -0.003802 1.160064 -0.003277
1.160056 -0.004024 1.160063 -0.003468
1.160054 -0.004245 1.160062 -0.003659
1.160052 -0.004467 1.160060 -0.003851
1.160050 -0.004688 1.160059 -0.004042
1.160048 -0.004910 1.160058 -0.004233
1.160045 -0.005132 1.160057 -0.004424
1.160043 -0.005353 1.160055 -0.004615
1.160040 -0.005575 1.160054 -0.004806
1.160038 -0.005797 1.160052 -0.004997
1.160035 -0.006018 1.160051 -0.005188
1.160032 -0.006240 1.160049 -0.005379
1.160029 -0.006461 1.160047 -0.005570
1.160026 -0.006683 1.160046 -0.005761
1.160023 -0.006905 1.160044 -0.005952
1.160020 -0.007126 1.160042 -0.006143
1.160017 -0.007348 1.160040 -0.006334
1.160013 -0.007569 1.160038 -0.006525
1.160010 -0.007791 1.160036 -0.006716
1.160006 -0.008013 1.160034 -0.006907
1.160002 -0.008234 1.160031 -0.007098
1.159998 -0.008456 1.160029 -0.007289
1.159994 -0.008677 1.160027 -0.007480
1.159990 -0.008899 1.160024 -0.007671
1.159986 -0.009121 1.160022 -0.007862
1.159982 -0.009342 1.160020 -0.008053
1.159978 -0.009564 1.160017 -0.008244
1.159973 -0.009785 1.160014 -0.008436
1.159969 -0.010007 1.160012 -0.008627
1.159964 -0.010228 1.160009 -0.008818
1.159959 -0.010450 1.160006 -0.009009
1.159954 -0.010671 1.160003 -0.009200
1.159949 -0.010893 1.160000 -0.009391
1.159944 -0.011114 1.159997 -0.009582
1.159939 -0.011336 1.159994 -0.009773
1.159934 -0.011557 1.159991 -0.009964
1.159928 -0.011779 1.159988 -0.010155
1.159923 -0.012000 1.159985 -0.010346
1.159917 -0.012222 1.159981 -0.010537
1.159911 -0.012443 1.159978 -0.010728
1.159906 -0.012665 1.159975 -0.010919
1.159900 -0.012886 1.159971 -0.011110
1.159894 -0.013108 1.159968 -0.011300
1.159887 -0.013329 1.159964 -0.011491
1.159881 -0.013551 1.159960 -0.011682
1.159875 -0.013772 1.159957 -0.011873
1.159868 -0.013994 1.159953 -0.012064
1.159862 -0.014215 1.159949 -0.012255
1.159855 -0.014437 1.159945 -0.012446
1.159849 -0.014658 1.159941 -0.012637
1.159842 -0.014879 1.159937 -0.012828
1.159835 -0.015101 1.159933 -0.013019
1.159828 -0.015322 1.159929 -0.013210
1.159820 -0.015544 1.159925 -0.013401
1.159813 -0.015765 1.159920 -0.013592
1.159806 -0.015986 1.159916 -0.013783
1.159798 -0.016208 1.159912 -0.013974
1.159791 -0.016429 1.159907 -0.014165
1.159783 -0.016651 1.159903 -0.014356
1.159775 -0.016872 1.159898 -0.014547
1.159767 -0.017093 1.159893 -0.014737
1.159759 -0.017315 1.159889 -0.014928
1.159751 -0.017536 1.159884 -0.015119
1.159743 -0.017757 1.159879 -0.015310
1.159735 -0.017979 1.159874 -0.015501
1.159726 -0.018200 1.159869 -0.015692
1.159718 -0.018421 1.159864 -0.015883
1.159709 -0.018642 1.159859 -0.016074
1.159701 -0.018864 1.159854 -0.016265
1.159692 -0.019085 1.159849 -0.016455
1.159683 -0.019306 1.159844 -0.016646
1.159674 -0.019528 1.159838 -0.016837
1.159665 -0.019749 1.159833 -0.017028
1.159656 -0.019970 1.159827 -0.017219
1.159646 -0.020191 1.159822 -0.017410
1.159637 -0.020412 1.159816 -0.017601
1.159627 -0.020634 1.159811 -0.017791
1.159618 -0.020855 1.159805 -0.017982
1.159608 -0.021076 1.159799 -0.018173
1.159598 -0.021297 1.159794 -0.018364
1.159588 -0.021518 1.159788 -0.018555
1.159578 -0.021739 1.159782 -0.018746
1.159568 -0.021961 1.159776 -0.018936
1.159558 -0.022182 1.159770 -0.019127
1.159547 -0.022403 1.159764 -0.019318
1.159537 -0.022624 1.159757 -0.019509
1.159526 -0.022845 1.159751 -0.019700
1.159516 -0.023066 1.159745 -0.019890
1.159505 -0.023287 1.159739 -0.020081
1.159494 -0.023508 1.159732 -0.020272
1.159483 -0.023729 1.159726 -0.020463
1.159472 -0.023950 1.159719 -0.020653
1.159461 -0.024171 1.159713 -0.020844
1.159449 -0.024392 1.159706 -0.021035
1.159438 -0.024613 1.159699 -0.021226
1.159426 -0.024834 1.159692 -0.021416
1.159415 -0.025055 1.159686 -0.021607
1.159403 -0.025276 1.159679 -0.021798
1.159391 -0.025497 1.159672 -0.021988
1.159379 -0.025718 1.159665 -0.022179
1.159367 -0.025939 1.159658 -0.022370
1.159355 -0.026160 1.159650 -0.022561
1.159343 -0.026381 1.159643 -0.022751
1.159331 -0.026602 1.159636 -0.022942
1.159318 -0.026823 1.159629 -0.023133
1.159306 -0.027044 1.159621 -0.023323
1.159293 -0.027265 1.159614 -0.023514
1.159280 -0.027485 1.159606 -0.023705
1.159268 -0.027706 1.159599 -0.023895
1.159255 -0.027927 1.159591 -0.024086
1.159242 -0.028148 1.159583 -0.024276
1.159228 -0.028369 1.159575 -0.024467
1.159215 -0.028589 1.159568 -0.024658
1.159202 -0.028810 1.159560 -0.024848
1.159188 -0.029031 1.159552 -0.025039
1.159175 -0.029252 1.159544 -0.025230
1.159161 -0.029472 1.159536 -0.025420
1.159147 -0.029693 1.159528 -0.025611
1.159134 -0.029914 1.159519 -0.025801
1.159120 -0.030134 1.159511 -0.025992
1.159105 -0.030355 1.159503 -0.026182
1.159091 -0.030576 1.159494 -0.026373
1.159077 -0.030796 1.159486 -0.026563
1.159063 -0.031017 1.159478 -0.026754
1.159048 -0.031238 1.159469 -0.026945
1.159034 -0.031458 1.159460 -0.027135
1.159019 -0.031679 1.159452 -0.027326
1.159004 -0.031899 1.159443 -0.027516
1.158989 -0.032120 1.159434 -0.027707
1.158974 -0.032340 1.159425 -0.027897
1.158959 -0.032561 1.159416 -0.028088
1.158944 -0.032781 1.159407 -0.028278
1.158929 -0.033002 1.159398 -0.028468
1.158913 -0.033222 1.159389 -0.028659
1.158898 -0.033443 1.159380 -0.028849
1.158882 -0.033663 1.159371 -0.029040
1.158866 -0.033884 1.159362 -0.029230
1.158850 -0.034104 1.159352 -0.029421
1.158835 -0.034324 1.159343 -0.029611
1.158819 -0.034545 1.159333 -0.029801
1.158802 -0.034765 1.159324 -0.029992
1.158786 -0.034985 1.159314 -0.030182
1.158770 -0.035206 1.159305 -0.030373
1.158753 -0.035426 1.159295 -0.030563
1.158737 -0.035646 1.159285 -0.030753
1.158720 -0.035867 1.159275 -0.030944
1.158703 -0.036087 1.159265 -0.031134
1.158687 -0.036307 1.159255 -0.031324
1.158670 -0.036527 1.159245 -0.031515
1.158653 -0.036747 1.159235 -0.031705
1.158635 -0.036968 1.159225 -0.031895
1.158618 -0.037188 1.159215 -0.032086
1.158601 -0.037408 1.159205 -0.032276
1.158583 -0.037628 1.159194 -0.032466
1.158566 -0.037848 1.159184 -0.032656
1.158548 -0.038068 1.159173 -0.032847
1.158530 -0.038288 1.159163 -0.033037
1.158513 -0.038508 1.159152 -0.033227
1.158495 -0.038728 1.159142 -0.033417
1.158476 -0.038948 1.159131 -0.033608
1.158458 -0.039168 1.159120 -0.033798
1.158440 -0.039388 1.159109 -0.033988
1.158422 -0.039608 1.159099 -0.034178
1.158403 -0.039828 1.159088 -0.034368
1.158385 -0.040048 1.159077 -0.034559
1.158366 -0.040268 1.159066 -0.034749
1.158347 -0.040488 1.159054 -0.034939
1.158328 -0.040708 1.159043 -0.035129
1.158309 -0.040928 1.159032 -0.035319
1.158290 -0.041147 1.159021 -0.035509
1.158271 -0.041367 1.159009 -0.035699
1.158252 -0.041587 1.158998 -0.035890
1.158232 -0.041807 1.158986 -0.036080
1.158213 -0.042026 1.158975 -0.036270
1.158193 -0.042246 1.158963 -0.036460
1.158173 -0.042466 1.158952 -0.036650
1.158154 -0.042686 1.158940 -0.036840
1.158134 -0.042905 1.158928 -0.037030
1.158114 -0.043125 1.158916 -0.037220
1.158093 -0.043344 1.158904 -0.037410
1.158073 -0.043564 1.158892 -0.037600
1.158053 -0.043784 1.158880 -0.037790
1.158032 -0.044003 1.158868 -0.037980
1.158012 -0.044223 1.158856 -0.038170
1.157991 -0.044442 1.158844 -0.038360
1.157971 -0.044662 1.158832 -0.038550
1.157950 -0.044881 1.158819 -0.038740
1.157929 -0.045101 1.158807 -0.038930
1.157908 -0.045320 1.158794 -0.039120
1.157887 -0.045539 1.158782 -0.039310
1.157865 -0.045759 1.158769 -0.039499
1.157844 -0.045978 1.158757 -0.039689
1.157823 -0.046197 1.158744 -0.039879
1.157801 -0.046417 1.158731 -0.040069
1.157779 -0.046636 1.158718 -0.040259
1.157758 -0.046855 1.158705 -0.040449
1.157736 -0.047075 1.158692 -0.040639
1.157714 -0.047294 1.158679 -0.040828
1.157692 -0.047513 1.158666 -0.041018
1.157670 -0.047732 1.158653 -0.041208
1.157647 -0.047951 1.158640 -0.041398
1.157625 -0.048170 1.158627 -0.041587
1.157602 -0.048390 1.158613 -0.041777
1.157580 -0.048609 1.158600 -0.041967
1.157557 -0.048828 1.158587 -0.042157
1.157534 -0.049047 1.158573 -0.042346
1.157512 -0.049266 1.158560 -0.042536
1.157489 -0.049485 1.158546 -0.042726
1.157466 -0.049704 1.158532 -0.042915
1.157442 -0.049923 1.158518 -0.043105
1.157419 -0.050142 1.158505 -0.043295
1.157396 -0.050360 1.158491 -0.043484
1.157372 -0.050579 1.158477 -0.043674
1.157349 -0.050798 1.158463 -0.043864
1.157325 -0.051017 1.158449 -0.044053
1.157301 -0.051236 1.158435 -0.044243
1.157277 -0.051454 1.158421 -0.044432
1.157253 -0.051673 1.158406 -0.044622
1.157229 -0.051892 1.158392 -0.044812
1.157205 -0.052111 1.158378 -0.045001
1.157181 -0.052329 1.158363 -0.045191
1.157156 -0.052548 1.158349 -0.045380
1.157132 -0.052767 1.158334 -0.045570
1.157107 -0.052985 1.158320 -0.045759
1.157082 -0.053204 1.158305 -0.045949
1.157058 -0.053422 1.158290 -0.046138
1.157033 -0.053641 1.158276 -0.046327
1.157008 -0.053859 1.158261 -0.046517
1.156983 -0.054078 1.158246 -0.046706
1.156957 -0.054296 1.158231 -0.046896
1.156932 -0.054515 1.158216 -0.047085
1.156907 -0.054733 1.158201 -0.047274
1.156881 -0.054951 1.158186 -0.047464
1.156856 -0.055170 1.158170 -0.047653
1.156830 -0.055388 1.158155 -0.047843
1.156804 -0.055606 1.158140 -0.048032
1.156778 -0.055824 1.158124 -0.048221
1.156752 -0.056043 1.158109 -0.048410
1.156726 -0.056261 1.158093 -0.048600
1.156700 -0.056479 1.158078 -0.048789
1.156673 -0.056697 1.158062 -0.048978
1.156647 -0.056915 1.158047 -0.049167
1.156621 -0.057133 1.158031 -0.049357
1.156594 -0.057351 1.158015 -0.049546
1.156567 -0.057569 1.157999 -0.049735
1.156540 -0.057787 1.157983 -0.049924
1.156513 -0.058005 1.157967 -0.050113
1.156486 -0.058223 1.157951 -0.050303
1.156459 -0.058441 1.157935 -0.050492
1.156432 -0.058659 1.157919 -0.050681
1.156405 -0.058877 1.157903 -0.050870
1.156377 -0.059095 1.157886 -0.051059
1.156350 -0.059313 1.157870 -0.051248
1.156322 -0.059530 1.157853 -0.051437
1.156294 -0.059748 1.157837 -0.051626
1.156267 -0.059966 1.157820 -0.051815
1.156239 -0.060184 1.157804 -0.052004
1.156211 -0.060401 1.157787 -0.052193
1.156182 -0.060619 1.157770 -0.052382
1.156154 -0.060836 1.157754 -0.052571
1.156126 -0.061054 1.157737 -0.052760
1.156097 -0.061272 1.157720 -0.052949
1.156069 -0.061489 1.157703 -0.053138
1.156040 -0.061707 1.157686 -0.053327
1.156011 -0.061924 1.157669 -0.053516
1.155983 -0.062141 1.157652 -0.053705
1.155954 -0.062359 1.157634 -0.053894
1.155925 -0.062576 1.157617 -0.054082
1.155895 -0.062794 1.157600 -0.054271
1.155866 -0.063011 1.157582 -0.054460
1.155837 -0.063228 1.157565 -0.054649
1.155807 -0.063445 1.157547 -0.054838
1.155778 -0.063663 1.157530 -0.055026
1.155748 -0.063880 1.157512 -0.055215
1.155718 -0.064097 1.157495 -0.055404
1.155689 -0.064314 1.157477 -0.055593
1.155659 -0.064531 1.157459 -0.055781
1.155629 -0.064748 1.157441 -0.055970
1.155598 -0.064965 1.157423 -0.056159
1.155568 -0.065182 1.157405 -0.056347
1.155538 -0.065399 1.157387 -0.056536
1.155507 -0.065616 1.157369 -0.056725
1.155477 -0.065833 1.157351 -0.056913
1.155446 -0.066050 1.157332 -0.057102
1.155415 -0.066267 1.157314 -0.057290
1.155385 -0.066483 1.157296 -0.057479
1.155354 -0.066700 1.157277 -0.057667
1.155323 -0.066917 1.157259 -0.057856
1.155291 -0.067134 1.157240 -0.058044
1.155260 -0.067350 1.157222 -0.058233
1.155229 -0.067567 1.157203 -0.058421
1.155197 -0.067783 1.157184 -0.058610
1.155166 -0.068000 1.157166 -0.058798
1.155134 -0.068217 1.157147 -0.058987
1.155102 -0.068433 1.157128 -0.059175
1.155071 -0.068650 1.157109 -0.059363
1.155039 -0.068866 1.157090 -0.059552
1.155007 -0.069082 1.157071 -0.059740
1.154974 -0.069299 1.157052 -0.059928
1.154942 -0.069515 1.157032 -0.060117
1.154910 -0.069731 1.157013 -0.060305
1.154877 -0.069948 1.156994 -0.060493
1.154845 -0.070164 1.156974 -0.060682
1.154812 -0.070380 1.156955 -0.060870
1.154779 -0.070596 1.156935 -0.061058
1.154747 -0.070812 1.156916 -0.061246
1.154714 -0.071029 1.156896 -0.061434
1.154681 -0.071245 1.156876 -0.061623
1.154647 -0.071461 1.156857 -0.061811
1.154614 -0.071677 1.156837 -0.061999
1.154581 -0.071893 1.156817 -0.062187
1.154547 -0.072109 1.156797 -0.062375
1.154514 -0.072324 1.156777 -0.062563
1.154480 -0.072540 1.156757 -0.062751
1.154446 -0.072756 1.156737 -0.062939
1.154413 -0.072972 1.156717 -0.063127
1.154379 -0.073188 1.156696 -0.063315
1.154345 -0.073403 1.156676 -0.063503
1.154310 -0.073619 1.156656 -0.063691
1.154276 -0.073835 1.156635 -0.063879
1.154242 -0.074050 1.156615 -0.064067
1.154207 -0.074266 1.156594 -0.064255
1.154173 -0.074481 1.156574 -0.064443
1.154138 -0.074697 1.156553 -0.064631
1.154103 -0.074912 1.156532 -0.064819
1.154069 -0.075128 1.156511 -0.065006
1.154034 -0.075343 1.156491 -0.065194
1.153999 -0.075559 1.156470 -0.065382
1.153963 -0.075774 1.156449 -0.065570
1.153928 -0.075989 1.156428 -0.065758
1.153893 -0.076204 1.156406 -0.065945
1.153857 -0.076420 1.156385 -0.066133
1.153822 -0.076635 1.156364 -0.066321
1.153786 -0.076850 1.156343 -0.066508
1.153751 -0.077065 1.156321 -0.066696
1.153715 -0.077280 1.156300 -0.066884
1.153679 -0.077495 1.156279 -0.067071
1.153643 -0.077710 1.156257 -0.067259
1.153607 -0.077925 1.156236 -0.067447
1.153570 -0.078140 1.156214 -0.067634
1.153534 -0.078355 1.156192 -0.067822
1.153498 -0.078570 1.156170 -0.068009
1.153461 -0.078784 1.156149 -0.068197
1.153425 -0.078999 1.156127 -0.068384
1.153388 -0.079214 1.156105 -0.068572
1.153351 -0.079429 1.156083 -0.068759
1.153314 -0.079643 1.156061 -0.068947
1.153277 -0.079858 1.156039 -0.069134
1.153240 -0.080072 1.156016 -0.069321
1.153203 -0.080287 1.155994 -0.069509
1.153165 -0.080501 1.155972 -0.069696
1.153128 -0.080716 1.155949 -0.069883
1.153090 -0.080930 1.155927 -0.070071
1.153053 -0.081145 1.155905 -0.070258
1.153015 -0.081359 1.155882 -0.070445
1.152977 -0.081573 1.155859 -0.070632
1.152939 -0.081788 1.155837 -0.070820
1.152901 -0.082002 1.155814 -0.071007
1.152863 -0.082216 1.155791 -0.071194
1.152825 -0.082430 1.155768 -0.071381
1.152787 -0.082644 1.155745 -0.071568
1.152748 -0.082858 1.155722 -0.071755
1.152710 -0.083072 1.155699 -0.071943
1.152671 -0.083286 1.155676 -0.072130
1.152633 -0.083500 1.155653 -0.072317
1.152594 -0.083714 1.155630 -0.072504
1.152555 -0.083928 1.155607 -0.072691
1.152516 -0.084142 1.155583 -0.072878
1.152477 -0.084355 1.155560 -0.073065
1.152438 -0.084569 1.155537 -0.073252
1.152398 -0.084783 1.155513 -0.073438
1.152359 -0.084996 1.155489 -0.073625
1.152320 -0.085210 1.155466 -0.073812
1.152280 -0.085424 1.155442 -0.073999
1.152240 -0.085637 1.155418 -0.074186
1.152201 -0.085851 1.155395 -0.074373
1.152161 -0.086064 1.155371 -0.074560
1.152121 -0.086278 1.155347 -0.074746
1.152081 -0.086491 1.155323 -0.074933
1.152041 -0.086704 1.155299 -0.075120
1.152000 -0.086917 1.155275 -0.075306
1.151960 -0.087131 1.155250 -0.075493
1.151919 -0.087344 1.155226 -0.075680
1.151879 -0.087557 1.155202 -0.075866
1.151838 -0.087770 1.155177 -0.076053
1.151797 -0.087983 1.155153 -0.076240
1.151757 -0.088196 1.155129 -0.076426
1.151716 -0.088409 1.155104 -0.076613
1.151675 -0.088622 1.155079 -0.076799
1.151634 -0.088835 1.155055 -0.076986
1.151592 -0.089048 1.155030 -0.077172
1.151551 -0.089261 1.155005 -0.077359
1.151510 -0.089473 1.154980 -0.077545
1.151468 -0.089686 1.154955 -0.077732
1.151426 -0.089899 1.154931 -0.077918
1.151385 -0.090111 1.154905 -0.078104
1.151343 -0.090324 1.154880 -0.078291
1.151301 -0.090537 1.154855 -0.078477
1.151259 -0.090749 1.154830 -0.078663
1.151217 -0.090962 1.154805 -0.078850
1.151175 -0.091174 1.154779 -0.079036
1.151132 -0.091386 1.154754 -0.079222
1.151090 -0.091599 1.154729 -0.079408
1.151047 -0.091811 1.154703 -0.079594
1.151005 -0.092023 1.154678 -0.079781
1.150962 -0.092235 1.154652 -0.079967
1.150919 -0.092447 1.154626 -0.080153
1.150876 -0.092660 1.154600 -0.080339
1.150833 -0.092872 1.154575 -0.080525
1.150790 -0.093084 1.154549 -0.080711
1.150747 -0.093296 1.154523 -0.080897
1.150704 -0.093507 1.154497 -0.081083
1.150661 -0.093719 1.154471 -0.081269
1.150617 -0.093931 1.154445 -0.081455
1.150573 -0.094143 1.154419 -0.081641
1.150530 -0.094355 1.154392 -0.081827
1.150486 -0.094566 1.154366 -0.082013
1.150442 -0.094778 1.154340 -0.082198
1.150398 -0.094990 1.154313 -0.082384
1.150354 -0.095201 1.154287 -0.082570
1.150310 -0.095413 1.154260 -0.082756
1.150266 -0.095624 1.154234 -0.082942
1.150221 -0.095836 1.154207 -0.083127
1.150177 -0.096047 1.154180 -0.083313
1.150133 -0.096258 1.154154 -0.083499
1.150088 -0.096470 1.154127 -0.083684
1.150043 -0.096681 1.154100 -0.083870
1.149998 -0.096892 1.154073 -0.084055
1.149953 -0.097103 1.154046 -0.084241
1.149908 -0.097314 1.154019 -0.084427
1.149863 -0.097525 1.153992 -0.084612
1.149818 -0.097736 1.153964 -0.084798
1.149773 -0.097947 1.153937 -0.084983
1.149727 -0.098158 1.153910 -0.085169
1.149682 -0.098369 1.153883 -0.085354
1.149636 -0.098580 1.153855 -0.085539
1.149591 -0.098790 1.153828 -0.085725
1.149545 -0.099001 1.153800 -0.085910
1.149499 -0.099212 1.153772 -0.086095
1.149453 -0.099422 1.153745 -0.086281
1.149407 -0.099633 1.153717 -0.086466
1.149361 -0.099844 1.153689 -0.086651
1.149315 -0.100054 1.153661 -0.086836
1.149268 -0.100264 1.153634 -0.087022
1.149222 -0.100475 1.153606 -0.087207
1.149175 -0.100685 1.153577 -0.087392
1.149129 -0.100895 1.153549 -0.087577
1.149082 -0.101106 1.153521 -0.087762
1.149035 -0.101316 1.153493 -0.087947
1.148988 -0.101526 1.153465 -0.088132
1.148941 -0.101736 1.153436 -0.088317
1.148894 -0.101946 1.153408 -0.088502
1.148847 -0.102156 1.153380 -0.088687
1.148799 -0.102366 1.153351 -0.088872
1.148752 -0.102576 1.153322 -0.089057
1.148704 -0.102786 1.153294 -0.089242
1.148657 -0.102995 1.153265 -0.089427
1.148609 -0.103205 1.153236 -0.089612
1.148561 -0.103415 1.153208 -0.089796
1.148513 -0.103624 1.153179 -0.089981
1.148465 -0.103834 1.153150 -0.090166
1.148417 -0.104044 1.153121 -0.090351
1.148369 -0.104253 1.153092 -0.090535
1.148321 -0.104462 1.153063 -0.090720
1.148273 -0.104672 1.153033 -0.090905
1.148224 -0.104881 1.153004 -0.091089
1.148176 -0.105090 1.152975 -0.091274
1.148127 -0.105300 1.152946 -0.091458
1.148078 -0.105509 1.152916 -0.091643
1.148029 -0.105718 1.152887 -0.091827
1.147980 -0.105927 1.152857 -0.092012
1.147931 -0.106136 1.152828 -0.092196
1.147882 -0.106345 1.152798 -0.092381
1.147833 -0.106554 1.152768 -0.092565
1.147784 -0.106763 1.152738 -0.092750
1.147734 -0.106972 1.152709 -0.092934
1.147685 -0.107180 1.152679 -0.093118
1.147635 -0.107389 1.152649 -0.093302
1.147586 -0.107598 1.152619 -0.093487
1.147536 -0.107806 1.152589 -0.093671
1.147486 -0.108015 1.152559 -0.093855
1.147436 -0.108223 1.152528 -0.094039
1.147386 -0.108432 1.152498 -0.094223
1.147336 -0.108640 1.152468 -0.094408
1.147285 -0.108849 1.152437 -0.094592
1.147235 -0.109057 1.152407 -0.094776
1.147185 -0.109265 1.152376 -0.094960
1.147134 -0.109473 1.152346 -0.095144
1.147084 -0.109681 1.152315 -0.095328
1.147033 -0.109889 1.152285 -0.095512
1.146982 -0.110097 1.152254 -0.095696
1.146931 -0.110305 1.152223 -0.095880
1.146880 -0.110513 1.152192 -0.096063
1.146829 -0.110721 1.152161 -0.096247
1.146778 -0.110929 1.152130 -0.096431
1.146726 -0.111137 1.152099 -0.096615
1.146675 -0.111344 1.152068 -0.096799
1.146624 -0.111552 1.152037 -0.096982
1.146572 -0.111760 1.152006 -0.097166
1.146520 -0.111967 1.151975 -0.097350
1.146469 -0.112175 1.151943 -0.097533
1.146417 -0.112382 1.151912 -0.097717
1.146365 -0.112590 1.151881 -0.097900
1.146313 -0.112797 1.151849 -0.098084
1.146261 -0.113004 1.151817 -0.098268
1.146208 -0.113211 1.151786 -0.098451
1.146156 -0.113419 1.151754 -0.098634
1.146104 -0.113626 1.151722 -0.098818
1.146051 -0.113833 1.151691 -0.099001
1.145999 -0.114040 1.151659 -0.099185
1.145946 -0.114247 1.151627 -0.099368
1.145893 -0.114453 1.151595 -0.099551
1.145840 -0.114660 1.151563 -0.099735
1.145787 -0.114867 1.151531 -0.099918
1.145734 -0.115074 1.151498 -0.100101
1.145681 -0.115280 1.151466 -0.100284
1.145628 -0.115487 1.151434 -0.100467
1.145574 -0.115694 1.151402 -0.100651
1.145521 -0.115900 1.151369 -0.100834
1.145467 -0.116107 1.151337 -0.101017
1.145414 -0.116313 1.151304 -0.101200
1.145360 -0.116519 1.151272 -0.101383
1.145306 -0.116726 1.151239 -0.101566
1.145252 -0.116932 1.151206 -0.101749
1.145198 -0.117138 1.151174 -0.101932
1.145144 -0.117344 1.151141 -0.102114
1.145090 -0.117550 1.151108 -0.102297
1.145036 -0.117756 1.151075 -0.102480
1.144981 -0.117962 1.151042 -0.102663
1.144927 -0.118168 1.151009 -0.102846
1.144872 -0.118374 1.150976 -0.103028
1.144818 -0.118579 1.150943 -0.103211
1.144763 -0.118785 1.150909 -0.103394
1.144708 -0.118991 1.150876 -0.103576
1.144653 -0.119196 1.150843 -0.103759
1.144598 -0.119402 1.150809 -0.103942
1.144543 -0.119607 1.150776 -0.104124
1.144488 -0.119813 1.150742 -0.104307
1.144433 -0.120018 1.150709 -0.104489
1.144377 -0.120223 1.150675 -0.104672
1.144322 -0.120429 1.150641 -0.104854
1.144266 -0.120634 1.150608 -0.105037
1.144211 -0.120839 1.150574 -0.105219
1.144155 -0.121044 1.150540 -0.105401
1.144099 -0.121249 1.150506 -0.105584
1.144043 -0.121454 1.150472 -0.105766
1.143987 -0.121659 1.150438 -0.105948
1.143931 -0.121864 1.150404 -0.106130
1.143875 -0.122068 1.150369 -0.106312
1.143818 -0.122273 1.150335 -0.106495
1.143762 -0.122478 1.150301 -0.106677
1.143705 -0.122682 1.150267 -0.106859
1.143649 -0.122887 1.150232 -0.107041
1.143592 -0.123091 1.150198 -0.107223
1.143535 -0.123296 1.150163 -0.107405
1.143479 -0.123500 1.150128 -0.107587
1.143422 -0.123704 1.150094 -0.107769
1.143365 -0.123908 1.150059 -0.107951
1.143307 -0.124113 1.150024 -0.108132
1.143250 -0.124317 1.149989 -0.108314
1.143193 -0.124521 1.149955 -0.108496
1.143135 -0.124725 1.149920 -0.108678
1.143078 -0.124929 1.149885 -0.108859
1.143020 -0.125133 1.149849 -0.109041
1.142963 -0.125336 1.149814 -0.109223
1.142905 -0.125540 1.149779 -0.109404
1.142847 -0.125744 1.149744 -0.109586
1.142789 -0.125947 1.149709 -0.109768
1.142731 -0.126151 1.149673 -0.109949
1.142673 -0.126354 1.149638 -0.110131
1.142615 -0.126558 1.149602 -0.110312
1.142556 -0.126761 1.149567 -0.110493
1.142498 -0.126965 1.149531 -0.110675
1.142439 -0.127168 1.149495 -0.110856
1.142381 -0.127371 1.149460 -0.111038
1.142322 -0.127574 1.149424 -0.111219
1.142263 -0.127777 1.149388 -0.111400
1.142205 -0.127980 1.149352 -0.111581
1.142146 -0.128183 1.149316 -0.111763
1.142087 -0.128386 1.149280 -0.111944
1.142027 -0.128589 1.149244 -0.112125
1.141968 -0.128792 1.149208 -0.112306
1.141909 -0.128994 1.149172 -0.112487
1.141850 -0.129197 1.149135 -0.112668
1.141790 -0.129400 1.149099 -0.112849
1.141730 -0.129602 1.149063 -0.113030
1.141671 -0.129805 1.149026 -0.113211
1.141611 -0.130007 1.148990 -0.113392
1.141551 -0.130209 1.148953 -0.113573
1.141491 -0.130412 1.148917 -0.113753
1.141431 -0.130614 1.148880 -0.113934
1.141371 -0.130816 1.148843 -0.114115
1.141311 -0.131018 1.148806 -0.114296
1.141250 -0.131220 1.148769 -0.114476
1.141190 -0.131422 1.148733 -0.114657
1.141130 -0.131624 1.148696 -0.114838
1.141069 -0.131826 1.148659 -0.115018
1.141008 -0.132027 1.148621 -0.115199
1.140948 -0.132229 1.148584 -0.115379
1.140887 -0.132431 1.148547 -0.115560
1.140826 -0.132632 1.148510 -0.115740
1.140765 -0.132834 1.148472 -0.115921
1.140704 -0.133035 1.148435 -0.116101
1.140642 -0.133236 1.148398 -0.116281
1.140581 -0.133438 1.148360 -0.116462
1.140520 -0.133639 1.148323 -0.116642
1.140458 -0.133840 1.148285 -0.116822
1.140397 -0.134041 1.148247 -0.117002
1.140335 -0.134242 1.148210 -0.117182
1.140273 -0.134443 1.148172 -0.117363
1.140211 -0.134644 1.148134 -0.117543
1.140150 -0.134845 1.148096 -0.117723
1.140088 -0.135046 1.148058 -0.117903
1.140025 -0.135246 1.148020 -0.118083
1.139963 -0.135447 1.147982 -0.118263
1.139901 -0.135648 1.147944 -0.118443
1.139839 -0.135848 1.147905 -0.118622
1.139776 -0.136049 1.147867 -0.118802
1.139714 -0.136249 1.147829 -0.118982
1.139651 -0.136449 1.147790 -0.119162
1.139588 -0.136650 1.147752 -0.119342
1.139525 -0.136850 1.147713 -0.119521
1.139463 -0.137050 1.147675 -0.119701
1.139400 -0.137250 1.147636 -0.119881
1.139336 -0.137450 1.147598 -0.120060
1.139273 -0.137650 1.147559 -0.120240
1.139210 -0.137850 1.147520 -0.120419
1.139147 -0.138050 1.147481 -0.120599
1.139083 -0.138249 1.147442 -0.120778
1.139020 -0.138449 1.147403 -0.120958
1.138956 -0.138648 1.147364 -0.121137
1.138892 -0.138848 1.147325 -0.121316
1.138829 -0.139047 1.147286 -0.121496
1.138765 -0.139247 1.147247 -0.121675
1.138701 -0.139446 1.147207 -0.121854
1.138637 -0.139645 1.147168 -0.122033
1.138573 -0.139845 1.147129 -0.122212
1.138508 -0.140044 1.147089 -0.122391
1.138444 -0.140243 1.147050 -0.122571
1.138380 -0.140442 1.147010 -0.122750
1.138315 -0.140641 1.146971 -0.122929
1.138251 -0.140839 1.146931 -0.123108
1.138186 -0.141038 1.146891 -0.123286
1.138121 -0.141237 1.146851 -0.123465
1.138056 -0.141436 1.146811 -0.123644
1.137991 -0.141634 1.146771 -0.123823
1.137926 -0.141833 1.146731 -0.124002
1.137861 -0.142031 1.146691 -0.124181
1.137796 -0.142229 1.146651 -0.124359
1.137731 -0.142428 1.146611 -0.124538
1.137666 -0.142626 1.146571 -0.124717
1.137600 -0.142824 1.146531 -0.124895
1.137535 -0.143022 1.146490 -0.125074
1.137469 -0.143220 1.146450 -0.125252
1.137403 -0.143418 1.146409 -0.125431
1.137337 -0.143616 1.146369 -0.125609
1.137271 -0.143814 1.146328 -0.125787
1.137205 -0.144012 1.146288 -0.125966
1.137139 -0.144209 1.146247 -0.126144
1.137073 -0.144407 1.146206 -0.126322
1.137007 -0.144604 1.146166 -0.126501
1.136941 -0.144802 1.146125 -0.126679
1.136874 -0.144999 1.146084 -0.126857
1.136808 -0.145196 1.146043 -0.127035
1.136741 -0.145394 1.146002 -0.127213
1.136675 -0.145591 1.145961 -0.127391
1.136608 -0.145788 1.145919 -0.127569
1.136541 -0.145985 1.145878 -0.127747
1.136474 -0.146182 1.145837 -0.127925
1.136407 -0.146379 1.145796 -0.128103
1.136340 -0.146576 1.145754 -0.128281
1.136273 -0.146772 1.145713 -0.128459
1.136205 -0.146969 1.145671 -0.128637
1.136138 -0.147166 1.145630 -0.128814
1.136071 -0.147362 1.145588 -0.128992
1.136003 -0.147559 1.145546 -0.129170
1.135935 -0.147755 1.145505 -0.129347
1.135868 -0.147951 1.145463 -0.129525
1.135800 -0.148148 1.145421 -0.129702
1.135732 -0.148344 1.145379 -0.129880
1.135664 -0.148540 1.145337 -0.130057
1.135596 -0.148736 1.145295 -0.130235
1.135528 -0.148932 1.145253 -0.130412
1.135460 -0.149128 1.145211 -0.130590
1.135391 -0.149324 1.145169 -0.130767
1.135323 -0.149519 1.145126 -0.130944
1.135254 -0.149715 1.145084 -0.131121
1.135186 -0.149911 1.145042 -0.131299
1.135117 -0.150106 1.144999 -0.131476
1.135049 -0.150302 1.144957 -0.131653
1.134980 -0.150497 1.144914 -0.131830
1.134911 -0.150692 1.144871 -0.132007
1.134842 -0.150888 1.144829 -0.132184
1.134773 -0.151083 1.144786 -0.132361
1.134704 -0.151278 1.144743 -0.132538
1.134634 -0.151473 1.144700 -0.132715
1.134565 -0.151668 1.144657 -0.132891
1.134496 -0.151863 1.144615 -0.133068
1.134426 -0.152057 1.144571 -0.133245
1.134356 -0.152252 1.144528 -0.133422
1.134287 -0.152447 1.144485 -0.133598
1.134217 -0.152641 1.144442 -0.133775
1.134147 -0.152836 1.144399 -0.133952
1.134077 -0.153030 1.144355 -0.134128
1.134007 -0.153225 1.144312 -0.134305
1.133937 -0.153419 1.144269 -0.134481
1.133867 -0.153613 1.144225 -0.134657
1.133797 -0.153807 1.144182 -0.134834
1.133726 -0.154001 1.144138 -0.135010
1.133656 -0.154195 1.144094 -0.135186
1.133585 -0.154389 1.144051 -0.135363
1.133515 -0.154583 1.144007 -0.135539
1.133444 -0.154777 1.143963 -0.135715
1.133373 -0.154971 1.143919 -0.135891
1.133302 -0.155164 1.143875 -0.136067
1.133231 -0.155358 1.143831 -0.136243
1.133160 -0.155551 1.143787 -0.136419
1.133089 -0.155744 1.143743 -0.136595
1.133018 -0.155938 1.143699 -0.136771
1.132947 -0.156131 1.143654 -0.136947
1.132875 -0.156324 1.143610 -0.137123
1.132804 -0.156517 1.143566 -0.137299
1.132732 -0.156710 1.143521 -0.137474
1.132661 -0.156903 1.143477 -0.137650
1.132589 -0.157096 1.143432 -0.137826
1.132517 -0.157289 1.143388 -0.138001
1.132445 -0.157481 1.143343 -0.138177
1.132373 -0.157674 1.143298 -0.138353
1.132301 -0.157867 1.143253 -0.138528
1.132229 -0.158059 1.143209 -0.138704
1.132157 -0.158252 1.143164 -0.138879
1.132085 -0.158444 1.143119 -0.139054
1.132012 -0.158636 1.143074 -0.139230
1.131940 -0.158828 1.143029 -0.139405
1.131867 -0.159020 1.142984 -0.139580
1.131795 -0.159212 1.142938 -0.139755
1.131722 -0.159404 1.142893 -0.139931
1.131649 -0.159596 1.142848 -0.140106
1.131576 -0.159788 1.142802 -0.140281
1.131504 -0.159980 1.142757 -0.140456
1.131430 -0.160171 1.142712 -0.140631
1.131357 -0.160363 1.142666 -0.140806
1.131284 -0.160554 1.142620 -0.140981
1.131211 -0.160746 1.142575 -0.141155
1.131138 -0.160937 1.142529 -0.141330
1.131064 -0.161128 1.142483 -0.141505
1.130991 -0.161319 1.142438 -0.141680
1.130917 -0.161510 1.142392 -0.141854
1.130843 -0.161701 1.142346 -0.142029
1.130769 -0.161892 1.142300 -0.142204
1.130696 -0.162083 1.142254 -0.142378
1.130622 -0.162274 1.142208 -0.142553
1.130548 -0.162465 1.142161 -0.142727
1.130473 -0.162655 1.142115 -0.142902
1.130399 -0.162846 1.142069 -0.143076
1.130325 -0.163036 1.142022 -0.143250
1.130251 -0.163226 1.141976 -0.143425
1.130176 -0.163417 1.141930 -0.143599
1.130102 -0.163607 1.141883 -0.143773
1.130027 -0.163797 1.141837 -0.143947
1.129952 -0.163987 1.141790 -0.144121
1.129878 -0.164177 1.141743 -0.144295
1.129803 -0.164367 1.141696 -0.144469
1.129728 -0.164557 1.141650 -0.144643
1.129653 -0.164747 1.141603 -0.144817
1.129578 -0.164936 1.141556 -0.144991
1.129503 -0.165126 1.141509 -0.145165
1.129427 -0.165315 1.141462 -0.145339
1.129352 -0.165505 1.141415 -0.145513
1.129277 -0.165694 1.141368 -0.145686
1.129201 -0.165883 1.141320 -0.145860
1.129125 -0.166072 1.141273 -0.146034
1.129050 -0.166261 1.141226 -0.146207
1.128974 -0.166450 1.141178 -0.146381
1.128898 -0.166639 1.141131 -0.146554
1.128822 -0.166828 1.141083 -0.146728
1.128746 -0.167017 1.141036 -0.146901
1.128670 -0.167206 1.140988 -0.147074
1.128594 -0.167394 1.140941 -0.147248
1.128518 -0.167583 1.140893 -0.147421
1.128442 -0.167771 1.140845 -0.147594
1.128365 -0.167960 1.140797 -0.147767
1.128289 -0.168148 1.140749 -0.147940
1.128212 -0.168336 1.140701 -0.148113
1.128135 -0.168524 1.140653 -0.148286
1.128059 -0.168712 1.140605 -0.148459
1.127982 -0.168900 1.140557 -0.148632
1.127905 -0.169088 1.140509 -0.148805
1.127828 -0.169276 1.140461 -0.148978
1.127751 -0.169464 1.140412 -0.149151
1.127674 -0.169651 1.140364 -0.149324
1.127597 -0.169839 1.140316 -0.149496
1.127520 -0.170026 1.140267 -0.149669
1.127442 -0.170214 1.140219 -0.149842
1.127365 -0.170401 1.140170 -0.150014
1.127287 -0.170588 1.140121 -0.150187
1.127210 -0.170775 1.140073 -0.150359
1.127132 -0.170962 1.140024 -0.150532
1.127054 -0.171149 1.139975 -0.150704
1.126976 -0.171336 1.139926 -0.150876
1.126898 -0.171523 1.139877 -0.151049
1.126820 -0.171710 1.139828 -0.151221
1.126742 -0.171896 1.139779 -0.151393
1.126664 -0.172083 1.139730 -0.151565
1.126586 -0.172269 1.139681 -0.151737
1.126508 -0.172456 1.139632 -0.151909
1.126429 -0.172642 1.139582 -0.152081
1.126351 -0.172828 1.139533 -0.152253
1.126272 -0.173014 1.139484 -0.152425
1.126194 -0.173200 1.139434 -0.152597
1.126115 -0.173386 1.139385 -0.152769
1.126036 -0.173572 1.139335 -0.152941
1.125957 -0.173758 1.139285 -0.153112
1.125878 -0.173944 1.139236 -0.153284
1.125799 -0.174129 1.139186 -0.153456
1.125720 -0.174315 1.139136 -0.153627
1.125641 -0.174500 1.139086 -0.153799
1.125562 -0.174686 1.139036 -0.153970
1.125482 -0.174871 1.138987 -0.154142
1.125403 -0.175056 1.138936 -0.154313
1.125323 -0.175241 1.138886 -0.154484
1.125244 -0.175426 1.138836 -0.154656
1.125164 -0.175611 1.138786 -0.154827
1.125084 -0.175796 1.138736 -0.154998
1.125005 -0.175981 1.138685 -0.155169
1.124925 -0.176166 1.138635 -0.155340
1.124845 -0.176350 1.138585 -0.155511
1.124765 -0.176535 1.138534 -0.155682
1.124685 -0.176719 1.138484 -0.155853
1.124604 -0.176903 1.138433 -0.156024
1.124524 -0.177088 1.138382 -0.156195
1.124444 -0.177272 1.138332 -0.156366
1.124363 -0.177456 1.138281 -0.156537
1.124283 -0.177640 1.138230 -0.156707
1.124202 -0.177824 1.138179 -0.156878
1.124121 -0.178008 1.138128 -0.157049
1.124041 -0.178191 1.138077 -0.157219
1.123960 -0.178375 1.138026 -0.157390
1.123879 -0.178559 1.137975 -0.157560
1.123798 -0.178742 1.137924 -0.157731
1.123717 -0.178926 1.137873 -0.157901
1.123636 -0.179109 1.137821 -0.158071
1.123555 -0.179292 1.137770 -0.158242
1.123473 -0.179475 1.137719 -0.158412
1.123392 -0.179658 1.137667 -0.158582
1.123310 -0.179841 1.137616 -0.158752
1.123229 -0.180024 1.137564 -0.158922
1.123147 -0.180207 1.137512 -0.159092
1.123066 -0.180390 1.137461 -0.159262
1.122984 -0.180572 1.137409 -0.159432
1.122902 -0.180755 1.137357 -0.159602
1.122820 -0.180937 1.137305 -0.159772
1.122738 -0.181120 1.137253 -0.159942
1.122656 -0.181302 1.137201 -0.160111
1.122574 -0.181484 1.137149 -0.160281
1.122492 -0.181666 1.137097 -0.160451
1.122409 -0.181848 1.137045 -0.160620
1.122327 -0.182030 1.136993 -0.160790
1.122245 -0.182212 1.136941 -0.160959
1.122162 -0.182394 1.136888 -0.161129
1.122080 -0.182575 1.136836 -0.161298
1.121997 -0.182757 1.136784 -0.161467
1.121914 -0.182938 1.136731 -0.161637
1.121831 -0.183120 1.136679 -0.161806
1.121748 -0.183301 1.136626 -0.161975
1.121665 -0.183482 1.136573 -0.162144
1.121582 -0.183663 1.136521 -0.162313
1.121499 -0.183844 1.136468 -0.162482
1.121416 -0.184025 1.136415 -0.162651
1.121333 -0.184206 1.136362 -0.162820
1.121249 -0.184387 1.136309 -0.162989
1.121166 -0.184567 1.136256 -0.163158
1.121082 -0.184748 1.136203 -0.163326
1.120999 -0.184929 1.136150 -0.163495
1.120915 -0.185109 1.136097 -0.163664
1.120831 -0.185289 1.136044 -0.163832
1.120748 -0.185469 1.135990 -0.164001
1.120664 -0.185650 1.135937 -0.164169
1.120580 -0.185830 1.135884 -0.164338
1.120496 -0.186010 1.135830 -0.164506
1.120412 -0.186189 1.135777 -0.164675
1.120327 -0.186369 1.135723 -0.164843
1.120243 -0.186549 1.135670 -0.165011
1.120159 -0.186728 1.135616 -0.165179
1.120074 -0.186908 1.135562 -0.165347
1.119990 -0.187087 1.135508 -0.165516
1.119905 -0.187267 1.135455 -0.165684
1.119821 -0.187446 1.135401 -0.165852
1.119736 -0.187625 1.135347 -0.166020
1.119651 -0.187804 1.135293 -0.166187
1.119566 -0.187983 1.135239 -0.166355
1.119482 -0.188162 1.135184 -0.166523
1.119396 -0.188341 1.135130 -0.166691
1.119311 -0.188519 1.135076 -0.166858
1.119226 -0.188698 1.135022 -0.167026
1.119141 -0.188876 1.134967 -0.167194
1.119056 -0.189055 1.134913 -0.167361
1.118970 -0.189233 1.134859 -0.167529
1.118885 -0.189411 1.134804 -0.167696
1.118799 -0.189590 1.134749 -0.167863
1.118714 -0.189768 1.134695 -0.168031
1.118628 -0.189945 1.134640 -0.168198
1.118542 -0.190123 1.134585 -0.168365
1.118457 -0.190301 1.134531 -0.168532
1.118371 -0.190479 1.134476 -0.168699
1.118285 -0.190656 1.134421 -0.168866
1.118199 -0.190834 1.134366 -0.169033
1.118113 -0.191011 1.134311 -0.169200
1.118026 -0.191189 1.134256 -0.169367
1.117940 -0.191366 1.134201 -0.169534
1.117854 -0.191543 1.134145 -0.169701
1.117767 -0.191720 1.134090 -0.169867
1.117681 -0.191897 1.134035 -0.170034
1.117594 -0.192074 1.133979 -0.170201
1.117508 -0.192250 1.133924 -0.170367
1.117421 -0.192427 1.133868 -0.170534
1.117334 -0.192604 1.133813 -0.170700
1.117247 -0.192780 1.133757 -0.170867
1.117160 -0.192956 1.133702 -0.171033
1.117073 -0.193133 1.133646 -0.171199
1.116986 -0.193309 1.133590 -0.171365
1.116899 -0.193485 1.133534 -0.171532
1.116812 -0.193661 1.133479 -0.171698
1.116725 -0.193837 1.133423 -0.171864
1.116637 -0.194013 1.133367 -0.172030
1.116550 -0.194188 1.133311 -0.172196
1.116462 -0.194364 1.133254 -0.172362
1.116375 -0.194539 1.133198 -0.172528
1.116287 -0.194715 1.133142 -0.172693
1.116200 -0.194890 1.133086 -0.172859
1.116112 -0.195065 1.133030 -0.173025
1.116024 -0.195241 1.132973 -0.173190
1.115936 -0.195416 1.132917 -0.173356
1.115848 -0.195591 1.132860 -0.173522
1.115760 -0.195765 1.132804 -0.173687
1.115672 -0.195940 1.132747 -0.173852
1.115583 -0.196115 1.132690 -0.174018
1.115495 -0.196289 1.132634 -0.174183
1.115407 -0.196464 1.132577 -0.174348
1.115318 -0.196638 1.132520 -0.174513
1.115230 -0.196813 1.132463 -0.174679
1.115141 -0.196987 1.132406 -0.174844
1.115053 -0.197161 1.132349 -0.175009
1.114964 -0.197335 1.132292 -0.175174
1.114875 -0.197509 1.132235 -0.175339
1.114786 -0.197683 1.132178 -0.175503
1.114697 -0.197856 1.132121 -0.175668
1.114608 -0.198030 1.132063 -0.175833
1.114519 -0.198204 1.132006 -0.175998
1.114430 -0.198377 1.131949 -0.176162
1.114341 -0.198550 1.131891 -0.176327
1.114252 -0.198724 1.131834 -0.176491
1.114162 -0.198897 1.131776 -0.176656
1.114073 -0.199070 1.131719 -0.176820
1.113983 -0.199243 1.131661 -0.176985
1.113894 -0.199415 1.131603 -0.177149
1.113804 -0.199588 1.131545 -0.177313
1.113714 -0.199761 1.131488 -0.177477
1.113625 -0.199933 1.131430 -0.177641
1.113535 -0.200106 1.131372 -0.177806
1.113445 -0.200278 1.131314 -0.177970
1.113355 -0.200451 1.131256 -0.178134
1.113265 -0.200623 1.131198 -0.178297
1.113175 -0.200795 1.131139 -0.178461
1.113085 -0.200967 1.131081 -0.178625
1.112994 -0.201139 1.131023 -0.178789
1.112904 -0.201310 1.130965 -0.178952
1.112814 -0.201482 1.130906 -0.179116
1.112723 -0.201654 1.130848 -0.179280
1.112632 -0.201825 1.130789 -0.179443
1.112542 -0.201997 1.130731 -0.179607
1.112451 -0.202168 1.130672 -0.179770
1.112360 -0.202339 1.130613 -0.179933
1.112270 -0.202510 1.130555 -0.180097
1.112179 -0.202681 1.130496 -0.180260
1.112088 -0.202852 1.130437 -0.180423
1.111997 -0.203023 1.130378 -0.180586
1.111906 -0.203194 1.130319 -0.180749
1.111814 -0.203364 1.130260 -0.180912
1.111723 -0.203535 1.130201 -0.181075
1.111632 -0.203705 1.130142 -0.181238
1.111541 -0.203875 1.130083 -0.181401
1.111449 -0.204046 1.130024 -0.181563
1.111358 -0.204216 1.129964 -0.181726
1.111266 -0.204386 1.129905 -0.181889
1.111174 -0.204556 1.129846 -0.182051
1.111083 -0.204725 1.129786 -0.182214
1.110991 -0.204895 1.129727 -0.182376
1.110899 -0.205065 1.129667 -0.182539
1.110807 -0.205234 1.129608 -0.182701
1.110715 -0.205404 1.129548 -0.182863
1.110623 -0.205573 1.129488 -0.183026
1.110531 -0.205742 1.129428 -0.183188
1.110439 -0.205911 1.129369 -0.183350
1.110346 -0.206080 1.129309 -0.183512
1.110254 -0.206249 1.129249 -0.183674
1.110162 -0.206418 1.129189 -0.183836
1.110069 -0.206587 1.129129 -0.183998
1.109977 -0.206755 1.129069 -0.184159
1.109884 -0.206924 1.129008 -0.184321
1.109791 -0.207092 1.128948 -0.184483
1.109699 -0.207261 1.128888 -0.184645
1.109606 -0.207429 1.128828 -0.184806
1.109513 -0.207597 1.128767 -0.184968
1.109420 -0.207765 1.128707 -0.185129
1.109327 -0.207933 1.128646 -0.185290
1.109234 -0.208101 1.128586 -0.185452
1.109141 -0.208268 1.128525 -0.185613
1.109048 -0.208436 1.128464 -0.185774
1.108954 -0.208603 1.128404 -0.185935
1.108861 -0.208771 1.128343 -0.186097
1.108768 -0.208938 1.128282 -0.186258
1.108674 -0.209105 1.128221 -0.186419
1.108581 -0.209272 1.128160 -0.186579
1.108487 -0.209439 1.128099 -0.186740
1.108393 -0.209606 1.128038 -0.186901
1.108300 -0.209773 1.127977 -0.187062
1.108206 -0.209940 1.127916 -0.187223
1.108112 -0.210106 1.127855 -0.187383
1.108018 -0.210273 1.127794 -0.187544
1.107924 -0.210439 1.127732 -0.187704
1.107830 -0.210606 1.127671 -0.187865
1.107736 -0.210772 1.127609 -0.188025
1.107641 -0.210938 1.127548 -0.188185
1.107547 -0.211104 1.127486 -0.188346
1.107453 -0.211270 1.127425 -0.188506
1.107358 -0.211435 1.127363 -0.188666
1.107264 -0.211601 1.127301 -0.188826
1.107169 -0.211767 1.127240 -0.188986
1.107075 -0.211932 1.127178 -0.189146
1.106980 -0.212098 1.127116 -0.189306
1.106885 -0.212263 1.127054 -0.189466
1.106791 -0.212428 1.126992 -0.189625
1.106696 -0.212593 1.126930 -0.189785
1.106601 -0.212758 1.126868 -0.189945
1.106506 -0.212923 1.126806 -0.190104
1.106411 -0.213088 1.126744 -0.190264
1.106316 -0.213252 1.126681 -0.190423
1.106221 -0.213417 1.126619 -0.190583
1.106125 -0.213581 1.126557 -0.190742
1.106030 -0.213745 1.126494 -0.190901
1.105935 -0.213910 1.126432 -0.191061
1.105839 -0.214074 1.126369 -0.191220
1.105744 -0.214238 1.126307 -0.191379
1.105648 -0.214402 1.126244 -0.191538
1.105552 -0.214566 1.126181 -0.191697
1.105457 -0.214729 1.126119 -0.191856
1.105361 -0.214893 1.126056 -0.192015
1.105265 -0.215056 1.125993 -0.192173
1.105169 -0.215220 1.125930 -0.192332
1.105073 -0.215383 1.125867 -0.192491
1.104977 -0.215546 1.125804 -0.192649
1.104881 -0.215709 1.125741 -0.192808
1.104785 -0.215872 1.125678 -0.192966
1.104689 -0.216035 1.125615 -0.193125
1.104592 -0.216198 1.125551 -0.193283
1.104496 -0.216361 1.125488 -0.193441
1.104400 -0.216523 1.125425 -0.193599
1.104303 -0.216686 1.125361 -0.193758
1.104207 -0.216848 1.125298 -0.193916
1.104110 -0.217010 1.125234 -0.194074
1.104013 -0.217172 1.125171 -0.194232
1.103917 -0.217334 1.125107 -0.194390
1.103820 -0.217496 1.125044 -0.194547
1.103723 -0.217658 1.124980 -0.194705
1.103626 -0.217820 1.124916 -0.194863
1.103529 -0.217981 1.124852 -0.195021
1.103432 -0.218143 1.124788 -0.195178
1.103335 -0.218304 1.124724 -0.195336
1.103238 -0.218466 1.124660 -0.195493
1.103141 -0.218627 1.124596 -0.195650
1.103043 -0.218788 1.124532 -0.195808
1.102946 -0.218949 1.124468 -0.195965
1.102849 -0.219110 1.124404 -0.196122
1.102751 -0.219270 1.124340 -0.196279
1.102654 -0.219431 1.124275 -0.196436
1.102556 -0.219592 1.124211 -0.196593
1.102458 -0.219752 1.124146 -0.196750
1.102361 -0.219912 1.124082 -0.196907
1.102263 -0.220073 1.124017 -0.197064
1.102165 -0.220233 1.123953 -0.197221
1.102067 -0.220393 1.123888 -0.197378
1.101969 -0.220553 1.123823 -0.197534
1.101871 -0.220712 1.123759 -0.197691
1.101773 -0.220872 1.123694 -0.197847
1.101675 -0.221032 1.123629 -0.198004
1.101577 -0.221191 1.123564 -0.198160
1.101478 -0.221351 1.123499 -0.198316
1.101380 -0.221510 1.123434 -0.198473
1.101281 -0.221669 1.123369 -0.198629
1.101183 -0.221828 1.123304 -0.198785
1.101084 -0.221987 1.123239 -0.198941
1.100986 -0.222146 1.123173 -0.199097
1.100887 -0.222305 1.123108 -0.199253
1.100788 -0.222463 1.123043 -0.199409
1.100690 -0.222622 1.122977 -0.199564
1.100591 -0.222780 1.122912 -0.199720
1.100492 -0.222938 1.122846 -0.199876
1.100393 -0.223097 1.122781 -0.200031
1.100294 -0.223255 1.122715 -0.200187
1.100195 -0.223413 1.122650 -0.200342
1.100096 -0.223570 1.122584 -0.200498
1.099997 -0.223728 1.122518 -0.200653
1.099897 -0.223886 1.122452 -0.200808
1.099798 -0.224043 1.122386 -0.200963
1.099699 -0.224201 1.122320 -0.201118
1.099599 -0.224358 1.122254 -0.201274
1.099500 -0.224515 1.122188 -0.201429
1.099400 -0.224672 1.122122 -0.201583
1.099300 -0.224829 1.122056 -0.201738
1.099201 -0.224986 1.121990 -0.201893
1.099101 -0.225143 1.121924 -0.202048
1.099001 -0.225300 1.121857 -0.202202
1.098901 -0.225456 1.121791 -0.202357
1.098801 -0.225613 1.121724 -0.202512
1.098701 -0.225769 1.121658 -0.202666
1.098601 -0.225925 1.121591 -0.202820
1.098501 -0.226081 1.121525 -0.202975
1.098401 -0.226237 1.121458 -0.203129
1.098301 -0.226393 1.121391 -0.203283
1.098201 -0.226549 1.121325 -0.203437
1.098100 -0.226705 1.121258 -0.203591
1.098000 -0.226860 1.121191 -0.203745
1.097899 -0.227016 1.121124 -0.203899
1.097799 -0.227171 1.121057 -0.204053
1.097698 -0.227326 1.120990 -0.204207
1.097598 -0.227481 1.120923 -0.204361
1.097497 -0.227636 1.120856 -0.204514
1.097396 -0.227791 1.120789 -0.204668
1.097295 -0.227946 1.120722 -0.204821
1.097195 -0.228101 1.120654 -0.204975
1.097094 -0.228255 1.120587 -0.205128
1.096993 -0.228410 1.120520 -0.205282
1.096892 -0.228564 1.120452 -0.205435
1.096791 -0.228718 1.120385 -0.205588
1.096689 -0.228873 1.120317 -0.205741
1.096588 -0.229027 1.120249 -0.205894
1.096487 -0.229180 1.120182 -0.206047
1.096386 -0.229334 1.120114 -0.206200
1.096284 -0.229488 1.120046 -0.206353
1.096183 -0.229641 1.119978 -0.206506
1.096081 -0.229795 1.119911 -0.206658
1.095980 -0.229948 1.119843 -0.206811
1.095878 -0.230102 1.119775 -0.206963
1.095776 -0.230255 1.119707 -0.207116
1.095675 -0.230408 1.119639 -0.207268
1.095573 -0.230561 1.119570 -0.207421
1.095471 -0.230713 1.119502 -0.207573
1.095369 -0.230866 1.119434 -0.207725
1.095267 -0.231019 1.119366 -0.207877
1.095165 -0.231171 1.119297 -0.208029
1.095063 -0.231323 1.119229 -0.208181
1.094961 -0.231476 1.119160 -0.208333
1.094859 -0.231628 1.119092 -0.208485
1.094756 -0.231780 1.119023 -0.208637
1.094654 -0.231932 1.118955 -0.208789
1.094552 -0.232083 1.118886 -0.208941
1.094449 -0.232235 1.118817 -0.209092
1.094347 -0.232387 1.118749 -0.209244
1.094244 -0.232538 1.118680 -0.209395
1.094142 -0.232689 1.118611 -0.209546
1.094039 -0.232841 1.118542 -0.209698
1.093936 -0.232992 1.118473 -0.209849
1.093834 -0.233143 1.118404 -0.210000
1.093731 -0.233293 1.118335 -0.210151
1.093628 -0.233444 1.118266 -0.210302
1.093525 -0.233595 1.118197 -0.210453
1.093422 -0.233745 1.118127 -0.210604
1.093319 -0.233896 1.118058 -0.210755
1.093216 -0.234046 1.117989 -0.210906
1.093113 -0.234196 1.117919 -0.211057
1.093009 -0.234346 1.117850 -0.211207
1.092906 -0.234496 1.117780 -0.211358
1.092803 -0.234646 1.117711 -0.211508
1.092700 -0.234796 1.117641 -0.211659
1.092596 -0.234946 1.117571 -0.211809
1.092493 -0.235095 1.117502 -0.211959
1.092389 -0.235244 1.117432 -0.212109
1.092285 -0.235394 1.117362 -0.212259
1.092182 -0.235543 1.117292 -0.212410
1.092078 -0.235692 1.117222 -0.212560
1.091974 -0.235841 1.117152 -0.212709
1.091871 -0.235990 1.117082 -0.212859
1.091767 -0.236138 1.117012 -0.213009
1.091663 -0.236287 1.116942 -0.213159
1.091559 -0.236436 1.116872 -0.213308
1.091455 -0.236584 1.116801 -0.213458
1.091351 -0.236732 1.116731 -0.213607
1.091247 -0.236880 1.116661 -0.213757
1.091142 -0.237028 1.116590 -0.213906
1.091038 -0.237176 1.116520 -0.214055
1.090934 -0.237324 1.116449 -0.214205
1.090829 -0.237472 1.116379 -0.214354
1.090725 -0.237619 1.116308 -0.214503
1.090621 -0.237767 1.116237 -0.214652
1.090516 -0.237914 1.116167 -0.214801
1.090411 -0.238061 1.116096 -0.214950
1.090307 -0.238208 1.116025 -0.215098
1.090202 -0.238355 1.115954 -0.215247
1.090097 -0.238502 1.115883 -0.215396
1.089993 -0.238649 1.115812 -0.215544
1.089888 -0.238795 1.115741 -0.215693
1.089783 -0.238942 1.115670 -0.215841
1.089678 -0.239088 1.115599 -0.215989
1.089573 -0.239235 1.115528 -0.216138
1.089468 -0.239381 1.115457 -0.216286
1.089363 -0.239527 1.115385 -0.216434
1.089258 -0.239673 1.115314 -0.216582
1.089152 -0.239819 1.115243 -0.216730
1.089047 -0.239964 1.115171 -0.216878
1.088942 -0.240110 1.115100 -0.217026
1.088836 -0.240255 1.115028 -0.217173
1.088731 -0.240401 1.114956 -0.217321
1.088626 -0.240546 1.114885 -0.217469
1.088520 -0.240691 1.114813 -0.217616
1.088414 -0.240836 1.114741 -0.217764
1.088309 -0.240981 1.114669 -0.217911
1.088203 -0.241126 1.114598 -0.218058
1.088097 -0.241270 1.114526 -0.218206
1.087992 -0.241415 1.114454 -0.218353
1.087886 -0.241559 1.114382 -0.218500
1.087780 -0.241704 1.114310 -0.218647
1.087674 -0.241848 1.114237 -0.218794
1.087568 -0.241992 1.114165 -0.218941
1.087462 -0.242136 1.114093 -0.219087
1.087356 -0.242280 1.114021 -0.219234
1.087250 -0.242423 1.113948 -0.219381
1.087143 -0.242567 1.113876 -0.219527
1.087037 -0.242710 1.113803 -0.219674
1.086931 -0.242854 1.113731 -0.219820
1.086825 -0.242997 1.113658 -0.219967
1.086718 -0.243140 1.113586 -0.220113
1.086612 -0.243283 1.113513 -0.220259
1.086505 -0.243426 1.113440 -0.220405
1.086399 -0.243569 1.113368 -0.220551
1.086292 -0.243711 1.113295 -0.220697
1.086185 -0.243854 1.113222 -0.220843
1.086079 -0.243996 1.113149 -0.220989
1.085972 -0.244139 1.113076 -0.221135
1.085865 -0.244281 1.113003 -0.221280
1.085758 -0.244423 1.112930 -0.221426
1.085651 -0.244565 1.112857 -0.221572
1.085544 -0.244707 1.112784 -0.221717
1.085437 -0.244848 1.112711 -0.221862
1.085330 -0.244990 1.112637 -0.222008
1.085223 -0.245131 1.112564 -0.222153
1.085116 -0.245273 1.112491 -0.222298
1.085009 -0.245414 1.112417 -0.222443
1.084901 -0.245555 1.112344 -0.222588
1.084794 -0.245696 1.112270 -0.222733
1.084687 -0.245837 1.112197 -0.222878
1.084579 -0.245978 1.112123 -0.223023
1.084472 -0.246118 1.112049 -0.223167
1.084364 -0.246259 1.111975 -0.223312
1.084257 -0.246399 1.111902 -0.223457
1.084149 -0.246539 1.111828 -0.223601
1.084042 -0.246680 1.111754 -0.223745
1.083934 -0.246820 1.111680 -0.223890
1.083826 -0.246959 1.111606 -0.224034
1.083718 -0.247099 1.111532 -0.224178
1.083610 -0.247239 1.111458 -0.224322
1.083502 -0.247378 1.111384 -0.224466
1.083395 -0.247518 1.111309 -0.224610
1.083287 -0.247657 1.111235 -0.224754
1.083178 -0.247796 1.111161 -0.224898
1.083070 -0.247935 1.111087 -0.225041
1.082962 -0.248074 1.111012 -0.225185
1.082854 -0.248213 1.110938 -0.225329
1.082746 -0.248352 1.110863 -0.225472
1.082637 -0.248490 1.110789 -0.225616
1.082529 -0.248629 1.110714 -0.225759
1.082421 -0.248767 1.110639 -0.225902
1.082312 -0.248905 1.110565 -0.226045
1.082204 -0.249044 1.110490 -0.226188
1.082095 -0.249182 1.110415 -0.226331
1.081987 -0.249319 1.110340 -0.226474
1.081878 -0.249457 1.110265 -0.226617
1.081769 -0.249595 1.110190 -0.226760
1.081661 -0.249732 1.110115 -0.226903
1.081552 -0.249870 1.110040 -0.227045
1.081443 -0.250007 1.109965 -0.227188
1.081334 -0.250144 1.109890 -0.227330
1.081225 -0.250281 1.109815 -0.227473
1.081116 -0.250418 1.109739 -0.227615
1.081007 -0.250555 1.109664 -0.227757
1.080898 -0.250691 1.109589 -0.227899
1.080789 -0.250828 1.109513 -0.228041
1.080680 -0.250964 1.109438 -0.228183
1.080571 -0.251100 1.109362 -0.228325
1.080462 -0.251237 1.109287 -0.228467
1.080352 -0.251373 1.109211 -0.228609
1.080243 -0.251509 1.109135 -0.228751
1.080134 -0.251644 1.109060 -0.228892
1.080024 -0.251780 1.108984 -0.229034
1.079915 -0.251916 1.108908 -0.229175
1.079805 -0.252051 1.108832 -0.229317
1.079696 -0.252186 1.108756 -0.229458
1.079586 -0.252321 1.108680 -0.229599
1.079476 -0.252456 1.108604 -0.229740
1.079367 -0.252591 1.108528 -0.229881
1.079257 -0.252726 1.108452 -0.230022
1.079147 -0.252861 1.108376 -0.230163
1.079037 -0.252995 1.108300 -0.230304
1.078927 -0.253130 1.108223 -0.230445
1.078817 -0.253264 1.108147 -0.230585
1.078707 -0.253398 1.108071 -0.230726
1.078597 -0.253532 1.107994 -0.230866
1.078487 -0.253666 1.107918 -0.231007
1.078377 -0.253800 1.107841 -0.231147
1.078267 -0.253934 1.107764 -0.231288
1.078157 -0.254067 1.107688 -0.231428
1.078046 -0.254201 1.107611 -0.231568
1.077936 -0.254334 1.107534 -0.231708
1.077826 -0.254467 1.107458 -0.231848
1.077715 -0.254601 1.107381 -0.231988
1.077605 -0.254733 1.107304 -0.232127
1.077495 -0.254866 1.107227 -0.232267
1.077384 -0.254999 1.107150 -0.232407
1.077273 -0.255132 1.107073 -0.232546
1.077163 -0.255264 1.106996 -0.232686
1.077052 -0.255396 1.106919 -0.232825
1.076942 -0.255529 1.106841 -0.232964
1.076831 -0.255661 1.106764 -0.233104
1.076720 -0.255793 1.106687 -0.233243
1.076609 -0.255924 1.106609 -0.233382
1.076498 -0.256056 1.106532 -0.233521
1.076387 -0.256188 1.106455 -0.233660
1.076276 -0.256319 1.106377 -0.233799
1.076165 -0.256451 1.106300 -0.233937
1.076054 -0.256582 1.106222 -0.234076
1.075943 -0.256713 1.106144 -0.234214
1.075832 -0.256844 1.106067 -0.234353
1.075721 -0.256975 1.105989 -0.234491
1.075610 -0.257105 1.105911 -0.234630
1.075498 -0.257236 1.105833 -0.234768
1.075387 -0.257366 1.105755 -0.234906
1.075276 -0.257497 1.105677 -0.235044
1.075164 -0.257627 1.105599 -0.235182
1.075053 -0.257757 1.105521 -0.235320
1.074941 -0.257887 1.105443 -0.235458
1.074830 -0.258017 1.105365 -0.235596
1.074718 -0.258147 1.105287 -0.235733
1.074607 -0.258276 1.105209 -0.235871
1.074495 -0.258406 1.105130 -0.236009
1.074383 -0.258535 1.105052 -0.236146
1.074272 -0.258664 1.104974 -0.236283
1.074160 -0.258793 1.104895 -0.236421
1.074048 -0.258922 1.104817 -0.236558
1.073936 -0.259051 1.104738 -0.236695
1.073824 -0.259180 1.104660 -0.236832
1.073712 -0.259308 1.104581 -0.236969
1.073600 -0.259437 1.104502 -0.237106
1.073488 -0.259565 1.104423 -0.237242
1.073376 -0.259693 1.104345 -0.237379
1.073264 -0.259821 1.104266 -0.237516
1.073152 -0.259949 1.104187 -0.237652
1.073040 -0.260077 1.104108 -0.237789
1.072928 -0.260205 1.104029 -0.237925
1.072815 -0.260332 1.103950 -0.238061
1.072703 -0.260460 1.103871 -0.238197
1.072591 -0.260587 1.103792 -0.238334
1.072478 -0.260714 1.103713 -0.238470
1.072366 -0.260841 1.103633 -0.238606
1.072253 -0.260968 1.103554 -0.238741
1.072141 -0.261095 1.103475 -0.238877
1.072028 -0.261222 1.103395 -0.239013
1.071916 -0.261348 1.103316 -0.239148
1.071803 -0.261475 1.103236 -0.239284
1.071690 -0.261601 1.103157 -0.239419
1.071577 -0.261727 1.103077 -0.239555
1.071465 -0.261853 1.102998 -0.239690
1.071352 -0.261979 1.102918 -0.239825
1.071239 -0.262105 1.102838 -0.239960
1.071126 -0.262231 1.102758 -0.240095
1.071013 -0.262356 1.102679 -0.240230
1.070900 -0.262482 1.102599 -0.240365
1.070787 -0.262607 1.102519 -0.240500
1.070674 -0.262732 1.102439 -0.240635
1.070561 -0.262857 1.102359 -0.240769
1.070448 -0.262982 1.102279 -0.240904
1.070335 -0.263107 1.102199 -0.241038
1.070222 -0.263231 1.102118 -0.241172
1.070108 -0.263356 1.102038 -0.241307
1.069995 -0.263480 1.101958 -0.241441
1.069882 -0.263605 1.101878 -0.241575
1.069768 -0.263729 1.101797 -0.241709
1.069655 -0.263853 1.101717 -0.241843
1.069541 -0.263977 1.101636 -0.241977
1.069428 -0.264100 1.101556 -0.242110
1.069314 -0.264224 1.101475 -0.242244
1.069201 -0.264347 1.101395 -0.242378
1.069087 -0.264471 1.101314 -0.242511
1.068974 -0.264594 1.101233 -0.242645
1.068860 -0.264717 1.101152 -0.242778
1.068746 -0.264840 1.101072 -0.242911
1.068632 -0.264963 1.100991 -0.243044
1.068519 -0.265086 1.100910 -0.243177
1.068405 -0.265208 1.100829 -0.243310
1.068291 -0.265331 1.100748 -0.243443
1.068177 -0.265453 1.100667 -0.243576
1.068063 -0.265575 1.100586 -0.243709
1.067949 -0.265697 1.100505 -0.243841
1.067835 -0.265819 1.100423 -0.243974
1.067721 -0.265941 1.100342 -0.244106
1.067607 -0.266063 1.100261 -0.244239
1.067493 -0.266184 1.100179 -0.244371
1.067379 -0.266306 1.100098 -0.244503
1.067264 -0.266427 1.100017 -0.244635
1.067150 -0.266548 1.099935 -0.244767
1.067036 -0.266669 1.099854 -0.244899
1.066922 -0.266790 1.099772 -0.245031
1.066807 -0.266911 1.099690 -0.245163
1.066693 -0.267031 1.099609 -0.245295
1.066578 -0.267152 1.099527 -0.245426
1.066464 -0.267272 1.099445 -0.245558
1.066349 -0.267392 1.099363 -0.245689
1.066235 -0.267513 1.099281 -0.245820
1.066120 -0.267633 1.099200 -0.245952
1.066006 -0.267752 1.099118 -0.246083
1.065891 -0.267872 1.099036 -0.246214
1.065776 -0.267992 1.098953 -0.246345
1.065662 -0.268111 1.098871 -0.246476
1.065547 -0.268231 1.098789 -0.246607
1.065432 -0.268350 1.098707 -0.246737
1.065317 -0.268469 1.098625 -0.246868
1.065202 -0.268588 1.098542 -0.246998
1.065087 -0.268707 1.098460 -0.247129
1.064972 -0.268825 1.098378 -0.247259
1.064857 -0.268944 1.098295 -0.247390
1.064742 -0.269062 1.098213 -0.247520
1.064627 -0.269180 1.098130 -0.247650
1.064512 -0.269299 1.098047 -0.247780
1.064397 -0.269417 1.097965 -0.247910
1.064282 -0.269535 1.097882 -0.248040
1.064167 -0.269652 1.097799 -0.248169
1.064052 -0.269770 1.097717 -0.248299
1.063936 -0.269887 1.097634 -0.248429
1.063821 -0.270005 1.097551 -0.248558
1.063706 -0.270122 1.097468 -0.248688
1.063590 -0.270239 1.097385 -0.248817
1.063475 -0.270356 1.097302 -0.248946
1.063360 -0.270473 1.097219 -0.249075
1.063244 -0.270590 1.097136 -0.249204
1.063129 -0.270706 1.097053 -0.249333
1.063013 -0.270823 1.096969 -0.249462
1.062897 -0.270939 1.096886 -0.249591
1.062782 -0.271055 1.096803 -0.249719
1.062666 -0.271171 1.096719 -0.249848
1.062551 -0.271287 1.096636 -0.249977
1.062435 -0.271403 1.096552 -0.250105
1.062319 -0.271519 1.096469 -0.250233
1.062203 -0.271634 1.096385 -0.250362
1.062087 -0.271750 1.096302 -0.250490
1.061972 -0.271865 1.096218 -0.250618
1.061856 -0.271980 1.096134 -0.250746
1.061740 -0.272095 1.096051 -0.250874
1.061624 -0.272210 1.095967 -0.251001
1.061508 -0.272324 1.095883 -0.251129
1.061392 -0.272439 1.095799 -0.251257
1.061276 -0.272554 1.095715 -0.251384
1.061160 -0.272668 1.095631 -0.251512
1.061044 -0.272782 1.095547 -0.251639
1.060927 -0.272896 1.095463 -0.251766
1.060811 -0.273010 1.095379 -0.251893
1.060695 -0.273124 1.095295 -0.252020
1.060579 -0.273237 1.095211 -0.252147
1.060463 -0.273351 1.095126 -0.252274
1.060346 -0.273464 1.095042 -0.252401
1.060230 -0.273578 1.094958 -0.252528
1.060114 -0.273691 1.094873 -0.252654
1.059997 -0.273804 1.094789 -0.252781
1.059881 -0.273917 1.094704 -0.252907
1.059764 -0.274029 1.094620 -0.253034
1.059648 -0.274142 1.094535 -0.253160
1.059531 -0.274254 1.094450 -0.253286
1.059415 -0.274367 1.094366 -0.253412
1.059298 -0.274479 1.094281 -0.253538
1.059181 -0.274591 1.094196 -0.253664
1.059065 -0.274703 1.094111 -0.253790
1.058948 -0.274815 1.094026 -0.253915
1.058831 -0.274926 1.093942 -0.254041
1.058714 -0.275038 1.093857 -0.254166
1.058598 -0.275149 1.093772 -0.254292
1.058481 -0.275261 1.093686 -0.254417
1.058364 -0.275372 1.093601 -0.254542
1.058247 -0.275483 1.093516 -0.254668
1.058130 -0.275594 1.093431 -0.254793
1.058013 -0.275704 1.093346 -0.254918
1.057896 -0.275815 1.093260 -0.255042
1.057779 -0.275925 1.093175 -0.255167
1.057662 -0.276036 1.093090 -0.255292
1.057545 -0.276146 1.093004 -0.255417
1.057428 -0.276256 1.092919 -0.255541
1.057311 -0.276366 1.092833 -0.255665
1.057194 -0.276476 1.092748 -0.255790
1.057077 -0.276585 1.092662 -0.255914
1.056959 -0.276695 1.092576 -0.256038
1.056842 -0.276804 1.092491 -0.256162
1.056725 -0.276913 1.092405 -0.256286
1.056607 -0.277022 1.092319 -0.256410
1.056490 -0.277131 1.092233 -0.256534
1.056373 -0.277240 1.092147 -0.256657
1.056255 -0.277349 1.092061 -0.256781
1.056138 -0.277457 1.091975 -0.256904
1.056020 -0.277566 1.091889 -0.257028
1.055903 -0.277674 1.091803 -0.257151
1.055785 -0.277782 1.091717 -0.257274
1.055668 -0.277890 1.091631 -0.257397
1.055550 -0.277998 1.091545 -0.257520
1.055433 -0.278106 1.091458 -0.257643
1.055315 -0.278214 1.091372 -0.257766
1.055197 -0.278321 1.091286 -0.257889
1.055080 -0.278428 1.091199 -0.258011
1.054962 -0.278536 1.091113 -0.258134
1.054844 -0.278643 1.091026 -0.258256
1.054726 -0.278750 1.090940 -0.258379
1.054609 -0.278856 1.090853 -0.258501
1.054491 -0.278963 1.090766 -0.258623
1.054373 -0.279070 1.090680 -0.258745
1.054255 -0.279176 1.090593 -0.258867
1.054137 -0.279282 1.090506 -0.258989
1.054019 -0.279388 1.090419 -0.259111
1.053901 -0.279494 1.090332 -0.259232
1.053783 -0.279600 1.090245 -0.259354
1.053665 -0.279706 1.090158 -0.259475
1.053547 -0.279811 1.090071 -0.259597
1.053429 -0.279917 1.089984 -0.259718
1.053311 -0.280022 1.089897 -0.259839
1.053193 -0.280127 1.089810 -0.259960
1.053074 -0.280232 1.089723 -0.260082
1.052956 -0.280337 1.089636 -0.260202
1.052838 -0.280442 1.089548 -0.260323
1.052720 -0.280547 1.089461 -0.260444
1.052602 -0.280651 1.089374 -0.260565
1.052483 -0.280755 1.089286 -0.260685
1.052365 -0.280860 1.089199 -0.260806
1.052246 -0.280964 1.089111 -0.260926
1.052128 -0.281068 1.089024 -0.261046
1.052010 -0.281171 1.088936 -0.261166
1.051891 -0.281275 1.088848 -0.261286
1.051773 -0.281379 1.088761 -0.261406
1.051654 -0.281482 1.088673 -0.261526
1.051536 -0.281585 1.088585 -0.261646
1.051417 -0.281688 1.088497 -0.261766
1.051299 -0.281791 1.088409 -0.261885
1.051180 -0.281894 1.088321 -0.262005
1.051061 -0.281997 1.088234 -0.262124
1.050943 -0.282099 1.088145 -0.262243
1.050824 -0.282202 1.088057 -0.262363
1.050705 -0.282304 1.087969 -0.262482
1.050587 -0.282406 1.087881 -0.262601
1.050468 -0.282508 1.087793 -0.262720
1.050349 -0.282610 1.087705 -0.262838
1.050230 -0.282712 1.087616 -0.262957
1.050111 -0.282813 1.087528 -0.263076
1.049992 -0.282915 1.087440 -0.263194
1.049874 -0.283016 1.087351 -0.263313
1.049755 -0.283117 1.087263 -0.263431
1.049636 -0.283218 1.087174 -0.263549
1.049517 -0.283319 1.087086 -0.263667
1.049398 -0.283420 1.086997 -0.263785
1.049279 -0.283521 1.086908 -0.263903
1.049160 -0.283621 1.086820 -0.264021
1.049041 -0.283722 1.086731 -0.264139
1.048922 -0.283822 1.086642 -0.264256
1.048802 -0.283922 1.086553 -0.264374
1.048683 -0.284022 1.086464 -0.264491
1.048564 -0.284122 1.086376 -0.264609
1.048445 -0.284221 1.086287 -0.264726
1.048326 -0.284321 1.086198 -0.264843
1.048206 -0.284420 1.086108 -0.264960
1.048087 -0.284519 1.086019 -0.265077
1.047968 -0.284618 1.085930 -0.265194
1.047849 -0.284717 1.085841 -0.265311
1.047729 -0.284816 1.085752 -0.265427
1.047610 -0.284915 1.085662 -0.265544
1.047491 -0.285013 1.085573 -0.265660
1.047371 -0.285112 1.085484 -0.265777
1.047252 -0.285210 1.085394 -0.265893
1.047132 -0.285308 1.085305 -0.266009
1.047013 -0.285406 1.085215 -0.266125
1.046893 -0.285504 1.085126 -0.266241
1.046774 -0.285602 1.085036 -0.266357
1.046654 -0.285699 1.084947 -0.266473
1.046535 -0.285797 1.084857 -0.266588
1.046415 -0.285894 1.084767 -0.266704
1.046295 -0.285991 1.084677 -0.266819
1.046176 -0.286088 1.084588 -0.266935
1.046056 -0.286185 1.084498 -0.267050
1.045936 -0.286282 1.084408 -0.267165
1.045817 -0.286378 1.084318 -0.267280
1.045697 -0.286475 1.084228 -0.267395
1.045577 -0.286571 1.084138 -0.267510
1.045457 -0.286667 1.084048 -0.267625
1.045338 -0.286763 1.083958 -0.267740
1.045218 -0.286859 1.083867 -0.267854
1.045098 -0.286955 1.083777 -0.267969
1.044978 -0.287051 1.083687 -0.268083
1.044858 -0.287146 1.083597 -0.268197
1.044738 -0.287241 1.083506 -0.268311
1.044618 -0.287337 1.083416 -0.268425
1.044498 -0.287432 1.083325 -0.268539
1.044379 -0.287527 1.083235 -0.268653
1.044259 -0.287621 1.083144 -0.268767
1.044139 -0.287716 1.083054 -0.268881
1.044018 -0.287810 1.082963 -0.268994
1.043898 -0.287905 1.082873 -0.269108
1.043778 -0.287999 1.082782 -0.269221
1.043658 -0.288093 1.082691 -0.269334
1.043538 -0.288187 1.082600 -0.269447
1.043418 -0.288281 1.082510 -0.269560
1.043298 -0.288374 1.082419 -0.269673
1.043178 -0.288468 1.082328 -0.269786
1.043057 -0.288561 1.082237 -0.269899
1.042937 -0.288654 1.082146 -0.270012
1.042817 -0.288747 1.082055 -0.270124
1.042697 -0.288840 1.081964 -0.270237
1.042576 -0.288933 1.081872 -0.270349
1.042456 -0.289026 1.081781 -0.270461
1.042336 -0.289118 1.081690 -0.270573
1.042215 -0.289211 1.081599 -0.270685
1.042095 -0.289303 1.081507 -0.270797
1.041975 -0.289395 1.081416 -0.270909
1.041854 -0.289487 1.081325 -0.271021
1.041734 -0.289579 1.081233 -0.271132
1.041613 -0.289670 1.081142 -0.271244
1.041493 -0.289762 1.081050 -0.271355
1.041372 -0.289853 1.080959 -0.271467
1.041252 -0.289945 1.080867 -0.271578
1.041131 -0.290036 1.080775 -0.271689
1.041011 -0.290127 1.080684 -0.271800
1.040890 -0.290217 1.080592 -0.271911
1.040770 -0.290308 1.080500 -0.272022
1.040649 -0.290399 1.080408 -0.272132
1.040529 -0.290489 1.080316 -0.272243
1.040408 -0.290579 1.080224 -0.272354
1.040287 -0.290669 1.080133 -0.272464
1.040167 -0.290759 1.080041 -0.272574
1.040046 -0.290849 1.079948 -0.272684
1.039925 -0.290939 1.079856 -0.272794
1.039804 -0.291028 1.079764 -0.272904
1.039684 -0.291118 1.079672 -0.273014
1.039563 -0.291207 1.079580 -0.273124
1.039442 -0.291296 1.079488 -0.273234
1.039321 -0.291385 1.079395 -0.273343
1.039201 -0.291474 1.079303 -0.273453
1.039080 -0.291563 1.079210 -0.273562
1.038959 -0.291651 1.079118 -0.273671
1.038838 -0.291739 1.079026 -0.273781
1.038717 -0.291828 1.078933 -0.273890
1.038596 -0.291916 1.078840 -0.273998
1.038475 -0.292004 1.078748 -0.274107
1.038354 -0.292092 1.078655 -0.274216
1.038233 -0.292179 1.078563 -0.274325
1.038112 -0.292267 1.078470 -0.274433
1.037991 -0.292354 1.078377 -0.274542
1.037870 -0.292441 1.078284 -0.274650
1.037749 -0.292529 1.078191 -0.274758
1.037628 -0.292616 1.078098 -0.274866
1.037507 -0.292702 1.078005 -0.274974
1.037386 -0.292789 1.077912 -0.275082
1.037265 -0.292876 1.077819 -0.275190
1.037144 -0.292962 1.077726 -0.275298
1.037023 -0.293048 1.077633 -0.275405
1.036902 -0.293134 1.077540 -0.275513
1.036780 -0.293220 1.077447 -0.275620
1.036659 -0.293306 1.077354 -0.275727
1.036538 -0.293392 1.077260 -0.275834
1.036417 -0.293477 1.077167 -0.275941
1.036296 -0.293563 1.077074 -0.276048
1.036174 -0.293648 1.076980 -0.276155
1.036053 -0.293733 1.076887 -0.276262
1.035932 -0.293818 1.076793 -0.276369
1.035811 -0.293903 1.076700 -0.276475
1.035689 -0.293987 1.076606 -0.276581
1.035568 -0.294072 1.076513 -0.276688
1.035447 -0.294156 1.076419 -0.276794
1.035325 -0.294241 1.076325 -0.276900
1.035204 -0.294325 1.076231 -0.277006
1.035082 -0.294409 1.076138 -0.277112
1.034961 -0.294492 1.076044 -0.277218
1.034840 -0.294576 1.075950 -0.277323
1.034718 -0.294660 1.075856 -0.277429
1.034597 -0.294743 1.075762 -0.277534
1.034475 -0.294826 1.075668 -0.277640
1.034354 -0.294909 1.075574 -0.277745
1.034232 -0.294992 1.075480 -0.277850
1.034111 -0.295075 1.075386 -0.277955
1.033989 -0.295158 1.075292 -0.278060
1.033868 -0.295240 1.075197 -0.278165
1.033746 -0.295322 1.075103 -0.278270
1.033625 -0.295405 1.075009 -0.278374
1.033503 -0.295487 1.074914 -0.278479
1.033382 -0.295569 1.074820 -0.278583
1.033260 -0.295650 1.074726 -0.278687
1.033138 -0.295732 1.074631 -0.278791
1.033017 -0.295814 1.074537 -0.278896
1.032895 -0.295895 1.074442 -0.278999
1.032773 -0.295976 1.074348 -0.279103
1.032652 -0.296057 1.074253 -0.279207
1.032530 -0.296138 1.074158 -0.279311
1.032408 -0.296219 1.074064 -0.279414
1.032287 -0.296299 1.073969 -0.279518
1.032165 -0.296380 1.073874 -0.279621
1.032043 -0.296460 1.073779 -0.279724
1.031921 -0.296540 1.073684 -0.279827
1.031800 -0.296620 1.073589 -0.279930
1.031678 -0.296700 1.073494 -0.280033
1.031556 -0.296780 1.073399 -0.280136
1.031434 -0.296860 1.073304 -0.280238
1.031312 -0.296939 1.073209 -0.280341
1.031191 -0.297018 1.073114 -0.280443
1.031069 -0.297098 1.073019 -0.280546
1.030947 -0.297177 1.072924 -0.280648
1.030825 -0.297255 1.072829 -0.280750
1.030703 -0.297334 1.072733 -0.280852
1.030581 -0.297413 1.072638 -0.280954
1.030459 -0.297491 1.072543 -0.281056
1.030337 -0.297570 1.072447 -0.281157
1.030215 -0.297648 1.072352 -0.281259
1.030094 -0.297726 1.072256 -0.281360
1.029972 -0.297804 1.072161 -0.281462
1.029850 -0.297881 1.072065 -0.281563
1.029728 -0.297959 1.071969 -0.281664
1.029606 -0.298036 1.071874 -0.281765
1.029484 -0.298113 1.071778 -0.281866
1.029362 -0.298191 1.071682 -0.281967
1.029240 -0.298268 1.071587 -0.282067
1.029118 -0.298344 1.071491 -0.282168
1.028996 -0.298421 1.071395 -0.282268
1.028874 -0.298498 1.071299 -0.282369
1.028751 -0.298574 1.071203 -0.282469
1.028629 -0.298650 1.071107 -0.282569
1.028507 -0.298726 1.071011 -0.282669
1.028385 -0.298802 1.070915 -0.282769
1.028263 -0.298878 1.070819 -0.282869
1.028141 -0.298954 1.070723 -0.282969
1.028019 -0.299029 1.070627 -0.283068
1.027897 -0.299105 1.070530 -0.283168
1.027775 -0.299180 1.070434 -0.283267
1.027652 -0.299255 1.070338 -0.283366
1.027530 -0.299330 1.070241 -0.283465
1.027408 -0.299405 1.070145 -0.283564
1.027286 -0.299479 1.070049 -0.283663
1.027164 -0.299554 1.069952 -0.283762
1.027041 -0.299628 1.069856 -0.283861
1.026919 -0.299702 1.069759 -0.283959
1.026797 -0.299776 1.069663 -0.284058
1.026675 -0.299850 1.069566 -0.284156
1.026553 -0.299924 1.069469 -0.284254
1.026430 -0.299998 1.069373 -0.284353
1.026308 -0.300071 1.069276 -0.284451
1.026186 -0.300144 1.069179 -0.284548
1.026063 -0.300217 1.069082 -0.284646
1.025941 -0.300290 1.068985 -0.284744
1.025819 -0.300363 1.068888 -0.284841
1.025697 -0.300436 1.068791 -0.284939
1.025574 -0.300509 1.068695 -0.285036
1.025452 -0.300581 1.068597 -0.285133
1.025330 -0.300653 1.068500 -0.285231
1.025207 -0.300725 1.068403 -0.285328
1.025085 -0.300797 1.068306 -0.285424
1.024963 -0.300869 1.068209 -0.285521
1.024840 -0.300941 1.068112 -0.285618
1.024718 -0.301012 1.068015 -0.285714
1.024595 -0.301084 1.067917 -0.285811
1.024473 -0.301155 1.067820 -0.285907
1.024351 -0.301226 1.067723 -0.286003
1.024228 -0.301297 1.067625 -0.286100
1.024106 -0.301368 1.067528 -0.286196
1.023983 -0.301439 1.067430 -0.286291
1.023861 -0.301509 1.067333 -0.286387
1.023738 -0.301579 1.067235 -0.286483
1.023616 -0.301650 1.067137 -0.286578
1.023494 -0.301720 1.067040 -0.286674
1.023371 -0.301790 1.066942 -0.286769
1.023249 -0.301859 1.066844 -0.286864
1.023126 -0.301929 1.066747 -0.286959
1.023004 -0.301998 1.066649 -0.287054
1.022881 -0.302068 1.066551 -0.287149
1.022759 -0.302137 1.066453 -0.287244
1.022636 -0.302206 1.066355 -0.287339
1.022514 -0.302275 1.066257 -0.287433
1.022391 -0.302344 1.066159 -0.287527
1.022269 -0.302412 1.066061 -0.287622
1.022146 -0.302481 1.065963 -0.287716
1.022024 -0.302549 1.065865 -0.287810
1.021901 -0.302617 1.065767 -0.287904
1.021778 -0.302685 1.065669 -0.287998
1.021656 -0.302753 1.065570 -0.288091
1.021533 -0.302820 1.065472 -0.288185
1.021411 -0.302888 1.065374 -0.288278
1.021288 -0.302955 1.065275 -0.288372
1.021166 -0.303023 1.065177 -0.288465
1.021043 -0.303090 1.065079 -0.288558
1.020920 -0.303157 1.064980 -0.288651
1.020798 -0.303223 1.064882 -0.288744
1.020675 -0.303290 1.064783 -0.288837
1.020553 -0.303357 1.064684 -0.288929
1.020430 -0.303423 1.064586 -0.289022
1.020307 -0.303489 1.064487 -0.289114
1.020185 -0.303555 1.064388 -0.289207
1.020062 -0.303621 1.064290 -0.289299
1.019940 -0.303687 1.064191 -0.289391
1.019817 -0.303752 1.064092 -0.289483
1.019694 -0.303818 1.063993 -0.289575
1.019572 -0.303883 1.063894 -0.289667
1.019449 -0.303948 1.063795 -0.289758
1.019326 -0.304013 1.063696 -0.289850
1.019204 -0.304078 1.063597 -0.289941
1.019081 -0.304143 1.063498 -0.290032
1.018958 -0.304207 1.063399 -0.290124
1.018836 -0.304272 1.063300 -0.290215
1.018713 -0.304336 1.063201 -0.290306
1.018590 -0.304400 1.063102 -0.290396
1.018468 -0.304464 1.063003 -0.290487
1.018345 -0.304528 1.062903 -0.290578
1.018222 -0.304591 1.062804 -0.290668
1.018099 -0.304655 1.062705 -0.290758
1.017977 -0.304718 1.062605 -0.290849
1.017854 -0.304782 1.062506 -0.290939
1.017731 -0.304845 1.062406 -0.291029
1.017609 -0.304907 1.062307 -0.291119
1.017486 -0.304970 1.062207 -0.291208
1.017363 -0.305033 1.062108 -0.291298
1.017240 -0.305095 1.062008 -0.291387
1.017118 -0.305158 1.061909 -0.291477
1.016995 -0.305220 1.061809 -0.291566
1.016872 -0.305282 1.061709 -0.291655
1.016750 -0.305344 1.061609 -0.291744
1.016627 -0.305405 1.061510 -0.291833
1.016504 -0.305467 1.061410 -0.291922
1.016381 -0.305528 1.061310 -0.292011
1.016259 -0.305590 1.061210 -0.292099
1.016136 -0.305651 1.061110 -0.292188
1.016013 -0.305712 1.061010 -0.292276
1.015890 -0.305772 1.060910 -0.292364
1.015768 -0.305833 1.060810 -0.292452
1.015645 -0.305894 1.060710 -0.292540
1.015522 -0.305954 1.060610 -0.292628
1.015399 -0.306014 1.060509 -0.292716
1.015277 -0.306074 1.060409 -0.292804
1.015154 -0.306134 1.060309 -0.292891
1.015031 -0.306194 1.060209 -0.292979
1.014908 -0.306253 1.060108 -0.293066
1.014785 -0.306313 1.060008 -0.293153
1.014663 -0.306372 1.059908 -0.293240
1.014540 -0.306431 1.059807 -0.293327
1.014417 -0.306490 1.059707 -0.293414
1.014294 -0.306549 1.059606 -0.293500
1.014172 -0.306608 1.059506 -0.293587
1.014049 -0.306666 1.059405 -0.293673
1.013926 -0.306725 1.059305 -0.293760
1.013803 -0.306783 1.059204 -0.293846
1.013680 -0.306841 1.059103 -0.293932
1.013558 -0.306899 1.059002 -0.294018
1.013435 -0.306957 1.058902 -0.294104
1.013312 -0.307014 1.058801 -0.294189
1.013189 -0.307072 1.058700 -0.294275
1.013067 -0.307129 1.058599 -0.294360
1.012944 -0.307186 1.058498 -0.294446
1.012821 -0.307243 1.058397 -0.294531
1.012698 -0.307300 1.058296 -0.294616
1.012575 -0.307357 1.058195 -0.294701
1.012453 -0.307414 1.058094 -0.294786
1.012330 -0.307470 1.057993 -0.294871
1.012207 -0.307526 1.057892 -0.294955
1.012084 -0.307582 1.057791 -0.295040
1.011962 -0.307638 1.057690 -0.295124
1.011839 -0.307694 1.057588 -0.295209
1.011716 -0.307750 1.057487 -0.295293
1.011593 -0.307805 1.057386 -0.295377
1.011470 -0.307861 1.057285 -0.295461
1.011348 -0.307916 1.057183 -0.295544
1.011225 -0.307971 1.057082 -0.295628
1.011102 -0.308026 1.056980 -0.295712
1.010979 -0.308081 1.056879 -0.295795
1.010857 -0.308135 1.056777 -0.295878
1.010734 -0.308190 1.056676 -0.295961
1.010611 -0.308244 1.056574 -0.296045
1.010488 -0.308298 1.056472 -0.296127
1.010365 -0.308352 1.056371 -0.296210
1.010243 -0.308406 1.056269 -0.296293
1.010120 -0.308460 1.056167 -0.296375
1.009997 -0.308513 1.056066 -0.296458
1.009874 -0.308567 1.055964 -0.296540
1.009752 -0.308620 1.055862 -0.296622
1.009629 -0.308673 1.055760 -0.296704
1.009506 -0.308726 1.055658 -0.296786
1.009383 -0.308779 1.055556 -0.296868
1.009261 -0.308831 1.055454 -0.296950
1.009138 -0.308884 1.055352 -0.297032
1.009015 -0.308936 1.055250 -0.297113
1.008892 -0.308988 1.055148 -0.297194
1.008770 -0.309040 1.055046 -0.297276
1.008647 -0.309092 1.054944 -0.297357
1.008524 -0.309144 1.054842 -0.297438
1.008401 -0.309195 1.054739 -0.297518
1.008279 -0.309247 1.054637 -0.297599
1.008156 -0.309298 1.054535 -0.297680
1.008033 -0.309349 1.054432 -0.297760
1.007910 -0.309400 1.054330 -0.297841
1.007788 -0.309451 1.054228 -0.297921
1.007665 -0.309501 1.054125 -0.298001
1.007542 -0.309552 1.054023 -0.298081
1.007420 -0.309602 1.053920 -0.298161
1.007297 -0.309652 1.053818 -0.298240
1.007174 -0.309703 1.053715 -0.298320
1.007051 -0.309752 1.053612 -0.298400
1.006929 -0.309802 1.053510 -0.298479
1.006806 -0.309852 1.053407 -0.298558
1.006683 -0.309901 1.053304 -0.298637
1.006561 -0.309950 1.053202 -0.298716
1.006438 -0.310000 1.053099 -0.298795
1.006315 -0.310048 1.052996 -0.298874
1.006193 -0.310097 1.052893 -0.298952
1.006070 -0.310146 1.052790 -0.299031
1.005947 -0.310194 1.052687 -0.299109
1.005825 -0.310243 1.052584 -0.299187
1.005702 -0.310291 1.052481 -0.299266
1.005579 -0.310339 1.052378 -0.299344
1.005457 -0.310387 1.052275 -0.299421
1.005334 -0.310435 1.052172 -0.299499
1.005211 -0.310482 1.052069 -0.299577
1.005089 -0.310530 1.051966 -0.299654
1.004966 -0.310577 1.051863 -0.299732
1.004843 -0.310624 1.051759 -0.299809
1.004721 -0.310671 1.051656 -0.299886
1.004598 -0.310718 1.051553 -0.299963
1.004476 -0.310765 1.051449 -0.300040
1.004353 -0.310811 1.051346 -0.300117
1.004230 -0.310857 1.051243 -0.300193
1.004108 -0.310904 1.051139 -0.300270
1.003985 -0.310950 1.051036 -0.300346
1.003863 -0.310996 1.050932 -0.300422
1.003740 -0.311041 1.050829 -0.300498
1.003617 -0.311087 1.050725 -0.300574
1.003495 -0.311132 1.050621 -0.300650
1.003372 -0.311178 1.050518 -0.300726
1.003250 -0.311223 1.050414 -0.300801
1.003127 -0.311268 1.050310 -0.300877
1.003005 -0.311313 1.050207 -0.300952
1.002882 -0.311357 1.050103 -0.301027
1.002760 -0.311402 1.049999 -0.301103
1.002637 -0.311446 1.049895 -0.301177
1.002515 -0.311490 1.049791 -0.301252
1.002392 -0.311534 1.049687 -0.301327
1.002270 -0.311578 1.049583 -0.301402
1.002147 -0.311622 1.049479 -0.301476
1.002025 -0.311666 1.049375 -0.301550
1.001902 -0.311709 1.049271 -0.301625
1.001780 -0.311752 1.049167 -0.301699
1.001657 -0.311795 1.049063 -0.301773
1.001535 -0.311838 1.048959 -0.301846
1.001412 -0.311881 1.048855 -0.301920
1.001290 -0.311924 1.048751 -0.301994
1.001167 -0.311966 1.048646 -0.302067
1.001045 -0.312009 1.048542 -0.302140
1.000923 -0.312051 1.048438 -0.302214
1.000800 -0.312093 1.048333 -0.302287
1.000678 -0.312135 1.048229 -0.302359
1.000555 -0.312177 1.048125 -0.302432
1.000433 -0.312218 1.048020 -0.302505
1.000311 -0.312260 1.047916 -0.302577
1.000188 -0.312301 1.047811 -0.302650
1.000066 -0.312342 1.047707 -0.302722
0.999943 -0.312383 1.047602 -0.302794
0.999821 -0.312424 1.047497 -0.302866
0.999699 -0.312464 1.047393 -0.302938
0.999576 -0.312505 1.047288 -0.303010
0.999454 -0.312545 1.047183 -0.303082
0.999332 -0.312585 1.047079 -0.303153
0.999209 -0.312625 1.046974 -0.303224
0.999087 -0.312665 1.046869 -0.303296
0.998965 -0.312705 1.046764 -0.303367
0.998843 -0.312745 1.046659 -0.303438
0.998720 -0.312784 1.046554 -0.303509
0.998598 -0.312823 1.046450 -0.303579
0.998476 -0.312862 1.046345 -0.303650
0.998354 -0.312901 1.046240 -0.303720
0.998231 -0.312940 1.046135 -0.303791
0.998109 -0.312979 1.046029 -0.303861
0.997987 -0.313017 1.045924 -0.303931
0.997865 -0.313056 1.045819 -0.304001
0.997742 -0.313094 1.045714 -0.304071
0.997620 -0.313132 1.045609 -0.304141
0.997498 -0.313170 1.045504 -0.304210
0.997376 -0.313207 1.045398 -0.304280
0.997254 -0.313245 1.045293 -0.304349
0.997132 -0.313282 1.045188 -0.304418
0.997010 -0.313320 1.045082 -0.304487
0.996887 -0.313357 1.044977 -0.304556
0.996765 -0.313394 1.044872 -0.304625
0.996643 -0.313431 1.044766 -0.304693
0.996521 -0.313467 1.044661 -0.304762
0.996399 -0.313504 1.044555 -0.304830
0.996277 -0.313540 1.044450 -0.304898
0.996155 -0.313576 1.044344 -0.304967
0.996033 -0.313612 1.044238 -0.305035
0.995911 -0.313648 1.044133 -0.305102
0.995789 -0.313684 1.044027 -0.305170
0.995667 -0.313719 1.043921 -0.305238
0.995545 -0.313755 1.043816 -0.305305
0.995423 -0.313790 1.043710 -0.305373
0.995301 -0.313825 1.043604 -0.305440
0.995179 -0.313860 1.043498 -0.305507
0.995057 -0.313895 1.043392 -0.305574
0.994935 -0.313929 1.043287 -0.305641
0.994813 -0.313964 1.043181 -0.305707
0.994691 -0.313998 1.043075 -0.305774
0.994569 -0.314032 1.042969 -0.305840
0.994447 -0.314066 1.042863 -0.305906
0.994325 -0.314100 1.042757 -0.305973
0.994203 -0.314134 1.042651 -0.306039
0.994081 -0.314167 1.042544 -0.306104
0.993960 -0.314200 1.042438 -0.306170
0.993838 -0.314234 1.042332 -0.306236
0.993716 -0.314267 1.042226 -0.306301
0.993594 -0.314300 1.042120 -0.306367
0.993472 -0.314332 1.042013 -0.306432
0.993350 -0.314365 1.041907 -0.306497
0.993229 -0.314397 1.041801 -0.306562
0.993107 -0.314430 1.041694 -0.306627
0.992985 -0.314462 1.041588 -0.306691
0.992863 -0.314494 1.041482 -0.306756
0.992742 -0.314525 1.041375 -0.306820
0.992620 -0.314557 1.041269 -0.306885
0.992498 -0.314589 1.041162 -0.306949
0.992377 -0.314620 1.041056 -0.307013
0.992255 -0.314651 1.040949 -0.307077
0.992133 -0.314682 1.040843 -0.307140
0.992012 -0.314713 1.040736 -0.307204
0.991890 -0.314744 1.040629 -0.307267
0.991768 -0.314774 1.040523 -0.307331
0.991647 -0.314805 1.040416 -0.307394
0.991525 -0.314835 1.040309 -0.307457
0.991403 -0.314865 1.040202 -0.307520
0.991282 -0.314895 1.040095 -0.307583
0.991160 -0.314925 1.039989 -0.307646
0.991039 -0.314954 1.039882 -0.307708
0.990917 -0.314984 1.039775 -0.307770
0.990796 -0.315013 1.039668 -0.307833
0.990674 -0.315042 1.039561 -0.307895
0.990553 -0.315071 1.039454 -0.307957
0.990431 -0.315100 1.039347 -0.308019
0.990310 -0.315129 1.039240 -0.308080
0.990188 -0.315157 1.039133 -0.308142
0.990067 -0.315186 1.039026 -0.308204
0.989945 -0.315214 1.038919 -0.308265
0.989824 -0.315242 1.038811 -0.308326
0.989703 -0.315270 1.038704 -0.308387
0.989581 -0.315298 1.038597 -0.308448
0.989460 -0.315325 1.038490 -0.308509
0.989339 -0.315353 1.038382 -0.308569
0.989217 -0.315380 1.038275 -0.308630
0.989096 -0.315407 1.038168 -0.308690
0.988975 -0.315434 1.038060 -0.308751
0.988853 -0.315461 1.037953 -0.308811
0.988732 -0.315487 1.037846 -0.308871
0.988611 -0.315514 1.037738 -0.308930
0.988490 -0.315540 1.037631 -0.308990
0.988368 -0.315566 1.037523 -0.309050
0.988247 -0.315592 1.037416 -0.309109
0.988126 -0.315618 1.037308 -0.309168
0.988005 -0.315644 1.037200 -0.309228
0.987884 -0.315669 1.037093 -0.309287
0.987763 -0.315695 1.036985 -0.309346
0.987641 -0.315720 1.036877 -0.309404
0.987520 -0.315745 1.036770 -0.309463
0.987399 -0.315770 1.036662 -0.309521
0.987278 -0.315795 1.036554 -0.309580
0.987157 -0.315819 1.036446 -0.309638
0.987036 -0.315844 1.036339 -0.309696
0.986915 -0.315868 1.036231 -0.309754
0.986794 -0.315892 1.036123 -0.309812
0.986673 -0.315916 1.036015 -0.309869
0.986552 -0.315940 1.035907 -0.309927
0.986431 -0.315964 1.035799 -0.309984
0.986310 -0.315987 1.035691 -0.310041
0.986189 -0.316011 1.035583 -0.310098
0.986068 -0.316034 1.035475 -0.310155
0.985947 -0.316057 1.035367 -0.310212
0.985827 -0.316080 1.035259 -0.310269
0.985706 -0.316102 1.035150 -0.310325
0.985585 -0.316125 1.035042 -0.310382
0.985464 -0.316147 1.034934 -0.310438
0.985343 -0.316170 1.034826 -0.310494
0.985222 -0.316192 1.034718 -0.310550
0.985102 -0.316214 1.034609 -0.310606
0.984981 -0.316235 1.034501 -0.310662
0.984860 -0.316257 1.034393 -0.310717
0.984739 -0.316279 1.034284 -0.310773
0.984619 -0.316300 1.034176 -0.310828
0.984498 -0.316321 1.034067 -0.310883
0.984377 -0.316342 1.033959 -0.310938
0.984257 -0.316363 1.033851 -0.310993
0.984136 -0.316383 1.033742 -0.311048
0.984016 -0.316404 1.033633 -0.311103
0.983895 -0.316424 1.033525 -0.311157
0.983774 -0.316445 1.033416 -0.311211
0.983654 -0.316465 1.033308 -0.311266
0.983533 -0.316484 1.033199 -0.311320
0.983413 -0.316504 1.033090 -0.311374
0.983292 -0.316524 1.032982 -0.311427
0.983172 -0.316543 1.032873 -0.311481
0.983051 -0.316562 1.032764 -0.311534
0.982931 -0.316581 1.032655 -0.311588
0.982811 -0.316600 1.032547 -0.311641
0.982690 -0.316619 1.032438 -0.311694
0.982570 -0.316638 1.032329 -0.311747
0.982449 -0.316656 1.032220 -0.311800
0.982329 -0.316675 1.032111 -0.311852
0.982209 -0.316693 1.032002 -0.311905
0.982088 -0.316711 1.031893 -0.311957
0.981968 -0.316729 1.031784 -0.312010
0.981848 -0.316746 1.031675 -0.312062
0.981728 -0.316764 1.031566 -0.312114
0.981607 -0.316781 1.031457 -0.312165
0.981487 -0.316798 1.031348 -0.312217
0.981367 -0.316815 1.031239 -0.312269
0.981247 -0.316832 1.031130 -0.312320
0.981127 -0.316849 1.031020 -0.312371
0.981007 -0.316866 1.030911 -0.312422
0.980887 -0.316882 1.030802 -0.312473
0.980766 -0.316898 1.030693 -0.312524
0.980646 -0.316914 1.030583 -0.312575
0.980526 -0.316930 1.030474 -0.312625
0.980406 -0.316946 1.030365 -0.312676
0.980286 -0.316962 1.030255 -0.312726
0.980166 -0.316977 1.030146 -0.312776
0.980046 -0.316992 1.030036 -0.312826
0.979926 -0.317008 1.029927 -0.312876
0.979807 -0.317023 1.029818 -0.312926
0.979687 -0.317037 1.029708 -0.312975
0.979567 -0.317052 1.029599 -0.313025
0.979447 -0.317067 1.029489 -0.313074
0.979327 -0.317081 1.029379 -0.313123
0.979207 -0.317095 1.029270 -0.313172
0.979088 -0.317109 1.029160 -0.313221
0.978968 -0.317123 1.029050 -0.313269
0.978848 -0.317137 1.028941 -0.313318
0.978728 -0.317150 1.028831 -0.313366
0.978609 -0.317164 1.028721 -0.313415
0.978489 -0.317177 1.028612 -0.313463
0.978369 -0.317190 1.028502 -0.313511
0.978250 -0.317203 1.028392 -0.313559
0.978130 -0.317216 1.028282 -0.313606
0.978010 -0.317228 1.028172 -0.313654
0.977891 -0.317241 1.028062 -0.313701
0.977771 -0.317253 1.027952 -0.313748
0.977652 -0.317265 1.027843 -0.313796
0.977532 -0.317277 1.027733 -0.313843
0.977413 -0.317289 1.027623 -0.313889
0.977293 -0.317301 1.027513 -0.313936
0.977174 -0.317312 1.027403 -0.313983
0.977055 -0.317324 1.027292 -0.314029
0.976935 -0.317335 1.027182 -0.314075
0.976816 -0.317346 1.027072 -0.314121
0.976696 -0.317357 1.026962 -0.314167
0.976577 -0.317367 1.026852 -0.314213
0.976458 -0.317378 1.026742 -0.314259
0.976339 -0.317388 1.026632 -0.314304
0.976219 -0.317399 1.026521 -0.314350
0.976100 -0.317409 1.026411 -0.314395
0.975981 -0.317419 1.026301 -0.314440
0.975862 -0.317428 1.026190 -0.314485
0.975743 -0.317438 1.026080 -0.314530
0.975623 -0.317447 1.025970 -0.314575
0.975504 -0.317457 1.025859 -0.314619
0.975385 -0.317466 1.025749 -0.314664
0.975266 -0.317475 1.025638 -0.314708
0.975147 -0.317484 1.025528 -0.314752
0.975028 -0.317492 1.025418 -0.314796
0.974909 -0.317501 1.025307 -0.314840
0.974790 -0.317509 1.025197 -0.314883
0.974671 -0.317517 1.025086 -0.314927
0.974552 -0.317525 1.024975 -0.314970
0.974433 -0.317533 1.024865 -0.315013
0.974315 -0.317541 1.024754 -0.315057
0.974196 -0.317548 1.024643 -0.315100
0.974077 -0.317556 1.024533 -0.315142
0.973958 -0.317563 1.024422 -0.315185
0.973839 -0.317570 1.024311 -0.315227
0.973721 -0.317577 1.024201 -0.315270
0.973602 -0.317584 1.024090 -0.315312
0.973483 -0.317590 1.023979 -0.315354
0.973365 -0.317597 1.023868 -0.315396
0.973246 -0.317603 1.023757 -0.315438
0.973127 -0.317609 1.023646 -0.315479
0.973009 -0.317615 1.023536 -0.315521
0.972890 -0.317621 1.023425 -0.315562
0.972772 -0.317626 1.023314 -0.315603
0.972653 -0.317632 1.023203 -0.315644
0.972535 -0.317637 1.023092 -0.315685
0.972416 -0.317642 1.022981 -0.315726
0.972298 -0.317647 1.022870 -0.315767
0.972179 -0.317652 1.022759 -0.315807
0.972061 -0.317657 1.022648 -0.315847
0.971942 -0.317661 1.022537 -0.315888
0.971824 -0.317666 1.022425 -0.315928
0.971706 -0.317670 1.022314 -0.315967
0.971588 -0.317674 1.022203 -0.316007
0.971469 -0.317678 1.022092 -0.316047
0.971351 -0.317682 1.021981 -0.316086
0.971233 -0.317685 1.021869 -0.316125
0.971115 -0.317689 1.021758 -0.316164
0.970996 -0.317692 1.021647 -0.316203
0.970878 -0.317695 1.021536 -0.316242
0.970760 -0.317698 1.021424 -0.316281
0.970642 -0.317701 1.021313 -0.316319
0.970524 -0.317703 1.021201 -0.316358
0.970406 -0.317706 1.021090 -0.316396
0.970288 -0.317708 1.020979 -0.316434
0.970170 -0.317710 1.020867 -0.316472
0.970052 -0.317712 1.020756 -0.316510
0.969934 -0.317714 1.020644 -0.316548
0.969816 -0.317715 1.020533 -0.316585
0.969699 -0.317717 1.020421 -0.316622
0.969581 -0.317718 1.020310 -0.316660
0.969463 -0.317719 1.020198 -0.316697
0.969345 -0.317720 1.020086 -0.316734
0.969227 -0.317721 1.019975 -0.316770
0.969110 -0.317722 1.019863 -0.316807
0.968992 -0.317723 1.019752 -0.316843
0.968874 -0.317723 1.019640 -0.316880
0.968757 -0.317723 1.019528 -0.316916
0.968639 -0.317723 1.019416 -0.316952
0.968522 -0.317723 1.019305 -0.316988
0.968404 -0.317723 1.019193 -0.317023
0.968286 -0.317722 1.019081 -0.317059
0.968169 -0.317722 1.018969 -0.317094
0.968051 -0.317721 1.018857 -0.317130
0.967934 -0.317720 1.018746 -0.317165
0.967817 -0.317719 1.018634 -0.317200
0.967699 -0.317718 1.018522 -0.317235
0.967582 -0.317717 1.018410 -0.317269
0.967465 -0.317715 1.018298 -0.317304
0.967347 -0.317713 1.018186 -0.317338
0.967230 -0.317711 1.018074 -0.317372
0.967113 -0.317709 1.017962 -0.317406
0.966996 -0.317707 1.017850 -0.317440
0.966878 -0.317705 1.017738 -0.317474
0.966761 -0.317702 1.017626 -0.317508
0.966644 -0.317700 1.017514 -0.317541
0.966527 -0.317697 1.017401 -0.317574
0.966410 -0.317694 1.017289 -0.317608
0.966293 -0.317691 1.017177 -0.317641
0.966176 -0.317688 1.017065 -0.317673
0.966059 -0.317684 1.016953 -0.317706
0.965942 -0.317680 1.016841 -0.317739
0.965825 -0.317677 1.016728 -0.317771
0.965708 -0.317673 1.016616 -0.317803
0.965591 -0.317669 1.016504 -0.317835
0.965474 -0.317664 1.016391 -0.317867
0.965358 -0.317660 1.016279 -0.317899
0.965241 -0.317655 1.016167 -0.317931
0.965124 -0.317651 1.016054 -0.317962
0.965007 -0.317646 1.015942 -0.317994
0.964891 -0.317641 1.015830 -0.318025
0.964774 -0.317636 1.015717 -0.318056
0.964657 -0.317630 1.015605 -0.318087
0.964541 -0.317625 1.015492 -0.318117
0.964424 -0.317619 1.015380 -0.318148
0.964308 -0.317613 1.015267 -0.318178
0.964191 -0.317607 1.015155 -0.318209
0.964075 -0.317601 1.015042 -0.318239
0.963958 -0.317595 1.014930 -0.318269
0.963842 -0.317588 1.014817 -0.318299
0.963726 -0.317581 1.014704 -0.318328
0.963609 -0.317575 1.014592 -0.318358
0.963493 -0.317568 1.014479 -0.318387
0.963377 -0.317561 1.014366 -0.318416
0.963260 -0.317553 1.014254 -0.318445
0.963144 -0.317546 1.014141 -0.318474
0.963028 -0.317538 1.014028 -0.318503
0.962912 -0.317530 1.013916 -0.318532
0.962796 -0.317523 1.013803 -0.318560
0.962680 -0.317514 1.013690 -0.318588
0.962564 -0.317506 1.013577 -0.318617
0.962448 -0.317498 1.013464 -0.318645
0.962332 -0.317489 1.013352 -0.318672
0.962216 -0.317481 1.013239 -0.318700
0.962100 -0.317472 1.013126 -0.318728
0.961984 -0.317463 1.013013 -0.318755
0.961868 -0.317453 1.012900 -0.318782
0.961752 -0.317444 1.012787 -0.318809
0.961636 -0.317434 1.012674 -0.318836
0.961520 -0.317425 1.012561 -0.318863
0.961405 -0.317415 1.012448 -0.318890
0.961289 -0.317405 1.012335 -0.318916
0.961173 -0.317395 1.012222 -0.318942
0.961058 -0.317384 1.012109 -0.318968
0.960942 -0.317374 1.011996 -0.318994
0.960826 -0.317363 1.011883 -0.319020
0.960711 -0.317353 1.011770 -0.319046
0.960595 -0.317342 1.011657 -0.319071
0.960480 -0.317330 1.011543 -0.319097
0.960364 -0.317319 1.011430 -0.319122
0.960249 -0.317308 1.011317 -0.319147
0.960134 -0.317296 1.011204 -0.319172
0.960018 -0.317284 1.011091 -0.319197
0.959903 -0.317272 1.010977 -0.319221
0.959788 -0.317260 1.010864 -0.319246
0.959672 -0.317248 1.010751 -0.319270
0.959557 -0.317236 1.010638 -0.319294
0.959442 -0.317223 1.010524 -0.319318
0.959327 -0.317210 1.010411 -0.319342
0.959212 -0.317197 1.010298 -0.319366
0.959097 -0.317184 1.010184 -0.319389
0.958982 -0.317171 1.010071 -0.319413
0.958867 -0.317158 1.009958 -0.319436
0.958752 -0.317144 1.009844 -0.319459
0.958637 -0.317131 1.009731 -0.319482
0.958522 -0.317117 1.009617 -0.319504
0.958407 -0.317103 1.009504 -0.319527
0.958292 -0.317089 1.009390 -0.319549
0.958177 -0.317074 1.009277 -0.319572
0.958062 -0.317060 1.009163 -0.319594
0.957948 -0.317045 1.009050 -0.319616
0.957833 -0.317030 1.008936 -0.319637
0.957718 -0.317015 1.008823 -0.319659
0.957604 -0.317000 1.008709 -0.319681
0.957489 -0.316985 1.008595 -0.319702
0.957374 -0.316969 1.008482 -0.319723
0.957260 -0.316954 1.008368 -0.319744
0.957145 -0.316938 1.008254 -0.319765
0.957031 -0.316922 1.008141 -0.319786
0.956916 -0.316906 1.008027 -0.319806
0.956802 -0.316890 1.007913 -0.319826
0.956688 -0.316873 1.007800 -0.319847
0.956573 -0.316857 1.007686 -0.319867
0.956459 -0.316840 1.007572 -0.319887
0.956345 -0.316823 1.007458 -0.319906
0.956231 -0.316806 1.007345 -0.319926
0.956116 -0.316789 1.007231 -0.319945
0.956002 -0.316772 1.007117 -0.319965
0.955888 -0.316754 1.007003 -0.319984
0.955774 -0.316736 1.006889 -0.320003
0.955660 -0.316719 1.006775 -0.320022
0.955546 -0.316700 1.006661 -0.320040
0.955432 -0.316682 1.006547 -0.320059
0.955318 -0.316664 1.006434 -0.320077
0.955204 -0.316645 1.006320 -0.320095
0.955090 -0.316627 1.006206 -0.320113
0.954976 -0.316608 1.006092 -0.320131
0.954863 -0.316589 1.005978 -0.320149
0.954749 -0.316570 1.005864 -0.320166
0.954635 -0.316551 1.005750 -0.320184
0.954521 -0.316531 1.005636 -0.320201
0.954408 -0.316512 1.005522 -0.320218
0.954294 -0.316492 1.005408 -0.320235
0.954181 -0.316472 1.005293 -0.320252
0.954067 -0.316452 1.005179 -0.320268
0.953953 -0.316431 1.005065 -0.320285
0.953840 -0.316411 1.004951 -0.320301
0.953727 -0.316390 1.004837 -0.320317
0.953613 -0.316370 1.004723 -0.320333
0.953500 -0.316349 1.004609 -0.320349
0.953386 -0.316328 1.004494 -0.320364
0.953273 -0.316307 1.004380 -0.320380
0.953160 -0.316285 1.004266 -0.320395
0.953047 -0.316264 1.004152 -0.320410
0.952934 -0.316242 1.004037 -0.320425
0.952820 -0.316220 1.003923 -0.320440
0.952707 -0.316198 1.003809 -0.320455
0.952594 -0.316176 1.003695 -0.320469
0.952481 -0.316154 1.003580 -0.320484
0.952368 -0.316131 1.003466 -0.320498
0.952255 -0.316108 1.003352 -0.320512
0.952142 -0.316086 1.003237 -0.320526
0.952029 -0.316063 1.003123 -0.320540
0.951917 -0.316039 1.003009 -0.320553
0.951804 -0.316016 1.002894 -0.320566
0.951691 -0.315993 1.002780 -0.320580
0.951578 -0.315969 1.002665 -0.320593
0.951466 -0.315945 1.002551 -0.320606
0.951353 -0.315921 1.002436 -0.320618
0.951240 -0.315897 1.002322 -0.320631
0.951128 -0.315873 1.002207 -0.320643
0.951015 -0.315849 1.002093 -0.320656
0.950903 -0.315824 1.001978 -0.320668
0.950790 -0.315799 1.001864 -0.320680
0.950678 -0.315774 1.001749 -0.320692
0.950565 -0.315749 1.001635 -0.320703
0.950453 -0.315724 1.001520 -0.320715
0.950341 -0.315699 1.001406 -0.320726
0.950228 -0.315673 1.001291 -0.320737
0.950116 -0.315647 1.001176 -0.320748
0.950004 -0.315622 1.001062 -0.320759
0.949892 -0.315595 1.000947 -0.320769
0.949780 -0.315569 1.000832 -0.320780
0.949668 -0.315543 1.000718 -0.320790
0.949556 -0.315516 1.000603 -0.320800
0.949444 -0.315490 1.000488 -0.320810
0.949332 -0.315463 1.000374 -0.320820
0.949220 -0.315436 1.000259 -0.320830
0.949108 -0.315409 1.000144 -0.320839
0.948996 -0.315381 1.000029 -0.320849
0.948884 -0.315354 0.999915 -0.320858
0.948772 -0.315326 0.999800 -0.320867
0.948661 -0.315299 0.999685 -0.320876
0.948549 -0.315271 0.999570 -0.320885
0.948437 -0.315243 0.999456 -0.320893
0.948326 -0.315214 0.999341 -0.320902
0.948214 -0.315186 0.999226 -0.320910
0.948103 -0.315157 0.999111 -0.320918
0.947991 -0.315128 0.998996 -0.320926
0.947880 -0.315100 0.998881 -0.320933
0.947768 -0.315070 0.998766 -0.320941
0.947657 -0.315041 0.998652 -0.320948
0.947546 -0.315012 0.998537 -0.320956
0.947434 -0.314982 0.998422 -0.320963
0.947323 -0.314953 0.998307 -0.320970
0.947212 -0.314923 0.998192 -0.320976
0.947101 -0.314893 0.998077 -0.320983
0.946990 -0.314862 0.997962 -0.320989
0.946879 -0.314832 0.997847 -0.320996
0.946768 -0.314802 0.997732 -0.321002
0.946657 -0.314771 0.997617 -0.321008
0.946546 -0.314740 0.997502 -0.321013
0.946435 -0.314709 0.997387 -0.321019
0.946324 -0.314678 0.997272 -0.321024
0.946213 -0.314647 0.997157 -0.321030
0.946102 -0.314615 0.997042 -0.321035
0.945991 -0.314584 0.996926 -0.321040
0.945881 -0.314552 0.996811 -0.321045
0.945770 -0.314520 0.996696 -0.321049
0.945659 -0.314488 0.996581 -0.321054
0.945549 -0.314455 0.996466 -0.321058
0.945438 -0.314423 0.996351 -0.321062
0.945328 -0.314390 0.996236 -0.321066
0.945217 -0.314358 0.996121 -0.321070
0.945107 -0.314325 0.996005 -0.321073
0.944996 -0.314292 0.995890 -0.321077
0.944886 -0.314258 0.995775 -0.321080
0.944776 -0.314225 0.995660 -0.321083
0.944665 -0.314191 0.995545 -0.321086
0.944555 -0.314158 0.995429 -0.321089
0.944445 -0.314124 0.995314 -0.321092
0.944335 -0.314090 0.995199 -0.321094
0.944225 -0.314055 0.995084 -0.321096
0.944115 -0.314021 0.994968 -0.321099
0.944005 -0.313987 0.994853 -0.321101
0.943895 -0.313952 0.994738 -0.321102
0.943785 -0.313917 0.994622 -0.321104
0.943675 -0.313882 0.994507 -0.321105
0.943565 -0.313847 0.994392 -0.321107
0.943455 -0.313812 0.994276 -0.321108
0.943346 -0.313776 0.994161 -0.321109
0.943236 -0.313740 0.994046 -0.321110
0.943126 -0.313705 0.993930 -0.321110
0.943017 -0.313669 0.993815 -0.321111
0.942907 -0.313633 0.993700 -0.321111
0.942797 -0.313596 0.993584 -0.321111
0.942688 -0.313560 0.993469 -0.321111
0.942578 -0.313523 0.993353 -0.321111
0.942469 -0.313486 0.993238 -0.321111
0.942360 -0.313450 0.993122 -0.321110
0.942250 -0.313412 0.993007 -0.321110
0.942141 -0.313375 0.992892 -0.321109
0.942032 -0.313338 0.992776 -0.321108
0.941923 -0.313300 0.992661 -0.321106
0.941813 -0.313263 0.992545 -0.321105
0.941704 -0.313225 0.992430 -0.321104
0.941595 -0.313187 0.992314 -0.321102
0.941486 -0.313148 0.992199 -0.321100
0.941377 -0.313110 0.992083 -0.321098
0.941268 -0.313071 0.991968 -0.321096
0.941159 -0.313033 0.991852 -0.321093
0.941050 -0.312994 0.991736 -0.321091
0.940942 -0.312955 0.991621 -0.321088
0.940833 -0.312916 0.991505 -0.321085
0.940724 -0.312876 0.991390 -0.321082
0.940615 -0.312837 0.991274 -0.321079
0.940507 -0.312797 0.991159 -0.321076
0.940398 -0.312757 0.991043 -0.321072
0.940290 -0.312718 0.990927 -0.321069
0.940181 -0.312677 0.990812 -0.321065
0.940073 -0.312637 0.990696 -0.321061
0.939964 -0.312597 0.990580 -0.321056
0.939856 -0.312556 0.990465 -0.321052
0.939748 -0.312515 0.990349 -0.321048
0.939639 -0.312474 0.990233 -0.321043
0.939531 -0.312433 0.990118 -0.321038
0.939423 -0.312392 0.990002 -0.321033
0.939315 -0.312351 0.989886 -0.321028
0.939207 -0.312309 0.989771 -0.321022
0.939099 -0.312267 0.989655 -0.321017
0.938991 -0.312225 0.989539 -0.321011
0.938883 -0.312183 0.989424 -0.321005
0.938775 -0.312141 0.989308 -0.320999
0.938667 -0.312099 0.989192 -0.320993
0.938559 -0.312056 0.989076 -0.320986
0.938451 -0.312014 0.988961 -0.320980
0.938343 -0.311971 0.988845 -0.320973
0.938236 -0.311928 0.988729 -0.320966
0.938128 -0.311885 0.988613 -0.320959
0.938020 -0.311841 0.988497 -0.320952
0.937913 -0.311798 0.988382 -0.320944
0.937805 -0.311754 0.988266 -0.320937
0.937698 -0.311710 0.988150 -0.320929
0.937590 -0.311666 0.988034 -0.320921
0.937483 -0.311622 0.987918 -0.320913
0.937376 -0.311578 0.987803 -0.320905
0.937268 -0.311533 0.987687 -0.320896
0.937161 -0.311489 0.987571 -0.320888
0.937054 -0.311444 0.987455 -0.320879
0.936947 -0.311399 0.987339 -0.320870
0.936840 -0.311354 0.987223 -0.320861
0.936733 -0.311309 0.987107 -0.320852
0.936626 -0.311263 0.986992 -0.320842
0.936519 -0.311218 0.986876 -0.320832
0.936412 -0.311172 0.986760 -0.320823
0.936305 -0.311126 0.986644 -0.320813
0.936198 -0.311080 0.986528 -0.320803
0.936091 -0.311034 0.986412 -0.320792
0.935984 -0.310988 0.986296 -0.320782
0.935878 -0.310941 0.986180 -0.320771
0.935771 -0.310894 0.986064 -0.320760
0.935664 -0.310848 0.985948 -0.320749
0.935558 -0.310801 0.985832 -0.320738
0.935451 -0.310753 0.985716 -0.320727
0.935345 -0.310706 0.985600 -0.320715
0.935238 -0.310659 0.985485 -0.320704
0.935132 -0.310611 0.985369 -0.320692
0.935026 -0.310563 0.985253 -0.320680
0.934919 -0.310515 0.985137 -0.320668
0.934813 -0.310467 0.985021 -0.320655
0.934707 -0.310419 0.984905 -0.320643
0.934601 -0.310370 0.984789 -0.320630
0.934495 -0.310322 0.984673 -0.320617
0.934389 -0.310273 0.984557 -0.320604
0.934283 -0.310224 0.984441 -0.320591
0.934177 -0.310175 0.984325 -0.320577
0.934071 -0.310126 0.984209 -0.320564
0.933965 -0.310076 0.984093 -0.320550
0.933859 -0.310027 0.983976 -0.320536
0.933753 -0.309977 0.983860 -0.320522
0.933648 -0.309927 0.983744 -0.320508
0.933542 -0.309877 0.983628 -0.320493
0.933436 -0.309827 0.983512 -0.320479
0.933331 -0.309777 0.983396 -0.320464
0.933225 -0.309726 0.983280 -0.320449
0.933120 -0.309675 0.983164 -0.320434
0.933014 -0.309625 0.983048 -0.320419
0.932909 -0.309574 0.982932 -0.320403
0.932804 -0.309522 0.982816 -0.320387
0.932698 -0.309471 0.982700 -0.320372
0.932593 -0.309420 0.982584 -0.320356
0.932488 -0.309368 0.982468 -0.320339
0.932383 -0.309316 0.982351 -0.320323
0.932278 -0.309264 0.982235 -0.320307
0.932173 -0.309212 0.982119 -0.320290
0.932068 -0.309160 0.982003 -0.320273
0.931963 -0.309107 0.981887 -0.320256
0.931858 -0.309055 0.981771 -0.320239
0.931753 -0.309002 0.981655 -0.320221
0.931648 -0.308949 0.981539 -0.320204
0.931544 -0.308896 0.981422 -0.320186
0.931439 -0.308843 0.981306 -0.320168
0.931334 -0.308789 0.981190 -0.320150
0.931230 -0.308736 0.981074 -0.320132
0.931125 -0.308682 0.980958 -0.320113
0.931020 -0.308628 0.980842 -0.320095
0.930916 -0.308574 0.980726 -0.320076
0.930812 -0.308520 0.980609 -0.320057
0.930707 -0.308466 0.980493 -0.320038
0.930603 -0.308411 0.980377 -0.320019
0.930499 -0.308357 0.980261 -0.319999
0.930394 -0.308302 0.980145 -0.319980
0.930290 -0.308247 0.980029 -0.319960
0.930186 -0.308192 0.979912 -0.319940
0.930082 -0.308136 0.979796 -0.319920
0.929978 -0.308081 0.979680 -0.319899
0.929874 -0.308025 0.979564 -0.319879
0.929770 -0.307970 0.979448 -0.319858
0.929666 -0.307914 0.979331 -0.319837
0.929562 -0.307858 0.979215 -0.319816
0.929459 -0.307801 0.979099 -0.319795
0.929355 -0.307745 0.978983 -0.319774
0.929251 -0.307688 0.978867 -0.319752
0.929148 -0.307632 0.978750 -0.319730
0.929044 -0.307575 0.978634 -0.319708
0.928941 -0.307518 0.978518 -0.319686
0.928837 -0.307460 0.978402 -0.319664
0.928734 -0.307403 0.978286 -0.319642
0.928630 -0.307346 0.978169 -0.319619
0.928527 -0.307288 0.978053 -0.319596
0.928424 -0.307230 0.977937 -0.319573
0.928320 -0.307172 0.977821 -0.319550
0.928217 -0.307114 0.977705 -0.319527
0.928114 -0.307056 0.977588 -0.319503
0.928011 -0.306997 0.977472 -0.319480
0.927908 -0.306938 0.977356 -0.319456
0.927805 -0.306880 0.977240 -0.319432
0.927702 -0.306821 0.977123 -0.319407
0.927599 -0.306762 0.977007 -0.319383
0.927496 -0.306702 0.976891 -0.319359
0.927394 -0.306643 0.976775 -0.319334
0.927291 -0.306583 0.976658 -0.319309
0.927188 -0.306524 0.976542 -0.319284
0.927086 -0.306464 0.976426 -0.319259
0.926983 -0.306404 0.976310 -0.319233
0.926880 -0.306343 0.976193 -0.319207
0.926778 -0.306283 0.976077 -0.319182
0.926676 -0.306222 0.975961 -0.319156
0.926573 -0.306162 0.975845 -0.319130
0.926471 -0.306101 0.975728 -0.319103
0.926369 -0.306040 0.975612 -0.319077
0.926266 -0.305979 0.975496 -0.319050
0.926164 -0.305917 0.975380 -0.319023
0.926062 -0.305856 0.975263 -0.318996
0.925960 -0.305794 0.975147 -0.318969
0.925858 -0.305732 0.975031 -0.318942
0.925756 -0.305670 0.974915 -0.318914
0.925654 -0.305608 0.974798 -0.318886
0.925552 -0.305546 0.974682 -0.318858
0.925450 -0.305483 0.974566 -0.318830
0.925349 -0.305421 0.974450 -0.318802
0.925247 -0.305358 0.974333 -0.318773
0.925145 -0.305295 0.974217 -0.318745
0.925044 -0.305232 0.974101 -0.318716
0.924942 -0.305169 0.973985 -0.318687
0.924841 -0.305105 0.973868 -0.318658
0.924739 -0.305042 0.973752 -0.318629
0.924638 -0.304978 0.973636 -0.318599
0.924537 -0.304914 0.973520 -0.318569
0.924435 -0.304850 0.973403 -0.318539
0.924334 -0.304786 0.973287 -0.318509
0.924233 -0.304722 0.973171 -0.318479
0.924132 -0.304657 0.973055 -0.318449
0.924031 -0.304593 0.972938 -0.318418
0.923930 -0.304528 0.972822 -0.318387
0.923829 -0.304463 0.972706 -0.318356
0.923728 -0.304398 0.972590 -0.318325
0.923627 -0.304332 0.972473 -0.318294
0.923526 -0.304267 0.972357 -0.318262
0.923425 -0.304201 0.972241 -0.318231
0.923324 -0.304136 0.972125 -0.318199
0.923224 -0.304070 0.972008 -0.318167
0.923123 -0.304003 0.971892 -0.318135
0.923023 -0.303937 0.971776 -0.318102
0.922922 -0.303871 0.971660 -0.318070
0.922822 -0.303804 0.971544 -0.318037
0.922721 -0.303738 0.971427 -0.318004
0.922621 -0.303671 0.971311 -0.317971
0.922521 -0.303604 0.971195 -0.317938
0.922420 -0.303536 0.971079 -0.317904
0.922320 -0.303469 0.970962 -0.317871
0.922220 -0.303402 0.970846 -0.317837
0.922120 -0.303334 0.970730 -0.317803
0.922020 -0.303266 0.970614 -0.317769
0.921920 -0.303198 0.970498 -0.317734
0.921820 -0.303130 0.970381 -0.317700
0.921720 -0.303062 0.970265 -0.317665
0.921620 -0.302993 0.970149 -0.317630
0.921521 -0.302925 0.970033 -0.317595
0.921421 -0.302856 0.969916 -0.317560
0.921321 -0.302787 0.969800 -0.317524
0.921222 -0.302718 0.969684 -0.317489
0.921122 -0.302648 0.969568 -0.317453
0.921023 -0.302579 0.969452 -0.317417
0.920923 -0.302510 0.969336 -0.317381
0.920824 -0.302440 0.969219 -0.317344
0.920724 -0.302370 0.969103 -0.317308
0.920625 -0.302300 0.968987 -0.317271
0.920526 -0.302230 0.968871 -0.317234
0.920427 -0.302159 0.968755 -0.317197
0.920328 -0.302089 0.968638 -0.317160
0.920228 -0.302018 0.968522 -0.317123
0.920129 -0.301947 0.968406 -0.317085
0.920030 -0.301876 0.968290 -0.317047
0.919932 -0.301805 0.968174 -0.317009
0.919833 -0.301734 0.968058 -0.316971
0.919734 -0.301662 0.967941 -0.316933
0.919635 -0.301591 0.967825 -0.316894
0.919536 -0.301519 0.967709 -0.316856
0.919438 -0.301447 0.967593 -0.316817
0.919339 -0.301375 0.967477 -0.316778
0.919241 -0.301303 0.967361 -0.316738
0.919142 -0.301230 0.967245 -0.316699
0.919044 -0.301158 0.967129 -0.316659
0.918945 -0.301085 0.967012 -0.316620
0.918847 -0.301012 0.966896 -0.316580
0.918749 -0.300939 0.966780 -0.316540
0.918651 -0.300866 0.966664 -0.316499
0.918553 -0.300793 0.966548 -0.316459
0.918454 -0.300719 0.966432 -0.316418
0.918356 -0.300645 0.966316 -0.316377
0.918258 -0.300572 0.966200 -0.316336
0.918160 -0.300498 0.966084 -0.316295
0.918063 -0.300424 0.965967 -0.316253
0.917965 -0.300349 0.965851 -0.316212
0.917867 -0.300275 0.965735 -0.316170
0.917769 -0.300200 0.965619 -0.316128
0.917672 -0.300125 0.965503 -0.316086
0.917574 -0.300051 0.965387 -0.316044
0.917476 -0.299975 0.965271 -0.316001
0.917379 -0.299900 0.965155 -0.315958
0.917282 -0.299825 0.965039 -0.315915
0.917184 -0.299749 0.964923 -0.315872
0.917087 -0.299674 0.964807 -0.315829
0.916990 -0.299598 0.964691 -0.315786
0.916892 -0.299522 0.964575 -0.315742
0.916795 -0.299446 0.964459 -0.315698
0.916698 -0.299369 0.964343 -0.315654
0.916601 -0.299293 0.964227 -0.315610
0.916504 -0.299216 0.964111 -0.315566
0.916407 -0.299139 0.963995 -0.315521
0.916310 -0.299062 0.963879 -0.315477
0.916213 -0.298985 0.963763 -0.315432
0.916117 -0.298908 0.963647 -0.315387
0.916020 -0.298830 0.963531 -0.315341
0.915923 -0.298753 0.963415 -0.315296
0.915827 -0.298675 0.963299 -0.315250
0.915730 -0.298597 0.963183 -0.315204
0.915634 -0.298519 0.963067 -0.315158
0.915537 -0.298441 0.962951 -0.315112
0.915441 -0.298363 0.962835 -0.315066
0.915344 -0.298284 0.962719 -0.315019
0.915248 -0.298205 0.962604 -0.314973
0.915152 -0.298127 0.962488 -0.314926
0.915056 -0.298048 0.962372 -0.314879
0.914960 -0.297968 0.962256 -0.314831
0.914864 -0.297889 0.962140 -0.314784
0.914768 -0.297810 0.962024 -0.314736
0.914672 -0.297730 0.961908 -0.314688
0.914576 -0.297650 0.961792 -0.314640
0.914480 -0.297570 0.961676 -0.314592
0.914384 -0.297490 0.961561 -0.314544
0.914288 -0.297410 0.961445 -0.314495
0.914193 -0.297330 0.961329 -0.314446
0.914097 -0.297249 0.961213 -0.314398
0.914002 -0.297168 0.961097 -0.314348
0.913906 -0.297087 0.960982 -0.314299
0.913811 -0.297006 0.960866 -0.314250
0.913715 -0.296925 0.960750 -0.314200
0.913620 -0.296844 0.960634 -0.314150
0.913525 -0.296762 0.960518 -0.314100
0.913430 -0.296681 0.960403 -0.314050
0.913334 -0.296599 0.960287 -0.313999
0.913239 -0.296517 0.960171 -0.313949
0.913144 -0.296435 0.960055 -0.313898
0.913049 -0.296353 0.959940 -0.313847
0.912954 -0.296270 0.959824 -0.313796
0.912860 -0.296188 0.959708 -0.313745
0.912765 -0.296105 0.959592 -0.313693
0.912670 -0.296022 0.959477 -0.313641
0.912575 -0.295939 0.959361 -0.313589
0.912481 -0.295856 0.959245 -0.313537
0.912386 -0.295772 0.959130 -0.313485
0.912292 -0.295689 0.959014 -0.313433
0.912197 -0.295605 0.958898 -0.313380
0.912103 -0.295521 0.958783 -0.313327
0.912008 -0.295437 0.958667 -0.313274
0.911914 -0.295353 0.958551 -0.313221
0.911820 -0.295269 0.958436 -0.313167
0.911726 -0.295184 0.958320 -0.313114
0.911632 -0.295100 0.958205 -0.313060
0.911538 -0.295015 0.958089 -0.313006
0.911444 -0.294930 0.957973 -0.312952
0.911350 -0.294845 0.957858 -0.312898
0.911256 -0.294760 0.957742 -0.312843
0.911162 -0.294674 0.957627 -0.312789
0.911068 -0.294589 0.957511 -0.312734
0.910974 -0.294503 0.957396 -0.312679
0.910881 -0.294417 0.957280 -0.312623
0.910787 -0.294331 0.957165 -0.312568
0.910694 -0.294245 0.957049 -0.312512
0.910600 -0.294159 0.956934 -0.312457
0.910507 -0.294072 0.956818 -0.312401
0.910413 -0.293986 0.956703 -0.312344
0.910320 -0.293899 0.956587 -0.312288
0.910227 -0.293812 0.956472 -0.312231
0.910134 -0.293725 0.956356 -0.312175
0.910040 -0.293637 0.956241 -0.312118
0.909947 -0.293550 0.956125 -0.312061
0.909854 -0.293462 0.956010 -0.312003
0.909761 -0.293375 0.955895 -0.311946
0.909668 -0.293287 0.955779 -0.311888
0.909576 -0.293199 0.955664 -0.311830
0.909483 -0.293111 0.955548 -0.311772
0.909390 -0.293022 0.955433 -0.311714
0.909297 -0.292934 0.955318 -0.311656
0.909205 -0.292845 0.955202 -0.311597
0.909112 -0.292756 0.955087 -0.311538
0.909020 -0.292667 0.954972 -0.311479
0.908927 -0.292578 0.954856 -0.311420
0.908835 -0.292489 0.954741 -0.311361
0.908743 -0.292400 0.954626 -0.311301
0.908650 -0.292310 0.954511 -0.311241
0.908558 -0.292220 0.954395 -0.311182
0.908466 -0.292130 0.954280 -0.311121
0.908374 -0.292040 0.954165 -0.311061
0.908282 -0.291950 0.954050 -0.311001
0.908190 -0.291860 0.953934 -0.310940
0.908098 -0.291769 0.953819 -0.310879
0.908006 -0.291679 0.953704 -0.310818
0.907914 -0.291588 0.953589 -0.310757
0.907823 -0.291497 0.953474 -0.310695
0.907731 -0.291406 0.953359 -0.310634
0.907639 -0.291314 0.953243 -0.310572
0.907548 -0.291223 0.953128 -0.310510
0.907456 -0.291131 0.953013 -0.310448
0.907365 -0.291040 0.952898 -0.310385
0.907273 -0.290948 0.952783 -0.310323
0.907182 -0.290856 0.952668 -0.310260
0.907091 -0.290763 0.952553 -0.310197
0.907000 -0.290671 0.952438 -0.310134
0.906908 -0.290579 0.952323 -0.310071
0.906817 -0.290486 0.952208 -0.310007
0.906726 -0.290393 0.952093 -0.309944
0.906635 -0.290300 0.951978 -0.309880
0.906544 -0.290207 0.951863 -0.309816
0.906454 -0.290114 0.951748 -0.309751
0.906363 -0.290020 0.951633 -0.309687
0.906272 -0.289927 0.951518 -0.309622
0.906181 -0.289833 0.951403 -0.309558
0.906091 -0.289739 0.951288 -0.309493
0.906000 -0.289645 0.951173 -0.309427
0.905910 -0.289551 0.951058 -0.309362
0.905819 -0.289456 0.950944 -0.309296
0.905729 -0.289362 0.950829 -0.309231
0.905639 -0.289267 0.950714 -0.309165
0.905548 -0.289172 0.950599 -0.309099
0.905458 -0.289077 0.950484 -0.309032
0.905368 -0.288982 0.950369 -0.308966
0.905278 -0.288887 0.950255 -0.308899
0.905188 -0.288791 0.950140 -0.308832
0.905098 -0.288696 0.950025 -0.308765
0.905008 -0.288600 0.949910 -0.308698
0.904918 -0.288504 0.949796 -0.308630
0.904829 -0.288408 0.949681 -0.308563
0.904739 -0.288312 0.949566 -0.308495
0.904649 -0.288216 0.949452 -0.308427
0.904560 -0.288119 0.949337 -0.308359
0.904470 -0.288022 0.949222 -0.308290
0.904381 -0.287926 0.949108 -0.308222
0.904291 -0.287829 0.948993 -0.308153
0.904202 -0.287731 0.948878 -0.308084
0.904112 -0.287634 0.948764 -0.308015
0.904023 -0.287537 0.948649 -0.307945
0.903934 -0.287439 0.948535 -0.307876
0.903845 -0.287341 0.948420 -0.307806
0.903756 -0.287243 0.948306 -0.307736
0.903667 -0.287145 0.948191 -0.307666
0.903578 -0.287047 0.948077 -0.307596
0.903489 -0.286949 0.947962 -0.307525
0.903400 -0.286850 0.947848 -0.307454
0.903312 -0.286752 0.947733 -0.307384
0.903223 -0.286653 0.947619 -0.307312
0.903134 -0.286554 0.947504 -0.307241
0.903046 -0.286455 0.947390 -0.307170
0.902957 -0.286356 0.947276 -0.307098
0.902869 -0.286256 0.947161 -0.307026
0.902780 -0.286157 0.947047 -0.306954
0.902692 -0.286057 0.946933 -0.306882
0.902604 -0.285957 0.946818 -0.306810
0.902515 -0.285857 0.946704 -0.306737
0.902427 -0.285757 0.946590 -0.306664
0.902339 -0.285656 0.946475 -0.306591
0.902251 -0.285556 0.946361 -0.306518
0.902163 -0.285455 0.946247 -0.306445
0.902075 -0.285354 0.946133 -0.306371
0.901988 -0.285253 0.946019 -0.306297
0.901900 -0.285152 0.945904 -0.306224
0.901812 -0.285051 0.945790 -0.306149
0.901724 -0.284950 0.945676 -0.306075
0.901637 -0.284848 0.945562 -0.306001
0.901549 -0.284746 0.945448 -0.305926
0.901462 -0.284645 0.945334 -0.305851
0.901374 -0.284542 0.945220 -0.305776
0.901287 -0.284440 0.945106 -0.305701
0.901200 -0.284338 0.944992 -0.305625
0.901112 -0.284236 0.944878 -0.305550
0.901025 -0.284133 0.944764 -0.305474
0.900938 -0.284030 0.944650 -0.305398
0.900851 -0.283927 0.944536 -0.305321
0.900764 -0.283824 0.944422 -0.305245
0.900677 -0.283721 0.944308 -0.305168
0.900590 -0.283617 0.944194 -0.305092
0.900504 -0.283514 0.944080 -0.305015
0.900417 -0.283410 0.943966 -0.304937
0.900330 -0.283306 0.943852 -0.304860
0.900244 -0.283202 0.943738 -0.304783
0.900157 -0.283098 0.943624 -0.304705
0.900070 -0.282994 0.943511 -0.304627
0.899984 -0.282890 0.943397 -0.304549
0.899898 -0.282785 0.943283 -0.304470
0.899811 -0.282680 0.943169 -0.304392
0.899725 -0.282575 0.943056 -0.304313
0.899639 -0.282470 0.942942 -0.304234
0.899553 -0.282365 0.942828 -0.304155
0.899467 -0.282260 0.942715 -0.304076
0.899381 -0.282154 0.942601 -0.303996
0.899295 -0.282048 0.942487 -0.303917
0.899209 -0.281943 0.942374 -0.303837
0.899123 -0.281837 0.942260 -0.303757
0.899037 -0.281731 0.942147 -0.303676
0.898952 -0.281624 0.942033 -0.303596
0.898866 -0.281518 0.941920 -0.303515
0.898780 -0.281411 0.941806 -0.303435
0.898695 -0.281305 0.941693 -0.303354
0.898609 -0.281198 0.941579 -0.303272
0.898524 -0.281091 0.941466 -0.303191
0.898439 -0.280983 0.941352 -0.303109
0.898354 -0.280876 0.941239 -0.303028
0.898268 -0.280769 0.941125 -0.302946
0.898183 -0.280661 0.941012 -0.302863
0.898098 -0.280553 0.940899 -0.302781
0.898013 -0.280445 0.940785 -0.302698
0.897928 -0.280337 0.940672 -0.302616
0.897843 -0.280229 0.940559 -0.302533
0.897758 -0.280121 0.940446 -0.302450
0.897674 -0.280012 0.940332 -0.302366
0.897589 -0.279903 0.940219 -0.302283
0.897504 -0.279795 0.940106 -0.302199
0.897420 -0.279686 0.939993 -0.302115
0.897335 -0.279576 0.939880 -0.302031
0.897251 -0.279467 0.939766 -0.301947
0.897166 -0.279358 0.939653 -0.301862
0.897082 -0.279248 0.939540 -0.301778
0.896998 -0.279138 0.939427 -0.301693
0.896914 -0.279029 0.939314 -0.301608
0.896829 -0.278919 0.939201 -0.301522
0.896745 -0.278808 0.939088 -0.301437
0.896661 -0.278698 0.938975 -0.301351
0.896577 -0.278588 0.938862 -0.301265
0.896494 -0.278477 0.938749 -0.301179
0.896410 -0.278366 0.938636 -0.301093
0.896326 -0.278255 0.938523 -0.301007
0.896242 -0.278144 0.938410 -0.300920
0.896159 -0.278033 0.938298 -0.300833
0.896075 -0.277921 0.938185 -0.300746
0.895991 -0.277810 0.938072 -0.300659
0.895908 -0.277698 0.937959 -0.300572
0.895825 -0.277586 0.937846 -0.300484
0.895741 -0.277474 0.937734 -0.300396
0.895658 -0.277362 0.937621 -0.300308
0.895575 -0.277250 0.937508 -0.300220
0.895492 -0.277138 0.937396 -0.300132
0.895409 -0.277025 0.937283 -0.300043
0.895326 -0.276912 0.937170 -0.299955
0.895243 -0.276799 0.937058 -0.299866
0.895160 -0.276686 0.936945 -0.299777
0.895077 -0.276573 0.936833 -0.299687
0.894994 -0.276460 0.936720 -0.299598
0.894912 -0.276346 0.936608 -0.299508
0.894829 -0.276233 0.936495 -0.299418
0.894746 -0.276119 0.936383 -0.299328
0.894664 -0.276005 0.936270 -0.299238
0.894581 -0.275891 0.936158 -0.299147
0.894499 -0.275777 0.936045 -0.299057
0.894417 -0.275662 0.935933 -0.298966
0.894334 -0.275548 0.935821 -0.298875
0.894252 -0.275433 0.935708 -0.298783
0.894170 -0.275318 0.935596 -0.298692
0.894088 -0.275203 0.935484 -0.298600
0.894006 -0.275088 0.935372 -0.298508
0.893924 -0.274973 0.935259 -0.298416
0.893842 -0.274857 0.935147 -0.298324
0.893760 -0.274742 0.935035 -0.298232
0.893679 -0.274626 0.934923 -0.298139
0.893597 -0.274510 0.934811 -0.298046
0.893515 -0.274394 0.934699 -0.297953
0.893434 -0.274278 0.934587 -0.297860
0.893352 -0.274162 0.934475 -0.297767
0.893271 -0.274045 0.934363 -0.297673
0.893189 -0.273929 0.934251 -0.297579
0.893108 -0.273812 0.934139 -0.297485
0.893027 -0.273695 0.934027 -0.297391
0.892946 -0.273578 0.933915 -0.297297
0.892865 -0.273461 0.933803 -0.297202
0.892784 -0.273343 0.933691 -0.297108
0.892703 -0.273226 0.933579 -0.297013
0.892622 -0.273108 0.933467 -0.296917
0.892541 -0.272990 0.933356 -0.296822
0.892460 -0.272872 0.933244 -0.296727
0.892379 -0.272754 0.933132 -0.296631
0.892299 -0.272636 0.933020 -0.296535
0.892218 -0.272518 0.932909 -0.296439
0.892137 -0.272399 0.932797 -0.296342
0.892057 -0.272281 0.932685 -0.296246
0.891976 -0.272162 0.932574 -0.296149
0.891896 -0.272043 0.932462 -0.296052
0.891816 -0.271924 0.932351 -0.295955
0.891736 -0.271804 0.932239 -0.295858
0.891655 -0.271685 0.932128 -0.295761
0.891575 -0.271565 0.932016 -0.295663
0.891495 -0.271446 0.931905 -0.295565
0.891415 -0.271326 0.931793 -0.295467
0.891335 -0.271206 0.931682 -0.295369
0.891256 -0.271086 0.931571 -0.295270
0.891176 -0.270965 0.931459 -0.295172
0.891096 -0.270845 0.931348 -0.295073
0.891016 -0.270724 0.931237 -0.294974
0.890937 -0.270603 0.931125 -0.294874
0.890857 -0.270483 0.931014 -0.294775
0.890778 -0.270361 0.930903 -0.294675
0.890698 -0.270240 0.930792 -0.294576
0.890619 -0.270119 0.930681 -0.294476
0.890540 -0.269997 0.930570 -0.294375
0.890461 -0.269876 0.930459 -0.294275
0.890382 -0.269754 0.930348 -0.294174
0.890302 -0.269632 0.930236 -0.294074
0.890223 -0.269510 0.930125 -0.293973
0.890144 -0.269388 0.930015 -0.293871
0.890066 -0.269265 0.929904 -0.293770
0.889987 -0.269143 0.929793 -0.293668
0.889908 -0.269020 0.929682 -0.293567
0.889829 -0.268897 0.929571 -0.293465
0.889751 -0.268774 0.929460 -0.293362
0.889672 -0.268651 0.929349 -0.293260
0.889594 -0.268528 0.929239 -0.293158
0.889515 -0.268405 0.929128 -0.293055
0.889437 -0.268281 0.929017 -0.292952
0.889359 -0.268157 0.928906 -0.292849
0.889280 -0.268034 0.928796 -0.292745
0.889202 -0.267910 0.928685 -0.292642
0.889124 -0.267786 0.928575 -0.292538
0.889046 -0.267661 0.928464 -0.292434
0.888968 -0.267537 0.928353 -0.292330
0.888890 -0.267412 0.928243 -0.292226
0.888812 -0.267288 0.928132 -0.292121
0.888734 -0.267163 0.928022 -0.292017
0.888657 -0.267038 0.927912 -0.291912
0.888579 -0.266913 0.927801 -0.291807
0.888501 -0.266787 0.927691 -0.291701
0.888424 -0.266662 0.927580 -0.291596
0.888346 -0.266536 0.927470 -0.291490
0.888269 -0.266410 0.927360 -0.291384
0.888192 -0.266285 0.927250 -0.291278
0.888114 -0.266159 0.927139 -0.291172
0.888037 -0.266032 0.927029 -0.291065
0.887960 -0.265906 0.926919 -0.290959
0.887883 -0.265780 0.926809 -0.290852
0.887806 -0.265653 0.926699 -0.290745
0.887729 -0.265526 0.926589 -0.290638
0.887652 -0.265399 0.926479 -0.290530
0.887575 -0.265272 0.926369 -0.290423
0.887499 -0.265145 0.926259 -0.290315
0.887422 -0.265018 0.926149 -0.290207
0.887345 -0.264890 0.926039 -0.290098
0.887269 -0.264763 0.925929 -0.289990
0.887192 -0.264635 0.925819 -0.289881
0.887116 -0.264507 0.925710 -0.289773
0.887039 -0.264379 0.925600 -0.289664
0.886963 -0.264251 0.925490 -0.289554
0.886887 -0.264122 0.925380 -0.289445
0.886811 -0.263994 0.925271 -0.289335
0.886735 -0.263865 0.925161 -0.289226
0.886658 -0.263736 0.925051 -0.289116
0.886582 -0.263608 0.924942 -0.289005
0.886507 -0.263478 0.924832 -0.288895
0.886431 -0.263349 0.924723 -0.288784
0.886355 -0.263220 0.924613 -0.288674
0.886279 -0.263090 0.924504 -0.288563
0.886204 -0.262961 0.924394 -0.288452
0.886128 -0.262831 0.924285 -0.288340
0.886052 -0.262701 0.924176 -0.288229
0.885977 -0.262571 0.924066 -0.288117
0.885902 -0.262441 0.923957 -0.288005
0.885826 -0.262310 0.923848 -0.287893
0.885751 -0.262180 0.923739 -0.287780
0.885676 -0.262049 0.923629 -0.287668
0.885601 -0.261918 0.923520 -0.287555
0.885526 -0.261787 0.923411 -0.287442
0.885451 -0.261656 0.923302 -0.287329
0.885376 -0.261525 0.923193 -0.287216
0.885301 -0.261394 0.923084 -0.287102
0.885226 -0.261262 0.922975 -0.286989
0.885151 -0.261130 0.922866 -0.286875
0.885076 -0.260999 0.922757 -0.286761
0.885002 -0.260867 0.922648 -0.286646
0.884927 -0.260735 0.922539 -0.286532
0.884853 -0.260602 0.922431 -0.286417
0.884778 -0.260470 0.922322 -0.286302
0.884704 -0.260337 0.922213 -0.286187
0.884630 -0.260205 0.922104 -0.286072
0.884555 -0.260072 0.921996 -0.285956
0.884481 -0.259939 0.921887 -0.285841
0.884407 -0.259806 0.921778 -0.285725
0.884333 -0.259673 0.921670 -0.285609
0.884259 -0.259539 0.921561 -0.285492
0.884185 -0.259406 0.921453 -0.285376
0.884111 -0.259272 0.921344 -0.285259
0.884038 -0.259138 0.921236 -0.285142
0.883964 -0.259004 0.921127 -0.285025
0.883890 -0.258870 0.921019 -0.284908
0.883817 -0.258736 0.920911 -0.284791
0.883743 -0.258602 0.920802 -0.284673
0.883670 -0.258467 0.920694 -0.284555
0.883596 -0.258332 0.920586 -0.284437
0.883523 -0.258198 0.920478 -0.284319
0.883450 -0.258063 0.920369 -0.284201
0.883377 -0.257927 0.920261 -0.284082
0.883304 -0.257792 0.920153 -0.283963
0.883231 -0.257657 0.920045 -0.283844
0.883158 -0.257521 0.919937 -0.283725
0.883085 -0.257386 0.919829 -0.283605
0.883012 -0.257250 0.919721 -0.283486
0.882939 -0.257114 0.919613 -0.283366
0.882866 -0.256978 0.919506 -0.283246
0.882794 -0.256842 0.919398 -0.283126
0.882721 -0.256705 0.919290 -0.283006
0.882648 -0.256569 0.919182 -0.282885
0.882576 -0.256432 0.919074 -0.282764
0.882504 -0.256295 0.918967 -0.282643
0.882431 -0.256158 0.918859 -0.282522
0.882359 -0.256021 0.918751 -0.282401
0.882287 -0.255884 0.918644 -0.282279
0.882215 -0.255746 0.918536 -0.282157
0.882143 -0.255609 0.918429 -0.282035
0.882071 -0.255471 0.918321 -0.281913
0.881999 -0.255334 0.918214 -0.281791
0.881927 -0.255196 0.918107 -0.281668
0.881855 -0.255057 0.917999 -0.281546
0.881783 -0.254919 0.917892 -0.281423
0.881712 -0.254781 0.917785 -0.281299
0.881640 -0.254642 0.917677 -0.281176
0.881568 -0.254504 0.917570 -0.281053
0.881497 -0.254365 0.917463 -0.280929
0.881425 -0.254226 0.917356 -0.280805
0.881354 -0.254087 0.917249 -0.280681
0.881283 -0.253948 0.917142 -0.280557
0.881212 -0.253808 0.917035 -0.280432
0.881140 -0.253669 0.916928 -0.280307
0.881069 -0.253529 0.916821 -0.280182
0.880998 -0.253390 0.916714 -0.280057
0.880927 -0.253250 0.916607 -0.279932
0.880856 -0.253110 0.916500 -0.279807
0.880786 -0.252969 0.916393 -0.279681
0.880715 -0.252829 0.916287 -0.279555
0.880644 -0.252689 0.916180 -0.279429
0.880574 -0.252548 0.916073 -0.279303
0.880503 -0.252407 0.915967 -0.279176
0.880432 -0.252266 0.915860 -0.279049
0.880362 -0.252125 0.915753 -0.278923
0.880292 -0.251984 0.915647 -0.278795
0.880221 -0.251843 0.915540 -0.278668
0.880151 -0.251701 0.915434 -0.278541
0.880081 -0.251560 0.915328 -0.278413
0.880011 -0.251418 0.915221 -0.278285
0.879941 -0.251276 0.915115 -0.278157
0.879871 -0.251134 0.915009 -0.278029
0.879801 -0.250992 0.914902 -0.277901
0.879731 -0.250850 0.914796 -0.277772
0.879661 -0.250707 0.914690 -0.277643
0.879592 -0.250565 0.914584 -0.277514
0.879522 -0.250422 0.914478 -0.277385
0.879452 -0.250279 0.914372 -0.277255
0.879383 -0.250136 0.914266 -0.277126
0.879313 -0.249993 0.914160 -0.276996
0.879244 -0.249850 0.914054 -0.276866
0.879175 -0.249706 0.913948 -0.276736
0.879105 -0.249563 0.913842 -0.276605
0.879036 -0.249419 0.913737 -0.276475
0.878967 -0.249275 0.913631 -0.276344
0.878898 -0.249131 0.913525 -0.276213
0.878829 -0.248987 0.913419 -0.276082
0.878760 -0.248843 0.913314 -0.275950
0.878691 -0.248698 0.913208 -0.275819
0.878622 -0.248554 0.913103 -0.275687
0.878554 -0.248409 0.912997 -0.275555
0.878485 -0.248264 0.912892 -0.275423
0.878416 -0.248120 0.912786 -0.275291
0.878348 -0.247974 0.912681 -0.275158
0.878280 -0.247829 0.912576 -0.275025
0.878211 -0.247684 0.912470 -0.274892
0.878143 -0.247538 0.912365 -0.274759
0.878075 -0.247393 0.912260 -0.274626
0.878006 -0.247247 0.912155 -0.274492
0.877938 -0.247101 0.912050 -0.274359
0.877870 -0.246955 0.911944 -0.274225
0.877802 -0.246809 0.911839 -0.274090
0.877734 -0.246663 0.911734 -0.273956
0.877666 -0.246516 0.911629 -0.273822
0.877598 -0.246370 0.911525 -0.273687
0.877531 -0.246223 0.911420 -0.273552
0.877463 -0.246076 0.911315 -0.273417
0.877395 -0.245929 0.911210 -0.273282
0.877328 -0.245782 0.911105 -0.273146
0.877260 -0.245634 0.911001 -0.273010
0.877193 -0.245487 0.910896 -0.272874
0.877126 -0.245340 0.910791 -0.272738
0.877058 -0.245192 0.910687 -0.272602
0.876991 -0.245044 0.910582 -0.272466
0.876924 -0.244896 0.910478 -0.272329
0.876857 -0.244748 0.910373 -0.272192
0.876790 -0.244600 0.910269 -0.272055
0.876723 -0.244451 0.910165 -0.271918
0.876656 -0.244303 0.910060 -0.271780
0.876589 -0.244154 0.909956 -0.271643
0.876523 -0.244005 0.909852 -0.271505
0.876456 -0.243856 0.909748 -0.271367
0.876389 -0.243707 0.909644 -0.271228
0.876323 -0.243558 0.909539 -0.271090
0.876256 -0.243409 0.909435 -0.270951
0.876190 -0.243259 0.909331 -0.270813
0.876123 -0.243110 0.909227 -0.270674
0.876057 -0.242960 0.909124 -0.270534
0.875991 -0.242810 0.909020 -0.270395
0.875925 -0.242660 0.908916 -0.270255
0.875859 -0.242510 0.908812 -0.270115
0.875793 -0.242360 0.908708 -0.269975
0.875727 -0.242209 0.908605 -0.269835
0.875661 -0.242059 0.908501 -0.269695
0.875595 -0.241908 0.908397 -0.269554
0.875529 -0.241757 0.908294 -0.269414
0.875463 -0.241606 0.908190 -0.269273
0.875398 -0.241455 0.908087 -0.269131
0.875332 -0.241304 0.907984 -0.268990
0.875267 -0.241152 0.907880 -0.268848
0.875201 -0.241001 0.907777 -0.268707
0.875136 -0.240849 0.907674 -0.268565
0.875071 -0.240697 0.907570 -0.268423
0.875005 -0.240546 0.907467 -0.268280
0.874940 -0.240393 0.907364 -0.268138
0.874875 -0.240241 0.907261 -0.267995
0.874810 -0.240089 0.907158 -0.267852
0.874745 -0.239936 0.907055 -0.267709
0.874680 -0.239784 0.906952 -0.267565
0.874615 -0.239631 0.906849 -0.267422
0.874551 -0.239478 0.906746 -0.267278
0.874486 -0.239325 0.906643 -0.267134
0.874421 -0.239172 0.906541 -0.266990
0.874357 -0.239019 0.906438 -0.266846
0.874292 -0.238865 0.906335 -0.266701
0.874228 -0.238712 0.906233 -0.266557
0.874163 -0.238558 0.906130 -0.266412
0.874099 -0.238404 0.906027 -0.266267
0.874035 -0.238251 0.905925 -0.266121
0.873971 -0.238096 0.905823 -0.265976
0.873906 -0.237942 0.905720 -0.265830
0.873842 -0.237788 0.905618 -0.265684
0.873778 -0.237633 0.905515 -0.265538
0.873714 -0.237479 0.905413 -0.265392
0.873651 -0.237324 0.905311 -0.265246
0.873587 -0.237169 0.905209 -0.265099
0.873523 -0.237014 0.905107 -0.264952
0.873459 -0.236859 0.905005 -0.264805
0.873396 -0.236704 0.904903 -0.264658
0.873332 -0.236548 0.904801 -0.264511
0.873269 -0.236393 0.904699 -0.264363
0.873205 -0.236237 0.904597 -0.264215
0.873142 -0.236081 0.904495 -0.264067
0.873079 -0.235925 0.904393 -0.263919
0.873016 -0.235769 0.904292 -0.263771
0.872953 -0.235613 0.904190 -0.263622
0.872889 -0.235457 0.904088 -0.263473
0.872826 -0.235300 0.903987 -0.263324
0.872764 -0.235144 0.903885 -0.263175
0.872701 -0.234987 0.903784 -0.263026
0.872638 -0.234830 0.903682 -0.262876
0.872575 -0.234673 0.903581 -0.262726
0.872512 -0.234516 0.903480 -0.262576
0.872450 -0.234358 0.903378 -0.262426
0.872387 -0.234201 0.903277 -0.262276
0.872325 -0.234043 0.903176 -0.262125
0.872262 -0.233886 0.903075 -0.261975
0.872200 -0.233728 0.902974 -0.261824
0.872138 -0.233570 0.902873 -0.261673
0.872076 -0.233412 0.902772 -0.261521
0.872014 -0.233254 0.902671 -0.261370
0.871951 -0.233095 0.902570 -0.261218
0.871889 -0.232937 0.902469 -0.261066
0.871827 -0.232778 0.902368 -0.260914
0.871766 -0.232620 0.902268 -0.260762
0.871704 -0.232461 0.902167 -0.260609
0.871642 -0.232302 0.902066 -0.260457
0.871580 -0.232143 0.901966 -0.260304
0.871519 -0.231983 0.901865 -0.260151
0.871457 -0.231824 0.901765 -0.259997
0.871396 -0.231664 0.901664 -0.259844
0.871334 -0.231505 0.901564 -0.259690
0.871273 -0.231345 0.901464 -0.259536
0.871212 -0.231185 0.901364 -0.259382
0.871150 -0.231025 0.901263 -0.259228
0.871089 -0.230865 0.901163 -0.259074
0.871028 -0.230705 0.901063 -0.258919
0.870967 -0.230544 0.900963 -0.258764
0.870906 -0.230383 0.900863 -0.258609
0.870845 -0.230223 0.900763 -0.258454
0.870784 -0.230062 0.900663 -0.258299
0.870724 -0.229901 0.900563 -0.258143
0.870663 -0.229740 0.900463 -0.257987
0.870602 -0.229579 0.900364 -0.257832
0.870542 -0.229417 0.900264 -0.257675
0.870481 -0.229256 0.900164 -0.257519
0.870421 -0.229094 0.900065 -0.257362
0.870360 -0.228932 0.899965 -0.257206
0.870300 -0.228771 0.899866 -0.257049
0.870240 -0.228609 0.899766 -0.256892
0.870180 -0.228446 0.899667 -0.256734
0.870120 -0.228284 0.899568 -0.256577
0.870060 -0.228122 0.899468 -0.256419
0.870000 -0.227959 0.899369 -0.256261
0.869940 -0.227797 0.899270 -0.256103
0.869880 -0.227634 0.899171 -0.255945
0.869820 -0.227471 0.899072 -0.255786
0.869760 -0.227308 0.898973 -0.255628
0.869701 -0.227145 0.898874 -0.255469
0.869641 -0.226981 0.898775 -0.255310
0.869582 -0.226818 0.898676 -0.255151
0.869522 -0.226654 0.898577 -0.254991
0.869463 -0.226491 0.898479 -0.254831
0.869404 -0.226327 0.898380 -0.254672
0.869344 -0.226163 0.898281 -0.254512
0.869285 -0.225999 0.898183 -0.254351
0.869226 -0.225834 0.898084 -0.254191
0.869167 -0.225670 0.897986 -0.254030
0.869108 -0.225506 0.897887 -0.253870
0.869049 -0.225341 0.897789 -0.253709
0.868990 -0.225176 0.897691 -0.253547
0.868931 -0.225011 0.897592 -0.253386
0.868873 -0.224846 0.897494 -0.253225
0.868814 -0.224681 0.897396 -0.253063
0.868755 -0.224516 0.897298 -0.252901
0.868697 -0.224351 0.897200 -0.252739
0.868638 -0.224185 0.897102 -0.252576
0.868580 -0.224020 0.897004 -0.252414
0.868522 -0.223854 0.896906 -0.252251
0.868463 -0.223688 0.896808 -0.252088
0.868405 -0.223522 0.896710 -0.251925
0.868347 -0.223356 0.896613 -0.251762
0.868289 -0.223190 0.896515 -0.251598
0.868231 -0.223023 0.896417 -0.251435
0.868173 -0.222857 0.896320 -0.251271
0.868115 -0.222690 0.896222 -0.251107
0.868057 -0.222523 0.896125 -0.250943
0.868000 -0.222356 0.896028 -0.250778
0.867942 -0.222189 0.895930 -0.250614
0.867884 -0.222022 0.895833 -0.250449
0.867827 -0.221855 0.895736 -0.250284
0.867769 -0.221687 0.895639 -0.250118
0.867712 -0.221520 0.895542 -0.249953
0.867654 -0.221352 0.895445 -0.249788
0.867597 -0.221184 0.895348 -0.249622
0.867540 -0.221016 0.895251 -0.249456
0.867483 -0.220848 0.895154 -0.249290
0.867426 -0.220680 0.895057 -0.249123
0.867369 -0.220512 0.894960 -0.248957
0.867312 -0.220344 0.894864 -0.248790
0.867255 -0.220175 0.894767 -0.248623
0.867198 -0.220006 0.894670 -0.248456
0.867141 -0.219837 0.894574 -0.248289
0.867085 -0.219669 0.894477 -0.248121
0.867028 -0.219499 0.894381 -0.247953
0.866971 -0.219330 0.894285 -0.247786
0.866915 -0.219161 0.894188 -0.247618
0.866858 -0.218992 0.894092 -0.247449
0.866802 -0.218822 0.893996 -0.247281
0.866746 -0.218652 0.893900 -0.247112
0.866689 -0.218482 0.893804 -0.246943
0.866633 -0.218313 0.893708 -0.246774
0.866577 -0.218142 0.893612 -0.246605
0.866521 -0.217972 0.893516 -0.246436
0.866465 -0.217802 0.893420 -0.246266
0.866409 -0.217631 0.893324 -0.246096
0.866353 -0.217461 0.893229 -0.245926
0.866298 -0.217290 0.893133 -0.245756
0.866242 -0.217119 0.893037 -0.245586
0.866186 -0.216948 0.892942 -0.245415
0.866131 -0.216777 0.892846 -0.245245
0.866075 -0.216606 0.892751 -0.245074
0.866020 -0.216435 0.892656 -0.244903
0.865964 -0.216263 0.892560 -0.244731
0.865909 -0.216092 0.892465 -0.244560
0.865854 -0.215920 0.892370 -0.244388
0.865798 -0.215748 0.892275 -0.244216
0.865743 -0.215576 0.892180 -0.244044
0.865688 -0.215404 0.892085 -0.243872
0.865633 -0.215232 0.891990 -0.243700
0.865578 -0.215060 0.891895 -0.243527
0.865523 -0.214887 0.891800 -0.243354
0.865469 -0.214715 0.891705 -0.243181
0.865414 -0.214542 0.891611 -0.243008
0.865359 -0.214369 0.891516 -0.242834
0.865305 -0.214196 0.891421 -0.242661
0.865250 -0.214023 0.891327 -0.242487
0.865196 -0.213850 0.891232 -0.242313
0.865141 -0.213677 0.891138 -0.242139
0.865087 -0.213504 0.891044 -0.241965
0.865032 -0.213330 0.890949 -0.241790
0.864978 -0.213156 0.890855 -0.241616
0.864924 -0.212982 0.890761 -0.241441
0.864870 -0.212809 0.890667 -0.241266
0.864816 -0.212635 0.890573 -0.241090
0.864762 -0.212460 0.890479 -0.240915
0.864708 -0.212286 0.890385 -0.240739
0.864654 -0.212112 0.890291 -0.240563
0.864600 -0.211937 0.890197 -0.240387
0.864547 -0.211762 0.890104 -0.240211
0.864493 -0.211588 0.890010 -0.240035
0.864440 -0.211413 0.889916 -0.239858
0.864386 -0.211238 0.889823 -0.239681
0.864333 -0.211063 0.889729 -0.239504
0.864279 -0.210887 0.889636 -0.239327
0.864226 -0.210712 0.889543 -0.239150
0.864173 -0.210536 0.889449 -0.238972
0.864119 -0.210361 0.889356 -0.238795
0.864066 -0.210185 0.889263 -0.238617
0.864013 -0.210009 0.889170 -0.238439
0.863960 -0.209833 0.889077 -0.238260
0.863907 -0.209657 0.888984 -0.238082
0.863854 -0.209481 0.888891 -0.237903
0.863802 -0.209305 0.888798 -0.237724
0.863749 -0.209128 0.888705 -0.237545
0.863696 -0.208951 0.888612 -0.237366
0.863644 -0.208775 0.888520 -0.237187
0.863591 -0.208598 0.888427 -0.237007
0.863539 -0.208421 0.888335 -0.236827
0.863486 -0.208244 0.888242 -0.236648
0.863434 -0.208067 0.888150 -0.236467
0.863382 -0.207889 0.888057 -0.236287
0.863329 -0.207712 0.887965 -0.236107
0.863277 -0.207534 0.887873 -0.235926
0.863225 -0.207357 0.887781 -0.235745
0.863173 -0.207179 0.887688 -0.235564
0.863121 -0.207001 0.887596 -0.235383
0.863069 -0.206823 0.887504 -0.235201
0.863017 -0.206645 0.887413 -0.235019
0.862966 -0.206466 0.887321 -0.234838
0.862914 -0.206288 0.887229 -0.234656
0.862862 -0.206109 0.887137 -0.234473
0.862811 -0.205931 0.887046 -0.234291
0.862759 -0.205752 0.886954 -0.234109
0.862708 -0.205573 0.886862 -0.233926
0.862656 -0.205394 0.886771 -0.233743
0.862605 -0.205215 0.886680 -0.233560
0.862554 -0.205036 0.886588 -0.233376
0.862503 -0.204856 0.886497 -0.233193
0.862451 -0.204677 0.886406 -0.233009
0.862400 -0.204497 0.886315 -0.232825
0.862349 -0.204317 0.886224 -0.232641
0.862298 -0.204138 0.886133 -0.232457
0.862248 -0.203958 0.886042 -0.232273
0.862197 -0.203778 0.885951 -0.232088
0.862146 -0.203597 0.885860 -0.231903
0.862095 -0.203417 0.885769 -0.231718
0.862045 -0.203237 0.885678 -0.231533
0.861994 -0.203056 0.885588 -0.231348
0.861944 -0.202875 0.885497 -0.231162
0.861893 -0.202695 0.885407 -0.230977
0.861843 -0.202514 0.885316 -0.230791
0.861793 -0.202333 0.885226 -0.230605
0.861742 -0.202152 0.885136 -0.230418
0.861692 -0.201970 0.885046 -0.230232
0.861642 -0.201789 0.884955 -0.230045
0.861592 -0.201607 0.884865 -0.229858
0.861542 -0.201426 0.884775 -0.229671
0.861492 -0.201244 0.884685 -0.229484
0.861442 -0.201062 0.884595 -0.229297
0.861393 -0.200880 0.884506 -0.229109
0.861343 -0.200698 0.884416 -0.228922
0.861293 -0.200516 0.884326 -0.228734
0.861244 -0.200334 0.884237 -0.228545
0.861194 -0.200151 0.884147 -0.228357
0.861145 -0.199969 0.884058 -0.228169
0.861095 -0.199786 0.883968 -0.227980
0.861046 -0.199603 0.883879 -0.227791
0.860997 -0.199420 0.883789 -0.227602
0.860948 -0.199237 0.883700 -0.227413
0.860898 -0.199054 0.883611 -0.227224
0.860849 -0.198871 0.883522 -0.227034
0.860800 -0.198687 0.883433 -0.226844
0.860751 -0.198504 0.883344 -0.226654
0.860702 -0.198320 0.883255 -0.226464
0.860654 -0.198137 0.883166 -0.226274
0.860605 -0.197953 0.883078 -0.226083
0.860556 -0.197769 0.882989 -0.225893
0.860508 -0.197585 0.882900 -0.225702
0.860459 -0.197401 0.882812 -0.225511
0.860411 -0.197216 0.882723 -0.225320
0.860362 -0.197032 0.882635 -0.225128
0.860314 -0.196847 0.882547 -0.224937
0.860265 -0.196663 0.882458 -0.224745
0.860217 -0.196478 0.882370 -0.224553
0.860169 -0.196293 0.882282 -0.224361
0.860121 -0.196108 0.882194 -0.224169
0.860073 -0.195923 0.882106 -0.223976
0.860025 -0.195738 0.882018 -0.223783
0.859977 -0.195552 0.881930 -0.223591
0.859929 -0.195367 0.881842 -0.223398
0.859881 -0.195181 0.881755 -0.223204
0.859833 -0.194996 0.881667 -0.223011
0.859786 -0.194810 0.881580 -0.222817
0.859738 -0.194624 0.881492 -0.222624
0.859691 -0.194438 0.881405 -0.222430
0.859643 -0.194252 0.881317 -0.222236
0.859596 -0.194066 0.881230 -0.222041
0.859548 -0.193879 0.881143 -0.221847
0.859501 -0.193693 0.881056 -0.221652
0.859454 -0.193506 0.880969 -0.221457
0.859407 -0.193319 0.880882 -0.221262
0.859360 -0.193133 0.880795 -0.221067
0.859313 -0.192946 0.880708 -0.220872
0.859266 -0.192759 0.880621 -0.220676
0.859219 -0.192571 0.880534 -0.220480
0.859172 -0.192384 0.880448 -0.220285
0.859125 -0.192197 0.880361 -0.220088
0.859078 -0.192009 0.880274 -0.219892
0.859032 -0.191822 0.880188 -0.219696
0.858985 -0.191634 0.880102 -0.219499
0.858938 -0.191446 0.880015 -0.219302
0.858892 -0.191258 0.879929 -0.219105
0.858846 -0.191070 0.879843 -0.218908
0.858799 -0.190882 0.879757 -0.218711
0.858753 -0.190694 0.879671 -0.218513
0.858707 -0.190505 0.879585 -0.218316
0.858661 -0.190317 0.879499 -0.218118
0.858615 -0.190128 0.879413 -0.217920
0.858568 -0.189939 0.879327 -0.217721
0.858523 -0.189751 0.879242 -0.217523
0.858477 -0.189562 0.879156 -0.217324
0.858431 -0.189373 0.879071 -0.217126
0.858385 -0.189183 0.878985 -0.216927
0.858339 -0.188994 0.878900 -0.216727
0.858294 -0.188805 0.878815 -0.216528
0.858248 -0.188615 0.878729 -0.216329
0.858202 -0.188425 0.878644 -0.216129
0.858157 -0.188236 0.878559 -0.215929
0.858112 -0.188046 0.878474 -0.215729
0.858066 -0.187856 0.878389 -0.215529
0.858021 -0.187666 0.878304 -0.215329
0.857976 -0.187476 0.878220 -0.215128
0.857931 -0.187285 0.878135 -0.214927
0.857886 -0.187095 0.878050 -0.214726
0.857841 -0.186904 0.877966 -0.214525
0.857796 -0.186714 0.877881 -0.214324
0.857751 -0.186523 0.877797 -0.214123
0.857706 -0.186332 0.877712 -0.213921
0.857661 -0.186141 0.877628 -0.213719
0.857616 -0.185950 0.877544 -0.213517
0.857572 -0.185759 0.877460 -0.213315
0.857527 -0.185568 0.877376 -0.213113
0.857483 -0.185376 0.877292 -0.212910
0.857438 -0.185185 0.877208 -0.212708
0.857394 -0.184993 0.877124 -0.212505
0.857349 -0.184802 0.877040 -0.212302
0.857305 -0.184610 0.876957 -0.212098
0.857261 -0.184418 0.876873 -0.211895
0.857217 -0.184226 0.876789 -0.211692
0.857173 -0.184034 0.876706 -0.211488
0.857129 -0.183841 0.876623 -0.211284
0.857085 -0.183649 0.876539 -0.211080
0.857041 -0.183456 0.876456 -0.210876
0.856997 -0.183264 0.876373 -0.210671
0.856953 -0.183071 0.876290 -0.210467
0.856909 -0.182878 0.876207 -0.210262
0.856866 -0.182685 0.876124 -0.210057
0.856822 -0.182492 0.876041 -0.209852
0.856779 -0.182299 0.875958 -0.209646
0.856735 -0.182106 0.875875 -0.209441
0.856692 -0.181913 0.875793 -0.209235
0.856648 -0.181719 0.875710 -0.209029
0.856605 -0.181526 0.875628 -0.208823
0.856562 -0.181332 0.875545 -0.208617
0.856519 -0.181138 0.875463 -0.208411
0.856476 -0.180944 0.875381 -0.208204
0.856433 -0.180750 0.875299 -0.207998
0.856390 -0.180556 0.875216 -0.207791
0.856347 -0.180362 0.875134 -0.207584
0.856304 -0.180168 0.875053 -0.207377
0.856261 -0.179973 0.874971 -0.207169
0.856218 -0.179779 0.874889 -0.206962
0.856176 -0.179584 0.874807 -0.206754
0.856133 -0.179389 0.874725 -0.206546
0.856091 -0.179194 0.874644 -0.206338
0.856048 -0.178999 0.874562 -0.206130
0.856006 -0.178804 0.874481 -0.205921
0.855963 -0.178609 0.874400 -0.205713
0.855921 -0.178414 0.874318 -0.205504
0.855879 -0.178218 0.874237 -0.205295
0.855837 -0.178023 0.874156 -0.205086
0.855795 -0.177827 0.874075 -0.204877
0.855753 -0.177632 0.873994 -0.204667
0.855711 -0.177436 0.873913 -0.204458
0.855669 -0.177240 0.873832 -0.204248
0.855627 -0.177044 0.873752 -0.204038
0.855585 -0.176848 0.873671 -0.203828
0.855543 -0.176652 0.873590 -0.203617
0.855502 -0.176455 0.873510 -0.203407
0.855460 -0.176259 0.873430 -0.203196
0.855419 -0.176062 0.873349 -0.202985
0.855377 -0.175866 0.873269 -0.202774
0.855336 -0.175669 0.873189 -0.202563
0.855294 -0.175472 0.873109 -0.202352
0.855253 -0.175275 0.873029 -0.202140
0.855212 -0.175078 0.872949 -0.201929
0.855171 -0.174881 0.872869 -0.201717
0.855130 -0.174683 0.872789 -0.201505
0.855088 -0.174486 0.872709 -0.201293
0.855047 -0.174289 0.872630 -0.201080
0.855007 -0.174091 0.872550 -0.200868
0.854966 -0.173893 0.872471 -0.200655
0.854925 -0.173696 0.872391 -0.200442
0.854884 -0.173498 0.872312 -0.200229
0.854843 -0.173300 0.872233 -0.200016
0.854803 -0.173101 0.872154 -0.199803
0.854762 -0.172903 0.872075 -0.199589
0.854722 -0.172705 0.871996 -0.199375
0.854681 -0.172507 0.871917 -0.199162
0.854641 -0.172308 0.871838 -0.198948
0.854601 -0.172109 0.871759 -0.198733
0.854560 -0.171911 0.871680 -0.198519
0.854520 -0.171712 0.871602 -0.198304
0.854480 -0.171513 0.871523 -0.198090
0.854440 -0.171314 0.871445 -0.197875
0.854400 -0.171115 0.871366 -0.197660
0.854360 -0.170915 0.871288 -0.197444
0.854320 -0.170716 0.871210 -0.197229
0.854280 -0.170517 0.871132 -0.197014
0.854241 -0.170317 0.871054 -0.196798
0.854201 -0.170117 0.870976 -0.196582
0.854161 -0.169918 0.870898 -0.196366
0.854122 -0.169718 0.870820 -0.196150
0.854082 -0.169518 0.870742 -0.195933
0.854043 -0.169318 0.870665 -0.195717
0.854003 -0.169118 0.870587 -0.195500
0.853964 -0.168917 0.870510 -0.195283
0.853925 -0.168717 0.870432 -0.195066
0.853885 -0.168517 0.870355 -0.194849
0.853846 -0.168316 0.870278 -0.194631
0.853807 -0.168115 0.870201 -0.194414
0.853768 -0.167915 0.870124 -0.194196
0.853729 -0.167714 0.870047 -0.193978
0.853690 -0.167513 0.869970 -0.193760
0.853651 -0.167312 0.869893 -0.193542
0.853613 -0.167111 0.869816 -0.193324
0.853574 -0.166909 0.869740 -0.193105
0.853535 -0.166708 0.869663 -0.192886
0.853496 -0.166506 0.869586 -0.192668
0.853458 -0.166305 0.869510 -0.192449
0.853419 -0.166103 0.869434 -0.192229
0.853381 -0.165902 0.869357 -0.192010
0.853343 -0.165700 0.869281 -0.191790
0.853304 -0.165498 0.869205 -0.191571
0.853266 -0.165296 0.869129 -0.191351
0.853228 -0.165093 0.869053 -0.191131
0.853190 -0.164891 0.868977 -0.190911
0.853152 -0.164689 0.868902 -0.190690
0.853114 -0.164486 0.868826 -0.190470
0.853076 -0.164284 0.868750 -0.190249
0.853038 -0.164081 0.868675 -0.190028
0.853000 -0.163878 0.868600 -0.189807
0.852962 -0.163676 0.868524 -0.189586
0.852925 -0.163473 0.868449 -0.189365
0.852887 -0.163270 0.868374 -0.189143
0.852849 -0.163066 0.868299 -0.188922
0.852812 -0.162863 0.868224 -0.188700
0.852774 -0.162660 0.868149 -0.188478
0.852737 -0.162456 0.868074 -0.188256
0.852700 -0.162253 0.867999 -0.188033
0.852662 -0.162049 0.867924 -0.187811
0.852625 -0.161845 0.867850 -0.187588
0.852588 -0.161642 0.867775 -0.187366
0.852551 -0.161438 0.867701 -0.187143
0.852514 -0.161234 0.867627 -0.186920
0.852477 -0.161030 0.867552 -0.186696
0.852440 -0.160825 0.867478 -0.186473
0.852403 -0.160621 0.867404 -0.186249
0.852366 -0.160417 0.867330 -0.186026
0.852329 -0.160212 0.867256 -0.185802
0.852293 -0.160007 0.867182 -0.185578
0.852256 -0.159803 0.867109 -0.185353
0.852220 -0.159598 0.867035 -0.185129
0.852183 -0.159393 0.866961 -0.184904
0.852147 -0.159188 0.866888 -0.184680
0.852110 -0.158983 0.866814 -0.184455
0.852074 -0.158778 0.866741 -0.184230
0.852038 -0.158572 0.866668 -0.184005
0.852001 -0.158367 0.866595 -0.183779
0.851965 -0.158162 0.866522 -0.183554
0.851929 -0.157956 0.866449 -0.183328
0.851893 -0.157750 0.866376 -0.183102
0.851857 -0.157545 0.866303 -0.182876
0.851821 -0.157339 0.866230 -0.182650
0.851785 -0.157133 0.866158 -0.182424
0.851750 -0.156927 0.866085 -0.182197
0.851714 -0.156721 0.866013 -0.181971
0.851678 -0.156514 0.865940 -0.181744
0.851643 -0.156308 0.865868 -0.181517
0.851607 -0.156102 0.865796 -0.181290
0.851572 -0.155895 0.865724 -0.181063
0.851536 -0.155689 0.865652 -0.180835
0.851501 -0.155482 0.865580 -0.180608
0.851465 -0.155275 0.865508 -0.180380
0.851430 -0.155068 0.865436 -0.180152
0.851395 -0.154861 0.865364 -0.179924
0.851360 -0.154654 0.865293 -0.179696
0.851325 -0.154447 0.865221 -0.179468
0.851290 -0.154240 0.865150 -0.179239
0.851255 -0.154032 0.865078 -0.179010
0.851220 -0.153825 0.865007 -0.178782
0.851185 -0.153617 0.864936 -0.178553
0.851150 -0.153410 0.864865 -0.178323
0.851115 -0.153202 0.864794 -0.178094
0.851081 -0.152994 0.864723 -0.177865
0.851046 -0.152786 0.864652 -0.177635
0.851012 -0.152578 0.864581 -0.177405
0.850977 -0.152370 0.864511 -0.177176
0.850943 -0.152162 0.864440 -0.176945
0.850908 -0.151954 0.864370 -0.176715
0.850874 -0.151745 0.864299 -0.176485
0.850840 -0.151537 0.864229 -0.176254
0.850806 -0.151328 0.864159 -0.176024
0.850771 -0.151119 0.864089 -0.175793
0.850737 -0.150911 0.864019 -0.175562
0.850703 -0.150702 0.863949 -0.175331
0.850669 -0.150493 0.863879 -0.175099
0.850636 -0.150284 0.863809 -0.174868
0.850602 -0.150075 0.863739 -0.174636
0.850568 -0.149866 0.863670 -0.174405
0.850534 -0.149656 0.863600 -0.174173
0.850500 -0.149447 0.863531 -0.173941
0.850467 -0.149237 0.863461 -0.173709
0.850433 -0.149028 0.863392 -0.173476
0.850400 -0.148818 0.863323 -0.173244
0.850366 -0.148608 0.863254 -0.173011
0.850333 -0.148399 0.863185 -0.172778
0.850300 -0.148189 0.863116 -0.172545
0.850266 -0.147979 0.863047 -0.172312
0.850233 -0.147769 0.862979 -0.172079
0.850200 -0.147558 0.862910 -0.171845
0.850167 -0.147348 0.862842 -0.171612
0.850134 -0.147138 0.862773 -0.171378
0.850101 -0.146927 0.862705 -0.171144
0.850068 -0.146717 0.862636 -0.170910
0.850035 -0.146506 0.862568 -0.170676
0.850003 -0.146295 0.862500 -0.170442
0.849970 -0.146085 0.862432 -0.170207
0.849937 -0.145874 0.862364 -0.169973
0.849905 -0.145663 0.862297 -0.169738
0.849872 -0.145452 0.862229 -0.169503
0.849839 -0.145240 0.862161 -0.169268
0.849807 -0.145029 0.862094 -0.169033
0.849775 -0.144818 0.862026 -0.168797
0.849742 -0.144606 0.861959 -0.168562
0.849710 -0.144395 0.861892 -0.168326
0.849678 -0.144183 0.861824 -0.168090
0.849646 -0.143971 0.861757 -0.167854
0.849614 -0.143760 0.861690 -0.167618
0.849582 -0.143548 0.861623 -0.167382
0.849550 -0.143336 0.861557 -0.167146
0.849518 -0.143124 0.861490 -0.166909
0.849486 -0.142912 0.861423 -0.166672
0.849454 -0.142699 0.861357 -0.166435
0.849422 -0.142487 0.861290 -0.166198
0.849391 -0.142275 0.861224 -0.165961
0.849359 -0.142062 0.861158 -0.165724
0.849327 -0.141850 0.861091 -0.165487
0.849296 -0.141637 0.861025 -0.165249
0.849264 -0.141424 0.860959 -0.165011
0.849233 -0.141211 0.860893 -0.164773
0.849202 -0.140998 0.860828 -0.164535
0.849170 -0.140785 0.860762 -0.164297
0.849139 -0.140572 0.860696 -0.164059
0.849108 -0.140359 0.860631 -0.163820
0.849077 -0.140146 0.860565 -0.163582
0.849046 -0.139932 0.860500 -0.163343
0.849015 -0.139719 0.860435 -0.163104
0.848984 -0.139506 0.860369 -0.162865
0.848953 -0.139292 0.860304 -0.162626
0.848922 -0.139078 0.860239 -0.162387
0.848891 -0.138864 0.860174 -0.162147
0.848861 -0.138651 0.860110 -0.161908
0.848830 -0.138437 0.860045 -0.161668
0.848799 -0.138223 0.859980 -0.161428
0.848769 -0.138008 0.859916 -0.161188
0.848738 -0.137794 0.859851 -0.160948
0.848708 -0.137580 0.859787 -0.160707
0.848678 -0.137366 0.859723 -0.160467
0.848647 -0.137151 0.859659 -0.160226
0.848617 -0.136937 0.859594 -0.159985
0.848587 -0.136722 0.859531 -0.159744
0.848557 -0.136507 0.859467 -0.159503
0.848527 -0.136293 0.859403 -0.159262
0.848497 -0.136078 0.859339 -0.159021
0.848467 -0.135863 0.859276 -0.158779
0.848437 -0.135648 0.859212 -0.158538
0.848407 -0.135433 0.859149 -0.158296
0.848377 -0.135217 0.859085 -0.158054
0.848347 -0.135002 0.859022 -0.157812
0.848318 -0.134787 0.858959 -0.157570
0.848288 -0.134571 0.858896 -0.157328
0.848259 -0.134356 0.858833 -0.157085
0.848229 -0.134140 0.858770 -0.156842
0.848200 -0.133924 0.858707 -0.156600
0.848170 -0.133709 0.858645 -0.156357
0.848141 -0.133493 0.858582 -0.156114
0.848112 -0.133277 0.858520 -0.155871
0.848082 -0.133061 0.858457 -0.155627
0.848053 -0.132845 0.858395 -0.155384
0.848024 -0.132628 0.858333 -0.155140
0.847995 -0.132412 0.858271 -0.154897
0.847966 -0.132196 0.858209 -0.154653
0.847937 -0.131979 0.858147 -0.154409
0.847908 -0.131763 0.858085 -0.154165
0.847879 -0.131546 0.858023 -0.153920
0.847851 -0.131330 0.857962 -0.153676
0.847822 -0.131113 0.857900 -0.153431
0.847793 -0.130896 0.857839 -0.153187
0.847765 -0.130679 0.857777 -0.152942
0.847736 -0.130462 0.857716 -0.152697
0.847708 -0.130245 0.857655 -0.152452
0.847679 -0.130028 0.857594 -0.152206
0.847651 -0.129811 0.857533 -0.151961
0.847623 -0.129593 0.857472 -0.151715
0.847594 -0.129376 0.857411 -0.151470
0.847566 -0.129158 0.857351 -0.151224
0.847538 -0.128941 0.857290 -0.150978
0.847510 -0.128723 0.857230 -0.150732
0.847482 -0.128506 0.857169 -0.150486
0.847454 -0.128288 0.857109 -0.150239
0.847426 -0.128070 0.857049 -0.149993
0.847398 -0.127852 0.856989 -0.149746
0.847370 -0.127634 0.856929 -0.149500
0.847342 -0.127416 0.856869 -0.149253
0.847315 -0.127198 0.856809 -0.149006
0.847287 -0.126979 0.856749 -0.148759
0.847260 -0.126761 0.856690 -0.148511
0.847232 -0.126543 0.856630 -0.148264
0.847204 -0.126324 0.856571 -0.148016
0.847177 -0.126105 0.856511 -0.147769
0.847150 -0.125887 0.856452 -0.147521
0.847122 -0.125668 0.856393 -0.147273
0.847095 -0.125449 0.856334 -0.147025
0.847068 -0.125230 0.856275 -0.146777
0.847041 -0.125011 0.856216 -0.146528
0.847014 -0.124792 0.856157 -0.146280
0.846987 -0.124573 0.856099 -0.146031
0.846960 -0.124354 0.856040 -0.145782
0.846933 -0.124135 0.855982 -0.145534
0.846906 -0.123915 0.855923 -0.145285
0.846879 -0.123696 0.855865 -0.145035
0.846852 -0.123477 0.855807 -0.144786
0.846826 -0.123257 0.855749 -0.144537
0.846799 -0.123037 0.855691 -0.144287
0.846772 -0.122818 0.855633 -0.144038
0.846746 -0.122598 0.855575 -0.143788
0.846719 -0.122378 0.855518 -0.143538
0.846693 -0.122158 0.855460 -0.143288
0.846667 -0.121938 0.855402 -0.143038
0.846640 -0.121718 0.855345 -0.142787
0.846614 -0.121498 0.855288 -0.142537
0.846588 -0.121277 0.855231 -0.142286
0.846562 -0.121057 0.855174 -0.142036
0.846536 -0.120837 0.855117 -0.141785
0.846510 -0.120616 0.855060 -0.141534
0.846484 -0.120396 0.855003 -0.141283
0.846458 -0.120175 0.854946 -0.141031
0.846432 -0.119954 0.854890 -0.140780
0.846406 -0.119733 0.854833 -0.140529
0.846380 -0.119513 0.854777 -0.140277
0.846355 -0.119292 0.854720 -0.140025
0.846329 -0.119071 0.854664 -0.139773
0.846303 -0.118850 0.854608 -0.139521
0.846278 -0.118629 0.854552 -0.139269
0.846252 -0.118407 0.854496 -0.139017
0.846227 -0.118186 0.854440 -0.138765
0.846202 -0.117965 0.854385 -0.138512
0.846176 -0.117743 0.854329 -0.138260
0.846151 -0.117522 0.854273 -0.138007
0.846126 -0.117300 0.854218 -0.137754
0.846101 -0.117078 0.854163 -0.137501
0.846076 -0.116857 0.854107 -0.137248
0.846051 -0.116635 0.854052 -0.136995
0.846026 -0.116413 0.853997 -0.136741
0.846001 -0.116191 0.853942 -0.136488
0.845976 -0.115969 0.853888 -0.136234
0.845951 -0.115747 0.853833 -0.135980
0.845926 -0.115525 0.853778 -0.135726
0.845902 -0.115303 0.853724 -0.135472
0.845877 -0.115080 0.853669 -0.135218
0.845852 -0.114858 0.853615 -0.134964
0.845828 -0.114635 0.853561 -0.134710
0.845803 -0.114413 0.853507 -0.134455
0.845779 -0.114190 0.853453 -0.134201
0.845755 -0.113968 0.853399 -0.133946
0.845730 -0.113745 0.853345 -0.133691
0.845706 -0.113522 0.853291 -0.133436
0.845682 -0.113299 0.853238 -0.133181
0.845658 -0.113076 0.853184 -0.132926
0.845633 -0.112853 0.853131 -0.132670
0.845609 -0.112630 0.853077 -0.132415
0.845585 -0.112407 0.853024 -0.132159
0.845562 -0.112184 0.852971 -0.131904
0.845538 -0.111961 0.852918 -0.131648
0.845514 -0.111737 0.852865 -0.131392
0.845490 -0.111514 0.852812 -0.131136
0.845466 -0.111290 0.852760 -0.130879
0.845443 -0.111067 0.852707 -0.130623
0.845419 -0.110843 0.852654 -0.130367
0.845395 -0.110619 0.852602 -0.130110
0.845372 -0.110396 0.852550 -0.129854
0.845348 -0.110172 0.852497 -0.129597
0.845325 -0.109948 0.852445 -0.129340
0.845302 -0.109724 0.852393 -0.129083
0.845278 -0.109500 0.852341 -0.128826
0.845255 -0.109276 0.852290 -0.128568
0.845232 -0.109052 0.852238 -0.128311
0.845209 -0.108827 0.852186 -0.128053
0.845186 -0.108603 0.852135 -0.127796
0.845163 -0.108379 0.852083 -0.127538
0.845140 -0.108154 0.852032 -0.127280
0.845117 -0.107930 0.851981 -0.127022
0.845094 -0.107705 0.851930 -0.126764
0.845071 -0.107480 0.851879 -0.126506
0.845049 -0.107256 0.851828 -0.126248
0.845026 -0.107031 0.851777 -0.125989
0.845003 -0.106806 0.851726 -0.125731
0.844981 -0.106581 0.851676 -0.125472
0.844958 -0.106356 0.851625 -0.125213
0.844936 -0.106131 0.851575 -0.124954
0.844913 -0.105906 0.851525 -0.124695
0.844891 -0.105681 0.851475 -0.124436
0.844869 -0.105456 0.851425 -0.124177
0.844846 -0.105230 0.851375 -0.123917
0.844824 -0.105005 0.851325 -0.123658
0.844802 -0.104780 0.851275 -0.123398
0.844780 -0.104554 0.851225 -0.123139
0.844758 -0.104328 0.851176 -0.122879
0.844736 -0.104103 0.851126 -0.122619
0.844714 -0.103877 0.851077 -0.122359
0.844692 -0.103651 0.851028 -0.122099
0.844670 -0.103425 0.850979 -0.121838
0.844648 -0.103200 0.850929 -0.121578
0.844627 -0.102974 0.850881 -0.121317
0.844605 -0.102748 0.850832 -0.121057
0.844583 -0.102522 0.850783 -0.120796
0.844562 -0.102295 0.850734 -0.120535
0.844540 -0.102069 0.850686 -0.120274
0.844519 -0.101843 0.850637 -0.120013
0.844497 -0.101617 0.850589 -0.119752
0.844476 -0.101390 0.850541 -0.119491
0.844455 -0.101164 0.850493 -0.119229
0.844433 -0.100937 0.850445 -0.118968
0.844412 -0.100710 0.850397 -0.118706
0.844391 -0.100484 0.850349 -0.118445
0.844370 -0.100257 0.850301 -0.118183
0.844349 -0.100030 0.850254 -0.117921
0.844328 -0.099803 0.850206 -0.117659
0.844307 -0.099577 0.850159 -0.117396
0.844286 -0.099350 0.850112 -0.117134
0.844265 -0.099123 0.850064 -0.116872
0.844245 -0.098895 0.850017 -0.116609
0.844224 -0.098668 0.849970 -0.116347
0.844203 -0.098441 0.849923 -0.116084
0.844183 -0.098214 0.849877 -0.115821
0.844162 -0.097986 0.849830 -0.115558
0.844142 -0.097759 0.849783 -0.115295
0.844121 -0.097532 0.849737 -0.115032
0.844101 -0.097304 0.849691 -0.114769
0.844080 -0.097077 0.849644 -0.114506
0.844060 -0.096849 0.849598 -0.114242
0.844040 -0.096621 0.849552 -0.113978
0.844020 -0.096393 0.849506 -0.113715
0.844000 -0.096166 0.849461 -0.113451
0.843980 -0.095938 0.849415 -0.113187
0.843960 -0.095710 0.849369 -0.112923
0.843940 -0.095482 0.849324 -0.112659
0.843920 -0.095254 0.849278 -0.112395
0.843900 -0.095026 0.849233 -0.112131
0.843880 -0.094797 0.849188 -0.111866
0.843860 -0.094569 0.849143 -0.111602
0.843841 -0.094341 0.849098 -0.111337
0.843821 -0.094112 0.849053 -0.111072
0.843801 -0.093884 0.849008 -0.110807
0.843782 -0.093656 0.848963 -0.110543
0.843762 -0.093427 0.848919 -0.110277
0.843743 -0.093198 0.848874 -0.110012
0.843723 -0.092970 0.848830 -0.109747
0.843704 -0.092741 0.848786 -0.109482
0.843685 -0.092512 0.848742 -0.109216
0.843666 -0.092283 0.848698 -0.108951
0.843646 -0.092055 0.848654 -0.108685
0.843627 -0.091826 0.848610 -0.108419
0.843608 -0.091597 0.848566 -0.108154
0.843589 -0.091368 0.848523 -0.107888
0.843570 -0.091138 0.848479 -0.107622
0.843551 -0.090909 0.848436 -0.107355
0.843532 -0.090680 0.848392 -0.107089
0.843514 -0.090451 0.848349 -0.106823
0.843495 -0.090221 0.848306 -0.106556
0.843476 -0.089992 0.848263 -0.106290
0.843457 -0.089763 0.848220 -0.106023
0.843439 -0.089533 0.848178 -0.105756
0.843420 -0.089303 0.848135 -0.105489
0.843402 -0.089074 0.848092 -0.105223
0.843383 -0.088844 0.848050 -0.104955
0.843365 -0.088614 0.848008 -0.104688
0.843347 -0.088385 0.847965 -0.104421
0.843328 -0.088155 0.847923 -0.104154
0.843310 -0.087925 0.847881 -0.103886
0.843292 -0.087695 0.847839 -0.103619
0.843274 -0.087465 0.847798 -0.103351
0.843256 -0.087235 0.847756 -0.103083
0.843238 -0.087005 0.847714 -0.102816
0.843220 -0.086775 0.847673 -0.102548
0.843202 -0.086544 0.847631 -0.102280
0.843184 -0.086314 0.847590 -0.102011
0.843166 -0.086084 0.847549 -0.101743
0.843148 -0.085853 0.847508 -0.101475
0.843131 -0.085623 0.847467 -0.101207
0.843113 -0.085392 0.847426 -0.100938
0.843095 -0.085162 0.847385 -0.100669
0.843078 -0.084931 0.847345 -0.100401
0.843060 -0.084701 0.847304 -0.100132
0.843043 -0.084470 0.847264 -0.099863
0.843025 -0.084239 0.847224 -0.099594
0.843008 -0.084008 0.847183 -0.099325
0.842991 -0.083777 0.847143 -0.099056
0.842973 -0.083546 0.847103 -0.098787
0.842956 -0.083315 0.847063 -0.098517
0.842939 -0.083084 0.847024 -0.098248
0.842922 -0.082853 0.846984 -0.097978
0.842905 -0.082622 0.846945 -0.097709
0.842888 -0.082391 0.846905 -0.097439
0.842871 -0.082160 0.846866 -0.097169
0.842854 -0.081929 0.846827 -0.096899
0.842837 -0.081697 0.846787 -0.096629
0.842820 -0.081466 0.846748 -0.096359
0.842804 -0.081234 0.846710 -0.096089
0.842787 -0.081003 0.846671 -0.095819
0.842770 -0.080771 0.846632 -0.095548
0.842754 -0.080540 0.846594 -0.095278
0.842737 -0.080308 0.846555 -0.095007
0.842721 -0.080076 0.846517 -0.094737
0.842704 -0.079845 0.846478 -0.094466
0.842688 -0.079613 0.846440 -0.094195
0.842672 -0.079381 0.846402 -0.093924
0.842655 -0.079149 0.846364 -0.093653
0.842639 -0.078917 0.846327 -0.093382
0.842623 -0.078685 0.846289 -0.093111
0.842607 -0.078453 0.846251 -0.092840
0.842591 -0.078221 0.846214 -0.092569
0.842575 -0.077989 0.846176 -0.092297
0.842559 -0.077757 0.846139 -0.092026
0.842543 -0.077524 0.846102 -0.091754
0.842527 -0.077292 0.846065 -0.091482
0.842511 -0.077060 0.846028 -0.091211
0.842495 -0.076827 0.845991 -0.090939
0.842480 -0.076595 0.845954 -0.090667
0.842464 -0.076363 0.845918 -0.090395
0.842448 -0.076130 0.845881 -0.090123
0.842433 -0.075897 0.845845 -0.089851
0.842417 -0.075665 0.845809 -0.089578
0.842402 -0.075432 0.845772 -0.089306
0.842387 -0.075199 0.845736 -0.089033
0.842371 -0.074967 0.845700 -0.088761
0.842356 -0.074734 0.845665 -0.088488
0.842341 -0.074501 0.845629 -0.088216
0.842325 -0.074268 0.845593 -0.087943
0.842310 -0.074035 0.845558 -0.087670
0.842295 -0.073802 0.845522 -0.087397
0.842280 -0.073569 0.845487 -0.087124
0.842265 -0.073336 0.845452 -0.086851
0.842250 -0.073103 0.845417 -0.086578
0.842235 -0.072870 0.845382 -0.086304
0.842220 -0.072636 0.845347 -0.086031
0.842206 -0.072403 0.845312 -0.085758
0.842191 -0.072170 0.845278 -0.085484
0.842176 -0.071936 0.845243 -0.085210
0.842162 -0.071703 0.845209 -0.084937
0.842147 -0.071470 0.845174 -0.084663
0.842133 -0.071236 0.845140 -0.084389
0.842118 -0.071002 0.845106 -0.084115
0.842104 -0.070769 0.845072 -0.083841
0.842089 -0.070535 0.845038 -0.083567
0.842075 -0.070302 0.845004 -0.083293
0.842061 -0.070068 0.844971 -0.083019
0.842046 -0.069834 0.844937 -0.082744
0.842032 -0.069600 0.844904 -0.082470
0.842018 -0.069366 0.844870 -0.082195
0.842004 -0.069132 0.844837 -0.081921
0.841990 -0.068899 0.844804 -0.081646
0.841976 -0.068665 0.844771 -0.081372
0.841962 -0.068430 0.844738 -0.081097
0.841948 -0.068196 0.844706 -0.080822
0.841934 -0.067962 0.844673 -0.080547
0.841921 -0.067728 0.844640 -0.080272
0.841907 -0.067494 0.844608 -0.079997
0.841893 -0.067260 0.844576 -0.079722
0.841879 -0.067025 0.844543 -0.079446
0.841866 -0.066791 0.844511 -0.079171
0.841852 -0.066557 0.844479 -0.078896
0.841839 -0.066322 0.844447 -0.078620
0.841825 -0.066088 0.844416 -0.078345
0.841812 -0.065853 0.844384 -0.078069
0.841799 -0.065619 0.844352 -0.077793
0.841786 -0.065384 0.844321 -0.077518
0.841772 -0.065150 0.844290 -0.077242
0.841759 -0.064915 0.844258 -0.076966
0.841746 -0.064680 0.844227 -0.076690
0.841733 -0.064445 0.844196 -0.076414
0.841720 -0.064211 0.844165 -0.076138
0.841707 -0.063976 0.844135 -0.075861
0.841694 -0.063741 0.844104 -0.075585
0.841681 -0.063506 0.844074 -0.075309
0.841668 -0.063271 0.844043 -0.075032
0.841656 -0.063036 0.844013 -0.074756
0.841643 -0.062801 0.843983 -0.074479
0.841630 -0.062566 0.843952 -0.074203
0.841618 -0.062331 0.843922 -0.073926
0.841605 -0.062096 0.843893 -0.073649
0.841592 -0.061861 0.843863 -0.073372
0.841580 -0.061625 0.843833 -0.073095
0.841568 -0.061390 0.843804 -0.072818
0.841555 -0.061155 0.843774 -0.072541
0.841543 -0.060919 0.843745 -0.072264
0.841531 -0.060684 0.843716 -0.071987
0.841518 -0.060449 0.843687 -0.071710
0.841506 -0.060213 0.843658 -0.071432
0.841494 -0.059978 0.843629 -0.071155
0.841482 -0.059742 0.843600 -0.070877
0.841470 -0.059507 0.843571 -0.070600
0.841458 -0.059271 0.843543 -0.070322
0.841446 -0.059035 0.843514 -0.070045
0.841434 -0.058800 0.843486 -0.069767
0.841422 -0.058564 0.843458 -0.069489
0.841411 -0.058328 0.843430 -0.069211
0.841399 -0.058092 0.843402 -0.068933
0.841387 -0.057856 0.843374 -0.068655
0.841376 -0.057621 0.843346 -0.068377
0.841364 -0.057385 0.843319 -0.068099
0.841352 -0.057149 0.843291 -0.067821
0.841341 -0.056913 0.843264 -0.067542
0.841330 -0.056677 0.843236 -0.067264
0.841318 -0.056441 0.843209 -0.066986
0.841307 -0.056205 0.843182 -0.066707
0.841296 -0.055969 0.843155 -0.066429
0.841284 -0.055732 0.843128 -0.066150
0.841273 -0.055496 0.843102 -0.065871
0.841262 -0.055260 0.843075 -0.065593
0.841251 -0.055024 0.843049 -0.065314
0.841240 -0.054787 0.843022 -0.065035
0.841229 -0.054551 0.842996 -0.064756
0.841218 -0.054315 0.842970 -0.064477
0.841207 -0.054078 0.842944 -0.064198
0.841196 -0.053842 0.842918 -0.063919
0.841186 -0.053605 0.842892 -0.063640
0.841175 -0.053369 0.842866 -0.063361
0.841164 -0.053132 0.842841 -0.063082
0.841154 -0.052896 0.842815 -0.062802
0.841143 -0.052659 0.842790 -0.062523
0.841132 -0.052423 0.842764 -0.062243
0.841122 -0.052186 0.842739 -0.061964
0.841112 -0.051949 0.842714 -0.061684
0.841101 -0.051712 0.842689 -0.061405
0.841091 -0.051476 0.842665 -0.061125
0.841081 -0.051239 0.842640 -0.060845
0.841070 -0.051002 0.842615 -0.060565
0.841060 -0.050765 0.842591 -0.060285
0.841050 -0.050528 0.842566 -0.060006
0.841040 -0.050291 0.842542 -0.059726
0.841030 -0.050054 0.842518 -0.059446
0.841020 -0.049817 0.842494 -0.059165
0.841010 -0.049580 0.842470 -0.058885
0.841000 -0.049343 0.842446 -0.058605
0.840990 -0.049106 0.842423 -0.058325
0.840980 -0.048869 0.842399 -0.058045
0.840971 -0.048632 0.842376 -0.057764
0.840961 -0.048395 0.842352 -0.057484
0.840951 -0.048158 0.842329 -0.057203
0.840942 -0.047920 0.842306 -0.056923
0.840932 -0.047683 0.842283 -0.056642
0.840923 -0.047446 0.842260 -0.056361
0.840913 -0.047209 0.842237 -0.056081
0.840904 -0.046971 0.842215 -0.055800
0.840895 -0.046734 0.842192 -0.055519
0.840885 -0.046496 0.842170 -0.055238
0.840876 -0.046259 0.842147 -0.054957
0.840867 -0.046021 0.842125 -0.054676
0.840858 -0.045784 0.842103 -0.054395
0.840849 -0.045546 0.842081 -0.054114
0.840839 -0.045309 0.842059 -0.053833
0.840830 -0.045071 0.842038 -0.053552
0.840821 -0.044834 0.842016 -0.053271
0.840813 -0.044596 0.841994 -0.052989
0.840804 -0.044358 0.841973 -0.052708
0.840795 -0.044121 0.841952 -0.052427
0.840786 -0.043883 0.841931 -0.052145
0.840777 -0.043645 0.841910 -0.051864
0.840769 -0.043407 0.841889 -0.051582
0.840760 -0.043169 0.841868 -0.051301
0.840752 -0.042932 0.841847 -0.051019
0.840743 -0.042694 0.841826 -0.050737
0.840735 -0.042456 0.841806 -0.050456
0.840726 -0.042218 0.841786 -0.050174
0.840718 -0.041980 0.841765 -0.049892
0.840710 -0.041742 0.841745 -0.049610
0.840701 -0.041504 0.841725 -0.049328
0.840693 -0.041266 0.841705 -0.049046
0.840685 -0.041028 0.841685 -0.048764
0.840677 -0.040790 0.841666 -0.048482
0.840669 -0.040552 0.841646 -0.048200
0.840661 -0.040314 0.841627 -0.047918
0.840653 -0.040075 0.841607 -0.047636
0.840645 -0.039837 0.841588 -0.047353
0.840637 -0.039599 0.841569 -0.047071
0.840629 -0.039361 0.841550 -0.046789
0.840621 -0.039123 0.841531 -0.046506
0.840614 -0.038884 0.841512 -0.046224
0.840606 -0.038646 0.841494 -0.045942
0.840598 -0.038408 0.841475 -0.045659
0.840591 -0.038169 0.841457 -0.045376
0.840583 -0.037931 0.841439 -0.045094
0.840576 -0.037692 0.841420 -0.044811
0.840568 -0.037454 0.841402 -0.044529
0.840561 -0.037216 0.841384 -0.044246
0.840553 -0.036977 0.841366 -0.043963
0.840546 -0.036739 0.841349 -0.043680
0.840539 -0.036500 0.841331 -0.043397
0.840532 -0.036262 0.841314 -0.043114
0.840525 -0.036023 0.841296 -0.042831
0.840518 -0.035784 0.841279 -0.042548
0.840510 -0.035546 0.841262 -0.042265
0.840503 -0.035307 0.841245 -0.041982
0.840497 -0.035068 0.841228 -0.041699
0.840490 -0.034830 0.841211 -0.041416
0.840483 -0.034591 0.841194 -0.041133
0.840476 -0.034352 0.841178 -0.040850
0.840469 -0.034114 0.841161 -0.040566
0.840462 -0.033875 0.841145 -0.040283
0.840456 -0.033636 0.841129 -0.040000
0.840449 -0.033397 0.841113 -0.039716
0.840443 -0.033158 0.841096 -0.039433
0.840436 -0.032920 0.841081 -0.039150
0.840430 -0.032681 0.841065 -0.038866
0.840423 -0.032442 0.841049 -0.038583
0.840417 -0.032203 0.841034 -0.038299
0.840411 -0.031964 0.841018 -0.038015
0.840404 -0.031725 0.841003 -0.037732
0.840398 -0.031486 0.840988 -0.037448
0.840392 -0.031247 0.840973 -0.037164
0.840386 -0.031008 0.840958 -0.036881
0.840380 -0.030769 0.840943 -0.036597
0.840374 -0.030530 0.840928 -0.036313
0.840368 -0.030291 0.840913 -0.036029
0.840362 -0.030052 0.840899 -0.035745
0.840356 -0.029813 0.840885 -0.035461
0.840350 -0.029573 0.840870 -0.035177
0.840344 -0.029334 0.840856 -0.034893
0.840339 -0.029095 0.840842 -0.034609
0.840333 -0.028856 0.840828 -0.034325
0.840327 -0.028617 0.840814 -0.034041
0.840322 -0.028377 0.840801 -0.033757
0.840316 -0.028138 0.840787 -0.033473
0.840311 -0.027899 0.840774 -0.033189
0.840305 -0.027660 0.840760 -0.032904
0.840300 -0.027420 0.840747 -0.032620
0.840294 -0.027181 0.840734 -0.032336
0.840289 -0.026942 0.840721 -0.032051
0.840284 -0.026702 0.840708 -0.031767
0.840279 -0.026463 0.840695 -0.031483
0.840273 -0.026224 0.840683 -0.031198
0.840268 -0.025984 0.840670 -0.030914
0.840263 -0.025745 0.840658 -0.030629
0.840258 -0.025505 0.840645 -0.030345
0.840253 -0.025266 0.840633 -0.030060
0.840248 -0.025027 0.840621 -0.029776
0.840244 -0.024787 0.840609 -0.029491
0.840239 -0.024548 0.840597 -0.029207
0.840234 -0.024308 0.840585 -0.028922
0.840229 -0.024069 0.840574 -0.028637
0.840225 -0.023829 0.840562 -0.028353
0.840220 -0.023589 0.840551 -0.028068
0.840215 -0.023350 0.840540 -0.027783
0.840211 -0.023110 0.840529 -0.027498
0.840206 -0.022871 0.840518 -0.027214
0.840202 -0.022631 0.840507 -0.026929
0.840197 -0.022391 0.840496 -0.026644
0.840193 -0.022152 0.840485 -0.026359
0.840189 -0.021912 0.840475 -0.026074
0.840185 -0.021672 0.840464 -0.025789
0.840180 -0.021433 0.840454 -0.025504
0.840176 -0.021193 0.840444 -0.025219
0.840172 -0.020953 0.840433 -0.024934
0.840168 -0.020714 0.840423 -0.024649
0.840164 -0.020474 0.840414 -0.024364
0.840160 -0.020234 0.840404 -0.024079
0.840156 -0.019994 0.840394 -0.023794
0.840152 -0.019755 0.840385 -0.023509
0.840149 -0.019515 0.840375 -0.023224
0.840145 -0.019275 0.840366 -0.022938
0.840141 -0.019035 0.840357 -0.022653
0.840138 -0.018795 0.840348 -0.022368
0.840134 -0.018556 0.840339 -0.022083
0.840130 -0.018316 0.840330 -0.021798
0.840127 -0.018076 0.840321 -0.021512
0.840123 -0.017836 0.840313 -0.021227
0.840120 -0.017596 0.840304 -0.020942
0.840117 -0.017356 0.840296 -0.020656
0.840113 -0.017116 0.840288 -0.020371
0.840110 -0.016876 0.840279 -0.020086
0.840107 -0.016636 0.840271 -0.019800
0.840104 -0.016397 0.840264 -0.019515
0.840100 -0.016157 0.840256 -0.019229
0.840097 -0.015917 0.840248 -0.018944
0.840094 -0.015677 0.840241 -0.018658
0.840091 -0.015437 0.840233 -0.018373
0.840088 -0.015197 0.840226 -0.018087
0.840085 -0.014957 0.840219 -0.017802
0.840083 -0.014717 0.840212 -0.017516
0.840080 -0.014477 0.840205 -0.017231
0.840077 -0.014237 0.840198 -0.016945
0.840074 -0.013997 0.840191 -0.016660
0.840072 -0.013757 0.840184 -0.016374
0.840069 -0.013517 0.840178 -0.016088
0.840067 -0.013276 0.840171 -0.015803
0.840064 -0.013036 0.840165 -0.015517
0.840062 -0.012796 0.840159 -0.015231
0.840059 -0.012556 0.840153 -0.014946
0.840057 -0.012316 0.840147 -0.014660
0.840054 -0.012076 0.840141 -0.014374
0.840052 -0.011836 0.840136 -0.014089
0.840050 -0.011596 0.840130 -0.013803
0.840048 -0.011356 0.840125 -0.013517
0.840046 -0.011116 0.840119 -0.013231
0.840044 -0.010875 0.840114 -0.012946
0.840042 -0.010635 0.840109 -0.012660
0.840040 -0.010395 0.840104 -0.012374
0.840038 -0.010155 0.840099 -0.012088
0.840036 -0.009915 0.840094 -0.011802
0.840034 -0.009675 0.840090 -0.011517
0.840032 -0.009435 0.840085 -0.011231
0.840030 -0.009194 0.840081 -0.010945
0.840029 -0.008954 0.840076 -0.010659
0.840027 -0.008714 0.840072 -0.010373
0.840026 -0.008474 0.840068 -0.010087
0.840024 -0.008234 0.840064 -0.009801
0.840022 -0.007993 0.840061 -0.009515
0.840021 -0.007753 0.840057 -0.009229
0.840020 -0.007513 0.840053 -0.008944
0.840018 -0.007273 0.840050 -0.008658
0.840017 -0.007033 0.840046 -0.008372
0.840016 -0.006792 0.840043 -0.008086
0.840014 -0.006552 0.840040 -0.007800
0.840013 -0.006312 0.840037 -0.007514
0.840012 -0.006072 0.840034 -0.007228
0.840011 -0.005831 0.840031 -0.006942
0.840010 -0.005591 0.840029 -0.006656
0.840009 -0.005351 0.840026 -0.006370
0.840008 -0.005111 0.840024 -0.006084
0.840007 -0.004870 0.840021 -0.005798
0.840007 -0.004630 0.840019 -0.005512
0.840006 -0.004390 0.840017 -0.005226
0.840005 -0.004150 0.840015 -0.004940
0.840004 -0.003909 0.840013 -0.004654
0.840004 -0.003669 0.840012 -0.004368
0.840003 -0.003429 0.840010 -0.004082
0.840003 -0.003188 0.840009 -0.003796
0.840002 -0.002948 0.840007 -0.003510
0.840002 -0.002708 0.840006 -0.003224
0.840001 -0.002468 0.840005 -0.002938
0.840001 -0.002227 0.840004 -0.002652
0.840001 -0.001987 0.840003 -0.002366
0.840000 -0.001747 0.840002 -0.002079
0.840000 -0.001506 0.840001 -0.001793
0.840000 -0.001266 0.840001 -0.001507
0.840000 -0.001026 0.840000 -0.001221
0.840000 -0.000786 0.840000 -0.000935
0.840000 -0.000545 0.840000 -0.000649
0.840000 -0.000305 0.840000 -0.000363
0.840000 -0.000065 0.840000 -0.000077
0.840000 0.000176 0.840000 0.000209
0.840000 0.000416 0.840000 0.000495
0.840000 0.000656 0.840001 0.000781
0.840001 0.000896 0.840001 0.001067
0.840001 0.001137 0.840002 0.001353
0.840001 0.001377 0.840003 0.001639
0.840002 0.001617 0.840003 0.001925
0.840002 0.001858 0.840004 0.002211
0.840003 0.002098 0.840005 0.002497
0.840003 0.002338 0.840007 0.002783
0.840004 0.002578 0.840008 0.003069
0.840005 0.002819 0.840009 0.003355
0.840005 0.003059 0.840011 0.003642
0.840006 0.003299 0.840013 0.003928
0.840007 0.003539 0.840014 0.004214
0.840008 0.003780 0.840016 0.004500
0.840009 0.004020 0.840018 0.004786
0.840010 0.004260 0.840020 0.005072
0.840011 0.004500 0.840023 0.005358
0.840012 0.004741 0.840025 0.005644
0.840013 0.004981 0.840027 0.005930
