# x [au] y [au] r [au] lon [rad]
0.920000 0.000000 0.920000 0.000000
0.920000 0.000117 0.920000 0.000128
0.920000 0.000235 0.920000 0.000255
0.920000 0.000352 0.920000 0.000383
0.920000 0.000470 0.920000 0.000511
0.920000 0.000587 0.920001 0.000638
0.920001 0.000705 0.920001 0.000766
0.920001 0.000822 0.920001 0.000894
0.920001 0.000940 0.920002 0.001021
0.920001 0.001057 0.920002 0.001149
0.920002 0.001174 0.920002 0.001277
0.920002 0.001292 0.920003 0.001404
0.920002 0.001409 0.920004 0.001532
0.920003 0.001527 0.920004 0.001659
0.920003 0.001644 0.920005 0.001787
0.920004 0.001762 0.920006 0.001915
0.920004 0.001879 0.920006 0.002042
0.920005 0.001996 0.920007 0.002170
0.920006 0.002114 0.920008 0.002298
0.920006 0.002231 0.920009 0.002425
0.920007 0.002349 0.920010 0.002553
0.920008 0.002466 0.920011 0.002681
0.920008 0.002584 0.920012 0.002808
0.920009 0.002701 0.920013 0.002936
0.920010 0.002818 0.920014 0.003063
0.920011 0.002936 0.920015 0.003191
0.920012 0.003053 0.920017 0.003319
0.920012 0.003171 0.920018 0.003446
0.920013 0.003288 0.920019 0.003574
0.920014 0.003406 0.920021 0.003702
0.920015 0.003523 0.920022 0.003829
0.920016 0.003640 0.920024 0.003957
0.920018 0.003758 0.920025 0.004084
0.920019 0.003875 0.920027 0.004212
0.920020 0.003993 0.920028 0.004340
0.920021 0.004110 0.920030 0.004467
0.920022 0.004227 0.920032 0.004595
0.920023 0.004345 0.920034 0.004722
0.920025 0.004462 0.920036 0.004850
0.920026 0.004580 0.920037 0.004978
0.920027 0.004697 0.920039 0.005105
0.920029 0.004814 0.920041 0.005233
0.920030 0.004932 0.920043 0.005360
0.920032 0.005049 0.920046 0.005488
0.920033 0.005166 0.920048 0.005615
0.920035 0.005284 0.920050 0.005743
0.920036 0.005401 0.920052 0.005871
0.920038 0.005519 0.920054 0.005998
0.920039 0.005636 0.920057 0.006126
0.920041 0.005753 0.920059 0.006253
0.920043 0.005871 0.920062 0.006381
0.920045 0.005988 0.920064 0.006508
0.920046 0.006105 0.920067 0.006636
0.920048 0.006223 0.920069 0.006763
0.920050 0.006340 0.920072 0.006891
0.920052 0.006457 0.920074 0.007018
0.920054 0.006575 0.920077 0.007146
0.920056 0.006692 0.920080 0.007273
0.920058 0.006809 0.920083 0.007401
0.920060 0.006927 0.920086 0.007528
0.920062 0.007044 0.920089 0.007656
0.920064 0.007161 0.920092 0.007783
0.920066 0.007279 0.920095 0.007911
0.920068 0.007396 0.920098 0.008038
0.920070 0.007513 0.920101 0.008166
0.920072 0.007631 0.920104 0.008293
0.920075 0.007748 0.920107 0.008421
0.920077 0.007865 0.920111 0.008548
0.920079 0.007982 0.920114 0.008676
0.920082 0.008100 0.920117 0.008803
0.920084 0.008217 0.920121 0.008931
0.920086 0.008334 0.920124 0.009058
0.920089 0.008452 0.920128 0.009185
0.920091 0.008569 0.920131 0.009313
0.920094 0.008686 0.920135 0.009440
0.920096 0.008803 0.920138 0.009568
0.920099 0.008921 0.920142 0.009695
0.920102 0.009038 0.920146 0.009822
0.920104 0.009155 0.920150 0.009950
0.920107 0.009272 0.920154 0.010077
0.920110 0.009390 0.920158 0.010205
0.920112 0.009507 0.920161 0.010332
0.920115 0.009624 0.920166 0.010459
0.920118 0.009741 0.920170 0.010587
0.920121 0.009858 0.920174 0.010714
0.920124 0.009976 0.920178 0.010841
0.920127 0.010093 0.920182 0.010969
0.920130 0.010210 0.920186 0.011096
0.920133 0.010327 0.920191 0.011223
0.920136 0.010444 0.920195 0.011350
0.920139 0.010562 0.920199 0.011478
0.920142 0.010679 0.920204 0.011605
0.920145 0.010796 0.920208 0.011732
0.920148 0.010913 0.920213 0.011860
0.920151 0.011030 0.920217 0.011987
0.920155 0.011147 0.920222 0.012114
0.920158 0.011265 0.920227 0.012241
0.920161 0.011382 0.920232 0.012369
0.920164 0.011499 0.920236 0.012496
0.920168 0.011616 0.920241 0.012623
0.920171 0.011733 0.920246 0.012750
0.920175 0.011850 0.920251 0.012877
0.920178 0.011967 0.920256 0.013005
0.920182 0.012084 0.920261 0.013132
0.920185 0.012201 0.920266 0.013259
0.920189 0.012318 0.920271 0.013386
0.920192 0.012436 0.920276 0.013513
0.920196 0.012553 0.920282 0.013640
0.920200 0.012670 0.920287 0.013767
0.920203 0.012787 0.920292 0.013895
0.920207 0.012904 0.920298 0.014022
0.920211 0.013021 0.920303 0.014149
0.920215 0.013138 0.920309 0.014276
0.920219 0.013255 0.920314 0.014403
0.920223 0.013372 0.920320 0.014530
0.920227 0.013489 0.920325 0.014657
0.920230 0.013606 0.920331 0.014784
0.920234 0.013723 0.920337 0.014911
0.920238 0.013840 0.920343 0.015038
0.920243 0.013957 0.920348 0.015165
0.920247 0.014074 0.920354 0.015292
0.920251 0.014191 0.920360 0.015419
0.920255 0.014308 0.920366 0.015546
0.920259 0.014425 0.920372 0.015673
0.920263 0.014542 0.920378 0.015800
0.920268 0.014658 0.920384 0.015927
0.920272 0.014775 0.920391 0.016054
0.920276 0.014892 0.920397 0.016181
0.920281 0.015009 0.920403 0.016308
0.920285 0.015126 0.920409 0.016435
0.920289 0.015243 0.920416 0.016562
0.920294 0.015360 0.920422 0.016689
0.920298 0.015477 0.920429 0.016815
0.920303 0.015594 0.920435 0.016942
0.920308 0.015710 0.920442 0.017069
0.920312 0.015827 0.920448 0.017196
0.920317 0.015944 0.920455 0.017323
0.920321 0.016061 0.920462 0.017450
0.920326 0.016178 0.920468 0.017576
0.920331 0.016295 0.920475 0.017703
0.920336 0.016411 0.920482 0.017830
0.920340 0.016528 0.920489 0.017957
0.920345 0.016645 0.920496 0.018083
0.920350 0.016762 0.920503 0.018210
0.920355 0.016878 0.920510 0.018337
0.920360 0.016995 0.920517 0.018464
0.920365 0.017112 0.920524 0.018590
0.920370 0.017229 0.920531 0.018717
0.920375 0.017345 0.920539 0.018844
0.920380 0.017462 0.920546 0.018970
0.920385 0.017579 0.920553 0.019097
0.920390 0.017695 0.920561 0.019224
0.920396 0.017812 0.920568 0.019350
0.920401 0.017929 0.920575 0.019477
0.920406 0.018045 0.920583 0.019603
0.920411 0.018162 0.920591 0.019730
0.920417 0.018279 0.920598 0.019857
0.920422 0.018395 0.920606 0.019983
0.920428 0.018512 0.920614 0.020110
0.920433 0.018629 0.920621 0.020236
0.920438 0.018745 0.920629 0.020363
0.920444 0.018862 0.920637 0.020489
0.920449 0.018978 0.920645 0.020616
0.920455 0.019095 0.920653 0.020742
0.920461 0.019211 0.920661 0.020868
0.920466 0.019328 0.920669 0.020995
0.920472 0.019444 0.920677 0.021121
0.920478 0.019561 0.920685 0.021248
0.920483 0.019678 0.920694 0.021374
0.920489 0.019794 0.920702 0.021500
0.920495 0.019910 0.920710 0.021627
0.920501 0.020027 0.920719 0.021753
0.920507 0.020143 0.920727 0.021879
0.920513 0.020260 0.920735 0.022006
0.920518 0.020376 0.920744 0.022132
0.920524 0.020493 0.920752 0.022258
0.920530 0.020609 0.920761 0.022385
0.920536 0.020726 0.920770 0.022511
0.920543 0.020842 0.920778 0.022637
0.920549 0.020958 0.920787 0.022763
0.920555 0.021075 0.920796 0.022889
0.920561 0.021191 0.920805 0.023016
0.920567 0.021307 0.920814 0.023142
0.920573 0.021424 0.920823 0.023268
0.920580 0.021540 0.920832 0.023394
0.920586 0.021656 0.920841 0.023520
0.920592 0.021773 0.920850 0.023646
0.920599 0.021889 0.920859 0.023772
0.920605 0.022005 0.920868 0.023898
0.920612 0.022122 0.920877 0.024025
0.920618 0.022238 0.920887 0.024151
0.920625 0.022354 0.920896 0.024277
0.920631 0.022470 0.920905 0.024403
0.920638 0.022586 0.920915 0.024529
0.920644 0.022703 0.920924 0.024654
0.920651 0.022819 0.920934 0.024780
0.920658 0.022935 0.920943 0.024906
0.920665 0.023051 0.920953 0.025032
0.920671 0.023167 0.920963 0.025158
0.920678 0.023283 0.920972 0.025284
0.920685 0.023400 0.920982 0.025410
0.920692 0.023516 0.920992 0.025536
0.920699 0.023632 0.921002 0.025662
0.920706 0.023748 0.921012 0.025787
0.920713 0.023864 0.921022 0.025913
0.920720 0.023980 0.921032 0.026039
0.920727 0.024096 0.921042 0.026165
0.920734 0.024212 0.921052 0.026290
0.920741 0.024328 0.921062 0.026416
0.920748 0.024444 0.921072 0.026542
0.920755 0.024560 0.921083 0.026667
0.920762 0.024676 0.921093 0.026793
0.920770 0.024792 0.921103 0.026919
0.920777 0.024908 0.921114 0.027044
0.920784 0.025024 0.921124 0.027170
0.920791 0.025140 0.921135 0.027295
0.920799 0.025256 0.921145 0.027421
0.920806 0.025371 0.921156 0.027547
0.920814 0.025487 0.921166 0.027672
0.920821 0.025603 0.921177 0.027798
0.920829 0.025719 0.921188 0.027923
0.920836 0.025835 0.921199 0.028049
0.920844 0.025951 0.921209 0.028174
0.920851 0.026066 0.921220 0.028299
0.920859 0.026182 0.921231 0.028425
0.920867 0.026298 0.921242 0.028550
0.920874 0.026414 0.921253 0.028676
0.920882 0.026530 0.921264 0.028801
0.920890 0.026645 0.921275 0.028926
0.920898 0.026761 0.921287 0.029051
0.920906 0.026877 0.921298 0.029177
0.920914 0.026992 0.921309 0.029302
0.920921 0.027108 0.921320 0.029427
0.920929 0.027224 0.921332 0.029552
0.920937 0.027339 0.921343 0.029678
0.920945 0.027455 0.921355 0.029803
0.920953 0.027570 0.921366 0.029928
0.920962 0.027686 0.921378 0.030053
0.920970 0.027802 0.921389 0.030178
0.920978 0.027917 0.921401 0.030303
0.920986 0.028033 0.921413 0.030428
0.920994 0.028148 0.921424 0.030553
0.921003 0.028264 0.921436 0.030678
0.921011 0.028379 0.921448 0.030803
0.921019 0.028495 0.921460 0.030928
0.921028 0.028610 0.921472 0.031053
0.921036 0.028726 0.921484 0.031178
0.921044 0.028841 0.921496 0.031303
0.921053 0.028956 0.921508 0.031428
0.921061 0.029072 0.921520 0.031553
0.921070 0.029187 0.921532 0.031678
0.921078 0.029303 0.921544 0.031803
0.921087 0.029418 0.921557 0.031927
0.921096 0.029533 0.921569 0.032052
0.921104 0.029649 0.921581 0.032177
0.921113 0.029764 0.921594 0.032302
0.921122 0.029879 0.921606 0.032426
0.921131 0.029994 0.921619 0.032551
0.921139 0.030110 0.921631 0.032676
0.921148 0.030225 0.921644 0.032800
0.921157 0.030340 0.921657 0.032925
0.921166 0.030455 0.921669 0.033050
0.921175 0.030570 0.921682 0.033174
0.921184 0.030686 0.921695 0.033299
0.921193 0.030801 0.921708 0.033423
0.921202 0.030916 0.921721 0.033548
0.921211 0.031031 0.921734 0.033672
0.921220 0.031146 0.921747 0.033797
0.921229 0.031261 0.921760 0.033921
0.921239 0.031376 0.921773 0.034046
0.921248 0.031491 0.921786 0.034170
0.921257 0.031606 0.921799 0.034294
0.921266 0.031721 0.921812 0.034419
0.921276 0.031836 0.921826 0.034543
0.921285 0.031951 0.921839 0.034667
0.921294 0.032066 0.921852 0.034791
0.921304 0.032181 0.921866 0.034916
0.921313 0.032296 0.921879 0.035040
0.921323 0.032411 0.921893 0.035164
0.921332 0.032526 0.921906 0.035288
0.921342 0.032641 0.921920 0.035412
0.921351 0.032755 0.921933 0.035537
0.921361 0.032870 0.921947 0.035661
0.921371 0.032985 0.921961 0.035785
0.921380 0.033100 0.921975 0.035909
0.921390 0.033215 0.921989 0.036033
0.921400 0.033329 0.922003 0.036157
0.921410 0.033444 0.922016 0.036281
0.921420 0.033559 0.922030 0.036405
0.921429 0.033673 0.922044 0.036528
0.921439 0.033788 0.922059 0.036652
0.921449 0.033903 0.922073 0.036776
0.921459 0.034017 0.922087 0.036900
0.921469 0.034132 0.922101 0.037024
0.921479 0.034247 0.922115 0.037148
0.921489 0.034361 0.922130 0.037271
0.921499 0.034476 0.922144 0.037395
0.921510 0.034590 0.922159 0.037519
0.921520 0.034705 0.922173 0.037643
0.921530 0.034819 0.922188 0.037766
0.921540 0.034934 0.922202 0.037890
0.921550 0.035048 0.922217 0.038013
0.921561 0.035163 0.922231 0.038137
0.921571 0.035277 0.922246 0.038260
0.921581 0.035391 0.922261 0.038384
0.921592 0.035506 0.922276 0.038507
0.921602 0.035620 0.922290 0.038631
0.921613 0.035734 0.922305 0.038754
0.921623 0.035849 0.922320 0.038878
0.921634 0.035963 0.922335 0.039001
0.921644 0.036077 0.922350 0.039125
0.921655 0.036192 0.922365 0.039248
0.921666 0.036306 0.922381 0.039371
0.921676 0.036420 0.922396 0.039494
0.921687 0.036534 0.922411 0.039618
0.921698 0.036648 0.922426 0.039741
0.921709 0.036763 0.922442 0.039864
0.921719 0.036877 0.922457 0.039987
0.921730 0.036991 0.922472 0.040110
0.921741 0.037105 0.922488 0.040233
0.921752 0.037219 0.922503 0.040356
0.921763 0.037333 0.922519 0.040480
0.921774 0.037447 0.922534 0.040603
0.921785 0.037561 0.922550 0.040726
0.921796 0.037675 0.922566 0.040849
0.921807 0.037789 0.922582 0.040971
0.921818 0.037903 0.922597 0.041094
0.921830 0.038017 0.922613 0.041217
0.921841 0.038131 0.922629 0.041340
0.921852 0.038245 0.922645 0.041463
0.921863 0.038358 0.922661 0.041586
0.921875 0.038472 0.922677 0.041708
0.921886 0.038586 0.922693 0.041831
0.921897 0.038700 0.922709 0.041954
0.921909 0.038814 0.922725 0.042076
0.921920 0.038927 0.922742 0.042199
0.921932 0.039041 0.922758 0.042322
0.921943 0.039155 0.922774 0.042444
0.921955 0.039268 0.922790 0.042567
0.921966 0.039382 0.922807 0.042689
0.921978 0.039496 0.922823 0.042812
0.921989 0.039609 0.922840 0.042934
0.922001 0.039723 0.922856 0.043057
0.922013 0.039836 0.922873 0.043179
0.922024 0.039950 0.922890 0.043302
0.922036 0.040064 0.922906 0.043424
0.922048 0.040177 0.922923 0.043546
0.922060 0.040291 0.922940 0.043668
0.922072 0.040404 0.922957 0.043791
0.922084 0.040517 0.922973 0.043913
0.922096 0.040631 0.922990 0.044035
0.922108 0.040744 0.923007 0.044157
0.922120 0.040858 0.923024 0.044279
0.922132 0.040971 0.923041 0.044401
0.922144 0.041084 0.923058 0.044523
0.922156 0.041198 0.923076 0.044646
0.922168 0.041311 0.923093 0.044768
0.922180 0.041424 0.923110 0.044889
0.922192 0.041537 0.923127 0.045011
0.922205 0.041650 0.923145 0.045133
0.922217 0.041764 0.923162 0.045255
0.922229 0.041877 0.923180 0.045377
0.922242 0.041990 0.923197 0.045499
0.922254 0.042103 0.923215 0.045621
0.922266 0.042216 0.923232 0.045742
0.922279 0.042329 0.923250 0.045864
0.922291 0.042442 0.923267 0.045986
0.922304 0.042555 0.923285 0.046107
0.922316 0.042668 0.923303 0.046229
0.922329 0.042781 0.923321 0.046351
0.922342 0.042894 0.923338 0.046472
0.922354 0.043007 0.923356 0.046594
0.922367 0.043120 0.923374 0.046715
0.922380 0.043233 0.923392 0.046837
0.922392 0.043346 0.923410 0.046958
0.922405 0.043458 0.923428 0.047079
0.922418 0.043571 0.923447 0.047201
0.922431 0.043684 0.923465 0.047322
0.922444 0.043797 0.923483 0.047443
0.922457 0.043909 0.923501 0.047565
0.922470 0.044022 0.923519 0.047686
0.922483 0.044135 0.923538 0.047807
0.922496 0.044247 0.923556 0.047928
0.922509 0.044360 0.923575 0.048049
0.922522 0.044473 0.923593 0.048170
0.922535 0.044585 0.923612 0.048291
0.922548 0.044698 0.923630 0.048412
0.922561 0.044810 0.923649 0.048533
0.922575 0.044923 0.923668 0.048654
0.922588 0.045035 0.923686 0.048775
0.922601 0.045148 0.923705 0.048896
0.922614 0.045260 0.923724 0.049017
0.922628 0.045372 0.923743 0.049138
0.922641 0.045485 0.923762 0.049259
0.922655 0.045597 0.923781 0.049379
0.922668 0.045709 0.923800 0.049500
0.922682 0.045822 0.923819 0.049621
0.922695 0.045934 0.923838 0.049741
0.922709 0.046046 0.923857 0.049862
0.922722 0.046158 0.923876 0.049983
0.922736 0.046271 0.923895 0.050103
0.922750 0.046383 0.923915 0.050224
0.922763 0.046495 0.923934 0.050344
0.922777 0.046607 0.923953 0.050465
0.922791 0.046719 0.923973 0.050585
0.922805 0.046831 0.923992 0.050705
0.922819 0.046943 0.924012 0.050826
0.922832 0.047055 0.924031 0.050946
0.922846 0.047167 0.924051 0.051066
0.922860 0.047279 0.924071 0.051186
0.922874 0.047391 0.924090 0.051307
0.922888 0.047503 0.924110 0.051427
0.922902 0.047615 0.924130 0.051547
0.922916 0.047727 0.924150 0.051667
0.922931 0.047839 0.924170 0.051787
0.922945 0.047950 0.924189 0.051907
0.922959 0.048062 0.924209 0.052027
0.922973 0.048174 0.924229 0.052147
0.922987 0.048285 0.924249 0.052267
0.923002 0.048397 0.924270 0.052387
0.923016 0.048509 0.924290 0.052506
0.923030 0.048620 0.924310 0.052626
0.923045 0.048732 0.924330 0.052746
0.923059 0.048844 0.924350 0.052866
0.923074 0.048955 0.924371 0.052985
0.923088 0.049067 0.924391 0.053105
0.923103 0.049178 0.924412 0.053225
0.923117 0.049290 0.924432 0.053344
0.923132 0.049401 0.924453 0.053464
0.923146 0.049512 0.924473 0.053583
0.923161 0.049624 0.924494 0.053703
0.923176 0.049735 0.924514 0.053822
0.923190 0.049847 0.924535 0.053941
0.923205 0.049958 0.924556 0.054061
0.923220 0.050069 0.924577 0.054180
0.923235 0.050180 0.924597 0.054299
0.923250 0.050292 0.924618 0.054419
0.923264 0.050403 0.924639 0.054538
0.923279 0.050514 0.924660 0.054657
0.923294 0.050625 0.924681 0.054776
0.923309 0.050736 0.924702 0.054895
0.923324 0.050847 0.924723 0.055014
0.923339 0.050958 0.924745 0.055133
0.923355 0.051069 0.924766 0.055252
0.923370 0.051180 0.924787 0.055371
0.923385 0.051291 0.924808 0.055490
0.923400 0.051402 0.924830 0.055609
0.923415 0.051513 0.924851 0.055727
0.923431 0.051624 0.924872 0.055846
0.923446 0.051735 0.924894 0.055965
0.923461 0.051845 0.924915 0.056084
0.923477 0.051956 0.924937 0.056202
0.923492 0.052067 0.924959 0.056321
0.923507 0.052178 0.924980 0.056439
0.923523 0.052288 0.925002 0.056558
0.923538 0.052399 0.925024 0.056676
0.923554 0.052510 0.925045 0.056795
0.923569 0.052620 0.925067 0.056913
0.923585 0.052731 0.925089 0.057032
0.923601 0.052841 0.925111 0.057150
0.923616 0.052952 0.925133 0.057268
0.923632 0.053062 0.925155 0.057387
0.923648 0.053173 0.925177 0.057505
0.923664 0.053283 0.925199 0.057623
0.923679 0.053394 0.925221 0.057741
0.923695 0.053504 0.925243 0.057859
0.923711 0.053614 0.925266 0.057977
0.923727 0.053725 0.925288 0.058095
0.923743 0.053835 0.925310 0.058213
0.923759 0.053945 0.925333 0.058331
0.923775 0.054055 0.925355 0.058449
0.923791 0.054166 0.925378 0.058567
0.923807 0.054276 0.925400 0.058685
0.923823 0.054386 0.925423 0.058803
0.923839 0.054496 0.925445 0.058920
0.923855 0.054606 0.925468 0.059038
0.923872 0.054716 0.925490 0.059156
0.923888 0.054826 0.925513 0.059273
0.923904 0.054936 0.925536 0.059391
0.923920 0.055046 0.925559 0.059508
0.923937 0.055156 0.925582 0.059626
0.923953 0.055266 0.925605 0.059743
0.923970 0.055376 0.925628 0.059861
0.923986 0.055485 0.925651 0.059978
0.924003 0.055595 0.925674 0.060095
0.924019 0.055705 0.925697 0.060213
0.924036 0.055815 0.925720 0.060330
0.924052 0.055924 0.925743 0.060447
0.924069 0.056034 0.925766 0.060564
0.924085 0.056144 0.925789 0.060681
0.924102 0.056253 0.925813 0.060798
0.924119 0.056363 0.925836 0.060915
0.924136 0.056472 0.925859 0.061032
0.924152 0.056582 0.925883 0.061149
0.924169 0.056691 0.925906 0.061266
0.924186 0.056801 0.925930 0.061383
0.924203 0.056910 0.925953 0.061500
0.924220 0.057019 0.925977 0.061617
0.924237 0.057129 0.926001 0.061733
0.924254 0.057238 0.926024 0.061850
0.924271 0.057347 0.926048 0.061967
0.924288 0.057457 0.926072 0.062083
0.924305 0.057566 0.926096 0.062200
0.924322 0.057675 0.926120 0.062316
0.924339 0.057784 0.926144 0.062433
0.924356 0.057893 0.926168 0.062549
0.924374 0.058002 0.926192 0.062666
0.924391 0.058111 0.926216 0.062782
0.924408 0.058220 0.926240 0.062898
0.924425 0.058329 0.926264 0.063014
0.924443 0.058438 0.926288 0.063131
0.924460 0.058547 0.926312 0.063247
0.924478 0.058656 0.926337 0.063363
0.924495 0.058765 0.926361 0.063479
0.924513 0.058874 0.926385 0.063595
0.924530 0.058983 0.926410 0.063711
0.924548 0.059091 0.926434 0.063827
0.924565 0.059200 0.926459 0.063943
0.924583 0.059309 0.926483 0.064059
0.924601 0.059417 0.926508 0.064175
0.924618 0.059526 0.926532 0.064290
0.924636 0.059635 0.926557 0.064406
0.924654 0.059743 0.926582 0.064522
0.924672 0.059852 0.926607 0.064637
0.924689 0.059960 0.926631 0.064753
0.924707 0.060069 0.926656 0.064869
0.924725 0.060177 0.926681 0.064984
0.924743 0.060285 0.926706 0.065099
0.924761 0.060394 0.926731 0.065215
0.924779 0.060502 0.926756 0.065330
0.924797 0.060610 0.926781 0.065446
0.924815 0.060719 0.926806 0.065561
0.924833 0.060827 0.926831 0.065676
0.924851 0.060935 0.926856 0.065791
0.924869 0.061043 0.926882 0.065906
0.924888 0.061151 0.926907 0.066021
0.924906 0.061259 0.926932 0.066137
0.924924 0.061367 0.926958 0.066252
0.924942 0.061475 0.926983 0.066366
0.924961 0.061583 0.927009 0.066481
0.924979 0.061691 0.927034 0.066596
0.924998 0.061799 0.927060 0.066711
0.925016 0.061907 0.927085 0.066826
0.925034 0.062015 0.927111 0.066941
0.925053 0.062123 0.927137 0.067055
0.925071 0.062231 0.927162 0.067170
0.925090 0.062338 0.927188 0.067284
0.925109 0.062446 0.927214 0.067399
0.925127 0.062554 0.927240 0.067514
0.925146 0.062661 0.927266 0.067628
0.925165 0.062769 0.927291 0.067742
0.925183 0.062876 0.927317 0.067857
0.925202 0.062984 0.927343 0.067971
0.925221 0.063091 0.927370 0.068085
0.925240 0.063199 0.927396 0.068200
0.925259 0.063306 0.927422 0.068314
0.925277 0.063414 0.927448 0.068428
0.925296 0.063521 0.927474 0.068542
0.925315 0.063628 0.927500 0.068656
0.925334 0.063736 0.927527 0.068770
0.925353 0.063843 0.927553 0.068884
0.925372 0.063950 0.927580 0.068998
0.925392 0.064057 0.927606 0.069112
0.925411 0.064164 0.927633 0.069225
0.925430 0.064272 0.927659 0.069339
0.925449 0.064379 0.927686 0.069453
0.925468 0.064486 0.927712 0.069566
0.925488 0.064593 0.927739 0.069680
0.925507 0.064700 0.927766 0.069794
0.925526 0.064806 0.927792 0.069907
0.925546 0.064913 0.927819 0.070021
0.925565 0.065020 0.927846 0.070134
0.925584 0.065127 0.927873 0.070247
0.925604 0.065234 0.927900 0.070361
0.925623 0.065340 0.927927 0.070474
0.925643 0.065447 0.927954 0.070587
0.925663 0.065554 0.927981 0.070700
0.925682 0.065660 0.928008 0.070813
0.925702 0.065767 0.928035 0.070926
0.925721 0.065874 0.928062 0.071039
0.925741 0.065980 0.928089 0.071152
0.925761 0.066087 0.928117 0.071265
0.925781 0.066193 0.928144 0.071378
0.925800 0.066299 0.928171 0.071491
0.925820 0.066406 0.928199 0.071604
0.925840 0.066512 0.928226 0.071717
0.925860 0.066618 0.928254 0.071829
0.925880 0.066725 0.928281 0.071942
0.925900 0.066831 0.928309 0.072054
0.925920 0.066937 0.928336 0.072167
0.925940 0.067043 0.928364 0.072279
0.925960 0.067149 0.928392 0.072392
0.925980 0.067255 0.928419 0.072504
0.926000 0.067361 0.928447 0.072617
0.926020 0.067467 0.928475 0.072729
0.926041 0.067573 0.928503 0.072841
0.926061 0.067679 0.928531 0.072953
0.926081 0.067785 0.928559 0.073065
0.926102 0.067891 0.928587 0.073178
0.926122 0.067997 0.928615 0.073290
0.926142 0.068103 0.928643 0.073402
0.926163 0.068208 0.928671 0.073513
0.926183 0.068314 0.928699 0.073625
0.926204 0.068420 0.928727 0.073737
0.926224 0.068525 0.928755 0.073849
0.926245 0.068631 0.928784 0.073961
0.926265 0.068736 0.928812 0.074072
0.926286 0.068842 0.928840 0.074184
0.926306 0.068947 0.928869 0.074296
0.926327 0.069053 0.928897 0.074407
0.926348 0.069158 0.928926 0.074519
0.926369 0.069264 0.928954 0.074630
0.926389 0.069369 0.928983 0.074741
0.926410 0.069474 0.929011 0.074853
0.926431 0.069579 0.929040 0.074964
0.926452 0.069685 0.929069 0.075075
0.926473 0.069790 0.929098 0.075186
0.926494 0.069895 0.929126 0.075297
0.926515 0.070000 0.929155 0.075409
0.926536 0.070105 0.929184 0.075520
0.926557 0.070210 0.929213 0.075631
0.926578 0.070315 0.929242 0.075741
0.926599 0.070420 0.929271 0.075852
0.926620 0.070525 0.929300 0.075963
0.926641 0.070629 0.929329 0.076074
0.926662 0.070734 0.929358 0.076185
0.926684 0.070839 0.929387 0.076295
0.926705 0.070944 0.929416 0.076406
0.926726 0.071048 0.929446 0.076516
0.926748 0.071153 0.929475 0.076627
0.926769 0.071258 0.929504 0.076737
0.926790 0.071362 0.929534 0.076848
0.926812 0.071467 0.929563 0.076958
0.926833 0.071571 0.929592 0.077068
0.926855 0.071676 0.929622 0.077179
0.926876 0.071780 0.929652 0.077289
0.926898 0.071884 0.929681 0.077399
0.926919 0.071989 0.929711 0.077509
0.926941 0.072093 0.929740 0.077619
0.926963 0.072197 0.929770 0.077729
0.926984 0.072301 0.929800 0.077839
0.927006 0.072406 0.929830 0.077949
0.927028 0.072510 0.929859 0.078059
0.927050 0.072614 0.929889 0.078168
0.927072 0.072718 0.929919 0.078278
0.927093 0.072822 0.929949 0.078388
0.927115 0.072926 0.929979 0.078497
0.927137 0.073030 0.930009 0.078607
0.927159 0.073134 0.930039 0.078716
0.927181 0.073237 0.930069 0.078826
0.927203 0.073341 0.930099 0.078935
0.927225 0.073445 0.930130 0.079044
0.927247 0.073549 0.930160 0.079154
0.927270 0.073652 0.930190 0.079263
0.927292 0.073756 0.930220 0.079372
0.927314 0.073860 0.930251 0.079481
0.927336 0.073963 0.930281 0.079590
0.927358 0.074067 0.930312 0.079699
0.927381 0.074170 0.930342 0.079808
0.927403 0.074274 0.930373 0.079917
0.927425 0.074377 0.930403 0.080026
0.927448 0.074480 0.930434 0.080135
0.927470 0.074584 0.930464 0.080243
0.927493 0.074687 0.930495 0.080352
0.927515 0.074790 0.930526 0.080461
0.927538 0.074893 0.930556 0.080569
0.927560 0.074996 0.930587 0.080678
0.927583 0.075099 0.930618 0.080786
0.927606 0.075203 0.930649 0.080895
0.927628 0.075306 0.930680 0.081003
0.927651 0.075408 0.930711 0.081111
0.927674 0.075511 0.930742 0.081220
0.927696 0.075614 0.930773 0.081328
0.927719 0.075717 0.930804 0.081436
0.927742 0.075820 0.930835 0.081544
0.927765 0.075923 0.930866 0.081652
0.927788 0.076025 0.930898 0.081760
0.927811 0.076128 0.930929 0.081868
0.927834 0.076231 0.930960 0.081976
0.927857 0.076333 0.930991 0.082084
0.927880 0.076436 0.931023 0.082191
0.927903 0.076538 0.931054 0.082299
0.927926 0.076641 0.931086 0.082407
0.927949 0.076743 0.931117 0.082514
0.927972 0.076846 0.931149 0.082622
0.927995 0.076948 0.931180 0.082729
0.928019 0.077050 0.931212 0.082837
0.928042 0.077152 0.931243 0.082944
0.928065 0.077255 0.931275 0.083051
0.928089 0.077357 0.931307 0.083158
0.928112 0.077459 0.931339 0.083266
0.928135 0.077561 0.931370 0.083373
0.928159 0.077663 0.931402 0.083480
0.928182 0.077765 0.931434 0.083587
0.928206 0.077867 0.931466 0.083694
0.928229 0.077969 0.931498 0.083801
0.928253 0.078071 0.931530 0.083908
0.928276 0.078173 0.931562 0.084014
0.928300 0.078274 0.931594 0.084121
0.928324 0.078376 0.931626 0.084228
0.928347 0.078478 0.931658 0.084334
0.928371 0.078579 0.931691 0.084441
0.928395 0.078681 0.931723 0.084547
0.928419 0.078783 0.931755 0.084654
0.928442 0.078884 0.931788 0.084760
0.928466 0.078985 0.931820 0.084867
0.928490 0.079087 0.931852 0.084973
0.928514 0.079188 0.931885 0.085079
0.928538 0.079290 0.931917 0.085185
0.928562 0.079391 0.931950 0.085291
0.928586 0.079492 0.931982 0.085397
0.928610 0.079593 0.932015 0.085503
0.928634 0.079695 0.932048 0.085609
0.928658 0.079796 0.932080 0.085715
0.928682 0.079897 0.932113 0.085821
0.928707 0.079998 0.932146 0.085927
0.928731 0.080099 0.932179 0.086032
0.928755 0.080200 0.932211 0.086138
0.928779 0.080301 0.932244 0.086244
0.928804 0.080401 0.932277 0.086349
0.928828 0.080502 0.932310 0.086455
0.928852 0.080603 0.932343 0.086560
0.928877 0.080704 0.932376 0.086665
0.928901 0.080804 0.932409 0.086771
0.928926 0.080905 0.932442 0.086876
0.928950 0.081005 0.932475 0.086981
0.928975 0.081106 0.932509 0.087086
0.928999 0.081207 0.932542 0.087191
0.929024 0.081307 0.932575 0.087296
0.929049 0.081407 0.932608 0.087401
0.929073 0.081508 0.932642 0.087506
0.929098 0.081608 0.932675 0.087611
0.929123 0.081708 0.932709 0.087716
0.929148 0.081808 0.932742 0.087820
0.929172 0.081909 0.932776 0.087925
0.929197 0.082009 0.932809 0.088030
0.929222 0.082109 0.932843 0.088134
0.929247 0.082209 0.932876 0.088239
0.929272 0.082309 0.932910 0.088343
0.929297 0.082409 0.932944 0.088447
0.929322 0.082509 0.932977 0.088552
0.929347 0.082609 0.933011 0.088656
0.929372 0.082708 0.933045 0.088760
0.929397 0.082808 0.933079 0.088864
0.929422 0.082908 0.933113 0.088968
0.929447 0.083008 0.933147 0.089072
0.929473 0.083107 0.933181 0.089176
0.929498 0.083207 0.933215 0.089280
0.929523 0.083306 0.933249 0.089384
0.929548 0.083406 0.933283 0.089487
0.929574 0.083505 0.933317 0.089591
0.929599 0.083605 0.933351 0.089695
0.929625 0.083704 0.933385 0.089798
0.929650 0.083803 0.933420 0.089902
0.929675 0.083902 0.933454 0.090005
0.929701 0.084002 0.933488 0.090109
0.929726 0.084101 0.933523 0.090212
0.929752 0.084200 0.933557 0.090315
0.929778 0.084299 0.933591 0.090419
0.929803 0.084398 0.933626 0.090522
0.929829 0.084497 0.933660 0.090625
0.929855 0.084596 0.933695 0.090728
0.929880 0.084695 0.933729 0.090831
0.929906 0.084794 0.933764 0.090934
0.929932 0.084892 0.933799 0.091036
0.929958 0.084991 0.933833 0.091139
0.929984 0.085090 0.933868 0.091242
0.930009 0.085188 0.933903 0.091345
0.930035 0.085287 0.933938 0.091447
0.930061 0.085386 0.933973 0.091550
0.930087 0.085484 0.934007 0.091652
0.930113 0.085583 0.934042 0.091755
0.930139 0.085681 0.934077 0.091857
0.930166 0.085779 0.934112 0.091959
0.930192 0.085878 0.934147 0.092062
0.930218 0.085976 0.934183 0.092164
0.930244 0.086074 0.934218 0.092266
0.930270 0.086172 0.934253 0.092368
0.930296 0.086270 0.934288 0.092470
0.930323 0.086368 0.934323 0.092572
0.930349 0.086466 0.934358 0.092674
0.930375 0.086564 0.934394 0.092775
0.930402 0.086662 0.934429 0.092877
0.930428 0.086760 0.934464 0.092979
0.930455 0.086858 0.934500 0.093080
0.930481 0.086956 0.934535 0.093182
0.930508 0.087054 0.934571 0.093283
0.930534 0.087151 0.934606 0.093385
0.930561 0.087249 0.934642 0.093486
0.930587 0.087347 0.934678 0.093588
0.930614 0.087444 0.934713 0.093689
0.930641 0.087542 0.934749 0.093790
0.930667 0.087639 0.934785 0.093891
0.930694 0.087736 0.934820 0.093992
0.930721 0.087834 0.934856 0.094093
0.930748 0.087931 0.934892 0.094194
0.930774 0.088028 0.934928 0.094295
0.930801 0.088125 0.934964 0.094396
0.930828 0.088223 0.935000 0.094496
0.930855 0.088320 0.935036 0.094597
0.930882 0.088417 0.935072 0.094698
0.930909 0.088514 0.935108 0.094798
0.930936 0.088611 0.935144 0.094899
0.930963 0.088708 0.935180 0.094999
0.930990 0.088805 0.935216 0.095099
0.931017 0.088901 0.935252 0.095200
0.931045 0.088998 0.935289 0.095300
0.931072 0.089095 0.935325 0.095400
0.931099 0.089191 0.935361 0.095500
0.931126 0.089288 0.935398 0.095600
0.931154 0.089385 0.935434 0.095700
0.931181 0.089481 0.935470 0.095800
0.931208 0.089578 0.935507 0.095900
0.931236 0.089674 0.935543 0.096000
0.931263 0.089770 0.935580 0.096099
0.931290 0.089867 0.935616 0.096199
0.931318 0.089963 0.935653 0.096299
0.931345 0.090059 0.935690 0.096398
0.931373 0.090155 0.935726 0.096498
0.931401 0.090252 0.935763 0.096597
0.931428 0.090348 0.935800 0.096696
0.931456 0.090444 0.935837 0.096796
0.931484 0.090540 0.935873 0.096895
0.931511 0.090635 0.935910 0.096994
0.931539 0.090731 0.935947 0.097093
0.931567 0.090827 0.935984 0.097192
0.931595 0.090923 0.936021 0.097291
0.931622 0.091019 0.936058 0.097390
0.931650 0.091114 0.936095 0.097489
0.931678 0.091210 0.936132 0.097588
0.931706 0.091306 0.936169 0.097686
0.931734 0.091401 0.936206 0.097785
0.931762 0.091496 0.936244 0.097883
0.931790 0.091592 0.936281 0.097982
0.931818 0.091687 0.936318 0.098080
0.931846 0.091783 0.936355 0.098179
0.931874 0.091878 0.936393 0.098277
0.931903 0.091973 0.936430 0.098375
0.931931 0.092068 0.936468 0.098473
0.931959 0.092163 0.936505 0.098572
0.931987 0.092258 0.936543 0.098670
0.932016 0.092353 0.936580 0.098768
0.932044 0.092448 0.936618 0.098865
0.932072 0.092543 0.936655 0.098963
0.932101 0.092638 0.936693 0.099061
0.932129 0.092733 0.936730 0.099159
0.932157 0.092828 0.936768 0.099256
0.932186 0.092922 0.936806 0.099354
0.932214 0.093017 0.936844 0.099452
0.932243 0.093112 0.936881 0.099549
0.932272 0.093206 0.936919 0.099646
0.932300 0.093301 0.936957 0.099744
0.932329 0.093395 0.936995 0.099841
0.932358 0.093490 0.937033 0.099938
0.932386 0.093584 0.937071 0.100035
0.932415 0.093678 0.937109 0.100132
0.932444 0.093772 0.937147 0.100229
0.932473 0.093867 0.937185 0.100326
0.932501 0.093961 0.937223 0.100423
0.932530 0.094055 0.937261 0.100520
0.932559 0.094149 0.937300 0.100617
0.932588 0.094243 0.937338 0.100713
0.932617 0.094337 0.937376 0.100810
0.932646 0.094431 0.937414 0.100906
0.932675 0.094524 0.937453 0.101003
0.932704 0.094618 0.937491 0.101099
0.932733 0.094712 0.937530 0.101196
0.932762 0.094806 0.937568 0.101292
0.932792 0.094899 0.937607 0.101388
0.932821 0.094993 0.937645 0.101484
0.932850 0.095086 0.937684 0.101580
0.932879 0.095180 0.937722 0.101676
0.932909 0.095273 0.937761 0.101772
0.932938 0.095367 0.937799 0.101868
0.932967 0.095460 0.937838 0.101964
0.932997 0.095553 0.937877 0.102059
0.933026 0.095646 0.937916 0.102155
0.933055 0.095739 0.937954 0.102251
0.933085 0.095832 0.937993 0.102346
0.933114 0.095926 0.938032 0.102442
0.933144 0.096019 0.938071 0.102537
0.933174 0.096111 0.938110 0.102632
0.933203 0.096204 0.938149 0.102728
0.933233 0.096297 0.938188 0.102823
0.933262 0.096390 0.938227 0.102918
0.933292 0.096483 0.938266 0.103013
0.933322 0.096575 0.938305 0.103108
0.933352 0.096668 0.938344 0.103203
0.933381 0.096760 0.938383 0.103298
0.933411 0.096853 0.938423 0.103392
0.933441 0.096945 0.938462 0.103487
0.933471 0.097038 0.938501 0.103582
0.933501 0.097130 0.938541 0.103676
0.933531 0.097222 0.938580 0.103771
0.933561 0.097315 0.938619 0.103865
0.933591 0.097407 0.938659 0.103960
0.933621 0.097499 0.938698 0.104054
0.933651 0.097591 0.938738 0.104148
0.933681 0.097683 0.938777 0.104242
0.933711 0.097775 0.938817 0.104336
0.933742 0.097867 0.938856 0.104430
0.933772 0.097959 0.938896 0.104524
0.933802 0.098051 0.938936 0.104618
0.933832 0.098142 0.938975 0.104712
0.933863 0.098234 0.939015 0.104806
0.933893 0.098326 0.939055 0.104899
0.933923 0.098417 0.939095 0.104993
0.933954 0.098509 0.939134 0.105087
0.933984 0.098600 0.939174 0.105180
0.934015 0.098692 0.939214 0.105273
0.934045 0.098783 0.939254 0.105367
0.934076 0.098875 0.939294 0.105460
0.934106 0.098966 0.939334 0.105553
0.934137 0.099057 0.939374 0.105646
0.934167 0.099148 0.939414 0.105739
0.934198 0.099239 0.939454 0.105832
0.934229 0.099330 0.939494 0.105925
0.934259 0.099421 0.939535 0.106018
0.934290 0.099512 0.939575 0.106111
0.934321 0.099603 0.939615 0.106204
0.934352 0.099694 0.939655 0.106296
0.934383 0.099785 0.939696 0.106389
0.934414 0.099875 0.939736 0.106481
0.934444 0.099966 0.939776 0.106574
0.934475 0.100057 0.939817 0.106666
0.934506 0.100147 0.939857 0.106759
0.934537 0.100238 0.939898 0.106851
0.934568 0.100328 0.939938 0.106943
0.934599 0.100419 0.939979 0.107035
0.934631 0.100509 0.940019 0.107127
0.934662 0.100599 0.940060 0.107219
0.934693 0.100689 0.940101 0.107311
0.934724 0.100780 0.940141 0.107403
0.934755 0.100870 0.940182 0.107494
0.934787 0.100960 0.940223 0.107586
0.934818 0.101050 0.940264 0.107678
0.934849 0.101140 0.940304 0.107769
0.934881 0.101230 0.940345 0.107861
0.934912 0.101320 0.940386 0.107952
0.934943 0.101409 0.940427 0.108043
0.934975 0.101499 0.940468 0.108135
0.935006 0.101589 0.940509 0.108226
0.935038 0.101678 0.940550 0.108317
0.935069 0.101768 0.940591 0.108408
0.935101 0.101857 0.940632 0.108499
0.935132 0.101947 0.940673 0.108590
0.935164 0.102036 0.940714 0.108681
0.935196 0.102126 0.940755 0.108771
0.935227 0.102215 0.940797 0.108862
0.935259 0.102304 0.940838 0.108953
0.935291 0.102393 0.940879 0.109043
0.935323 0.102482 0.940920 0.109134
0.935355 0.102571 0.940962 0.109224
0.935386 0.102660 0.941003 0.109314
0.935418 0.102749 0.941045 0.109405
0.935450 0.102838 0.941086 0.109495
0.935482 0.102927 0.941128 0.109585
0.935514 0.103016 0.941169 0.109675
0.935546 0.103105 0.941211 0.109765
0.935578 0.103193 0.941252 0.109855
0.935610 0.103282 0.941294 0.109945
0.935642 0.103370 0.941335 0.110034
0.935675 0.103459 0.941377 0.110124
0.935707 0.103547 0.941419 0.110214
0.935739 0.103636 0.941460 0.110303
0.935771 0.103724 0.941502 0.110393
0.935803 0.103812 0.941544 0.110482
0.935836 0.103900 0.941586 0.110571
0.935868 0.103989 0.941628 0.110661
0.935900 0.104077 0.941670 0.110750
0.935933 0.104165 0.941712 0.110839
0.935965 0.104253 0.941753 0.110928
0.935998 0.104341 0.941795 0.111017
0.936030 0.104428 0.941837 0.111106
0.936063 0.104516 0.941880 0.111195
0.936095 0.104604 0.941922 0.111283
0.936128 0.104692 0.941964 0.111372
0.936160 0.104779 0.942006 0.111461
0.936193 0.104867 0.942048 0.111549
0.936226 0.104954 0.942090 0.111638
0.936258 0.105042 0.942133 0.111726
0.936291 0.105129 0.942175 0.111814
0.936324 0.105217 0.942217 0.111903
0.936357 0.105304 0.942259 0.111991
0.936390 0.105391 0.942302 0.112079
0.936422 0.105478 0.942344 0.112167
0.936455 0.105565 0.942387 0.112255
0.936488 0.105652 0.942429 0.112343
0.936521 0.105739 0.942472 0.112430
0.936554 0.105826 0.942514 0.112518
0.936587 0.105913 0.942557 0.112606
0.936620 0.106000 0.942599 0.112693
0.936653 0.106087 0.942642 0.112781
0.936686 0.106174 0.942685 0.112868
0.936720 0.106260 0.942727 0.112956
0.936753 0.106347 0.942770 0.113043
0.936786 0.106433 0.942813 0.113130
0.936819 0.106520 0.942856 0.113217
0.936852 0.106606 0.942898 0.113305
0.936886 0.106693 0.942941 0.113392
0.936919 0.106779 0.942984 0.113479
0.936952 0.106865 0.943027 0.113565
0.936986 0.106951 0.943070 0.113652
0.937019 0.107037 0.943113 0.113739
0.937053 0.107124 0.943156 0.113825
0.937086 0.107210 0.943199 0.113912
0.937120 0.107295 0.943242 0.113999
0.937153 0.107381 0.943285 0.114085
0.937187 0.107467 0.943328 0.114171
0.937220 0.107553 0.943371 0.114258
0.937254 0.107639 0.943415 0.114344
0.937288 0.107724 0.943458 0.114430
0.937321 0.107810 0.943501 0.114516
0.937355 0.107895 0.943544 0.114602
0.937389 0.107981 0.943588 0.114688
0.937423 0.108066 0.943631 0.114774
0.937456 0.108152 0.943674 0.114859
0.937490 0.108237 0.943718 0.114945
0.937524 0.108322 0.943761 0.115031
0.937558 0.108407 0.943805 0.115116
0.937592 0.108493 0.943848 0.115202
0.937626 0.108578 0.943892 0.115287
0.937660 0.108663 0.943935 0.115372
0.937694 0.108748 0.943979 0.115458
0.937728 0.108832 0.944023 0.115543
0.937762 0.108917 0.944066 0.115628
0.937796 0.109002 0.944110 0.115713
0.937831 0.109087 0.944154 0.115798
0.937865 0.109171 0.944197 0.115883
0.937899 0.109256 0.944241 0.115968
0.937933 0.109341 0.944285 0.116052
0.937967 0.109425 0.944329 0.116137
0.938002 0.109509 0.944373 0.116221
0.938036 0.109594 0.944417 0.116306
0.938071 0.109678 0.944460 0.116390
0.938105 0.109762 0.944504 0.116475
0.938139 0.109846 0.944548 0.116559
0.938174 0.109931 0.944592 0.116643
0.938208 0.110015 0.944636 0.116727
0.938243 0.110099 0.944681 0.116811
0.938277 0.110183 0.944725 0.116895
0.938312 0.110266 0.944769 0.116979
0.938347 0.110350 0.944813 0.117063
0.938381 0.110434 0.944857 0.117147
0.938416 0.110518 0.944901 0.117230
0.938451 0.110601 0.944946 0.117314
0.938485 0.110685 0.944990 0.117398
0.938520 0.110768 0.945034 0.117481
0.938555 0.110852 0.945079 0.117564
0.938590 0.110935 0.945123 0.117648
0.938625 0.111019 0.945167 0.117731
0.938660 0.111102 0.945212 0.117814
0.938695 0.111185 0.945256 0.117897
0.938729 0.111268 0.945301 0.117980
0.938764 0.111351 0.945345 0.118063
0.938799 0.111434 0.945390 0.118146
0.938835 0.111517 0.945434 0.118229
0.938870 0.111600 0.945479 0.118311
0.938905 0.111683 0.945524 0.118394
0.938940 0.111766 0.945568 0.118476
0.938975 0.111848 0.945613 0.118559
0.939010 0.111931 0.945658 0.118641
0.939045 0.112014 0.945703 0.118724
0.939081 0.112096 0.945747 0.118806
0.939116 0.112179 0.945792 0.118888
0.939151 0.112261 0.945837 0.118970
0.939187 0.112343 0.945882 0.119052
0.939222 0.112426 0.945927 0.119134
0.939257 0.112508 0.945972 0.119216
0.939293 0.112590 0.946017 0.119298
0.939328 0.112672 0.946062 0.119379
0.939364 0.112754 0.946107 0.119461
0.939399 0.112836 0.946152 0.119543
0.939435 0.112918 0.946197 0.119624
0.939471 0.113000 0.946242 0.119705
0.939506 0.113082 0.946287 0.119787
0.939542 0.113164 0.946332 0.119868
0.939578 0.113245 0.946378 0.119949
0.939613 0.113327 0.946423 0.120030
0.939649 0.113408 0.946468 0.120111
0.939685 0.113490 0.946513 0.120192
0.939721 0.113571 0.946559 0.120273
0.939756 0.113653 0.946604 0.120354
0.939792 0.113734 0.946649 0.120435
0.939828 0.113815 0.946695 0.120515
0.939864 0.113896 0.946740 0.120596
0.939900 0.113978 0.946786 0.120676
0.939936 0.114059 0.946831 0.120757
0.939972 0.114140 0.946877 0.120837
0.940008 0.114220 0.946922 0.120917
0.940044 0.114301 0.946968 0.120997
0.940080 0.114382 0.947013 0.121078
0.940117 0.114463 0.947059 0.121158
0.940153 0.114544 0.947105 0.121238
0.940189 0.114624 0.947150 0.121317
0.940225 0.114705 0.947196 0.121397
0.940261 0.114785 0.947242 0.121477
0.940298 0.114866 0.947288 0.121557
0.940334 0.114946 0.947333 0.121636
0.940370 0.115026 0.947379 0.121716
0.940407 0.115107 0.947425 0.121795
0.940443 0.115187 0.947471 0.121874
0.940480 0.115267 0.947517 0.121954
0.940516 0.115347 0.947563 0.122033
0.940553 0.115427 0.947609 0.122112
0.940589 0.115507 0.947655 0.122191
0.940626 0.115587 0.947701 0.122270
0.940662 0.115667 0.947747 0.122349
0.940699 0.115746 0.947793 0.122428
0.940736 0.115826 0.947839 0.122506
0.940772 0.115906 0.947885 0.122585
0.940809 0.115985 0.947931 0.122663
0.940846 0.116065 0.947978 0.122742
0.940882 0.116144 0.948024 0.122820
0.940919 0.116223 0.948070 0.122899
0.940956 0.116303 0.948116 0.122977
0.940993 0.116382 0.948163 0.123055
0.941030 0.116461 0.948209 0.123133
0.941067 0.116540 0.948255 0.123211
0.941104 0.116619 0.948302 0.123289
0.941141 0.116698 0.948348 0.123367
0.941178 0.116777 0.948395 0.123445
0.941215 0.116856 0.948441 0.123522
0.941252 0.116935 0.948488 0.123600
0.941289 0.117014 0.948534 0.123678
0.941326 0.117092 0.948581 0.123755
0.941363 0.117171 0.948627 0.123832
0.941400 0.117249 0.948674 0.123910
0.941438 0.117328 0.948720 0.123987
0.941475 0.117406 0.948767 0.124064
0.941512 0.117485 0.948814 0.124141
0.941549 0.117563 0.948861 0.124218
0.941587 0.117641 0.948907 0.124295
0.941624 0.117719 0.948954 0.124372
0.941661 0.117797 0.949001 0.124449
0.941699 0.117875 0.949048 0.124525
0.941736 0.117953 0.949095 0.124602
0.941774 0.118031 0.949141 0.124679
0.941811 0.118109 0.949188 0.124755
0.941849 0.118187 0.949235 0.124831
0.941886 0.118265 0.949282 0.124908
0.941924 0.118342 0.949329 0.124984
0.941962 0.118420 0.949376 0.125060
0.941999 0.118497 0.949423 0.125136
0.942037 0.118575 0.949470 0.125212
0.942075 0.118652 0.949517 0.125288
0.942113 0.118729 0.949565 0.125364
0.942150 0.118807 0.949612 0.125440
0.942188 0.118884 0.949659 0.125515
0.942226 0.118961 0.949706 0.125591
0.942264 0.119038 0.949753 0.125666
0.942302 0.119115 0.949801 0.125742
0.942340 0.119192 0.949848 0.125817
0.942378 0.119269 0.949895 0.125892
0.942416 0.119346 0.949942 0.125967
0.942454 0.119422 0.949990 0.126043
0.942492 0.119499 0.950037 0.126118
0.942530 0.119576 0.950085 0.126193
0.942568 0.119652 0.950132 0.126267
0.942606 0.119729 0.950179 0.126342
0.942644 0.119805 0.950227 0.126417
0.942682 0.119881 0.950275 0.126492
0.942721 0.119958 0.950322 0.126566
0.942759 0.120034 0.950370 0.126641
0.942797 0.120110 0.950417 0.126715
0.942835 0.120186 0.950465 0.126789
0.942874 0.120262 0.950512 0.126864
0.942912 0.120338 0.950560 0.126938
0.942951 0.120414 0.950608 0.127012
0.942989 0.120490 0.950656 0.127086
0.943027 0.120566 0.950703 0.127160
0.943066 0.120641 0.950751 0.127234
0.943104 0.120717 0.950799 0.127307
0.943143 0.120793 0.950847 0.127381
0.943182 0.120868 0.950895 0.127455
0.943220 0.120944 0.950942 0.127528
0.943259 0.121019 0.950990 0.127602
0.943297 0.121094 0.951038 0.127675
0.943336 0.121169 0.951086 0.127748
0.943375 0.121245 0.951134 0.127821
0.943414 0.121320 0.951182 0.127895
0.943452 0.121395 0.951230 0.127968
0.943491 0.121470 0.951278 0.128041
0.943530 0.121545 0.951326 0.128113
0.943569 0.121619 0.951375 0.128186
0.943608 0.121694 0.951423 0.128259
0.943647 0.121769 0.951471 0.128332
0.943686 0.121844 0.951519 0.128404
0.943725 0.121918 0.951567 0.128477
0.943764 0.121993 0.951616 0.128549
0.943803 0.122067 0.951664 0.128621
0.943842 0.122142 0.951712 0.128694
0.943881 0.122216 0.951760 0.128766
0.943920 0.122290 0.951809 0.128838
0.943959 0.122364 0.951857 0.128910
0.943998 0.122438 0.951906 0.128982
0.944038 0.122512 0.951954 0.129054
0.944077 0.122586 0.952002 0.129125
0.944116 0.122660 0.952051 0.129197
0.944155 0.122734 0.952099 0.129269
0.944195 0.122808 0.952148 0.129340
0.944234 0.122882 0.952196 0.129412
0.944273 0.122955 0.952245 0.129483
0.944313 0.123029 0.952294 0.129554
0.944352 0.123102 0.952342 0.129626
0.944392 0.123176 0.952391 0.129697
0.944431 0.123249 0.952439 0.129768
0.944471 0.123323 0.952488 0.129839
0.944510 0.123396 0.952537 0.129910
0.944550 0.123469 0.952586 0.129980
0.944590 0.123542 0.952634 0.130051
0.944629 0.123615 0.952683 0.130122
0.944669 0.123688 0.952732 0.130192
0.944709 0.123761 0.952781 0.130263
0.944748 0.123834 0.952830 0.130333
0.944788 0.123907 0.952879 0.130403
0.944828 0.123979 0.952927 0.130474
0.944868 0.124052 0.952976 0.130544
0.944908 0.124125 0.953025 0.130614
0.944947 0.124197 0.953074 0.130684
0.944987 0.124270 0.953123 0.130754
0.945027 0.124342 0.953172 0.130824
0.945067 0.124414 0.953221 0.130893
0.945107 0.124487 0.953271 0.130963
0.945147 0.124559 0.953320 0.131033
0.945187 0.124631 0.953369 0.131102
0.945227 0.124703 0.953418 0.131172
0.945268 0.124775 0.953467 0.131241
0.945308 0.124847 0.953516 0.131310
0.945348 0.124919 0.953566 0.131379
0.945388 0.124990 0.953615 0.131448
0.945428 0.125062 0.953664 0.131517
0.945468 0.125134 0.953713 0.131586
0.945509 0.125205 0.953763 0.131655
0.945549 0.125277 0.953812 0.131724
0.945589 0.125348 0.953861 0.131793
0.945630 0.125420 0.953911 0.131861
0.945670 0.125491 0.953960 0.131930
0.945711 0.125562 0.954010 0.131998
0.945751 0.125633 0.954059 0.132067
0.945791 0.125704 0.954109 0.132135
0.945832 0.125775 0.954158 0.132203
0.945873 0.125846 0.954208 0.132271
0.945913 0.125917 0.954257 0.132339
0.945954 0.125988 0.954307 0.132407
0.945994 0.126059 0.954356 0.132475
0.946035 0.126130 0.954406 0.132543
0.946076 0.126200 0.954456 0.132611
0.946116 0.126271 0.954505 0.132678
0.946157 0.126341 0.954555 0.132746
0.946198 0.126412 0.954605 0.132813
0.946239 0.126482 0.954654 0.132881
0.946279 0.126552 0.954704 0.132948
0.946320 0.126623 0.954754 0.133015
0.946361 0.126693 0.954804 0.133082
0.946402 0.126763 0.954854 0.133149
0.946443 0.126833 0.954904 0.133216
0.946484 0.126903 0.954953 0.133283
0.946525 0.126973 0.955003 0.133350
0.946566 0.127042 0.955053 0.133417
0.946607 0.127112 0.955103 0.133483
0.946648 0.127182 0.955153 0.133550
0.946689 0.127251 0.955203 0.133616
0.946730 0.127321 0.955253 0.133683
0.946771 0.127390 0.955303 0.133749
0.946813 0.127460 0.955353 0.133815
0.946854 0.127529 0.955403 0.133881
0.946895 0.127598 0.955454 0.133948
0.946936 0.127668 0.955504 0.134014
0.946978 0.127737 0.955554 0.134079
0.947019 0.127806 0.955604 0.134145
0.947060 0.127875 0.955654 0.134211
0.947102 0.127944 0.955704 0.134277
0.947143 0.128012 0.955755 0.134342
0.947184 0.128081 0.955805 0.134408
0.947226 0.128150 0.955855 0.134473
0.947267 0.128218 0.955906 0.134539
0.947309 0.128287 0.955956 0.134604
0.947350 0.128356 0.956006 0.134669
0.947392 0.128424 0.956057 0.134734
0.947434 0.128492 0.956107 0.134799
0.947475 0.128561 0.956158 0.134864
0.947517 0.128629 0.956208 0.134929
0.947559 0.128697 0.956258 0.134994
0.947600 0.128765 0.956309 0.135058
0.947642 0.128833 0.956359 0.135123
0.947684 0.128901 0.956410 0.135187
0.947726 0.128969 0.956461 0.135252
0.947767 0.129037 0.956511 0.135316
0.947809 0.129104 0.956562 0.135380
0.947851 0.129172 0.956612 0.135444
0.947893 0.129240 0.956663 0.135509
0.947935 0.129307 0.956714 0.135573
0.947977 0.129375 0.956764 0.135636
0.948019 0.129442 0.956815 0.135700
0.948061 0.129509 0.956866 0.135764
0.948103 0.129577 0.956917 0.135828
0.948145 0.129644 0.956967 0.135891
0.948187 0.129711 0.957018 0.135955
0.948229 0.129778 0.957069 0.136018
0.948271 0.129845 0.957120 0.136082
0.948314 0.129912 0.957171 0.136145
0.948356 0.129979 0.957222 0.136208
0.948398 0.130045 0.957273 0.136271
0.948440 0.130112 0.957323 0.136334
0.948483 0.130179 0.957374 0.136397
0.948525 0.130245 0.957425 0.136460
0.948567 0.130312 0.957476 0.136523
0.948610 0.130378 0.957527 0.136585
0.948652 0.130444 0.957578 0.136648
0.948694 0.130511 0.957630 0.136711
0.948737 0.130577 0.957681 0.136773
0.948779 0.130643 0.957732 0.136835
0.948822 0.130709 0.957783 0.136898
0.948864 0.130775 0.957834 0.136960
0.948907 0.130841 0.957885 0.137022
0.948950 0.130907 0.957936 0.137084
0.948992 0.130973 0.957988 0.137146
0.949035 0.131038 0.958039 0.137208
0.949078 0.131104 0.958090 0.137269
0.949120 0.131169 0.958141 0.137331
0.949163 0.131235 0.958193 0.137393
0.949206 0.131300 0.958244 0.137454
0.949249 0.131366 0.958295 0.137516
0.949291 0.131431 0.958347 0.137577
0.949334 0.131496 0.958398 0.137638
0.949377 0.131561 0.958449 0.137699
0.949420 0.131626 0.958501 0.137761
0.949463 0.131691 0.958552 0.137822
0.949506 0.131756 0.958604 0.137882
0.949549 0.131821 0.958655 0.137943
0.949592 0.131886 0.958707 0.138004
0.949635 0.131951 0.958758 0.138065
0.949678 0.132015 0.958810 0.138125
0.949721 0.132080 0.958861 0.138186
0.949764 0.132144 0.958913 0.138246
0.949807 0.132209 0.958964 0.138307
0.949850 0.132273 0.959016 0.138367
0.949894 0.132337 0.959068 0.138427
0.949937 0.132402 0.959119 0.138487
0.949980 0.132466 0.959171 0.138547
0.950023 0.132530 0.959223 0.138607
0.950067 0.132594 0.959274 0.138667
0.950110 0.132658 0.959326 0.138727
0.950153 0.132722 0.959378 0.138786
0.950197 0.132785 0.959430 0.138846
0.950240 0.132849 0.959482 0.138906
0.950283 0.132913 0.959533 0.138965
0.950327 0.132976 0.959585 0.139024
0.950370 0.133040 0.959637 0.139084
0.950414 0.133103 0.959689 0.139143
0.950457 0.133167 0.959741 0.139202
0.950501 0.133230 0.959793 0.139261
0.950545 0.133293 0.959845 0.139320
0.950588 0.133356 0.959897 0.139379
0.950632 0.133419 0.959949 0.139437
0.950675 0.133482 0.960001 0.139496
0.950719 0.133545 0.960053 0.139555
0.950763 0.133608 0.960105 0.139613
0.950807 0.133671 0.960157 0.139671
0.950850 0.133734 0.960209 0.139730
0.950894 0.133796 0.960261 0.139788
0.950938 0.133859 0.960313 0.139846
0.950982 0.133921 0.960365 0.139904
0.951026 0.133984 0.960417 0.139962
0.951070 0.134046 0.960470 0.140020
0.951114 0.134108 0.960522 0.140078
0.951158 0.134171 0.960574 0.140136
0.951202 0.134233 0.960626 0.140193
0.951246 0.134295 0.960679 0.140251
0.951290 0.134357 0.960731 0.140308
0.951334 0.134419 0.960783 0.140366
0.951378 0.134481 0.960835 0.140423
0.951422 0.134542 0.960888 0.140480
0.951466 0.134604 0.960940 0.140538
0.951510 0.134666 0.960993 0.140595
0.951554 0.134727 0.961045 0.140652
0.951599 0.134789 0.961097 0.140708
0.951643 0.134850 0.961150 0.140765
0.951687 0.134912 0.961202 0.140822
0.951732 0.134973 0.961255 0.140879
0.951776 0.135034 0.961307 0.140935
0.951820 0.135095 0.961360 0.140992
0.951865 0.135156 0.961412 0.141048
0.951909 0.135217 0.961465 0.141104
0.951953 0.135278 0.961517 0.141161
0.951998 0.135339 0.961570 0.141217
0.952042 0.135400 0.961623 0.141273
0.952087 0.135460 0.961675 0.141329
0.952131 0.135521 0.961728 0.141385
0.952176 0.135582 0.961780 0.141440
0.952221 0.135642 0.961833 0.141496
0.952265 0.135702 0.961886 0.141552
0.952310 0.135763 0.961939 0.141607
0.952355 0.135823 0.961991 0.141663
0.952399 0.135883 0.962044 0.141718
0.952444 0.135943 0.962097 0.141773
0.952489 0.136003 0.962150 0.141829
0.952534 0.136063 0.962202 0.141884
0.952578 0.136123 0.962255 0.141939
0.952623 0.136183 0.962308 0.141994
0.952668 0.136243 0.962361 0.142049
0.952713 0.136302 0.962414 0.142103
0.952758 0.136362 0.962467 0.142158
0.952803 0.136422 0.962520 0.142213
0.952848 0.136481 0.962573 0.142267
0.952893 0.136540 0.962625 0.142322
0.952938 0.136600 0.962678 0.142376
0.952983 0.136659 0.962731 0.142430
0.953028 0.136718 0.962784 0.142484
0.953073 0.136777 0.962837 0.142539
0.953118 0.136836 0.962890 0.142593
0.953163 0.136895 0.962944 0.142647
0.953208 0.136954 0.962997 0.142700
0.953253 0.137013 0.963050 0.142754
0.953299 0.137072 0.963103 0.142808
0.953344 0.137130 0.963156 0.142861
0.953389 0.137189 0.963209 0.142915
0.953435 0.137247 0.963262 0.142968
0.953480 0.137306 0.963315 0.143022
0.953525 0.137364 0.963369 0.143075
0.953571 0.137422 0.963422 0.143128
0.953616 0.137481 0.963475 0.143181
0.953661 0.137539 0.963528 0.143234
0.953707 0.137597 0.963582 0.143287
0.953752 0.137655 0.963635 0.143340
0.953798 0.137713 0.963688 0.143393
0.953843 0.137771 0.963742 0.143445
0.953889 0.137828 0.963795 0.143498
0.953934 0.137886 0.963848 0.143550
0.953980 0.137944 0.963902 0.143603
0.954026 0.138001 0.963955 0.143655
0.954071 0.138059 0.964008 0.143707
0.954117 0.138116 0.964062 0.143759
0.954163 0.138173 0.964115 0.143811
0.954208 0.138231 0.964169 0.143863
0.954254 0.138288 0.964222 0.143915
0.954300 0.138345 0.964276 0.143967
0.954346 0.138402 0.964329 0.144019
0.954392 0.138459 0.964383 0.144070
0.954437 0.138516 0.964436 0.144122
0.954483 0.138573 0.964490 0.144173
0.954529 0.138629 0.964543 0.144225
0.954575 0.138686 0.964597 0.144276
0.954621 0.138743 0.964651 0.144327
0.954667 0.138799 0.964704 0.144378
0.954713 0.138856 0.964758 0.144429
0.954759 0.138912 0.964812 0.144480
0.954805 0.138968 0.964865 0.144531
0.954851 0.139024 0.964919 0.144582
0.954897 0.139081 0.964973 0.144633
0.954943 0.139137 0.965026 0.144683
0.954990 0.139193 0.965080 0.144734
0.955036 0.139249 0.965134 0.144784
0.955082 0.139304 0.965188 0.144835
0.955128 0.139360 0.965242 0.144885
0.955174 0.139416 0.965295 0.144935
0.955221 0.139472 0.965349 0.144985
0.955267 0.139527 0.965403 0.145035
0.955313 0.139583 0.965457 0.145085
0.955360 0.139638 0.965511 0.145135
0.955406 0.139693 0.965565 0.145185
0.955453 0.139748 0.965619 0.145234
0.955499 0.139804 0.965672 0.145284
0.955545 0.139859 0.965726 0.145333
0.955592 0.139914 0.965780 0.145383
0.955638 0.139969 0.965834 0.145432
0.955685 0.140024 0.965888 0.145481
0.955731 0.140078 0.965942 0.145531
0.955778 0.140133 0.965996 0.145580
0.955825 0.140188 0.966050 0.145629
0.955871 0.140242 0.966104 0.145677
0.955918 0.140297 0.966159 0.145726
0.955965 0.140351 0.966213 0.145775
0.956011 0.140406 0.966267 0.145824
0.956058 0.140460 0.966321 0.145872
0.956105 0.140514 0.966375 0.145921
0.956152 0.140568 0.966429 0.145969
0.956198 0.140622 0.966483 0.146017
0.956245 0.140676 0.966537 0.146066
0.956292 0.140730 0.966592 0.146114
0.956339 0.140784 0.966646 0.146162
0.956386 0.140838 0.966700 0.146210
0.956433 0.140891 0.966754 0.146257
0.956480 0.140945 0.966809 0.146305
0.956527 0.140999 0.966863 0.146353
0.956574 0.141052 0.966917 0.146401
0.956621 0.141105 0.966971 0.146448
0.956668 0.141159 0.967026 0.146495
0.956715 0.141212 0.967080 0.146543
0.956762 0.141265 0.967134 0.146590
0.956809 0.141318 0.967189 0.146637
0.956856 0.141371 0.967243 0.146684
0.956903 0.141424 0.967298 0.146731
0.956950 0.141477 0.967352 0.146778
0.956998 0.141530 0.967406 0.146825
0.957045 0.141582 0.967461 0.146872
0.957092 0.141635 0.967515 0.146919
0.957139 0.141688 0.967570 0.146965
0.957187 0.141740 0.967624 0.147012
0.957234 0.141793 0.967679 0.147058
0.957281 0.141845 0.967733 0.147104
0.957329 0.141897 0.967788 0.147151
0.957376 0.141949 0.967842 0.147197
0.957424 0.142001 0.967897 0.147243
0.957471 0.142053 0.967952 0.147289
0.957519 0.142105 0.968006 0.147335
0.957566 0.142157 0.968061 0.147380
0.957614 0.142209 0.968115 0.147426
0.957661 0.142261 0.968170 0.147472
0.957709 0.142312 0.968225 0.147517
0.957756 0.142364 0.968279 0.147563
0.957804 0.142415 0.968334 0.147608
0.957852 0.142467 0.968389 0.147653
0.957899 0.142518 0.968443 0.147699
0.957947 0.142569 0.968498 0.147744
0.957995 0.142621 0.968553 0.147789
0.958042 0.142672 0.968608 0.147834
0.958090 0.142723 0.968662 0.147878
0.958138 0.142774 0.968717 0.147923
0.958186 0.142825 0.968772 0.147968
0.958234 0.142875 0.968827 0.148012
0.958282 0.142926 0.968882 0.148057
0.958329 0.142977 0.968936 0.148101
0.958377 0.143027 0.968991 0.148146
0.958425 0.143078 0.969046 0.148190
0.958473 0.143128 0.969101 0.148234
0.958521 0.143179 0.969156 0.148278
0.958569 0.143229 0.969211 0.148322
0.958617 0.143279 0.969266 0.148366
0.958665 0.143329 0.969321 0.148410
0.958713 0.143379 0.969376 0.148454
0.958761 0.143429 0.969431 0.148497
0.958810 0.143479 0.969486 0.148541
0.958858 0.143529 0.969540 0.148584
0.958906 0.143579 0.969596 0.148628
0.958954 0.143628 0.969651 0.148671
0.959002 0.143678 0.969706 0.148714
0.959051 0.143728 0.969761 0.148757
0.959099 0.143777 0.969816 0.148800
0.959147 0.143826 0.969871 0.148843
0.959195 0.143876 0.969926 0.148886
0.959244 0.143925 0.969981 0.148929
0.959292 0.143974 0.970036 0.148972
0.959340 0.144023 0.970091 0.149014
0.959389 0.144072 0.970146 0.149057
0.959437 0.144121 0.970201 0.149099
0.959486 0.144170 0.970257 0.149142
0.959534 0.144218 0.970312 0.149184
0.959583 0.144267 0.970367 0.149226
0.959631 0.144316 0.970422 0.149268
0.959680 0.144364 0.970477 0.149310
0.959728 0.144413 0.970533 0.149352
0.959777 0.144461 0.970588 0.149394
0.959826 0.144509 0.970643 0.149436
0.959874 0.144558 0.970698 0.149477
0.959923 0.144606 0.970754 0.149519
0.959972 0.144654 0.970809 0.149560
0.960020 0.144702 0.970864 0.149602
0.960069 0.144750 0.970920 0.149643
0.960118 0.144797 0.970975 0.149684
0.960166 0.144845 0.971030 0.149725
0.960215 0.144893 0.971086 0.149766
0.960264 0.144941 0.971141 0.149807
0.960313 0.144988 0.971196 0.149848
0.960362 0.145035 0.971252 0.149889
0.960411 0.145083 0.971307 0.149930
0.960460 0.145130 0.971363 0.149970
0.960509 0.145177 0.971418 0.150011
0.960557 0.145224 0.971474 0.150051
0.960606 0.145272 0.971529 0.150092
0.960655 0.145319 0.971584 0.150132
0.960704 0.145365 0.971640 0.150172
0.960754 0.145412 0.971695 0.150212
0.960803 0.145459 0.971751 0.150252
0.960852 0.145506 0.971807 0.150292
0.960901 0.145552 0.971862 0.150332
0.960950 0.145599 0.971918 0.150372
0.960999 0.145645 0.971973 0.150411
0.961048 0.145692 0.972029 0.150451
0.961098 0.145738 0.972084 0.150490
0.961147 0.145784 0.972140 0.150530
0.961196 0.145830 0.972196 0.150569
0.961245 0.145876 0.972251 0.150608
0.961295 0.145922 0.972307 0.150648
0.961344 0.145968 0.972362 0.150687
0.961393 0.146014 0.972418 0.150726
0.961443 0.146060 0.972474 0.150765
0.961492 0.146105 0.972529 0.150803
0.961541 0.146151 0.972585 0.150842
0.961591 0.146197 0.972641 0.150881
0.961640 0.146242 0.972697 0.150919
0.961690 0.146287 0.972752 0.150958
0.961739 0.146333 0.972808 0.150996
0.961789 0.146378 0.972864 0.151034
0.961838 0.146423 0.972920 0.151072
0.961888 0.146468 0.972975 0.151111
0.961937 0.146513 0.973031 0.151149
0.961987 0.146558 0.973087 0.151187
0.962037 0.146603 0.973143 0.151224
0.962086 0.146647 0.973199 0.151262
0.962136 0.146692 0.973254 0.151300
0.962186 0.146737 0.973310 0.151337
0.962235 0.146781 0.973366 0.151375
0.962285 0.146826 0.973422 0.151412
0.962335 0.146870 0.973478 0.151450
0.962385 0.146914 0.973534 0.151487
0.962434 0.146958 0.973590 0.151524
0.962484 0.147003 0.973646 0.151561
0.962534 0.147047 0.973702 0.151598
0.962584 0.147091 0.973757 0.151635
0.962634 0.147134 0.973813 0.151672
0.962684 0.147178 0.973869 0.151709
0.962734 0.147222 0.973925 0.151745
0.962784 0.147266 0.973981 0.151782
0.962834 0.147309 0.974037 0.151818
0.962884 0.147353 0.974093 0.151855
0.962934 0.147396 0.974149 0.151891
0.962984 0.147439 0.974205 0.151927
0.963034 0.147483 0.974261 0.151963
0.963084 0.147526 0.974317 0.151999
0.963134 0.147569 0.974374 0.152035
0.963184 0.147612 0.974430 0.152071
0.963234 0.147655 0.974486 0.152107
0.963285 0.147698 0.974542 0.152142
0.963335 0.147741 0.974598 0.152178
0.963385 0.147783 0.974654 0.152214
0.963435 0.147826 0.974710 0.152249
0.963485 0.147868 0.974766 0.152284
0.963536 0.147911 0.974822 0.152320
0.963586 0.147953 0.974879 0.152355
0.963636 0.147996 0.974935 0.152390
0.963687 0.148038 0.974991 0.152425
0.963737 0.148080 0.975047 0.152460
0.963787 0.148122 0.975103 0.152494
0.963838 0.148164 0.975160 0.152529
0.963888 0.148206 0.975216 0.152564
0.963939 0.148248 0.975272 0.152598
0.963989 0.148290 0.975328 0.152633
0.964040 0.148331 0.975384 0.152667
0.964090 0.148373 0.975441 0.152702
0.964141 0.148415 0.975497 0.152736
0.964191 0.148456 0.975553 0.152770
0.964242 0.148497 0.975610 0.152804
0.964293 0.148539 0.975666 0.152838
0.964343 0.148580 0.975722 0.152872
0.964394 0.148621 0.975779 0.152905
0.964445 0.148662 0.975835 0.152939
0.964495 0.148703 0.975891 0.152973
0.964546 0.148744 0.975948 0.153006
0.964597 0.148785 0.976004 0.153040
0.964647 0.148826 0.976060 0.153073
0.964698 0.148866 0.976117 0.153106
0.964749 0.148907 0.976173 0.153139
0.964800 0.148947 0.976229 0.153173
0.964851 0.148988 0.976286 0.153205
0.964901 0.149028 0.976342 0.153238
0.964952 0.149069 0.976399 0.153271
0.965003 0.149109 0.976455 0.153304
0.965054 0.149149 0.976512 0.153337
0.965105 0.149189 0.976568 0.153369
0.965156 0.149229 0.976625 0.153402
0.965207 0.149269 0.976681 0.153434
0.965258 0.149309 0.976738 0.153466
0.965309 0.149348 0.976794 0.153499
0.965360 0.149388 0.976851 0.153531
0.965411 0.149428 0.976907 0.153563
0.965462 0.149467 0.976964 0.153595
0.965513 0.149506 0.977020 0.153627
0.965565 0.149546 0.977077 0.153658
0.965616 0.149585 0.977133 0.153690
0.965667 0.149624 0.977190 0.153722
0.965718 0.149663 0.977246 0.153753
0.965769 0.149702 0.977303 0.153785
0.965820 0.149741 0.977360 0.153816
0.965872 0.149780 0.977416 0.153847
0.965923 0.149819 0.977473 0.153878
0.965974 0.149858 0.977529 0.153909
0.966026 0.149896 0.977586 0.153940
0.966077 0.149935 0.977643 0.153971
0.966128 0.149973 0.977699 0.154002
0.966180 0.150012 0.977756 0.154033
0.966231 0.150050 0.977813 0.154064
0.966282 0.150088 0.977869 0.154094
0.966334 0.150126 0.977926 0.154125
0.966385 0.150164 0.977983 0.154155
0.966437 0.150202 0.978039 0.154185
0.966488 0.150240 0.978096 0.154215
0.966540 0.150278 0.978153 0.154246
0.966591 0.150316 0.978209 0.154276
0.966643 0.150354 0.978266 0.154306
0.966694 0.150391 0.978323 0.154335
0.966746 0.150429 0.978380 0.154365
0.966798 0.150466 0.978436 0.154395
0.966849 0.150504 0.978493 0.154425
0.966901 0.150541 0.978550 0.154454
0.966953 0.150578 0.978607 0.154484
0.967004 0.150615 0.978664 0.154513
0.967056 0.150652 0.978720 0.154542
0.967108 0.150689 0.978777 0.154571
0.967160 0.150726 0.978834 0.154600
0.967211 0.150763 0.978891 0.154629
0.967263 0.150800 0.978948 0.154658
0.967315 0.150836 0.979004 0.154687
0.967367 0.150873 0.979061 0.154716
0.967419 0.150909 0.979118 0.154745
0.967471 0.150946 0.979175 0.154773
0.967522 0.150982 0.979232 0.154802
0.967574 0.151018 0.979289 0.154830
0.967626 0.151054 0.979346 0.154858
0.967678 0.151090 0.979403 0.154887
0.967730 0.151126 0.979460 0.154915
0.967782 0.151162 0.979516 0.154943
0.967834 0.151198 0.979573 0.154971
0.967886 0.151234 0.979630 0.154999
0.967938 0.151270 0.979687 0.155026
0.967990 0.151305 0.979744 0.155054
0.968042 0.151341 0.979801 0.155082
0.968095 0.151376 0.979858 0.155109
0.968147 0.151412 0.979915 0.155137
0.968199 0.151447 0.979972 0.155164
0.968251 0.151482 0.980029 0.155191
0.968303 0.151517 0.980086 0.155218
0.968355 0.151552 0.980143 0.155246
0.968408 0.151587 0.980200 0.155273
0.968460 0.151622 0.980257 0.155299
0.968512 0.151657 0.980314 0.155326
0.968564 0.151692 0.980371 0.155353
0.968617 0.151726 0.980428 0.155380
0.968669 0.151761 0.980485 0.155406
0.968721 0.151796 0.980542 0.155433
0.968774 0.151830 0.980599 0.155459
0.968826 0.151864 0.980656 0.155486
0.968879 0.151899 0.980713 0.155512
0.968931 0.151933 0.980770 0.155538
0.968983 0.151967 0.980828 0.155564
0.969036 0.152001 0.980885 0.155590
0.969088 0.152035 0.980942 0.155616
0.969141 0.152069 0.980999 0.155642
0.969193 0.152102 0.981056 0.155667
0.969246 0.152136 0.981113 0.155693
0.969298 0.152170 0.981170 0.155719
0.969351 0.152203 0.981227 0.155744
0.969404 0.152237 0.981285 0.155769
0.969456 0.152270 0.981342 0.155795
0.969509 0.152303 0.981399 0.155820
0.969561 0.152337 0.981456 0.155845
0.969614 0.152370 0.981513 0.155870
0.969667 0.152403 0.981570 0.155895
0.969720 0.152436 0.981628 0.155920
0.969772 0.152469 0.981685 0.155944
0.969825 0.152501 0.981742 0.155969
0.969878 0.152534 0.981799 0.155994
0.969931 0.152567 0.981856 0.156018
0.969983 0.152599 0.981914 0.156043
0.970036 0.152632 0.981971 0.156067
0.970089 0.152664 0.982028 0.156091
0.970142 0.152697 0.982085 0.156115
0.970195 0.152729 0.982142 0.156139
0.970248 0.152761 0.982200 0.156163
0.970300 0.152793 0.982257 0.156187
0.970353 0.152825 0.982314 0.156211
0.970406 0.152857 0.982372 0.156235
0.970459 0.152889 0.982429 0.156259
0.970512 0.152921 0.982486 0.156282
0.970565 0.152952 0.982543 0.156306
0.970618 0.152984 0.982601 0.156329
0.970671 0.153016 0.982658 0.156352
0.970724 0.153047 0.982715 0.156375
0.970777 0.153078 0.982773 0.156399
0.970831 0.153110 0.982830 0.156422
0.970884 0.153141 0.982887 0.156445
0.970937 0.153172 0.982945 0.156467
0.970990 0.153203 0.983002 0.156490
0.971043 0.153234 0.983059 0.156513
0.971096 0.153265 0.983117 0.156535
0.971150 0.153296 0.983174 0.156558
0.971203 0.153326 0.983231 0.156580
0.971256 0.153357 0.983289 0.156603
0.971309 0.153388 0.983346 0.156625
0.971362 0.153418 0.983403 0.156647
0.971416 0.153448 0.983461 0.156669
0.971469 0.153479 0.983518 0.156691
0.971522 0.153509 0.983576 0.156713
0.971576 0.153539 0.983633 0.156735
0.971629 0.153569 0.983690 0.156757
0.971682 0.153599 0.983748 0.156778
0.971736 0.153629 0.983805 0.156800
0.971789 0.153659 0.983863 0.156821
0.971843 0.153689 0.983920 0.156843
0.971896 0.153719 0.983977 0.156864
0.971950 0.153748 0.984035 0.156885
0.972003 0.153778 0.984092 0.156906
0.972057 0.153807 0.984150 0.156928
0.972110 0.153836 0.984207 0.156948
0.972164 0.153866 0.984265 0.156969
0.972217 0.153895 0.984322 0.156990
0.972271 0.153924 0.984380 0.157011
0.972324 0.153953 0.984437 0.157031
0.972378 0.153982 0.984495 0.157052
0.972432 0.154011 0.984552 0.157072
0.972485 0.154040 0.984610 0.157093
0.972539 0.154068 0.984667 0.157113
0.972593 0.154097 0.984725 0.157133
0.972646 0.154126 0.984782 0.157153
0.972700 0.154154 0.984840 0.157173
0.972754 0.154182 0.984897 0.157193
0.972808 0.154211 0.984955 0.157213
0.972861 0.154239 0.985012 0.157233
0.972915 0.154267 0.985070 0.157253
0.972969 0.154295 0.985127 0.157272
0.973023 0.154323 0.985185 0.157292
0.973077 0.154351 0.985242 0.157311
0.973130 0.154379 0.985300 0.157330
0.973184 0.154407 0.985357 0.157350
0.973238 0.154434 0.985415 0.157369
0.973292 0.154462 0.985472 0.157388
0.973346 0.154489 0.985530 0.157407
0.973400 0.154517 0.985588 0.157426
0.973454 0.154544 0.985645 0.157445
0.973508 0.154571 0.985703 0.157463
0.973562 0.154599 0.985760 0.157482
0.973616 0.154626 0.985818 0.157500
0.973670 0.154653 0.985875 0.157519
0.973724 0.154680 0.985933 0.157537
0.973778 0.154706 0.985991 0.157556
0.973832 0.154733 0.986048 0.157574
0.973886 0.154760 0.986106 0.157592
0.973940 0.154786 0.986163 0.157610
0.973994 0.154813 0.986221 0.157628
0.974048 0.154839 0.986279 0.157646
0.974103 0.154866 0.986336 0.157664
0.974157 0.154892 0.986394 0.157681
0.974211 0.154918 0.986452 0.157699
0.974265 0.154944 0.986509 0.157716
0.974319 0.154970 0.986567 0.157734
0.974374 0.154996 0.986624 0.157751
0.974428 0.155022 0.986682 0.157768
0.974482 0.155048 0.986740 0.157786
0.974536 0.155074 0.986797 0.157803
0.974591 0.155099 0.986855 0.157820
0.974645 0.155125 0.986913 0.157837
0.974699 0.155150 0.986970 0.157853
0.974754 0.155176 0.987028 0.157870
0.974808 0.155201 0.987086 0.157887
0.974863 0.155226 0.987143 0.157903
0.974917 0.155252 0.987201 0.157920
0.974971 0.155277 0.987259 0.157936
0.975026 0.155302 0.987317 0.157953
0.975080 0.155326 0.987374 0.157969
0.975135 0.155351 0.987432 0.157985
0.975189 0.155376 0.987490 0.158001
0.975244 0.155401 0.987547 0.158017
0.975298 0.155425 0.987605 0.158033
0.975353 0.155450 0.987663 0.158049
0.975407 0.155474 0.987720 0.158064
0.975462 0.155499 0.987778 0.158080
0.975516 0.155523 0.987836 0.158096
0.975571 0.155547 0.987894 0.158111
0.975626 0.155571 0.987951 0.158126
0.975680 0.155595 0.988009 0.158142
0.975735 0.155619 0.988067 0.158157
0.975790 0.155643 0.988124 0.158172
0.975844 0.155667 0.988182 0.158187
0.975899 0.155690 0.988240 0.158202
0.975954 0.155714 0.988298 0.158217
0.976008 0.155737 0.988355 0.158232
0.976063 0.155761 0.988413 0.158246
0.976118 0.155784 0.988471 0.158261
0.976173 0.155807 0.988529 0.158276
0.976227 0.155831 0.988586 0.158290
0.976282 0.155854 0.988644 0.158304
0.976337 0.155877 0.988702 0.158319
0.976392 0.155900 0.988760 0.158333
0.976447 0.155923 0.988818 0.158347
0.976502 0.155945 0.988875 0.158361
0.976556 0.155968 0.988933 0.158375
0.976611 0.155991 0.988991 0.158389
0.976666 0.156013 0.989049 0.158402
0.976721 0.156036 0.989106 0.158416
0.976776 0.156058 0.989164 0.158430
0.976831 0.156080 0.989222 0.158443
0.976886 0.156103 0.989280 0.158457
0.976941 0.156125 0.989338 0.158470
0.976996 0.156147 0.989395 0.158483
0.977051 0.156169 0.989453 0.158496
0.977106 0.156191 0.989511 0.158509
0.977161 0.156213 0.989569 0.158522
0.977216 0.156234 0.989627 0.158535
0.977271 0.156256 0.989684 0.158548
0.977326 0.156277 0.989742 0.158561
0.977382 0.156299 0.989800 0.158573
0.977437 0.156320 0.989858 0.158586
0.977492 0.156342 0.989916 0.158598
0.977547 0.156363 0.989973 0.158611
0.977602 0.156384 0.990031 0.158623
0.977657 0.156405 0.990089 0.158635
0.977712 0.156426 0.990147 0.158647
0.977768 0.156447 0.990205 0.158659
0.977823 0.156468 0.990263 0.158671
0.977878 0.156489 0.990320 0.158683
0.977933 0.156509 0.990378 0.158695
0.977989 0.156530 0.990436 0.158707
0.978044 0.156550 0.990494 0.158718
0.978099 0.156571 0.990552 0.158730
0.978155 0.156591 0.990610 0.158741
0.978210 0.156611 0.990667 0.158753
0.978265 0.156632 0.990725 0.158764
0.978321 0.156652 0.990783 0.158775
0.978376 0.156672 0.990841 0.158786
0.978431 0.156692 0.990899 0.158797
0.978487 0.156712 0.990957 0.158808
0.978542 0.156731 0.991014 0.158819
0.978598 0.156751 0.991072 0.158830
0.978653 0.156771 0.991130 0.158841
0.978709 0.156790 0.991188 0.158851
0.978764 0.156810 0.991246 0.158862
0.978820 0.156829 0.991304 0.158872
0.978875 0.156848 0.991362 0.158883
0.978931 0.156867 0.991419 0.158893
0.978986 0.156886 0.991477 0.158903
0.979042 0.156906 0.991535 0.158913
0.979097 0.156924 0.991593 0.158923
0.979153 0.156943 0.991651 0.158933
0.979208 0.156962 0.991709 0.158943
0.979264 0.156981 0.991767 0.158953
0.979320 0.156999 0.991824 0.158962
0.979375 0.157018 0.991882 0.158972
0.979431 0.157036 0.991940 0.158981
0.979487 0.157055 0.991998 0.158991
0.979542 0.157073 0.992056 0.159000
0.979598 0.157091 0.992114 0.159009
0.979654 0.157109 0.992172 0.159018
0.979709 0.157128 0.992230 0.159027
0.979765 0.157146 0.992287 0.159036
0.979821 0.157163 0.992345 0.159045
0.979877 0.157181 0.992403 0.159054
0.979932 0.157199 0.992461 0.159063
0.979988 0.157217 0.992519 0.159072
0.980044 0.157234 0.992577 0.159080
0.980100 0.157252 0.992635 0.159089
0.980156 0.157269 0.992693 0.159097
0.980211 0.157286 0.992750 0.159105
0.980267 0.157304 0.992808 0.159114
0.980323 0.157321 0.992866 0.159122
0.980379 0.157338 0.992924 0.159130
0.980435 0.157355 0.992982 0.159138
0.980491 0.157372 0.993040 0.159146
0.980547 0.157388 0.993098 0.159153
0.980603 0.157405 0.993156 0.159161
0.980659 0.157422 0.993214 0.159169
0.980715 0.157438 0.993271 0.159176
0.980771 0.157455 0.993329 0.159184
0.980827 0.157471 0.993387 0.159191
0.980883 0.157488 0.993445 0.159198
0.980939 0.157504 0.993503 0.159206
0.980995 0.157520 0.993561 0.159213
0.981051 0.157536 0.993619 0.159220
0.981107 0.157552 0.993677 0.159227
0.981163 0.157568 0.993734 0.159234
0.981219 0.157584 0.993792 0.159240
0.981275 0.157600 0.993850 0.159247
0.981331 0.157615 0.993908 0.159254
0.981387 0.157631 0.993966 0.159260
0.981443 0.157647 0.994024 0.159267
0.981500 0.157662 0.994082 0.159273
0.981556 0.157677 0.994140 0.159279
0.981612 0.157693 0.994198 0.159286
0.981668 0.157708 0.994255 0.159292
0.981724 0.157723 0.994313 0.159298
0.981780 0.157738 0.994371 0.159304
0.981837 0.157753 0.994429 0.159310
0.981893 0.157768 0.994487 0.159315
0.981949 0.157782 0.994545 0.159321
0.982005 0.157797 0.994603 0.159327
0.982062 0.157812 0.994661 0.159332
0.982118 0.157826 0.994719 0.159338
0.982174 0.157841 0.994776 0.159343
0.982231 0.157855 0.994834 0.159348
0.982287 0.157869 0.994892 0.159353
0.982343 0.157884 0.994950 0.159359
0.982400 0.157898 0.995008 0.159364
0.982456 0.157912 0.995066 0.159368
0.982512 0.157926 0.995124 0.159373
0.982569 0.157939 0.995182 0.159378
0.982625 0.157953 0.995239 0.159383
0.982682 0.157967 0.995297 0.159387
0.982738 0.157981 0.995355 0.159392
0.982795 0.157994 0.995413 0.159396
0.982851 0.158008 0.995471 0.159401
0.982907 0.158021 0.995529 0.159405
0.982964 0.158034 0.995587 0.159409
0.983020 0.158047 0.995645 0.159413
0.983077 0.158061 0.995702 0.159417
0.983133 0.158074 0.995760 0.159421
0.983190 0.158087 0.995818 0.159425
0.983246 0.158100 0.995876 0.159429
0.983303 0.158112 0.995934 0.159432
0.983360 0.158125 0.995992 0.159436
0.983416 0.158138 0.996050 0.159440
0.983473 0.158150 0.996108 0.159443
0.983529 0.158163 0.996165 0.159446
0.983586 0.158175 0.996223 0.159450
0.983643 0.158187 0.996281 0.159453
0.983699 0.158200 0.996339 0.159456
0.983756 0.158212 0.996397 0.159459
0.983813 0.158224 0.996455 0.159462
0.983869 0.158236 0.996513 0.159465
0.983926 0.158248 0.996570 0.159467
0.983983 0.158260 0.996628 0.159470
0.984039 0.158271 0.996686 0.159473
0.984096 0.158283 0.996744 0.159475
0.984153 0.158295 0.996802 0.159478
0.984209 0.158306 0.996860 0.159480
0.984266 0.158317 0.996917 0.159482
0.984323 0.158329 0.996975 0.159484
0.984380 0.158340 0.997033 0.159486
0.984437 0.158351 0.997091 0.159488
0.984493 0.158362 0.997149 0.159490
0.984550 0.158373 0.997207 0.159492
0.984607 0.158384 0.997265 0.159494
0.984664 0.158395 0.997322 0.159496
0.984721 0.158406 0.997380 0.159497
0.984778 0.158416 0.997438 0.159499
0.984834 0.158427 0.997496 0.159500
0.984891 0.158437 0.997554 0.159501
0.984948 0.158448 0.997611 0.159503
0.985005 0.158458 0.997669 0.159504
0.985062 0.158468 0.997727 0.159505
0.985119 0.158479 0.997785 0.159506
0.985176 0.158489 0.997843 0.159507
0.985233 0.158499 0.997901 0.159508
0.985290 0.158509 0.997958 0.159508
0.985347 0.158518 0.998016 0.159509
0.985404 0.158528 0.998074 0.159510
0.985461 0.158538 0.998132 0.159510
0.985518 0.158548 0.998190 0.159511
0.985575 0.158557 0.998247 0.159511
0.985632 0.158566 0.998305 0.159511
0.985689 0.158576 0.998363 0.159511
0.985746 0.158585 0.998421 0.159512
0.985803 0.158594 0.998479 0.159512
0.985860 0.158603 0.998536 0.159511
0.985917 0.158612 0.998594 0.159511
0.985974 0.158621 0.998652 0.159511
0.986031 0.158630 0.998710 0.159511
0.986088 0.158639 0.998767 0.159510
0.986145 0.158648 0.998825 0.159510
0.986203 0.158656 0.998883 0.159509
0.986260 0.158665 0.998941 0.159509
0.986317 0.158673 0.998999 0.159508
0.986374 0.158682 0.999056 0.159507
0.986431 0.158690 0.999114 0.159506
0.986488 0.158698 0.999172 0.159505
0.986546 0.158706 0.999230 0.159504
0.986603 0.158714 0.999287 0.159503
0.986660 0.158722 0.999345 0.159502
0.986717 0.158730 0.999403 0.159500
0.986774 0.158738 0.999461 0.159499
0.986832 0.158746 0.999518 0.159497
0.986889 0.158753 0.999576 0.159496
0.986946 0.158761 0.999634 0.159494
0.987004 0.158768 0.999692 0.159492
0.987061 0.158776 0.999749 0.159491
0.987118 0.158783 0.999807 0.159489
0.987175 0.158790 0.999865 0.159487
0.987233 0.158797 0.999922 0.159485
0.987290 0.158804 0.999980 0.159483
0.987347 0.158811 1.000038 0.159480
0.987405 0.158818 1.000096 0.159478
0.987462 0.158825 1.000153 0.159476
0.987519 0.158832 1.000211 0.159473
0.987577 0.158838 1.000269 0.159471
0.987634 0.158845 1.000326 0.159468
0.987692 0.158851 1.000384 0.159465
0.987749 0.158858 1.000442 0.159462
0.987806 0.158864 1.000500 0.159460
0.987864 0.158870 1.000557 0.159457
0.987921 0.158876 1.000615 0.159454
0.987979 0.158882 1.000673 0.159450
0.988036 0.158888 1.000730 0.159447
0.988094 0.158894 1.000788 0.159444
0.988151 0.158900 1.000846 0.159440
0.988209 0.158906 1.000903 0.159437
0.988266 0.158911 1.000961 0.159433
0.988324 0.158917 1.001019 0.159430
0.988381 0.158923 1.001076 0.159426
0.988439 0.158928 1.001134 0.159422
0.988496 0.158933 1.001192 0.159418
0.988554 0.158938 1.001249 0.159415
0.988611 0.158944 1.001307 0.159410
0.988669 0.158949 1.001364 0.159406
0.988726 0.158954 1.001422 0.159402
0.988784 0.158959 1.001480 0.159398
0.988842 0.158963 1.001537 0.159393
0.988899 0.158968 1.001595 0.159389
0.988957 0.158973 1.001653 0.159385
0.989014 0.158977 1.001710 0.159380
0.989072 0.158982 1.001768 0.159375
0.989130 0.158986 1.001825 0.159370
0.989187 0.158991 1.001883 0.159366
0.989245 0.158995 1.001941 0.159361
0.989303 0.158999 1.001998 0.159356
0.989360 0.159003 1.002056 0.159350
0.989418 0.159007 1.002113 0.159345
0.989476 0.159011 1.002171 0.159340
0.989533 0.159015 1.002228 0.159335
0.989591 0.159019 1.002286 0.159329
0.989649 0.159022 1.002344 0.159324
0.989706 0.159026 1.002401 0.159318
0.989764 0.159029 1.002459 0.159312
0.989822 0.159033 1.002516 0.159307
0.989880 0.159036 1.002574 0.159301
0.989937 0.159039 1.002631 0.159295
0.989995 0.159043 1.002689 0.159289
0.990053 0.159046 1.002746 0.159283
0.990111 0.159049 1.002804 0.159277
0.990169 0.159052 1.002862 0.159270
0.990226 0.159055 1.002919 0.159264
0.990284 0.159057 1.002977 0.159258
0.990342 0.159060 1.003034 0.159251
0.990400 0.159063 1.003092 0.159245
0.990458 0.159065 1.003149 0.159238
0.990515 0.159068 1.003207 0.159231
0.990573 0.159070 1.003264 0.159224
0.990631 0.159072 1.003322 0.159217
0.990689 0.159074 1.003379 0.159210
0.990747 0.159077 1.003437 0.159203
0.990805 0.159079 1.003494 0.159196
0.990863 0.159081 1.003551 0.159189
0.990921 0.159082 1.003609 0.159182
0.990979 0.159084 1.003666 0.159174
0.991036 0.159086 1.003724 0.159167
0.991094 0.159087 1.003781 0.159159
0.991152 0.159089 1.003839 0.159152
0.991210 0.159090 1.003896 0.159144
0.991268 0.159092 1.003954 0.159136
0.991326 0.159093 1.004011 0.159128
0.991384 0.159094 1.004068 0.159120
0.991442 0.159095 1.004126 0.159112
0.991500 0.159097 1.004183 0.159104
0.991558 0.159097 1.004241 0.159096
0.991616 0.159098 1.004298 0.159088
0.991674 0.159099 1.004355 0.159079
0.991732 0.159100 1.004413 0.159071
0.991790 0.159101 1.004470 0.159062
0.991848 0.159101 1.004528 0.159054
0.991906 0.159102 1.004585 0.159045
0.991964 0.159102 1.004642 0.159036
0.992022 0.159102 1.004700 0.159027
0.992080 0.159102 1.004757 0.159019
0.992138 0.159103 1.004814 0.159009
0.992196 0.159103 1.004872 0.159000
0.992254 0.159103 1.004929 0.158991
0.992313 0.159103 1.004986 0.158982
0.992371 0.159102 1.005044 0.158973
0.992429 0.159102 1.005101 0.158963
0.992487 0.159102 1.005158 0.158954
0.992545 0.159101 1.005216 0.158944
0.992603 0.159101 1.005273 0.158934
0.992661 0.159100 1.005330 0.158925
0.992719 0.159099 1.005388 0.158915
0.992777 0.159099 1.005445 0.158905
0.992836 0.159098 1.005502 0.158895
0.992894 0.159097 1.005560 0.158885
0.992952 0.159096 1.005617 0.158875
0.993010 0.159095 1.005674 0.158865
0.993068 0.159094 1.005731 0.158854
0.993127 0.159092 1.005789 0.158844
0.993185 0.159091 1.005846 0.158833
0.993243 0.159090 1.005903 0.158823
0.993301 0.159088 1.005960 0.158812
0.993359 0.159087 1.006018 0.158802
0.993418 0.159085 1.006075 0.158791
0.993476 0.159083 1.006132 0.158780
0.993534 0.159081 1.006189 0.158769
0.993592 0.159079 1.006246 0.158758
0.993650 0.159077 1.006304 0.158747
0.993709 0.159075 1.006361 0.158736
0.993767 0.159073 1.006418 0.158724
0.993825 0.159071 1.006475 0.158713
0.993884 0.159069 1.006532 0.158702
0.993942 0.159066 1.006589 0.158690
0.994000 0.159064 1.006647 0.158679
0.994058 0.159061 1.006704 0.158667
0.994117 0.159059 1.006761 0.158655
0.994175 0.159056 1.006818 0.158643
0.994233 0.159053 1.006875 0.158631
0.994292 0.159050 1.006932 0.158619
0.994350 0.159047 1.006989 0.158607
0.994408 0.159044 1.007047 0.158595
0.994467 0.159041 1.007104 0.158583
0.994525 0.159038 1.007161 0.158571
0.994583 0.159034 1.007218 0.158558
0.994642 0.159031 1.007275 0.158546
0.994700 0.159028 1.007332 0.158533
0.994758 0.159024 1.007389 0.158521
0.994817 0.159020 1.007446 0.158508
0.994875 0.159017 1.007503 0.158495
0.994934 0.159013 1.007560 0.158482
0.994992 0.159009 1.007617 0.158469
0.995050 0.159005 1.007674 0.158456
0.995109 0.159001 1.007731 0.158443
0.995167 0.158997 1.007788 0.158430
0.995226 0.158993 1.007845 0.158417
0.995284 0.158988 1.007902 0.158403
0.995342 0.158984 1.007959 0.158390
0.995401 0.158979 1.008016 0.158376
0.995459 0.158975 1.008073 0.158363
0.995518 0.158970 1.008130 0.158349
0.995576 0.158966 1.008187 0.158335
0.995635 0.158961 1.008244 0.158322
0.995693 0.158956 1.008301 0.158308
0.995752 0.158951 1.008358 0.158294
0.995810 0.158946 1.008415 0.158280
0.995868 0.158941 1.008472 0.158266
0.995927 0.158936 1.008529 0.158251
0.995985 0.158930 1.008586 0.158237
0.996044 0.158925 1.008643 0.158223
0.996102 0.158920 1.008700 0.158208
0.996161 0.158914 1.008757 0.158194
0.996219 0.158909 1.008814 0.158179
0.996278 0.158903 1.008871 0.158164
0.996336 0.158897 1.008927 0.158150
0.996395 0.158891 1.008984 0.158135
0.996453 0.158885 1.009041 0.158120
0.996512 0.158879 1.009098 0.158105
0.996571 0.158873 1.009155 0.158090
0.996629 0.158867 1.009212 0.158074
0.996688 0.158861 1.009269 0.158059
0.996746 0.158854 1.009325 0.158044
0.996805 0.158848 1.009382 0.158028
0.996863 0.158842 1.009439 0.158013
0.996922 0.158835 1.009496 0.157997
0.996980 0.158828 1.009553 0.157982
0.997039 0.158822 1.009609 0.157966
0.997098 0.158815 1.009666 0.157950
0.997156 0.158808 1.009723 0.157934
0.997215 0.158801 1.009780 0.157918
0.997273 0.158794 1.009836 0.157902
0.997332 0.158787 1.009893 0.157886
0.997391 0.158779 1.009950 0.157870
0.997449 0.158772 1.010007 0.157854
0.997508 0.158765 1.010063 0.157837
0.997566 0.158757 1.010120 0.157821
0.997625 0.158750 1.010177 0.157804
0.997684 0.158742 1.010234 0.157788
0.997742 0.158734 1.010290 0.157771
0.997801 0.158726 1.010347 0.157754
0.997860 0.158719 1.010404 0.157738
0.997918 0.158711 1.010460 0.157721
0.997977 0.158703 1.010517 0.157704
0.998036 0.158694 1.010574 0.157687
0.998094 0.158686 1.010630 0.157670
0.998153 0.158678 1.010687 0.157652
0.998212 0.158669 1.010743 0.157635
0.998270 0.158661 1.010800 0.157618
0.998329 0.158652 1.010857 0.157600
0.998388 0.158644 1.010913 0.157583
0.998446 0.158635 1.010970 0.157565
0.998505 0.158626 1.011026 0.157547
0.998564 0.158618 1.011083 0.157530
0.998622 0.158609 1.011140 0.157512
0.998681 0.158600 1.011196 0.157494
0.998740 0.158590 1.011253 0.157476
0.998798 0.158581 1.011309 0.157458
0.998857 0.158572 1.011366 0.157440
0.998916 0.158563 1.011422 0.157421
0.998975 0.158553 1.011479 0.157403
0.999033 0.158544 1.011535 0.157385
0.999092 0.158534 1.011592 0.157366
0.999151 0.158524 1.011648 0.157348
0.999210 0.158515 1.011705 0.157329
0.999268 0.158505 1.011761 0.157310
0.999327 0.158495 1.011818 0.157291
0.999386 0.158485 1.011874 0.157273
0.999444 0.158475 1.011931 0.157254
0.999503 0.158465 1.011987 0.157235
0.999562 0.158454 1.012043 0.157216
0.999621 0.158444 1.012100 0.157196
0.999679 0.158434 1.012156 0.157177
0.999738 0.158423 1.012213 0.157158
0.999797 0.158412 1.012269 0.157138
0.999856 0.158402 1.012325 0.157119
0.999915 0.158391 1.012382 0.157099
0.999973 0.158380 1.012438 0.157080
1.000032 0.158369 1.012494 0.157060
1.000091 0.158358 1.012551 0.157040
1.000150 0.158347 1.012607 0.157020
1.000208 0.158336 1.012663 0.157000
1.000267 0.158325 1.012720 0.156980
1.000326 0.158314 1.012776 0.156960
1.000385 0.158302 1.012832 0.156940
1.000444 0.158291 1.012889 0.156920
1.000502 0.158279 1.012945 0.156899
1.000561 0.158268 1.013001 0.156879
1.000620 0.158256 1.013057 0.156858
1.000679 0.158244 1.013114 0.156838
1.000738 0.158232 1.013170 0.156817
1.000797 0.158220 1.013226 0.156797
1.000855 0.158208 1.013282 0.156776
1.000914 0.158196 1.013339 0.156755
1.000973 0.158184 1.013395 0.156734
1.001032 0.158172 1.013451 0.156713
1.001091 0.158159 1.013507 0.156692
1.001149 0.158147 1.013563 0.156671
1.001208 0.158134 1.013620 0.156649
1.001267 0.158122 1.013676 0.156628
1.001326 0.158109 1.013732 0.156607
1.001385 0.158096 1.013788 0.156585
1.001444 0.158083 1.013844 0.156563
1.001503 0.158070 1.013900 0.156542
1.001561 0.158057 1.013956 0.156520
1.001620 0.158044 1.014012 0.156498
1.001679 0.158031 1.014068 0.156476
1.001738 0.158018 1.014125 0.156454
1.001797 0.158004 1.014181 0.156432
1.001856 0.157991 1.014237 0.156410
1.001915 0.157978 1.014293 0.156388
1.001973 0.157964 1.014349 0.156366
1.002032 0.157950 1.014405 0.156343
1.002091 0.157937 1.014461 0.156321
1.002150 0.157923 1.014517 0.156299
1.002209 0.157909 1.014573 0.156276
1.002268 0.157895 1.014629 0.156253
1.002327 0.157881 1.014685 0.156231
1.002385 0.157867 1.014741 0.156208
1.002444 0.157852 1.014797 0.156185
1.002503 0.157838 1.014853 0.156162
1.002562 0.157824 1.014908 0.156139
1.002621 0.157809 1.014964 0.156116
1.002680 0.157795 1.015020 0.156093
1.002739 0.157780 1.015076 0.156069
1.002798 0.157765 1.015132 0.156046
1.002857 0.157750 1.015188 0.156023
1.002915 0.157736 1.015244 0.155999
1.002974 0.157721 1.015300 0.155976
1.003033 0.157706 1.015355 0.155952
1.003092 0.157690 1.015411 0.155928
1.003151 0.157675 1.015467 0.155904
1.003210 0.157660 1.015523 0.155881
1.003269 0.157645 1.015579 0.155857
1.003328 0.157629 1.015635 0.155833
1.003387 0.157614 1.015690 0.155808
1.003446 0.157598 1.015746 0.155784
1.003504 0.157582 1.015802 0.155760
1.003563 0.157567 1.015858 0.155736
1.003622 0.157551 1.015913 0.155711
1.003681 0.157535 1.015969 0.155687
1.003740 0.157519 1.016025 0.155662
1.003799 0.157503 1.016080 0.155638
1.003858 0.157486 1.016136 0.155613
1.003917 0.157470 1.016192 0.155588
1.003976 0.157454 1.016248 0.155563
1.004035 0.157437 1.016303 0.155538
1.004094 0.157421 1.016359 0.155513
1.004153 0.157404 1.016414 0.155488
1.004211 0.157388 1.016470 0.155463
1.004270 0.157371 1.016526 0.155438
1.004329 0.157354 1.016581 0.155412
1.004388 0.157337 1.016637 0.155387
1.004447 0.157320 1.016693 0.155362
1.004506 0.157303 1.016748 0.155336
1.004565 0.157286 1.016804 0.155310
1.004624 0.157269 1.016859 0.155285
1.004683 0.157252 1.016915 0.155259
1.004742 0.157234 1.016970 0.155233
1.004801 0.157217 1.017026 0.155207
1.004860 0.157199 1.017081 0.155181
1.004918 0.157182 1.017137 0.155155
1.004977 0.157164 1.017192 0.155129
1.005036 0.157146 1.017248 0.155103
1.005095 0.157128 1.017303 0.155076
1.005154 0.157110 1.017359 0.155050
1.005213 0.157092 1.017414 0.155024
1.005272 0.157074 1.017469 0.154997
1.005331 0.157056 1.017525 0.154971
1.005390 0.157038 1.017580 0.154944
1.005449 0.157019 1.017636 0.154917
1.005508 0.157001 1.017691 0.154890
1.005567 0.156982 1.017746 0.154863
1.005626 0.156964 1.017802 0.154836
1.005685 0.156945 1.017857 0.154809
1.005743 0.156926 1.017912 0.154782
1.005802 0.156908 1.017968 0.154755
1.005861 0.156889 1.018023 0.154728
1.005920 0.156870 1.018078 0.154700
1.005979 0.156851 1.018134 0.154673
1.006038 0.156831 1.018189 0.154645
1.006097 0.156812 1.018244 0.154618
1.006156 0.156793 1.018299 0.154590
1.006215 0.156773 1.018355 0.154562
1.006274 0.156754 1.018410 0.154535
1.006333 0.156734 1.018465 0.154507
1.006392 0.156715 1.018520 0.154479
1.006451 0.156695 1.018575 0.154451
1.006509 0.156675 1.018631 0.154423
1.006568 0.156655 1.018686 0.154395
1.006627 0.156635 1.018741 0.154366
1.006686 0.156615 1.018796 0.154338
1.006745 0.156595 1.018851 0.154310
1.006804 0.156575 1.018906 0.154281
1.006863 0.156555 1.018961 0.154253
1.006922 0.156535 1.019017 0.154224
1.006981 0.156514 1.019072 0.154195
1.007040 0.156494 1.019127 0.154166
1.007099 0.156473 1.019182 0.154138
1.007158 0.156452 1.019237 0.154109
1.007216 0.156432 1.019292 0.154080
1.007275 0.156411 1.019347 0.154051
1.007334 0.156390 1.019402 0.154022
1.007393 0.156369 1.019457 0.153992
1.007452 0.156348 1.019512 0.153963
1.007511 0.156327 1.019567 0.153934
1.007570 0.156305 1.019622 0.153904
1.007629 0.156284 1.019677 0.153875
1.007688 0.156263 1.019732 0.153845
1.007747 0.156241 1.019787 0.153815
1.007806 0.156220 1.019841 0.153786
1.007864 0.156198 1.019896 0.153756
1.007923 0.156176 1.019951 0.153726
1.007982 0.156154 1.020006 0.153696
1.008041 0.156133 1.020061 0.153666
1.008100 0.156111 1.020116 0.153636
1.008159 0.156089 1.020171 0.153606
1.008218 0.156066 1.020225 0.153575
1.008277 0.156044 1.020280 0.153545
1.008336 0.156022 1.020335 0.153515
1.008394 0.156000 1.020390 0.153484
1.008453 0.155977 1.020445 0.153454
1.008512 0.155955 1.020499 0.153423
1.008571 0.155932 1.020554 0.153392
1.008630 0.155909 1.020609 0.153362
1.008689 0.155887 1.020663 0.153331
1.008748 0.155864 1.020718 0.153300
1.008807 0.155841 1.020773 0.153269
1.008865 0.155818 1.020827 0.153238
1.008924 0.155795 1.020882 0.153207
1.008983 0.155772 1.020937 0.153175
1.009042 0.155748 1.020991 0.153144
1.009101 0.155725 1.021046 0.153113
1.009160 0.155702 1.021101 0.153081
1.009219 0.155678 1.021155 0.153050
1.009278 0.155655 1.021210 0.153018
1.009336 0.155631 1.021264 0.152987
1.009395 0.155607 1.021319 0.152955
1.009454 0.155584 1.021373 0.152923
1.009513 0.155560 1.021428 0.152891
1.009572 0.155536 1.021483 0.152859
1.009631 0.155512 1.021537 0.152827
1.009689 0.155488 1.021592 0.152795
1.009748 0.155463 1.021646 0.152763
1.009807 0.155439 1.021700 0.152731
1.009866 0.155415 1.021755 0.152699
1.009925 0.155390 1.021809 0.152666
1.009984 0.155366 1.021864 0.152634
1.010042 0.155341 1.021918 0.152601
1.010101 0.155317 1.021973 0.152569
1.010160 0.155292 1.022027 0.152536
1.010219 0.155267 1.022081 0.152503
1.010278 0.155242 1.022136 0.152470
1.010337 0.155217 1.022190 0.152437
1.010395 0.155192 1.022244 0.152404
1.010454 0.155167 1.022299 0.152371
1.010513 0.155142 1.022353 0.152338
1.010572 0.155117 1.022407 0.152305
1.010631 0.155091 1.022461 0.152272
1.010689 0.155066 1.022516 0.152239
1.010748 0.155040 1.022570 0.152205
1.010807 0.155015 1.022624 0.152172
1.010866 0.154989 1.022678 0.152138
1.010925 0.154963 1.022733 0.152105
1.010983 0.154937 1.022787 0.152071
1.011042 0.154911 1.022841 0.152037
1.011101 0.154885 1.022895 0.152003
1.011160 0.154859 1.022949 0.151969
1.011218 0.154833 1.023003 0.151935
1.011277 0.154807 1.023058 0.151901
1.011336 0.154780 1.023112 0.151867
1.011395 0.154754 1.023166 0.151833
1.011453 0.154728 1.023220 0.151799
1.011512 0.154701 1.023274 0.151764
1.011571 0.154674 1.023328 0.151730
1.011630 0.154648 1.023382 0.151695
1.011688 0.154621 1.023436 0.151661
1.011747 0.154594 1.023490 0.151626
1.011806 0.154567 1.023544 0.151592
1.011865 0.154540 1.023598 0.151557
1.011923 0.154513 1.023652 0.151522
1.011982 0.154486 1.023706 0.151487
1.012041 0.154458 1.023760 0.151452
1.012100 0.154431 1.023814 0.151417
1.012158 0.154404 1.023868 0.151382
1.012217 0.154376 1.023921 0.151347
1.012276 0.154349 1.023975 0.151311
1.012334 0.154321 1.024029 0.151276
1.012393 0.154293 1.024083 0.151241
1.012452 0.154265 1.024137 0.151205
1.012510 0.154237 1.024191 0.151170
1.012569 0.154209 1.024244 0.151134
1.012628 0.154181 1.024298 0.151098
1.012686 0.154153 1.024352 0.151062
1.012745 0.154125 1.024406 0.151027
1.012804 0.154097 1.024460 0.150991
1.012862 0.154068 1.024513 0.150955
1.012921 0.154040 1.024567 0.150919
1.012980 0.154011 1.024621 0.150882
1.013038 0.153983 1.024674 0.150846
1.013097 0.153954 1.024728 0.150810
1.013156 0.153925 1.024782 0.150774
1.013214 0.153896 1.024835 0.150737
1.013273 0.153868 1.024889 0.150701
1.013332 0.153839 1.024943 0.150664
1.013390 0.153809 1.024996 0.150627
1.013449 0.153780 1.025050 0.150591
1.013507 0.153751 1.025103 0.150554
1.013566 0.153722 1.025157 0.150517
1.013625 0.153692 1.025210 0.150480
1.013683 0.153663 1.025264 0.150443
1.013742 0.153633 1.025317 0.150406
1.013800 0.153604 1.025371 0.150369
1.013859 0.153574 1.025424 0.150332
1.013918 0.153544 1.025478 0.150295
1.013976 0.153514 1.025531 0.150257
1.014035 0.153484 1.025585 0.150220
1.014093 0.153454 1.025638 0.150182
1.014152 0.153424 1.025691 0.150145
1.014210 0.153394 1.025745 0.150107
1.014269 0.153364 1.025798 0.150069
1.014328 0.153333 1.025852 0.150032
1.014386 0.153303 1.025905 0.149994
1.014445 0.153273 1.025958 0.149956
1.014503 0.153242 1.026012 0.149918
1.014562 0.153211 1.026065 0.149880
1.014620 0.153181 1.026118 0.149842
1.014679 0.153150 1.026171 0.149804
1.014737 0.153119 1.026225 0.149765
1.014796 0.153088 1.026278 0.149727
1.014854 0.153057 1.026331 0.149689
1.014913 0.153026 1.026384 0.149650
1.014971 0.152995 1.026437 0.149612
1.015030 0.152963 1.026491 0.149573
1.015088 0.152932 1.026544 0.149534
1.015147 0.152901 1.026597 0.149495
1.015205 0.152869 1.026650 0.149457
1.015264 0.152837 1.026703 0.149418
1.015322 0.152806 1.026756 0.149379
1.015380 0.152774 1.026809 0.149340
1.015439 0.152742 1.026862 0.149301
1.015497 0.152710 1.026915 0.149261
1.015556 0.152678 1.026968 0.149222
1.015614 0.152646 1.027021 0.149183
1.015673 0.152614 1.027074 0.149143
1.015731 0.152582 1.027127 0.149104
1.015789 0.152550 1.027180 0.149064
1.015848 0.152517 1.027233 0.149025
1.015906 0.152485 1.027286 0.148985
1.015965 0.152452 1.027339 0.148945
1.016023 0.152420 1.027392 0.148906
1.016081 0.152387 1.027445 0.148866
1.016140 0.152354 1.027498 0.148826
1.016198 0.152322 1.027551 0.148786
1.016256 0.152289 1.027604 0.148746
1.016315 0.152256 1.027656 0.148706
1.016373 0.152223 1.027709 0.148665
1.016431 0.152189 1.027762 0.148625
1.016490 0.152156 1.027815 0.148585
1.016548 0.152123 1.027867 0.148544
1.016606 0.152090 1.027920 0.148504
1.016665 0.152056 1.027973 0.148463
1.016723 0.152023 1.028026 0.148423
1.016781 0.151989 1.028078 0.148382
1.016840 0.151955 1.028131 0.148341
1.016898 0.151922 1.028184 0.148300
1.016956 0.151888 1.028236 0.148259
1.017015 0.151854 1.028289 0.148218
1.017073 0.151820 1.028342 0.148177
1.017131 0.151786 1.028394 0.148136
1.017189 0.151752 1.028447 0.148095
1.017248 0.151717 1.028499 0.148054
1.017306 0.151683 1.028552 0.148012
1.017364 0.151649 1.028604 0.147971
1.017422 0.151614 1.028657 0.147929
1.017480 0.151580 1.028709 0.147888
1.017539 0.151545 1.028762 0.147846
1.017597 0.151510 1.028814 0.147805
1.017655 0.151476 1.028867 0.147763
1.017713 0.151441 1.028919 0.147721
1.017771 0.151406 1.028972 0.147679
1.017830 0.151371 1.029024 0.147637
1.017888 0.151336 1.029076 0.147595
1.017946 0.151301 1.029129 0.147553
1.018004 0.151265 1.029181 0.147511
1.018062 0.151230 1.029233 0.147469
1.018120 0.151195 1.029286 0.147426
1.018179 0.151159 1.029338 0.147384
1.018237 0.151124 1.029390 0.147342
1.018295 0.151088 1.029443 0.147299
1.018353 0.151052 1.029495 0.147256
1.018411 0.151017 1.029547 0.147214
1.018469 0.150981 1.029599 0.147171
1.018527 0.150945 1.029651 0.147128
1.018585 0.150909 1.029704 0.147086
1.018643 0.150873 1.029756 0.147043
1.018701 0.150837 1.029808 0.147000
1.018759 0.150801 1.029860 0.146957
1.018818 0.150764 1.029912 0.146913
1.018876 0.150728 1.029964 0.146870
1.018934 0.150691 1.030016 0.146827
1.018992 0.150655 1.030068 0.146784
1.019050 0.150618 1.030120 0.146740
1.019108 0.150582 1.030172 0.146697
1.019166 0.150545 1.030224 0.146653
1.019224 0.150508 1.030276 0.146610
1.019282 0.150471 1.030328 0.146566
1.019340 0.150434 1.030380 0.146522
1.019398 0.150397 1.030432 0.146478
1.019456 0.150360 1.030484 0.146435
1.019513 0.150323 1.030536 0.146391
1.019571 0.150285 1.030588 0.146347
1.019629 0.150248 1.030640 0.146303
1.019687 0.150210 1.030692 0.146258
1.019745 0.150173 1.030744 0.146214
1.019803 0.150135 1.030795 0.146170
1.019861 0.150098 1.030847 0.146126
1.019919 0.150060 1.030899 0.146081
1.019977 0.150022 1.030951 0.146037
1.020035 0.149984 1.031002 0.145992
1.020093 0.149946 1.031054 0.145948
1.020150 0.149908 1.031106 0.145903
1.020208 0.149870 1.031158 0.145858
1.020266 0.149832 1.031209 0.145813
1.020324 0.149793 1.031261 0.145768
1.020382 0.149755 1.031313 0.145723
1.020440 0.149717 1.031364 0.145678
1.020497 0.149678 1.031416 0.145633
1.020555 0.149640 1.031467 0.145588
1.020613 0.149601 1.031519 0.145543
1.020671 0.149562 1.031570 0.145498
1.020729 0.149523 1.031622 0.145452
1.020786 0.149484 1.031674 0.145407
1.020844 0.149445 1.031725 0.145361
1.020902 0.149406 1.031777 0.145316
1.020960 0.149367 1.031828 0.145270
1.021017 0.149328 1.031879 0.145225
1.021075 0.149289 1.031931 0.145179
1.021133 0.149249 1.031982 0.145133
1.021190 0.149210 1.032034 0.145087
1.021248 0.149171 1.032085 0.145041
1.021306 0.149131 1.032136 0.144995
1.021363 0.149091 1.032188 0.144949
1.021421 0.149052 1.032239 0.144903
1.021479 0.149012 1.032290 0.144857
1.021536 0.148972 1.032342 0.144810
1.021594 0.148932 1.032393 0.144764
1.021652 0.148892 1.032444 0.144718
1.021709 0.148852 1.032495 0.144671
1.021767 0.148812 1.032547 0.144625
1.021825 0.148771 1.032598 0.144578
1.021882 0.148731 1.032649 0.144531
1.021940 0.148691 1.032700 0.144484
1.021997 0.148650 1.032751 0.144438
1.022055 0.148609 1.032802 0.144391
1.022112 0.148569 1.032853 0.144344
1.022170 0.148528 1.032905 0.144297
1.022227 0.148487 1.032956 0.144250
1.022285 0.148446 1.033007 0.144203
1.022342 0.148406 1.033058 0.144155
1.022400 0.148364 1.033109 0.144108
1.022457 0.148323 1.033160 0.144061
1.022515 0.148282 1.033211 0.144013
1.022572 0.148241 1.033262 0.143966
1.022630 0.148200 1.033313 0.143918
1.022687 0.148158 1.033364 0.143871
1.022745 0.148117 1.033414 0.143823
1.022802 0.148075 1.033465 0.143775
1.022860 0.148034 1.033516 0.143727
1.022917 0.147992 1.033567 0.143679
1.022974 0.147950 1.033618 0.143631
1.023032 0.147908 1.033669 0.143583
1.023089 0.147866 1.033719 0.143535
1.023147 0.147824 1.033770 0.143487
1.023204 0.147782 1.033821 0.143439
1.023261 0.147740 1.033872 0.143391
1.023319 0.147698 1.033922 0.143342
1.023376 0.147656 1.033973 0.143294
1.023433 0.147613 1.034024 0.143246
1.023491 0.147571 1.034074 0.143197
1.023548 0.147528 1.034125 0.143148
1.023605 0.147486 1.034176 0.143100
1.023662 0.147443 1.034226 0.143051
1.023720 0.147400 1.034277 0.143002
1.023777 0.147357 1.034327 0.142953
1.023834 0.147315 1.034378 0.142904
1.023891 0.147272 1.034429 0.142855
1.023949 0.147229 1.034479 0.142806
1.024006 0.147185 1.034530 0.142757
1.024063 0.147142 1.034580 0.142708
1.024120 0.147099 1.034630 0.142659
1.024177 0.147056 1.034681 0.142609
1.024234 0.147012 1.034731 0.142560
1.024292 0.146969 1.034782 0.142511
1.024349 0.146925 1.034832 0.142461
1.024406 0.146881 1.034882 0.142411
1.024463 0.146838 1.034933 0.142362
1.024520 0.146794 1.034983 0.142312
1.024577 0.146750 1.035033 0.142262
1.024634 0.146706 1.035084 0.142212
1.024691 0.146662 1.035134 0.142163
1.024748 0.146618 1.035184 0.142113
1.024806 0.146574 1.035234 0.142063
1.024863 0.146530 1.035285 0.142012
1.024920 0.146485 1.035335 0.141962
1.024977 0.146441 1.035385 0.141912
1.025034 0.146396 1.035435 0.141862
1.025091 0.146352 1.035485 0.141811
1.025148 0.146307 1.035535 0.141761
1.025205 0.146263 1.035585 0.141710
1.025262 0.146218 1.035635 0.141660
1.025318 0.146173 1.035686 0.141609
1.025375 0.146128 1.035736 0.141559
1.025432 0.146083 1.035786 0.141508
1.025489 0.146038 1.035836 0.141457
1.025546 0.145993 1.035886 0.141406
1.025603 0.145948 1.035935 0.141355
1.025660 0.145902 1.035985 0.141304
1.025717 0.145857 1.036035 0.141253
1.025774 0.145812 1.036085 0.141202
1.025830 0.145766 1.036135 0.141151
1.025887 0.145721 1.036185 0.141100
1.025944 0.145675 1.036235 0.141048
1.026001 0.145629 1.036285 0.140997
1.026058 0.145583 1.036334 0.140945
1.026114 0.145538 1.036384 0.140894
1.026171 0.145492 1.036434 0.140842
1.026228 0.145446 1.036484 0.140791
1.026285 0.145400 1.036533 0.140739
1.026341 0.145353 1.036583 0.140687
1.026398 0.145307 1.036633 0.140635
1.026455 0.145261 1.036682 0.140583
1.026512 0.145214 1.036732 0.140531
1.026568 0.145168 1.036782 0.140479
1.026625 0.145121 1.036831 0.140427
1.026682 0.145075 1.036881 0.140375
1.026738 0.145028 1.036930 0.140323
1.026795 0.144981 1.036980 0.140271
1.026851 0.144935 1.037029 0.140218
1.026908 0.144888 1.037079 0.140166
1.026965 0.144841 1.037128 0.140113
1.027021 0.144794 1.037178 0.140061
1.027078 0.144746 1.037227 0.140008
1.027134 0.144699 1.037277 0.139956
1.027191 0.144652 1.037326 0.139903
1.027247 0.144605 1.037375 0.139850
1.027304 0.144557 1.037425 0.139797
1.027360 0.144510 1.037474 0.139744
1.027417 0.144462 1.037523 0.139691
1.027473 0.144415 1.037573 0.139638
1.027530 0.144367 1.037622 0.139585
1.027586 0.144319 1.037671 0.139532
1.027643 0.144271 1.037721 0.139479
1.027699 0.144223 1.037770 0.139426
1.027756 0.144175 1.037819 0.139372
1.027812 0.144127 1.037868 0.139319
1.027868 0.144079 1.037917 0.139265
1.027925 0.144031 1.037966 0.139212
1.027981 0.143983 1.038016 0.139158
1.028037 0.143934 1.038065 0.139104
1.028094 0.143886 1.038114 0.139051
1.028150 0.143837 1.038163 0.138997
1.028206 0.143789 1.038212 0.138943
1.028263 0.143740 1.038261 0.138889
1.028319 0.143691 1.038310 0.138835
1.028375 0.143642 1.038359 0.138781
1.028432 0.143594 1.038408 0.138727
1.028488 0.143545 1.038457 0.138673
1.028544 0.143496 1.038506 0.138619
1.028600 0.143446 1.038554 0.138564
1.028656 0.143397 1.038603 0.138510
1.028713 0.143348 1.038652 0.138455
1.028769 0.143299 1.038701 0.138401
1.028825 0.143249 1.038750 0.138346
1.028881 0.143200 1.038799 0.138292
1.028937 0.143150 1.038847 0.138237
1.028993 0.143101 1.038896 0.138182
1.029049 0.143051 1.038945 0.138128
1.029105 0.143001 1.038993 0.138073
1.029162 0.142951 1.039042 0.138018
1.029218 0.142902 1.039091 0.137963
1.029274 0.142852 1.039139 0.137908
1.029330 0.142802 1.039188 0.137853
1.029386 0.142751 1.039237 0.137798
1.029442 0.142701 1.039285 0.137742
1.029498 0.142651 1.039334 0.137687
1.029554 0.142601 1.039382 0.137632
1.029610 0.142550 1.039431 0.137576
1.029666 0.142500 1.039479 0.137521
1.029721 0.142449 1.039528 0.137465
1.029777 0.142399 1.039576 0.137410
1.029833 0.142348 1.039625 0.137354
1.029889 0.142297 1.039673 0.137298
1.029945 0.142246 1.039721 0.137242
1.030001 0.142195 1.039770 0.137187
1.030057 0.142144 1.039818 0.137131
1.030113 0.142093 1.039867 0.137075
1.030168 0.142042 1.039915 0.137019
1.030224 0.141991 1.039963 0.136963
1.030280 0.141940 1.040011 0.136906
1.030336 0.141888 1.040060 0.136850
1.030391 0.141837 1.040108 0.136794
1.030447 0.141786 1.040156 0.136738
1.030503 0.141734 1.040204 0.136681
1.030559 0.141682 1.040252 0.136625
1.030614 0.141631 1.040301 0.136568
1.030670 0.141579 1.040349 0.136512
1.030726 0.141527 1.040397 0.136455
1.030781 0.141475 1.040445 0.136398
1.030837 0.141423 1.040493 0.136341
1.030893 0.141371 1.040541 0.136285
1.030948 0.141319 1.040589 0.136228
1.031004 0.141267 1.040637 0.136171
1.031059 0.141215 1.040685 0.136114
1.031115 0.141162 1.040733 0.136057
1.031170 0.141110 1.040781 0.136000
1.031226 0.141057 1.040829 0.135942
1.031281 0.141005 1.040876 0.135885
1.031337 0.140952 1.040924 0.135828
1.031392 0.140899 1.040972 0.135770
1.031448 0.140847 1.041020 0.135713
1.031503 0.140794 1.041068 0.135655
1.031559 0.140741 1.041116 0.135598
1.031614 0.140688 1.041163 0.135540
1.031670 0.140635 1.041211 0.135483
1.031725 0.140582 1.041259 0.135425
1.031780 0.140528 1.041306 0.135367
1.031836 0.140475 1.041354 0.135309
1.031891 0.140422 1.041402 0.135251
1.031946 0.140368 1.041449 0.135193
1.032002 0.140315 1.041497 0.135135
1.032057 0.140261 1.041544 0.135077
1.032112 0.140208 1.041592 0.135019
1.032168 0.140154 1.041640 0.134961
1.032223 0.140100 1.041687 0.134902
1.032278 0.140046 1.041735 0.134844
1.032333 0.139993 1.041782 0.134786
1.032388 0.139939 1.041829 0.134727
1.032444 0.139885 1.041877 0.134669
1.032499 0.139830 1.041924 0.134610
1.032554 0.139776 1.041972 0.134552
1.032609 0.139722 1.042019 0.134493
1.032664 0.139668 1.042066 0.134434
1.032719 0.139613 1.042114 0.134375
1.032774 0.139559 1.042161 0.134316
1.032829 0.139504 1.042208 0.134257
1.032884 0.139450 1.042255 0.134198
1.032939 0.139395 1.042303 0.134139
1.032994 0.139340 1.042350 0.134080
1.033049 0.139285 1.042397 0.134021
1.033104 0.139230 1.042444 0.133962
1.033159 0.139175 1.042491 0.133902
1.033214 0.139120 1.042538 0.133843
1.033269 0.139065 1.042586 0.133784
1.033324 0.139010 1.042633 0.133724
1.033379 0.138955 1.042680 0.133665
1.033434 0.138899 1.042727 0.133605
1.033489 0.138844 1.042774 0.133545
1.033544 0.138789 1.042821 0.133486
1.033599 0.138733 1.042868 0.133426
1.033653 0.138678 1.042915 0.133366
1.033708 0.138622 1.042961 0.133306
1.033763 0.138566 1.043008 0.133246
1.033818 0.138510 1.043055 0.133186
1.033872 0.138454 1.043102 0.133126
1.033927 0.138398 1.043149 0.133066
1.033982 0.138342 1.043196 0.133006
1.034037 0.138286 1.043242 0.132946
1.034091 0.138230 1.043289 0.132885
1.034146 0.138174 1.043336 0.132825
1.034201 0.138118 1.043383 0.132765
1.034255 0.138061 1.043429 0.132704
1.034310 0.138005 1.043476 0.132643
1.034364 0.137948 1.043523 0.132583
1.034419 0.137892 1.043569 0.132522
1.034474 0.137835 1.043616 0.132461
1.034528 0.137778 1.043662 0.132401
1.034583 0.137721 1.043709 0.132340
1.034637 0.137665 1.043756 0.132279
1.034692 0.137608 1.043802 0.132218
1.034746 0.137551 1.043849 0.132157
1.034801 0.137494 1.043895 0.132096
1.034855 0.137436 1.043941 0.132035
1.034909 0.137379 1.043988 0.131974
1.034964 0.137322 1.044034 0.131912
1.035018 0.137265 1.044081 0.131851
1.035073 0.137207 1.044127 0.131790
1.035127 0.137150 1.044173 0.131728
1.035181 0.137092 1.044220 0.131667
1.035236 0.137035 1.044266 0.131605
1.035290 0.136977 1.044312 0.131544
1.035344 0.136919 1.044358 0.131482
1.035398 0.136861 1.044405 0.131420
1.035453 0.136803 1.044451 0.131359
1.035507 0.136745 1.044497 0.131297
1.035561 0.136687 1.044543 0.131235
1.035615 0.136629 1.044589 0.131173
1.035669 0.136571 1.044635 0.131111
1.035724 0.136513 1.044681 0.131049
1.035778 0.136454 1.044727 0.130987
1.035832 0.136396 1.044773 0.130925
1.035886 0.136338 1.044819 0.130862
1.035940 0.136279 1.044865 0.130800
1.035994 0.136220 1.044911 0.130738
1.036048 0.136162 1.044957 0.130675
1.036102 0.136103 1.045003 0.130613
1.036156 0.136044 1.045049 0.130550
1.036210 0.135985 1.045095 0.130488
1.036264 0.135926 1.045141 0.130425
1.036318 0.135867 1.045187 0.130362
1.036372 0.135808 1.045232 0.130300
1.036426 0.135749 1.045278 0.130237
1.036480 0.135690 1.045324 0.130174
1.036534 0.135631 1.045370 0.130111
1.036588 0.135571 1.045415 0.130048
1.036641 0.135512 1.045461 0.129985
1.036695 0.135452 1.045507 0.129922
1.036749 0.135393 1.045552 0.129859
1.036803 0.135333 1.045598 0.129796
1.036857 0.135274 1.045644 0.129732
1.036910 0.135214 1.045689 0.129669
1.036964 0.135154 1.045735 0.129606
1.037018 0.135094 1.045780 0.129542
1.037071 0.135034 1.045826 0.129479
1.037125 0.134974 1.045871 0.129415
1.037179 0.134914 1.045917 0.129352
1.037232 0.134854 1.045962 0.129288
1.037286 0.134794 1.046007 0.129224
1.037340 0.134733 1.046053 0.129160
1.037393 0.134673 1.046098 0.129097
1.037447 0.134612 1.046143 0.129033
1.037500 0.134552 1.046189 0.128969
1.037554 0.134491 1.046234 0.128905
1.037607 0.134431 1.046279 0.128841
1.037661 0.134370 1.046325 0.128776
1.037714 0.134309 1.046370 0.128712
1.037768 0.134248 1.046415 0.128648
1.037821 0.134187 1.046460 0.128584
1.037874 0.134126 1.046505 0.128519
1.037928 0.134065 1.046550 0.128455
1.037981 0.134004 1.046595 0.128391
1.038035 0.133943 1.046641 0.128326
1.038088 0.133882 1.046686 0.128262
1.038141 0.133820 1.046731 0.128197
1.038194 0.133759 1.046776 0.128132
1.038248 0.133698 1.046821 0.128067
1.038301 0.133636 1.046866 0.128003
1.038354 0.133574 1.046910 0.127938
1.038407 0.133513 1.046955 0.127873
1.038461 0.133451 1.047000 0.127808
1.038514 0.133389 1.047045 0.127743
1.038567 0.133327 1.047090 0.127678
1.038620 0.133265 1.047135 0.127613
1.038673 0.133203 1.047180 0.127548
1.038726 0.133141 1.047224 0.127482
1.038779 0.133079 1.047269 0.127417
1.038832 0.133017 1.047314 0.127352
1.038885 0.132955 1.047358 0.127286
1.038938 0.132892 1.047403 0.127221
1.038991 0.132830 1.047448 0.127155
1.039044 0.132767 1.047492 0.127090
1.039097 0.132705 1.047537 0.127024
1.039150 0.132642 1.047581 0.126958
1.039203 0.132580 1.047626 0.126893
1.039256 0.132517 1.047671 0.126827
1.039309 0.132454 1.047715 0.126761
1.039362 0.132391 1.047759 0.126695
1.039414 0.132328 1.047804 0.126629
1.039467 0.132265 1.047848 0.126563
1.039520 0.132202 1.047893 0.126497
1.039573 0.132139 1.047937 0.126431
1.039625 0.132076 1.047981 0.126365
1.039678 0.132012 1.048026 0.126299
1.039731 0.131949 1.048070 0.126232
1.039784 0.131886 1.048114 0.126166
1.039836 0.131822 1.048159 0.126099
1.039889 0.131759 1.048203 0.126033
1.039941 0.131695 1.048247 0.125967
1.039994 0.131631 1.048291 0.125900
1.040047 0.131568 1.048335 0.125833
1.040099 0.131504 1.048380 0.125767
1.040152 0.131440 1.048424 0.125700
1.040204 0.131376 1.048468 0.125633
1.040257 0.131312 1.048512 0.125566
1.040309 0.131248 1.048556 0.125499
1.040362 0.131184 1.048600 0.125432
1.040414 0.131120 1.048644 0.125365
1.040466 0.131055 1.048688 0.125298
1.040519 0.130991 1.048732 0.125231
1.040571 0.130927 1.048776 0.125164
1.040624 0.130862 1.048819 0.125097
1.040676 0.130798 1.048863 0.125030
1.040728 0.130733 1.048907 0.124962
1.040780 0.130668 1.048951 0.124895
1.040833 0.130604 1.048995 0.124827
1.040885 0.130539 1.049038 0.124760
1.040937 0.130474 1.049082 0.124692
1.040989 0.130409 1.049126 0.124625
1.041041 0.130344 1.049170 0.124557
1.041094 0.130279 1.049213 0.124489
1.041146 0.130214 1.049257 0.124422
1.041198 0.130148 1.049301 0.124354
1.041250 0.130083 1.049344 0.124286
1.041302 0.130018 1.049388 0.124218
1.041354 0.129952 1.049431 0.124150
1.041406 0.129887 1.049475 0.124082
1.041458 0.129822 1.049518 0.124014
1.041510 0.129756 1.049562 0.123946
1.041562 0.129690 1.049605 0.123878
1.041614 0.129625 1.049649 0.123809
1.041666 0.129559 1.049692 0.123741
1.041718 0.129493 1.049735 0.123673
1.041770 0.129427 1.049779 0.123604
1.041821 0.129361 1.049822 0.123536
1.041873 0.129295 1.049865 0.123467
1.041925 0.129229 1.049908 0.123399
1.041977 0.129163 1.049952 0.123330
1.042029 0.129096 1.049995 0.123261
1.042080 0.129030 1.050038 0.123193
1.042132 0.128964 1.050081 0.123124
1.042184 0.128897 1.050124 0.123055
1.042235 0.128831 1.050168 0.122986
1.042287 0.128764 1.050211 0.122917
1.042339 0.128697 1.050254 0.122848
1.042390 0.128631 1.050297 0.122779
1.042442 0.128564 1.050340 0.122710
1.042493 0.128497 1.050383 0.122641
1.042545 0.128430 1.050426 0.122572
1.042596 0.128363 1.050469 0.122502
1.042648 0.128296 1.050512 0.122433
1.042699 0.128229 1.050554 0.122364
1.042751 0.128162 1.050597 0.122294
1.042802 0.128095 1.050640 0.122225
1.042854 0.128028 1.050683 0.122155
1.042905 0.127960 1.050726 0.122086
1.042956 0.127893 1.050768 0.122016
1.043008 0.127825 1.050811 0.121946
1.043059 0.127758 1.050854 0.121877
1.043110 0.127690 1.050897 0.121807
1.043161 0.127622 1.050939 0.121737
1.043213 0.127555 1.050982 0.121667
1.043264 0.127487 1.051025 0.121597
1.043315 0.127419 1.051067 0.121527
1.043366 0.127351 1.051110 0.121457
1.043417 0.127283 1.051152 0.121387
1.043469 0.127215 1.051195 0.121317
1.043520 0.127147 1.051237 0.121247
1.043571 0.127079 1.051280 0.121176
1.043622 0.127010 1.051322 0.121106
1.043673 0.126942 1.051364 0.121036
1.043724 0.126874 1.051407 0.120965
1.043775 0.126805 1.051449 0.120895
1.043826 0.126737 1.051492 0.120824
1.043877 0.126668 1.051534 0.120754
1.043928 0.126600 1.051576 0.120683
1.043979 0.126531 1.051618 0.120612
1.044029 0.126462 1.051661 0.120542
1.044080 0.126393 1.051703 0.120471
1.044131 0.126324 1.051745 0.120400
1.044182 0.126255 1.051787 0.120329
1.044233 0.126186 1.051829 0.120258
1.044283 0.126117 1.051871 0.120187
1.044334 0.126048 1.051913 0.120116
1.044385 0.125979 1.051955 0.120045
1.044435 0.125910 1.051997 0.119974
1.044486 0.125840 1.052039 0.119903
1.044537 0.125771 1.052081 0.119831
1.044587 0.125701 1.052123 0.119760
1.044638 0.125632 1.052165 0.119689
1.044688 0.125562 1.052207 0.119617
1.044739 0.125493 1.052249 0.119546
1.044790 0.125423 1.052291 0.119474
1.044840 0.125353 1.052333 0.119403
1.044890 0.125283 1.052374 0.119331
1.044941 0.125213 1.052416 0.119260
1.044991 0.125143 1.052458 0.119188
1.045042 0.125073 1.052500 0.119116
1.045092 0.125003 1.052541 0.119044
1.045142 0.124933 1.052583 0.118972
1.045193 0.124863 1.052625 0.118900
1.045243 0.124793 1.052666 0.118828
1.045293 0.124722 1.052708 0.118756
1.045344 0.124652 1.052749 0.118684
1.045394 0.124581 1.052791 0.118612
1.045444 0.124511 1.052832 0.118540
1.045494 0.124440 1.052874 0.118468
1.045544 0.124369 1.052915 0.118396
1.045594 0.124299 1.052957 0.118323
1.045645 0.124228 1.052998 0.118251
1.045695 0.124157 1.053040 0.118178
1.045745 0.124086 1.053081 0.118106
1.045795 0.124015 1.053122 0.118033
1.045845 0.123944 1.053163 0.117961
1.045895 0.123873 1.053205 0.117888
1.045945 0.123802 1.053246 0.117816
1.045995 0.123731 1.053287 0.117743
1.046044 0.123659 1.053328 0.117670
1.046094 0.123588 1.053370 0.117597
1.046144 0.123517 1.053411 0.117524
1.046194 0.123445 1.053452 0.117451
1.046244 0.123374 1.053493 0.117378
1.046294 0.123302 1.053534 0.117305
1.046343 0.123230 1.053575 0.117232
1.046393 0.123159 1.053616 0.117159
1.046443 0.123087 1.053657 0.117086
1.046492 0.123015 1.053698 0.117013
1.046542 0.122943 1.053739 0.116939
1.046592 0.122871 1.053780 0.116866
1.046641 0.122799 1.053821 0.116793
1.046691 0.122727 1.053861 0.116719
1.046741 0.122655 1.053902 0.116646
1.046790 0.122582 1.053943 0.116572
1.046840 0.122510 1.053984 0.116499
1.046889 0.122438 1.054024 0.116425
1.046938 0.122365 1.054065 0.116351
1.046988 0.122293 1.054106 0.116278
1.047037 0.122220 1.054147 0.116204
1.047087 0.122148 1.054187 0.116130
1.047136 0.122075 1.054228 0.116056
1.047185 0.122002 1.054268 0.115982
1.047235 0.121930 1.054309 0.115908
1.047284 0.121857 1.054349 0.115834
1.047333 0.121784 1.054390 0.115760
1.047382 0.121711 1.054430 0.115686
1.047432 0.121638 1.054471 0.115612
1.047481 0.121565 1.054511 0.115538
1.047530 0.121492 1.054552 0.115463
1.047579 0.121418 1.054592 0.115389
1.047628 0.121345 1.054632 0.115315
1.047677 0.121272 1.054673 0.115240
1.047726 0.121198 1.054713 0.115166
1.047775 0.121125 1.054753 0.115091
1.047824 0.121051 1.054793 0.115017
1.047873 0.120978 1.054834 0.114942
1.047922 0.120904 1.054874 0.114867
1.047971 0.120830 1.054914 0.114793
1.048020 0.120757 1.054954 0.114718
1.048069 0.120683 1.054994 0.114643
1.048118 0.120609 1.055034 0.114568
1.048167 0.120535 1.055074 0.114493
1.048215 0.120461 1.055114 0.114418
1.048264 0.120387 1.055154 0.114343
1.048313 0.120313 1.055194 0.114268
1.048362 0.120239 1.055234 0.114193
1.048410 0.120164 1.055274 0.114118
1.048459 0.120090 1.055314 0.114043
1.048507 0.120016 1.055354 0.113967
1.048556 0.119941 1.055394 0.113892
1.048605 0.119867 1.055433 0.113817
1.048653 0.119792 1.055473 0.113741
1.048702 0.119718 1.055513 0.113666
1.048750 0.119643 1.055553 0.113590
1.048799 0.119568 1.055592 0.113515
1.048847 0.119493 1.055632 0.113439
1.048896 0.119419 1.055672 0.113364
1.048944 0.119344 1.055711 0.113288
1.048992 0.119269 1.055751 0.113212
1.049041 0.119194 1.055790 0.113136
1.049089 0.119119 1.055830 0.113061
1.049137 0.119043 1.055869 0.112985
1.049186 0.118968 1.055909 0.112909
1.049234 0.118893 1.055948 0.112833
1.049282 0.118818 1.055988 0.112757
1.049330 0.118742 1.056027 0.112681
1.049378 0.118667 1.056067 0.112605
1.049426 0.118591 1.056106 0.112528
1.049475 0.118516 1.056145 0.112452
1.049523 0.118440 1.056185 0.112376
1.049571 0.118364 1.056224 0.112300
1.049619 0.118289 1.056263 0.112223
1.049667 0.118213 1.056302 0.112147
1.049715 0.118137 1.056341 0.112070
1.049763 0.118061 1.056381 0.111994
1.049810 0.117985 1.056420 0.111917
1.049858 0.117909 1.056459 0.111841
1.049906 0.117833 1.056498 0.111764
1.049954 0.117757 1.056537 0.111687
1.050002 0.117680 1.056576 0.111611
1.050050 0.117604 1.056615 0.111534
1.050097 0.117528 1.056654 0.111457
1.050145 0.117451 1.056693 0.111380
1.050193 0.117375 1.056732 0.111303
1.050240 0.117298 1.056770 0.111226
1.050288 0.117222 1.056809 0.111149
1.050336 0.117145 1.056848 0.111072
1.050383 0.117068 1.056887 0.110995
1.050431 0.116992 1.056926 0.110918
1.050478 0.116915 1.056964 0.110841
1.050526 0.116838 1.057003 0.110763
1.050573 0.116761 1.057042 0.110686
1.050621 0.116684 1.057080 0.110609
1.050668 0.116607 1.057119 0.110531
1.050716 0.116530 1.057158 0.110454
1.050763 0.116453 1.057196 0.110376
1.050810 0.116375 1.057235 0.110299
1.050858 0.116298 1.057273 0.110221
1.050905 0.116221 1.057312 0.110144
1.050952 0.116143 1.057350 0.110066
1.050999 0.116066 1.057389 0.109988
1.051046 0.115988 1.057427 0.109910
1.051094 0.115911 1.057465 0.109832
1.051141 0.115833 1.057504 0.109755
1.051188 0.115755 1.057542 0.109677
1.051235 0.115678 1.057580 0.109599
1.051282 0.115600 1.057619 0.109521
1.051329 0.115522 1.057657 0.109443
1.051376 0.115444 1.057695 0.109365
1.051423 0.115366 1.057733 0.109286
1.051470 0.115288 1.057771 0.109208
1.051517 0.115210 1.057810 0.109130
1.051564 0.115132 1.057848 0.109052
1.051611 0.115053 1.057886 0.108973
1.051657 0.114975 1.057924 0.108895
1.051704 0.114897 1.057962 0.108817
1.051751 0.114818 1.058000 0.108738
1.051798 0.114740 1.058038 0.108660
1.051844 0.114661 1.058076 0.108581
1.051891 0.114583 1.058114 0.108502
1.051938 0.114504 1.058151 0.108424
1.051984 0.114425 1.058189 0.108345
1.052031 0.114347 1.058227 0.108266
1.052078 0.114268 1.058265 0.108188
1.052124 0.114189 1.058303 0.108109
1.052171 0.114110 1.058340 0.108030
1.052217 0.114031 1.058378 0.107951
1.052264 0.113952 1.058416 0.107872
1.052310 0.113873 1.058453 0.107793
1.052356 0.113794 1.058491 0.107714
1.052403 0.113715 1.058529 0.107635
1.052449 0.113635 1.058566 0.107556
1.052495 0.113556 1.058604 0.107476
1.052542 0.113477 1.058641 0.107397
1.052588 0.113397 1.058679 0.107318
1.052634 0.113318 1.058716 0.107239
1.052680 0.113238 1.058754 0.107159
1.052727 0.113159 1.058791 0.107080
1.052773 0.113079 1.058828 0.107000
1.052819 0.112999 1.058866 0.106921
1.052865 0.112919 1.058903 0.106841
1.052911 0.112840 1.058940 0.106762
1.052957 0.112760 1.058977 0.106682
1.053003 0.112680 1.059015 0.106602
1.053049 0.112600 1.059052 0.106523
1.053095 0.112520 1.059089 0.106443
1.053141 0.112439 1.059126 0.106363
1.053187 0.112359 1.059163 0.106283
1.053233 0.112279 1.059200 0.106203
1.053278 0.112199 1.059237 0.106123
1.053324 0.112118 1.059274 0.106043
1.053370 0.112038 1.059311 0.105963
1.053416 0.111958 1.059348 0.105883
1.053461 0.111877 1.059385 0.105803
1.053507 0.111796 1.059422 0.105723
1.053553 0.111716 1.059459 0.105642
1.053598 0.111635 1.059496 0.105562
1.053644 0.111554 1.059533 0.105482
1.053689 0.111474 1.059570 0.105401
1.053735 0.111393 1.059606 0.105321
1.053780 0.111312 1.059643 0.105241
1.053826 0.111231 1.059680 0.105160
1.053871 0.111150 1.059716 0.105080
1.053917 0.111069 1.059753 0.104999
1.053962 0.110988 1.059790 0.104918
1.054007 0.110906 1.059826 0.104838
1.054053 0.110825 1.059863 0.104757
1.054098 0.110744 1.059899 0.104676
1.054143 0.110662 1.059936 0.104595
1.054189 0.110581 1.059972 0.104515
1.054234 0.110500 1.060009 0.104434
1.054279 0.110418 1.060045 0.104353
1.054324 0.110336 1.060082 0.104272
1.054369 0.110255 1.060118 0.104191
1.054414 0.110173 1.060154 0.104110
1.054459 0.110091 1.060191 0.104029
1.054504 0.110010 1.060227 0.103947
1.054549 0.109928 1.060263 0.103866
1.054594 0.109846 1.060300 0.103785
1.054639 0.109764 1.060336 0.103704
1.054684 0.109682 1.060372 0.103622
1.054729 0.109600 1.060408 0.103541
1.054774 0.109518 1.060444 0.103460
1.054819 0.109435 1.060480 0.103378
1.054863 0.109353 1.060516 0.103297
1.054908 0.109271 1.060552 0.103215
1.054953 0.109188 1.060588 0.103134
1.054997 0.109106 1.060624 0.103052
1.055042 0.109023 1.060660 0.102970
1.055087 0.108941 1.060696 0.102888
1.055131 0.108858 1.060732 0.102807
1.055176 0.108776 1.060768 0.102725
1.055220 0.108693 1.060804 0.102643
1.055265 0.108610 1.060839 0.102561
1.055309 0.108528 1.060875 0.102479
1.055354 0.108445 1.060911 0.102397
1.055398 0.108362 1.060947 0.102315
1.055443 0.108279 1.060982 0.102233
1.055487 0.108196 1.061018 0.102151
1.055531 0.108113 1.061054 0.102069
1.055576 0.108030 1.061089 0.101987
1.055620 0.107946 1.061125 0.101905
1.055664 0.107863 1.061160 0.101822
1.055708 0.107780 1.061196 0.101740
1.055752 0.107696 1.061231 0.101658
1.055796 0.107613 1.061267 0.101575
1.055841 0.107530 1.061302 0.101493
1.055885 0.107446 1.061337 0.101410
1.055929 0.107363 1.061373 0.101328
1.055973 0.107279 1.061408 0.101245
1.056017 0.107195 1.061443 0.101163
1.056061 0.107112 1.061479 0.101080
1.056105 0.107028 1.061514 0.100997
1.056148 0.106944 1.061549 0.100914
1.056192 0.106860 1.061584 0.100832
1.056236 0.106776 1.061619 0.100749
1.056280 0.106692 1.061655 0.100666
1.056324 0.106608 1.061690 0.100583
1.056367 0.106524 1.061725 0.100500
1.056411 0.106440 1.061760 0.100417
1.056455 0.106356 1.061795 0.100334
1.056498 0.106271 1.061830 0.100251
1.056542 0.106187 1.061865 0.100168
1.056585 0.106103 1.061900 0.100085
1.056629 0.106018 1.061934 0.100002
1.056672 0.105934 1.061969 0.099918
1.056716 0.105849 1.062004 0.099835
1.056759 0.105765 1.062039 0.099752
1.056803 0.105680 1.062074 0.099668
1.056846 0.105595 1.062108 0.099585
1.056890 0.105510 1.062143 0.099501
1.056933 0.105426 1.062178 0.099418
1.056976 0.105341 1.062212 0.099334
1.057019 0.105256 1.062247 0.099251
1.057063 0.105171 1.062282 0.099167
1.057106 0.105086 1.062316 0.099084
1.057149 0.105001 1.062351 0.099000
1.057192 0.104916 1.062385 0.098916
1.057235 0.104831 1.062420 0.098832
1.057278 0.104745 1.062454 0.098749
1.057321 0.104660 1.062489 0.098665
1.057364 0.104575 1.062523 0.098581
1.057407 0.104489 1.062557 0.098497
1.057450 0.104404 1.062592 0.098413
1.057493 0.104318 1.062626 0.098329
1.057536 0.104233 1.062660 0.098245
1.057579 0.104147 1.062694 0.098161
1.057622 0.104062 1.062729 0.098076
1.057664 0.103976 1.062763 0.097992
1.057707 0.103890 1.062797 0.097908
1.057750 0.103804 1.062831 0.097824
1.057792 0.103719 1.062865 0.097739
1.057835 0.103633 1.062899 0.097655
1.057878 0.103547 1.062933 0.097571
1.057920 0.103461 1.062967 0.097486
1.057963 0.103375 1.063001 0.097402
1.058005 0.103289 1.063035 0.097317
1.058048 0.103202 1.063069 0.097233
1.058090 0.103116 1.063103 0.097148
1.058133 0.103030 1.063137 0.097064
1.058175 0.102944 1.063171 0.096979
1.058217 0.102857 1.063204 0.096894
1.058260 0.102771 1.063238 0.096809
1.058302 0.102684 1.063272 0.096725
1.058344 0.102598 1.063306 0.096640
1.058386 0.102511 1.063339 0.096555
1.058429 0.102424 1.063373 0.096470
1.058471 0.102338 1.063406 0.096385
1.058513 0.102251 1.063440 0.096300
1.058555 0.102164 1.063474 0.096215
1.058597 0.102077 1.063507 0.096130
1.058639 0.101991 1.063541 0.096045
1.058681 0.101904 1.063574 0.095960
1.058723 0.101817 1.063608 0.095874
1.058765 0.101730 1.063641 0.095789
1.058807 0.101642 1.063674 0.095704
1.058849 0.101555 1.063708 0.095619
1.058890 0.101468 1.063741 0.095533
1.058932 0.101381 1.063774 0.095448
1.058974 0.101294 1.063807 0.095362
1.059016 0.101206 1.063841 0.095277
1.059057 0.101119 1.063874 0.095191
1.059099 0.101031 1.063907 0.095106
1.059141 0.100944 1.063940 0.095020
1.059182 0.100856 1.063973 0.094935
1.059224 0.100769 1.064006 0.094849
1.059265 0.100681 1.064039 0.094763
1.059307 0.100593 1.064072 0.094677
1.059348 0.100505 1.064105 0.094592
1.059390 0.100418 1.064138 0.094506
1.059431 0.100330 1.064171 0.094420
1.059472 0.100242 1.064204 0.094334
1.059514 0.100154 1.064237 0.094248
1.059555 0.100066 1.064270 0.094162
1.059596 0.099978 1.064303 0.094076
1.059638 0.099890 1.064335 0.093990
1.059679 0.099802 1.064368 0.093904
1.059720 0.099713 1.064401 0.093818
1.059761 0.099625 1.064433 0.093732
1.059802 0.099537 1.064466 0.093645
1.059843 0.099448 1.064499 0.093559
1.059884 0.099360 1.064531 0.093473
1.059925 0.099271 1.064564 0.093387
1.059966 0.099183 1.064596 0.093300
1.060007 0.099094 1.064629 0.093214
1.060048 0.099006 1.064661 0.093127
1.060089 0.098917 1.064694 0.093041
1.060130 0.098828 1.064726 0.092954
1.060170 0.098740 1.064759 0.092868
1.060211 0.098651 1.064791 0.092781
1.060252 0.098562 1.064823 0.092694
1.060293 0.098473 1.064856 0.092608
1.060333 0.098384 1.064888 0.092521
1.060374 0.098295 1.064920 0.092434
1.060414 0.098206 1.064952 0.092347
1.060455 0.098117 1.064984 0.092261
1.060496 0.098028 1.065016 0.092174
1.060536 0.097938 1.065049 0.092087
1.060576 0.097849 1.065081 0.092000
1.060617 0.097760 1.065113 0.091913
1.060657 0.097670 1.065145 0.091826
1.060698 0.097581 1.065177 0.091739
1.060738 0.097492 1.065209 0.091652
1.060778 0.097402 1.065241 0.091565
1.060818 0.097313 1.065272 0.091477
1.060859 0.097223 1.065304 0.091390
1.060899 0.097133 1.065336 0.091303
1.060939 0.097044 1.065368 0.091216
1.060979 0.096954 1.065400 0.091128
1.061019 0.096864 1.065431 0.091041
1.061059 0.096774 1.065463 0.090954
1.061099 0.096684 1.065495 0.090866
1.061139 0.096594 1.065526 0.090779
1.061179 0.096504 1.065558 0.090691
1.061219 0.096414 1.065590 0.090604
1.061259 0.096324 1.065621 0.090516
1.061299 0.096234 1.065653 0.090428
1.061338 0.096144 1.065684 0.090341
1.061378 0.096054 1.065716 0.090253
1.061418 0.095963 1.065747 0.090165
1.061458 0.095873 1.065778 0.090078
1.061497 0.095783 1.065810 0.089990
1.061537 0.095692 1.065841 0.089902
1.061576 0.095602 1.065872 0.089814
1.061616 0.095511 1.065904 0.089726
1.061655 0.095420 1.065935 0.089638
1.061695 0.095330 1.065966 0.089550
1.061734 0.095239 1.065997 0.089462
1.061774 0.095148 1.066029 0.089374
1.061813 0.095058 1.066060 0.089286
1.061853 0.094967 1.066091 0.089198
1.061892 0.094876 1.066122 0.089110
1.061931 0.094785 1.066153 0.089021
1.061970 0.094694 1.066184 0.088933
1.062010 0.094603 1.066215 0.088845
1.062049 0.094512 1.066246 0.088756
1.062088 0.094421 1.066277 0.088668
1.062127 0.094330 1.066308 0.088580
1.062166 0.094238 1.066338 0.088491
1.062205 0.094147 1.066369 0.088403
1.062244 0.094056 1.066400 0.088314
1.062283 0.093965 1.066431 0.088226
1.062322 0.093873 1.066461 0.088137
1.062361 0.093782 1.066492 0.088049
1.062400 0.093690 1.066523 0.087960
1.062438 0.093599 1.066553 0.087871
1.062477 0.093507 1.066584 0.087782
1.062516 0.093416 1.066615 0.087694
1.062555 0.093324 1.066645 0.087605
1.062593 0.093232 1.066676 0.087516
1.062632 0.093140 1.066706 0.087427
1.062671 0.093048 1.066736 0.087338
1.062709 0.092957 1.066767 0.087249
1.062748 0.092865 1.066797 0.087160
1.062786 0.092773 1.066828 0.087071
1.062825 0.092681 1.066858 0.086982
1.062863 0.092589 1.066888 0.086893
1.062901 0.092497 1.066918 0.086804
1.062940 0.092404 1.066949 0.086715
1.062978 0.092312 1.066979 0.086626
1.063016 0.092220 1.067009 0.086536
1.063055 0.092128 1.067039 0.086447
1.063093 0.092035 1.067069 0.086358
1.063131 0.091943 1.067099 0.086269
1.063169 0.091851 1.067129 0.086179
1.063207 0.091758 1.067159 0.086090
1.063245 0.091666 1.067189 0.086000
1.063283 0.091573 1.067219 0.085911
1.063321 0.091480 1.067249 0.085821
1.063359 0.091388 1.067279 0.085732
1.063397 0.091295 1.067309 0.085642
1.063435 0.091202 1.067339 0.085553
1.063473 0.091109 1.067369 0.085463
1.063511 0.091017 1.067398 0.085373
1.063548 0.090924 1.067428 0.085284
1.063586 0.090831 1.067458 0.085194
1.063624 0.090738 1.067487 0.085104
1.063662 0.090645 1.067517 0.085014
1.063699 0.090552 1.067547 0.084924
1.063737 0.090459 1.067576 0.084834
1.063774 0.090365 1.067606 0.084744
1.063812 0.090272 1.067635 0.084654
1.063849 0.090179 1.067665 0.084564
1.063887 0.090086 1.067694 0.084474
1.063924 0.089992 1.067723 0.084384
1.063962 0.089899 1.067753 0.084294
1.063999 0.089805 1.067782 0.084204
1.064036 0.089712 1.067812 0.084114
1.064074 0.089618 1.067841 0.084024
1.064111 0.089525 1.067870 0.083933
1.064148 0.089431 1.067899 0.083843
1.064185 0.089338 1.067928 0.083753
1.064222 0.089244 1.067958 0.083663
1.064259 0.089150 1.067987 0.083572
1.064296 0.089056 1.068016 0.083482
1.064333 0.088962 1.068045 0.083391
1.064370 0.088869 1.068074 0.083301
1.064407 0.088775 1.068103 0.083210
1.064444 0.088681 1.068132 0.083120
1.064481 0.088587 1.068161 0.083029
1.064518 0.088493 1.068190 0.082939
1.064555 0.088398 1.068219 0.082848
1.064591 0.088304 1.068247 0.082757
1.064628 0.088210 1.068276 0.082666
1.064665 0.088116 1.068305 0.082576
1.064702 0.088022 1.068334 0.082485
1.064738 0.087927 1.068363 0.082394
1.064775 0.087833 1.068391 0.082303
1.064811 0.087738 1.068420 0.082212
1.064848 0.087644 1.068448 0.082121
1.064884 0.087549 1.068477 0.082030
1.064921 0.087455 1.068506 0.081939
1.064957 0.087360 1.068534 0.081848
1.064993 0.087266 1.068563 0.081757
1.065030 0.087171 1.068591 0.081666
1.065066 0.087076 1.068620 0.081575
1.065102 0.086981 1.068648 0.081484
1.065138 0.086887 1.068676 0.081393
1.065175 0.086792 1.068705 0.081302
1.065211 0.086697 1.068733 0.081210
1.065247 0.086602 1.068761 0.081119
1.065283 0.086507 1.068789 0.081028
1.065319 0.086412 1.068818 0.080936
1.065355 0.086317 1.068846 0.080845
1.065391 0.086222 1.068874 0.080754
1.065427 0.086126 1.068902 0.080662
1.065463 0.086031 1.068930 0.080571
1.065498 0.085936 1.068958 0.080479
1.065534 0.085841 1.068986 0.080388
1.065570 0.085745 1.069014 0.080296
1.065606 0.085650 1.069042 0.080204
1.065641 0.085554 1.069070 0.080113
1.065677 0.085459 1.069098 0.080021
1.065713 0.085363 1.069126 0.079929
1.065748 0.085268 1.069154 0.079837
1.065784 0.085172 1.069181 0.079746
1.065819 0.085077 1.069209 0.079654
1.065855 0.084981 1.069237 0.079562
1.065890 0.084885 1.069265 0.079470
1.065925 0.084789 1.069292 0.079378
1.065961 0.084694 1.069320 0.079286
1.065996 0.084598 1.069348 0.079194
1.066031 0.084502 1.069375 0.079102
1.066066 0.084406 1.069403 0.079010
1.066102 0.084310 1.069430 0.078918
1.066137 0.084214 1.069458 0.078826
1.066172 0.084118 1.069485 0.078734
1.066207 0.084022 1.069513 0.078642
1.066242 0.083925 1.069540 0.078550
1.066277 0.083829 1.069567 0.078457
1.066312 0.083733 1.069595 0.078365
1.066347 0.083637 1.069622 0.078273
1.066382 0.083540 1.069649 0.078180
1.066417 0.083444 1.069676 0.078088
1.066451 0.083348 1.069703 0.077996
1.066486 0.083251 1.069731 0.077903
1.066521 0.083155 1.069758 0.077811
1.066556 0.083058 1.069785 0.077718
1.066590 0.082962 1.069812 0.077626
1.066625 0.082865 1.069839 0.077533
1.066660 0.082768 1.069866 0.077441
1.066694 0.082672 1.069893 0.077348
1.066729 0.082575 1.069920 0.077255
1.066763 0.082478 1.069947 0.077163
1.066797 0.082381 1.069974 0.077070
1.066832 0.082284 1.070000 0.076977
1.066866 0.082187 1.070027 0.076884
1.066901 0.082090 1.070054 0.076792
1.066935 0.081993 1.070081 0.076699
1.066969 0.081896 1.070107 0.076606
1.067003 0.081799 1.070134 0.076513
1.067037 0.081702 1.070161 0.076420
1.067072 0.081605 1.070187 0.076327
1.067106 0.081508 1.070214 0.076234
1.067140 0.081410 1.070240 0.076141
1.067174 0.081313 1.070267 0.076048
1.067208 0.081216 1.070293 0.075955
1.067242 0.081118 1.070320 0.075862
1.067275 0.081021 1.070346 0.075769
1.067309 0.080924 1.070373 0.075675
1.067343 0.080826 1.070399 0.075582
1.067377 0.080729 1.070425 0.075489
1.067411 0.080631 1.070452 0.075396
1.067444 0.080533 1.070478 0.075302
1.067478 0.080436 1.070504 0.075209
1.067512 0.080338 1.070530 0.075116
1.067545 0.080240 1.070556 0.075022
1.067579 0.080143 1.070583 0.074929
1.067612 0.080045 1.070609 0.074835
1.067646 0.079947 1.070635 0.074742
1.067679 0.079849 1.070661 0.074648
1.067712 0.079751 1.070687 0.074555
1.067746 0.079653 1.070713 0.074461
1.067779 0.079555 1.070739 0.074368
1.067812 0.079457 1.070765 0.074274
1.067846 0.079359 1.070790 0.074180
1.067879 0.079261 1.070816 0.074087
1.067912 0.079162 1.070842 0.073993
1.067945 0.079064 1.070868 0.073899
1.067978 0.078966 1.070894 0.073805
1.068011 0.078868 1.070919 0.073712
1.068044 0.078769 1.070945 0.073618
1.068077 0.078671 1.070971 0.073524
1.068110 0.078573 1.070996 0.073430
1.068143 0.078474 1.071022 0.073336
1.068176 0.078376 1.071047 0.073242
1.068209 0.078277 1.071073 0.073148
1.068241 0.078178 1.071098 0.073054
1.068274 0.078080 1.071124 0.072960
1.068307 0.077981 1.071149 0.072866
1.068339 0.077882 1.071175 0.072772
1.068372 0.077784 1.071200 0.072678
1.068405 0.077685 1.071225 0.072583
1.068437 0.077586 1.071250 0.072489
1.068470 0.077487 1.071276 0.072395
1.068502 0.077388 1.071301 0.072301
1.068534 0.077289 1.071326 0.072206
1.068567 0.077190 1.071351 0.072112
1.068599 0.077091 1.071376 0.072018
1.068631 0.076992 1.071401 0.071923
1.068664 0.076893 1.071426 0.071829
1.068696 0.076794 1.071451 0.071734
1.068728 0.076695 1.071476 0.071640
1.068760 0.076596 1.071501 0.071546
1.068792 0.076496 1.071526 0.071451
1.068824 0.076397 1.071551 0.071356
1.068856 0.076298 1.071576 0.071262
1.068888 0.076198 1.071601 0.071167
1.068920 0.076099 1.071626 0.071073
1.068952 0.076000 1.071650 0.070978
1.068984 0.075900 1.071675 0.070883
1.069016 0.075801 1.071700 0.070788
1.069048 0.075701 1.071725 0.070694
1.069079 0.075601 1.071749 0.070599
1.069111 0.075502 1.071774 0.070504
1.069143 0.075402 1.071798 0.070409
1.069174 0.075302 1.071823 0.070314
1.069206 0.075203 1.071847 0.070219
1.069237 0.075103 1.071872 0.070125
1.069269 0.075003 1.071896 0.070030
1.069300 0.074903 1.071921 0.069935
1.069332 0.074803 1.071945 0.069840
1.069363 0.074703 1.071969 0.069745
1.069395 0.074603 1.071994 0.069649
1.069426 0.074503 1.072018 0.069554
1.069457 0.074403 1.072042 0.069459
1.069488 0.074303 1.072066 0.069364
1.069519 0.074203 1.072090 0.069269
1.069551 0.074103 1.072115 0.069174
1.069582 0.074003 1.072139 0.069078
1.069613 0.073903 1.072163 0.068983
1.069644 0.073802 1.072187 0.068888
1.069675 0.073702 1.072211 0.068793
1.069706 0.073602 1.072235 0.068697
1.069737 0.073501 1.072259 0.068602
1.069767 0.073401 1.072283 0.068506
1.069798 0.073300 1.072306 0.068411
1.069829 0.073200 1.072330 0.068315
1.069860 0.073099 1.072354 0.068220
1.069890 0.072999 1.072378 0.068124
1.069921 0.072898 1.072402 0.068029
1.069952 0.072797 1.072425 0.067933
1.069982 0.072697 1.072449 0.067838
1.070013 0.072596 1.072473 0.067742
1.070043 0.072495 1.072496 0.067646
1.070074 0.072394 1.072520 0.067551
1.070104 0.072294 1.072543 0.067455
1.070135 0.072193 1.072567 0.067359
1.070165 0.072092 1.072590 0.067264
1.070195 0.071991 1.072614 0.067168
1.070225 0.071890 1.072637 0.067072
1.070256 0.071789 1.072661 0.066976
1.070286 0.071688 1.072684 0.066880
1.070316 0.071587 1.072707 0.066784
1.070346 0.071486 1.072730 0.066688
1.070376 0.071384 1.072754 0.066592
1.070406 0.071283 1.072777 0.066496
1.070436 0.071182 1.072800 0.066400
1.070466 0.071081 1.072823 0.066304
1.070496 0.070979 1.072846 0.066208
1.070526 0.070878 1.072869 0.066112
1.070555 0.070777 1.072892 0.066016
1.070585 0.070675 1.072915 0.065920
1.070615 0.070574 1.072938 0.065824
1.070645 0.070472 1.072961 0.065728
1.070674 0.070371 1.072984 0.065631
1.070704 0.070269 1.073007 0.065535
1.070733 0.070168 1.073030 0.065439
1.070763 0.070066 1.073053 0.065343
1.070792 0.069964 1.073076 0.065246
1.070822 0.069863 1.073098 0.065150
1.070851 0.069761 1.073121 0.065053
1.070881 0.069659 1.073144 0.064957
1.070910 0.069557 1.073166 0.064861
1.070939 0.069456 1.073189 0.064764
1.070968 0.069354 1.073212 0.064668
1.070998 0.069252 1.073234 0.064571
1.071027 0.069150 1.073257 0.064475
1.071056 0.069048 1.073279 0.064378
1.071085 0.068946 1.073302 0.064281
1.071114 0.068844 1.073324 0.064185
1.071143 0.068742 1.073346 0.064088
1.071172 0.068640 1.073369 0.063991
1.071201 0.068537 1.073391 0.063895
1.071230 0.068435 1.073413 0.063798
1.071258 0.068333 1.073436 0.063701
1.071287 0.068231 1.073458 0.063605
1.071316 0.068128 1.073480 0.063508
1.071345 0.068026 1.073502 0.063411
1.071373 0.067924 1.073524 0.063314
1.071402 0.067821 1.073546 0.063217
1.071430 0.067719 1.073568 0.063120
1.071459 0.067616 1.073590 0.063023
1.071487 0.067514 1.073612 0.062926
1.071516 0.067411 1.073634 0.062829
1.071544 0.067309 1.073656 0.062732
1.071573 0.067206 1.073678 0.062635
1.071601 0.067104 1.073700 0.062538
1.071629 0.067001 1.073722 0.062441
1.071657 0.066898 1.073743 0.062344
1.071686 0.066796 1.073765 0.062247
1.071714 0.066693 1.073787 0.062150
1.071742 0.066590 1.073809 0.062053
1.071770 0.066487 1.073830 0.061955
1.071798 0.066384 1.073852 0.061858
1.071826 0.066281 1.073873 0.061761
1.071854 0.066178 1.073895 0.061664
1.071882 0.066075 1.073916 0.061566
1.071910 0.065972 1.073938 0.061469
1.071938 0.065869 1.073959 0.061372
1.071965 0.065766 1.073981 0.061274
1.071993 0.065663 1.074002 0.061177
1.072021 0.065560 1.074024 0.061079
1.072048 0.065457 1.074045 0.060982
1.072076 0.065354 1.074066 0.060885
1.072104 0.065250 1.074087 0.060787
1.072131 0.065147 1.074109 0.060690
1.072159 0.065044 1.074130 0.060592
1.072186 0.064940 1.074151 0.060494
1.072213 0.064837 1.074172 0.060397
1.072241 0.064734 1.074193 0.060299
1.072268 0.064630 1.074214 0.060201
1.072295 0.064527 1.074235 0.060104
1.072323 0.064423 1.074256 0.060006
1.072350 0.064320 1.074277 0.059908
1.072377 0.064216 1.074298 0.059811
1.072404 0.064113 1.074319 0.059713
1.072431 0.064009 1.074340 0.059615
1.072458 0.063905 1.074360 0.059517
1.072485 0.063802 1.074381 0.059419
1.072512 0.063698 1.074402 0.059322
1.072539 0.063594 1.074423 0.059224
1.072566 0.063490 1.074443 0.059126
1.072593 0.063386 1.074464 0.059028
1.072619 0.063283 1.074485 0.058930
1.072646 0.063179 1.074505 0.058832
1.072673 0.063075 1.074526 0.058734
1.072699 0.062971 1.074546 0.058636
1.072726 0.062867 1.074567 0.058538
1.072753 0.062763 1.074587 0.058440
1.072779 0.062659 1.074607 0.058342
1.072806 0.062555 1.074628 0.058243
1.072832 0.062450 1.074648 0.058145
1.072858 0.062346 1.074668 0.058047
1.072885 0.062242 1.074689 0.057949
1.072911 0.062138 1.074709 0.057851
1.072937 0.062034 1.074729 0.057752
1.072964 0.061929 1.074749 0.057654
1.072990 0.061825 1.074769 0.057556
1.073016 0.061721 1.074790 0.057457
1.073042 0.061616 1.074810 0.057359
1.073068 0.061512 1.074830 0.057261
1.073094 0.061408 1.074850 0.057162
1.073120 0.061303 1.074870 0.057064
1.073146 0.061199 1.074890 0.056966
1.073172 0.061094 1.074909 0.056867
1.073198 0.060989 1.074929 0.056769
1.073223 0.060885 1.074949 0.056670
1.073249 0.060780 1.074969 0.056572
1.073275 0.060676 1.074989 0.056473
1.073301 0.060571 1.075008 0.056374
1.073326 0.060466 1.075028 0.056276
1.073352 0.060361 1.075048 0.056177
1.073377 0.060257 1.075067 0.056079
1.073403 0.060152 1.075087 0.055980
1.073428 0.060047 1.075107 0.055881
1.073454 0.059942 1.075126 0.055783
1.073479 0.059837 1.075146 0.055684
1.073504 0.059732 1.075165 0.055585
1.073530 0.059627 1.075184 0.055486
1.073555 0.059522 1.075204 0.055388
1.073580 0.059417 1.075223 0.055289
1.073605 0.059312 1.075242 0.055190
1.073630 0.059207 1.075262 0.055091
1.073655 0.059102 1.075281 0.054992
1.073681 0.058997 1.075300 0.054893
1.073706 0.058892 1.075319 0.054794
1.073730 0.058787 1.075339 0.054695
1.073755 0.058681 1.075358 0.054596
1.073780 0.058576 1.075377 0.054497
1.073805 0.058471 1.075396 0.054398
1.073830 0.058366 1.075415 0.054299
1.073855 0.058260 1.075434 0.054200
1.073879 0.058155 1.075453 0.054101
1.073904 0.058049 1.075472 0.054002
1.073928 0.057944 1.075490 0.053903
1.073953 0.057839 1.075509 0.053804
1.073977 0.057733 1.075528 0.053705
1.074002 0.057627 1.075547 0.053605
1.074026 0.057522 1.075566 0.053506
1.074051 0.057416 1.075584 0.053407
1.074075 0.057311 1.075603 0.053308
1.074099 0.057205 1.075622 0.053208
1.074124 0.057099 1.075640 0.053109
1.074148 0.056994 1.075659 0.053010
1.074172 0.056888 1.075677 0.052910
1.074196 0.056782 1.075696 0.052811
1.074220 0.056676 1.075714 0.052712
1.074244 0.056571 1.075733 0.052612
1.074268 0.056465 1.075751 0.052513
1.074292 0.056359 1.075770 0.052413
1.074316 0.056253 1.075788 0.052314
1.074340 0.056147 1.075806 0.052214
1.074364 0.056041 1.075824 0.052115
1.074388 0.055935 1.075843 0.052015
1.074411 0.055829 1.075861 0.051916
1.074435 0.055723 1.075879 0.051816
1.074459 0.055617 1.075897 0.051717
1.074482 0.055511 1.075915 0.051617
1.074506 0.055405 1.075933 0.051517
1.074529 0.055299 1.075951 0.051418
1.074553 0.055192 1.075969 0.051318
1.074576 0.055086 1.075987 0.051218
1.074600 0.054980 1.076005 0.051119
1.074623 0.054874 1.076023 0.051019
1.074646 0.054767 1.076041 0.050919
1.074669 0.054661 1.076059 0.050819
1.074693 0.054555 1.076076 0.050720
1.074716 0.054448 1.076094 0.050620
1.074739 0.054342 1.076112 0.050520
1.074762 0.054235 1.076130 0.050420
1.074785 0.054129 1.076147 0.050320
1.074808 0.054022 1.076165 0.050220
1.074831 0.053916 1.076182 0.050120
1.074854 0.053809 1.076200 0.050020
1.074877 0.053703 1.076218 0.049920
1.074900 0.053596 1.076235 0.049820
1.074922 0.053490 1.076252 0.049720
1.074945 0.053383 1.076270 0.049620
1.074968 0.053276 1.076287 0.049520
1.074990 0.053170 1.076305 0.049420
1.075013 0.053063 1.076322 0.049320
1.075036 0.052956 1.076339 0.049220
1.075058 0.052849 1.076356 0.049120
1.075081 0.052742 1.076374 0.049020
1.075103 0.052636 1.076391 0.048920
1.075125 0.052529 1.076408 0.048819
1.075148 0.052422 1.076425 0.048719
1.075170 0.052315 1.076442 0.048619
1.075192 0.052208 1.076459 0.048519
1.075214 0.052101 1.076476 0.048418
1.075237 0.051994 1.076493 0.048318
1.075259 0.051887 1.076510 0.048218
1.075281 0.051780 1.076527 0.048118
1.075303 0.051673 1.076544 0.048017
1.075325 0.051566 1.076561 0.047917
1.075347 0.051458 1.076577 0.047816
1.075369 0.051351 1.076594 0.047716
1.075391 0.051244 1.076611 0.047616
1.075412 0.051137 1.076627 0.047515
1.075434 0.051030 1.076644 0.047415
1.075456 0.050922 1.076661 0.047314
1.075478 0.050815 1.076677 0.047214
1.075499 0.050708 1.076694 0.047113
1.075521 0.050600 1.076710 0.047013
1.075542 0.050493 1.076727 0.046912
1.075564 0.050386 1.076743 0.046812
1.075585 0.050278 1.076760 0.046711
1.075607 0.050171 1.076776 0.046610
1.075628 0.050063 1.076792 0.046510
1.075649 0.049956 1.076809 0.046409
1.075671 0.049848 1.076825 0.046308
1.075692 0.049741 1.076841 0.046208
1.075713 0.049633 1.076857 0.046107
1.075734 0.049526 1.076874 0.046006
1.075755 0.049418 1.076890 0.045906
1.075776 0.049310 1.076906 0.045805
1.075797 0.049203 1.076922 0.045704
1.075818 0.049095 1.076938 0.045603
1.075839 0.048987 1.076954 0.045502
1.075860 0.048879 1.076970 0.045402
1.075881 0.048772 1.076986 0.045301
1.075902 0.048664 1.077002 0.045200
1.075922 0.048556 1.077018 0.045099
1.075943 0.048448 1.077033 0.044998
1.075964 0.048340 1.077049 0.044897
1.075984 0.048232 1.077065 0.044796
1.076005 0.048124 1.077081 0.044695
1.076026 0.048016 1.077096 0.044594
1.076046 0.047908 1.077112 0.044493
1.076066 0.047800 1.077128 0.044392
1.076087 0.047692 1.077143 0.044291
1.076107 0.047584 1.077159 0.044190
1.076127 0.047476 1.077174 0.044089
1.076148 0.047368 1.077190 0.043988
1.076168 0.047260 1.077205 0.043887
1.076188 0.047152 1.077221 0.043786
1.076208 0.047044 1.077236 0.043685
1.076228 0.046936 1.077251 0.043583
1.076248 0.046827 1.077267 0.043482
1.076268 0.046719 1.077282 0.043381
1.076288 0.046611 1.077297 0.043280
1.076308 0.046502 1.077312 0.043179
1.076328 0.046394 1.077327 0.043077
1.076348 0.046286 1.077343 0.042976
1.076368 0.046177 1.077358 0.042875
1.076387 0.046069 1.077373 0.042774
1.076407 0.045961 1.077388 0.042672
1.076427 0.045852 1.077403 0.042571
1.076446 0.045744 1.077418 0.042470
1.076466 0.045635 1.077433 0.042368
1.076485 0.045527 1.077448 0.042267
1.076505 0.045418 1.077462 0.042165
1.076524 0.045310 1.077477 0.042064
1.076543 0.045201 1.077492 0.041963
1.076563 0.045093 1.077507 0.041861
1.076582 0.044984 1.077521 0.041760
1.076601 0.044875 1.077536 0.041658
1.076620 0.044767 1.077551 0.041557
1.076640 0.044658 1.077565 0.041455
1.076659 0.044549 1.077580 0.041354
1.076678 0.044440 1.077594 0.041252
1.076697 0.044332 1.077609 0.041151
1.076716 0.044223 1.077623 0.041049
1.076735 0.044114 1.077638 0.040947
1.076753 0.044005 1.077652 0.040846
1.076772 0.043896 1.077667 0.040744
1.076791 0.043788 1.077681 0.040642
1.076810 0.043679 1.077695 0.040541
1.076828 0.043570 1.077710 0.040439
1.076847 0.043461 1.077724 0.040337
1.076866 0.043352 1.077738 0.040236
1.076884 0.043243 1.077752 0.040134
1.076903 0.043134 1.077766 0.040032
1.076921 0.043025 1.077780 0.039930
1.076940 0.042916 1.077794 0.039829
1.076958 0.042807 1.077808 0.039727
1.076976 0.042698 1.077822 0.039625
1.076995 0.042588 1.077836 0.039523
1.077013 0.042479 1.077850 0.039421
1.077031 0.042370 1.077864 0.039319
1.077049 0.042261 1.077878 0.039218
1.077067 0.042152 1.077892 0.039116
1.077085 0.042043 1.077906 0.039014
1.077103 0.041933 1.077919 0.038912
1.077121 0.041824 1.077933 0.038810
1.077139 0.041715 1.077947 0.038708
1.077157 0.041605 1.077960 0.038606
1.077175 0.041496 1.077974 0.038504
1.077193 0.041387 1.077988 0.038402
1.077210 0.041277 1.078001 0.038300
1.077228 0.041168 1.078015 0.038198
1.077246 0.041059 1.078028 0.038096
1.077263 0.040949 1.078041 0.037994
1.077281 0.040840 1.078055 0.037892
1.077298 0.040730 1.078068 0.037790
1.077316 0.040621 1.078081 0.037688
1.077333 0.040511 1.078095 0.037585
1.077351 0.040402 1.078108 0.037483
1.077368 0.040292 1.078121 0.037381
1.077385 0.040182 1.078134 0.037279
1.077403 0.040073 1.078148 0.037177
1.077420 0.039963 1.078161 0.037075
1.077437 0.039854 1.078174 0.036972
1.077454 0.039744 1.078187 0.036870
1.077471 0.039634 1.078200 0.036768
1.077488 0.039524 1.078213 0.036666
1.077505 0.039415 1.078226 0.036563
1.077522 0.039305 1.078239 0.036461
1.077539 0.039195 1.078251 0.036359
1.077556 0.039085 1.078264 0.036256
1.077572 0.038976 1.078277 0.036154
1.077589 0.038866 1.078290 0.036052
1.077606 0.038756 1.078303 0.035949
1.077623 0.038646 1.078315 0.035847
1.077639 0.038536 1.078328 0.035745
1.077656 0.038426 1.078341 0.035642
1.077672 0.038316 1.078353 0.035540
1.077689 0.038206 1.078366 0.035437
1.077705 0.038096 1.078378 0.035335
1.077721 0.037986 1.078391 0.035232
1.077738 0.037876 1.078403 0.035130
1.077754 0.037766 1.078416 0.035027
1.077770 0.037656 1.078428 0.034925
1.077787 0.037546 1.078440 0.034822
1.077803 0.037436 1.078453 0.034720
1.077819 0.037326 1.078465 0.034617
1.077835 0.037216 1.078477 0.034515
1.077851 0.037106 1.078489 0.034412
1.077867 0.036996 1.078501 0.034310
1.077883 0.036885 1.078514 0.034207
1.077899 0.036775 1.078526 0.034104
1.077914 0.036665 1.078538 0.034002
1.077930 0.036555 1.078550 0.033899
1.077946 0.036445 1.078562 0.033796
1.077962 0.036334 1.078574 0.033694
1.077977 0.036224 1.078586 0.033591
1.077993 0.036114 1.078598 0.033488
1.078008 0.036003 1.078609 0.033386
1.078024 0.035893 1.078621 0.033283
1.078039 0.035783 1.078633 0.033180
1.078055 0.035672 1.078645 0.033077
1.078070 0.035562 1.078656 0.032975
1.078085 0.035451 1.078668 0.032872
1.078101 0.035341 1.078680 0.032769
1.078116 0.035231 1.078691 0.032666
1.078131 0.035120 1.078703 0.032563
1.078146 0.035010 1.078715 0.032461
1.078161 0.034899 1.078726 0.032358
1.078176 0.034788 1.078737 0.032255
1.078191 0.034678 1.078749 0.032152
1.078206 0.034567 1.078760 0.032049
1.078221 0.034457 1.078772 0.031946
1.078236 0.034346 1.078783 0.031843
1.078251 0.034236 1.078794 0.031740
1.078266 0.034125 1.078806 0.031637
1.078280 0.034014 1.078817 0.031534
1.078295 0.033904 1.078828 0.031431
1.078310 0.033793 1.078839 0.031328
1.078324 0.033682 1.078850 0.031226
1.078339 0.033571 1.078861 0.031122
1.078353 0.033461 1.078872 0.031019
1.078368 0.033350 1.078883 0.030916
1.078382 0.033239 1.078894 0.030813
1.078397 0.033128 1.078905 0.030710
1.078411 0.033018 1.078916 0.030607
1.078425 0.032907 1.078927 0.030504
1.078439 0.032796 1.078938 0.030401
1.078453 0.032685 1.078949 0.030298
1.078468 0.032574 1.078959 0.030195
1.078482 0.032463 1.078970 0.030092
1.078496 0.032352 1.078981 0.029989
1.078510 0.032241 1.078991 0.029885
1.078524 0.032130 1.079002 0.029782
1.078537 0.032019 1.079013 0.029679
1.078551 0.031908 1.079023 0.029576
1.078565 0.031797 1.079034 0.029473
1.078579 0.031686 1.079044 0.029369
1.078593 0.031575 1.079055 0.029266
1.078606 0.031464 1.079065 0.029163
1.078620 0.031353 1.079075 0.029060
1.078633 0.031242 1.079086 0.028957
1.078647 0.031131 1.079096 0.028853
1.078660 0.031020 1.079106 0.028750
1.078674 0.030909 1.079117 0.028647
1.078687 0.030798 1.079127 0.028543
1.078701 0.030687 1.079137 0.028440
1.078714 0.030575 1.079147 0.028337
1.078727 0.030464 1.079157 0.028233
1.078740 0.030353 1.079167 0.028130
1.078753 0.030242 1.079177 0.028027
1.078767 0.030130 1.079187 0.027923
1.078780 0.030019 1.079197 0.027820
1.078793 0.029908 1.079207 0.027716
1.078806 0.029797 1.079217 0.027613
1.078819 0.029685 1.079227 0.027510
1.078831 0.029574 1.079237 0.027406
1.078844 0.029463 1.079246 0.027303
1.078857 0.029351 1.079256 0.027199
1.078870 0.029240 1.079266 0.027096
1.078882 0.029129 1.079276 0.026992
1.078895 0.029017 1.079285 0.026889
1.078908 0.028906 1.079295 0.026785
1.078920 0.028794 1.079304 0.026682
1.078933 0.028683 1.079314 0.026578
1.078945 0.028571 1.079323 0.026475
1.078958 0.028460 1.079333 0.026371
1.078970 0.028349 1.079342 0.026268
1.078982 0.028237 1.079352 0.026164
1.078994 0.028126 1.079361 0.026061
1.079007 0.028014 1.079370 0.025957
1.079019 0.027902 1.079380 0.025853
1.079031 0.027791 1.079389 0.025750
1.079043 0.027679 1.079398 0.025646
1.079055 0.027568 1.079407 0.025542
1.079067 0.027456 1.079416 0.025439
1.079079 0.027344 1.079425 0.025335
1.079091 0.027233 1.079435 0.025231
1.079103 0.027121 1.079444 0.025128
1.079115 0.027010 1.079453 0.025024
1.079126 0.026898 1.079461 0.024920
1.079138 0.026786 1.079470 0.024817
1.079150 0.026674 1.079479 0.024713
1.079161 0.026563 1.079488 0.024609
1.079173 0.026451 1.079497 0.024506
1.079184 0.026339 1.079506 0.024402
1.079196 0.026228 1.079515 0.024298
1.079207 0.026116 1.079523 0.024194
1.079219 0.026004 1.079532 0.024091
1.079230 0.025892 1.079541 0.023987
1.079241 0.025780 1.079549 0.023883
1.079253 0.025669 1.079558 0.023779
1.079264 0.025557 1.079566 0.023675
1.079275 0.025445 1.079575 0.023572
1.079286 0.025333 1.079583 0.023468
1.079297 0.025221 1.079592 0.023364
1.079308 0.025109 1.079600 0.023260
1.079319 0.024997 1.079608 0.023156
1.079330 0.024885 1.079617 0.023052
1.079341 0.024773 1.079625 0.022948
1.079352 0.024662 1.079633 0.022844
1.079362 0.024550 1.079642 0.022741
1.079373 0.024438 1.079650 0.022637
1.079384 0.024326 1.079658 0.022533
1.079394 0.024214 1.079666 0.022429
1.079405 0.024102 1.079674 0.022325
1.079416 0.023990 1.079682 0.022221
1.079426 0.023878 1.079690 0.022117
1.079436 0.023766 1.079698 0.022013
1.079447 0.023653 1.079706 0.021909
1.079457 0.023541 1.079714 0.021805
1.079468 0.023429 1.079722 0.021701
1.079478 0.023317 1.079730 0.021597
1.079488 0.023205 1.079737 0.021493
1.079498 0.023093 1.079745 0.021389
1.079508 0.022981 1.079753 0.021285
1.079518 0.022869 1.079761 0.021181
1.079528 0.022757 1.079768 0.021077
1.079538 0.022644 1.079776 0.020973
1.079548 0.022532 1.079783 0.020869
1.079558 0.022420 1.079791 0.020765
1.079568 0.022308 1.079798 0.020661
1.079578 0.022196 1.079806 0.020557
1.079588 0.022083 1.079813 0.020453
1.079597 0.021971 1.079821 0.020348
1.079607 0.021859 1.079828 0.020244
1.079616 0.021747 1.079835 0.020140
1.079626 0.021634 1.079843 0.020036
1.079636 0.021522 1.079850 0.019932
1.079645 0.021410 1.079857 0.019828
1.079654 0.021297 1.079864 0.019724
1.079664 0.021185 1.079872 0.019619
1.079673 0.021073 1.079879 0.019515
1.079682 0.020960 1.079886 0.019411
1.079692 0.020848 1.079893 0.019307
1.079701 0.020736 1.079900 0.019203
1.079710 0.020623 1.079907 0.019098
1.079719 0.020511 1.079914 0.018994
1.079728 0.020399 1.079921 0.018890
1.079737 0.020286 1.079928 0.018786
1.079746 0.020174 1.079934 0.018682
1.079755 0.020061 1.079941 0.018577
1.079764 0.019949 1.079948 0.018473
1.079772 0.019836 1.079955 0.018369
1.079781 0.019724 1.079961 0.018265
1.079790 0.019611 1.079968 0.018160
1.079799 0.019499 1.079975 0.018056
1.079807 0.019387 1.079981 0.017952
1.079816 0.019274 1.079988 0.017847
1.079824 0.019161 1.079994 0.017743
1.079833 0.019049 1.080001 0.017639
1.079841 0.018936 1.080007 0.017535
1.079850 0.018824 1.080014 0.017430
1.079858 0.018711 1.080020 0.017326
1.079866 0.018599 1.080026 0.017222
1.079874 0.018486 1.080033 0.017117
1.079883 0.018374 1.080039 0.017013
1.079891 0.018261 1.080045 0.016908
1.079899 0.018148 1.080051 0.016804
1.079907 0.018036 1.080057 0.016700
1.079915 0.017923 1.080064 0.016595
1.079923 0.017811 1.080070 0.016491
1.079931 0.017698 1.080076 0.016387
1.079939 0.017585 1.080082 0.016282
1.079946 0.017473 1.080088 0.016178
1.079954 0.017360 1.080094 0.016073
1.079962 0.017247 1.080100 0.015969
1.079969 0.017135 1.080105 0.015864
1.079977 0.017022 1.080111 0.015760
1.079985 0.016909 1.080117 0.015656
1.079992 0.016796 1.080123 0.015551
1.080000 0.016684 1.080129 0.015447
1.080007 0.016571 1.080134 0.015342
1.080015 0.016458 1.080140 0.015238
1.080022 0.016346 1.080146 0.015133
1.080029 0.016233 1.080151 0.015029
1.080036 0.016120 1.080157 0.014924
1.080044 0.016007 1.080162 0.014820
1.080051 0.015894 1.080168 0.014715
1.080058 0.015782 1.080173 0.014611
1.080065 0.015669 1.080179 0.014506
1.080072 0.015556 1.080184 0.014402
1.080079 0.015443 1.080189 0.014297
1.080086 0.015330 1.080195 0.014193
1.080093 0.015218 1.080200 0.014088
1.080099 0.015105 1.080205 0.013984
1.080106 0.014992 1.080210 0.013879
1.080113 0.014879 1.080215 0.013775
1.080120 0.014766 1.080221 0.013670
1.080126 0.014653 1.080226 0.013565
1.080133 0.014540 1.080231 0.013461
1.080139 0.014427 1.080236 0.013356
1.080146 0.014315 1.080241 0.013252
1.080152 0.014202 1.080246 0.013147
1.080159 0.014089 1.080251 0.013042
1.080165 0.013976 1.080255 0.012938
1.080171 0.013863 1.080260 0.012833
1.080178 0.013750 1.080265 0.012729
1.080184 0.013637 1.080270 0.012624
1.080190 0.013524 1.080275 0.012519
1.080196 0.013411 1.080279 0.012415
1.080202 0.013298 1.080284 0.012310
1.080208 0.013185 1.080289 0.012205
1.080214 0.013072 1.080293 0.012101
1.080220 0.012959 1.080298 0.011996
1.080226 0.012846 1.080302 0.011892
1.080232 0.012733 1.080307 0.011787
1.080237 0.012620 1.080311 0.011682
1.080243 0.012507 1.080316 0.011578
1.080249 0.012394 1.080320 0.011473
1.080254 0.012281 1.080324 0.011368
1.080260 0.012168 1.080329 0.011263
1.080266 0.012055 1.080333 0.011159
1.080271 0.011942 1.080337 0.011054
1.080277 0.011829 1.080341 0.010949
1.080282 0.011716 1.080345 0.010845
1.080287 0.011603 1.080350 0.010740
1.080293 0.011490 1.080354 0.010635
1.080298 0.011377 1.080358 0.010531
1.080303 0.011263 1.080362 0.010426
1.080308 0.011150 1.080366 0.010321
1.080313 0.011037 1.080370 0.010216
1.080318 0.010924 1.080374 0.010112
1.080323 0.010811 1.080377 0.010007
1.080328 0.010698 1.080381 0.009902
1.080333 0.010585 1.080385 0.009797
1.080338 0.010472 1.080389 0.009693
1.080343 0.010359 1.080393 0.009588
1.080348 0.010245 1.080396 0.009483
1.080352 0.010132 1.080400 0.009378
1.080357 0.010019 1.080404 0.009274
1.080362 0.009906 1.080407 0.009169
1.080366 0.009793 1.080411 0.009064
1.080371 0.009680 1.080414 0.008959
1.080375 0.009566 1.080418 0.008854
1.080380 0.009453 1.080421 0.008750
1.080384 0.009340 1.080425 0.008645
1.080389 0.009227 1.080428 0.008540
1.080393 0.009114 1.080431 0.008435
1.080397 0.009000 1.080435 0.008330
1.080401 0.008887 1.080438 0.008226
1.080405 0.008774 1.080441 0.008121
1.080410 0.008661 1.080444 0.008016
1.080414 0.008548 1.080447 0.007911
1.080418 0.008434 1.080451 0.007806
1.080422 0.008321 1.080454 0.007702
1.080426 0.008208 1.080457 0.007597
1.080429 0.008095 1.080460 0.007492
1.080433 0.007981 1.080463 0.007387
1.080437 0.007868 1.080466 0.007282
1.080441 0.007755 1.080469 0.007177
1.080444 0.007642 1.080471 0.007072
1.080448 0.007528 1.080474 0.006968
1.080452 0.007415 1.080477 0.006863
1.080455 0.007302 1.080480 0.006758
1.080459 0.007188 1.080483 0.006653
1.080462 0.007075 1.080485 0.006548
1.080466 0.006962 1.080488 0.006443
1.080469 0.006849 1.080491 0.006338
1.080472 0.006735 1.080493 0.006234
1.080475 0.006622 1.080496 0.006129
1.080479 0.006509 1.080498 0.006024
1.080482 0.006395 1.080501 0.005919
1.080485 0.006282 1.080503 0.005814
1.080488 0.006169 1.080506 0.005709
1.080491 0.006055 1.080508 0.005604
1.080494 0.005942 1.080510 0.005499
1.080497 0.005829 1.080513 0.005394
1.080500 0.005715 1.080515 0.005290
1.080503 0.005602 1.080517 0.005185
1.080505 0.005489 1.080519 0.005080
1.080508 0.005375 1.080522 0.004975
1.080511 0.005262 1.080524 0.004870
1.080513 0.005149 1.080526 0.004765
1.080516 0.005035 1.080528 0.004660
1.080519 0.004922 1.080530 0.004555
1.080521 0.004809 1.080532 0.004450
1.080524 0.004695 1.080534 0.004345
1.080526 0.004582 1.080536 0.004240
1.080528 0.004469 1.080538 0.004136
1.080531 0.004355 1.080539 0.004031
1.080533 0.004242 1.080541 0.003926
1.080535 0.004128 1.080543 0.003821
1.080537 0.004015 1.080545 0.003716
1.080539 0.003902 1.080546 0.003611
1.080541 0.003788 1.080548 0.003506
1.080543 0.003675 1.080550 0.003401
1.080545 0.003562 1.080551 0.003296
1.080547 0.003448 1.080553 0.003191
1.080549 0.003335 1.080554 0.003086
1.080551 0.003221 1.080556 0.002981
1.080553 0.003108 1.080557 0.002876
1.080555 0.002995 1.080559 0.002771
1.080556 0.002881 1.080560 0.002666
1.080558 0.002768 1.080561 0.002561
1.080559 0.002654 1.080563 0.002456
1.080561 0.002541 1.080564 0.002351
1.080562 0.002428 1.080565 0.002247
1.080564 0.002314 1.080566 0.002142
1.080565 0.002201 1.080568 0.002037
1.080567 0.002087 1.080569 0.001932
1.080568 0.001974 1.080570 0.001827
1.080569 0.001860 1.080571 0.001722
1.080570 0.001747 1.080572 0.001617
1.080572 0.001634 1.080573 0.001512
1.080573 0.001520 1.080574 0.001407
1.080574 0.001407 1.080575 0.001302
1.080575 0.001293 1.080576 0.001197
1.080576 0.001180 1.080576 0.001092
1.080577 0.001066 1.080577 0.000987
1.080578 0.000953 1.080578 0.000882
1.080578 0.000840 1.080579 0.000777
1.080579 0.000726 1.080579 0.000672
1.080580 0.000613 1.080580 0.000567
1.080581 0.000499 1.080581 0.000462
1.080581 0.000386 1.080581 0.000357
1.080582 0.000272 1.080582 0.000252
1.080582 0.000159 1.080582 0.000147
1.080583 0.000046 1.080583 0.000042
1.080583 -0.000068 1.080583 -0.000063
1.080584 -0.000181 1.080584 -0.000168
1.080584 -0.000295 1.080584 -0.000273
1.080584 -0.000408 1.080584 -0.000378
1.080585 -0.000522 1.080585 -0.000483
1.080585 -0.000635 1.080585 -0.000588
1.080585 -0.000749 1.080585 -0.000693
1.080585 -0.000862 1.080585 -0.000798
1.080585 -0.000975 1.080586 -0.000903
1.080585 -0.001089 1.080586 -0.001008
1.080585 -0.001202 1.080586 -0.001113
1.080585 -0.001316 1.080586 -0.001218
1.080585 -0.001429 1.080586 -0.001323
1.080585 -0.001543 1.080586 -0.001428
1.080584 -0.001656 1.080586 -0.001533
1.080584 -0.001769 1.080586 -0.001638
1.080584 -0.001883 1.080586 -0.001742
1.080583 -0.001996 1.080585 -0.001847
1.080583 -0.002110 1.080585 -0.001952
1.080583 -0.002223 1.080585 -0.002057
1.080582 -0.002337 1.080585 -0.002162
1.080582 -0.002450 1.080584 -0.002267
1.080581 -0.002564 1.080584 -0.002372
1.080580 -0.002677 1.080584 -0.002477
1.080580 -0.002790 1.080583 -0.002582
1.080579 -0.002904 1.080583 -0.002687
1.080578 -0.003017 1.080582 -0.002792
1.080577 -0.003131 1.080582 -0.002897
1.080576 -0.003244 1.080581 -0.003002
1.080575 -0.003358 1.080581 -0.003107
1.080574 -0.003471 1.080580 -0.003212
1.080573 -0.003584 1.080579 -0.003317
1.080572 -0.003698 1.080579 -0.003422
1.080571 -0.003811 1.080578 -0.003527
1.080570 -0.003925 1.080577 -0.003632
1.080569 -0.004038 1.080576 -0.003737
1.080567 -0.004152 1.080575 -0.003842
1.080566 -0.004265 1.080575 -0.003947
1.080565 -0.004378 1.080574 -0.004052
1.080563 -0.004492 1.080573 -0.004157
1.080562 -0.004605 1.080572 -0.004262
1.080560 -0.004719 1.080571 -0.004367
1.080559 -0.004832 1.080570 -0.004472
1.080557 -0.004946 1.080569 -0.004577
1.080556 -0.005059 1.080567 -0.004682
1.080554 -0.005172 1.080566 -0.004787
1.080552 -0.005286 1.080565 -0.004892
1.080550 -0.005399 1.080564 -0.004997
1.080548 -0.005513 1.080563 -0.005102
1.080547 -0.005626 1.080561 -0.005207
1.080545 -0.005739 1.080560 -0.005311
1.080543 -0.005853 1.080559 -0.005416
1.080541 -0.005966 1.080557 -0.005521
1.080539 -0.006080 1.080556 -0.005626
1.080536 -0.006193 1.080554 -0.005731
1.080534 -0.006306 1.080553 -0.005836
1.080532 -0.006420 1.080551 -0.005941
1.080530 -0.006533 1.080550 -0.006046
1.080527 -0.006646 1.080548 -0.006151
1.080525 -0.006760 1.080546 -0.006256
1.080523 -0.006873 1.080545 -0.006361
1.080520 -0.006987 1.080543 -0.006466
1.080518 -0.007100 1.080541 -0.006571
1.080515 -0.007213 1.080539 -0.006676
1.080513 -0.007327 1.080537 -0.006781
1.080510 -0.007440 1.080535 -0.006886
1.080507 -0.007553 1.080534 -0.006990
1.080504 -0.007667 1.080532 -0.007095
1.080502 -0.007780 1.080530 -0.007200
1.080499 -0.007893 1.080528 -0.007305
1.080496 -0.008007 1.080526 -0.007410
1.080493 -0.008120 1.080523 -0.007515
1.080490 -0.008233 1.080521 -0.007620
1.080487 -0.008347 1.080519 -0.007725
1.080484 -0.008460 1.080517 -0.007830
1.080481 -0.008573 1.080515 -0.007935
1.080478 -0.008687 1.080512 -0.008040
1.080474 -0.008800 1.080510 -0.008144
1.080471 -0.008913 1.080508 -0.008249
1.080468 -0.009027 1.080505 -0.008354
1.080464 -0.009140 1.080503 -0.008459
1.080461 -0.009253 1.080501 -0.008564
1.080457 -0.009367 1.080498 -0.008669
1.080454 -0.009480 1.080496 -0.008774
1.080450 -0.009593 1.080493 -0.008879
1.080447 -0.009707 1.080490 -0.008984
1.080443 -0.009820 1.080488 -0.009088
1.080439 -0.009933 1.080485 -0.009193
1.080436 -0.010046 1.080482 -0.009298
1.080432 -0.010160 1.080480 -0.009403
1.080428 -0.010273 1.080477 -0.009508
1.080424 -0.010386 1.080474 -0.009613
1.080420 -0.010499 1.080471 -0.009718
1.080416 -0.010613 1.080468 -0.009822
1.080412 -0.010726 1.080465 -0.009927
1.080408 -0.010839 1.080462 -0.010032
1.080404 -0.010952 1.080459 -0.010137
1.080400 -0.011066 1.080456 -0.010242
1.080396 -0.011179 1.080453 -0.010347
1.080391 -0.011292 1.080450 -0.010451
1.080387 -0.011405 1.080447 -0.010556
1.080383 -0.011519 1.080444 -0.010661
1.080378 -0.011632 1.080441 -0.010766
1.080374 -0.011745 1.080438 -0.010871
1.080369 -0.011858 1.080434 -0.010976
1.080365 -0.011971 1.080431 -0.011080
1.080360 -0.012084 1.080428 -0.011185
1.080355 -0.012198 1.080424 -0.011290
1.080351 -0.012311 1.080421 -0.011395
1.080346 -0.012424 1.080417 -0.011500
1.080341 -0.012537 1.080414 -0.011604
1.080336 -0.012650 1.080410 -0.011709
1.080331 -0.012764 1.080407 -0.011814
1.080327 -0.012877 1.080403 -0.011919
1.080322 -0.012990 1.080400 -0.012023
1.080316 -0.013103 1.080396 -0.012128
1.080311 -0.013216 1.080392 -0.012233
1.080306 -0.013329 1.080389 -0.012338
1.080301 -0.013442 1.080385 -0.012442
1.080296 -0.013555 1.080381 -0.012547
1.080291 -0.013669 1.080377 -0.012652
1.080285 -0.013782 1.080373 -0.012757
1.080280 -0.013895 1.080369 -0.012861
1.080275 -0.014008 1.080365 -0.012966
1.080269 -0.014121 1.080361 -0.013071
1.080264 -0.014234 1.080357 -0.013176
1.080258 -0.014347 1.080353 -0.013280
1.080252 -0.014460 1.080349 -0.013385
1.080247 -0.014573 1.080345 -0.013490
1.080241 -0.014686 1.080341 -0.013594
1.080235 -0.014799 1.080337 -0.013699
1.080230 -0.014912 1.080332 -0.013804
1.080224 -0.015025 1.080328 -0.013909
1.080218 -0.015138 1.080324 -0.014013
1.080212 -0.015251 1.080320 -0.014118
1.080206 -0.015364 1.080315 -0.014223
1.080200 -0.015477 1.080311 -0.014327
1.080194 -0.015590 1.080306 -0.014432
1.080188 -0.015703 1.080302 -0.014537
1.080181 -0.015816 1.080297 -0.014641
1.080175 -0.015929 1.080293 -0.014746
1.080169 -0.016042 1.080288 -0.014851
1.080163 -0.016155 1.080283 -0.014955
1.080156 -0.016268 1.080279 -0.015060
1.080150 -0.016381 1.080274 -0.015164
1.080143 -0.016494 1.080269 -0.015269
1.080137 -0.016607 1.080265 -0.015374
1.080130 -0.016720 1.080260 -0.015478
1.080124 -0.016833 1.080255 -0.015583
1.080117 -0.016946 1.080250 -0.015687
1.080110 -0.017059 1.080245 -0.015792
1.080104 -0.017172 1.080240 -0.015897
1.080097 -0.017284 1.080235 -0.016001
1.080090 -0.017397 1.080230 -0.016106
1.080083 -0.017510 1.080225 -0.016210
1.080076 -0.017623 1.080220 -0.016315
1.080069 -0.017736 1.080215 -0.016420
1.080062 -0.017849 1.080210 -0.016524
1.080055 -0.017962 1.080205 -0.016629
1.080048 -0.018074 1.080199 -0.016733
1.080041 -0.018187 1.080194 -0.016838
1.080034 -0.018300 1.080189 -0.016942
1.080026 -0.018413 1.080183 -0.017047
1.080019 -0.018526 1.080178 -0.017151
1.080012 -0.018638 1.080173 -0.017256
1.080004 -0.018751 1.080167 -0.017360
1.079997 -0.018864 1.080162 -0.017465
1.079989 -0.018977 1.080156 -0.017569
1.079982 -0.019089 1.080151 -0.017674
1.079974 -0.019202 1.080145 -0.017778
1.079967 -0.019315 1.080139 -0.017883
1.079959 -0.019428 1.080134 -0.017987
1.079951 -0.019540 1.080128 -0.018092
1.079944 -0.019653 1.080122 -0.018196
1.079936 -0.019766 1.080117 -0.018301
1.079928 -0.019878 1.080111 -0.018405
1.079920 -0.019991 1.080105 -0.018509
1.079912 -0.020104 1.080099 -0.018614
1.079904 -0.020216 1.080093 -0.018718
1.079896 -0.020329 1.080087 -0.018823
1.079888 -0.020442 1.080081 -0.018927
1.079880 -0.020554 1.080075 -0.019032
1.079871 -0.020667 1.080069 -0.019136
1.079863 -0.020779 1.080063 -0.019240
1.079855 -0.020892 1.080057 -0.019345
1.079846 -0.021005 1.080051 -0.019449
1.079838 -0.021117 1.080045 -0.019553
1.079830 -0.021230 1.080038 -0.019658
1.079821 -0.021342 1.080032 -0.019762
1.079813 -0.021455 1.080026 -0.019867
1.079804 -0.021567 1.080019 -0.019971
1.079795 -0.021680 1.080013 -0.020075
1.079787 -0.021793 1.080007 -0.020179
1.079778 -0.021905 1.080000 -0.020284
1.079769 -0.022018 1.079994 -0.020388
1.079760 -0.022130 1.079987 -0.020492
1.079752 -0.022242 1.079981 -0.020597
1.079743 -0.022355 1.079974 -0.020701
1.079734 -0.022467 1.079967 -0.020805
1.079725 -0.022580 1.079961 -0.020910
1.079716 -0.022692 1.079954 -0.021014
1.079707 -0.022805 1.079947 -0.021118
1.079697 -0.022917 1.079941 -0.021222
1.079688 -0.023030 1.079934 -0.021327
1.079679 -0.023142 1.079927 -0.021431
1.079670 -0.023254 1.079920 -0.021535
1.079660 -0.023367 1.079913 -0.021639
1.079651 -0.023479 1.079906 -0.021743
1.079641 -0.023591 1.079899 -0.021848
1.079632 -0.023704 1.079892 -0.021952
1.079623 -0.023816 1.079885 -0.022056
1.079613 -0.023928 1.079878 -0.022160
1.079603 -0.024041 1.079871 -0.022264
1.079594 -0.024153 1.079864 -0.022369
1.079584 -0.024265 1.079857 -0.022473
1.079574 -0.024378 1.079849 -0.022577
1.079564 -0.024490 1.079842 -0.022681
1.079555 -0.024602 1.079835 -0.022785
1.079545 -0.024714 1.079827 -0.022889
1.079535 -0.024826 1.079820 -0.022993
1.079525 -0.024939 1.079813 -0.023097
1.079515 -0.025051 1.079805 -0.023202
1.079505 -0.025163 1.079798 -0.023306
1.079494 -0.025275 1.079790 -0.023410
1.079484 -0.025387 1.079783 -0.023514
1.079474 -0.025500 1.079775 -0.023618
1.079464 -0.025612 1.079768 -0.023722
1.079453 -0.025724 1.079760 -0.023826
1.079443 -0.025836 1.079752 -0.023930
1.079433 -0.025948 1.079744 -0.024034
1.079422 -0.026060 1.079737 -0.024138
1.079412 -0.026172 1.079729 -0.024242
1.079401 -0.026284 1.079721 -0.024346
1.079391 -0.026396 1.079713 -0.024450
1.079380 -0.026508 1.079705 -0.024554
1.079369 -0.026620 1.079697 -0.024658
1.079358 -0.026732 1.079689 -0.024762
1.079348 -0.026844 1.079681 -0.024866
1.079337 -0.026956 1.079673 -0.024970
1.079326 -0.027068 1.079665 -0.025074
1.079315 -0.027180 1.079657 -0.025178
1.079304 -0.027292 1.079649 -0.025282
1.079293 -0.027404 1.079641 -0.025385
1.079282 -0.027516 1.079633 -0.025489
1.079271 -0.027628 1.079624 -0.025593
1.079260 -0.027740 1.079616 -0.025697
1.079248 -0.027852 1.079608 -0.025801
1.079237 -0.027964 1.079599 -0.025905
1.079226 -0.028076 1.079591 -0.026009
1.079214 -0.028187 1.079583 -0.026113
1.079203 -0.028299 1.079574 -0.026216
1.079192 -0.028411 1.079566 -0.026320
1.079180 -0.028523 1.079557 -0.026424
1.079169 -0.028635 1.079548 -0.026528
1.079157 -0.028746 1.079540 -0.026632
1.079145 -0.028858 1.079531 -0.026735
1.079134 -0.028970 1.079523 -0.026839
1.079122 -0.029082 1.079514 -0.026943
1.079110 -0.029193 1.079505 -0.027047
1.079098 -0.029305 1.079496 -0.027150
1.079087 -0.029417 1.079487 -0.027254
1.079075 -0.029529 1.079479 -0.027358
1.079063 -0.029640 1.079470 -0.027462
1.079051 -0.029752 1.079461 -0.027565
1.079039 -0.029864 1.079452 -0.027669
1.079027 -0.029975 1.079443 -0.027773
1.079014 -0.030087 1.079434 -0.027876
1.079002 -0.030198 1.079425 -0.027980
1.078990 -0.030310 1.079416 -0.028084
1.078978 -0.030421 1.079406 -0.028187
1.078965 -0.030533 1.079397 -0.028291
1.078953 -0.030645 1.079388 -0.028395
1.078941 -0.030756 1.079379 -0.028498
1.078928 -0.030868 1.079370 -0.028602
1.078916 -0.030979 1.079360 -0.028705
1.078903 -0.031091 1.079351 -0.028809
1.078890 -0.031202 1.079341 -0.028912
1.078878 -0.031314 1.079332 -0.029016
1.078865 -0.031425 1.079323 -0.029120
1.078852 -0.031536 1.079313 -0.029223
1.078839 -0.031648 1.079304 -0.029327
1.078827 -0.031759 1.079294 -0.029430
1.078814 -0.031871 1.079284 -0.029534
1.078801 -0.031982 1.079275 -0.029637
1.078788 -0.032093 1.079265 -0.029741
1.078775 -0.032205 1.079255 -0.029844
1.078762 -0.032316 1.079246 -0.029947
1.078749 -0.032427 1.079236 -0.030051
1.078735 -0.032538 1.079226 -0.030154
1.078722 -0.032650 1.079216 -0.030258
1.078709 -0.032761 1.079206 -0.030361
1.078696 -0.032872 1.079196 -0.030465
1.078682 -0.032983 1.079186 -0.030568
1.078669 -0.033095 1.079176 -0.030671
1.078655 -0.033206 1.079166 -0.030775
1.078642 -0.033317 1.079156 -0.030878
1.078628 -0.033428 1.079146 -0.030981
1.078615 -0.033539 1.079136 -0.031085
1.078601 -0.033650 1.079126 -0.031188
1.078588 -0.033762 1.079116 -0.031291
1.078574 -0.033873 1.079106 -0.031395
1.078560 -0.033984 1.079095 -0.031498
1.078546 -0.034095 1.079085 -0.031601
1.078532 -0.034206 1.079075 -0.031705
1.078518 -0.034317 1.079064 -0.031808
1.078504 -0.034428 1.079054 -0.031911
1.078490 -0.034539 1.079043 -0.032014
1.078476 -0.034650 1.079033 -0.032117
1.078462 -0.034761 1.079022 -0.032221
1.078448 -0.034872 1.079012 -0.032324
1.078434 -0.034983 1.079001 -0.032427
1.078420 -0.035094 1.078991 -0.032530
1.078406 -0.035204 1.078980 -0.032633
1.078391 -0.035315 1.078969 -0.032736
1.078377 -0.035426 1.078959 -0.032840
1.078362 -0.035537 1.078948 -0.032943
1.078348 -0.035648 1.078937 -0.033046
1.078333 -0.035759 1.078926 -0.033149
1.078319 -0.035869 1.078915 -0.033252
1.078304 -0.035980 1.078904 -0.033355
1.078290 -0.036091 1.078893 -0.033458
1.078275 -0.036202 1.078882 -0.033561
1.078260 -0.036312 1.078871 -0.033664
1.078245 -0.036423 1.078860 -0.033767
1.078231 -0.036534 1.078849 -0.033870
1.078216 -0.036644 1.078838 -0.033973
1.078201 -0.036755 1.078827 -0.034076
1.078186 -0.036866 1.078816 -0.034179
1.078171 -0.036976 1.078805 -0.034282
1.078156 -0.037087 1.078793 -0.034385
1.078141 -0.037198 1.078782 -0.034488
1.078125 -0.037308 1.078771 -0.034591
1.078110 -0.037419 1.078759 -0.034694
1.078095 -0.037529 1.078748 -0.034797
1.078080 -0.037640 1.078737 -0.034899
1.078064 -0.037750 1.078725 -0.035002
1.078049 -0.037861 1.078714 -0.035105
1.078034 -0.037971 1.078702 -0.035208
1.078018 -0.038082 1.078691 -0.035311
1.078003 -0.038192 1.078679 -0.035414
1.077987 -0.038302 1.078667 -0.035516
1.077971 -0.038413 1.078656 -0.035619
1.077956 -0.038523 1.078644 -0.035722
1.077940 -0.038633 1.078632 -0.035825
1.077924 -0.038744 1.078620 -0.035928
1.077909 -0.038854 1.078609 -0.036030
1.077893 -0.038964 1.078597 -0.036133
1.077877 -0.039075 1.078585 -0.036236
1.077861 -0.039185 1.078573 -0.036338
1.077845 -0.039295 1.078561 -0.036441
1.077829 -0.039405 1.078549 -0.036544
1.077813 -0.039516 1.078537 -0.036646
1.077797 -0.039626 1.078525 -0.036749
1.077780 -0.039736 1.078513 -0.036852
1.077764 -0.039846 1.078501 -0.036954
1.077748 -0.039956 1.078488 -0.037057
1.077732 -0.040066 1.078476 -0.037159
1.077715 -0.040176 1.078464 -0.037262
1.077699 -0.040286 1.078452 -0.037364
1.077683 -0.040396 1.078439 -0.037467
1.077666 -0.040506 1.078427 -0.037570
1.077650 -0.040616 1.078415 -0.037672
1.077633 -0.040726 1.078402 -0.037774
1.077616 -0.040836 1.078390 -0.037877
1.077600 -0.040946 1.078377 -0.037979
1.077583 -0.041056 1.078365 -0.038082
1.077566 -0.041166 1.078352 -0.038184
1.077549 -0.041276 1.078340 -0.038287
1.077533 -0.041386 1.078327 -0.038389
1.077516 -0.041496 1.078314 -0.038492
1.077499 -0.041606 1.078302 -0.038594
1.077482 -0.041715 1.078289 -0.038696
1.077465 -0.041825 1.078276 -0.038799
1.077448 -0.041935 1.078263 -0.038901
1.077431 -0.042045 1.078251 -0.039003
1.077413 -0.042154 1.078238 -0.039106
1.077396 -0.042264 1.078225 -0.039208
1.077379 -0.042374 1.078212 -0.039310
1.077362 -0.042483 1.078199 -0.039412
1.077344 -0.042593 1.078186 -0.039515
1.077327 -0.042703 1.078173 -0.039617
1.077309 -0.042812 1.078160 -0.039719
1.077292 -0.042922 1.078147 -0.039821
1.077274 -0.043031 1.078134 -0.039923
1.077257 -0.043141 1.078120 -0.040026
1.077239 -0.043250 1.078107 -0.040128
1.077222 -0.043360 1.078094 -0.040230
1.077204 -0.043469 1.078081 -0.040332
1.077186 -0.043579 1.078067 -0.040434
1.077168 -0.043688 1.078054 -0.040536
1.077150 -0.043798 1.078040 -0.040638
1.077133 -0.043907 1.078027 -0.040740
1.077115 -0.044016 1.078014 -0.040842
1.077097 -0.044126 1.078000 -0.040944
1.077079 -0.044235 1.077987 -0.041046
1.077061 -0.044344 1.077973 -0.041148
1.077042 -0.044454 1.077959 -0.041250
1.077024 -0.044563 1.077946 -0.041352
1.077006 -0.044672 1.077932 -0.041454
1.076988 -0.044781 1.077918 -0.041556
1.076969 -0.044891 1.077905 -0.041658
1.076951 -0.045000 1.077891 -0.041760
1.076933 -0.045109 1.077877 -0.041862
1.076914 -0.045218 1.077863 -0.041964
1.076896 -0.045327 1.077849 -0.042066
1.076877 -0.045436 1.077835 -0.042168
1.076859 -0.045545 1.077821 -0.042269
1.076840 -0.045654 1.077807 -0.042371
1.076821 -0.045763 1.077793 -0.042473
1.076803 -0.045872 1.077779 -0.042575
1.076784 -0.045981 1.077765 -0.042677
1.076765 -0.046090 1.077751 -0.042778
1.076746 -0.046199 1.077737 -0.042880
1.076727 -0.046308 1.077723 -0.042982
1.076709 -0.046417 1.077709 -0.043083
1.076690 -0.046526 1.077694 -0.043185
1.076671 -0.046635 1.077680 -0.043287
1.076651 -0.046744 1.077666 -0.043388
1.076632 -0.046852 1.077651 -0.043490
1.076613 -0.046961 1.077637 -0.043592
1.076594 -0.047070 1.077623 -0.043693
1.076575 -0.047179 1.077608 -0.043795
1.076555 -0.047287 1.077594 -0.043896
1.076536 -0.047396 1.077579 -0.043998
1.076517 -0.047505 1.077564 -0.044100
1.076497 -0.047613 1.077550 -0.044201
1.076478 -0.047722 1.077535 -0.044303
1.076458 -0.047831 1.077520 -0.044404
1.076439 -0.047939 1.077506 -0.044506
1.076419 -0.048048 1.077491 -0.044607
1.076400 -0.048156 1.077476 -0.044708
1.076380 -0.048265 1.077461 -0.044810
1.076360 -0.048373 1.077447 -0.044911
1.076340 -0.048482 1.077432 -0.045013
1.076321 -0.048590 1.077417 -0.045114
1.076301 -0.048698 1.077402 -0.045215
1.076281 -0.048807 1.077387 -0.045317
1.076261 -0.048915 1.077372 -0.045418
1.076241 -0.049024 1.077357 -0.045519
1.076221 -0.049132 1.077342 -0.045621
1.076201 -0.049240 1.077326 -0.045722
1.076180 -0.049348 1.077311 -0.045823
1.076160 -0.049457 1.077296 -0.045924
1.076140 -0.049565 1.077281 -0.046025
1.076120 -0.049673 1.077266 -0.046127
1.076099 -0.049781 1.077250 -0.046228
1.076079 -0.049889 1.077235 -0.046329
1.076059 -0.049997 1.077220 -0.046430
1.076038 -0.050106 1.077204 -0.046531
1.076018 -0.050214 1.077189 -0.046632
1.075997 -0.050322 1.077173 -0.046733
1.075977 -0.050430 1.077158 -0.046834
1.075956 -0.050538 1.077142 -0.046936
1.075935 -0.050646 1.077127 -0.047037
1.075915 -0.050754 1.077111 -0.047138
1.075894 -0.050861 1.077095 -0.047239
1.075873 -0.050969 1.077080 -0.047340
1.075852 -0.051077 1.077064 -0.047440
1.075831 -0.051185 1.077048 -0.047541
1.075810 -0.051293 1.077032 -0.047642
1.075789 -0.051401 1.077017 -0.047743
1.075768 -0.051509 1.077001 -0.047844
1.075747 -0.051616 1.076985 -0.047945
1.075726 -0.051724 1.076969 -0.048046
1.075705 -0.051832 1.076953 -0.048147
1.075684 -0.051939 1.076937 -0.048247
1.075662 -0.052047 1.076921 -0.048348
1.075641 -0.052155 1.076905 -0.048449
1.075620 -0.052262 1.076889 -0.048550
1.075598 -0.052370 1.076873 -0.048651
1.075577 -0.052477 1.076856 -0.048751
1.075556 -0.052585 1.076840 -0.048852
1.075534 -0.052692 1.076824 -0.048953
1.075512 -0.052800 1.076808 -0.049053
1.075491 -0.052907 1.076791 -0.049154
1.075469 -0.053015 1.076775 -0.049255
1.075448 -0.053122 1.076759 -0.049355
1.075426 -0.053229 1.076742 -0.049456
1.075404 -0.053337 1.076726 -0.049556
1.075382 -0.053444 1.076709 -0.049657
1.075360 -0.053551 1.076693 -0.049757
1.075338 -0.053659 1.076676 -0.049858
1.075316 -0.053766 1.076660 -0.049958
1.075294 -0.053873 1.076643 -0.050059
1.075272 -0.053980 1.076626 -0.050159
1.075250 -0.054087 1.076610 -0.050260
1.075228 -0.054195 1.076593 -0.050360
1.075206 -0.054302 1.076576 -0.050461
1.075184 -0.054409 1.076560 -0.050561
1.075162 -0.054516 1.076543 -0.050661
1.075139 -0.054623 1.076526 -0.050762
1.075117 -0.054730 1.076509 -0.050862
1.075094 -0.054837 1.076492 -0.050962
1.075072 -0.054944 1.076475 -0.051063
1.075050 -0.055051 1.076458 -0.051163
1.075027 -0.055158 1.076441 -0.051263
1.075004 -0.055264 1.076424 -0.051363
1.074982 -0.055371 1.076407 -0.051464
1.074959 -0.055478 1.076390 -0.051564
1.074936 -0.055585 1.076373 -0.051664
1.074914 -0.055692 1.076355 -0.051764
1.074891 -0.055798 1.076338 -0.051864
1.074868 -0.055905 1.076321 -0.051964
1.074845 -0.056012 1.076304 -0.052064
1.074822 -0.056118 1.076286 -0.052164
1.074799 -0.056225 1.076269 -0.052264
1.074776 -0.056332 1.076251 -0.052364
1.074753 -0.056438 1.076234 -0.052464
1.074730 -0.056545 1.076217 -0.052564
1.074707 -0.056651 1.076199 -0.052664
1.074684 -0.056758 1.076182 -0.052764
1.074661 -0.056864 1.076164 -0.052864
1.074637 -0.056971 1.076146 -0.052964
1.074614 -0.057077 1.076129 -0.053064
1.074591 -0.057183 1.076111 -0.053164
1.074567 -0.057290 1.076093 -0.053264
1.074544 -0.057396 1.076076 -0.053364
1.074520 -0.057502 1.076058 -0.053463
1.074497 -0.057609 1.076040 -0.053563
1.074473 -0.057715 1.076022 -0.053663
1.074450 -0.057821 1.076004 -0.053763
1.074426 -0.057927 1.075986 -0.053862
1.074402 -0.058033 1.075968 -0.053962
1.074378 -0.058139 1.075950 -0.054062
1.074355 -0.058246 1.075932 -0.054161
1.074331 -0.058352 1.075914 -0.054261
1.074307 -0.058458 1.075896 -0.054361
1.074283 -0.058564 1.075878 -0.054460
1.074259 -0.058670 1.075860 -0.054560
1.074235 -0.058776 1.075842 -0.054659
1.074211 -0.058882 1.075823 -0.054759
1.074187 -0.058987 1.075805 -0.054858
1.074163 -0.059093 1.075787 -0.054958
1.074138 -0.059199 1.075769 -0.055057
1.074114 -0.059305 1.075750 -0.055157
1.074090 -0.059411 1.075732 -0.055256
1.074066 -0.059516 1.075713 -0.055356
1.074041 -0.059622 1.075695 -0.055455
1.074017 -0.059728 1.075676 -0.055554
1.073992 -0.059834 1.075658 -0.055654
1.073968 -0.059939 1.075639 -0.055753
1.073943 -0.060045 1.075621 -0.055852
1.073919 -0.060150 1.075602 -0.055952
1.073894 -0.060256 1.075583 -0.056051
1.073870 -0.060361 1.075565 -0.056150
1.073845 -0.060467 1.075546 -0.056249
1.073820 -0.060572 1.075527 -0.056349
1.073795 -0.060678 1.075508 -0.056448
1.073771 -0.060783 1.075490 -0.056547
1.073746 -0.060889 1.075471 -0.056646
1.073721 -0.060994 1.075452 -0.056745
1.073696 -0.061099 1.075433 -0.056844
1.073671 -0.061204 1.075414 -0.056943
1.073646 -0.061310 1.075395 -0.057042
1.073621 -0.061415 1.075376 -0.057141
1.073596 -0.061520 1.075357 -0.057240
1.073570 -0.061625 1.075338 -0.057339
1.073545 -0.061730 1.075318 -0.057438
1.073520 -0.061836 1.075299 -0.057537
1.073495 -0.061941 1.075280 -0.057636
1.073469 -0.062046 1.075261 -0.057735
1.073444 -0.062151 1.075242 -0.057834
1.073418 -0.062256 1.075222 -0.057933
1.073393 -0.062361 1.075203 -0.058031
1.073367 -0.062465 1.075183 -0.058130
1.073342 -0.062570 1.075164 -0.058229
1.073316 -0.062675 1.075145 -0.058328
1.073291 -0.062780 1.075125 -0.058426
1.073265 -0.062885 1.075106 -0.058525
1.073239 -0.062990 1.075086 -0.058624
1.073213 -0.063094 1.075066 -0.058723
1.073188 -0.063199 1.075047 -0.058821
1.073162 -0.063304 1.075027 -0.058920
1.073136 -0.063408 1.075007 -0.059018
1.073110 -0.063513 1.074988 -0.059117
1.073084 -0.063618 1.074968 -0.059215
1.073058 -0.063722 1.074948 -0.059314
1.073032 -0.063827 1.074928 -0.059413
1.073006 -0.063931 1.074909 -0.059511
1.072979 -0.064036 1.074889 -0.059609
1.072953 -0.064140 1.074869 -0.059708
1.072927 -0.064244 1.074849 -0.059806
1.072901 -0.064349 1.074829 -0.059905
1.072874 -0.064453 1.074809 -0.060003
1.072848 -0.064557 1.074789 -0.060101
1.072822 -0.064662 1.074769 -0.060200
1.072795 -0.064766 1.074748 -0.060298
1.072769 -0.064870 1.074728 -0.060396
1.072742 -0.064974 1.074708 -0.060494
1.072716 -0.065078 1.074688 -0.060593
1.072689 -0.065183 1.074668 -0.060691
1.072662 -0.065287 1.074647 -0.060789
1.072636 -0.065391 1.074627 -0.060887
1.072609 -0.065495 1.074607 -0.060985
1.072582 -0.065599 1.074586 -0.061083
1.072555 -0.065703 1.074566 -0.061182
1.072528 -0.065806 1.074545 -0.061280
1.072501 -0.065910 1.074525 -0.061378
1.072474 -0.066014 1.074504 -0.061476
1.072447 -0.066118 1.074484 -0.061574
1.072420 -0.066222 1.074463 -0.061672
1.072393 -0.066326 1.074442 -0.061770
1.072366 -0.066429 1.074422 -0.061867
1.072339 -0.066533 1.074401 -0.061965
1.072312 -0.066637 1.074380 -0.062063
1.072285 -0.066740 1.074360 -0.062161
1.072257 -0.066844 1.074339 -0.062259
1.072230 -0.066947 1.074318 -0.062357
1.072203 -0.067051 1.074297 -0.062454
1.072175 -0.067154 1.074276 -0.062552
1.072148 -0.067258 1.074255 -0.062650
1.072120 -0.067361 1.074234 -0.062748
1.072093 -0.067465 1.074213 -0.062845
1.072065 -0.067568 1.074192 -0.062943
1.072037 -0.067671 1.074171 -0.063041
1.072010 -0.067775 1.074150 -0.063138
1.071982 -0.067878 1.074129 -0.063236
1.071954 -0.067981 1.074108 -0.063333
1.071926 -0.068084 1.074086 -0.063431
1.071899 -0.068188 1.074065 -0.063528
1.071871 -0.068291 1.074044 -0.063626
1.071843 -0.068394 1.074023 -0.063723
1.071815 -0.068497 1.074001 -0.063821
1.071787 -0.068600 1.073980 -0.063918
1.071759 -0.068703 1.073959 -0.064015
1.071731 -0.068806 1.073937 -0.064113
1.071703 -0.068909 1.073916 -0.064210
1.071674 -0.069012 1.073894 -0.064307
1.071646 -0.069115 1.073873 -0.064405
1.071618 -0.069217 1.073851 -0.064502
1.071590 -0.069320 1.073829 -0.064599
1.071561 -0.069423 1.073808 -0.064696
1.071533 -0.069526 1.073786 -0.064794
1.071504 -0.069628 1.073764 -0.064891
1.071476 -0.069731 1.073743 -0.064988
1.071447 -0.069834 1.073721 -0.065085
1.071419 -0.069936 1.073699 -0.065182
1.071390 -0.070039 1.073677 -0.065279
1.071362 -0.070141 1.073655 -0.065376
1.071333 -0.070244 1.073633 -0.065473
1.071304 -0.070346 1.073611 -0.065570
1.071276 -0.070449 1.073589 -0.065667
1.071247 -0.070551 1.073567 -0.065764
1.071218 -0.070654 1.073545 -0.065861
1.071189 -0.070756 1.073523 -0.065958
1.071160 -0.070858 1.073501 -0.066055
1.071131 -0.070960 1.073479 -0.066151
1.071102 -0.071063 1.073457 -0.066248
1.071073 -0.071165 1.073435 -0.066345
1.071044 -0.071267 1.073412 -0.066442
1.071015 -0.071369 1.073390 -0.066538
1.070986 -0.071471 1.073368 -0.066635
1.070957 -0.071573 1.073346 -0.066732
1.070927 -0.071675 1.073323 -0.066828
1.070898 -0.071777 1.073301 -0.066925
1.070869 -0.071879 1.073278 -0.067022
1.070839 -0.071981 1.073256 -0.067118
1.070810 -0.072083 1.073233 -0.067215
1.070780 -0.072185 1.073211 -0.067311
1.070751 -0.072286 1.073188 -0.067408
1.070721 -0.072388 1.073166 -0.067504
1.070692 -0.072490 1.073143 -0.067601
1.070662 -0.072592 1.073120 -0.067697
1.070633 -0.072693 1.073098 -0.067793
1.070603 -0.072795 1.073075 -0.067890
1.070573 -0.072896 1.073052 -0.067986
1.070543 -0.072998 1.073029 -0.068082
1.070514 -0.073100 1.073006 -0.068179
1.070484 -0.073201 1.072984 -0.068275
1.070454 -0.073302 1.072961 -0.068371
1.070424 -0.073404 1.072938 -0.068467
1.070394 -0.073505 1.072915 -0.068564
1.070364 -0.073607 1.072892 -0.068660
1.070334 -0.073708 1.072869 -0.068756
1.070304 -0.073809 1.072846 -0.068852
1.070273 -0.073910 1.072822 -0.068948
1.070243 -0.074012 1.072799 -0.069044
1.070213 -0.074113 1.072776 -0.069140
1.070183 -0.074214 1.072753 -0.069236
1.070152 -0.074315 1.072730 -0.069332
1.070122 -0.074416 1.072706 -0.069428
1.070092 -0.074517 1.072683 -0.069524
1.070061 -0.074618 1.072660 -0.069620
1.070031 -0.074719 1.072636 -0.069716
1.070000 -0.074820 1.072613 -0.069811
1.069970 -0.074921 1.072590 -0.069907
1.069939 -0.075021 1.072566 -0.070003
1.069909 -0.075122 1.072543 -0.070099
1.069878 -0.075223 1.072519 -0.070194
1.069847 -0.075324 1.072496 -0.070290
1.069816 -0.075424 1.072472 -0.070386
1.069786 -0.075525 1.072448 -0.070481
1.069755 -0.075626 1.072425 -0.070577
1.069724 -0.075726 1.072401 -0.070672
1.069693 -0.075827 1.072377 -0.070768
1.069662 -0.075927 1.072353 -0.070864
1.069631 -0.076028 1.072330 -0.070959
1.069600 -0.076128 1.072306 -0.071054
1.069569 -0.076228 1.072282 -0.071150
1.069538 -0.076329 1.072258 -0.071245
1.069507 -0.076429 1.072234 -0.071341
1.069475 -0.076529 1.072210 -0.071436
1.069444 -0.076630 1.072186 -0.071531
1.069413 -0.076730 1.072162 -0.071627
1.069382 -0.076830 1.072138 -0.071722
1.069350 -0.076930 1.072114 -0.071817
1.069319 -0.077030 1.072090 -0.071912
1.069287 -0.077130 1.072066 -0.072008
1.069256 -0.077230 1.072041 -0.072103
1.069224 -0.077330 1.072017 -0.072198
1.069193 -0.077430 1.071993 -0.072293
1.069161 -0.077530 1.071969 -0.072388
1.069130 -0.077630 1.071944 -0.072483
1.069098 -0.077730 1.071920 -0.072578
1.069066 -0.077829 1.071896 -0.072673
1.069034 -0.077929 1.071871 -0.072768
1.069003 -0.078029 1.071847 -0.072863
1.068971 -0.078128 1.071822 -0.072958
1.068939 -0.078228 1.071798 -0.073053
1.068907 -0.078328 1.071773 -0.073148
1.068875 -0.078427 1.071748 -0.073242
1.068843 -0.078527 1.071724 -0.073337
1.068811 -0.078626 1.071699 -0.073432
1.068779 -0.078726 1.071675 -0.073527
1.068747 -0.078825 1.071650 -0.073621
1.068715 -0.078924 1.071625 -0.073716
1.068683 -0.079024 1.071600 -0.073811
1.068650 -0.079123 1.071575 -0.073905
1.068618 -0.079222 1.071551 -0.074000
1.068586 -0.079321 1.071526 -0.074094
1.068553 -0.079421 1.071501 -0.074189
1.068521 -0.079520 1.071476 -0.074283
1.068489 -0.079619 1.071451 -0.074378
1.068456 -0.079718 1.071426 -0.074472
1.068424 -0.079817 1.071401 -0.074567
1.068391 -0.079916 1.071376 -0.074661
1.068358 -0.080015 1.071351 -0.074755
1.068326 -0.080114 1.071325 -0.074850
1.068293 -0.080213 1.071300 -0.074944
1.068260 -0.080311 1.071275 -0.075038
1.068228 -0.080410 1.071250 -0.075133
1.068195 -0.080509 1.071225 -0.075227
1.068162 -0.080608 1.071199 -0.075321
1.068129 -0.080706 1.071174 -0.075415
1.068096 -0.080805 1.071149 -0.075509
1.068063 -0.080903 1.071123 -0.075603
1.068030 -0.081002 1.071098 -0.075697
1.067997 -0.081100 1.071072 -0.075791
1.067964 -0.081199 1.071047 -0.075885
1.067931 -0.081297 1.071021 -0.075979
1.067898 -0.081396 1.070996 -0.076073
1.067865 -0.081494 1.070970 -0.076167
1.067832 -0.081592 1.070944 -0.076261
1.067798 -0.081691 1.070919 -0.076355
1.067765 -0.081789 1.070893 -0.076449
1.067732 -0.081887 1.070867 -0.076543
1.067698 -0.081985 1.070841 -0.076636
1.067665 -0.082083 1.070816 -0.076730
1.067632 -0.082181 1.070790 -0.076824
1.067598 -0.082279 1.070764 -0.076917
1.067565 -0.082377 1.070738 -0.077011
1.067531 -0.082475 1.070712 -0.077105
1.067497 -0.082573 1.070686 -0.077198
1.067464 -0.082671 1.070660 -0.077292
1.067430 -0.082769 1.070634 -0.077385
1.067396 -0.082866 1.070608 -0.077479
1.067363 -0.082964 1.070582 -0.077572
1.067329 -0.083062 1.070556 -0.077666
1.067295 -0.083160 1.070530 -0.077759
1.067261 -0.083257 1.070504 -0.077852
1.067227 -0.083355 1.070477 -0.077946
1.067193 -0.083452 1.070451 -0.078039
1.067159 -0.083550 1.070425 -0.078132
1.067125 -0.083647 1.070399 -0.078226
1.067091 -0.083745 1.070372 -0.078319
1.067057 -0.083842 1.070346 -0.078412
1.067023 -0.083939 1.070319 -0.078505
1.066989 -0.084037 1.070293 -0.078598
1.066954 -0.084134 1.070266 -0.078691
1.066920 -0.084231 1.070240 -0.078784
1.066886 -0.084328 1.070213 -0.078877
1.066852 -0.084425 1.070187 -0.078970
1.066817 -0.084522 1.070160 -0.079063
1.066783 -0.084619 1.070134 -0.079156
1.066748 -0.084716 1.070107 -0.079249
1.066714 -0.084813 1.070080 -0.079342
1.066679 -0.084910 1.070053 -0.079435
1.066645 -0.085007 1.070027 -0.079528
1.066610 -0.085104 1.070000 -0.079620
1.066575 -0.085201 1.069973 -0.079713
1.066541 -0.085297 1.069946 -0.079806
1.066506 -0.085394 1.069919 -0.079899
1.066471 -0.085491 1.069892 -0.079991
1.066437 -0.085587 1.069865 -0.080084
1.066402 -0.085684 1.069838 -0.080176
1.066367 -0.085780 1.069811 -0.080269
1.066332 -0.085877 1.069784 -0.080362
1.066297 -0.085973 1.069757 -0.080454
1.066262 -0.086070 1.069730 -0.080546
1.066227 -0.086166 1.069703 -0.080639
1.066192 -0.086263 1.069676 -0.080731
1.066157 -0.086359 1.069649 -0.080824
1.066122 -0.086455 1.069621 -0.080916
1.066086 -0.086551 1.069594 -0.081008
1.066051 -0.086647 1.069567 -0.081101
1.066016 -0.086744 1.069539 -0.081193
1.065981 -0.086840 1.069512 -0.081285
1.065945 -0.086936 1.069485 -0.081377
1.065910 -0.087032 1.069457 -0.081469
1.065875 -0.087128 1.069430 -0.081561
1.065839 -0.087223 1.069402 -0.081653
1.065804 -0.087319 1.069375 -0.081746
1.065768 -0.087415 1.069347 -0.081838
1.065733 -0.087511 1.069320 -0.081930
1.065697 -0.087607 1.069292 -0.082021
1.065661 -0.087702 1.069264 -0.082113
1.065626 -0.087798 1.069237 -0.082205
1.065590 -0.087894 1.069209 -0.082297
1.065554 -0.087989 1.069181 -0.082389
1.065519 -0.088085 1.069153 -0.082481
1.065483 -0.088180 1.069125 -0.082572
1.065447 -0.088275 1.069098 -0.082664
1.065411 -0.088371 1.069070 -0.082756
1.065375 -0.088466 1.069042 -0.082848
1.065339 -0.088561 1.069014 -0.082939
1.065303 -0.088657 1.068986 -0.083031
1.065267 -0.088752 1.068958 -0.083122
1.065231 -0.088847 1.068930 -0.083214
1.065195 -0.088942 1.068902 -0.083305
1.065159 -0.089037 1.068874 -0.083397
1.065123 -0.089132 1.068845 -0.083488
1.065086 -0.089227 1.068817 -0.083580
1.065050 -0.089322 1.068789 -0.083671
1.065014 -0.089417 1.068761 -0.083762
1.064977 -0.089512 1.068733 -0.083854
1.064941 -0.089607 1.068704 -0.083945
1.064905 -0.089702 1.068676 -0.084036
1.064868 -0.089796 1.068648 -0.084127
1.064832 -0.089891 1.068619 -0.084218
1.064795 -0.089986 1.068591 -0.084309
1.064759 -0.090080 1.068562 -0.084401
1.064722 -0.090175 1.068534 -0.084492
1.064685 -0.090269 1.068505 -0.084583
1.064649 -0.090364 1.068477 -0.084674
1.064612 -0.090458 1.068448 -0.084765
1.064575 -0.090553 1.068420 -0.084856
1.064538 -0.090647 1.068391 -0.084946
1.064502 -0.090741 1.068362 -0.085037
1.064465 -0.090835 1.068333 -0.085128
1.064428 -0.090930 1.068305 -0.085219
1.064391 -0.091024 1.068276 -0.085310
1.064354 -0.091118 1.068247 -0.085400
1.064317 -0.091212 1.068218 -0.085491
1.064280 -0.091306 1.068189 -0.085582
1.064243 -0.091400 1.068161 -0.085672
1.064206 -0.091494 1.068132 -0.085763
1.064169 -0.091588 1.068103 -0.085853
1.064131 -0.091682 1.068074 -0.085944
1.064094 -0.091775 1.068045 -0.086034
1.064057 -0.091869 1.068016 -0.086125
1.064020 -0.091963 1.067986 -0.086215
1.063982 -0.092056 1.067957 -0.086306
1.063945 -0.092150 1.067928 -0.086396
1.063908 -0.092244 1.067899 -0.086486
1.063870 -0.092337 1.067870 -0.086577
1.063833 -0.092431 1.067841 -0.086667
1.063795 -0.092524 1.067811 -0.086757
1.063758 -0.092617 1.067782 -0.086847
1.063720 -0.092711 1.067753 -0.086937
1.063682 -0.092804 1.067723 -0.087028
1.063645 -0.092897 1.067694 -0.087118
1.063607 -0.092990 1.067664 -0.087208
1.063569 -0.093084 1.067635 -0.087298
1.063532 -0.093177 1.067605 -0.087388
1.063494 -0.093270 1.067576 -0.087478
1.063456 -0.093363 1.067546 -0.087567
1.063418 -0.093456 1.067517 -0.087657
1.063380 -0.093549 1.067487 -0.087747
1.063342 -0.093642 1.067457 -0.087837
1.063304 -0.093734 1.067428 -0.087927
1.063266 -0.093827 1.067398 -0.088016
1.063228 -0.093920 1.067368 -0.088106
1.063190 -0.094013 1.067339 -0.088196
1.063152 -0.094105 1.067309 -0.088285
1.063114 -0.094198 1.067279 -0.088375
1.063076 -0.094290 1.067249 -0.088464
1.063037 -0.094383 1.067219 -0.088554
1.062999 -0.094475 1.067189 -0.088643
1.062961 -0.094568 1.067159 -0.088733
1.062922 -0.094660 1.067129 -0.088822
1.062884 -0.094753 1.067099 -0.088912
1.062846 -0.094845 1.067069 -0.089001
1.062807 -0.094937 1.067039 -0.089090
1.062769 -0.095029 1.067009 -0.089180
1.062730 -0.095121 1.066979 -0.089269
1.062692 -0.095214 1.066949 -0.089358
1.062653 -0.095306 1.066918 -0.089447
1.062614 -0.095398 1.066888 -0.089536
1.062576 -0.095490 1.066858 -0.089625
1.062537 -0.095581 1.066827 -0.089714
1.062498 -0.095673 1.066797 -0.089803
1.062460 -0.095765 1.066767 -0.089892
1.062421 -0.095857 1.066736 -0.089981
1.062382 -0.095949 1.066706 -0.090070
1.062343 -0.096040 1.066675 -0.090159
1.062304 -0.096132 1.066645 -0.090248
1.062265 -0.096223 1.066614 -0.090337
1.062226 -0.096315 1.066584 -0.090425
1.062187 -0.096406 1.066553 -0.090514
1.062148 -0.096498 1.066523 -0.090603
1.062109 -0.096589 1.066492 -0.090692
1.062070 -0.096681 1.066461 -0.090780
1.062031 -0.096772 1.066431 -0.090869
1.061992 -0.096863 1.066400 -0.090957
1.061952 -0.096954 1.066369 -0.091046
1.061913 -0.097046 1.066338 -0.091134
1.061874 -0.097137 1.066307 -0.091223
1.061834 -0.097228 1.066277 -0.091311
1.061795 -0.097319 1.066246 -0.091399
1.061756 -0.097410 1.066215 -0.091488
1.061716 -0.097501 1.066184 -0.091576
1.061677 -0.097591 1.066153 -0.091664
1.061637 -0.097682 1.066122 -0.091753
1.061598 -0.097773 1.066091 -0.091841
1.061558 -0.097864 1.066060 -0.091929
1.061519 -0.097954 1.066029 -0.092017
1.061479 -0.098045 1.065997 -0.092105
1.061439 -0.098136 1.065966 -0.092193
1.061400 -0.098226 1.065935 -0.092281
1.061360 -0.098317 1.065904 -0.092369
1.061320 -0.098407 1.065872 -0.092457
1.061280 -0.098497 1.065841 -0.092545
1.061240 -0.098588 1.065810 -0.092633
1.061200 -0.098678 1.065778 -0.092721
1.061161 -0.098768 1.065747 -0.092808
1.061121 -0.098858 1.065716 -0.092896
1.061081 -0.098949 1.065684 -0.092984
1.061041 -0.099039 1.065653 -0.093071
1.061000 -0.099129 1.065621 -0.093159
1.060960 -0.099219 1.065590 -0.093247
1.060920 -0.099309 1.065558 -0.093334
1.060880 -0.099399 1.065526 -0.093422
1.060840 -0.099488 1.065495 -0.093509
1.060800 -0.099578 1.065463 -0.093597
1.060759 -0.099668 1.065431 -0.093684
1.060719 -0.099758 1.065400 -0.093771
1.060679 -0.099847 1.065368 -0.093859
1.060638 -0.099937 1.065336 -0.093946
1.060598 -0.100026 1.065304 -0.094033
1.060558 -0.100116 1.065272 -0.094120
1.060517 -0.100205 1.065241 -0.094208
1.060477 -0.100295 1.065209 -0.094295
1.060436 -0.100384 1.065177 -0.094382
1.060395 -0.100473 1.065145 -0.094469
1.060355 -0.100563 1.065113 -0.094556
1.060314 -0.100652 1.065081 -0.094643
1.060274 -0.100741 1.065049 -0.094730
1.060233 -0.100830 1.065017 -0.094817
1.060192 -0.100919 1.064984 -0.094904
1.060151 -0.101008 1.064952 -0.094990
1.060110 -0.101097 1.064920 -0.095077
1.060070 -0.101186 1.064888 -0.095164
1.060029 -0.101275 1.064856 -0.095251
1.059988 -0.101364 1.064823 -0.095337
1.059947 -0.101453 1.064791 -0.095424
1.059906 -0.101541 1.064759 -0.095511
1.059865 -0.101630 1.064726 -0.095597
1.059824 -0.101719 1.064694 -0.095684
1.059783 -0.101807 1.064662 -0.095770
1.059742 -0.101896 1.064629 -0.095857
1.059700 -0.101984 1.064597 -0.095943
1.059659 -0.102072 1.064564 -0.096029
1.059618 -0.102161 1.064531 -0.096116
1.059577 -0.102249 1.064499 -0.096202
1.059536 -0.102337 1.064466 -0.096288
1.059494 -0.102426 1.064434 -0.096375
1.059453 -0.102514 1.064401 -0.096461
1.059411 -0.102602 1.064368 -0.096547
1.059370 -0.102690 1.064336 -0.096633
1.059329 -0.102778 1.064303 -0.096719
1.059287 -0.102866 1.064270 -0.096805
1.059246 -0.102954 1.064237 -0.096891
1.059204 -0.103042 1.064204 -0.096977
1.059162 -0.103129 1.064171 -0.097063
1.059121 -0.103217 1.064138 -0.097149
1.059079 -0.103305 1.064106 -0.097235
1.059037 -0.103393 1.064073 -0.097320
1.058996 -0.103480 1.064040 -0.097406
1.058954 -0.103568 1.064007 -0.097492
1.058912 -0.103655 1.063973 -0.097578
1.058870 -0.103743 1.063940 -0.097663
1.058829 -0.103830 1.063907 -0.097749
1.058787 -0.103917 1.063874 -0.097834
1.058745 -0.104005 1.063841 -0.097920
1.058703 -0.104092 1.063808 -0.098005
1.058661 -0.104179 1.063774 -0.098091
1.058619 -0.104266 1.063741 -0.098176
1.058577 -0.104353 1.063708 -0.098262
1.058535 -0.104440 1.063675 -0.098347
1.058493 -0.104527 1.063641 -0.098432
1.058450 -0.104614 1.063608 -0.098517
1.058408 -0.104701 1.063574 -0.098603
1.058366 -0.104788 1.063541 -0.098688
1.058324 -0.104875 1.063507 -0.098773
1.058282 -0.104962 1.063474 -0.098858
1.058239 -0.105048 1.063440 -0.098943
1.058197 -0.105135 1.063407 -0.099028
1.058154 -0.105222 1.063373 -0.099113
1.058112 -0.105308 1.063340 -0.099198
1.058070 -0.105395 1.063306 -0.099283
1.058027 -0.105481 1.063272 -0.099368
1.057985 -0.105567 1.063238 -0.099452
1.057942 -0.105654 1.063205 -0.099537
1.057900 -0.105740 1.063171 -0.099622
1.057857 -0.105826 1.063137 -0.099706
1.057814 -0.105912 1.063103 -0.099791
1.057772 -0.105998 1.063069 -0.099876
1.057729 -0.106084 1.063035 -0.099960
1.057686 -0.106170 1.063002 -0.100045
1.057643 -0.106256 1.062968 -0.100129
1.057601 -0.106342 1.062934 -0.100214
1.057558 -0.106428 1.062900 -0.100298
1.057515 -0.106514 1.062865 -0.100382
1.057472 -0.106600 1.062831 -0.100467
1.057429 -0.106685 1.062797 -0.100551
1.057386 -0.106771 1.062763 -0.100635
1.057343 -0.106857 1.062729 -0.100719
1.057300 -0.106942 1.062695 -0.100804
1.057257 -0.107028 1.062661 -0.100888
1.057214 -0.107113 1.062626 -0.100972
1.057171 -0.107198 1.062592 -0.101056
1.057128 -0.107284 1.062558 -0.101140
1.057085 -0.107369 1.062523 -0.101224
1.057041 -0.107454 1.062489 -0.101308
1.056998 -0.107539 1.062455 -0.101391
1.056955 -0.107624 1.062420 -0.101475
1.056911 -0.107710 1.062386 -0.101559
1.056868 -0.107795 1.062351 -0.101643
1.056825 -0.107879 1.062317 -0.101727
1.056781 -0.107964 1.062282 -0.101810
1.056738 -0.108049 1.062247 -0.101894
1.056694 -0.108134 1.062213 -0.101977
1.056651 -0.108219 1.062178 -0.102061
1.056607 -0.108303 1.062144 -0.102144
1.056564 -0.108388 1.062109 -0.102228
1.056520 -0.108473 1.062074 -0.102311
1.056477 -0.108557 1.062039 -0.102395
1.056433 -0.108642 1.062005 -0.102478
1.056389 -0.108726 1.061970 -0.102561
1.056346 -0.108810 1.061935 -0.102644
1.056302 -0.108895 1.061900 -0.102728
1.056258 -0.108979 1.061865 -0.102811
1.056214 -0.109063 1.061830 -0.102894
1.056170 -0.109147 1.061795 -0.102977
1.056126 -0.109231 1.061760 -0.103060
1.056083 -0.109315 1.061725 -0.103143
1.056039 -0.109399 1.061690 -0.103226
1.055995 -0.109483 1.061655 -0.103309
1.055951 -0.109567 1.061620 -0.103392
1.055907 -0.109651 1.061585 -0.103475
1.055863 -0.109735 1.061550 -0.103557
1.055818 -0.109819 1.061514 -0.103640
1.055774 -0.109902 1.061479 -0.103723
1.055730 -0.109986 1.061444 -0.103805
1.055686 -0.110069 1.061409 -0.103888
1.055642 -0.110153 1.061373 -0.103971
1.055598 -0.110236 1.061338 -0.104053
1.055553 -0.110320 1.061303 -0.104136
1.055509 -0.110403 1.061267 -0.104218
1.055465 -0.110486 1.061232 -0.104300
1.055420 -0.110570 1.061196 -0.104383
1.055376 -0.110653 1.061161 -0.104465
1.055331 -0.110736 1.061125 -0.104547
1.055287 -0.110819 1.061090 -0.104630
1.055242 -0.110902 1.061054 -0.104712
1.055198 -0.110985 1.061018 -0.104794
1.055153 -0.111068 1.060983 -0.104876
1.055109 -0.111151 1.060947 -0.104958
1.055064 -0.111234 1.060911 -0.105040
1.055019 -0.111316 1.060876 -0.105122
1.054975 -0.111399 1.060840 -0.105204
1.054930 -0.111482 1.060804 -0.105286
1.054885 -0.111564 1.060768 -0.105368
1.054841 -0.111647 1.060733 -0.105450
1.054796 -0.111729 1.060697 -0.105531
1.054751 -0.111812 1.060661 -0.105613
1.054706 -0.111894 1.060625 -0.105695
1.054661 -0.111976 1.060589 -0.105776
1.054616 -0.112058 1.060553 -0.105858
1.054571 -0.112141 1.060517 -0.105940
1.054526 -0.112223 1.060481 -0.106021
1.054481 -0.112305 1.060445 -0.106102
1.054436 -0.112387 1.060409 -0.106184
1.054391 -0.112469 1.060373 -0.106265
1.054346 -0.112551 1.060336 -0.106347
1.054301 -0.112633 1.060300 -0.106428
1.054256 -0.112714 1.060264 -0.106509
1.054211 -0.112796 1.060228 -0.106590
1.054165 -0.112878 1.060191 -0.106671
1.054120 -0.112959 1.060155 -0.106753
1.054075 -0.113041 1.060119 -0.106834
1.054029 -0.113123 1.060082 -0.106915
1.053984 -0.113204 1.060046 -0.106996
1.053939 -0.113285 1.060010 -0.107077
1.053893 -0.113367 1.059973 -0.107157
1.053848 -0.113448 1.059937 -0.107238
1.053802 -0.113529 1.059900 -0.107319
1.053757 -0.113611 1.059864 -0.107400
1.053711 -0.113692 1.059827 -0.107481
1.053666 -0.113773 1.059791 -0.107561
1.053620 -0.113854 1.059754 -0.107642
1.053575 -0.113935 1.059717 -0.107722
1.053529 -0.114016 1.059681 -0.107803
1.053483 -0.114096 1.059644 -0.107884
1.053438 -0.114177 1.059607 -0.107964
1.053392 -0.114258 1.059570 -0.108044
1.053346 -0.114339 1.059534 -0.108125
1.053300 -0.114419 1.059497 -0.108205
1.053255 -0.114500 1.059460 -0.108285
1.053209 -0.114580 1.059423 -0.108366
1.053163 -0.114661 1.059386 -0.108446
1.053117 -0.114741 1.059349 -0.108526
1.053071 -0.114822 1.059312 -0.108606
1.053025 -0.114902 1.059275 -0.108686
1.052979 -0.114982 1.059238 -0.108766
1.052933 -0.115062 1.059201 -0.108846
1.052887 -0.115142 1.059164 -0.108926
1.052841 -0.115222 1.059127 -0.109006
1.052795 -0.115302 1.059090 -0.109086
1.052749 -0.115382 1.059053 -0.109165
1.052702 -0.115462 1.059016 -0.109245
1.052656 -0.115542 1.058978 -0.109325
1.052610 -0.115622 1.058941 -0.109405
1.052564 -0.115702 1.058904 -0.109484
1.052517 -0.115781 1.058866 -0.109564
1.052471 -0.115861 1.058829 -0.109643
1.052425 -0.115940 1.058792 -0.109723
1.052378 -0.116020 1.058754 -0.109802
1.052332 -0.116099 1.058717 -0.109881
1.052286 -0.116179 1.058680 -0.109961
1.052239 -0.116258 1.058642 -0.110040
1.052193 -0.116337 1.058605 -0.110119
1.052146 -0.116417 1.058567 -0.110199
1.052100 -0.116496 1.058529 -0.110278
1.052053 -0.116575 1.058492 -0.110357
1.052006 -0.116654 1.058454 -0.110436
1.051960 -0.116733 1.058417 -0.110515
1.051913 -0.116812 1.058379 -0.110594
1.051866 -0.116891 1.058341 -0.110673
1.051820 -0.116969 1.058304 -0.110752
1.051773 -0.117048 1.058266 -0.110830
1.051726 -0.117127 1.058228 -0.110909
1.051679 -0.117205 1.058190 -0.110988
1.051632 -0.117284 1.058152 -0.111067
1.051586 -0.117363 1.058114 -0.111145
1.051539 -0.117441 1.058077 -0.111224
1.051492 -0.117519 1.058039 -0.111303
1.051445 -0.117598 1.058001 -0.111381
1.051398 -0.117676 1.057963 -0.111460
1.051351 -0.117754 1.057925 -0.111538
1.051304 -0.117832 1.057887 -0.111616
1.051257 -0.117910 1.057849 -0.111695
1.051210 -0.117989 1.057811 -0.111773
1.051163 -0.118067 1.057772 -0.111851
1.051115 -0.118144 1.057734 -0.111929
1.051068 -0.118222 1.057696 -0.112007
1.051021 -0.118300 1.057658 -0.112086
1.050974 -0.118378 1.057620 -0.112164
1.050927 -0.118456 1.057581 -0.112242
1.050879 -0.118533 1.057543 -0.112320
1.050832 -0.118611 1.057505 -0.112398
1.050785 -0.118688 1.057466 -0.112475
1.050737 -0.118766 1.057428 -0.112553
1.050690 -0.118843 1.057390 -0.112631
1.050642 -0.118921 1.057351 -0.112709
1.050595 -0.118998 1.057313 -0.112786
1.050548 -0.119075 1.057274 -0.112864
1.050500 -0.119152 1.057236 -0.112942
1.050453 -0.119229 1.057197 -0.113019
1.050405 -0.119306 1.057159 -0.113097
1.050357 -0.119383 1.057120 -0.113174
1.050310 -0.119460 1.057082 -0.113252
1.050262 -0.119537 1.057043 -0.113329
1.050214 -0.119614 1.057004 -0.113406
1.050167 -0.119691 1.056966 -0.113483
1.050119 -0.119768 1.056927 -0.113561
1.050071 -0.119844 1.056888 -0.113638
1.050024 -0.119921 1.056849 -0.113715
1.049976 -0.119997 1.056810 -0.113792
1.049928 -0.120074 1.056772 -0.113869
1.049880 -0.120150 1.056733 -0.113946
1.049832 -0.120226 1.056694 -0.114023
1.049784 -0.120303 1.056655 -0.114100
1.049736 -0.120379 1.056616 -0.114177
1.049688 -0.120455 1.056577 -0.114253
1.049640 -0.120531 1.056538 -0.114330
1.049592 -0.120607 1.056499 -0.114407
1.049544 -0.120683 1.056460 -0.114484
1.049496 -0.120759 1.056421 -0.114560
1.049448 -0.120835 1.056382 -0.114637
1.049400 -0.120911 1.056343 -0.114713
1.049352 -0.120987 1.056303 -0.114790
1.049304 -0.121062 1.056264 -0.114866
1.049255 -0.121138 1.056225 -0.114942
1.049207 -0.121214 1.056186 -0.115019
1.049159 -0.121289 1.056146 -0.115095
1.049111 -0.121364 1.056107 -0.115171
1.049062 -0.121440 1.056068 -0.115247
1.049014 -0.121515 1.056028 -0.115324
1.048966 -0.121590 1.055989 -0.115400
1.048917 -0.121666 1.055950 -0.115476
1.048869 -0.121741 1.055910 -0.115552
1.048820 -0.121816 1.055871 -0.115628
1.048772 -0.121891 1.055831 -0.115703
1.048723 -0.121966 1.055792 -0.115779
1.048675 -0.122041 1.055752 -0.115855
1.048626 -0.122116 1.055713 -0.115931
1.048578 -0.122190 1.055673 -0.116007
1.048529 -0.122265 1.055633 -0.116082
1.048480 -0.122340 1.055594 -0.116158
1.048432 -0.122414 1.055554 -0.116233
1.048383 -0.122489 1.055514 -0.116309
1.048334 -0.122564 1.055475 -0.116384
1.048286 -0.122638 1.055435 -0.116460
1.048237 -0.122712 1.055395 -0.116535
1.048188 -0.122787 1.055355 -0.116610
1.048139 -0.122861 1.055315 -0.116686
1.048090 -0.122935 1.055275 -0.116761
1.048041 -0.123009 1.055236 -0.116836
1.047993 -0.123083 1.055196 -0.116911
1.047944 -0.123157 1.055156 -0.116986
1.047895 -0.123231 1.055116 -0.117061
1.047846 -0.123305 1.055076 -0.117136
1.047797 -0.123379 1.055036 -0.117211
1.047748 -0.123453 1.054996 -0.117286
1.047699 -0.123526 1.054955 -0.117361
1.047649 -0.123600 1.054915 -0.117436
1.047600 -0.123674 1.054875 -0.117510
1.047551 -0.123747 1.054835 -0.117585
1.047502 -0.123821 1.054795 -0.117660
1.047453 -0.123894 1.054755 -0.117734
1.047404 -0.123967 1.054714 -0.117809
1.047354 -0.124041 1.054674 -0.117883
1.047305 -0.124114 1.054634 -0.117958
1.047256 -0.124187 1.054593 -0.118032
1.047207 -0.124260 1.054553 -0.118106
1.047157 -0.124333 1.054513 -0.118181
1.047108 -0.124406 1.054472 -0.118255
1.047059 -0.124479 1.054432 -0.118329
1.047009 -0.124552 1.054391 -0.118403
1.046960 -0.124624 1.054351 -0.118477
1.046910 -0.124697 1.054310 -0.118551
1.046861 -0.124770 1.054270 -0.118625
1.046811 -0.124842 1.054229 -0.118699
1.046762 -0.124915 1.054189 -0.118773
1.046712 -0.124987 1.054148 -0.118847
1.046662 -0.125060 1.054107 -0.118921
1.046613 -0.125132 1.054067 -0.118994
1.046563 -0.125204 1.054026 -0.119068
1.046514 -0.125277 1.053985 -0.119142
1.046464 -0.125349 1.053944 -0.119215
1.046414 -0.125421 1.053904 -0.119289
1.046364 -0.125493 1.053863 -0.119362
1.046315 -0.125565 1.053822 -0.119436
1.046265 -0.125637 1.053781 -0.119509
1.046215 -0.125709 1.053740 -0.119582
1.046165 -0.125781 1.053699 -0.119656
1.046115 -0.125852 1.053658 -0.119729
1.046065 -0.125924 1.053617 -0.119802
1.046016 -0.125996 1.053576 -0.119875
1.045966 -0.126067 1.053535 -0.119948
1.045916 -0.126139 1.053494 -0.120021
1.045866 -0.126210 1.053453 -0.120094
1.045816 -0.126281 1.053412 -0.120167
1.045766 -0.126353 1.053371 -0.120240
1.045716 -0.126424 1.053330 -0.120313
1.045665 -0.126495 1.053289 -0.120386
1.045615 -0.126566 1.053248 -0.120459
1.045565 -0.126637 1.053206 -0.120531
1.045515 -0.126708 1.053165 -0.120604
1.045465 -0.126779 1.053124 -0.120676
1.045415 -0.126850 1.053082 -0.120749
1.045364 -0.126921 1.053041 -0.120821
1.045314 -0.126991 1.053000 -0.120894
1.045264 -0.127062 1.052958 -0.120966
1.045214 -0.127133 1.052917 -0.121039
1.045163 -0.127203 1.052876 -0.121111
1.045113 -0.127274 1.052834 -0.121183
1.045062 -0.127344 1.052793 -0.121255
1.045012 -0.127414 1.052751 -0.121327
1.044962 -0.127485 1.052709 -0.121399
1.044911 -0.127555 1.052668 -0.121472
1.044861 -0.127625 1.052626 -0.121543
1.044810 -0.127695 1.052585 -0.121615
1.044760 -0.127765 1.052543 -0.121687
1.044709 -0.127835 1.052501 -0.121759
1.044659 -0.127905 1.052460 -0.121831
1.044608 -0.127975 1.052418 -0.121903
1.044557 -0.128045 1.052376 -0.121974
1.044507 -0.128114 1.052334 -0.122046
1.044456 -0.128184 1.052293 -0.122117
1.044405 -0.128254 1.052251 -0.122189
1.044355 -0.128323 1.052209 -0.122260
1.044304 -0.128393 1.052167 -0.122332
1.044253 -0.128462 1.052125 -0.122403
1.044202 -0.128531 1.052083 -0.122474
1.044152 -0.128601 1.052041 -0.122546
1.044101 -0.128670 1.051999 -0.122617
1.044050 -0.128739 1.051957 -0.122688
1.043999 -0.128808 1.051915 -0.122759
1.043948 -0.128877 1.051873 -0.122830
1.043897 -0.128946 1.051831 -0.122901
1.043846 -0.129015 1.051789 -0.122972
1.043795 -0.129084 1.051747 -0.123043
1.043744 -0.129153 1.051705 -0.123114
1.043693 -0.129221 1.051662 -0.123185
1.043642 -0.129290 1.051620 -0.123255
1.043591 -0.129358 1.051578 -0.123326
1.043540 -0.129427 1.051536 -0.123397
1.043489 -0.129495 1.051493 -0.123467
1.043438 -0.129564 1.051451 -0.123538
1.043387 -0.129632 1.051409 -0.123608
1.043335 -0.129700 1.051366 -0.123679
1.043284 -0.129769 1.051324 -0.123749
1.043233 -0.129837 1.051281 -0.123819
1.043182 -0.129905 1.051239 -0.123890
1.043130 -0.129973 1.051197 -0.123960
1.043079 -0.130041 1.051154 -0.124030
1.043028 -0.130109 1.051112 -0.124100
1.042977 -0.130176 1.051069 -0.124170
1.042925 -0.130244 1.051026 -0.124240
1.042874 -0.130312 1.050984 -0.124310
1.042822 -0.130379 1.050941 -0.124380
1.042771 -0.130447 1.050898 -0.124450
1.042719 -0.130514 1.050856 -0.124520
1.042668 -0.130582 1.050813 -0.124589
1.042617 -0.130649 1.050770 -0.124659
1.042565 -0.130716 1.050728 -0.124729
1.042513 -0.130784 1.050685 -0.124798
1.042462 -0.130851 1.050642 -0.124868
1.042410 -0.130918 1.050599 -0.124937
1.042359 -0.130985 1.050556 -0.125007
1.042307 -0.131052 1.050513 -0.125076
1.042255 -0.131119 1.050471 -0.125146
1.042204 -0.131186 1.050428 -0.125215
1.042152 -0.131252 1.050385 -0.125284
1.042100 -0.131319 1.050342 -0.125353
1.042049 -0.131386 1.050299 -0.125422
1.041997 -0.131452 1.050256 -0.125491
1.041945 -0.131519 1.050213 -0.125560
1.041893 -0.131585 1.050170 -0.125629
1.041841 -0.131652 1.050126 -0.125698
1.041789 -0.131718 1.050083 -0.125767
1.041738 -0.131784 1.050040 -0.125836
1.041686 -0.131850 1.049997 -0.125905
1.041634 -0.131916 1.049954 -0.125973
1.041582 -0.131983 1.049910 -0.126042
1.041530 -0.132049 1.049867 -0.126110
1.041478 -0.132114 1.049824 -0.126179
1.041426 -0.132180 1.049781 -0.126247
1.041374 -0.132246 1.049737 -0.126316
1.041322 -0.132312 1.049694 -0.126384
1.041270 -0.132377 1.049651 -0.126452
1.041218 -0.132443 1.049607 -0.126521
1.041165 -0.132509 1.049564 -0.126589
1.041113 -0.132574 1.049520 -0.126657
1.041061 -0.132639 1.049477 -0.126725
1.041009 -0.132705 1.049433 -0.126793
1.040957 -0.132770 1.049390 -0.126861
1.040905 -0.132835 1.049346 -0.126929
1.040852 -0.132900 1.049303 -0.126997
1.040800 -0.132965 1.049259 -0.127065
1.040748 -0.133030 1.049215 -0.127133
1.040695 -0.133095 1.049172 -0.127200
1.040643 -0.133160 1.049128 -0.127268
1.040591 -0.133225 1.049084 -0.127336
1.040538 -0.133290 1.049041 -0.127403
1.040486 -0.133354 1.048997 -0.127471
1.040434 -0.133419 1.048953 -0.127538
1.040381 -0.133484 1.048909 -0.127605
1.040329 -0.133548 1.048865 -0.127673
1.040276 -0.133612 1.048822 -0.127740
1.040224 -0.133677 1.048778 -0.127807
1.040171 -0.133741 1.048734 -0.127874
1.040119 -0.133805 1.048690 -0.127942
1.040066 -0.133869 1.048646 -0.128009
1.040013 -0.133934 1.048602 -0.128076
1.039961 -0.133998 1.048558 -0.128143
1.039908 -0.134061 1.048514 -0.128210
1.039855 -0.134125 1.048470 -0.128276
1.039803 -0.134189 1.048426 -0.128343
1.039750 -0.134253 1.048382 -0.128410
1.039697 -0.134317 1.048338 -0.128477
1.039645 -0.134380 1.048293 -0.128543
1.039592 -0.134444 1.048249 -0.128610
1.039539 -0.134507 1.048205 -0.128676
1.039486 -0.134571 1.048161 -0.128743
1.039434 -0.134634 1.048117 -0.128809
1.039381 -0.134697 1.048072 -0.128875
1.039328 -0.134760 1.048028 -0.128942
1.039275 -0.134824 1.047984 -0.129008
1.039222 -0.134887 1.047939 -0.129074
1.039169 -0.134950 1.047895 -0.129140
1.039116 -0.135013 1.047851 -0.129206
1.039063 -0.135075 1.047806 -0.129272
1.039010 -0.135138 1.047762 -0.129338
1.038957 -0.135201 1.047717 -0.129404
1.038904 -0.135264 1.047673 -0.129470
1.038851 -0.135326 1.047628 -0.129536
1.038798 -0.135389 1.047584 -0.129602
1.038745 -0.135451 1.047539 -0.129667
1.038692 -0.135514 1.047495 -0.129733
1.038639 -0.135576 1.047450 -0.129799
1.038586 -0.135638 1.047405 -0.129864
1.038533 -0.135701 1.047361 -0.129930
1.038479 -0.135763 1.047316 -0.129995
1.038426 -0.135825 1.047271 -0.130060
1.038373 -0.135887 1.047227 -0.130126
1.038320 -0.135949 1.047182 -0.130191
1.038266 -0.136011 1.047137 -0.130256
1.038213 -0.136072 1.047092 -0.130321
1.038160 -0.136134 1.047047 -0.130386
1.038107 -0.136196 1.047003 -0.130451
1.038053 -0.136257 1.046958 -0.130516
1.038000 -0.136319 1.046913 -0.130581
1.037946 -0.136380 1.046868 -0.130646
1.037893 -0.136442 1.046823 -0.130711
1.037840 -0.136503 1.046778 -0.130776
1.037786 -0.136564 1.046733 -0.130840
1.037733 -0.136626 1.046688 -0.130905
1.037679 -0.136687 1.046643 -0.130969
1.037626 -0.136748 1.046598 -0.131034
1.037572 -0.136809 1.046553 -0.131098
1.037519 -0.136870 1.046508 -0.131163
1.037465 -0.136930 1.046463 -0.131227
1.037412 -0.136991 1.046417 -0.131291
1.037358 -0.137052 1.046372 -0.131356
1.037304 -0.137113 1.046327 -0.131420
1.037251 -0.137173 1.046282 -0.131484
1.037197 -0.137234 1.046237 -0.131548
1.037143 -0.137294 1.046191 -0.131612
1.037090 -0.137355 1.046146 -0.131676
1.037036 -0.137415 1.046101 -0.131740
1.036982 -0.137475 1.046055 -0.131804
1.036929 -0.137535 1.046010 -0.131867
1.036875 -0.137595 1.045965 -0.131931
1.036821 -0.137655 1.045919 -0.131995
1.036767 -0.137715 1.045874 -0.132058
1.036713 -0.137775 1.045828 -0.132122
1.036660 -0.137835 1.045783 -0.132186
1.036606 -0.137895 1.045737 -0.132249
1.036552 -0.137955 1.045692 -0.132312
1.036498 -0.138014 1.045646 -0.132376
1.036444 -0.138074 1.045601 -0.132439
1.036390 -0.138133 1.045555 -0.132502
1.036336 -0.138193 1.045509 -0.132565
1.036282 -0.138252 1.045464 -0.132628
1.036228 -0.138311 1.045418 -0.132691
1.036174 -0.138371 1.045372 -0.132754
1.036120 -0.138430 1.045327 -0.132817
1.036066 -0.138489 1.045281 -0.132880
1.036012 -0.138548 1.045235 -0.132943
1.035958 -0.138607 1.045189 -0.133006
1.035904 -0.138666 1.045143 -0.133068
1.035850 -0.138724 1.045098 -0.133131
1.035796 -0.138783 1.045052 -0.133194
1.035741 -0.138842 1.045006 -0.133256
1.035687 -0.138900 1.044960 -0.133319
1.035633 -0.138959 1.044914 -0.133381
1.035579 -0.139017 1.044868 -0.133443
1.035525 -0.139076 1.044822 -0.133506
1.035470 -0.139134 1.044776 -0.133568
1.035416 -0.139192 1.044730 -0.133630
1.035362 -0.139251 1.044684 -0.133692
1.035307 -0.139309 1.044638 -0.133754
1.035253 -0.139367 1.044592 -0.133816
1.035199 -0.139425 1.044546 -0.133878
1.035144 -0.139483 1.044500 -0.133940
1.035090 -0.139540 1.044453 -0.134002
1.035036 -0.139598 1.044407 -0.134064
1.034981 -0.139656 1.044361 -0.134126
1.034927 -0.139713 1.044315 -0.134187
1.034872 -0.139771 1.044269 -0.134249
1.034818 -0.139829 1.044222 -0.134310
1.034763 -0.139886 1.044176 -0.134372
1.034709 -0.139943 1.044130 -0.134433
1.034654 -0.140001 1.044083 -0.134495
1.034600 -0.140058 1.044037 -0.134556
1.034545 -0.140115 1.043991 -0.134617
1.034491 -0.140172 1.043944 -0.134678
1.034436 -0.140229 1.043898 -0.134739
1.034382 -0.140286 1.043851 -0.134801
1.034327 -0.140343 1.043805 -0.134862
1.034272 -0.140400 1.043758 -0.134923
1.034218 -0.140456 1.043712 -0.134983
1.034163 -0.140513 1.043665 -0.135044
1.034108 -0.140570 1.043619 -0.135105
1.034054 -0.140626 1.043572 -0.135166
1.033999 -0.140683 1.043525 -0.135226
1.033944 -0.140739 1.043479 -0.135287
1.033889 -0.140795 1.043432 -0.135348
1.033835 -0.140851 1.043385 -0.135408
1.033780 -0.140908 1.043339 -0.135468
1.033725 -0.140964 1.043292 -0.135529
1.033670 -0.141020 1.043245 -0.135589
1.033615 -0.141076 1.043199 -0.135649
1.033561 -0.141132 1.043152 -0.135710
1.033506 -0.141187 1.043105 -0.135770
1.033451 -0.141243 1.043058 -0.135830
1.033396 -0.141299 1.043011 -0.135890
1.033341 -0.141354 1.042964 -0.135950
1.033286 -0.141410 1.042917 -0.136010
1.033231 -0.141465 1.042870 -0.136070
1.033176 -0.141521 1.042824 -0.136129
1.033121 -0.141576 1.042777 -0.136189
1.033066 -0.141631 1.042730 -0.136249
1.033011 -0.141687 1.042683 -0.136308
1.032956 -0.141742 1.042635 -0.136368
1.032901 -0.141797 1.042588 -0.136427
1.032846 -0.141852 1.042541 -0.136487
1.032791 -0.141907 1.042494 -0.136546
1.032736 -0.141961 1.042447 -0.136605
1.032681 -0.142016 1.042400 -0.136665
1.032625 -0.142071 1.042353 -0.136724
1.032570 -0.142125 1.042306 -0.136783
1.032515 -0.142180 1.042258 -0.136842
1.032460 -0.142235 1.042211 -0.136901
1.032405 -0.142289 1.042164 -0.136960
1.032349 -0.142343 1.042117 -0.137019
1.032294 -0.142398 1.042069 -0.137078
1.032239 -0.142452 1.042022 -0.137136
1.032184 -0.142506 1.041975 -0.137195
1.032128 -0.142560 1.041927 -0.137254
1.032073 -0.142614 1.041880 -0.137312
1.032018 -0.142668 1.041832 -0.137371
1.031962 -0.142722 1.041785 -0.137429
1.031907 -0.142775 1.041738 -0.137488
1.031852 -0.142829 1.041690 -0.137546
1.031796 -0.142883 1.041643 -0.137604
1.031741 -0.142936 1.041595 -0.137663
1.031686 -0.142990 1.041547 -0.137721
1.031630 -0.143043 1.041500 -0.137779
1.031575 -0.143097 1.041452 -0.137837
1.031519 -0.143150 1.041405 -0.137895
1.031464 -0.143203 1.041357 -0.137953
1.031408 -0.143256 1.041309 -0.138011
1.031353 -0.143309 1.041262 -0.138069
1.031297 -0.143362 1.041214 -0.138126
1.031242 -0.143415 1.041166 -0.138184
1.031186 -0.143468 1.041119 -0.138242
1.031131 -0.143521 1.041071 -0.138299
1.031075 -0.143573 1.041023 -0.138357
1.031019 -0.143626 1.040975 -0.138414
1.030964 -0.143679 1.040927 -0.138472
1.030908 -0.143731 1.040880 -0.138529
1.030852 -0.143784 1.040832 -0.138586
1.030797 -0.143836 1.040784 -0.138643
1.030741 -0.143888 1.040736 -0.138700
1.030685 -0.143940 1.040688 -0.138758
1.030630 -0.143992 1.040640 -0.138815
1.030574 -0.144045 1.040592 -0.138872
1.030518 -0.144097 1.040544 -0.138928
1.030463 -0.144148 1.040496 -0.138985
1.030407 -0.144200 1.040448 -0.139042
1.030351 -0.144252 1.040400 -0.139099
1.030295 -0.144304 1.040352 -0.139155
1.030239 -0.144355 1.040304 -0.139212
1.030184 -0.144407 1.040256 -0.139268
1.030128 -0.144458 1.040207 -0.139325
1.030072 -0.144510 1.040159 -0.139381
1.030016 -0.144561 1.040111 -0.139438
1.029960 -0.144612 1.040063 -0.139494
1.029904 -0.144664 1.040015 -0.139550
1.029848 -0.144715 1.039966 -0.139606
1.029792 -0.144766 1.039918 -0.139662
1.029736 -0.144817 1.039870 -0.139719
1.029680 -0.144868 1.039821 -0.139774
1.029624 -0.144919 1.039773 -0.139830
1.029569 -0.144969 1.039725 -0.139886
1.029513 -0.145020 1.039676 -0.139942
1.029457 -0.145071 1.039628 -0.139998
1.029400 -0.145121 1.039579 -0.140053
1.029344 -0.145172 1.039531 -0.140109
1.029288 -0.145222 1.039483 -0.140165
1.029232 -0.145272 1.039434 -0.140220
1.029176 -0.145323 1.039386 -0.140276
1.029120 -0.145373 1.039337 -0.140331
1.029064 -0.145423 1.039288 -0.140386
1.029008 -0.145473 1.039240 -0.140441
1.028952 -0.145523 1.039191 -0.140497
1.028896 -0.145573 1.039143 -0.140552
1.028839 -0.145623 1.039094 -0.140607
1.028783 -0.145672 1.039045 -0.140662
1.028727 -0.145722 1.038997 -0.140717
1.028671 -0.145772 1.038948 -0.140772
1.028615 -0.145821 1.038899 -0.140826
1.028558 -0.145871 1.038851 -0.140881
1.028502 -0.145920 1.038802 -0.140936
1.028446 -0.145969 1.038753 -0.140990
1.028390 -0.146019 1.038704 -0.141045
1.028333 -0.146068 1.038655 -0.141099
1.028277 -0.146117 1.038607 -0.141154
1.028221 -0.146166 1.038558 -0.141208
1.028164 -0.146215 1.038509 -0.141263
1.028108 -0.146264 1.038460 -0.141317
1.028052 -0.146313 1.038411 -0.141371
1.027995 -0.146361 1.038362 -0.141425
1.027939 -0.146410 1.038313 -0.141479
1.027882 -0.146459 1.038264 -0.141533
1.027826 -0.146507 1.038215 -0.141587
1.027770 -0.146556 1.038166 -0.141641
1.027713 -0.146604 1.038117 -0.141695
1.027657 -0.146652 1.038068 -0.141748
1.027600 -0.146700 1.038019 -0.141802
1.027544 -0.146749 1.037970 -0.141856
1.027487 -0.146797 1.037921 -0.141909
1.027431 -0.146845 1.037872 -0.141963
1.027374 -0.146893 1.037822 -0.142016
1.027318 -0.146941 1.037773 -0.142070
1.027261 -0.146988 1.037724 -0.142123
1.027205 -0.147036 1.037675 -0.142176
1.027148 -0.147084 1.037625 -0.142229
1.027091 -0.147131 1.037576 -0.142282
1.027035 -0.147179 1.037527 -0.142335
1.026978 -0.147226 1.037478 -0.142388
1.026922 -0.147273 1.037428 -0.142441
1.026865 -0.147321 1.037379 -0.142494
1.026808 -0.147368 1.037330 -0.142547
1.026752 -0.147415 1.037280 -0.142600
1.026695 -0.147462 1.037231 -0.142652
1.026638 -0.147509 1.037181 -0.142705
1.026582 -0.147556 1.037132 -0.142758
1.026525 -0.147603 1.037082 -0.142810
1.026468 -0.147650 1.037033 -0.142862
1.026411 -0.147696 1.036983 -0.142915
1.026355 -0.147743 1.036934 -0.142967
1.026298 -0.147789 1.036884 -0.143019
1.026241 -0.147836 1.036835 -0.143071
1.026184 -0.147882 1.036785 -0.143124
1.026128 -0.147929 1.036736 -0.143176
1.026071 -0.147975 1.036686 -0.143228
1.026014 -0.148021 1.036636 -0.143279
1.025957 -0.148067 1.036587 -0.143331
1.025900 -0.148113 1.036537 -0.143383
1.025843 -0.148159 1.036487 -0.143435
1.025786 -0.148205 1.036437 -0.143486
1.025730 -0.148251 1.036388 -0.143538
1.025673 -0.148297 1.036338 -0.143590
1.025616 -0.148342 1.036288 -0.143641
1.025559 -0.148388 1.036238 -0.143692
1.025502 -0.148433 1.036189 -0.143744
1.025445 -0.148479 1.036139 -0.143795
1.025388 -0.148524 1.036089 -0.143846
1.025331 -0.148569 1.036039 -0.143897
1.025274 -0.148615 1.035989 -0.143948
1.025217 -0.148660 1.035939 -0.143999
1.025160 -0.148705 1.035889 -0.144050
1.025103 -0.148750 1.035839 -0.144101
1.025046 -0.148795 1.035789 -0.144152
1.024989 -0.148839 1.035739 -0.144203
1.024932 -0.148884 1.035689 -0.144254
1.024875 -0.148929 1.035639 -0.144304
1.024818 -0.148974 1.035589 -0.144355
1.024761 -0.149018 1.035539 -0.144405
1.024704 -0.149063 1.035489 -0.144456
1.024647 -0.149107 1.035439 -0.144506
1.024589 -0.149151 1.035389 -0.144556
1.024532 -0.149195 1.035338 -0.144607
1.024475 -0.149240 1.035288 -0.144657
1.024418 -0.149284 1.035238 -0.144707
1.024361 -0.149328 1.035188 -0.144757
1.024304 -0.149372 1.035138 -0.144807
1.024246 -0.149416 1.035087 -0.144857
1.024189 -0.149459 1.035037 -0.144907
1.024132 -0.149503 1.034987 -0.144956
1.024075 -0.149547 1.034936 -0.145006
1.024018 -0.149590 1.034886 -0.145056
1.023960 -0.149634 1.034836 -0.145105
1.023903 -0.149677 1.034785 -0.145155
1.023846 -0.149721 1.034735 -0.145204
1.023789 -0.149764 1.034685 -0.145254
1.023731 -0.149807 1.034634 -0.145303
1.023674 -0.149850 1.034584 -0.145352
1.023617 -0.149893 1.034533 -0.145402
1.023559 -0.149936 1.034483 -0.145451
1.023502 -0.149979 1.034432 -0.145500
1.023445 -0.150022 1.034382 -0.145549
1.023387 -0.150065 1.034331 -0.145598
1.023330 -0.150107 1.034281 -0.145647
1.023273 -0.150150 1.034230 -0.145695
1.023215 -0.150193 1.034180 -0.145744
1.023158 -0.150235 1.034129 -0.145793
1.023100 -0.150277 1.034078 -0.145841
1.023043 -0.150320 1.034028 -0.145890
1.022986 -0.150362 1.033977 -0.145938
1.022928 -0.150404 1.033926 -0.145987
1.022871 -0.150446 1.033876 -0.146035
1.022813 -0.150488 1.033825 -0.146083
1.022756 -0.150530 1.033774 -0.146132
1.022698 -0.150572 1.033723 -0.146180
1.022641 -0.150614 1.033673 -0.146228
1.022583 -0.150655 1.033622 -0.146276
1.022526 -0.150697 1.033571 -0.146324
1.022468 -0.150739 1.033520 -0.146372
1.022411 -0.150780 1.033469 -0.146420
1.022353 -0.150821 1.033418 -0.146467
1.022296 -0.150863 1.033367 -0.146515
1.022238 -0.150904 1.033316 -0.146563
1.022181 -0.150945 1.033266 -0.146610
1.022123 -0.150986 1.033215 -0.146658
1.022065 -0.151027 1.033164 -0.146705
1.022008 -0.151068 1.033113 -0.146753
1.021950 -0.151109 1.033062 -0.146800
1.021893 -0.151150 1.033011 -0.146847
1.021835 -0.151191 1.032960 -0.146894
1.021777 -0.151231 1.032909 -0.146941
1.021720 -0.151272 1.032857 -0.146988
1.021662 -0.151312 1.032806 -0.147035
1.021604 -0.151353 1.032755 -0.147082
1.021547 -0.151393 1.032704 -0.147129
1.021489 -0.151433 1.032653 -0.147176
1.021431 -0.151474 1.032602 -0.147222
1.021374 -0.151514 1.032551 -0.147269
1.021316 -0.151554 1.032499 -0.147316
1.021258 -0.151594 1.032448 -0.147362
1.021201 -0.151634 1.032397 -0.147409
1.021143 -0.151673 1.032346 -0.147455
1.021085 -0.151713 1.032294 -0.147501
1.021027 -0.151753 1.032243 -0.147547
1.020970 -0.151792 1.032192 -0.147594
1.020912 -0.151832 1.032140 -0.147640
1.020854 -0.151871 1.032089 -0.147686
1.020796 -0.151911 1.032038 -0.147732
1.020738 -0.151950 1.031986 -0.147778
1.020681 -0.151989 1.031935 -0.147823
1.020623 -0.152028 1.031883 -0.147869
1.020565 -0.152067 1.031832 -0.147915
1.020507 -0.152106 1.031781 -0.147961
1.020449 -0.152145 1.031729 -0.148006
1.020391 -0.152184 1.031678 -0.148052
1.020334 -0.152223 1.031626 -0.148097
1.020276 -0.152262 1.031575 -0.148142
1.020218 -0.152300 1.031523 -0.148188
1.020160 -0.152339 1.031471 -0.148233
1.020102 -0.152377 1.031420 -0.148278
1.020044 -0.152416 1.031368 -0.148323
1.019986 -0.152454 1.031317 -0.148368
1.019928 -0.152492 1.031265 -0.148413
1.019870 -0.152530 1.031213 -0.148458
1.019812 -0.152568 1.031162 -0.148503
1.019754 -0.152606 1.031110 -0.148548
1.019696 -0.152644 1.031058 -0.148592
1.019639 -0.152682 1.031007 -0.148637
1.019581 -0.152720 1.030955 -0.148681
1.019523 -0.152757 1.030903 -0.148726
1.019465 -0.152795 1.030851 -0.148770
1.019407 -0.152833 1.030799 -0.148815
1.019349 -0.152870 1.030748 -0.148859
1.019291 -0.152907 1.030696 -0.148903
1.019233 -0.152945 1.030644 -0.148947
1.019175 -0.152982 1.030592 -0.148991
1.019116 -0.153019 1.030540 -0.149035
1.019058 -0.153056 1.030488 -0.149079
1.019000 -0.153093 1.030436 -0.149123
1.018942 -0.153130 1.030385 -0.149167
1.018884 -0.153167 1.030333 -0.149211
1.018826 -0.153204 1.030281 -0.149254
1.018768 -0.153240 1.030229 -0.149298
1.018710 -0.153277 1.030177 -0.149342
1.018652 -0.153314 1.030125 -0.149385
1.018594 -0.153350 1.030073 -0.149428
1.018536 -0.153386 1.030021 -0.149472
1.018478 -0.153423 1.029968 -0.149515
1.018419 -0.153459 1.029916 -0.149558
1.018361 -0.153495 1.029864 -0.149601
1.018303 -0.153531 1.029812 -0.149644
1.018245 -0.153567 1.029760 -0.149687
1.018187 -0.153603 1.029708 -0.149730
1.018129 -0.153639 1.029656 -0.149773
1.018070 -0.153675 1.029603 -0.149816
1.018012 -0.153710 1.029551 -0.149859
1.017954 -0.153746 1.029499 -0.149901
1.017896 -0.153782 1.029447 -0.149944
1.017838 -0.153817 1.029395 -0.149986
1.017779 -0.153852 1.029342 -0.150029
1.017721 -0.153888 1.029290 -0.150071
1.017663 -0.153923 1.029238 -0.150114
1.017605 -0.153958 1.029185 -0.150156
1.017546 -0.153993 1.029133 -0.150198
1.017488 -0.154028 1.029081 -0.150240
1.017430 -0.154063 1.029028 -0.150282
1.017372 -0.154098 1.028976 -0.150324
1.017313 -0.154133 1.028923 -0.150366
1.017255 -0.154167 1.028871 -0.150408
1.017197 -0.154202 1.028819 -0.150450
1.017139 -0.154237 1.028766 -0.150491
1.017080 -0.154271 1.028714 -0.150533
1.017022 -0.154305 1.028661 -0.150574
1.016964 -0.154340 1.028609 -0.150616
1.016905 -0.154374 1.028556 -0.150657
1.016847 -0.154408 1.028504 -0.150699
1.016789 -0.154442 1.028451 -0.150740
1.016730 -0.154476 1.028399 -0.150781
1.016672 -0.154510 1.028346 -0.150822
1.016614 -0.154544 1.028293 -0.150863
1.016555 -0.154578 1.028241 -0.150904
1.016497 -0.154611 1.028188 -0.150945
1.016439 -0.154645 1.028135 -0.150986
1.016380 -0.154679 1.028083 -0.151027
1.016322 -0.154712 1.028030 -0.151068
1.016263 -0.154745 1.027977 -0.151108
1.016205 -0.154779 1.027925 -0.151149
1.016147 -0.154812 1.027872 -0.151189
1.016088 -0.154845 1.027819 -0.151230
1.016030 -0.154878 1.027766 -0.151270
1.015971 -0.154911 1.027714 -0.151310
1.015913 -0.154944 1.027661 -0.151351
1.015854 -0.154977 1.027608 -0.151391
1.015796 -0.155010 1.027555 -0.151431
1.015738 -0.155042 1.027502 -0.151471
1.015679 -0.155075 1.027449 -0.151511
1.015621 -0.155107 1.027397 -0.151551
1.015562 -0.155140 1.027344 -0.151591
1.015504 -0.155172 1.027291 -0.151630
1.015445 -0.155205 1.027238 -0.151670
1.015387 -0.155237 1.027185 -0.151710
1.015328 -0.155269 1.027132 -0.151749
1.015270 -0.155301 1.027079 -0.151789
1.015211 -0.155333 1.027026 -0.151828
1.015153 -0.155365 1.026973 -0.151867
1.015094 -0.155397 1.026920 -0.151907
1.015036 -0.155428 1.026867 -0.151946
1.014977 -0.155460 1.026814 -0.151985
1.014919 -0.155492 1.026761 -0.152024
1.014860 -0.155523 1.026708 -0.152063
1.014802 -0.155555 1.026655 -0.152102
1.014743 -0.155586 1.026601 -0.152141
1.014685 -0.155617 1.026548 -0.152179
1.014626 -0.155649 1.026495 -0.152218
1.014567 -0.155680 1.026442 -0.152257
1.014509 -0.155711 1.026389 -0.152295
1.014450 -0.155742 1.026336 -0.152334
1.014392 -0.155773 1.026282 -0.152372
1.014333 -0.155803 1.026229 -0.152411
1.014275 -0.155834 1.026176 -0.152449
1.014216 -0.155865 1.026123 -0.152487
1.014157 -0.155895 1.026069 -0.152525
1.014099 -0.155926 1.026016 -0.152563
1.014040 -0.155956 1.025963 -0.152601
1.013982 -0.155987 1.025910 -0.152639
1.013923 -0.156017 1.025856 -0.152677
1.013864 -0.156047 1.025803 -0.152715
1.013806 -0.156077 1.025750 -0.152752
1.013747 -0.156107 1.025696 -0.152790
1.013688 -0.156137 1.025643 -0.152828
1.013630 -0.156167 1.025589 -0.152865
1.013571 -0.156197 1.025536 -0.152903
1.013512 -0.156227 1.025482 -0.152940
1.013454 -0.156256 1.025429 -0.152977
1.013395 -0.156286 1.025376 -0.153014
1.013337 -0.156315 1.025322 -0.153052
1.013278 -0.156345 1.025269 -0.153089
1.013219 -0.156374 1.025215 -0.153126
1.013160 -0.156403 1.025162 -0.153163
1.013102 -0.156432 1.025108 -0.153199
1.013043 -0.156461 1.025054 -0.153236
1.012984 -0.156490 1.025001 -0.153273
1.012926 -0.156519 1.024947 -0.153310
1.012867 -0.156548 1.024894 -0.153346
1.012808 -0.156577 1.024840 -0.153383
1.012750 -0.156606 1.024786 -0.153419
1.012691 -0.156634 1.024733 -0.153455
1.012632 -0.156663 1.024679 -0.153492
1.012573 -0.156691 1.024625 -0.153528
1.012515 -0.156720 1.024572 -0.153564
1.012456 -0.156748 1.024518 -0.153600
1.012397 -0.156776 1.024464 -0.153636
1.012339 -0.156804 1.024411 -0.153672
1.012280 -0.156833 1.024357 -0.153708
1.012221 -0.156861 1.024303 -0.153744
1.012162 -0.156888 1.024249 -0.153779
1.012104 -0.156916 1.024195 -0.153815
1.012045 -0.156944 1.024142 -0.153851
1.011986 -0.156972 1.024088 -0.153886
1.011927 -0.156999 1.024034 -0.153922
1.011868 -0.157027 1.023980 -0.153957
1.011810 -0.157054 1.023926 -0.153992
1.011751 -0.157082 1.023872 -0.154027
1.011692 -0.157109 1.023818 -0.154063
1.011633 -0.157136 1.023765 -0.154098
1.011575 -0.157163 1.023711 -0.154133
1.011516 -0.157190 1.023657 -0.154168
1.011457 -0.157217 1.023603 -0.154202
1.011398 -0.157244 1.023549 -0.154237
1.011339 -0.157271 1.023495 -0.154272
1.011281 -0.157298 1.023441 -0.154307
1.011222 -0.157324 1.023387 -0.154341
1.011163 -0.157351 1.023333 -0.154376
1.011104 -0.157377 1.023279 -0.154410
1.011045 -0.157404 1.023225 -0.154444
1.010987 -0.157430 1.023171 -0.154479
1.010928 -0.157456 1.023116 -0.154513
1.010869 -0.157483 1.023062 -0.154547
1.010810 -0.157509 1.023008 -0.154581
1.010751 -0.157535 1.022954 -0.154615
1.010692 -0.157561 1.022900 -0.154649
1.010634 -0.157587 1.022846 -0.154683
1.010575 -0.157612 1.022792 -0.154717
1.010516 -0.157638 1.022738 -0.154750
1.010457 -0.157664 1.022683 -0.154784
1.010398 -0.157689 1.022629 -0.154817
1.010339 -0.157715 1.022575 -0.154851
1.010280 -0.157740 1.022521 -0.154884
1.010222 -0.157765 1.022466 -0.154918
1.010163 -0.157791 1.022412 -0.154951
1.010104 -0.157816 1.022358 -0.154984
1.010045 -0.157841 1.022304 -0.155017
1.009986 -0.157866 1.022249 -0.155050
1.009927 -0.157891 1.022195 -0.155083
1.009868 -0.157916 1.022141 -0.155116
1.009809 -0.157940 1.022086 -0.155149
1.009751 -0.157965 1.022032 -0.155182
1.009692 -0.157990 1.021978 -0.155214
1.009633 -0.158014 1.021923 -0.155247
1.009574 -0.158038 1.021869 -0.155280
1.009515 -0.158063 1.021814 -0.155312
1.009456 -0.158087 1.021760 -0.155344
1.009397 -0.158111 1.021705 -0.155377
1.009338 -0.158135 1.021651 -0.155409
1.009279 -0.158159 1.021597 -0.155441
1.009221 -0.158183 1.021542 -0.155473
1.009162 -0.158207 1.021488 -0.155505
1.009103 -0.158231 1.021433 -0.155537
1.009044 -0.158255 1.021379 -0.155569
1.008985 -0.158278 1.021324 -0.155601
1.008926 -0.158302 1.021269 -0.155633
1.008867 -0.158326 1.021215 -0.155664
1.008808 -0.158349 1.021160 -0.155696
1.008749 -0.158372 1.021106 -0.155727
1.008690 -0.158395 1.021051 -0.155759
1.008631 -0.158419 1.020996 -0.155790
1.008573 -0.158442 1.020942 -0.155822
1.008514 -0.158465 1.020887 -0.155853
1.008455 -0.158488 1.020833 -0.155884
1.008396 -0.158510 1.020778 -0.155915
1.008337 -0.158533 1.020723 -0.155946
1.008278 -0.158556 1.020669 -0.155977
1.008219 -0.158579 1.020614 -0.156008
1.008160 -0.158601 1.020559 -0.156039
1.008101 -0.158624 1.020504 -0.156069
1.008042 -0.158646 1.020450 -0.156100
1.007983 -0.158668 1.020395 -0.156130
1.007924 -0.158690 1.020340 -0.156161
1.007865 -0.158713 1.020285 -0.156191
1.007806 -0.158735 1.020231 -0.156222
1.007747 -0.158757 1.020176 -0.156252
1.007688 -0.158778 1.020121 -0.156282
1.007630 -0.158800 1.020066 -0.156312
1.007571 -0.158822 1.020011 -0.156342
1.007512 -0.158844 1.019956 -0.156372
1.007453 -0.158865 1.019901 -0.156402
1.007394 -0.158887 1.019847 -0.156432
1.007335 -0.158908 1.019792 -0.156462
1.007276 -0.158929 1.019737 -0.156491
1.007217 -0.158951 1.019682 -0.156521
1.007158 -0.158972 1.019627 -0.156550
1.007099 -0.158993 1.019572 -0.156580
1.007040 -0.159014 1.019517 -0.156609
1.006981 -0.159035 1.019462 -0.156639
1.006922 -0.159056 1.019407 -0.156668
1.006863 -0.159076 1.019352 -0.156697
1.006804 -0.159097 1.019297 -0.156726
1.006745 -0.159118 1.019242 -0.156755
1.006686 -0.159138 1.019187 -0.156784
1.006627 -0.159159 1.019132 -0.156813
1.006568 -0.159179 1.019077 -0.156842
1.006509 -0.159199 1.019022 -0.156870
1.006450 -0.159220 1.018967 -0.156899
1.006391 -0.159240 1.018912 -0.156927
1.006332 -0.159260 1.018856 -0.156956
1.006273 -0.159280 1.018801 -0.156984
1.006214 -0.159300 1.018746 -0.157013
1.006155 -0.159319 1.018691 -0.157041
1.006097 -0.159339 1.018636 -0.157069
1.006038 -0.159359 1.018581 -0.157097
1.005979 -0.159378 1.018526 -0.157125
1.005920 -0.159398 1.018470 -0.157153
1.005861 -0.159417 1.018415 -0.157181
1.005802 -0.159437 1.018360 -0.157209
1.005743 -0.159456 1.018305 -0.157237
1.005684 -0.159475 1.018249 -0.157264
1.005625 -0.159494 1.018194 -0.157292
1.005566 -0.159513 1.018139 -0.157319
1.005507 -0.159532 1.018084 -0.157347
1.005448 -0.159551 1.018028 -0.157374
1.005389 -0.159570 1.017973 -0.157401
1.005330 -0.159588 1.017918 -0.157429
1.005271 -0.159607 1.017862 -0.157456
1.005212 -0.159625 1.017807 -0.157483
1.005153 -0.159644 1.017752 -0.157510
1.005094 -0.159662 1.017696 -0.157537
1.005035 -0.159681 1.017641 -0.157564
1.004976 -0.159699 1.017586 -0.157590
1.004917 -0.159717 1.017530 -0.157617
1.004858 -0.159735 1.017475 -0.157644
1.004799 -0.159753 1.017419 -0.157670
1.004740 -0.159771 1.017364 -0.157697
1.004681 -0.159789 1.017309 -0.157723
1.004622 -0.159806 1.017253 -0.157749
1.004563 -0.159824 1.017198 -0.157776
1.004504 -0.159841 1.017142 -0.157802
1.004445 -0.159859 1.017087 -0.157828
1.004386 -0.159876 1.017031 -0.157854
1.004327 -0.159894 1.016976 -0.157880
1.004268 -0.159911 1.016920 -0.157906
1.004209 -0.159928 1.016865 -0.157931
1.004151 -0.159945 1.016809 -0.157957
1.004092 -0.159962 1.016754 -0.157983
1.004033 -0.159979 1.016698 -0.158008
1.003974 -0.159996 1.016642 -0.158034
1.003915 -0.160013 1.016587 -0.158059
1.003856 -0.160029 1.016531 -0.158084
1.003797 -0.160046 1.016476 -0.158110
1.003738 -0.160062 1.016420 -0.158135
1.003679 -0.160079 1.016364 -0.158160
1.003620 -0.160095 1.016309 -0.158185
1.003561 -0.160111 1.016253 -0.158210
1.003502 -0.160128 1.016197 -0.158235
1.003443 -0.160144 1.016142 -0.158260
1.003384 -0.160160 1.016086 -0.158284
1.003325 -0.160176 1.016030 -0.158309
1.003266 -0.160192 1.015975 -0.158334
1.003207 -0.160207 1.015919 -0.158358
1.003148 -0.160223 1.015863 -0.158382
1.003089 -0.160239 1.015807 -0.158407
1.003030 -0.160254 1.015752 -0.158431
1.002971 -0.160270 1.015696 -0.158455
1.002912 -0.160285 1.015640 -0.158479
1.002854 -0.160300 1.015584 -0.158503
1.002795 -0.160316 1.015528 -0.158527
1.002736 -0.160331 1.015473 -0.158551
1.002677 -0.160346 1.015417 -0.158575
1.002618 -0.160361 1.015361 -0.158599
1.002559 -0.160376 1.015305 -0.158622
1.002500 -0.160390 1.015249 -0.158646
1.002441 -0.160405 1.015193 -0.158670
1.002382 -0.160420 1.015138 -0.158693
1.002323 -0.160434 1.015082 -0.158716
1.002264 -0.160449 1.015026 -0.158740
1.002205 -0.160463 1.014970 -0.158763
1.002146 -0.160478 1.014914 -0.158786
1.002087 -0.160492 1.014858 -0.158809
1.002029 -0.160506 1.014802 -0.158832
1.001970 -0.160520 1.014746 -0.158855
1.001911 -0.160534 1.014690 -0.158878
1.001852 -0.160548 1.014634 -0.158900
1.001793 -0.160562 1.014578 -0.158923
1.001734 -0.160576 1.014522 -0.158946
1.001675 -0.160589 1.014466 -0.158968
1.001616 -0.160603 1.014410 -0.158990
1.001557 -0.160616 1.014354 -0.159013
1.001498 -0.160630 1.014298 -0.159035
1.001440 -0.160643 1.014242 -0.159057
1.001381 -0.160657 1.014186 -0.159079
1.001322 -0.160670 1.014130 -0.159101
1.001263 -0.160683 1.014074 -0.159123
1.001204 -0.160696 1.014018 -0.159145
1.001145 -0.160709 1.013962 -0.159167
1.001086 -0.160722 1.013906 -0.159189
1.001027 -0.160735 1.013850 -0.159211
1.000968 -0.160747 1.013794 -0.159232
1.000910 -0.160760 1.013737 -0.159254
1.000851 -0.160772 1.013681 -0.159275
1.000792 -0.160785 1.013625 -0.159296
1.000733 -0.160797 1.013569 -0.159318
1.000674 -0.160810 1.013513 -0.159339
1.000615 -0.160822 1.013457 -0.159360
1.000556 -0.160834 1.013401 -0.159381
1.000498 -0.160846 1.013344 -0.159402
1.000439 -0.160858 1.013288 -0.159423
1.000380 -0.160870 1.013232 -0.159444
1.000321 -0.160882 1.013176 -0.159464
1.000262 -0.160893 1.013119 -0.159485
1.000203 -0.160905 1.013063 -0.159506
1.000144 -0.160917 1.013007 -0.159526
1.000086 -0.160928 1.012951 -0.159547
1.000027 -0.160940 1.012894 -0.159567
0.999968 -0.160951 1.012838 -0.159587
0.999909 -0.160962 1.012782 -0.159607
0.999850 -0.160973 1.012726 -0.159628
0.999791 -0.160984 1.012669 -0.159648
0.999733 -0.160995 1.012613 -0.159668
0.999674 -0.161006 1.012557 -0.159687
0.999615 -0.161017 1.012500 -0.159707
0.999556 -0.161028 1.012444 -0.159727
0.999497 -0.161039 1.012388 -0.159747
0.999439 -0.161049 1.012331 -0.159766
0.999380 -0.161060 1.012275 -0.159786
0.999321 -0.161070 1.012218 -0.159805
0.999262 -0.161080 1.012162 -0.159824
0.999203 -0.161091 1.012106 -0.159844
0.999145 -0.161101 1.012049 -0.159863
0.999086 -0.161111 1.011993 -0.159882
0.999027 -0.161121 1.011936 -0.159901
0.998968 -0.161131 1.011880 -0.159920
0.998910 -0.161141 1.011824 -0.159939
0.998851 -0.161151 1.011767 -0.159958
0.998792 -0.161160 1.011711 -0.159976
0.998733 -0.161170 1.011654 -0.159995
0.998675 -0.161179 1.011598 -0.160014
0.998616 -0.161189 1.011541 -0.160032
0.998557 -0.161198 1.011485 -0.160050
0.998498 -0.161208 1.011428 -0.160069
0.998440 -0.161217 1.011372 -0.160087
0.998381 -0.161226 1.011315 -0.160105
0.998322 -0.161235 1.011259 -0.160123
0.998263 -0.161244 1.011202 -0.160141
0.998205 -0.161253 1.011145 -0.160159
0.998146 -0.161262 1.011089 -0.160177
0.998087 -0.161270 1.011032 -0.160195
0.998029 -0.161279 1.010976 -0.160213
0.997970 -0.161288 1.010919 -0.160230
0.997911 -0.161296 1.010863 -0.160248
0.997852 -0.161304 1.010806 -0.160265
0.997794 -0.161313 1.010749 -0.160283
0.997735 -0.161321 1.010693 -0.160300
0.997676 -0.161329 1.010636 -0.160317
0.997618 -0.161337 1.010579 -0.160334
0.997559 -0.161345 1.010523 -0.160351
0.997500 -0.161353 1.010466 -0.160368
0.997442 -0.161361 1.010410 -0.160385
0.997383 -0.161369 1.010353 -0.160402
0.997324 -0.161376 1.010296 -0.160419
0.997266 -0.161384 1.010239 -0.160436
0.997207 -0.161391 1.010183 -0.160452
0.997148 -0.161399 1.010126 -0.160469
0.997090 -0.161406 1.010069 -0.160485
0.997031 -0.161413 1.010013 -0.160501
0.996973 -0.161421 1.009956 -0.160518
0.996914 -0.161428 1.009899 -0.160534
0.996855 -0.161435 1.009842 -0.160550
0.996797 -0.161442 1.009786 -0.160566
0.996738 -0.161448 1.009729 -0.160582
0.996680 -0.161455 1.009672 -0.160598
0.996621 -0.161462 1.009615 -0.160614
0.996562 -0.161468 1.009559 -0.160630
0.996504 -0.161475 1.009502 -0.160645
0.996445 -0.161481 1.009445 -0.160661
0.996387 -0.161488 1.009388 -0.160676
0.996328 -0.161494 1.009331 -0.160692
0.996269 -0.161500 1.009275 -0.160707
0.996211 -0.161506 1.009218 -0.160722
0.996152 -0.161512 1.009161 -0.160737
0.996094 -0.161518 1.009104 -0.160753
0.996035 -0.161524 1.009047 -0.160768
0.995977 -0.161530 1.008990 -0.160783
0.995918 -0.161536 1.008933 -0.160797
0.995860 -0.161541 1.008877 -0.160812
0.995801 -0.161547 1.008820 -0.160827
0.995743 -0.161552 1.008763 -0.160842
0.995684 -0.161558 1.008706 -0.160856
0.995626 -0.161563 1.008649 -0.160871
0.995567 -0.161568 1.008592 -0.160885
0.995509 -0.161573 1.008535 -0.160899
0.995450 -0.161578 1.008478 -0.160914
0.995392 -0.161583 1.008421 -0.160928
0.995333 -0.161588 1.008364 -0.160942
0.995275 -0.161593 1.008307 -0.160956
0.995216 -0.161598 1.008250 -0.160970
0.995158 -0.161602 1.008194 -0.160983
0.995099 -0.161607 1.008137 -0.160997
0.995041 -0.161611 1.008080 -0.161011
0.994982 -0.161616 1.008023 -0.161024
0.994924 -0.161620 1.007966 -0.161038
0.994865 -0.161624 1.007909 -0.161051
0.994807 -0.161628 1.007852 -0.161065
0.994749 -0.161633 1.007795 -0.161078
0.994690 -0.161637 1.007738 -0.161091
0.994632 -0.161640 1.007681 -0.161104
0.994573 -0.161644 1.007623 -0.161117
0.994515 -0.161648 1.007566 -0.161130
0.994457 -0.161652 1.007509 -0.161143
0.994398 -0.161655 1.007452 -0.161156
0.994340 -0.161659 1.007395 -0.161169
0.994281 -0.161662 1.007338 -0.161181
0.994223 -0.161665 1.007281 -0.161194
0.994165 -0.161669 1.007224 -0.161206
0.994106 -0.161672 1.007167 -0.161219
0.994048 -0.161675 1.007110 -0.161231
0.993990 -0.161678 1.007053 -0.161243
0.993931 -0.161681 1.006996 -0.161256
0.993873 -0.161684 1.006939 -0.161268
0.993815 -0.161686 1.006881 -0.161280
0.993756 -0.161689 1.006824 -0.161292
0.993698 -0.161692 1.006767 -0.161303
0.993640 -0.161694 1.006710 -0.161315
0.993581 -0.161697 1.006653 -0.161327
0.993523 -0.161699 1.006596 -0.161338
0.993465 -0.161701 1.006538 -0.161350
0.993407 -0.161703 1.006481 -0.161361
0.993348 -0.161705 1.006424 -0.161373
0.993290 -0.161707 1.006367 -0.161384
0.993232 -0.161709 1.006310 -0.161395
0.993174 -0.161711 1.006253 -0.161406
0.993115 -0.161713 1.006195 -0.161417
0.993057 -0.161715 1.006138 -0.161428
0.992999 -0.161716 1.006081 -0.161439
0.992941 -0.161718 1.006024 -0.161450
0.992882 -0.161719 1.005967 -0.161461
0.992824 -0.161721 1.005909 -0.161471
0.992766 -0.161722 1.005852 -0.161482
0.992708 -0.161723 1.005795 -0.161492
0.992650 -0.161724 1.005738 -0.161503
0.992591 -0.161725 1.005680 -0.161513
0.992533 -0.161726 1.005623 -0.161523
0.992475 -0.161727 1.005566 -0.161533
0.992417 -0.161728 1.005508 -0.161544
0.992359 -0.161729 1.005451 -0.161554
0.992301 -0.161729 1.005394 -0.161563
0.992243 -0.161730 1.005337 -0.161573
0.992184 -0.161730 1.005279 -0.161583
0.992126 -0.161731 1.005222 -0.161593
0.992068 -0.161731 1.005165 -0.161602
0.992010 -0.161731 1.005107 -0.161612
0.991952 -0.161731 1.005050 -0.161621
0.991894 -0.161731 1.004993 -0.161631
0.991836 -0.161731 1.004935 -0.161640
0.991778 -0.161731 1.004878 -0.161649
0.991720 -0.161731 1.004821 -0.161658
0.991662 -0.161731 1.004763 -0.161667
0.991604 -0.161730 1.004706 -0.161676
0.991545 -0.161730 1.004649 -0.161685
0.991487 -0.161729 1.004591 -0.161694
0.991429 -0.161729 1.004534 -0.161702
0.991371 -0.161728 1.004477 -0.161711
0.991313 -0.161727 1.004419 -0.161720
0.991255 -0.161726 1.004362 -0.161728
0.991197 -0.161725 1.004304 -0.161736
0.991139 -0.161724 1.004247 -0.161745
0.991081 -0.161723 1.004190 -0.161753
0.991023 -0.161722 1.004132 -0.161761
0.990965 -0.161721 1.004075 -0.161769
0.990908 -0.161719 1.004017 -0.161777
0.990850 -0.161718 1.003960 -0.161785
0.990792 -0.161716 1.003903 -0.161793
0.990734 -0.161715 1.003845 -0.161801
0.990676 -0.161713 1.003788 -0.161808
0.990618 -0.161711 1.003730 -0.161816
0.990560 -0.161710 1.003673 -0.161823
0.990502 -0.161708 1.003615 -0.161831
0.990444 -0.161706 1.003558 -0.161838
0.990386 -0.161704 1.003500 -0.161845
0.990328 -0.161701 1.003443 -0.161852
0.990271 -0.161699 1.003385 -0.161859
0.990213 -0.161697 1.003328 -0.161866
0.990155 -0.161694 1.003270 -0.161873
0.990097 -0.161692 1.003213 -0.161880
0.990039 -0.161689 1.003155 -0.161887
0.989981 -0.161687 1.003098 -0.161894
0.989923 -0.161684 1.003040 -0.161900
0.989866 -0.161681 1.002983 -0.161907
0.989808 -0.161678 1.002925 -0.161913
0.989750 -0.161675 1.002868 -0.161919
0.989692 -0.161672 1.002810 -0.161926
0.989635 -0.161669 1.002753 -0.161932
0.989577 -0.161666 1.002695 -0.161938
0.989519 -0.161662 1.002638 -0.161944
0.989461 -0.161659 1.002580 -0.161950
0.989404 -0.161655 1.002523 -0.161956
0.989346 -0.161652 1.002465 -0.161962
0.989288 -0.161648 1.002408 -0.161967
0.989230 -0.161645 1.002350 -0.161973
0.989173 -0.161641 1.002293 -0.161978
0.989115 -0.161637 1.002235 -0.161984
0.989057 -0.161633 1.002177 -0.161989
0.989000 -0.161629 1.002120 -0.161994
0.988942 -0.161625 1.002062 -0.162000
0.988884 -0.161620 1.002005 -0.162005
0.988827 -0.161616 1.001947 -0.162010
0.988769 -0.161612 1.001889 -0.162015
0.988711 -0.161607 1.001832 -0.162020
0.988654 -0.161603 1.001774 -0.162024
0.988596 -0.161598 1.001717 -0.162029
0.988539 -0.161593 1.001659 -0.162034
0.988481 -0.161588 1.001601 -0.162038
0.988423 -0.161584 1.001544 -0.162043
0.988366 -0.161579 1.001486 -0.162047
0.988308 -0.161574 1.001429 -0.162051
0.988251 -0.161568 1.001371 -0.162056
0.988193 -0.161563 1.001313 -0.162060
0.988136 -0.161558 1.001256 -0.162064
0.988078 -0.161553 1.001198 -0.162068
0.988021 -0.161547 1.001140 -0.162072
0.987963 -0.161542 1.001083 -0.162075
0.987906 -0.161536 1.001025 -0.162079
0.987848 -0.161530 1.000967 -0.162083
0.987791 -0.161524 1.000910 -0.162086
0.987733 -0.161519 1.000852 -0.162090
0.987676 -0.161513 1.000794 -0.162093
0.987618 -0.161507 1.000737 -0.162097
0.987561 -0.161500 1.000679 -0.162100
0.987503 -0.161494 1.000621 -0.162103
0.987446 -0.161488 1.000564 -0.162106
0.987389 -0.161482 1.000506 -0.162109
0.987331 -0.161475 1.000448 -0.162112
0.987274 -0.161469 1.000391 -0.162115
0.987216 -0.161462 1.000333 -0.162117
0.987159 -0.161455 1.000275 -0.162120
0.987102 -0.161449 1.000218 -0.162123
0.987044 -0.161442 1.000160 -0.162125
0.986987 -0.161435 1.000102 -0.162128
0.986930 -0.161428 1.000045 -0.162130
0.986872 -0.161421 0.999987 -0.162132
0.986815 -0.161413 0.999929 -0.162134
0.986758 -0.161406 0.999871 -0.162136
0.986700 -0.161399 0.999814 -0.162138
0.986643 -0.161391 0.999756 -0.162140
0.986586 -0.161384 0.999698 -0.162142
0.986529 -0.161376 0.999640 -0.162144
0.986471 -0.161369 0.999583 -0.162146
0.986414 -0.161361 0.999525 -0.162147
0.986357 -0.161353 0.999467 -0.162149
0.986300 -0.161345 0.999409 -0.162150
0.986243 -0.161337 0.999352 -0.162151
0.986185 -0.161329 0.999294 -0.162153
0.986128 -0.161321 0.999236 -0.162154
0.986071 -0.161313 0.999178 -0.162155
0.986014 -0.161304 0.999121 -0.162156
0.985957 -0.161296 0.999063 -0.162157
0.985900 -0.161287 0.999005 -0.162158
0.985842 -0.161279 0.998947 -0.162158
0.985785 -0.161270 0.998890 -0.162159
0.985728 -0.161261 0.998832 -0.162160
0.985671 -0.161252 0.998774 -0.162160
0.985614 -0.161243 0.998716 -0.162161
0.985557 -0.161234 0.998659 -0.162161
0.985500 -0.161225 0.998601 -0.162161
0.985443 -0.161216 0.998543 -0.162161
0.985386 -0.161207 0.998485 -0.162161
0.985329 -0.161198 0.998427 -0.162161
0.985272 -0.161188 0.998370 -0.162161
0.985215 -0.161179 0.998312 -0.162161
0.985158 -0.161169 0.998254 -0.162161
0.985101 -0.161160 0.998196 -0.162161
0.985044 -0.161150 0.998138 -0.162160
0.984987 -0.161140 0.998081 -0.162160
0.984930 -0.161130 0.998023 -0.162159
0.984873 -0.161120 0.997965 -0.162158
0.984816 -0.161110 0.997907 -0.162158
0.984759 -0.161100 0.997849 -0.162157
0.984702 -0.161090 0.997792 -0.162156
0.984645 -0.161079 0.997734 -0.162155
0.984588 -0.161069 0.997676 -0.162154
0.984531 -0.161059 0.997618 -0.162153
0.984475 -0.161048 0.997560 -0.162151
0.984418 -0.161037 0.997503 -0.162150
0.984361 -0.161027 0.997445 -0.162149
0.984304 -0.161016 0.997387 -0.162147
0.984247 -0.161005 0.997329 -0.162146
0.984190 -0.160994 0.997271 -0.162144
0.984134 -0.160983 0.997213 -0.162142
0.984077 -0.160972 0.997156 -0.162140
0.984020 -0.160961 0.997098 -0.162139
0.983963 -0.160949 0.997040 -0.162137
0.983907 -0.160938 0.996982 -0.162134
0.983850 -0.160926 0.996924 -0.162132
0.983793 -0.160915 0.996866 -0.162130
0.983736 -0.160903 0.996809 -0.162128
0.983680 -0.160892 0.996751 -0.162125
0.983623 -0.160880 0.996693 -0.162123
0.983566 -0.160868 0.996635 -0.162120
0.983510 -0.160856 0.996577 -0.162118
0.983453 -0.160844 0.996519 -0.162115
0.983396 -0.160832 0.996461 -0.162112
0.983340 -0.160820 0.996404 -0.162109
0.983283 -0.160807 0.996346 -0.162106
0.983227 -0.160795 0.996288 -0.162103
0.983170 -0.160782 0.996230 -0.162100
0.983113 -0.160770 0.996172 -0.162097
0.983057 -0.160757 0.996114 -0.162093
0.983000 -0.160745 0.996056 -0.162090
0.982944 -0.160732 0.995999 -0.162086
0.982887 -0.160719 0.995941 -0.162083
0.982831 -0.160706 0.995883 -0.162079
0.982774 -0.160693 0.995825 -0.162075
0.982718 -0.160680 0.995767 -0.162072
0.982661 -0.160667 0.995709 -0.162068
0.982605 -0.160653 0.995651 -0.162064
0.982548 -0.160640 0.995594 -0.162060
0.982492 -0.160627 0.995536 -0.162055
0.982435 -0.160613 0.995478 -0.162051
0.982379 -0.160600 0.995420 -0.162047
0.982323 -0.160586 0.995362 -0.162042
0.982266 -0.160572 0.995304 -0.162038
0.982210 -0.160558 0.995246 -0.162033
0.982153 -0.160544 0.995188 -0.162029
0.982097 -0.160530 0.995131 -0.162024
0.982041 -0.160516 0.995073 -0.162019
0.981984 -0.160502 0.995015 -0.162014
0.981928 -0.160488 0.994957 -0.162009
0.981872 -0.160473 0.994899 -0.162004
0.981816 -0.160459 0.994841 -0.161999
0.981759 -0.160445 0.994783 -0.161994
0.981703 -0.160430 0.994725 -0.161988
0.981647 -0.160415 0.994668 -0.161983
0.981591 -0.160401 0.994610 -0.161977
0.981534 -0.160386 0.994552 -0.161972
0.981478 -0.160371 0.994494 -0.161966
0.981422 -0.160356 0.994436 -0.161960
0.981366 -0.160341 0.994378 -0.161954
0.981310 -0.160326 0.994320 -0.161948
0.981253 -0.160310 0.994262 -0.161942
0.981197 -0.160295 0.994204 -0.161936
0.981141 -0.160280 0.994147 -0.161930
0.981085 -0.160264 0.994089 -0.161924
0.981029 -0.160249 0.994031 -0.161917
0.980973 -0.160233 0.993973 -0.161911
0.980917 -0.160217 0.993915 -0.161905
0.980861 -0.160201 0.993857 -0.161898
0.980805 -0.160186 0.993799 -0.161891
0.980749 -0.160170 0.993741 -0.161884
0.980692 -0.160153 0.993683 -0.161878
0.980636 -0.160137 0.993626 -0.161871
0.980580 -0.160121 0.993568 -0.161864
0.980524 -0.160105 0.993510 -0.161856
0.980469 -0.160088 0.993452 -0.161849
0.980413 -0.160072 0.993394 -0.161842
0.980357 -0.160055 0.993336 -0.161835
0.980301 -0.160039 0.993278 -0.161827
0.980245 -0.160022 0.993220 -0.161820
0.980189 -0.160005 0.993163 -0.161812
0.980133 -0.159988 0.993105 -0.161804
0.980077 -0.159971 0.993047 -0.161797
0.980021 -0.159954 0.992989 -0.161789
0.979965 -0.159937 0.992931 -0.161781
0.979910 -0.159920 0.992873 -0.161773
0.979854 -0.159903 0.992815 -0.161765
0.979798 -0.159885 0.992757 -0.161756
0.979742 -0.159868 0.992700 -0.161748
0.979686 -0.159850 0.992642 -0.161740
0.979631 -0.159833 0.992584 -0.161731
0.979575 -0.159815 0.992526 -0.161723
0.979519 -0.159797 0.992468 -0.161714
0.979463 -0.159779 0.992410 -0.161705
0.979408 -0.159762 0.992352 -0.161696
0.979352 -0.159744 0.992294 -0.161688
0.979296 -0.159725 0.992237 -0.161679
0.979241 -0.159707 0.992179 -0.161670
0.979185 -0.159689 0.992121 -0.161660
0.979129 -0.159671 0.992063 -0.161651
0.979074 -0.159652 0.992005 -0.161642
0.979018 -0.159634 0.991947 -0.161632
0.978962 -0.159615 0.991889 -0.161623
0.978907 -0.159596 0.991831 -0.161613
0.978851 -0.159578 0.991774 -0.161604
0.978796 -0.159559 0.991716 -0.161594
0.978740 -0.159540 0.991658 -0.161584
0.978685 -0.159521 0.991600 -0.161574
0.978629 -0.159502 0.991542 -0.161564
0.978574 -0.159483 0.991484 -0.161554
0.978518 -0.159463 0.991426 -0.161544
0.978463 -0.159444 0.991369 -0.161534
0.978407 -0.159425 0.991311 -0.161523
0.978352 -0.159405 0.991253 -0.161513
0.978296 -0.159386 0.991195 -0.161503
0.978241 -0.159366 0.991137 -0.161492
0.978186 -0.159346 0.991079 -0.161481
0.978130 -0.159326 0.991021 -0.161471
0.978075 -0.159306 0.990964 -0.161460
0.978019 -0.159286 0.990906 -0.161449
0.977964 -0.159266 0.990848 -0.161438
0.977909 -0.159246 0.990790 -0.161427
0.977853 -0.159226 0.990732 -0.161415
0.977798 -0.159206 0.990674 -0.161404
0.977743 -0.159185 0.990617 -0.161393
0.977688 -0.159165 0.990559 -0.161381
0.977632 -0.159144 0.990501 -0.161370
0.977577 -0.159124 0.990443 -0.161358
0.977522 -0.159103 0.990385 -0.161347
0.977467 -0.159082 0.990327 -0.161335
0.977412 -0.159061 0.990270 -0.161323
0.977356 -0.159040 0.990212 -0.161311
0.977301 -0.159019 0.990154 -0.161299
0.977246 -0.158998 0.990096 -0.161287
0.977191 -0.158977 0.990038 -0.161275
0.977136 -0.158956 0.989980 -0.161262
0.977081 -0.158934 0.989923 -0.161250
0.977026 -0.158913 0.989865 -0.161238
0.976971 -0.158891 0.989807 -0.161225
0.976916 -0.158870 0.989749 -0.161212
0.976860 -0.158848 0.989691 -0.161200
0.976805 -0.158826 0.989634 -0.161187
0.976750 -0.158804 0.989576 -0.161174
0.976695 -0.158782 0.989518 -0.161161
0.976641 -0.158760 0.989460 -0.161148
0.976586 -0.158738 0.989402 -0.161135
0.976531 -0.158716 0.989345 -0.161122
0.976476 -0.158694 0.989287 -0.161108
0.976421 -0.158671 0.989229 -0.161095
0.976366 -0.158649 0.989171 -0.161081
0.976311 -0.158626 0.989113 -0.161068
0.976256 -0.158604 0.989056 -0.161054
0.976201 -0.158581 0.988998 -0.161040
0.976146 -0.158558 0.988940 -0.161027
0.976092 -0.158536 0.988882 -0.161013
0.976037 -0.158513 0.988825 -0.160999
0.975982 -0.158490 0.988767 -0.160985
0.975927 -0.158467 0.988709 -0.160970
0.975872 -0.158443 0.988651 -0.160956
0.975818 -0.158420 0.988594 -0.160942
0.975763 -0.158397 0.988536 -0.160927
0.975708 -0.158373 0.988478 -0.160913
0.975654 -0.158350 0.988420 -0.160898
0.975599 -0.158326 0.988363 -0.160884
0.975544 -0.158303 0.988305 -0.160869
0.975490 -0.158279 0.988247 -0.160854
0.975435 -0.158255 0.988189 -0.160839
0.975380 -0.158231 0.988132 -0.160824
0.975326 -0.158207 0.988074 -0.160809
0.975271 -0.158183 0.988016 -0.160794
0.975217 -0.158159 0.987958 -0.160779
0.975162 -0.158135 0.987901 -0.160763
0.975108 -0.158111 0.987843 -0.160748
0.975053 -0.158086 0.987785 -0.160732
0.974999 -0.158062 0.987728 -0.160717
0.974944 -0.158037 0.987670 -0.160701
0.974890 -0.158012 0.987612 -0.160685
0.974835 -0.157988 0.987554 -0.160669
0.974781 -0.157963 0.987497 -0.160653
0.974726 -0.157938 0.987439 -0.160637
0.974672 -0.157913 0.987381 -0.160621
0.974618 -0.157888 0.987324 -0.160605
0.974563 -0.157863 0.987266 -0.160588
0.974509 -0.157838 0.987208 -0.160572
0.974454 -0.157813 0.987151 -0.160556
0.974400 -0.157787 0.987093 -0.160539
0.974346 -0.157762 0.987035 -0.160522
0.974292 -0.157736 0.986978 -0.160506
0.974237 -0.157711 0.986920 -0.160489
0.974183 -0.157685 0.986862 -0.160472
0.974129 -0.157659 0.986805 -0.160455
0.974075 -0.157633 0.986747 -0.160438
0.974020 -0.157607 0.986689 -0.160421
0.973966 -0.157581 0.986632 -0.160403
0.973912 -0.157555 0.986574 -0.160386
0.973858 -0.157529 0.986516 -0.160369
0.973804 -0.157503 0.986459 -0.160351
0.973750 -0.157477 0.986401 -0.160334
0.973695 -0.157450 0.986343 -0.160316
0.973641 -0.157424 0.986286 -0.160298
0.973587 -0.157397 0.986228 -0.160280
0.973533 -0.157370 0.986171 -0.160262
0.973479 -0.157344 0.986113 -0.160244
0.973425 -0.157317 0.986055 -0.160226
0.973371 -0.157290 0.985998 -0.160208
0.973317 -0.157263 0.985940 -0.160190
0.973263 -0.157236 0.985883 -0.160171
0.973209 -0.157209 0.985825 -0.160153
0.973155 -0.157182 0.985767 -0.160134
0.973101 -0.157154 0.985710 -0.160116
0.973048 -0.157127 0.985652 -0.160097
0.972994 -0.157099 0.985595 -0.160078
0.972940 -0.157072 0.985537 -0.160059
0.972886 -0.157044 0.985480 -0.160040
0.972832 -0.157016 0.985422 -0.160021
0.972778 -0.156989 0.985364 -0.160002
0.972725 -0.156961 0.985307 -0.159983
0.972671 -0.156933 0.985249 -0.159964
0.972617 -0.156905 0.985192 -0.159944
0.972563 -0.156877 0.985134 -0.159925
0.972510 -0.156849 0.985077 -0.159905
0.972456 -0.156820 0.985019 -0.159886
0.972402 -0.156792 0.984962 -0.159866
0.972348 -0.156763 0.984904 -0.159846
0.972295 -0.156735 0.984847 -0.159826
0.972241 -0.156706 0.984789 -0.159806
0.972188 -0.156678 0.984732 -0.159786
0.972134 -0.156649 0.984674 -0.159766
0.972080 -0.156620 0.984617 -0.159746
0.972027 -0.156591 0.984559 -0.159725
0.971973 -0.156562 0.984502 -0.159705
0.971920 -0.156533 0.984444 -0.159684
0.971866 -0.156504 0.984387 -0.159664
0.971813 -0.156475 0.984329 -0.159643
0.971759 -0.156445 0.984272 -0.159622
0.971706 -0.156416 0.984214 -0.159601
0.971652 -0.156386 0.984157 -0.159580
0.971599 -0.156357 0.984100 -0.159559
0.971545 -0.156327 0.984042 -0.159538
0.971492 -0.156297 0.983985 -0.159517
0.971439 -0.156268 0.983927 -0.159496
0.971385 -0.156238 0.983870 -0.159474
0.971332 -0.156208 0.983812 -0.159453
0.971279 -0.156178 0.983755 -0.159431
0.971225 -0.156148 0.983698 -0.159410
0.971172 -0.156117 0.983640 -0.159388
0.971119 -0.156087 0.983583 -0.159366
0.971066 -0.156057 0.983525 -0.159344
0.971012 -0.156026 0.983468 -0.159322
0.970959 -0.155996 0.983411 -0.159300
0.970906 -0.155965 0.983353 -0.159278
0.970853 -0.155934 0.983296 -0.159256
0.970800 -0.155904 0.983238 -0.159233
0.970747 -0.155873 0.983181 -0.159211
0.970693 -0.155842 0.983124 -0.159189
0.970640 -0.155811 0.983066 -0.159166
0.970587 -0.155780 0.983009 -0.159143
0.970534 -0.155749 0.982952 -0.159121
0.970481 -0.155717 0.982894 -0.159098
0.970428 -0.155686 0.982837 -0.159075
0.970375 -0.155655 0.982780 -0.159052
0.970322 -0.155623 0.982722 -0.159029
0.970269 -0.155592 0.982665 -0.159005
0.970216 -0.155560 0.982608 -0.158982
0.970163 -0.155528 0.982551 -0.158959
0.970110 -0.155496 0.982493 -0.158935
0.970057 -0.155464 0.982436 -0.158912
0.970005 -0.155432 0.982379 -0.158888
0.969952 -0.155400 0.982321 -0.158864
0.969899 -0.155368 0.982264 -0.158841
0.969846 -0.155336 0.982207 -0.158817
0.969793 -0.155304 0.982150 -0.158793
0.969740 -0.155271 0.982092 -0.158769
0.969688 -0.155239 0.982035 -0.158745
0.969635 -0.155206 0.981978 -0.158720
0.969582 -0.155174 0.981921 -0.158696
0.969529 -0.155141 0.981864 -0.158672
0.969477 -0.155108 0.981806 -0.158647
0.969424 -0.155075 0.981749 -0.158623
0.969371 -0.155042 0.981692 -0.158598
0.969319 -0.155009 0.981635 -0.158573
0.969266 -0.154976 0.981578 -0.158548
0.969214 -0.154943 0.981520 -0.158523
0.969161 -0.154910 0.981463 -0.158498
0.969108 -0.154877 0.981406 -0.158473
0.969056 -0.154843 0.981349 -0.158448
0.969003 -0.154810 0.981292 -0.158423
0.968951 -0.154776 0.981235 -0.158398
0.968898 -0.154742 0.981178 -0.158372
0.968846 -0.154709 0.981120 -0.158347
0.968793 -0.154675 0.981063 -0.158321
0.968741 -0.154641 0.981006 -0.158295
0.968689 -0.154607 0.980949 -0.158269
0.968636 -0.154573 0.980892 -0.158244
0.968584 -0.154539 0.980835 -0.158218
0.968532 -0.154505 0.980778 -0.158192
0.968479 -0.154470 0.980721 -0.158165
0.968427 -0.154436 0.980664 -0.158139
0.968375 -0.154401 0.980607 -0.158113
0.968322 -0.154367 0.980549 -0.158087
0.968270 -0.154332 0.980492 -0.158060
0.968218 -0.154298 0.980435 -0.158034
0.968166 -0.154263 0.980378 -0.158007
0.968113 -0.154228 0.980321 -0.157980
0.968061 -0.154193 0.980264 -0.157953
0.968009 -0.154158 0.980207 -0.157926
0.967957 -0.154123 0.980150 -0.157899
0.967905 -0.154088 0.980093 -0.157872
0.967853 -0.154052 0.980036 -0.157845
0.967801 -0.154017 0.979979 -0.157818
0.967749 -0.153982 0.979922 -0.157791
0.967697 -0.153946 0.979865 -0.157763
0.967645 -0.153911 0.979808 -0.157736
0.967593 -0.153875 0.979751 -0.157708
0.967541 -0.153839 0.979695 -0.157680
0.967489 -0.153803 0.979638 -0.157653
0.967437 -0.153767 0.979581 -0.157625
0.967385 -0.153731 0.979524 -0.157597
0.967333 -0.153695 0.979467 -0.157569
0.967281 -0.153659 0.979410 -0.157541
0.967229 -0.153623 0.979353 -0.157512
0.967177 -0.153587 0.979296 -0.157484
0.967126 -0.153550 0.979239 -0.157456
0.967074 -0.153514 0.979182 -0.157427
0.967022 -0.153477 0.979125 -0.157399
0.966970 -0.153441 0.979069 -0.157370
0.966918 -0.153404 0.979012 -0.157341
0.966867 -0.153367 0.978955 -0.157312
0.966815 -0.153331 0.978898 -0.157284
0.966763 -0.153294 0.978841 -0.157255
0.966712 -0.153257 0.978784 -0.157225
0.966660 -0.153220 0.978728 -0.157196
0.966608 -0.153182 0.978671 -0.157167
0.966557 -0.153145 0.978614 -0.157138
0.966505 -0.153108 0.978557 -0.157108
0.966454 -0.153070 0.978501 -0.157079
0.966402 -0.153033 0.978444 -0.157049
0.966351 -0.152995 0.978387 -0.157019
0.966299 -0.152958 0.978330 -0.156990
0.966248 -0.152920 0.978273 -0.156960
0.966196 -0.152882 0.978217 -0.156930
0.966145 -0.152844 0.978160 -0.156900
0.966093 -0.152806 0.978103 -0.156870
0.966042 -0.152768 0.978047 -0.156840
0.965991 -0.152730 0.977990 -0.156809
0.965939 -0.152692 0.977933 -0.156779
0.965888 -0.152654 0.977877 -0.156748
0.965837 -0.152615 0.977820 -0.156718
0.965785 -0.152577 0.977763 -0.156687
0.965734 -0.152538 0.977707 -0.156657
0.965683 -0.152500 0.977650 -0.156626
0.965632 -0.152461 0.977593 -0.156595
0.965580 -0.152422 0.977537 -0.156564
0.965529 -0.152384 0.977480 -0.156533
0.965478 -0.152345 0.977423 -0.156502
0.965427 -0.152306 0.977367 -0.156470
0.965376 -0.152267 0.977310 -0.156439
0.965325 -0.152227 0.977254 -0.156408
0.965273 -0.152188 0.977197 -0.156376
0.965222 -0.152149 0.977141 -0.156345
0.965171 -0.152110 0.977084 -0.156313
0.965120 -0.152070 0.977027 -0.156281
0.965069 -0.152031 0.976971 -0.156249
0.965018 -0.151991 0.976914 -0.156217
0.964967 -0.151951 0.976858 -0.156185
0.964916 -0.151911 0.976801 -0.156153
0.964866 -0.151872 0.976745 -0.156121
0.964815 -0.151832 0.976688 -0.156089
0.964764 -0.151792 0.976632 -0.156056
0.964713 -0.151752 0.976575 -0.156024
0.964662 -0.151711 0.976519 -0.155991
0.964611 -0.151671 0.976462 -0.155959
0.964560 -0.151631 0.976406 -0.155926
0.964510 -0.151590 0.976350 -0.155893
0.964459 -0.151550 0.976293 -0.155860
0.964408 -0.151509 0.976237 -0.155827
0.964357 -0.151469 0.976180 -0.155794
0.964307 -0.151428 0.976124 -0.155761
0.964256 -0.151387 0.976068 -0.155728
0.964205 -0.151346 0.976011 -0.155694
0.964155 -0.151305 0.975955 -0.155661
0.964104 -0.151264 0.975899 -0.155628
0.964054 -0.151223 0.975842 -0.155594
0.964003 -0.151182 0.975786 -0.155560
0.963953 -0.151141 0.975730 -0.155527
0.963902 -0.151099 0.975673 -0.155493
0.963852 -0.151058 0.975617 -0.155459
0.963801 -0.151017 0.975561 -0.155425
0.963751 -0.150975 0.975504 -0.155391
0.963700 -0.150933 0.975448 -0.155356
0.963650 -0.150892 0.975392 -0.155322
0.963599 -0.150850 0.975336 -0.155288
0.963549 -0.150808 0.975279 -0.155253
0.963499 -0.150766 0.975223 -0.155219
0.963448 -0.150724 0.975167 -0.155184
0.963398 -0.150682 0.975111 -0.155150
0.963348 -0.150640 0.975054 -0.155115
0.963297 -0.150597 0.974998 -0.155080
0.963247 -0.150555 0.974942 -0.155045
0.963197 -0.150512 0.974886 -0.155010
0.963147 -0.150470 0.974830 -0.154975
0.963097 -0.150427 0.974774 -0.154939
0.963047 -0.150385 0.974717 -0.154904
0.962996 -0.150342 0.974661 -0.154869
0.962946 -0.150299 0.974605 -0.154833
0.962896 -0.150256 0.974549 -0.154798
0.962846 -0.150213 0.974493 -0.154762
0.962796 -0.150170 0.974437 -0.154726
0.962746 -0.150127 0.974381 -0.154690
0.962696 -0.150084 0.974325 -0.154654
0.962646 -0.150040 0.974269 -0.154618
0.962596 -0.149997 0.974213 -0.154582
0.962546 -0.149954 0.974157 -0.154546
0.962496 -0.149910 0.974101 -0.154510
0.962446 -0.149866 0.974045 -0.154473
0.962397 -0.149823 0.973989 -0.154437
0.962347 -0.149779 0.973933 -0.154401
0.962297 -0.149735 0.973877 -0.154364
0.962247 -0.149691 0.973821 -0.154327
0.962197 -0.149647 0.973765 -0.154290
0.962148 -0.149603 0.973709 -0.154254
0.962098 -0.149559 0.973653 -0.154217
0.962048 -0.149515 0.973597 -0.154179
0.961998 -0.149470 0.973541 -0.154142
0.961949 -0.149426 0.973485 -0.154105
0.961899 -0.149382 0.973429 -0.154068
0.961849 -0.149337 0.973373 -0.154030
0.961800 -0.149292 0.973318 -0.153993
0.961750 -0.149248 0.973262 -0.153955
0.961701 -0.149203 0.973206 -0.153918
0.961651 -0.149158 0.973150 -0.153880
0.961602 -0.149113 0.973094 -0.153842
0.961552 -0.149068 0.973038 -0.153804
0.961503 -0.149023 0.972983 -0.153766
0.961453 -0.148978 0.972927 -0.153728
0.961404 -0.148933 0.972871 -0.153690
0.961354 -0.148887 0.972815 -0.153652
0.961305 -0.148842 0.972760 -0.153613
0.961256 -0.148796 0.972704 -0.153575
0.961206 -0.148751 0.972648 -0.153536
0.961157 -0.148705 0.972592 -0.153498
0.961108 -0.148659 0.972537 -0.153459
0.961059 -0.148614 0.972481 -0.153420
0.961009 -0.148568 0.972425 -0.153381
0.960960 -0.148522 0.972370 -0.153342
0.960911 -0.148476 0.972314 -0.153303
0.960862 -0.148430 0.972258 -0.153264
0.960813 -0.148384 0.972203 -0.153225
0.960763 -0.148337 0.972147 -0.153186
0.960714 -0.148291 0.972092 -0.153146
0.960665 -0.148245 0.972036 -0.153107
0.960616 -0.148198 0.971980 -0.153067
0.960567 -0.148152 0.971925 -0.153028
0.960518 -0.148105 0.971869 -0.152988
0.960469 -0.148058 0.971814 -0.152948
0.960420 -0.148011 0.971758 -0.152908
0.960371 -0.147965 0.971703 -0.152868
0.960322 -0.147918 0.971647 -0.152828
0.960273 -0.147871 0.971592 -0.152788
0.960224 -0.147823 0.971536 -0.152748
0.960176 -0.147776 0.971481 -0.152707
0.960127 -0.147729 0.971425 -0.152667
0.960078 -0.147682 0.971370 -0.152626
0.960029 -0.147634 0.971315 -0.152586
0.959980 -0.147587 0.971259 -0.152545
0.959932 -0.147539 0.971204 -0.152504
0.959883 -0.147492 0.971148 -0.152463
0.959834 -0.147444 0.971093 -0.152422
0.959786 -0.147396 0.971038 -0.152381
0.959737 -0.147348 0.970982 -0.152340
0.959688 -0.147300 0.970927 -0.152299
0.959640 -0.147252 0.970872 -0.152258
0.959591 -0.147204 0.970816 -0.152216
0.959543 -0.147156 0.970761 -0.152175
0.959494 -0.147108 0.970706 -0.152133
0.959446 -0.147059 0.970650 -0.152092
0.959397 -0.147011 0.970595 -0.152050
0.959349 -0.146963 0.970540 -0.152008
0.959300 -0.146914 0.970485 -0.151966
0.959252 -0.146865 0.970429 -0.151924
0.959203 -0.146817 0.970374 -0.151882
0.959155 -0.146768 0.970319 -0.151840
0.959107 -0.146719 0.970264 -0.151798
0.959058 -0.146670 0.970209 -0.151756
0.959010 -0.146621 0.970154 -0.151713
0.958962 -0.146572 0.970098 -0.151671
0.958913 -0.146523 0.970043 -0.151628
0.958865 -0.146474 0.969988 -0.151585
0.958817 -0.146424 0.969933 -0.151543
0.958769 -0.146375 0.969878 -0.151500
0.958721 -0.146325 0.969823 -0.151457
0.958673 -0.146276 0.969768 -0.151414
0.958624 -0.146226 0.969713 -0.151371
0.958576 -0.146176 0.969658 -0.151327
0.958528 -0.146127 0.969603 -0.151284
0.958480 -0.146077 0.969548 -0.151241
0.958432 -0.146027 0.969493 -0.151197
0.958384 -0.145977 0.969438 -0.151154
0.958336 -0.145927 0.969383 -0.151110
0.958288 -0.145877 0.969328 -0.151066
0.958240 -0.145826 0.969273 -0.151023
0.958193 -0.145776 0.969218 -0.150979
0.958145 -0.145726 0.969163 -0.150935
0.958097 -0.145675 0.969108 -0.150891
0.958049 -0.145625 0.969053 -0.150847
0.958001 -0.145574 0.968998 -0.150802
0.957953 -0.145523 0.968944 -0.150758
0.957906 -0.145473 0.968889 -0.150714
0.957858 -0.145422 0.968834 -0.150669
0.957810 -0.145371 0.968779 -0.150625
0.957763 -0.145320 0.968724 -0.150580
0.957715 -0.145269 0.968670 -0.150535
0.957667 -0.145218 0.968615 -0.150490
0.957620 -0.145166 0.968560 -0.150445
0.957572 -0.145115 0.968505 -0.150400
0.957524 -0.145064 0.968451 -0.150355
0.957477 -0.145012 0.968396 -0.150310
0.957429 -0.144961 0.968341 -0.150265
0.957382 -0.144909 0.968287 -0.150219
0.957334 -0.144857 0.968232 -0.150174
0.957287 -0.144806 0.968177 -0.150129
0.957240 -0.144754 0.968123 -0.150083
0.957192 -0.144702 0.968068 -0.150037
0.957145 -0.144650 0.968013 -0.149991
0.957098 -0.144598 0.967959 -0.149946
0.957050 -0.144546 0.967904 -0.149900
0.957003 -0.144494 0.967850 -0.149854
0.956956 -0.144441 0.967795 -0.149807
0.956908 -0.144389 0.967741 -0.149761
0.956861 -0.144336 0.967686 -0.149715
0.956814 -0.144284 0.967632 -0.149669
0.956767 -0.144231 0.967577 -0.149622
0.956720 -0.144179 0.967523 -0.149576
0.956673 -0.144126 0.967468 -0.149529
0.956625 -0.144073 0.967414 -0.149482
0.956578 -0.144020 0.967359 -0.149435
0.956531 -0.143967 0.967305 -0.149388
0.956484 -0.143914 0.967250 -0.149341
0.956437 -0.143861 0.967196 -0.149294
0.956390 -0.143808 0.967142 -0.149247
0.956343 -0.143755 0.967087 -0.149200
0.956296 -0.143701 0.967033 -0.149153
0.956249 -0.143648 0.966979 -0.149105
0.956203 -0.143594 0.966924 -0.149058
0.956156 -0.143541 0.966870 -0.149010
0.956109 -0.143487 0.966816 -0.148962
0.956062 -0.143434 0.966762 -0.148915
0.956015 -0.143380 0.966707 -0.148867
0.955969 -0.143326 0.966653 -0.148819
0.955922 -0.143272 0.966599 -0.148771
0.955875 -0.143218 0.966545 -0.148723
0.955828 -0.143164 0.966490 -0.148675
0.955782 -0.143110 0.966436 -0.148626
0.955735 -0.143055 0.966382 -0.148578
0.955689 -0.143001 0.966328 -0.148530
0.955642 -0.142947 0.966274 -0.148481
0.955595 -0.142892 0.966220 -0.148432
0.955549 -0.142838 0.966166 -0.148384
0.955502 -0.142783 0.966112 -0.148335
0.955456 -0.142728 0.966058 -0.148286
0.955409 -0.142674 0.966004 -0.148237
0.955363 -0.142619 0.965950 -0.148188
0.955317 -0.142564 0.965896 -0.148139
0.955270 -0.142509 0.965842 -0.148090
0.955224 -0.142454 0.965788 -0.148040
0.955177 -0.142399 0.965734 -0.147991
0.955131 -0.142343 0.965680 -0.147941
0.955085 -0.142288 0.965626 -0.147892
0.955039 -0.142233 0.965572 -0.147842
0.954992 -0.142177 0.965518 -0.147793
0.954946 -0.142122 0.965464 -0.147743
0.954900 -0.142066 0.965410 -0.147693
0.954854 -0.142011 0.965356 -0.147643
0.954808 -0.141955 0.965302 -0.147593
0.954762 -0.141899 0.965249 -0.147543
0.954715 -0.141843 0.965195 -0.147492
0.954669 -0.141787 0.965141 -0.147442
0.954623 -0.141731 0.965087 -0.147392
0.954577 -0.141675 0.965034 -0.147341
0.954531 -0.141619 0.964980 -0.147290
0.954485 -0.141563 0.964926 -0.147240
0.954440 -0.141506 0.964872 -0.147189
0.954394 -0.141450 0.964819 -0.147138
0.954348 -0.141394 0.964765 -0.147087
0.954302 -0.141337 0.964711 -0.147036
0.954256 -0.141280 0.964658 -0.146985
0.954210 -0.141224 0.964604 -0.146934
0.954164 -0.141167 0.964551 -0.146883
0.954119 -0.141110 0.964497 -0.146831
0.954073 -0.141053 0.964443 -0.146780
0.954027 -0.140996 0.964390 -0.146728
0.953982 -0.140939 0.964336 -0.146677
0.953936 -0.140882 0.964283 -0.146625
0.953890 -0.140825 0.964229 -0.146573
0.953845 -0.140767 0.964176 -0.146521
0.953799 -0.140710 0.964122 -0.146469
0.953754 -0.140653 0.964069 -0.146417
0.953708 -0.140595 0.964016 -0.146365
0.953663 -0.140538 0.963962 -0.146313
0.953617 -0.140480 0.963909 -0.146261
0.953572 -0.140422 0.963855 -0.146208
0.953526 -0.140364 0.963802 -0.146156
0.953481 -0.140306 0.963749 -0.146103
0.953435 -0.140249 0.963695 -0.146051
0.953390 -0.140190 0.963642 -0.145998
0.953345 -0.140132 0.963589 -0.145945
0.953299 -0.140074 0.963535 -0.145892
0.953254 -0.140016 0.963482 -0.145839
0.953209 -0.139958 0.963429 -0.145786
0.953164 -0.139899 0.963376 -0.145733
0.953119 -0.139841 0.963323 -0.145680
0.953073 -0.139782 0.963269 -0.145627
0.953028 -0.139724 0.963216 -0.145573
0.952983 -0.139665 0.963163 -0.145520
0.952938 -0.139606 0.963110 -0.145466
0.952893 -0.139547 0.963057 -0.145412
0.952848 -0.139488 0.963004 -0.145359
0.952803 -0.139429 0.962951 -0.145305
0.952758 -0.139370 0.962898 -0.145251
0.952713 -0.139311 0.962845 -0.145197
0.952668 -0.139252 0.962792 -0.145143
0.952623 -0.139193 0.962738 -0.145089
0.952578 -0.139134 0.962686 -0.145034
0.952533 -0.139074 0.962633 -0.144980
0.952489 -0.139015 0.962580 -0.144926
0.952444 -0.138955 0.962527 -0.144871
0.952399 -0.138895 0.962474 -0.144816
0.952354 -0.138836 0.962421 -0.144762
0.952309 -0.138776 0.962368 -0.144707
0.952265 -0.138716 0.962315 -0.144652
0.952220 -0.138656 0.962262 -0.144597
0.952175 -0.138596 0.962209 -0.144542
0.952131 -0.138536 0.962157 -0.144487
0.952086 -0.138476 0.962104 -0.144432
0.952042 -0.138416 0.962051 -0.144377
0.951997 -0.138355 0.961998 -0.144321
0.951953 -0.138295 0.961946 -0.144266
0.951908 -0.138235 0.961893 -0.144210
0.951864 -0.138174 0.961840 -0.144155
0.951819 -0.138114 0.961787 -0.144099
0.951775 -0.138053 0.961735 -0.144043
0.951730 -0.137992 0.961682 -0.143987
0.951686 -0.137931 0.961630 -0.143931
0.951642 -0.137870 0.961577 -0.143875
0.951597 -0.137810 0.961524 -0.143819
0.951553 -0.137748 0.961472 -0.143763
0.951509 -0.137687 0.961419 -0.143707
0.951465 -0.137626 0.961367 -0.143650
0.951420 -0.137565 0.961314 -0.143594
0.951376 -0.137504 0.961262 -0.143537
0.951332 -0.137442 0.961209 -0.143481
0.951288 -0.137381 0.961157 -0.143424
0.951244 -0.137319 0.961104 -0.143367
0.951200 -0.137258 0.961052 -0.143310
0.951156 -0.137196 0.961000 -0.143253
0.951112 -0.137134 0.960947 -0.143196
0.951068 -0.137073 0.960895 -0.143139
0.951024 -0.137011 0.960842 -0.143082
0.950980 -0.136949 0.960790 -0.143025
0.950936 -0.136887 0.960738 -0.142967
0.950892 -0.136825 0.960686 -0.142910
0.950848 -0.136762 0.960633 -0.142852
0.950804 -0.136700 0.960581 -0.142795
0.950761 -0.136638 0.960529 -0.142737
0.950717 -0.136575 0.960477 -0.142679
0.950673 -0.136513 0.960424 -0.142621
0.950629 -0.136450 0.960372 -0.142563
0.950586 -0.136388 0.960320 -0.142505
0.950542 -0.136325 0.960268 -0.142447
0.950498 -0.136262 0.960216 -0.142389
0.950455 -0.136200 0.960164 -0.142330
0.950411 -0.136137 0.960112 -0.142272
0.950368 -0.136074 0.960060 -0.142214
0.950324 -0.136011 0.960008 -0.142155
0.950281 -0.135948 0.959956 -0.142096
0.950237 -0.135884 0.959904 -0.142038
0.950194 -0.135821 0.959852 -0.141979
0.950150 -0.135758 0.959800 -0.141920
0.950107 -0.135695 0.959748 -0.141861
0.950063 -0.135631 0.959696 -0.141802
0.950020 -0.135568 0.959644 -0.141743
0.949977 -0.135504 0.959592 -0.141683
0.949933 -0.135440 0.959540 -0.141624
0.949890 -0.135377 0.959489 -0.141565
0.949847 -0.135313 0.959437 -0.141505
0.949804 -0.135249 0.959385 -0.141446
0.949761 -0.135185 0.959333 -0.141386
0.949717 -0.135121 0.959281 -0.141326
0.949674 -0.135057 0.959230 -0.141266
0.949631 -0.134993 0.959178 -0.141207
0.949588 -0.134928 0.959126 -0.141147
0.949545 -0.134864 0.959075 -0.141086
0.949502 -0.134800 0.959023 -0.141026
0.949459 -0.134735 0.958971 -0.140966
0.949416 -0.134671 0.958920 -0.140906
0.949373 -0.134606 0.958868 -0.140845
0.949330 -0.134541 0.958817 -0.140785
0.949287 -0.134477 0.958765 -0.140724
0.949244 -0.134412 0.958714 -0.140664
0.949202 -0.134347 0.958662 -0.140603
0.949159 -0.134282 0.958611 -0.140542
0.949116 -0.134217 0.958559 -0.140481
0.949073 -0.134152 0.958508 -0.140420
0.949031 -0.134087 0.958456 -0.140359
0.948988 -0.134021 0.958405 -0.140298
0.948945 -0.133956 0.958353 -0.140237
0.948903 -0.133891 0.958302 -0.140175
0.948860 -0.133825 0.958251 -0.140114
0.948817 -0.133760 0.958199 -0.140052
0.948775 -0.133694 0.958148 -0.139991
0.948732 -0.133629 0.958097 -0.139929
0.948690 -0.133563 0.958046 -0.139867
0.948647 -0.133497 0.957994 -0.139805
0.948605 -0.133431 0.957943 -0.139744
0.948562 -0.133365 0.957892 -0.139682
0.948520 -0.133299 0.957841 -0.139619
0.948478 -0.133233 0.957790 -0.139557
0.948435 -0.133167 0.957739 -0.139495
0.948393 -0.133101 0.957687 -0.139433
0.948351 -0.133034 0.957636 -0.139370
0.948309 -0.132968 0.957585 -0.139308
0.948266 -0.132902 0.957534 -0.139245
0.948224 -0.132835 0.957483 -0.139183
0.948182 -0.132769 0.957432 -0.139120
0.948140 -0.132702 0.957381 -0.139057
0.948098 -0.132635 0.957330 -0.138994
0.948056 -0.132568 0.957279 -0.138931
0.948013 -0.132502 0.957228 -0.138868
0.947971 -0.132435 0.957178 -0.138805
0.947929 -0.132368 0.957127 -0.138742
0.947887 -0.132301 0.957076 -0.138678
0.947846 -0.132233 0.957025 -0.138615
0.947804 -0.132166 0.956974 -0.138551
0.947762 -0.132099 0.956923 -0.138488
0.947720 -0.132032 0.956873 -0.138424
0.947678 -0.131964 0.956822 -0.138360
0.947636 -0.131897 0.956771 -0.138297
0.947594 -0.131829 0.956720 -0.138233
0.947553 -0.131762 0.956670 -0.138169
0.947511 -0.131694 0.956619 -0.138105
0.947469 -0.131626 0.956569 -0.138040
0.947428 -0.131558 0.956518 -0.137976
0.947386 -0.131490 0.956467 -0.137912
0.947344 -0.131422 0.956417 -0.137847
0.947303 -0.131354 0.956366 -0.137783
0.947261 -0.131286 0.956316 -0.137718
0.947220 -0.131218 0.956265 -0.137654
0.947178 -0.131150 0.956215 -0.137589
0.947137 -0.131082 0.956164 -0.137524
0.947095 -0.131013 0.956114 -0.137459
0.947054 -0.130945 0.956063 -0.137394
0.947012 -0.130876 0.956013 -0.137329
0.946971 -0.130808 0.955963 -0.137264
0.946930 -0.130739 0.955912 -0.137199
0.946888 -0.130670 0.955862 -0.137133
0.946847 -0.130601 0.955812 -0.137068
0.946806 -0.130533 0.955761 -0.137003
0.946765 -0.130464 0.955711 -0.136937
0.946723 -0.130395 0.955661 -0.136871
0.946682 -0.130326 0.955611 -0.136806
0.946641 -0.130256 0.955561 -0.136740
0.946600 -0.130187 0.955510 -0.136674
0.946559 -0.130118 0.955460 -0.136608
0.946518 -0.130049 0.955410 -0.136542
0.946477 -0.129979 0.955360 -0.136476
0.946436 -0.129910 0.955310 -0.136410
0.946395 -0.129840 0.955260 -0.136343
0.946354 -0.129770 0.955210 -0.136277
0.946313 -0.129701 0.955160 -0.136210
0.946272 -0.129631 0.955110 -0.136144
0.946231 -0.129561 0.955060 -0.136077
0.946190 -0.129491 0.955010 -0.136010
0.946150 -0.129421 0.954960 -0.135944
0.946109 -0.129351 0.954910 -0.135877
0.946068 -0.129281 0.954860 -0.135810
0.946027 -0.129211 0.954810 -0.135743
0.945987 -0.129141 0.954761 -0.135676
0.945946 -0.129070 0.954711 -0.135608
0.945905 -0.129000 0.954661 -0.135541
0.945865 -0.128930 0.954611 -0.135474
0.945824 -0.128859 0.954562 -0.135406
0.945784 -0.128789 0.954512 -0.135339
0.945743 -0.128718 0.954462 -0.135271
0.945703 -0.128647 0.954413 -0.135204
0.945662 -0.128576 0.954363 -0.135136
0.945622 -0.128506 0.954313 -0.135068
0.945581 -0.128435 0.954264 -0.135000
0.945541 -0.128364 0.954214 -0.134932
0.945501 -0.128293 0.954165 -0.134864
0.945460 -0.128221 0.954115 -0.134796
0.945420 -0.128150 0.954066 -0.134727
0.945380 -0.128079 0.954016 -0.134659
0.945339 -0.128008 0.953967 -0.134591
0.945299 -0.127936 0.953917 -0.134522
0.945259 -0.127865 0.953868 -0.134453
0.945219 -0.127793 0.953819 -0.134385
0.945179 -0.127722 0.953769 -0.134316
0.945139 -0.127650 0.953720 -0.134247
0.945099 -0.127578 0.953671 -0.134178
0.945059 -0.127506 0.953621 -0.134109
0.945019 -0.127435 0.953572 -0.134040
0.944979 -0.127363 0.953523 -0.133971
0.944939 -0.127291 0.953474 -0.133902
0.944899 -0.127219 0.953424 -0.133832
0.944859 -0.127146 0.953375 -0.133763
0.944819 -0.127074 0.953326 -0.133694
0.944779 -0.127002 0.953277 -0.133624
0.944739 -0.126930 0.953228 -0.133554
0.944700 -0.126857 0.953179 -0.133485
0.944660 -0.126785 0.953130 -0.133415
0.944620 -0.126712 0.953081 -0.133345
0.944580 -0.126640 0.953032 -0.133275
0.944541 -0.126567 0.952983 -0.133205
0.944501 -0.126494 0.952934 -0.133135
0.944461 -0.126421 0.952885 -0.133065
0.944422 -0.126349 0.952836 -0.132994
0.944382 -0.126276 0.952787 -0.132924
0.944343 -0.126203 0.952738 -0.132853
0.944303 -0.126129 0.952690 -0.132783
0.944264 -0.126056 0.952641 -0.132712
0.944224 -0.125983 0.952592 -0.132642
0.944185 -0.125910 0.952543 -0.132571
0.944146 -0.125837 0.952495 -0.132500
0.944106 -0.125763 0.952446 -0.132429
0.944067 -0.125690 0.952397 -0.132358
0.944028 -0.125616 0.952349 -0.132287
0.943988 -0.125542 0.952300 -0.132216
0.943949 -0.125469 0.952251 -0.132144
0.943910 -0.125395 0.952203 -0.132073
0.943871 -0.125321 0.952154 -0.132002
0.943832 -0.125247 0.952106 -0.131930
0.943793 -0.125173 0.952057 -0.131859
0.943754 -0.125099 0.952009 -0.131787
0.943715 -0.125025 0.951960 -0.131715
0.943675 -0.124951 0.951912 -0.131643
0.943636 -0.124877 0.951863 -0.131571
0.943598 -0.124803 0.951815 -0.131499
0.943559 -0.124728 0.951767 -0.131427
0.943520 -0.124654 0.951718 -0.131355
0.943481 -0.124579 0.951670 -0.131283
0.943442 -0.124505 0.951622 -0.131211
0.943403 -0.124430 0.951574 -0.131138
0.943364 -0.124356 0.951525 -0.131066
0.943326 -0.124281 0.951477 -0.130993
0.943287 -0.124206 0.951429 -0.130921
0.943248 -0.124131 0.951381 -0.130848
0.943209 -0.124056 0.951333 -0.130775
0.943171 -0.123981 0.951285 -0.130702
0.943132 -0.123906 0.951237 -0.130629
0.943094 -0.123831 0.951189 -0.130556
0.943055 -0.123756 0.951141 -0.130483
0.943017 -0.123681 0.951093 -0.130410
0.942978 -0.123605 0.951045 -0.130337
0.942940 -0.123530 0.950997 -0.130263
0.942901 -0.123454 0.950949 -0.130190
0.942863 -0.123379 0.950901 -0.130116
0.942824 -0.123303 0.950853 -0.130043
0.942786 -0.123228 0.950805 -0.129969
0.942748 -0.123152 0.950757 -0.129895
0.942709 -0.123076 0.950710 -0.129822
0.942671 -0.123000 0.950662 -0.129748
0.942633 -0.122924 0.950614 -0.129674
0.942595 -0.122848 0.950566 -0.129600
0.942557 -0.122772 0.950519 -0.129525
0.942518 -0.122696 0.950471 -0.129451
0.942480 -0.122620 0.950423 -0.129377
0.942442 -0.122544 0.950376 -0.129303
0.942404 -0.122468 0.950328 -0.129228
0.942366 -0.122391 0.950281 -0.129154
0.942328 -0.122315 0.950233 -0.129079
0.942290 -0.122238 0.950186 -0.129004
0.942252 -0.122162 0.950138 -0.128929
0.942214 -0.122085 0.950091 -0.128855
0.942176 -0.122008 0.950043 -0.128780
0.942139 -0.121932 0.949996 -0.128705
0.942101 -0.121855 0.949949 -0.128630
0.942063 -0.121778 0.949901 -0.128554
0.942025 -0.121701 0.949854 -0.128479
0.941987 -0.121624 0.949807 -0.128404
0.941950 -0.121547 0.949759 -0.128328
0.941912 -0.121470 0.949712 -0.128253
0.941874 -0.121392 0.949665 -0.128177
0.941837 -0.121315 0.949618 -0.128102
0.941799 -0.121238 0.949571 -0.128026
0.941762 -0.121160 0.949524 -0.127950
0.941724 -0.121083 0.949476 -0.127874
0.941687 -0.121005 0.949429 -0.127798
0.941649 -0.120928 0.949382 -0.127722
0.941612 -0.120850 0.949335 -0.127646
0.941574 -0.120772 0.949288 -0.127570
0.941537 -0.120695 0.949241 -0.127494
0.941500 -0.120617 0.949194 -0.127417
0.941462 -0.120539 0.949147 -0.127341
0.941425 -0.120461 0.949101 -0.127264
0.941388 -0.120383 0.949054 -0.127188
0.941351 -0.120305 0.949007 -0.127111
0.941313 -0.120227 0.948960 -0.127034
0.941276 -0.120148 0.948913 -0.126957
0.941239 -0.120070 0.948867 -0.126881
0.941202 -0.119992 0.948820 -0.126804
0.941165 -0.119913 0.948773 -0.126727
0.941128 -0.119835 0.948726 -0.126649
0.941091 -0.119756 0.948680 -0.126572
0.941054 -0.119677 0.948633 -0.126495
0.941017 -0.119599 0.948587 -0.126417
0.940980 -0.119520 0.948540 -0.126340
0.940943 -0.119441 0.948494 -0.126263
0.940906 -0.119362 0.948447 -0.126185
0.940869 -0.119283 0.948401 -0.126107
0.940833 -0.119204 0.948354 -0.126029
0.940796 -0.119125 0.948308 -0.125952
0.940759 -0.119046 0.948261 -0.125874
0.940722 -0.118967 0.948215 -0.125796
0.940686 -0.118888 0.948169 -0.125718
0.940649 -0.118808 0.948122 -0.125639
0.940612 -0.118729 0.948076 -0.125561
0.940576 -0.118650 0.948030 -0.125483
0.940539 -0.118570 0.947984 -0.125405
0.940503 -0.118491 0.947937 -0.125326
0.940466 -0.118411 0.947891 -0.125248
0.940430 -0.118331 0.947845 -0.125169
0.940393 -0.118251 0.947799 -0.125090
0.940357 -0.118172 0.947753 -0.125011
0.940320 -0.118092 0.947707 -0.124933
0.940284 -0.118012 0.947661 -0.124854
0.940248 -0.117932 0.947615 -0.124775
0.940211 -0.117852 0.947569 -0.124696
0.940175 -0.117772 0.947523 -0.124616
0.940139 -0.117691 0.947477 -0.124537
0.940103 -0.117611 0.947431 -0.124458
0.940067 -0.117531 0.947385 -0.124378
0.940030 -0.117450 0.947339 -0.124299
0.939994 -0.117370 0.947293 -0.124219
0.939958 -0.117289 0.947248 -0.124140
0.939922 -0.117209 0.947202 -0.124060
0.939886 -0.117128 0.947156 -0.123980
0.939850 -0.117047 0.947111 -0.123900
0.939814 -0.116967 0.947065 -0.123821
0.939778 -0.116886 0.947019 -0.123741
0.939742 -0.116805 0.946974 -0.123660
0.939706 -0.116724 0.946928 -0.123580
0.939671 -0.116643 0.946883 -0.123500
0.939635 -0.116562 0.946837 -0.123420
0.939599 -0.116481 0.946791 -0.123339
0.939563 -0.116400 0.946746 -0.123259
0.939528 -0.116318 0.946701 -0.123178
0.939492 -0.116237 0.946655 -0.123098
0.939456 -0.116156 0.946610 -0.123017
0.939421 -0.116074 0.946564 -0.122936
0.939385 -0.115993 0.946519 -0.122855
0.939349 -0.115911 0.946474 -0.122774
0.939314 -0.115829 0.946429 -0.122693
0.939278 -0.115748 0.946383 -0.122612
0.939243 -0.115666 0.946338 -0.122531
0.939207 -0.115584 0.946293 -0.122450
0.939172 -0.115502 0.946248 -0.122369
0.939137 -0.115420 0.946203 -0.122287
0.939101 -0.115338 0.946158 -0.122206
0.939066 -0.115256 0.946113 -0.122124
0.939031 -0.115174 0.946067 -0.122043
0.938995 -0.115092 0.946022 -0.121961
0.938960 -0.115010 0.945978 -0.121879
0.938925 -0.114927 0.945933 -0.121797
0.938890 -0.114845 0.945888 -0.121715
0.938855 -0.114763 0.945843 -0.121633
0.938820 -0.114680 0.945798 -0.121551
0.938784 -0.114598 0.945753 -0.121469
0.938749 -0.114515 0.945708 -0.121387
0.938714 -0.114432 0.945664 -0.121305
0.938679 -0.114350 0.945619 -0.121222
0.938644 -0.114267 0.945574 -0.121140
0.938610 -0.114184 0.945529 -0.121057
0.938575 -0.114101 0.945485 -0.120975
0.938540 -0.114018 0.945440 -0.120892
0.938505 -0.113935 0.945396 -0.120809
0.938470 -0.113852 0.945351 -0.120726
0.938435 -0.113769 0.945306 -0.120644
0.938401 -0.113685 0.945262 -0.120561
0.938366 -0.113602 0.945217 -0.120478
0.938331 -0.113519 0.945173 -0.120394
0.938297 -0.113435 0.945129 -0.120311
0.938262 -0.113352 0.945084 -0.120228
0.938227 -0.113268 0.945040 -0.120145
0.938193 -0.113185 0.944996 -0.120061
0.938158 -0.113101 0.944951 -0.119978
0.938124 -0.113017 0.944907 -0.119894
0.938089 -0.112934 0.944863 -0.119810
0.938055 -0.112850 0.944819 -0.119727
0.938020 -0.112766 0.944774 -0.119643
0.937986 -0.112682 0.944730 -0.119559
0.937952 -0.112598 0.944686 -0.119475
0.937917 -0.112514 0.944642 -0.119391
0.937883 -0.112430 0.944598 -0.119307
0.937849 -0.112346 0.944554 -0.119223
0.937815 -0.112261 0.944510 -0.119138
0.937781 -0.112177 0.944466 -0.119054
0.937746 -0.112093 0.944422 -0.118970
0.937712 -0.112008 0.944378 -0.118885
0.937678 -0.111924 0.944334 -0.118801
0.937644 -0.111839 0.944290 -0.118716
0.937610 -0.111755 0.944247 -0.118631
0.937576 -0.111670 0.944203 -0.118547
0.937542 -0.111585 0.944159 -0.118462
0.937508 -0.111500 0.944115 -0.118377
0.937474 -0.111416 0.944072 -0.118292
0.937440 -0.111331 0.944028 -0.118207
0.937406 -0.111246 0.943984 -0.118122
0.937373 -0.111161 0.943941 -0.118036
0.937339 -0.111076 0.943897 -0.117951
0.937305 -0.110991 0.943854 -0.117866
0.937271 -0.110905 0.943810 -0.117780
0.937238 -0.110820 0.943767 -0.117695
0.937204 -0.110735 0.943723 -0.117609
0.937170 -0.110649 0.943680 -0.117523
0.937137 -0.110564 0.943636 -0.117438
0.937103 -0.110478 0.943593 -0.117352
0.937070 -0.110393 0.943550 -0.117266
0.937036 -0.110307 0.943506 -0.117180
0.937003 -0.110222 0.943463 -0.117094
0.936969 -0.110136 0.943420 -0.117008
0.936936 -0.110050 0.943377 -0.116922
0.936902 -0.109964 0.943334 -0.116835
0.936869 -0.109878 0.943290 -0.116749
0.936836 -0.109792 0.943247 -0.116663
0.936802 -0.109706 0.943204 -0.116576
0.936769 -0.109620 0.943161 -0.116490
0.936736 -0.109534 0.943118 -0.116403
0.936703 -0.109448 0.943075 -0.116316
0.936670 -0.109362 0.943032 -0.116230
0.936636 -0.109275 0.942989 -0.116143
0.936603 -0.109189 0.942947 -0.116056
0.936570 -0.109102 0.942904 -0.115969
0.936537 -0.109016 0.942861 -0.115882
0.936504 -0.108929 0.942818 -0.115795
0.936471 -0.108843 0.942775 -0.115707
0.936438 -0.108756 0.942733 -0.115620
0.936405 -0.108669 0.942690 -0.115533
0.936373 -0.108583 0.942647 -0.115445
0.936340 -0.108496 0.942605 -0.115358
0.936307 -0.108409 0.942562 -0.115270
0.936274 -0.108322 0.942519 -0.115183
0.936241 -0.108235 0.942477 -0.115095
0.936209 -0.108148 0.942434 -0.115007
0.936176 -0.108061 0.942392 -0.114919
0.936143 -0.107974 0.942349 -0.114831
0.936111 -0.107886 0.942307 -0.114743
0.936078 -0.107799 0.942265 -0.114655
0.936045 -0.107712 0.942222 -0.114567
0.936013 -0.107624 0.942180 -0.114479
0.935980 -0.107537 0.942138 -0.114390
0.935948 -0.107449 0.942095 -0.114302
0.935915 -0.107362 0.942053 -0.114214
0.935883 -0.107274 0.942011 -0.114125
0.935851 -0.107186 0.941969 -0.114037
0.935818 -0.107098 0.941927 -0.113948
0.935786 -0.107011 0.941885 -0.113859
0.935754 -0.106923 0.941843 -0.113770
0.935721 -0.106835 0.941801 -0.113681
0.935689 -0.106747 0.941759 -0.113593
0.935657 -0.106659 0.941717 -0.113503
0.935625 -0.106571 0.941675 -0.113414
0.935593 -0.106482 0.941633 -0.113325
0.935561 -0.106394 0.941591 -0.113236
0.935529 -0.106306 0.941549 -0.113147
0.935496 -0.106218 0.941507 -0.113057
0.935464 -0.106129 0.941465 -0.112968
0.935432 -0.106041 0.941424 -0.112878
0.935401 -0.105952 0.941382 -0.112789
0.935369 -0.105864 0.941340 -0.112699
0.935337 -0.105775 0.941299 -0.112609
0.935305 -0.105686 0.941257 -0.112520
0.935273 -0.105598 0.941216 -0.112430
0.935241 -0.105509 0.941174 -0.112340
0.935210 -0.105420 0.941132 -0.112250
0.935178 -0.105331 0.941091 -0.112160
0.935146 -0.105242 0.941050 -0.112069
0.935114 -0.105153 0.941008 -0.111979
0.935083 -0.105064 0.940967 -0.111889
0.935051 -0.104975 0.940925 -0.111798
0.935020 -0.104886 0.940884 -0.111708
0.934988 -0.104797 0.940843 -0.111617
0.934957 -0.104707 0.940802 -0.111527
0.934925 -0.104618 0.940760 -0.111436
0.934894 -0.104529 0.940719 -0.111345
0.934862 -0.104439 0.940678 -0.111255
0.934831 -0.104350 0.940637 -0.111164
0.934800 -0.104260 0.940596 -0.111073
0.934768 -0.104170 0.940555 -0.110982
0.934737 -0.104081 0.940514 -0.110891
0.934706 -0.103991 0.940473 -0.110800
0.934675 -0.103901 0.940432 -0.110708
0.934643 -0.103811 0.940391 -0.110617
0.934612 -0.103721 0.940350 -0.110526
0.934581 -0.103631 0.940309 -0.110434
0.934550 -0.103541 0.940268 -0.110343
0.934519 -0.103451 0.940228 -0.110251
0.934488 -0.103361 0.940187 -0.110159
0.934457 -0.103271 0.940146 -0.110068
0.934426 -0.103181 0.940105 -0.109976
0.934395 -0.103090 0.940065 -0.109884
0.934364 -0.103000 0.940024 -0.109792
0.934333 -0.102910 0.939984 -0.109700
0.934302 -0.102819 0.939943 -0.109608
0.934272 -0.102729 0.939902 -0.109516
0.934241 -0.102638 0.939862 -0.109424
0.934210 -0.102547 0.939822 -0.109331
0.934179 -0.102457 0.939781 -0.109239
0.934149 -0.102366 0.939741 -0.109147
0.934118 -0.102275 0.939700 -0.109054
0.934087 -0.102184 0.939660 -0.108962
0.934057 -0.102094 0.939620 -0.108869
0.934026 -0.102003 0.939580 -0.108776
0.933996 -0.101912 0.939539 -0.108684
0.933965 -0.101820 0.939499 -0.108591
0.933935 -0.101729 0.939459 -0.108498
0.933904 -0.101638 0.939419 -0.108405
0.933874 -0.101547 0.939379 -0.108312
0.933844 -0.101456 0.939339 -0.108219
0.933813 -0.101364 0.939299 -0.108125
0.933783 -0.101273 0.939259 -0.108032
0.933753 -0.101182 0.939219 -0.107939
0.933723 -0.101090 0.939179 -0.107846
0.933692 -0.100998 0.939139 -0.107752
0.933662 -0.100907 0.939099 -0.107659
0.933632 -0.100815 0.939059 -0.107565
0.933602 -0.100723 0.939020 -0.107471
0.933572 -0.100632 0.938980 -0.107378
0.933542 -0.100540 0.938940 -0.107284
0.933512 -0.100448 0.938900 -0.107190
0.933482 -0.100356 0.938861 -0.107096
0.933452 -0.100264 0.938821 -0.107002
0.933422 -0.100172 0.938782 -0.106908
0.933392 -0.100080 0.938742 -0.106814
0.933362 -0.099988 0.938703 -0.106719
0.933332 -0.099896 0.938663 -0.106625
0.933303 -0.099803 0.938624 -0.106531
0.933273 -0.099711 0.938584 -0.106436
0.933243 -0.099619 0.938545 -0.106342
0.933213 -0.099526 0.938506 -0.106247
0.933184 -0.099434 0.938466 -0.106153
0.933154 -0.099341 0.938427 -0.106058
0.933125 -0.099249 0.938388 -0.105963
0.933095 -0.099156 0.938349 -0.105868
0.933066 -0.099063 0.938310 -0.105774
0.933036 -0.098971 0.938270 -0.105679
0.933007 -0.098878 0.938231 -0.105584
0.932977 -0.098785 0.938192 -0.105488
0.932948 -0.098692 0.938153 -0.105393
0.932918 -0.098599 0.938114 -0.105298
0.932889 -0.098506 0.938075 -0.105203
0.932860 -0.098413 0.938036 -0.105107
0.932830 -0.098320 0.937998 -0.105012
0.932801 -0.098227 0.937959 -0.104916
0.932772 -0.098134 0.937920 -0.104821
0.932743 -0.098040 0.937881 -0.104725
0.932714 -0.097947 0.937842 -0.104630
0.932685 -0.097854 0.937804 -0.104534
0.932655 -0.097760 0.937765 -0.104438
0.932626 -0.097667 0.937726 -0.104342
0.932597 -0.097573 0.937688 -0.104246
0.932568 -0.097480 0.937649 -0.104150
0.932539 -0.097386 0.937611 -0.104054
0.932511 -0.097292 0.937572 -0.103958
0.932482 -0.097199 0.937534 -0.103861
0.932453 -0.097105 0.937495 -0.103765
0.932424 -0.097011 0.937457 -0.103669
0.932395 -0.096917 0.937419 -0.103572
0.932366 -0.096823 0.937380 -0.103476
0.932338 -0.096729 0.937342 -0.103379
0.932309 -0.096635 0.937304 -0.103283
0.932280 -0.096541 0.937266 -0.103186
0.932252 -0.096447 0.937227 -0.103089
0.932223 -0.096353 0.937189 -0.102992
0.932195 -0.096258 0.937151 -0.102895
0.932166 -0.096164 0.937113 -0.102798
0.932138 -0.096070 0.937075 -0.102701
0.932109 -0.095975 0.937037 -0.102604
0.932081 -0.095881 0.936999 -0.102507
0.932052 -0.095786 0.936961 -0.102410
0.932024 -0.095692 0.936923 -0.102313
0.931996 -0.095597 0.936886 -0.102215
0.931967 -0.095503 0.936848 -0.102118
0.931939 -0.095408 0.936810 -0.102020
0.931911 -0.095313 0.936772 -0.101923
0.931882 -0.095218 0.936734 -0.101825
0.931854 -0.095123 0.936697 -0.101727
0.931826 -0.095028 0.936659 -0.101630
0.931798 -0.094933 0.936622 -0.101532
0.931770 -0.094838 0.936584 -0.101434
0.931742 -0.094743 0.936546 -0.101336
0.931714 -0.094648 0.936509 -0.101238
0.931686 -0.094553 0.936472 -0.101140
0.931658 -0.094458 0.936434 -0.101042
0.931630 -0.094363 0.936397 -0.100943
0.931602 -0.094267 0.936359 -0.100845
0.931574 -0.094172 0.936322 -0.100747
0.931547 -0.094076 0.936285 -0.100648
0.931519 -0.093981 0.936248 -0.100550
0.931491 -0.093885 0.936210 -0.100451
0.931463 -0.093790 0.936173 -0.100353
0.931436 -0.093694 0.936136 -0.100254
0.931408 -0.093599 0.936099 -0.100155
0.931380 -0.093503 0.936062 -0.100056
0.931353 -0.093407 0.936025 -0.099958
0.931325 -0.093311 0.935988 -0.099859
0.931298 -0.093215 0.935951 -0.099760
0.931270 -0.093119 0.935914 -0.099661
0.931243 -0.093023 0.935877 -0.099561
0.931215 -0.092927 0.935840 -0.099462
0.931188 -0.092831 0.935804 -0.099363
0.931160 -0.092735 0.935767 -0.099264
0.931133 -0.092639 0.935730 -0.099164
0.931106 -0.092543 0.935693 -0.099065
0.931079 -0.092446 0.935657 -0.098965
0.931051 -0.092350 0.935620 -0.098866
0.931024 -0.092254 0.935584 -0.098766
0.930997 -0.092157 0.935547 -0.098666
0.930970 -0.092061 0.935510 -0.098567
0.930943 -0.091964 0.935474 -0.098467
0.930916 -0.091868 0.935438 -0.098367
0.930889 -0.091771 0.935401 -0.098267
0.930862 -0.091674 0.935365 -0.098167
0.930835 -0.091578 0.935329 -0.098067
0.930808 -0.091481 0.935292 -0.097967
0.930781 -0.091384 0.935256 -0.097866
0.930754 -0.091287 0.935220 -0.097766
0.930727 -0.091190 0.935184 -0.097666
0.930700 -0.091093 0.935147 -0.097565
0.930673 -0.090996 0.935111 -0.097465
0.930647 -0.090899 0.935075 -0.097364
0.930620 -0.090802 0.935039 -0.097264
0.930593 -0.090705 0.935003 -0.097163
0.930567 -0.090608 0.934967 -0.097062
0.930540 -0.090510 0.934931 -0.096962
0.930513 -0.090413 0.934896 -0.096861
0.930487 -0.090316 0.934860 -0.096760
0.930460 -0.090218 0.934824 -0.096659
0.930434 -0.090121 0.934788 -0.096558
0.930407 -0.090023 0.934752 -0.096457
0.930381 -0.089926 0.934717 -0.096356
0.930355 -0.089828 0.934681 -0.096254
0.930328 -0.089731 0.934645 -0.096153
0.930302 -0.089633 0.934610 -0.096052
0.930276 -0.089535 0.934574 -0.095950
0.930249 -0.089437 0.934539 -0.095849
0.930223 -0.089340 0.934503 -0.095747
0.930197 -0.089242 0.934468 -0.095646
0.930171 -0.089144 0.934433 -0.095544
0.930145 -0.089046 0.934397 -0.095442
0.930118 -0.088948 0.934362 -0.095341
0.930092 -0.088850 0.934327 -0.095239
0.930066 -0.088751 0.934291 -0.095137
0.930040 -0.088653 0.934256 -0.095035
0.930014 -0.088555 0.934221 -0.094933
0.929989 -0.088457 0.934186 -0.094831
0.929963 -0.088358 0.934151 -0.094729
0.929937 -0.088260 0.934116 -0.094626
0.929911 -0.088162 0.934081 -0.094524
0.929885 -0.088063 0.934046 -0.094422
0.929859 -0.087965 0.934011 -0.094319
0.929834 -0.087866 0.933976 -0.094217
0.929808 -0.087768 0.933941 -0.094114
0.929782 -0.087669 0.933906 -0.094012
0.929757 -0.087570 0.933871 -0.093909
0.929731 -0.087471 0.933837 -0.093806
0.929705 -0.087373 0.933802 -0.093704
0.929680 -0.087274 0.933767 -0.093601
0.929654 -0.087175 0.933733 -0.093498
0.929629 -0.087076 0.933698 -0.093395
0.929603 -0.086977 0.933664 -0.093292
0.929578 -0.086878 0.933629 -0.093189
0.929553 -0.086779 0.933595 -0.093086
0.929527 -0.086680 0.933560 -0.092983
0.929502 -0.086581 0.933526 -0.092879
0.929477 -0.086481 0.933491 -0.092776
0.929451 -0.086382 0.933457 -0.092673
0.929426 -0.086283 0.933423 -0.092569
0.929401 -0.086183 0.933388 -0.092466
0.929376 -0.086084 0.933354 -0.092362
0.929351 -0.085985 0.933320 -0.092258
0.929326 -0.085885 0.933286 -0.092155
0.929301 -0.085786 0.933252 -0.092051
0.929276 -0.085686 0.933218 -0.091947
0.929251 -0.085586 0.933184 -0.091843
0.929226 -0.085487 0.933150 -0.091739
0.929201 -0.085387 0.933116 -0.091636
0.929176 -0.085287 0.933082 -0.091531
0.929151 -0.085187 0.933048 -0.091427
0.929126 -0.085087 0.933014 -0.091323
0.929102 -0.084988 0.932980 -0.091219
0.929077 -0.084888 0.932947 -0.091115
0.929052 -0.084788 0.932913 -0.091010
0.929027 -0.084688 0.932879 -0.090906
0.929003 -0.084587 0.932846 -0.090802
0.928978 -0.084487 0.932812 -0.090697
0.928954 -0.084387 0.932779 -0.090592
0.928929 -0.084287 0.932745 -0.090488
0.928904 -0.084187 0.932712 -0.090383
0.928880 -0.084086 0.932678 -0.090278
0.928856 -0.083986 0.932645 -0.090174
0.928831 -0.083886 0.932611 -0.090069
0.928807 -0.083785 0.932578 -0.089964
0.928782 -0.083685 0.932545 -0.089859
0.928758 -0.083584 0.932512 -0.089754
0.928734 -0.083484 0.932478 -0.089649
0.928709 -0.083383 0.932445 -0.089544
0.928685 -0.083282 0.932412 -0.089438
0.928661 -0.083181 0.932379 -0.089333
0.928637 -0.083081 0.932346 -0.089228
0.928613 -0.082980 0.932313 -0.089122
0.928589 -0.082879 0.932280 -0.089017
0.928565 -0.082778 0.932247 -0.088911
0.928541 -0.082677 0.932214 -0.088806
0.928517 -0.082576 0.932181 -0.088700
0.928493 -0.082475 0.932148 -0.088594
0.928469 -0.082374 0.932116 -0.088489
0.928445 -0.082273 0.932083 -0.088383
0.928421 -0.082172 0.932050 -0.088277
0.928397 -0.082071 0.932018 -0.088171
0.928373 -0.081969 0.931985 -0.088065
0.928350 -0.081868 0.931952 -0.087959
0.928326 -0.081767 0.931920 -0.087853
0.928302 -0.081665 0.931887 -0.087747
0.928278 -0.081564 0.931855 -0.087641
0.928255 -0.081462 0.931823 -0.087534
0.928231 -0.081361 0.931790 -0.087428
0.928208 -0.081259 0.931758 -0.087322
0.928184 -0.081158 0.931726 -0.087215
0.928161 -0.081056 0.931693 -0.087109
0.928137 -0.080954 0.931661 -0.087002
0.928114 -0.080853 0.931629 -0.086896
0.928090 -0.080751 0.931597 -0.086789
0.928067 -0.080649 0.931565 -0.086682
0.928044 -0.080547 0.931533 -0.086575
0.928020 -0.080445 0.931501 -0.086469
0.927997 -0.080343 0.931469 -0.086362
0.927974 -0.080241 0.931437 -0.086255
0.927951 -0.080139 0.931405 -0.086148
0.927928 -0.080037 0.931373 -0.086041
0.927904 -0.079935 0.931341 -0.085934
0.927881 -0.079833 0.931309 -0.085826
0.927858 -0.079731 0.931278 -0.085719
0.927835 -0.079628 0.931246 -0.085612
0.927812 -0.079526 0.931214 -0.085505
0.927789 -0.079424 0.931183 -0.085397
0.927766 -0.079321 0.931151 -0.085290
0.927743 -0.079219 0.931119 -0.085182
0.927721 -0.079116 0.931088 -0.085075
0.927698 -0.079014 0.931056 -0.084967
0.927675 -0.078911 0.931025 -0.084859
0.927652 -0.078809 0.930994 -0.084752
0.927629 -0.078706 0.930962 -0.084644
0.927607 -0.078603 0.930931 -0.084536
0.927584 -0.078501 0.930900 -0.084428
0.927561 -0.078398 0.930869 -0.084320
0.927539 -0.078295 0.930837 -0.084212
0.927516 -0.078192 0.930806 -0.084104
0.927494 -0.078089 0.930775 -0.083996
0.927471 -0.077986 0.930744 -0.083888
0.927449 -0.077884 0.930713 -0.083780
0.927426 -0.077780 0.930682 -0.083671
0.927404 -0.077677 0.930651 -0.083563
0.927381 -0.077574 0.930620 -0.083454
0.927359 -0.077471 0.930589 -0.083346
0.927337 -0.077368 0.930559 -0.083238
0.927315 -0.077265 0.930528 -0.083129
0.927292 -0.077161 0.930497 -0.083020
0.927270 -0.077058 0.930466 -0.082912
0.927248 -0.076955 0.930436 -0.082803
0.927226 -0.076851 0.930405 -0.082694
0.927204 -0.076748 0.930375 -0.082585
0.927182 -0.076645 0.930344 -0.082476
0.927160 -0.076541 0.930314 -0.082368
0.927138 -0.076437 0.930283 -0.082259
0.927116 -0.076334 0.930253 -0.082149
0.927094 -0.076230 0.930222 -0.082040
0.927072 -0.076127 0.930192 -0.081931
0.927050 -0.076023 0.930162 -0.081822
0.927028 -0.075919 0.930132 -0.081713
0.927006 -0.075815 0.930101 -0.081603
0.926984 -0.075711 0.930071 -0.081494
0.926963 -0.075607 0.930041 -0.081385
0.926941 -0.075504 0.930011 -0.081275
0.926919 -0.075400 0.929981 -0.081166
0.926898 -0.075296 0.929951 -0.081056
0.926876 -0.075192 0.929921 -0.080946
0.926855 -0.075087 0.929891 -0.080837
0.926833 -0.074983 0.929861 -0.080727
0.926812 -0.074879 0.929831 -0.080617
0.926790 -0.074775 0.929802 -0.080507
0.926769 -0.074671 0.929772 -0.080397
0.926747 -0.074566 0.929742 -0.080287
0.926726 -0.074462 0.929713 -0.080177
0.926704 -0.074358 0.929683 -0.080067
0.926683 -0.074253 0.929653 -0.079957
0.926662 -0.074149 0.929624 -0.079847
0.926641 -0.074044 0.929594 -0.079737
0.926619 -0.073940 0.929565 -0.079627
0.926598 -0.073835 0.929535 -0.079516
0.926577 -0.073731 0.929506 -0.079406
0.926556 -0.073626 0.929477 -0.079295
0.926535 -0.073521 0.929447 -0.079185
0.926514 -0.073417 0.929418 -0.079074
0.926493 -0.073312 0.929389 -0.078964
0.926472 -0.073207 0.929360 -0.078853
0.926451 -0.073102 0.929331 -0.078742
0.926430 -0.072997 0.929302 -0.078632
0.926409 -0.072892 0.929273 -0.078521
0.926388 -0.072787 0.929244 -0.078410
0.926368 -0.072682 0.929215 -0.078299
0.926347 -0.072577 0.929186 -0.078188
0.926326 -0.072472 0.929157 -0.078077
0.926305 -0.072367 0.929128 -0.077966
0.926285 -0.072262 0.929099 -0.077855
0.926264 -0.072157 0.929070 -0.077744
0.926243 -0.072052 0.929042 -0.077633
0.926223 -0.071946 0.929013 -0.077521
0.926202 -0.071841 0.928984 -0.077410
0.926182 -0.071736 0.928956 -0.077299
0.926161 -0.071630 0.928927 -0.077187
0.926141 -0.071525 0.928899 -0.077076
0.926121 -0.071419 0.928870 -0.076964
0.926100 -0.071314 0.928842 -0.076853
0.926080 -0.071208 0.928813 -0.076741
0.926060 -0.071103 0.928785 -0.076629
0.926039 -0.070997 0.928757 -0.076518
0.926019 -0.070891 0.928729 -0.076406
0.925999 -0.070786 0.928700 -0.076294
0.925979 -0.070680 0.928672 -0.076182
0.925959 -0.070574 0.928644 -0.076070
0.925938 -0.070468 0.928616 -0.075958
0.925918 -0.070362 0.928588 -0.075846
0.925898 -0.070257 0.928560 -0.075734
0.925878 -0.070151 0.928532 -0.075622
0.925858 -0.070045 0.928504 -0.075510
0.925838 -0.069939 0.928476 -0.075398
0.925819 -0.069833 0.928448 -0.075285
0.925799 -0.069727 0.928421 -0.075173
0.925779 -0.069620 0.928393 -0.075061
0.925759 -0.069514 0.928365 -0.074948
0.925739 -0.069408 0.928338 -0.074836
0.925720 -0.069302 0.928310 -0.074723
0.925700 -0.069196 0.928282 -0.074611
0.925680 -0.069089 0.928255 -0.074498
0.925660 -0.068983 0.928227 -0.074385
0.925641 -0.068877 0.928200 -0.074273
0.925621 -0.068770 0.928172 -0.074160
0.925602 -0.068664 0.928145 -0.074047
0.925582 -0.068557 0.928118 -0.073934
0.925563 -0.068451 0.928091 -0.073821
0.925543 -0.068344 0.928063 -0.073708
0.925524 -0.068238 0.928036 -0.073595
0.925505 -0.068131 0.928009 -0.073482
0.925485 -0.068024 0.927982 -0.073369
0.925466 -0.067918 0.927955 -0.073256
0.925447 -0.067811 0.927928 -0.073143
0.925428 -0.067704 0.927901 -0.073030
0.925408 -0.067597 0.927874 -0.072916
0.925389 -0.067490 0.927847 -0.072803
0.925370 -0.067383 0.927820 -0.072690
0.925351 -0.067277 0.927793 -0.072576
0.925332 -0.067170 0.927767 -0.072463
0.925313 -0.067063 0.927740 -0.072349
0.925294 -0.066956 0.927713 -0.072235
0.925275 -0.066848 0.927687 -0.072122
0.925256 -0.066741 0.927660 -0.072008
0.925237 -0.066634 0.927633 -0.071894
0.925218 -0.066527 0.927607 -0.071781
0.925199 -0.066420 0.927580 -0.071667
0.925181 -0.066313 0.927554 -0.071553
0.925162 -0.066205 0.927528 -0.071439
0.925143 -0.066098 0.927501 -0.071325
0.925124 -0.065991 0.927475 -0.071211
0.925106 -0.065883 0.927449 -0.071097
0.925087 -0.065776 0.927423 -0.070983
0.925068 -0.065668 0.927396 -0.070869
0.925050 -0.065561 0.927370 -0.070754
0.925031 -0.065453 0.927344 -0.070640
0.925013 -0.065346 0.927318 -0.070526
0.924994 -0.065238 0.927292 -0.070412
0.924976 -0.065131 0.927266 -0.070297
0.924958 -0.065023 0.927240 -0.070183
0.924939 -0.064915 0.927214 -0.070068
0.924921 -0.064807 0.927189 -0.069954
0.924903 -0.064700 0.927163 -0.069839
0.924884 -0.064592 0.927137 -0.069724
0.924866 -0.064484 0.927111 -0.069610
0.924848 -0.064376 0.927086 -0.069495
0.924830 -0.064268 0.927060 -0.069380
0.924812 -0.064160 0.927035 -0.069266
0.924794 -0.064052 0.927009 -0.069151
0.924776 -0.063944 0.926984 -0.069036
0.924758 -0.063836 0.926958 -0.068921
0.924740 -0.063728 0.926933 -0.068806
0.924722 -0.063620 0.926907 -0.068691
0.924704 -0.063512 0.926882 -0.068576
0.924686 -0.063404 0.926857 -0.068461
0.924668 -0.063295 0.926832 -0.068345
0.924650 -0.063187 0.926807 -0.068230
0.924632 -0.063079 0.926781 -0.068115
0.924615 -0.062970 0.926756 -0.068000
0.924597 -0.062862 0.926731 -0.067884
0.924579 -0.062754 0.926706 -0.067769
0.924562 -0.062645 0.926681 -0.067653
0.924544 -0.062537 0.926656 -0.067538
0.924526 -0.062428 0.926632 -0.067422
0.924509 -0.062320 0.926607 -0.067307
0.924491 -0.062211 0.926582 -0.067191
0.924474 -0.062103 0.926557 -0.067075
0.924456 -0.061994 0.926533 -0.066960
0.924439 -0.061885 0.926508 -0.066844
0.924422 -0.061777 0.926483 -0.066728
0.924404 -0.061668 0.926459 -0.066612
0.924387 -0.061559 0.926434 -0.066496
0.924370 -0.061450 0.926410 -0.066380
0.924352 -0.061342 0.926385 -0.066264
0.924335 -0.061233 0.926361 -0.066148
0.924318 -0.061124 0.926337 -0.066032
0.924301 -0.061015 0.926312 -0.065916
0.924284 -0.060906 0.926288 -0.065800
0.924267 -0.060797 0.926264 -0.065684
0.924250 -0.060688 0.926240 -0.065568
0.924233 -0.060579 0.926216 -0.065451
0.924216 -0.060470 0.926192 -0.065335
0.924199 -0.060361 0.926168 -0.065219
0.924182 -0.060251 0.926144 -0.065102
0.924165 -0.060142 0.926120 -0.064986
0.924148 -0.060033 0.926096 -0.064869
0.924131 -0.059924 0.926072 -0.064753
0.924114 -0.059815 0.926048 -0.064636
0.924098 -0.059705 0.926024 -0.064520
0.924081 -0.059596 0.926001 -0.064403
0.924064 -0.059486 0.925977 -0.064286
0.924048 -0.059377 0.925953 -0.064169
0.924031 -0.059268 0.925930 -0.064053
0.924014 -0.059158 0.925906 -0.063936
0.923998 -0.059049 0.925883 -0.063819
0.923981 -0.058939 0.925859 -0.063702
0.923965 -0.058830 0.925836 -0.063585
0.923948 -0.058720 0.925813 -0.063468
0.923932 -0.058610 0.925789 -0.063351
0.923916 -0.058501 0.925766 -0.063234
0.923899 -0.058391 0.925743 -0.063117
0.923883 -0.058281 0.925720 -0.062999
0.923867 -0.058171 0.925696 -0.062882
0.923851 -0.058062 0.925673 -0.062765
0.923834 -0.057952 0.925650 -0.062648
0.923818 -0.057842 0.925627 -0.062530
0.923802 -0.057732 0.925604 -0.062413
0.923786 -0.057622 0.925581 -0.062295
0.923770 -0.057512 0.925558 -0.062178
0.923754 -0.057402 0.925536 -0.062060
0.923738 -0.057292 0.925513 -0.061943
0.923722 -0.057182 0.925490 -0.061825
0.923706 -0.057072 0.925467 -0.061708
0.923690 -0.056962 0.925445 -0.061590
0.923674 -0.056852 0.925422 -0.061472
0.923658 -0.056742 0.925400 -0.061354
0.923643 -0.056632 0.925377 -0.061237
0.923627 -0.056521 0.925355 -0.061119
0.923611 -0.056411 0.925332 -0.061001
0.923595 -0.056301 0.925310 -0.060883
0.923580 -0.056190 0.925287 -0.060765
0.923564 -0.056080 0.925265 -0.060647
0.923549 -0.055970 0.925243 -0.060529
0.923533 -0.055859 0.925221 -0.060411
0.923517 -0.055749 0.925199 -0.060293
0.923502 -0.055638 0.925176 -0.060175
0.923487 -0.055528 0.925154 -0.060056
0.923471 -0.055417 0.925132 -0.059938
0.923456 -0.055307 0.925110 -0.059820
0.923440 -0.055196 0.925088 -0.059701
0.923425 -0.055086 0.925067 -0.059583
0.923410 -0.054975 0.925045 -0.059465
0.923394 -0.054864 0.925023 -0.059346
0.923379 -0.054754 0.925001 -0.059228
0.923364 -0.054643 0.924979 -0.059109
0.923349 -0.054532 0.924958 -0.058991
0.923334 -0.054421 0.924936 -0.058872
0.923319 -0.054311 0.924915 -0.058753
0.923304 -0.054200 0.924893 -0.058635
0.923289 -0.054089 0.924872 -0.058516
0.923274 -0.053978 0.924850 -0.058397
0.923259 -0.053867 0.924829 -0.058278
0.923244 -0.053756 0.924807 -0.058160
0.923229 -0.053645 0.924786 -0.058041
0.923214 -0.053534 0.924765 -0.057922
0.923199 -0.053423 0.924744 -0.057803
0.923184 -0.053312 0.924723 -0.057684
0.923170 -0.053201 0.924701 -0.057565
0.923155 -0.053090 0.924680 -0.057446
0.923140 -0.052979 0.924659 -0.057327
0.923126 -0.052867 0.924638 -0.057208
0.923111 -0.052756 0.924617 -0.057088
0.923096 -0.052645 0.924596 -0.056969
0.923082 -0.052534 0.924576 -0.056850
0.923067 -0.052422 0.924555 -0.056731
0.923053 -0.052311 0.924534 -0.056611
0.923039 -0.052200 0.924513 -0.056492
0.923024 -0.052088 0.924493 -0.056372
0.923010 -0.051977 0.924472 -0.056253
0.922995 -0.051865 0.924451 -0.056134
0.922981 -0.051754 0.924431 -0.056014
0.922967 -0.051643 0.924410 -0.055894
0.922953 -0.051531 0.924390 -0.055775
0.922938 -0.051419 0.924370 -0.055655
0.922924 -0.051308 0.924349 -0.055536
0.922910 -0.051196 0.924329 -0.055416
0.922896 -0.051085 0.924309 -0.055296
0.922882 -0.050973 0.924289 -0.055176
0.922868 -0.050861 0.924268 -0.055057
0.922854 -0.050750 0.924248 -0.054937
0.922840 -0.050638 0.924228 -0.054817
0.922826 -0.050526 0.924208 -0.054697
0.922812 -0.050414 0.924188 -0.054577
0.922798 -0.050302 0.924168 -0.054457
0.922784 -0.050191 0.924148 -0.054337
0.922771 -0.050079 0.924128 -0.054217
0.922757 -0.049967 0.924109 -0.054097
0.922743 -0.049855 0.924089 -0.053977
0.922729 -0.049743 0.924069 -0.053856
0.922716 -0.049631 0.924050 -0.053736
0.922702 -0.049519 0.924030 -0.053616
0.922689 -0.049407 0.924010 -0.053496
0.922675 -0.049295 0.923991 -0.053375
0.922661 -0.049183 0.923971 -0.053255
0.922648 -0.049071 0.923952 -0.053135
0.922634 -0.048958 0.923933 -0.053014
0.922621 -0.048846 0.923913 -0.052894
0.922608 -0.048734 0.923894 -0.052773
0.922594 -0.048622 0.923875 -0.052653
0.922581 -0.048510 0.923855 -0.052532
0.922568 -0.048397 0.923836 -0.052411
0.922554 -0.048285 0.923817 -0.052291
0.922541 -0.048173 0.923798 -0.052170
0.922528 -0.048060 0.923779 -0.052049
0.922515 -0.047948 0.923760 -0.051929
0.922502 -0.047836 0.923741 -0.051808
0.922489 -0.047723 0.923722 -0.051687
0.922476 -0.047611 0.923703 -0.051566
0.922463 -0.047498 0.923685 -0.051445
0.922450 -0.047386 0.923666 -0.051324
0.922437 -0.047273 0.923647 -0.051203
0.922424 -0.047161 0.923629 -0.051082
0.922411 -0.047048 0.923610 -0.050961
0.922398 -0.046936 0.923591 -0.050840
0.922385 -0.046823 0.923573 -0.050719
0.922372 -0.046710 0.923554 -0.050598
0.922360 -0.046598 0.923536 -0.050477
0.922347 -0.046485 0.923518 -0.050356
0.922334 -0.046372 0.923499 -0.050235
0.922322 -0.046259 0.923481 -0.050113
0.922309 -0.046147 0.923463 -0.049992
0.922296 -0.046034 0.923445 -0.049871
0.922284 -0.045921 0.923426 -0.049749
0.922271 -0.045808 0.923408 -0.049628
0.922259 -0.045695 0.923390 -0.049507
0.922247 -0.045582 0.923372 -0.049385
0.922234 -0.045469 0.923354 -0.049264
0.922222 -0.045357 0.923336 -0.049142
0.922209 -0.045244 0.923319 -0.049021
0.922197 -0.045131 0.923301 -0.048899
0.922185 -0.045018 0.923283 -0.048777
0.922173 -0.044905 0.923265 -0.048656
0.922160 -0.044791 0.923248 -0.048534
0.922148 -0.044678 0.923230 -0.048412
0.922136 -0.044565 0.923212 -0.048291
0.922124 -0.044452 0.923195 -0.048169
0.922112 -0.044339 0.923177 -0.048047
0.922100 -0.044226 0.923160 -0.047925
0.922088 -0.044113 0.923142 -0.047803
0.922076 -0.043999 0.923125 -0.047682
0.922064 -0.043886 0.923108 -0.047560
0.922052 -0.043773 0.923091 -0.047438
0.922040 -0.043660 0.923073 -0.047316
0.922028 -0.043546 0.923056 -0.047194
0.922017 -0.043433 0.923039 -0.047072
0.922005 -0.043319 0.923022 -0.046949
0.921993 -0.043206 0.923005 -0.046827
0.921981 -0.043093 0.922988 -0.046705
0.921970 -0.042979 0.922971 -0.046583
0.921958 -0.042866 0.922954 -0.046461
0.921947 -0.042752 0.922937 -0.046339
0.921935 -0.042639 0.922921 -0.046216
0.921924 -0.042525 0.922904 -0.046094
0.921912 -0.042412 0.922887 -0.045972
0.921901 -0.042298 0.922870 -0.045849
0.921889 -0.042185 0.922854 -0.045727
0.921878 -0.042071 0.922837 -0.045604
0.921866 -0.041957 0.922821 -0.045482
0.921855 -0.041844 0.922804 -0.045360
0.921844 -0.041730 0.922788 -0.045237
0.921833 -0.041616 0.922772 -0.045114
0.921821 -0.041502 0.922755 -0.044992
0.921810 -0.041389 0.922739 -0.044869
0.921799 -0.041275 0.922723 -0.044747
0.921788 -0.041161 0.922706 -0.044624
0.921777 -0.041047 0.922690 -0.044501
0.921766 -0.040934 0.922674 -0.044379
0.921755 -0.040820 0.922658 -0.044256
0.921744 -0.040706 0.922642 -0.044133
0.921733 -0.040592 0.922626 -0.044010
0.921722 -0.040478 0.922610 -0.043887
0.921711 -0.040364 0.922595 -0.043764
0.921700 -0.040250 0.922579 -0.043642
0.921689 -0.040136 0.922563 -0.043519
0.921679 -0.040022 0.922547 -0.043396
0.921668 -0.039908 0.922532 -0.043273
0.921657 -0.039794 0.922516 -0.043150
0.921647 -0.039680 0.922500 -0.043027
0.921636 -0.039566 0.922485 -0.042904
0.921625 -0.039452 0.922469 -0.042780
0.921615 -0.039338 0.922454 -0.042657
0.921604 -0.039223 0.922439 -0.042534
0.921594 -0.039109 0.922423 -0.042411
0.921583 -0.038995 0.922408 -0.042288
0.921573 -0.038881 0.922393 -0.042165
0.921562 -0.038767 0.922378 -0.042041
0.921552 -0.038652 0.922362 -0.041918
0.921542 -0.038538 0.922347 -0.041795
0.921532 -0.038424 0.922332 -0.041671
0.921521 -0.038309 0.922317 -0.041548
0.921511 -0.038195 0.922302 -0.041425
0.921501 -0.038081 0.922287 -0.041301
0.921491 -0.037966 0.922272 -0.041178
0.921481 -0.037852 0.922258 -0.041054
0.921470 -0.037737 0.922243 -0.040931
0.921460 -0.037623 0.922228 -0.040807
0.921450 -0.037509 0.922213 -0.040684
0.921440 -0.037394 0.922199 -0.040560
0.921430 -0.037280 0.922184 -0.040436
0.921421 -0.037165 0.922170 -0.040313
0.921411 -0.037051 0.922155 -0.040189
0.921401 -0.036936 0.922141 -0.040065
0.921391 -0.036821 0.922126 -0.039942
0.921381 -0.036707 0.922112 -0.039818
0.921371 -0.036592 0.922098 -0.039694
0.921362 -0.036478 0.922084 -0.039570
0.921352 -0.036363 0.922069 -0.039446
0.921342 -0.036248 0.922055 -0.039323
0.921333 -0.036134 0.922041 -0.039199
0.921323 -0.036019 0.922027 -0.039075
0.921314 -0.035904 0.922013 -0.038951
0.921304 -0.035789 0.921999 -0.038827
0.921295 -0.035675 0.921985 -0.038703
0.921285 -0.035560 0.921971 -0.038579
0.921276 -0.035445 0.921957 -0.038455
0.921266 -0.035330 0.921944 -0.038331
0.921257 -0.035215 0.921930 -0.038207
0.921248 -0.035100 0.921916 -0.038083
0.921239 -0.034986 0.921903 -0.037958
0.921229 -0.034871 0.921889 -0.037834
0.921220 -0.034756 0.921876 -0.037710
0.921211 -0.034641 0.921862 -0.037586
0.921202 -0.034526 0.921849 -0.037462
0.921193 -0.034411 0.921835 -0.037337
0.921184 -0.034296 0.921822 -0.037213
0.921175 -0.034181 0.921809 -0.037089
0.921166 -0.034066 0.921795 -0.036964
0.921157 -0.033951 0.921782 -0.036840
0.921148 -0.033836 0.921769 -0.036716
0.921139 -0.033721 0.921756 -0.036591
0.921130 -0.033606 0.921743 -0.036467
0.921121 -0.033491 0.921730 -0.036342
0.921112 -0.033375 0.921717 -0.036218
0.921104 -0.033260 0.921704 -0.036093
0.921095 -0.033145 0.921691 -0.035969
0.921086 -0.033030 0.921678 -0.035844
0.921078 -0.032915 0.921665 -0.035720
0.921069 -0.032799 0.921653 -0.035595
0.921060 -0.032684 0.921640 -0.035471
0.921052 -0.032569 0.921627 -0.035346
0.921043 -0.032454 0.921615 -0.035221
0.921035 -0.032338 0.921602 -0.035097
0.921026 -0.032223 0.921590 -0.034972
0.921018 -0.032108 0.921577 -0.034847
0.921009 -0.031992 0.921565 -0.034722
0.921001 -0.031877 0.921553 -0.034598
0.920993 -0.031762 0.921540 -0.034473
0.920985 -0.031646 0.921528 -0.034348
0.920976 -0.031531 0.921516 -0.034223
0.920968 -0.031416 0.921504 -0.034098
0.920960 -0.031300 0.921492 -0.033973
0.920952 -0.031185 0.921480 -0.033848
0.920944 -0.031069 0.921468 -0.033723
0.920936 -0.030954 0.921456 -0.033599
0.920928 -0.030838 0.921444 -0.033474
0.920920 -0.030723 0.921432 -0.033349
0.920912 -0.030607 0.921420 -0.033224
0.920904 -0.030492 0.921408 -0.033098
0.920896 -0.030376 0.921397 -0.032973
0.920888 -0.030260 0.921385 -0.032848
0.920880 -0.030145 0.921373 -0.032723
0.920872 -0.030029 0.921362 -0.032598
0.920864 -0.029914 0.921350 -0.032473
0.920857 -0.029798 0.921339 -0.032348
0.920849 -0.029682 0.921327 -0.032223
0.920841 -0.029567 0.921316 -0.032097
0.920834 -0.029451 0.921305 -0.031972
0.920826 -0.029335 0.921293 -0.031847
0.920819 -0.029220 0.921282 -0.031722
0.920811 -0.029104 0.921271 -0.031596
0.920804 -0.028988 0.921260 -0.031471
0.920796 -0.028872 0.921249 -0.031346
0.920789 -0.028757 0.921238 -0.031220
0.920781 -0.028641 0.921227 -0.031095
0.920774 -0.028525 0.921216 -0.030969
0.920767 -0.028409 0.921205 -0.030844
0.920759 -0.028293 0.921194 -0.030719
0.920752 -0.028177 0.921183 -0.030593
0.920745 -0.028062 0.921172 -0.030468
0.920738 -0.027946 0.921162 -0.030342
0.920730 -0.027830 0.921151 -0.030217
0.920723 -0.027714 0.921140 -0.030091
0.920716 -0.027598 0.921130 -0.029966
0.920709 -0.027482 0.921119 -0.029840
0.920702 -0.027366 0.921109 -0.029714
0.920695 -0.027250 0.921098 -0.029589
0.920688 -0.027134 0.921088 -0.029463
0.920681 -0.027018 0.921078 -0.029337
0.920674 -0.026902 0.921067 -0.029212
0.920668 -0.026786 0.921057 -0.029086
0.920661 -0.026670 0.921047 -0.028960
0.920654 -0.026554 0.921037 -0.028835
0.920647 -0.026438 0.921027 -0.028709
0.920641 -0.026322 0.921017 -0.028583
0.920634 -0.026206 0.921007 -0.028457
0.920627 -0.026090 0.920997 -0.028332
0.920621 -0.025974 0.920987 -0.028206
0.920614 -0.025858 0.920977 -0.028080
0.920608 -0.025741 0.920967 -0.027954
0.920601 -0.025625 0.920958 -0.027828
0.920595 -0.025509 0.920948 -0.027702
0.920588 -0.025393 0.920938 -0.027576
0.920582 -0.025277 0.920929 -0.027450
0.920575 -0.025161 0.920919 -0.027324
0.920569 -0.025044 0.920910 -0.027199
0.920563 -0.024928 0.920900 -0.027073
0.920556 -0.024812 0.920891 -0.026947
0.920550 -0.024696 0.920881 -0.026821
0.920544 -0.024579 0.920872 -0.026694
0.920538 -0.024463 0.920863 -0.026568
0.920532 -0.024347 0.920854 -0.026442
0.920526 -0.024230 0.920845 -0.026316
0.920520 -0.024114 0.920835 -0.026190
0.920514 -0.023998 0.920826 -0.026064
0.920508 -0.023881 0.920817 -0.025938
0.920502 -0.023765 0.920808 -0.025812
0.920496 -0.023649 0.920799 -0.025686
0.920490 -0.023532 0.920791 -0.025559
0.920484 -0.023416 0.920782 -0.025433
0.920478 -0.023300 0.920773 -0.025307
0.920472 -0.023183 0.920764 -0.025181
0.920467 -0.023067 0.920756 -0.025055
0.920461 -0.022950 0.920747 -0.024928
0.920455 -0.022834 0.920738 -0.024802
0.920450 -0.022717 0.920730 -0.024676
0.920444 -0.022601 0.920721 -0.024549
0.920438 -0.022484 0.920713 -0.024423
0.920433 -0.022368 0.920705 -0.024297
0.920427 -0.022251 0.920696 -0.024170
0.920422 -0.022135 0.920688 -0.024044
0.920416 -0.022018 0.920680 -0.023918
0.920411 -0.021902 0.920672 -0.023791
0.920406 -0.021785 0.920663 -0.023665
0.920400 -0.021669 0.920655 -0.023538
0.920395 -0.021552 0.920647 -0.023412
0.920390 -0.021436 0.920639 -0.023285
0.920384 -0.021319 0.920631 -0.023159
0.920379 -0.021202 0.920623 -0.023032
0.920374 -0.021086 0.920616 -0.022906
0.920369 -0.020969 0.920608 -0.022779
0.920364 -0.020852 0.920600 -0.022653
0.920359 -0.020736 0.920592 -0.022526
0.920354 -0.020619 0.920585 -0.022400
0.920349 -0.020503 0.920577 -0.022273
0.920344 -0.020386 0.920570 -0.022147
0.920339 -0.020269 0.920562 -0.022020
0.920334 -0.020152 0.920555 -0.021893
0.920329 -0.020036 0.920547 -0.021767
0.920324 -0.019919 0.920540 -0.021640
0.920319 -0.019802 0.920533 -0.021513
0.920315 -0.019686 0.920525 -0.021387
0.920310 -0.019569 0.920518 -0.021260
0.920305 -0.019452 0.920511 -0.021133
0.920301 -0.019335 0.920504 -0.021007
0.920296 -0.019219 0.920497 -0.020880
0.920291 -0.019102 0.920490 -0.020753
0.920287 -0.018985 0.920483 -0.020626
0.920282 -0.018868 0.920476 -0.020500
0.920278 -0.018751 0.920469 -0.020373
0.920273 -0.018635 0.920462 -0.020246
0.920269 -0.018518 0.920455 -0.020119
0.920265 -0.018401 0.920449 -0.019993
0.920260 -0.018284 0.920442 -0.019866
0.920256 -0.018167 0.920435 -0.019739
0.920252 -0.018050 0.920429 -0.019612
0.920247 -0.017933 0.920422 -0.019485
0.920243 -0.017817 0.920416 -0.019358
0.920239 -0.017700 0.920409 -0.019231
0.920235 -0.017583 0.920403 -0.019104
0.920231 -0.017466 0.920397 -0.018978
0.920227 -0.017349 0.920390 -0.018851
0.920223 -0.017232 0.920384 -0.018724
0.920219 -0.017115 0.920378 -0.018597
0.920215 -0.016998 0.920372 -0.018470
0.920211 -0.016881 0.920366 -0.018343
0.920207 -0.016764 0.920360 -0.018216
0.920203 -0.016647 0.920354 -0.018089
0.920199 -0.016530 0.920348 -0.017962
0.920195 -0.016413 0.920342 -0.017835
0.920192 -0.016296 0.920336 -0.017708
0.920188 -0.016179 0.920330 -0.017581
0.920184 -0.016062 0.920324 -0.017454
0.920181 -0.015945 0.920319 -0.017327
0.920177 -0.015828 0.920313 -0.017200
0.920173 -0.015711 0.920307 -0.017073
0.920170 -0.015594 0.920302 -0.016945
0.920166 -0.015477 0.920296 -0.016818
0.920163 -0.015360 0.920291 -0.016691
0.920159 -0.015243 0.920286 -0.016564
0.920156 -0.015126 0.920280 -0.016437
0.920152 -0.015009 0.920275 -0.016310
0.920149 -0.014892 0.920270 -0.016183
0.920146 -0.014775 0.920264 -0.016056
0.920143 -0.014658 0.920259 -0.015928
0.920139 -0.014541 0.920254 -0.015801
0.920136 -0.014423 0.920249 -0.015674
0.920133 -0.014306 0.920244 -0.015547
0.920130 -0.014189 0.920239 -0.015420
0.920127 -0.014072 0.920234 -0.015292
0.920124 -0.013955 0.920229 -0.015165
0.920120 -0.013838 0.920225 -0.015038
0.920117 -0.013721 0.920220 -0.014911
0.920114 -0.013604 0.920215 -0.014784
0.920112 -0.013486 0.920210 -0.014656
0.920109 -0.013369 0.920206 -0.014529
0.920106 -0.013252 0.920201 -0.014402
0.920103 -0.013135 0.920197 -0.014274
0.920100 -0.013018 0.920192 -0.014147
0.920097 -0.012900 0.920188 -0.014020
0.920095 -0.012783 0.920183 -0.013893
0.920092 -0.012666 0.920179 -0.013765
0.920089 -0.012549 0.920175 -0.013638
0.920087 -0.012432 0.920171 -0.013511
0.920084 -0.012314 0.920166 -0.013383
0.920081 -0.012197 0.920162 -0.013256
0.920079 -0.012080 0.920158 -0.013129
0.920076 -0.011963 0.920154 -0.013001
0.920074 -0.011846 0.920150 -0.012874
0.920071 -0.011728 0.920146 -0.012746
0.920069 -0.011611 0.920142 -0.012619
0.920067 -0.011494 0.920139 -0.012492
0.920064 -0.011376 0.920135 -0.012364
0.920062 -0.011259 0.920131 -0.012237
0.920060 -0.011142 0.920127 -0.012109
0.920058 -0.011025 0.920124 -0.011982
0.920055 -0.010907 0.920120 -0.011855
0.920053 -0.010790 0.920117 -0.011727
0.920051 -0.010673 0.920113 -0.011600
0.920049 -0.010556 0.920110 -0.011472
0.920047 -0.010438 0.920106 -0.011345
0.920045 -0.010321 0.920103 -0.011217
0.920043 -0.010204 0.920100 -0.011090
0.920041 -0.010086 0.920096 -0.010962
0.920039 -0.009969 0.920093 -0.010835
0.920037 -0.009852 0.920090 -0.010708
0.920035 -0.009734 0.920087 -0.010580
0.920034 -0.009617 0.920084 -0.010453
0.920032 -0.009500 0.920081 -0.010325
0.920030 -0.009382 0.920078 -0.010198
0.920028 -0.009265 0.920075 -0.010070
0.920027 -0.009148 0.920072 -0.009943
0.920025 -0.009030 0.920069 -0.009815
0.920023 -0.008913 0.920067 -0.009687
0.920022 -0.008796 0.920064 -0.009560
0.920020 -0.008678 0.920061 -0.009432
0.920019 -0.008561 0.920059 -0.009305
0.920017 -0.008444 0.920056 -0.009177
0.920016 -0.008326 0.920054 -0.009050
0.920015 -0.008209 0.920051 -0.008922
0.920013 -0.008091 0.920049 -0.008795
0.920012 -0.007974 0.920046 -0.008667
0.920011 -0.007857 0.920044 -0.008540
0.920009 -0.007739 0.920042 -0.008412
0.920008 -0.007622 0.920040 -0.008284
0.920007 -0.007505 0.920037 -0.008157
0.920006 -0.007387 0.920035 -0.008029
0.920005 -0.007270 0.920033 -0.007902
0.920003 -0.007152 0.920031 -0.007774
0.920002 -0.007035 0.920029 -0.007646
0.920001 -0.006918 0.920027 -0.007519
0.920000 -0.006800 0.920025 -0.007391
0.919999 -0.006683 0.920024 -0.007264
0.919998 -0.006565 0.920022 -0.007136
0.919998 -0.006448 0.920020 -0.007008
0.919997 -0.006330 0.920019 -0.006881
0.919996 -0.006213 0.920017 -0.006753
0.919995 -0.006096 0.920015 -0.006626
0.919994 -0.005978 0.920014 -0.006498
0.919994 -0.005861 0.920012 -0.006370
0.919993 -0.005743 0.920011 -0.006243
0.919992 -0.005626 0.920010 -0.006115
0.919992 -0.005508 0.920008 -0.005987
0.919991 -0.005391 0.920007 -0.005860
0.919991 -0.005274 0.920006 -0.005732
0.919990 -0.005156 0.920005 -0.005605
0.919990 -0.005039 0.920003 -0.005477
0.919989 -0.004921 0.920002 -0.005349
0.919989 -0.004804 0.920001 -0.005222
0.919988 -0.004686 0.920000 -0.005094
0.919988 -0.004569 0.919999 -0.004966
0.919988 -0.004452 0.919998 -0.004839
0.919987 -0.004334 0.919998 -0.004711
0.919987 -0.004217 0.919997 -0.004583
0.919987 -0.004099 0.919996 -0.004456
0.919987 -0.003982 0.919995 -0.004328
0.919987 -0.003864 0.919995 -0.004200
0.919987 -0.003747 0.919994 -0.004073
0.919987 -0.003629 0.919994 -0.003945
0.919987 -0.003512 0.919993 -0.003817
0.919987 -0.003395 0.919993 -0.003690
0.919987 -0.003277 0.919992 -0.003562
0.919987 -0.003160 0.919992 -0.003434
0.919987 -0.003042 0.919992 -0.003307
0.919987 -0.002925 0.919992 -0.003179
0.919987 -0.002807 0.919991 -0.003051
0.919987 -0.002690 0.919991 -0.002924
0.919987 -0.002572 0.919991 -0.002796
0.919988 -0.002455 0.919991 -0.002668
0.919988 -0.002337 0.919991 -0.002541
0.919988 -0.002220 0.919991 -0.002413
0.919989 -0.002103 0.919991 -0.002285
0.919989 -0.001985 0.919991 -0.002158
0.919990 -0.001868 0.919992 -0.002030
0.919990 -0.001750 0.919992 -0.001902
0.919991 -0.001633 0.919992 -0.001775
0.919991 -0.001515 0.919992 -0.001647
0.919992 -0.001398 0.919993 -0.001519
0.919992 -0.001280 0.919993 -0.001392
0.919993 -0.001163 0.919994 -0.001264
0.919994 -0.001046 0.919994 -0.001136
0.919994 -0.000928 0.919995 -0.001009
0.919995 -0.000811 0.919996 -0.000881
0.919996 -0.000693 0.919996 -0.000754
0.919997 -0.000576 0.919997 -0.000626
0.919998 -0.000458 0.919998 -0.000498
0.919999 -0.000341 0.919999 -0.000371
0.920000 -0.000223 0.920000 -0.000243
0.920000 -0.000106 0.920000 -0.000115
0.920001 0.000011 0.920001 0.000012
0.920003 0.000129 0.920003 0.000140
0.920004 0.000246 0.920004 0.000268
0.920005 0.000364 0.920005 0.000395
0.920006 0.000481 0.920006 0.000523
0.920007 0.000599 0.920007 0.000651
0.920008 0.000716 0.920008 0.000778
0.920009 0.000833 0.920010 0.000906
0.920011 0.000951 0.920011 0.001033
0.920012 0.001068 0.920013 0.001161
0.920013 0.001186 0.920014 0.001289
0.920015 0.001303 0.920016 0.001416
0.920016 0.001420 0.920017 0.001544
0.920018 0.001538 0.920019 0.001672
0.920019 0.001655 0.920021 0.001799
0.920021 0.001773 0.920022 0.001927
0.920022 0.001890 0.920024 0.002054
0.920024 0.002008 0.920026 0.002182
0.920025 0.002125 0.920028 0.002310
0.920027 0.002242 0.920030 0.002437
0.920029 0.002360 0.920032 0.002565
0.920030 0.002477 0.920034 0.002692
0.920032 0.002594 0.920036 0.002820
0.920034 0.002712 0.920038 0.002948
0.920036 0.002829 0.920040 0.003075
0.920037 0.002947 0.920042 0.003203
0.920039 0.003064 0.920044 0.003330
0.920041 0.003181 0.920047 0.003458
0.920043 0.003299 0.920049 0.003585
