# x [au] y [au] r [au] lon [rad]
0.780000 0.000000 0.780000 0.000000
0.780000 0.000337 0.780000 0.000432
0.780000 0.000674 0.780000 0.000865
0.780000 0.001012 0.780001 0.001297
0.780000 0.001349 0.780001 0.001729
0.780000 0.001686 0.780002 0.002162
0.780001 0.002023 0.780003 0.002594
0.780001 0.002361 0.780005 0.003026
0.780001 0.002698 0.780006 0.003459
0.780002 0.003035 0.780008 0.003891
0.780002 0.003372 0.780009 0.004323
0.780002 0.003709 0.780011 0.004756
0.780003 0.004047 0.780013 0.005188
0.780003 0.004384 0.780016 0.005620
0.780004 0.004721 0.780018 0.006053
0.780004 0.005058 0.780021 0.006485
0.780005 0.005396 0.780024 0.006917
0.780006 0.005733 0.780027 0.007349
0.780006 0.006070 0.780030 0.007782
0.780007 0.006407 0.780033 0.008214
0.780008 0.006744 0.780037 0.008646
0.780009 0.007081 0.780041 0.009078
0.780010 0.007419 0.780045 0.009511
0.780011 0.007756 0.780049 0.009943
0.780011 0.008093 0.780053 0.010375
0.780012 0.008430 0.780058 0.010807
0.780013 0.008767 0.780063 0.011239
0.780014 0.009104 0.780068 0.011672
0.780016 0.009442 0.780073 0.012104
0.780017 0.009779 0.780078 0.012536
0.780018 0.010116 0.780083 0.012968
0.780019 0.010453 0.780089 0.013400
0.780020 0.010790 0.780095 0.013832
0.780022 0.011127 0.780101 0.014264
0.780023 0.011464 0.780107 0.014696
0.780024 0.011801 0.780114 0.015128
0.780026 0.012138 0.780120 0.015560
0.780027 0.012475 0.780127 0.015992
0.780029 0.012812 0.780134 0.016424
0.780030 0.013150 0.780141 0.016856
0.780032 0.013487 0.780148 0.017288
0.780033 0.013824 0.780156 0.017720
0.780035 0.014161 0.780164 0.018152
0.780037 0.014498 0.780171 0.018584
0.780038 0.014835 0.780180 0.019016
0.780040 0.015172 0.780188 0.019447
0.780042 0.015509 0.780196 0.019879
0.780044 0.015846 0.780205 0.020311
0.780046 0.016182 0.780214 0.020743
0.780048 0.016519 0.780223 0.021174
0.780050 0.016856 0.780232 0.021606
0.780052 0.017193 0.780241 0.022038
0.780054 0.017530 0.780251 0.022469
0.780056 0.017867 0.780260 0.022901
0.780058 0.018204 0.780270 0.023332
0.780060 0.018541 0.780280 0.023764
0.780062 0.018878 0.780291 0.024195
0.780065 0.019214 0.780301 0.024627
0.780067 0.019551 0.780312 0.025058
0.780069 0.019888 0.780323 0.025490
0.780072 0.020225 0.780334 0.025921
0.780074 0.020562 0.780345 0.026353
0.780076 0.020898 0.780356 0.026784
0.780079 0.021235 0.780368 0.027215
0.780082 0.021572 0.780380 0.027646
0.780084 0.021909 0.780392 0.028078
0.780087 0.022245 0.780404 0.028509
0.780089 0.022582 0.780416 0.028940
0.780092 0.022919 0.780429 0.029371
0.780095 0.023255 0.780441 0.029802
0.780098 0.023592 0.780454 0.030233
0.780100 0.023929 0.780467 0.030664
0.780103 0.024265 0.780481 0.031095
0.780106 0.024602 0.780494 0.031526
0.780109 0.024938 0.780508 0.031957
0.780112 0.025275 0.780521 0.032388
0.780115 0.025611 0.780535 0.032818
0.780118 0.025948 0.780550 0.033249
0.780121 0.026284 0.780564 0.033680
0.780124 0.026621 0.780578 0.034111
0.780128 0.026957 0.780593 0.034541
0.780131 0.027294 0.780608 0.034972
0.780134 0.027630 0.780623 0.035402
0.780137 0.027966 0.780638 0.035833
0.780141 0.028303 0.780654 0.036263
0.780144 0.028639 0.780669 0.036694
0.780147 0.028976 0.780685 0.037124
0.780151 0.029312 0.780701 0.037554
0.780154 0.029648 0.780718 0.037985
0.780158 0.029984 0.780734 0.038415
0.780162 0.030321 0.780750 0.038845
0.780165 0.030657 0.780767 0.039275
0.780169 0.030993 0.780784 0.039705
0.780172 0.031329 0.780801 0.040135
0.780176 0.031665 0.780819 0.040565
0.780180 0.032001 0.780836 0.040995
0.780184 0.032338 0.780854 0.041425
0.780188 0.032674 0.780872 0.041855
0.780192 0.033010 0.780890 0.042284
0.780196 0.033346 0.780908 0.042714
0.780200 0.033682 0.780926 0.043144
0.780204 0.034018 0.780945 0.043573
0.780208 0.034354 0.780964 0.044003
0.780212 0.034690 0.780983 0.044432
0.780216 0.035025 0.781002 0.044862
0.780220 0.035361 0.781021 0.045291
0.780224 0.035697 0.781041 0.045721
0.780229 0.036033 0.781060 0.046150
0.780233 0.036369 0.781080 0.046579
0.780237 0.036705 0.781100 0.047008
0.780242 0.037040 0.781120 0.047437
0.780246 0.037376 0.781141 0.047866
0.780251 0.037712 0.781161 0.048295
0.780255 0.038047 0.781182 0.048724
0.780260 0.038383 0.781203 0.049153
0.780264 0.038719 0.781224 0.049582
0.780269 0.039054 0.781246 0.050010
0.780274 0.039390 0.781267 0.050439
0.780278 0.039725 0.781289 0.050868
0.780283 0.040061 0.781311 0.051296
0.780288 0.040396 0.781333 0.051725
0.780293 0.040732 0.781355 0.052153
0.780298 0.041067 0.781378 0.052581
0.780303 0.041402 0.781400 0.053010
0.780308 0.041738 0.781423 0.053438
0.780313 0.042073 0.781446 0.053866
0.780318 0.042408 0.781469 0.054294
0.780323 0.042744 0.781493 0.054722
0.780328 0.043079 0.781516 0.055150
0.780333 0.043414 0.781540 0.055578
0.780338 0.043749 0.781564 0.056006
0.780344 0.044084 0.781588 0.056433
0.780349 0.044419 0.781612 0.056861
0.780354 0.044754 0.781637 0.057289
0.780360 0.045089 0.781661 0.057716
0.780365 0.045424 0.781686 0.058143
0.780371 0.045759 0.781711 0.058571
0.780376 0.046094 0.781736 0.058998
0.780382 0.046429 0.781762 0.059425
0.780387 0.046764 0.781787 0.059852
0.780393 0.047099 0.781813 0.060280
0.780399 0.047434 0.781839 0.060707
0.780404 0.047768 0.781865 0.061133
0.780410 0.048103 0.781891 0.061560
0.780416 0.048438 0.781918 0.061987
0.780422 0.048772 0.781944 0.062414
0.780428 0.049107 0.781971 0.062840
0.780434 0.049442 0.781998 0.063267
0.780440 0.049776 0.782025 0.063693
0.780446 0.050111 0.782053 0.064120
0.780452 0.050445 0.782080 0.064546
0.780458 0.050779 0.782108 0.064972
0.780464 0.051114 0.782136 0.065398
0.780470 0.051448 0.782164 0.065824
0.780476 0.051783 0.782192 0.066250
0.780483 0.052117 0.782221 0.066676
0.780489 0.052451 0.782249 0.067102
0.780495 0.052785 0.782278 0.067528
0.780502 0.053119 0.782307 0.067953
0.780508 0.053453 0.782336 0.068379
0.780515 0.053788 0.782366 0.068804
0.780521 0.054122 0.782395 0.069230
0.780528 0.054456 0.782425 0.069655
0.780534 0.054790 0.782455 0.070080
0.780541 0.055124 0.782485 0.070505
0.780548 0.055457 0.782515 0.070930
0.780554 0.055791 0.782546 0.071355
0.780561 0.056125 0.782576 0.071780
0.780568 0.056459 0.782607 0.072205
0.780575 0.056793 0.782638 0.072629
0.780582 0.057126 0.782669 0.073054
0.780589 0.057460 0.782701 0.073478
0.780596 0.057793 0.782732 0.073903
0.780603 0.058127 0.782764 0.074327
0.780610 0.058460 0.782796 0.074751
0.780617 0.058794 0.782828 0.075175
0.780624 0.059127 0.782860 0.075599
0.780631 0.059461 0.782893 0.076023
0.780639 0.059794 0.782925 0.076447
0.780646 0.060127 0.782958 0.076871
0.780653 0.060461 0.782991 0.077294
0.780661 0.060794 0.783024 0.077718
0.780668 0.061127 0.783058 0.078141
0.780676 0.061460 0.783091 0.078565
0.780683 0.061793 0.783125 0.078988
0.780691 0.062126 0.783159 0.079411
0.780698 0.062459 0.783193 0.079834
0.780706 0.062792 0.783227 0.080257
0.780714 0.063125 0.783261 0.080680
0.780721 0.063458 0.783296 0.081103
0.780729 0.063791 0.783331 0.081525
0.780737 0.064123 0.783366 0.081948
0.780745 0.064456 0.783401 0.082370
0.780753 0.064789 0.783436 0.082793
0.780761 0.065121 0.783472 0.083215
0.780769 0.065454 0.783507 0.083637
0.780777 0.065786 0.783543 0.084059
0.780785 0.066119 0.783579 0.084481
0.780793 0.066451 0.783615 0.084903
0.780801 0.066784 0.783652 0.085325
0.780809 0.067116 0.783688 0.085746
0.780817 0.067448 0.783725 0.086168
0.780826 0.067780 0.783762 0.086589
0.780834 0.068113 0.783799 0.087010
0.780843 0.068445 0.783837 0.087432
0.780851 0.068777 0.783874 0.087853
0.780859 0.069109 0.783912 0.088274
0.780868 0.069441 0.783950 0.088694
0.780877 0.069773 0.783988 0.089115
0.780885 0.070105 0.784026 0.089536
0.780894 0.070436 0.784064 0.089956
0.780903 0.070768 0.784103 0.090377
0.780911 0.071100 0.784141 0.090797
0.780920 0.071432 0.784180 0.091217
0.780929 0.071763 0.784219 0.091637
0.780938 0.072095 0.784259 0.092057
0.780947 0.072426 0.784298 0.092477
0.780956 0.072758 0.784338 0.092897
0.780965 0.073089 0.784377 0.093316
0.780974 0.073420 0.784417 0.093736
0.780983 0.073752 0.784457 0.094155
0.780992 0.074083 0.784498 0.094575
0.781001 0.074414 0.784538 0.094994
0.781010 0.074745 0.784579 0.095413
0.781020 0.075076 0.784620 0.095832
0.781029 0.075407 0.784661 0.096250
0.781038 0.075738 0.784702 0.096669
0.781048 0.076069 0.784743 0.097088
0.781057 0.076400 0.784785 0.097506
0.781067 0.076731 0.784827 0.097924
0.781076 0.077062 0.784869 0.098343
0.781086 0.077392 0.784911 0.098761
0.781096 0.077723 0.784953 0.099179
0.781105 0.078054 0.784995 0.099596
0.781115 0.078384 0.785038 0.100014
0.781125 0.078715 0.785081 0.100432
0.781135 0.079045 0.785124 0.100849
0.781145 0.079375 0.785167 0.101266
0.781154 0.079706 0.785210 0.101684
0.781164 0.080036 0.785254 0.102101
0.781174 0.080366 0.785298 0.102518
0.781185 0.080696 0.785341 0.102935
0.781195 0.081026 0.785385 0.103351
0.781205 0.081356 0.785430 0.103768
0.781215 0.081686 0.785474 0.104184
0.781225 0.082016 0.785519 0.104601
0.781236 0.082346 0.785563 0.105017
0.781246 0.082676 0.785608 0.105433
0.781256 0.083005 0.785653 0.105849
0.781267 0.083335 0.785699 0.106265
0.781277 0.083664 0.785744 0.106680
0.781288 0.083994 0.785790 0.107096
0.781298 0.084323 0.785835 0.107511
0.781309 0.084653 0.785881 0.107926
0.781319 0.084982 0.785928 0.108342
0.781330 0.085311 0.785974 0.108757
0.781341 0.085641 0.786020 0.109172
0.781352 0.085970 0.786067 0.109586
0.781363 0.086299 0.786114 0.110001
0.781373 0.086628 0.786161 0.110415
0.781384 0.086957 0.786208 0.110830
0.781395 0.087286 0.786255 0.111244
0.781406 0.087615 0.786303 0.111658
0.781418 0.087943 0.786351 0.112072
0.781429 0.088272 0.786399 0.112486
0.781440 0.088601 0.786447 0.112899
0.781451 0.088929 0.786495 0.113313
0.781462 0.089258 0.786543 0.113726
0.781474 0.089586 0.786592 0.114139
0.781485 0.089915 0.786641 0.114553
0.781496 0.090243 0.786690 0.114965
0.781508 0.090571 0.786739 0.115378
0.781519 0.090899 0.786788 0.115791
0.781531 0.091228 0.786837 0.116203
0.781543 0.091556 0.786887 0.116616
0.781554 0.091884 0.786937 0.117028
0.781566 0.092212 0.786987 0.117440
0.781578 0.092539 0.787037 0.117852
0.781589 0.092867 0.787087 0.118264
0.781601 0.093195 0.787138 0.118676
0.781613 0.093523 0.787188 0.119087
0.781625 0.093850 0.787239 0.119499
0.781637 0.094178 0.787290 0.119910
0.781649 0.094505 0.787341 0.120321
0.781661 0.094833 0.787393 0.120732
0.781673 0.095160 0.787444 0.121143
0.781686 0.095487 0.787496 0.121553
0.781698 0.095814 0.787548 0.121964
0.781710 0.096141 0.787600 0.122374
0.781722 0.096469 0.787652 0.122784
0.781735 0.096795 0.787705 0.123194
0.781747 0.097122 0.787757 0.123604
0.781760 0.097449 0.787810 0.124014
0.781772 0.097776 0.787863 0.124424
0.781785 0.098103 0.787916 0.124833
0.781797 0.098429 0.787969 0.125242
0.781810 0.098756 0.788023 0.125651
0.781823 0.099082 0.788076 0.126060
0.781835 0.099409 0.788130 0.126469
0.781848 0.099735 0.788184 0.126878
0.781861 0.100061 0.788238 0.127287
0.781874 0.100388 0.788292 0.127695
0.781887 0.100714 0.788347 0.128103
0.781900 0.101040 0.788401 0.128511
0.781913 0.101366 0.788456 0.128919
0.781926 0.101692 0.788511 0.129327
0.781939 0.102017 0.788566 0.129734
0.781953 0.102343 0.788621 0.130142
0.781966 0.102669 0.788677 0.130549
0.781979 0.102994 0.788733 0.130956
0.781992 0.103320 0.788788 0.131363
0.782006 0.103645 0.788844 0.131770
0.782019 0.103971 0.788901 0.132177
0.782033 0.104296 0.788957 0.132583
0.782046 0.104621 0.789013 0.132989
0.782060 0.104947 0.789070 0.133396
0.782074 0.105272 0.789127 0.133802
0.782087 0.105597 0.789184 0.134207
0.782101 0.105922 0.789241 0.134613
0.782115 0.106246 0.789298 0.135019
0.782129 0.106571 0.789356 0.135424
0.782143 0.106896 0.789414 0.135829
0.782157 0.107221 0.789471 0.136234
0.782171 0.107545 0.789529 0.136639
0.782185 0.107870 0.789588 0.137044
0.782199 0.108194 0.789646 0.137448
0.782213 0.108518 0.789705 0.137853
0.782227 0.108843 0.789763 0.138257
0.782241 0.109167 0.789822 0.138661
0.782256 0.109491 0.789881 0.139065
0.782270 0.109815 0.789940 0.139468
0.782284 0.110139 0.790000 0.139872
0.782299 0.110463 0.790059 0.140275
0.782313 0.110786 0.790119 0.140678
0.782328 0.111110 0.790179 0.141081
0.782343 0.111434 0.790239 0.141484
0.782357 0.111757 0.790299 0.141887
0.782372 0.112081 0.790359 0.142289
0.782387 0.112404 0.790420 0.142692
0.782402 0.112727 0.790481 0.143094
0.782416 0.113051 0.790542 0.143496
0.782431 0.113374 0.790603 0.143898
0.782446 0.113697 0.790664 0.144299
0.782461 0.114020 0.790725 0.144701
0.782476 0.114343 0.790787 0.145102
0.782492 0.114665 0.790848 0.145503
0.782507 0.114988 0.790910 0.145904
0.782522 0.115311 0.790972 0.146305
0.782537 0.115633 0.791035 0.146706
0.782553 0.115956 0.791097 0.147106
0.782568 0.116278 0.791160 0.147506
0.782584 0.116600 0.791222 0.147906
0.782599 0.116923 0.791285 0.148306
0.782615 0.117245 0.791348 0.148706
0.782630 0.117567 0.791411 0.149105
0.782646 0.117889 0.791475 0.149505
0.782662 0.118211 0.791538 0.149904
0.782677 0.118533 0.791602 0.150303
0.782693 0.118854 0.791666 0.150702
0.782709 0.119176 0.791730 0.151100
0.782725 0.119498 0.791794 0.151499
0.782741 0.119819 0.791858 0.151897
0.782757 0.120140 0.791923 0.152295
0.782773 0.120462 0.791988 0.152693
0.782789 0.120783 0.792053 0.153091
0.782805 0.121104 0.792118 0.153488
0.782821 0.121425 0.792183 0.153886
0.782838 0.121746 0.792248 0.154283
0.782854 0.122067 0.792314 0.154680
0.782871 0.122388 0.792379 0.155077
0.782887 0.122708 0.792445 0.155473
0.782903 0.123029 0.792511 0.155870
0.782920 0.123349 0.792577 0.156266
0.782937 0.123670 0.792644 0.156662
0.782953 0.123990 0.792710 0.157058
0.782970 0.124310 0.792777 0.157454
0.782987 0.124631 0.792844 0.157849
0.783004 0.124951 0.792911 0.158244
0.783021 0.125271 0.792978 0.158640
0.783037 0.125591 0.793045 0.159035
0.783054 0.125910 0.793113 0.159429
0.783071 0.126230 0.793180 0.159824
0.783089 0.126550 0.793248 0.160218
0.783106 0.126869 0.793316 0.160612
0.783123 0.127189 0.793384 0.161006
0.783140 0.127508 0.793453 0.161400
0.783158 0.127827 0.793521 0.161794
0.783175 0.128147 0.793590 0.162187
0.783192 0.128466 0.793658 0.162580
0.783210 0.128785 0.793727 0.162973
0.783227 0.129104 0.793796 0.163366
0.783245 0.129422 0.793866 0.163759
0.783263 0.129741 0.793935 0.164151
0.783280 0.130060 0.794005 0.164544
0.783298 0.130378 0.794075 0.164936
0.783316 0.130697 0.794144 0.165328
0.783334 0.131015 0.794215 0.165719
0.783352 0.131333 0.794285 0.166111
0.783370 0.131651 0.794355 0.166502
0.783388 0.131970 0.794426 0.166893
0.783406 0.132288 0.794496 0.167284
0.783424 0.132605 0.794567 0.167675
0.783442 0.132923 0.794638 0.168065
0.783460 0.133241 0.794710 0.168456
0.783479 0.133559 0.794781 0.168846
0.783497 0.133876 0.794852 0.169235
0.783515 0.134193 0.794924 0.169625
0.783534 0.134511 0.794996 0.170015
0.783552 0.134828 0.795068 0.170404
0.783571 0.135145 0.795140 0.170793
0.783590 0.135462 0.795212 0.171182
0.783608 0.135779 0.795285 0.171571
0.783627 0.136096 0.795358 0.171959
0.783646 0.136413 0.795430 0.172347
0.783665 0.136729 0.795503 0.172736
0.783684 0.137046 0.795576 0.173123
0.783703 0.137362 0.795650 0.173511
0.783722 0.137679 0.795723 0.173899
0.783741 0.137995 0.795797 0.174286
0.783760 0.138311 0.795871 0.174673
0.783779 0.138627 0.795944 0.175060
0.783799 0.138943 0.796019 0.175446
0.783818 0.139259 0.796093 0.175833
0.783837 0.139575 0.796167 0.176219
0.783857 0.139891 0.796242 0.176605
0.783876 0.140206 0.796316 0.176991
0.783896 0.140522 0.796391 0.177377
0.783915 0.140837 0.796466 0.177762
0.783935 0.141152 0.796541 0.178147
0.783955 0.141468 0.796617 0.178532
0.783975 0.141783 0.796692 0.178917
0.783995 0.142098 0.796768 0.179302
0.784014 0.142412 0.796844 0.179686
0.784034 0.142727 0.796920 0.180070
0.784054 0.143042 0.796996 0.180454
0.784075 0.143357 0.797072 0.180838
0.784095 0.143671 0.797149 0.181221
0.784115 0.143985 0.797225 0.181605
0.784135 0.144300 0.797302 0.181988
0.784155 0.144614 0.797379 0.182371
0.784176 0.144928 0.797456 0.182753
0.784196 0.145242 0.797533 0.183136
0.784217 0.145556 0.797610 0.183518
0.784237 0.145870 0.797688 0.183900
0.784258 0.146183 0.797766 0.184282
0.784279 0.146497 0.797843 0.184664
0.784299 0.146810 0.797921 0.185045
0.784320 0.147124 0.798000 0.185426
0.784341 0.147437 0.798078 0.185807
0.784362 0.147750 0.798156 0.186188
0.784383 0.148063 0.798235 0.186569
0.784404 0.148376 0.798314 0.186949
0.784425 0.148689 0.798393 0.187329
0.784446 0.149002 0.798472 0.187709
0.784467 0.149314 0.798551 0.188089
0.784488 0.149627 0.798630 0.188468
0.784510 0.149939 0.798710 0.188847
0.784531 0.150252 0.798790 0.189226
0.784553 0.150564 0.798869 0.189605
0.784574 0.150876 0.798949 0.189984
0.784596 0.151188 0.799030 0.190362
0.784617 0.151500 0.799110 0.190740
0.784639 0.151812 0.799190 0.191118
0.784661 0.152123 0.799271 0.191496
0.784683 0.152435 0.799352 0.191873
0.784704 0.152746 0.799433 0.192251
0.784726 0.153058 0.799514 0.192628
0.784748 0.153369 0.799595 0.193004
0.784770 0.153680 0.799676 0.193381
0.784792 0.153991 0.799758 0.193757
0.784815 0.154302 0.799839 0.194134
0.784837 0.154613 0.799921 0.194510
0.784859 0.154924 0.800003 0.194885
0.784881 0.155234 0.800085 0.195261
0.784904 0.155545 0.800168 0.195636
0.784926 0.155855 0.800250 0.196011
0.784949 0.156166 0.800333 0.196386
0.784971 0.156476 0.800415 0.196760
0.784994 0.156786 0.800498 0.197135
0.785017 0.157096 0.800581 0.197509
0.785040 0.157406 0.800665 0.197883
0.785062 0.157716 0.800748 0.198256
0.785085 0.158025 0.800831 0.198630
0.785108 0.158335 0.800915 0.199003
0.785131 0.158644 0.800999 0.199376
0.785154 0.158953 0.801083 0.199749
0.785178 0.159263 0.801167 0.200121
0.785201 0.159572 0.801251 0.200494
0.785224 0.159881 0.801336 0.200866
0.785247 0.160190 0.801420 0.201238
0.785271 0.160498 0.801505 0.201609
0.785294 0.160807 0.801590 0.201981
0.785318 0.161116 0.801675 0.202352
0.785341 0.161424 0.801760 0.202723
0.785365 0.161732 0.801845 0.203093
0.785389 0.162040 0.801931 0.203464
0.785413 0.162349 0.802016 0.203834
0.785436 0.162657 0.802102 0.204204
0.785460 0.162964 0.802188 0.204574
0.785484 0.163272 0.802274 0.204943
0.785508 0.163580 0.802360 0.205313
0.785532 0.163887 0.802446 0.205682
0.785557 0.164195 0.802533 0.206051
0.785581 0.164502 0.802619 0.206419
0.785605 0.164809 0.802706 0.206788
0.785629 0.165116 0.802793 0.207156
0.785654 0.165423 0.802880 0.207524
0.785678 0.165730 0.802967 0.207891
0.785703 0.166037 0.803055 0.208259
0.785727 0.166343 0.803142 0.208626
0.785752 0.166650 0.803230 0.208993
0.785777 0.166956 0.803318 0.209360
0.785802 0.167263 0.803406 0.209726
0.785826 0.167569 0.803494 0.210092
0.785851 0.167875 0.803582 0.210458
0.785876 0.168181 0.803670 0.210824
0.785901 0.168486 0.803759 0.211190
0.785926 0.168792 0.803848 0.211555
0.785952 0.169098 0.803937 0.211920
0.785977 0.169403 0.804026 0.212285
0.786002 0.169709 0.804115 0.212649
0.786028 0.170014 0.804204 0.213014
0.786053 0.170319 0.804293 0.213378
0.786078 0.170624 0.804383 0.213741
0.786104 0.170929 0.804473 0.214105
0.786130 0.171233 0.804562 0.214468
0.786155 0.171538 0.804652 0.214832
0.786181 0.171843 0.804743 0.215194
0.786207 0.172147 0.804833 0.215557
0.786233 0.172451 0.804923 0.215919
0.786259 0.172755 0.805014 0.216282
0.786285 0.173060 0.805105 0.216644
0.786311 0.173363 0.805195 0.217005
0.786337 0.173667 0.805286 0.217367
0.786363 0.173971 0.805378 0.217728
0.786390 0.174275 0.805469 0.218089
0.786416 0.174578 0.805560 0.218449
0.786442 0.174881 0.805652 0.218810
0.786469 0.175185 0.805744 0.219170
0.786495 0.175488 0.805836 0.219530
0.786522 0.175791 0.805928 0.219890
0.786549 0.176093 0.806020 0.220249
0.786575 0.176396 0.806112 0.220608
0.786602 0.176699 0.806204 0.220967
0.786629 0.177001 0.806297 0.221326
0.786656 0.177304 0.806390 0.221685
0.786683 0.177606 0.806483 0.222043
0.786710 0.177908 0.806576 0.222401
0.786737 0.178210 0.806669 0.222759
0.786765 0.178512 0.806762 0.223116
0.786792 0.178814 0.806855 0.223473
0.786819 0.179115 0.806949 0.223830
0.786847 0.179417 0.807043 0.224187
0.786874 0.179718 0.807137 0.224544
0.786902 0.180019 0.807231 0.224900
0.786929 0.180321 0.807325 0.225256
0.786957 0.180622 0.807419 0.225612
0.786985 0.180922 0.807513 0.225967
0.787013 0.181223 0.807608 0.226322
0.787040 0.181524 0.807703 0.226677
0.787068 0.181824 0.807797 0.227032
0.787096 0.182125 0.807892 0.227386
0.787124 0.182425 0.807988 0.227741
0.787153 0.182725 0.808083 0.228095
0.787181 0.183025 0.808178 0.228448
0.787209 0.183325 0.808274 0.228802
0.787238 0.183625 0.808369 0.229155
0.787266 0.183925 0.808465 0.229508
0.787294 0.184224 0.808561 0.229861
0.787323 0.184524 0.808657 0.230213
0.787352 0.184823 0.808753 0.230565
0.787380 0.185122 0.808850 0.230917
0.787409 0.185421 0.808946 0.231269
0.787438 0.185720 0.809043 0.231621
0.787467 0.186019 0.809140 0.231972
0.787496 0.186317 0.809237 0.232323
0.787525 0.186616 0.809334 0.232673
0.787554 0.186914 0.809431 0.233024
0.787583 0.187213 0.809528 0.233374
0.787613 0.187511 0.809626 0.233724
0.787642 0.187809 0.809723 0.234073
0.787671 0.188107 0.809821 0.234423
0.787701 0.188404 0.809919 0.234772
0.787730 0.188702 0.810017 0.235121
0.787760 0.188999 0.810115 0.235469
0.787790 0.189297 0.810213 0.235818
0.787819 0.189594 0.810312 0.236166
0.787849 0.189891 0.810410 0.236514
0.787879 0.190188 0.810509 0.236861
0.787909 0.190485 0.810608 0.237209
0.787939 0.190782 0.810707 0.237556
0.787969 0.191078 0.810806 0.237903
0.787999 0.191375 0.810905 0.238249
0.788030 0.191671 0.811005 0.238595
0.788060 0.191967 0.811104 0.238941
0.788090 0.192264 0.811204 0.239287
0.788121 0.192559 0.811304 0.239633
0.788151 0.192855 0.811403 0.239978
0.788182 0.193151 0.811504 0.240323
0.788213 0.193447 0.811604 0.240668
0.788243 0.193742 0.811704 0.241012
0.788274 0.194037 0.811804 0.241356
0.788305 0.194332 0.811905 0.241700
0.788336 0.194628 0.812006 0.242044
0.788367 0.194922 0.812107 0.242387
0.788398 0.195217 0.812208 0.242730
0.788429 0.195512 0.812309 0.243073
0.788460 0.195806 0.812410 0.243416
0.788492 0.196101 0.812511 0.243758
0.788523 0.196395 0.812613 0.244100
0.788555 0.196689 0.812715 0.244442
0.788586 0.196983 0.812816 0.244784
0.788618 0.197277 0.812918 0.245125
0.788649 0.197571 0.813020 0.245466
0.788681 0.197864 0.813123 0.245807
0.788713 0.198158 0.813225 0.246147
0.788745 0.198451 0.813327 0.246487
0.788777 0.198744 0.813430 0.246827
0.788809 0.199037 0.813533 0.247167
0.788841 0.199330 0.813635 0.247506
0.788873 0.199623 0.813738 0.247846
0.788905 0.199916 0.813841 0.248185
0.788938 0.200208 0.813945 0.248523
0.788970 0.200501 0.814048 0.248861
0.789003 0.200793 0.814152 0.249200
0.789035 0.201085 0.814255 0.249537
0.789068 0.201377 0.814359 0.249875
0.789100 0.201669 0.814463 0.250212
0.789133 0.201961 0.814567 0.250549
0.789166 0.202252 0.814671 0.250886
0.789199 0.202544 0.814775 0.251222
0.789232 0.202835 0.814880 0.251559
0.789265 0.203126 0.814984 0.251895
0.789298 0.203417 0.815089 0.252230
0.789331 0.203708 0.815194 0.252566
0.789365 0.203999 0.815299 0.252901
0.789398 0.204289 0.815404 0.253236
0.789431 0.204580 0.815509 0.253570
0.789465 0.204870 0.815614 0.253904
0.789498 0.205160 0.815720 0.254238
0.789532 0.205450 0.815825 0.254572
0.789566 0.205740 0.815931 0.254906
0.789600 0.206030 0.816037 0.255239
0.789633 0.206320 0.816143 0.255572
0.789667 0.206609 0.816249 0.255905
0.789701 0.206899 0.816355 0.256237
0.789736 0.207188 0.816461 0.256569
0.789770 0.207477 0.816568 0.256901
0.789804 0.207766 0.816674 0.257233
0.789838 0.208055 0.816781 0.257564
0.789873 0.208344 0.816888 0.257895
0.789907 0.208632 0.816995 0.258226
0.789942 0.208921 0.817102 0.258556
0.789976 0.209209 0.817209 0.258886
0.790011 0.209497 0.817317 0.259216
0.790046 0.209785 0.817424 0.259546
0.790081 0.210073 0.817532 0.259875
0.790116 0.210361 0.817639 0.260204
0.790151 0.210648 0.817747 0.260533
0.790186 0.210936 0.817855 0.260862
0.790221 0.211223 0.817963 0.261190
0.790256 0.211510 0.818072 0.261518
0.790291 0.211797 0.818180 0.261846
0.790327 0.212084 0.818288 0.262173
0.790362 0.212371 0.818397 0.262500
0.790398 0.212657 0.818506 0.262827
0.790433 0.212944 0.818615 0.263154
0.790469 0.213230 0.818724 0.263480
0.790505 0.213516 0.818833 0.263806
0.790541 0.213802 0.818942 0.264132
0.790576 0.214088 0.819051 0.264458
0.790612 0.214374 0.819161 0.264783
0.790648 0.214660 0.819270 0.265108
0.790685 0.214945 0.819380 0.265432
0.790721 0.215231 0.819490 0.265757
0.790757 0.215516 0.819600 0.266081
0.790794 0.215801 0.819710 0.266405
0.790830 0.216086 0.819820 0.266728
0.790866 0.216370 0.819930 0.267052
0.790903 0.216655 0.820041 0.267375
0.790940 0.216940 0.820152 0.267697
0.790977 0.217224 0.820262 0.268020
0.791013 0.217508 0.820373 0.268342
0.791050 0.217792 0.820484 0.268664
0.791087 0.218076 0.820595 0.268985
0.791124 0.218360 0.820706 0.269307
0.791162 0.218643 0.820818 0.269628
0.791199 0.218927 0.820929 0.269948
0.791236 0.219210 0.821041 0.270269
0.791273 0.219493 0.821152 0.270589
0.791311 0.219776 0.821264 0.270909
0.791348 0.220059 0.821376 0.271229
0.791386 0.220342 0.821488 0.271548
0.791424 0.220625 0.821600 0.271867
0.791462 0.220907 0.821712 0.272186
0.791499 0.221189 0.821825 0.272504
0.791537 0.221472 0.821937 0.272822
0.791575 0.221754 0.822050 0.273140
0.791613 0.222035 0.822163 0.273458
0.791652 0.222317 0.822276 0.273775
0.791690 0.222599 0.822389 0.274092
0.791728 0.222880 0.822502 0.274409
0.791767 0.223161 0.822615 0.274726
0.791805 0.223443 0.822728 0.275042
0.791844 0.223724 0.822842 0.275358
0.791882 0.224004 0.822955 0.275674
0.791921 0.224285 0.823069 0.275989
0.791960 0.224566 0.823183 0.276304
0.791999 0.224846 0.823297 0.276619
0.792038 0.225126 0.823411 0.276933
0.792077 0.225406 0.823525 0.277247
0.792116 0.225686 0.823639 0.277561
0.792155 0.225966 0.823754 0.277875
0.792194 0.226246 0.823868 0.278188
0.792234 0.226525 0.823983 0.278501
0.792273 0.226805 0.824098 0.278814
0.792313 0.227084 0.824213 0.279127
0.792352 0.227363 0.824328 0.279439
0.792392 0.227642 0.824443 0.279751
0.792432 0.227921 0.824558 0.280063
0.792471 0.228199 0.824673 0.280374
0.792511 0.228478 0.824789 0.280685
0.792551 0.228756 0.824904 0.280996
0.792591 0.229034 0.825020 0.281306
0.792632 0.229312 0.825136 0.281616
0.792672 0.229590 0.825252 0.281926
0.792712 0.229868 0.825368 0.282236
0.792753 0.230146 0.825484 0.282545
0.792793 0.230423 0.825600 0.282854
0.792834 0.230700 0.825717 0.283163
0.792874 0.230977 0.825833 0.283472
0.792915 0.231254 0.825950 0.283780
0.792956 0.231531 0.826066 0.284088
0.792997 0.231808 0.826183 0.284395
0.793038 0.232085 0.826300 0.284702
0.793079 0.232361 0.826417 0.285009
0.793120 0.232637 0.826534 0.285316
0.793161 0.232913 0.826652 0.285623
0.793202 0.233189 0.826769 0.285929
0.793244 0.233465 0.826887 0.286235
0.793285 0.233741 0.827004 0.286540
0.793327 0.234016 0.827122 0.286845
0.793368 0.234291 0.827240 0.287150
0.793410 0.234566 0.827358 0.287455
0.793452 0.234842 0.827476 0.287760
0.793494 0.235116 0.827594 0.288064
0.793536 0.235391 0.827713 0.288367
0.793578 0.235666 0.827831 0.288671
0.793620 0.235940 0.827949 0.288974
0.793662 0.236214 0.828068 0.289277
0.793704 0.236488 0.828187 0.289580
0.793747 0.236762 0.828306 0.289882
0.793789 0.237036 0.828425 0.290184
0.793832 0.237310 0.828544 0.290486
0.793874 0.237583 0.828663 0.290787
0.793917 0.237857 0.828782 0.291089
0.793960 0.238130 0.828902 0.291390
0.794003 0.238403 0.829021 0.291690
0.794046 0.238676 0.829141 0.291990
0.794089 0.238948 0.829261 0.292290
0.794132 0.239221 0.829381 0.292590
0.794175 0.239493 0.829501 0.292890
0.794218 0.239766 0.829621 0.293189
0.794262 0.240038 0.829741 0.293488
0.794305 0.240310 0.829861 0.293786
0.794349 0.240581 0.829982 0.294084
0.794392 0.240853 0.830102 0.294382
0.794436 0.241125 0.830223 0.294680
0.794480 0.241396 0.830343 0.294977
0.794524 0.241667 0.830464 0.295274
0.794568 0.241938 0.830585 0.295571
0.794612 0.242209 0.830706 0.295868
0.794656 0.242480 0.830827 0.296164
0.794700 0.242750 0.830949 0.296460
0.794744 0.243021 0.831070 0.296755
0.794789 0.243291 0.831192 0.297051
0.794833 0.243561 0.831313 0.297346
0.794878 0.243831 0.831435 0.297640
0.794922 0.244101 0.831557 0.297935
0.794967 0.244370 0.831679 0.298229
0.795012 0.244640 0.831801 0.298523
0.795057 0.244909 0.831923 0.298816
0.795102 0.245178 0.832045 0.299109
0.795147 0.245447 0.832167 0.299402
0.795192 0.245716 0.832290 0.299695
0.795237 0.245984 0.832413 0.299987
0.795283 0.246253 0.832535 0.300279
0.795328 0.246521 0.832658 0.300571
0.795373 0.246790 0.832781 0.300862
0.795419 0.247058 0.832904 0.301153
0.795465 0.247325 0.833027 0.301444
0.795510 0.247593 0.833150 0.301735
0.795556 0.247861 0.833273 0.302025
0.795602 0.248128 0.833397 0.302315
0.795648 0.248395 0.833520 0.302605
0.795694 0.248662 0.833644 0.302894
0.795740 0.248929 0.833768 0.303183
0.795787 0.249196 0.833892 0.303472
0.795833 0.249463 0.834015 0.303760
0.795879 0.249729 0.834139 0.304048
0.795926 0.249995 0.834264 0.304336
0.795973 0.250262 0.834388 0.304624
0.796019 0.250528 0.834512 0.304911
0.796066 0.250793 0.834637 0.305198
0.796113 0.251059 0.834761 0.305485
0.796160 0.251324 0.834886 0.305771
0.796207 0.251590 0.835011 0.306057
0.796254 0.251855 0.835135 0.306343
0.796301 0.252120 0.835260 0.306628
0.796348 0.252385 0.835385 0.306913
0.796396 0.252650 0.835511 0.307198
0.796443 0.252914 0.835636 0.307483
0.796491 0.253178 0.835761 0.307767
0.796538 0.253443 0.835887 0.308051
0.796586 0.253707 0.836012 0.308335
0.796634 0.253971 0.836138 0.308618
0.796682 0.254234 0.836264 0.308901
0.796730 0.254498 0.836390 0.309184
0.796778 0.254761 0.836516 0.309466
0.796826 0.255024 0.836642 0.309749
0.796874 0.255287 0.836768 0.310030
0.796923 0.255550 0.836894 0.310312
0.796971 0.255813 0.837021 0.310593
0.797020 0.256076 0.837147 0.310874
0.797068 0.256338 0.837274 0.311155
0.797117 0.256600 0.837400 0.311435
0.797166 0.256863 0.837527 0.311715
0.797215 0.257124 0.837654 0.311995
0.797264 0.257386 0.837781 0.312274
0.797313 0.257648 0.837908 0.312553
0.797362 0.257909 0.838035 0.312832
0.797411 0.258171 0.838162 0.313111
0.797460 0.258432 0.838290 0.313389
0.797510 0.258693 0.838417 0.313667
0.797559 0.258953 0.838545 0.313945
0.797609 0.259214 0.838673 0.314222
0.797658 0.259475 0.838800 0.314499
0.797708 0.259735 0.838928 0.314776
0.797758 0.259995 0.839056 0.315052
0.797808 0.260255 0.839184 0.315328
0.797858 0.260515 0.839312 0.315604
0.797908 0.260774 0.839441 0.315879
0.797958 0.261034 0.839569 0.316155
0.798009 0.261293 0.839697 0.316430
0.798059 0.261552 0.839826 0.316704
0.798109 0.261811 0.839955 0.316978
0.798160 0.262070 0.840083 0.317252
0.798211 0.262329 0.840212 0.317526
0.798261 0.262587 0.840341 0.317799
0.798312 0.262846 0.840470 0.318073
0.798363 0.263104 0.840599 0.318345
0.798414 0.263362 0.840728 0.318618
0.798465 0.263620 0.840858 0.318890
0.798516 0.263877 0.840987 0.319162
0.798568 0.264135 0.841117 0.319433
0.798619 0.264392 0.841246 0.319705
0.798670 0.264649 0.841376 0.319976
0.798722 0.264906 0.841506 0.320246
0.798774 0.265163 0.841636 0.320517
0.798825 0.265420 0.841766 0.320787
0.798877 0.265676 0.841896 0.321056
0.798929 0.265933 0.842026 0.321326
0.798981 0.266189 0.842156 0.321595
0.799033 0.266445 0.842287 0.321864
0.799085 0.266701 0.842417 0.322132
0.799137 0.266956 0.842548 0.322400
0.799190 0.267212 0.842678 0.322668
0.799242 0.267467 0.842809 0.322936
0.799295 0.267722 0.842940 0.323203
0.799347 0.267977 0.843071 0.323470
0.799400 0.268232 0.843202 0.323737
0.799453 0.268487 0.843333 0.324003
0.799506 0.268741 0.843464 0.324269
0.799559 0.268996 0.843595 0.324535
0.799612 0.269250 0.843727 0.324800
0.799665 0.269504 0.843858 0.325066
0.799718 0.269758 0.843990 0.325330
0.799772 0.270011 0.844121 0.325595
0.799825 0.270265 0.844253 0.325859
0.799879 0.270518 0.844385 0.326123
0.799932 0.270771 0.844517 0.326387
0.799986 0.271024 0.844649 0.326650
0.800040 0.271277 0.844781 0.326913
0.800094 0.271530 0.844913 0.327176
0.800148 0.271782 0.845045 0.327438
0.800202 0.272034 0.845178 0.327700
0.800256 0.272286 0.845310 0.327962
0.800310 0.272538 0.845443 0.328223
0.800365 0.272790 0.845576 0.328485
0.800419 0.273042 0.845708 0.328745
0.800474 0.273293 0.845841 0.329006
0.800528 0.273545 0.845974 0.329266
0.800583 0.273796 0.846107 0.329526
0.800638 0.274047 0.846240 0.329786
0.800693 0.274297 0.846373 0.330045
0.800748 0.274548 0.846507 0.330304
0.800803 0.274798 0.846640 0.330563
0.800858 0.275049 0.846773 0.330821
0.800913 0.275299 0.846907 0.331079
0.800969 0.275549 0.847041 0.331337
0.801024 0.275798 0.847174 0.331594
0.801080 0.276048 0.847308 0.331852
0.801135 0.276297 0.847442 0.332108
0.801191 0.276547 0.847576 0.332365
0.801247 0.276796 0.847710 0.332621
0.801303 0.277045 0.847844 0.332877
0.801359 0.277293 0.847978 0.333133
0.801415 0.277542 0.848113 0.333388
0.801471 0.277790 0.848247 0.333643
0.801527 0.278039 0.848382 0.333898
0.801584 0.278287 0.848516 0.334152
0.801640 0.278534 0.848651 0.334406
0.801697 0.278782 0.848786 0.334660
0.801754 0.279030 0.848921 0.334914
0.801810 0.279277 0.849056 0.335167
0.801867 0.279524 0.849191 0.335420
0.801924 0.279771 0.849326 0.335672
0.801981 0.280018 0.849461 0.335924
0.802038 0.280265 0.849596 0.336176
0.802096 0.280511 0.849732 0.336428
0.802153 0.280757 0.849867 0.336679
0.802210 0.281004 0.850003 0.336930
0.802268 0.281250 0.850138 0.337181
0.802325 0.281495 0.850274 0.337431
0.802383 0.281741 0.850410 0.337681
0.802441 0.281986 0.850546 0.337931
0.802499 0.282232 0.850681 0.338181
0.802557 0.282477 0.850818 0.338430
0.802615 0.282722 0.850954 0.338679
0.802673 0.282966 0.851090 0.338927
0.802731 0.283211 0.851226 0.339175
0.802790 0.283455 0.851363 0.339423
0.802848 0.283700 0.851499 0.339671
0.802907 0.283944 0.851636 0.339918
0.802965 0.284188 0.851772 0.340165
0.803024 0.284431 0.851909 0.340412
0.803083 0.284675 0.852046 0.340658
0.803142 0.284918 0.852183 0.340904
0.803201 0.285161 0.852320 0.341150
0.803260 0.285404 0.852457 0.341395
0.803319 0.285647 0.852594 0.341640
0.803378 0.285890 0.852731 0.341885
0.803438 0.286132 0.852868 0.342130
0.803497 0.286375 0.853006 0.342374
0.803557 0.286617 0.853143 0.342618
0.803617 0.286859 0.853280 0.342861
0.803676 0.287101 0.853418 0.343105
0.803736 0.287342 0.853556 0.343348
0.803796 0.287584 0.853694 0.343590
0.803856 0.287825 0.853831 0.343833
0.803916 0.288066 0.853969 0.344075
0.803977 0.288307 0.854107 0.344316
0.804037 0.288548 0.854245 0.344558
0.804098 0.288788 0.854384 0.344799
0.804158 0.289028 0.854522 0.345040
0.804219 0.289269 0.854660 0.345280
0.804279 0.289509 0.854799 0.345520
0.804340 0.289748 0.854937 0.345760
0.804401 0.289988 0.855076 0.346000
0.804462 0.290228 0.855214 0.346239
0.804523 0.290467 0.855353 0.346478
0.804585 0.290706 0.855492 0.346717
0.804646 0.290945 0.855631 0.346955
0.804707 0.291184 0.855770 0.347193
0.804769 0.291422 0.855909 0.347431
0.804830 0.291661 0.856048 0.347668
0.804892 0.291899 0.856187 0.347905
0.804954 0.292137 0.856326 0.348142
0.805016 0.292375 0.856466 0.348378
0.805078 0.292613 0.856605 0.348614
0.805140 0.292850 0.856745 0.348850
0.805202 0.293088 0.856884 0.349086
0.805264 0.293325 0.857024 0.349321
0.805327 0.293562 0.857164 0.349556
0.805389 0.293799 0.857303 0.349790
0.805452 0.294035 0.857443 0.350025
0.805514 0.294272 0.857583 0.350259
0.805577 0.294508 0.857723 0.350492
0.805640 0.294744 0.857863 0.350726
0.805703 0.294980 0.858004 0.350959
0.805766 0.295216 0.858144 0.351191
0.805829 0.295452 0.858284 0.351424
0.805892 0.295687 0.858425 0.351656
0.805956 0.295922 0.858565 0.351888
0.806019 0.296157 0.858706 0.352119
0.806083 0.296392 0.858846 0.352350
0.806146 0.296627 0.858987 0.352581
0.806210 0.296861 0.859128 0.352812
0.806274 0.297096 0.859269 0.353042
0.806338 0.297330 0.859410 0.353272
0.806402 0.297564 0.859551 0.353502
0.806466 0.297797 0.859692 0.353731
0.806530 0.298031 0.859833 0.353960
0.806594 0.298264 0.859974 0.354189
0.806659 0.298498 0.860116 0.354417
0.806723 0.298731 0.860257 0.354645
0.806788 0.298964 0.860399 0.354873
0.806852 0.299196 0.860540 0.355100
0.806917 0.299429 0.860682 0.355327
0.806982 0.299661 0.860823 0.355554
0.807047 0.299893 0.860965 0.355781
0.807112 0.300125 0.861107 0.356007
0.807177 0.300357 0.861249 0.356233
0.807243 0.300589 0.861391 0.356458
0.807308 0.300820 0.861533 0.356684
0.807373 0.301052 0.861675 0.356909
0.807439 0.301283 0.861817 0.357133
0.807505 0.301513 0.861960 0.357358
0.807570 0.301744 0.862102 0.357582
0.807636 0.301975 0.862244 0.357805
0.807702 0.302205 0.862387 0.358029
0.807768 0.302435 0.862529 0.358252
0.807834 0.302665 0.862672 0.358475
0.807901 0.302895 0.862815 0.358697
0.807967 0.303125 0.862957 0.358919
0.808034 0.303354 0.863100 0.359141
0.808100 0.303583 0.863243 0.359363
0.808167 0.303812 0.863386 0.359584
0.808234 0.304041 0.863529 0.359805
0.808300 0.304270 0.863672 0.360026
0.808367 0.304499 0.863815 0.360246
0.808434 0.304727 0.863959 0.360466
0.808501 0.304955 0.864102 0.360685
0.808569 0.305183 0.864245 0.360905
0.808636 0.305411 0.864389 0.361124
0.808704 0.305639 0.864532 0.361343
0.808771 0.305866 0.864676 0.361561
0.808839 0.306093 0.864820 0.361779
0.808906 0.306320 0.864963 0.361997
0.808974 0.306547 0.865107 0.362215
0.809042 0.306774 0.865251 0.362432
0.809110 0.307000 0.865395 0.362649
0.809178 0.307227 0.865539 0.362865
0.809247 0.307453 0.865683 0.363081
0.809315 0.307679 0.865827 0.363297
0.809383 0.307905 0.865972 0.363513
0.809452 0.308130 0.866116 0.363728
0.809520 0.308356 0.866260 0.363943
0.809589 0.308581 0.866405 0.364158
0.809658 0.308806 0.866549 0.364372
0.809727 0.309031 0.866694 0.364587
0.809796 0.309256 0.866838 0.364800
0.809865 0.309480 0.866983 0.365014
0.809934 0.309704 0.867128 0.365227
0.810004 0.309929 0.867273 0.365440
0.810073 0.310153 0.867417 0.365652
0.810143 0.310376 0.867562 0.365865
0.810212 0.310600 0.867707 0.366076
0.810282 0.310823 0.867852 0.366288
0.810352 0.311046 0.867998 0.366499
0.810422 0.311270 0.868143 0.366710
0.810492 0.311492 0.868288 0.366921
0.810562 0.311715 0.868433 0.367131
0.810632 0.311937 0.868579 0.367341
0.810702 0.312160 0.868724 0.367551
0.810773 0.312382 0.868870 0.367761
0.810843 0.312604 0.869015 0.367970
0.810914 0.312826 0.869161 0.368179
0.810985 0.313047 0.869307 0.368387
0.811055 0.313268 0.869453 0.368595
0.811126 0.313490 0.869599 0.368803
0.811197 0.313711 0.869744 0.369011
0.811268 0.313931 0.869890 0.369218
0.811340 0.314152 0.870036 0.369425
0.811411 0.314372 0.870183 0.369631
0.811482 0.314593 0.870329 0.369838
0.811554 0.314813 0.870475 0.370044
0.811625 0.315033 0.870621 0.370250
0.811697 0.315252 0.870768 0.370455
0.811769 0.315472 0.870914 0.370660
0.811841 0.315691 0.871061 0.370865
0.811913 0.315910 0.871207 0.371069
0.811985 0.316129 0.871354 0.371273
0.812057 0.316348 0.871500 0.371477
0.812130 0.316567 0.871647 0.371681
0.812202 0.316785 0.871794 0.371884
0.812275 0.317003 0.871941 0.372087
0.812347 0.317221 0.872088 0.372290
0.812420 0.317439 0.872235 0.372492
0.812493 0.317657 0.872382 0.372694
0.812566 0.317874 0.872529 0.372896
0.812639 0.318091 0.872676 0.373097
0.812712 0.318308 0.872823 0.373298
0.812785 0.318525 0.872971 0.373499
0.812858 0.318742 0.873118 0.373699
0.812932 0.318958 0.873265 0.373899
0.813005 0.319175 0.873413 0.374099
0.813079 0.319391 0.873560 0.374299
0.813153 0.319607 0.873708 0.374498
0.813226 0.319823 0.873856 0.374697
0.813300 0.320038 0.874003 0.374895
0.813374 0.320254 0.874151 0.375094
0.813448 0.320469 0.874299 0.375291
0.813523 0.320684 0.874447 0.375489
0.813597 0.320899 0.874595 0.375686
0.813671 0.321113 0.874743 0.375884
0.813746 0.321328 0.874891 0.376080
0.813821 0.321542 0.875039 0.376277
0.813895 0.321756 0.875187 0.376473
0.813970 0.321970 0.875335 0.376669
0.814045 0.322184 0.875484 0.376864
0.814120 0.322397 0.875632 0.377059
0.814195 0.322610 0.875780 0.377254
0.814271 0.322824 0.875929 0.377449
0.814346 0.323036 0.876077 0.377643
0.814421 0.323249 0.876226 0.377837
0.814497 0.323462 0.876375 0.378030
0.814573 0.323674 0.876523 0.378224
0.814648 0.323886 0.876672 0.378417
0.814724 0.324098 0.876821 0.378610
0.814800 0.324310 0.876970 0.378802
0.814876 0.324522 0.877119 0.378994
0.814952 0.324733 0.877268 0.379186
0.815029 0.324944 0.877417 0.379377
0.815105 0.325155 0.877566 0.379568
0.815181 0.325366 0.877715 0.379759
0.815258 0.325577 0.877864 0.379950
0.815335 0.325787 0.878014 0.380140
0.815411 0.325998 0.878163 0.380330
0.815488 0.326208 0.878312 0.380520
0.815565 0.326418 0.878462 0.380709
0.815642 0.326627 0.878611 0.380898
0.815719 0.326837 0.878761 0.381087
0.815797 0.327046 0.878910 0.381275
0.815874 0.327255 0.879060 0.381463
0.815951 0.327464 0.879210 0.381651
0.816029 0.327673 0.879359 0.381838
0.816107 0.327882 0.879509 0.382026
0.816185 0.328090 0.879659 0.382212
0.816262 0.328298 0.879809 0.382399
0.816340 0.328506 0.879959 0.382585
0.816418 0.328714 0.880109 0.382771
0.816497 0.328922 0.880259 0.382957
0.816575 0.329129 0.880409 0.383142
0.816653 0.329336 0.880560 0.383327
0.816732 0.329543 0.880710 0.383512
0.816810 0.329750 0.880860 0.383696
0.816889 0.329957 0.881010 0.383880
0.816968 0.330163 0.881161 0.384064
0.817047 0.330370 0.881311 0.384247
0.817126 0.330576 0.881462 0.384431
0.817205 0.330782 0.881612 0.384613
0.817284 0.330987 0.881763 0.384796
0.817363 0.331193 0.881914 0.384978
0.817443 0.331398 0.882064 0.385160
0.817522 0.331603 0.882215 0.385342
0.817602 0.331808 0.882366 0.385523
0.817682 0.332013 0.882517 0.385704
0.817762 0.332218 0.882668 0.385885
0.817841 0.332422 0.882819 0.386065
0.817921 0.332626 0.882970 0.386245
0.818002 0.332830 0.883121 0.386425
0.818082 0.333034 0.883272 0.386604
0.818162 0.333237 0.883423 0.386784
0.818243 0.333441 0.883574 0.386962
0.818323 0.333644 0.883726 0.387141
0.818404 0.333847 0.883877 0.387319
0.818484 0.334050 0.884028 0.387497
0.818565 0.334253 0.884180 0.387675
0.818646 0.334455 0.884331 0.387852
0.818727 0.334657 0.884483 0.388029
0.818808 0.334859 0.884634 0.388206
0.818890 0.335061 0.884786 0.388382
0.818971 0.335263 0.884938 0.388558
0.819053 0.335464 0.885089 0.388734
0.819134 0.335666 0.885241 0.388910
0.819216 0.335867 0.885393 0.389085
0.819298 0.336068 0.885545 0.389260
0.819379 0.336268 0.885697 0.389434
0.819461 0.336469 0.885849 0.389609
0.819543 0.336669 0.886001 0.389783
0.819626 0.336869 0.886153 0.389956
0.819708 0.337069 0.886305 0.390130
0.819790 0.337269 0.886457 0.390303
0.819873 0.337468 0.886609 0.390475
0.819955 0.337668 0.886762 0.390648
0.820038 0.337867 0.886914 0.390820
0.820121 0.338066 0.887066 0.390992
0.820204 0.338265 0.887219 0.391163
0.820287 0.338463 0.887371 0.391334
0.820370 0.338662 0.887524 0.391505
0.820453 0.338860 0.887676 0.391676
0.820536 0.339058 0.887829 0.391846
0.820620 0.339256 0.887982 0.392016
0.820703 0.339453 0.888134 0.392186
0.820787 0.339651 0.888287 0.392355
0.820871 0.339848 0.888440 0.392524
0.820954 0.340045 0.888593 0.392693
0.821038 0.340242 0.888745 0.392862
0.821122 0.340438 0.888898 0.393030
0.821207 0.340635 0.889051 0.393198
0.821291 0.340831 0.889204 0.393365
0.821375 0.341027 0.889357 0.393532
0.821460 0.341223 0.889510 0.393699
0.821544 0.341418 0.889664 0.393866
0.821629 0.341614 0.889817 0.394032
0.821714 0.341809 0.889970 0.394198
0.821798 0.342004 0.890123 0.394364
0.821883 0.342199 0.890277 0.394530
0.821968 0.342394 0.890430 0.394695
0.822054 0.342588 0.890583 0.394859
0.822139 0.342783 0.890737 0.395024
0.822224 0.342977 0.890890 0.395188
0.822310 0.343170 0.891044 0.395352
0.822395 0.343364 0.891197 0.395516
0.822481 0.343558 0.891351 0.395679
0.822567 0.343751 0.891505 0.395842
0.822653 0.343944 0.891658 0.396005
0.822739 0.344137 0.891812 0.396167
0.822825 0.344330 0.891966 0.396329
0.822911 0.344522 0.892120 0.396491
0.822997 0.344715 0.892274 0.396652
0.823084 0.344907 0.892428 0.396814
0.823170 0.345099 0.892582 0.396974
0.823257 0.345290 0.892736 0.397135
0.823343 0.345482 0.892890 0.397295
0.823430 0.345673 0.893044 0.397455
0.823517 0.345864 0.893198 0.397615
0.823604 0.346055 0.893352 0.397774
0.823691 0.346246 0.893506 0.397933
0.823778 0.346437 0.893661 0.398092
0.823866 0.346627 0.893815 0.398251
0.823953 0.346817 0.893969 0.398409
0.824041 0.347007 0.894124 0.398567
0.824128 0.347197 0.894278 0.398724
0.824216 0.347387 0.894433 0.398881
0.824304 0.347576 0.894587 0.399038
0.824392 0.347765 0.894742 0.399195
0.824480 0.347954 0.894896 0.399351
0.824568 0.348143 0.895051 0.399507
0.824656 0.348332 0.895206 0.399663
0.824745 0.348520 0.895360 0.399818
0.824833 0.348708 0.895515 0.399974
0.824922 0.348896 0.895670 0.400128
0.825010 0.349084 0.895825 0.400283
0.825099 0.349272 0.895980 0.400437
0.825188 0.349459 0.896134 0.400591
0.825277 0.349646 0.896289 0.400745
0.825366 0.349833 0.896444 0.400898
0.825455 0.350020 0.896599 0.401051
0.825545 0.350207 0.896755 0.401204
0.825634 0.350393 0.896910 0.401356
0.825724 0.350579 0.897065 0.401508
0.825813 0.350765 0.897220 0.401660
0.825903 0.350951 0.897375 0.401812
0.825993 0.351137 0.897530 0.401963
0.826083 0.351322 0.897686 0.402114
0.826173 0.351507 0.897841 0.402264
0.826263 0.351693 0.897996 0.402415
0.826353 0.351877 0.898152 0.402565
0.826443 0.352062 0.898307 0.402714
0.826534 0.352246 0.898463 0.402864
0.826624 0.352431 0.898618 0.403013
0.826715 0.352615 0.898774 0.403162
0.826806 0.352799 0.898930 0.403310
0.826896 0.352982 0.899085 0.403459
0.826987 0.353166 0.899241 0.403606
0.827078 0.353349 0.899397 0.403754
0.827170 0.353532 0.899552 0.403901
0.827261 0.353715 0.899708 0.404048
0.827352 0.353898 0.899864 0.404195
0.827444 0.354080 0.900020 0.404342
0.827535 0.354262 0.900176 0.404488
0.827627 0.354444 0.900332 0.404634
0.827719 0.354626 0.900488 0.404779
0.827811 0.354808 0.900644 0.404924
0.827903 0.354989 0.900800 0.405069
0.827995 0.355171 0.900956 0.405214
0.828087 0.355352 0.901112 0.405358
0.828179 0.355532 0.901268 0.405502
0.828272 0.355713 0.901424 0.405646
0.828364 0.355894 0.901580 0.405789
0.828457 0.356074 0.901737 0.405933
0.828549 0.356254 0.901893 0.406075
0.828642 0.356434 0.902049 0.406218
0.828735 0.356613 0.902206 0.406360
0.828828 0.356793 0.902362 0.406502
0.828921 0.356972 0.902518 0.406644
0.829014 0.357151 0.902675 0.406785
0.829108 0.357330 0.902831 0.406926
0.829201 0.357509 0.902988 0.407067
0.829295 0.357687 0.903144 0.407207
0.829388 0.357866 0.903301 0.407348
0.829482 0.358044 0.903458 0.407487
0.829576 0.358222 0.903614 0.407627
0.829670 0.358399 0.903771 0.407766
0.829764 0.358577 0.903928 0.407905
0.829858 0.358754 0.904085 0.408044
0.829952 0.358931 0.904241 0.408182
0.830047 0.359108 0.904398 0.408320
0.830141 0.359285 0.904555 0.408458
0.830236 0.359461 0.904712 0.408596
0.830330 0.359637 0.904869 0.408733
0.830425 0.359813 0.905026 0.408870
0.830520 0.359989 0.905183 0.409006
0.830615 0.360165 0.905340 0.409143
0.830710 0.360340 0.905497 0.409279
0.830805 0.360516 0.905654 0.409414
0.830901 0.360691 0.905811 0.409550
0.830996 0.360866 0.905968 0.409685
0.831091 0.361040 0.906125 0.409820
0.831187 0.361215 0.906283 0.409954
0.831283 0.361389 0.906440 0.410089
0.831379 0.361563 0.906597 0.410223
0.831474 0.361737 0.906754 0.410356
0.831570 0.361911 0.906912 0.410490
0.831667 0.362084 0.907069 0.410623
0.831763 0.362257 0.907226 0.410755
0.831859 0.362430 0.907384 0.410888
0.831956 0.362603 0.907541 0.411020
0.832052 0.362776 0.907699 0.411152
0.832149 0.362948 0.907856 0.411283
0.832245 0.363121 0.908014 0.411415
0.832342 0.363293 0.908171 0.411546
0.832439 0.363464 0.908329 0.411676
0.832536 0.363636 0.908487 0.411807
0.832633 0.363808 0.908644 0.411937
0.832731 0.363979 0.908802 0.412067
0.832828 0.364150 0.908960 0.412196
0.832926 0.364321 0.909117 0.412326
0.833023 0.364491 0.909275 0.412455
0.833121 0.364662 0.909433 0.412583
0.833218 0.364832 0.909591 0.412712
0.833316 0.365002 0.909749 0.412840
0.833414 0.365172 0.909907 0.412967
0.833512 0.365342 0.910064 0.413095
0.833611 0.365511 0.910222 0.413222
0.833709 0.365680 0.910380 0.413349
0.833807 0.365849 0.910538 0.413475
0.833906 0.366018 0.910696 0.413602
0.834004 0.366187 0.910854 0.413728
0.834103 0.366355 0.911013 0.413854
0.834202 0.366523 0.911171 0.413979
0.834301 0.366691 0.911329 0.414104
0.834400 0.366859 0.911487 0.414229
0.834499 0.367027 0.911645 0.414353
0.834598 0.367194 0.911803 0.414478
0.834697 0.367361 0.911962 0.414602
0.834797 0.367528 0.912120 0.414725
0.834896 0.367695 0.912278 0.414849
0.834996 0.367862 0.912437 0.414972
0.835096 0.368028 0.912595 0.415095
0.835196 0.368194 0.912753 0.415217
0.835295 0.368360 0.912912 0.415339
0.835395 0.368526 0.913070 0.415461
0.835496 0.368692 0.913229 0.415583
0.835596 0.368857 0.913387 0.415704
0.835696 0.369022 0.913546 0.415825
0.835797 0.369187 0.913704 0.415946
0.835897 0.369352 0.913863 0.416067
0.835998 0.369516 0.914021 0.416187
0.836099 0.369681 0.914180 0.416307
0.836199 0.369845 0.914338 0.416426
0.836300 0.370009 0.914497 0.416545
0.836401 0.370173 0.914656 0.416665
0.836503 0.370336 0.914815 0.416783
0.836604 0.370500 0.914973 0.416902
0.836705 0.370663 0.915132 0.417020
0.836807 0.370826 0.915291 0.417138
0.836908 0.370988 0.915450 0.417255
0.837010 0.371151 0.915608 0.417373
0.837112 0.371313 0.915767 0.417490
0.837214 0.371475 0.915926 0.417606
0.837316 0.371637 0.916085 0.417723
0.837418 0.371799 0.916244 0.417839
0.837520 0.371961 0.916403 0.417955
0.837622 0.372122 0.916562 0.418070
0.837725 0.372283 0.916721 0.418185
0.837827 0.372444 0.916880 0.418300
0.837930 0.372605 0.917039 0.418415
0.838032 0.372765 0.917198 0.418529
0.838135 0.372925 0.917357 0.418644
0.838238 0.373085 0.917516 0.418757
0.838341 0.373245 0.917675 0.418871
0.838444 0.373405 0.917834 0.418984
0.838548 0.373564 0.917994 0.419097
0.838651 0.373724 0.918153 0.419210
0.838754 0.373883 0.918312 0.419322
0.838858 0.374042 0.918471 0.419434
0.838961 0.374200 0.918631 0.419546
0.839065 0.374359 0.918790 0.419657
0.839169 0.374517 0.918949 0.419769
0.839273 0.374675 0.919108 0.419880
0.839377 0.374833 0.919268 0.419990
0.839481 0.374991 0.919427 0.420101
0.839585 0.375148 0.919587 0.420211
0.839690 0.375305 0.919746 0.420321
0.839794 0.375462 0.919905 0.420430
0.839899 0.375619 0.920065 0.420539
0.840003 0.375776 0.920224 0.420648
0.840108 0.375932 0.920384 0.420757
0.840213 0.376088 0.920543 0.420865
0.840318 0.376244 0.920703 0.420973
0.840423 0.376400 0.920862 0.421081
0.840528 0.376556 0.921022 0.421189
0.840633 0.376711 0.921182 0.421296
0.840739 0.376866 0.921341 0.421403
0.840844 0.377021 0.921501 0.421509
0.840950 0.377176 0.921661 0.421616
0.841055 0.377331 0.921820 0.421722
0.841161 0.377485 0.921980 0.421828
0.841267 0.377639 0.922140 0.421933
0.841373 0.377793 0.922299 0.422038
0.841479 0.377947 0.922459 0.422143
0.841585 0.378100 0.922619 0.422248
0.841692 0.378254 0.922779 0.422352
0.841798 0.378407 0.922938 0.422456
0.841904 0.378560 0.923098 0.422560
0.842011 0.378712 0.923258 0.422664
0.842118 0.378865 0.923418 0.422767
0.842224 0.379017 0.923578 0.422870
0.842331 0.379169 0.923738 0.422972
0.842438 0.379321 0.923898 0.423075
0.842545 0.379473 0.924058 0.423177
0.842653 0.379624 0.924218 0.423279
0.842760 0.379776 0.924378 0.423380
0.842867 0.379927 0.924538 0.423482
0.842975 0.380077 0.924698 0.423583
0.843082 0.380228 0.924858 0.423683
0.843190 0.380379 0.925018 0.423784
0.843298 0.380529 0.925178 0.423884
0.843406 0.380679 0.925338 0.423984
0.843514 0.380829 0.925498 0.424083
0.843622 0.380978 0.925658 0.424182
0.843730 0.381128 0.925818 0.424281
0.843838 0.381277 0.925978 0.424380
0.843947 0.381426 0.926138 0.424478
0.844055 0.381575 0.926298 0.424577
0.844164 0.381723 0.926459 0.424674
0.844273 0.381872 0.926619 0.424772
0.844382 0.382020 0.926779 0.424869
0.844490 0.382168 0.926939 0.424966
0.844600 0.382316 0.927100 0.425063
0.844709 0.382463 0.927260 0.425159
0.844818 0.382611 0.927420 0.425256
0.844927 0.382758 0.927580 0.425352
0.845037 0.382905 0.927741 0.425447
0.845146 0.383051 0.927901 0.425542
0.845256 0.383198 0.928061 0.425638
0.845365 0.383344 0.928222 0.425732
0.845475 0.383490 0.928382 0.425827
0.845585 0.383636 0.928543 0.425921
0.845695 0.383782 0.928703 0.426015
0.845805 0.383927 0.928863 0.426109
0.845916 0.384073 0.929024 0.426202
0.846026 0.384218 0.929184 0.426295
0.846136 0.384363 0.929345 0.426388
0.846247 0.384507 0.929505 0.426480
0.846358 0.384652 0.929666 0.426573
0.846468 0.384796 0.929826 0.426665
0.846579 0.384940 0.929987 0.426756
0.846690 0.385084 0.930147 0.426848
0.846801 0.385228 0.930308 0.426939
0.846912 0.385371 0.930468 0.427030
0.847023 0.385514 0.930629 0.427120
0.847135 0.385657 0.930789 0.427210
0.847246 0.385800 0.930950 0.427300
0.847358 0.385943 0.931111 0.427390
0.847469 0.386085 0.931271 0.427480
0.847581 0.386227 0.931432 0.427569
0.847693 0.386369 0.931592 0.427658
0.847805 0.386511 0.931753 0.427746
0.847917 0.386653 0.931914 0.427835
0.848029 0.386794 0.932075 0.427923
0.848141 0.386935 0.932235 0.428011
0.848254 0.387076 0.932396 0.428098
0.848366 0.387217 0.932557 0.428185
0.848479 0.387357 0.932717 0.428272
0.848591 0.387498 0.932878 0.428359
0.848704 0.387638 0.933039 0.428445
0.848817 0.387778 0.933200 0.428531
0.848930 0.387917 0.933360 0.428617
0.849043 0.388057 0.933521 0.428703
0.849156 0.388196 0.933682 0.428788
0.849269 0.388335 0.933843 0.428873
0.849383 0.388474 0.934004 0.428958
0.849496 0.388613 0.934164 0.429042
0.849610 0.388751 0.934325 0.429127
0.849723 0.388889 0.934486 0.429211
0.849837 0.389027 0.934647 0.429294
0.849951 0.389165 0.934808 0.429378
0.850065 0.389303 0.934969 0.429461
0.850179 0.389440 0.935130 0.429543
0.850293 0.389577 0.935291 0.429626
0.850407 0.389714 0.935451 0.429708
0.850521 0.389851 0.935612 0.429790
0.850636 0.389988 0.935773 0.429872
0.850750 0.390124 0.935934 0.429953
0.850865 0.390260 0.936095 0.430035
0.850980 0.390396 0.936256 0.430115
0.851095 0.390532 0.936417 0.430196
0.851210 0.390667 0.936578 0.430276
0.851325 0.390803 0.936739 0.430356
0.851440 0.390938 0.936900 0.430436
0.851555 0.391073 0.937061 0.430516
0.851670 0.391207 0.937222 0.430595
0.851786 0.391342 0.937383 0.430674
0.851901 0.391476 0.937544 0.430753
0.852017 0.391610 0.937705 0.430831
0.852133 0.391744 0.937866 0.430909
0.852248 0.391878 0.938027 0.430987
0.852364 0.392011 0.938188 0.431065
0.852480 0.392144 0.938350 0.431142
0.852596 0.392277 0.938511 0.431219
0.852713 0.392410 0.938672 0.431296
0.852829 0.392543 0.938833 0.431373
0.852945 0.392675 0.938994 0.431449
0.853062 0.392807 0.939155 0.431525
0.853178 0.392939 0.939316 0.431600
0.853295 0.393071 0.939477 0.431676
0.853412 0.393203 0.939638 0.431751
0.853529 0.393334 0.939800 0.431826
0.853646 0.393465 0.939961 0.431901
0.853763 0.393596 0.940122 0.431975
0.853880 0.393727 0.940283 0.432049
0.853997 0.393857 0.940444 0.432123
0.854115 0.393988 0.940605 0.432196
0.854232 0.394118 0.940767 0.432270
0.854350 0.394248 0.940928 0.432343
0.854468 0.394377 0.941089 0.432415
0.854585 0.394507 0.941250 0.432488
0.854703 0.394636 0.941411 0.432560
0.854821 0.394765 0.941573 0.432632
0.854939 0.394894 0.941734 0.432703
0.855058 0.395023 0.941895 0.432775
0.855176 0.395151 0.942056 0.432846
0.855294 0.395279 0.942218 0.432917
0.855413 0.395407 0.942379 0.432987
0.855531 0.395535 0.942540 0.433058
0.855650 0.395663 0.942701 0.433128
0.855769 0.395790 0.942863 0.433197
0.855888 0.395917 0.943024 0.433267
0.856007 0.396044 0.943185 0.433336
0.856126 0.396171 0.943346 0.433405
0.856245 0.396298 0.943508 0.433474
0.856364 0.396424 0.943669 0.433542
0.856483 0.396550 0.943830 0.433610
0.856603 0.396676 0.943992 0.433678
0.856722 0.396802 0.944153 0.433746
0.856842 0.396927 0.944314 0.433813
0.856962 0.397052 0.944476 0.433880
0.857082 0.397177 0.944637 0.433947
0.857202 0.397302 0.944798 0.434013
0.857322 0.397427 0.944959 0.434080
0.857442 0.397551 0.945121 0.434146
0.857562 0.397676 0.945282 0.434211
0.857682 0.397800 0.945443 0.434277
0.857803 0.397923 0.945605 0.434342
0.857923 0.398047 0.945766 0.434407
0.858044 0.398170 0.945927 0.434472
0.858164 0.398294 0.946089 0.434536
0.858285 0.398417 0.946250 0.434600
0.858406 0.398539 0.946412 0.434664
0.858527 0.398662 0.946573 0.434728
0.858648 0.398784 0.946734 0.434791
0.858769 0.398906 0.946896 0.434854
0.858891 0.399028 0.947057 0.434917
0.859012 0.399150 0.947218 0.434979
0.859134 0.399271 0.947380 0.435042
0.859255 0.399393 0.947541 0.435104
0.859377 0.399514 0.947702 0.435165
0.859499 0.399635 0.947864 0.435227
0.859621 0.399755 0.948025 0.435288
0.859743 0.399876 0.948187 0.435349
0.859865 0.399996 0.948348 0.435410
0.859987 0.400116 0.948509 0.435470
0.860109 0.400236 0.948671 0.435530
0.860231 0.400355 0.948832 0.435590
0.860354 0.400475 0.948994 0.435650
0.860476 0.400594 0.949155 0.435709
0.860599 0.400713 0.949316 0.435768
0.860722 0.400832 0.949478 0.435827
0.860845 0.400950 0.949639 0.435886
0.860967 0.401069 0.949800 0.435944
0.861090 0.401187 0.949962 0.436002
0.861214 0.401305 0.950123 0.436060
0.861337 0.401422 0.950285 0.436117
0.861460 0.401540 0.950446 0.436174
0.861583 0.401657 0.950607 0.436231
0.861707 0.401774 0.950769 0.436288
0.861831 0.401891 0.950930 0.436345
0.861954 0.402008 0.951092 0.436401
0.862078 0.402124 0.951253 0.436457
0.862202 0.402240 0.951414 0.436512
0.862326 0.402356 0.951576 0.436568
0.862450 0.402472 0.951737 0.436623
0.862574 0.402588 0.951899 0.436678
0.862698 0.402703 0.952060 0.436733
0.862823 0.402818 0.952221 0.436787
0.862947 0.402933 0.952383 0.436841
0.863072 0.403048 0.952544 0.436895
0.863196 0.403163 0.952706 0.436948
0.863321 0.403277 0.952867 0.437002
0.863446 0.403391 0.953028 0.437055
0.863571 0.403505 0.953190 0.437108
0.863696 0.403619 0.953351 0.437160
0.863821 0.403732 0.953513 0.437212
0.863946 0.403846 0.953674 0.437264
0.864071 0.403959 0.953835 0.437316
0.864197 0.404071 0.953997 0.437368
0.864322 0.404184 0.954158 0.437419
0.864448 0.404296 0.954320 0.437470
0.864574 0.404409 0.954481 0.437521
0.864699 0.404521 0.954642 0.437571
0.864825 0.404633 0.954804 0.437621
0.864951 0.404744 0.954965 0.437671
0.865077 0.404855 0.955126 0.437721
0.865203 0.404967 0.955288 0.437770
0.865330 0.405078 0.955449 0.437819
0.865456 0.405188 0.955611 0.437868
0.865582 0.405299 0.955772 0.437917
0.865709 0.405409 0.955933 0.437965
0.865835 0.405519 0.956095 0.438013
0.865962 0.405629 0.956256 0.438061
0.866089 0.405739 0.956417 0.438109
0.866216 0.405848 0.956579 0.438156
0.866343 0.405958 0.956740 0.438203
0.866470 0.406067 0.956901 0.438250
0.866597 0.406175 0.957063 0.438297
0.866724 0.406284 0.957224 0.438343
0.866852 0.406392 0.957385 0.438389
0.866979 0.406501 0.957547 0.438435
0.867107 0.406609 0.957708 0.438481
0.867234 0.406716 0.957869 0.438526
0.867362 0.406824 0.958031 0.438571
0.867490 0.406931 0.958192 0.438616
0.867618 0.407038 0.958353 0.438660
0.867746 0.407145 0.958515 0.438705
0.867874 0.407252 0.958676 0.438749
0.868002 0.407359 0.958837 0.438792
0.868130 0.407465 0.958998 0.438836
0.868259 0.407571 0.959160 0.438879
0.868387 0.407677 0.959321 0.438922
0.868516 0.407782 0.959482 0.438965
0.868645 0.407888 0.959644 0.439007
0.868773 0.407993 0.959805 0.439049
0.868902 0.408098 0.959966 0.439091
0.869031 0.408203 0.960127 0.439133
0.869160 0.408308 0.960289 0.439175
0.869289 0.408412 0.960450 0.439216
0.869418 0.408516 0.960611 0.439257
0.869548 0.408620 0.960772 0.439297
0.869677 0.408724 0.960934 0.439338
0.869807 0.408827 0.961095 0.439378
0.869936 0.408931 0.961256 0.439418
0.870066 0.409034 0.961417 0.439458
0.870196 0.409137 0.961579 0.439497
0.870325 0.409239 0.961740 0.439536
0.870455 0.409342 0.961901 0.439575
0.870585 0.409444 0.962062 0.439614
0.870716 0.409546 0.962223 0.439652
0.870846 0.409648 0.962384 0.439690
0.870976 0.409750 0.962546 0.439728
0.871107 0.409851 0.962707 0.439766
0.871237 0.409952 0.962868 0.439803
0.871368 0.410053 0.963029 0.439841
0.871498 0.410154 0.963190 0.439877
0.871629 0.410255 0.963351 0.439914
0.871760 0.410355 0.963513 0.439950
0.871891 0.410455 0.963674 0.439987
0.872022 0.410555 0.963835 0.440023
0.872153 0.410655 0.963996 0.440058
0.872284 0.410754 0.964157 0.440094
0.872416 0.410853 0.964318 0.440129
0.872547 0.410952 0.964479 0.440164
0.872678 0.411051 0.964640 0.440198
0.872810 0.411150 0.964801 0.440233
0.872942 0.411248 0.964962 0.440267
0.873073 0.411347 0.965123 0.440301
0.873205 0.411445 0.965285 0.440334
0.873337 0.411542 0.965446 0.440368
0.873469 0.411640 0.965607 0.440401
0.873601 0.411737 0.965768 0.440434
0.873734 0.411835 0.965929 0.440466
0.873866 0.411931 0.966090 0.440499
0.873998 0.412028 0.966251 0.440531
0.874131 0.412125 0.966412 0.440563
0.874263 0.412221 0.966573 0.440594
0.874396 0.412317 0.966734 0.440626
0.874529 0.412413 0.966895 0.440657
0.874662 0.412509 0.967056 0.440688
0.874795 0.412604 0.967216 0.440718
0.874928 0.412699 0.967377 0.440749
0.875061 0.412794 0.967538 0.440779
0.875194 0.412889 0.967699 0.440809
0.875327 0.412984 0.967860 0.440838
0.875461 0.413078 0.968021 0.440868
0.875594 0.413172 0.968182 0.440897
0.875728 0.413266 0.968343 0.440926
0.875861 0.413360 0.968504 0.440954
0.875995 0.413454 0.968665 0.440983
0.876129 0.413547 0.968825 0.441011
0.876263 0.413640 0.968986 0.441039
0.876397 0.413733 0.969147 0.441067
0.876531 0.413826 0.969308 0.441094
0.876665 0.413918 0.969469 0.441121
0.876799 0.414010 0.969630 0.441148
0.876934 0.414102 0.969790 0.441175
0.877068 0.414194 0.969951 0.441201
0.877203 0.414286 0.970112 0.441227
0.877337 0.414377 0.970273 0.441253
0.877472 0.414468 0.970433 0.441279
0.877607 0.414559 0.970594 0.441304
0.877742 0.414650 0.970755 0.441330
0.877877 0.414741 0.970916 0.441354
0.878012 0.414831 0.971076 0.441379
0.878147 0.414921 0.971237 0.441404
0.878282 0.415011 0.971398 0.441428
0.878417 0.415101 0.971558 0.441452
0.878553 0.415190 0.971719 0.441476
0.878688 0.415280 0.971880 0.441499
0.878824 0.415369 0.972040 0.441522
0.878959 0.415457 0.972201 0.441545
0.879095 0.415546 0.972362 0.441568
0.879231 0.415634 0.972522 0.441590
0.879367 0.415723 0.972683 0.441613
0.879503 0.415811 0.972843 0.441635
0.879639 0.415898 0.973004 0.441657
0.879775 0.415986 0.973164 0.441678
0.879912 0.416073 0.973325 0.441699
0.880048 0.416161 0.973486 0.441720
0.880184 0.416247 0.973646 0.441741
0.880321 0.416334 0.973807 0.441762
0.880458 0.416421 0.973967 0.441782
0.880594 0.416507 0.974128 0.441802
0.880731 0.416593 0.974288 0.441822
0.880868 0.416679 0.974448 0.441841
0.881005 0.416764 0.974609 0.441861
0.881142 0.416850 0.974769 0.441880
0.881279 0.416935 0.974930 0.441899
0.881416 0.417020 0.975090 0.441917
0.881554 0.417105 0.975251 0.441936
0.881691 0.417190 0.975411 0.441954
0.881829 0.417274 0.975571 0.441972
0.881966 0.417358 0.975732 0.441989
0.882104 0.417442 0.975892 0.442007
0.882242 0.417526 0.976052 0.442024
0.882380 0.417609 0.976213 0.442041
0.882517 0.417692 0.976373 0.442058
0.882655 0.417776 0.976533 0.442074
0.882794 0.417858 0.976693 0.442090
0.882932 0.417941 0.976854 0.442106
0.883070 0.418023 0.977014 0.442122
0.883208 0.418106 0.977174 0.442137
0.883347 0.418188 0.977334 0.442153
0.883485 0.418270 0.977495 0.442168
0.883624 0.418351 0.977655 0.442182
0.883763 0.418432 0.977815 0.442197
0.883901 0.418514 0.977975 0.442211
0.884040 0.418595 0.978135 0.442225
0.884179 0.418675 0.978295 0.442239
0.884318 0.418756 0.978455 0.442253
0.884457 0.418836 0.978616 0.442266
0.884596 0.418916 0.978776 0.442279
0.884736 0.418996 0.978936 0.442292
0.884875 0.419076 0.979096 0.442304
0.885015 0.419155 0.979256 0.442317
0.885154 0.419234 0.979416 0.442329
0.885294 0.419313 0.979576 0.442341
0.885433 0.419392 0.979736 0.442352
0.885573 0.419471 0.979896 0.442364
0.885713 0.419549 0.980056 0.442375
0.885853 0.419627 0.980216 0.442386
0.885993 0.419705 0.980376 0.442397
0.886133 0.419783 0.980535 0.442407
0.886273 0.419860 0.980695 0.442417
0.886414 0.419938 0.980855 0.442427
0.886554 0.420015 0.981015 0.442437
0.886695 0.420092 0.981175 0.442447
0.886835 0.420168 0.981335 0.442456
0.886976 0.420245 0.981495 0.442465
0.887116 0.420321 0.981654 0.442474
0.887257 0.420397 0.981814 0.442482
0.887398 0.420473 0.981974 0.442491
0.887539 0.420548 0.982134 0.442499
0.887680 0.420624 0.982293 0.442507
0.887821 0.420699 0.982453 0.442514
0.887962 0.420774 0.982613 0.442522
0.888104 0.420849 0.982772 0.442529
0.888245 0.420923 0.982932 0.442536
0.888386 0.420998 0.983092 0.442542
0.888528 0.421072 0.983251 0.442549
0.888670 0.421145 0.983411 0.442555
0.888811 0.421219 0.983571 0.442561
0.888953 0.421293 0.983730 0.442567
0.889095 0.421366 0.983890 0.442572
0.889237 0.421439 0.984049 0.442577
0.889379 0.421512 0.984209 0.442583
0.889521 0.421584 0.984368 0.442587
0.889663 0.421657 0.984528 0.442592
0.889806 0.421729 0.984687 0.442596
0.889948 0.421801 0.984847 0.442600
0.890090 0.421872 0.985006 0.442604
0.890233 0.421944 0.985166 0.442608
0.890375 0.422015 0.985325 0.442611
0.890518 0.422086 0.985484 0.442614
0.890661 0.422157 0.985644 0.442617
0.890804 0.422228 0.985803 0.442620
0.890947 0.422298 0.985962 0.442623
0.891090 0.422369 0.986122 0.442625
0.891233 0.422439 0.986281 0.442627
0.891376 0.422508 0.986440 0.442629
0.891519 0.422578 0.986599 0.442630
0.891662 0.422647 0.986759 0.442631
0.891806 0.422716 0.986918 0.442633
0.891949 0.422785 0.987077 0.442633
0.892093 0.422854 0.987236 0.442634
0.892237 0.422923 0.987395 0.442634
0.892380 0.422991 0.987555 0.442635
0.892524 0.423059 0.987714 0.442635
0.892668 0.423127 0.987873 0.442634
0.892812 0.423195 0.988032 0.442634
0.892956 0.423262 0.988191 0.442633
0.893100 0.423329 0.988350 0.442632
0.893244 0.423396 0.988509 0.442631
0.893389 0.423463 0.988668 0.442629
0.893533 0.423530 0.988827 0.442628
0.893677 0.423596 0.988986 0.442626
0.893822 0.423662 0.989145 0.442624
0.893967 0.423728 0.989304 0.442621
0.894111 0.423794 0.989463 0.442619
0.894256 0.423859 0.989621 0.442616
0.894401 0.423925 0.989780 0.442613
0.894546 0.423990 0.989939 0.442609
0.894691 0.424055 0.990098 0.442606
0.894836 0.424119 0.990257 0.442602
0.894981 0.424184 0.990416 0.442598
0.895126 0.424248 0.990574 0.442594
0.895272 0.424312 0.990733 0.442589
0.895417 0.424376 0.990892 0.442585
0.895563 0.424439 0.991050 0.442580
0.895708 0.424503 0.991209 0.442575
0.895854 0.424566 0.991368 0.442569
0.895999 0.424629 0.991526 0.442564
0.896145 0.424692 0.991685 0.442558
0.896291 0.424754 0.991844 0.442552
0.896437 0.424816 0.992002 0.442546
0.896583 0.424878 0.992161 0.442539
0.896729 0.424940 0.992319 0.442533
0.896875 0.425002 0.992478 0.442526
0.897022 0.425063 0.992636 0.442518
0.897168 0.425125 0.992795 0.442511
0.897314 0.425186 0.992953 0.442503
0.897461 0.425246 0.993111 0.442496
0.897607 0.425307 0.993270 0.442488
0.897754 0.425367 0.993428 0.442479
0.897901 0.425427 0.993587 0.442471
0.898048 0.425487 0.993745 0.442462
0.898194 0.425547 0.993903 0.442453
0.898341 0.425607 0.994061 0.442444
0.898488 0.425666 0.994220 0.442434
0.898635 0.425725 0.994378 0.442425
0.898783 0.425784 0.994536 0.442415
0.898930 0.425843 0.994694 0.442405
0.899077 0.425901 0.994853 0.442394
0.899225 0.425959 0.995011 0.442384
0.899372 0.426017 0.995169 0.442373
0.899520 0.426075 0.995327 0.442362
0.899667 0.426133 0.995485 0.442351
0.899815 0.426190 0.995643 0.442339
0.899963 0.426247 0.995801 0.442328
0.900111 0.426304 0.995959 0.442316
0.900259 0.426361 0.996117 0.442304
0.900407 0.426417 0.996275 0.442291
0.900555 0.426473 0.996433 0.442279
0.900703 0.426530 0.996591 0.442266
0.900851 0.426585 0.996749 0.442253
0.901000 0.426641 0.996907 0.442240
0.901148 0.426696 0.997064 0.442226
0.901296 0.426752 0.997222 0.442213
0.901445 0.426807 0.997380 0.442199
0.901594 0.426861 0.997538 0.442185
0.901742 0.426916 0.997696 0.442170
0.901891 0.426970 0.997853 0.442156
0.902040 0.427024 0.998011 0.442141
0.902189 0.427078 0.998169 0.442126
0.902338 0.427132 0.998326 0.442111
0.902487 0.427186 0.998484 0.442095
0.902636 0.427239 0.998642 0.442080
0.902785 0.427292 0.998799 0.442064
0.902935 0.427345 0.998957 0.442048
0.903084 0.427397 0.999114 0.442031
0.903233 0.427450 0.999272 0.442015
0.903383 0.427502 0.999429 0.441998
0.903532 0.427554 0.999587 0.441981
0.903682 0.427606 0.999744 0.441964
0.903832 0.427657 0.999901 0.441946
0.903982 0.427709 1.000059 0.441929
0.904132 0.427760 1.000216 0.441911
0.904282 0.427811 1.000373 0.441893
0.904432 0.427861 1.000531 0.441874
0.904582 0.427912 1.000688 0.441856
0.904732 0.427962 1.000845 0.441837
0.904882 0.428012 1.001003 0.441818
0.905032 0.428062 1.001160 0.441799
0.905183 0.428112 1.001317 0.441779
0.905333 0.428161 1.001474 0.441760
0.905484 0.428210 1.001631 0.441740
0.905634 0.428259 1.001788 0.441720
0.905785 0.428308 1.001945 0.441700
0.905936 0.428357 1.002102 0.441679
0.906087 0.428405 1.002259 0.441658
0.906238 0.428453 1.002416 0.441637
0.906389 0.428501 1.002573 0.441616
0.906540 0.428549 1.002730 0.441595
0.906691 0.428596 1.002887 0.441573
0.906842 0.428643 1.003044 0.441551
0.906993 0.428690 1.003201 0.441529
0.907145 0.428737 1.003358 0.441507
0.907296 0.428784 1.003515 0.441485
0.907447 0.428830 1.003671 0.441462
0.907599 0.428877 1.003828 0.441439
0.907751 0.428922 1.003985 0.441416
0.907902 0.428968 1.004142 0.441393
0.908054 0.429014 1.004298 0.441369
0.908206 0.429059 1.004455 0.441345
0.908358 0.429104 1.004612 0.441321
0.908510 0.429149 1.004768 0.441297
0.908662 0.429194 1.004925 0.441273
0.908814 0.429238 1.005081 0.441248
0.908966 0.429283 1.005238 0.441223
0.909118 0.429327 1.005394 0.441198
0.909271 0.429370 1.005551 0.441173
0.909423 0.429414 1.005707 0.441147
0.909576 0.429457 1.005864 0.441122
0.909728 0.429501 1.006020 0.441096
0.909881 0.429544 1.006176 0.441070
0.910033 0.429586 1.006333 0.441043
0.910186 0.429629 1.006489 0.441017
0.910339 0.429671 1.006645 0.440990
0.910492 0.429713 1.006801 0.440963
0.910645 0.429755 1.006958 0.440936
0.910798 0.429797 1.007114 0.440908
0.910951 0.429838 1.007270 0.440881
0.911104 0.429880 1.007426 0.440853
0.911257 0.429921 1.007582 0.440825
0.911411 0.429961 1.007738 0.440796
0.911564 0.430002 1.007894 0.440768
0.911718 0.430042 1.008050 0.440739
0.911871 0.430083 1.008206 0.440710
0.912025 0.430123 1.008362 0.440681
0.912178 0.430162 1.008518 0.440652
0.912332 0.430202 1.008674 0.440622
0.912486 0.430241 1.008830 0.440592
0.912640 0.430280 1.008986 0.440562
0.912794 0.430319 1.009142 0.440532
0.912948 0.430358 1.009297 0.440502
0.913102 0.430396 1.009453 0.440471
0.913256 0.430434 1.009609 0.440440
0.913410 0.430473 1.009765 0.440409
0.913564 0.430510 1.009920 0.440378
0.913719 0.430548 1.010076 0.440347
0.913873 0.430585 1.010231 0.440315
0.914027 0.430622 1.010387 0.440283
0.914182 0.430659 1.010543 0.440251
0.914337 0.430696 1.010698 0.440219
0.914491 0.430733 1.010854 0.440186
0.914646 0.430769 1.011009 0.440153
0.914801 0.430805 1.011164 0.440120
0.914956 0.430841 1.011320 0.440087
0.915111 0.430877 1.011475 0.440054
0.915266 0.430912 1.011631 0.440020
0.915421 0.430947 1.011786 0.439987
0.915576 0.430982 1.011941 0.439953
0.915731 0.431017 1.012096 0.439918
0.915886 0.431052 1.012252 0.439884
0.916042 0.431086 1.012407 0.439849
0.916197 0.431120 1.012562 0.439815
0.916353 0.431154 1.012717 0.439780
0.916508 0.431188 1.012872 0.439744
0.916664 0.431221 1.013027 0.439709
0.916819 0.431255 1.013182 0.439673
0.916975 0.431288 1.013337 0.439637
0.917131 0.431321 1.013492 0.439601
0.917287 0.431353 1.013647 0.439565
0.917443 0.431386 1.013802 0.439528
0.917599 0.431418 1.013957 0.439492
0.917755 0.431450 1.014112 0.439455
0.917911 0.431482 1.014267 0.439418
0.918067 0.431513 1.014422 0.439380
0.918223 0.431545 1.014576 0.439343
0.918380 0.431576 1.014731 0.439305
0.918536 0.431607 1.014886 0.439267
0.918693 0.431638 1.015040 0.439229
0.918849 0.431668 1.015195 0.439191
0.919006 0.431698 1.015350 0.439152
0.919162 0.431729 1.015504 0.439113
0.919319 0.431758 1.015659 0.439074
0.919476 0.431788 1.015813 0.439035
0.919633 0.431817 1.015968 0.438996
0.919789 0.431847 1.016122 0.438956
0.919946 0.431876 1.016277 0.438916
0.920103 0.431904 1.016431 0.438876
0.920261 0.431933 1.016585 0.438836
0.920418 0.431961 1.016740 0.438796
0.920575 0.431990 1.016894 0.438755
0.920732 0.432018 1.017048 0.438714
0.920890 0.432045 1.017202 0.438673
0.921047 0.432073 1.017357 0.438632
0.921204 0.432100 1.017511 0.438591
0.921362 0.432127 1.017665 0.438549
0.921520 0.432154 1.017819 0.438507
0.921677 0.432181 1.017973 0.438465
0.921835 0.432207 1.018127 0.438423
0.921993 0.432233 1.018281 0.438380
0.922151 0.432259 1.018435 0.438338
0.922309 0.432285 1.018589 0.438295
0.922467 0.432311 1.018743 0.438252
0.922625 0.432336 1.018897 0.438208
0.922783 0.432361 1.019051 0.438165
0.922941 0.432386 1.019204 0.438121
0.923099 0.432411 1.019358 0.438077
0.923257 0.432435 1.019512 0.438033
0.923416 0.432460 1.019666 0.437989
0.923574 0.432484 1.019819 0.437944
0.923733 0.432508 1.019973 0.437900
0.923891 0.432531 1.020126 0.437855
0.924050 0.432555 1.020280 0.437810
0.924208 0.432578 1.020434 0.437764
0.924367 0.432601 1.020587 0.437719
0.924526 0.432624 1.020741 0.437673
0.924685 0.432646 1.020894 0.437627
0.924844 0.432669 1.021047 0.437581
0.925003 0.432691 1.021201 0.437535
0.925162 0.432713 1.021354 0.437488
0.925321 0.432734 1.021507 0.437442
0.925480 0.432756 1.021661 0.437395
0.925639 0.432777 1.021814 0.437348
0.925798 0.432798 1.021967 0.437300
0.925958 0.432819 1.022120 0.437253
0.926117 0.432840 1.022273 0.437205
0.926276 0.432860 1.022426 0.437157
0.926436 0.432880 1.022579 0.437109
0.926595 0.432900 1.022733 0.437061
0.926755 0.432920 1.022886 0.437012
0.926915 0.432940 1.023038 0.436963
0.927074 0.432959 1.023191 0.436914
0.927234 0.432978 1.023344 0.436865
0.927394 0.432997 1.023497 0.436816
0.927554 0.433016 1.023650 0.436766
0.927714 0.433034 1.023803 0.436717
0.927874 0.433053 1.023955 0.436667
0.928034 0.433071 1.024108 0.436617
0.928194 0.433089 1.024261 0.436566
0.928354 0.433106 1.024414 0.436516
0.928515 0.433124 1.024566 0.436465
0.928675 0.433141 1.024719 0.436414
0.928835 0.433158 1.024871 0.436363
0.928996 0.433175 1.025024 0.436312
0.929156 0.433191 1.025176 0.436260
0.929317 0.433208 1.025329 0.436209
0.929478 0.433224 1.025481 0.436157
0.929638 0.433240 1.025633 0.436105
0.929799 0.433255 1.025786 0.436052
0.929960 0.433271 1.025938 0.436000
0.930121 0.433286 1.026090 0.435947
0.930282 0.433301 1.026243 0.435894
0.930442 0.433316 1.026395 0.435841
0.930604 0.433331 1.026547 0.435788
0.930765 0.433345 1.026699 0.435734
0.930926 0.433359 1.026851 0.435681
0.931087 0.433373 1.027003 0.435627
0.931248 0.433387 1.027155 0.435573
0.931409 0.433401 1.027307 0.435518
0.931571 0.433414 1.027459 0.435464
0.931732 0.433427 1.027611 0.435409
0.931894 0.433440 1.027763 0.435354
0.932055 0.433453 1.027915 0.435299
0.932217 0.433465 1.028066 0.435244
0.932378 0.433478 1.028218 0.435189
0.932540 0.433490 1.028370 0.435133
0.932702 0.433502 1.028522 0.435077
0.932864 0.433513 1.028673 0.435021
0.933026 0.433525 1.028825 0.434965
0.933187 0.433536 1.028976 0.434909
0.933349 0.433547 1.029128 0.434852
0.933511 0.433558 1.029279 0.434795
0.933674 0.433568 1.029431 0.434738
0.933836 0.433579 1.029582 0.434681
0.933998 0.433589 1.029734 0.434624
0.934160 0.433599 1.029885 0.434566
0.934322 0.433609 1.030036 0.434508
0.934485 0.433618 1.030188 0.434450
0.934647 0.433627 1.030339 0.434392
0.934810 0.433636 1.030490 0.434334
0.934972 0.433645 1.030641 0.434275
0.935135 0.433654 1.030792 0.434216
0.935297 0.433662 1.030943 0.434158
0.935460 0.433671 1.031094 0.434098
0.935623 0.433679 1.031246 0.434039
0.935786 0.433687 1.031396 0.433980
0.935948 0.433694 1.031547 0.433920
0.936111 0.433701 1.031698 0.433860
0.936274 0.433709 1.031849 0.433800
0.936437 0.433716 1.032000 0.433740
0.936600 0.433722 1.032151 0.433679
0.936763 0.433729 1.032302 0.433618
0.936927 0.433735 1.032452 0.433558
0.937090 0.433741 1.032603 0.433497
0.937253 0.433747 1.032754 0.433435
0.937416 0.433753 1.032904 0.433374
0.937580 0.433758 1.033055 0.433312
0.937743 0.433763 1.033205 0.433250
0.937907 0.433768 1.033356 0.433188
0.938070 0.433773 1.033506 0.433126
0.938234 0.433778 1.033657 0.433064
0.938397 0.433782 1.033807 0.433001
0.938561 0.433786 1.033957 0.432939
0.938725 0.433790 1.034108 0.432876
0.938889 0.433794 1.034258 0.432812
0.939053 0.433798 1.034408 0.432749
0.939216 0.433801 1.034558 0.432686
0.939380 0.433804 1.034708 0.432622
0.939544 0.433807 1.034859 0.432558
0.939708 0.433810 1.035009 0.432494
0.939873 0.433812 1.035159 0.432430
0.940037 0.433814 1.035309 0.432365
0.940201 0.433816 1.035459 0.432300
0.940365 0.433818 1.035608 0.432236
0.940529 0.433820 1.035758 0.432171
0.940694 0.433821 1.035908 0.432105
0.940858 0.433822 1.036058 0.432040
0.941023 0.433823 1.036208 0.431974
0.941187 0.433824 1.036357 0.431908
0.941352 0.433825 1.036507 0.431843
0.941516 0.433825 1.036657 0.431776
0.941681 0.433825 1.036806 0.431710
0.941846 0.433825 1.036956 0.431643
0.942010 0.433825 1.037105 0.431577
0.942175 0.433824 1.037255 0.431510
0.942340 0.433824 1.037404 0.431443
0.942505 0.433823 1.037554 0.431375
0.942670 0.433821 1.037703 0.431308
0.942835 0.433820 1.037852 0.431240
0.943000 0.433818 1.038002 0.431172
0.943165 0.433817 1.038151 0.431104
0.943330 0.433815 1.038300 0.431036
0.943495 0.433812 1.038449 0.430968
0.943661 0.433810 1.038598 0.430899
0.943826 0.433807 1.038747 0.430830
0.943991 0.433804 1.038896 0.430761
0.944157 0.433801 1.039045 0.430692
0.944322 0.433798 1.039194 0.430623
0.944488 0.433795 1.039343 0.430553
0.944653 0.433791 1.039492 0.430484
0.944819 0.433787 1.039641 0.430414
0.944984 0.433783 1.039790 0.430344
0.945150 0.433778 1.039939 0.430273
0.945316 0.433774 1.040087 0.430203
0.945481 0.433769 1.040236 0.430132
0.945647 0.433764 1.040385 0.430061
0.945813 0.433759 1.040533 0.429990
0.945979 0.433753 1.040682 0.429919
0.946145 0.433748 1.040830 0.429848
0.946311 0.433742 1.040979 0.429776
0.946477 0.433736 1.041127 0.429705
0.946643 0.433730 1.041276 0.429633
0.946809 0.433723 1.041424 0.429561
0.946976 0.433716 1.041572 0.429488
0.947142 0.433710 1.041720 0.429416
0.947308 0.433702 1.041869 0.429343
0.947474 0.433695 1.042017 0.429270
0.947641 0.433688 1.042165 0.429197
0.947807 0.433680 1.042313 0.429124
0.947974 0.433672 1.042461 0.429051
0.948140 0.433664 1.042609 0.428977
0.948307 0.433655 1.042757 0.428903
0.948473 0.433647 1.042905 0.428829
0.948640 0.433638 1.043053 0.428755
0.948807 0.433629 1.043201 0.428681
0.948973 0.433620 1.043349 0.428606
0.949140 0.433610 1.043496 0.428532
0.949307 0.433600 1.043644 0.428457
0.949474 0.433590 1.043792 0.428382
0.949641 0.433580 1.043939 0.428307
0.949808 0.433570 1.044087 0.428231
0.949975 0.433560 1.044235 0.428156
0.950142 0.433549 1.044382 0.428080
0.950309 0.433538 1.044530 0.428004
0.950476 0.433527 1.044677 0.427928
0.950643 0.433515 1.044824 0.427852
0.950810 0.433504 1.044972 0.427775
0.950978 0.433492 1.045119 0.427698
0.951145 0.433480 1.045266 0.427622
0.951312 0.433468 1.045414 0.427545
0.951480 0.433455 1.045561 0.427467
0.951647 0.433443 1.045708 0.427390
0.951815 0.433430 1.045855 0.427312
0.951982 0.433417 1.046002 0.427235
0.952150 0.433403 1.046149 0.427157
0.952317 0.433390 1.046296 0.427079
0.952485 0.433376 1.046443 0.427000
0.952653 0.433362 1.046590 0.426922
0.952820 0.433348 1.046737 0.426843
0.952988 0.433334 1.046883 0.426764
0.953156 0.433319 1.047030 0.426685
0.953324 0.433305 1.047177 0.426606
0.953492 0.433290 1.047324 0.426527
0.953660 0.433274 1.047470 0.426447
0.953828 0.433259 1.047617 0.426368
0.953996 0.433243 1.047763 0.426288
0.954164 0.433228 1.047910 0.426208
0.954332 0.433212 1.048056 0.426127
0.954500 0.433195 1.048203 0.426047
0.954668 0.433179 1.048349 0.425966
0.954837 0.433162 1.048495 0.425886
0.955005 0.433145 1.048642 0.425805
0.955173 0.433128 1.048788 0.425723
0.955342 0.433111 1.048934 0.425642
0.955510 0.433093 1.049080 0.425561
0.955678 0.433076 1.049226 0.425479
0.955847 0.433058 1.049372 0.425397
0.956015 0.433040 1.049518 0.425315
0.956184 0.433021 1.049664 0.425233
0.956353 0.433003 1.049810 0.425151
0.956521 0.432984 1.049956 0.425068
0.956690 0.432965 1.050102 0.424985
0.956859 0.432946 1.050248 0.424902
0.957027 0.432926 1.050394 0.424819
0.957196 0.432907 1.050539 0.424736
0.957365 0.432887 1.050685 0.424653
0.957534 0.432867 1.050831 0.424569
0.957703 0.432846 1.050976 0.424485
0.957872 0.432826 1.051122 0.424401
0.958041 0.432805 1.051267 0.424317
0.958210 0.432784 1.051413 0.424233
0.958379 0.432763 1.051558 0.424148
0.958548 0.432742 1.051703 0.424064
0.958717 0.432720 1.051849 0.423979
0.958886 0.432699 1.051994 0.423894
0.959056 0.432677 1.052139 0.423809
0.959225 0.432654 1.052284 0.423723
0.959394 0.432632 1.052430 0.423638
0.959564 0.432609 1.052575 0.423552
0.959733 0.432587 1.052720 0.423466
0.959902 0.432564 1.052865 0.423380
0.960072 0.432540 1.053010 0.423294
0.960241 0.432517 1.053155 0.423208
0.960411 0.432493 1.053299 0.423121
0.960580 0.432469 1.053444 0.423034
0.960750 0.432445 1.053589 0.422947
0.960920 0.432421 1.053734 0.422860
0.961089 0.432397 1.053878 0.422773
0.961259 0.432372 1.054023 0.422685
0.961429 0.432347 1.054168 0.422598
0.961599 0.432322 1.054312 0.422510
0.961768 0.432297 1.054457 0.422422
0.961938 0.432271 1.054601 0.422334
0.962108 0.432245 1.054746 0.422246
0.962278 0.432219 1.054890 0.422157
0.962448 0.432193 1.055034 0.422069
0.962618 0.432167 1.055179 0.421980
0.962788 0.432140 1.055323 0.421891
0.962958 0.432113 1.055467 0.421802
0.963128 0.432086 1.055611 0.421712
0.963299 0.432059 1.055755 0.421623
0.963469 0.432032 1.055899 0.421533
0.963639 0.432004 1.056043 0.421443
0.963809 0.431976 1.056187 0.421353
0.963979 0.431948 1.056331 0.421263
0.964150 0.431920 1.056475 0.421173
0.964320 0.431891 1.056619 0.421082
0.964491 0.431863 1.056763 0.420991
0.964661 0.431834 1.056906 0.420901
0.964831 0.431804 1.057050 0.420810
0.965002 0.431775 1.057194 0.420718
0.965172 0.431746 1.057337 0.420627
0.965343 0.431716 1.057481 0.420535
0.965514 0.431686 1.057624 0.420444
0.965684 0.431656 1.057768 0.420352
0.965855 0.431625 1.057911 0.420260
0.966026 0.431595 1.058055 0.420168
0.966196 0.431564 1.058198 0.420075
0.966367 0.431533 1.058341 0.419983
0.966538 0.431502 1.058484 0.419890
0.966709 0.431470 1.058628 0.419797
0.966880 0.431439 1.058771 0.419704
0.967050 0.431407 1.058914 0.419611
0.967221 0.431375 1.059057 0.419517
0.967392 0.431342 1.059200 0.419424
0.967563 0.431310 1.059343 0.419330
0.967734 0.431277 1.059486 0.419236
0.967905 0.431244 1.059628 0.419142
0.968077 0.431211 1.059771 0.419048
0.968248 0.431178 1.059914 0.418953
0.968419 0.431144 1.060057 0.418859
0.968590 0.431110 1.060199 0.418764
0.968761 0.431077 1.060342 0.418669
0.968932 0.431042 1.060485 0.418574
0.969104 0.431008 1.060627 0.418479
0.969275 0.430973 1.060770 0.418383
0.969446 0.430939 1.060912 0.418288
0.969618 0.430904 1.061054 0.418192
0.969789 0.430868 1.061197 0.418096
0.969961 0.430833 1.061339 0.418000
0.970132 0.430797 1.061481 0.417904
0.970304 0.430761 1.061623 0.417807
0.970475 0.430725 1.061766 0.417711
0.970647 0.430689 1.061908 0.417614
0.970818 0.430653 1.062050 0.417517
0.970990 0.430616 1.062192 0.417420
0.971161 0.430579 1.062334 0.417323
0.971333 0.430542 1.062476 0.417225
0.971505 0.430505 1.062617 0.417128
0.971677 0.430467 1.062759 0.417030
0.971848 0.430429 1.062901 0.416932
0.972020 0.430391 1.063043 0.416834
0.972192 0.430353 1.063184 0.416736
0.972364 0.430315 1.063326 0.416637
0.972536 0.430276 1.063468 0.416539
0.972708 0.430238 1.063609 0.416440
0.972879 0.430199 1.063751 0.416341
0.973051 0.430159 1.063892 0.416242
0.973223 0.430120 1.064033 0.416143
0.973395 0.430080 1.064175 0.416043
0.973568 0.430041 1.064316 0.415944
0.973740 0.430001 1.064457 0.415844
0.973912 0.429960 1.064598 0.415744
0.974084 0.429920 1.064740 0.415644
0.974256 0.429879 1.064881 0.415544
0.974428 0.429838 1.065022 0.415444
0.974600 0.429797 1.065163 0.415343
0.974773 0.429756 1.065304 0.415242
0.974945 0.429714 1.065445 0.415141
0.975117 0.429673 1.065585 0.415040
0.975290 0.429631 1.065726 0.414939
0.975462 0.429589 1.065867 0.414838
0.975634 0.429546 1.066008 0.414736
0.975807 0.429504 1.066148 0.414635
0.975979 0.429461 1.066289 0.414533
0.976152 0.429418 1.066429 0.414431
0.976324 0.429375 1.066570 0.414329
0.976497 0.429332 1.066710 0.414226
0.976669 0.429288 1.066851 0.414124
0.976842 0.429244 1.066991 0.414021
0.977014 0.429200 1.067132 0.413918
0.977187 0.429156 1.067272 0.413815
0.977359 0.429112 1.067412 0.413712
0.977532 0.429067 1.067552 0.413609
0.977705 0.429022 1.067692 0.413506
0.977878 0.428977 1.067832 0.413402
0.978050 0.428932 1.067972 0.413298
0.978223 0.428886 1.068112 0.413194
0.978396 0.428841 1.068252 0.413090
0.978569 0.428795 1.068392 0.412986
0.978742 0.428749 1.068532 0.412882
0.978914 0.428703 1.068672 0.412777
0.979087 0.428656 1.068811 0.412672
0.979260 0.428609 1.068951 0.412567
0.979433 0.428562 1.069091 0.412462
0.979606 0.428515 1.069230 0.412357
0.979779 0.428468 1.069370 0.412252
0.979952 0.428420 1.069509 0.412146
0.980125 0.428373 1.069649 0.412040
0.980298 0.428325 1.069788 0.411935
0.980471 0.428277 1.069927 0.411829
0.980644 0.428228 1.070067 0.411722
0.980817 0.428180 1.070206 0.411616
0.980991 0.428131 1.070345 0.411510
0.981164 0.428082 1.070484 0.411403
0.981337 0.428033 1.070623 0.411296
0.981510 0.427983 1.070762 0.411189
0.981683 0.427934 1.070901 0.411082
0.981857 0.427884 1.071040 0.410975
0.982030 0.427834 1.071179 0.410867
0.982203 0.427784 1.071318 0.410760
0.982377 0.427733 1.071457 0.410652
0.982550 0.427682 1.071595 0.410544
0.982723 0.427632 1.071734 0.410436
0.982897 0.427581 1.071873 0.410328
0.983070 0.427529 1.072011 0.410219
0.983244 0.427478 1.072150 0.410111
0.983417 0.427426 1.072288 0.410002
0.983591 0.427374 1.072427 0.409893
0.983764 0.427322 1.072565 0.409784
0.983938 0.427270 1.072703 0.409675
0.984111 0.427217 1.072842 0.409566
0.984285 0.427165 1.072980 0.409456
0.984458 0.427112 1.073118 0.409347
0.984632 0.427059 1.073256 0.409237
0.984805 0.427005 1.073394 0.409127
0.984979 0.426952 1.073532 0.409017
0.985153 0.426898 1.073670 0.408906
0.985326 0.426844 1.073808 0.408796
0.985500 0.426790 1.073946 0.408685
0.985674 0.426735 1.074084 0.408575
0.985848 0.426681 1.074222 0.408464
0.986021 0.426626 1.074359 0.408353
0.986195 0.426571 1.074497 0.408242
0.986369 0.426516 1.074635 0.408130
0.986543 0.426460 1.074772 0.408019
0.986717 0.426405 1.074910 0.407907
0.986891 0.426349 1.075047 0.407795
0.987064 0.426293 1.075185 0.407683
0.987238 0.426237 1.075322 0.407571
0.987412 0.426180 1.075459 0.407459
0.987586 0.426124 1.075596 0.407346
0.987760 0.426067 1.075734 0.407234
0.987934 0.426010 1.075871 0.407121
0.988108 0.425952 1.076008 0.407008
0.988282 0.425895 1.076145 0.406895
0.988456 0.425837 1.076282 0.406782
0.988630 0.425779 1.076419 0.406668
0.988804 0.425721 1.076556 0.406555
0.988978 0.425663 1.076693 0.406441
0.989152 0.425604 1.076829 0.406327
0.989326 0.425546 1.076966 0.406213
0.989501 0.425487 1.077103 0.406099
0.989675 0.425428 1.077239 0.405985
0.989849 0.425368 1.077376 0.405871
0.990023 0.425309 1.077513 0.405756
0.990197 0.425249 1.077649 0.405641
0.990371 0.425189 1.077785 0.405526
0.990546 0.425129 1.077922 0.405411
0.990720 0.425069 1.078058 0.405296
0.990894 0.425008 1.078194 0.405181
0.991069 0.424947 1.078331 0.405065
0.991243 0.424886 1.078467 0.404950
0.991417 0.424825 1.078603 0.404834
0.991591 0.424764 1.078739 0.404718
0.991766 0.424702 1.078875 0.404602
0.991940 0.424640 1.079011 0.404486
0.992114 0.424578 1.079147 0.404369
0.992289 0.424516 1.079283 0.404253
0.992463 0.424454 1.079418 0.404136
0.992638 0.424391 1.079554 0.404019
0.992812 0.424328 1.079690 0.403902
0.992987 0.424265 1.079826 0.403785
0.993161 0.424202 1.079961 0.403667
0.993336 0.424138 1.080097 0.403550
0.993510 0.424075 1.080232 0.403432
0.993684 0.424011 1.080368 0.403315
0.993859 0.423947 1.080503 0.403197
0.994034 0.423883 1.080638 0.403079
0.994208 0.423818 1.080774 0.402960
0.994383 0.423754 1.080909 0.402842
0.994557 0.423689 1.081044 0.402724
0.994732 0.423624 1.081179 0.402605
0.994906 0.423558 1.081314 0.402486
0.995081 0.423493 1.081449 0.402367
0.995256 0.423427 1.081584 0.402248
0.995430 0.423361 1.081719 0.402129
0.995605 0.423295 1.081854 0.402009
0.995780 0.423229 1.081989 0.401890
0.995954 0.423162 1.082123 0.401770
0.996129 0.423096 1.082258 0.401650
0.996304 0.423029 1.082393 0.401530
0.996478 0.422961 1.082527 0.401410
0.996653 0.422894 1.082662 0.401290
0.996828 0.422827 1.082796 0.401169
0.997003 0.422759 1.082931 0.401049
0.997177 0.422691 1.083065 0.400928
0.997352 0.422623 1.083199 0.400807
0.997527 0.422554 1.083334 0.400686
0.997702 0.422486 1.083468 0.400565
0.997876 0.422417 1.083602 0.400443
0.998051 0.422348 1.083736 0.400322
0.998226 0.422279 1.083870 0.400200
0.998401 0.422210 1.084004 0.400079
0.998576 0.422140 1.084138 0.399957
0.998751 0.422070 1.084272 0.399835
0.998925 0.422000 1.084406 0.399712
0.999100 0.421930 1.084540 0.399590
0.999275 0.421860 1.084673 0.399467
0.999450 0.421789 1.084807 0.399345
0.999625 0.421718 1.084941 0.399222
0.999800 0.421647 1.085074 0.399099
0.999975 0.421576 1.085208 0.398976
1.000150 0.421505 1.085341 0.398853
1.000325 0.421433 1.085475 0.398729
1.000500 0.421361 1.085608 0.398606
1.000675 0.421289 1.085741 0.398482
1.000850 0.421217 1.085875 0.398358
1.001025 0.421144 1.086008 0.398234
1.001200 0.421072 1.086141 0.398110
1.001375 0.420999 1.086274 0.397986
1.001550 0.420926 1.086407 0.397861
1.001725 0.420853 1.086540 0.397737
1.001900 0.420779 1.086673 0.397612
1.002075 0.420706 1.086806 0.397487
1.002250 0.420632 1.086939 0.397362
1.002425 0.420558 1.087071 0.397237
1.002600 0.420483 1.087204 0.397112
1.002775 0.420409 1.087337 0.396986
1.002950 0.420334 1.087469 0.396861
1.003125 0.420259 1.087602 0.396735
1.003300 0.420184 1.087734 0.396609
1.003475 0.420109 1.087867 0.396483
1.003650 0.420034 1.087999 0.396357
1.003826 0.419958 1.088132 0.396231
1.004001 0.419882 1.088264 0.396104
1.004176 0.419806 1.088396 0.395978
1.004351 0.419730 1.088528 0.395851
1.004526 0.419653 1.088660 0.395724
1.004701 0.419576 1.088792 0.395597
1.004876 0.419500 1.088924 0.395470
1.005051 0.419422 1.089056 0.395343
1.005227 0.419345 1.089188 0.395215
1.005402 0.419268 1.089320 0.395088
1.005577 0.419190 1.089452 0.394960
1.005752 0.419112 1.089583 0.394832
1.005927 0.419034 1.089715 0.394704
1.006102 0.418956 1.089847 0.394576
1.006278 0.418877 1.089978 0.394448
1.006453 0.418798 1.090110 0.394319
1.006628 0.418719 1.090241 0.394191
1.006803 0.418640 1.090373 0.394062
1.006979 0.418561 1.090504 0.393933
1.007154 0.418481 1.090635 0.393804
1.007329 0.418402 1.090767 0.393675
1.007504 0.418322 1.090898 0.393546
1.007679 0.418242 1.091029 0.393416
1.007855 0.418161 1.091160 0.393287
1.008030 0.418081 1.091291 0.393157
1.008205 0.418000 1.091422 0.393027
1.008380 0.417919 1.091553 0.392897
1.008556 0.417838 1.091684 0.392767
1.008731 0.417757 1.091814 0.392637
1.008906 0.417675 1.091945 0.392507
1.009081 0.417593 1.092076 0.392376
1.009257 0.417511 1.092206 0.392245
1.009432 0.417429 1.092337 0.392114
1.009607 0.417347 1.092467 0.391984
1.009782 0.417264 1.092598 0.391852
1.009958 0.417182 1.092728 0.391721
1.010133 0.417099 1.092859 0.391590
1.010308 0.417015 1.092989 0.391458
1.010484 0.416932 1.093119 0.391327
1.010659 0.416849 1.093249 0.391195
1.010834 0.416765 1.093379 0.391063
1.011009 0.416681 1.093509 0.390931
1.011185 0.416597 1.093639 0.390799
1.011360 0.416512 1.093769 0.390666
1.011535 0.416428 1.093899 0.390534
1.011711 0.416343 1.094029 0.390401
1.011886 0.416258 1.094159 0.390268
1.012061 0.416173 1.094289 0.390135
1.012236 0.416087 1.094418 0.390002
1.012412 0.416002 1.094548 0.389869
1.012587 0.415916 1.094677 0.389736
1.012762 0.415830 1.094807 0.389602
1.012938 0.415744 1.094936 0.389469
1.013113 0.415658 1.095066 0.389335
1.013288 0.415571 1.095195 0.389201
1.013464 0.415484 1.095324 0.389067
1.013639 0.415397 1.095454 0.388933
1.013814 0.415310 1.095583 0.388799
1.013989 0.415223 1.095712 0.388664
1.014165 0.415135 1.095841 0.388530
1.014340 0.415047 1.095970 0.388395
1.014515 0.414959 1.096099 0.388260
1.014691 0.414871 1.096228 0.388125
1.014866 0.414783 1.096357 0.387990
1.015041 0.414694 1.096485 0.387855
1.015216 0.414606 1.096614 0.387719
1.015392 0.414517 1.096743 0.387584
1.015567 0.414427 1.096871 0.387448
1.015742 0.414338 1.097000 0.387312
1.015918 0.414248 1.097128 0.387176
1.016093 0.414159 1.097257 0.387040
1.016268 0.414069 1.097385 0.386904
1.016443 0.413979 1.097513 0.386768
1.016619 0.413888 1.097642 0.386631
1.016794 0.413798 1.097770 0.386495
1.016969 0.413707 1.097898 0.386358
1.017145 0.413616 1.098026 0.386221
1.017320 0.413525 1.098154 0.386084
1.017495 0.413433 1.098282 0.385947
1.017670 0.413342 1.098410 0.385809
1.017846 0.413250 1.098538 0.385672
1.018021 0.413158 1.098666 0.385535
1.018196 0.413066 1.098793 0.385397
1.018371 0.412974 1.098921 0.385259
1.018547 0.412881 1.099049 0.385121
1.018722 0.412788 1.099176 0.384983
1.018897 0.412695 1.099304 0.384845
1.019072 0.412602 1.099431 0.384706
1.019248 0.412509 1.099559 0.384568
1.019423 0.412415 1.099686 0.384429
1.019598 0.412321 1.099813 0.384290
1.019773 0.412228 1.099940 0.384151
1.019948 0.412133 1.100068 0.384012
1.020124 0.412039 1.100195 0.383873
1.020299 0.411945 1.100322 0.383734
1.020474 0.411850 1.100449 0.383595
1.020649 0.411755 1.100576 0.383455
1.020824 0.411660 1.100703 0.383315
1.021000 0.411564 1.100829 0.383175
1.021175 0.411469 1.100956 0.383035
1.021350 0.411373 1.101083 0.382895
1.021525 0.411277 1.101210 0.382755
1.021700 0.411181 1.101336 0.382615
1.021875 0.411085 1.101463 0.382474
1.022051 0.410988 1.101589 0.382334
1.022226 0.410891 1.101716 0.382193
1.022401 0.410794 1.101842 0.382052
1.022576 0.410697 1.101968 0.381911
1.022751 0.410600 1.102094 0.381770
1.022926 0.410503 1.102221 0.381628
1.023101 0.410405 1.102347 0.381487
1.023276 0.410307 1.102473 0.381345
1.023452 0.410209 1.102599 0.381204
1.023627 0.410110 1.102725 0.381062
1.023802 0.410012 1.102851 0.380920
1.023977 0.409913 1.102977 0.380778
1.024152 0.409814 1.103102 0.380636
1.024327 0.409715 1.103228 0.380493
1.024502 0.409616 1.103354 0.380351
1.024677 0.409517 1.103479 0.380208
1.024852 0.409417 1.103605 0.380066
1.025027 0.409317 1.103730 0.379923
1.025202 0.409217 1.103856 0.379780
1.025377 0.409117 1.103981 0.379637
1.025552 0.409016 1.104107 0.379493
1.025727 0.408915 1.104232 0.379350
1.025902 0.408815 1.104357 0.379206
1.026077 0.408713 1.104482 0.379063
1.026252 0.408612 1.104607 0.378919
1.026427 0.408511 1.104732 0.378775
1.026602 0.408409 1.104857 0.378631
1.026777 0.408307 1.104982 0.378487
1.026952 0.408205 1.105107 0.378343
1.027127 0.408103 1.105232 0.378198
1.027302 0.408001 1.105356 0.378054
1.027476 0.407898 1.105481 0.377909
1.027651 0.407795 1.105606 0.377764
1.027826 0.407692 1.105730 0.377619
1.028001 0.407589 1.105855 0.377474
1.028176 0.407485 1.105979 0.377329
1.028351 0.407382 1.106104 0.377184
1.028526 0.407278 1.106228 0.377038
1.028700 0.407174 1.106352 0.376892
1.028875 0.407070 1.106476 0.376747
1.029050 0.406965 1.106601 0.376601
1.029225 0.406861 1.106725 0.376455
1.029400 0.406756 1.106849 0.376309
1.029574 0.406651 1.106973 0.376163
1.029749 0.406546 1.107097 0.376016
1.029924 0.406440 1.107220 0.375870
1.030099 0.406335 1.107344 0.375723
1.030273 0.406229 1.107468 0.375576
1.030448 0.406123 1.107592 0.375430
1.030623 0.406017 1.107715 0.375283
1.030797 0.405911 1.107839 0.375135
1.030972 0.405804 1.107962 0.374988
1.031147 0.405697 1.108086 0.374841
1.031321 0.405590 1.108209 0.374693
1.031496 0.405483 1.108332 0.374546
1.031671 0.405376 1.108456 0.374398
1.031845 0.405268 1.108579 0.374250
1.032020 0.405161 1.108702 0.374102
1.032194 0.405053 1.108825 0.373954
1.032369 0.404945 1.108948 0.373806
1.032544 0.404836 1.109071 0.373657
1.032718 0.404728 1.109194 0.373509
1.032893 0.404619 1.109317 0.373360
1.033067 0.404510 1.109440 0.373211
1.033242 0.404401 1.109562 0.373063
1.033416 0.404292 1.109685 0.372914
1.033591 0.404182 1.109808 0.372764
1.033765 0.404073 1.109930 0.372615
1.033939 0.403963 1.110053 0.372466
1.034114 0.403853 1.110175 0.372316
1.034288 0.403742 1.110297 0.372167
1.034463 0.403632 1.110420 0.372017
1.034637 0.403521 1.110542 0.371867
1.034811 0.403411 1.110664 0.371717
1.034986 0.403299 1.110786 0.371567
1.035160 0.403188 1.110908 0.371416
1.035334 0.403077 1.111030 0.371266
1.035509 0.402965 1.111152 0.371116
1.035683 0.402853 1.111274 0.370965
1.035857 0.402741 1.111396 0.370814
1.036031 0.402629 1.111518 0.370663
1.036206 0.402517 1.111639 0.370512
1.036380 0.402404 1.111761 0.370361
1.036554 0.402291 1.111883 0.370210
1.036728 0.402179 1.112004 0.370059
1.036902 0.402065 1.112126 0.369907
1.037077 0.401952 1.112247 0.369755
1.037251 0.401838 1.112368 0.369604
1.037425 0.401725 1.112490 0.369452
1.037599 0.401611 1.112611 0.369300
1.037773 0.401497 1.112732 0.369148
1.037947 0.401382 1.112853 0.368995
1.038121 0.401268 1.112974 0.368843
1.038295 0.401153 1.113095 0.368691
1.038469 0.401038 1.113216 0.368538
1.038643 0.400923 1.113337 0.368385
1.038817 0.400808 1.113458 0.368232
1.038991 0.400692 1.113578 0.368079
1.039165 0.400577 1.113699 0.367926
1.039339 0.400461 1.113820 0.367773
1.039513 0.400345 1.113940 0.367620
1.039687 0.400229 1.114061 0.367466
1.039861 0.400112 1.114181 0.367313
1.040035 0.399995 1.114302 0.367159
1.040208 0.399879 1.114422 0.367005
1.040382 0.399762 1.114542 0.366851
1.040556 0.399644 1.114662 0.366697
1.040730 0.399527 1.114783 0.366543
1.040903 0.399409 1.114903 0.366389
1.041077 0.399292 1.115023 0.366234
1.041251 0.399174 1.115143 0.366080
1.041425 0.399056 1.115263 0.365925
1.041598 0.398937 1.115382 0.365770
1.041772 0.398819 1.115502 0.365615
1.041946 0.398700 1.115622 0.365460
1.042119 0.398581 1.115742 0.365305
1.042293 0.398462 1.115861 0.365150
1.042466 0.398343 1.115981 0.364994
1.042640 0.398223 1.116100 0.364839
1.042813 0.398103 1.116220 0.364683
1.042987 0.397983 1.116339 0.364527
1.043160 0.397863 1.116458 0.364371
1.043334 0.397743 1.116577 0.364215
1.043507 0.397623 1.116697 0.364059
1.043681 0.397502 1.116816 0.363903
1.043854 0.397381 1.116935 0.363747
1.044027 0.397260 1.117054 0.363590
1.044201 0.397139 1.117173 0.363434
1.044374 0.397017 1.117291 0.363277
1.044547 0.396896 1.117410 0.363120
1.044721 0.396774 1.117529 0.362963
1.044894 0.396652 1.117648 0.362806
1.045067 0.396530 1.117766 0.362649
1.045240 0.396407 1.117885 0.362492
1.045414 0.396285 1.118003 0.362334
1.045587 0.396162 1.118122 0.362177
1.045760 0.396039 1.118240 0.362019
1.045933 0.395916 1.118358 0.361861
1.046106 0.395793 1.118477 0.361703
1.046279 0.395669 1.118595 0.361545
1.046452 0.395546 1.118713 0.361387
1.046625 0.395422 1.118831 0.361229
1.046798 0.395298 1.118949 0.361070
1.046971 0.395173 1.119067 0.360912
1.047144 0.395049 1.119185 0.360753
1.047317 0.394924 1.119303 0.360594
1.047490 0.394799 1.119420 0.360436
1.047663 0.394674 1.119538 0.360277
1.047836 0.394549 1.119656 0.360118
1.048009 0.394424 1.119773 0.359958
1.048181 0.394298 1.119891 0.359799
1.048354 0.394172 1.120008 0.359640
1.048527 0.394046 1.120126 0.359480
1.048700 0.393920 1.120243 0.359320
1.048872 0.393794 1.120360 0.359161
1.049045 0.393667 1.120477 0.359001
1.049218 0.393540 1.120595 0.358841
1.049390 0.393414 1.120712 0.358681
1.049563 0.393286 1.120829 0.358520
1.049736 0.393159 1.120946 0.358360
1.049908 0.393032 1.121062 0.358199
1.050081 0.392904 1.121179 0.358039
1.050253 0.392776 1.121296 0.357878
1.050426 0.392648 1.121413 0.357717
1.050598 0.392520 1.121529 0.357556
1.050771 0.392391 1.121646 0.357395
1.050943 0.392263 1.121762 0.357234
1.051115 0.392134 1.121879 0.357073
1.051288 0.392005 1.121995 0.356911
1.051460 0.391876 1.122112 0.356750
1.051632 0.391746 1.122228 0.356588
1.051804 0.391617 1.122344 0.356426
1.051977 0.391487 1.122460 0.356265
1.052149 0.391357 1.122576 0.356103
1.052321 0.391227 1.122692 0.355941
1.052493 0.391097 1.122808 0.355778
1.052665 0.390966 1.122924 0.355616
1.052837 0.390835 1.123040 0.355454
1.053009 0.390705 1.123156 0.355291
1.053182 0.390574 1.123272 0.355128
1.053354 0.390442 1.123387 0.354966
1.053525 0.390311 1.123503 0.354803
1.053697 0.390179 1.123618 0.354640
1.053869 0.390047 1.123734 0.354476
1.054041 0.389915 1.123849 0.354313
1.054213 0.389783 1.123964 0.354150
1.054385 0.389651 1.124080 0.353986
1.054557 0.389518 1.124195 0.353823
1.054728 0.389385 1.124310 0.353659
1.054900 0.389253 1.124425 0.353495
1.055072 0.389119 1.124540 0.353331
1.055244 0.388986 1.124655 0.353167
1.055415 0.388853 1.124770 0.353003
1.055587 0.388719 1.124885 0.352839
1.055758 0.388585 1.125000 0.352675
1.055930 0.388451 1.125114 0.352510
1.056102 0.388317 1.125229 0.352346
1.056273 0.388182 1.125344 0.352181
1.056445 0.388048 1.125458 0.352016
1.056616 0.387913 1.125573 0.351851
1.056787 0.387778 1.125687 0.351686
1.056959 0.387643 1.125801 0.351521
1.057130 0.387507 1.125916 0.351356
1.057301 0.387372 1.126030 0.351190
1.057473 0.387236 1.126144 0.351025
1.057644 0.387100 1.126258 0.350859
1.057815 0.386964 1.126372 0.350693
1.057986 0.386828 1.126486 0.350528
1.058157 0.386691 1.126600 0.350362
1.058329 0.386555 1.126714 0.350196
1.058500 0.386418 1.126827 0.350029
1.058671 0.386281 1.126941 0.349863
1.058842 0.386144 1.127055 0.349697
1.059013 0.386006 1.127168 0.349530
1.059184 0.385869 1.127282 0.349364
1.059355 0.385731 1.127395 0.349197
1.059525 0.385593 1.127509 0.349030
1.059696 0.385455 1.127622 0.348863
1.059867 0.385316 1.127735 0.348696
1.060038 0.385178 1.127848 0.348529
1.060209 0.385039 1.127962 0.348362
1.060379 0.384900 1.128075 0.348194
1.060550 0.384761 1.128188 0.348027
1.060721 0.384622 1.128301 0.347859
1.060891 0.384482 1.128414 0.347691
1.061062 0.384343 1.128526 0.347524
1.061232 0.384203 1.128639 0.347356
1.061403 0.384063 1.128752 0.347188
1.061573 0.383923 1.128864 0.347019
1.061744 0.383782 1.128977 0.346851
1.061914 0.383642 1.129089 0.346683
1.062085 0.383501 1.129202 0.346514
1.062255 0.383360 1.129314 0.346346
1.062425 0.383219 1.129427 0.346177
1.062596 0.383078 1.129539 0.346008
1.062766 0.382936 1.129651 0.345839
1.062936 0.382795 1.129763 0.345670
1.063106 0.382653 1.129875 0.345501
1.063276 0.382511 1.129987 0.345332
1.063446 0.382369 1.130099 0.345163
1.063616 0.382226 1.130211 0.344993
1.063786 0.382084 1.130323 0.344824
1.063956 0.381941 1.130434 0.344654
1.064126 0.381798 1.130546 0.344484
1.064296 0.381655 1.130658 0.344314
1.064466 0.381512 1.130769 0.344144
1.064636 0.381368 1.130881 0.343974
1.064806 0.381224 1.130992 0.343804
1.064975 0.381081 1.131104 0.343634
1.065145 0.380937 1.131215 0.343463
1.065315 0.380792 1.131326 0.343293
1.065485 0.380648 1.131437 0.343122
1.065654 0.380503 1.131548 0.342951
1.065824 0.380359 1.131659 0.342780
1.065993 0.380214 1.131770 0.342609
1.066163 0.380069 1.131881 0.342438
1.066332 0.379923 1.131992 0.342267
1.066502 0.379778 1.132103 0.342096
1.066671 0.379632 1.132214 0.341924
1.066840 0.379486 1.132324 0.341753
1.067010 0.379340 1.132435 0.341581
1.067179 0.379194 1.132545 0.341410
1.067348 0.379048 1.132656 0.341238
1.067517 0.378901 1.132766 0.341066
1.067686 0.378754 1.132876 0.340894
1.067856 0.378607 1.132987 0.340722
1.068025 0.378460 1.133097 0.340549
1.068194 0.378313 1.133207 0.340377
1.068363 0.378165 1.133317 0.340205
1.068532 0.378018 1.133427 0.340032
1.068701 0.377870 1.133537 0.339859
1.068869 0.377722 1.133647 0.339687
1.069038 0.377574 1.133757 0.339514
1.069207 0.377425 1.133867 0.339341
1.069376 0.377277 1.133976 0.339168
1.069544 0.377128 1.134086 0.338995
1.069713 0.376979 1.134195 0.338821
1.069882 0.376830 1.134305 0.338648
1.070050 0.376680 1.134414 0.338474
1.070219 0.376531 1.134524 0.338301
1.070387 0.376381 1.134633 0.338127
1.070556 0.376231 1.134742 0.337953
1.070724 0.376081 1.134851 0.337779
1.070893 0.375931 1.134961 0.337605
1.071061 0.375781 1.135070 0.337431
1.071229 0.375630 1.135179 0.337257
1.071398 0.375480 1.135287 0.337082
1.071566 0.375329 1.135396 0.336908
1.071734 0.375177 1.135505 0.336733
1.071902 0.375026 1.135614 0.336559
1.072070 0.374875 1.135722 0.336384
1.072238 0.374723 1.135831 0.336209
1.072406 0.374571 1.135940 0.336034
1.072574 0.374419 1.136048 0.335859
1.072742 0.374267 1.136156 0.335684
1.072910 0.374115 1.136265 0.335509
1.073078 0.373962 1.136373 0.335333
1.073246 0.373809 1.136481 0.335158
1.073413 0.373656 1.136589 0.334982
1.073581 0.373503 1.136697 0.334807
1.073749 0.373350 1.136805 0.334631
1.073916 0.373197 1.136913 0.334455
1.074084 0.373043 1.137021 0.334279
1.074251 0.372889 1.137129 0.334103
1.074419 0.372735 1.137237 0.333927
1.074586 0.372581 1.137344 0.333750
1.074754 0.372427 1.137452 0.333574
1.074921 0.372272 1.137560 0.333397
1.075088 0.372118 1.137667 0.333221
1.075256 0.371963 1.137775 0.333044
1.075423 0.371808 1.137882 0.332867
1.075590 0.371652 1.137989 0.332690
1.075757 0.371497 1.138096 0.332513
1.075924 0.371341 1.138204 0.332336
1.076091 0.371186 1.138311 0.332159
1.076258 0.371030 1.138418 0.331982
1.076425 0.370874 1.138525 0.331804
1.076592 0.370717 1.138632 0.331627
1.076759 0.370561 1.138738 0.331449
1.076926 0.370404 1.138845 0.331271
1.077092 0.370247 1.138952 0.331093
1.077259 0.370090 1.139058 0.330916
1.077426 0.369933 1.139165 0.330737
1.077592 0.369776 1.139272 0.330559
1.077759 0.369618 1.139378 0.330381
1.077926 0.369461 1.139484 0.330203
1.078092 0.369303 1.139591 0.330024
1.078258 0.369145 1.139697 0.329846
1.078425 0.368986 1.139803 0.329667
1.078591 0.368828 1.139909 0.329488
1.078757 0.368669 1.140015 0.329310
1.078924 0.368511 1.140121 0.329131
1.079090 0.368352 1.140227 0.328952
1.079256 0.368192 1.140333 0.328772
1.079422 0.368033 1.140439 0.328593
1.079588 0.367874 1.140545 0.328414
1.079754 0.367714 1.140650 0.328234
1.079920 0.367554 1.140756 0.328055
1.080086 0.367394 1.140861 0.327875
1.080252 0.367234 1.140967 0.327696
1.080418 0.367074 1.141072 0.327516
1.080584 0.366913 1.141177 0.327336
1.080749 0.366752 1.141283 0.327156
1.080915 0.366591 1.141388 0.326976
1.081081 0.366430 1.141493 0.326795
1.081246 0.366269 1.141598 0.326615
1.081412 0.366108 1.141703 0.326435
1.081577 0.365946 1.141808 0.326254
1.081743 0.365784 1.141913 0.326074
1.081908 0.365622 1.142018 0.325893
1.082073 0.365460 1.142122 0.325712
1.082239 0.365298 1.142227 0.325531
1.082404 0.365135 1.142332 0.325350
1.082569 0.364973 1.142436 0.325169
1.082734 0.364810 1.142541 0.324988
1.082899 0.364647 1.142645 0.324806
1.083064 0.364484 1.142749 0.324625
1.083229 0.364320 1.142854 0.324443
1.083394 0.364157 1.142958 0.324262
1.083559 0.363993 1.143062 0.324080
1.083724 0.363829 1.143166 0.323898
1.083888 0.363665 1.143270 0.323716
1.084053 0.363501 1.143374 0.323534
1.084218 0.363337 1.143478 0.323352
1.084382 0.363172 1.143582 0.323170
1.084547 0.363007 1.143686 0.322988
1.084712 0.362842 1.143789 0.322806
1.084876 0.362677 1.143893 0.322623
1.085040 0.362512 1.143996 0.322440
1.085205 0.362347 1.144100 0.322258
1.085369 0.362181 1.144203 0.322075
1.085533 0.362015 1.144307 0.321892
1.085698 0.361849 1.144410 0.321709
1.085862 0.361683 1.144513 0.321526
1.086026 0.361517 1.144616 0.321343
1.086190 0.361350 1.144719 0.321160
1.086354 0.361184 1.144822 0.320976
1.086518 0.361017 1.144925 0.320793
1.086682 0.360850 1.145028 0.320609
1.086845 0.360683 1.145131 0.320426
1.087009 0.360515 1.145234 0.320242
1.087173 0.360348 1.145337 0.320058
1.087337 0.360180 1.145439 0.319874
1.087500 0.360012 1.145542 0.319690
1.087664 0.359844 1.145644 0.319506
1.087827 0.359676 1.145747 0.319322
1.087991 0.359508 1.145849 0.319138
1.088154 0.359339 1.145951 0.318953
1.088318 0.359170 1.146053 0.318769
1.088481 0.359001 1.146156 0.318584
1.088644 0.358832 1.146258 0.318399
1.088807 0.358663 1.146360 0.318215
1.088970 0.358494 1.146462 0.318030
1.089134 0.358324 1.146564 0.317845
1.089297 0.358154 1.146665 0.317660
1.089459 0.357984 1.146767 0.317475
1.089622 0.357814 1.146869 0.317289
1.089785 0.357644 1.146970 0.317104
1.089948 0.357474 1.147072 0.316919
1.090111 0.357303 1.147173 0.316733
1.090273 0.357132 1.147275 0.316547
1.090436 0.356961 1.147376 0.316362
1.090599 0.356790 1.147478 0.316176
1.090761 0.356619 1.147579 0.315990
1.090924 0.356447 1.147680 0.315804
1.091086 0.356276 1.147781 0.315618
1.091248 0.356104 1.147882 0.315432
1.091411 0.355932 1.147983 0.315245
1.091573 0.355760 1.148084 0.315059
1.091735 0.355587 1.148185 0.314873
1.091897 0.355415 1.148285 0.314686
1.092059 0.355242 1.148386 0.314499
1.092221 0.355069 1.148487 0.314313
1.092383 0.354896 1.148587 0.314126
1.092545 0.354723 1.148688 0.313939
1.092707 0.354550 1.148788 0.313752
1.092869 0.354376 1.148889 0.313565
1.093031 0.354203 1.148989 0.313378
1.093192 0.354029 1.149089 0.313190
1.093354 0.353855 1.149189 0.313003
1.093515 0.353681 1.149289 0.312815
1.093677 0.353506 1.149389 0.312628
1.093838 0.353332 1.149489 0.312440
1.094000 0.353157 1.149589 0.312252
1.094161 0.352982 1.149689 0.312064
1.094322 0.352807 1.149789 0.311876
1.094484 0.352632 1.149888 0.311688
1.094645 0.352456 1.149988 0.311500
1.094806 0.352281 1.150088 0.311312
1.094967 0.352105 1.150187 0.311124
1.095128 0.351929 1.150286 0.310935
1.095289 0.351753 1.150386 0.310747
1.095449 0.351577 1.150485 0.310558
1.095610 0.351401 1.150584 0.310370
1.095771 0.351224 1.150683 0.310181
1.095932 0.351047 1.150783 0.309992
1.096092 0.350870 1.150882 0.309803
1.096253 0.350693 1.150980 0.309614
1.096413 0.350516 1.151079 0.309425
1.096574 0.350339 1.151178 0.309236
1.096734 0.350161 1.151277 0.309046
1.096894 0.349983 1.151376 0.308857
1.097055 0.349806 1.151474 0.308667
1.097215 0.349627 1.151573 0.308478
1.097375 0.349449 1.151671 0.308288
1.097535 0.349271 1.151770 0.308098
1.097695 0.349092 1.151868 0.307909
1.097855 0.348913 1.151966 0.307719
1.098015 0.348735 1.152064 0.307529
1.098175 0.348555 1.152163 0.307338
1.098334 0.348376 1.152261 0.307148
1.098494 0.348197 1.152359 0.306958
1.098654 0.348017 1.152457 0.306767
1.098813 0.347837 1.152554 0.306577
1.098973 0.347658 1.152652 0.306386
1.099132 0.347477 1.152750 0.306196
1.099292 0.347297 1.152848 0.306005
1.099451 0.347117 1.152945 0.305814
1.099610 0.346936 1.153043 0.305623
1.099769 0.346755 1.153140 0.305432
1.099929 0.346575 1.153238 0.305241
1.100088 0.346394 1.153335 0.305050
1.100247 0.346212 1.153432 0.304859
1.100406 0.346031 1.153529 0.304667
1.100565 0.345849 1.153626 0.304476
1.100723 0.345668 1.153723 0.304284
1.100882 0.345486 1.153820 0.304093
1.101041 0.345304 1.153917 0.303901
1.101199 0.345121 1.154014 0.303709
1.101358 0.344939 1.154111 0.303517
1.101516 0.344756 1.154208 0.303325
1.101675 0.344574 1.154304 0.303133
1.101833 0.344391 1.154401 0.302941
1.101992 0.344208 1.154497 0.302749
1.102150 0.344024 1.154594 0.302556
1.102308 0.343841 1.154690 0.302364
1.102466 0.343657 1.154787 0.302171
1.102624 0.343474 1.154883 0.301979
1.102782 0.343290 1.154979 0.301786
1.102940 0.343106 1.155075 0.301593
1.103098 0.342922 1.155171 0.301400
1.103256 0.342737 1.155267 0.301207
1.103413 0.342553 1.155363 0.301014
1.103571 0.342368 1.155459 0.300821
1.103729 0.342183 1.155555 0.300628
1.103886 0.341998 1.155650 0.300435
1.104044 0.341813 1.155746 0.300241
1.104201 0.341627 1.155841 0.300048
1.104358 0.341442 1.155937 0.299854
1.104516 0.341256 1.156032 0.299661
1.104673 0.341070 1.156128 0.299467
1.104830 0.340884 1.156223 0.299273
1.104987 0.340698 1.156318 0.299079
1.105144 0.340512 1.156413 0.298885
1.105301 0.340325 1.156508 0.298691
1.105458 0.340139 1.156603 0.298497
1.105615 0.339952 1.156698 0.298303
1.105771 0.339765 1.156793 0.298108
1.105928 0.339578 1.156888 0.297914
1.106085 0.339390 1.156983 0.297719
1.106241 0.339203 1.157077 0.297525
1.106398 0.339015 1.157172 0.297330
1.106554 0.338827 1.157267 0.297135
1.106710 0.338639 1.157361 0.296941
1.106867 0.338451 1.157455 0.296746
1.107023 0.338263 1.157550 0.296551
1.107179 0.338074 1.157644 0.296356
1.107335 0.337886 1.157738 0.296160
1.107491 0.337697 1.157832 0.295965
1.107647 0.337508 1.157926 0.295770
1.107803 0.337319 1.158020 0.295574
1.107959 0.337130 1.158114 0.295379
1.108114 0.336940 1.158208 0.295183
1.108270 0.336751 1.158302 0.294987
1.108426 0.336561 1.158396 0.294792
1.108581 0.336371 1.158489 0.294596
1.108737 0.336181 1.158583 0.294400
1.108892 0.335991 1.158676 0.294204
1.109047 0.335800 1.158770 0.294008
1.109203 0.335610 1.158863 0.293811
1.109358 0.335419 1.158957 0.293615
1.109513 0.335228 1.159050 0.293419
1.109668 0.335037 1.159143 0.293222
1.109823 0.334846 1.159236 0.293026
1.109978 0.334654 1.159329 0.292829
1.110132 0.334463 1.159422 0.292632
1.110287 0.334271 1.159515 0.292436
1.110442 0.334079 1.159608 0.292239
1.110596 0.333887 1.159700 0.292042
1.110751 0.333695 1.159793 0.291845
1.110905 0.333503 1.159886 0.291648
1.111060 0.333310 1.159978 0.291451
1.111214 0.333118 1.160071 0.291253
1.111368 0.332925 1.160163 0.291056
1.111523 0.332732 1.160256 0.290858
1.111677 0.332539 1.160348 0.290661
1.111831 0.332346 1.160440 0.290463
1.111985 0.332152 1.160532 0.290266
1.112139 0.331958 1.160624 0.290068
1.112292 0.331765 1.160716 0.289870
1.112446 0.331571 1.160808 0.289672
1.112600 0.331377 1.160900 0.289474
1.112753 0.331182 1.160992 0.289276
1.112907 0.330988 1.161084 0.289078
1.113060 0.330793 1.161175 0.288879
1.113214 0.330599 1.161267 0.288681
1.113367 0.330404 1.161358 0.288483
1.113520 0.330209 1.161450 0.288284
1.113674 0.330014 1.161541 0.288085
1.113827 0.329818 1.161632 0.287887
1.113980 0.329623 1.161724 0.287688
1.114133 0.329427 1.161815 0.287489
1.114285 0.329231 1.161906 0.287290
1.114438 0.329035 1.161997 0.287091
1.114591 0.328839 1.162088 0.286892
1.114744 0.328643 1.162179 0.286693
1.114896 0.328446 1.162270 0.286494
1.115049 0.328250 1.162360 0.286294
1.115201 0.328053 1.162451 0.286095
1.115354 0.327856 1.162542 0.285895
1.115506 0.327659 1.162632 0.285696
1.115658 0.327462 1.162723 0.285496
1.115810 0.327264 1.162813 0.285296
1.115962 0.327067 1.162903 0.285097
1.116114 0.326869 1.162994 0.284897
1.116266 0.326671 1.163084 0.284697
1.116418 0.326473 1.163174 0.284497
1.116570 0.326275 1.163264 0.284297
1.116721 0.326077 1.163354 0.284096
1.116873 0.325878 1.163444 0.283896
1.117025 0.325680 1.163534 0.283696
1.117176 0.325481 1.163624 0.283495
1.117327 0.325282 1.163713 0.283295
1.117479 0.325083 1.163803 0.283094
1.117630 0.324883 1.163893 0.282893
1.117781 0.324684 1.163982 0.282693
1.117932 0.324484 1.164072 0.282492
1.118083 0.324285 1.164161 0.282291
1.118234 0.324085 1.164250 0.282090
1.118385 0.323885 1.164340 0.281889
1.118536 0.323685 1.164429 0.281688
1.118687 0.323484 1.164518 0.281486
1.118837 0.323284 1.164607 0.281285
1.118988 0.323083 1.164696 0.281084
1.119138 0.322882 1.164785 0.280882
1.119289 0.322681 1.164873 0.280681
1.119439 0.322480 1.164962 0.280479
1.119589 0.322279 1.165051 0.280277
1.119739 0.322077 1.165140 0.280075
1.119889 0.321876 1.165228 0.279873
1.120039 0.321674 1.165317 0.279672
1.120189 0.321472 1.165405 0.279470
1.120339 0.321270 1.165493 0.279267
1.120489 0.321068 1.165581 0.279065
1.120639 0.320865 1.165670 0.278863
1.120788 0.320663 1.165758 0.278661
1.120938 0.320460 1.165846 0.278458
1.121087 0.320257 1.165934 0.278256
1.121237 0.320054 1.166022 0.278053
1.121386 0.319851 1.166110 0.277850
1.121535 0.319648 1.166197 0.277648
1.121684 0.319444 1.166285 0.277445
1.121834 0.319241 1.166373 0.277242
1.121983 0.319037 1.166460 0.277039
1.122131 0.318833 1.166548 0.276836
1.122280 0.318629 1.166635 0.276633
1.122429 0.318425 1.166723 0.276430
1.122578 0.318221 1.166810 0.276226
1.122726 0.318016 1.166897 0.276023
1.122875 0.317811 1.166984 0.275820
1.123023 0.317607 1.167071 0.275616
1.123172 0.317402 1.167158 0.275413
1.123320 0.317196 1.167245 0.275209
1.123468 0.316991 1.167332 0.275005
1.123616 0.316786 1.167419 0.274801
1.123764 0.316580 1.167506 0.274597
1.123912 0.316374 1.167592 0.274393
1.124060 0.316169 1.167679 0.274189
1.124208 0.315963 1.167765 0.273985
1.124356 0.315756 1.167852 0.273781
1.124503 0.315550 1.167938 0.273577
1.124651 0.315344 1.168024 0.273373
1.124798 0.315137 1.168111 0.273168
1.124946 0.314930 1.168197 0.272964
1.125093 0.314723 1.168283 0.272759
1.125240 0.314516 1.168369 0.272554
1.125387 0.314309 1.168455 0.272350
1.125535 0.314101 1.168541 0.272145
1.125682 0.313894 1.168627 0.271940
1.125828 0.313686 1.168712 0.271735
1.125975 0.313478 1.168798 0.271530
1.126122 0.313270 1.168884 0.271325
1.126269 0.313062 1.168969 0.271120
1.126415 0.312854 1.169055 0.270915
1.126562 0.312645 1.169140 0.270709
1.126708 0.312437 1.169225 0.270504
1.126855 0.312228 1.169311 0.270298
1.127001 0.312019 1.169396 0.270093
1.127147 0.311810 1.169481 0.269887
1.127293 0.311601 1.169566 0.269681
1.127439 0.311392 1.169651 0.269476
1.127585 0.311182 1.169736 0.269270
1.127731 0.310973 1.169821 0.269064
1.127877 0.310763 1.169906 0.268858
1.128022 0.310553 1.169990 0.268652
1.128168 0.310343 1.170075 0.268446
1.128313 0.310132 1.170159 0.268240
1.128459 0.309922 1.170244 0.268033
1.128604 0.309712 1.170328 0.267827
1.128749 0.309501 1.170413 0.267620
1.128894 0.309290 1.170497 0.267414
1.129040 0.309079 1.170581 0.267207
1.129185 0.308868 1.170665 0.267001
1.129330 0.308657 1.170749 0.266794
1.129474 0.308445 1.170833 0.266587
1.129619 0.308234 1.170917 0.266380
1.129764 0.308022 1.171001 0.266173
1.129908 0.307810 1.171085 0.265966
1.130053 0.307598 1.171169 0.265759
1.130197 0.307386 1.171252 0.265552
1.130342 0.307174 1.171336 0.265345
1.130486 0.306961 1.171419 0.265138
1.130630 0.306749 1.171503 0.264930
1.130774 0.306536 1.171586 0.264723
1.130918 0.306323 1.171669 0.264515
1.131062 0.306110 1.171753 0.264308
1.131206 0.305897 1.171836 0.264100
1.131349 0.305683 1.171919 0.263892
1.131493 0.305470 1.172002 0.263684
1.131637 0.305256 1.172085 0.263476
1.131780 0.305042 1.172168 0.263269
1.131923 0.304828 1.172250 0.263060
1.132067 0.304614 1.172333 0.262852
1.132210 0.304400 1.172416 0.262644
1.132353 0.304186 1.172498 0.262436
1.132496 0.303971 1.172581 0.262228
1.132639 0.303757 1.172663 0.262019
1.132782 0.303542 1.172746 0.261811
1.132925 0.303327 1.172828 0.261602
1.133067 0.303112 1.172910 0.261394
1.133210 0.302897 1.172992 0.261185
1.133353 0.302681 1.173075 0.260976
1.133495 0.302466 1.173157 0.260767
1.133637 0.302250 1.173239 0.260559
1.133780 0.302034 1.173320 0.260350
1.133922 0.301818 1.173402 0.260141
1.134064 0.301602 1.173484 0.259931
1.134206 0.301386 1.173566 0.259722
1.134348 0.301169 1.173647 0.259513
1.134490 0.300953 1.173729 0.259304
1.134631 0.300736 1.173810 0.259094
1.134773 0.300519 1.173892 0.258885
1.134914 0.300302 1.173973 0.258675
1.135056 0.300085 1.174054 0.258466
1.135197 0.299868 1.174135 0.258256
1.135339 0.299651 1.174216 0.258046
1.135480 0.299433 1.174297 0.257837
1.135621 0.299215 1.174378 0.257627
1.135762 0.298998 1.174459 0.257417
1.135903 0.298780 1.174540 0.257207
1.136044 0.298562 1.174621 0.256997
1.136184 0.298343 1.174702 0.256786
1.136325 0.298125 1.174782 0.256576
1.136466 0.297906 1.174863 0.256366
1.136606 0.297688 1.174943 0.256156
1.136747 0.297469 1.175024 0.255945
1.136887 0.297250 1.175104 0.255735
1.137027 0.297031 1.175184 0.255524
1.137167 0.296811 1.175264 0.255313
1.137307 0.296592 1.175344 0.255103
1.137447 0.296372 1.175424 0.254892
1.137587 0.296153 1.175504 0.254681
1.137727 0.295933 1.175584 0.254470
1.137866 0.295713 1.175664 0.254259
1.138006 0.295493 1.175744 0.254048
1.138145 0.295273 1.175824 0.253837
1.138285 0.295052 1.175903 0.253626
1.138424 0.294832 1.175983 0.253415
1.138563 0.294611 1.176062 0.253203
1.138703 0.294390 1.176142 0.252992
1.138842 0.294169 1.176221 0.252780
1.138981 0.293948 1.176300 0.252569
1.139119 0.293727 1.176379 0.252357
1.139258 0.293506 1.176458 0.252146
1.139397 0.293284 1.176538 0.251934
1.139535 0.293062 1.176617 0.251722
1.139674 0.292841 1.176695 0.251510
1.139812 0.292619 1.176774 0.251298
1.139951 0.292396 1.176853 0.251086
1.140089 0.292174 1.176932 0.250874
1.140227 0.291952 1.177010 0.250662
1.140365 0.291729 1.177089 0.250450
1.140503 0.291507 1.177167 0.250238
1.140641 0.291284 1.177246 0.250025
1.140778 0.291061 1.177324 0.249813
1.140916 0.290838 1.177402 0.249600
1.141054 0.290615 1.177481 0.249388
1.141191 0.290391 1.177559 0.249175
1.141328 0.290168 1.177637 0.248962
1.141466 0.289944 1.177715 0.248750
1.141603 0.289721 1.177793 0.248537
1.141740 0.289497 1.177870 0.248324
1.141877 0.289273 1.177948 0.248111
1.142014 0.289048 1.178026 0.247898
1.142151 0.288824 1.178103 0.247685
1.142288 0.288600 1.178181 0.247472
1.142424 0.288375 1.178259 0.247259
1.142561 0.288150 1.178336 0.247045
1.142697 0.287925 1.178413 0.246832
1.142833 0.287700 1.178491 0.246619
1.142970 0.287475 1.178568 0.246405
1.143106 0.287250 1.178645 0.246192
1.143242 0.287025 1.178722 0.245978
1.143378 0.286799 1.178799 0.245764
1.143514 0.286573 1.178876 0.245551
1.143650 0.286348 1.178953 0.245337
1.143785 0.286122 1.179029 0.245123
1.143921 0.285895 1.179106 0.244909
1.144056 0.285669 1.179183 0.244695
1.144192 0.285443 1.179259 0.244481
1.144327 0.285216 1.179336 0.244267
1.144462 0.284990 1.179412 0.244053
1.144597 0.284763 1.179488 0.243838
1.144732 0.284536 1.179565 0.243624
1.144867 0.284309 1.179641 0.243410
1.145002 0.284082 1.179717 0.243195
1.145137 0.283854 1.179793 0.242981
1.145271 0.283627 1.179869 0.242766
1.145406 0.283399 1.179945 0.242551
1.145540 0.283171 1.180021 0.242337
1.145675 0.282944 1.180097 0.242122
1.145809 0.282716 1.180172 0.241907
1.145943 0.282487 1.180248 0.241692
1.146077 0.282259 1.180323 0.241477
1.146211 0.282031 1.180399 0.241262
1.146345 0.281802 1.180474 0.241047
1.146479 0.281573 1.180550 0.240832
1.146613 0.281345 1.180625 0.240617
1.146746 0.281116 1.180700 0.240401
1.146880 0.280887 1.180775 0.240186
1.147013 0.280657 1.180850 0.239971
1.147146 0.280428 1.180925 0.239755
1.147279 0.280198 1.181000 0.239539
1.147413 0.279969 1.181075 0.239324
1.147546 0.279739 1.181150 0.239108
1.147678 0.279509 1.181224 0.238892
1.147811 0.279279 1.181299 0.238677
1.147944 0.279049 1.181374 0.238461
1.148076 0.278819 1.181448 0.238245
1.148209 0.278588 1.181522 0.238029
1.148341 0.278358 1.181597 0.237813
1.148474 0.278127 1.181671 0.237597
1.148606 0.277896 1.181745 0.237380
1.148738 0.277665 1.181819 0.237164
1.148870 0.277434 1.181893 0.236948
1.149002 0.277203 1.181967 0.236732
1.149134 0.276971 1.182041 0.236515
1.149265 0.276740 1.182115 0.236299
1.149397 0.276508 1.182189 0.236082
1.149529 0.276277 1.182263 0.235865
1.149660 0.276045 1.182336 0.235649
1.149791 0.275813 1.182410 0.235432
1.149923 0.275580 1.182483 0.235215
1.150054 0.275348 1.182557 0.234998
1.150185 0.275116 1.182630 0.234781
1.150316 0.274883 1.182703 0.234564
1.150446 0.274650 1.182776 0.234347
1.150577 0.274418 1.182849 0.234130
1.150708 0.274185 1.182922 0.233913
1.150838 0.273952 1.182995 0.233696
1.150969 0.273718 1.183068 0.233479
1.151099 0.273485 1.183141 0.233261
1.151229 0.273252 1.183214 0.233044
1.151359 0.273018 1.183287 0.232826
1.151489 0.272784 1.183359 0.232609
1.151619 0.272550 1.183432 0.232391
1.151749 0.272316 1.183504 0.232173
1.151879 0.272082 1.183577 0.231956
1.152008 0.271848 1.183649 0.231738
1.152138 0.271613 1.183721 0.231520
1.152267 0.271379 1.183793 0.231302
1.152397 0.271144 1.183865 0.231084
1.152526 0.270910 1.183937 0.230866
1.152655 0.270675 1.184009 0.230648
1.152784 0.270440 1.184081 0.230430
1.152913 0.270204 1.184153 0.230212
1.153042 0.269969 1.184225 0.229993
1.153170 0.269734 1.184296 0.229775
1.153299 0.269498 1.184368 0.229557
1.153427 0.269262 1.184440 0.229338
1.153556 0.269027 1.184511 0.229120
1.153684 0.268791 1.184582 0.228901
1.153812 0.268555 1.184654 0.228683
1.153940 0.268318 1.184725 0.228464
1.154068 0.268082 1.184796 0.228245
1.154196 0.267845 1.184867 0.228026
1.154324 0.267609 1.184938 0.227807
1.154452 0.267372 1.185009 0.227588
1.154579 0.267135 1.185080 0.227369
1.154707 0.266898 1.185151 0.227150
1.154834 0.266661 1.185222 0.226931
1.154961 0.266424 1.185292 0.226712
1.155089 0.266187 1.185363 0.226493
1.155216 0.265949 1.185433 0.226274
1.155343 0.265712 1.185504 0.226054
1.155469 0.265474 1.185574 0.225835
1.155596 0.265236 1.185644 0.225615
1.155723 0.264998 1.185715 0.225396
1.155849 0.264760 1.185785 0.225176
1.155976 0.264522 1.185855 0.224957
1.156102 0.264283 1.185925 0.224737
1.156228 0.264045 1.185995 0.224517
1.156355 0.263806 1.186065 0.224297
1.156481 0.263567 1.186134 0.224077
1.156606 0.263328 1.186204 0.223857
1.156732 0.263089 1.186274 0.223637
1.156858 0.262850 1.186343 0.223417
1.156984 0.262611 1.186413 0.223197
1.157109 0.262372 1.186482 0.222977
1.157235 0.262132 1.186552 0.222757
1.157360 0.261892 1.186621 0.222537
1.157485 0.261653 1.186690 0.222316
1.157610 0.261413 1.186759 0.222096
1.157735 0.261173 1.186828 0.221875
1.157860 0.260933 1.186897 0.221655
1.157985 0.260692 1.186966 0.221434
1.158109 0.260452 1.187035 0.221214
1.158234 0.260211 1.187104 0.220993
1.158358 0.259971 1.187173 0.220772
1.158483 0.259730 1.187241 0.220551
1.158607 0.259489 1.187310 0.220330
1.158731 0.259248 1.187378 0.220110
1.158855 0.259007 1.187447 0.219889
1.158979 0.258766 1.187515 0.219668
1.159103 0.258524 1.187583 0.219446
1.159227 0.258283 1.187652 0.219225
1.159350 0.258041 1.187720 0.219004
1.159474 0.257799 1.187788 0.218783
1.159597 0.257557 1.187856 0.218562
1.159720 0.257315 1.187924 0.218340
1.159843 0.257073 1.187991 0.218119
1.159967 0.256831 1.188059 0.217897
1.160090 0.256589 1.188127 0.217676
1.160212 0.256346 1.188194 0.217454
1.160335 0.256104 1.188262 0.217232
1.160458 0.255861 1.188330 0.217011
1.160580 0.255618 1.188397 0.216789
1.160703 0.255375 1.188464 0.216567
1.160825 0.255132 1.188531 0.216345
1.160947 0.254889 1.188599 0.216123
1.161069 0.254645 1.188666 0.215901
1.161191 0.254402 1.188733 0.215679
1.161313 0.254158 1.188800 0.215457
1.161435 0.253914 1.188867 0.215235
1.161557 0.253671 1.188933 0.215013
1.161678 0.253427 1.189000 0.214790
1.161800 0.253183 1.189067 0.214568
1.161921 0.252938 1.189133 0.214346
1.162042 0.252694 1.189200 0.214123
1.162163 0.252450 1.189266 0.213901
1.162285 0.252205 1.189333 0.213678
1.162405 0.251960 1.189399 0.213456
1.162526 0.251716 1.189465 0.213233
1.162647 0.251471 1.189532 0.213010
1.162768 0.251226 1.189598 0.212787
1.162888 0.250980 1.189664 0.212565
1.163008 0.250735 1.189730 0.212342
1.163129 0.250490 1.189795 0.212119
1.163249 0.250244 1.189861 0.211896
1.163369 0.249998 1.189927 0.211673
1.163489 0.249753 1.189993 0.211450
1.163609 0.249507 1.190058 0.211226
1.163728 0.249261 1.190124 0.211003
1.163848 0.249015 1.190189 0.210780
1.163967 0.248768 1.190255 0.210557
1.164087 0.248522 1.190320 0.210333
1.164206 0.248275 1.190385 0.210110
1.164325 0.248029 1.190450 0.209886
1.164444 0.247782 1.190515 0.209663
1.164563 0.247535 1.190580 0.209439
1.164682 0.247288 1.190645 0.209216
1.164801 0.247041 1.190710 0.208992
1.164919 0.246794 1.190775 0.208768
1.165038 0.246547 1.190840 0.208544
1.165156 0.246299 1.190904 0.208321
1.165275 0.246052 1.190969 0.208097
1.165393 0.245804 1.191033 0.207873
1.165511 0.245556 1.191098 0.207649
1.165629 0.245308 1.191162 0.207425
1.165747 0.245060 1.191226 0.207200
1.165864 0.244812 1.191290 0.206976
1.165982 0.244564 1.191355 0.206752
1.166100 0.244315 1.191419 0.206528
1.166217 0.244067 1.191483 0.206303
1.166334 0.243818 1.191546 0.206079
1.166451 0.243570 1.191610 0.205855
1.166568 0.243321 1.191674 0.205630
1.166685 0.243072 1.191738 0.205406
1.166802 0.242823 1.191801 0.205181
1.166919 0.242574 1.191865 0.204956
1.167036 0.242324 1.191928 0.204732
1.167152 0.242075 1.191992 0.204507
1.167269 0.241825 1.192055 0.204282
1.167385 0.241576 1.192118 0.204057
1.167501 0.241326 1.192181 0.203832
1.167617 0.241076 1.192245 0.203607
1.167733 0.240826 1.192308 0.203382
1.167849 0.240576 1.192371 0.203157
1.167965 0.240326 1.192433 0.202932
1.168080 0.240075 1.192496 0.202707
1.168196 0.239825 1.192559 0.202482
1.168311 0.239574 1.192622 0.202256
1.168426 0.239323 1.192684 0.202031
1.168541 0.239073 1.192747 0.201806
1.168656 0.238822 1.192809 0.201580
1.168771 0.238571 1.192872 0.201355
1.168886 0.238319 1.192934 0.201129
1.169001 0.238068 1.192996 0.200904
1.169116 0.237817 1.193058 0.200678
1.169230 0.237565 1.193120 0.200452
1.169344 0.237314 1.193182 0.200227
1.169459 0.237062 1.193244 0.200001
1.169573 0.236810 1.193306 0.199775
1.169687 0.236558 1.193368 0.199549
1.169801 0.236306 1.193430 0.199323
1.169914 0.236054 1.193491 0.199097
1.170028 0.235802 1.193553 0.198871
1.170142 0.235549 1.193614 0.198645
1.170255 0.235297 1.193676 0.198419
1.170368 0.235044 1.193737 0.198193
1.170482 0.234791 1.193798 0.197966
1.170595 0.234538 1.193859 0.197740
1.170708 0.234285 1.193921 0.197514
1.170821 0.234032 1.193982 0.197287
1.170933 0.233779 1.194043 0.197061
1.171046 0.233526 1.194104 0.196834
1.171159 0.233272 1.194164 0.196608
1.171271 0.233019 1.194225 0.196381
1.171383 0.232765 1.194286 0.196155
1.171496 0.232512 1.194346 0.195928
1.171608 0.232258 1.194407 0.195701
1.171720 0.232004 1.194467 0.195474
1.171831 0.231750 1.194528 0.195248
1.171943 0.231495 1.194588 0.195021
1.172055 0.231241 1.194648 0.194794
1.172166 0.230987 1.194709 0.194567
1.172278 0.230732 1.194769 0.194340
1.172389 0.230477 1.194829 0.194113
1.172500 0.230223 1.194889 0.193885
1.172611 0.229968 1.194948 0.193658
1.172722 0.229713 1.195008 0.193431
1.172833 0.229458 1.195068 0.193204
1.172943 0.229203 1.195128 0.192976
1.173054 0.228947 1.195187 0.192749
1.173164 0.228692 1.195247 0.192522
1.173275 0.228436 1.195306 0.192294
1.173385 0.228181 1.195366 0.192066
1.173495 0.227925 1.195425 0.191839
1.173605 0.227669 1.195484 0.191611
1.173715 0.227413 1.195543 0.191384
1.173825 0.227157 1.195602 0.191156
1.173934 0.226901 1.195661 0.190928
1.174044 0.226645 1.195720 0.190700
1.174153 0.226388 1.195779 0.190472
1.174263 0.226132 1.195838 0.190244
1.174372 0.225875 1.195897 0.190017
1.174481 0.225618 1.195955 0.189788
1.174590 0.225362 1.196014 0.189560
1.174699 0.225105 1.196072 0.189332
1.174807 0.224848 1.196131 0.189104
1.174916 0.224590 1.196189 0.188876
1.175024 0.224333 1.196247 0.188648
1.175133 0.224076 1.196305 0.188419
1.175241 0.223818 1.196363 0.188191
1.175349 0.223561 1.196422 0.187963
1.175457 0.223303 1.196479 0.187734
1.175565 0.223045 1.196537 0.187506
1.175673 0.222787 1.196595 0.187277
1.175780 0.222529 1.196653 0.187049
1.175888 0.222271 1.196711 0.186820
1.175995 0.222013 1.196768 0.186591
1.176102 0.221755 1.196826 0.186363
1.176209 0.221496 1.196883 0.186134
1.176317 0.221238 1.196941 0.185905
1.176423 0.220979 1.196998 0.185676
1.176530 0.220720 1.197055 0.185447
1.176637 0.220461 1.197112 0.185218
1.176744 0.220202 1.197169 0.184989
1.176850 0.219943 1.197226 0.184760
1.176956 0.219684 1.197283 0.184531
1.177062 0.219425 1.197340 0.184302
1.177169 0.219166 1.197397 0.184073
1.177275 0.218906 1.197454 0.183843
1.177380 0.218646 1.197510 0.183614
1.177486 0.218387 1.197567 0.183385
1.177592 0.218127 1.197623 0.183155
1.177697 0.217867 1.197680 0.182926
1.177803 0.217607 1.197736 0.182697
1.177908 0.217347 1.197792 0.182467
1.178013 0.217087 1.197849 0.182237
1.178118 0.216826 1.197905 0.182008
1.178223 0.216566 1.197961 0.181778
1.178328 0.216305 1.198017 0.181549
1.178432 0.216045 1.198073 0.181319
1.178537 0.215784 1.198128 0.181089
1.178641 0.215523 1.198184 0.180859
1.178746 0.215262 1.198240 0.180629
1.178850 0.215001 1.198295 0.180399
1.178954 0.214740 1.198351 0.180169
1.179058 0.214479 1.198406 0.179939
1.179161 0.214217 1.198462 0.179709
1.179265 0.213956 1.198517 0.179479
1.179369 0.213694 1.198572 0.179249
1.179472 0.213433 1.198628 0.179019
1.179575 0.213171 1.198683 0.178789
1.179679 0.212909 1.198738 0.178558
1.179782 0.212647 1.198793 0.178328
1.179885 0.212385 1.198847 0.178098
1.179988 0.212123 1.198902 0.177867
1.180090 0.211860 1.198957 0.177637
1.180193 0.211598 1.199012 0.177406
1.180295 0.211336 1.199066 0.177176
1.180398 0.211073 1.199121 0.176945
1.180500 0.210810 1.199175 0.176714
1.180602 0.210548 1.199230 0.176484
1.180704 0.210285 1.199284 0.176253
1.180806 0.210022 1.199338 0.176022
1.180908 0.209759 1.199392 0.175791
1.181009 0.209495 1.199446 0.175561
1.181111 0.209232 1.199500 0.175330
1.181212 0.208969 1.199554 0.175099
1.181313 0.208705 1.199608 0.174868
1.181414 0.208442 1.199662 0.174637
1.181515 0.208178 1.199715 0.174406
1.181616 0.207914 1.199769 0.174175
1.181717 0.207650 1.199822 0.173943
1.181818 0.207386 1.199876 0.173712
1.181918 0.207122 1.199929 0.173481
1.182019 0.206858 1.199983 0.173250
1.182119 0.206594 1.200036 0.173018
1.182219 0.206329 1.200089 0.172787
1.182319 0.206065 1.200142 0.172555
1.182419 0.205800 1.200195 0.172324
1.182519 0.205536 1.200248 0.172092
1.182618 0.205271 1.200301 0.171861
1.182718 0.205006 1.200354 0.171629
1.182817 0.204741 1.200407 0.171398
1.182917 0.204476 1.200459 0.171166
1.183016 0.204211 1.200512 0.170934
1.183115 0.203945 1.200564 0.170703
1.183214 0.203680 1.200617 0.170471
1.183313 0.203415 1.200669 0.170239
1.183411 0.203149 1.200721 0.170007
1.183510 0.202883 1.200774 0.169775
1.183608 0.202618 1.200826 0.169543
1.183706 0.202352 1.200878 0.169311
1.183805 0.202086 1.200930 0.169079
1.183903 0.201820 1.200982 0.168847
1.184001 0.201554 1.201033 0.168615
1.184098 0.201287 1.201085 0.168383
1.184196 0.201021 1.201137 0.168150
1.184294 0.200755 1.201188 0.167918
1.184391 0.200488 1.201240 0.167686
1.184488 0.200222 1.201292 0.167453
1.184586 0.199955 1.201343 0.167221
1.184683 0.199688 1.201394 0.166989
1.184779 0.199421 1.201445 0.166756
1.184876 0.199154 1.201497 0.166524
1.184973 0.198887 1.201548 0.166291
1.185069 0.198620 1.201599 0.166058
1.185166 0.198352 1.201650 0.165826
1.185262 0.198085 1.201701 0.165593
1.185358 0.197818 1.201751 0.165360
1.185454 0.197550 1.201802 0.165128
1.185550 0.197282 1.201853 0.164895
1.185646 0.197015 1.201903 0.164662
1.185742 0.196747 1.201954 0.164429
1.185837 0.196479 1.202004 0.164196
1.185933 0.196211 1.202055 0.163963
1.186028 0.195943 1.202105 0.163730
1.186123 0.195674 1.202155 0.163497
1.186218 0.195406 1.202205 0.163264
1.186313 0.195138 1.202255 0.163031
1.186408 0.194869 1.202305 0.162798
1.186503 0.194600 1.202355 0.162564
1.186597 0.194332 1.202405 0.162331
1.186692 0.194063 1.202455 0.162098
1.186786 0.193794 1.202504 0.161865
1.186880 0.193525 1.202554 0.161631
1.186974 0.193256 1.202604 0.161398
1.187068 0.192987 1.202653 0.161164
1.187162 0.192718 1.202702 0.160931
1.187255 0.192448 1.202752 0.160697
1.187349 0.192179 1.202801 0.160464
1.187442 0.191909 1.202850 0.160230
1.187536 0.191640 1.202899 0.159996
1.187629 0.191370 1.202948 0.159763
1.187722 0.191100 1.202997 0.159529
1.187815 0.190830 1.203046 0.159295
1.187907 0.190560 1.203095 0.159062
1.188000 0.190290 1.203144 0.158828
1.188093 0.190020 1.203192 0.158594
1.188185 0.189750 1.203241 0.158360
1.188277 0.189479 1.203289 0.158126
1.188369 0.189209 1.203338 0.157892
1.188461 0.188938 1.203386 0.157658
1.188553 0.188668 1.203434 0.157424
1.188645 0.188397 1.203482 0.157190
1.188736 0.188126 1.203531 0.156955
1.188828 0.187855 1.203579 0.156721
1.188919 0.187584 1.203627 0.156487
1.189011 0.187313 1.203675 0.156253
1.189102 0.187042 1.203722 0.156018
1.189193 0.186771 1.203770 0.155784
1.189283 0.186499 1.203818 0.155550
1.189374 0.186228 1.203865 0.155315
1.189465 0.185956 1.203913 0.155081
1.189555 0.185685 1.203960 0.154846
1.189646 0.185413 1.204008 0.154612
1.189736 0.185141 1.204055 0.154377
1.189826 0.184869 1.204102 0.154143
1.189916 0.184597 1.204149 0.153908
1.190006 0.184325 1.204196 0.153673
1.190095 0.184053 1.204243 0.153439
1.190185 0.183781 1.204290 0.153204
1.190274 0.183509 1.204337 0.152969
1.190364 0.183236 1.204384 0.152734
1.190453 0.182964 1.204431 0.152499
1.190542 0.182691 1.204477 0.152264
1.190631 0.182418 1.204524 0.152029
1.190719 0.182146 1.204570 0.151794
1.190808 0.181873 1.204617 0.151559
1.190897 0.181600 1.204663 0.151324
1.190985 0.181327 1.204709 0.151089
1.191073 0.181054 1.204756 0.150854
1.191161 0.180781 1.204802 0.150619
1.191249 0.180507 1.204848 0.150384
1.191337 0.180234 1.204894 0.150148
1.191425 0.179960 1.204940 0.149913
1.191513 0.179687 1.204985 0.149678
1.191600 0.179413 1.205031 0.149442
1.191688 0.179140 1.205077 0.149207
1.191775 0.178866 1.205122 0.148972
1.191862 0.178592 1.205168 0.148736
1.191949 0.178318 1.205213 0.148501
1.192036 0.178044 1.205259 0.148265
1.192122 0.177770 1.205304 0.148030
1.192209 0.177495 1.205349 0.147794
1.192295 0.177221 1.205394 0.147558
1.192382 0.176947 1.205440 0.147323
1.192468 0.176672 1.205484 0.147087
1.192554 0.176398 1.205529 0.146851
1.192640 0.176123 1.205574 0.146615
1.192726 0.175848 1.205619 0.146379
1.192811 0.175574 1.205664 0.146144
1.192897 0.175299 1.205708 0.145908
1.192982 0.175024 1.205753 0.145672
1.193068 0.174749 1.205797 0.145436
1.193153 0.174473 1.205842 0.145200
1.193238 0.174198 1.205886 0.144964
1.193323 0.173923 1.205930 0.144728
1.193407 0.173647 1.205974 0.144492
1.193492 0.173372 1.206019 0.144255
1.193576 0.173096 1.206063 0.144019
1.193661 0.172821 1.206107 0.143783
1.193745 0.172545 1.206150 0.143547
1.193829 0.172269 1.206194 0.143310
1.193913 0.171993 1.206238 0.143074
1.193997 0.171717 1.206282 0.142838
1.194081 0.171441 1.206325 0.142601
1.194164 0.171165 1.206369 0.142365
1.194248 0.170889 1.206412 0.142129
1.194331 0.170613 1.206455 0.141892
1.194414 0.170336 1.206499 0.141655
1.194497 0.170060 1.206542 0.141419
1.194580 0.169783 1.206585 0.141182
1.194663 0.169507 1.206628 0.140946
1.194745 0.169230 1.206671 0.140709
1.194828 0.168953 1.206714 0.140472
1.194910 0.168676 1.206757 0.140236
1.194992 0.168399 1.206800 0.139999
1.195075 0.168122 1.206842 0.139762
1.195157 0.167845 1.206885 0.139525
1.195238 0.167568 1.206927 0.139288
1.195320 0.167291 1.206970 0.139051
1.195402 0.167013 1.207012 0.138814
1.195483 0.166736 1.207055 0.138577
1.195564 0.166458 1.207097 0.138340
1.195646 0.166181 1.207139 0.138103
1.195727 0.165903 1.207181 0.137866
1.195808 0.165625 1.207223 0.137629
1.195888 0.165347 1.207265 0.137392
1.195969 0.165069 1.207307 0.137155
1.196049 0.164791 1.207349 0.136918
1.196130 0.164513 1.207390 0.136680
1.196210 0.164235 1.207432 0.136443
1.196290 0.163957 1.207473 0.136206
1.196370 0.163679 1.207515 0.135969
1.196450 0.163400 1.207556 0.135731
1.196530 0.163122 1.207598 0.135494
1.196609 0.162843 1.207639 0.135256
1.196689 0.162565 1.207680 0.135019
1.196768 0.162286 1.207721 0.134781
1.196847 0.162007 1.207762 0.134544
1.196926 0.161728 1.207803 0.134306
1.197005 0.161449 1.207844 0.134069
1.197084 0.161170 1.207885 0.133831
1.197163 0.160891 1.207926 0.133593
1.197241 0.160612 1.207966 0.133356
1.197320 0.160333 1.208007 0.133118
1.197398 0.160054 1.208047 0.132880
1.197476 0.159774 1.208088 0.132642
1.197554 0.159495 1.208128 0.132405
1.197632 0.159215 1.208168 0.132167
1.197709 0.158936 1.208209 0.131929
1.197787 0.158656 1.208249 0.131691
1.197864 0.158376 1.208289 0.131453
1.197942 0.158096 1.208329 0.131215
1.198019 0.157816 1.208369 0.130977
1.198096 0.157536 1.208409 0.130739
1.198173 0.157256 1.208448 0.130501
1.198250 0.156976 1.208488 0.130263
1.198326 0.156696 1.208528 0.130025
1.198403 0.156416 1.208567 0.129786
1.198479 0.156135 1.208607 0.129548
1.198555 0.155855 1.208646 0.129310
1.198631 0.155574 1.208685 0.129072
1.198707 0.155294 1.208725 0.128833
1.198783 0.155013 1.208764 0.128595
1.198859 0.154732 1.208803 0.128357
1.198934 0.154451 1.208842 0.128118
1.199010 0.154170 1.208881 0.127880
1.199085 0.153889 1.208920 0.127641
1.199160 0.153608 1.208958 0.127403
1.199235 0.153327 1.208997 0.127164
1.199310 0.153046 1.209036 0.126926
1.199385 0.152765 1.209074 0.126687
1.199459 0.152484 1.209113 0.126449
1.199534 0.152202 1.209151 0.126210
1.199608 0.151921 1.209190 0.125971
1.199682 0.151639 1.209228 0.125733
1.199756 0.151357 1.209266 0.125494
1.199830 0.151076 1.209304 0.125255
1.199904 0.150794 1.209342 0.125016
1.199978 0.150512 1.209380 0.124778
1.200051 0.150230 1.209418 0.124539
1.200125 0.149948 1.209456 0.124300
1.200198 0.149666 1.209494 0.124061
1.200271 0.149384 1.209531 0.123822
1.200344 0.149102 1.209569 0.123583
1.200417 0.148820 1.209606 0.123344
1.200489 0.148537 1.209644 0.123105
1.200562 0.148255 1.209681 0.122866
1.200634 0.147972 1.209718 0.122627
1.200707 0.147690 1.209756 0.122388
1.200779 0.147407 1.209793 0.122149
1.200851 0.147125 1.209830 0.121909
1.200923 0.146842 1.209867 0.121670
1.200994 0.146559 1.209904 0.121431
1.201066 0.146276 1.209941 0.121192
1.201137 0.145993 1.209977 0.120952
1.201209 0.145710 1.210014 0.120713
1.201280 0.145427 1.210051 0.120474
1.201351 0.145144 1.210087 0.120234
1.201422 0.144860 1.210124 0.119995
1.201493 0.144577 1.210160 0.119755
1.201563 0.144294 1.210196 0.119516
1.201634 0.144010 1.210233 0.119277
1.201704 0.143727 1.210269 0.119037
1.201774 0.143443 1.210305 0.118797
1.201844 0.143159 1.210341 0.118558
1.201914 0.142876 1.210377 0.118318
1.201984 0.142592 1.210413 0.118079
1.202054 0.142308 1.210448 0.117839
1.202123 0.142024 1.210484 0.117599
1.202193 0.141740 1.210520 0.117360
1.202262 0.141456 1.210555 0.117120
1.202331 0.141172 1.210591 0.116880
1.202400 0.140888 1.210626 0.116640
1.202469 0.140603 1.210661 0.116400
1.202538 0.140319 1.210697 0.116161
1.202606 0.140035 1.210732 0.115921
1.202675 0.139750 1.210767 0.115681
1.202743 0.139466 1.210802 0.115441
1.202811 0.139181 1.210837 0.115201
1.202879 0.138896 1.210872 0.114961
1.202947 0.138612 1.210907 0.114721
1.203015 0.138327 1.210941 0.114481
1.203083 0.138042 1.210976 0.114241
1.203150 0.137757 1.211011 0.114001
1.203217 0.137472 1.211045 0.113760
1.203284 0.137187 1.211080 0.113520
1.203352 0.136902 1.211114 0.113280
1.203418 0.136617 1.211148 0.113040
1.203485 0.136331 1.211182 0.112800
1.203552 0.136046 1.211217 0.112559
1.203618 0.135761 1.211251 0.112319
1.203685 0.135475 1.211285 0.112079
1.203751 0.135190 1.211319 0.111838
1.203817 0.134904 1.211352 0.111598
1.203883 0.134618 1.211386 0.111358
1.203949 0.134333 1.211420 0.111117
1.204014 0.134047 1.211453 0.110877
1.204080 0.133761 1.211487 0.110636
1.204145 0.133475 1.211520 0.110396
1.204211 0.133189 1.211554 0.110155
1.204276 0.132903 1.211587 0.109915
1.204341 0.132617 1.211620 0.109674
1.204405 0.132331 1.211653 0.109433
1.204470 0.132045 1.211686 0.109193
1.204535 0.131758 1.211719 0.108952
1.204599 0.131472 1.211752 0.108711
1.204663 0.131186 1.211785 0.108471
1.204728 0.130899 1.211818 0.108230
1.204792 0.130613 1.211851 0.107989
1.204855 0.130326 1.211883 0.107748
1.204919 0.130039 1.211916 0.107508
1.204983 0.129753 1.211948 0.107267
1.205046 0.129466 1.211981 0.107026
1.205109 0.129179 1.212013 0.106785
1.205173 0.128892 1.212045 0.106544
1.205236 0.128605 1.212078 0.106303
1.205298 0.128318 1.212110 0.106062
1.205361 0.128031 1.212142 0.105821
1.205424 0.127744 1.212174 0.105580
1.205486 0.127456 1.212205 0.105339
1.205549 0.127169 1.212237 0.105098
1.205611 0.126882 1.212269 0.104857
1.205673 0.126594 1.212301 0.104616
1.205735 0.126307 1.212332 0.104375
1.205796 0.126019 1.212364 0.104133
1.205858 0.125732 1.212395 0.103892
1.205919 0.125444 1.212426 0.103651
1.205981 0.125157 1.212458 0.103410
1.206042 0.124869 1.212489 0.103168
1.206103 0.124581 1.212520 0.102927
1.206164 0.124293 1.212551 0.102686
1.206225 0.124005 1.212582 0.102444
1.206285 0.123717 1.212613 0.102203
1.206346 0.123429 1.212644 0.101962
1.206406 0.123141 1.212675 0.101720
1.206466 0.122853 1.212705 0.101479
1.206526 0.122565 1.212736 0.101237
1.206586 0.122276 1.212766 0.100996
1.206646 0.121988 1.212797 0.100754
1.206706 0.121700 1.212827 0.100513
1.206765 0.121411 1.212857 0.100271
1.206825 0.121123 1.212888 0.100030
1.206884 0.120834 1.212918 0.099788
1.206943 0.120545 1.212948 0.099546
1.207002 0.120257 1.212978 0.099305
1.207061 0.119968 1.213008 0.099063
1.207119 0.119679 1.213038 0.098821
1.207178 0.119390 1.213067 0.098580
1.207236 0.119101 1.213097 0.098338
1.207294 0.118812 1.213127 0.098096
1.207352 0.118523 1.213156 0.097854
1.207410 0.118234 1.213186 0.097613
1.207468 0.117945 1.213215 0.097371
1.207526 0.117656 1.213244 0.097129
1.207583 0.117367 1.213274 0.096887
1.207641 0.117077 1.213303 0.096645
1.207698 0.116788 1.213332 0.096403
1.207755 0.116498 1.213361 0.096161
1.207812 0.116209 1.213390 0.095919
1.207869 0.115919 1.213419 0.095677
1.207926 0.115630 1.213447 0.095435
1.207982 0.115340 1.213476 0.095193
1.208038 0.115050 1.213505 0.094951
1.208095 0.114761 1.213533 0.094709
1.208151 0.114471 1.213562 0.094467
1.208207 0.114181 1.213590 0.094225
1.208263 0.113891 1.213618 0.093983
1.208318 0.113601 1.213647 0.093740
1.208374 0.113311 1.213675 0.093498
1.208429 0.113021 1.213703 0.093256
1.208484 0.112731 1.213731 0.093014
1.208540 0.112441 1.213759 0.092771
1.208595 0.112150 1.213787 0.092529
1.208649 0.111860 1.213815 0.092287
1.208704 0.111570 1.213842 0.092045
1.208759 0.111279 1.213870 0.091802
1.208813 0.110989 1.213898 0.091560
1.208867 0.110698 1.213925 0.091317
1.208921 0.110408 1.213952 0.091075
1.208975 0.110117 1.213980 0.090833
1.209029 0.109827 1.214007 0.090590
1.209083 0.109536 1.214034 0.090348
1.209136 0.109245 1.214061 0.090105
1.209190 0.108954 1.214088 0.089863
1.209243 0.108663 1.214115 0.089620
1.209296 0.108372 1.214142 0.089377
1.209349 0.108082 1.214169 0.089135
1.209402 0.107790 1.214196 0.088892
1.209455 0.107499 1.214223 0.088650
1.209507 0.107208 1.214249 0.088407
1.209559 0.106917 1.214276 0.088164
1.209612 0.106626 1.214302 0.087922
1.209664 0.106335 1.214328 0.087679
1.209716 0.106043 1.214355 0.087436
1.209768 0.105752 1.214381 0.087193
1.209819 0.105460 1.214407 0.086951
1.209871 0.105169 1.214433 0.086708
1.209922 0.104877 1.214459 0.086465
1.209973 0.104586 1.214485 0.086222
1.210025 0.104294 1.214511 0.085979
1.210076 0.104002 1.214537 0.085736
1.210126 0.103711 1.214562 0.085494
1.210177 0.103419 1.214588 0.085251
1.210228 0.103127 1.214614 0.085008
1.210278 0.102835 1.214639 0.084765
1.210328 0.102543 1.214664 0.084522
1.210378 0.102251 1.214690 0.084279
1.210428 0.101959 1.214715 0.084036
1.210478 0.101667 1.214740 0.083793
1.210528 0.101375 1.214765 0.083550
1.210577 0.101083 1.214790 0.083307
1.210627 0.100791 1.214815 0.083063
1.210676 0.100498 1.214840 0.082820
1.210725 0.100206 1.214865 0.082577
1.210774 0.099914 1.214889 0.082334
1.210823 0.099621 1.214914 0.082091
1.210871 0.099329 1.214939 0.081848
1.210920 0.099036 1.214963 0.081604
1.210968 0.098744 1.214987 0.081361
1.211017 0.098451 1.215012 0.081118
1.211065 0.098159 1.215036 0.080875
1.211113 0.097866 1.215060 0.080631
1.211160 0.097573 1.215084 0.080388
1.211208 0.097280 1.215108 0.080145
1.211255 0.096988 1.215132 0.079901
1.211303 0.096695 1.215156 0.079658
1.211350 0.096402 1.215180 0.079415
1.211397 0.096109 1.215204 0.079171
1.211444 0.095816 1.215227 0.078928
1.211491 0.095523 1.215251 0.078684
1.211538 0.095230 1.215274 0.078441
1.211584 0.094937 1.215298 0.078198
1.211630 0.094643 1.215321 0.077954
1.211677 0.094350 1.215344 0.077711
1.211723 0.094057 1.215368 0.077467
1.211769 0.093763 1.215391 0.077224
1.211814 0.093470 1.215414 0.076980
1.211860 0.093177 1.215437 0.076736
1.211905 0.092883 1.215460 0.076493
1.211951 0.092590 1.215482 0.076249
1.211996 0.092296 1.215505 0.076006
1.212041 0.092003 1.215528 0.075762
1.212086 0.091709 1.215550 0.075518
1.212131 0.091415 1.215573 0.075275
1.212175 0.091122 1.215595 0.075031
1.212220 0.090828 1.215618 0.074787
1.212264 0.090534 1.215640 0.074543
1.212308 0.090240 1.215662 0.074300
1.212352 0.089946 1.215684 0.074056
1.212396 0.089652 1.215706 0.073812
1.212440 0.089358 1.215728 0.073568
1.212484 0.089064 1.215750 0.073324
1.212527 0.088770 1.215772 0.073081
1.212570 0.088476 1.215794 0.072837
1.212613 0.088182 1.215816 0.072593
1.212656 0.087888 1.215837 0.072349
1.212699 0.087594 1.215859 0.072105
1.212742 0.087299 1.215880 0.071861
1.212785 0.087005 1.215901 0.071617
1.212827 0.086711 1.215923 0.071373
1.212869 0.086416 1.215944 0.071129
1.212911 0.086122 1.215965 0.070885
1.212953 0.085827 1.215986 0.070641
1.212995 0.085533 1.216007 0.070397
1.213037 0.085238 1.216028 0.070153
1.213079 0.084944 1.216049 0.069909
1.213120 0.084649 1.216070 0.069665
1.213161 0.084354 1.216090 0.069421
1.213202 0.084060 1.216111 0.069177
1.213243 0.083765 1.216132 0.068933
1.213284 0.083470 1.216152 0.068689
1.213325 0.083175 1.216172 0.068444
1.213365 0.082880 1.216193 0.068200
1.213406 0.082585 1.216213 0.067956
1.213446 0.082291 1.216233 0.067712
1.213486 0.081996 1.216253 0.067468
1.213526 0.081700 1.216273 0.067223
1.213566 0.081405 1.216293 0.066979
1.213606 0.081110 1.216313 0.066735
1.213645 0.080815 1.216333 0.066491
1.213685 0.080520 1.216353 0.066246
1.213724 0.080225 1.216372 0.066002
1.213763 0.079929 1.216392 0.065758
1.213802 0.079634 1.216411 0.065513
1.213841 0.079339 1.216431 0.065269
1.213879 0.079043 1.216450 0.065025
1.213918 0.078748 1.216469 0.064780
1.213956 0.078453 1.216488 0.064536
1.213994 0.078157 1.216508 0.064291
1.214032 0.077862 1.216527 0.064047
1.214070 0.077566 1.216545 0.063803
1.214108 0.077270 1.216564 0.063558
1.214146 0.076975 1.216583 0.063314
1.214183 0.076679 1.216602 0.063069
1.214220 0.076383 1.216621 0.062825
1.214258 0.076088 1.216639 0.062580
1.214295 0.075792 1.216658 0.062336
1.214331 0.075496 1.216676 0.062091
1.214368 0.075200 1.216694 0.061846
1.214405 0.074904 1.216713 0.061602
1.214441 0.074609 1.216731 0.061357
1.214478 0.074313 1.216749 0.061113
1.214514 0.074017 1.216767 0.060868
1.214550 0.073721 1.216785 0.060623
1.214586 0.073425 1.216803 0.060379
1.214621 0.073128 1.216821 0.060134
1.214657 0.072832 1.216838 0.059890
1.214692 0.072536 1.216856 0.059645
1.214728 0.072240 1.216874 0.059400
1.214763 0.071944 1.216891 0.059155
1.214798 0.071647 1.216909 0.058911
1.214832 0.071351 1.216926 0.058666
1.214867 0.071055 1.216943 0.058421
1.214902 0.070758 1.216960 0.058176
1.214936 0.070462 1.216978 0.057932
1.214970 0.070166 1.216995 0.057687
1.215004 0.069869 1.217012 0.057442
1.215038 0.069573 1.217029 0.057197
1.215072 0.069276 1.217045 0.056952
1.215106 0.068980 1.217062 0.056708
1.215139 0.068683 1.217079 0.056463
1.215173 0.068386 1.217095 0.056218
1.215206 0.068090 1.217112 0.055973
1.215239 0.067793 1.217128 0.055728
1.215272 0.067496 1.217145 0.055483
1.215305 0.067200 1.217161 0.055238
1.215337 0.066903 1.217177 0.054993
1.215370 0.066606 1.217193 0.054748
1.215402 0.066309 1.217210 0.054503
1.215434 0.066012 1.217225 0.054258
1.215466 0.065715 1.217241 0.054013
1.215498 0.065418 1.217257 0.053768
1.215530 0.065121 1.217273 0.053523
1.215561 0.064824 1.217289 0.053278
1.215593 0.064527 1.217304 0.053033
1.215624 0.064230 1.217320 0.052788
1.215655 0.063933 1.217335 0.052543
1.215686 0.063636 1.217351 0.052298
1.215717 0.063339 1.217366 0.052053
1.215748 0.063042 1.217381 0.051808
1.215778 0.062745 1.217396 0.051563
1.215809 0.062447 1.217412 0.051318
1.215839 0.062150 1.217427 0.051073
1.215869 0.061853 1.217441 0.050827
1.215899 0.061556 1.217456 0.050582
1.215929 0.061258 1.217471 0.050337
1.215959 0.060961 1.217486 0.050092
1.215988 0.060663 1.217500 0.049847
1.216018 0.060366 1.217515 0.049602
1.216047 0.060068 1.217529 0.049356
1.216076 0.059771 1.217544 0.049111
1.216105 0.059473 1.217558 0.048866
1.216134 0.059176 1.217572 0.048621
1.216162 0.058878 1.217587 0.048375
1.216191 0.058581 1.217601 0.048130
1.216219 0.058283 1.217615 0.047885
1.216247 0.057985 1.217629 0.047640
1.216275 0.057688 1.217643 0.047394
1.216303 0.057390 1.217656 0.047149
1.216331 0.057092 1.217670 0.046904
1.216359 0.056795 1.217684 0.046658
1.216386 0.056497 1.217697 0.046413
1.216413 0.056199 1.217711 0.046168
1.216440 0.055901 1.217724 0.045922
1.216467 0.055603 1.217738 0.045677
1.216494 0.055305 1.217751 0.045432
1.216521 0.055007 1.217764 0.045186
1.216548 0.054709 1.217777 0.044941
1.216574 0.054411 1.217790 0.044695
1.216600 0.054113 1.217803 0.044450
1.216626 0.053815 1.217816 0.044205
1.216652 0.053517 1.217829 0.043959
1.216678 0.053219 1.217842 0.043714
1.216704 0.052921 1.217854 0.043468
1.216729 0.052623 1.217867 0.043223
1.216755 0.052325 1.217879 0.042977
1.216780 0.052027 1.217892 0.042732
1.216805 0.051729 1.217904 0.042486
1.216830 0.051430 1.217916 0.042241
1.216855 0.051132 1.217929 0.041995
1.216879 0.050834 1.217941 0.041750
1.216904 0.050536 1.217953 0.041504
1.216928 0.050237 1.217965 0.041259
1.216952 0.049939 1.217977 0.041013
1.216976 0.049641 1.217988 0.040767
1.217000 0.049342 1.218000 0.040522
1.217024 0.049044 1.218012 0.040276
1.217048 0.048745 1.218023 0.040031
1.217071 0.048447 1.218035 0.039785
1.217094 0.048148 1.218046 0.039539
1.217118 0.047850 1.218058 0.039294
1.217141 0.047551 1.218069 0.039048
1.217163 0.047253 1.218080 0.038803
1.217186 0.046954 1.218091 0.038557
1.217209 0.046656 1.218102 0.038311
1.217231 0.046357 1.218113 0.038066
1.217253 0.046058 1.218124 0.037820
1.217275 0.045760 1.218135 0.037574
1.217297 0.045461 1.218146 0.037329
1.217319 0.045162 1.218157 0.037083
1.217341 0.044864 1.218167 0.036837
1.217362 0.044565 1.218178 0.036591
1.217384 0.044266 1.218188 0.036346
1.217405 0.043967 1.218199 0.036100
1.217426 0.043669 1.218209 0.035854
1.217447 0.043370 1.218219 0.035609
1.217468 0.043071 1.218229 0.035363
1.217488 0.042772 1.218239 0.035117
1.217509 0.042473 1.218249 0.034871
1.217529 0.042174 1.218259 0.034625
1.217549 0.041875 1.218269 0.034380
1.217569 0.041577 1.218279 0.034134
1.217589 0.041278 1.218289 0.033888
1.217609 0.040979 1.218298 0.033642
1.217628 0.040680 1.218308 0.033396
1.217648 0.040381 1.218317 0.033151
1.217667 0.040082 1.218327 0.032905
1.217686 0.039783 1.218336 0.032659
1.217705 0.039484 1.218345 0.032413
1.217724 0.039184 1.218354 0.032167
1.217743 0.038885 1.218364 0.031921
1.217761 0.038586 1.218373 0.031676
1.217780 0.038287 1.218381 0.031430
1.217798 0.037988 1.218390 0.031184
1.217816 0.037689 1.218399 0.030938
1.217834 0.037390 1.218408 0.030692
1.217852 0.037090 1.218416 0.030446
1.217869 0.036791 1.218425 0.030200
1.217887 0.036492 1.218433 0.029954
1.217904 0.036193 1.218442 0.029708
1.217921 0.035893 1.218450 0.029463
1.217938 0.035594 1.218458 0.029217
1.217955 0.035295 1.218467 0.028971
1.217972 0.034995 1.218475 0.028725
1.217989 0.034696 1.218483 0.028479
1.218005 0.034397 1.218491 0.028233
1.218021 0.034097 1.218499 0.027987
1.218038 0.033798 1.218506 0.027741
1.218054 0.033499 1.218514 0.027495
1.218069 0.033199 1.218522 0.027249
1.218085 0.032900 1.218529 0.027003
1.218101 0.032600 1.218537 0.026757
1.218116 0.032301 1.218544 0.026511
1.218131 0.032001 1.218552 0.026265
1.218146 0.031702 1.218559 0.026019
1.218161 0.031402 1.218566 0.025773
1.218176 0.031103 1.218573 0.025527
1.218191 0.030803 1.218580 0.025281
1.218205 0.030504 1.218587 0.025035
1.218220 0.030204 1.218594 0.024789
1.218234 0.029905 1.218601 0.024543
1.218248 0.029605 1.218608 0.024297
1.218262 0.029306 1.218614 0.024051
1.218276 0.029006 1.218621 0.023805
1.218289 0.028706 1.218627 0.023559
1.218303 0.028407 1.218634 0.023312
1.218316 0.028107 1.218640 0.023066
1.218329 0.027807 1.218646 0.022820
1.218342 0.027508 1.218653 0.022574
1.218355 0.027208 1.218659 0.022328
1.218368 0.026908 1.218665 0.022082
1.218380 0.026609 1.218671 0.021836
1.218393 0.026309 1.218677 0.021590
1.218405 0.026009 1.218683 0.021344
1.218417 0.025710 1.218688 0.021098
1.218429 0.025410 1.218694 0.020852
1.218441 0.025110 1.218700 0.020605
1.218452 0.024810 1.218705 0.020359
1.218464 0.024510 1.218710 0.020113
1.218475 0.024211 1.218716 0.019867
1.218487 0.023911 1.218721 0.019621
1.218498 0.023611 1.218726 0.019375
1.218509 0.023311 1.218732 0.019129
1.218519 0.023011 1.218737 0.018882
1.218530 0.022712 1.218742 0.018636
1.218540 0.022412 1.218746 0.018390
1.218551 0.022112 1.218751 0.018144
1.218561 0.021812 1.218756 0.017898
1.218571 0.021512 1.218761 0.017652
1.218581 0.021212 1.218765 0.017405
1.218590 0.020912 1.218770 0.017159
1.218600 0.020612 1.218774 0.016913
1.218609 0.020312 1.218779 0.016667
1.218619 0.020012 1.218783 0.016421
1.218628 0.019713 1.218787 0.016175
1.218637 0.019413 1.218791 0.015928
1.218646 0.019113 1.218795 0.015682
1.218654 0.018813 1.218799 0.015436
1.218663 0.018513 1.218803 0.015190
1.218671 0.018213 1.218807 0.014944
1.218679 0.017913 1.218811 0.014697
1.218687 0.017613 1.218815 0.014451
1.218695 0.017313 1.218818 0.014205
1.218703 0.017013 1.218822 0.013959
1.218711 0.016713 1.218825 0.013713
1.218718 0.016413 1.218829 0.013466
1.218726 0.016113 1.218832 0.013220
1.218733 0.015813 1.218835 0.012974
1.218740 0.015513 1.218838 0.012728
1.218747 0.015212 1.218842 0.012481
1.218753 0.014912 1.218845 0.012235
1.218760 0.014612 1.218848 0.011989
1.218766 0.014312 1.218850 0.011743
1.218773 0.014012 1.218853 0.011496
1.218779 0.013712 1.218856 0.011250
1.218785 0.013412 1.218858 0.011004
1.218791 0.013112 1.218861 0.010758
1.218796 0.012812 1.218864 0.010512
1.218802 0.012512 1.218866 0.010265
1.218807 0.012212 1.218868 0.010019
1.218812 0.011912 1.218871 0.009773
1.218817 0.011611 1.218873 0.009527
1.218822 0.011311 1.218875 0.009280
1.218827 0.011011 1.218877 0.009034
1.218832 0.010711 1.218879 0.008788
1.218836 0.010411 1.218881 0.008541
1.218840 0.010111 1.218882 0.008295
1.218845 0.009811 1.218884 0.008049
1.218849 0.009511 1.218886 0.007803
1.218853 0.009210 1.218887 0.007556
1.218856 0.008910 1.218889 0.007310
1.218860 0.008610 1.218890 0.007064
1.218863 0.008310 1.218892 0.006818
1.218867 0.008010 1.218893 0.006571
1.218870 0.007710 1.218894 0.006325
1.218873 0.007409 1.218895 0.006079
1.218875 0.007109 1.218896 0.005833
1.218878 0.006809 1.218897 0.005586
1.218881 0.006509 1.218898 0.005340
1.218883 0.006209 1.218899 0.005094
1.218885 0.005909 1.218900 0.004847
1.218887 0.005608 1.218900 0.004601
1.218889 0.005308 1.218901 0.004355
1.218891 0.005008 1.218901 0.004109
1.218893 0.004708 1.218902 0.003862
1.218894 0.004408 1.218902 0.003616
1.218895 0.004107 1.218902 0.003370
1.218897 0.003807 1.218903 0.003124
1.218898 0.003507 1.218903 0.002877
1.218899 0.003207 1.218903 0.002631
1.218899 0.002907 1.218903 0.002385
1.218900 0.002607 1.218903 0.002138
1.218900 0.002306 1.218902 0.001892
1.218901 0.002006 1.218902 0.001646
1.218901 0.001706 1.218902 0.001400
1.218901 0.001406 1.218901 0.001153
1.218900 0.001106 1.218901 0.000907
1.218900 0.000805 1.218900 0.000661
1.218900 0.000505 1.218900 0.000414
1.218899 0.000205 1.218899 0.000168
1.218898 -0.000095 1.218898 -0.000078
1.218897 -0.000395 1.218897 -0.000324
1.218896 -0.000696 1.218896 -0.000571
1.218895 -0.000996 1.218895 -0.000817
1.218894 -0.001296 1.218894 -0.001063
1.218892 -0.001596 1.218893 -0.001309
1.218891 -0.001896 1.218892 -0.001556
1.218889 -0.002196 1.218891 -0.001802
1.218887 -0.002497 1.218889 -0.002048
1.218885 -0.002797 1.218888 -0.002295
1.218882 -0.003097 1.218886 -0.002541
1.218880 -0.003397 1.218885 -0.002787
1.218877 -0.003697 1.218883 -0.003033
1.218875 -0.003997 1.218881 -0.003280
1.218872 -0.004298 1.218879 -0.003526
1.218869 -0.004598 1.218877 -0.003772
1.218866 -0.004898 1.218875 -0.004018
1.218862 -0.005198 1.218873 -0.004265
1.218859 -0.005498 1.218871 -0.004511
1.218855 -0.005798 1.218869 -0.004757
1.218851 -0.006098 1.218867 -0.005003
1.218847 -0.006399 1.218864 -0.005250
1.218843 -0.006699 1.218862 -0.005496
1.218839 -0.006999 1.218859 -0.005742
1.218835 -0.007299 1.218857 -0.005988
1.218830 -0.007599 1.218854 -0.006235
1.218826 -0.007899 1.218851 -0.006481
1.218821 -0.008199 1.218848 -0.006727
1.218816 -0.008499 1.218845 -0.006973
1.218811 -0.008799 1.218842 -0.007220
1.218805 -0.009099 1.218839 -0.007466
1.218800 -0.009400 1.218836 -0.007712
1.218794 -0.009700 1.218833 -0.007958
1.218789 -0.010000 1.218830 -0.008204
1.218783 -0.010300 1.218826 -0.008451
1.218777 -0.010600 1.218823 -0.008697
1.218771 -0.010900 1.218819 -0.008943
1.218764 -0.011200 1.218816 -0.009189
1.218758 -0.011500 1.218812 -0.009435
1.218751 -0.011800 1.218808 -0.009682
1.218744 -0.012100 1.218804 -0.009928
1.218738 -0.012400 1.218801 -0.010174
1.218730 -0.012700 1.218797 -0.010420
1.218723 -0.013000 1.218793 -0.010666
1.218716 -0.013300 1.218788 -0.010913
1.218708 -0.013600 1.218784 -0.011159
1.218701 -0.013900 1.218780 -0.011405
1.218693 -0.014200 1.218776 -0.011651
1.218685 -0.014500 1.218771 -0.011897
1.218677 -0.014800 1.218767 -0.012144
1.218668 -0.015100 1.218762 -0.012390
1.218660 -0.015400 1.218757 -0.012636
1.218652 -0.015700 1.218753 -0.012882
1.218643 -0.016000 1.218748 -0.013128
1.218634 -0.016299 1.218743 -0.013374
1.218625 -0.016599 1.218738 -0.013621
1.218616 -0.016899 1.218733 -0.013867
1.218606 -0.017199 1.218728 -0.014113
1.218597 -0.017499 1.218723 -0.014359
1.218587 -0.017799 1.218717 -0.014605
1.218578 -0.018099 1.218712 -0.014851
1.218568 -0.018399 1.218707 -0.015097
1.218558 -0.018698 1.218701 -0.015344
1.218547 -0.018998 1.218695 -0.015590
1.218537 -0.019298 1.218690 -0.015836
1.218527 -0.019598 1.218684 -0.016082
1.218516 -0.019898 1.218678 -0.016328
1.218505 -0.020197 1.218672 -0.016574
1.218494 -0.020497 1.218666 -0.016820
1.218483 -0.020797 1.218660 -0.017066
1.218472 -0.021097 1.218654 -0.017312
1.218460 -0.021396 1.218648 -0.017558
1.218449 -0.021696 1.218642 -0.017805
1.218437 -0.021996 1.218636 -0.018051
1.218425 -0.022296 1.218629 -0.018297
1.218413 -0.022595 1.218623 -0.018543
1.218401 -0.022895 1.218616 -0.018789
1.218389 -0.023195 1.218609 -0.019035
1.218376 -0.023494 1.218603 -0.019281
1.218364 -0.023794 1.218596 -0.019527
1.218351 -0.024094 1.218589 -0.019773
1.218338 -0.024393 1.218582 -0.020019
1.218325 -0.024693 1.218575 -0.020265
1.218312 -0.024992 1.218568 -0.020511
1.218298 -0.025292 1.218561 -0.020757
1.218285 -0.025591 1.218554 -0.021003
1.218271 -0.025891 1.218546 -0.021249
1.218257 -0.026191 1.218539 -0.021495
1.218243 -0.026490 1.218531 -0.021741
1.218229 -0.026790 1.218524 -0.021987
1.218215 -0.027089 1.218516 -0.022233
1.218201 -0.027389 1.218509 -0.022479
1.218186 -0.027688 1.218501 -0.022725
1.218171 -0.027987 1.218493 -0.022971
1.218157 -0.028287 1.218485 -0.023217
1.218142 -0.028586 1.218477 -0.023463
1.218126 -0.028886 1.218469 -0.023709
1.218111 -0.029185 1.218461 -0.023955
1.218096 -0.029484 1.218453 -0.024201
1.218080 -0.029784 1.218444 -0.024447
1.218064 -0.030083 1.218436 -0.024693
1.218049 -0.030383 1.218427 -0.024938
1.218032 -0.030682 1.218419 -0.025184
1.218016 -0.030981 1.218410 -0.025430
1.218000 -0.031280 1.218402 -0.025676
1.217983 -0.031580 1.218393 -0.025922
1.217967 -0.031879 1.218384 -0.026168
1.217950 -0.032178 1.218375 -0.026414
1.217933 -0.032477 1.218366 -0.026660
1.217916 -0.032777 1.218357 -0.026905
1.217899 -0.033076 1.218348 -0.027151
1.217881 -0.033375 1.218339 -0.027397
1.217864 -0.033674 1.218329 -0.027643
1.217846 -0.033973 1.218320 -0.027889
1.217828 -0.034272 1.218310 -0.028135
1.217810 -0.034571 1.218301 -0.028381
1.217792 -0.034870 1.218291 -0.028626
1.217774 -0.035169 1.218282 -0.028872
1.217755 -0.035469 1.218272 -0.029118
1.217737 -0.035768 1.218262 -0.029364
1.217718 -0.036067 1.218252 -0.029609
1.217699 -0.036366 1.218242 -0.029855
1.217680 -0.036664 1.218232 -0.030101
1.217661 -0.036963 1.218222 -0.030347
1.217642 -0.037262 1.218212 -0.030593
1.217622 -0.037561 1.218202 -0.030838
1.217603 -0.037860 1.218191 -0.031084
1.217583 -0.038159 1.218181 -0.031330
1.217563 -0.038458 1.218170 -0.031575
1.217543 -0.038757 1.218160 -0.031821
1.217523 -0.039055 1.218149 -0.032067
1.217502 -0.039354 1.218138 -0.032313
1.217482 -0.039653 1.218127 -0.032558
1.217461 -0.039952 1.218117 -0.032804
1.217440 -0.040250 1.218106 -0.033050
1.217419 -0.040549 1.218095 -0.033295
1.217398 -0.040848 1.218083 -0.033541
1.217377 -0.041147 1.218072 -0.033786
1.217356 -0.041445 1.218061 -0.034032
1.217334 -0.041744 1.218050 -0.034278
1.217312 -0.042042 1.218038 -0.034523
1.217291 -0.042341 1.218027 -0.034769
1.217269 -0.042640 1.218015 -0.035015
1.217246 -0.042938 1.218003 -0.035260
1.217224 -0.043237 1.217992 -0.035506
1.217202 -0.043535 1.217980 -0.035751
1.217179 -0.043834 1.217968 -0.035997
1.217156 -0.044132 1.217956 -0.036242
1.217133 -0.044430 1.217944 -0.036488
1.217110 -0.044729 1.217932 -0.036733
1.217087 -0.045027 1.217920 -0.036979
1.217064 -0.045326 1.217908 -0.037224
1.217040 -0.045624 1.217895 -0.037470
1.217017 -0.045922 1.217883 -0.037715
1.216993 -0.046220 1.217870 -0.037961
1.216969 -0.046519 1.217858 -0.038206
1.216945 -0.046817 1.217845 -0.038452
1.216921 -0.047115 1.217832 -0.038697
1.216896 -0.047413 1.217820 -0.038943
1.216872 -0.047712 1.217807 -0.039188
1.216847 -0.048010 1.217794 -0.039434
1.216822 -0.048308 1.217781 -0.039679
1.216797 -0.048606 1.217768 -0.039924
1.216772 -0.048904 1.217754 -0.040170
1.216747 -0.049202 1.217741 -0.040415
1.216721 -0.049500 1.217728 -0.040661
1.216696 -0.049798 1.217715 -0.040906
1.216670 -0.050096 1.217701 -0.041151
1.216644 -0.050394 1.217688 -0.041397
1.216618 -0.050692 1.217674 -0.041642
1.216592 -0.050990 1.217660 -0.041887
1.216566 -0.051288 1.217646 -0.042133
1.216539 -0.051585 1.217633 -0.042378
1.216513 -0.051883 1.217619 -0.042623
1.216486 -0.052181 1.217605 -0.042869
1.216459 -0.052479 1.217591 -0.043114
1.216432 -0.052776 1.217576 -0.043359
1.216405 -0.053074 1.217562 -0.043604
1.216378 -0.053372 1.217548 -0.043850
1.216350 -0.053669 1.217533 -0.044095
1.216322 -0.053967 1.217519 -0.044340
1.216295 -0.054265 1.217504 -0.044585
1.216267 -0.054562 1.217490 -0.044830
1.216239 -0.054860 1.217475 -0.045076
1.216210 -0.055157 1.217460 -0.045321
1.216182 -0.055455 1.217446 -0.045566
1.216153 -0.055752 1.217431 -0.045811
1.216125 -0.056050 1.217416 -0.046056
1.216096 -0.056347 1.217401 -0.046301
1.216067 -0.056644 1.217385 -0.046546
1.216038 -0.056942 1.217370 -0.046791
1.216009 -0.057239 1.217355 -0.047037
1.215979 -0.057536 1.217340 -0.047282
1.215950 -0.057834 1.217324 -0.047527
1.215920 -0.058131 1.217309 -0.047772
1.215890 -0.058428 1.217293 -0.048017
1.215860 -0.058725 1.217277 -0.048262
1.215830 -0.059022 1.217262 -0.048507
1.215800 -0.059319 1.217246 -0.048752
1.215769 -0.059617 1.217230 -0.048997
1.215739 -0.059914 1.217214 -0.049242
1.215708 -0.060211 1.217198 -0.049487
1.215677 -0.060508 1.217182 -0.049732
1.215646 -0.060805 1.217166 -0.049977
1.215615 -0.061101 1.217149 -0.050222
1.215583 -0.061398 1.217133 -0.050466
1.215552 -0.061695 1.217117 -0.050711
1.215520 -0.061992 1.217100 -0.050956
1.215488 -0.062289 1.217083 -0.051201
1.215457 -0.062586 1.217067 -0.051446
1.215424 -0.062882 1.217050 -0.051691
1.215392 -0.063179 1.217033 -0.051936
1.215360 -0.063476 1.217016 -0.052181
1.215327 -0.063772 1.216999 -0.052425
1.215295 -0.064069 1.216982 -0.052670
1.215262 -0.064366 1.216965 -0.052915
1.215229 -0.064662 1.216948 -0.053160
1.215196 -0.064959 1.216931 -0.053404
1.215163 -0.065255 1.216913 -0.053649
1.215129 -0.065552 1.216896 -0.053894
1.215096 -0.065848 1.216879 -0.054139
1.215062 -0.066144 1.216861 -0.054383
1.215028 -0.066441 1.216843 -0.054628
1.214994 -0.066737 1.216826 -0.054873
1.214960 -0.067033 1.216808 -0.055117
1.214926 -0.067330 1.216790 -0.055362
1.214891 -0.067626 1.216772 -0.055607
1.214857 -0.067922 1.216754 -0.055851
1.214822 -0.068218 1.216736 -0.056096
1.214787 -0.068514 1.216718 -0.056340
1.214752 -0.068810 1.216699 -0.056585
1.214717 -0.069106 1.216681 -0.056830
1.214682 -0.069402 1.216663 -0.057074
1.214646 -0.069698 1.216644 -0.057319
1.214611 -0.069994 1.216626 -0.057563
1.214575 -0.070290 1.216607 -0.057808
1.214539 -0.070586 1.216588 -0.058052
1.214503 -0.070882 1.216570 -0.058297
1.214467 -0.071178 1.216551 -0.058541
1.214430 -0.071473 1.216532 -0.058786
1.214394 -0.071769 1.216513 -0.059030
1.214357 -0.072065 1.216494 -0.059274
1.214321 -0.072360 1.216475 -0.059519
1.214284 -0.072656 1.216455 -0.059763
1.214247 -0.072952 1.216436 -0.060008
1.214209 -0.073247 1.216417 -0.060252
1.214172 -0.073543 1.216397 -0.060496
1.214134 -0.073838 1.216378 -0.060741
1.214097 -0.074134 1.216358 -0.060985
1.214059 -0.074429 1.216338 -0.061229
1.214021 -0.074724 1.216319 -0.061474
1.213983 -0.075020 1.216299 -0.061718
1.213945 -0.075315 1.216279 -0.061962
1.213906 -0.075610 1.216259 -0.062206
1.213868 -0.075905 1.216239 -0.062451
1.213829 -0.076201 1.216219 -0.062695
1.213790 -0.076496 1.216198 -0.062939
1.213751 -0.076791 1.216178 -0.063183
1.213712 -0.077086 1.216158 -0.063427
1.213673 -0.077381 1.216137 -0.063671
1.213634 -0.077676 1.216117 -0.063916
1.213594 -0.077971 1.216096 -0.064160
1.213554 -0.078266 1.216075 -0.064404
1.213514 -0.078561 1.216055 -0.064648
1.213474 -0.078855 1.216034 -0.064892
1.213434 -0.079150 1.216013 -0.065136
1.213394 -0.079445 1.215992 -0.065380
1.213354 -0.079740 1.215971 -0.065624
1.213313 -0.080034 1.215950 -0.065868
1.213272 -0.080329 1.215929 -0.066112
1.213231 -0.080623 1.215907 -0.066356
1.213190 -0.080918 1.215886 -0.066600
1.213149 -0.081212 1.215865 -0.066844
1.213108 -0.081507 1.215843 -0.067088
1.213067 -0.081801 1.215822 -0.067332
1.213025 -0.082096 1.215800 -0.067575
1.212983 -0.082390 1.215778 -0.067819
1.212941 -0.082684 1.215756 -0.068063
1.212899 -0.082979 1.215734 -0.068307
1.212857 -0.083273 1.215712 -0.068551
1.212815 -0.083567 1.215690 -0.068795
1.212772 -0.083861 1.215668 -0.069038
1.212730 -0.084155 1.215646 -0.069282
1.212687 -0.084449 1.215624 -0.069526
1.212644 -0.084743 1.215602 -0.069770
1.212601 -0.085037 1.215579 -0.070013
1.212558 -0.085331 1.215557 -0.070257
1.212515 -0.085625 1.215534 -0.070501
1.212471 -0.085919 1.215511 -0.070744
1.212427 -0.086213 1.215489 -0.070988
1.212384 -0.086506 1.215466 -0.071232
1.212340 -0.086800 1.215443 -0.071475
1.212296 -0.087094 1.215420 -0.071719
1.212251 -0.087387 1.215397 -0.071962
1.212207 -0.087681 1.215374 -0.072206
1.212163 -0.087974 1.215351 -0.072449
1.212118 -0.088268 1.215328 -0.072693
1.212073 -0.088561 1.215304 -0.072936
1.212028 -0.088855 1.215281 -0.073180
1.211983 -0.089148 1.215257 -0.073423
1.211938 -0.089441 1.215234 -0.073667
1.211893 -0.089735 1.215210 -0.073910
1.211847 -0.090028 1.215187 -0.074154
1.211801 -0.090321 1.215163 -0.074397
1.211756 -0.090614 1.215139 -0.074640
1.211710 -0.090907 1.215115 -0.074884
1.211664 -0.091200 1.215091 -0.075127
1.211617 -0.091493 1.215067 -0.075370
1.211571 -0.091786 1.215043 -0.075614
1.211524 -0.092079 1.215019 -0.075857
1.211478 -0.092372 1.214994 -0.076100
1.211431 -0.092665 1.214970 -0.076343
1.211384 -0.092958 1.214945 -0.076587
1.211337 -0.093250 1.214921 -0.076830
1.211290 -0.093543 1.214896 -0.077073
1.211242 -0.093836 1.214872 -0.077316
1.211195 -0.094128 1.214847 -0.077559
1.211147 -0.094421 1.214822 -0.077802
1.211099 -0.094713 1.214797 -0.078046
1.211051 -0.095006 1.214772 -0.078289
1.211003 -0.095298 1.214747 -0.078532
1.210955 -0.095590 1.214722 -0.078775
1.210906 -0.095883 1.214697 -0.079018
1.210858 -0.096175 1.214671 -0.079261
1.210809 -0.096467 1.214646 -0.079504
1.210760 -0.096759 1.214621 -0.079747
1.210711 -0.097051 1.214595 -0.079990
1.210662 -0.097343 1.214569 -0.080233
1.210613 -0.097636 1.214544 -0.080475
1.210564 -0.097927 1.214518 -0.080718
1.210514 -0.098219 1.214492 -0.080961
1.210464 -0.098511 1.214466 -0.081204
1.210415 -0.098803 1.214440 -0.081447
1.210365 -0.099095 1.214414 -0.081690
1.210314 -0.099387 1.214388 -0.081932
1.210264 -0.099678 1.214362 -0.082175
1.210214 -0.099970 1.214336 -0.082418
1.210163 -0.100261 1.214309 -0.082661
1.210113 -0.100553 1.214283 -0.082903
1.210062 -0.100844 1.214257 -0.083146
1.210011 -0.101136 1.214230 -0.083389
1.209960 -0.101427 1.214203 -0.083631
1.209908 -0.101718 1.214177 -0.083874
1.209857 -0.102010 1.214150 -0.084117
1.209805 -0.102301 1.214123 -0.084359
1.209754 -0.102592 1.214096 -0.084602
1.209702 -0.102883 1.214069 -0.084844
1.209650 -0.103174 1.214042 -0.085087
1.209598 -0.103465 1.214015 -0.085329
1.209545 -0.103756 1.213987 -0.085572
1.209493 -0.104047 1.213960 -0.085814
1.209440 -0.104338 1.213933 -0.086057
1.209388 -0.104629 1.213905 -0.086299
1.209335 -0.104920 1.213878 -0.086541
1.209282 -0.105210 1.213850 -0.086784
1.209229 -0.105501 1.213822 -0.087026
1.209175 -0.105791 1.213795 -0.087268
1.209122 -0.106082 1.213767 -0.087511
1.209068 -0.106372 1.213739 -0.087753
1.209015 -0.106663 1.213711 -0.087995
1.208961 -0.106953 1.213683 -0.088237
1.208907 -0.107244 1.213655 -0.088480
1.208853 -0.107534 1.213626 -0.088722
1.208799 -0.107824 1.213598 -0.088964
1.208744 -0.108114 1.213570 -0.089206
1.208690 -0.108404 1.213541 -0.089448
1.208635 -0.108694 1.213513 -0.089690
1.208580 -0.108984 1.213484 -0.089932
1.208525 -0.109274 1.213455 -0.090174
1.208470 -0.109564 1.213427 -0.090416
1.208415 -0.109854 1.213398 -0.090658
1.208359 -0.110144 1.213369 -0.090900
1.208304 -0.110434 1.213340 -0.091142
1.208248 -0.110723 1.213311 -0.091384
1.208192 -0.111013 1.213282 -0.091626
1.208136 -0.111303 1.213252 -0.091868
1.208080 -0.111592 1.213223 -0.092110
1.208024 -0.111882 1.213194 -0.092352
1.207967 -0.112171 1.213164 -0.092594
1.207911 -0.112460 1.213135 -0.092836
1.207854 -0.112750 1.213105 -0.093077
1.207797 -0.113039 1.213076 -0.093319
1.207740 -0.113328 1.213046 -0.093561
1.207683 -0.113617 1.213016 -0.093803
1.207626 -0.113906 1.212986 -0.094044
1.207569 -0.114195 1.212956 -0.094286
1.207511 -0.114484 1.212926 -0.094528
1.207453 -0.114773 1.212896 -0.094769
1.207396 -0.115062 1.212866 -0.095011
1.207338 -0.115351 1.212835 -0.095252
1.207280 -0.115639 1.212805 -0.095494
1.207221 -0.115928 1.212775 -0.095735
1.207163 -0.116217 1.212744 -0.095977
1.207104 -0.116505 1.212714 -0.096218
1.207046 -0.116794 1.212683 -0.096460
1.206987 -0.117082 1.212652 -0.096701
1.206928 -0.117371 1.212621 -0.096943
1.206869 -0.117659 1.212591 -0.097184
1.206810 -0.117947 1.212560 -0.097425
1.206750 -0.118235 1.212529 -0.097667
1.206691 -0.118524 1.212498 -0.097908
1.206631 -0.118812 1.212466 -0.098149
1.206571 -0.119100 1.212435 -0.098390
1.206511 -0.119388 1.212404 -0.098632
1.206451 -0.119676 1.212372 -0.098873
1.206391 -0.119963 1.212341 -0.099114
1.206331 -0.120251 1.212309 -0.099355
1.206270 -0.120539 1.212278 -0.099596
1.206210 -0.120827 1.212246 -0.099837
1.206149 -0.121114 1.212214 -0.100079
1.206088 -0.121402 1.212182 -0.100320
1.206027 -0.121689 1.212151 -0.100561
1.205966 -0.121977 1.212119 -0.100802
1.205904 -0.122264 1.212086 -0.101043
1.205843 -0.122551 1.212054 -0.101284
1.205781 -0.122839 1.212022 -0.101525
1.205719 -0.123126 1.211990 -0.101765
1.205657 -0.123413 1.211957 -0.102006
1.205595 -0.123700 1.211925 -0.102247
1.205533 -0.123987 1.211892 -0.102488
1.205471 -0.124274 1.211860 -0.102729
1.205408 -0.124561 1.211827 -0.102970
1.205346 -0.124848 1.211794 -0.103210
1.205283 -0.125135 1.211762 -0.103451
1.205220 -0.125421 1.211729 -0.103692
1.205157 -0.125708 1.211696 -0.103932
1.205094 -0.125994 1.211663 -0.104173
1.205031 -0.126281 1.211629 -0.104414
1.204967 -0.126567 1.211596 -0.104654
1.204904 -0.126854 1.211563 -0.104895
1.204840 -0.127140 1.211530 -0.105135
1.204776 -0.127426 1.211496 -0.105376
1.204712 -0.127713 1.211463 -0.105616
1.204648 -0.127999 1.211429 -0.105857
1.204584 -0.128285 1.211395 -0.106097
1.204519 -0.128571 1.211362 -0.106338
1.204455 -0.128857 1.211328 -0.106578
1.204390 -0.129143 1.211294 -0.106818
1.204325 -0.129428 1.211260 -0.107059
1.204260 -0.129714 1.211226 -0.107299
1.204195 -0.130000 1.211192 -0.107539
1.204130 -0.130286 1.211158 -0.107780
1.204064 -0.130571 1.211123 -0.108020
1.203999 -0.130857 1.211089 -0.108260
1.203933 -0.131142 1.211055 -0.108500
1.203867 -0.131427 1.211020 -0.108740
1.203801 -0.131713 1.210986 -0.108980
1.203735 -0.131998 1.210951 -0.109221
1.203669 -0.132283 1.210916 -0.109461
1.203603 -0.132568 1.210882 -0.109701
1.203536 -0.132853 1.210847 -0.109941
1.203470 -0.133138 1.210812 -0.110181
1.203403 -0.133423 1.210777 -0.110421
1.203336 -0.133708 1.210742 -0.110661
1.203269 -0.133993 1.210706 -0.110900
1.203202 -0.134278 1.210671 -0.111140
1.203134 -0.134562 1.210636 -0.111380
1.203067 -0.134847 1.210601 -0.111620
1.202999 -0.135131 1.210565 -0.111860
1.202932 -0.135416 1.210530 -0.112099
1.202864 -0.135700 1.210494 -0.112339
1.202796 -0.135984 1.210458 -0.112579
1.202727 -0.136269 1.210422 -0.112819
1.202659 -0.136553 1.210387 -0.113058
1.202591 -0.136837 1.210351 -0.113298
1.202522 -0.137121 1.210315 -0.113537
1.202453 -0.137405 1.210279 -0.113777
1.202385 -0.137689 1.210243 -0.114017
1.202316 -0.137973 1.210206 -0.114256
1.202246 -0.138256 1.210170 -0.114495
1.202177 -0.138540 1.210134 -0.114735
1.202108 -0.138824 1.210097 -0.114974
1.202038 -0.139107 1.210061 -0.115214
1.201969 -0.139391 1.210024 -0.115453
1.201899 -0.139674 1.209987 -0.115692
1.201829 -0.139958 1.209951 -0.115932
1.201759 -0.140241 1.209914 -0.116171
1.201689 -0.140524 1.209877 -0.116410
1.201618 -0.140807 1.209840 -0.116649
1.201548 -0.141090 1.209803 -0.116889
1.201477 -0.141373 1.209766 -0.117128
1.201406 -0.141656 1.209729 -0.117367
1.201335 -0.141939 1.209691 -0.117606
1.201264 -0.142222 1.209654 -0.117845
1.201193 -0.142505 1.209617 -0.118084
1.201122 -0.142787 1.209579 -0.118323
1.201050 -0.143070 1.209542 -0.118562
1.200979 -0.143353 1.209504 -0.118801
1.200907 -0.143635 1.209466 -0.119040
1.200835 -0.143917 1.209428 -0.119279
1.200763 -0.144200 1.209391 -0.119518
1.200691 -0.144482 1.209353 -0.119757
1.200619 -0.144764 1.209315 -0.119995
1.200546 -0.145046 1.209277 -0.120234
1.200474 -0.145328 1.209238 -0.120473
1.200401 -0.145610 1.209200 -0.120712
1.200328 -0.145892 1.209162 -0.120950
1.200255 -0.146174 1.209123 -0.121189
1.200182 -0.146456 1.209085 -0.121427
1.200109 -0.146737 1.209046 -0.121666
1.200036 -0.147019 1.209008 -0.121905
1.199962 -0.147300 1.208969 -0.122143
1.199888 -0.147582 1.208930 -0.122382
1.199815 -0.147863 1.208892 -0.122620
1.199741 -0.148145 1.208853 -0.122859
1.199667 -0.148426 1.208814 -0.123097
1.199593 -0.148707 1.208775 -0.123335
1.199518 -0.148988 1.208735 -0.123574
1.199444 -0.149269 1.208696 -0.123812
1.199369 -0.149550 1.208657 -0.124050
1.199294 -0.149831 1.208618 -0.124289
1.199220 -0.150112 1.208578 -0.124527
1.199145 -0.150392 1.208539 -0.124765
1.199069 -0.150673 1.208499 -0.125003
1.198994 -0.150954 1.208459 -0.125241
1.198919 -0.151234 1.208420 -0.125479
1.198843 -0.151514 1.208380 -0.125717
1.198768 -0.151795 1.208340 -0.125955
1.198692 -0.152075 1.208300 -0.126193
1.198616 -0.152355 1.208260 -0.126431
1.198540 -0.152635 1.208220 -0.126669
1.198464 -0.152915 1.208180 -0.126907
1.198387 -0.153195 1.208139 -0.127145
1.198311 -0.153475 1.208099 -0.127383
1.198234 -0.153755 1.208059 -0.127621
1.198157 -0.154035 1.208018 -0.127858
1.198080 -0.154314 1.207978 -0.128096
1.198003 -0.154594 1.207937 -0.128334
1.197926 -0.154874 1.207896 -0.128572
1.197849 -0.155153 1.207855 -0.128809
1.197772 -0.155432 1.207815 -0.129047
1.197694 -0.155712 1.207774 -0.129284
1.197616 -0.155991 1.207733 -0.129522
1.197538 -0.156270 1.207691 -0.129759
1.197461 -0.156549 1.207650 -0.129997
1.197382 -0.156828 1.207609 -0.130234
1.197304 -0.157107 1.207568 -0.130472
1.197226 -0.157386 1.207526 -0.130709
1.197147 -0.157664 1.207485 -0.130947
1.197069 -0.157943 1.207443 -0.131184
1.196990 -0.158222 1.207402 -0.131421
1.196911 -0.158500 1.207360 -0.131658
1.196832 -0.158779 1.207318 -0.131896
1.196753 -0.159057 1.207276 -0.132133
1.196674 -0.159335 1.207235 -0.132370
1.196594 -0.159613 1.207193 -0.132607
1.196515 -0.159892 1.207151 -0.132844
1.196435 -0.160170 1.207108 -0.133081
1.196355 -0.160448 1.207066 -0.133318
1.196275 -0.160725 1.207024 -0.133555
1.196195 -0.161003 1.206982 -0.133792
1.196115 -0.161281 1.206939 -0.134029
1.196034 -0.161559 1.206897 -0.134266
1.195954 -0.161836 1.206854 -0.134503
1.195873 -0.162114 1.206811 -0.134740
1.195792 -0.162391 1.206769 -0.134976
1.195712 -0.162668 1.206726 -0.135213
1.195631 -0.162946 1.206683 -0.135450
1.195549 -0.163223 1.206640 -0.135687
1.195468 -0.163500 1.206597 -0.135923
1.195387 -0.163777 1.206554 -0.136160
1.195305 -0.164054 1.206511 -0.136396
1.195223 -0.164331 1.206467 -0.136633
1.195142 -0.164607 1.206424 -0.136869
1.195060 -0.164884 1.206381 -0.137106
1.194978 -0.165161 1.206337 -0.137342
1.194895 -0.165437 1.206294 -0.137579
1.194813 -0.165714 1.206250 -0.137815
1.194730 -0.165990 1.206206 -0.138051
1.194648 -0.166266 1.206163 -0.138288
1.194565 -0.166543 1.206119 -0.138524
1.194482 -0.166819 1.206075 -0.138760
1.194399 -0.167095 1.206031 -0.138996
1.194316 -0.167371 1.205987 -0.139233
1.194233 -0.167646 1.205943 -0.139469
1.194149 -0.167922 1.205898 -0.139705
1.194066 -0.168198 1.205854 -0.139941
1.193982 -0.168474 1.205810 -0.140177
1.193898 -0.168749 1.205765 -0.140413
1.193814 -0.169025 1.205721 -0.140649
1.193730 -0.169300 1.205676 -0.140885
1.193646 -0.169575 1.205631 -0.141121
1.193562 -0.169850 1.205587 -0.141356
1.193477 -0.170125 1.205542 -0.141592
1.193393 -0.170401 1.205497 -0.141828
1.193308 -0.170675 1.205452 -0.142064
1.193223 -0.170950 1.205407 -0.142299
1.193138 -0.171225 1.205362 -0.142535
1.193053 -0.171500 1.205317 -0.142771
1.192968 -0.171774 1.205271 -0.143006
1.192883 -0.172049 1.205226 -0.143242
1.192797 -0.172323 1.205180 -0.143477
1.192711 -0.172598 1.205135 -0.143713
1.192626 -0.172872 1.205089 -0.143948
1.192540 -0.173146 1.205044 -0.144184
1.192454 -0.173420 1.204998 -0.144419
1.192368 -0.173694 1.204952 -0.144654
1.192281 -0.173968 1.204906 -0.144890
1.192195 -0.174242 1.204860 -0.145125
1.192108 -0.174516 1.204814 -0.145360
1.192022 -0.174790 1.204768 -0.145595
1.191935 -0.175063 1.204722 -0.145830
1.191848 -0.175337 1.204676 -0.146066
1.191761 -0.175610 1.204630 -0.146301
1.191674 -0.175883 1.204583 -0.146536
1.191586 -0.176157 1.204537 -0.146771
1.191499 -0.176430 1.204490 -0.147006
1.191411 -0.176703 1.204444 -0.147241
1.191323 -0.176976 1.204397 -0.147475
1.191236 -0.177249 1.204350 -0.147710
1.191148 -0.177522 1.204303 -0.147945
1.191060 -0.177794 1.204256 -0.148180
1.190971 -0.178067 1.204209 -0.148415
1.190883 -0.178339 1.204162 -0.148649
1.190794 -0.178612 1.204115 -0.148884
1.190706 -0.178884 1.204068 -0.149119
1.190617 -0.179157 1.204021 -0.149353
1.190528 -0.179429 1.203973 -0.149588
1.190439 -0.179701 1.203926 -0.149822
1.190350 -0.179973 1.203878 -0.150057
1.190261 -0.180245 1.203831 -0.150291
1.190171 -0.180517 1.203783 -0.150526
1.190082 -0.180788 1.203735 -0.150760
1.189992 -0.181060 1.203688 -0.150994
1.189902 -0.181332 1.203640 -0.151229
1.189812 -0.181603 1.203592 -0.151463
1.189722 -0.181875 1.203544 -0.151697
1.189632 -0.182146 1.203496 -0.151931
1.189542 -0.182417 1.203448 -0.152165
1.189451 -0.182688 1.203399 -0.152399
1.189361 -0.182959 1.203351 -0.152633
1.189270 -0.183230 1.203303 -0.152867
1.189179 -0.183501 1.203254 -0.153101
1.189089 -0.183772 1.203206 -0.153335
1.188997 -0.184043 1.203157 -0.153569
1.188906 -0.184313 1.203108 -0.153803
1.188815 -0.184584 1.203059 -0.154037
1.188723 -0.184854 1.203011 -0.154271
1.188632 -0.185124 1.202962 -0.154504
1.188540 -0.185395 1.202913 -0.154738
1.188448 -0.185665 1.202864 -0.154972
1.188356 -0.185935 1.202814 -0.155205
1.188264 -0.186205 1.202765 -0.155439
1.188172 -0.186475 1.202716 -0.155673
1.188080 -0.186744 1.202667 -0.155906
1.187987 -0.187014 1.202617 -0.156140
1.187895 -0.187284 1.202568 -0.156373
1.187802 -0.187553 1.202518 -0.156606
1.187709 -0.187822 1.202468 -0.156840
1.187616 -0.188092 1.202419 -0.157073
1.187523 -0.188361 1.202369 -0.157306
1.187430 -0.188630 1.202319 -0.157539
1.187336 -0.188899 1.202269 -0.157773
1.187243 -0.189168 1.202219 -0.158006
1.187149 -0.189437 1.202169 -0.158239
1.187056 -0.189706 1.202119 -0.158472
1.186962 -0.189974 1.202068 -0.158705
1.186868 -0.190243 1.202018 -0.158938
1.186774 -0.190511 1.201968 -0.159171
1.186679 -0.190780 1.201917 -0.159404
1.186585 -0.191048 1.201867 -0.159637
1.186491 -0.191316 1.201816 -0.159869
1.186396 -0.191584 1.201765 -0.160102
1.186301 -0.191852 1.201715 -0.160335
1.186206 -0.192120 1.201664 -0.160568
1.186111 -0.192388 1.201613 -0.160800
1.186016 -0.192656 1.201562 -0.161033
1.185921 -0.192923 1.201511 -0.161265
1.185826 -0.193191 1.201460 -0.161498
1.185730 -0.193458 1.201408 -0.161731
1.185634 -0.193726 1.201357 -0.161963
1.185539 -0.193993 1.201306 -0.162195
1.185443 -0.194260 1.201254 -0.162428
1.185347 -0.194527 1.201203 -0.162660
1.185251 -0.194794 1.201151 -0.162892
1.185154 -0.195061 1.201099 -0.163125
1.185058 -0.195328 1.201048 -0.163357
1.184962 -0.195595 1.200996 -0.163589
1.184865 -0.195861 1.200944 -0.163821
1.184768 -0.196128 1.200892 -0.164053
1.184671 -0.196394 1.200840 -0.164285
1.184574 -0.196660 1.200788 -0.164517
1.184477 -0.196926 1.200736 -0.164749
1.184380 -0.197193 1.200683 -0.164981
1.184283 -0.197459 1.200631 -0.165213
1.184185 -0.197724 1.200579 -0.165445
1.184087 -0.197990 1.200526 -0.165676
1.183990 -0.198256 1.200474 -0.165908
1.183892 -0.198522 1.200421 -0.166140
1.183794 -0.198787 1.200368 -0.166372
1.183696 -0.199053 1.200316 -0.166603
1.183597 -0.199318 1.200263 -0.166835
1.183499 -0.199583 1.200210 -0.167066
1.183401 -0.199848 1.200157 -0.167298
1.183302 -0.200113 1.200104 -0.167529
1.183203 -0.200378 1.200051 -0.167761
1.183104 -0.200643 1.199997 -0.167992
1.183005 -0.200908 1.199944 -0.168223
1.182906 -0.201172 1.199891 -0.168454
1.182807 -0.201437 1.199837 -0.168686
1.182708 -0.201701 1.199784 -0.168917
1.182608 -0.201966 1.199730 -0.169148
1.182509 -0.202230 1.199676 -0.169379
1.182409 -0.202494 1.199623 -0.169610
1.182309 -0.202758 1.199569 -0.169841
1.182209 -0.203022 1.199515 -0.170072
1.182109 -0.203286 1.199461 -0.170303
1.182009 -0.203550 1.199407 -0.170534
1.181908 -0.203813 1.199353 -0.170765
1.181808 -0.204077 1.199299 -0.170995
1.181707 -0.204340 1.199244 -0.171226
1.181607 -0.204604 1.199190 -0.171457
1.181506 -0.204867 1.199136 -0.171688
1.181405 -0.205130 1.199081 -0.171918
1.181304 -0.205393 1.199027 -0.172149
1.181203 -0.205656 1.198972 -0.172379
1.181101 -0.205919 1.198917 -0.172610
1.181000 -0.206181 1.198863 -0.172840
1.180898 -0.206444 1.198808 -0.173071
1.180797 -0.206707 1.198753 -0.173301
1.180695 -0.206969 1.198698 -0.173531
1.180593 -0.207231 1.198643 -0.173761
1.180491 -0.207494 1.198588 -0.173992
1.180389 -0.207756 1.198532 -0.174222
1.180286 -0.208018 1.198477 -0.174452
1.180184 -0.208280 1.198422 -0.174682
1.180081 -0.208542 1.198366 -0.174912
1.179979 -0.208803 1.198311 -0.175142
1.179876 -0.209065 1.198255 -0.175372
1.179773 -0.209326 1.198199 -0.175602
1.179670 -0.209588 1.198144 -0.175832
1.179567 -0.209849 1.198088 -0.176062
1.179464 -0.210110 1.198032 -0.176291
1.179360 -0.210371 1.197976 -0.176521
1.179257 -0.210632 1.197920 -0.176751
1.179153 -0.210893 1.197864 -0.176980
1.179049 -0.211154 1.197808 -0.177210
1.178946 -0.211415 1.197752 -0.177439
1.178842 -0.211675 1.197695 -0.177669
1.178737 -0.211936 1.197639 -0.177898
1.178633 -0.212196 1.197582 -0.178128
1.178529 -0.212457 1.197526 -0.178357
1.178424 -0.212717 1.197469 -0.178586
1.178320 -0.212977 1.197412 -0.178816
1.178215 -0.213237 1.197356 -0.179045
1.178110 -0.213497 1.197299 -0.179274
1.178005 -0.213756 1.197242 -0.179503
1.177900 -0.214016 1.197185 -0.179732
1.177795 -0.214276 1.197128 -0.179961
1.177690 -0.214535 1.197071 -0.180190
1.177584 -0.214794 1.197014 -0.180419
1.177479 -0.215054 1.196956 -0.180648
1.177373 -0.215313 1.196899 -0.180877
1.177267 -0.215572 1.196842 -0.181106
1.177161 -0.215831 1.196784 -0.181334
1.177055 -0.216089 1.196726 -0.181563
1.176949 -0.216348 1.196669 -0.181792
1.176843 -0.216607 1.196611 -0.182020
1.176737 -0.216865 1.196553 -0.182249
1.176630 -0.217124 1.196495 -0.182477
1.176524 -0.217382 1.196437 -0.182706
1.176417 -0.217640 1.196379 -0.182934
1.176310 -0.217898 1.196321 -0.183163
1.176203 -0.218156 1.196263 -0.183391
1.176096 -0.218414 1.196205 -0.183619
1.175989 -0.218672 1.196147 -0.183847
1.175881 -0.218929 1.196088 -0.184076
1.175774 -0.219187 1.196030 -0.184304
1.175666 -0.219444 1.195971 -0.184532
1.175559 -0.219702 1.195913 -0.184760
1.175451 -0.219959 1.195854 -0.184988
1.175343 -0.220216 1.195795 -0.185216
1.175235 -0.220473 1.195736 -0.185444
1.175127 -0.220730 1.195677 -0.185671
1.175019 -0.220987 1.195618 -0.185899
1.174910 -0.221243 1.195559 -0.186127
1.174802 -0.221500 1.195500 -0.186355
1.174693 -0.221756 1.195441 -0.186582
1.174584 -0.222013 1.195382 -0.186810
1.174475 -0.222269 1.195322 -0.187037
1.174366 -0.222525 1.195263 -0.187265
1.174257 -0.222781 1.195204 -0.187492
1.174148 -0.223037 1.195144 -0.187720
1.174039 -0.223293 1.195084 -0.187947
1.173929 -0.223548 1.195025 -0.188174
1.173820 -0.223804 1.194965 -0.188402
1.173710 -0.224059 1.194905 -0.188629
1.173600 -0.224315 1.194845 -0.188856
1.173490 -0.224570 1.194785 -0.189083
1.173380 -0.224825 1.194725 -0.189310
1.173270 -0.225080 1.194665 -0.189537
1.173160 -0.225335 1.194605 -0.189764
1.173050 -0.225590 1.194544 -0.189991
1.172939 -0.225845 1.194484 -0.190218
1.172829 -0.226099 1.194424 -0.190445
1.172718 -0.226354 1.194363 -0.190671
1.172607 -0.226608 1.194302 -0.190898
1.172496 -0.226862 1.194242 -0.191125
1.172385 -0.227116 1.194181 -0.191351
1.172274 -0.227370 1.194120 -0.191578
1.172162 -0.227624 1.194059 -0.191805
1.172051 -0.227878 1.193998 -0.192031
1.171940 -0.228132 1.193937 -0.192257
1.171828 -0.228385 1.193876 -0.192484
1.171716 -0.228639 1.193815 -0.192710
1.171604 -0.228892 1.193754 -0.192936
1.171492 -0.229146 1.193693 -0.193163
1.171380 -0.229399 1.193631 -0.193389
1.171268 -0.229652 1.193570 -0.193615
1.171156 -0.229905 1.193508 -0.193841
1.171043 -0.230157 1.193446 -0.194067
1.170931 -0.230410 1.193385 -0.194293
1.170818 -0.230663 1.193323 -0.194519
1.170705 -0.230915 1.193261 -0.194745
1.170592 -0.231167 1.193199 -0.194970
1.170479 -0.231420 1.193137 -0.195196
1.170366 -0.231672 1.193075 -0.195422
1.170253 -0.231924 1.193013 -0.195648
1.170139 -0.232176 1.192951 -0.195873
1.170026 -0.232428 1.192889 -0.196099
1.169912 -0.232679 1.192826 -0.196324
1.169799 -0.232931 1.192764 -0.196550
1.169685 -0.233182 1.192701 -0.196775
1.169571 -0.233434 1.192639 -0.197000
1.169457 -0.233685 1.192576 -0.197226
1.169343 -0.233936 1.192513 -0.197451
1.169228 -0.234187 1.192451 -0.197676
1.169114 -0.234438 1.192388 -0.197901
1.169000 -0.234688 1.192325 -0.198126
1.168885 -0.234939 1.192262 -0.198351
1.168770 -0.235190 1.192199 -0.198576
1.168655 -0.235440 1.192136 -0.198801
1.168540 -0.235690 1.192072 -0.199026
1.168425 -0.235941 1.192009 -0.199251
1.168310 -0.236191 1.191946 -0.199476
1.168195 -0.236441 1.191882 -0.199700
1.168079 -0.236690 1.191819 -0.199925
1.167964 -0.236940 1.191755 -0.200150
1.167848 -0.237190 1.191692 -0.200374
1.167733 -0.237439 1.191628 -0.200599
1.167617 -0.237689 1.191564 -0.200823
1.167501 -0.237938 1.191500 -0.201048
1.167385 -0.238187 1.191436 -0.201272
1.167269 -0.238436 1.191372 -0.201496
1.167152 -0.238685 1.191308 -0.201721
1.167036 -0.238934 1.191244 -0.201945
1.166919 -0.239182 1.191180 -0.202169
1.166803 -0.239431 1.191115 -0.202393
1.166686 -0.239679 1.191051 -0.202617
1.166569 -0.239928 1.190986 -0.202841
1.166452 -0.240176 1.190922 -0.203065
1.166335 -0.240424 1.190857 -0.203289
1.166218 -0.240672 1.190793 -0.203513
1.166100 -0.240920 1.190728 -0.203736
1.165983 -0.241167 1.190663 -0.203960
1.165866 -0.241415 1.190598 -0.204184
1.165748 -0.241663 1.190533 -0.204407
1.165630 -0.241910 1.190468 -0.204631
1.165512 -0.242157 1.190403 -0.204854
1.165394 -0.242404 1.190338 -0.205078
1.165276 -0.242651 1.190272 -0.205301
1.165158 -0.242898 1.190207 -0.205525
1.165040 -0.243145 1.190142 -0.205748
1.164921 -0.243392 1.190076 -0.205971
1.164803 -0.243638 1.190011 -0.206194
1.164684 -0.243885 1.189945 -0.206417
1.164565 -0.244131 1.189879 -0.206640
1.164447 -0.244377 1.189814 -0.206863
1.164328 -0.244623 1.189748 -0.207086
1.164209 -0.244869 1.189682 -0.207309
1.164089 -0.245115 1.189616 -0.207532
1.163970 -0.245361 1.189550 -0.207755
1.163851 -0.245606 1.189484 -0.207978
1.163731 -0.245852 1.189417 -0.208200
1.163612 -0.246097 1.189351 -0.208423
1.163492 -0.246342 1.189285 -0.208645
1.163372 -0.246588 1.189218 -0.208868
1.163252 -0.246833 1.189152 -0.209090
1.163132 -0.247077 1.189085 -0.209313
1.163012 -0.247322 1.189018 -0.209535
1.162892 -0.247567 1.188952 -0.209758
1.162771 -0.247811 1.188885 -0.209980
1.162651 -0.248056 1.188818 -0.210202
1.162530 -0.248300 1.188751 -0.210424
1.162409 -0.248544 1.188684 -0.210646
1.162289 -0.248788 1.188617 -0.210868
1.162168 -0.249032 1.188550 -0.211090
1.162047 -0.249276 1.188483 -0.211312
1.161926 -0.249519 1.188415 -0.211534
1.161804 -0.249763 1.188348 -0.211756
1.161683 -0.250006 1.188281 -0.211977
1.161562 -0.250250 1.188213 -0.212199
1.161440 -0.250493 1.188145 -0.212421
1.161318 -0.250736 1.188078 -0.212642
1.161197 -0.250979 1.188010 -0.212864
1.161075 -0.251222 1.187942 -0.213085
1.160953 -0.251464 1.187874 -0.213307
1.160831 -0.251707 1.187806 -0.213528
1.160708 -0.251949 1.187738 -0.213749
1.160586 -0.252192 1.187670 -0.213970
1.160464 -0.252434 1.187602 -0.214192
1.160341 -0.252676 1.187534 -0.214413
1.160218 -0.252918 1.187465 -0.214634
1.160096 -0.253160 1.187397 -0.214855
1.159973 -0.253401 1.187329 -0.215076
1.159850 -0.253643 1.187260 -0.215297
1.159727 -0.253884 1.187191 -0.215517
1.159604 -0.254126 1.187123 -0.215738
1.159480 -0.254367 1.187054 -0.215959
1.159357 -0.254608 1.186985 -0.216180
1.159233 -0.254849 1.186916 -0.216400
1.159110 -0.255090 1.186847 -0.216621
1.158986 -0.255330 1.186778 -0.216841
1.158862 -0.255571 1.186709 -0.217062
1.158738 -0.255811 1.186640 -0.217282
1.158614 -0.256052 1.186571 -0.217502
1.158490 -0.256292 1.186501 -0.217722
1.158366 -0.256532 1.186432 -0.217943
1.158242 -0.256772 1.186362 -0.218163
1.158117 -0.257012 1.186293 -0.218383
1.157993 -0.257251 1.186223 -0.218603
1.157868 -0.257491 1.186154 -0.218823
1.157743 -0.257730 1.186084 -0.219043
1.157619 -0.257970 1.186014 -0.219263
1.157494 -0.258209 1.185944 -0.219482
1.157368 -0.258448 1.185874 -0.219702
1.157243 -0.258687 1.185804 -0.219922
1.157118 -0.258926 1.185734 -0.220141
1.156993 -0.259164 1.185664 -0.220361
1.156867 -0.259403 1.185593 -0.220580
1.156742 -0.259641 1.185523 -0.220800
1.156616 -0.259880 1.185453 -0.221019
1.156490 -0.260118 1.185382 -0.221238
1.156364 -0.260356 1.185312 -0.221458
1.156238 -0.260594 1.185241 -0.221677
1.156112 -0.260832 1.185170 -0.221896
1.155986 -0.261069 1.185099 -0.222115
1.155860 -0.261307 1.185029 -0.222334
1.155733 -0.261544 1.184958 -0.222553
1.155607 -0.261782 1.184887 -0.222772
1.155480 -0.262019 1.184816 -0.222991
1.155353 -0.262256 1.184744 -0.223210
1.155226 -0.262493 1.184673 -0.223428
1.155099 -0.262730 1.184602 -0.223647
1.154972 -0.262966 1.184531 -0.223866
1.154845 -0.263203 1.184459 -0.224084
1.154718 -0.263439 1.184388 -0.224303
1.154591 -0.263675 1.184316 -0.224521
1.154463 -0.263912 1.184244 -0.224739
1.154336 -0.264148 1.184173 -0.224958
1.154208 -0.264383 1.184101 -0.225176
1.154080 -0.264619 1.184029 -0.225394
1.153952 -0.264855 1.183957 -0.225612
1.153824 -0.265090 1.183885 -0.225830
1.153696 -0.265326 1.183813 -0.226048
1.153568 -0.265561 1.183741 -0.226266
1.153440 -0.265796 1.183669 -0.226484
1.153312 -0.266031 1.183596 -0.226702
1.153183 -0.266266 1.183524 -0.226920
1.153055 -0.266501 1.183451 -0.227137
1.152926 -0.266735 1.183379 -0.227355
1.152797 -0.266970 1.183306 -0.227572
1.152668 -0.267204 1.183234 -0.227790
1.152539 -0.267438 1.183161 -0.228007
1.152410 -0.267672 1.183088 -0.228225
1.152281 -0.267906 1.183015 -0.228442
1.152152 -0.268140 1.182942 -0.228659
1.152022 -0.268374 1.182869 -0.228877
1.151893 -0.268607 1.182796 -0.229094
1.151763 -0.268840 1.182723 -0.229311
1.151634 -0.269074 1.182650 -0.229528
1.151504 -0.269307 1.182577 -0.229745
1.151374 -0.269540 1.182503 -0.229962
1.151244 -0.269773 1.182430 -0.230178
1.151114 -0.270006 1.182356 -0.230395
1.150984 -0.270238 1.182283 -0.230612
1.150853 -0.270471 1.182209 -0.230828
1.150723 -0.270703 1.182135 -0.231045
1.150593 -0.270935 1.182061 -0.231262
1.150462 -0.271167 1.181988 -0.231478
1.150331 -0.271399 1.181914 -0.231694
1.150201 -0.271631 1.181840 -0.231911
1.150070 -0.271863 1.181765 -0.232127
1.149939 -0.272094 1.181691 -0.232343
1.149808 -0.272326 1.181617 -0.232559
1.149676 -0.272557 1.181543 -0.232775
1.149545 -0.272788 1.181468 -0.232991
1.149414 -0.273019 1.181394 -0.233207
1.149282 -0.273250 1.181319 -0.233423
1.149151 -0.273481 1.181245 -0.233639
1.149019 -0.273712 1.181170 -0.233855
1.148887 -0.273942 1.181095 -0.234070
1.148755 -0.274172 1.181021 -0.234286
1.148623 -0.274403 1.180946 -0.234502
1.148491 -0.274633 1.180871 -0.234717
1.148359 -0.274863 1.180796 -0.234933
1.148227 -0.275092 1.180721 -0.235148
1.148095 -0.275322 1.180645 -0.235363
1.147962 -0.275552 1.180570 -0.235579
1.147830 -0.275781 1.180495 -0.235794
1.147697 -0.276010 1.180419 -0.236009
1.147564 -0.276240 1.180344 -0.236224
1.147431 -0.276469 1.180269 -0.236439
1.147298 -0.276697 1.180193 -0.236654
1.147165 -0.276926 1.180117 -0.236869
1.147032 -0.277155 1.180041 -0.237084
1.146899 -0.277383 1.179966 -0.237298
1.146766 -0.277612 1.179890 -0.237513
1.146632 -0.277840 1.179814 -0.237728
1.146499 -0.278068 1.179738 -0.237942
1.146365 -0.278296 1.179662 -0.238157
1.146231 -0.278524 1.179586 -0.238371
1.146098 -0.278751 1.179509 -0.238585
1.145964 -0.278979 1.179433 -0.238800
1.145830 -0.279206 1.179357 -0.239014
1.145696 -0.279433 1.179280 -0.239228
1.145561 -0.279661 1.179204 -0.239442
1.145427 -0.279888 1.179127 -0.239656
1.145293 -0.280114 1.179050 -0.239870
1.145158 -0.280341 1.178974 -0.240084
1.145024 -0.280568 1.178897 -0.240298
1.144889 -0.280794 1.178820 -0.240511
1.144754 -0.281020 1.178743 -0.240725
1.144619 -0.281247 1.178666 -0.240939
1.144484 -0.281473 1.178589 -0.241152
1.144349 -0.281699 1.178512 -0.241366
1.144214 -0.281924 1.178434 -0.241579
1.144079 -0.282150 1.178357 -0.241793
1.143944 -0.282375 1.178280 -0.242006
1.143808 -0.282601 1.178202 -0.242219
1.143673 -0.282826 1.178125 -0.242432
1.143537 -0.283051 1.178047 -0.242645
1.143401 -0.283276 1.177969 -0.242858
1.143266 -0.283501 1.177892 -0.243071
1.143130 -0.283725 1.177814 -0.243284
1.142994 -0.283950 1.177736 -0.243497
1.142858 -0.284174 1.177658 -0.243710
1.142721 -0.284398 1.177580 -0.243923
1.142585 -0.284623 1.177502 -0.244135
1.142449 -0.284846 1.177424 -0.244348
1.142312 -0.285070 1.177345 -0.244560
1.142176 -0.285294 1.177267 -0.244773
1.142039 -0.285518 1.177189 -0.244985
1.141902 -0.285741 1.177110 -0.245197
1.141765 -0.285964 1.177032 -0.245410
1.141628 -0.286187 1.176953 -0.245622
1.141491 -0.286410 1.176874 -0.245834
1.141354 -0.286633 1.176796 -0.246046
1.141217 -0.286856 1.176717 -0.246258
1.141080 -0.287078 1.176638 -0.246470
1.140942 -0.287301 1.176559 -0.246682
1.140805 -0.287523 1.176480 -0.246893
1.140667 -0.287745 1.176401 -0.247105
1.140530 -0.287967 1.176322 -0.247317
1.140392 -0.288189 1.176243 -0.247528
1.140254 -0.288411 1.176163 -0.247740
1.140116 -0.288632 1.176084 -0.247951
1.139978 -0.288854 1.176004 -0.248162
1.139840 -0.289075 1.175925 -0.248374
1.139702 -0.289296 1.175845 -0.248585
1.139563 -0.289517 1.175766 -0.248796
1.139425 -0.289738 1.175686 -0.249007
1.139286 -0.289959 1.175606 -0.249218
1.139148 -0.290179 1.175526 -0.249429
1.139009 -0.290400 1.175446 -0.249640
1.138870 -0.290620 1.175366 -0.249851
1.138731 -0.290840 1.175286 -0.250061
1.138593 -0.291060 1.175206 -0.250272
1.138453 -0.291280 1.175126 -0.250483
1.138314 -0.291500 1.175045 -0.250693
1.138175 -0.291720 1.174965 -0.250904
1.138036 -0.291939 1.174885 -0.251114
1.137896 -0.292158 1.174804 -0.251324
1.137757 -0.292378 1.174724 -0.251535
1.137617 -0.292597 1.174643 -0.251745
1.137478 -0.292816 1.174562 -0.251955
1.137338 -0.293034 1.174481 -0.252165
1.137198 -0.293253 1.174400 -0.252375
1.137058 -0.293471 1.174320 -0.252585
1.136918 -0.293690 1.174239 -0.252795
1.136778 -0.293908 1.174157 -0.253004
1.136638 -0.294126 1.174076 -0.253214
1.136497 -0.294344 1.173995 -0.253424
1.136357 -0.294561 1.173914 -0.253633
1.136216 -0.294779 1.173832 -0.253843
1.136076 -0.294997 1.173751 -0.254052
1.135935 -0.295214 1.173669 -0.254261
1.135794 -0.295431 1.173588 -0.254471
1.135654 -0.295648 1.173506 -0.254680
1.135513 -0.295865 1.173425 -0.254889
1.135372 -0.296082 1.173343 -0.255098
1.135231 -0.296298 1.173261 -0.255307
1.135089 -0.296515 1.173179 -0.255516
1.134948 -0.296731 1.173097 -0.255725
1.134807 -0.296947 1.173015 -0.255934
1.134665 -0.297163 1.172933 -0.256142
1.134524 -0.297379 1.172851 -0.256351
1.134382 -0.297595 1.172768 -0.256559
1.134240 -0.297810 1.172686 -0.256768
1.134099 -0.298026 1.172603 -0.256976
1.133957 -0.298241 1.172521 -0.257185
1.133815 -0.298456 1.172438 -0.257393
1.133673 -0.298671 1.172356 -0.257601
1.133530 -0.298886 1.172273 -0.257809
1.133388 -0.299101 1.172190 -0.258017
1.133246 -0.299315 1.172107 -0.258225
1.133103 -0.299530 1.172024 -0.258433
1.132961 -0.299744 1.171942 -0.258641
1.132818 -0.299958 1.171858 -0.258849
1.132676 -0.300172 1.171775 -0.259056
1.132533 -0.300386 1.171692 -0.259264
1.132390 -0.300600 1.171609 -0.259472
1.132247 -0.300813 1.171525 -0.259679
1.132104 -0.301026 1.171442 -0.259887
1.131961 -0.301240 1.171359 -0.260094
1.131818 -0.301453 1.171275 -0.260301
1.131674 -0.301666 1.171191 -0.260508
1.131531 -0.301879 1.171108 -0.260715
1.131388 -0.302091 1.171024 -0.260922
1.131244 -0.302304 1.170940 -0.261129
1.131100 -0.302516 1.170856 -0.261336
1.130957 -0.302728 1.170772 -0.261543
1.130813 -0.302940 1.170688 -0.261750
1.130669 -0.303152 1.170604 -0.261957
1.130525 -0.303364 1.170520 -0.262163
1.130381 -0.303576 1.170436 -0.262370
1.130237 -0.303787 1.170351 -0.262576
1.130093 -0.303999 1.170267 -0.262782
1.129948 -0.304210 1.170182 -0.262989
1.129804 -0.304421 1.170098 -0.263195
1.129660 -0.304632 1.170013 -0.263401
1.129515 -0.304842 1.169929 -0.263607
1.129370 -0.305053 1.169844 -0.263813
1.129226 -0.305263 1.169759 -0.264019
1.129081 -0.305474 1.169674 -0.264225
1.128936 -0.305684 1.169589 -0.264431
1.128791 -0.305894 1.169504 -0.264637
1.128646 -0.306104 1.169419 -0.264842
1.128501 -0.306313 1.169334 -0.265048
1.128356 -0.306523 1.169249 -0.265253
1.128210 -0.306732 1.169163 -0.265459
1.128065 -0.306941 1.169078 -0.265664
1.127919 -0.307151 1.168993 -0.265869
1.127774 -0.307360 1.168907 -0.266074
1.127628 -0.307568 1.168821 -0.266280
1.127482 -0.307777 1.168736 -0.266485
1.127337 -0.307985 1.168650 -0.266690
1.127191 -0.308194 1.168564 -0.266894
1.127045 -0.308402 1.168478 -0.267099
1.126899 -0.308610 1.168392 -0.267304
1.126753 -0.308818 1.168306 -0.267509
1.126606 -0.309026 1.168220 -0.267713
1.126460 -0.309233 1.168134 -0.267918
1.126314 -0.309441 1.168048 -0.268122
1.126167 -0.309648 1.167962 -0.268327
1.126021 -0.309855 1.167875 -0.268531
1.125874 -0.310062 1.167789 -0.268735
1.125727 -0.310269 1.167702 -0.268939
1.125581 -0.310476 1.167616 -0.269143
1.125434 -0.310682 1.167529 -0.269347
1.125287 -0.310889 1.167443 -0.269551
1.125140 -0.311095 1.167356 -0.269755
1.124993 -0.311301 1.167269 -0.269959
1.124845 -0.311507 1.167182 -0.270162
1.124698 -0.311713 1.167095 -0.270366
1.124551 -0.311918 1.167008 -0.270570
1.124403 -0.312124 1.166921 -0.270773
1.124256 -0.312329 1.166834 -0.270976
1.124108 -0.312534 1.166746 -0.271180
1.123961 -0.312739 1.166659 -0.271383
1.123813 -0.312944 1.166572 -0.271586
1.123665 -0.313149 1.166484 -0.271789
1.123517 -0.313353 1.166397 -0.271992
1.123369 -0.313558 1.166309 -0.272195
1.123221 -0.313762 1.166221 -0.272398
1.123073 -0.313966 1.166134 -0.272601
1.122925 -0.314170 1.166046 -0.272803
1.122776 -0.314374 1.165958 -0.273006
1.122628 -0.314578 1.165870 -0.273208
1.122479 -0.314781 1.165782 -0.273411
1.122331 -0.314984 1.165694 -0.273613
1.122182 -0.315188 1.165606 -0.273816
1.122034 -0.315391 1.165517 -0.274018
1.121885 -0.315594 1.165429 -0.274220
1.121736 -0.315796 1.165341 -0.274422
1.121587 -0.315999 1.165252 -0.274624
1.121438 -0.316201 1.165164 -0.274826
1.121289 -0.316404 1.165075 -0.275028
1.121140 -0.316606 1.164986 -0.275229
1.120990 -0.316808 1.164898 -0.275431
1.120841 -0.317009 1.164809 -0.275633
1.120692 -0.317211 1.164720 -0.275834
1.120542 -0.317413 1.164631 -0.276036
1.120393 -0.317614 1.164542 -0.276237
1.120243 -0.317815 1.164453 -0.276438
1.120093 -0.318016 1.164364 -0.276639
1.119943 -0.318217 1.164275 -0.276840
1.119794 -0.318418 1.164185 -0.277042
1.119644 -0.318618 1.164096 -0.277242
1.119494 -0.318819 1.164007 -0.277443
1.119343 -0.319019 1.163917 -0.277644
1.119193 -0.319219 1.163827 -0.277845
1.119043 -0.319419 1.163738 -0.278045
1.118893 -0.319619 1.163648 -0.278246
1.118742 -0.319818 1.163558 -0.278447
1.118592 -0.320018 1.163469 -0.278647
1.118441 -0.320217 1.163379 -0.278847
1.118291 -0.320416 1.163289 -0.279047
1.118140 -0.320615 1.163199 -0.279248
1.117989 -0.320814 1.163109 -0.279448
1.117838 -0.321013 1.163018 -0.279648
1.117687 -0.321211 1.162928 -0.279848
1.117536 -0.321410 1.162838 -0.280047
1.117385 -0.321608 1.162747 -0.280247
1.117234 -0.321806 1.162657 -0.280447
1.117083 -0.322004 1.162566 -0.280647
1.116931 -0.322202 1.162476 -0.280846
1.116780 -0.322399 1.162385 -0.281045
1.116629 -0.322597 1.162294 -0.281245
1.116477 -0.322794 1.162204 -0.281444
1.116325 -0.322991 1.162113 -0.281643
1.116174 -0.323188 1.162022 -0.281842
1.116022 -0.323385 1.161931 -0.282041
1.115870 -0.323582 1.161840 -0.282240
1.115718 -0.323778 1.161748 -0.282439
1.115566 -0.323975 1.161657 -0.282638
1.115414 -0.324171 1.161566 -0.282837
1.115262 -0.324367 1.161475 -0.283035
1.115110 -0.324563 1.161383 -0.283234
1.114958 -0.324758 1.161292 -0.283432
1.114805 -0.324954 1.161200 -0.283631
1.114653 -0.325149 1.161108 -0.283829
1.114500 -0.325345 1.161017 -0.284027
1.114348 -0.325540 1.160925 -0.284225
1.114195 -0.325735 1.160833 -0.284423
1.114042 -0.325929 1.160741 -0.284621
1.113890 -0.326124 1.160649 -0.284819
1.113737 -0.326318 1.160557 -0.285017
1.113584 -0.326513 1.160465 -0.285215
1.113431 -0.326707 1.160373 -0.285412
1.113278 -0.326901 1.160281 -0.285610
1.113125 -0.327095 1.160188 -0.285807
1.112971 -0.327288 1.160096 -0.286005
1.112818 -0.327482 1.160004 -0.286202
1.112665 -0.327675 1.159911 -0.286399
1.112511 -0.327868 1.159818 -0.286597
1.112358 -0.328061 1.159726 -0.286794
1.112204 -0.328254 1.159633 -0.286991
1.112050 -0.328447 1.159540 -0.287187
1.111897 -0.328639 1.159447 -0.287384
1.111743 -0.328832 1.159354 -0.287581
1.111589 -0.329024 1.159261 -0.287778
1.111435 -0.329216 1.159168 -0.287974
1.111281 -0.329408 1.159075 -0.288171
1.111127 -0.329600 1.158982 -0.288367
1.110973 -0.329791 1.158889 -0.288563
1.110819 -0.329983 1.158795 -0.288760
1.110664 -0.330174 1.158702 -0.288956
1.110510 -0.330365 1.158608 -0.289152
1.110356 -0.330556 1.158515 -0.289348
1.110201 -0.330747 1.158421 -0.289544
1.110046 -0.330937 1.158327 -0.289740
1.109892 -0.331128 1.158234 -0.289935
1.109737 -0.331318 1.158140 -0.290131
1.109582 -0.331508 1.158046 -0.290326
1.109427 -0.331698 1.157952 -0.290522
1.109273 -0.331888 1.157858 -0.290717
1.109118 -0.332077 1.157764 -0.290913
1.108962 -0.332267 1.157670 -0.291108
1.108807 -0.332456 1.157575 -0.291303
1.108652 -0.332645 1.157481 -0.291498
1.108497 -0.332834 1.157387 -0.291693
1.108342 -0.333023 1.157292 -0.291888
1.108186 -0.333212 1.157198 -0.292083
1.108031 -0.333400 1.157103 -0.292277
1.107875 -0.333589 1.157009 -0.292472
1.107720 -0.333777 1.156914 -0.292666
1.107564 -0.333965 1.156819 -0.292861
1.107408 -0.334153 1.156724 -0.293055
1.107252 -0.334340 1.156629 -0.293250
1.107096 -0.334528 1.156534 -0.293444
1.106940 -0.334715 1.156439 -0.293638
1.106784 -0.334903 1.156344 -0.293832
1.106628 -0.335090 1.156249 -0.294026
1.106472 -0.335277 1.156154 -0.294220
1.106316 -0.335463 1.156058 -0.294413
1.106160 -0.335650 1.155963 -0.294607
1.106003 -0.335836 1.155867 -0.294801
1.105847 -0.336022 1.155772 -0.294994
1.105690 -0.336208 1.155676 -0.295188
1.105534 -0.336394 1.155581 -0.295381
1.105377 -0.336580 1.155485 -0.295574
1.105221 -0.336766 1.155389 -0.295767
1.105064 -0.336951 1.155293 -0.295960
1.104907 -0.337136 1.155197 -0.296153
1.104750 -0.337321 1.155101 -0.296346
1.104593 -0.337506 1.155005 -0.296539
1.104436 -0.337691 1.154909 -0.296732
1.104279 -0.337876 1.154813 -0.296924
1.104122 -0.338060 1.154716 -0.297117
1.103965 -0.338244 1.154620 -0.297309
1.103808 -0.338428 1.154524 -0.297502
1.103650 -0.338612 1.154427 -0.297694
1.103493 -0.338796 1.154331 -0.297886
1.103335 -0.338980 1.154234 -0.298078
1.103178 -0.339163 1.154137 -0.298270
1.103020 -0.339346 1.154041 -0.298462
1.102863 -0.339530 1.153944 -0.298654
1.102705 -0.339713 1.153847 -0.298846
1.102547 -0.339895 1.153750 -0.299037
1.102389 -0.340078 1.153653 -0.299229
1.102231 -0.340260 1.153556 -0.299421
1.102073 -0.340443 1.153459 -0.299612
1.101915 -0.340625 1.153361 -0.299803
1.101757 -0.340807 1.153264 -0.299994
1.101599 -0.340988 1.153167 -0.300186
1.101441 -0.341170 1.153069 -0.300377
1.101282 -0.341352 1.152972 -0.300568
1.101124 -0.341533 1.152874 -0.300758
1.100966 -0.341714 1.152776 -0.300949
1.100807 -0.341895 1.152679 -0.301140
1.100648 -0.342076 1.152581 -0.301331
1.100490 -0.342256 1.152483 -0.301521
1.100331 -0.342437 1.152385 -0.301711
1.100172 -0.342617 1.152287 -0.301902
1.100014 -0.342797 1.152189 -0.302092
1.099855 -0.342977 1.152091 -0.302282
1.099696 -0.343157 1.151993 -0.302472
1.099537 -0.343337 1.151895 -0.302662
1.099378 -0.343516 1.151796 -0.302852
1.099219 -0.343695 1.151698 -0.303042
1.099059 -0.343874 1.151599 -0.303232
1.098900 -0.344053 1.151501 -0.303421
1.098741 -0.344232 1.151402 -0.303611
1.098582 -0.344411 1.151304 -0.303800
1.098422 -0.344589 1.151205 -0.303989
1.098263 -0.344767 1.151106 -0.304179
1.098103 -0.344946 1.151007 -0.304368
1.097944 -0.345124 1.150908 -0.304557
1.097784 -0.345301 1.150809 -0.304746
1.097624 -0.345479 1.150710 -0.304935
1.097464 -0.345656 1.150611 -0.305124
1.097304 -0.345834 1.150512 -0.305312
1.097145 -0.346011 1.150413 -0.305501
1.096985 -0.346188 1.150313 -0.305689
1.096825 -0.346364 1.150214 -0.305878
1.096664 -0.346541 1.150115 -0.306066
1.096504 -0.346717 1.150015 -0.306254
1.096344 -0.346894 1.149915 -0.306443
1.096184 -0.347070 1.149816 -0.306631
1.096023 -0.347246 1.149716 -0.306819
1.095863 -0.347422 1.149616 -0.307007
1.095703 -0.347597 1.149516 -0.307194
1.095542 -0.347773 1.149416 -0.307382
1.095382 -0.347948 1.149316 -0.307570
1.095221 -0.348123 1.149216 -0.307757
1.095060 -0.348298 1.149116 -0.307945
1.094899 -0.348473 1.149016 -0.308132
1.094739 -0.348647 1.148916 -0.308319
1.094578 -0.348821 1.148815 -0.308506
1.094417 -0.348996 1.148715 -0.308693
1.094256 -0.349170 1.148615 -0.308880
1.094095 -0.349344 1.148514 -0.309067
1.093934 -0.349517 1.148413 -0.309254
1.093773 -0.349691 1.148313 -0.309441
1.093611 -0.349864 1.148212 -0.309627
1.093450 -0.350038 1.148111 -0.309814
1.093289 -0.350211 1.148010 -0.310000
1.093127 -0.350383 1.147909 -0.310186
1.092966 -0.350556 1.147808 -0.310373
1.092804 -0.350729 1.147707 -0.310559
1.092643 -0.350901 1.147606 -0.310745
1.092481 -0.351073 1.147505 -0.310931
1.092320 -0.351245 1.147404 -0.311117
1.092158 -0.351417 1.147302 -0.311302
1.091996 -0.351589 1.147201 -0.311488
1.091834 -0.351760 1.147100 -0.311674
1.091672 -0.351932 1.146998 -0.311859
1.091510 -0.352103 1.146896 -0.312044
1.091348 -0.352274 1.146795 -0.312230
1.091186 -0.352445 1.146693 -0.312415
1.091024 -0.352615 1.146591 -0.312600
1.090862 -0.352786 1.146489 -0.312785
1.090700 -0.352956 1.146387 -0.312970
1.090538 -0.353126 1.146285 -0.313155
1.090375 -0.353296 1.146183 -0.313339
1.090213 -0.353466 1.146081 -0.313524
1.090050 -0.353636 1.145979 -0.313708
1.089888 -0.353805 1.145877 -0.313893
1.089725 -0.353974 1.145774 -0.314077
1.089563 -0.354143 1.145672 -0.314261
1.089400 -0.354312 1.145569 -0.314446
1.089237 -0.354481 1.145467 -0.314630
1.089074 -0.354650 1.145364 -0.314814
1.088912 -0.354818 1.145262 -0.314997
1.088749 -0.354986 1.145159 -0.315181
1.088586 -0.355154 1.145056 -0.315365
1.088423 -0.355322 1.144953 -0.315548
1.088260 -0.355490 1.144850 -0.315732
1.088097 -0.355658 1.144747 -0.315915
1.087933 -0.355825 1.144644 -0.316099
1.087770 -0.355992 1.144541 -0.316282
1.087607 -0.356159 1.144438 -0.316465
1.087444 -0.356326 1.144335 -0.316648
1.087280 -0.356493 1.144231 -0.316831
1.087117 -0.356659 1.144128 -0.317013
1.086953 -0.356826 1.144024 -0.317196
1.086790 -0.356992 1.143921 -0.317379
1.086626 -0.357158 1.143817 -0.317561
1.086463 -0.357324 1.143714 -0.317744
1.086299 -0.357489 1.143610 -0.317926
1.086135 -0.357655 1.143506 -0.318108
1.085971 -0.357820 1.143402 -0.318290
1.085807 -0.357985 1.143298 -0.318472
1.085644 -0.358150 1.143194 -0.318654
1.085480 -0.358315 1.143090 -0.318836
1.085316 -0.358479 1.142986 -0.319018
1.085152 -0.358644 1.142882 -0.319199
1.084987 -0.358808 1.142778 -0.319381
1.084823 -0.358972 1.142673 -0.319562
1.084659 -0.359136 1.142569 -0.319744
1.084495 -0.359300 1.142465 -0.319925
1.084331 -0.359463 1.142360 -0.320106
1.084166 -0.359627 1.142255 -0.320287
1.084002 -0.359790 1.142151 -0.320468
1.083837 -0.359953 1.142046 -0.320649
1.083673 -0.360116 1.141941 -0.320830
1.083508 -0.360279 1.141836 -0.321010
1.083344 -0.360441 1.141732 -0.321191
1.083179 -0.360603 1.141627 -0.321371
1.083014 -0.360765 1.141522 -0.321552
1.082849 -0.360927 1.141416 -0.321732
1.082685 -0.361089 1.141311 -0.321912
1.082520 -0.361251 1.141206 -0.322092
1.082355 -0.361412 1.141101 -0.322272
1.082190 -0.361574 1.140995 -0.322452
1.082025 -0.361735 1.140890 -0.322632
1.081860 -0.361896 1.140784 -0.322811
1.081695 -0.362056 1.140679 -0.322991
1.081529 -0.362217 1.140573 -0.323170
1.081364 -0.362377 1.140467 -0.323350
1.081199 -0.362538 1.140362 -0.323529
1.081034 -0.362698 1.140256 -0.323708
1.080868 -0.362857 1.140150 -0.323887
1.080703 -0.363017 1.140044 -0.324066
1.080537 -0.363177 1.139938 -0.324245
1.080372 -0.363336 1.139832 -0.324424
1.080206 -0.363495 1.139726 -0.324603
1.080041 -0.363654 1.139619 -0.324781
1.079875 -0.363813 1.139513 -0.324960
1.079709 -0.363972 1.139407 -0.325138
1.079544 -0.364130 1.139300 -0.325316
1.079378 -0.364288 1.139194 -0.325494
1.079212 -0.364446 1.139087 -0.325672
1.079046 -0.364604 1.138981 -0.325850
1.078880 -0.364762 1.138874 -0.326028
1.078714 -0.364920 1.138767 -0.326206
1.078548 -0.365077 1.138660 -0.326384
1.078382 -0.365234 1.138554 -0.326561
1.078216 -0.365391 1.138447 -0.326739
1.078050 -0.365548 1.138340 -0.326916
1.077884 -0.365705 1.138233 -0.327093
1.077717 -0.365861 1.138125 -0.327270
1.077551 -0.366018 1.138018 -0.327448
1.077385 -0.366174 1.137911 -0.327624
1.077218 -0.366330 1.137804 -0.327801
1.077052 -0.366486 1.137696 -0.327978
1.076886 -0.366641 1.137589 -0.328155
1.076719 -0.366797 1.137481 -0.328331
1.076552 -0.366952 1.137374 -0.328508
1.076386 -0.367107 1.137266 -0.328684
1.076219 -0.367262 1.137158 -0.328860
1.076052 -0.367416 1.137050 -0.329036
1.075886 -0.367571 1.136943 -0.329212
1.075719 -0.367725 1.136835 -0.329388
1.075552 -0.367880 1.136727 -0.329564
1.075385 -0.368034 1.136619 -0.329740
1.075218 -0.368187 1.136510 -0.329915
1.075051 -0.368341 1.136402 -0.330091
1.074884 -0.368494 1.136294 -0.330266
1.074717 -0.368648 1.136186 -0.330442
1.074550 -0.368801 1.136077 -0.330617
1.074383 -0.368954 1.135969 -0.330792
1.074216 -0.369107 1.135860 -0.330967
1.074048 -0.369259 1.135752 -0.331142
1.073881 -0.369412 1.135643 -0.331317
1.073714 -0.369564 1.135535 -0.331491
1.073546 -0.369716 1.135426 -0.331666
1.073379 -0.369868 1.135317 -0.331840
1.073212 -0.370019 1.135208 -0.332015
1.073044 -0.370171 1.135099 -0.332189
1.072877 -0.370322 1.134990 -0.332363
1.072709 -0.370473 1.134881 -0.332537
1.072541 -0.370624 1.134772 -0.332711
1.072374 -0.370775 1.134663 -0.332885
1.072206 -0.370926 1.134553 -0.333059
1.072038 -0.371076 1.134444 -0.333232
1.071870 -0.371226 1.134335 -0.333406
1.071703 -0.371376 1.134225 -0.333579
1.071535 -0.371526 1.134116 -0.333753
1.071367 -0.371676 1.134006 -0.333926
1.071199 -0.371825 1.133896 -0.334099
1.071031 -0.371975 1.133787 -0.334272
1.070863 -0.372124 1.133677 -0.334445
1.070695 -0.372273 1.133567 -0.334618
1.070526 -0.372421 1.133457 -0.334791
1.070358 -0.372570 1.133347 -0.334963
1.070190 -0.372718 1.133237 -0.335136
1.070022 -0.372867 1.133127 -0.335308
1.069854 -0.373015 1.133017 -0.335480
1.069685 -0.373163 1.132906 -0.335652
1.069517 -0.373310 1.132796 -0.335824
1.069348 -0.373458 1.132686 -0.335996
1.069180 -0.373605 1.132575 -0.336168
1.069012 -0.373752 1.132465 -0.336340
1.068843 -0.373899 1.132354 -0.336512
1.068674 -0.374046 1.132244 -0.336683
1.068506 -0.374193 1.132133 -0.336855
1.068337 -0.374339 1.132022 -0.337026
1.068168 -0.374485 1.131911 -0.337197
1.068000 -0.374631 1.131800 -0.337368
1.067831 -0.374777 1.131689 -0.337539
1.067662 -0.374923 1.131578 -0.337710
1.067493 -0.375068 1.131467 -0.337881
1.067324 -0.375214 1.131356 -0.338052
1.067156 -0.375359 1.131245 -0.338222
1.066987 -0.375504 1.131134 -0.338393
1.066818 -0.375649 1.131022 -0.338563
1.066649 -0.375793 1.130911 -0.338733
1.066479 -0.375938 1.130800 -0.338903
1.066310 -0.376082 1.130688 -0.339073
1.066141 -0.376226 1.130576 -0.339243
1.065972 -0.376370 1.130465 -0.339413
1.065803 -0.376514 1.130353 -0.339583
1.065633 -0.376657 1.130241 -0.339752
1.065464 -0.376800 1.130129 -0.339922
1.065295 -0.376943 1.130017 -0.340091
1.065125 -0.377086 1.129906 -0.340261
1.064956 -0.377229 1.129793 -0.340430
1.064787 -0.377372 1.129681 -0.340599
1.064617 -0.377514 1.129569 -0.340768
1.064448 -0.377656 1.129457 -0.340937
1.064278 -0.377798 1.129345 -0.341105
1.064108 -0.377940 1.129232 -0.341274
1.063939 -0.378082 1.129120 -0.341442
1.063769 -0.378223 1.129007 -0.341611
1.063599 -0.378365 1.128895 -0.341779
1.063430 -0.378506 1.128782 -0.341947
1.063260 -0.378647 1.128670 -0.342115
1.063090 -0.378787 1.128557 -0.342283
1.062920 -0.378928 1.128444 -0.342451
1.062750 -0.379068 1.128331 -0.342619
1.062581 -0.379209 1.128218 -0.342787
1.062411 -0.379349 1.128105 -0.342954
1.062241 -0.379488 1.127992 -0.343121
1.062071 -0.379628 1.127879 -0.343289
1.061900 -0.379768 1.127766 -0.343456
1.061730 -0.379907 1.127653 -0.343623
1.061560 -0.380046 1.127539 -0.343790
1.061390 -0.380185 1.127426 -0.343957
1.061220 -0.380323 1.127313 -0.344124
1.061050 -0.380462 1.127199 -0.344290
1.060879 -0.380600 1.127086 -0.344457
1.060709 -0.380738 1.126972 -0.344623
1.060539 -0.380876 1.126858 -0.344789
1.060368 -0.381014 1.126744 -0.344956
1.060198 -0.381152 1.126631 -0.345122
1.060028 -0.381289 1.126517 -0.345288
1.059857 -0.381427 1.126403 -0.345454
1.059687 -0.381564 1.126289 -0.345619
1.059516 -0.381700 1.126175 -0.345785
1.059346 -0.381837 1.126061 -0.345951
1.059175 -0.381974 1.125946 -0.346116
1.059004 -0.382110 1.125832 -0.346281
1.058834 -0.382246 1.125718 -0.346446
1.058663 -0.382382 1.125604 -0.346612
1.058492 -0.382518 1.125489 -0.346776
1.058322 -0.382653 1.125375 -0.346941
1.058151 -0.382789 1.125260 -0.347106
1.057980 -0.382924 1.125145 -0.347271
1.057809 -0.383059 1.125031 -0.347435
1.057638 -0.383194 1.124916 -0.347600
1.057467 -0.383328 1.124801 -0.347764
1.057296 -0.383463 1.124686 -0.347928
1.057125 -0.383597 1.124571 -0.348092
1.056954 -0.383731 1.124456 -0.348256
1.056783 -0.383865 1.124341 -0.348420
1.056612 -0.383999 1.124226 -0.348584
1.056441 -0.384132 1.124111 -0.348747
1.056270 -0.384265 1.123996 -0.348911
1.056099 -0.384399 1.123880 -0.349074
1.055928 -0.384531 1.123765 -0.349237
1.055756 -0.384664 1.123650 -0.349401
1.055585 -0.384797 1.123534 -0.349564
1.055414 -0.384929 1.123418 -0.349727
1.055243 -0.385061 1.123303 -0.349889
1.055071 -0.385193 1.123187 -0.350052
1.054900 -0.385325 1.123071 -0.350215
1.054729 -0.385457 1.122956 -0.350377
1.054557 -0.385588 1.122840 -0.350540
1.054386 -0.385720 1.122724 -0.350702
1.054214 -0.385851 1.122608 -0.350864
1.054043 -0.385981 1.122492 -0.351026
1.053871 -0.386112 1.122376 -0.351188
1.053700 -0.386243 1.122259 -0.351350
1.053528 -0.386373 1.122143 -0.351511
1.053356 -0.386503 1.122027 -0.351673
1.053185 -0.386633 1.121910 -0.351834
1.053013 -0.386763 1.121794 -0.351996
1.052841 -0.386892 1.121678 -0.352157
1.052670 -0.387022 1.121561 -0.352318
1.052498 -0.387151 1.121444 -0.352479
1.052326 -0.387280 1.121328 -0.352640
1.052154 -0.387409 1.121211 -0.352800
1.051982 -0.387537 1.121094 -0.352961
1.051810 -0.387666 1.120977 -0.353122
1.051638 -0.387794 1.120860 -0.353282
1.051467 -0.387922 1.120743 -0.353442
1.051295 -0.388050 1.120626 -0.353602
1.051123 -0.388178 1.120509 -0.353763
1.050951 -0.388305 1.120392 -0.353922
1.050779 -0.388433 1.120275 -0.354082
1.050606 -0.388560 1.120157 -0.354242
1.050434 -0.388687 1.120040 -0.354402
1.050262 -0.388813 1.119923 -0.354561
1.050090 -0.388940 1.119805 -0.354720
1.049918 -0.389066 1.119688 -0.354880
1.049746 -0.389192 1.119570 -0.355039
1.049573 -0.389318 1.119452 -0.355198
1.049401 -0.389444 1.119334 -0.355357
1.049229 -0.389570 1.119217 -0.355515
1.049057 -0.389695 1.119099 -0.355674
1.048884 -0.389820 1.118981 -0.355833
1.048712 -0.389945 1.118863 -0.355991
1.048540 -0.390070 1.118745 -0.356149
1.048367 -0.390195 1.118627 -0.356307
1.048195 -0.390319 1.118509 -0.356466
1.048022 -0.390444 1.118390 -0.356623
1.047850 -0.390568 1.118272 -0.356781
1.047677 -0.390692 1.118154 -0.356939
1.047505 -0.390815 1.118035 -0.357097
1.047332 -0.390939 1.117917 -0.357254
1.047160 -0.391062 1.117798 -0.357411
1.046987 -0.391185 1.117680 -0.357569
1.046815 -0.391308 1.117561 -0.357726
1.046642 -0.391431 1.117442 -0.357883
1.046469 -0.391554 1.117324 -0.358040
1.046297 -0.391676 1.117205 -0.358196
1.046124 -0.391798 1.117086 -0.358353
1.045951 -0.391920 1.116967 -0.358509
1.045778 -0.392042 1.116848 -0.358666
1.045606 -0.392163 1.116729 -0.358822
1.045433 -0.392285 1.116610 -0.358978
1.045260 -0.392406 1.116490 -0.359134
1.045087 -0.392527 1.116371 -0.359290
1.044914 -0.392648 1.116252 -0.359446
1.044741 -0.392769 1.116132 -0.359602
1.044568 -0.392889 1.116013 -0.359757
1.044395 -0.393009 1.115893 -0.359913
1.044222 -0.393129 1.115774 -0.360068
1.044049 -0.393249 1.115654 -0.360223
1.043876 -0.393369 1.115535 -0.360378
1.043703 -0.393489 1.115415 -0.360533
1.043530 -0.393608 1.115295 -0.360688
1.043357 -0.393727 1.115175 -0.360843
1.043184 -0.393846 1.115055 -0.360997
1.043011 -0.393965 1.114935 -0.361152
1.042838 -0.394083 1.114815 -0.361306
1.042665 -0.394201 1.114695 -0.361460
1.042492 -0.394320 1.114575 -0.361615
1.042318 -0.394438 1.114455 -0.361769
1.042145 -0.394555 1.114334 -0.361922
1.041972 -0.394673 1.114214 -0.362076
1.041799 -0.394790 1.114093 -0.362230
1.041626 -0.394908 1.113973 -0.362383
1.041452 -0.395025 1.113852 -0.362537
1.041279 -0.395141 1.113732 -0.362690
1.041106 -0.395258 1.113611 -0.362843
1.040932 -0.395374 1.113490 -0.362996
1.040759 -0.395491 1.113370 -0.363149
1.040585 -0.395607 1.113249 -0.363302
1.040412 -0.395723 1.113128 -0.363454
1.040239 -0.395838 1.113007 -0.363607
1.040065 -0.395954 1.112886 -0.363759
1.039892 -0.396069 1.112765 -0.363912
1.039718 -0.396184 1.112644 -0.364064
1.039545 -0.396299 1.112522 -0.364216
1.039371 -0.396414 1.112401 -0.364368
1.039198 -0.396528 1.112280 -0.364519
1.039024 -0.396642 1.112158 -0.364671
1.038851 -0.396757 1.112037 -0.364823
1.038677 -0.396870 1.111915 -0.364974
1.038503 -0.396984 1.111794 -0.365125
1.038330 -0.397098 1.111672 -0.365277
1.038156 -0.397211 1.111551 -0.365428
1.037982 -0.397324 1.111429 -0.365578
1.037809 -0.397437 1.111307 -0.365729
1.037635 -0.397550 1.111185 -0.365880
1.037461 -0.397663 1.111063 -0.366030
1.037288 -0.397775 1.110941 -0.366181
1.037114 -0.397887 1.110819 -0.366331
1.036940 -0.397999 1.110697 -0.366481
1.036766 -0.398111 1.110575 -0.366631
1.036592 -0.398222 1.110453 -0.366781
1.036419 -0.398334 1.110330 -0.366931
1.036245 -0.398445 1.110208 -0.367081
1.036071 -0.398556 1.110086 -0.367230
1.035897 -0.398667 1.109963 -0.367380
1.035723 -0.398778 1.109841 -0.367529
1.035549 -0.398888 1.109718 -0.367678
1.035375 -0.398998 1.109595 -0.367827
1.035202 -0.399108 1.109473 -0.367976
1.035028 -0.399218 1.109350 -0.368125
1.034854 -0.399328 1.109227 -0.368274
1.034680 -0.399437 1.109104 -0.368422
1.034506 -0.399546 1.108981 -0.368571
1.034332 -0.399656 1.108858 -0.368719
1.034158 -0.399764 1.108735 -0.368867
1.033984 -0.399873 1.108612 -0.369015
1.033810 -0.399982 1.108489 -0.369163
1.033636 -0.400090 1.108366 -0.369311
1.033462 -0.400198 1.108242 -0.369459
1.033287 -0.400306 1.108119 -0.369606
1.033113 -0.400414 1.107996 -0.369753
1.032939 -0.400521 1.107872 -0.369901
1.032765 -0.400628 1.107749 -0.370048
1.032591 -0.400736 1.107625 -0.370195
1.032417 -0.400842 1.107501 -0.370342
1.032243 -0.400949 1.107378 -0.370489
1.032068 -0.401056 1.107254 -0.370635
1.031894 -0.401162 1.107130 -0.370782
1.031720 -0.401268 1.107006 -0.370928
1.031546 -0.401374 1.106882 -0.371074
1.031372 -0.401480 1.106758 -0.371221
1.031197 -0.401585 1.106634 -0.371367
1.031023 -0.401691 1.106510 -0.371512
1.030849 -0.401796 1.106386 -0.371658
1.030675 -0.401901 1.106261 -0.371804
1.030500 -0.402006 1.106137 -0.371949
1.030326 -0.402110 1.106013 -0.372095
1.030152 -0.402215 1.105888 -0.372240
1.029977 -0.402319 1.105764 -0.372385
1.029803 -0.402423 1.105639 -0.372530
1.029629 -0.402527 1.105515 -0.372675
1.029454 -0.402630 1.105390 -0.372820
1.029280 -0.402734 1.105265 -0.372964
1.029106 -0.402837 1.105141 -0.373109
1.028931 -0.402940 1.105016 -0.373253
1.028757 -0.403043 1.104891 -0.373397
1.028582 -0.403145 1.104766 -0.373541
1.028408 -0.403248 1.104641 -0.373685
1.028234 -0.403350 1.104516 -0.373829
1.028059 -0.403452 1.104391 -0.373973
1.027885 -0.403554 1.104266 -0.374116
1.027710 -0.403655 1.104140 -0.374260
1.027536 -0.403757 1.104015 -0.374403
1.027361 -0.403858 1.103890 -0.374546
1.027187 -0.403959 1.103764 -0.374689
1.027012 -0.404060 1.103639 -0.374832
1.026838 -0.404161 1.103513 -0.374975
1.026663 -0.404261 1.103388 -0.375117
1.026489 -0.404361 1.103262 -0.375260
1.026314 -0.404461 1.103136 -0.375402
1.026140 -0.404561 1.103011 -0.375545
1.025965 -0.404661 1.102885 -0.375687
1.025790 -0.404760 1.102759 -0.375829
1.025616 -0.404860 1.102633 -0.375971
1.025441 -0.404959 1.102507 -0.376112
1.025267 -0.405058 1.102381 -0.376254
1.025092 -0.405156 1.102255 -0.376395
1.024918 -0.405255 1.102129 -0.376537
1.024743 -0.405353 1.102002 -0.376678
1.024568 -0.405451 1.101876 -0.376819
1.024394 -0.405549 1.101750 -0.376960
1.024219 -0.405647 1.101623 -0.377101
1.024044 -0.405744 1.101497 -0.377241
1.023870 -0.405842 1.101370 -0.377382
1.023695 -0.405939 1.101244 -0.377522
1.023520 -0.406036 1.101117 -0.377663
1.023346 -0.406132 1.100990 -0.377803
1.023171 -0.406229 1.100864 -0.377943
1.022996 -0.406325 1.100737 -0.378083
1.022822 -0.406421 1.100610 -0.378222
1.022647 -0.406517 1.100483 -0.378362
1.022472 -0.406613 1.100356 -0.378501
1.022298 -0.406708 1.100229 -0.378641
1.022123 -0.406804 1.100102 -0.378780
1.021948 -0.406899 1.099975 -0.378919
1.021773 -0.406994 1.099848 -0.379058
1.021599 -0.407088 1.099720 -0.379197
1.021424 -0.407183 1.099593 -0.379335
1.021249 -0.407277 1.099466 -0.379474
1.021074 -0.407371 1.099338 -0.379612
1.020900 -0.407465 1.099211 -0.379751
1.020725 -0.407559 1.099083 -0.379889
1.020550 -0.407652 1.098955 -0.380027
1.020375 -0.407746 1.098828 -0.380165
1.020201 -0.407839 1.098700 -0.380302
1.020026 -0.407932 1.098572 -0.380440
1.019851 -0.408024 1.098444 -0.380577
1.019676 -0.408117 1.098317 -0.380715
1.019502 -0.408209 1.098189 -0.380852
1.019327 -0.408301 1.098061 -0.380989
1.019152 -0.408393 1.097933 -0.381126
1.018977 -0.408485 1.097804 -0.381263
1.018802 -0.408577 1.097676 -0.381399
1.018628 -0.408668 1.097548 -0.381536
1.018453 -0.408759 1.097420 -0.381672
1.018278 -0.408850 1.097291 -0.381808
1.018103 -0.408941 1.097163 -0.381945
1.017928 -0.409031 1.097034 -0.382081
1.017753 -0.409122 1.096906 -0.382216
1.017579 -0.409212 1.096777 -0.382352
1.017404 -0.409302 1.096649 -0.382488
1.017229 -0.409391 1.096520 -0.382623
1.017054 -0.409481 1.096391 -0.382758
1.016879 -0.409570 1.096262 -0.382894
1.016704 -0.409659 1.096134 -0.383029
1.016530 -0.409748 1.096005 -0.383163
1.016355 -0.409837 1.095876 -0.383298
1.016180 -0.409926 1.095747 -0.383433
1.016005 -0.410014 1.095618 -0.383567
1.015830 -0.410102 1.095488 -0.383702
1.015655 -0.410190 1.095359 -0.383836
1.015481 -0.410278 1.095230 -0.383970
1.015306 -0.410365 1.095101 -0.384104
1.015131 -0.410453 1.094971 -0.384238
1.014956 -0.410540 1.094842 -0.384371
1.014781 -0.410627 1.094712 -0.384505
1.014606 -0.410713 1.094583 -0.384638
1.014432 -0.410800 1.094453 -0.384771
1.014257 -0.410886 1.094324 -0.384904
1.014082 -0.410972 1.094194 -0.385037
1.013907 -0.411058 1.094064 -0.385170
1.013732 -0.411144 1.093934 -0.385303
1.013557 -0.411230 1.093804 -0.385435
1.013382 -0.411315 1.093675 -0.385568
1.013208 -0.411400 1.093545 -0.385700
1.013033 -0.411485 1.093414 -0.385832
1.012858 -0.411570 1.093284 -0.385964
1.012683 -0.411654 1.093154 -0.386096
1.012508 -0.411739 1.093024 -0.386228
1.012333 -0.411823 1.092894 -0.386359
1.012159 -0.411907 1.092763 -0.386491
1.011984 -0.411990 1.092633 -0.386622
1.011809 -0.412074 1.092503 -0.386753
1.011634 -0.412157 1.092372 -0.386884
1.011459 -0.412240 1.092242 -0.387015
1.011284 -0.412323 1.092111 -0.387146
1.011109 -0.412406 1.091980 -0.387276
1.010935 -0.412488 1.091850 -0.387407
1.010760 -0.412571 1.091719 -0.387537
1.010585 -0.412653 1.091588 -0.387667
1.010410 -0.412735 1.091457 -0.387797
1.010235 -0.412816 1.091326 -0.387927
1.010061 -0.412898 1.091195 -0.388057
1.009886 -0.412979 1.091064 -0.388186
1.009711 -0.413060 1.090933 -0.388316
1.009536 -0.413141 1.090802 -0.388445
1.009361 -0.413222 1.090671 -0.388574
1.009186 -0.413302 1.090539 -0.388703
1.009012 -0.413383 1.090408 -0.388832
1.008837 -0.413463 1.090277 -0.388961
1.008662 -0.413543 1.090145 -0.389090
1.008487 -0.413622 1.090014 -0.389218
1.008313 -0.413702 1.089882 -0.389347
1.008138 -0.413781 1.089751 -0.389475
1.007963 -0.413860 1.089619 -0.389603
1.007788 -0.413939 1.089487 -0.389731
1.007613 -0.414018 1.089356 -0.389858
1.007439 -0.414096 1.089224 -0.389986
1.007264 -0.414174 1.089092 -0.390113
1.007089 -0.414252 1.088960 -0.390241
1.006914 -0.414330 1.088828 -0.390368
1.006740 -0.414408 1.088696 -0.390495
1.006565 -0.414485 1.088564 -0.390622
1.006390 -0.414563 1.088432 -0.390749
1.006215 -0.414640 1.088299 -0.390875
1.006041 -0.414717 1.088167 -0.391002
1.005866 -0.414793 1.088035 -0.391128
1.005691 -0.414870 1.087903 -0.391254
1.005517 -0.414946 1.087770 -0.391380
1.005342 -0.415022 1.087638 -0.391506
1.005167 -0.415098 1.087505 -0.391632
1.004993 -0.415173 1.087373 -0.391758
1.004818 -0.415249 1.087240 -0.391883
1.004643 -0.415324 1.087107 -0.392008
1.004469 -0.415399 1.086974 -0.392134
1.004294 -0.415474 1.086842 -0.392259
1.004119 -0.415549 1.086709 -0.392383
1.003945 -0.415623 1.086576 -0.392508
1.003770 -0.415697 1.086443 -0.392633
1.003595 -0.415771 1.086310 -0.392757
1.003421 -0.415845 1.086177 -0.392882
1.003246 -0.415919 1.086044 -0.393006
1.003071 -0.415992 1.085911 -0.393130
1.002897 -0.416065 1.085777 -0.393254
1.002722 -0.416138 1.085644 -0.393377
1.002548 -0.416211 1.085511 -0.393501
1.002373 -0.416284 1.085377 -0.393624
1.002199 -0.416356 1.085244 -0.393748
1.002024 -0.416428 1.085110 -0.393871
1.001849 -0.416500 1.084977 -0.393994
1.001675 -0.416572 1.084843 -0.394117
1.001500 -0.416643 1.084710 -0.394239
1.001326 -0.416715 1.084576 -0.394362
1.001151 -0.416786 1.084442 -0.394484
1.000977 -0.416857 1.084308 -0.394607
1.000802 -0.416928 1.084174 -0.394729
1.000628 -0.416998 1.084040 -0.394851
1.000453 -0.417068 1.083906 -0.394972
1.000279 -0.417139 1.083772 -0.395094
1.000104 -0.417209 1.083638 -0.395216
0.999930 -0.417278 1.083504 -0.395337
0.999756 -0.417348 1.083370 -0.395458
0.999581 -0.417417 1.083236 -0.395579
0.999407 -0.417486 1.083101 -0.395700
0.999232 -0.417555 1.082967 -0.395821
0.999058 -0.417624 1.082833 -0.395942
0.998884 -0.417692 1.082698 -0.396062
0.998709 -0.417761 1.082564 -0.396183
0.998535 -0.417829 1.082429 -0.396303
0.998360 -0.417897 1.082294 -0.396423
0.998186 -0.417964 1.082160 -0.396543
0.998012 -0.418032 1.082025 -0.396662
0.997837 -0.418099 1.081890 -0.396782
0.997663 -0.418166 1.081755 -0.396901
0.997489 -0.418233 1.081621 -0.397021
0.997315 -0.418300 1.081486 -0.397140
0.997140 -0.418366 1.081351 -0.397259
0.996966 -0.418432 1.081216 -0.397378
0.996792 -0.418498 1.081080 -0.397497
0.996618 -0.418564 1.080945 -0.397615
0.996443 -0.418630 1.080810 -0.397733
0.996269 -0.418695 1.080675 -0.397852
0.996095 -0.418761 1.080539 -0.397970
0.995921 -0.418826 1.080404 -0.398088
0.995747 -0.418890 1.080269 -0.398206
0.995572 -0.418955 1.080133 -0.398323
0.995398 -0.419019 1.079998 -0.398441
0.995224 -0.419084 1.079862 -0.398558
0.995050 -0.419148 1.079726 -0.398675
0.994876 -0.419211 1.079591 -0.398792
0.994702 -0.419275 1.079455 -0.398909
0.994528 -0.419338 1.079319 -0.399026
0.994354 -0.419401 1.079183 -0.399143
0.994180 -0.419464 1.079048 -0.399259
0.994006 -0.419527 1.078912 -0.399375
0.993832 -0.419590 1.078776 -0.399492
0.993658 -0.419652 1.078640 -0.399608
0.993484 -0.419714 1.078503 -0.399723
0.993310 -0.419776 1.078367 -0.399839
0.993136 -0.419838 1.078231 -0.399955
0.992962 -0.419899 1.078095 -0.400070
0.992788 -0.419961 1.077959 -0.400185
0.992614 -0.420022 1.077822 -0.400300
0.992440 -0.420083 1.077686 -0.400415
0.992266 -0.420143 1.077549 -0.400530
0.992092 -0.420204 1.077413 -0.400645
0.991918 -0.420264 1.077276 -0.400759
0.991745 -0.420324 1.077140 -0.400873
0.991571 -0.420384 1.077003 -0.400988
0.991397 -0.420444 1.076866 -0.401102
0.991223 -0.420503 1.076729 -0.401216
0.991049 -0.420563 1.076593 -0.401329
0.990876 -0.420622 1.076456 -0.401443
0.990702 -0.420681 1.076319 -0.401556
0.990528 -0.420739 1.076182 -0.401669
0.990354 -0.420798 1.076045 -0.401783
0.990181 -0.420856 1.075908 -0.401896
0.990007 -0.420914 1.075771 -0.402008
0.989833 -0.420972 1.075633 -0.402121
0.989660 -0.421029 1.075496 -0.402233
0.989486 -0.421087 1.075359 -0.402346
0.989312 -0.421144 1.075222 -0.402458
0.989139 -0.421201 1.075084 -0.402570
0.988965 -0.421258 1.074947 -0.402682
0.988792 -0.421314 1.074809 -0.402793
0.988618 -0.421371 1.074672 -0.402905
0.988445 -0.421427 1.074534 -0.403016
0.988271 -0.421483 1.074396 -0.403128
0.988098 -0.421538 1.074259 -0.403239
0.987924 -0.421594 1.074121 -0.403350
0.987751 -0.421649 1.073983 -0.403460
0.987577 -0.421704 1.073845 -0.403571
0.987404 -0.421759 1.073707 -0.403682
0.987231 -0.421814 1.073569 -0.403792
0.987057 -0.421869 1.073431 -0.403902
0.986884 -0.421923 1.073293 -0.404012
0.986711 -0.421977 1.073155 -0.404122
0.986537 -0.422031 1.073017 -0.404232
0.986364 -0.422085 1.072879 -0.404341
0.986191 -0.422138 1.072741 -0.404450
0.986017 -0.422191 1.072602 -0.404560
0.985844 -0.422244 1.072464 -0.404669
0.985671 -0.422297 1.072326 -0.404778
0.985498 -0.422350 1.072187 -0.404886
0.985325 -0.422402 1.072049 -0.404995
0.985151 -0.422455 1.071910 -0.405103
0.984978 -0.422507 1.071771 -0.405212
0.984805 -0.422558 1.071633 -0.405320
0.984632 -0.422610 1.071494 -0.405428
0.984459 -0.422661 1.071355 -0.405536
0.984286 -0.422713 1.071216 -0.405643
0.984113 -0.422764 1.071078 -0.405751
0.983940 -0.422814 1.070939 -0.405858
0.983767 -0.422865 1.070800 -0.405965
0.983594 -0.422915 1.070661 -0.406072
0.983421 -0.422965 1.070522 -0.406179
0.983248 -0.423015 1.070383 -0.406286
0.983075 -0.423065 1.070243 -0.406392
0.982902 -0.423115 1.070104 -0.406499
0.982729 -0.423164 1.069965 -0.406605
0.982557 -0.423213 1.069826 -0.406711
0.982384 -0.423262 1.069686 -0.406817
0.982211 -0.423311 1.069547 -0.406923
0.982038 -0.423359 1.069407 -0.407028
0.981866 -0.423407 1.069268 -0.407134
0.981693 -0.423456 1.069128 -0.407239
0.981520 -0.423503 1.068989 -0.407344
0.981347 -0.423551 1.068849 -0.407449
0.981175 -0.423598 1.068709 -0.407554
0.981002 -0.423646 1.068570 -0.407658
0.980830 -0.423693 1.068430 -0.407763
0.980657 -0.423740 1.068290 -0.407867
0.980484 -0.423786 1.068150 -0.407971
0.980312 -0.423833 1.068010 -0.408075
0.980139 -0.423879 1.067870 -0.408179
0.979967 -0.423925 1.067730 -0.408283
0.979794 -0.423971 1.067590 -0.408386
0.979622 -0.424016 1.067450 -0.408489
0.979450 -0.424062 1.067310 -0.408593
0.979277 -0.424107 1.067169 -0.408696
0.979105 -0.424152 1.067029 -0.408799
0.978932 -0.424196 1.066889 -0.408901
0.978760 -0.424241 1.066748 -0.409004
0.978588 -0.424285 1.066608 -0.409106
0.978416 -0.424329 1.066467 -0.409208
0.978243 -0.424373 1.066327 -0.409310
0.978071 -0.424417 1.066186 -0.409412
0.977899 -0.424460 1.066046 -0.409514
0.977727 -0.424504 1.065905 -0.409616
0.977555 -0.424547 1.065764 -0.409717
0.977383 -0.424590 1.065623 -0.409818
0.977210 -0.424632 1.065482 -0.409919
0.977038 -0.424675 1.065342 -0.410020
0.976866 -0.424717 1.065201 -0.410121
0.976694 -0.424759 1.065060 -0.410221
0.976522 -0.424801 1.064919 -0.410322
0.976350 -0.424842 1.064778 -0.410422
0.976179 -0.424884 1.064636 -0.410522
0.976007 -0.424925 1.064495 -0.410622
0.975835 -0.424966 1.064354 -0.410722
0.975663 -0.425007 1.064213 -0.410821
0.975491 -0.425047 1.064071 -0.410921
0.975319 -0.425088 1.063930 -0.411020
0.975148 -0.425128 1.063789 -0.411119
0.974976 -0.425168 1.063647 -0.411218
0.974804 -0.425208 1.063506 -0.411317
0.974632 -0.425247 1.063364 -0.411416
0.974461 -0.425286 1.063223 -0.411514
0.974289 -0.425325 1.063081 -0.411612
0.974117 -0.425364 1.062939 -0.411710
0.973946 -0.425403 1.062797 -0.411808
0.973774 -0.425441 1.062656 -0.411906
0.973603 -0.425480 1.062514 -0.412004
0.973431 -0.425518 1.062372 -0.412101
0.973260 -0.425556 1.062230 -0.412199
0.973088 -0.425593 1.062088 -0.412296
0.972917 -0.425631 1.061946 -0.412393
0.972746 -0.425668 1.061804 -0.412490
0.972574 -0.425705 1.061662 -0.412586
0.972403 -0.425742 1.061520 -0.412683
0.972232 -0.425778 1.061377 -0.412779
0.972061 -0.425815 1.061235 -0.412875
0.971889 -0.425851 1.061093 -0.412971
0.971718 -0.425887 1.060950 -0.413067
0.971547 -0.425923 1.060808 -0.413162
0.971376 -0.425958 1.060665 -0.413258
0.971205 -0.425993 1.060523 -0.413353
0.971034 -0.426028 1.060380 -0.413448
0.970863 -0.426063 1.060238 -0.413543
0.970692 -0.426098 1.060095 -0.413638
0.970521 -0.426133 1.059952 -0.413733
0.970350 -0.426167 1.059810 -0.413827
0.970179 -0.426201 1.059667 -0.413921
0.970008 -0.426235 1.059524 -0.414016
0.969837 -0.426268 1.059381 -0.414110
0.969666 -0.426302 1.059238 -0.414203
0.969495 -0.426335 1.059095 -0.414297
0.969325 -0.426368 1.058952 -0.414390
0.969154 -0.426401 1.058809 -0.414484
0.968983 -0.426433 1.058666 -0.414577
0.968812 -0.426466 1.058523 -0.414670
0.968642 -0.426498 1.058380 -0.414763
0.968471 -0.426530 1.058236 -0.414855
0.968301 -0.426562 1.058093 -0.414948
0.968130 -0.426593 1.057950 -0.415040
0.967960 -0.426625 1.057806 -0.415132
0.967789 -0.426656 1.057663 -0.415224
0.967619 -0.426687 1.057519 -0.415316
0.967448 -0.426717 1.057376 -0.415407
0.967278 -0.426748 1.057232 -0.415499
0.967108 -0.426778 1.057089 -0.415590
0.966937 -0.426808 1.056945 -0.415681
0.966767 -0.426838 1.056801 -0.415772
0.966597 -0.426868 1.056658 -0.415863
0.966426 -0.426897 1.056514 -0.415953
0.966256 -0.426926 1.056370 -0.416044
0.966086 -0.426955 1.056226 -0.416134
0.965916 -0.426984 1.056082 -0.416224
0.965746 -0.427013 1.055938 -0.416314
0.965576 -0.427041 1.055794 -0.416404
0.965406 -0.427069 1.055650 -0.416493
0.965236 -0.427097 1.055506 -0.416582
0.965066 -0.427125 1.055362 -0.416672
0.964896 -0.427153 1.055217 -0.416761
0.964726 -0.427180 1.055073 -0.416850
0.964556 -0.427207 1.054929 -0.416938
0.964387 -0.427234 1.054784 -0.417027
0.964217 -0.427261 1.054640 -0.417115
0.964047 -0.427287 1.054496 -0.417203
0.963877 -0.427313 1.054351 -0.417291
0.963708 -0.427339 1.054207 -0.417379
0.963538 -0.427365 1.054062 -0.417467
0.963368 -0.427391 1.053917 -0.417554
0.963199 -0.427416 1.053773 -0.417642
0.963029 -0.427442 1.053628 -0.417729
0.962860 -0.427467 1.053483 -0.417816
0.962690 -0.427491 1.053338 -0.417902
0.962521 -0.427516 1.053193 -0.417989
0.962352 -0.427540 1.053049 -0.418076
0.962182 -0.427565 1.052904 -0.418162
0.962013 -0.427588 1.052759 -0.418248
0.961844 -0.427612 1.052614 -0.418334
0.961674 -0.427636 1.052469 -0.418420
0.961505 -0.427659 1.052323 -0.418505
0.961336 -0.427682 1.052178 -0.418591
0.961167 -0.427705 1.052033 -0.418676
0.960998 -0.427728 1.051888 -0.418761
0.960829 -0.427750 1.051742 -0.418846
0.960660 -0.427772 1.051597 -0.418930
0.960491 -0.427795 1.051452 -0.419015
0.960322 -0.427816 1.051306 -0.419099
0.960153 -0.427838 1.051161 -0.419184
0.959984 -0.427859 1.051015 -0.419268
0.959815 -0.427881 1.050870 -0.419351
0.959646 -0.427902 1.050724 -0.419435
0.959478 -0.427922 1.050578 -0.419518
0.959309 -0.427943 1.050433 -0.419602
0.959140 -0.427963 1.050287 -0.419685
0.958972 -0.427983 1.050141 -0.419768
0.958803 -0.428003 1.049995 -0.419851
0.958635 -0.428023 1.049850 -0.419933
0.958466 -0.428043 1.049704 -0.420016
0.958298 -0.428062 1.049558 -0.420098
0.958129 -0.428081 1.049412 -0.420180
0.957961 -0.428100 1.049266 -0.420262
0.957792 -0.428119 1.049119 -0.420344
0.957624 -0.428137 1.048973 -0.420425
0.957456 -0.428155 1.048827 -0.420506
0.957288 -0.428173 1.048681 -0.420588
0.957119 -0.428191 1.048535 -0.420669
0.956951 -0.428209 1.048388 -0.420749
0.956783 -0.428226 1.048242 -0.420830
0.956615 -0.428243 1.048096 -0.420911
0.956447 -0.428260 1.047949 -0.420991
0.956279 -0.428277 1.047803 -0.421071
0.956111 -0.428293 1.047656 -0.421151
0.955943 -0.428310 1.047510 -0.421231
0.955775 -0.428326 1.047363 -0.421310
0.955607 -0.428342 1.047216 -0.421390
0.955440 -0.428358 1.047070 -0.421469
0.955272 -0.428373 1.046923 -0.421548
0.955104 -0.428388 1.046776 -0.421627
0.954936 -0.428403 1.046629 -0.421706
0.954769 -0.428418 1.046482 -0.421784
0.954601 -0.428433 1.046335 -0.421862
0.954434 -0.428447 1.046189 -0.421941
0.954266 -0.428461 1.046042 -0.422019
0.954099 -0.428475 1.045895 -0.422096
0.953931 -0.428489 1.045747 -0.422174
0.953764 -0.428503 1.045600 -0.422251
0.953596 -0.428516 1.045453 -0.422329
0.953429 -0.428529 1.045306 -0.422406
0.953262 -0.428542 1.045159 -0.422483
0.953095 -0.428555 1.045011 -0.422559
0.952927 -0.428567 1.044864 -0.422636
0.952760 -0.428580 1.044717 -0.422712
0.952593 -0.428592 1.044569 -0.422788
0.952426 -0.428604 1.044422 -0.422864
0.952259 -0.428615 1.044274 -0.422940
0.952092 -0.428627 1.044127 -0.423016
0.951925 -0.428638 1.043979 -0.423091
0.951758 -0.428649 1.043831 -0.423166
0.951592 -0.428660 1.043684 -0.423242
0.951425 -0.428670 1.043536 -0.423316
0.951258 -0.428681 1.043388 -0.423391
0.951091 -0.428691 1.043241 -0.423466
0.950925 -0.428701 1.043093 -0.423540
0.950758 -0.428711 1.042945 -0.423614
0.950592 -0.428720 1.042797 -0.423688
0.950425 -0.428730 1.042649 -0.423762
0.950259 -0.428739 1.042501 -0.423836
0.950092 -0.428748 1.042353 -0.423909
0.949926 -0.428756 1.042205 -0.423982
0.949759 -0.428765 1.042057 -0.424055
0.949593 -0.428773 1.041908 -0.424128
0.949427 -0.428781 1.041760 -0.424201
0.949261 -0.428789 1.041612 -0.424274
0.949094 -0.428796 1.041464 -0.424346
0.948928 -0.428804 1.041315 -0.424418
0.948762 -0.428811 1.041167 -0.424490
0.948596 -0.428818 1.041019 -0.424562
0.948430 -0.428825 1.040870 -0.424634
0.948264 -0.428831 1.040722 -0.424705
0.948098 -0.428838 1.040573 -0.424776
0.947933 -0.428844 1.040425 -0.424847
0.947767 -0.428850 1.040276 -0.424918
0.947601 -0.428855 1.040127 -0.424989
0.947435 -0.428861 1.039979 -0.425059
0.947270 -0.428866 1.039830 -0.425130
0.947104 -0.428871 1.039681 -0.425200
0.946938 -0.428876 1.039532 -0.425270
0.946773 -0.428881 1.039383 -0.425339
0.946607 -0.428885 1.039234 -0.425409
0.946442 -0.428889 1.039085 -0.425478
0.946277 -0.428893 1.038936 -0.425548
0.946111 -0.428897 1.038787 -0.425617
0.945946 -0.428901 1.038638 -0.425685
0.945781 -0.428904 1.038489 -0.425754
0.945616 -0.428907 1.038340 -0.425823
0.945450 -0.428910 1.038191 -0.425891
0.945285 -0.428913 1.038042 -0.425959
0.945120 -0.428915 1.037892 -0.426027
0.944955 -0.428918 1.037743 -0.426095
0.944790 -0.428920 1.037594 -0.426162
0.944625 -0.428922 1.037444 -0.426229
0.944461 -0.428923 1.037295 -0.426297
0.944296 -0.428925 1.037146 -0.426364
0.944131 -0.428926 1.036996 -0.426430
0.943966 -0.428927 1.036846 -0.426497
0.943802 -0.428928 1.036697 -0.426563
0.943637 -0.428928 1.036547 -0.426630
0.943472 -0.428929 1.036398 -0.426696
0.943308 -0.428929 1.036248 -0.426761
0.943143 -0.428929 1.036098 -0.426827
0.942979 -0.428928 1.035948 -0.426893
0.942815 -0.428928 1.035799 -0.426958
0.942650 -0.428927 1.035649 -0.427023
0.942486 -0.428926 1.035499 -0.427088
0.942322 -0.428925 1.035349 -0.427153
0.942158 -0.428924 1.035199 -0.427217
0.941994 -0.428922 1.035049 -0.427281
0.941829 -0.428921 1.034899 -0.427346
0.941665 -0.428919 1.034749 -0.427410
0.941501 -0.428916 1.034599 -0.427473
0.941338 -0.428914 1.034448 -0.427537
0.941174 -0.428911 1.034298 -0.427600
0.941010 -0.428909 1.034148 -0.427663
0.940846 -0.428905 1.033998 -0.427726
0.940682 -0.428902 1.033847 -0.427789
0.940519 -0.428899 1.033697 -0.427852
0.940355 -0.428895 1.033547 -0.427914
0.940192 -0.428891 1.033396 -0.427977
0.940028 -0.428887 1.033246 -0.428039
0.939865 -0.428883 1.033095 -0.428100
0.939701 -0.428878 1.032945 -0.428162
0.939538 -0.428873 1.032794 -0.428224
0.939374 -0.428868 1.032643 -0.428285
0.939211 -0.428863 1.032493 -0.428346
0.939048 -0.428858 1.032342 -0.428407
0.938885 -0.428852 1.032191 -0.428468
0.938722 -0.428846 1.032041 -0.428528
0.938559 -0.428840 1.031890 -0.428589
0.938396 -0.428834 1.031739 -0.428649
0.938233 -0.428828 1.031588 -0.428709
0.938070 -0.428821 1.031437 -0.428768
0.937907 -0.428814 1.031286 -0.428828
0.937744 -0.428807 1.031135 -0.428887
0.937581 -0.428800 1.030984 -0.428946
0.937419 -0.428792 1.030833 -0.429005
0.937256 -0.428784 1.030682 -0.429064
0.937094 -0.428776 1.030531 -0.429123
0.936931 -0.428768 1.030379 -0.429181
0.936769 -0.428760 1.030228 -0.429239
0.936606 -0.428751 1.030077 -0.429297
0.936444 -0.428742 1.029926 -0.429355
0.936281 -0.428733 1.029774 -0.429413
0.936119 -0.428724 1.029623 -0.429470
0.935957 -0.428715 1.029472 -0.429528
0.935795 -0.428705 1.029320 -0.429585
0.935633 -0.428695 1.029169 -0.429642
0.935471 -0.428685 1.029017 -0.429698
0.935309 -0.428675 1.028866 -0.429755
0.935147 -0.428664 1.028714 -0.429811
0.934985 -0.428653 1.028562 -0.429867
0.934823 -0.428642 1.028411 -0.429923
0.934661 -0.428631 1.028259 -0.429979
0.934500 -0.428620 1.028107 -0.430034
0.934338 -0.428608 1.027955 -0.430089
0.934176 -0.428596 1.027804 -0.430144
0.934015 -0.428584 1.027652 -0.430199
0.933853 -0.428572 1.027500 -0.430254
0.933692 -0.428560 1.027348 -0.430309
0.933530 -0.428547 1.027196 -0.430363
0.933369 -0.428534 1.027044 -0.430417
0.933208 -0.428521 1.026892 -0.430471
0.933047 -0.428508 1.026740 -0.430525
0.932885 -0.428494 1.026588 -0.430578
0.932724 -0.428480 1.026436 -0.430632
0.932563 -0.428466 1.026283 -0.430685
0.932402 -0.428452 1.026131 -0.430738
0.932241 -0.428438 1.025979 -0.430790
0.932080 -0.428423 1.025827 -0.430843
0.931920 -0.428408 1.025674 -0.430895
0.931759 -0.428393 1.025522 -0.430947
0.931598 -0.428378 1.025370 -0.430999
0.931438 -0.428362 1.025217 -0.431051
0.931277 -0.428347 1.025065 -0.431103
0.931116 -0.428331 1.024912 -0.431154
0.930956 -0.428315 1.024760 -0.431205
0.930795 -0.428298 1.024607 -0.431256
0.930635 -0.428282 1.024455 -0.431307
0.930475 -0.428265 1.024302 -0.431358
0.930315 -0.428248 1.024149 -0.431408
0.930154 -0.428231 1.023997 -0.431458
0.929994 -0.428214 1.023844 -0.431508
0.929834 -0.428196 1.023691 -0.431558
0.929674 -0.428178 1.023538 -0.431607
0.929514 -0.428160 1.023385 -0.431657
0.929354 -0.428142 1.023232 -0.431706
0.929194 -0.428123 1.023080 -0.431755
0.929035 -0.428105 1.022927 -0.431804
0.928875 -0.428086 1.022774 -0.431852
0.928715 -0.428067 1.022621 -0.431901
0.928556 -0.428047 1.022468 -0.431949
0.928396 -0.428028 1.022314 -0.431997
0.928236 -0.428008 1.022161 -0.432045
0.928077 -0.427988 1.022008 -0.432092
0.927918 -0.427968 1.021855 -0.432140
0.927758 -0.427948 1.021702 -0.432187
0.927599 -0.427927 1.021549 -0.432234
0.927440 -0.427906 1.021395 -0.432281
0.927281 -0.427885 1.021242 -0.432327
0.927122 -0.427864 1.021089 -0.432374
0.926963 -0.427842 1.020935 -0.432420
0.926804 -0.427821 1.020782 -0.432466
0.926645 -0.427799 1.020628 -0.432511
0.926486 -0.427777 1.020475 -0.432557
0.926327 -0.427754 1.020321 -0.432602
0.926168 -0.427732 1.020168 -0.432648
0.926010 -0.427709 1.020014 -0.432692
0.925851 -0.427686 1.019860 -0.432737
0.925692 -0.427663 1.019707 -0.432782
0.925534 -0.427639 1.019553 -0.432826
0.925376 -0.427616 1.019399 -0.432870
0.925217 -0.427592 1.019246 -0.432914
0.925059 -0.427568 1.019092 -0.432958
0.924901 -0.427544 1.018938 -0.433002
0.924742 -0.427519 1.018784 -0.433045
0.924584 -0.427494 1.018630 -0.433088
0.924426 -0.427469 1.018476 -0.433131
0.924268 -0.427444 1.018322 -0.433174
0.924110 -0.427419 1.018168 -0.433216
0.923952 -0.427393 1.018014 -0.433258
0.923795 -0.427368 1.017860 -0.433301
0.923637 -0.427342 1.017706 -0.433343
0.923479 -0.427315 1.017552 -0.433384
0.923322 -0.427289 1.017398 -0.433426
0.923164 -0.427262 1.017244 -0.433467
0.923007 -0.427236 1.017090 -0.433508
0.922849 -0.427209 1.016935 -0.433549
0.922692 -0.427181 1.016781 -0.433590
0.922534 -0.427154 1.016627 -0.433630
0.922377 -0.427126 1.016472 -0.433670
0.922220 -0.427098 1.016318 -0.433710
0.922063 -0.427070 1.016164 -0.433750
0.921906 -0.427042 1.016009 -0.433790
0.921749 -0.427013 1.015855 -0.433829
0.921592 -0.426984 1.015700 -0.433869
0.921435 -0.426955 1.015546 -0.433908
0.921278 -0.426926 1.015391 -0.433947
0.921121 -0.426897 1.015237 -0.433985
0.920965 -0.426867 1.015082 -0.434024
0.920808 -0.426837 1.014927 -0.434062
0.920651 -0.426807 1.014773 -0.434100
0.920495 -0.426777 1.014618 -0.434138
0.920338 -0.426746 1.014463 -0.434175
0.920182 -0.426716 1.014308 -0.434213
0.920026 -0.426685 1.014153 -0.434250
0.919870 -0.426654 1.013999 -0.434287
0.919713 -0.426622 1.013844 -0.434323
0.919557 -0.426591 1.013689 -0.434360
0.919401 -0.426559 1.013534 -0.434396
0.919245 -0.426527 1.013379 -0.434432
0.919089 -0.426495 1.013224 -0.434468
0.918933 -0.426462 1.013069 -0.434504
0.918778 -0.426429 1.012914 -0.434540
0.918622 -0.426397 1.012759 -0.434575
0.918466 -0.426364 1.012604 -0.434610
0.918311 -0.426330 1.012448 -0.434645
0.918155 -0.426297 1.012293 -0.434680
0.918000 -0.426263 1.012138 -0.434714
0.917844 -0.426229 1.011983 -0.434748
0.917689 -0.426195 1.011828 -0.434782
0.917534 -0.426161 1.011672 -0.434816
0.917378 -0.426126 1.011517 -0.434850
0.917223 -0.426091 1.011362 -0.434883
0.917068 -0.426056 1.011206 -0.434916
0.916913 -0.426021 1.011051 -0.434949
0.916758 -0.425985 1.010895 -0.434982
0.916603 -0.425950 1.010740 -0.435015
0.916449 -0.425914 1.010584 -0.435047
0.916294 -0.425878 1.010429 -0.435079
0.916139 -0.425842 1.010273 -0.435111
0.915985 -0.425805 1.010118 -0.435143
0.915830 -0.425768 1.009962 -0.435174
0.915676 -0.425731 1.009806 -0.435206
0.915521 -0.425694 1.009651 -0.435237
0.915367 -0.425657 1.009495 -0.435268
0.915212 -0.425619 1.009339 -0.435298
0.915058 -0.425581 1.009183 -0.435329
0.914904 -0.425543 1.009028 -0.435359
0.914750 -0.425505 1.008872 -0.435389
0.914596 -0.425467 1.008716 -0.435419
0.914442 -0.425428 1.008560 -0.435449
0.914288 -0.425389 1.008404 -0.435478
0.914134 -0.425350 1.008248 -0.435507
0.913981 -0.425311 1.008092 -0.435536
0.913827 -0.425271 1.007936 -0.435565
0.913673 -0.425231 1.007780 -0.435594
0.913520 -0.425191 1.007624 -0.435622
0.913366 -0.425151 1.007468 -0.435650
0.913213 -0.425111 1.007312 -0.435678
0.913060 -0.425070 1.007156 -0.435706
0.912906 -0.425029 1.007000 -0.435733
0.912753 -0.424988 1.006843 -0.435760
0.912600 -0.424947 1.006687 -0.435787
0.912447 -0.424906 1.006531 -0.435814
0.912294 -0.424864 1.006375 -0.435841
0.912141 -0.424822 1.006218 -0.435867
0.911988 -0.424780 1.006062 -0.435893
0.911835 -0.424738 1.005906 -0.435919
0.911683 -0.424695 1.005749 -0.435945
0.911530 -0.424652 1.005593 -0.435971
0.911378 -0.424609 1.005436 -0.435996
0.911225 -0.424566 1.005280 -0.436021
0.911073 -0.424523 1.005123 -0.436046
0.910920 -0.424479 1.004967 -0.436071
0.910768 -0.424435 1.004810 -0.436095
0.910616 -0.424391 1.004654 -0.436120
0.910464 -0.424347 1.004497 -0.436144
0.910311 -0.424302 1.004340 -0.436167
0.910159 -0.424258 1.004184 -0.436191
0.910007 -0.424213 1.004027 -0.436214
0.909856 -0.424168 1.003870 -0.436238
0.909704 -0.424122 1.003713 -0.436261
0.909552 -0.424077 1.003557 -0.436283
0.909400 -0.424031 1.003400 -0.436306
0.909249 -0.423985 1.003243 -0.436328
0.909097 -0.423939 1.003086 -0.436350
0.908946 -0.423892 1.002929 -0.436372
0.908794 -0.423846 1.002772 -0.436394
0.908643 -0.423799 1.002616 -0.436415
0.908492 -0.423752 1.002459 -0.436436
0.908341 -0.423705 1.002302 -0.436457
0.908190 -0.423657 1.002145 -0.436478
0.908039 -0.423609 1.001988 -0.436499
0.907888 -0.423561 1.001830 -0.436519
0.907737 -0.423513 1.001673 -0.436539
0.907586 -0.423465 1.001516 -0.436559
0.907435 -0.423416 1.001359 -0.436579
0.907284 -0.423368 1.001202 -0.436598
0.907134 -0.423319 1.001045 -0.436618
0.906983 -0.423269 1.000888 -0.436637
0.906833 -0.423220 1.000730 -0.436656
0.906683 -0.423170 1.000573 -0.436674
0.906532 -0.423120 1.000416 -0.436692
0.906382 -0.423070 1.000258 -0.436711
0.906232 -0.423020 1.000101 -0.436729
0.906082 -0.422970 0.999944 -0.436746
0.905932 -0.422919 0.999786 -0.436764
0.905782 -0.422868 0.999629 -0.436781
0.905632 -0.422817 0.999471 -0.436798
0.905482 -0.422765 0.999314 -0.436815
0.905332 -0.422714 0.999156 -0.436832
0.905183 -0.422662 0.998999 -0.436848
0.905033 -0.422610 0.998841 -0.436864
0.904884 -0.422558 0.998684 -0.436880
0.904734 -0.422505 0.998526 -0.436896
0.904585 -0.422453 0.998369 -0.436911
0.904435 -0.422400 0.998211 -0.436927
0.904286 -0.422347 0.998053 -0.436942
0.904137 -0.422293 0.997896 -0.436957
0.903988 -0.422240 0.997738 -0.436971
0.903839 -0.422186 0.997580 -0.436986
0.903690 -0.422132 0.997422 -0.437000
0.903541 -0.422078 0.997265 -0.437014
0.903392 -0.422024 0.997107 -0.437028
0.903244 -0.421969 0.996949 -0.437041
0.903095 -0.421914 0.996791 -0.437054
0.902947 -0.421859 0.996633 -0.437067
0.902798 -0.421804 0.996475 -0.437080
0.902650 -0.421749 0.996317 -0.437093
0.902501 -0.421693 0.996159 -0.437105
0.902353 -0.421637 0.996001 -0.437117
0.902205 -0.421581 0.995843 -0.437129
0.902057 -0.421525 0.995685 -0.437141
0.901909 -0.421468 0.995527 -0.437153
0.901761 -0.421411 0.995369 -0.437164
0.901613 -0.421354 0.995211 -0.437175
0.901465 -0.421297 0.995053 -0.437186
0.901317 -0.421240 0.994895 -0.437196
0.901170 -0.421182 0.994737 -0.437207
0.901022 -0.421124 0.994579 -0.437217
0.900875 -0.421066 0.994420 -0.437227
0.900727 -0.421008 0.994262 -0.437237
0.900580 -0.420950 0.994104 -0.437246
0.900433 -0.420891 0.993946 -0.437255
0.900285 -0.420832 0.993787 -0.437264
0.900138 -0.420773 0.993629 -0.437273
0.899991 -0.420714 0.993471 -0.437282
0.899844 -0.420654 0.993312 -0.437290
0.899697 -0.420594 0.993154 -0.437298
0.899551 -0.420534 0.992996 -0.437306
0.899404 -0.420474 0.992837 -0.437314
0.899257 -0.420414 0.992679 -0.437321
0.899110 -0.420353 0.992520 -0.437328
0.898964 -0.420292 0.992362 -0.437335
0.898818 -0.420231 0.992203 -0.437342
0.898671 -0.420170 0.992045 -0.437349
0.898525 -0.420108 0.991886 -0.437355
0.898379 -0.420047 0.991728 -0.437361
0.898233 -0.419985 0.991569 -0.437367
0.898086 -0.419923 0.991410 -0.437373
0.897941 -0.419860 0.991252 -0.437378
0.897795 -0.419798 0.991093 -0.437383
0.897649 -0.419735 0.990934 -0.437388
0.897503 -0.419672 0.990776 -0.437393
0.897357 -0.419609 0.990617 -0.437397
0.897212 -0.419545 0.990458 -0.437402
0.897066 -0.419482 0.990299 -0.437406
0.896921 -0.419418 0.990141 -0.437410
0.896775 -0.419354 0.989982 -0.437413
0.896630 -0.419290 0.989823 -0.437417
0.896485 -0.419225 0.989664 -0.437420
0.896340 -0.419160 0.989505 -0.437423
0.896195 -0.419096 0.989346 -0.437425
0.896050 -0.419030 0.989187 -0.437428
0.895905 -0.418965 0.989028 -0.437430
0.895760 -0.418899 0.988870 -0.437432
0.895615 -0.418834 0.988711 -0.437434
0.895471 -0.418768 0.988552 -0.437435
0.895326 -0.418702 0.988393 -0.437436
0.895182 -0.418635 0.988234 -0.437437
0.895037 -0.418568 0.988074 -0.437438
0.894893 -0.418502 0.987915 -0.437439
0.894749 -0.418435 0.987756 -0.437439
0.894604 -0.418367 0.987597 -0.437439
0.894460 -0.418300 0.987438 -0.437439
0.894316 -0.418232 0.987279 -0.437439
0.894172 -0.418164 0.987120 -0.437438
0.894029 -0.418096 0.986961 -0.437438
0.893885 -0.418028 0.986801 -0.437437
0.893741 -0.417959 0.986642 -0.437435
0.893597 -0.417890 0.986483 -0.437434
0.893454 -0.417821 0.986324 -0.437432
0.893310 -0.417752 0.986164 -0.437430
0.893167 -0.417683 0.986005 -0.437428
0.893024 -0.417613 0.985846 -0.437426
0.892880 -0.417543 0.985686 -0.437423
0.892737 -0.417473 0.985527 -0.437420
0.892594 -0.417403 0.985368 -0.437417
0.892451 -0.417332 0.985208 -0.437414
0.892308 -0.417262 0.985049 -0.437410
0.892166 -0.417191 0.984889 -0.437406
0.892023 -0.417119 0.984730 -0.437402
0.891880 -0.417048 0.984571 -0.437398
0.891738 -0.416976 0.984411 -0.437393
0.891595 -0.416905 0.984252 -0.437389
0.891453 -0.416833 0.984092 -0.437384
0.891310 -0.416760 0.983933 -0.437378
0.891168 -0.416688 0.983773 -0.437373
0.891026 -0.416615 0.983613 -0.437367
0.890884 -0.416543 0.983454 -0.437361
0.890742 -0.416469 0.983294 -0.437355
0.890600 -0.416396 0.983135 -0.437349
0.890458 -0.416323 0.982975 -0.437342
0.890316 -0.416249 0.982815 -0.437335
0.890174 -0.416175 0.982656 -0.437328
0.890033 -0.416101 0.982496 -0.437321
0.889891 -0.416026 0.982336 -0.437313
0.889750 -0.415952 0.982176 -0.437306
0.889608 -0.415877 0.982017 -0.437298
0.889467 -0.415802 0.981857 -0.437289
0.889326 -0.415727 0.981697 -0.437281
0.889185 -0.415651 0.981537 -0.437272
0.889044 -0.415576 0.981378 -0.437263
0.888903 -0.415500 0.981218 -0.437254
0.888762 -0.415424 0.981058 -0.437244
0.888621 -0.415347 0.980898 -0.437235
0.888480 -0.415271 0.980738 -0.437225
0.888340 -0.415194 0.980578 -0.437215
0.888199 -0.415117 0.980418 -0.437204
0.888059 -0.415040 0.980259 -0.437194
0.887918 -0.414963 0.980099 -0.437183
0.887778 -0.414885 0.979939 -0.437172
0.887638 -0.414807 0.979779 -0.437160
0.887498 -0.414729 0.979619 -0.437149
0.887358 -0.414651 0.979459 -0.437137
0.887218 -0.414573 0.979299 -0.437125
0.887078 -0.414494 0.979139 -0.437112
0.886938 -0.414415 0.978979 -0.437100
0.886798 -0.414336 0.978819 -0.437087
0.886659 -0.414257 0.978658 -0.437074
0.886519 -0.414177 0.978498 -0.437061
0.886380 -0.414098 0.978338 -0.437047
0.886240 -0.414018 0.978178 -0.437034
0.886101 -0.413937 0.978018 -0.437020
0.885962 -0.413857 0.977858 -0.437005
0.885823 -0.413776 0.977698 -0.436991
0.885684 -0.413696 0.977538 -0.436976
0.885545 -0.413615 0.977377 -0.436961
0.885406 -0.413533 0.977217 -0.436946
0.885267 -0.413452 0.977057 -0.436931
0.885128 -0.413370 0.976897 -0.436915
0.884990 -0.413288 0.976736 -0.436899
0.884851 -0.413206 0.976576 -0.436883
0.884713 -0.413124 0.976416 -0.436867
0.884574 -0.413042 0.976256 -0.436850
0.884436 -0.412959 0.976095 -0.436833
0.884298 -0.412876 0.975935 -0.436816
0.884160 -0.412793 0.975775 -0.436799
0.884022 -0.412709 0.975614 -0.436781
0.883884 -0.412626 0.975454 -0.436763
0.883746 -0.412542 0.975294 -0.436745
0.883608 -0.412458 0.975133 -0.436727
0.883470 -0.412374 0.974973 -0.436709
0.883333 -0.412289 0.974812 -0.436690
0.883195 -0.412205 0.974652 -0.436671
0.883058 -0.412120 0.974491 -0.436651
0.882920 -0.412035 0.974331 -0.436632
0.882783 -0.411949 0.974171 -0.436612
0.882646 -0.411864 0.974010 -0.436592
0.882509 -0.411778 0.973850 -0.436572
0.882372 -0.411692 0.973689 -0.436551
0.882235 -0.411606 0.973529 -0.436531
0.882098 -0.411520 0.973368 -0.436510
0.881961 -0.411433 0.973207 -0.436489
0.881825 -0.411346 0.973047 -0.436467
0.881688 -0.411259 0.972886 -0.436445
0.881551 -0.411172 0.972726 -0.436423
0.881415 -0.411085 0.972565 -0.436401
0.881279 -0.410997 0.972405 -0.436379
0.881143 -0.410909 0.972244 -0.436356
0.881006 -0.410821 0.972083 -0.436333
0.880870 -0.410733 0.971923 -0.436310
0.880734 -0.410644 0.971762 -0.436287
0.880598 -0.410555 0.971601 -0.436263
0.880463 -0.410466 0.971441 -0.436239
0.880327 -0.410377 0.971280 -0.436215
0.880191 -0.410288 0.971119 -0.436191
0.880056 -0.410198 0.970959 -0.436166
0.879920 -0.410109 0.970798 -0.436141
0.879785 -0.410019 0.970637 -0.436116
0.879650 -0.409928 0.970476 -0.436090
0.879514 -0.409838 0.970316 -0.436065
0.879379 -0.409747 0.970155 -0.436039
0.879244 -0.409656 0.969994 -0.436013
0.879109 -0.409565 0.969833 -0.435987
0.878974 -0.409474 0.969673 -0.435960
0.878840 -0.409383 0.969512 -0.435933
0.878705 -0.409291 0.969351 -0.435906
0.878570 -0.409199 0.969190 -0.435879
0.878436 -0.409107 0.969029 -0.435851
0.878301 -0.409014 0.968869 -0.435823
0.878167 -0.408922 0.968708 -0.435795
0.878033 -0.408829 0.968547 -0.435767
0.877899 -0.408736 0.968386 -0.435738
0.877765 -0.408643 0.968225 -0.435709
0.877631 -0.408549 0.968064 -0.435680
0.877497 -0.408456 0.967903 -0.435651
0.877363 -0.408362 0.967742 -0.435621
0.877229 -0.408268 0.967581 -0.435592
0.877096 -0.408174 0.967421 -0.435562
0.876962 -0.408079 0.967260 -0.435531
0.876829 -0.407984 0.967099 -0.435501
0.876695 -0.407890 0.966938 -0.435470
0.876562 -0.407794 0.966777 -0.435439
0.876429 -0.407699 0.966616 -0.435407
0.876296 -0.407603 0.966455 -0.435376
0.876163 -0.407508 0.966294 -0.435344
0.876030 -0.407412 0.966133 -0.435312
0.875897 -0.407316 0.965972 -0.435280
0.875764 -0.407219 0.965811 -0.435247
0.875632 -0.407122 0.965650 -0.435214
0.875499 -0.407026 0.965489 -0.435181
0.875367 -0.406929 0.965328 -0.435148
0.875234 -0.406831 0.965167 -0.435114
0.875102 -0.406734 0.965006 -0.435081
0.874970 -0.406636 0.964844 -0.435046
0.874838 -0.406538 0.964683 -0.435012
0.874706 -0.406440 0.964522 -0.434978
0.874574 -0.406342 0.964361 -0.434943
0.874442 -0.406243 0.964200 -0.434908
0.874310 -0.406145 0.964039 -0.434872
0.874178 -0.406046 0.963878 -0.434837
0.874047 -0.405946 0.963717 -0.434801
0.873915 -0.405847 0.963556 -0.434765
0.873784 -0.405747 0.963395 -0.434729
0.873653 -0.405648 0.963233 -0.434692
0.873521 -0.405548 0.963072 -0.434655
0.873390 -0.405447 0.962911 -0.434618
0.873259 -0.405347 0.962750 -0.434581
0.873128 -0.405246 0.962589 -0.434543
0.872997 -0.405145 0.962428 -0.434505
0.872867 -0.405044 0.962266 -0.434467
0.872736 -0.404943 0.962105 -0.434429
0.872605 -0.404841 0.961944 -0.434390
0.872475 -0.404740 0.961783 -0.434351
0.872344 -0.404638 0.961622 -0.434312
0.872214 -0.404535 0.961460 -0.434273
0.872084 -0.404433 0.961299 -0.434233
0.871954 -0.404331 0.961138 -0.434194
0.871824 -0.404228 0.960977 -0.434153
0.871694 -0.404125 0.960816 -0.434113
0.871564 -0.404021 0.960654 -0.434072
0.871434 -0.403918 0.960493 -0.434032
0.871304 -0.403814 0.960332 -0.433990
0.871175 -0.403711 0.960171 -0.433949
0.871045 -0.403606 0.960009 -0.433907
0.870916 -0.403502 0.959848 -0.433865
0.870787 -0.403398 0.959687 -0.433823
0.870657 -0.403293 0.959526 -0.433781
0.870528 -0.403188 0.959364 -0.433738
0.870399 -0.403083 0.959203 -0.433695
0.870270 -0.402977 0.959042 -0.433652
0.870141 -0.402872 0.958880 -0.433609
0.870013 -0.402766 0.958719 -0.433565
0.869884 -0.402660 0.958558 -0.433521
0.869755 -0.402554 0.958397 -0.433477
0.869627 -0.402448 0.958235 -0.433432
0.869498 -0.402341 0.958074 -0.433388
0.869370 -0.402234 0.957913 -0.433343
0.869242 -0.402127 0.957751 -0.433297
0.869114 -0.402020 0.957590 -0.433252
0.868986 -0.401912 0.957429 -0.433206
0.868858 -0.401805 0.957267 -0.433160
0.868730 -0.401697 0.957106 -0.433114
0.868602 -0.401589 0.956945 -0.433067
0.868474 -0.401480 0.956783 -0.433021
0.868347 -0.401372 0.956622 -0.432974
0.868219 -0.401263 0.956461 -0.432926
0.868092 -0.401154 0.956299 -0.432879
0.867965 -0.401045 0.956138 -0.432831
0.867837 -0.400935 0.955977 -0.432783
0.867710 -0.400826 0.955815 -0.432735
0.867583 -0.400716 0.955654 -0.432686
0.867456 -0.400606 0.955492 -0.432637
0.867330 -0.400496 0.955331 -0.432588
0.867203 -0.400385 0.955170 -0.432539
0.867076 -0.400275 0.955008 -0.432489
0.866950 -0.400164 0.954847 -0.432439
0.866823 -0.400053 0.954686 -0.432389
0.866697 -0.399941 0.954524 -0.432339
0.866570 -0.399830 0.954363 -0.432288
0.866444 -0.399718 0.954201 -0.432237
0.866318 -0.399606 0.954040 -0.432186
0.866192 -0.399494 0.953879 -0.432135
0.866066 -0.399382 0.953717 -0.432083
0.865940 -0.399269 0.953556 -0.432031
0.865815 -0.399156 0.953394 -0.431979
0.865689 -0.399043 0.953233 -0.431926
0.865564 -0.398930 0.953072 -0.431874
0.865438 -0.398817 0.952910 -0.431821
0.865313 -0.398703 0.952749 -0.431767
0.865188 -0.398589 0.952588 -0.431714
0.865062 -0.398475 0.952426 -0.431660
0.864937 -0.398361 0.952265 -0.431606
0.864812 -0.398247 0.952103 -0.431552
0.864687 -0.398132 0.951942 -0.431497
0.864563 -0.398017 0.951781 -0.431442
0.864438 -0.397902 0.951619 -0.431387
0.864313 -0.397787 0.951458 -0.431332
0.864189 -0.397671 0.951296 -0.431276
0.864064 -0.397555 0.951135 -0.431221
0.863940 -0.397439 0.950974 -0.431164
0.863816 -0.397323 0.950812 -0.431108
0.863692 -0.397207 0.950651 -0.431051
0.863568 -0.397090 0.950489 -0.430994
0.863444 -0.396973 0.950328 -0.430937
0.863320 -0.396856 0.950167 -0.430880
0.863196 -0.396739 0.950005 -0.430822
0.863073 -0.396622 0.949844 -0.430764
0.862949 -0.396504 0.949682 -0.430706
0.862826 -0.396386 0.949521 -0.430647
0.862702 -0.396268 0.949360 -0.430589
0.862579 -0.396150 0.949198 -0.430530
0.862456 -0.396031 0.949037 -0.430470
0.862333 -0.395913 0.948875 -0.430411
0.862210 -0.395794 0.948714 -0.430351
0.862087 -0.395675 0.948553 -0.430291
0.861964 -0.395555 0.948391 -0.430231
0.861841 -0.395436 0.948230 -0.430170
0.861719 -0.395316 0.948068 -0.430109
0.861596 -0.395196 0.947907 -0.430048
0.861474 -0.395076 0.947746 -0.429987
0.861351 -0.394956 0.947584 -0.429925
0.861229 -0.394835 0.947423 -0.429863
0.861107 -0.394714 0.947262 -0.429801
0.860985 -0.394593 0.947100 -0.429738
0.860863 -0.394472 0.946939 -0.429676
0.860741 -0.394350 0.946777 -0.429613
0.860619 -0.394229 0.946616 -0.429549
0.860498 -0.394107 0.946455 -0.429486
0.860376 -0.393985 0.946293 -0.429422
0.860255 -0.393863 0.946132 -0.429358
0.860133 -0.393740 0.945971 -0.429294
0.860012 -0.393617 0.945809 -0.429229
0.859891 -0.393494 0.945648 -0.429164
0.859770 -0.393371 0.945487 -0.429099
0.859649 -0.393248 0.945325 -0.429034
0.859528 -0.393124 0.945164 -0.428968
0.859407 -0.393001 0.945003 -0.428902
0.859286 -0.392877 0.944841 -0.428836
0.859166 -0.392753 0.944680 -0.428769
0.859045 -0.392628 0.944519 -0.428703
0.858925 -0.392504 0.944357 -0.428636
0.858805 -0.392379 0.944196 -0.428568
0.858684 -0.392254 0.944035 -0.428501
0.858564 -0.392129 0.943874 -0.428433
0.858444 -0.392003 0.943712 -0.428365
0.858324 -0.391877 0.943551 -0.428297
0.858204 -0.391752 0.943390 -0.428228
0.858085 -0.391626 0.943228 -0.428159
0.857965 -0.391499 0.943067 -0.428090
0.857845 -0.391373 0.942906 -0.428021
0.857726 -0.391246 0.942745 -0.427951
0.857607 -0.391119 0.942583 -0.427881
0.857487 -0.390992 0.942422 -0.427811
0.857368 -0.390865 0.942261 -0.427740
0.857249 -0.390737 0.942100 -0.427670
0.857130 -0.390609 0.941938 -0.427599
0.857011 -0.390481 0.941777 -0.427527
0.856892 -0.390353 0.941616 -0.427456
0.856774 -0.390225 0.941455 -0.427384
0.856655 -0.390096 0.941293 -0.427312
0.856537 -0.389967 0.941132 -0.427239
0.856418 -0.389838 0.940971 -0.427167
0.856300 -0.389709 0.940810 -0.427094
0.856182 -0.389580 0.940649 -0.427021
0.856064 -0.389450 0.940487 -0.426947
0.855946 -0.389320 0.940326 -0.426873
0.855828 -0.389190 0.940165 -0.426799
0.855710 -0.389060 0.940004 -0.426725
0.855592 -0.388930 0.939843 -0.426651
0.855475 -0.388799 0.939682 -0.426576
0.855357 -0.388668 0.939520 -0.426501
0.855240 -0.388537 0.939359 -0.426425
0.855122 -0.388405 0.939198 -0.426350
0.855005 -0.388274 0.939037 -0.426274
0.854888 -0.388142 0.938876 -0.426198
0.854771 -0.388010 0.938715 -0.426121
0.854654 -0.387878 0.938554 -0.426045
0.854537 -0.387746 0.938393 -0.425968
0.854421 -0.387613 0.938232 -0.425890
0.854304 -0.387480 0.938071 -0.425813
0.854187 -0.387347 0.937909 -0.425735
0.854071 -0.387214 0.937748 -0.425657
0.853955 -0.387081 0.937587 -0.425578
0.853838 -0.386947 0.937426 -0.425500
0.853722 -0.386813 0.937265 -0.425421
0.853606 -0.386679 0.937104 -0.425342
0.853490 -0.386545 0.936943 -0.425262
0.853374 -0.386411 0.936782 -0.425183
0.853259 -0.386276 0.936621 -0.425103
0.853143 -0.386141 0.936460 -0.425022
0.853027 -0.386006 0.936299 -0.424942
0.852912 -0.385871 0.936138 -0.424861
0.852797 -0.385735 0.935977 -0.424780
0.852681 -0.385599 0.935816 -0.424698
0.852566 -0.385464 0.935656 -0.424617
0.852451 -0.385327 0.935495 -0.424535
0.852336 -0.385191 0.935334 -0.424453
0.852221 -0.385055 0.935173 -0.424370
0.852106 -0.384918 0.935012 -0.424288
0.851992 -0.384781 0.934851 -0.424205
0.851877 -0.384644 0.934690 -0.424121
0.851763 -0.384506 0.934529 -0.424038
0.851648 -0.384369 0.934368 -0.423954
0.851534 -0.384231 0.934208 -0.423870
0.851420 -0.384093 0.934047 -0.423785
0.851306 -0.383955 0.933886 -0.423701
0.851192 -0.383816 0.933725 -0.423616
0.851078 -0.383678 0.933564 -0.423530
0.850964 -0.383539 0.933403 -0.423445
0.850850 -0.383400 0.933243 -0.423359
0.850737 -0.383261 0.933082 -0.423273
0.850623 -0.383121 0.932921 -0.423187
0.850510 -0.382981 0.932760 -0.423100
0.850397 -0.382841 0.932600 -0.423013
0.850283 -0.382701 0.932439 -0.422926
0.850170 -0.382561 0.932278 -0.422839
0.850057 -0.382421 0.932118 -0.422751
0.849944 -0.382280 0.931957 -0.422663
0.849832 -0.382139 0.931796 -0.422575
0.849719 -0.381998 0.931636 -0.422486
0.849606 -0.381857 0.931475 -0.422397
0.849494 -0.381715 0.931314 -0.422308
0.849381 -0.381573 0.931154 -0.422219
0.849269 -0.381431 0.930993 -0.422129
0.849157 -0.381289 0.930832 -0.422039
0.849045 -0.381147 0.930672 -0.421949
0.848933 -0.381004 0.930511 -0.421859
0.848821 -0.380861 0.930351 -0.421768
0.848709 -0.380718 0.930190 -0.421677
0.848597 -0.380575 0.930030 -0.421585
0.848486 -0.380432 0.929869 -0.421494
0.848374 -0.380288 0.929709 -0.421402
0.848263 -0.380144 0.929548 -0.421310
0.848152 -0.380000 0.929388 -0.421217
0.848040 -0.379856 0.929227 -0.421125
0.847929 -0.379712 0.929067 -0.421032
0.847818 -0.379567 0.928906 -0.420938
0.847707 -0.379422 0.928746 -0.420845
0.847597 -0.379277 0.928585 -0.420751
0.847486 -0.379132 0.928425 -0.420657
0.847375 -0.378986 0.928265 -0.420562
0.847265 -0.378840 0.928104 -0.420468
0.847154 -0.378695 0.927944 -0.420373
0.847044 -0.378548 0.927784 -0.420277
0.846934 -0.378402 0.927623 -0.420182
0.846824 -0.378256 0.927463 -0.420086
0.846714 -0.378109 0.927303 -0.419990
0.846604 -0.377962 0.927142 -0.419894
0.846494 -0.377815 0.926982 -0.419797
0.846384 -0.377667 0.926822 -0.419700
0.846275 -0.377520 0.926662 -0.419603
0.846165 -0.377372 0.926502 -0.419505
0.846056 -0.377224 0.926341 -0.419407
0.845946 -0.377076 0.926181 -0.419309
0.845837 -0.376928 0.926021 -0.419211
0.845728 -0.376779 0.925861 -0.419112
0.845619 -0.376630 0.925701 -0.419014
0.845510 -0.376481 0.925541 -0.418914
0.845401 -0.376332 0.925381 -0.418815
0.845293 -0.376183 0.925220 -0.418715
0.845184 -0.376033 0.925060 -0.418615
0.845076 -0.375883 0.924900 -0.418515
0.844967 -0.375733 0.924740 -0.418414
0.844859 -0.375583 0.924580 -0.418313
0.844751 -0.375432 0.924420 -0.418212
0.844642 -0.375282 0.924260 -0.418111
0.844534 -0.375131 0.924100 -0.418009
0.844427 -0.374980 0.923940 -0.417907
0.844319 -0.374828 0.923781 -0.417805
0.844211 -0.374677 0.923621 -0.417702
0.844103 -0.374525 0.923461 -0.417599
0.843996 -0.374373 0.923301 -0.417496
0.843889 -0.374221 0.923141 -0.417393
0.843781 -0.374069 0.922981 -0.417289
0.843674 -0.373916 0.922821 -0.417185
0.843567 -0.373764 0.922662 -0.417081
0.843460 -0.373611 0.922502 -0.416976
0.843353 -0.373458 0.922342 -0.416871
0.843246 -0.373304 0.922182 -0.416766
0.843140 -0.373151 0.922023 -0.416661
0.843033 -0.372997 0.921863 -0.416555
0.842926 -0.372843 0.921703 -0.416449
0.842820 -0.372689 0.921544 -0.416343
0.842714 -0.372535 0.921384 -0.416236
0.842608 -0.372380 0.921224 -0.416129
0.842501 -0.372225 0.921065 -0.416022
0.842395 -0.372070 0.920905 -0.415915
0.842290 -0.371915 0.920746 -0.415807
0.842184 -0.371760 0.920586 -0.415699
0.842078 -0.371604 0.920427 -0.415591
0.841972 -0.371448 0.920267 -0.415482
0.841867 -0.371292 0.920108 -0.415373
0.841762 -0.371136 0.919948 -0.415264
0.841656 -0.370980 0.919789 -0.415155
0.841551 -0.370823 0.919629 -0.415045
0.841446 -0.370666 0.919470 -0.414935
0.841341 -0.370509 0.919311 -0.414825
0.841236 -0.370352 0.919151 -0.414714
0.841131 -0.370194 0.918992 -0.414603
0.841027 -0.370037 0.918833 -0.414492
0.840922 -0.369879 0.918673 -0.414381
0.840818 -0.369721 0.918514 -0.414269
0.840713 -0.369563 0.918355 -0.414157
0.840609 -0.369404 0.918195 -0.414044
0.840505 -0.369245 0.918036 -0.413932
0.840401 -0.369087 0.917877 -0.413819
0.840297 -0.368927 0.917718 -0.413706
0.840193 -0.368768 0.917559 -0.413592
0.840089 -0.368609 0.917400 -0.413479
0.839986 -0.368449 0.917241 -0.413365
0.839882 -0.368289 0.917082 -0.413250
0.839778 -0.368129 0.916922 -0.413136
0.839675 -0.367969 0.916763 -0.413021
0.839572 -0.367808 0.916604 -0.412906
0.839469 -0.367647 0.916445 -0.412790
0.839366 -0.367487 0.916287 -0.412674
0.839263 -0.367325 0.916128 -0.412558
0.839160 -0.367164 0.915969 -0.412442
0.839057 -0.367003 0.915810 -0.412325
0.838954 -0.366841 0.915651 -0.412209
0.838852 -0.366679 0.915492 -0.412091
0.838749 -0.366517 0.915333 -0.411974
0.838647 -0.366354 0.915175 -0.411856
0.838545 -0.366192 0.915016 -0.411738
0.838443 -0.366029 0.914857 -0.411620
0.838341 -0.365866 0.914698 -0.411501
0.838239 -0.365703 0.914540 -0.411382
0.838137 -0.365539 0.914381 -0.411263
0.838035 -0.365376 0.914222 -0.411143
0.837934 -0.365212 0.914064 -0.411023
0.837832 -0.365048 0.913905 -0.410903
0.837731 -0.364884 0.913747 -0.410783
0.837629 -0.364720 0.913588 -0.410662
0.837528 -0.364555 0.913429 -0.410541
0.837427 -0.364390 0.913271 -0.410420
0.837326 -0.364225 0.913113 -0.410299
0.837225 -0.364060 0.912954 -0.410177
0.837124 -0.363895 0.912796 -0.410055
0.837023 -0.363729 0.912637 -0.409932
0.836923 -0.363563 0.912479 -0.409809
0.836822 -0.363397 0.912321 -0.409686
0.836722 -0.363231 0.912162 -0.409563
0.836622 -0.363064 0.912004 -0.409439
0.836521 -0.362898 0.911846 -0.409316
0.836421 -0.362731 0.911688 -0.409191
0.836321 -0.362564 0.911529 -0.409067
0.836221 -0.362397 0.911371 -0.408942
0.836122 -0.362229 0.911213 -0.408817
0.836022 -0.362062 0.911055 -0.408692
0.835922 -0.361894 0.910897 -0.408566
0.835823 -0.361726 0.910739 -0.408440
0.835723 -0.361557 0.910581 -0.408314
0.835624 -0.361389 0.910423 -0.408187
0.835525 -0.361220 0.910265 -0.408061
0.835426 -0.361051 0.910107 -0.407934
0.835327 -0.360882 0.909949 -0.407806
0.835228 -0.360713 0.909791 -0.407678
0.835129 -0.360544 0.909633 -0.407550
0.835030 -0.360374 0.909475 -0.407422
0.834932 -0.360204 0.909317 -0.407294
0.834833 -0.360034 0.909160 -0.407165
0.834735 -0.359864 0.909002 -0.407036
0.834637 -0.359693 0.908844 -0.406906
0.834539 -0.359523 0.908686 -0.406776
0.834441 -0.359352 0.908529 -0.406646
0.834343 -0.359181 0.908371 -0.406516
0.834245 -0.359009 0.908214 -0.406385
0.834147 -0.358838 0.908056 -0.406255
0.834049 -0.358666 0.907898 -0.406123
0.833952 -0.358494 0.907741 -0.405992
0.833854 -0.358322 0.907583 -0.405860
0.833757 -0.358150 0.907426 -0.405728
0.833660 -0.357977 0.907269 -0.405596
0.833563 -0.357805 0.907111 -0.405463
0.833465 -0.357632 0.906954 -0.405330
0.833369 -0.357459 0.906796 -0.405197
0.833272 -0.357285 0.906639 -0.405063
0.833175 -0.357112 0.906482 -0.404929
0.833078 -0.356938 0.906325 -0.404795
0.832982 -0.356764 0.906167 -0.404661
0.832885 -0.356590 0.906010 -0.404526
0.832789 -0.356416 0.905853 -0.404391
0.832693 -0.356241 0.905696 -0.404255
0.832597 -0.356067 0.905539 -0.404120
0.832501 -0.355892 0.905382 -0.403984
0.832405 -0.355716 0.905225 -0.403848
0.832309 -0.355541 0.905068 -0.403711
0.832213 -0.355366 0.904911 -0.403574
0.832118 -0.355190 0.904754 -0.403437
0.832022 -0.355014 0.904597 -0.403300
0.831927 -0.354838 0.904440 -0.403162
0.831831 -0.354662 0.904283 -0.403024
0.831736 -0.354485 0.904126 -0.402886
0.831641 -0.354308 0.903970 -0.402747
0.831546 -0.354131 0.903813 -0.402608
0.831451 -0.353954 0.903656 -0.402469
0.831356 -0.353777 0.903500 -0.402329
0.831262 -0.353599 0.903343 -0.402190
0.831167 -0.353422 0.903186 -0.402050
0.831073 -0.353244 0.903030 -0.401909
0.830978 -0.353066 0.902873 -0.401769
0.830884 -0.352887 0.902717 -0.401628
0.830790 -0.352709 0.902560 -0.401486
0.830696 -0.352530 0.902404 -0.401345
0.830602 -0.352351 0.902247 -0.401203
0.830508 -0.352172 0.902091 -0.401061
0.830414 -0.351993 0.901935 -0.400918
0.830320 -0.351813 0.901778 -0.400775
0.830227 -0.351633 0.901622 -0.400632
0.830133 -0.351453 0.901466 -0.400489
0.830040 -0.351273 0.901310 -0.400345
0.829947 -0.351093 0.901154 -0.400201
0.829854 -0.350912 0.900998 -0.400057
0.829761 -0.350732 0.900841 -0.399913
0.829668 -0.350551 0.900685 -0.399768
0.829575 -0.350370 0.900529 -0.399623
0.829482 -0.350188 0.900373 -0.399477
0.829389 -0.350007 0.900217 -0.399331
0.829297 -0.349825 0.900062 -0.399185
0.829204 -0.349643 0.899906 -0.399039
0.829112 -0.349461 0.899750 -0.398892
0.829020 -0.349279 0.899594 -0.398745
0.828928 -0.349096 0.899438 -0.398598
0.828836 -0.348913 0.899283 -0.398451
0.828744 -0.348730 0.899127 -0.398303
0.828652 -0.348547 0.898971 -0.398155
0.828560 -0.348364 0.898816 -0.398006
0.828469 -0.348181 0.898660 -0.397857
0.828377 -0.347997 0.898504 -0.397708
0.828286 -0.347813 0.898349 -0.397559
0.828194 -0.347629 0.898194 -0.397409
0.828103 -0.347444 0.898038 -0.397260
0.828012 -0.347260 0.897883 -0.397109
0.827921 -0.347075 0.897727 -0.396959
0.827830 -0.346890 0.897572 -0.396808
0.827739 -0.346705 0.897417 -0.396657
0.827649 -0.346520 0.897262 -0.396505
0.827558 -0.346334 0.897106 -0.396354
0.827468 -0.346149 0.896951 -0.396202
0.827377 -0.345963 0.896796 -0.396049
0.827287 -0.345777 0.896641 -0.395897
0.827197 -0.345590 0.896486 -0.395744
0.827107 -0.345404 0.896331 -0.395590
0.827017 -0.345217 0.896176 -0.395437
0.826927 -0.345030 0.896021 -0.395283
0.826837 -0.344843 0.895866 -0.395129
0.826747 -0.344656 0.895711 -0.394974
0.826658 -0.344468 0.895556 -0.394820
0.826568 -0.344281 0.895402 -0.394665
0.826479 -0.344093 0.895247 -0.394509
0.826390 -0.343905 0.895092 -0.394354
0.826300 -0.343716 0.894938 -0.394198
0.826211 -0.343528 0.894783 -0.394041
0.826122 -0.343339 0.894628 -0.393885
0.826034 -0.343150 0.894474 -0.393728
0.825945 -0.342961 0.894319 -0.393571
0.825856 -0.342772 0.894165 -0.393413
0.825768 -0.342583 0.894011 -0.393256
0.825679 -0.342393 0.893856 -0.393097
0.825591 -0.342203 0.893702 -0.392939
0.825503 -0.342013 0.893548 -0.392780
0.825414 -0.341823 0.893393 -0.392621
0.825326 -0.341632 0.893239 -0.392462
0.825238 -0.341442 0.893085 -0.392303
0.825151 -0.341251 0.892931 -0.392143
0.825063 -0.341060 0.892777 -0.391983
0.824975 -0.340869 0.892623 -0.391822
0.824888 -0.340677 0.892469 -0.391661
0.824800 -0.340486 0.892315 -0.391500
0.824713 -0.340294 0.892161 -0.391339
0.824626 -0.340102 0.892007 -0.391177
0.824539 -0.339909 0.891853 -0.391015
0.824452 -0.339717 0.891700 -0.390853
0.824365 -0.339524 0.891546 -0.390690
0.824278 -0.339332 0.891392 -0.390527
0.824191 -0.339139 0.891239 -0.390364
0.824105 -0.338945 0.891085 -0.390200
0.824018 -0.338752 0.890931 -0.390037
0.823932 -0.338558 0.890778 -0.389873
0.823845 -0.338365 0.890624 -0.389708
0.823759 -0.338171 0.890471 -0.389543
0.823673 -0.337976 0.890318 -0.389378
0.823587 -0.337782 0.890164 -0.389213
0.823501 -0.337588 0.890011 -0.389047
0.823415 -0.337393 0.889858 -0.388881
0.823330 -0.337198 0.889705 -0.388715
0.823244 -0.337003 0.889551 -0.388549
0.823159 -0.336807 0.889398 -0.388382
0.823073 -0.336612 0.889245 -0.388215
0.822988 -0.336416 0.889092 -0.388047
0.822903 -0.336220 0.888939 -0.387879
0.822818 -0.336024 0.888786 -0.387711
0.822733 -0.335828 0.888633 -0.387543
0.822648 -0.335631 0.888481 -0.387374
0.822563 -0.335434 0.888328 -0.387205
0.822478 -0.335237 0.888175 -0.387036
0.822394 -0.335040 0.888022 -0.386866
0.822309 -0.334843 0.887870 -0.386696
0.822225 -0.334646 0.887717 -0.386526
0.822141 -0.334448 0.887565 -0.386356
0.822057 -0.334250 0.887412 -0.386185
0.821973 -0.334052 0.887260 -0.386014
0.821889 -0.333854 0.887107 -0.385842
0.821805 -0.333655 0.886955 -0.385671
0.821721 -0.333456 0.886802 -0.385498
0.821637 -0.333258 0.886650 -0.385326
0.821554 -0.333058 0.886498 -0.385153
0.821470 -0.332859 0.886346 -0.384980
0.821387 -0.332660 0.886194 -0.384807
0.821304 -0.332460 0.886042 -0.384634
0.821221 -0.332260 0.885890 -0.384460
0.821138 -0.332060 0.885738 -0.384286
0.821055 -0.331860 0.885586 -0.384111
0.820972 -0.331660 0.885434 -0.383936
0.820889 -0.331459 0.885282 -0.383761
0.820806 -0.331258 0.885130 -0.383586
0.820724 -0.331057 0.884978 -0.383410
0.820642 -0.330856 0.884827 -0.383234
0.820559 -0.330655 0.884675 -0.383058
0.820477 -0.330453 0.884523 -0.382881
0.820395 -0.330251 0.884372 -0.382704
0.820313 -0.330049 0.884220 -0.382527
0.820231 -0.329847 0.884069 -0.382349
0.820149 -0.329645 0.883918 -0.382172
0.820067 -0.329442 0.883766 -0.381993
0.819986 -0.329240 0.883615 -0.381815
0.819904 -0.329037 0.883464 -0.381636
0.819823 -0.328834 0.883312 -0.381457
0.819741 -0.328630 0.883161 -0.381278
0.819660 -0.328427 0.883010 -0.381098
0.819579 -0.328223 0.882859 -0.380918
0.819498 -0.328019 0.882708 -0.380738
0.819417 -0.327815 0.882557 -0.380557
0.819336 -0.327611 0.882406 -0.380376
0.819256 -0.327406 0.882256 -0.380195
0.819175 -0.327202 0.882105 -0.380013
0.819095 -0.326997 0.881954 -0.379831
0.819014 -0.326792 0.881803 -0.379649
0.818934 -0.326586 0.881653 -0.379467
0.818854 -0.326381 0.881502 -0.379284
0.818774 -0.326175 0.881352 -0.379101
0.818694 -0.325970 0.881201 -0.378918
0.818614 -0.325764 0.881051 -0.378734
0.818534 -0.325557 0.880900 -0.378550
0.818454 -0.325351 0.880750 -0.378366
0.818375 -0.325144 0.880600 -0.378181
0.818295 -0.324938 0.880450 -0.377996
0.818216 -0.324731 0.880299 -0.377811
0.818136 -0.324524 0.880149 -0.377625
0.818057 -0.324316 0.879999 -0.377440
0.817978 -0.324109 0.879849 -0.377253
0.817899 -0.323901 0.879699 -0.377067
0.817820 -0.323693 0.879549 -0.376880
0.817742 -0.323485 0.879400 -0.376693
0.817663 -0.323277 0.879250 -0.376506
0.817584 -0.323068 0.879100 -0.376318
0.817506 -0.322859 0.878950 -0.376130
0.817427 -0.322651 0.878801 -0.375942
0.817349 -0.322441 0.878651 -0.375753
0.817271 -0.322232 0.878502 -0.375564
0.817193 -0.322023 0.878352 -0.375375
0.817115 -0.321813 0.878203 -0.375185
0.817037 -0.321603 0.878054 -0.374996
0.816959 -0.321393 0.877904 -0.374805
0.816882 -0.321183 0.877755 -0.374615
0.816804 -0.320973 0.877606 -0.374424
0.816726 -0.320762 0.877457 -0.374233
0.816649 -0.320551 0.877308 -0.374042
0.816572 -0.320340 0.877159 -0.373850
0.816495 -0.320129 0.877010 -0.373658
0.816418 -0.319918 0.876861 -0.373466
0.816341 -0.319706 0.876712 -0.373273
0.816264 -0.319494 0.876563 -0.373080
0.816187 -0.319283 0.876415 -0.372887
0.816110 -0.319070 0.876266 -0.372693
0.816034 -0.318858 0.876117 -0.372499
0.815957 -0.318646 0.875969 -0.372305
0.815881 -0.318433 0.875820 -0.372111
0.815805 -0.318220 0.875672 -0.371916
0.815728 -0.318007 0.875523 -0.371721
0.815652 -0.317794 0.875375 -0.371525
0.815576 -0.317580 0.875227 -0.371330
0.815500 -0.317367 0.875079 -0.371134
0.815425 -0.317153 0.874931 -0.370937
0.815349 -0.316939 0.874782 -0.370741
0.815273 -0.316725 0.874634 -0.370544
0.815198 -0.316510 0.874486 -0.370347
0.815123 -0.316296 0.874339 -0.370149
0.815047 -0.316081 0.874191 -0.369951
0.814972 -0.315866 0.874043 -0.369753
0.814897 -0.315651 0.873895 -0.369554
0.814822 -0.315436 0.873748 -0.369356
0.814747 -0.315220 0.873600 -0.369157
0.814672 -0.315004 0.873452 -0.368957
0.814598 -0.314788 0.873305 -0.368757
0.814523 -0.314572 0.873157 -0.368557
0.814449 -0.314356 0.873010 -0.368357
0.814374 -0.314140 0.872863 -0.368156
0.814300 -0.313923 0.872716 -0.367955
0.814226 -0.313706 0.872568 -0.367754
0.814152 -0.313489 0.872421 -0.367552
0.814078 -0.313272 0.872274 -0.367351
0.814004 -0.313055 0.872127 -0.367148
0.813930 -0.312837 0.871980 -0.366946
0.813857 -0.312619 0.871833 -0.366743
0.813783 -0.312401 0.871687 -0.366540
0.813710 -0.312183 0.871540 -0.366336
0.813636 -0.311965 0.871393 -0.366133
0.813563 -0.311746 0.871246 -0.365928
0.813490 -0.311528 0.871100 -0.365724
0.813417 -0.311309 0.870953 -0.365519
0.813344 -0.311090 0.870807 -0.365314
0.813271 -0.310870 0.870661 -0.365109
0.813198 -0.310651 0.870514 -0.364903
0.813125 -0.310431 0.870368 -0.364698
0.813053 -0.310211 0.870222 -0.364491
0.812980 -0.309991 0.870076 -0.364285
0.812908 -0.309771 0.869930 -0.364078
0.812836 -0.309551 0.869784 -0.363871
0.812763 -0.309330 0.869638 -0.363663
0.812691 -0.309110 0.869492 -0.363455
0.812619 -0.308889 0.869346 -0.363247
0.812547 -0.308667 0.869200 -0.363039
0.812476 -0.308446 0.869054 -0.362830
0.812404 -0.308225 0.868909 -0.362621
0.812332 -0.308003 0.868763 -0.362412
0.812261 -0.307781 0.868618 -0.362202
0.812189 -0.307559 0.868472 -0.361992
0.812118 -0.307337 0.868327 -0.361782
0.812047 -0.307114 0.868182 -0.361571
0.811976 -0.306892 0.868036 -0.361360
0.811905 -0.306669 0.867891 -0.361149
0.811834 -0.306446 0.867746 -0.360938
0.811763 -0.306223 0.867601 -0.360726
0.811692 -0.305999 0.867456 -0.360514
0.811622 -0.305776 0.867311 -0.360301
0.811551 -0.305552 0.867166 -0.360089
0.811481 -0.305328 0.867022 -0.359875
0.811411 -0.305104 0.866877 -0.359662
0.811340 -0.304880 0.866732 -0.359448
0.811270 -0.304655 0.866588 -0.359234
0.811200 -0.304431 0.866443 -0.359020
0.811130 -0.304206 0.866299 -0.358805
0.811060 -0.303981 0.866154 -0.358590
0.810991 -0.303756 0.866010 -0.358375
0.810921 -0.303530 0.865866 -0.358160
0.810852 -0.303305 0.865722 -0.357944
0.810782 -0.303079 0.865578 -0.357728
0.810713 -0.302853 0.865434 -0.357511
0.810644 -0.302627 0.865290 -0.357294
0.810574 -0.302401 0.865146 -0.357077
0.810505 -0.302174 0.865002 -0.356860
0.810437 -0.301948 0.864858 -0.356642
0.810368 -0.301721 0.864715 -0.356424
0.810299 -0.301494 0.864571 -0.356206
0.810230 -0.301266 0.864427 -0.355987
0.810162 -0.301039 0.864284 -0.355768
0.810093 -0.300811 0.864140 -0.355549
0.810025 -0.300584 0.863997 -0.355329
0.809957 -0.300356 0.863854 -0.355109
0.809889 -0.300128 0.863711 -0.354889
0.809820 -0.299899 0.863567 -0.354669
0.809753 -0.299671 0.863424 -0.354448
0.809685 -0.299442 0.863281 -0.354227
0.809617 -0.299213 0.863138 -0.354005
0.809549 -0.298984 0.862996 -0.353783
0.809482 -0.298755 0.862853 -0.353561
0.809414 -0.298526 0.862710 -0.353339
0.809347 -0.298296 0.862567 -0.353116
0.809279 -0.298066 0.862425 -0.352893
0.809212 -0.297836 0.862282 -0.352670
0.809145 -0.297606 0.862140 -0.352446
0.809078 -0.297376 0.861998 -0.352222
0.809011 -0.297145 0.861855 -0.351998
0.808945 -0.296915 0.861713 -0.351773
0.808878 -0.296684 0.861571 -0.351549
0.808811 -0.296453 0.861429 -0.351323
0.808745 -0.296221 0.861287 -0.351098
0.808678 -0.295990 0.861145 -0.350872
0.808612 -0.295758 0.861003 -0.350646
0.808546 -0.295527 0.860861 -0.350419
0.808480 -0.295295 0.860720 -0.350193
0.808414 -0.295063 0.860578 -0.349966
0.808348 -0.294830 0.860436 -0.349738
0.808282 -0.294598 0.860295 -0.349511
0.808216 -0.294365 0.860154 -0.349283
0.808151 -0.294132 0.860012 -0.349054
0.808085 -0.293899 0.859871 -0.348826
0.808020 -0.293666 0.859730 -0.348597
0.807954 -0.293433 0.859589 -0.348368
0.807889 -0.293199 0.859448 -0.348138
0.807824 -0.292965 0.859307 -0.347908
0.807759 -0.292731 0.859166 -0.347678
0.807694 -0.292497 0.859025 -0.347448
0.807629 -0.292263 0.858884 -0.347217
0.807564 -0.292028 0.858744 -0.346986
0.807499 -0.291794 0.858603 -0.346754
0.807435 -0.291559 0.858462 -0.346523
0.807370 -0.291324 0.858322 -0.346291
0.807306 -0.291089 0.858182 -0.346058
0.807242 -0.290853 0.858041 -0.345826
0.807178 -0.290618 0.857901 -0.345593
0.807113 -0.290382 0.857761 -0.345359
0.807049 -0.290146 0.857621 -0.345126
0.806986 -0.289910 0.857481 -0.344892
0.806922 -0.289674 0.857341 -0.344658
0.806858 -0.289437 0.857201 -0.344423
0.806794 -0.289201 0.857061 -0.344188
0.806731 -0.288964 0.856922 -0.343953
0.806667 -0.288727 0.856782 -0.343718
0.806604 -0.288490 0.856643 -0.343482
0.806541 -0.288252 0.856503 -0.343246
0.806478 -0.288015 0.856364 -0.343010
0.806415 -0.287777 0.856224 -0.342773
0.806352 -0.287539 0.856085 -0.342536
0.806289 -0.287301 0.855946 -0.342299
0.806226 -0.287063 0.855807 -0.342061
0.806163 -0.286824 0.855668 -0.341823
0.806101 -0.286586 0.855529 -0.341585
0.806038 -0.286347 0.855390 -0.341346
0.805976 -0.286108 0.855252 -0.341108
0.805914 -0.285869 0.855113 -0.340868
0.805851 -0.285630 0.854974 -0.340629
0.805789 -0.285390 0.854836 -0.340389
0.805727 -0.285151 0.854697 -0.340149
0.805665 -0.284911 0.854559 -0.339909
0.805604 -0.284671 0.854421 -0.339668
0.805542 -0.284431 0.854282 -0.339427
0.805480 -0.284190 0.854144 -0.339186
0.805419 -0.283950 0.854006 -0.338944
0.805357 -0.283709 0.853868 -0.338702
0.805296 -0.283468 0.853731 -0.338460
0.805235 -0.283227 0.853593 -0.338217
0.805174 -0.282986 0.853455 -0.337974
0.805113 -0.282744 0.853317 -0.337731
0.805052 -0.282503 0.853180 -0.337488
0.804991 -0.282261 0.853042 -0.337244
0.804930 -0.282019 0.852905 -0.337000
0.804869 -0.281777 0.852768 -0.336755
0.804809 -0.281535 0.852630 -0.336511
0.804748 -0.281292 0.852493 -0.336266
0.804688 -0.281050 0.852356 -0.336020
0.804627 -0.280807 0.852219 -0.335775
0.804567 -0.280564 0.852082 -0.335529
0.804507 -0.280321 0.851946 -0.335282
0.804447 -0.280077 0.851809 -0.335036
0.804387 -0.279834 0.851672 -0.334789
0.804327 -0.279590 0.851536 -0.334542
0.804268 -0.279346 0.851399 -0.334294
0.804208 -0.279102 0.851263 -0.334046
0.804148 -0.278858 0.851126 -0.333798
0.804089 -0.278613 0.850990 -0.333550
0.804029 -0.278369 0.850854 -0.333301
0.803970 -0.278124 0.850718 -0.333052
0.803911 -0.277879 0.850582 -0.332802
0.803852 -0.277634 0.850446 -0.332553
0.803793 -0.277389 0.850310 -0.332303
0.803734 -0.277143 0.850175 -0.332052
0.803675 -0.276898 0.850039 -0.331802
0.803616 -0.276652 0.849903 -0.331551
0.803558 -0.276406 0.849768 -0.331300
0.803499 -0.276160 0.849632 -0.331048
0.803441 -0.275914 0.849497 -0.330796
0.803382 -0.275667 0.849362 -0.330544
0.803324 -0.275420 0.849227 -0.330292
0.803266 -0.275174 0.849092 -0.330039
0.803208 -0.274927 0.848957 -0.329786
0.803150 -0.274679 0.848822 -0.329532
0.803092 -0.274432 0.848687 -0.329279
0.803034 -0.274184 0.848552 -0.329025
0.802977 -0.273937 0.848418 -0.328770
0.802919 -0.273689 0.848283 -0.328516
0.802861 -0.273441 0.848149 -0.328261
0.802804 -0.273193 0.848014 -0.328006
0.802747 -0.272944 0.847880 -0.327750
0.802689 -0.272696 0.847746 -0.327494
0.802632 -0.272447 0.847612 -0.327238
0.802575 -0.272198 0.847478 -0.326982
0.802518 -0.271949 0.847344 -0.326725
0.802461 -0.271700 0.847210 -0.326468
0.802405 -0.271450 0.847076 -0.326210
0.802348 -0.271201 0.846943 -0.325953
0.802291 -0.270951 0.846809 -0.325695
0.802235 -0.270701 0.846676 -0.325436
0.802178 -0.270451 0.846542 -0.325178
0.802122 -0.270201 0.846409 -0.324919
0.802066 -0.269950 0.846276 -0.324660
0.802010 -0.269700 0.846143 -0.324400
0.801954 -0.269449 0.846010 -0.324140
0.801898 -0.269198 0.845877 -0.323880
0.801842 -0.268947 0.845744 -0.323620
0.801786 -0.268696 0.845611 -0.323359
0.801730 -0.268444 0.845478 -0.323098
0.801675 -0.268192 0.845346 -0.322836
0.801619 -0.267941 0.845213 -0.322575
0.801564 -0.267689 0.845081 -0.322313
0.801508 -0.267437 0.844949 -0.322050
0.801453 -0.267184 0.844816 -0.321788
0.801398 -0.266932 0.844684 -0.321525
0.801343 -0.266679 0.844552 -0.321262
0.801288 -0.266426 0.844420 -0.320998
0.801233 -0.266173 0.844288 -0.320734
0.801178 -0.265920 0.844157 -0.320470
0.801124 -0.265667 0.844025 -0.320206
0.801069 -0.265413 0.843893 -0.319941
0.801015 -0.265160 0.843762 -0.319676
0.800960 -0.264906 0.843630 -0.319411
0.800906 -0.264652 0.843499 -0.319145
0.800852 -0.264398 0.843368 -0.318879
0.800797 -0.264143 0.843237 -0.318613
0.800743 -0.263889 0.843106 -0.318346
0.800689 -0.263634 0.842975 -0.318079
0.800636 -0.263379 0.842844 -0.317812
0.800582 -0.263124 0.842713 -0.317544
0.800528 -0.262869 0.842583 -0.317277
0.800474 -0.262614 0.842452 -0.317008
0.800421 -0.262358 0.842322 -0.316740
0.800368 -0.262103 0.842191 -0.316471
0.800314 -0.261847 0.842061 -0.316202
0.800261 -0.261591 0.841931 -0.315933
0.800208 -0.261334 0.841801 -0.315663
0.800155 -0.261078 0.841671 -0.315393
0.800102 -0.260822 0.841541 -0.315123
0.800049 -0.260565 0.841411 -0.314853
0.799996 -0.260308 0.841281 -0.314582
0.799943 -0.260051 0.841151 -0.314310
0.799891 -0.259794 0.841022 -0.314039
0.799838 -0.259537 0.840893 -0.313767
0.799786 -0.259279 0.840763 -0.313495
0.799733 -0.259021 0.840634 -0.313223
0.799681 -0.258763 0.840505 -0.312950
0.799629 -0.258505 0.840376 -0.312677
0.799577 -0.258247 0.840247 -0.312404
0.799525 -0.257989 0.840118 -0.312130
0.799473 -0.257730 0.839989 -0.311856
0.799421 -0.257472 0.839860 -0.311582
0.799369 -0.257213 0.839732 -0.311308
0.799318 -0.256954 0.839603 -0.311033
0.799266 -0.256695 0.839475 -0.310758
0.799215 -0.256435 0.839347 -0.310482
0.799163 -0.256176 0.839219 -0.310206
0.799112 -0.255916 0.839090 -0.309930
0.799061 -0.255656 0.838963 -0.309654
0.799009 -0.255396 0.838835 -0.309378
0.798958 -0.255136 0.838707 -0.309101
0.798908 -0.254876 0.838579 -0.308823
0.798857 -0.254615 0.838452 -0.308546
0.798806 -0.254355 0.838324 -0.308268
0.798755 -0.254094 0.838197 -0.307990
0.798705 -0.253833 0.838069 -0.307711
0.798654 -0.253572 0.837942 -0.307433
0.798604 -0.253311 0.837815 -0.307154
0.798553 -0.253049 0.837688 -0.306874
0.798503 -0.252787 0.837561 -0.306595
0.798453 -0.252526 0.837434 -0.306315
0.798403 -0.252264 0.837308 -0.306034
0.798353 -0.252002 0.837181 -0.305754
0.798303 -0.251739 0.837054 -0.305473
0.798253 -0.251477 0.836928 -0.305192
0.798203 -0.251214 0.836802 -0.304910
0.798154 -0.250951 0.836676 -0.304628
0.798104 -0.250689 0.836549 -0.304346
0.798055 -0.250425 0.836423 -0.304064
0.798005 -0.250162 0.836298 -0.303781
0.797956 -0.249899 0.836172 -0.303498
0.797907 -0.249635 0.836046 -0.303215
0.797858 -0.249371 0.835920 -0.302932
0.797809 -0.249107 0.835795 -0.302648
0.797760 -0.248843 0.835670 -0.302363
0.797711 -0.248579 0.835544 -0.302079
0.797662 -0.248315 0.835419 -0.301794
0.797613 -0.248050 0.835294 -0.301509
0.797565 -0.247786 0.835169 -0.301224
0.797516 -0.247521 0.835044 -0.300938
0.797468 -0.247256 0.834919 -0.300652
0.797419 -0.246990 0.834795 -0.300366
0.797371 -0.246725 0.834670 -0.300079
0.797323 -0.246460 0.834546 -0.299792
0.797275 -0.246194 0.834421 -0.299505
0.797227 -0.245928 0.834297 -0.299218
0.797179 -0.245662 0.834173 -0.298930
0.797131 -0.245396 0.834049 -0.298642
0.797083 -0.245130 0.833925 -0.298354
0.797036 -0.244863 0.833801 -0.298065
0.796988 -0.244596 0.833677 -0.297776
0.796941 -0.244330 0.833554 -0.297487
0.796893 -0.244063 0.833430 -0.297197
0.796846 -0.243796 0.833307 -0.296907
0.796799 -0.243528 0.833183 -0.296617
0.796752 -0.243261 0.833060 -0.296327
0.796705 -0.242993 0.832937 -0.296036
0.796658 -0.242726 0.832814 -0.295745
0.796611 -0.242458 0.832691 -0.295453
0.796564 -0.242190 0.832568 -0.295162
0.796517 -0.241921 0.832445 -0.294870
0.796470 -0.241653 0.832323 -0.294578
0.796424 -0.241384 0.832200 -0.294285
0.796377 -0.241116 0.832078 -0.293992
0.796331 -0.240847 0.831956 -0.293699
0.796285 -0.240578 0.831834 -0.293406
0.796238 -0.240309 0.831711 -0.293112
0.796192 -0.240039 0.831590 -0.292818
0.796146 -0.239770 0.831468 -0.292524
0.796100 -0.239500 0.831346 -0.292229
0.796054 -0.239230 0.831224 -0.291934
0.796009 -0.238960 0.831103 -0.291639
0.795963 -0.238690 0.830981 -0.291343
0.795917 -0.238420 0.830860 -0.291047
0.795872 -0.238150 0.830739 -0.290751
0.795826 -0.237879 0.830618 -0.290455
0.795781 -0.237608 0.830497 -0.290158
0.795736 -0.237337 0.830376 -0.289861
0.795690 -0.237066 0.830255 -0.289564
0.795645 -0.236795 0.830134 -0.289266
0.795600 -0.236524 0.830014 -0.288969
0.795555 -0.236252 0.829893 -0.288670
0.795510 -0.235981 0.829773 -0.288372
0.795465 -0.235709 0.829653 -0.288073
0.795421 -0.235437 0.829533 -0.287774
0.795376 -0.235165 0.829413 -0.287475
0.795332 -0.234892 0.829293 -0.287175
0.795287 -0.234620 0.829173 -0.286875
0.795243 -0.234347 0.829053 -0.286575
0.795198 -0.234075 0.828934 -0.286274
0.795154 -0.233802 0.828814 -0.285974
0.795110 -0.233529 0.828695 -0.285673
0.795066 -0.233255 0.828576 -0.285371
0.795022 -0.232982 0.828457 -0.285069
0.794978 -0.232708 0.828338 -0.284767
0.794934 -0.232435 0.828219 -0.284465
0.794891 -0.232161 0.828100 -0.284163
0.794847 -0.231887 0.827981 -0.283860
0.794803 -0.231613 0.827863 -0.283557
0.794760 -0.231339 0.827744 -0.283253
0.794716 -0.231064 0.827626 -0.282949
0.794673 -0.230789 0.827508 -0.282645
0.794630 -0.230515 0.827390 -0.282341
0.794587 -0.230240 0.827272 -0.282036
0.794544 -0.229965 0.827154 -0.281732
0.794501 -0.229690 0.827036 -0.281426
0.794458 -0.229414 0.826918 -0.281121
0.794415 -0.229139 0.826801 -0.280815
0.794372 -0.228863 0.826683 -0.280509
0.794329 -0.228587 0.826566 -0.280203
0.794287 -0.228311 0.826449 -0.279896
0.794244 -0.228035 0.826332 -0.279589
0.794202 -0.227759 0.826215 -0.279282
0.794160 -0.227482 0.826098 -0.278974
0.794117 -0.227206 0.825981 -0.278667
0.794075 -0.226929 0.825864 -0.278358
0.794033 -0.226652 0.825748 -0.278050
0.793991 -0.226375 0.825631 -0.277741
0.793949 -0.226098 0.825515 -0.277432
0.793907 -0.225821 0.825399 -0.277123
0.793865 -0.225543 0.825283 -0.276814
0.793824 -0.225266 0.825167 -0.276504
0.793782 -0.224988 0.825051 -0.276194
0.793740 -0.224710 0.824935 -0.275883
0.793699 -0.224432 0.824820 -0.275573
0.793658 -0.224154 0.824704 -0.275262
0.793616 -0.223875 0.824589 -0.274950
0.793575 -0.223597 0.824474 -0.274639
0.793534 -0.223318 0.824358 -0.274327
0.793493 -0.223039 0.824243 -0.274015
0.793452 -0.222760 0.824129 -0.273702
0.793411 -0.222481 0.824014 -0.273390
0.793370 -0.222202 0.823899 -0.273077
0.793329 -0.221922 0.823785 -0.272763
0.793289 -0.221643 0.823670 -0.272450
0.793248 -0.221363 0.823556 -0.272136
0.793208 -0.221083 0.823442 -0.271822
0.793167 -0.220803 0.823327 -0.271507
0.793127 -0.220523 0.823213 -0.271193
0.793086 -0.220243 0.823100 -0.270878
0.793046 -0.219962 0.822986 -0.270562
0.793006 -0.219682 0.822872 -0.270247
0.792966 -0.219401 0.822759 -0.269931
0.792926 -0.219120 0.822645 -0.269615
0.792886 -0.218839 0.822532 -0.269298
0.792846 -0.218558 0.822419 -0.268982
0.792807 -0.218276 0.822306 -0.268665
0.792767 -0.217995 0.822193 -0.268347
0.792727 -0.217713 0.822080 -0.268030
0.792688 -0.217432 0.821968 -0.267712
0.792649 -0.217150 0.821855 -0.267394
0.792609 -0.216868 0.821743 -0.267076
0.792570 -0.216585 0.821630 -0.266757
0.792531 -0.216303 0.821518 -0.266438
0.792492 -0.216020 0.821406 -0.266119
0.792453 -0.215738 0.821294 -0.265799
0.792414 -0.215455 0.821182 -0.265479
0.792375 -0.215172 0.821071 -0.265159
0.792336 -0.214889 0.820959 -0.264839
0.792297 -0.214606 0.820848 -0.264518
0.792259 -0.214322 0.820736 -0.264197
0.792220 -0.214039 0.820625 -0.263876
0.792182 -0.213755 0.820514 -0.263554
0.792143 -0.213471 0.820403 -0.263233
0.792105 -0.213187 0.820292 -0.262910
0.792067 -0.212903 0.820181 -0.262588
0.792028 -0.212619 0.820071 -0.262265
0.791990 -0.212335 0.819960 -0.261943
0.791952 -0.212050 0.819850 -0.261619
0.791914 -0.211766 0.819740 -0.261296
0.791876 -0.211481 0.819629 -0.260972
0.791839 -0.211196 0.819519 -0.260648
0.791801 -0.210911 0.819410 -0.260324
0.791763 -0.210625 0.819300 -0.259999
0.791726 -0.210340 0.819190 -0.259674
0.791688 -0.210054 0.819081 -0.259349
0.791651 -0.209769 0.818971 -0.259024
0.791613 -0.209483 0.818862 -0.258698
0.791576 -0.209197 0.818753 -0.258372
0.791539 -0.208911 0.818644 -0.258046
0.791502 -0.208625 0.818535 -0.257719
0.791465 -0.208338 0.818426 -0.257392
0.791428 -0.208052 0.818318 -0.257065
0.791391 -0.207765 0.818209 -0.256738
0.791354 -0.207478 0.818101 -0.256410
0.791317 -0.207191 0.817992 -0.256082
0.791281 -0.206904 0.817884 -0.255754
0.791244 -0.206617 0.817776 -0.255426
0.791208 -0.206330 0.817668 -0.255097
0.791171 -0.206042 0.817561 -0.254768
0.791135 -0.205755 0.817453 -0.254439
0.791099 -0.205467 0.817346 -0.254109
0.791062 -0.205179 0.817238 -0.253779
0.791026 -0.204891 0.817131 -0.253449
0.790990 -0.204603 0.817024 -0.253119
0.790954 -0.204314 0.816917 -0.252788
0.790918 -0.204026 0.816810 -0.252457
0.790882 -0.203737 0.816703 -0.252126
0.790847 -0.203448 0.816596 -0.251794
0.790811 -0.203160 0.816490 -0.251462
0.790775 -0.202870 0.816384 -0.251130
0.790740 -0.202581 0.816277 -0.250798
0.790704 -0.202292 0.816171 -0.250465
0.790669 -0.202003 0.816065 -0.250133
0.790634 -0.201713 0.815959 -0.249799
0.790598 -0.201423 0.815854 -0.249466
0.790563 -0.201133 0.815748 -0.249132
0.790528 -0.200843 0.815643 -0.248798
0.790493 -0.200553 0.815537 -0.248464
0.790458 -0.200263 0.815432 -0.248130
0.790423 -0.199973 0.815327 -0.247795
0.790389 -0.199682 0.815222 -0.247460
0.790354 -0.199391 0.815117 -0.247124
0.790319 -0.199100 0.815012 -0.246789
0.790285 -0.198810 0.814908 -0.246453
0.790250 -0.198518 0.814803 -0.246117
0.790216 -0.198227 0.814699 -0.245780
0.790181 -0.197936 0.814595 -0.245444
0.790147 -0.197644 0.814491 -0.245107
0.790113 -0.197353 0.814387 -0.244770
0.790079 -0.197061 0.814283 -0.244432
0.790044 -0.196769 0.814180 -0.244094
0.790010 -0.196477 0.814076 -0.243756
0.789977 -0.196185 0.813973 -0.243418
0.789943 -0.195892 0.813869 -0.243080
0.789909 -0.195600 0.813766 -0.242741
0.789875 -0.195307 0.813663 -0.242402
0.789841 -0.195015 0.813560 -0.242062
0.789808 -0.194722 0.813458 -0.241723
0.789774 -0.194429 0.813355 -0.241383
0.789741 -0.194136 0.813252 -0.241043
0.789708 -0.193843 0.813150 -0.240702
0.789674 -0.193549 0.813048 -0.240362
0.789641 -0.193256 0.812946 -0.240021
0.789608 -0.192962 0.812844 -0.239679
0.789575 -0.192668 0.812742 -0.239338
0.789542 -0.192374 0.812640 -0.238996
0.789509 -0.192080 0.812539 -0.238654
0.789476 -0.191786 0.812437 -0.238312
0.789443 -0.191492 0.812336 -0.237969
0.789411 -0.191197 0.812235 -0.237627
0.789378 -0.190903 0.812134 -0.237283
0.789345 -0.190608 0.812033 -0.236940
0.789313 -0.190313 0.811932 -0.236597
0.789280 -0.190018 0.811832 -0.236253
0.789248 -0.189723 0.811731 -0.235909
0.789216 -0.189428 0.811631 -0.235564
0.789184 -0.189132 0.811531 -0.235220
0.789151 -0.188837 0.811430 -0.234875
0.789119 -0.188541 0.811331 -0.234529
0.789087 -0.188246 0.811231 -0.234184
0.789055 -0.187950 0.811131 -0.233838
0.789024 -0.187654 0.811031 -0.233492
0.788992 -0.187358 0.810932 -0.233146
0.788960 -0.187061 0.810833 -0.232800
0.788928 -0.186765 0.810734 -0.232453
0.788897 -0.186468 0.810635 -0.232106
0.788865 -0.186172 0.810536 -0.231759
0.788834 -0.185875 0.810437 -0.231411
0.788802 -0.185578 0.810338 -0.231063
0.788771 -0.185281 0.810240 -0.230715
0.788740 -0.184984 0.810142 -0.230367
0.788709 -0.184686 0.810043 -0.230019
0.788678 -0.184389 0.809945 -0.229670
0.788647 -0.184091 0.809847 -0.229321
0.788616 -0.183794 0.809750 -0.228971
0.788585 -0.183496 0.809652 -0.228622
0.788554 -0.183198 0.809555 -0.228272
0.788523 -0.182900 0.809457 -0.227922
0.788492 -0.182602 0.809360 -0.227572
0.788462 -0.182303 0.809263 -0.227221
0.788431 -0.182005 0.809166 -0.226870
0.788401 -0.181706 0.809069 -0.226519
0.788370 -0.181408 0.808972 -0.226168
0.788340 -0.181109 0.808876 -0.225816
0.788310 -0.180810 0.808779 -0.225464
0.788279 -0.180511 0.808683 -0.225112
0.788249 -0.180211 0.808587 -0.224760
0.788219 -0.179912 0.808491 -0.224407
0.788189 -0.179613 0.808395 -0.224054
0.788159 -0.179313 0.808300 -0.223701
0.788129 -0.179013 0.808204 -0.223347
0.788100 -0.178713 0.808109 -0.222994
0.788070 -0.178413 0.808013 -0.222640
0.788040 -0.178113 0.807918 -0.222286
0.788011 -0.177813 0.807823 -0.221931
0.787981 -0.177513 0.807728 -0.221577
0.787952 -0.177212 0.807633 -0.221222
0.787922 -0.176912 0.807539 -0.220867
0.787893 -0.176611 0.807444 -0.220511
0.787864 -0.176310 0.807350 -0.220155
0.787834 -0.176009 0.807256 -0.219799
0.787805 -0.175708 0.807162 -0.219443
0.787776 -0.175407 0.807068 -0.219087
0.787747 -0.175106 0.806974 -0.218730
0.787718 -0.174804 0.806881 -0.218373
0.787689 -0.174503 0.806787 -0.218016
0.787661 -0.174201 0.806694 -0.217659
0.787632 -0.173899 0.806601 -0.217301
0.787603 -0.173597 0.806508 -0.216943
0.787575 -0.173295 0.806415 -0.216585
0.787546 -0.172993 0.806322 -0.216227
0.787518 -0.172691 0.806229 -0.215868
0.787489 -0.172388 0.806137 -0.215509
0.787461 -0.172086 0.806045 -0.215150
0.787433 -0.171783 0.805952 -0.214790
0.787404 -0.171480 0.805860 -0.214431
0.787376 -0.171177 0.805768 -0.214071
0.787348 -0.170874 0.805677 -0.213711
0.787320 -0.170571 0.805585 -0.213350
0.787292 -0.170268 0.805494 -0.212990
0.787264 -0.169964 0.805402 -0.212629
0.787236 -0.169661 0.805311 -0.212268
0.787209 -0.169357 0.805220 -0.211906
0.787181 -0.169053 0.805129 -0.211545
0.787153 -0.168750 0.805038 -0.211183
0.787126 -0.168446 0.804948 -0.210821
0.787098 -0.168141 0.804857 -0.210459
0.787071 -0.167837 0.804767 -0.210096
0.787044 -0.167533 0.804677 -0.209733
0.787016 -0.167228 0.804587 -0.209370
0.786989 -0.166924 0.804497 -0.209007
0.786962 -0.166619 0.804407 -0.208643
0.786935 -0.166314 0.804318 -0.208279
0.786908 -0.166009 0.804228 -0.207915
0.786881 -0.165704 0.804139 -0.207551
0.786854 -0.165399 0.804050 -0.207187
0.786827 -0.165094 0.803961 -0.206822
0.786800 -0.164788 0.803872 -0.206457
0.786774 -0.164483 0.803783 -0.206092
0.786747 -0.164177 0.803694 -0.205726
0.786720 -0.163871 0.803606 -0.205361
0.786694 -0.163566 0.803518 -0.204995
0.786667 -0.163260 0.803430 -0.204628
0.786641 -0.162953 0.803342 -0.204262
0.786615 -0.162647 0.803254 -0.203895
0.786588 -0.162341 0.803166 -0.203528
0.786562 -0.162034 0.803079 -0.203161
0.786536 -0.161728 0.802991 -0.202794
0.786510 -0.161421 0.802904 -0.202426
0.786484 -0.161114 0.802817 -0.202059
0.786458 -0.160808 0.802730 -0.201691
0.786432 -0.160501 0.802643 -0.201322
0.786406 -0.160193 0.802556 -0.200954
0.786380 -0.159886 0.802470 -0.200585
0.786355 -0.159579 0.802383 -0.200216
0.786329 -0.159271 0.802297 -0.199847
0.786303 -0.158964 0.802211 -0.199477
0.786278 -0.158656 0.802125 -0.199107
0.786253 -0.158348 0.802039 -0.198738
0.786227 -0.158040 0.801954 -0.198367
0.786202 -0.157732 0.801868 -0.197997
0.786177 -0.157424 0.801783 -0.197626
0.786151 -0.157116 0.801698 -0.197255
0.786126 -0.156807 0.801613 -0.196884
0.786101 -0.156499 0.801528 -0.196513
0.786076 -0.156190 0.801443 -0.196142
0.786051 -0.155882 0.801358 -0.195770
0.786026 -0.155573 0.801274 -0.195398
0.786001 -0.155264 0.801190 -0.195025
0.785977 -0.154955 0.801106 -0.194653
0.785952 -0.154646 0.801022 -0.194280
0.785927 -0.154336 0.800938 -0.193907
0.785903 -0.154027 0.800854 -0.193534
0.785878 -0.153717 0.800771 -0.193161
0.785854 -0.153408 0.800687 -0.192787
0.785829 -0.153098 0.800604 -0.192413
0.785805 -0.152788 0.800521 -0.192039
0.785781 -0.152478 0.800438 -0.191665
0.785756 -0.152168 0.800355 -0.191291
0.785732 -0.151858 0.800273 -0.190916
0.785708 -0.151548 0.800190 -0.190541
0.785684 -0.151238 0.800108 -0.190166
0.785660 -0.150927 0.800026 -0.189790
0.785636 -0.150617 0.799944 -0.189415
0.785612 -0.150306 0.799862 -0.189039
0.785589 -0.149995 0.799780 -0.188663
0.785565 -0.149684 0.799698 -0.188286
0.785541 -0.149373 0.799617 -0.187910
0.785518 -0.149062 0.799536 -0.187533
0.785494 -0.148751 0.799455 -0.187156
0.785471 -0.148439 0.799374 -0.186779
0.785447 -0.148128 0.799293 -0.186401
0.785424 -0.147816 0.799212 -0.186024
0.785400 -0.147505 0.799132 -0.185646
0.785377 -0.147193 0.799051 -0.185268
0.785354 -0.146881 0.798971 -0.184889
0.785331 -0.146569 0.798891 -0.184511
0.785308 -0.146257 0.798811 -0.184132
0.785285 -0.145945 0.798731 -0.183753
0.785262 -0.145633 0.798652 -0.183374
0.785239 -0.145320 0.798572 -0.182995
0.785216 -0.145008 0.798493 -0.182615
0.785193 -0.144695 0.798414 -0.182235
0.785171 -0.144382 0.798335 -0.181855
0.785148 -0.144070 0.798256 -0.181475
0.785125 -0.143757 0.798178 -0.181094
0.785103 -0.143444 0.798099 -0.180714
0.785080 -0.143131 0.798021 -0.180333
0.785058 -0.142817 0.797943 -0.179952
0.785035 -0.142504 0.797865 -0.179570
0.785013 -0.142191 0.797787 -0.179189
0.784991 -0.141877 0.797709 -0.178807
0.784969 -0.141563 0.797631 -0.178425
0.784947 -0.141250 0.797554 -0.178043
0.784924 -0.140936 0.797477 -0.177660
0.784902 -0.140622 0.797400 -0.177278
0.784880 -0.140308 0.797323 -0.176895
0.784859 -0.139994 0.797246 -0.176512
0.784837 -0.139679 0.797169 -0.176128
0.784815 -0.139365 0.797093 -0.175745
0.784793 -0.139051 0.797017 -0.175361
0.784772 -0.138736 0.796940 -0.174977
0.784750 -0.138421 0.796864 -0.174593
0.784728 -0.138107 0.796789 -0.174209
0.784707 -0.137792 0.796713 -0.173824
0.784685 -0.137477 0.796637 -0.173440
0.784664 -0.137162 0.796562 -0.173055
0.784643 -0.136847 0.796487 -0.172670
0.784621 -0.136531 0.796412 -0.172284
0.784600 -0.136216 0.796337 -0.171899
0.784579 -0.135901 0.796262 -0.171513
0.784558 -0.135585 0.796187 -0.171127
0.784537 -0.135269 0.796113 -0.170741
0.784516 -0.134954 0.796039 -0.170354
0.784495 -0.134638 0.795965 -0.169968
0.784474 -0.134322 0.795891 -0.169581
0.784453 -0.134006 0.795817 -0.169194
0.784433 -0.133690 0.795743 -0.168807
0.784412 -0.133373 0.795670 -0.168419
0.784391 -0.133057 0.795596 -0.168032
0.784371 -0.132741 0.795523 -0.167644
0.784350 -0.132424 0.795450 -0.167256
0.784330 -0.132108 0.795377 -0.166868
0.784309 -0.131791 0.795305 -0.166479
0.784289 -0.131474 0.795232 -0.166090
0.784268 -0.131157 0.795160 -0.165702
0.784248 -0.130840 0.795088 -0.165313
0.784228 -0.130523 0.795016 -0.164923
0.784208 -0.130206 0.794944 -0.164534
0.784188 -0.129889 0.794872 -0.164144
0.784168 -0.129571 0.794800 -0.163754
0.784148 -0.129254 0.794729 -0.163364
0.784128 -0.128936 0.794658 -0.162974
0.784108 -0.128618 0.794587 -0.162584
0.784088 -0.128301 0.794516 -0.162193
0.784068 -0.127983 0.794445 -0.161802
0.784049 -0.127665 0.794374 -0.161411
0.784029 -0.127347 0.794304 -0.161020
0.784009 -0.127029 0.794234 -0.160629
0.783990 -0.126710 0.794164 -0.160237
0.783970 -0.126392 0.794094 -0.159845
0.783951 -0.126074 0.794024 -0.159453
0.783932 -0.125755 0.793954 -0.159061
0.783912 -0.125437 0.793885 -0.158668
0.783893 -0.125118 0.793815 -0.158276
0.783874 -0.124799 0.793746 -0.157883
0.783855 -0.124480 0.793677 -0.157490
0.783836 -0.124161 0.793608 -0.157097
0.783817 -0.123842 0.793540 -0.156704
0.783798 -0.123523 0.793471 -0.156310
0.783779 -0.123204 0.793403 -0.155916
0.783760 -0.122884 0.793335 -0.155522
0.783741 -0.122565 0.793267 -0.155128
0.783722 -0.122246 0.793199 -0.154734
0.783703 -0.121926 0.793131 -0.154339
0.783685 -0.121606 0.793064 -0.153945
0.783666 -0.121286 0.792996 -0.153550
0.783648 -0.120967 0.792929 -0.153155
0.783629 -0.120647 0.792862 -0.152759
0.783611 -0.120327 0.792795 -0.152364
0.783592 -0.120006 0.792728 -0.151968
0.783574 -0.119686 0.792662 -0.151572
0.783556 -0.119366 0.792596 -0.151176
0.783537 -0.119045 0.792529 -0.150780
0.783519 -0.118725 0.792463 -0.150384
0.783501 -0.118404 0.792397 -0.149987
0.783483 -0.118084 0.792332 -0.149591
0.783465 -0.117763 0.792266 -0.149194
0.783447 -0.117442 0.792201 -0.148796
0.783429 -0.117121 0.792135 -0.148399
0.783411 -0.116800 0.792070 -0.148002
0.783393 -0.116479 0.792005 -0.147604
0.783376 -0.116158 0.791941 -0.147206
0.783358 -0.115837 0.791876 -0.146808
0.783340 -0.115515 0.791812 -0.146410
0.783323 -0.115194 0.791747 -0.146011
0.783305 -0.114872 0.791683 -0.145613
0.783288 -0.114551 0.791619 -0.145214
0.783270 -0.114229 0.791556 -0.144815
0.783253 -0.113907 0.791492 -0.144416
0.783235 -0.113585 0.791429 -0.144017
0.783218 -0.113263 0.791365 -0.143617
0.783201 -0.112941 0.791302 -0.143218
0.783184 -0.112619 0.791239 -0.142818
0.783167 -0.112297 0.791177 -0.142418
0.783150 -0.111975 0.791114 -0.142018
0.783133 -0.111652 0.791052 -0.141617
0.783116 -0.111330 0.790989 -0.141217
0.783099 -0.111007 0.790927 -0.140816
0.783082 -0.110685 0.790865 -0.140415
0.783065 -0.110362 0.790804 -0.140014
0.783048 -0.110039 0.790742 -0.139613
0.783031 -0.109716 0.790681 -0.139211
0.783015 -0.109394 0.790619 -0.138810
0.782998 -0.109070 0.790558 -0.138408
0.782982 -0.108747 0.790497 -0.138006
0.782965 -0.108424 0.790437 -0.137604
0.782949 -0.108101 0.790376 -0.137202
0.782932 -0.107778 0.790316 -0.136799
0.782916 -0.107454 0.790255 -0.136396
0.782900 -0.107131 0.790195 -0.135994
0.782883 -0.106807 0.790135 -0.135591
0.782867 -0.106483 0.790076 -0.135188
0.782851 -0.106160 0.790016 -0.134784
0.782835 -0.105836 0.789957 -0.134381
0.782819 -0.105512 0.789897 -0.133977
0.782803 -0.105188 0.789838 -0.133573
0.782787 -0.104864 0.789779 -0.133169
0.782771 -0.104540 0.789721 -0.132765
0.782755 -0.104215 0.789662 -0.132361
0.782739 -0.103891 0.789604 -0.131956
0.782723 -0.103567 0.789545 -0.131552
0.782708 -0.103242 0.789487 -0.131147
0.782692 -0.102918 0.789430 -0.130742
0.782676 -0.102593 0.789372 -0.130337
0.782661 -0.102269 0.789314 -0.129932
0.782645 -0.101944 0.789257 -0.129526
0.782630 -0.101619 0.789200 -0.129120
0.782615 -0.101294 0.789143 -0.128715
0.782599 -0.100969 0.789086 -0.128309
0.782584 -0.100644 0.789029 -0.127903
0.782569 -0.100319 0.788972 -0.127496
0.782553 -0.099994 0.788916 -0.127090
0.782538 -0.099668 0.788860 -0.126683
0.782523 -0.099343 0.788804 -0.126277
0.782508 -0.099017 0.788748 -0.125870
0.782493 -0.098692 0.788692 -0.125463
0.782478 -0.098366 0.788637 -0.125055
0.782463 -0.098041 0.788581 -0.124648
0.782448 -0.097715 0.788526 -0.124240
0.782434 -0.097389 0.788471 -0.123833
0.782419 -0.097063 0.788416 -0.123425
0.782404 -0.096737 0.788362 -0.123017
0.782389 -0.096411 0.788307 -0.122609
0.782375 -0.096085 0.788253 -0.122200
0.782360 -0.095759 0.788199 -0.121792
0.782346 -0.095433 0.788145 -0.121383
0.782331 -0.095106 0.788091 -0.120974
0.782317 -0.094780 0.788037 -0.120565
0.782302 -0.094454 0.787984 -0.120156
0.782288 -0.094127 0.787931 -0.119747
0.782274 -0.093800 0.787877 -0.119338
0.782260 -0.093474 0.787825 -0.118928
0.782245 -0.093147 0.787772 -0.118518
0.782231 -0.092820 0.787719 -0.118109
0.782217 -0.092493 0.787667 -0.117699
0.782203 -0.092166 0.787614 -0.117288
0.782189 -0.091839 0.787562 -0.116878
0.782175 -0.091512 0.787510 -0.116468
0.782161 -0.091185 0.787459 -0.116057
0.782148 -0.090858 0.787407 -0.115646
0.782134 -0.090531 0.787356 -0.115235
0.782120 -0.090203 0.787304 -0.114824
0.782106 -0.089876 0.787253 -0.114413
0.782093 -0.089548 0.787203 -0.114002
0.782079 -0.089221 0.787152 -0.113590
0.782066 -0.088893 0.787101 -0.113179
0.782052 -0.088565 0.787051 -0.112767
0.782039 -0.088238 0.787001 -0.112355
0.782025 -0.087910 0.786951 -0.111943
0.782012 -0.087582 0.786901 -0.111531
0.781998 -0.087254 0.786851 -0.111118
0.781985 -0.086926 0.786802 -0.110706
0.781972 -0.086598 0.786752 -0.110293
0.781959 -0.086269 0.786703 -0.109880
0.781946 -0.085941 0.786654 -0.109468
0.781933 -0.085613 0.786605 -0.109054
0.781920 -0.085285 0.786557 -0.108641
0.781907 -0.084956 0.786508 -0.108228
0.781894 -0.084628 0.786460 -0.107814
0.781881 -0.084299 0.786412 -0.107401
0.781868 -0.083970 0.786364 -0.106987
0.781855 -0.083642 0.786316 -0.106573
0.781842 -0.083313 0.786269 -0.106159
0.781830 -0.082984 0.786221 -0.105745
0.781817 -0.082655 0.786174 -0.105331
0.781804 -0.082326 0.786127 -0.104916
0.781792 -0.081997 0.786080 -0.104502
0.781779 -0.081668 0.786033 -0.104087
0.781767 -0.081339 0.785987 -0.103672
0.781754 -0.081010 0.785940 -0.103257
0.781742 -0.080681 0.785894 -0.102842
0.781730 -0.080351 0.785848 -0.102427
0.781717 -0.080022 0.785802 -0.102012
0.781705 -0.079692 0.785757 -0.101596
0.781693 -0.079363 0.785711 -0.101180
0.781681 -0.079033 0.785666 -0.100765
0.781669 -0.078704 0.785621 -0.100349
0.781657 -0.078374 0.785576 -0.099933
0.781645 -0.078044 0.785531 -0.099517
0.781633 -0.077715 0.785486 -0.099100
0.781621 -0.077385 0.785442 -0.098684
0.781609 -0.077055 0.785398 -0.098267
0.781597 -0.076725 0.785354 -0.097851
0.781585 -0.076395 0.785310 -0.097434
0.781573 -0.076065 0.785266 -0.097017
0.781562 -0.075734 0.785223 -0.096600
0.781550 -0.075404 0.785179 -0.096183
0.781538 -0.075074 0.785136 -0.095765
0.781527 -0.074744 0.785093 -0.095348
0.781515 -0.074413 0.785050 -0.094930
0.781504 -0.074083 0.785007 -0.094513
0.781493 -0.073752 0.784965 -0.094095
0.781481 -0.073422 0.784923 -0.093677
0.781470 -0.073091 0.784880 -0.093259
0.781459 -0.072760 0.784839 -0.092841
0.781447 -0.072430 0.784797 -0.092423
0.781436 -0.072099 0.784755 -0.092004
0.781425 -0.071768 0.784714 -0.091586
0.781414 -0.071437 0.784672 -0.091167
0.781403 -0.071106 0.784631 -0.090748
0.781392 -0.070775 0.784590 -0.090329
0.781381 -0.070444 0.784550 -0.089910
0.781370 -0.070113 0.784509 -0.089491
0.781359 -0.069782 0.784469 -0.089072
0.781348 -0.069451 0.784429 -0.088653
0.781337 -0.069119 0.784389 -0.088233
0.781327 -0.068788 0.784349 -0.087814
0.781316 -0.068457 0.784309 -0.087394
0.781305 -0.068125 0.784270 -0.086974
0.781295 -0.067794 0.784230 -0.086554
0.781284 -0.067462 0.784191 -0.086134
0.781274 -0.067131 0.784152 -0.085714
0.781263 -0.066799 0.784114 -0.085294
0.781253 -0.066467 0.784075 -0.084873
0.781242 -0.066135 0.784037 -0.084453
0.781232 -0.065804 0.783998 -0.084032
0.781222 -0.065472 0.783960 -0.083612
0.781211 -0.065140 0.783922 -0.083191
0.781201 -0.064808 0.783885 -0.082770
0.781191 -0.064476 0.783847 -0.082349
0.781181 -0.064144 0.783810 -0.081928
0.781171 -0.063812 0.783773 -0.081506
0.781161 -0.063480 0.783736 -0.081085
0.781151 -0.063147 0.783699 -0.080664
0.781141 -0.062815 0.783662 -0.080242
0.781131 -0.062483 0.783626 -0.079820
0.781121 -0.062150 0.783590 -0.079398
0.781111 -0.061818 0.783553 -0.078977
0.781101 -0.061486 0.783518 -0.078555
0.781092 -0.061153 0.783482 -0.078132
0.781082 -0.060821 0.783446 -0.077710
0.781072 -0.060488 0.783411 -0.077288
0.781063 -0.060155 0.783376 -0.076866
0.781053 -0.059823 0.783341 -0.076443
0.781044 -0.059490 0.783306 -0.076020
0.781034 -0.059157 0.783271 -0.075598
0.781025 -0.058824 0.783237 -0.075175
0.781015 -0.058491 0.783202 -0.074752
0.781006 -0.058158 0.783168 -0.074329
0.780997 -0.057826 0.783134 -0.073906
0.780987 -0.057493 0.783101 -0.073483
0.780978 -0.057159 0.783067 -0.073059
0.780969 -0.056826 0.783034 -0.072636
0.780960 -0.056493 0.783001 -0.072212
0.780951 -0.056160 0.782967 -0.071789
0.780942 -0.055827 0.782935 -0.071365
0.780933 -0.055493 0.782902 -0.070941
0.780924 -0.055160 0.782869 -0.070517
0.780915 -0.054827 0.782837 -0.070093
0.780906 -0.054493 0.782805 -0.069669
0.780897 -0.054160 0.782773 -0.069245
0.780888 -0.053826 0.782741 -0.068821
0.780880 -0.053493 0.782710 -0.068397
0.780871 -0.053159 0.782678 -0.067972
0.780862 -0.052826 0.782647 -0.067548
0.780854 -0.052492 0.782616 -0.067123
0.780845 -0.052158 0.782585 -0.066698
0.780837 -0.051825 0.782555 -0.066273
0.780828 -0.051491 0.782524 -0.065848
0.780820 -0.051157 0.782494 -0.065423
0.780811 -0.050823 0.782464 -0.064998
0.780803 -0.050489 0.782434 -0.064573
0.780795 -0.050155 0.782404 -0.064148
0.780786 -0.049821 0.782374 -0.063723
0.780778 -0.049487 0.782345 -0.063297
0.780770 -0.049153 0.782316 -0.062872
0.780762 -0.048819 0.782287 -0.062446
0.780754 -0.048485 0.782258 -0.062020
0.780746 -0.048151 0.782229 -0.061595
0.780738 -0.047816 0.782200 -0.061169
0.780730 -0.047482 0.782172 -0.060743
0.780722 -0.047148 0.782144 -0.060317
0.780714 -0.046814 0.782116 -0.059891
0.780706 -0.046479 0.782088 -0.059465
0.780698 -0.046145 0.782061 -0.059038
0.780690 -0.045810 0.782033 -0.058612
0.780683 -0.045476 0.782006 -0.058186
0.780675 -0.045141 0.781979 -0.057759
0.780667 -0.044807 0.781952 -0.057332
0.780660 -0.044472 0.781925 -0.056906
0.780652 -0.044137 0.781899 -0.056479
0.780645 -0.043803 0.781873 -0.056052
0.780637 -0.043468 0.781846 -0.055625
0.780630 -0.043133 0.781820 -0.055198
0.780622 -0.042799 0.781795 -0.054771
0.780615 -0.042464 0.781769 -0.054344
0.780608 -0.042129 0.781744 -0.053917
0.780600 -0.041794 0.781718 -0.053490
0.780593 -0.041459 0.781693 -0.053062
0.780586 -0.041124 0.781669 -0.052635
0.780579 -0.040789 0.781644 -0.052208
0.780572 -0.040454 0.781619 -0.051780
0.780565 -0.040119 0.781595 -0.051352
0.780558 -0.039784 0.781571 -0.050925
0.780551 -0.039449 0.781547 -0.050497
0.780544 -0.039114 0.781523 -0.050069
0.780537 -0.038779 0.781500 -0.049641
0.780530 -0.038443 0.781476 -0.049213
0.780523 -0.038108 0.781453 -0.048785
0.780516 -0.037773 0.781430 -0.048357
0.780510 -0.037438 0.781407 -0.047929
0.780503 -0.037102 0.781384 -0.047501
0.780496 -0.036767 0.781362 -0.047072
0.780490 -0.036432 0.781340 -0.046644
0.780483 -0.036096 0.781317 -0.046216
0.780477 -0.035761 0.781295 -0.045787
0.780470 -0.035425 0.781274 -0.045358
0.780464 -0.035090 0.781252 -0.044930
0.780457 -0.034754 0.781231 -0.044501
0.780451 -0.034419 0.781210 -0.044072
0.780445 -0.034083 0.781189 -0.043644
0.780438 -0.033747 0.781168 -0.043215
0.780432 -0.033412 0.781147 -0.042786
0.780426 -0.033076 0.781127 -0.042357
0.780420 -0.032740 0.781106 -0.041928
0.780414 -0.032405 0.781086 -0.041499
0.780408 -0.032069 0.781066 -0.041069
0.780402 -0.031733 0.781047 -0.040640
0.780396 -0.031397 0.781027 -0.040211
0.780390 -0.031061 0.781008 -0.039781
0.780384 -0.030726 0.780988 -0.039352
0.780378 -0.030390 0.780969 -0.038923
0.780372 -0.030054 0.780951 -0.038493
0.780366 -0.029718 0.780932 -0.038063
0.780361 -0.029382 0.780913 -0.037634
0.780355 -0.029046 0.780895 -0.037204
0.780349 -0.028710 0.780877 -0.036774
0.780344 -0.028374 0.780859 -0.036345
0.780338 -0.028038 0.780842 -0.035915
0.780332 -0.027702 0.780824 -0.035485
0.780327 -0.027365 0.780807 -0.035055
0.780321 -0.027029 0.780789 -0.034625
0.780316 -0.026693 0.780772 -0.034195
0.780311 -0.026357 0.780756 -0.033765
0.780305 -0.026021 0.780739 -0.033335
0.780300 -0.025685 0.780723 -0.032904
0.780295 -0.025348 0.780706 -0.032474
0.780290 -0.025012 0.780690 -0.032044
0.780284 -0.024676 0.780674 -0.031614
0.780279 -0.024339 0.780659 -0.031183
0.780274 -0.024003 0.780643 -0.030753
0.780269 -0.023667 0.780628 -0.030322
0.780264 -0.023330 0.780613 -0.029892
0.780259 -0.022994 0.780598 -0.029461
0.780254 -0.022658 0.780583 -0.029031
0.780249 -0.022321 0.780568 -0.028600
0.780244 -0.021985 0.780554 -0.028169
0.780240 -0.021648 0.780540 -0.027738
0.780235 -0.021312 0.780526 -0.027308
0.780230 -0.020975 0.780512 -0.026877
0.780225 -0.020639 0.780498 -0.026446
0.780221 -0.020302 0.780485 -0.026015
0.780216 -0.019966 0.780472 -0.025584
0.780212 -0.019629 0.780458 -0.025153
0.780207 -0.019292 0.780446 -0.024722
0.780203 -0.018956 0.780433 -0.024291
0.780198 -0.018619 0.780420 -0.023860
0.780194 -0.018282 0.780408 -0.023429
0.780189 -0.017946 0.780396 -0.022998
0.780185 -0.017609 0.780384 -0.022566
0.780181 -0.017272 0.780372 -0.022135
0.780176 -0.016936 0.780360 -0.021704
0.780172 -0.016599 0.780349 -0.021273
0.780168 -0.016262 0.780338 -0.020841
0.780164 -0.015925 0.780326 -0.020410
0.780160 -0.015589 0.780316 -0.019979
0.780156 -0.015252 0.780305 -0.019547
0.780152 -0.014915 0.780294 -0.019116
0.780148 -0.014578 0.780284 -0.018684
0.780144 -0.014241 0.780274 -0.018253
0.780140 -0.013904 0.780264 -0.017821
0.780136 -0.013568 0.780254 -0.017390
0.780132 -0.013231 0.780245 -0.016958
0.780129 -0.012894 0.780235 -0.016526
0.780125 -0.012557 0.780226 -0.016095
0.780121 -0.012220 0.780217 -0.015663
0.780117 -0.011883 0.780208 -0.015231
0.780114 -0.011546 0.780199 -0.014799
0.780110 -0.011209 0.780191 -0.014368
0.780107 -0.010872 0.780183 -0.013936
0.780103 -0.010535 0.780174 -0.013504
0.780100 -0.010198 0.780166 -0.013072
0.780096 -0.009861 0.780159 -0.012640
0.780093 -0.009524 0.780151 -0.012208
0.780090 -0.009187 0.780144 -0.011777
0.780086 -0.008850 0.780137 -0.011345
0.780083 -0.008513 0.780130 -0.010913
0.780080 -0.008176 0.780123 -0.010481
0.780077 -0.007839 0.780116 -0.010049
0.780074 -0.007502 0.780110 -0.009617
0.780071 -0.007165 0.780103 -0.009185
0.780068 -0.006828 0.780097 -0.008753
0.780064 -0.006491 0.780091 -0.008320
0.780062 -0.006154 0.780086 -0.007888
0.780059 -0.005816 0.780080 -0.007456
0.780056 -0.005479 0.780075 -0.007024
0.780053 -0.005142 0.780070 -0.006592
0.780050 -0.004805 0.780065 -0.006160
0.780047 -0.004468 0.780060 -0.005728
0.780045 -0.004131 0.780055 -0.005296
0.780042 -0.003794 0.780051 -0.004863
0.780039 -0.003456 0.780047 -0.004431
0.780037 -0.003119 0.780043 -0.003999
0.780034 -0.002782 0.780039 -0.003567
0.780031 -0.002445 0.780035 -0.003134
0.780029 -0.002108 0.780032 -0.002702
0.780026 -0.001771 0.780028 -0.002270
0.780024 -0.001433 0.780025 -0.001838
0.780022 -0.001096 0.780022 -0.001405
0.780019 -0.000759 0.780020 -0.000973
0.780017 -0.000422 0.780017 -0.000541
0.780015 -0.000085 0.780015 -0.000109
0.780013 0.000253 0.780013 0.000324
0.780010 0.000590 0.780011 0.000756
0.780008 0.000927 0.780009 0.001188
0.780006 0.001264 0.780007 0.001621
0.780004 0.001601 0.780006 0.002053
0.780002 0.001939 0.780004 0.002485
0.780000 0.002276 0.780003 0.002918
0.779998 0.002613 0.780003 0.003350
0.779996 0.002950 0.780002 0.003782
0.779994 0.003288 0.780001 0.004215
0.779993 0.003625 0.780001 0.004647
0.779991 0.003962 0.780001 0.005079
0.779989 0.004299 0.780001 0.005512
0.779987 0.004636 0.780001 0.005944
0.779986 0.004974 0.780002 0.006376
0.779984 0.005311 0.780002 0.006809
0.779982 0.005648 0.780003 0.007241
0.779981 0.005985 0.780004 0.007674
0.779979 0.006323 0.780005 0.008106
0.779978 0.006660 0.780006 0.008538
0.779977 0.006997 0.780008 0.008970
0.779975 0.007334 0.780010 0.009403
0.779974 0.007671 0.780012 0.009835
0.779973 0.008009 0.780014 0.010267
0.779971 0.008346 0.780016 0.010700
0.779970 0.008683 0.780018 0.011132
0.779969 0.009020 0.780021 0.011564
0.779968 0.009357 0.780024 0.011997
0.779967 0.009695 0.780027 0.012429
0.779966 0.010032 0.780030 0.012861
0.779965 0.010369 0.780033 0.013293
0.779964 0.010706 0.780037 0.013726
0.779963 0.011043 0.780041 0.014158
0.779962 0.011381 0.780045 0.014590
0.779961 0.011718 0.780049 0.015022
0.779960 0.012055 0.780053 0.015455
0.779959 0.012392 0.780058 0.015887
0.779958 0.012729 0.780062 0.016319
0.779958 0.013066 0.780067 0.016751
