# time [hours] x [au] y [au] r [au] lon [rad] HEE coordinates
0.000000 0.880000 0.000000 0.880000 0.000000
1.000114 0.880000 0.000178 0.880000 0.000202
2.000228 0.880000 0.000356 0.880000 0.000404
3.000342 0.880000 0.000534 0.880000 0.000607
4.000455 0.880000 0.000712 0.880001 0.000809
5.000569 0.880001 0.000890 0.880001 0.001011
6.000683 0.880001 0.001068 0.880001 0.001213
7.000797 0.880001 0.001246 0.880002 0.001416
8.000911 0.880001 0.001424 0.880003 0.001618
9.001025 0.880002 0.001602 0.880003 0.001820
10.001139 0.880002 0.001780 0.880004 0.002022
11.001252 0.880003 0.001958 0.880005 0.002225
12.001366 0.880003 0.002136 0.880006 0.002427
13.001480 0.880004 0.002314 0.880007 0.002629
14.001594 0.880004 0.002492 0.880008 0.002831
15.001708 0.880005 0.002670 0.880009 0.003034
16.001822 0.880006 0.002847 0.880010 0.003236
17.001936 0.880006 0.003025 0.880012 0.003438
18.002049 0.880007 0.003203 0.880013 0.003640
19.002163 0.880008 0.003381 0.880014 0.003842
20.002277 0.880009 0.003559 0.880016 0.004045
21.002391 0.880010 0.003737 0.880018 0.004247
22.002505 0.880011 0.003915 0.880019 0.004449
23.002619 0.880012 0.004093 0.880021 0.004651
24.002733 0.880013 0.004271 0.880023 0.004853
25.002846 0.880014 0.004449 0.880025 0.005056
26.002960 0.880015 0.004627 0.880027 0.005258
27.003074 0.880016 0.004805 0.880029 0.005460
28.003188 0.880017 0.004983 0.880031 0.005662
29.003302 0.880018 0.005161 0.880034 0.005864
30.003416 0.880020 0.005339 0.880036 0.006066
31.003530 0.880021 0.005517 0.880038 0.006269
32.003643 0.880022 0.005695 0.880041 0.006471
33.003757 0.880024 0.005872 0.880044 0.006673
34.003871 0.880025 0.006050 0.880046 0.006875
35.003985 0.880027 0.006228 0.880049 0.007077
36.004099 0.880028 0.006406 0.880052 0.007279
37.004213 0.880030 0.006584 0.880055 0.007482
38.004327 0.880032 0.006762 0.880058 0.007684
39.004440 0.880033 0.006940 0.880061 0.007886
40.004554 0.880035 0.007118 0.880064 0.008088
41.004668 0.880037 0.007296 0.880067 0.008290
42.004782 0.880039 0.007474 0.880070 0.008492
43.004896 0.880041 0.007651 0.880074 0.008694
44.005010 0.880043 0.007829 0.880077 0.008896
45.005124 0.880044 0.008007 0.880081 0.009098
46.005237 0.880046 0.008185 0.880085 0.009300
47.005351 0.880048 0.008363 0.880088 0.009502
48.005465 0.880051 0.008541 0.880092 0.009704
49.005579 0.880053 0.008719 0.880096 0.009907
50.005693 0.880055 0.008896 0.880100 0.010109
51.005807 0.880057 0.009074 0.880104 0.010311
52.005921 0.880059 0.009252 0.880108 0.010513
53.006034 0.880062 0.009430 0.880112 0.010715
54.006148 0.880064 0.009608 0.880116 0.010917
55.006262 0.880066 0.009786 0.880121 0.011119
56.006376 0.880069 0.009963 0.880125 0.011321
57.006490 0.880071 0.010141 0.880130 0.011523
58.006604 0.880074 0.010319 0.880134 0.011725
59.006718 0.880076 0.010497 0.880139 0.011927
60.006831 0.880079 0.010675 0.880144 0.012128
61.006945 0.880082 0.010852 0.880149 0.012330
62.007059 0.880084 0.011030 0.880154 0.012532
63.007173 0.880087 0.011208 0.880159 0.012734
64.007287 0.880090 0.011386 0.880164 0.012936
65.007401 0.880093 0.011563 0.880169 0.013138
66.007515 0.880096 0.011741 0.880174 0.013340
67.007628 0.880099 0.011919 0.880179 0.013542
68.007742 0.880102 0.012097 0.880185 0.013744
69.007856 0.880105 0.012274 0.880190 0.013945
70.007970 0.880108 0.012452 0.880196 0.014147
71.008084 0.880111 0.012630 0.880201 0.014349
72.008198 0.880114 0.012807 0.880207 0.014551
73.008312 0.880117 0.012985 0.880213 0.014753
74.008425 0.880120 0.013163 0.880219 0.014955
75.008539 0.880124 0.013340 0.880225 0.015156
76.008653 0.880127 0.013518 0.880231 0.015358
77.008767 0.880130 0.013696 0.880237 0.015560
78.008881 0.880134 0.013873 0.880243 0.015762
79.008995 0.880137 0.014051 0.880249 0.015963
80.009109 0.880141 0.014229 0.880256 0.016165
81.009222 0.880144 0.014406 0.880262 0.016367
82.009336 0.880148 0.014584 0.880268 0.016568
83.009450 0.880151 0.014762 0.880275 0.016770
84.009564 0.880155 0.014939 0.880282 0.016972
85.009678 0.880159 0.015117 0.880288 0.017173
86.009792 0.880162 0.015294 0.880295 0.017375
87.009905 0.880166 0.015472 0.880302 0.017577
88.010019 0.880170 0.015650 0.880309 0.017778
89.010133 0.880174 0.015827 0.880316 0.017980
90.010247 0.880178 0.016005 0.880323 0.018181
91.010361 0.880182 0.016182 0.880331 0.018383
92.010475 0.880186 0.016360 0.880338 0.018585
93.010589 0.880190 0.016537 0.880345 0.018786
94.010702 0.880194 0.016715 0.880353 0.018988
95.010816 0.880198 0.016892 0.880360 0.019189
96.010930 0.880202 0.017070 0.880368 0.019391
97.011044 0.880207 0.017247 0.880376 0.019592
98.011158 0.880211 0.017425 0.880383 0.019793
99.011272 0.880215 0.017602 0.880391 0.019995
100.011386 0.880220 0.017780 0.880399 0.020196
101.011499 0.880224 0.017957 0.880407 0.020398
102.011613 0.880228 0.018134 0.880415 0.020599
103.011727 0.880233 0.018312 0.880423 0.020800
104.011841 0.880238 0.018489 0.880432 0.021002
105.011955 0.880242 0.018667 0.880440 0.021203
106.012069 0.880247 0.018844 0.880448 0.021404
107.012183 0.880251 0.019021 0.880457 0.021606
108.012296 0.880256 0.019199 0.880466 0.021807
109.012410 0.880261 0.019376 0.880474 0.022008
110.012524 0.880266 0.019553 0.880483 0.022210
111.012638 0.880271 0.019731 0.880492 0.022411
112.012752 0.880276 0.019908 0.880501 0.022612
113.012866 0.880280 0.020085 0.880510 0.022813
114.012980 0.880285 0.020263 0.880519 0.023014
115.013093 0.880290 0.020440 0.880528 0.023215
116.013207 0.880296 0.020617 0.880537 0.023417
117.013321 0.880301 0.020795 0.880546 0.023618
118.013435 0.880306 0.020972 0.880556 0.023819
119.013549 0.880311 0.021149 0.880565 0.024020
120.013663 0.880316 0.021326 0.880575 0.024221
121.013777 0.880322 0.021503 0.880584 0.024422
122.013890 0.880327 0.021681 0.880594 0.024623
123.014004 0.880332 0.021858 0.880604 0.024824
124.014118 0.880338 0.022035 0.880613 0.025025
125.014232 0.880343 0.022212 0.880623 0.025226
126.014346 0.880349 0.022389 0.880633 0.025427
127.014460 0.880354 0.022566 0.880643 0.025628
128.014574 0.880360 0.022743 0.880654 0.025829
129.014687 0.880366 0.022921 0.880664 0.026029
130.014801 0.880371 0.023098 0.880674 0.026230
131.014915 0.880377 0.023275 0.880685 0.026431
132.015029 0.880383 0.023452 0.880695 0.026632
133.015143 0.880389 0.023629 0.880706 0.026833
134.015257 0.880394 0.023806 0.880716 0.027033
135.015371 0.880400 0.023983 0.880727 0.027234
136.015484 0.880406 0.024160 0.880738 0.027435
137.015598 0.880412 0.024337 0.880749 0.027636
138.015712 0.880418 0.024514 0.880760 0.027836
139.015826 0.880424 0.024691 0.880771 0.028037
140.015940 0.880431 0.024868 0.880782 0.028237
141.016054 0.880437 0.025045 0.880793 0.028438
142.016168 0.880443 0.025222 0.880804 0.028639
143.016281 0.880449 0.025399 0.880816 0.028839
144.016395 0.880456 0.025575 0.880827 0.029040
145.016509 0.880462 0.025752 0.880838 0.029240
146.016623 0.880468 0.025929 0.880850 0.029441
147.016737 0.880475 0.026106 0.880862 0.029641
148.016851 0.880481 0.026283 0.880873 0.029842
149.016965 0.880488 0.026460 0.880885 0.030042
150.017078 0.880494 0.026636 0.880897 0.030242
151.017192 0.880501 0.026813 0.880909 0.030443
152.017306 0.880508 0.026990 0.880921 0.030643
153.017420 0.880514 0.027167 0.880933 0.030843
154.017534 0.880521 0.027343 0.880946 0.031044
155.017648 0.880528 0.027520 0.880958 0.031244
156.017762 0.880535 0.027697 0.880970 0.031444
157.017875 0.880542 0.027873 0.880983 0.031644
158.017989 0.880549 0.028050 0.880995 0.031845
159.018103 0.880555 0.028227 0.881008 0.032045
160.018217 0.880563 0.028403 0.881020 0.032245
161.018331 0.880570 0.028580 0.881033 0.032445
162.018445 0.880577 0.028757 0.881046 0.032645
163.018559 0.880584 0.028933 0.881059 0.032845
164.018672 0.880591 0.029110 0.881072 0.033045
165.018786 0.880598 0.029286 0.881085 0.033245
166.018900 0.880606 0.029463 0.881098 0.033445
167.019014 0.880613 0.029639 0.881111 0.033645
168.019128 0.880620 0.029816 0.881125 0.033845
169.019242 0.880628 0.029992 0.881138 0.034045
170.019356 0.880635 0.030169 0.881152 0.034245
171.019469 0.880643 0.030345 0.881165 0.034444
172.019583 0.880650 0.030522 0.881179 0.034644
173.019697 0.880658 0.030698 0.881193 0.034844
174.019811 0.880665 0.030874 0.881206 0.035044
175.019925 0.880673 0.031051 0.881220 0.035243
176.020039 0.880681 0.031227 0.881234 0.035443
177.020153 0.880689 0.031403 0.881248 0.035643
178.020266 0.880696 0.031580 0.881262 0.035842
179.020380 0.880704 0.031756 0.881277 0.036042
180.020494 0.880712 0.031932 0.881291 0.036241
181.020608 0.880720 0.032109 0.881305 0.036441
182.020722 0.880728 0.032285 0.881320 0.036641
183.020836 0.880736 0.032461 0.881334 0.036840
184.020950 0.880744 0.032637 0.881349 0.037039
185.021063 0.880752 0.032813 0.881363 0.037239
186.021177 0.880760 0.032990 0.881378 0.037438
187.021291 0.880769 0.033166 0.881393 0.037638
188.021405 0.880777 0.033342 0.881408 0.037837
189.021519 0.880785 0.033518 0.881423 0.038036
190.021633 0.880793 0.033694 0.881438 0.038235
191.021747 0.880802 0.033870 0.881453 0.038435
192.021860 0.880810 0.034046 0.881468 0.038634
193.021974 0.880819 0.034222 0.881483 0.038833
194.022088 0.880827 0.034398 0.881499 0.039032
195.022202 0.880836 0.034574 0.881514 0.039231
196.022316 0.880844 0.034750 0.881530 0.039430
197.022430 0.880853 0.034926 0.881545 0.039629
198.022544 0.880862 0.035102 0.881561 0.039828
199.022657 0.880871 0.035278 0.881577 0.040027
200.022771 0.880879 0.035454 0.881593 0.040226
201.022885 0.880888 0.035629 0.881608 0.040425
202.022999 0.880897 0.035805 0.881624 0.040624
203.023113 0.880906 0.035981 0.881640 0.040823
204.023227 0.880915 0.036157 0.881657 0.041022
205.023341 0.880924 0.036333 0.881673 0.041220
206.023454 0.880933 0.036508 0.881689 0.041419
207.023568 0.880942 0.036684 0.881706 0.041618
208.023682 0.880951 0.036860 0.881722 0.041817
209.023796 0.880960 0.037036 0.881739 0.042015
210.023910 0.880970 0.037211 0.881755 0.042214
211.024024 0.880979 0.037387 0.881772 0.042412
212.024138 0.880988 0.037562 0.881789 0.042611
213.024251 0.880998 0.037738 0.881805 0.042809
214.024365 0.881007 0.037914 0.881822 0.043008
215.024479 0.881016 0.038089 0.881839 0.043206
216.024593 0.881026 0.038265 0.881856 0.043405
217.024707 0.881035 0.038440 0.881874 0.043603
218.024821 0.881045 0.038616 0.881891 0.043801
219.024935 0.881055 0.038791 0.881908 0.044000
220.025048 0.881064 0.038967 0.881926 0.044198
221.025162 0.881074 0.039142 0.881943 0.044396
222.025276 0.881084 0.039317 0.881961 0.044594
223.025390 0.881094 0.039493 0.881978 0.044792
224.025504 0.881103 0.039668 0.881996 0.044990
225.025618 0.881113 0.039843 0.882014 0.045189
226.025732 0.881123 0.040019 0.882032 0.045387
227.025845 0.881133 0.040194 0.882049 0.045585
228.025959 0.881143 0.040369 0.882067 0.045782
229.026073 0.881153 0.040544 0.882086 0.045980
230.026187 0.881163 0.040720 0.882104 0.046178
231.026301 0.881174 0.040895 0.882122 0.046376
232.026415 0.881184 0.041070 0.882140 0.046574
233.026529 0.881194 0.041245 0.882159 0.046772
234.026642 0.881204 0.041420 0.882177 0.046969
235.026756 0.881215 0.041595 0.882196 0.047167
236.026870 0.881225 0.041770 0.882214 0.047365
237.026984 0.881235 0.041945 0.882233 0.047562
238.027098 0.881246 0.042120 0.882252 0.047760
239.027212 0.881256 0.042295 0.882271 0.047957
240.027326 0.881267 0.042470 0.882290 0.048155
241.027439 0.881278 0.042645 0.882309 0.048352
242.027553 0.881288 0.042820 0.882328 0.048550
243.027667 0.881299 0.042995 0.882347 0.048747
244.027781 0.881310 0.043170 0.882366 0.048945
245.027895 0.881320 0.043345 0.882386 0.049142
246.028009 0.881331 0.043519 0.882405 0.049339
247.028123 0.881342 0.043694 0.882425 0.049536
248.028236 0.881353 0.043869 0.882444 0.049733
249.028350 0.881364 0.044044 0.882464 0.049931
250.028464 0.881375 0.044218 0.882483 0.050128
251.028578 0.881386 0.044393 0.882503 0.050325
252.028692 0.881397 0.044568 0.882523 0.050522
253.028806 0.881408 0.044742 0.882543 0.050719
254.028920 0.881419 0.044917 0.882563 0.050916
255.029033 0.881431 0.045091 0.882583 0.051113
256.029147 0.881442 0.045266 0.882603 0.051309
257.029261 0.881453 0.045440 0.882624 0.051506
258.029375 0.881465 0.045615 0.882644 0.051703
259.029489 0.881476 0.045789 0.882664 0.051900
260.029603 0.881487 0.045964 0.882685 0.052096
261.029716 0.881499 0.046138 0.882706 0.052293
262.029830 0.881510 0.046313 0.882726 0.052490
263.029944 0.881522 0.046487 0.882747 0.052686
264.030058 0.881534 0.046661 0.882768 0.052883
265.030172 0.881545 0.046836 0.882789 0.053079
266.030286 0.881557 0.047010 0.882810 0.053275
267.030400 0.881569 0.047184 0.882831 0.053472
268.030513 0.881581 0.047358 0.882852 0.053668
269.030627 0.881592 0.047532 0.882873 0.053864
270.030741 0.881604 0.047707 0.882894 0.054061
271.030855 0.881616 0.047881 0.882915 0.054257
272.030969 0.881628 0.048055 0.882937 0.054453
273.031083 0.881640 0.048229 0.882958 0.054649
274.031197 0.881652 0.048403 0.882980 0.054845
275.031310 0.881664 0.048577 0.883002 0.055041
276.031424 0.881677 0.048751 0.883023 0.055237
277.031538 0.881689 0.048925 0.883045 0.055433
278.031652 0.881701 0.049099 0.883067 0.055629
279.031766 0.881713 0.049273 0.883089 0.055825
280.031880 0.881726 0.049447 0.883111 0.056021
281.031994 0.881738 0.049620 0.883133 0.056216
282.032107 0.881750 0.049794 0.883155 0.056412
283.032221 0.881763 0.049968 0.883178 0.056608
284.032335 0.881775 0.050142 0.883200 0.056803
285.032449 0.881788 0.050315 0.883222 0.056999
286.032563 0.881801 0.050489 0.883245 0.057194
287.032677 0.881813 0.050663 0.883267 0.057390
288.032791 0.881826 0.050836 0.883290 0.057585
289.032904 0.881839 0.051010 0.883313 0.057781
290.033018 0.881851 0.051184 0.883336 0.057976
291.033132 0.881864 0.051357 0.883358 0.058171
292.033246 0.881877 0.051531 0.883381 0.058367
293.033360 0.881890 0.051704 0.883404 0.058562
294.033474 0.881903 0.051878 0.883428 0.058757
295.033588 0.881916 0.052051 0.883451 0.058952
296.033701 0.881929 0.052224 0.883474 0.059147
297.033815 0.881942 0.052398 0.883497 0.059342
298.033929 0.881955 0.052571 0.883521 0.059537
299.034043 0.881968 0.052744 0.883544 0.059732
300.034157 0.881982 0.052918 0.883568 0.059927
301.034271 0.881995 0.053091 0.883591 0.060121
302.034385 0.882008 0.053264 0.883615 0.060316
303.034498 0.882022 0.053437 0.883639 0.060511
304.034612 0.882035 0.053610 0.883663 0.060706
305.034726 0.882049 0.053783 0.883687 0.060900
306.034840 0.882062 0.053957 0.883711 0.061095
307.034954 0.882076 0.054130 0.883735 0.061289
308.035068 0.882089 0.054303 0.883759 0.061484
309.035182 0.882103 0.054476 0.883783 0.061678
310.035295 0.882116 0.054648 0.883808 0.061872
311.035409 0.882130 0.054821 0.883832 0.062067
312.035523 0.882144 0.054994 0.883856 0.062261
313.035637 0.882158 0.055167 0.883881 0.062455
314.035751 0.882172 0.055340 0.883906 0.062649
315.035865 0.882185 0.055513 0.883930 0.062843
316.035979 0.882199 0.055685 0.883955 0.063038
317.036092 0.882213 0.055858 0.883980 0.063232
318.036206 0.882227 0.056031 0.884005 0.063425
319.036320 0.882242 0.056204 0.884030 0.063619
320.036434 0.882256 0.056376 0.884055 0.063813
321.036548 0.882270 0.056549 0.884080 0.064007
322.036662 0.882284 0.056721 0.884105 0.064201
323.036776 0.882298 0.056894 0.884131 0.064394
324.036889 0.882313 0.057066 0.884156 0.064588
325.037003 0.882327 0.057239 0.884182 0.064782
326.037117 0.882341 0.057411 0.884207 0.064975
327.037231 0.882356 0.057584 0.884233 0.065169
328.037345 0.882370 0.057756 0.884258 0.065362
329.037459 0.882385 0.057928 0.884284 0.065556
330.037573 0.882399 0.058100 0.884310 0.065749
331.037686 0.882414 0.058273 0.884336 0.065942
332.037800 0.882429 0.058445 0.884362 0.066135
333.037914 0.882443 0.058617 0.884388 0.066328
334.038028 0.882458 0.058789 0.884414 0.066522
335.038142 0.882473 0.058961 0.884440 0.066715
336.038256 0.882488 0.059133 0.884467 0.066908
337.038370 0.882503 0.059305 0.884493 0.067101
338.038483 0.882517 0.059477 0.884519 0.067293
339.038597 0.882532 0.059649 0.884546 0.067486
340.038711 0.882547 0.059821 0.884573 0.067679
341.038825 0.882563 0.059993 0.884599 0.067872
342.038939 0.882578 0.060165 0.884626 0.068064
343.039053 0.882593 0.060337 0.884653 0.068257
344.039167 0.882608 0.060509 0.884680 0.068450
345.039280 0.882623 0.060680 0.884707 0.068642
346.039394 0.882638 0.060852 0.884734 0.068835
347.039508 0.882654 0.061024 0.884761 0.069027
348.039622 0.882669 0.061196 0.884788 0.069219
349.039736 0.882685 0.061367 0.884815 0.069412
350.039850 0.882700 0.061539 0.884843 0.069604
351.039964 0.882716 0.061710 0.884870 0.069796
352.040077 0.882731 0.061882 0.884898 0.069988
353.040191 0.882747 0.062053 0.884925 0.070180
354.040305 0.882762 0.062225 0.884953 0.070372
355.040419 0.882778 0.062396 0.884980 0.070564
356.040533 0.882794 0.062567 0.885008 0.070756
357.040647 0.882810 0.062739 0.885036 0.070948
358.040761 0.882825 0.062910 0.885064 0.071140
359.040874 0.882841 0.063081 0.885092 0.071331
360.040988 0.882857 0.063252 0.885120 0.071523
361.041102 0.882873 0.063424 0.885148 0.071715
362.041216 0.882889 0.063595 0.885177 0.071906
363.041330 0.882905 0.063766 0.885205 0.072098
364.041444 0.882921 0.063937 0.885233 0.072289
365.041558 0.882937 0.064108 0.885262 0.072480
366.041671 0.882954 0.064279 0.885290 0.072672
367.041785 0.882970 0.064450 0.885319 0.072863
368.041899 0.882986 0.064621 0.885348 0.073054
369.042013 0.883002 0.064792 0.885376 0.073245
370.042127 0.883019 0.064963 0.885405 0.073436
371.042241 0.883035 0.065133 0.885434 0.073627
372.042355 0.883052 0.065304 0.885463 0.073818
373.042468 0.883068 0.065475 0.885492 0.074009
374.042582 0.883085 0.065645 0.885521 0.074200
375.042696 0.883101 0.065816 0.885551 0.074391
376.042810 0.883118 0.065987 0.885580 0.074582
377.042924 0.883135 0.066157 0.885609 0.074772
378.043038 0.883151 0.066328 0.885639 0.074963
379.043152 0.883168 0.066498 0.885668 0.075153
380.043265 0.883185 0.066669 0.885698 0.075344
381.043379 0.883202 0.066839 0.885727 0.075534
382.043493 0.883219 0.067009 0.885757 0.075725
383.043607 0.883236 0.067180 0.885787 0.075915
384.043721 0.883253 0.067350 0.885817 0.076105
385.043835 0.883270 0.067520 0.885847 0.076295
386.043949 0.883287 0.067691 0.885877 0.076485
387.044062 0.883304 0.067861 0.885907 0.076675
388.044176 0.883321 0.068031 0.885937 0.076865
389.044290 0.883338 0.068201 0.885967 0.077055
390.044404 0.883356 0.068371 0.885998 0.077245
391.044518 0.883373 0.068541 0.886028 0.077435
392.044632 0.883390 0.068711 0.886058 0.077625
393.044746 0.883408 0.068881 0.886089 0.077814
394.044859 0.883425 0.069051 0.886120 0.078004
395.044973 0.883443 0.069221 0.886150 0.078194
396.045087 0.883460 0.069390 0.886181 0.078383
397.045201 0.883478 0.069560 0.886212 0.078572
398.045315 0.883495 0.069730 0.886243 0.078762
399.045429 0.883513 0.069900 0.886274 0.078951
400.045543 0.883531 0.070069 0.886305 0.079140
401.045656 0.883549 0.070239 0.886336 0.079329
402.045770 0.883566 0.070408 0.886367 0.079519
403.045884 0.883584 0.070578 0.886398 0.079708
404.045998 0.883602 0.070747 0.886430 0.079897
405.046112 0.883620 0.070917 0.886461 0.080085
406.046226 0.883638 0.071086 0.886493 0.080274
407.046340 0.883656 0.071256 0.886524 0.080463
408.046453 0.883674 0.071425 0.886556 0.080652
409.046567 0.883692 0.071594 0.886588 0.080840
410.046681 0.883710 0.071763 0.886619 0.081029
411.046795 0.883729 0.071933 0.886651 0.081218
412.046909 0.883747 0.072102 0.886683 0.081406
413.047023 0.883765 0.072271 0.886715 0.081594
414.047137 0.883784 0.072440 0.886747 0.081783
415.047250 0.883802 0.072609 0.886780 0.081971
416.047364 0.883820 0.072778 0.886812 0.082159
417.047478 0.883839 0.072947 0.886844 0.082347
418.047592 0.883857 0.073116 0.886876 0.082535
419.047706 0.883876 0.073284 0.886909 0.082723
420.047820 0.883895 0.073453 0.886941 0.082911
421.047934 0.883913 0.073622 0.886974 0.083099
422.048047 0.883932 0.073791 0.887007 0.083287
423.048161 0.883951 0.073959 0.887039 0.083475
424.048275 0.883970 0.074128 0.887072 0.083662
425.048389 0.883988 0.074297 0.887105 0.083850
426.048503 0.884007 0.074465 0.887138 0.084038
427.048617 0.884026 0.074634 0.887171 0.084225
428.048731 0.884045 0.074802 0.887204 0.084412
429.048844 0.884064 0.074971 0.887237 0.084600
430.048958 0.884083 0.075139 0.887271 0.084787
431.049072 0.884102 0.075307 0.887304 0.084974
432.049186 0.884122 0.075475 0.887337 0.085161
433.049300 0.884141 0.075644 0.887371 0.085348
434.049414 0.884160 0.075812 0.887404 0.085535
435.049527 0.884179 0.075980 0.887438 0.085722
436.049641 0.884199 0.076148 0.887472 0.085909
437.049755 0.884218 0.076316 0.887505 0.086096
438.049869 0.884238 0.076484 0.887539 0.086283
439.049983 0.884257 0.076652 0.887573 0.086469
440.050097 0.884277 0.076820 0.887607 0.086656
441.050211 0.884296 0.076988 0.887641 0.086842
442.050324 0.884316 0.077156 0.887675 0.087029
443.050438 0.884335 0.077324 0.887709 0.087215
444.050552 0.884355 0.077491 0.887744 0.087401
445.050666 0.884375 0.077659 0.887778 0.087588
446.050780 0.884395 0.077827 0.887812 0.087774
447.050894 0.884414 0.077994 0.887847 0.087960
448.051008 0.884434 0.078162 0.887881 0.088146
449.051121 0.884454 0.078329 0.887916 0.088332
450.051235 0.884474 0.078497 0.887951 0.088518
451.051349 0.884494 0.078664 0.887986 0.088704
452.051463 0.884514 0.078832 0.888020 0.088889
453.051577 0.884535 0.078999 0.888055 0.089075
454.051691 0.884555 0.079166 0.888090 0.089261
455.051805 0.884575 0.079333 0.888125 0.089446
456.051918 0.884595 0.079501 0.888160 0.089631
457.052032 0.884615 0.079668 0.888196 0.089817
458.052146 0.884636 0.079835 0.888231 0.090002
459.052260 0.884656 0.080002 0.888266 0.090187
460.052374 0.884677 0.080169 0.888302 0.090373
461.052488 0.884697 0.080336 0.888337 0.090558
462.052602 0.884718 0.080503 0.888373 0.090743
463.052715 0.884738 0.080670 0.888408 0.090928
464.052829 0.884759 0.080836 0.888444 0.091112
465.052943 0.884780 0.081003 0.888480 0.091297
466.053057 0.884800 0.081170 0.888516 0.091482
467.053171 0.884821 0.081337 0.888552 0.091667
468.053285 0.884842 0.081503 0.888587 0.091851
469.053399 0.884863 0.081670 0.888624 0.092036
470.053512 0.884884 0.081836 0.888660 0.092220
471.053626 0.884904 0.082003 0.888696 0.092405
472.053740 0.884925 0.082169 0.888732 0.092589
473.053854 0.884946 0.082336 0.888768 0.092773
474.053968 0.884968 0.082502 0.888805 0.092957
475.054082 0.884989 0.082668 0.888841 0.093141
476.054196 0.885010 0.082834 0.888878 0.093325
477.054309 0.885031 0.083001 0.888915 0.093509
478.054423 0.885052 0.083167 0.888951 0.093693
479.054537 0.885074 0.083333 0.888988 0.093877
480.054651 0.885095 0.083499 0.889025 0.094061
481.054765 0.885116 0.083665 0.889062 0.094244
482.054879 0.885138 0.083831 0.889099 0.094428
483.054993 0.885159 0.083997 0.889136 0.094611
484.055106 0.885181 0.084163 0.889173 0.094795
485.055220 0.885202 0.084328 0.889210 0.094978
486.055334 0.885224 0.084494 0.889247 0.095161
487.055448 0.885246 0.084660 0.889285 0.095344
488.055562 0.885267 0.084825 0.889322 0.095527
489.055676 0.885289 0.084991 0.889360 0.095710
490.055790 0.885311 0.085157 0.889397 0.095893
491.055903 0.885333 0.085322 0.889435 0.096076
492.056017 0.885355 0.085488 0.889472 0.096259
493.056131 0.885377 0.085653 0.889510 0.096442
494.056245 0.885399 0.085818 0.889548 0.096624
495.056359 0.885421 0.085984 0.889586 0.096807
496.056473 0.885443 0.086149 0.889624 0.096989
497.056587 0.885465 0.086314 0.889662 0.097172
498.056700 0.885487 0.086479 0.889700 0.097354
499.056814 0.885509 0.086644 0.889738 0.097536
500.056928 0.885531 0.086809 0.889776 0.097719
501.057042 0.885554 0.086974 0.889815 0.097901
502.057156 0.885576 0.087139 0.889853 0.098083
503.057270 0.885599 0.087304 0.889891 0.098265
504.057384 0.885621 0.087469 0.889930 0.098446
505.057497 0.885643 0.087634 0.889969 0.098628
506.057611 0.885666 0.087799 0.890007 0.098810
507.057725 0.885689 0.087963 0.890046 0.098992
508.057839 0.885711 0.088128 0.890085 0.099173
509.057953 0.885734 0.088292 0.890124 0.099355
510.058067 0.885757 0.088457 0.890163 0.099536
511.058181 0.885779 0.088621 0.890202 0.099717
512.058294 0.885802 0.088786 0.890241 0.099899
513.058408 0.885825 0.088950 0.890280 0.100080
514.058522 0.885848 0.089115 0.890319 0.100261
515.058636 0.885871 0.089279 0.890358 0.100442
516.058750 0.885894 0.089443 0.890398 0.100623
517.058864 0.885917 0.089607 0.890437 0.100804
518.058978 0.885940 0.089771 0.890477 0.100984
519.059091 0.885963 0.089936 0.890516 0.101165
520.059205 0.885986 0.090100 0.890556 0.101346
521.059319 0.886010 0.090263 0.890596 0.101526
522.059433 0.886033 0.090427 0.890635 0.101707
523.059547 0.886056 0.090591 0.890675 0.101887
524.059661 0.886080 0.090755 0.890715 0.102067
525.059775 0.886103 0.090919 0.890755 0.102247
526.059888 0.886126 0.091083 0.890795 0.102428
527.060002 0.886150 0.091246 0.890835 0.102608
528.060116 0.886173 0.091410 0.890875 0.102788
529.060230 0.886197 0.091573 0.890916 0.102967
530.060344 0.886221 0.091737 0.890956 0.103147
531.060458 0.886244 0.091900 0.890996 0.103327
532.060572 0.886268 0.092064 0.891037 0.103507
533.060685 0.886292 0.092227 0.891077 0.103686
534.060799 0.886316 0.092390 0.891118 0.103866
535.060913 0.886340 0.092553 0.891159 0.104045
536.061027 0.886363 0.092717 0.891199 0.104224
537.061141 0.886387 0.092880 0.891240 0.104404
538.061255 0.886411 0.093043 0.891281 0.104583
539.061369 0.886435 0.093206 0.891322 0.104762
540.061482 0.886460 0.093369 0.891363 0.104941
541.061596 0.886484 0.093532 0.891404 0.105120
542.061710 0.886508 0.093694 0.891445 0.105298
543.061824 0.886532 0.093857 0.891487 0.105477
544.061938 0.886556 0.094020 0.891528 0.105656
545.062052 0.886581 0.094183 0.891569 0.105834
546.062166 0.886605 0.094345 0.891611 0.106013
547.062279 0.886629 0.094508 0.891652 0.106191
548.062393 0.886654 0.094670 0.891694 0.106370
549.062507 0.886678 0.094833 0.891735 0.106548
550.062621 0.886703 0.094995 0.891777 0.106726
551.062735 0.886728 0.095157 0.891819 0.106904
552.062849 0.886752 0.095320 0.891861 0.107082
553.062963 0.886777 0.095482 0.891903 0.107260
554.063076 0.886802 0.095644 0.891945 0.107438
555.063190 0.886826 0.095806 0.891987 0.107615
556.063304 0.886851 0.095968 0.892029 0.107793
557.063418 0.886876 0.096130 0.892071 0.107971
558.063532 0.886901 0.096292 0.892113 0.108148
559.063646 0.886926 0.096454 0.892155 0.108325
560.063760 0.886951 0.096616 0.892198 0.108503
561.063873 0.886976 0.096778 0.892240 0.108680
562.063987 0.887001 0.096940 0.892283 0.108857
563.064101 0.887026 0.097101 0.892325 0.109034
564.064215 0.887052 0.097263 0.892368 0.109211
565.064329 0.887077 0.097424 0.892411 0.109388
566.064443 0.887102 0.097586 0.892454 0.109565
567.064557 0.887128 0.097747 0.892496 0.109741
568.064670 0.887153 0.097909 0.892539 0.109918
569.064784 0.887178 0.098070 0.892582 0.110095
570.064898 0.887204 0.098231 0.892625 0.110271
571.065012 0.887229 0.098393 0.892668 0.110447
572.065126 0.887255 0.098554 0.892712 0.110624
573.065240 0.887281 0.098715 0.892755 0.110800
574.065354 0.887306 0.098876 0.892798 0.110976
575.065467 0.887332 0.099037 0.892842 0.111152
576.065581 0.887358 0.099198 0.892885 0.111328
577.065695 0.887383 0.099359 0.892929 0.111504
578.065809 0.887409 0.099520 0.892972 0.111680
579.065923 0.887435 0.099680 0.893016 0.111855
580.066037 0.887461 0.099841 0.893060 0.112031
581.066151 0.887487 0.100002 0.893103 0.112206
582.066264 0.887513 0.100162 0.893147 0.112382
583.066378 0.887539 0.100323 0.893191 0.112557
584.066492 0.887565 0.100483 0.893235 0.112732
585.066606 0.887592 0.100644 0.893279 0.112907
586.066720 0.887618 0.100804 0.893323 0.113082
587.066834 0.887644 0.100964 0.893368 0.113257
588.066948 0.887670 0.101125 0.893412 0.113432
589.067061 0.887697 0.101285 0.893456 0.113607
590.067175 0.887723 0.101445 0.893501 0.113782
591.067289 0.887749 0.101605 0.893545 0.113956
592.067403 0.887776 0.101765 0.893590 0.114131
593.067517 0.887803 0.101925 0.893634 0.114305
594.067631 0.887829 0.102085 0.893679 0.114480
595.067745 0.887856 0.102245 0.893724 0.114654
596.067858 0.887882 0.102404 0.893768 0.114828
597.067972 0.887909 0.102564 0.893813 0.115002
598.068086 0.887936 0.102724 0.893858 0.115176
599.068200 0.887963 0.102883 0.893903 0.115350
600.068314 0.887990 0.103043 0.893948 0.115524
601.068428 0.888017 0.103202 0.893993 0.115698
602.068542 0.888043 0.103362 0.894038 0.115871
603.068655 0.888070 0.103521 0.894084 0.116045
604.068769 0.888098 0.103680 0.894129 0.116218
605.068883 0.888125 0.103839 0.894174 0.116391
606.068997 0.888152 0.103999 0.894220 0.116565
607.069111 0.888179 0.104158 0.894265 0.116738
608.069225 0.888206 0.104317 0.894311 0.116911
609.069338 0.888233 0.104476 0.894357 0.117084
610.069452 0.888261 0.104635 0.894402 0.117257
611.069566 0.888288 0.104794 0.894448 0.117430
612.069680 0.888316 0.104952 0.894494 0.117602
613.069794 0.888343 0.105111 0.894540 0.117775
614.069908 0.888371 0.105270 0.894586 0.117948
615.070022 0.888398 0.105428 0.894632 0.118120
616.070135 0.888426 0.105587 0.894678 0.118292
617.070249 0.888453 0.105745 0.894724 0.118465
618.070363 0.888481 0.105904 0.894770 0.118637
619.070477 0.888509 0.106062 0.894817 0.118809
620.070591 0.888537 0.106221 0.894863 0.118981
621.070705 0.888564 0.106379 0.894910 0.119153
622.070819 0.888592 0.106537 0.894956 0.119325
623.070932 0.888620 0.106695 0.895003 0.119496
624.071046 0.888648 0.106853 0.895049 0.119668
625.071160 0.888676 0.107011 0.895096 0.119839
626.071274 0.888704 0.107169 0.895143 0.120011
627.071388 0.888732 0.107327 0.895190 0.120182
628.071502 0.888761 0.107485 0.895236 0.120353
629.071616 0.888789 0.107643 0.895283 0.120525
630.071729 0.888817 0.107800 0.895330 0.120696
631.071843 0.888845 0.107958 0.895378 0.120867
632.071957 0.888874 0.108116 0.895425 0.121037
633.072071 0.888902 0.108273 0.895472 0.121208
634.072185 0.888931 0.108430 0.895519 0.121379
635.072299 0.888959 0.108588 0.895567 0.121550
636.072413 0.888988 0.108745 0.895614 0.121720
637.072526 0.889016 0.108902 0.895661 0.121890
638.072640 0.889045 0.109060 0.895709 0.122061
639.072754 0.889073 0.109217 0.895757 0.122231
640.072868 0.889102 0.109374 0.895804 0.122401
641.072982 0.889131 0.109531 0.895852 0.122571
642.073096 0.889160 0.109688 0.895900 0.122741
643.073210 0.889189 0.109845 0.895948 0.122911
644.073323 0.889217 0.110001 0.895996 0.123081
645.073437 0.889246 0.110158 0.896044 0.123250
646.073551 0.889275 0.110315 0.896092 0.123420
647.073665 0.889304 0.110471 0.896140 0.123589
648.073779 0.889334 0.110628 0.896188 0.123759
649.073893 0.889363 0.110785 0.896236 0.123928
650.074007 0.889392 0.110941 0.896284 0.124097
651.074120 0.889421 0.111097 0.896333 0.124266
652.074234 0.889450 0.111254 0.896381 0.124435
653.074348 0.889480 0.111410 0.896430 0.124604
654.074462 0.889509 0.111566 0.896478 0.124773
655.074576 0.889539 0.111722 0.896527 0.124941
656.074690 0.889568 0.111878 0.896576 0.125110
657.074804 0.889598 0.112034 0.896624 0.125279
658.074917 0.889627 0.112190 0.896673 0.125447
659.075031 0.889657 0.112346 0.896722 0.125615
660.075145 0.889686 0.112502 0.896771 0.125783
661.075259 0.889716 0.112657 0.896820 0.125952
662.075373 0.889746 0.112813 0.896869 0.126120
663.075487 0.889776 0.112969 0.896918 0.126287
664.075601 0.889805 0.113124 0.896968 0.126455
665.075714 0.889835 0.113280 0.897017 0.126623
666.075828 0.889865 0.113435 0.897066 0.126791
667.075942 0.889895 0.113590 0.897115 0.126958
668.076056 0.889925 0.113746 0.897165 0.127126
669.076170 0.889955 0.113901 0.897214 0.127293
670.076284 0.889985 0.114056 0.897264 0.127460
671.076398 0.890016 0.114211 0.897314 0.127627
672.076511 0.890046 0.114366 0.897363 0.127794
673.076625 0.890076 0.114521 0.897413 0.127961
674.076739 0.890106 0.114676 0.897463 0.128128
675.076853 0.890137 0.114831 0.897513 0.128295
676.076967 0.890167 0.114985 0.897563 0.128462
677.077081 0.890198 0.115140 0.897613 0.128628
678.077195 0.890228 0.115295 0.897663 0.128795
679.077308 0.890259 0.115449 0.897713 0.128961
680.077422 0.890289 0.115604 0.897763 0.129127
681.077536 0.890320 0.115758 0.897814 0.129293
682.077650 0.890350 0.115912 0.897864 0.129459
683.077764 0.890381 0.116067 0.897914 0.129625
684.077878 0.890412 0.116221 0.897965 0.129791
685.077992 0.890443 0.116375 0.898015 0.129957
686.078105 0.890474 0.116529 0.898066 0.130123
687.078219 0.890505 0.116683 0.898116 0.130288
688.078333 0.890535 0.116837 0.898167 0.130454
689.078447 0.890566 0.116991 0.898218 0.130619
690.078561 0.890598 0.117145 0.898269 0.130784
691.078675 0.890629 0.117298 0.898320 0.130949
692.078789 0.890660 0.117452 0.898371 0.131114
693.078902 0.890691 0.117606 0.898422 0.131279
694.079016 0.890722 0.117759 0.898473 0.131444
695.079130 0.890753 0.117913 0.898524 0.131609
696.079244 0.890785 0.118066 0.898575 0.131774
697.079358 0.890816 0.118219 0.898626 0.131938
698.079472 0.890848 0.118373 0.898678 0.132103
699.079586 0.890879 0.118526 0.898729 0.132267
700.079699 0.890911 0.118679 0.898780 0.132431
701.079813 0.890942 0.118832 0.898832 0.132595
702.079927 0.890974 0.118985 0.898884 0.132759
703.080041 0.891005 0.119138 0.898935 0.132923
704.080155 0.891037 0.119291 0.898987 0.133087
705.080269 0.891069 0.119444 0.899039 0.133251
706.080383 0.891101 0.119596 0.899090 0.133415
707.080496 0.891133 0.119749 0.899142 0.133578
708.080610 0.891164 0.119902 0.899194 0.133742
709.080724 0.891196 0.120054 0.899246 0.133905
710.080838 0.891228 0.120206 0.899298 0.134068
711.080952 0.891260 0.120359 0.899350 0.134231
712.081066 0.891292 0.120511 0.899403 0.134394
713.081180 0.891325 0.120663 0.899455 0.134557
714.081293 0.891357 0.120816 0.899507 0.134720
715.081407 0.891389 0.120968 0.899560 0.134883
716.081521 0.891421 0.121120 0.899612 0.135046
717.081635 0.891454 0.121272 0.899665 0.135208
718.081749 0.891486 0.121423 0.899717 0.135370
719.081863 0.891518 0.121575 0.899770 0.135533
720.081977 0.891551 0.121727 0.899822 0.135695
721.082090 0.891583 0.121879 0.899875 0.135857
722.082204 0.891616 0.122030 0.899928 0.136019
723.082318 0.891648 0.122182 0.899981 0.136181
724.082432 0.891681 0.122333 0.900034 0.136343
725.082546 0.891714 0.122485 0.900087 0.136505
726.082660 0.891746 0.122636 0.900140 0.136666
727.082774 0.891779 0.122787 0.900193 0.136828
728.082887 0.891812 0.122938 0.900246 0.136989
729.083001 0.891845 0.123090 0.900299 0.137150
730.083115 0.891878 0.123241 0.900352 0.137311
731.083229 0.891911 0.123392 0.900406 0.137473
732.083343 0.891944 0.123542 0.900459 0.137634
733.083457 0.891977 0.123693 0.900513 0.137794
734.083571 0.892010 0.123844 0.900566 0.137955
735.083684 0.892043 0.123995 0.900620 0.138116
736.083798 0.892076 0.124145 0.900673 0.138276
737.083912 0.892110 0.124296 0.900727 0.138437
738.084026 0.892143 0.124446 0.900781 0.138597
739.084140 0.892176 0.124597 0.900835 0.138757
740.084254 0.892210 0.124747 0.900888 0.138918
741.084368 0.892243 0.124897 0.900942 0.139078
742.084481 0.892277 0.125048 0.900996 0.139237
743.084595 0.892310 0.125198 0.901050 0.139397
744.084709 0.892344 0.125348 0.901105 0.139557
745.084823 0.892377 0.125498 0.901159 0.139717
746.084937 0.892411 0.125648 0.901213 0.139876
747.085051 0.892445 0.125797 0.901267 0.140036
748.085165 0.892479 0.125947 0.901322 0.140195
749.085278 0.892512 0.126097 0.901376 0.140354
750.085392 0.892546 0.126246 0.901430 0.140513
751.085506 0.892580 0.126396 0.901485 0.140672
752.085620 0.892614 0.126545 0.901540 0.140831
753.085734 0.892648 0.126695 0.901594 0.140990
754.085848 0.892682 0.126844 0.901649 0.141148
755.085962 0.892716 0.126993 0.901704 0.141307
756.086075 0.892750 0.127143 0.901759 0.141465
757.086189 0.892785 0.127292 0.901813 0.141624
758.086303 0.892819 0.127441 0.901868 0.141782
759.086417 0.892853 0.127590 0.901923 0.141940
760.086531 0.892887 0.127739 0.901978 0.142098
761.086645 0.892922 0.127887 0.902034 0.142256
762.086759 0.892956 0.128036 0.902089 0.142414
763.086872 0.892991 0.128185 0.902144 0.142571
764.086986 0.893025 0.128333 0.902199 0.142729
765.087100 0.893060 0.128482 0.902255 0.142887
766.087214 0.893094 0.128630 0.902310 0.143044
767.087328 0.893129 0.128779 0.902365 0.143201
768.087442 0.893164 0.128927 0.902421 0.143358
769.087556 0.893199 0.129075 0.902477 0.143515
770.087669 0.893233 0.129223 0.902532 0.143672
771.087783 0.893268 0.129371 0.902588 0.143829
772.087897 0.893303 0.129519 0.902644 0.143986
773.088011 0.893338 0.129667 0.902700 0.144143
774.088125 0.893373 0.129815 0.902755 0.144299
775.088239 0.893408 0.129963 0.902811 0.144455
776.088352 0.893443 0.130111 0.902867 0.144612
777.088466 0.893478 0.130258 0.902923 0.144768
778.088580 0.893513 0.130406 0.902979 0.144924
779.088694 0.893549 0.130553 0.903036 0.145080
780.088808 0.893584 0.130701 0.903092 0.145236
781.088922 0.893619 0.130848 0.903148 0.145392
782.089036 0.893655 0.130995 0.903204 0.145547
783.089149 0.893690 0.131142 0.903261 0.145703
784.089263 0.893726 0.131290 0.903317 0.145858
785.089377 0.893761 0.131437 0.903374 0.146014
786.089491 0.893797 0.131584 0.903430 0.146169
787.089605 0.893832 0.131730 0.903487 0.146324
788.089719 0.893868 0.131877 0.903544 0.146479
789.089833 0.893904 0.132024 0.903600 0.146634
790.089946 0.893939 0.132171 0.903657 0.146788
791.090060 0.893975 0.132317 0.903714 0.146943
792.090174 0.894011 0.132464 0.903771 0.147098
793.090288 0.894047 0.132610 0.903828 0.147252
794.090402 0.894083 0.132757 0.903885 0.147406
795.090516 0.894119 0.132903 0.903942 0.147561
796.090630 0.894155 0.133049 0.903999 0.147715
797.090743 0.894191 0.133195 0.904056 0.147869
798.090857 0.894227 0.133341 0.904114 0.148023
799.090971 0.894263 0.133487 0.904171 0.148176
800.091085 0.894299 0.133633 0.904228 0.148330
801.091199 0.894336 0.133779 0.904286 0.148484
802.091313 0.894372 0.133925 0.904343 0.148637
803.091427 0.894408 0.134070 0.904401 0.148790
804.091540 0.894445 0.134216 0.904458 0.148944
805.091654 0.894481 0.134361 0.904516 0.149097
806.091768 0.894518 0.134507 0.904574 0.149250
807.091882 0.894554 0.134652 0.904632 0.149403
808.091996 0.894591 0.134797 0.904689 0.149556
809.092110 0.894627 0.134943 0.904747 0.149708
810.092224 0.894664 0.135088 0.904805 0.149861
811.092337 0.894701 0.135233 0.904863 0.150013
812.092451 0.894738 0.135378 0.904921 0.150166
813.092565 0.894774 0.135523 0.904979 0.150318
814.092679 0.894811 0.135668 0.905037 0.150470
815.092793 0.894848 0.135812 0.905096 0.150622
816.092907 0.894885 0.135957 0.905154 0.150774
817.093021 0.894922 0.136102 0.905212 0.150926
818.093134 0.894959 0.136246 0.905271 0.151077
819.093248 0.894996 0.136391 0.905329 0.151229
820.093362 0.895033 0.136535 0.905388 0.151380
821.093476 0.895071 0.136679 0.905446 0.151532
822.093590 0.895108 0.136823 0.905505 0.151683
823.093704 0.895145 0.136967 0.905563 0.151834
824.093818 0.895183 0.137112 0.905622 0.151985
825.093931 0.895220 0.137256 0.905681 0.152136
826.094045 0.895257 0.137399 0.905740 0.152286
827.094159 0.895295 0.137543 0.905799 0.152437
828.094273 0.895332 0.137687 0.905858 0.152588
829.094387 0.895370 0.137831 0.905917 0.152738
830.094501 0.895408 0.137974 0.905976 0.152888
831.094615 0.895445 0.138118 0.906035 0.153039
832.094728 0.895483 0.138261 0.906094 0.153189
833.094842 0.895521 0.138404 0.906153 0.153339
834.094956 0.895559 0.138548 0.906212 0.153489
835.095070 0.895597 0.138691 0.906272 0.153638
836.095184 0.895634 0.138834 0.906331 0.153788
837.095298 0.895672 0.138977 0.906390 0.153937
838.095412 0.895710 0.139120 0.906450 0.154087
839.095525 0.895748 0.139263 0.906509 0.154236
840.095639 0.895787 0.139406 0.906569 0.154385
841.095753 0.895825 0.139548 0.906629 0.154534
842.095867 0.895863 0.139691 0.906688 0.154683
843.095981 0.895901 0.139834 0.906748 0.154832
844.096095 0.895939 0.139976 0.906808 0.154981
845.096209 0.895978 0.140118 0.906868 0.155130
846.096322 0.896016 0.140261 0.906928 0.155278
847.096436 0.896055 0.140403 0.906988 0.155426
848.096550 0.896093 0.140545 0.907048 0.155575
849.096664 0.896132 0.140687 0.907108 0.155723
850.096778 0.896170 0.140829 0.907168 0.155871
851.096892 0.896209 0.140971 0.907228 0.156019
852.097006 0.896247 0.141113 0.907288 0.156167
853.097119 0.896286 0.141255 0.907349 0.156314
854.097233 0.896325 0.141396 0.907409 0.156462
855.097347 0.896364 0.141538 0.907470 0.156609
856.097461 0.896403 0.141679 0.907530 0.156757
857.097575 0.896441 0.141821 0.907590 0.156904
858.097689 0.896480 0.141962 0.907651 0.157051
859.097803 0.896519 0.142104 0.907712 0.157198
860.097916 0.896558 0.142245 0.907772 0.157345
861.098030 0.896598 0.142386 0.907833 0.157492
862.098144 0.896637 0.142527 0.907894 0.157638
863.098258 0.896676 0.142668 0.907955 0.157785
864.098372 0.896715 0.142809 0.908016 0.157931
865.098486 0.896754 0.142949 0.908077 0.158078
866.098600 0.896794 0.143090 0.908138 0.158224
867.098713 0.896833 0.143231 0.908199 0.158370
868.098827 0.896873 0.143371 0.908260 0.158516
869.098941 0.896912 0.143512 0.908321 0.158662
870.099055 0.896952 0.143652 0.908382 0.158807
871.099169 0.896991 0.143793 0.908443 0.158953
872.099283 0.897031 0.143933 0.908505 0.159099
873.099397 0.897070 0.144073 0.908566 0.159244
874.099510 0.897110 0.144213 0.908627 0.159389
875.099624 0.897150 0.144353 0.908689 0.159534
876.099738 0.897190 0.144493 0.908750 0.159679
877.099852 0.897229 0.144633 0.908812 0.159824
878.099966 0.897269 0.144772 0.908874 0.159969
879.100080 0.897309 0.144912 0.908935 0.160114
880.100194 0.897349 0.145052 0.908997 0.160258
881.100307 0.897389 0.145191 0.909059 0.160403
882.100421 0.897429 0.145330 0.909121 0.160547
883.100535 0.897470 0.145470 0.909183 0.160691
884.100649 0.897510 0.145609 0.909245 0.160835
885.100763 0.897550 0.145748 0.909307 0.160979
886.100877 0.897590 0.145887 0.909369 0.161123
887.100991 0.897631 0.146026 0.909431 0.161267
888.101104 0.897671 0.146165 0.909493 0.161411
889.101218 0.897711 0.146304 0.909555 0.161554
890.101332 0.897752 0.146443 0.909617 0.161697
891.101446 0.897792 0.146581 0.909680 0.161841
892.101560 0.897833 0.146720 0.909742 0.161984
893.101674 0.897873 0.146858 0.909804 0.162127
894.101788 0.897914 0.146997 0.909867 0.162270
895.101901 0.897955 0.147135 0.909929 0.162413
896.102015 0.897996 0.147273 0.909992 0.162555
897.102129 0.898036 0.147412 0.910055 0.162698
898.102243 0.898077 0.147550 0.910117 0.162840
899.102357 0.898118 0.147688 0.910180 0.162983
900.102471 0.898159 0.147826 0.910243 0.163125
901.102585 0.898200 0.147963 0.910306 0.163267
902.102698 0.898241 0.148101 0.910369 0.163409
903.102812 0.898282 0.148239 0.910432 0.163551
904.102926 0.898323 0.148376 0.910494 0.163692
905.103040 0.898364 0.148514 0.910558 0.163834
906.103154 0.898406 0.148651 0.910621 0.163975
907.103268 0.898447 0.148789 0.910684 0.164117
908.103382 0.898488 0.148926 0.910747 0.164258
909.103495 0.898530 0.149063 0.910810 0.164399
910.103609 0.898571 0.149200 0.910873 0.164540
911.103723 0.898612 0.149337 0.910937 0.164681
912.103837 0.898654 0.149474 0.911000 0.164822
913.103951 0.898696 0.149611 0.911064 0.164963
914.104065 0.898737 0.149747 0.911127 0.165103
915.104179 0.898779 0.149884 0.911191 0.165244
916.104292 0.898820 0.150021 0.911254 0.165384
917.104406 0.898862 0.150157 0.911318 0.165524
918.104520 0.898904 0.150294 0.911382 0.165664
919.104634 0.898946 0.150430 0.911445 0.165804
920.104748 0.898988 0.150566 0.911509 0.165944
921.104862 0.899030 0.150702 0.911573 0.166084
922.104976 0.899072 0.150838 0.911637 0.166223
923.105089 0.899114 0.150974 0.911701 0.166363
924.105203 0.899156 0.151110 0.911765 0.166502
925.105317 0.899198 0.151246 0.911829 0.166641
926.105431 0.899240 0.151382 0.911893 0.166780
927.105545 0.899282 0.151517 0.911957 0.166919
928.105659 0.899324 0.151653 0.912021 0.167058
929.105773 0.899367 0.151788 0.912086 0.167197
930.105886 0.899409 0.151924 0.912150 0.167335
931.106000 0.899451 0.152059 0.912214 0.167474
932.106114 0.899494 0.152194 0.912279 0.167612
933.106228 0.899536 0.152329 0.912343 0.167751
934.106342 0.899579 0.152464 0.912408 0.167889
935.106456 0.899622 0.152599 0.912472 0.168027
936.106570 0.899664 0.152734 0.912537 0.168165
937.106683 0.899707 0.152869 0.912601 0.168302
938.106797 0.899750 0.153004 0.912666 0.168440
939.106911 0.899792 0.153138 0.912731 0.168578
940.107025 0.899835 0.153273 0.912796 0.168715
941.107139 0.899878 0.153407 0.912861 0.168852
942.107253 0.899921 0.153541 0.912925 0.168989
943.107367 0.899964 0.153676 0.912990 0.169126
944.107480 0.900007 0.153810 0.913055 0.169263
945.107594 0.900050 0.153944 0.913120 0.169400
946.107708 0.900093 0.154078 0.913185 0.169537
947.107822 0.900136 0.154212 0.913251 0.169673
948.107936 0.900180 0.154346 0.913316 0.169810
949.108050 0.900223 0.154479 0.913381 0.169946
950.108163 0.900266 0.154613 0.913446 0.170082
951.108277 0.900309 0.154747 0.913512 0.170218
952.108391 0.900353 0.154880 0.913577 0.170354
953.108505 0.900396 0.155013 0.913642 0.170490
954.108619 0.900440 0.155147 0.913708 0.170626
955.108733 0.900483 0.155280 0.913774 0.170761
956.108847 0.900527 0.155413 0.913839 0.170897
957.108960 0.900570 0.155546 0.913905 0.171032
958.109074 0.900614 0.155679 0.913970 0.171167
959.109188 0.900658 0.155812 0.914036 0.171302
960.109302 0.900702 0.155945 0.914102 0.171437
961.109416 0.900745 0.156077 0.914168 0.171572
962.109530 0.900789 0.156210 0.914234 0.171707
963.109644 0.900833 0.156343 0.914299 0.171842
964.109757 0.900877 0.156475 0.914365 0.171976
965.109871 0.900921 0.156607 0.914431 0.172110
966.109985 0.900965 0.156740 0.914498 0.172245
967.110099 0.901009 0.156872 0.914564 0.172379
968.110213 0.901054 0.157004 0.914630 0.172513
969.110327 0.901098 0.157136 0.914696 0.172647
970.110441 0.901142 0.157268 0.914762 0.172780
971.110554 0.901186 0.157400 0.914829 0.172914
972.110668 0.901231 0.157531 0.914895 0.173047
973.110782 0.901275 0.157663 0.914961 0.173181
974.110896 0.901319 0.157794 0.915028 0.173314
975.111010 0.901364 0.157926 0.915094 0.173447
976.111124 0.901408 0.158057 0.915161 0.173580
977.111238 0.901453 0.158189 0.915227 0.173713
978.111351 0.901498 0.158320 0.915294 0.173846
979.111465 0.901542 0.158451 0.915361 0.173978
980.111579 0.901587 0.158582 0.915427 0.174111
981.111693 0.901632 0.158713 0.915494 0.174243
982.111807 0.901677 0.158844 0.915561 0.174376
983.111921 0.901721 0.158974 0.915628 0.174508
984.112035 0.901766 0.159105 0.915695 0.174640
985.112148 0.901811 0.159236 0.915762 0.174772
986.112262 0.901856 0.159366 0.915829 0.174903
987.112376 0.901901 0.159496 0.915896 0.175035
988.112490 0.901946 0.159627 0.915963 0.175166
989.112604 0.901992 0.159757 0.916030 0.175298
990.112718 0.902037 0.159887 0.916097 0.175429
991.112832 0.902082 0.160017 0.916164 0.175560
992.112945 0.902127 0.160147 0.916232 0.175691
993.113059 0.902173 0.160277 0.916299 0.175822
994.113173 0.902218 0.160407 0.916366 0.175953
995.113287 0.902263 0.160536 0.916434 0.176084
996.113401 0.902309 0.160666 0.916501 0.176214
997.113515 0.902354 0.160795 0.916569 0.176344
998.113629 0.902400 0.160925 0.916636 0.176475
999.113742 0.902445 0.161054 0.916704 0.176605
1000.113856 0.902491 0.161183 0.916772 0.176735
1001.113970 0.902537 0.161312 0.916839 0.176865
1002.114084 0.902583 0.161441 0.916907 0.176994
1003.114198 0.902628 0.161570 0.916975 0.177124
1004.114312 0.902674 0.161699 0.917043 0.177254
1005.114426 0.902720 0.161828 0.917111 0.177383
1006.114539 0.902766 0.161957 0.917179 0.177512
1007.114653 0.902812 0.162085 0.917247 0.177641
1008.114767 0.902858 0.162214 0.917315 0.177770
1009.114881 0.902904 0.162342 0.917383 0.177899
1010.114995 0.902950 0.162471 0.917451 0.178028
1011.115109 0.902996 0.162599 0.917519 0.178157
1012.115223 0.903043 0.162727 0.917587 0.178285
1013.115336 0.903089 0.162855 0.917655 0.178414
1014.115450 0.903135 0.162983 0.917724 0.178542
1015.115564 0.903182 0.163111 0.917792 0.178670
1016.115678 0.903228 0.163239 0.917860 0.178798
1017.115792 0.903275 0.163366 0.917929 0.178926
1018.115906 0.903321 0.163494 0.917997 0.179054
1019.116020 0.903368 0.163621 0.918066 0.179181
1020.116133 0.903414 0.163749 0.918134 0.179309
1021.116247 0.903461 0.163876 0.918203 0.179436
1022.116361 0.903508 0.164003 0.918272 0.179563
1023.116475 0.903554 0.164130 0.918340 0.179690
1024.116589 0.903601 0.164257 0.918409 0.179817
1025.116703 0.903648 0.164384 0.918478 0.179944
1026.116817 0.903695 0.164511 0.918547 0.180071
1027.116930 0.903742 0.164638 0.918616 0.180198
1028.117044 0.903789 0.164765 0.918685 0.180324
1029.117158 0.903836 0.164891 0.918754 0.180451
1030.117272 0.903883 0.165018 0.918823 0.180577
1031.117386 0.903930 0.165144 0.918892 0.180703
1032.117500 0.903977 0.165270 0.918961 0.180829
1033.117614 0.904024 0.165397 0.919030 0.180955
1034.117727 0.904071 0.165523 0.919099 0.181080
1035.117841 0.904119 0.165649 0.919168 0.181206
1036.117955 0.904166 0.165775 0.919238 0.181331
1037.118069 0.904214 0.165901 0.919307 0.181457
1038.118183 0.904261 0.166026 0.919376 0.181582
1039.118297 0.904308 0.166152 0.919446 0.181707
1040.118411 0.904356 0.166278 0.919515 0.181832
1041.118524 0.904404 0.166403 0.919585 0.181957
1042.118638 0.904451 0.166528 0.919654 0.182082
1043.118752 0.904499 0.166654 0.919724 0.182206
1044.118866 0.904547 0.166779 0.919793 0.182331
1045.118980 0.904594 0.166904 0.919863 0.182455
1046.119094 0.904642 0.167029 0.919933 0.182579
1047.119208 0.904690 0.167154 0.920002 0.182703
1048.119321 0.904738 0.167279 0.920072 0.182827
1049.119435 0.904786 0.167403 0.920142 0.182951
1050.119549 0.904834 0.167528 0.920212 0.183075
1051.119663 0.904882 0.167653 0.920282 0.183198
1052.119777 0.904930 0.167777 0.920352 0.183322
1053.119891 0.904978 0.167901 0.920422 0.183445
1054.120005 0.905026 0.168026 0.920492 0.183568
1055.120118 0.905075 0.168150 0.920562 0.183691
1056.120232 0.905123 0.168274 0.920632 0.183814
1057.120346 0.905171 0.168398 0.920702 0.183937
1058.120460 0.905220 0.168522 0.920773 0.184060
1059.120574 0.905268 0.168646 0.920843 0.184182
1060.120688 0.905317 0.168769 0.920913 0.184305
1061.120802 0.905365 0.168893 0.920984 0.184427
1062.120915 0.905414 0.169016 0.921054 0.184549
1063.121029 0.905462 0.169140 0.921124 0.184671
1064.121143 0.905511 0.169263 0.921195 0.184793
1065.121257 0.905560 0.169386 0.921266 0.184915
1066.121371 0.905608 0.169510 0.921336 0.185036
1067.121485 0.905657 0.169633 0.921407 0.185158
1068.121599 0.905706 0.169756 0.921477 0.185279
1069.121712 0.905755 0.169878 0.921548 0.185401
1070.121826 0.905804 0.170001 0.921619 0.185522
1071.121940 0.905853 0.170124 0.921690 0.185643
1072.122054 0.905902 0.170246 0.921760 0.185764
1073.122168 0.905951 0.170369 0.921831 0.185884
1074.122282 0.906000 0.170491 0.921902 0.186005
1075.122396 0.906049 0.170614 0.921973 0.186125
1076.122509 0.906099 0.170736 0.922044 0.186246
1077.122623 0.906148 0.170858 0.922115 0.186366
1078.122737 0.906197 0.170980 0.922186 0.186486
1079.122851 0.906247 0.171102 0.922257 0.186606
1080.122965 0.906296 0.171224 0.922329 0.186726
1081.123079 0.906345 0.171345 0.922400 0.186846
1082.123193 0.906395 0.171467 0.922471 0.186965
1083.123306 0.906445 0.171588 0.922542 0.187085
1084.123420 0.906494 0.171710 0.922614 0.187204
1085.123534 0.906544 0.171831 0.922685 0.187323
1086.123648 0.906593 0.171952 0.922756 0.187442
1087.123762 0.906643 0.172074 0.922828 0.187561
1088.123876 0.906693 0.172195 0.922899 0.187680
1089.123990 0.906743 0.172316 0.922971 0.187799
1090.124103 0.906793 0.172436 0.923042 0.187917
1091.124217 0.906843 0.172557 0.923114 0.188036
1092.124331 0.906893 0.172678 0.923186 0.188154
1093.124445 0.906943 0.172798 0.923257 0.188272
1094.124559 0.906993 0.172919 0.923329 0.188390
1095.124673 0.907043 0.173039 0.923401 0.188508
1096.124787 0.907093 0.173160 0.923473 0.188626
1097.124900 0.907143 0.173280 0.923545 0.188743
1098.125014 0.907193 0.173400 0.923616 0.188861
1099.125128 0.907244 0.173520 0.923688 0.188978
1100.125242 0.907294 0.173640 0.923760 0.189095
1101.125356 0.907344 0.173760 0.923832 0.189213
1102.125470 0.907395 0.173879 0.923904 0.189330
1103.125584 0.907445 0.173999 0.923977 0.189446
1104.125697 0.907496 0.174118 0.924049 0.189563
1105.125811 0.907546 0.174238 0.924121 0.189680
1106.125925 0.907597 0.174357 0.924193 0.189796
1107.126039 0.907648 0.174476 0.924265 0.189913
1108.126153 0.907699 0.174595 0.924338 0.190029
1109.126267 0.907749 0.174714 0.924410 0.190145
1110.126381 0.907800 0.174833 0.924482 0.190261
1111.126494 0.907851 0.174952 0.924555 0.190377
1112.126608 0.907902 0.175071 0.924627 0.190492
1113.126722 0.907953 0.175190 0.924700 0.190608
1114.126836 0.908004 0.175308 0.924772 0.190723
1115.126950 0.908055 0.175427 0.924845 0.190838
1116.127064 0.908106 0.175545 0.924918 0.190954
1117.127178 0.908157 0.175663 0.924990 0.191069
1118.127291 0.908208 0.175781 0.925063 0.191184
1119.127405 0.908259 0.175899 0.925136 0.191298
1120.127519 0.908311 0.176017 0.925208 0.191413
1121.127633 0.908362 0.176135 0.925281 0.191527
1122.127747 0.908413 0.176253 0.925354 0.191642
1123.127861 0.908465 0.176371 0.925427 0.191756
1124.127974 0.908516 0.176488 0.925500 0.191870
1125.128088 0.908568 0.176606 0.925573 0.191984
1126.128202 0.908619 0.176723 0.925646 0.192098
1127.128316 0.908671 0.176840 0.925719 0.192212
1128.128430 0.908723 0.176958 0.925792 0.192325
1129.128544 0.908774 0.177075 0.925865 0.192439
1130.128658 0.908826 0.177192 0.925938 0.192552
1131.128771 0.908878 0.177309 0.926012 0.192665
1132.128885 0.908930 0.177425 0.926085 0.192778
1133.128999 0.908982 0.177542 0.926158 0.192891
1134.129113 0.909034 0.177659 0.926231 0.193004
1135.129227 0.909086 0.177775 0.926305 0.193117
1136.129341 0.909138 0.177892 0.926378 0.193229
1137.129455 0.909190 0.178008 0.926452 0.193342
1138.129568 0.909242 0.178124 0.926525 0.193454
1139.129682 0.909294 0.178240 0.926599 0.193566
1140.129796 0.909346 0.178356 0.926672 0.193678
1141.129910 0.909398 0.178472 0.926746 0.193790
1142.130024 0.909451 0.178588 0.926819 0.193902
1143.130138 0.909503 0.178704 0.926893 0.194013
1144.130252 0.909555 0.178819 0.926967 0.194125
1145.130365 0.909608 0.178935 0.927040 0.194236
1146.130479 0.909660 0.179050 0.927114 0.194347
1147.130593 0.909713 0.179165 0.927188 0.194459
1148.130707 0.909765 0.179281 0.927262 0.194570
1149.130821 0.909818 0.179396 0.927336 0.194680
1150.130935 0.909871 0.179511 0.927410 0.194791
1151.131049 0.909923 0.179626 0.927484 0.194902
1152.131162 0.909976 0.179741 0.927558 0.195012
1153.131276 0.910029 0.179855 0.927632 0.195122
1154.131390 0.910082 0.179970 0.927706 0.195232
1155.131504 0.910135 0.180084 0.927780 0.195343
1156.131618 0.910188 0.180199 0.927854 0.195452
1157.131732 0.910241 0.180313 0.927928 0.195562
1158.131846 0.910294 0.180427 0.928003 0.195672
1159.131959 0.910347 0.180542 0.928077 0.195781
1160.132073 0.910400 0.180656 0.928151 0.195891
1161.132187 0.910453 0.180770 0.928225 0.196000
1162.132301 0.910506 0.180883 0.928300 0.196109
1163.132415 0.910560 0.180997 0.928374 0.196218
1164.132529 0.910613 0.181111 0.928449 0.196327
1165.132643 0.910666 0.181224 0.928523 0.196436
1166.132756 0.910720 0.181338 0.928598 0.196544
1167.132870 0.910773 0.181451 0.928672 0.196653
1168.132984 0.910827 0.181564 0.928747 0.196761
1169.133098 0.910880 0.181677 0.928822 0.196869
1170.133212 0.910934 0.181790 0.928896 0.196977
1171.133326 0.910987 0.181903 0.928971 0.197085
1172.133440 0.911041 0.182016 0.929046 0.197193
1173.133553 0.911095 0.182129 0.929120 0.197300
1174.133667 0.911149 0.182242 0.929195 0.197408
1175.133781 0.911202 0.182354 0.929270 0.197515
1176.133895 0.911256 0.182466 0.929345 0.197623
1177.134009 0.911310 0.182579 0.929420 0.197730
1178.134123 0.911364 0.182691 0.929495 0.197837
1179.134237 0.911418 0.182803 0.929570 0.197944
1180.134350 0.911472 0.182915 0.929645 0.198050
1181.134464 0.911526 0.183027 0.929720 0.198157
1182.134578 0.911580 0.183139 0.929795 0.198263
1183.134692 0.911635 0.183251 0.929870 0.198370
1184.134806 0.911689 0.183362 0.929945 0.198476
1185.134920 0.911743 0.183474 0.930021 0.198582
1186.135034 0.911798 0.183585 0.930096 0.198688
1187.135147 0.911852 0.183697 0.930171 0.198794
1188.135261 0.911906 0.183808 0.930246 0.198899
1189.135375 0.911961 0.183919 0.930322 0.199005
1190.135489 0.912015 0.184030 0.930397 0.199110
1191.135603 0.912070 0.184141 0.930473 0.199215
1192.135717 0.912124 0.184252 0.930548 0.199321
1193.135831 0.912179 0.184362 0.930624 0.199426
1194.135944 0.912234 0.184473 0.930699 0.199530
1195.136058 0.912289 0.184584 0.930775 0.199635
1196.136172 0.912343 0.184694 0.930850 0.199740
1197.136286 0.912398 0.184804 0.930926 0.199844
1198.136400 0.912453 0.184914 0.931002 0.199948
1199.136514 0.912508 0.185025 0.931077 0.200053
1200.136628 0.912563 0.185135 0.931153 0.200157
1201.136741 0.912618 0.185244 0.931229 0.200261
1202.136855 0.912673 0.185354 0.931305 0.200364
1203.136969 0.912728 0.185464 0.931380 0.200468
1204.137083 0.912783 0.185574 0.931456 0.200572
1205.137197 0.912838 0.185683 0.931532 0.200675
1206.137311 0.912894 0.185792 0.931608 0.200778
1207.137425 0.912949 0.185902 0.931684 0.200881
1208.137538 0.913004 0.186011 0.931760 0.200984
1209.137652 0.913060 0.186120 0.931836 0.201087
1210.137766 0.913115 0.186229 0.931912 0.201190
1211.137880 0.913171 0.186338 0.931988 0.201292
1212.137994 0.913226 0.186447 0.932065 0.201395
1213.138108 0.913282 0.186555 0.932141 0.201497
1214.138222 0.913337 0.186664 0.932217 0.201599
1215.138335 0.913393 0.186772 0.932293 0.201701
1216.138449 0.913449 0.186881 0.932370 0.201803
1217.138563 0.913504 0.186989 0.932446 0.201905
1218.138677 0.913560 0.187097 0.932522 0.202007
1219.138791 0.913616 0.187205 0.932599 0.202108
1220.138905 0.913672 0.187313 0.932675 0.202210
1221.139019 0.913728 0.187421 0.932751 0.202311
1222.139132 0.913784 0.187529 0.932828 0.202412
1223.139246 0.913840 0.187637 0.932904 0.202513
1224.139360 0.913896 0.187744 0.932981 0.202614
1225.139474 0.913952 0.187852 0.933058 0.202715
1226.139588 0.914008 0.187959 0.933134 0.202815
1227.139702 0.914064 0.188066 0.933211 0.202916
1228.139816 0.914121 0.188173 0.933288 0.203016
1229.139929 0.914177 0.188280 0.933364 0.203116
1230.140043 0.914233 0.188387 0.933441 0.203216
1231.140157 0.914290 0.188494 0.933518 0.203316
1232.140271 0.914346 0.188601 0.933595 0.203416
1233.140385 0.914403 0.188708 0.933672 0.203515
1234.140499 0.914459 0.188814 0.933748 0.203615
1235.140613 0.914516 0.188920 0.933825 0.203714
1236.140726 0.914572 0.189027 0.933902 0.203813
1237.140840 0.914629 0.189133 0.933979 0.203913
1238.140954 0.914686 0.189239 0.934056 0.204011
1239.141068 0.914742 0.189345 0.934133 0.204110
1240.141182 0.914799 0.189451 0.934210 0.204209
1241.141296 0.914856 0.189557 0.934288 0.204308
1242.141410 0.914913 0.189663 0.934365 0.204406
1243.141523 0.914970 0.189768 0.934442 0.204504
1244.141637 0.915027 0.189874 0.934519 0.204602
1245.141751 0.915084 0.189979 0.934596 0.204700
1246.141865 0.915141 0.190084 0.934674 0.204798
1247.141979 0.915198 0.190189 0.934751 0.204896
1248.142093 0.915255 0.190295 0.934828 0.204994
1249.142207 0.915312 0.190400 0.934906 0.205091
1250.142320 0.915370 0.190504 0.934983 0.205188
1251.142434 0.915427 0.190609 0.935061 0.205286
1252.142548 0.915484 0.190714 0.935138 0.205383
1253.142662 0.915542 0.190818 0.935216 0.205480
1254.142776 0.915599 0.190923 0.935293 0.205576
1255.142890 0.915656 0.191027 0.935371 0.205673
1256.143004 0.915714 0.191131 0.935448 0.205770
1257.143117 0.915772 0.191236 0.935526 0.205866
1258.143231 0.915829 0.191340 0.935603 0.205962
1259.143345 0.915887 0.191443 0.935681 0.206058
1260.143459 0.915945 0.191547 0.935759 0.206154
1261.143573 0.916002 0.191651 0.935837 0.206250
1262.143687 0.916060 0.191755 0.935914 0.206346
1263.143801 0.916118 0.191858 0.935992 0.206442
1264.143914 0.916176 0.191962 0.936070 0.206537
1265.144028 0.916234 0.192065 0.936148 0.206632
1266.144142 0.916292 0.192168 0.936226 0.206728
1267.144256 0.916350 0.192271 0.936304 0.206823
1268.144370 0.916408 0.192374 0.936382 0.206918
1269.144484 0.916466 0.192477 0.936460 0.207012
1270.144598 0.916524 0.192580 0.936538 0.207107
1271.144711 0.916582 0.192682 0.936616 0.207201
1272.144825 0.916640 0.192785 0.936694 0.207296
1273.144939 0.916699 0.192888 0.936772 0.207390
1274.145053 0.916757 0.192990 0.936850 0.207484
1275.145167 0.916815 0.193092 0.936928 0.207578
1276.145281 0.916874 0.193194 0.937007 0.207672
1277.145395 0.916932 0.193296 0.937085 0.207766
1278.145508 0.916991 0.193398 0.937163 0.207859
1279.145622 0.917049 0.193500 0.937242 0.207953
1280.145736 0.917108 0.193602 0.937320 0.208046
1281.145850 0.917167 0.193703 0.937398 0.208139
1282.145964 0.917225 0.193805 0.937477 0.208232
1283.146078 0.917284 0.193906 0.937555 0.208325
1284.146192 0.917343 0.194008 0.937634 0.208418
1285.146305 0.917402 0.194109 0.937712 0.208510
1286.146419 0.917460 0.194210 0.937791 0.208603
1287.146533 0.917519 0.194311 0.937869 0.208695
1288.146647 0.917578 0.194412 0.937948 0.208787
1289.146761 0.917637 0.194513 0.938026 0.208879
1290.146875 0.917696 0.194613 0.938105 0.208971
1291.146989 0.917755 0.194714 0.938184 0.209063
1292.147102 0.917815 0.194814 0.938262 0.209155
1293.147216 0.917874 0.194915 0.938341 0.209246
1294.147330 0.917933 0.195015 0.938420 0.209338
1295.147444 0.917992 0.195115 0.938499 0.209429
1296.147558 0.918051 0.195215 0.938577 0.209520
1297.147672 0.918111 0.195315 0.938656 0.209611
1298.147785 0.918170 0.195415 0.938735 0.209702
1299.147899 0.918230 0.195515 0.938814 0.209793
1300.148013 0.918289 0.195614 0.938893 0.209883
1301.148127 0.918349 0.195714 0.938972 0.209974
1302.148241 0.918408 0.195813 0.939051 0.210064
1303.148355 0.918468 0.195912 0.939130 0.210154
1304.148469 0.918528 0.196012 0.939209 0.210244
1305.148582 0.918587 0.196111 0.939288 0.210334
1306.148696 0.918647 0.196210 0.939367 0.210424
1307.148810 0.918707 0.196308 0.939446 0.210513
1308.148924 0.918767 0.196407 0.939525 0.210603
1309.149038 0.918827 0.196506 0.939605 0.210692
1310.149152 0.918886 0.196604 0.939684 0.210781
1311.149266 0.918946 0.196703 0.939763 0.210870
1312.149379 0.919006 0.196801 0.939842 0.210959
1313.149493 0.919067 0.196899 0.939922 0.211048
1314.149607 0.919127 0.196998 0.940001 0.211137
1315.149721 0.919187 0.197096 0.940080 0.211225
1316.149835 0.919247 0.197193 0.940160 0.211314
1317.149949 0.919307 0.197291 0.940239 0.211402
1318.150063 0.919368 0.197389 0.940319 0.211490
1319.150176 0.919428 0.197487 0.940398 0.211578
1320.150290 0.919488 0.197584 0.940478 0.211666
1321.150404 0.919549 0.197681 0.940557 0.211754
1322.150518 0.919609 0.197779 0.940637 0.211841
1323.150632 0.919670 0.197876 0.940716 0.211929
1324.150746 0.919730 0.197973 0.940796 0.212016
1325.150860 0.919791 0.198070 0.940876 0.212103
1326.150973 0.919851 0.198167 0.940955 0.212190
1327.151087 0.919912 0.198263 0.941035 0.212277
1328.151201 0.919973 0.198360 0.941115 0.212364
1329.151315 0.920034 0.198457 0.941194 0.212451
1330.151429 0.920094 0.198553 0.941274 0.212537
1331.151543 0.920155 0.198649 0.941354 0.212623
1332.151657 0.920216 0.198745 0.941434 0.212710
1333.151770 0.920277 0.198841 0.941514 0.212796
1334.151884 0.920338 0.198937 0.941594 0.212882
1335.151998 0.920399 0.199033 0.941673 0.212968
1336.152112 0.920460 0.199129 0.941753 0.213053
1337.152226 0.920521 0.199225 0.941833 0.213139
1338.152340 0.920583 0.199320 0.941913 0.213224
1339.152454 0.920644 0.199416 0.941993 0.213309
1340.152567 0.920705 0.199511 0.942073 0.213395
1341.152681 0.920766 0.199606 0.942154 0.213480
1342.152795 0.920828 0.199701 0.942234 0.213564
1343.152909 0.920889 0.199796 0.942314 0.213649
1344.153023 0.920950 0.199891 0.942394 0.213734
1345.153137 0.921012 0.199986 0.942474 0.213818
1346.153251 0.921073 0.200081 0.942554 0.213902
1347.153364 0.921135 0.200175 0.942635 0.213987
1348.153478 0.921197 0.200270 0.942715 0.214071
1349.153592 0.921258 0.200364 0.942795 0.214155
1350.153706 0.921320 0.200458 0.942875 0.214238
1351.153820 0.921382 0.200552 0.942956 0.214322
1352.153934 0.921443 0.200647 0.943036 0.214405
1353.154048 0.921505 0.200740 0.943117 0.214489
1354.154161 0.921567 0.200834 0.943197 0.214572
1355.154275 0.921629 0.200928 0.943277 0.214655
1356.154389 0.921691 0.201022 0.943358 0.214738
1357.154503 0.921753 0.201115 0.943438 0.214821
1358.154617 0.921815 0.201208 0.943519 0.214904
1359.154731 0.921877 0.201302 0.943599 0.214986
1360.154845 0.921939 0.201395 0.943680 0.215068
1361.154958 0.922001 0.201488 0.943761 0.215151
1362.155072 0.922064 0.201581 0.943841 0.215233
1363.155186 0.922126 0.201674 0.943922 0.215315
1364.155300 0.922188 0.201766 0.944003 0.215397
1365.155414 0.922251 0.201859 0.944083 0.215478
1366.155528 0.922313 0.201951 0.944164 0.215560
1367.155642 0.922375 0.202044 0.944245 0.215641
1368.155755 0.922438 0.202136 0.944326 0.215723
1369.155869 0.922500 0.202228 0.944406 0.215804
1370.155983 0.922563 0.202320 0.944487 0.215885
1371.156097 0.922626 0.202412 0.944568 0.215966
1372.156211 0.922688 0.202504 0.944649 0.216047
1373.156325 0.922751 0.202596 0.944730 0.216127
1374.156439 0.922814 0.202688 0.944811 0.216208
1375.156552 0.922876 0.202779 0.944892 0.216288
1376.156666 0.922939 0.202871 0.944973 0.216368
1377.156780 0.923002 0.202962 0.945054 0.216448
1378.156894 0.923065 0.203053 0.945135 0.216528
1379.157008 0.923128 0.203144 0.945216 0.216608
1380.157122 0.923191 0.203235 0.945297 0.216688
1381.157236 0.923254 0.203326 0.945378 0.216767
1382.157349 0.923317 0.203417 0.945459 0.216847
1383.157463 0.923380 0.203507 0.945540 0.216926
1384.157577 0.923443 0.203598 0.945621 0.217005
1385.157691 0.923507 0.203688 0.945703 0.217084
1386.157805 0.923570 0.203779 0.945784 0.217163
1387.157919 0.923633 0.203869 0.945865 0.217242
1388.158033 0.923697 0.203959 0.945946 0.217320
1389.158146 0.923760 0.204049 0.946028 0.217399
1390.158260 0.923823 0.204139 0.946109 0.217477
1391.158374 0.923887 0.204229 0.946190 0.217555
1392.158488 0.923950 0.204318 0.946272 0.217633
1393.158602 0.924014 0.204408 0.946353 0.217711
1394.158716 0.924077 0.204497 0.946435 0.217789
1395.158830 0.924141 0.204587 0.946516 0.217866
1396.158943 0.924205 0.204676 0.946597 0.217944
1397.159057 0.924269 0.204765 0.946679 0.218021
1398.159171 0.924332 0.204854 0.946760 0.218098
1399.159285 0.924396 0.204943 0.946842 0.218176
1400.159399 0.924460 0.205032 0.946924 0.218252
1401.159513 0.924524 0.205120 0.947005 0.218329
1402.159627 0.924588 0.205209 0.947087 0.218406
1403.159740 0.924652 0.205297 0.947168 0.218482
1404.159854 0.924716 0.205386 0.947250 0.218559
1405.159968 0.924780 0.205474 0.947332 0.218635
1406.160082 0.924844 0.205562 0.947413 0.218711
1407.160196 0.924908 0.205650 0.947495 0.218787
1408.160310 0.924972 0.205738 0.947577 0.218863
1409.160424 0.925037 0.205826 0.947659 0.218939
1410.160537 0.925101 0.205913 0.947740 0.219014
1411.160651 0.925165 0.206001 0.947822 0.219090
1412.160765 0.925230 0.206088 0.947904 0.219165
1413.160879 0.925294 0.206176 0.947986 0.219240
1414.160993 0.925358 0.206263 0.948068 0.219315
1415.161107 0.925423 0.206350 0.948150 0.219390
1416.161221 0.925487 0.206437 0.948232 0.219465
1417.161334 0.925552 0.206524 0.948314 0.219539
1418.161448 0.925617 0.206611 0.948396 0.219614
1419.161562 0.925681 0.206697 0.948478 0.219688
1420.161676 0.925746 0.206784 0.948560 0.219762
1421.161790 0.925811 0.206870 0.948642 0.219837
1422.161904 0.925876 0.206957 0.948724 0.219910
1423.162018 0.925940 0.207043 0.948806 0.219984
1424.162131 0.926005 0.207129 0.948888 0.220058
1425.162245 0.926070 0.207215 0.948970 0.220131
1426.162359 0.926135 0.207301 0.949052 0.220205
1427.162473 0.926200 0.207387 0.949134 0.220278
1428.162587 0.926265 0.207472 0.949217 0.220351
1429.162701 0.926330 0.207558 0.949299 0.220424
1430.162815 0.926395 0.207643 0.949381 0.220497
1431.162928 0.926461 0.207729 0.949463 0.220570
1432.163042 0.926526 0.207814 0.949546 0.220642
1433.163156 0.926591 0.207899 0.949628 0.220715
1434.163270 0.926656 0.207984 0.949710 0.220787
1435.163384 0.926722 0.208069 0.949793 0.220859
1436.163498 0.926787 0.208154 0.949875 0.220931
1437.163612 0.926853 0.208238 0.949957 0.221003
1438.163725 0.926918 0.208323 0.950040 0.221075
1439.163839 0.926983 0.208407 0.950122 0.221146
1440.163953 0.927049 0.208492 0.950205 0.221218
1441.164067 0.927115 0.208576 0.950287 0.221289
1442.164181 0.927180 0.208660 0.950370 0.221360
1443.164295 0.927246 0.208744 0.950452 0.221431
1444.164409 0.927312 0.208828 0.950535 0.221502
1445.164522 0.927377 0.208912 0.950617 0.221573
1446.164636 0.927443 0.208995 0.950700 0.221644
1447.164750 0.927509 0.209079 0.950782 0.221714
1448.164864 0.927575 0.209162 0.950865 0.221784
1449.164978 0.927641 0.209246 0.950948 0.221855
1450.165092 0.927707 0.209329 0.951030 0.221925
1451.165206 0.927773 0.209412 0.951113 0.221995
1452.165319 0.927839 0.209495 0.951196 0.222065
1453.165433 0.927905 0.209578 0.951278 0.222134
1454.165547 0.927971 0.209661 0.951361 0.222204
1455.165661 0.928037 0.209743 0.951444 0.222273
1456.165775 0.928104 0.209826 0.951527 0.222342
1457.165889 0.928170 0.209908 0.951610 0.222412
1458.166003 0.928236 0.209991 0.951692 0.222481
1459.166116 0.928302 0.210073 0.951775 0.222549
1460.166230 0.928369 0.210155 0.951858 0.222618
1461.166344 0.928435 0.210237 0.951941 0.222687
1462.166458 0.928502 0.210319 0.952024 0.222755
1463.166572 0.928568 0.210401 0.952107 0.222824
1464.166686 0.928635 0.210482 0.952190 0.222892
1465.166799 0.928701 0.210564 0.952273 0.222960
1466.166913 0.928768 0.210645 0.952356 0.223028
1467.167027 0.928835 0.210726 0.952439 0.223095
1468.167141 0.928901 0.210808 0.952522 0.223163
1469.167255 0.928968 0.210889 0.952605 0.223231
1470.167369 0.929035 0.210970 0.952688 0.223298
1471.167483 0.929102 0.211051 0.952771 0.223365
1472.167596 0.929169 0.211131 0.952854 0.223432
1473.167710 0.929236 0.211212 0.952937 0.223499
1474.167824 0.929303 0.211292 0.953020 0.223566
1475.167938 0.929370 0.211373 0.953104 0.223633
1476.168052 0.929437 0.211453 0.953187 0.223699
1477.168166 0.929504 0.211533 0.953270 0.223766
1478.168280 0.929571 0.211613 0.953353 0.223832
1479.168393 0.929638 0.211693 0.953436 0.223898
1480.168507 0.929705 0.211773 0.953520 0.223964
1481.168621 0.929773 0.211853 0.953603 0.224030
1482.168735 0.929840 0.211933 0.953686 0.224095
1483.168849 0.929907 0.212012 0.953770 0.224161
1484.168963 0.929975 0.212091 0.953853 0.224227
1485.169077 0.930042 0.212171 0.953936 0.224292
1486.169190 0.930109 0.212250 0.954020 0.224357
1487.169304 0.930177 0.212329 0.954103 0.224422
1488.169418 0.930244 0.212408 0.954186 0.224487
1489.169532 0.930312 0.212487 0.954270 0.224552
1490.169646 0.930380 0.212565 0.954353 0.224616
1491.169760 0.930447 0.212644 0.954437 0.224681
1492.169874 0.930515 0.212722 0.954520 0.224745
1493.169987 0.930583 0.212801 0.954604 0.224809
1494.170101 0.930651 0.212879 0.954687 0.224873
1495.170215 0.930718 0.212957 0.954771 0.224937
1496.170329 0.930786 0.213035 0.954854 0.225001
1497.170443 0.930854 0.213113 0.954938 0.225065
1498.170557 0.930922 0.213191 0.955022 0.225128
1499.170671 0.930990 0.213269 0.955105 0.225192
1500.170784 0.931058 0.213346 0.955189 0.225255
1501.170898 0.931126 0.213424 0.955273 0.225318
1502.171012 0.931194 0.213501 0.955356 0.225381
1503.171126 0.931262 0.213578 0.955440 0.225444
1504.171240 0.931331 0.213655 0.955524 0.225507
1505.171354 0.931399 0.213732 0.955607 0.225569
1506.171468 0.931467 0.213809 0.955691 0.225632
1507.171581 0.931535 0.213886 0.955775 0.225694
1508.171695 0.931604 0.213963 0.955859 0.225756
1509.171809 0.931672 0.214039 0.955942 0.225818
1510.171923 0.931741 0.214116 0.956026 0.225880
1511.172037 0.931809 0.214192 0.956110 0.225942
1512.172151 0.931878 0.214268 0.956194 0.226003
1513.172265 0.931946 0.214344 0.956278 0.226065
1514.172378 0.932015 0.214420 0.956362 0.226126
1515.172492 0.932083 0.214496 0.956445 0.226187
1516.172606 0.932152 0.214572 0.956529 0.226248
1517.172720 0.932221 0.214647 0.956613 0.226309
1518.172834 0.932290 0.214723 0.956697 0.226370
1519.172948 0.932358 0.214798 0.956781 0.226431
1520.173062 0.932427 0.214874 0.956865 0.226491
1521.173175 0.932496 0.214949 0.956949 0.226552
1522.173289 0.932565 0.215024 0.957033 0.226612
1523.173403 0.932634 0.215099 0.957117 0.226672
1524.173517 0.932703 0.215174 0.957201 0.226732
1525.173631 0.932772 0.215248 0.957285 0.226792
1526.173745 0.932841 0.215323 0.957369 0.226852
1527.173859 0.932910 0.215397 0.957454 0.226911
1528.173972 0.932979 0.215472 0.957538 0.226971
1529.174086 0.933048 0.215546 0.957622 0.227030
1530.174200 0.933118 0.215620 0.957706 0.227089
1531.174314 0.933187 0.215694 0.957790 0.227148
1532.174428 0.933256 0.215768 0.957874 0.227207
1533.174542 0.933326 0.215842 0.957959 0.227266
1534.174656 0.933395 0.215916 0.958043 0.227324
1535.174769 0.933465 0.215989 0.958127 0.227383
1536.174883 0.933534 0.216063 0.958211 0.227441
1537.174997 0.933604 0.216136 0.958295 0.227499
1538.175111 0.933673 0.216209 0.958380 0.227557
1539.175225 0.933743 0.216282 0.958464 0.227615
1540.175339 0.933812 0.216355 0.958548 0.227673
1541.175453 0.933882 0.216428 0.958633 0.227731
1542.175566 0.933952 0.216501 0.958717 0.227788
1543.175680 0.934021 0.216574 0.958801 0.227846
1544.175794 0.934091 0.216646 0.958886 0.227903
1545.175908 0.934161 0.216719 0.958970 0.227960
1546.176022 0.934231 0.216791 0.959055 0.228017
1547.176136 0.934301 0.216863 0.959139 0.228074
1548.176250 0.934371 0.216935 0.959223 0.228131
1549.176363 0.934441 0.217007 0.959308 0.228187
1550.176477 0.934511 0.217079 0.959392 0.228244
1551.176591 0.934581 0.217151 0.959477 0.228300
1552.176705 0.934651 0.217222 0.959561 0.228356
1553.176819 0.934721 0.217294 0.959646 0.228412
1554.176933 0.934791 0.217365 0.959730 0.228468
1555.177047 0.934862 0.217436 0.959815 0.228524
1556.177160 0.934932 0.217508 0.959899 0.228579
1557.177274 0.935002 0.217579 0.959984 0.228635
1558.177388 0.935072 0.217650 0.960069 0.228690
1559.177502 0.935143 0.217720 0.960153 0.228745
1560.177616 0.935213 0.217791 0.960238 0.228801
1561.177730 0.935284 0.217862 0.960322 0.228855
1562.177844 0.935354 0.217932 0.960407 0.228910
1563.177957 0.935425 0.218002 0.960492 0.228965
1564.178071 0.935495 0.218073 0.960576 0.229019
1565.178185 0.935566 0.218143 0.960661 0.229074
1566.178299 0.935637 0.218213 0.960746 0.229128
1567.178413 0.935707 0.218283 0.960831 0.229182
1568.178527 0.935778 0.218352 0.960915 0.229236
1569.178641 0.935849 0.218422 0.961000 0.229290
1570.178754 0.935920 0.218492 0.961085 0.229344
1571.178868 0.935990 0.218561 0.961170 0.229397
1572.178982 0.936061 0.218630 0.961254 0.229451
1573.179096 0.936132 0.218699 0.961339 0.229504
1574.179210 0.936203 0.218769 0.961424 0.229557
1575.179324 0.936274 0.218838 0.961509 0.229610
1576.179438 0.936345 0.218906 0.961594 0.229663
1577.179551 0.936416 0.218975 0.961679 0.229716
1578.179665 0.936487 0.219044 0.961763 0.229769
1579.179779 0.936559 0.219112 0.961848 0.229821
1580.179893 0.936630 0.219181 0.961933 0.229873
1581.180007 0.936701 0.219249 0.962018 0.229926
1582.180121 0.936772 0.219317 0.962103 0.229978
1583.180235 0.936844 0.219385 0.962188 0.230030
1584.180348 0.936915 0.219453 0.962273 0.230081
1585.180462 0.936986 0.219521 0.962358 0.230133
1586.180576 0.937058 0.219588 0.962443 0.230185
1587.180690 0.937129 0.219656 0.962528 0.230236
1588.180804 0.937201 0.219723 0.962613 0.230287
1589.180918 0.937272 0.219791 0.962698 0.230338
1590.181032 0.937344 0.219858 0.962783 0.230389
1591.181145 0.937416 0.219925 0.962868 0.230440
1592.181259 0.937487 0.219992 0.962953 0.230491
1593.181373 0.937559 0.220059 0.963038 0.230542
1594.181487 0.937631 0.220126 0.963123 0.230592
1595.181601 0.937702 0.220192 0.963208 0.230642
1596.181715 0.937774 0.220259 0.963294 0.230693
1597.181829 0.937846 0.220325 0.963379 0.230743
1598.181942 0.937918 0.220391 0.963464 0.230793
1599.182056 0.937990 0.220458 0.963549 0.230842
1600.182170 0.938062 0.220524 0.963634 0.230892
1601.182284 0.938134 0.220590 0.963719 0.230941
1602.182398 0.938206 0.220655 0.963804 0.230991
1603.182512 0.938278 0.220721 0.963890 0.231040
1604.182626 0.938350 0.220787 0.963975 0.231089
1605.182739 0.938422 0.220852 0.964060 0.231138
1606.182853 0.938494 0.220918 0.964145 0.231187
1607.182967 0.938567 0.220983 0.964231 0.231236
1608.183081 0.938639 0.221048 0.964316 0.231284
1609.183195 0.938711 0.221113 0.964401 0.231333
1610.183309 0.938784 0.221178 0.964486 0.231381
1611.183423 0.938856 0.221243 0.964572 0.231429
1612.183536 0.938928 0.221307 0.964657 0.231477
1613.183650 0.939001 0.221372 0.964742 0.231525
1614.183764 0.939073 0.221436 0.964828 0.231573
1615.183878 0.939146 0.221500 0.964913 0.231620
1616.183992 0.939218 0.221565 0.964998 0.231668
1617.184106 0.939291 0.221629 0.965084 0.231715
1618.184220 0.939364 0.221693 0.965169 0.231762
1619.184333 0.939436 0.221756 0.965255 0.231809
1620.184447 0.939509 0.221820 0.965340 0.231856
1621.184561 0.939582 0.221884 0.965425 0.231903
1622.184675 0.939655 0.221947 0.965511 0.231950
1623.184789 0.939727 0.222011 0.965596 0.231996
1624.184903 0.939800 0.222074 0.965682 0.232043
1625.185017 0.939873 0.222137 0.965767 0.232089
1626.185130 0.939946 0.222200 0.965853 0.232135
1627.185244 0.940019 0.222263 0.965938 0.232181
1628.185358 0.940092 0.222326 0.966024 0.232227
1629.185472 0.940165 0.222388 0.966109 0.232273
1630.185586 0.940238 0.222451 0.966195 0.232318
1631.185700 0.940311 0.222513 0.966280 0.232364
1632.185814 0.940385 0.222576 0.966366 0.232409
1633.185927 0.940458 0.222638 0.966451 0.232454
1634.186041 0.940531 0.222700 0.966537 0.232499
1635.186155 0.940604 0.222762 0.966623 0.232544
1636.186269 0.940678 0.222824 0.966708 0.232589
1637.186383 0.940751 0.222885 0.966794 0.232633
1638.186497 0.940824 0.222947 0.966879 0.232678
1639.186610 0.940898 0.223009 0.966965 0.232722
1640.186724 0.940971 0.223070 0.967051 0.232767
1641.186838 0.941045 0.223131 0.967136 0.232811
1642.186952 0.941118 0.223192 0.967222 0.232855
1643.187066 0.941192 0.223253 0.967308 0.232898
1644.187180 0.941265 0.223314 0.967393 0.232942
1645.187294 0.941339 0.223375 0.967479 0.232986
1646.187407 0.941413 0.223436 0.967565 0.233029
1647.187521 0.941486 0.223496 0.967650 0.233072
1648.187635 0.941560 0.223557 0.967736 0.233116
1649.187749 0.941634 0.223617 0.967822 0.233159
1650.187863 0.941708 0.223677 0.967908 0.233201
1651.187977 0.941782 0.223737 0.967993 0.233244
1652.188091 0.941856 0.223797 0.968079 0.233287
1653.188204 0.941929 0.223857 0.968165 0.233329
1654.188318 0.942003 0.223917 0.968251 0.233372
1655.188432 0.942077 0.223976 0.968336 0.233414
1656.188546 0.942151 0.224036 0.968422 0.233456
1657.188660 0.942226 0.224095 0.968508 0.233498
1658.188774 0.942300 0.224154 0.968594 0.233540
1659.188888 0.942374 0.224214 0.968680 0.233581
1660.189001 0.942448 0.224273 0.968765 0.233623
1661.189115 0.942522 0.224331 0.968851 0.233664
1662.189229 0.942597 0.224390 0.968937 0.233706
1663.189343 0.942671 0.224449 0.969023 0.233747
1664.189457 0.942745 0.224507 0.969109 0.233788
1665.189571 0.942819 0.224566 0.969195 0.233829
1666.189685 0.942894 0.224624 0.969281 0.233869
1667.189798 0.942968 0.224682 0.969367 0.233910
1668.189912 0.943043 0.224740 0.969452 0.233950
1669.190026 0.943117 0.224798 0.969538 0.233991
1670.190140 0.943192 0.224856 0.969624 0.234031
1671.190254 0.943266 0.224914 0.969710 0.234071
1672.190368 0.943341 0.224972 0.969796 0.234111
1673.190482 0.943416 0.225029 0.969882 0.234151
1674.190595 0.943490 0.225086 0.969968 0.234190
1675.190709 0.943565 0.225144 0.970054 0.234230
1676.190823 0.943640 0.225201 0.970140 0.234269
1677.190937 0.943715 0.225258 0.970226 0.234308
1678.191051 0.943790 0.225315 0.970312 0.234348
1679.191165 0.943864 0.225371 0.970398 0.234387
1680.191279 0.943939 0.225428 0.970484 0.234425
1681.191392 0.944014 0.225485 0.970570 0.234464
1682.191506 0.944089 0.225541 0.970656 0.234503
1683.191620 0.944164 0.225597 0.970742 0.234541
1684.191734 0.944239 0.225654 0.970828 0.234580
1685.191848 0.944314 0.225710 0.970914 0.234618
1686.191962 0.944390 0.225766 0.971000 0.234656
1687.192076 0.944465 0.225821 0.971086 0.234694
1688.192189 0.944540 0.225877 0.971172 0.234731
1689.192303 0.944615 0.225933 0.971259 0.234769
1690.192417 0.944690 0.225988 0.971345 0.234807
1691.192531 0.944766 0.226043 0.971431 0.234844
1692.192645 0.944841 0.226099 0.971517 0.234881
1693.192759 0.944916 0.226154 0.971603 0.234918
1694.192873 0.944992 0.226209 0.971689 0.234955
1695.192986 0.945067 0.226264 0.971775 0.234992
1696.193100 0.945143 0.226318 0.971861 0.235029
1697.193214 0.945218 0.226373 0.971948 0.235066
1698.193328 0.945294 0.226428 0.972034 0.235102
1699.193442 0.945369 0.226482 0.972120 0.235138
1700.193556 0.945445 0.226536 0.972206 0.235174
1701.193670 0.945521 0.226590 0.972292 0.235210
1702.193783 0.945596 0.226645 0.972378 0.235246
1703.193897 0.945672 0.226698 0.972465 0.235282
1704.194011 0.945748 0.226752 0.972551 0.235318
1705.194125 0.945823 0.226806 0.972637 0.235353
1706.194239 0.945899 0.226860 0.972723 0.235389
1707.194353 0.945975 0.226913 0.972810 0.235424
1708.194467 0.946051 0.226966 0.972896 0.235459
1709.194580 0.946127 0.227020 0.972982 0.235494
1710.194694 0.946203 0.227073 0.973068 0.235529
1711.194808 0.946279 0.227126 0.973155 0.235564
1712.194922 0.946355 0.227178 0.973241 0.235598
1713.195036 0.946431 0.227231 0.973327 0.235633
1714.195150 0.946507 0.227284 0.973413 0.235667
1715.195264 0.946583 0.227336 0.973500 0.235701
1716.195377 0.946659 0.227389 0.973586 0.235735
1717.195491 0.946736 0.227441 0.973672 0.235769
1718.195605 0.946812 0.227493 0.973759 0.235803
1719.195719 0.946888 0.227545 0.973845 0.235837
1720.195833 0.946964 0.227597 0.973931 0.235870
1721.195947 0.947041 0.227649 0.974017 0.235903
1722.196061 0.947117 0.227700 0.974104 0.235937
1723.196174 0.947193 0.227752 0.974190 0.235970
1724.196288 0.947270 0.227803 0.974276 0.236003
1725.196402 0.947346 0.227855 0.974363 0.236036
1726.196516 0.947423 0.227906 0.974449 0.236068
1727.196630 0.947499 0.227957 0.974536 0.236101
1728.196744 0.947576 0.228008 0.974622 0.236133
1729.196858 0.947653 0.228059 0.974708 0.236166
1730.196971 0.947729 0.228110 0.974795 0.236198
1731.197085 0.947806 0.228160 0.974881 0.236230
1732.197199 0.947883 0.228211 0.974967 0.236262
1733.197313 0.947959 0.228261 0.975054 0.236294
1734.197427 0.948036 0.228311 0.975140 0.236325
1735.197541 0.948113 0.228361 0.975227 0.236357
1736.197655 0.948190 0.228411 0.975313 0.236388
1737.197768 0.948267 0.228461 0.975400 0.236419
1738.197882 0.948344 0.228511 0.975486 0.236451
1739.197996 0.948421 0.228561 0.975572 0.236482
1740.198110 0.948498 0.228610 0.975659 0.236512
1741.198224 0.948575 0.228659 0.975745 0.236543
1742.198338 0.948652 0.228709 0.975832 0.236574
1743.198452 0.948729 0.228758 0.975918 0.236604
1744.198565 0.948806 0.228807 0.976005 0.236635
1745.198679 0.948883 0.228856 0.976091 0.236665
1746.198793 0.948960 0.228905 0.976178 0.236695
1747.198907 0.949037 0.228953 0.976264 0.236725
1748.199021 0.949115 0.229002 0.976351 0.236755
1749.199135 0.949192 0.229050 0.976437 0.236784
1750.199249 0.949269 0.229099 0.976523 0.236814
1751.199362 0.949346 0.229147 0.976610 0.236843
1752.199476 0.949424 0.229195 0.976696 0.236872
1753.199590 0.949501 0.229243 0.976783 0.236902
1754.199704 0.949579 0.229291 0.976870 0.236931
1755.199818 0.949656 0.229339 0.976956 0.236959
1756.199932 0.949734 0.229386 0.977043 0.236988
1757.200046 0.949811 0.229434 0.977129 0.237017
1758.200159 0.949889 0.229481 0.977216 0.237045
1759.200273 0.949966 0.229528 0.977302 0.237074
1760.200387 0.950044 0.229575 0.977389 0.237102
1761.200501 0.950122 0.229622 0.977475 0.237130
1762.200615 0.950199 0.229669 0.977562 0.237158
1763.200729 0.950277 0.229716 0.977648 0.237186
1764.200843 0.950355 0.229763 0.977735 0.237213
1765.200956 0.950433 0.229809 0.977821 0.237241
1766.201070 0.950511 0.229856 0.977908 0.237268
1767.201184 0.950589 0.229902 0.977995 0.237296
1768.201298 0.950666 0.229948 0.978081 0.237323
1769.201412 0.950744 0.229994 0.978168 0.237350
1770.201526 0.950822 0.230040 0.978254 0.237377
1771.201640 0.950900 0.230086 0.978341 0.237403
1772.201753 0.950978 0.230132 0.978428 0.237430
1773.201867 0.951056 0.230177 0.978514 0.237457
1774.201981 0.951135 0.230223 0.978601 0.237483
1775.202095 0.951213 0.230268 0.978687 0.237509
1776.202209 0.951291 0.230313 0.978774 0.237535
1777.202323 0.951369 0.230358 0.978861 0.237561
1778.202437 0.951447 0.230403 0.978947 0.237587
1779.202550 0.951526 0.230448 0.979034 0.237613
1780.202664 0.951604 0.230493 0.979120 0.237638
1781.202778 0.951682 0.230537 0.979207 0.237664
1782.202892 0.951760 0.230582 0.979294 0.237689
1783.203006 0.951839 0.230626 0.979380 0.237714
1784.203120 0.951917 0.230671 0.979467 0.237739
1785.203234 0.951996 0.230715 0.979554 0.237764
1786.203347 0.952074 0.230759 0.979640 0.237789
1787.203461 0.952153 0.230803 0.979727 0.237814
1788.203575 0.952231 0.230846 0.979813 0.237838
1789.203689 0.952310 0.230890 0.979900 0.237863
1790.203803 0.952388 0.230934 0.979987 0.237887
1791.203917 0.952467 0.230977 0.980073 0.237911
1792.204031 0.952546 0.231020 0.980160 0.237935
1793.204144 0.952625 0.231063 0.980247 0.237959
1794.204258 0.952703 0.231106 0.980333 0.237983
1795.204372 0.952782 0.231149 0.980420 0.238006
1796.204486 0.952861 0.231192 0.980507 0.238030
1797.204600 0.952940 0.231235 0.980593 0.238053
1798.204714 0.953019 0.231277 0.980680 0.238076
1799.204828 0.953097 0.231320 0.980767 0.238099
1800.204941 0.953176 0.231362 0.980854 0.238122
1801.205055 0.953255 0.231404 0.980940 0.238145
1802.205169 0.953334 0.231446 0.981027 0.238168
1803.205283 0.953413 0.231488 0.981114 0.238190
1804.205397 0.953492 0.231530 0.981200 0.238213
1805.205511 0.953571 0.231572 0.981287 0.238235
1806.205625 0.953651 0.231614 0.981374 0.238257
1807.205738 0.953730 0.231655 0.981460 0.238279
1808.205852 0.953809 0.231696 0.981547 0.238301
1809.205966 0.953888 0.231738 0.981634 0.238323
1810.206080 0.953967 0.231779 0.981720 0.238345
1811.206194 0.954047 0.231820 0.981807 0.238366
1812.206308 0.954126 0.231861 0.981894 0.238388
1813.206421 0.954205 0.231901 0.981981 0.238409
1814.206535 0.954285 0.231942 0.982067 0.238430
1815.206649 0.954364 0.231983 0.982154 0.238451
1816.206763 0.954443 0.232023 0.982241 0.238472
1817.206877 0.954523 0.232063 0.982328 0.238493
1818.206991 0.954602 0.232104 0.982414 0.238513
1819.207105 0.954682 0.232144 0.982501 0.238534
1820.207218 0.954761 0.232183 0.982588 0.238554
1821.207332 0.954841 0.232223 0.982674 0.238574
1822.207446 0.954921 0.232263 0.982761 0.238594
1823.207560 0.955000 0.232302 0.982848 0.238614
1824.207674 0.955080 0.232342 0.982935 0.238634
1825.207788 0.955160 0.232381 0.983021 0.238654
1826.207902 0.955239 0.232420 0.983108 0.238673
1827.208015 0.955319 0.232460 0.983195 0.238693
1828.208129 0.955399 0.232498 0.983282 0.238712
1829.208243 0.955479 0.232537 0.983368 0.238731
1830.208357 0.955559 0.232576 0.983455 0.238750
1831.208471 0.955638 0.232615 0.983542 0.238769
1832.208585 0.955718 0.232653 0.983629 0.238788
1833.208699 0.955798 0.232691 0.983715 0.238807
1834.208812 0.955878 0.232730 0.983802 0.238825
1835.208926 0.955958 0.232768 0.983889 0.238844
1836.209040 0.956038 0.232806 0.983976 0.238862
1837.209154 0.956118 0.232844 0.984062 0.238880
1838.209268 0.956198 0.232881 0.984149 0.238898
1839.209382 0.956279 0.232919 0.984236 0.238916
1840.209496 0.956359 0.232957 0.984323 0.238934
1841.209609 0.956439 0.232994 0.984409 0.238951
1842.209723 0.956519 0.233031 0.984496 0.238969
1843.209837 0.956599 0.233068 0.984583 0.238986
1844.209951 0.956680 0.233105 0.984670 0.239004
1845.210065 0.956760 0.233142 0.984756 0.239021
1846.210179 0.956840 0.233179 0.984843 0.239038
1847.210293 0.956921 0.233216 0.984930 0.239054
1848.210406 0.957001 0.233252 0.985017 0.239071
1849.210520 0.957081 0.233289 0.985103 0.239088
1850.210634 0.957162 0.233325 0.985190 0.239104
1851.210748 0.957242 0.233361 0.985277 0.239121
1852.210862 0.957323 0.233397 0.985364 0.239137
1853.210976 0.957403 0.233433 0.985450 0.239153
1854.211090 0.957484 0.233469 0.985537 0.239169
1855.211203 0.957565 0.233505 0.985624 0.239185
1856.211317 0.957645 0.233540 0.985711 0.239200
1857.211431 0.957726 0.233576 0.985797 0.239216
1858.211545 0.957807 0.233611 0.985884 0.239231
1859.211659 0.957887 0.233646 0.985971 0.239247
1860.211773 0.957968 0.233681 0.986058 0.239262
1861.211887 0.958049 0.233716 0.986144 0.239277
1862.212000 0.958130 0.233751 0.986231 0.239292
1863.212114 0.958210 0.233786 0.986318 0.239306
1864.212228 0.958291 0.233820 0.986405 0.239321
1865.212342 0.958372 0.233855 0.986491 0.239336
1866.212456 0.958453 0.233889 0.986578 0.239350
1867.212570 0.958534 0.233923 0.986665 0.239364
1868.212684 0.958615 0.233958 0.986752 0.239378
1869.212797 0.958696 0.233992 0.986838 0.239392
1870.212911 0.958777 0.234025 0.986925 0.239406
1871.213025 0.958858 0.234059 0.987012 0.239420
1872.213139 0.958939 0.234093 0.987099 0.239434
1873.213253 0.959020 0.234126 0.987185 0.239447
1874.213367 0.959101 0.234160 0.987272 0.239461
1875.213481 0.959183 0.234193 0.987359 0.239474
1876.213594 0.959264 0.234226 0.987446 0.239487
1877.213708 0.959345 0.234259 0.987532 0.239500
1878.213822 0.959426 0.234292 0.987619 0.239513
1879.213936 0.959508 0.234325 0.987706 0.239525
1880.214050 0.959589 0.234358 0.987793 0.239538
1881.214164 0.959670 0.234390 0.987879 0.239550
1882.214278 0.959752 0.234423 0.987966 0.239563
1883.214391 0.959833 0.234455 0.988053 0.239575
1884.214505 0.959914 0.234487 0.988140 0.239587
1885.214619 0.959996 0.234519 0.988226 0.239599
1886.214733 0.960077 0.234551 0.988313 0.239611
1887.214847 0.960159 0.234583 0.988400 0.239623
1888.214961 0.960240 0.234615 0.988487 0.239634
1889.215075 0.960322 0.234646 0.988573 0.239646
1890.215188 0.960404 0.234678 0.988660 0.239657
1891.215302 0.960485 0.234709 0.988747 0.239668
1892.215416 0.960567 0.234740 0.988834 0.239679
1893.215530 0.960649 0.234771 0.988920 0.239690
1894.215644 0.960730 0.234802 0.989007 0.239701
1895.215758 0.960812 0.234833 0.989094 0.239712
1896.215872 0.960894 0.234864 0.989180 0.239722
1897.215985 0.960976 0.234894 0.989267 0.239733
1898.216099 0.961057 0.234925 0.989354 0.239743
1899.216213 0.961139 0.234955 0.989441 0.239753
1900.216327 0.961221 0.234986 0.989527 0.239763
1901.216441 0.961303 0.235016 0.989614 0.239773
1902.216555 0.961385 0.235046 0.989701 0.239783
1903.216669 0.961467 0.235076 0.989787 0.239792
1904.216782 0.961549 0.235105 0.989874 0.239802
1905.216896 0.961631 0.235135 0.989961 0.239811
1906.217010 0.961713 0.235164 0.990047 0.239821
1907.217124 0.961795 0.235194 0.990134 0.239830
1908.217238 0.961877 0.235223 0.990221 0.239839
1909.217352 0.961959 0.235252 0.990308 0.239848
1910.217466 0.962041 0.235281 0.990394 0.239857
1911.217579 0.962124 0.235310 0.990481 0.239865
1912.217693 0.962206 0.235339 0.990568 0.239874
1913.217807 0.962288 0.235368 0.990654 0.239882
1914.217921 0.962370 0.235396 0.990741 0.239890
1915.218035 0.962452 0.235425 0.990828 0.239898
1916.218149 0.962535 0.235453 0.990914 0.239906
1917.218263 0.962617 0.235481 0.991001 0.239914
1918.218376 0.962699 0.235509 0.991088 0.239922
1919.218490 0.962782 0.235537 0.991174 0.239930
1920.218604 0.962864 0.235565 0.991261 0.239937
1921.218718 0.962947 0.235593 0.991348 0.239945
1922.218832 0.963029 0.235620 0.991434 0.239952
1923.218946 0.963112 0.235648 0.991521 0.239959
1924.219060 0.963194 0.235675 0.991608 0.239966
1925.219173 0.963277 0.235702 0.991694 0.239973
1926.219287 0.963359 0.235729 0.991781 0.239980
1927.219401 0.963442 0.235756 0.991868 0.239986
1928.219515 0.963525 0.235783 0.991954 0.239993
1929.219629 0.963607 0.235810 0.992041 0.239999
1930.219743 0.963690 0.235836 0.992127 0.240005
1931.219857 0.963773 0.235863 0.992214 0.240011
1932.219970 0.963855 0.235889 0.992301 0.240017
1933.220084 0.963938 0.235915 0.992387 0.240023
1934.220198 0.964021 0.235942 0.992474 0.240029
1935.220312 0.964104 0.235968 0.992561 0.240035
1936.220426 0.964186 0.235993 0.992647 0.240040
1937.220540 0.964269 0.236019 0.992734 0.240045
1938.220654 0.964352 0.236045 0.992820 0.240051
1939.220767 0.964435 0.236070 0.992907 0.240056
1940.220881 0.964518 0.236096 0.992994 0.240061
1941.220995 0.964601 0.236121 0.993080 0.240066
1942.221109 0.964684 0.236146 0.993167 0.240070
1943.221223 0.964767 0.236171 0.993253 0.240075
1944.221337 0.964850 0.236196 0.993340 0.240079
1945.221451 0.964933 0.236221 0.993427 0.240084
1946.221564 0.965016 0.236245 0.993513 0.240088
1947.221678 0.965099 0.236270 0.993600 0.240092
1948.221792 0.965182 0.236294 0.993686 0.240096
1949.221906 0.965266 0.236319 0.993773 0.240100
1950.222020 0.965349 0.236343 0.993859 0.240104
1951.222134 0.965432 0.236367 0.993946 0.240107
1952.222248 0.965515 0.236391 0.994032 0.240111
1953.222361 0.965599 0.236415 0.994119 0.240114
1954.222475 0.965682 0.236438 0.994205 0.240117
1955.222589 0.965765 0.236462 0.994292 0.240120
1956.222703 0.965849 0.236485 0.994379 0.240123
1957.222817 0.965932 0.236509 0.994465 0.240126
1958.222931 0.966015 0.236532 0.994552 0.240129
1959.223045 0.966099 0.236555 0.994638 0.240131
1960.223158 0.966182 0.236578 0.994725 0.240134
1961.223272 0.966266 0.236601 0.994811 0.240136
1962.223386 0.966349 0.236623 0.994898 0.240138
1963.223500 0.966433 0.236646 0.994984 0.240140
1964.223614 0.966516 0.236669 0.995071 0.240142
1965.223728 0.966600 0.236691 0.995157 0.240144
1966.223842 0.966683 0.236713 0.995244 0.240146
1967.223955 0.966767 0.236735 0.995330 0.240148
1968.224069 0.966851 0.236757 0.995417 0.240149
1969.224183 0.966934 0.236779 0.995503 0.240150
1970.224297 0.967018 0.236801 0.995589 0.240152
1971.224411 0.967102 0.236822 0.995676 0.240153
1972.224525 0.967185 0.236844 0.995762 0.240154
1973.224639 0.967269 0.236865 0.995849 0.240154
1974.224752 0.967353 0.236887 0.995935 0.240155
1975.224866 0.967437 0.236908 0.996022 0.240156
1976.224980 0.967521 0.236929 0.996108 0.240156
1977.225094 0.967604 0.236950 0.996195 0.240157
1978.225208 0.967688 0.236970 0.996281 0.240157
1979.225322 0.967772 0.236991 0.996367 0.240157
1980.225436 0.967856 0.237011 0.996454 0.240157
1981.225549 0.967940 0.237032 0.996540 0.240157
1982.225663 0.968024 0.237052 0.996627 0.240156
1983.225777 0.968108 0.237072 0.996713 0.240156
1984.225891 0.968192 0.237092 0.996799 0.240155
1985.226005 0.968276 0.237112 0.996886 0.240155
1986.226119 0.968360 0.237132 0.996972 0.240154
1987.226232 0.968444 0.237152 0.997058 0.240153
1988.226346 0.968529 0.237171 0.997145 0.240152
1989.226460 0.968613 0.237191 0.997231 0.240151
1990.226574 0.968697 0.237210 0.997317 0.240150
1991.226688 0.968781 0.237229 0.997404 0.240148
1992.226802 0.968865 0.237248 0.997490 0.240147
1993.226916 0.968950 0.237267 0.997577 0.240145
1994.227029 0.969034 0.237286 0.997663 0.240143
1995.227143 0.969118 0.237305 0.997749 0.240141
1996.227257 0.969202 0.237323 0.997835 0.240139
1997.227371 0.969287 0.237342 0.997922 0.240137
1998.227485 0.969371 0.237360 0.998008 0.240135
1999.227599 0.969455 0.237378 0.998094 0.240133
2000.227713 0.969540 0.237396 0.998181 0.240130
2001.227826 0.969624 0.237414 0.998267 0.240128
2002.227940 0.969709 0.237432 0.998353 0.240125
2003.228054 0.969793 0.237450 0.998439 0.240122
2004.228168 0.969878 0.237467 0.998526 0.240119
2005.228282 0.969962 0.237485 0.998612 0.240116
2006.228396 0.970047 0.237502 0.998698 0.240113
2007.228510 0.970131 0.237520 0.998784 0.240109
2008.228623 0.970216 0.237537 0.998871 0.240106
2009.228737 0.970301 0.237554 0.998957 0.240102
2010.228851 0.970385 0.237571 0.999043 0.240098
2011.228965 0.970470 0.237587 0.999129 0.240094
2012.229079 0.970555 0.237604 0.999216 0.240090
2013.229193 0.970639 0.237620 0.999302 0.240086
2014.229307 0.970724 0.237637 0.999388 0.240082
2015.229420 0.970809 0.237653 0.999474 0.240078
2016.229534 0.970893 0.237669 0.999560 0.240073
2017.229648 0.970978 0.237685 0.999646 0.240069
2018.229762 0.971063 0.237701 0.999733 0.240064
2019.229876 0.971148 0.237717 0.999819 0.240059
2020.229990 0.971233 0.237733 0.999905 0.240054
2021.230104 0.971318 0.237748 0.999991 0.240049
2022.230217 0.971403 0.237763 1.000077 0.240044
2023.230331 0.971487 0.237779 1.000163 0.240038
2024.230445 0.971572 0.237794 1.000249 0.240033
2025.230559 0.971657 0.237809 1.000336 0.240027
2026.230673 0.971742 0.237824 1.000422 0.240022
2027.230787 0.971827 0.237839 1.000508 0.240016
2028.230901 0.971912 0.237853 1.000594 0.240010
2029.231014 0.971998 0.237868 1.000680 0.240004
2030.231128 0.972083 0.237882 1.000766 0.239998
2031.231242 0.972168 0.237897 1.000852 0.239991
2032.231356 0.972253 0.237911 1.000938 0.239985
2033.231470 0.972338 0.237925 1.001024 0.239978
2034.231584 0.972423 0.237939 1.001110 0.239972
2035.231698 0.972508 0.237953 1.001196 0.239965
2036.231811 0.972594 0.237966 1.001282 0.239958
2037.231925 0.972679 0.237980 1.001368 0.239951
2038.232039 0.972764 0.237994 1.001454 0.239944
2039.232153 0.972849 0.238007 1.001540 0.239936
2040.232267 0.972935 0.238020 1.001626 0.239929
2041.232381 0.973020 0.238033 1.001712 0.239921
2042.232495 0.973105 0.238046 1.001798 0.239914
2043.232608 0.973191 0.238059 1.001884 0.239906
2044.232722 0.973276 0.238072 1.001970 0.239898
2045.232836 0.973361 0.238084 1.002056 0.239890
2046.232950 0.973447 0.238097 1.002142 0.239882
2047.233064 0.973532 0.238109 1.002228 0.239874
2048.233178 0.973618 0.238121 1.002314 0.239865
2049.233292 0.973703 0.238134 1.002400 0.239857
2050.233405 0.973789 0.238146 1.002486 0.239848
2051.233519 0.973874 0.238157 1.002572 0.239839
2052.233633 0.973960 0.238169 1.002658 0.239830
2053.233747 0.974045 0.238181 1.002743 0.239821
2054.233861 0.974131 0.238192 1.002829 0.239812
2055.233975 0.974217 0.238204 1.002915 0.239803
2056.234089 0.974302 0.238215 1.003001 0.239794
2057.234202 0.974388 0.238226 1.003087 0.239784
2058.234316 0.974473 0.238237 1.003173 0.239775
2059.234430 0.974559 0.238248 1.003259 0.239765
2060.234544 0.974645 0.238259 1.003344 0.239755
2061.234658 0.974731 0.238270 1.003430 0.239745
2062.234772 0.974816 0.238280 1.003516 0.239735
2063.234886 0.974902 0.238290 1.003602 0.239725
2064.234999 0.974988 0.238301 1.003688 0.239714
2065.235113 0.975074 0.238311 1.003773 0.239704
2066.235227 0.975160 0.238321 1.003859 0.239693
2067.235341 0.975245 0.238331 1.003945 0.239683
2068.235455 0.975331 0.238341 1.004031 0.239672
2069.235569 0.975417 0.238350 1.004116 0.239661
2070.235683 0.975503 0.238360 1.004202 0.239650
2071.235796 0.975589 0.238369 1.004288 0.239639
2072.235910 0.975675 0.238379 1.004374 0.239627
2073.236024 0.975761 0.238388 1.004459 0.239616
2074.236138 0.975847 0.238397 1.004545 0.239605
2075.236252 0.975933 0.238406 1.004631 0.239593
2076.236366 0.976019 0.238415 1.004716 0.239581
2077.236480 0.976105 0.238424 1.004802 0.239569
2078.236593 0.976191 0.238432 1.004888 0.239557
2079.236707 0.976277 0.238441 1.004973 0.239545
2080.236821 0.976363 0.238449 1.005059 0.239533
2081.236935 0.976449 0.238457 1.005144 0.239520
2082.237049 0.976536 0.238465 1.005230 0.239508
2083.237163 0.976622 0.238473 1.005316 0.239495
2084.237277 0.976708 0.238481 1.005401 0.239483
2085.237390 0.976794 0.238489 1.005487 0.239470
2086.237504 0.976880 0.238497 1.005572 0.239457
2087.237618 0.976967 0.238504 1.005658 0.239444
2088.237732 0.977053 0.238511 1.005744 0.239430
2089.237846 0.977139 0.238519 1.005829 0.239417
2090.237960 0.977226 0.238526 1.005915 0.239404
2091.238074 0.977312 0.238533 1.006000 0.239390
2092.238187 0.977398 0.238540 1.006086 0.239376
2093.238301 0.977485 0.238546 1.006171 0.239363
2094.238415 0.977571 0.238553 1.006257 0.239349
2095.238529 0.977657 0.238560 1.006342 0.239335
2096.238643 0.977744 0.238566 1.006428 0.239320
2097.238757 0.977830 0.238572 1.006513 0.239306
2098.238871 0.977917 0.238579 1.006599 0.239292
2099.238984 0.978003 0.238585 1.006684 0.239277
2100.239098 0.978090 0.238590 1.006769 0.239263
2101.239212 0.978176 0.238596 1.006855 0.239248
2102.239326 0.978263 0.238602 1.006940 0.239233
2103.239440 0.978349 0.238607 1.007026 0.239218
2104.239554 0.978436 0.238613 1.007111 0.239203
2105.239668 0.978522 0.238618 1.007196 0.239187
2106.239781 0.978609 0.238623 1.007282 0.239172
2107.239895 0.978696 0.238628 1.007367 0.239157
2108.240009 0.978782 0.238633 1.007452 0.239141
2109.240123 0.978869 0.238638 1.007538 0.239125
2110.240237 0.978955 0.238643 1.007623 0.239109
2111.240351 0.979042 0.238648 1.007708 0.239094
2112.240465 0.979129 0.238652 1.007794 0.239077
2113.240578 0.979216 0.238656 1.007879 0.239061
2114.240692 0.979302 0.238661 1.007964 0.239045
2115.240806 0.979389 0.238665 1.008050 0.239028
2116.240920 0.979476 0.238669 1.008135 0.239012
2117.241034 0.979563 0.238672 1.008220 0.238995
2118.241148 0.979650 0.238676 1.008305 0.238978
2119.241262 0.979736 0.238680 1.008390 0.238962
2120.241375 0.979823 0.238683 1.008476 0.238945
2121.241489 0.979910 0.238687 1.008561 0.238927
2122.241603 0.979997 0.238690 1.008646 0.238910
2123.241717 0.980084 0.238693 1.008731 0.238893
2124.241831 0.980171 0.238696 1.008816 0.238875
2125.241945 0.980258 0.238699 1.008902 0.238858
2126.242059 0.980345 0.238702 1.008987 0.238840
2127.242172 0.980432 0.238704 1.009072 0.238822
2128.242286 0.980519 0.238707 1.009157 0.238804
2129.242400 0.980606 0.238709 1.009242 0.238786
2130.242514 0.980693 0.238711 1.009327 0.238768
2131.242628 0.980780 0.238714 1.009412 0.238749
2132.242742 0.980867 0.238716 1.009497 0.238731
2133.242856 0.980954 0.238718 1.009582 0.238712
2134.242969 0.981041 0.238719 1.009667 0.238694
2135.243083 0.981128 0.238721 1.009752 0.238675
2136.243197 0.981215 0.238723 1.009837 0.238656
2137.243311 0.981302 0.238724 1.009922 0.238637
2138.243425 0.981389 0.238725 1.010007 0.238618
2139.243539 0.981477 0.238726 1.010092 0.238599
2140.243653 0.981564 0.238728 1.010177 0.238579
2141.243766 0.981651 0.238728 1.010262 0.238560
2142.243880 0.981738 0.238729 1.010347 0.238540
2143.243994 0.981825 0.238730 1.010432 0.238520
2144.244108 0.981913 0.238731 1.010517 0.238501
2145.244222 0.982000 0.238731 1.010602 0.238481
2146.244336 0.982087 0.238731 1.010687 0.238461
2147.244450 0.982175 0.238732 1.010772 0.238440
2148.244563 0.982262 0.238732 1.010857 0.238420
2149.244677 0.982349 0.238732 1.010942 0.238400
2150.244791 0.982437 0.238731 1.011026 0.238379
2151.244905 0.982524 0.238731 1.011111 0.238358
2152.245019 0.982611 0.238731 1.011196 0.238338
2153.245133 0.982699 0.238730 1.011281 0.238317
2154.245246 0.982786 0.238730 1.011366 0.238296
2155.245360 0.982874 0.238729 1.011450 0.238275
2156.245474 0.982961 0.238728 1.011535 0.238253
2157.245588 0.983049 0.238727 1.011620 0.238232
2158.245702 0.983136 0.238726 1.011705 0.238210
2159.245816 0.983224 0.238725 1.011789 0.238189
2160.245930 0.983311 0.238723 1.011874 0.238167
2161.246043 0.983399 0.238722 1.011959 0.238145
2162.246157 0.983486 0.238720 1.012044 0.238123
2163.246271 0.983574 0.238718 1.012128 0.238101
2164.246385 0.983661 0.238717 1.012213 0.238079
2165.246499 0.983749 0.238715 1.012298 0.238057
2166.246613 0.983836 0.238712 1.012382 0.238034
2167.246727 0.983924 0.238710 1.012467 0.238012
2168.246840 0.984012 0.238708 1.012552 0.237989
2169.246954 0.984099 0.238705 1.012636 0.237966
2170.247068 0.984187 0.238703 1.012721 0.237944
2171.247182 0.984275 0.238700 1.012805 0.237921
2172.247296 0.984362 0.238697 1.012890 0.237897
2173.247410 0.984450 0.238694 1.012974 0.237874
2174.247524 0.984538 0.238691 1.013059 0.237851
2175.247637 0.984626 0.238688 1.013143 0.237827
2176.247751 0.984713 0.238685 1.013228 0.237804
2177.247865 0.984801 0.238681 1.013312 0.237780
2178.247979 0.984889 0.238678 1.013397 0.237756
2179.248093 0.984977 0.238674 1.013481 0.237732
2180.248207 0.985065 0.238670 1.013566 0.237708
2181.248321 0.985152 0.238667 1.013650 0.237684
2182.248434 0.985240 0.238662 1.013735 0.237660
2183.248548 0.985328 0.238658 1.013819 0.237636
2184.248662 0.985416 0.238654 1.013903 0.237611
2185.248776 0.985504 0.238650 1.013988 0.237586
2186.248890 0.985592 0.238645 1.014072 0.237562
2187.249004 0.985680 0.238641 1.014157 0.237537
2188.249118 0.985768 0.238636 1.014241 0.237512
2189.249231 0.985855 0.238631 1.014325 0.237487
2190.249345 0.985943 0.238626 1.014410 0.237462
2191.249459 0.986031 0.238621 1.014494 0.237436
2192.249573 0.986119 0.238616 1.014578 0.237411
2193.249687 0.986207 0.238610 1.014662 0.237385
2194.249801 0.986295 0.238605 1.014747 0.237360
2195.249915 0.986383 0.238599 1.014831 0.237334
2196.250028 0.986471 0.238593 1.014915 0.237308
2197.250142 0.986560 0.238587 1.014999 0.237282
2198.250256 0.986648 0.238582 1.015084 0.237256
2199.250370 0.986736 0.238575 1.015168 0.237230
2200.250484 0.986824 0.238569 1.015252 0.237203
2201.250598 0.986912 0.238563 1.015336 0.237177
2202.250712 0.987000 0.238556 1.015420 0.237150
2203.250825 0.987088 0.238550 1.015504 0.237124
2204.250939 0.987176 0.238543 1.015588 0.237097
2205.251053 0.987264 0.238536 1.015673 0.237070
2206.251167 0.987353 0.238529 1.015757 0.237043
2207.251281 0.987441 0.238522 1.015841 0.237016
2208.251395 0.987529 0.238515 1.015925 0.236989
2209.251509 0.987617 0.238508 1.016009 0.236961
2210.251622 0.987705 0.238500 1.016093 0.236934
2211.251736 0.987794 0.238493 1.016177 0.236906
2212.251850 0.987882 0.238485 1.016261 0.236878
2213.251964 0.987970 0.238477 1.016345 0.236851
2214.252078 0.988059 0.238470 1.016429 0.236823
2215.252192 0.988147 0.238462 1.016513 0.236795
2216.252306 0.988235 0.238453 1.016597 0.236766
2217.252419 0.988323 0.238445 1.016681 0.236738
2218.252533 0.988412 0.238437 1.016764 0.236710
2219.252647 0.988500 0.238428 1.016848 0.236681
2220.252761 0.988588 0.238420 1.016932 0.236653
2221.252875 0.988677 0.238411 1.017016 0.236624
2222.252989 0.988765 0.238402 1.017100 0.236595
2223.253103 0.988854 0.238393 1.017184 0.236566
2224.253216 0.988942 0.238384 1.017268 0.236537
2225.253330 0.989030 0.238375 1.017351 0.236508
2226.253444 0.989119 0.238365 1.017435 0.236479
2227.253558 0.989207 0.238356 1.017519 0.236449
2228.253672 0.989296 0.238346 1.017603 0.236420
2229.253786 0.989384 0.238337 1.017686 0.236390
2230.253900 0.989473 0.238327 1.017770 0.236360
2231.254013 0.989561 0.238317 1.017854 0.236330
2232.254127 0.989650 0.238307 1.017937 0.236300
2233.254241 0.989738 0.238297 1.018021 0.236270
2234.254355 0.989827 0.238286 1.018105 0.236240
2235.254469 0.989915 0.238276 1.018188 0.236210
2236.254583 0.990004 0.238265 1.018272 0.236179
2237.254697 0.990092 0.238255 1.018356 0.236149
2238.254810 0.990181 0.238244 1.018439 0.236118
2239.254924 0.990270 0.238233 1.018523 0.236087
2240.255038 0.990358 0.238222 1.018606 0.236056
2241.255152 0.990447 0.238211 1.018690 0.236025
2242.255266 0.990535 0.238199 1.018773 0.235994
2243.255380 0.990624 0.238188 1.018857 0.235963
2244.255494 0.990713 0.238176 1.018940 0.235932
2245.255607 0.990801 0.238165 1.019024 0.235900
2246.255721 0.990890 0.238153 1.019107 0.235869
2247.255835 0.990979 0.238141 1.019191 0.235837
2248.255949 0.991067 0.238129 1.019274 0.235805
2249.256063 0.991156 0.238117 1.019358 0.235774
2250.256177 0.991245 0.238105 1.019441 0.235742
2251.256291 0.991333 0.238092 1.019524 0.235709
2252.256404 0.991422 0.238080 1.019608 0.235677
2253.256518 0.991511 0.238067 1.019691 0.235645
2254.256632 0.991600 0.238055 1.019774 0.235612
2255.256746 0.991688 0.238042 1.019858 0.235580
2256.256860 0.991777 0.238029 1.019941 0.235547
2257.256974 0.991866 0.238016 1.020024 0.235514
2258.257088 0.991955 0.238002 1.020108 0.235481
2259.257201 0.992044 0.237989 1.020191 0.235448
2260.257315 0.992132 0.237976 1.020274 0.235415
2261.257429 0.992221 0.237962 1.020357 0.235382
2262.257543 0.992310 0.237948 1.020440 0.235349
2263.257657 0.992399 0.237935 1.020524 0.235315
2264.257771 0.992488 0.237921 1.020607 0.235282
2265.257885 0.992577 0.237907 1.020690 0.235248
2266.257998 0.992666 0.237893 1.020773 0.235214
2267.258112 0.992754 0.237878 1.020856 0.235180
2268.258226 0.992843 0.237864 1.020939 0.235146
2269.258340 0.992932 0.237849 1.021022 0.235112
2270.258454 0.993021 0.237835 1.021105 0.235078
2271.258568 0.993110 0.237820 1.021188 0.235044
2272.258682 0.993199 0.237805 1.021272 0.235009
2273.258795 0.993288 0.237790 1.021355 0.234975
2274.258909 0.993377 0.237775 1.021438 0.234940
2275.259023 0.993466 0.237760 1.021520 0.234905
2276.259137 0.993555 0.237744 1.021603 0.234870
2277.259251 0.993644 0.237729 1.021686 0.234835
2278.259365 0.993733 0.237713 1.021769 0.234800
2279.259479 0.993822 0.237697 1.021852 0.234765
2280.259592 0.993911 0.237682 1.021935 0.234730
2281.259706 0.994000 0.237666 1.022018 0.234694
2282.259820 0.994089 0.237650 1.022101 0.234659
2283.259934 0.994178 0.237633 1.022184 0.234623
2284.260048 0.994267 0.237617 1.022266 0.234587
2285.260162 0.994356 0.237601 1.022349 0.234551
2286.260276 0.994445 0.237584 1.022432 0.234515
2287.260389 0.994534 0.237567 1.022515 0.234479
2288.260503 0.994623 0.237551 1.022598 0.234443
2289.260617 0.994712 0.237534 1.022680 0.234406
2290.260731 0.994802 0.237517 1.022763 0.234370
2291.260845 0.994891 0.237499 1.022846 0.234333
2292.260959 0.994980 0.237482 1.022928 0.234297
2293.261073 0.995069 0.237465 1.023011 0.234260
2294.261186 0.995158 0.237447 1.023094 0.234223
2295.261300 0.995247 0.237430 1.023176 0.234186
2296.261414 0.995336 0.237412 1.023259 0.234149
2297.261528 0.995425 0.237394 1.023341 0.234112
2298.261642 0.995515 0.237376 1.023424 0.234074
2299.261756 0.995604 0.237358 1.023507 0.234037
2300.261870 0.995693 0.237339 1.023589 0.234000
2301.261983 0.995782 0.237321 1.023672 0.233962
2302.262097 0.995871 0.237303 1.023754 0.233924
2303.262211 0.995961 0.237284 1.023837 0.233886
2304.262325 0.996050 0.237265 1.023919 0.233848
2305.262439 0.996139 0.237246 1.024001 0.233810
2306.262553 0.996228 0.237228 1.024084 0.233772
2307.262667 0.996318 0.237208 1.024166 0.233734
2308.262780 0.996407 0.237189 1.024249 0.233695
2309.262894 0.996496 0.237170 1.024331 0.233657
2310.263008 0.996585 0.237150 1.024413 0.233618
2311.263122 0.996675 0.237131 1.024496 0.233579
2312.263236 0.996764 0.237111 1.024578 0.233540
2313.263350 0.996853 0.237091 1.024660 0.233501
2314.263464 0.996943 0.237072 1.024743 0.233462
2315.263577 0.997032 0.237051 1.024825 0.233423
2316.263691 0.997121 0.237031 1.024907 0.233384
2317.263805 0.997211 0.237011 1.024989 0.233345
2318.263919 0.997300 0.236991 1.025072 0.233305
2319.264033 0.997389 0.236970 1.025154 0.233265
2320.264147 0.997479 0.236950 1.025236 0.233226
2321.264261 0.997568 0.236929 1.025318 0.233186
2322.264374 0.997657 0.236908 1.025400 0.233146
2323.264488 0.997747 0.236887 1.025482 0.233106
2324.264602 0.997836 0.236866 1.025564 0.233066
2325.264716 0.997925 0.236845 1.025646 0.233025
2326.264830 0.998015 0.236823 1.025728 0.232985
2327.264944 0.998104 0.236802 1.025810 0.232945
2328.265057 0.998194 0.236780 1.025892 0.232904
2329.265171 0.998283 0.236758 1.025974 0.232863
2330.265285 0.998372 0.236737 1.026056 0.232822
2331.265399 0.998462 0.236715 1.026138 0.232782
2332.265513 0.998551 0.236693 1.026220 0.232741
2333.265627 0.998641 0.236670 1.026302 0.232699
2334.265741 0.998730 0.236648 1.026384 0.232658
2335.265854 0.998820 0.236626 1.026466 0.232617
2336.265968 0.998909 0.236603 1.026548 0.232575
2337.266082 0.998999 0.236580 1.026630 0.232534
2338.266196 0.999088 0.236558 1.026711 0.232492
2339.266310 0.999178 0.236535 1.026793 0.232450
2340.266424 0.999267 0.236512 1.026875 0.232408
2341.266538 0.999356 0.236489 1.026957 0.232366
2342.266651 0.999446 0.236465 1.027039 0.232324
2343.266765 0.999535 0.236442 1.027120 0.232282
2344.266879 0.999625 0.236419 1.027202 0.232240
2345.266993 0.999715 0.236395 1.027284 0.232197
2346.267107 0.999804 0.236371 1.027365 0.232155
2347.267221 0.999894 0.236347 1.027447 0.232112
2348.267335 0.999983 0.236323 1.027529 0.232069
2349.267448 1.000073 0.236299 1.027610 0.232027
2350.267562 1.000162 0.236275 1.027692 0.231984
2351.267676 1.000252 0.236251 1.027773 0.231941
2352.267790 1.000341 0.236226 1.027855 0.231897
2353.267904 1.000431 0.236202 1.027936 0.231854
2354.268018 1.000520 0.236177 1.028018 0.231811
2355.268132 1.000610 0.236152 1.028099 0.231767
2356.268245 1.000700 0.236127 1.028181 0.231724
2357.268359 1.000789 0.236102 1.028262 0.231680
2358.268473 1.000879 0.236077 1.028344 0.231636
2359.268587 1.000968 0.236052 1.028425 0.231592
2360.268701 1.001058 0.236026 1.028506 0.231548
2361.268815 1.001148 0.236001 1.028588 0.231504
2362.268929 1.001237 0.235975 1.028669 0.231460
2363.269042 1.001327 0.235950 1.028750 0.231415
2364.269156 1.001416 0.235924 1.028832 0.231371
2365.269270 1.001506 0.235898 1.028913 0.231326
2366.269384 1.001596 0.235872 1.028994 0.231282
2367.269498 1.001685 0.235845 1.029075 0.231237
2368.269612 1.001775 0.235819 1.029157 0.231192
2369.269726 1.001865 0.235793 1.029238 0.231147
2370.269839 1.001954 0.235766 1.029319 0.231102
2371.269953 1.002044 0.235739 1.029400 0.231057
2372.270067 1.002133 0.235712 1.029481 0.231012
2373.270181 1.002223 0.235686 1.029562 0.230966
2374.270295 1.002313 0.235658 1.029644 0.230921
2375.270409 1.002402 0.235631 1.029725 0.230875
2376.270523 1.002492 0.235604 1.029806 0.230829
2377.270636 1.002582 0.235577 1.029887 0.230783
2378.270750 1.002671 0.235549 1.029968 0.230738
2379.270864 1.002761 0.235521 1.030049 0.230691
2380.270978 1.002851 0.235494 1.030130 0.230645
2381.271092 1.002941 0.235466 1.030211 0.230599
2382.271206 1.003030 0.235438 1.030292 0.230553
2383.271320 1.003120 0.235410 1.030372 0.230506
2384.271433 1.003210 0.235381 1.030453 0.230460
2385.271547 1.003299 0.235353 1.030534 0.230413
2386.271661 1.003389 0.235325 1.030615 0.230366
2387.271775 1.003479 0.235296 1.030696 0.230319
2388.271889 1.003569 0.235267 1.030777 0.230272
2389.272003 1.003658 0.235238 1.030857 0.230225
2390.272117 1.003748 0.235209 1.030938 0.230178
2391.272230 1.003838 0.235180 1.031019 0.230131
2392.272344 1.003927 0.235151 1.031100 0.230083
2393.272458 1.004017 0.235122 1.031180 0.230036
2394.272572 1.004107 0.235093 1.031261 0.229988
2395.272686 1.004197 0.235063 1.031342 0.229941
2396.272800 1.004286 0.235033 1.031422 0.229893
2397.272914 1.004376 0.235004 1.031503 0.229845
2398.273027 1.004466 0.234974 1.031583 0.229797
2399.273141 1.004556 0.234944 1.031664 0.229749
2400.273255 1.004645 0.234914 1.031745 0.229700
2401.273369 1.004735 0.234883 1.031825 0.229652
2402.273483 1.004825 0.234853 1.031906 0.229604
2403.273597 1.004915 0.234822 1.031986 0.229555
2404.273711 1.005004 0.234792 1.032066 0.229506
2405.273824 1.005094 0.234761 1.032147 0.229458
2406.273938 1.005184 0.234730 1.032227 0.229409
2407.274052 1.005274 0.234699 1.032308 0.229360
2408.274166 1.005364 0.234668 1.032388 0.229311
2409.274280 1.005453 0.234637 1.032468 0.229261
2410.274394 1.005543 0.234606 1.032549 0.229212
2411.274508 1.005633 0.234574 1.032629 0.229163
2412.274621 1.005723 0.234543 1.032709 0.229113
2413.274735 1.005813 0.234511 1.032790 0.229064
2414.274849 1.005902 0.234479 1.032870 0.229014
2415.274963 1.005992 0.234447 1.032950 0.228964
2416.275077 1.006082 0.234415 1.033030 0.228914
2417.275191 1.006172 0.234383 1.033110 0.228864
2418.275305 1.006262 0.234351 1.033191 0.228814
2419.275418 1.006351 0.234319 1.033271 0.228764
2420.275532 1.006441 0.234286 1.033351 0.228714
2421.275646 1.006531 0.234254 1.033431 0.228663
2422.275760 1.006621 0.234221 1.033511 0.228613
2423.275874 1.006711 0.234188 1.033591 0.228562
2424.275988 1.006800 0.234155 1.033671 0.228511
2425.276102 1.006890 0.234122 1.033751 0.228460
2426.276215 1.006980 0.234089 1.033831 0.228409
2427.276329 1.007070 0.234056 1.033911 0.228358
2428.276443 1.007160 0.234022 1.033991 0.228307
2429.276557 1.007249 0.233989 1.034071 0.228256
2430.276671 1.007339 0.233955 1.034151 0.228205
2431.276785 1.007429 0.233921 1.034230 0.228153
2432.276899 1.007519 0.233887 1.034310 0.228102
2433.277012 1.007609 0.233853 1.034390 0.228050
2434.277126 1.007699 0.233819 1.034470 0.227998
2435.277240 1.007788 0.233785 1.034550 0.227946
2436.277354 1.007878 0.233751 1.034629 0.227894
2437.277468 1.007968 0.233716 1.034709 0.227842
2438.277582 1.008058 0.233681 1.034789 0.227790
2439.277696 1.008148 0.233647 1.034868 0.227738
2440.277809 1.008238 0.233612 1.034948 0.227685
2441.277923 1.008327 0.233577 1.035028 0.227633
2442.278037 1.008417 0.233542 1.035107 0.227580
2443.278151 1.008507 0.233507 1.035187 0.227528
2444.278265 1.008597 0.233471 1.035267 0.227475
2445.278379 1.008687 0.233436 1.035346 0.227422
2446.278493 1.008777 0.233401 1.035426 0.227369
2447.278606 1.008866 0.233365 1.035505 0.227316
2448.278720 1.008956 0.233329 1.035585 0.227263
2449.278834 1.009046 0.233293 1.035664 0.227209
2450.278948 1.009136 0.233257 1.035743 0.227156
2451.279062 1.009226 0.233221 1.035823 0.227103
2452.279176 1.009316 0.233185 1.035902 0.227049
2453.279290 1.009405 0.233149 1.035982 0.226995
2454.279403 1.009495 0.233112 1.036061 0.226941
2455.279517 1.009585 0.233076 1.036140 0.226888
2456.279631 1.009675 0.233039 1.036219 0.226834
2457.279745 1.009765 0.233002 1.036299 0.226779
2458.279859 1.009855 0.232965 1.036378 0.226725
2459.279973 1.009945 0.232928 1.036457 0.226671
2460.280087 1.010034 0.232891 1.036536 0.226616
2461.280200 1.010124 0.232854 1.036615 0.226562
2462.280314 1.010214 0.232816 1.036695 0.226507
2463.280428 1.010304 0.232779 1.036774 0.226453
2464.280542 1.010394 0.232741 1.036853 0.226398
2465.280656 1.010484 0.232703 1.036932 0.226343
2466.280770 1.010573 0.232665 1.037011 0.226288
2467.280884 1.010663 0.232627 1.037090 0.226233
2468.280997 1.010753 0.232589 1.037169 0.226178
2469.281111 1.010843 0.232551 1.037248 0.226122
2470.281225 1.010933 0.232513 1.037327 0.226067
2471.281339 1.011023 0.232474 1.037406 0.226011
2472.281453 1.011112 0.232436 1.037485 0.225956
2473.281567 1.011202 0.232397 1.037564 0.225900
2474.281681 1.011292 0.232358 1.037642 0.225844
2475.281794 1.011382 0.232319 1.037721 0.225788
2476.281908 1.011472 0.232280 1.037800 0.225732
2477.282022 1.011561 0.232241 1.037879 0.225676
2478.282136 1.011651 0.232202 1.037958 0.225620
2479.282250 1.011741 0.232163 1.038036 0.225563
2480.282364 1.011831 0.232123 1.038115 0.225507
2481.282478 1.011921 0.232083 1.038194 0.225450
2482.282591 1.012011 0.232044 1.038272 0.225394
2483.282705 1.012100 0.232004 1.038351 0.225337
2484.282819 1.012190 0.231964 1.038430 0.225280
2485.282933 1.012280 0.231924 1.038508 0.225223
2486.283047 1.012370 0.231884 1.038587 0.225166
2487.283161 1.012460 0.231843 1.038665 0.225109
2488.283275 1.012549 0.231803 1.038744 0.225052
2489.283388 1.012639 0.231762 1.038822 0.224995
2490.283502 1.012729 0.231722 1.038901 0.224937
2491.283616 1.012819 0.231681 1.038979 0.224880
2492.283730 1.012909 0.231640 1.039058 0.224822
2493.283844 1.012998 0.231599 1.039136 0.224764
2494.283958 1.013088 0.231558 1.039215 0.224706
2495.284072 1.013178 0.231517 1.039293 0.224649
2496.284185 1.013268 0.231475 1.039371 0.224591
2497.284299 1.013358 0.231434 1.039450 0.224532
2498.284413 1.013447 0.231392 1.039528 0.224474
2499.284527 1.013537 0.231351 1.039606 0.224416
2500.284641 1.013627 0.231309 1.039684 0.224357
2501.284755 1.013717 0.231267 1.039762 0.224299
2502.284868 1.013806 0.231225 1.039841 0.224240
2503.284982 1.013896 0.231183 1.039919 0.224182
2504.285096 1.013986 0.231140 1.039997 0.224123
2505.285210 1.014076 0.231098 1.040075 0.224064
2506.285324 1.014166 0.231056 1.040153 0.224005
2507.285438 1.014255 0.231013 1.040231 0.223946
2508.285552 1.014345 0.230970 1.040309 0.223886
2509.285665 1.014435 0.230927 1.040387 0.223827
2510.285779 1.014525 0.230884 1.040465 0.223768
2511.285893 1.014614 0.230841 1.040543 0.223708
2512.286007 1.014704 0.230798 1.040621 0.223649
2513.286121 1.014794 0.230755 1.040699 0.223589
2514.286235 1.014884 0.230711 1.040777 0.223529
2515.286349 1.014973 0.230668 1.040855 0.223469
2516.286462 1.015063 0.230624 1.040932 0.223409
2517.286576 1.015153 0.230580 1.041010 0.223349
2518.286690 1.015242 0.230537 1.041088 0.223289
2519.286804 1.015332 0.230493 1.041166 0.223229
2520.286918 1.015422 0.230448 1.041244 0.223168
2521.287032 1.015512 0.230404 1.041321 0.223108
2522.287146 1.015601 0.230360 1.041399 0.223047
2523.287259 1.015691 0.230315 1.041477 0.222986
2524.287373 1.015781 0.230271 1.041554 0.222926
2525.287487 1.015870 0.230226 1.041632 0.222865
2526.287601 1.015960 0.230181 1.041709 0.222804
2527.287715 1.016050 0.230136 1.041787 0.222743
2528.287829 1.016139 0.230091 1.041864 0.222682
2529.287943 1.016229 0.230046 1.041942 0.222620
2530.288056 1.016319 0.230001 1.042019 0.222559
2531.288170 1.016408 0.229956 1.042097 0.222497
2532.288284 1.016498 0.229910 1.042174 0.222436
2533.288398 1.016588 0.229864 1.042252 0.222374
2534.288512 1.016677 0.229819 1.042329 0.222312
2535.288626 1.016767 0.229773 1.042406 0.222251
2536.288740 1.016857 0.229727 1.042484 0.222189
2537.288853 1.016946 0.229681 1.042561 0.222127
2538.288967 1.017036 0.229635 1.042638 0.222064
2539.289081 1.017126 0.229588 1.042715 0.222002
2540.289195 1.017215 0.229542 1.042793 0.221940
2541.289309 1.017305 0.229495 1.042870 0.221877
2542.289423 1.017395 0.229449 1.042947 0.221815
2543.289537 1.017484 0.229402 1.043024 0.221752
2544.289650 1.017574 0.229355 1.043101 0.221690
2545.289764 1.017663 0.229308 1.043178 0.221627
2546.289878 1.017753 0.229261 1.043255 0.221564
2547.289992 1.017843 0.229214 1.043332 0.221501
2548.290106 1.017932 0.229166 1.043409 0.221438
2549.290220 1.018022 0.229119 1.043486 0.221374
2550.290334 1.018111 0.229071 1.043563 0.221311
2551.290447 1.018201 0.229024 1.043640 0.221248
2552.290561 1.018290 0.228976 1.043717 0.221184
2553.290675 1.018380 0.228928 1.043794 0.221121
2554.290789 1.018470 0.228880 1.043871 0.221057
2555.290903 1.018559 0.228832 1.043948 0.220993
2556.291017 1.018649 0.228784 1.044024 0.220929
2557.291131 1.018738 0.228735 1.044101 0.220865
2558.291244 1.018828 0.228687 1.044178 0.220801
2559.291358 1.018917 0.228638 1.044255 0.220737
2560.291472 1.019007 0.228590 1.044331 0.220673
2561.291586 1.019096 0.228541 1.044408 0.220608
2562.291700 1.019186 0.228492 1.044485 0.220544
2563.291814 1.019275 0.228443 1.044561 0.220479
2564.291928 1.019365 0.228394 1.044638 0.220415
2565.292041 1.019454 0.228344 1.044714 0.220350
2566.292155 1.019544 0.228295 1.044791 0.220285
2567.292269 1.019633 0.228245 1.044867 0.220220
2568.292383 1.019723 0.228196 1.044944 0.220155
2569.292497 1.019812 0.228146 1.045020 0.220090
2570.292611 1.019902 0.228096 1.045097 0.220025
2571.292725 1.019991 0.228046 1.045173 0.219959
2572.292838 1.020081 0.227996 1.045250 0.219894
2573.292952 1.020170 0.227946 1.045326 0.219828
2574.293066 1.020259 0.227896 1.045402 0.219763
2575.293180 1.020349 0.227845 1.045478 0.219697
2576.293294 1.020438 0.227795 1.045555 0.219631
2577.293408 1.020528 0.227744 1.045631 0.219565
2578.293522 1.020617 0.227693 1.045707 0.219499
2579.293635 1.020706 0.227643 1.045783 0.219433
2580.293749 1.020796 0.227592 1.045860 0.219367
2581.293863 1.020885 0.227541 1.045936 0.219301
2582.293977 1.020975 0.227489 1.046012 0.219235
2583.294091 1.021064 0.227438 1.046088 0.219168
2584.294205 1.021153 0.227387 1.046164 0.219102
2585.294319 1.021243 0.227335 1.046240 0.219035
2586.294432 1.021332 0.227283 1.046316 0.218968
2587.294546 1.021421 0.227232 1.046392 0.218901
2588.294660 1.021511 0.227180 1.046468 0.218834
2589.294774 1.021600 0.227128 1.046544 0.218767
2590.294888 1.021689 0.227076 1.046620 0.218700
2591.295002 1.021779 0.227023 1.046695 0.218633
2592.295116 1.021868 0.226971 1.046771 0.218566
2593.295229 1.021957 0.226919 1.046847 0.218498
2594.295343 1.022047 0.226866 1.046923 0.218431
2595.295457 1.022136 0.226813 1.046999 0.218363
2596.295571 1.022225 0.226761 1.047074 0.218295
2597.295685 1.022314 0.226708 1.047150 0.218228
2598.295799 1.022404 0.226655 1.047226 0.218160
2599.295913 1.022493 0.226602 1.047301 0.218092
2600.296026 1.022582 0.226548 1.047377 0.218024
2601.296140 1.022671 0.226495 1.047452 0.217956
2602.296254 1.022761 0.226441 1.047528 0.217887
2603.296368 1.022850 0.226388 1.047603 0.217819
2604.296482 1.022939 0.226334 1.047679 0.217751
2605.296596 1.023028 0.226280 1.047754 0.217682
2606.296710 1.023117 0.226226 1.047830 0.217613
2607.296823 1.023206 0.226172 1.047905 0.217545
2608.296937 1.023296 0.226118 1.047981 0.217476
2609.297051 1.023385 0.226064 1.048056 0.217407
2610.297165 1.023474 0.226010 1.048131 0.217338
2611.297279 1.023563 0.225955 1.048207 0.217269
2612.297393 1.023652 0.225901 1.048282 0.217200
2613.297507 1.023741 0.225846 1.048357 0.217130
2614.297620 1.023830 0.225791 1.048432 0.217061
2615.297734 1.023920 0.225736 1.048508 0.216992
2616.297848 1.024009 0.225681 1.048583 0.216922
2617.297962 1.024098 0.225626 1.048658 0.216852
2618.298076 1.024187 0.225571 1.048733 0.216783
2619.298190 1.024276 0.225515 1.048808 0.216713
2620.298304 1.024365 0.225460 1.048883 0.216643
2621.298417 1.024454 0.225404 1.048958 0.216573
2622.298531 1.024543 0.225348 1.049033 0.216503
2623.298645 1.024632 0.225293 1.049108 0.216433
2624.298759 1.024721 0.225237 1.049183 0.216362
2625.298873 1.024810 0.225181 1.049258 0.216292
2626.298987 1.024899 0.225124 1.049333 0.216221
2627.299101 1.024988 0.225068 1.049408 0.216151
2628.299214 1.025077 0.225012 1.049482 0.216080
2629.299328 1.025166 0.224955 1.049557 0.216009
2630.299442 1.025255 0.224899 1.049632 0.215939
2631.299556 1.025344 0.224842 1.049707 0.215868
2632.299670 1.025433 0.224785 1.049781 0.215797
2633.299784 1.025522 0.224728 1.049856 0.215725
2634.299898 1.025611 0.224671 1.049931 0.215654
2635.300011 1.025700 0.224614 1.050005 0.215583
2636.300125 1.025789 0.224557 1.050080 0.215512
2637.300239 1.025877 0.224499 1.050155 0.215440
2638.300353 1.025966 0.224442 1.050229 0.215368
2639.300467 1.026055 0.224384 1.050304 0.215297
2640.300581 1.026144 0.224326 1.050378 0.215225
2641.300695 1.026233 0.224269 1.050453 0.215153
2642.300808 1.026322 0.224211 1.050527 0.215081
2643.300922 1.026411 0.224153 1.050601 0.215009
2644.301036 1.026499 0.224094 1.050676 0.214937
2645.301150 1.026588 0.224036 1.050750 0.214865
2646.301264 1.026677 0.223978 1.050824 0.214793
2647.301378 1.026766 0.223919 1.050899 0.214720
2648.301492 1.026855 0.223861 1.050973 0.214648
2649.301605 1.026943 0.223802 1.051047 0.214575
2650.301719 1.027032 0.223743 1.051121 0.214502
2651.301833 1.027121 0.223684 1.051195 0.214430
2652.301947 1.027210 0.223625 1.051270 0.214357
2653.302061 1.027298 0.223566 1.051344 0.214284
2654.302175 1.027387 0.223506 1.051418 0.214211
2655.302289 1.027476 0.223447 1.051492 0.214138
2656.302402 1.027564 0.223388 1.051566 0.214064
2657.302516 1.027653 0.223328 1.051640 0.213991
2658.302630 1.027742 0.223268 1.051714 0.213918
2659.302744 1.027830 0.223208 1.051788 0.213844
2660.302858 1.027919 0.223148 1.051862 0.213771
2661.302972 1.028008 0.223088 1.051935 0.213697
2662.303086 1.028096 0.223028 1.052009 0.213623
2663.303199 1.028185 0.222968 1.052083 0.213549
2664.303313 1.028273 0.222907 1.052157 0.213475
2665.303427 1.028362 0.222847 1.052231 0.213401
2666.303541 1.028451 0.222786 1.052304 0.213327
2667.303655 1.028539 0.222726 1.052378 0.213253
2668.303769 1.028628 0.222665 1.052452 0.213179
2669.303883 1.028716 0.222604 1.052525 0.213104
2670.303996 1.028805 0.222543 1.052599 0.213030
2671.304110 1.028893 0.222482 1.052672 0.212955
2672.304224 1.028982 0.222420 1.052746 0.212880
2673.304338 1.029070 0.222359 1.052820 0.212806
2674.304452 1.029159 0.222297 1.052893 0.212731
2675.304566 1.029247 0.222236 1.052966 0.212656
2676.304679 1.029336 0.222174 1.053040 0.212581
2677.304793 1.029424 0.222112 1.053113 0.212506
2678.304907 1.029512 0.222050 1.053187 0.212431
2679.305021 1.029601 0.221988 1.053260 0.212355
2680.305135 1.029689 0.221926 1.053333 0.212280
2681.305249 1.029778 0.221864 1.053407 0.212204
2682.305363 1.029866 0.221801 1.053480 0.212129
2683.305476 1.029954 0.221739 1.053553 0.212053
2684.305590 1.030043 0.221676 1.053626 0.211977
2685.305704 1.030131 0.221613 1.053699 0.211902
2686.305818 1.030219 0.221551 1.053773 0.211826
2687.305932 1.030308 0.221488 1.053846 0.211750
2688.306046 1.030396 0.221425 1.053919 0.211674
2689.306160 1.030484 0.221361 1.053992 0.211597
2690.306273 1.030572 0.221298 1.054065 0.211521
2691.306387 1.030661 0.221235 1.054138 0.211445
2692.306501 1.030749 0.221171 1.054211 0.211368
2693.306615 1.030837 0.221108 1.054284 0.211292
2694.306729 1.030925 0.221044 1.054356 0.211215
2695.306843 1.031014 0.220980 1.054429 0.211138
2696.306957 1.031102 0.220916 1.054502 0.211062
2697.307070 1.031190 0.220852 1.054575 0.210985
2698.307184 1.031278 0.220788 1.054648 0.210908
2699.307298 1.031366 0.220724 1.054720 0.210831
2700.307412 1.031454 0.220659 1.054793 0.210754
2701.307526 1.031542 0.220595 1.054866 0.210676
2702.307640 1.031631 0.220530 1.054939 0.210599
2703.307754 1.031719 0.220466 1.055011 0.210522
2704.307867 1.031807 0.220401 1.055084 0.210444
2705.307981 1.031895 0.220336 1.055156 0.210366
2706.308095 1.031983 0.220271 1.055229 0.210289
2707.308209 1.032071 0.220206 1.055301 0.210211
2708.308323 1.032159 0.220141 1.055374 0.210133
2709.308437 1.032247 0.220075 1.055446 0.210055
2710.308551 1.032335 0.220010 1.055519 0.209977
2711.308664 1.032423 0.219944 1.055591 0.209899
2712.308778 1.032511 0.219878 1.055663 0.209821
2713.308892 1.032599 0.219813 1.055736 0.209742
2714.309006 1.032687 0.219747 1.055808 0.209664
2715.309120 1.032775 0.219681 1.055880 0.209586
2716.309234 1.032862 0.219615 1.055952 0.209507
2717.309348 1.032950 0.219548 1.056025 0.209428
2718.309461 1.033038 0.219482 1.056097 0.209350
2719.309575 1.033126 0.219416 1.056169 0.209271
2720.309689 1.033214 0.219349 1.056241 0.209192
2721.309803 1.033302 0.219282 1.056313 0.209113
2722.309917 1.033389 0.219216 1.056385 0.209034
2723.310031 1.033477 0.219149 1.056457 0.208955
2724.310145 1.033565 0.219082 1.056529 0.208875
2725.310258 1.033653 0.219015 1.056601 0.208796
2726.310372 1.033741 0.218947 1.056673 0.208717
2727.310486 1.033828 0.218880 1.056745 0.208637
2728.310600 1.033916 0.218813 1.056817 0.208558
2729.310714 1.034004 0.218745 1.056888 0.208478
2730.310828 1.034091 0.218678 1.056960 0.208398
2731.310942 1.034179 0.218610 1.057032 0.208318
2732.311055 1.034267 0.218542 1.057104 0.208238
2733.311169 1.034354 0.218474 1.057175 0.208158
2734.311283 1.034442 0.218406 1.057247 0.208078
2735.311397 1.034530 0.218338 1.057319 0.207998
2736.311511 1.034617 0.218269 1.057390 0.207918
2737.311625 1.034705 0.218201 1.057462 0.207837
2738.311739 1.034792 0.218132 1.057533 0.207757
2739.311852 1.034880 0.218064 1.057605 0.207676
2740.311966 1.034967 0.217995 1.057676 0.207595
2741.312080 1.035055 0.217926 1.057748 0.207515
2742.312194 1.035142 0.217857 1.057819 0.207434
2743.312308 1.035230 0.217788 1.057891 0.207353
2744.312422 1.035317 0.217719 1.057962 0.207272
2745.312536 1.035405 0.217650 1.058033 0.207191
2746.312649 1.035492 0.217581 1.058105 0.207110
2747.312763 1.035580 0.217511 1.058176 0.207029
2748.312877 1.035667 0.217441 1.058247 0.206947
2749.312991 1.035754 0.217372 1.058318 0.206866
2750.313105 1.035842 0.217302 1.058389 0.206784
2751.313219 1.035929 0.217232 1.058460 0.206703
2752.313333 1.036016 0.217162 1.058532 0.206621
2753.313446 1.036104 0.217092 1.058603 0.206539
2754.313560 1.036191 0.217022 1.058674 0.206457
2755.313674 1.036278 0.216951 1.058745 0.206376
2756.313788 1.036365 0.216881 1.058816 0.206294
2757.313902 1.036453 0.216810 1.058887 0.206211
2758.314016 1.036540 0.216740 1.058957 0.206129
2759.314130 1.036627 0.216669 1.059028 0.206047
2760.314243 1.036714 0.216598 1.059099 0.205965
2761.314357 1.036801 0.216527 1.059170 0.205882
2762.314471 1.036889 0.216456 1.059241 0.205800
2763.314585 1.036976 0.216385 1.059312 0.205717
2764.314699 1.037063 0.216313 1.059382 0.205634
2765.314813 1.037150 0.216242 1.059453 0.205552
2766.314927 1.037237 0.216170 1.059524 0.205469
2767.315040 1.037324 0.216099 1.059594 0.205386
2768.315154 1.037411 0.216027 1.059665 0.205303
2769.315268 1.037498 0.215955 1.059735 0.205220
2770.315382 1.037585 0.215883 1.059806 0.205136
2771.315496 1.037672 0.215811 1.059876 0.205053
2772.315610 1.037759 0.215739 1.059947 0.204970
2773.315724 1.037846 0.215667 1.060017 0.204886
2774.315837 1.037933 0.215594 1.060088 0.204803
2775.315951 1.038020 0.215522 1.060158 0.204719
2776.316065 1.038107 0.215449 1.060228 0.204635
2777.316179 1.038194 0.215377 1.060299 0.204552
2778.316293 1.038281 0.215304 1.060369 0.204468
2779.316407 1.038367 0.215231 1.060439 0.204384
2780.316521 1.038454 0.215158 1.060509 0.204300
2781.316634 1.038541 0.215085 1.060580 0.204216
2782.316748 1.038628 0.215011 1.060650 0.204131
2783.316862 1.038715 0.214938 1.060720 0.204047
2784.316976 1.038801 0.214865 1.060790 0.203963
2785.317090 1.038888 0.214791 1.060860 0.203878
2786.317204 1.038975 0.214717 1.060930 0.203794
2787.317318 1.039062 0.214644 1.061000 0.203709
2788.317431 1.039148 0.214570 1.061070 0.203624
2789.317545 1.039235 0.214496 1.061140 0.203540
2790.317659 1.039321 0.214422 1.061210 0.203455
2791.317773 1.039408 0.214348 1.061279 0.203370
2792.317887 1.039495 0.214273 1.061349 0.203285
2793.318001 1.039581 0.214199 1.061419 0.203200
2794.318115 1.039668 0.214124 1.061489 0.203114
2795.318228 1.039754 0.214050 1.061559 0.203029
2796.318342 1.039841 0.213975 1.061628 0.202944
2797.318456 1.039927 0.213900 1.061698 0.202858
2798.318570 1.040014 0.213825 1.061767 0.202773
2799.318684 1.040100 0.213750 1.061837 0.202687
2800.318798 1.040187 0.213675 1.061907 0.202601
2801.318912 1.040273 0.213600 1.061976 0.202516
2802.319025 1.040360 0.213524 1.062046 0.202430
2803.319139 1.040446 0.213449 1.062115 0.202344
2804.319253 1.040532 0.213373 1.062184 0.202258
2805.319367 1.040619 0.213298 1.062254 0.202172
2806.319481 1.040705 0.213222 1.062323 0.202086
2807.319595 1.040791 0.213146 1.062393 0.201999
2808.319709 1.040878 0.213070 1.062462 0.201913
2809.319822 1.040964 0.212994 1.062531 0.201826
2810.319936 1.041050 0.212918 1.062600 0.201740
2811.320050 1.041136 0.212841 1.062669 0.201653
2812.320164 1.041223 0.212765 1.062739 0.201567
2813.320278 1.041309 0.212688 1.062808 0.201480
2814.320392 1.041395 0.212612 1.062877 0.201393
2815.320506 1.041481 0.212535 1.062946 0.201306
2816.320619 1.041567 0.212458 1.063015 0.201219
2817.320733 1.041653 0.212381 1.063084 0.201132
2818.320847 1.041739 0.212304 1.063153 0.201045
2819.320961 1.041825 0.212227 1.063222 0.200957
2820.321075 1.041912 0.212150 1.063291 0.200870
2821.321189 1.041998 0.212073 1.063360 0.200783
2822.321303 1.042084 0.211995 1.063428 0.200695
2823.321416 1.042170 0.211917 1.063497 0.200608
2824.321530 1.042255 0.211840 1.063566 0.200520
2825.321644 1.042341 0.211762 1.063635 0.200432
2826.321758 1.042427 0.211684 1.063703 0.200344
2827.321872 1.042513 0.211606 1.063772 0.200256
2828.321986 1.042599 0.211528 1.063841 0.200168
2829.322100 1.042685 0.211450 1.063909 0.200080
2830.322213 1.042771 0.211372 1.063978 0.199992
2831.322327 1.042857 0.211293 1.064046 0.199904
2832.322441 1.042942 0.211215 1.064115 0.199816
2833.322555 1.043028 0.211136 1.064183 0.199727
2834.322669 1.043114 0.211057 1.064252 0.199639
2835.322783 1.043200 0.210978 1.064320 0.199550
2836.322897 1.043285 0.210900 1.064388 0.199461
2837.323010 1.043371 0.210820 1.064457 0.199373
2838.323124 1.043457 0.210741 1.064525 0.199284
2839.323238 1.043542 0.210662 1.064593 0.199195
2840.323352 1.043628 0.210583 1.064662 0.199106
2841.323466 1.043713 0.210503 1.064730 0.199017
2842.323580 1.043799 0.210424 1.064798 0.198928
2843.323693 1.043885 0.210344 1.064866 0.198839
2844.323807 1.043970 0.210264 1.064934 0.198749
2845.323921 1.044056 0.210184 1.065002 0.198660
2846.324035 1.044141 0.210104 1.065070 0.198571
2847.324149 1.044227 0.210024 1.065138 0.198481
2848.324263 1.044312 0.209944 1.065206 0.198391
2849.324377 1.044397 0.209864 1.065274 0.198302
2850.324490 1.044483 0.209784 1.065342 0.198212
2851.324604 1.044568 0.209703 1.065410 0.198122
2852.324718 1.044654 0.209622 1.065478 0.198032
2853.324832 1.044739 0.209542 1.065545 0.197942
2854.324946 1.044824 0.209461 1.065613 0.197852
2855.325060 1.044909 0.209380 1.065681 0.197762
2856.325174 1.044995 0.209299 1.065749 0.197672
2857.325287 1.045080 0.209218 1.065816 0.197581
2858.325401 1.045165 0.209137 1.065884 0.197491
2859.325515 1.045250 0.209055 1.065951 0.197400
2860.325629 1.045335 0.208974 1.066019 0.197310
2861.325743 1.045421 0.208892 1.066086 0.197219
2862.325857 1.045506 0.208811 1.066154 0.197128
2863.325971 1.045591 0.208729 1.066221 0.197038
2864.326084 1.045676 0.208647 1.066289 0.196947
2865.326198 1.045761 0.208565 1.066356 0.196856
2866.326312 1.045846 0.208483 1.066423 0.196765
2867.326426 1.045931 0.208401 1.066491 0.196674
2868.326540 1.046016 0.208319 1.066558 0.196582
2869.326654 1.046101 0.208236 1.066625 0.196491
2870.326768 1.046186 0.208154 1.066692 0.196400
2871.326881 1.046271 0.208071 1.066760 0.196308
2872.326995 1.046356 0.207989 1.066827 0.196217
2873.327109 1.046440 0.207906 1.066894 0.196125
2874.327223 1.046525 0.207823 1.066961 0.196034
2875.327337 1.046610 0.207740 1.067028 0.195942
2876.327451 1.046695 0.207657 1.067095 0.195850
2877.327565 1.046780 0.207574 1.067162 0.195758
2878.327678 1.046864 0.207491 1.067229 0.195666
2879.327792 1.046949 0.207407 1.067296 0.195574
2880.327906 1.047034 0.207324 1.067363 0.195482
2881.328020 1.047119 0.207240 1.067429 0.195390
2882.328134 1.047203 0.207156 1.067496 0.195297
2883.328248 1.047288 0.207073 1.067563 0.195205
2884.328362 1.047372 0.206989 1.067630 0.195113
2885.328475 1.047457 0.206905 1.067696 0.195020
2886.328589 1.047541 0.206821 1.067763 0.194927
2887.328703 1.047626 0.206736 1.067830 0.194835
2888.328817 1.047711 0.206652 1.067896 0.194742
2889.328931 1.047795 0.206568 1.067963 0.194649
2890.329045 1.047879 0.206483 1.068029 0.194556
2891.329159 1.047964 0.206399 1.068096 0.194463
2892.329272 1.048048 0.206314 1.068162 0.194370
2893.329386 1.048133 0.206229 1.068229 0.194277
2894.329500 1.048217 0.206144 1.068295 0.194184
2895.329614 1.048301 0.206059 1.068361 0.194090
2896.329728 1.048386 0.205974 1.068428 0.193997
2897.329842 1.048470 0.205889 1.068494 0.193903
2898.329956 1.048554 0.205803 1.068560 0.193810
2899.330069 1.048638 0.205718 1.068626 0.193716
2900.330183 1.048723 0.205633 1.068693 0.193623
2901.330297 1.048807 0.205547 1.068759 0.193529
2902.330411 1.048891 0.205461 1.068825 0.193435
2903.330525 1.048975 0.205375 1.068891 0.193341
2904.330639 1.049059 0.205289 1.068957 0.193247
2905.330753 1.049143 0.205203 1.069023 0.193153
2906.330866 1.049227 0.205117 1.069089 0.193059
2907.330980 1.049311 0.205031 1.069155 0.192965
2908.331094 1.049395 0.204945 1.069221 0.192870
2909.331208 1.049479 0.204858 1.069286 0.192776
2910.331322 1.049563 0.204772 1.069352 0.192681
2911.331436 1.049647 0.204685 1.069418 0.192587
2912.331550 1.049731 0.204598 1.069484 0.192492
2913.331663 1.049815 0.204511 1.069549 0.192398
2914.331777 1.049899 0.204425 1.069615 0.192303
2915.331891 1.049982 0.204337 1.069681 0.192208
2916.332005 1.050066 0.204250 1.069746 0.192113
2917.332119 1.050150 0.204163 1.069812 0.192018
2918.332233 1.050234 0.204076 1.069877 0.191923
2919.332347 1.050317 0.203988 1.069943 0.191828
2920.332460 1.050401 0.203901 1.070008 0.191732
2921.332574 1.050485 0.203813 1.070074 0.191637
2922.332688 1.050568 0.203725 1.070139 0.191542
2923.332802 1.050652 0.203637 1.070205 0.191446
2924.332916 1.050736 0.203549 1.070270 0.191351
2925.333030 1.050819 0.203461 1.070335 0.191255
2926.333144 1.050903 0.203373 1.070400 0.191159
2927.333257 1.050986 0.203285 1.070466 0.191064
2928.333371 1.051070 0.203197 1.070531 0.190968
2929.333485 1.051153 0.203108 1.070596 0.190872
2930.333599 1.051236 0.203020 1.070661 0.190776
2931.333713 1.051320 0.202931 1.070726 0.190680
2932.333827 1.051403 0.202842 1.070791 0.190584
2933.333941 1.051487 0.202753 1.070856 0.190488
2934.334054 1.051570 0.202664 1.070921 0.190391
2935.334168 1.051653 0.202575 1.070986 0.190295
2936.334282 1.051736 0.202486 1.071051 0.190198
2937.334396 1.051820 0.202397 1.071116 0.190102
2938.334510 1.051903 0.202308 1.071181 0.190005
2939.334624 1.051986 0.202218 1.071245 0.189909
2940.334738 1.052069 0.202129 1.071310 0.189812
2941.334851 1.052152 0.202039 1.071375 0.189715
2942.334965 1.052235 0.201949 1.071439 0.189618
2943.335079 1.052318 0.201859 1.071504 0.189521
2944.335193 1.052401 0.201769 1.071569 0.189424
2945.335307 1.052484 0.201679 1.071633 0.189327
2946.335421 1.052567 0.201589 1.071698 0.189230
2947.335535 1.052650 0.201499 1.071762 0.189133
2948.335648 1.052733 0.201409 1.071827 0.189035
2949.335762 1.052816 0.201318 1.071891 0.188938
2950.335876 1.052899 0.201228 1.071956 0.188840
2951.335990 1.052982 0.201137 1.072020 0.188743
2952.336104 1.053065 0.201046 1.072084 0.188645
2953.336218 1.053147 0.200955 1.072149 0.188547
2954.336332 1.053230 0.200864 1.072213 0.188450
2955.336445 1.053313 0.200773 1.072277 0.188352
2956.336559 1.053396 0.200682 1.072341 0.188254
2957.336673 1.053478 0.200591 1.072405 0.188156
2958.336787 1.053561 0.200500 1.072469 0.188058
2959.336901 1.053643 0.200408 1.072533 0.187960
2960.337015 1.053726 0.200317 1.072597 0.187861
2961.337129 1.053809 0.200225 1.072661 0.187763
2962.337242 1.053891 0.200133 1.072725 0.187665
2963.337356 1.053974 0.200041 1.072789 0.187566
2964.337470 1.054056 0.199949 1.072853 0.187468
2965.337584 1.054139 0.199857 1.072917 0.187369
2966.337698 1.054221 0.199765 1.072981 0.187270
2967.337812 1.054303 0.199673 1.073045 0.187172
2968.337926 1.054386 0.199581 1.073108 0.187073
2969.338039 1.054468 0.199488 1.073172 0.186974
2970.338153 1.054550 0.199396 1.073236 0.186875
2971.338267 1.054633 0.199303 1.073299 0.186776
2972.338381 1.054715 0.199210 1.073363 0.186677
2973.338495 1.054797 0.199117 1.073426 0.186578
2974.338609 1.054879 0.199025 1.073490 0.186478
2975.338723 1.054961 0.198931 1.073553 0.186379
2976.338836 1.055043 0.198838 1.073617 0.186280
2977.338950 1.055125 0.198745 1.073680 0.186180
2978.339064 1.055208 0.198652 1.073744 0.186081
2979.339178 1.055290 0.198558 1.073807 0.185981
2980.339292 1.055372 0.198465 1.073870 0.185881
2981.339406 1.055454 0.198371 1.073934 0.185782
2982.339520 1.055535 0.198278 1.073997 0.185682
2983.339633 1.055617 0.198184 1.074060 0.185582
2984.339747 1.055699 0.198090 1.074123 0.185482
2985.339861 1.055781 0.197996 1.074186 0.185382
2986.339975 1.055863 0.197902 1.074249 0.185282
2987.340089 1.055945 0.197808 1.074312 0.185181
2988.340203 1.056026 0.197713 1.074375 0.185081
2989.340317 1.056108 0.197619 1.074438 0.184981
2990.340430 1.056190 0.197524 1.074501 0.184880
2991.340544 1.056272 0.197430 1.074564 0.184780
2992.340658 1.056353 0.197335 1.074627 0.184679
2993.340772 1.056435 0.197240 1.074690 0.184579
2994.340886 1.056516 0.197145 1.074753 0.184478
2995.341000 1.056598 0.197050 1.074815 0.184377
2996.341114 1.056679 0.196955 1.074878 0.184276
2997.341227 1.056761 0.196860 1.074941 0.184175
2998.341341 1.056842 0.196765 1.075003 0.184074
2999.341455 1.056924 0.196670 1.075066 0.183973
3000.341569 1.057005 0.196574 1.075129 0.183872
3001.341683 1.057087 0.196479 1.075191 0.183771
3002.341797 1.057168 0.196383 1.075254 0.183670
3003.341911 1.057249 0.196287 1.075316 0.183568
3004.342024 1.057330 0.196191 1.075378 0.183467
3005.342138 1.057412 0.196095 1.075441 0.183365
3006.342252 1.057493 0.195999 1.075503 0.183264
3007.342366 1.057574 0.195903 1.075565 0.183162
3008.342480 1.057655 0.195807 1.075628 0.183060
3009.342594 1.057736 0.195711 1.075690 0.182959
3010.342708 1.057817 0.195614 1.075752 0.182857
3011.342821 1.057898 0.195518 1.075814 0.182755
3012.342935 1.057979 0.195421 1.075876 0.182653
3013.343049 1.058060 0.195324 1.075938 0.182551
3014.343163 1.058141 0.195227 1.076000 0.182449
3015.343277 1.058222 0.195131 1.076062 0.182346
3016.343391 1.058303 0.195034 1.076124 0.182244
3017.343504 1.058384 0.194936 1.076186 0.182142
3018.343618 1.058465 0.194839 1.076248 0.182039
3019.343732 1.058546 0.194742 1.076310 0.181937
3020.343846 1.058626 0.194645 1.076372 0.181834
3021.343960 1.058707 0.194547 1.076434 0.181732
3022.344074 1.058788 0.194449 1.076495 0.181629
3023.344188 1.058869 0.194352 1.076557 0.181526
3024.344301 1.058949 0.194254 1.076619 0.181423
3025.344415 1.059030 0.194156 1.076680 0.181320
3026.344529 1.059110 0.194058 1.076742 0.181217
3027.344643 1.059191 0.193960 1.076804 0.181114
3028.344757 1.059271 0.193862 1.076865 0.181011
3029.344871 1.059352 0.193764 1.076927 0.180908
3030.344985 1.059432 0.193665 1.076988 0.180805
3031.345098 1.059513 0.193567 1.077049 0.180701
3032.345212 1.059593 0.193468 1.077111 0.180598
3033.345326 1.059673 0.193370 1.077172 0.180495
3034.345440 1.059754 0.193271 1.077233 0.180391
3035.345554 1.059834 0.193172 1.077295 0.180287
3036.345668 1.059914 0.193073 1.077356 0.180184
3037.345782 1.059994 0.192974 1.077417 0.180080
3038.345895 1.060075 0.192875 1.077478 0.179976
3039.346009 1.060155 0.192776 1.077539 0.179872
3040.346123 1.060235 0.192677 1.077600 0.179768
3041.346237 1.060315 0.192577 1.077661 0.179664
3042.346351 1.060395 0.192478 1.077722 0.179560
3043.346465 1.060475 0.192378 1.077783 0.179456
3044.346579 1.060555 0.192278 1.077844 0.179352
3045.346692 1.060635 0.192179 1.077905 0.179247
3046.346806 1.060715 0.192079 1.077966 0.179143
3047.346920 1.060795 0.191979 1.078027 0.179038
3048.347034 1.060875 0.191879 1.078087 0.178934
3049.347148 1.060954 0.191779 1.078148 0.178829
3050.347262 1.061034 0.191678 1.078209 0.178725
3051.347376 1.061114 0.191578 1.078269 0.178620
3052.347489 1.061194 0.191478 1.078330 0.178515
3053.347603 1.061273 0.191377 1.078391 0.178410
3054.347717 1.061353 0.191276 1.078451 0.178305
3055.347831 1.061433 0.191176 1.078512 0.178200
3056.347945 1.061512 0.191075 1.078572 0.178095
3057.348059 1.061592 0.190974 1.078633 0.177990
3058.348173 1.061671 0.190873 1.078693 0.177885
3059.348286 1.061751 0.190772 1.078753 0.177780
3060.348400 1.061830 0.190671 1.078814 0.177674
3061.348514 1.061910 0.190569 1.078874 0.177569
3062.348628 1.061989 0.190468 1.078934 0.177463
3063.348742 1.062068 0.190366 1.078994 0.177358
3064.348856 1.062148 0.190265 1.079054 0.177252
3065.348970 1.062227 0.190163 1.079115 0.177147
3066.349083 1.062306 0.190061 1.079175 0.177041
3067.349197 1.062385 0.189960 1.079235 0.176935
3068.349311 1.062465 0.189858 1.079295 0.176829
3069.349425 1.062544 0.189756 1.079355 0.176723
3070.349539 1.062623 0.189654 1.079414 0.176617
3071.349653 1.062702 0.189551 1.079474 0.176511
3072.349767 1.062781 0.189449 1.079534 0.176405
3073.349880 1.062860 0.189347 1.079594 0.176299
3074.349994 1.062939 0.189244 1.079654 0.176192
3075.350108 1.063018 0.189141 1.079714 0.176086
3076.350222 1.063097 0.189039 1.079773 0.175980
3077.350336 1.063176 0.188936 1.079833 0.175873
3078.350450 1.063254 0.188833 1.079892 0.175766
3079.350564 1.063333 0.188730 1.079952 0.175660
3080.350677 1.063412 0.188627 1.080012 0.175553
3081.350791 1.063491 0.188524 1.080071 0.175446
3082.350905 1.063569 0.188421 1.080131 0.175340
3083.351019 1.063648 0.188317 1.080190 0.175233
3084.351133 1.063727 0.188214 1.080249 0.175126
3085.351247 1.063805 0.188110 1.080309 0.175019
3086.351361 1.063884 0.188007 1.080368 0.174912
3087.351474 1.063962 0.187903 1.080427 0.174804
3088.351588 1.064041 0.187799 1.080486 0.174697
3089.351702 1.064119 0.187695 1.080546 0.174590
3090.351816 1.064197 0.187591 1.080605 0.174482
3091.351930 1.064276 0.187487 1.080664 0.174375
3092.352044 1.064354 0.187383 1.080723 0.174267
3093.352158 1.064432 0.187279 1.080782 0.174160
3094.352271 1.064511 0.187174 1.080841 0.174052
3095.352385 1.064589 0.187070 1.080900 0.173945
3096.352499 1.064667 0.186965 1.080959 0.173837
3097.352613 1.064745 0.186861 1.081018 0.173729
3098.352727 1.064823 0.186756 1.081077 0.173621
3099.352841 1.064901 0.186651 1.081135 0.173513
3100.352955 1.064979 0.186546 1.081194 0.173405
3101.353068 1.065057 0.186441 1.081253 0.173297
3102.353182 1.065135 0.186336 1.081312 0.173189
3103.353296 1.065213 0.186231 1.081370 0.173081
3104.353410 1.065291 0.186126 1.081429 0.172972
3105.353524 1.065369 0.186020 1.081487 0.172864
3106.353638 1.065447 0.185915 1.081546 0.172755
3107.353752 1.065525 0.185809 1.081604 0.172647
3108.353865 1.065602 0.185704 1.081663 0.172538
3109.353979 1.065680 0.185598 1.081721 0.172430
3110.354093 1.065758 0.185492 1.081780 0.172321
3111.354207 1.065835 0.185386 1.081838 0.172212
3112.354321 1.065913 0.185280 1.081896 0.172103
3113.354435 1.065991 0.185174 1.081954 0.171995
3114.354549 1.066068 0.185068 1.082013 0.171886
3115.354662 1.066146 0.184962 1.082071 0.171777
3116.354776 1.066223 0.184855 1.082129 0.171667
3117.354890 1.066301 0.184749 1.082187 0.171558
3118.355004 1.066378 0.184642 1.082245 0.171449
3119.355118 1.066455 0.184536 1.082303 0.171340
3120.355232 1.066533 0.184429 1.082361 0.171230
3121.355346 1.066610 0.184322 1.082419 0.171121
3122.355459 1.066687 0.184215 1.082477 0.171012
3123.355573 1.066764 0.184108 1.082535 0.170902
3124.355687 1.066841 0.184001 1.082593 0.170792
3125.355801 1.066919 0.183894 1.082650 0.170683
3126.355915 1.066996 0.183787 1.082708 0.170573
3127.356029 1.067073 0.183679 1.082766 0.170463
3128.356143 1.067150 0.183572 1.082824 0.170353
3129.356256 1.067227 0.183464 1.082881 0.170243
3130.356370 1.067304 0.183356 1.082939 0.170133
3131.356484 1.067380 0.183249 1.082996 0.170023
3132.356598 1.067457 0.183141 1.083054 0.169913
3133.356712 1.067534 0.183033 1.083111 0.169803
3134.356826 1.067611 0.182925 1.083169 0.169693
3135.356940 1.067688 0.182817 1.083226 0.169582
3136.357053 1.067764 0.182709 1.083283 0.169472
3137.357167 1.067841 0.182600 1.083341 0.169362
3138.357281 1.067918 0.182492 1.083398 0.169251
3139.357395 1.067994 0.182384 1.083455 0.169140
3140.357509 1.068071 0.182275 1.083512 0.169030
3141.357623 1.068147 0.182166 1.083570 0.168919
3142.357737 1.068224 0.182058 1.083627 0.168808
3143.357850 1.068300 0.181949 1.083684 0.168698
3144.357964 1.068377 0.181840 1.083741 0.168587
3145.358078 1.068453 0.181731 1.083798 0.168476
3146.358192 1.068529 0.181622 1.083855 0.168365
3147.358306 1.068606 0.181513 1.083912 0.168254
3148.358420 1.068682 0.181403 1.083969 0.168142
3149.358534 1.068758 0.181294 1.084025 0.168031
3150.358647 1.068834 0.181185 1.084082 0.167920
3151.358761 1.068910 0.181075 1.084139 0.167809
3152.358875 1.068986 0.180966 1.084196 0.167697
3153.358989 1.069062 0.180856 1.084252 0.167586
3154.359103 1.069138 0.180746 1.084309 0.167474
3155.359217 1.069214 0.180636 1.084366 0.167363
3156.359331 1.069290 0.180526 1.084422 0.167251
3157.359444 1.069366 0.180416 1.084479 0.167139
3158.359558 1.069442 0.180306 1.084535 0.167027
3159.359672 1.069518 0.180196 1.084592 0.166916
3160.359786 1.069594 0.180085 1.084648 0.166804
3161.359900 1.069669 0.179975 1.084704 0.166692
3162.360014 1.069745 0.179864 1.084761 0.166580
3163.360128 1.069821 0.179754 1.084817 0.166468
3164.360241 1.069896 0.179643 1.084873 0.166355
3165.360355 1.069972 0.179532 1.084929 0.166243
3166.360469 1.070047 0.179422 1.084986 0.166131
3167.360583 1.070123 0.179311 1.085042 0.166018
3168.360697 1.070198 0.179200 1.085098 0.165906
3169.360811 1.070274 0.179088 1.085154 0.165794
3170.360925 1.070349 0.178977 1.085210 0.165681
3171.361038 1.070424 0.178866 1.085266 0.165568
3172.361152 1.070500 0.178755 1.085322 0.165456
3173.361266 1.070575 0.178643 1.085377 0.165343
3174.361380 1.070650 0.178532 1.085433 0.165230
3175.361494 1.070725 0.178420 1.085489 0.165117
3176.361608 1.070801 0.178308 1.085545 0.165005
3177.361722 1.070876 0.178196 1.085601 0.164892
3178.361835 1.070951 0.178084 1.085656 0.164779
3179.361949 1.071026 0.177972 1.085712 0.164665
3180.362063 1.071101 0.177860 1.085767 0.164552
3181.362177 1.071176 0.177748 1.085823 0.164439
3182.362291 1.071251 0.177636 1.085879 0.164326
3183.362405 1.071325 0.177523 1.085934 0.164212
3184.362519 1.071400 0.177411 1.085989 0.164099
3185.362632 1.071475 0.177298 1.086045 0.163986
3186.362746 1.071550 0.177186 1.086100 0.163872
3187.362860 1.071624 0.177073 1.086156 0.163758
3188.362974 1.071699 0.176960 1.086211 0.163645
3189.363088 1.071774 0.176848 1.086266 0.163531
3190.363202 1.071848 0.176735 1.086321 0.163417
3191.363315 1.071923 0.176621 1.086376 0.163303
3192.363429 1.071997 0.176508 1.086431 0.163190
3193.363543 1.072072 0.176395 1.086487 0.163076
3194.363657 1.072146 0.176282 1.086542 0.162962
3195.363771 1.072220 0.176168 1.086597 0.162847
3196.363885 1.072295 0.176055 1.086652 0.162733
3197.363999 1.072369 0.175941 1.086706 0.162619
3198.364112 1.072443 0.175828 1.086761 0.162505
3199.364226 1.072518 0.175714 1.086816 0.162391
3200.364340 1.072592 0.175600 1.086871 0.162276
3201.364454 1.072666 0.175486 1.086926 0.162162
3202.364568 1.072740 0.175372 1.086980 0.162047
3203.364682 1.072814 0.175258 1.087035 0.161933
3204.364796 1.072888 0.175144 1.087090 0.161818
3205.364909 1.072962 0.175030 1.087144 0.161703
3206.365023 1.073036 0.174915 1.087199 0.161589
3207.365137 1.073110 0.174801 1.087253 0.161474
3208.365251 1.073183 0.174686 1.087308 0.161359
3209.365365 1.073257 0.174572 1.087362 0.161244
3210.365479 1.073331 0.174457 1.087417 0.161129
3211.365593 1.073405 0.174342 1.087471 0.161014
3212.365706 1.073478 0.174227 1.087525 0.160899
3213.365820 1.073552 0.174112 1.087579 0.160784
3214.365934 1.073626 0.173997 1.087634 0.160668
3215.366048 1.073699 0.173882 1.087688 0.160553
3216.366162 1.073773 0.173767 1.087742 0.160438
3217.366276 1.073846 0.173652 1.087796 0.160322
3218.366390 1.073919 0.173536 1.087850 0.160207
3219.366503 1.073993 0.173421 1.087904 0.160091
3220.366617 1.074066 0.173305 1.087958 0.159976
3221.366731 1.074139 0.173190 1.088012 0.159860
3222.366845 1.074213 0.173074 1.088066 0.159744
3223.366959 1.074286 0.172958 1.088120 0.159629
3224.367073 1.074359 0.172842 1.088174 0.159513
3225.367187 1.074432 0.172726 1.088227 0.159397
3226.367300 1.074505 0.172610 1.088281 0.159281
3227.367414 1.074578 0.172494 1.088335 0.159165
3228.367528 1.074651 0.172378 1.088388 0.159049
3229.367642 1.074724 0.172262 1.088442 0.158933
3230.367756 1.074797 0.172145 1.088496 0.158817
3231.367870 1.074870 0.172029 1.088549 0.158700
3232.367984 1.074943 0.171912 1.088603 0.158584
3233.368097 1.075015 0.171796 1.088656 0.158468
3234.368211 1.075088 0.171679 1.088709 0.158351
3235.368325 1.075161 0.171562 1.088763 0.158235
3236.368439 1.075233 0.171445 1.088816 0.158118
3237.368553 1.075306 0.171328 1.088869 0.158002
3238.368667 1.075379 0.171211 1.088923 0.157885
3239.368781 1.075451 0.171094 1.088976 0.157768
3240.368894 1.075524 0.170977 1.089029 0.157651
3241.369008 1.075596 0.170859 1.089082 0.157535
3242.369122 1.075668 0.170742 1.089135 0.157418
3243.369236 1.075741 0.170624 1.089188 0.157301
3244.369350 1.075813 0.170507 1.089241 0.157184
3245.369464 1.075885 0.170389 1.089294 0.157067
3246.369578 1.075957 0.170271 1.089347 0.156950
3247.369691 1.076030 0.170154 1.089400 0.156832
3248.369805 1.076102 0.170036 1.089453 0.156715
3249.369919 1.076174 0.169918 1.089505 0.156598
3250.370033 1.076246 0.169800 1.089558 0.156480
3251.370147 1.076318 0.169681 1.089611 0.156363
3252.370261 1.076390 0.169563 1.089663 0.156246
3253.370375 1.076462 0.169445 1.089716 0.156128
3254.370488 1.076533 0.169327 1.089769 0.156010
3255.370602 1.076605 0.169208 1.089821 0.155893
3256.370716 1.076677 0.169089 1.089874 0.155775
3257.370830 1.076749 0.168971 1.089926 0.155657
3258.370944 1.076820 0.168852 1.089979 0.155540
3259.371058 1.076892 0.168733 1.090031 0.155422
3260.371172 1.076964 0.168614 1.090083 0.155304
3261.371285 1.077035 0.168495 1.090136 0.155186
3262.371399 1.077107 0.168376 1.090188 0.155068
3263.371513 1.077178 0.168257 1.090240 0.154950
3264.371627 1.077250 0.168138 1.090292 0.154831
3265.371741 1.077321 0.168018 1.090344 0.154713
3266.371855 1.077392 0.167899 1.090396 0.154595
3267.371969 1.077463 0.167780 1.090448 0.154477
3268.372082 1.077535 0.167660 1.090500 0.154358
3269.372196 1.077606 0.167540 1.090552 0.154240
3270.372310 1.077677 0.167421 1.090604 0.154121
3271.372424 1.077748 0.167301 1.090656 0.154003
3272.372538 1.077819 0.167181 1.090708 0.153884
3273.372652 1.077890 0.167061 1.090760 0.153765
3274.372766 1.077961 0.166941 1.090811 0.153647
3275.372879 1.078032 0.166821 1.090863 0.153528
3276.372993 1.078103 0.166700 1.090915 0.153409
3277.373107 1.078174 0.166580 1.090966 0.153290
3278.373221 1.078245 0.166460 1.091018 0.153171
3279.373335 1.078315 0.166339 1.091069 0.153052
3280.373449 1.078386 0.166219 1.091121 0.152933
3281.373563 1.078457 0.166098 1.091172 0.152814
3282.373676 1.078527 0.165977 1.091224 0.152695
3283.373790 1.078598 0.165857 1.091275 0.152575
3284.373904 1.078668 0.165736 1.091327 0.152456
3285.374018 1.078739 0.165615 1.091378 0.152337
3286.374132 1.078809 0.165494 1.091429 0.152217
3287.374246 1.078880 0.165373 1.091480 0.152098
3288.374360 1.078950 0.165251 1.091531 0.151978
3289.374473 1.079020 0.165130 1.091583 0.151859
3290.374587 1.079090 0.165009 1.091634 0.151739
3291.374701 1.079161 0.164887 1.091685 0.151619
3292.374815 1.079231 0.164766 1.091736 0.151500
3293.374929 1.079301 0.164644 1.091787 0.151380
3294.375043 1.079371 0.164522 1.091837 0.151260
3295.375157 1.079441 0.164401 1.091888 0.151140
3296.375270 1.079511 0.164279 1.091939 0.151020
3297.375384 1.079581 0.164157 1.091990 0.150900
3298.375498 1.079651 0.164035 1.092041 0.150780
3299.375612 1.079720 0.163913 1.092091 0.150660
3300.375726 1.079790 0.163790 1.092142 0.150540
3301.375840 1.079860 0.163668 1.092193 0.150419
3302.375954 1.079930 0.163546 1.092243 0.150299
3303.376067 1.079999 0.163423 1.092294 0.150179
3304.376181 1.080069 0.163301 1.092344 0.150058
3305.376295 1.080138 0.163178 1.092395 0.149938
3306.376409 1.080208 0.163056 1.092445 0.149817
3307.376523 1.080277 0.162933 1.092495 0.149697
3308.376637 1.080347 0.162810 1.092546 0.149576
3309.376751 1.080416 0.162687 1.092596 0.149456
3310.376864 1.080485 0.162564 1.092646 0.149335
3311.376978 1.080555 0.162441 1.092696 0.149214
3312.377092 1.080624 0.162318 1.092747 0.149093
3313.377206 1.080693 0.162195 1.092797 0.148972
3314.377320 1.080762 0.162072 1.092847 0.148851
3315.377434 1.080831 0.161948 1.092897 0.148730
3316.377548 1.080900 0.161825 1.092947 0.148609
3317.377661 1.080969 0.161701 1.092997 0.148488
3318.377775 1.081038 0.161578 1.093047 0.148367
3319.377889 1.081107 0.161454 1.093096 0.148246
3320.378003 1.081176 0.161330 1.093146 0.148124
3321.378117 1.081245 0.161206 1.093196 0.148003
3322.378231 1.081313 0.161082 1.093246 0.147882
3323.378345 1.081382 0.160958 1.093295 0.147760
3324.378458 1.081451 0.160834 1.093345 0.147639
3325.378572 1.081519 0.160710 1.093395 0.147517
3326.378686 1.081588 0.160586 1.093444 0.147395
3327.378800 1.081656 0.160461 1.093494 0.147274
3328.378914 1.081725 0.160337 1.093543 0.147152
3329.379028 1.081793 0.160213 1.093593 0.147030
3330.379142 1.081862 0.160088 1.093642 0.146908
3331.379255 1.081930 0.159963 1.093691 0.146787
3332.379369 1.081998 0.159839 1.093741 0.146665
3333.379483 1.082066 0.159714 1.093790 0.146543
3334.379597 1.082135 0.159589 1.093839 0.146421
3335.379711 1.082203 0.159464 1.093888 0.146298
3336.379825 1.082271 0.159339 1.093937 0.146176
3337.379939 1.082339 0.159214 1.093986 0.146054
3338.380052 1.082407 0.159089 1.094035 0.145932
3339.380166 1.082475 0.158963 1.094084 0.145810
3340.380280 1.082543 0.158838 1.094133 0.145687
3341.380394 1.082610 0.158713 1.094182 0.145565
3342.380508 1.082678 0.158587 1.094231 0.145442
3343.380622 1.082746 0.158461 1.094280 0.145320
3344.380736 1.082814 0.158336 1.094329 0.145197
3345.380849 1.082881 0.158210 1.094378 0.145075
3346.380963 1.082949 0.158084 1.094426 0.144952
3347.381077 1.083016 0.157958 1.094475 0.144829
3348.381191 1.083084 0.157832 1.094524 0.144706
3349.381305 1.083151 0.157706 1.094572 0.144584
3350.381419 1.083219 0.157580 1.094621 0.144461
3351.381533 1.083286 0.157454 1.094669 0.144338
3352.381646 1.083353 0.157328 1.094718 0.144215
3353.381760 1.083421 0.157201 1.094766 0.144092
3354.381874 1.083488 0.157075 1.094814 0.143969
3355.381988 1.083555 0.156948 1.094863 0.143845
3356.382102 1.083622 0.156822 1.094911 0.143722
3357.382216 1.083689 0.156695 1.094959 0.143599
3358.382330 1.083756 0.156568 1.095007 0.143476
3359.382443 1.083823 0.156442 1.095056 0.143352
3360.382557 1.083890 0.156315 1.095104 0.143229
3361.382671 1.083957 0.156188 1.095152 0.143105
3362.382785 1.084024 0.156061 1.095200 0.142982
3363.382899 1.084091 0.155933 1.095248 0.142858
3364.383013 1.084157 0.155806 1.095296 0.142735
3365.383126 1.084224 0.155679 1.095343 0.142611
3366.383240 1.084291 0.155552 1.095391 0.142487
3367.383354 1.084357 0.155424 1.095439 0.142363
3368.383468 1.084424 0.155297 1.095487 0.142240
3369.383582 1.084490 0.155169 1.095535 0.142116
3370.383696 1.084556 0.155041 1.095582 0.141992
3371.383810 1.084623 0.154914 1.095630 0.141868
3372.383923 1.084689 0.154786 1.095678 0.141744
3373.384037 1.084755 0.154658 1.095725 0.141620
3374.384151 1.084822 0.154530 1.095773 0.141495
3375.384265 1.084888 0.154402 1.095820 0.141371
3376.384379 1.084954 0.154274 1.095867 0.141247
3377.384493 1.085020 0.154146 1.095915 0.141123
3378.384607 1.085086 0.154017 1.095962 0.140998
3379.384720 1.085152 0.153889 1.096009 0.140874
3380.384834 1.085218 0.153761 1.096057 0.140750
3381.384948 1.085284 0.153632 1.096104 0.140625
3382.385062 1.085350 0.153504 1.096151 0.140500
3383.385176 1.085415 0.153375 1.096198 0.140376
3384.385290 1.085481 0.153246 1.096245 0.140251
3385.385404 1.085547 0.153117 1.096292 0.140126
3386.385517 1.085612 0.152988 1.096339 0.140002
3387.385631 1.085678 0.152859 1.096386 0.139877
3388.385745 1.085743 0.152730 1.096433 0.139752
3389.385859 1.085809 0.152601 1.096480 0.139627
3390.385973 1.085874 0.152472 1.096527 0.139502
3391.386087 1.085940 0.152343 1.096573 0.139377
3392.386201 1.086005 0.152214 1.096620 0.139252
3393.386314 1.086070 0.152084 1.096667 0.139127
3394.386428 1.086135 0.151955 1.096714 0.139002
3395.386542 1.086201 0.151825 1.096760 0.138877
3396.386656 1.086266 0.151696 1.096807 0.138751
3397.386770 1.086331 0.151566 1.096853 0.138626
3398.386884 1.086396 0.151436 1.096900 0.138501
3399.386998 1.086461 0.151306 1.096946 0.138375
3400.387111 1.086526 0.151176 1.096992 0.138250
3401.387225 1.086591 0.151046 1.097039 0.138124
3402.387339 1.086655 0.150916 1.097085 0.137999
3403.387453 1.086720 0.150786 1.097131 0.137873
3404.387567 1.086785 0.150656 1.097177 0.137747
3405.387681 1.086849 0.150526 1.097224 0.137622
3406.387795 1.086914 0.150395 1.097270 0.137496
3407.387908 1.086979 0.150265 1.097316 0.137370
3408.388022 1.087043 0.150134 1.097362 0.137244
3409.388136 1.087108 0.150004 1.097408 0.137118
3410.388250 1.087172 0.149873 1.097454 0.136992
3411.388364 1.087236 0.149742 1.097500 0.136866
3412.388478 1.087301 0.149611 1.097546 0.136740
3413.388592 1.087365 0.149481 1.097591 0.136614
3414.388705 1.087429 0.149350 1.097637 0.136488
3415.388819 1.087493 0.149219 1.097683 0.136362
3416.388933 1.087557 0.149088 1.097729 0.136236
3417.389047 1.087621 0.148956 1.097774 0.136109
3418.389161 1.087685 0.148825 1.097820 0.135983
3419.389275 1.087749 0.148694 1.097865 0.135857
3420.389389 1.087813 0.148562 1.097911 0.135730
3421.389502 1.087877 0.148431 1.097956 0.135604
3422.389616 1.087941 0.148299 1.098002 0.135477
3423.389730 1.088004 0.148168 1.098047 0.135350
3424.389844 1.088068 0.148036 1.098092 0.135224
3425.389958 1.088132 0.147904 1.098138 0.135097
3426.390072 1.088195 0.147773 1.098183 0.134970
3427.390186 1.088259 0.147641 1.098228 0.134844
3428.390299 1.088322 0.147509 1.098273 0.134717
3429.390413 1.088386 0.147377 1.098318 0.134590
3430.390527 1.088449 0.147244 1.098363 0.134463
3431.390641 1.088512 0.147112 1.098408 0.134336
3432.390755 1.088576 0.146980 1.098453 0.134209
3433.390869 1.088639 0.146848 1.098498 0.134082
3434.390983 1.088702 0.146715 1.098543 0.133955
3435.391096 1.088765 0.146583 1.098588 0.133827
3436.391210 1.088828 0.146450 1.098633 0.133700
3437.391324 1.088891 0.146318 1.098678 0.133573
3438.391438 1.088954 0.146185 1.098722 0.133446
3439.391552 1.089017 0.146052 1.098767 0.133318
3440.391666 1.089080 0.145919 1.098812 0.133191
3441.391780 1.089143 0.145786 1.098856 0.133063
3442.391893 1.089205 0.145653 1.098901 0.132936
3443.392007 1.089268 0.145520 1.098945 0.132808
3444.392121 1.089331 0.145387 1.098990 0.132681
3445.392235 1.089393 0.145254 1.099034 0.132553
3446.392349 1.089456 0.145121 1.099079 0.132425
3447.392463 1.089518 0.144987 1.099123 0.132297
3448.392577 1.089581 0.144854 1.099167 0.132170
3449.392690 1.089643 0.144721 1.099211 0.132042
3450.392804 1.089705 0.144587 1.099256 0.131914
3451.392918 1.089768 0.144453 1.099300 0.131786
3452.393032 1.089830 0.144320 1.099344 0.131658
3453.393146 1.089892 0.144186 1.099388 0.131530
3454.393260 1.089954 0.144052 1.099432 0.131402
3455.393374 1.090016 0.143918 1.099476 0.131274
3456.393487 1.090078 0.143784 1.099520 0.131146
3457.393601 1.090140 0.143650 1.099564 0.131017
3458.393715 1.090202 0.143516 1.099608 0.130889
3459.393829 1.090264 0.143382 1.099651 0.130761
3460.393943 1.090325 0.143248 1.099695 0.130632
3461.394057 1.090387 0.143113 1.099739 0.130504
3462.394171 1.090449 0.142979 1.099782 0.130375
3463.394284 1.090510 0.142844 1.099826 0.130247
3464.394398 1.090572 0.142710 1.099870 0.130118
3465.394512 1.090633 0.142575 1.099913 0.129990
3466.394626 1.090695 0.142440 1.099957 0.129861
3467.394740 1.090756 0.142306 1.100000 0.129732
3468.394854 1.090818 0.142171 1.100044 0.129604
3469.394968 1.090879 0.142036 1.100087 0.129475
3470.395081 1.090940 0.141901 1.100130 0.129346
3471.395195 1.091001 0.141766 1.100173 0.129217
3472.395309 1.091062 0.141631 1.100217 0.129088
3473.395423 1.091124 0.141496 1.100260 0.128959
3474.395537 1.091185 0.141361 1.100303 0.128830
3475.395651 1.091246 0.141225 1.100346 0.128701
3476.395765 1.091306 0.141090 1.100389 0.128572
3477.395878 1.091367 0.140954 1.100432 0.128443
3478.395992 1.091428 0.140819 1.100475 0.128314
3479.396106 1.091489 0.140683 1.100518 0.128184
3480.396220 1.091550 0.140548 1.100561 0.128055
3481.396334 1.091610 0.140412 1.100604 0.127926
3482.396448 1.091671 0.140276 1.100646 0.127796
3483.396562 1.091731 0.140140 1.100689 0.127667
3484.396675 1.091792 0.140004 1.100732 0.127538
3485.396789 1.091852 0.139868 1.100774 0.127408
3486.396903 1.091913 0.139732 1.100817 0.127278
3487.397017 1.091973 0.139596 1.100860 0.127149
3488.397131 1.092033 0.139460 1.100902 0.127019
3489.397245 1.092093 0.139324 1.100945 0.126889
3490.397359 1.092153 0.139187 1.100987 0.126760
3491.397472 1.092214 0.139051 1.101029 0.126630
3492.397586 1.092274 0.138914 1.101072 0.126500
3493.397700 1.092334 0.138778 1.101114 0.126370
3494.397814 1.092394 0.138641 1.101156 0.126240
3495.397928 1.092453 0.138505 1.101198 0.126110
3496.398042 1.092513 0.138368 1.101241 0.125980
3497.398156 1.092573 0.138231 1.101283 0.125850
3498.398269 1.092633 0.138094 1.101325 0.125720
3499.398383 1.092692 0.137957 1.101367 0.125590
3500.398497 1.092752 0.137820 1.101409 0.125460
3501.398611 1.092811 0.137683 1.101451 0.125329
3502.398725 1.092871 0.137546 1.101493 0.125199
3503.398839 1.092930 0.137409 1.101534 0.125069
3504.398953 1.092990 0.137271 1.101576 0.124938
3505.399066 1.093049 0.137134 1.101618 0.124808
3506.399180 1.093108 0.136997 1.101660 0.124678
3507.399294 1.093168 0.136859 1.101701 0.124547
3508.399408 1.093227 0.136722 1.101743 0.124416
3509.399522 1.093286 0.136584 1.101785 0.124286
3510.399636 1.093345 0.136446 1.101826 0.124155
3511.399750 1.093404 0.136308 1.101868 0.124024
3512.399863 1.093463 0.136171 1.101909 0.123894
3513.399977 1.093522 0.136033 1.101950 0.123763
3514.400091 1.093580 0.135895 1.101992 0.123632
3515.400205 1.093639 0.135757 1.102033 0.123501
3516.400319 1.093698 0.135619 1.102074 0.123370
3517.400433 1.093757 0.135481 1.102115 0.123239
3518.400547 1.093815 0.135342 1.102157 0.123108
3519.400660 1.093874 0.135204 1.102198 0.122977
3520.400774 1.093932 0.135066 1.102239 0.122846
3521.400888 1.093991 0.134927 1.102280 0.122715
3522.401002 1.094049 0.134789 1.102321 0.122584
3523.401116 1.094107 0.134650 1.102362 0.122453
3524.401230 1.094166 0.134512 1.102403 0.122322
3525.401344 1.094224 0.134373 1.102444 0.122190
3526.401457 1.094282 0.134234 1.102484 0.122059
3527.401571 1.094340 0.134095 1.102525 0.121927
3528.401685 1.094398 0.133956 1.102566 0.121796
3529.401799 1.094456 0.133817 1.102607 0.121665
3530.401913 1.094514 0.133678 1.102647 0.121533
3531.402027 1.094572 0.133539 1.102688 0.121401
3532.402140 1.094630 0.133400 1.102728 0.121270
3533.402254 1.094687 0.133261 1.102769 0.121138
3534.402368 1.094745 0.133122 1.102809 0.121006
3535.402482 1.094803 0.132982 1.102850 0.120875
3536.402596 1.094860 0.132843 1.102890 0.120743
3537.402710 1.094918 0.132703 1.102930 0.120611
3538.402824 1.094975 0.132564 1.102971 0.120479
3539.402937 1.095033 0.132424 1.103011 0.120347
3540.403051 1.095090 0.132285 1.103051 0.120215
3541.403165 1.095147 0.132145 1.103091 0.120083
3542.403279 1.095205 0.132005 1.103131 0.119951
3543.403393 1.095262 0.131865 1.103171 0.119819
3544.403507 1.095319 0.131725 1.103211 0.119687
3545.403621 1.095376 0.131585 1.103251 0.119555
3546.403734 1.095433 0.131445 1.103291 0.119423
3547.403848 1.095490 0.131305 1.103331 0.119291
3548.403962 1.095547 0.131165 1.103371 0.119158
3549.404076 1.095604 0.131025 1.103411 0.119026
3550.404190 1.095661 0.130884 1.103450 0.118894
3551.404304 1.095717 0.130744 1.103490 0.118761
3552.404418 1.095774 0.130603 1.103530 0.118629
3553.404531 1.095831 0.130463 1.103569 0.118496
3554.404645 1.095887 0.130322 1.103609 0.118364
3555.404759 1.095944 0.130182 1.103648 0.118231
3556.404873 1.096000 0.130041 1.103688 0.118098
3557.404987 1.096056 0.129900 1.103727 0.117966
3558.405101 1.096113 0.129759 1.103767 0.117833
3559.405215 1.096169 0.129619 1.103806 0.117700
3560.405328 1.096225 0.129478 1.103845 0.117568
3561.405442 1.096281 0.129337 1.103884 0.117435
3562.405556 1.096337 0.129195 1.103924 0.117302
3563.405670 1.096393 0.129054 1.103963 0.117169
3564.405784 1.096449 0.128913 1.104002 0.117036
3565.405898 1.096505 0.128772 1.104041 0.116903
3566.406012 1.096561 0.128631 1.104080 0.116770
3567.406125 1.096617 0.128489 1.104119 0.116637
3568.406239 1.096673 0.128348 1.104158 0.116504
3569.406353 1.096728 0.128206 1.104197 0.116371
3570.406467 1.096784 0.128065 1.104235 0.116237
3571.406581 1.096840 0.127923 1.104274 0.116104
3572.406695 1.096895 0.127781 1.104313 0.115971
3573.406809 1.096951 0.127639 1.104352 0.115837
3574.406922 1.097006 0.127498 1.104390 0.115704
3575.407036 1.097061 0.127356 1.104429 0.115571
3576.407150 1.097117 0.127214 1.104467 0.115437
3577.407264 1.097172 0.127072 1.104506 0.115304
3578.407378 1.097227 0.126930 1.104544 0.115170
3579.407492 1.097282 0.126787 1.104583 0.115037
3580.407606 1.097337 0.126645 1.104621 0.114903
3581.407719 1.097392 0.126503 1.104660 0.114769
3582.407833 1.097447 0.126361 1.104698 0.114636
3583.407947 1.097502 0.126218 1.104736 0.114502
3584.408061 1.097557 0.126076 1.104774 0.114368
3585.408175 1.097612 0.125933 1.104812 0.114234
3586.408289 1.097666 0.125791 1.104850 0.114100
3587.408403 1.097721 0.125648 1.104889 0.113967
3588.408516 1.097776 0.125505 1.104927 0.113833
3589.408630 1.097830 0.125362 1.104965 0.113699
3590.408744 1.097885 0.125220 1.105002 0.113565
3591.408858 1.097939 0.125077 1.105040 0.113431
3592.408972 1.097993 0.124934 1.105078 0.113296
3593.409086 1.098048 0.124791 1.105116 0.113162
3594.409200 1.098102 0.124648 1.105154 0.113028
3595.409313 1.098156 0.124505 1.105191 0.112894
3596.409427 1.098210 0.124361 1.105229 0.112760
3597.409541 1.098264 0.124218 1.105267 0.112625
3598.409655 1.098318 0.124075 1.105304 0.112491
3599.409769 1.098372 0.123931 1.105342 0.112357
3600.409883 1.098426 0.123788 1.105379 0.112222
3601.409997 1.098480 0.123644 1.105416 0.112088
3602.410110 1.098533 0.123501 1.105454 0.111953
3603.410224 1.098587 0.123357 1.105491 0.111819
3604.410338 1.098641 0.123214 1.105528 0.111684
3605.410452 1.098694 0.123070 1.105566 0.111550
3606.410566 1.098748 0.122926 1.105603 0.111415
3607.410680 1.098801 0.122782 1.105640 0.111280
3608.410794 1.098855 0.122638 1.105677 0.111146
3609.410907 1.098908 0.122494 1.105714 0.111011
3610.411021 1.098961 0.122350 1.105751 0.110876
3611.411135 1.099015 0.122206 1.105788 0.110741
3612.411249 1.099068 0.122062 1.105825 0.110606
3613.411363 1.099121 0.121918 1.105862 0.110471
3614.411477 1.099174 0.121773 1.105899 0.110336
3615.411591 1.099227 0.121629 1.105935 0.110201
3616.411704 1.099280 0.121485 1.105972 0.110066
3617.411818 1.099333 0.121340 1.106009 0.109931
3618.411932 1.099385 0.121196 1.106046 0.109796
3619.412046 1.099438 0.121051 1.106082 0.109661
3620.412160 1.099491 0.120906 1.106119 0.109526
3621.412274 1.099543 0.120762 1.106155 0.109390
3622.412388 1.099596 0.120617 1.106192 0.109255
3623.412501 1.099649 0.120472 1.106228 0.109120
3624.412615 1.099701 0.120327 1.106264 0.108985
3625.412729 1.099753 0.120182 1.106301 0.108849
3626.412843 1.099806 0.120037 1.106337 0.108714
3627.412957 1.099858 0.119892 1.106373 0.108578
3628.413071 1.099910 0.119747 1.106409 0.108443
3629.413185 1.099962 0.119602 1.106446 0.108307
3630.413298 1.100014 0.119457 1.106482 0.108172
3631.413412 1.100066 0.119311 1.106518 0.108036
3632.413526 1.100118 0.119166 1.106554 0.107900
3633.413640 1.100170 0.119021 1.106590 0.107765
3634.413754 1.100222 0.118875 1.106625 0.107629
3635.413868 1.100274 0.118730 1.106661 0.107493
3636.413982 1.100326 0.118584 1.106697 0.107357
3637.414095 1.100377 0.118438 1.106733 0.107222
3638.414209 1.100429 0.118293 1.106769 0.107086
3639.414323 1.100480 0.118147 1.106804 0.106950
3640.414437 1.100532 0.118001 1.106840 0.106814
3641.414551 1.100583 0.117855 1.106876 0.106678
3642.414665 1.100635 0.117709 1.106911 0.106542
3643.414779 1.100686 0.117563 1.106947 0.106406
3644.414892 1.100737 0.117417 1.106982 0.106270
3645.415006 1.100788 0.117271 1.107017 0.106133
3646.415120 1.100839 0.117125 1.107053 0.105997
3647.415234 1.100890 0.116979 1.107088 0.105861
3648.415348 1.100941 0.116832 1.107123 0.105725
3649.415462 1.100992 0.116686 1.107158 0.105589
3650.415576 1.101043 0.116540 1.107194 0.105452
3651.415689 1.101094 0.116393 1.107229 0.105316
3652.415803 1.101145 0.116247 1.107264 0.105179
3653.415917 1.101196 0.116100 1.107299 0.105043
3654.416031 1.101246 0.115954 1.107334 0.104907
3655.416145 1.101297 0.115807 1.107369 0.104770
3656.416259 1.101347 0.115660 1.107404 0.104633
3657.416373 1.101398 0.115513 1.107439 0.104497
3658.416486 1.101448 0.115367 1.107473 0.104360
3659.416600 1.101498 0.115220 1.107508 0.104224
3660.416714 1.101549 0.115073 1.107543 0.104087
3661.416828 1.101599 0.114926 1.107577 0.103950
3662.416942 1.101649 0.114779 1.107612 0.103813
3663.417056 1.101699 0.114631 1.107647 0.103677
3664.417170 1.101749 0.114484 1.107681 0.103540
3665.417283 1.101799 0.114337 1.107716 0.103403
3666.417397 1.101849 0.114190 1.107750 0.103266
3667.417511 1.101899 0.114042 1.107784 0.103129
3668.417625 1.101948 0.113895 1.107819 0.102992
3669.417739 1.101998 0.113747 1.107853 0.102855
3670.417853 1.102048 0.113600 1.107887 0.102718
3671.417967 1.102097 0.113452 1.107921 0.102581
3672.418080 1.102147 0.113305 1.107956 0.102444
3673.418194 1.102196 0.113157 1.107990 0.102307
3674.418308 1.102246 0.113009 1.108024 0.102169
3675.418422 1.102295 0.112861 1.108058 0.102032
3676.418536 1.102344 0.112714 1.108092 0.101895
3677.418650 1.102394 0.112566 1.108126 0.101758
3678.418764 1.102443 0.112418 1.108160 0.101620
3679.418877 1.102492 0.112270 1.108193 0.101483
3680.418991 1.102541 0.112122 1.108227 0.101345
3681.419105 1.102590 0.111973 1.108261 0.101208
3682.419219 1.102639 0.111825 1.108295 0.101071
3683.419333 1.102687 0.111677 1.108328 0.100933
3684.419447 1.102736 0.111529 1.108362 0.100795
3685.419561 1.102785 0.111380 1.108395 0.100658
3686.419674 1.102834 0.111232 1.108429 0.100520
3687.419788 1.102882 0.111084 1.108462 0.100383
3688.419902 1.102931 0.110935 1.108496 0.100245
3689.420016 1.102979 0.110786 1.108529 0.100107
3690.420130 1.103028 0.110638 1.108562 0.099969
3691.420244 1.103076 0.110489 1.108596 0.099832
3692.420358 1.103124 0.110340 1.108629 0.099694
3693.420471 1.103172 0.110192 1.108662 0.099556
3694.420585 1.103221 0.110043 1.108695 0.099418
3695.420699 1.103269 0.109894 1.108728 0.099280
3696.420813 1.103317 0.109745 1.108761 0.099142
3697.420927 1.103365 0.109596 1.108794 0.099004
3698.421041 1.103413 0.109447 1.108827 0.098866
3699.421155 1.103460 0.109298 1.108860 0.098728
3700.421268 1.103508 0.109149 1.108893 0.098590
3701.421382 1.103556 0.108999 1.108926 0.098452
3702.421496 1.103603 0.108850 1.108959 0.098314
3703.421610 1.103651 0.108701 1.108991 0.098175
3704.421724 1.103699 0.108551 1.109024 0.098037
3705.421838 1.103746 0.108402 1.109056 0.097899
3706.421951 1.103793 0.108253 1.109089 0.097761
3707.422065 1.103841 0.108103 1.109122 0.097622
3708.422179 1.103888 0.107953 1.109154 0.097484
3709.422293 1.103935 0.107804 1.109186 0.097345
3710.422407 1.103982 0.107654 1.109219 0.097207
3711.422521 1.104029 0.107504 1.109251 0.097068
3712.422635 1.104076 0.107354 1.109284 0.096930
3713.422748 1.104123 0.107205 1.109316 0.096791
3714.422862 1.104170 0.107055 1.109348 0.096653
3715.422976 1.104217 0.106905 1.109380 0.096514
3716.423090 1.104264 0.106755 1.109412 0.096376
3717.423204 1.104311 0.106605 1.109444 0.096237
3718.423318 1.104357 0.106455 1.109476 0.096098
3719.423432 1.104404 0.106304 1.109508 0.095959
3720.423545 1.104450 0.106154 1.109540 0.095821
3721.423659 1.104497 0.106004 1.109572 0.095682
3722.423773 1.104543 0.105854 1.109604 0.095543
3723.423887 1.104590 0.105703 1.109636 0.095404
3724.424001 1.104636 0.105553 1.109667 0.095265
3725.424115 1.104682 0.105402 1.109699 0.095126
3726.424229 1.104728 0.105252 1.109731 0.094987
3727.424342 1.104774 0.105101 1.109762 0.094848
3728.424456 1.104820 0.104951 1.109794 0.094709
3729.424570 1.104866 0.104800 1.109825 0.094570
3730.424684 1.104912 0.104649 1.109857 0.094431
3731.424798 1.104958 0.104498 1.109888 0.094292
3732.424912 1.105004 0.104347 1.109919 0.094153
3733.425026 1.105049 0.104197 1.109951 0.094013
3734.425139 1.105095 0.104046 1.109982 0.093874
3735.425253 1.105140 0.103895 1.110013 0.093735
3736.425367 1.105186 0.103744 1.110044 0.093596
3737.425481 1.105231 0.103593 1.110076 0.093456
3738.425595 1.105277 0.103441 1.110107 0.093317
3739.425709 1.105322 0.103290 1.110138 0.093177
3740.425823 1.105367 0.103139 1.110169 0.093038
3741.425936 1.105412 0.102988 1.110200 0.092899
3742.426050 1.105458 0.102836 1.110230 0.092759
3743.426164 1.105503 0.102685 1.110261 0.092619
3744.426278 1.105548 0.102533 1.110292 0.092480
3745.426392 1.105592 0.102382 1.110323 0.092340
3746.426506 1.105637 0.102230 1.110354 0.092201
3747.426620 1.105682 0.102079 1.110384 0.092061
3748.426733 1.105727 0.101927 1.110415 0.091921
3749.426847 1.105771 0.101775 1.110445 0.091782
3750.426961 1.105816 0.101624 1.110476 0.091642
3751.427075 1.105861 0.101472 1.110506 0.091502
3752.427189 1.105905 0.101320 1.110537 0.091362
3753.427303 1.105949 0.101168 1.110567 0.091222
3754.427417 1.105994 0.101016 1.110597 0.091082
3755.427530 1.106038 0.100864 1.110628 0.090943
3756.427644 1.106082 0.100712 1.110658 0.090803
3757.427758 1.106126 0.100560 1.110688 0.090663
3758.427872 1.106171 0.100408 1.110718 0.090523
3759.427986 1.106215 0.100256 1.110748 0.090383
3760.428100 1.106259 0.100103 1.110778 0.090243
3761.428214 1.106302 0.099951 1.110808 0.090102
3762.428327 1.106346 0.099799 1.110838 0.089962
3763.428441 1.106390 0.099646 1.110868 0.089822
3764.428555 1.106434 0.099494 1.110898 0.089682
3765.428669 1.106477 0.099341 1.110928 0.089542
3766.428783 1.106521 0.099189 1.110958 0.089401
3767.428897 1.106564 0.099036 1.110987 0.089261
3768.429011 1.106608 0.098884 1.111017 0.089121
3769.429124 1.106651 0.098731 1.111047 0.088980
3770.429238 1.106694 0.098578 1.111076 0.088840
3771.429352 1.106738 0.098425 1.111106 0.088700
3772.429466 1.106781 0.098273 1.111135 0.088559
3773.429580 1.106824 0.098120 1.111165 0.088419
3774.429694 1.106867 0.097967 1.111194 0.088278
3775.429808 1.106910 0.097814 1.111223 0.088138
3776.429921 1.106953 0.097661 1.111253 0.087997
3777.430035 1.106996 0.097508 1.111282 0.087857
3778.430149 1.107039 0.097355 1.111311 0.087716
3779.430263 1.107081 0.097202 1.111340 0.087575
3780.430377 1.107124 0.097048 1.111369 0.087435
3781.430491 1.107166 0.096895 1.111398 0.087294
3782.430605 1.107209 0.096742 1.111427 0.087153
3783.430718 1.107251 0.096588 1.111456 0.087012
3784.430832 1.107294 0.096435 1.111485 0.086871
3785.430946 1.107336 0.096282 1.111514 0.086731
3786.431060 1.107378 0.096128 1.111543 0.086590
3787.431174 1.107421 0.095974 1.111572 0.086449
3788.431288 1.107463 0.095821 1.111600 0.086308
3789.431402 1.107505 0.095667 1.111629 0.086167
3790.431515 1.107547 0.095514 1.111658 0.086026
3791.431629 1.107589 0.095360 1.111686 0.085885
3792.431743 1.107631 0.095206 1.111715 0.085744
3793.431857 1.107672 0.095052 1.111743 0.085603
3794.431971 1.107714 0.094898 1.111772 0.085462
3795.432085 1.107756 0.094744 1.111800 0.085321
3796.432199 1.107797 0.094590 1.111828 0.085179
3797.432312 1.107839 0.094436 1.111857 0.085038
3798.432426 1.107880 0.094282 1.111885 0.084897
3799.432540 1.107922 0.094128 1.111913 0.084756
3800.432654 1.107963 0.093974 1.111941 0.084614
3801.432768 1.108004 0.093820 1.111969 0.084473
3802.432882 1.108046 0.093666 1.111997 0.084332
3803.432996 1.108087 0.093511 1.112026 0.084190
3804.433109 1.108128 0.093357 1.112053 0.084049
3805.433223 1.108169 0.093203 1.112081 0.083908
3806.433337 1.108210 0.093048 1.112109 0.083766
3807.433451 1.108251 0.092894 1.112137 0.083625
3808.433565 1.108292 0.092739 1.112165 0.083483
3809.433679 1.108332 0.092585 1.112193 0.083342
3810.433793 1.108373 0.092430 1.112220 0.083200
3811.433906 1.108414 0.092275 1.112248 0.083058
3812.434020 1.108454 0.092121 1.112275 0.082917
3813.434134 1.108495 0.091966 1.112303 0.082775
3814.434248 1.108535 0.091811 1.112331 0.082633
3815.434362 1.108575 0.091656 1.112358 0.082492
3816.434476 1.108616 0.091501 1.112385 0.082350
3817.434590 1.108656 0.091347 1.112413 0.082208
3818.434703 1.108696 0.091192 1.112440 0.082066
3819.434817 1.108736 0.091037 1.112467 0.081925
3820.434931 1.108776 0.090881 1.112494 0.081783
3821.435045 1.108816 0.090726 1.112522 0.081641
3822.435159 1.108856 0.090571 1.112549 0.081499
3823.435273 1.108896 0.090416 1.112576 0.081357
3824.435387 1.108936 0.090261 1.112603 0.081215
3825.435500 1.108975 0.090106 1.112630 0.081073
3826.435614 1.109015 0.089950 1.112657 0.080931
3827.435728 1.109054 0.089795 1.112684 0.080789
3828.435842 1.109094 0.089639 1.112710 0.080647
3829.435956 1.109133 0.089484 1.112737 0.080505
3830.436070 1.109173 0.089328 1.112764 0.080363
3831.436184 1.109212 0.089173 1.112791 0.080220
3832.436297 1.109251 0.089017 1.112817 0.080078
3833.436411 1.109290 0.088862 1.112844 0.079936
3834.436525 1.109329 0.088706 1.112870 0.079794
3835.436639 1.109368 0.088550 1.112897 0.079652
3836.436753 1.109407 0.088395 1.112923 0.079509
3837.436867 1.109446 0.088239 1.112950 0.079367
3838.436981 1.109485 0.088083 1.112976 0.079225
3839.437094 1.109524 0.087927 1.113002 0.079082
3840.437208 1.109562 0.087771 1.113029 0.078940
3841.437322 1.109601 0.087615 1.113055 0.078797
3842.437436 1.109640 0.087459 1.113081 0.078655
3843.437550 1.109678 0.087303 1.113107 0.078512
3844.437664 1.109717 0.087147 1.113133 0.078370
3845.437778 1.109755 0.086991 1.113159 0.078227
3846.437891 1.109793 0.086834 1.113185 0.078085
3847.438005 1.109831 0.086678 1.113211 0.077942
3848.438119 1.109870 0.086522 1.113237 0.077800
3849.438233 1.109908 0.086366 1.113263 0.077657
3850.438347 1.109946 0.086209 1.113288 0.077514
3851.438461 1.109984 0.086053 1.113314 0.077372
3852.438575 1.110021 0.085896 1.113340 0.077229
3853.438688 1.110059 0.085740 1.113366 0.077086
3854.438802 1.110097 0.085583 1.113391 0.076943
3855.438916 1.110135 0.085427 1.113417 0.076800
3856.439030 1.110172 0.085270 1.113442 0.076658
3857.439144 1.110210 0.085114 1.113468 0.076515
3858.439258 1.110247 0.084957 1.113493 0.076372
3859.439372 1.110285 0.084800 1.113518 0.076229
3860.439485 1.110322 0.084643 1.113544 0.076086
3861.439599 1.110359 0.084487 1.113569 0.075943
3862.439713 1.110396 0.084330 1.113594 0.075800
3863.439827 1.110434 0.084173 1.113619 0.075657
3864.439941 1.110471 0.084016 1.113644 0.075514
3865.440055 1.110508 0.083859 1.113669 0.075371
3866.440169 1.110545 0.083702 1.113694 0.075228
3867.440282 1.110581 0.083545 1.113719 0.075085
3868.440396 1.110618 0.083388 1.113744 0.074942
3869.440510 1.110655 0.083230 1.113769 0.074798
3870.440624 1.110692 0.083073 1.113794 0.074655
3871.440738 1.110728 0.082916 1.113819 0.074512
3872.440852 1.110765 0.082759 1.113844 0.074369
3873.440966 1.110801 0.082601 1.113868 0.074225
3874.441079 1.110838 0.082444 1.113893 0.074082
3875.441193 1.110874 0.082287 1.113917 0.073939
3876.441307 1.110910 0.082129 1.113942 0.073795
3877.441421 1.110946 0.081972 1.113966 0.073652
3878.441535 1.110983 0.081814 1.113991 0.073509
3879.441649 1.111019 0.081657 1.114015 0.073365
3880.441762 1.111055 0.081499 1.114040 0.073222
3881.441876 1.111090 0.081341 1.114064 0.073078
3882.441990 1.111126 0.081184 1.114088 0.072935
3883.442104 1.111162 0.081026 1.114112 0.072791
3884.442218 1.111198 0.080868 1.114137 0.072648
3885.442332 1.111233 0.080710 1.114161 0.072504
3886.442446 1.111269 0.080553 1.114185 0.072360
3887.442559 1.111305 0.080395 1.114209 0.072217
3888.442673 1.111340 0.080237 1.114233 0.072073
3889.442787 1.111375 0.080079 1.114257 0.071930
3890.442901 1.111411 0.079921 1.114280 0.071786
3891.443015 1.111446 0.079763 1.114304 0.071642
3892.443129 1.111481 0.079605 1.114328 0.071498
3893.443243 1.111516 0.079447 1.114352 0.071355
3894.443356 1.111551 0.079288 1.114375 0.071211
3895.443470 1.111586 0.079130 1.114399 0.071067
3896.443584 1.111621 0.078972 1.114423 0.070923
3897.443698 1.111656 0.078814 1.114446 0.070779
3898.443812 1.111691 0.078655 1.114470 0.070635
3899.443926 1.111725 0.078497 1.114493 0.070491
3900.444040 1.111760 0.078339 1.114516 0.070347
3901.444153 1.111794 0.078180 1.114540 0.070203
3902.444267 1.111829 0.078022 1.114563 0.070059
3903.444381 1.111863 0.077863 1.114586 0.069915
3904.444495 1.111898 0.077705 1.114610 0.069771
3905.444609 1.111932 0.077546 1.114633 0.069627
3906.444723 1.111966 0.077388 1.114656 0.069483
3907.444837 1.112000 0.077229 1.114679 0.069339
3908.444950 1.112034 0.077070 1.114702 0.069195
3909.445064 1.112068 0.076912 1.114725 0.069051
3910.445178 1.112102 0.076753 1.114748 0.068907
3911.445292 1.112136 0.076594 1.114771 0.068762
3912.445406 1.112170 0.076435 1.114793 0.068618
3913.445520 1.112204 0.076276 1.114816 0.068474
3914.445634 1.112237 0.076117 1.114839 0.068330
3915.445747 1.112271 0.075958 1.114862 0.068185
3916.445861 1.112304 0.075799 1.114884 0.068041
3917.445975 1.112338 0.075640 1.114907 0.067897
3918.446089 1.112371 0.075481 1.114929 0.067752
3919.446203 1.112405 0.075322 1.114952 0.067608
3920.446317 1.112438 0.075163 1.114974 0.067464
3921.446431 1.112471 0.075004 1.114997 0.067319
3922.446544 1.112504 0.074845 1.115019 0.067175
3923.446658 1.112537 0.074685 1.115041 0.067030
3924.446772 1.112570 0.074526 1.115063 0.066886
3925.446886 1.112603 0.074367 1.115086 0.066741
3926.447000 1.112636 0.074207 1.115108 0.066597
3927.447114 1.112669 0.074048 1.115130 0.066452
3928.447228 1.112701 0.073889 1.115152 0.066307
3929.447341 1.112734 0.073729 1.115174 0.066163
3930.447455 1.112766 0.073570 1.115196 0.066018
3931.447569 1.112799 0.073410 1.115218 0.065873
3932.447683 1.112831 0.073251 1.115240 0.065729
3933.447797 1.112864 0.073091 1.115261 0.065584
3934.447911 1.112896 0.072931 1.115283 0.065439
3935.448025 1.112928 0.072772 1.115305 0.065295
3936.448138 1.112960 0.072612 1.115326 0.065150
3937.448252 1.112992 0.072452 1.115348 0.065005
3938.448366 1.113024 0.072292 1.115370 0.064860
3939.448480 1.113056 0.072132 1.115391 0.064715
3940.448594 1.113088 0.071973 1.115413 0.064570
3941.448708 1.113120 0.071813 1.115434 0.064426
3942.448822 1.113152 0.071653 1.115455 0.064281
3943.448935 1.113183 0.071493 1.115477 0.064136
3944.449049 1.113215 0.071333 1.115498 0.063991
3945.449163 1.113246 0.071173 1.115519 0.063846
3946.449277 1.113278 0.071013 1.115540 0.063701
3947.449391 1.113309 0.070853 1.115561 0.063556
3948.449505 1.113340 0.070692 1.115583 0.063411
3949.449619 1.113372 0.070532 1.115604 0.063266
3950.449732 1.113403 0.070372 1.115625 0.063121
3951.449846 1.113434 0.070212 1.115645 0.062975
3952.449960 1.113465 0.070052 1.115666 0.062830
3953.450074 1.113496 0.069891 1.115687 0.062685
3954.450188 1.113527 0.069731 1.115708 0.062540
3955.450302 1.113558 0.069570 1.115729 0.062395
3956.450416 1.113588 0.069410 1.115749 0.062250
3957.450529 1.113619 0.069250 1.115770 0.062104
3958.450643 1.113650 0.069089 1.115791 0.061959
3959.450757 1.113680 0.068929 1.115811 0.061814
3960.450871 1.113711 0.068768 1.115832 0.061668
3961.450985 1.113741 0.068607 1.115852 0.061523
3962.451099 1.113771 0.068447 1.115873 0.061378
3963.451213 1.113802 0.068286 1.115893 0.061232
3964.451326 1.113832 0.068125 1.115913 0.061087
3965.451440 1.113862 0.067965 1.115933 0.060942
3966.451554 1.113892 0.067804 1.115954 0.060796
3967.451668 1.113922 0.067643 1.115974 0.060651
3968.451782 1.113952 0.067482 1.115994 0.060505
3969.451896 1.113982 0.067322 1.116014 0.060360
3970.452010 1.114011 0.067161 1.116034 0.060214
3971.452123 1.114041 0.067000 1.116054 0.060069
3972.452237 1.114071 0.066839 1.116074 0.059923
3973.452351 1.114100 0.066678 1.116094 0.059778
3974.452465 1.114130 0.066517 1.116114 0.059632
3975.452579 1.114159 0.066356 1.116133 0.059486
3976.452693 1.114189 0.066195 1.116153 0.059341
3977.452807 1.114218 0.066034 1.116173 0.059195
3978.452920 1.114247 0.065872 1.116192 0.059050
3979.453034 1.114276 0.065711 1.116212 0.058904
3980.453148 1.114305 0.065550 1.116232 0.058758
3981.453262 1.114334 0.065389 1.116251 0.058612
3982.453376 1.114363 0.065227 1.116270 0.058467
3983.453490 1.114392 0.065066 1.116290 0.058321
3984.453604 1.114421 0.064905 1.116309 0.058175
3985.453717 1.114449 0.064743 1.116328 0.058029
3986.453831 1.114478 0.064582 1.116348 0.057883
3987.453945 1.114507 0.064421 1.116367 0.057738
3988.454059 1.114535 0.064259 1.116386 0.057592
3989.454173 1.114564 0.064098 1.116405 0.057446
3990.454287 1.114592 0.063936 1.116424 0.057300
3991.454401 1.114620 0.063774 1.116443 0.057154
3992.454514 1.114648 0.063613 1.116462 0.057008
3993.454628 1.114677 0.063451 1.116481 0.056862
3994.454742 1.114705 0.063290 1.116500 0.056716
3995.454856 1.114733 0.063128 1.116519 0.056570
3996.454970 1.114761 0.062966 1.116537 0.056424
3997.455084 1.114788 0.062804 1.116556 0.056278
3998.455198 1.114816 0.062643 1.116575 0.056132
3999.455311 1.114844 0.062481 1.116593 0.055986
4000.455425 1.114872 0.062319 1.116612 0.055840
4001.455539 1.114899 0.062157 1.116630 0.055694
4002.455653 1.114927 0.061995 1.116649 0.055548
4003.455767 1.114954 0.061833 1.116667 0.055401
4004.455881 1.114981 0.061671 1.116686 0.055255
4005.455995 1.115009 0.061509 1.116704 0.055109
4006.456108 1.115036 0.061347 1.116722 0.054963
4007.456222 1.115063 0.061185 1.116741 0.054817
4008.456336 1.115090 0.061023 1.116759 0.054670
4009.456450 1.115117 0.060861 1.116777 0.054524
4010.456564 1.115144 0.060699 1.116795 0.054378
4011.456678 1.115171 0.060537 1.116813 0.054231
4012.456792 1.115198 0.060375 1.116831 0.054085
4013.456905 1.115225 0.060212 1.116849 0.053939
4014.457019 1.115251 0.060050 1.116867 0.053792
4015.457133 1.115278 0.059888 1.116885 0.053646
4016.457247 1.115304 0.059725 1.116902 0.053500
4017.457361 1.115331 0.059563 1.116920 0.053353
4018.457475 1.115357 0.059401 1.116938 0.053207
4019.457589 1.115383 0.059238 1.116955 0.053060
4020.457702 1.115410 0.059076 1.116973 0.052914
4021.457816 1.115436 0.058913 1.116991 0.052767
4022.457930 1.115462 0.058751 1.117008 0.052621
4023.458044 1.115488 0.058588 1.117026 0.052474
4024.458158 1.115514 0.058426 1.117043 0.052328
4025.458272 1.115540 0.058263 1.117060 0.052181
4026.458386 1.115566 0.058101 1.117078 0.052035
4027.458499 1.115591 0.057938 1.117095 0.051888
4028.458613 1.115617 0.057775 1.117112 0.051741
4029.458727 1.115643 0.057613 1.117129 0.051595
4030.458841 1.115668 0.057450 1.117146 0.051448
4031.458955 1.115694 0.057287 1.117163 0.051302
4032.459069 1.115719 0.057124 1.117180 0.051155
4033.459183 1.115744 0.056961 1.117197 0.051008
4034.459296 1.115769 0.056799 1.117214 0.050861
4035.459410 1.115795 0.056636 1.117231 0.050715
4036.459524 1.115820 0.056473 1.117248 0.050568
4037.459638 1.115845 0.056310 1.117265 0.050421
4038.459752 1.115870 0.056147 1.117281 0.050274
4039.459866 1.115895 0.055984 1.117298 0.050128
4040.459980 1.115919 0.055821 1.117315 0.049981
4041.460093 1.115944 0.055658 1.117331 0.049834
4042.460207 1.115969 0.055495 1.117348 0.049687
4043.460321 1.115993 0.055332 1.117364 0.049540
4044.460435 1.116018 0.055169 1.117381 0.049393
4045.460549 1.116042 0.055006 1.117397 0.049246
4046.460663 1.116067 0.054842 1.117413 0.049099
4047.460777 1.116091 0.054679 1.117430 0.048953
4048.460890 1.116115 0.054516 1.117446 0.048806
4049.461004 1.116139 0.054353 1.117462 0.048659
4050.461118 1.116164 0.054189 1.117478 0.048512
4051.461232 1.116188 0.054026 1.117494 0.048365
4052.461346 1.116211 0.053863 1.117510 0.048218
4053.461460 1.116235 0.053699 1.117526 0.048071
4054.461573 1.116259 0.053536 1.117542 0.047924
4055.461687 1.116283 0.053373 1.117558 0.047776
4056.461801 1.116307 0.053209 1.117574 0.047629
4057.461915 1.116330 0.053046 1.117590 0.047482
4058.462029 1.116354 0.052882 1.117605 0.047335
4059.462143 1.116377 0.052719 1.117621 0.047188
4060.462257 1.116400 0.052555 1.117637 0.047041
4061.462370 1.116424 0.052392 1.117652 0.046894
4062.462484 1.116447 0.052228 1.117668 0.046747
4063.462598 1.116470 0.052064 1.117683 0.046599
4064.462712 1.116493 0.051901 1.117699 0.046452
4065.462826 1.116516 0.051737 1.117714 0.046305
4066.462940 1.116539 0.051573 1.117730 0.046158
4067.463054 1.116562 0.051410 1.117745 0.046010
4068.463167 1.116585 0.051246 1.117760 0.045863
4069.463281 1.116608 0.051082 1.117775 0.045716
4070.463395 1.116630 0.050918 1.117791 0.045568
4071.463509 1.116653 0.050755 1.117806 0.045421
4072.463623 1.116675 0.050591 1.117821 0.045274
4073.463737 1.116698 0.050427 1.117836 0.045126
4074.463851 1.116720 0.050263 1.117851 0.044979
4075.463964 1.116742 0.050099 1.117866 0.044832
4076.464078 1.116765 0.049935 1.117881 0.044684
4077.464192 1.116787 0.049771 1.117895 0.044537
4078.464306 1.116809 0.049607 1.117910 0.044389
4079.464420 1.116831 0.049443 1.117925 0.044242
4080.464534 1.116853 0.049279 1.117939 0.044095
4081.464648 1.116875 0.049115 1.117954 0.043947
4082.464761 1.116896 0.048951 1.117969 0.043800
4083.464875 1.116918 0.048787 1.117983 0.043652
4084.464989 1.116940 0.048623 1.117998 0.043505
4085.465103 1.116961 0.048459 1.118012 0.043357
4086.465217 1.116983 0.048294 1.118026 0.043210
4087.465331 1.117004 0.048130 1.118041 0.043062
4088.465445 1.117026 0.047966 1.118055 0.042914
4089.465558 1.117047 0.047802 1.118069 0.042767
4090.465672 1.117068 0.047637 1.118083 0.042619
4091.465786 1.117089 0.047473 1.118098 0.042472
4092.465900 1.117110 0.047309 1.118112 0.042324
4093.466014 1.117131 0.047144 1.118126 0.042176
4094.466128 1.117152 0.046980 1.118140 0.042029
4095.466242 1.117173 0.046816 1.118154 0.041881
4096.466355 1.117194 0.046651 1.118168 0.041733
4097.466469 1.117215 0.046487 1.118181 0.041586
4098.466583 1.117235 0.046322 1.118195 0.041438
4099.466697 1.117256 0.046158 1.118209 0.041290
4100.466811 1.117276 0.045993 1.118223 0.041142
4101.466925 1.117297 0.045829 1.118236 0.040995
4102.467039 1.117317 0.045664 1.118250 0.040847
4103.467152 1.117337 0.045500 1.118263 0.040699
4104.467266 1.117358 0.045335 1.118277 0.040551
4105.467380 1.117378 0.045170 1.118290 0.040403
4106.467494 1.117398 0.045006 1.118304 0.040256
4107.467608 1.117418 0.044841 1.118317 0.040108
4108.467722 1.117438 0.044676 1.118330 0.039960
4109.467836 1.117457 0.044512 1.118344 0.039812
4110.467949 1.117477 0.044347 1.118357 0.039664
4111.468063 1.117497 0.044182 1.118370 0.039516
4112.468177 1.117517 0.044017 1.118383 0.039368
4113.468291 1.117536 0.043853 1.118396 0.039220
4114.468405 1.117556 0.043688 1.118409 0.039072
4115.468519 1.117575 0.043523 1.118422 0.038924
4116.468633 1.117594 0.043358 1.118435 0.038776
4117.468746 1.117614 0.043193 1.118448 0.038628
4118.468860 1.117633 0.043028 1.118461 0.038481
4119.468974 1.117652 0.042863 1.118473 0.038332
4120.469088 1.117671 0.042698 1.118486 0.038184
4121.469202 1.117690 0.042533 1.118499 0.038036
4122.469316 1.117709 0.042368 1.118511 0.037888
4123.469430 1.117728 0.042203 1.118524 0.037740
4124.469543 1.117746 0.042038 1.118537 0.037592
4125.469657 1.117765 0.041873 1.118549 0.037444
4126.469771 1.117784 0.041708 1.118561 0.037296
4127.469885 1.117802 0.041543 1.118574 0.037148
4128.469999 1.117821 0.041378 1.118586 0.037000
4129.470113 1.117839 0.041213 1.118598 0.036852
4130.470227 1.117857 0.041048 1.118611 0.036704
4131.470340 1.117875 0.040883 1.118623 0.036555
4132.470454 1.117894 0.040717 1.118635 0.036407
4133.470568 1.117912 0.040552 1.118647 0.036259
4134.470682 1.117930 0.040387 1.118659 0.036111
4135.470796 1.117948 0.040222 1.118671 0.035963
4136.470910 1.117966 0.040056 1.118683 0.035814
4137.471024 1.117983 0.039891 1.118695 0.035666
4138.471137 1.118001 0.039726 1.118707 0.035518
4139.471251 1.118019 0.039561 1.118718 0.035370
4140.471365 1.118036 0.039395 1.118730 0.035221
4141.471479 1.118054 0.039230 1.118742 0.035073
4142.471593 1.118071 0.039064 1.118753 0.034925
4143.471707 1.118089 0.038899 1.118765 0.034777
4144.471821 1.118106 0.038734 1.118777 0.034628
4145.471934 1.118123 0.038568 1.118788 0.034480
4146.472048 1.118140 0.038403 1.118800 0.034332
4147.472162 1.118157 0.038237 1.118811 0.034183
4148.472276 1.118174 0.038072 1.118822 0.034035
4149.472390 1.118191 0.037906 1.118834 0.033887
4150.472504 1.118208 0.037741 1.118845 0.033738
4151.472618 1.118225 0.037575 1.118856 0.033590
4152.472731 1.118242 0.037409 1.118867 0.033441
4153.472845 1.118258 0.037244 1.118878 0.033293
4154.472959 1.118275 0.037078 1.118889 0.033144
4155.473073 1.118291 0.036913 1.118900 0.032996
4156.473187 1.118308 0.036747 1.118911 0.032848
4157.473301 1.118324 0.036581 1.118922 0.032699
4158.473415 1.118340 0.036416 1.118933 0.032551
4159.473528 1.118356 0.036250 1.118944 0.032402
4160.473642 1.118373 0.036084 1.118955 0.032254
4161.473756 1.118389 0.035918 1.118965 0.032105
4162.473870 1.118405 0.035753 1.118976 0.031957
4163.473984 1.118420 0.035587 1.118986 0.031808
4164.474098 1.118436 0.035421 1.118997 0.031660
4165.474212 1.118452 0.035255 1.119008 0.031511
4166.474325 1.118468 0.035089 1.119018 0.031362
4167.474439 1.118483 0.034924 1.119028 0.031214
4168.474553 1.118499 0.034758 1.119039 0.031065
4169.474667 1.118514 0.034592 1.119049 0.030917
4170.474781 1.118530 0.034426 1.119059 0.030768
4171.474895 1.118545 0.034260 1.119070 0.030620
4172.475009 1.118560 0.034094 1.119080 0.030471
4173.475122 1.118575 0.033928 1.119090 0.030322
4174.475236 1.118591 0.033762 1.119100 0.030174
4175.475350 1.118606 0.033596 1.119110 0.030025
4176.475464 1.118620 0.033430 1.119120 0.029876
4177.475578 1.118635 0.033264 1.119130 0.029728
4178.475692 1.118650 0.033098 1.119140 0.029579
4179.475806 1.118665 0.032932 1.119150 0.029430
4180.475919 1.118680 0.032766 1.119159 0.029282
4181.476033 1.118694 0.032600 1.119169 0.029133
4182.476147 1.118709 0.032434 1.119179 0.028984
4183.476261 1.118723 0.032268 1.119188 0.028835
4184.476375 1.118737 0.032102 1.119198 0.028687
4185.476489 1.118752 0.031935 1.119207 0.028538
4186.476603 1.118766 0.031769 1.119217 0.028389
4187.476716 1.118780 0.031603 1.119226 0.028240
4188.476830 1.118794 0.031437 1.119236 0.028092
4189.476944 1.118808 0.031271 1.119245 0.027943
4190.477058 1.118822 0.031104 1.119254 0.027794
4191.477172 1.118836 0.030938 1.119264 0.027645
4192.477286 1.118850 0.030772 1.119273 0.027496
4193.477400 1.118863 0.030606 1.119282 0.027347
4194.477513 1.118877 0.030439 1.119291 0.027199
4195.477627 1.118890 0.030273 1.119300 0.027050
4196.477741 1.118904 0.030107 1.119309 0.026901
4197.477855 1.118917 0.029940 1.119318 0.026752
4198.477969 1.118931 0.029774 1.119327 0.026603
4199.478083 1.118944 0.029608 1.119336 0.026454
4200.478197 1.118957 0.029441 1.119344 0.026305
4201.478310 1.118970 0.029275 1.119353 0.026157
4202.478424 1.118983 0.029109 1.119362 0.026008
4203.478538 1.118996 0.028942 1.119370 0.025859
4204.478652 1.119009 0.028776 1.119379 0.025710
4205.478766 1.119022 0.028609 1.119388 0.025561
4206.478880 1.119035 0.028443 1.119396 0.025412
4207.478994 1.119047 0.028276 1.119405 0.025263
4208.479107 1.119060 0.028110 1.119413 0.025114
4209.479221 1.119072 0.027943 1.119421 0.024965
4210.479335 1.119085 0.027777 1.119430 0.024816
4211.479449 1.119097 0.027610 1.119438 0.024667
4212.479563 1.119110 0.027444 1.119446 0.024518
4213.479677 1.119122 0.027277 1.119454 0.024369
4214.479791 1.119134 0.027111 1.119462 0.024220
4215.479904 1.119146 0.026944 1.119470 0.024071
4216.480018 1.119158 0.026778 1.119478 0.023922
4217.480132 1.119170 0.026611 1.119486 0.023773
4218.480246 1.119182 0.026444 1.119494 0.023624
4219.480360 1.119194 0.026278 1.119502 0.023475
4220.480474 1.119205 0.026111 1.119510 0.023326
4221.480587 1.119217 0.025944 1.119518 0.023177
4222.480701 1.119228 0.025778 1.119525 0.023028
4223.480815 1.119240 0.025611 1.119533 0.022878
4224.480929 1.119251 0.025444 1.119541 0.022729
4225.481043 1.119263 0.025278 1.119548 0.022580
4226.481157 1.119274 0.025111 1.119556 0.022431
4227.481271 1.119285 0.024944 1.119563 0.022282
4228.481384 1.119296 0.024777 1.119570 0.022133
4229.481498 1.119307 0.024611 1.119578 0.021984
4230.481612 1.119318 0.024444 1.119585 0.021835
4231.481726 1.119329 0.024277 1.119592 0.021686
4232.481840 1.119340 0.024110 1.119600 0.021536
4233.481954 1.119351 0.023943 1.119607 0.021387
4234.482068 1.119361 0.023777 1.119614 0.021238
4235.482181 1.119372 0.023610 1.119621 0.021089
4236.482295 1.119383 0.023443 1.119628 0.020940
4237.482409 1.119393 0.023276 1.119635 0.020790
4238.482523 1.119403 0.023109 1.119642 0.020641
4239.482637 1.119414 0.022942 1.119649 0.020492
4240.482751 1.119424 0.022775 1.119656 0.020343
4241.482865 1.119434 0.022609 1.119662 0.020194
4242.482978 1.119444 0.022442 1.119669 0.020044
4243.483092 1.119454 0.022275 1.119676 0.019895
4244.483206 1.119464 0.022108 1.119682 0.019746
4245.483320 1.119474 0.021941 1.119689 0.019597
4246.483434 1.119484 0.021774 1.119695 0.019447
4247.483548 1.119493 0.021607 1.119702 0.019298
4248.483662 1.119503 0.021440 1.119708 0.019149
4249.483775 1.119513 0.021273 1.119715 0.019000
4250.483889 1.119522 0.021106 1.119721 0.018850
4251.484003 1.119532 0.020939 1.119727 0.018701
4252.484117 1.119541 0.020772 1.119734 0.018552
4253.484231 1.119550 0.020605 1.119740 0.018403
4254.484345 1.119559 0.020438 1.119746 0.018253
4255.484459 1.119568 0.020271 1.119752 0.018104
4256.484572 1.119577 0.020104 1.119758 0.017955
4257.484686 1.119586 0.019937 1.119764 0.017805
4258.484800 1.119595 0.019770 1.119770 0.017656
4259.484914 1.119604 0.019602 1.119776 0.017507
4260.485028 1.119613 0.019435 1.119782 0.017357
4261.485142 1.119622 0.019268 1.119787 0.017208
4262.485256 1.119630 0.019101 1.119793 0.017059
4263.485369 1.119639 0.018934 1.119799 0.016909
4264.485483 1.119647 0.018767 1.119804 0.016760
4265.485597 1.119656 0.018600 1.119810 0.016610
4266.485711 1.119664 0.018433 1.119816 0.016461
4267.485825 1.119672 0.018265 1.119821 0.016312
4268.485939 1.119680 0.018098 1.119827 0.016162
4269.486053 1.119688 0.017931 1.119832 0.016013
4270.486166 1.119696 0.017764 1.119837 0.015864
4271.486280 1.119704 0.017597 1.119843 0.015714
4272.486394 1.119712 0.017429 1.119848 0.015565
4273.486508 1.119720 0.017262 1.119853 0.015415
4274.486622 1.119728 0.017095 1.119858 0.015266
4275.486736 1.119735 0.016928 1.119863 0.015116
4276.486850 1.119743 0.016761 1.119868 0.014967
4277.486963 1.119750 0.016593 1.119873 0.014818
4278.487077 1.119758 0.016426 1.119878 0.014668
4279.487191 1.119765 0.016259 1.119883 0.014519
4280.487305 1.119772 0.016091 1.119888 0.014369
4281.487419 1.119780 0.015924 1.119893 0.014220
4282.487533 1.119787 0.015757 1.119897 0.014070
4283.487647 1.119794 0.015590 1.119902 0.013921
4284.487760 1.119801 0.015422 1.119907 0.013771
4285.487874 1.119808 0.015255 1.119911 0.013622
4286.487988 1.119814 0.015088 1.119916 0.013473
4287.488102 1.119821 0.014920 1.119921 0.013323
4288.488216 1.119828 0.014753 1.119925 0.013174
4289.488330 1.119834 0.014586 1.119929 0.013024
4290.488444 1.119841 0.014418 1.119934 0.012875
4291.488557 1.119847 0.014251 1.119938 0.012725
4292.488671 1.119854 0.014084 1.119942 0.012576
4293.488785 1.119860 0.013916 1.119946 0.012426
4294.488899 1.119866 0.013749 1.119951 0.012277
4295.489013 1.119872 0.013581 1.119955 0.012127
4296.489127 1.119878 0.013414 1.119959 0.011977
4297.489241 1.119884 0.013247 1.119963 0.011828
4298.489354 1.119890 0.013079 1.119967 0.011678
4299.489468 1.119896 0.012912 1.119971 0.011529
4300.489582 1.119902 0.012744 1.119975 0.011379
4301.489696 1.119908 0.012577 1.119978 0.011230
4302.489810 1.119913 0.012409 1.119982 0.011080
4303.489924 1.119919 0.012242 1.119986 0.010931
4304.490038 1.119924 0.012075 1.119990 0.010781
4305.490151 1.119930 0.011907 1.119993 0.010632
4306.490265 1.119935 0.011740 1.119997 0.010482
4307.490379 1.119940 0.011572 1.120000 0.010332
4308.490493 1.119946 0.011405 1.120004 0.010183
4309.490607 1.119951 0.011237 1.120007 0.010033
4310.490721 1.119956 0.011070 1.120010 0.009884
4311.490835 1.119961 0.010902 1.120014 0.009734
4312.490948 1.119966 0.010735 1.120017 0.009585
4313.491062 1.119970 0.010567 1.120020 0.009435
4314.491176 1.119975 0.010400 1.120023 0.009285
4315.491290 1.119980 0.010232 1.120027 0.009136
4316.491404 1.119984 0.010065 1.120030 0.008986
4317.491518 1.119989 0.009897 1.120033 0.008837
4318.491632 1.119993 0.009730 1.120036 0.008687
4319.491745 1.119998 0.009562 1.120039 0.008537
4320.491859 1.120002 0.009395 1.120041 0.008388
4321.491973 1.120006 0.009227 1.120044 0.008238
4322.492087 1.120010 0.009060 1.120047 0.008089
4323.492201 1.120014 0.008892 1.120050 0.007939
4324.492315 1.120018 0.008724 1.120052 0.007789
4325.492429 1.120022 0.008557 1.120055 0.007640
4326.492542 1.120026 0.008389 1.120058 0.007490
4327.492656 1.120030 0.008222 1.120060 0.007341
4328.492770 1.120034 0.008054 1.120063 0.007191
4329.492884 1.120037 0.007887 1.120065 0.007041
4330.492998 1.120041 0.007719 1.120067 0.006892
4331.493112 1.120044 0.007551 1.120070 0.006742
4332.493226 1.120048 0.007384 1.120072 0.006592
4333.493339 1.120051 0.007216 1.120074 0.006443
4334.493453 1.120054 0.007049 1.120077 0.006293
4335.493567 1.120058 0.006881 1.120079 0.006143
4336.493681 1.120061 0.006714 1.120081 0.005994
4337.493795 1.120064 0.006546 1.120083 0.005844
4338.493909 1.120067 0.006378 1.120085 0.005695
4339.494023 1.120069 0.006211 1.120087 0.005545
4340.494136 1.120072 0.006043 1.120089 0.005395
4341.494250 1.120075 0.005875 1.120090 0.005246
4342.494364 1.120078 0.005708 1.120092 0.005096
4343.494478 1.120080 0.005540 1.120094 0.004946
4344.494592 1.120083 0.005373 1.120096 0.004797
4345.494706 1.120085 0.005205 1.120097 0.004647
4346.494820 1.120088 0.005037 1.120099 0.004497
4347.494933 1.120090 0.004870 1.120100 0.004348
4348.495047 1.120092 0.004702 1.120102 0.004198
4349.495161 1.120094 0.004534 1.120103 0.004048
4350.495275 1.120096 0.004367 1.120105 0.003899
4351.495389 1.120098 0.004199 1.120106 0.003749
4352.495503 1.120100 0.004032 1.120107 0.003599
4353.495617 1.120102 0.003864 1.120109 0.003450
4354.495730 1.120104 0.003696 1.120110 0.003300
4355.495844 1.120105 0.003529 1.120111 0.003150
4356.495958 1.120107 0.003361 1.120112 0.003001
4357.496072 1.120109 0.003193 1.120113 0.002851
4358.496186 1.120110 0.003026 1.120114 0.002701
4359.496300 1.120111 0.002858 1.120115 0.002552
4360.496414 1.120113 0.002690 1.120116 0.002402
4361.496527 1.120114 0.002523 1.120117 0.002252
4362.496641 1.120115 0.002355 1.120118 0.002102
4363.496755 1.120116 0.002187 1.120118 0.001953
4364.496869 1.120117 0.002020 1.120119 0.001803
4365.496983 1.120118 0.001852 1.120120 0.001653
4366.497097 1.120119 0.001684 1.120120 0.001504
4367.497211 1.120120 0.001517 1.120121 0.001354
4368.497324 1.120121 0.001349 1.120121 0.001204
4369.497438 1.120121 0.001181 1.120122 0.001055
4370.497552 1.120122 0.001014 1.120122 0.000905
4371.497666 1.120122 0.000846 1.120123 0.000755
4372.497780 1.120123 0.000678 1.120123 0.000606
4373.497894 1.120123 0.000511 1.120123 0.000456
4374.498008 1.120123 0.000343 1.120123 0.000306
4375.498121 1.120124 0.000175 1.120124 0.000157
4376.498235 1.120124 0.000008 1.120124 0.000007
4377.498349 1.120124 -0.000160 1.120124 -0.000143
4378.498463 1.120124 -0.000328 1.120124 -0.000293
4379.498577 1.120124 -0.000495 1.120124 -0.000442
4380.498691 1.120123 -0.000663 1.120124 -0.000592
4381.498805 1.120123 -0.000831 1.120124 -0.000742
4382.498918 1.120123 -0.000998 1.120123 -0.000891
4383.499032 1.120123 -0.001166 1.120123 -0.001041
4384.499146 1.120122 -0.001334 1.120123 -0.001191
4385.499260 1.120122 -0.001501 1.120123 -0.001340
4386.499374 1.120121 -0.001669 1.120122 -0.001490
4387.499488 1.120120 -0.001837 1.120122 -0.001640
4388.499602 1.120119 -0.002004 1.120121 -0.001789
4389.499715 1.120119 -0.002172 1.120121 -0.001939
4390.499829 1.120118 -0.002340 1.120120 -0.002089
4391.499943 1.120117 -0.002507 1.120119 -0.002239
4392.500057 1.120116 -0.002675 1.120119 -0.002388
4393.500171 1.120114 -0.002843 1.120118 -0.002538
4394.500285 1.120113 -0.003010 1.120117 -0.002688
4395.500398 1.120112 -0.003178 1.120116 -0.002837
4396.500512 1.120111 -0.003346 1.120116 -0.002987
4397.500626 1.120109 -0.003513 1.120115 -0.003137
4398.500740 1.120108 -0.003681 1.120114 -0.003286
4399.500854 1.120106 -0.003849 1.120113 -0.003436
4400.500968 1.120104 -0.004016 1.120112 -0.003586
4401.501082 1.120103 -0.004184 1.120110 -0.003735
4402.501195 1.120101 -0.004352 1.120109 -0.003885
4403.501309 1.120099 -0.004519 1.120108 -0.004035
4404.501423 1.120097 -0.004687 1.120107 -0.004184
4405.501537 1.120095 -0.004855 1.120105 -0.004334
4406.501651 1.120093 -0.005022 1.120104 -0.004484
4407.501765 1.120091 -0.005190 1.120103 -0.004633
4408.501879 1.120088 -0.005357 1.120101 -0.004783
4409.501992 1.120086 -0.005525 1.120100 -0.004933
4410.502106 1.120084 -0.005693 1.120098 -0.005082
4411.502220 1.120081 -0.005860 1.120097 -0.005232
4412.502334 1.120079 -0.006028 1.120095 -0.005382
4413.502448 1.120076 -0.006196 1.120093 -0.005531
4414.502562 1.120073 -0.006363 1.120091 -0.005681
4415.502676 1.120071 -0.006531 1.120090 -0.005831
4416.502789 1.120068 -0.006698 1.120088 -0.005980
4417.502903 1.120065 -0.006866 1.120086 -0.006130
4418.503017 1.120062 -0.007034 1.120084 -0.006280
4419.503131 1.120059 -0.007201 1.120082 -0.006429
4420.503245 1.120056 -0.007369 1.120080 -0.006579
4421.503359 1.120052 -0.007536 1.120078 -0.006729
4422.503473 1.120049 -0.007704 1.120076 -0.006878
4423.503586 1.120046 -0.007872 1.120073 -0.007028
4424.503700 1.120042 -0.008039 1.120071 -0.007177
4425.503814 1.120039 -0.008207 1.120069 -0.007327
4426.503928 1.120035 -0.008374 1.120066 -0.007477
4427.504042 1.120031 -0.008542 1.120064 -0.007626
4428.504156 1.120028 -0.008710 1.120062 -0.007776
4429.504270 1.120024 -0.008877 1.120059 -0.007926
4430.504383 1.120020 -0.009045 1.120056 -0.008075
4431.504497 1.120016 -0.009212 1.120054 -0.008225
4432.504611 1.120012 -0.009380 1.120051 -0.008375
4433.504725 1.120008 -0.009547 1.120049 -0.008524
4434.504839 1.120004 -0.009715 1.120046 -0.008674
4435.504953 1.119999 -0.009882 1.120043 -0.008823
4436.505067 1.119995 -0.010050 1.120040 -0.008973
4437.505180 1.119991 -0.010217 1.120037 -0.009123
4438.505294 1.119986 -0.010385 1.120034 -0.009272
4439.505408 1.119982 -0.010553 1.120031 -0.009422
4440.505522 1.119977 -0.010720 1.120028 -0.009571
4441.505636 1.119972 -0.010888 1.120025 -0.009721
4442.505750 1.119967 -0.011055 1.120022 -0.009871
4443.505864 1.119963 -0.011223 1.120019 -0.010020
4444.505977 1.119958 -0.011390 1.120016 -0.010170
4445.506091 1.119953 -0.011558 1.120012 -0.010319
4446.506205 1.119948 -0.011725 1.120009 -0.010469
4447.506319 1.119942 -0.011892 1.120006 -0.010618
4448.506433 1.119937 -0.012060 1.120002 -0.010768
4449.506547 1.119932 -0.012227 1.119999 -0.010918
4450.506661 1.119926 -0.012395 1.119995 -0.011067
4451.506774 1.119921 -0.012562 1.119991 -0.011217
4452.506888 1.119915 -0.012730 1.119988 -0.011366
4453.507002 1.119910 -0.012897 1.119984 -0.011516
4454.507116 1.119904 -0.013065 1.119980 -0.011665
4455.507230 1.119898 -0.013232 1.119977 -0.011815
4456.507344 1.119893 -0.013399 1.119973 -0.011964
4457.507458 1.119887 -0.013567 1.119969 -0.012114
4458.507571 1.119881 -0.013734 1.119965 -0.012263
4459.507685 1.119875 -0.013902 1.119961 -0.012413
4460.507799 1.119869 -0.014069 1.119957 -0.012563
4461.507913 1.119862 -0.014237 1.119953 -0.012712
4462.508027 1.119856 -0.014404 1.119949 -0.012862
4463.508141 1.119850 -0.014571 1.119945 -0.013011
4464.508255 1.119843 -0.014739 1.119940 -0.013161
4465.508368 1.119837 -0.014906 1.119936 -0.013310
4466.508482 1.119830 -0.015073 1.119932 -0.013460
4467.508596 1.119824 -0.015241 1.119927 -0.013609
4468.508710 1.119817 -0.015408 1.119923 -0.013759
4469.508824 1.119810 -0.015575 1.119918 -0.013908
4470.508938 1.119803 -0.015743 1.119914 -0.014058
4471.509052 1.119796 -0.015910 1.119909 -0.014207
4472.509165 1.119789 -0.016077 1.119905 -0.014356
4473.509279 1.119782 -0.016245 1.119900 -0.014506
4474.509393 1.119775 -0.016412 1.119895 -0.014655
4475.509507 1.119768 -0.016579 1.119890 -0.014805
4476.509621 1.119760 -0.016746 1.119886 -0.014954
4477.509735 1.119753 -0.016914 1.119881 -0.015104
4478.509849 1.119746 -0.017081 1.119876 -0.015253
4479.509962 1.119738 -0.017248 1.119871 -0.015403
4480.510076 1.119730 -0.017416 1.119866 -0.015552
4481.510190 1.119723 -0.017583 1.119861 -0.015701
4482.510304 1.119715 -0.017750 1.119856 -0.015851
4483.510418 1.119707 -0.017917 1.119851 -0.016000
4484.510532 1.119699 -0.018084 1.119845 -0.016150
4485.510646 1.119691 -0.018252 1.119840 -0.016299
4486.510759 1.119683 -0.018419 1.119835 -0.016449
4487.510873 1.119675 -0.018586 1.119829 -0.016598
4488.510987 1.119667 -0.018753 1.119824 -0.016747
4489.511101 1.119659 -0.018920 1.119818 -0.016897
4490.511215 1.119650 -0.019087 1.119813 -0.017046
4491.511329 1.119642 -0.019255 1.119807 -0.017195
4492.511443 1.119633 -0.019422 1.119802 -0.017345
4493.511556 1.119625 -0.019589 1.119796 -0.017494
4494.511670 1.119616 -0.019756 1.119790 -0.017644
4495.511784 1.119607 -0.019923 1.119785 -0.017793
4496.511898 1.119599 -0.020090 1.119779 -0.017942
4497.512012 1.119590 -0.020257 1.119773 -0.018092
4498.512126 1.119581 -0.020424 1.119767 -0.018241
4499.512240 1.119572 -0.020591 1.119761 -0.018390
4500.512353 1.119563 -0.020759 1.119755 -0.018540
4501.512467 1.119554 -0.020926 1.119749 -0.018689
4502.512581 1.119544 -0.021093 1.119743 -0.018838
4503.512695 1.119535 -0.021260 1.119737 -0.018987
4504.512809 1.119526 -0.021427 1.119731 -0.019137
4505.512923 1.119516 -0.021594 1.119724 -0.019286
4506.513037 1.119507 -0.021761 1.119718 -0.019435
4507.513150 1.119497 -0.021928 1.119712 -0.019585
4508.513264 1.119487 -0.022095 1.119705 -0.019734
4509.513378 1.119478 -0.022262 1.119699 -0.019883
4510.513492 1.119468 -0.022429 1.119692 -0.020032
4511.513606 1.119458 -0.022596 1.119686 -0.020182
4512.513720 1.119448 -0.022762 1.119679 -0.020331
4513.513834 1.119438 -0.022929 1.119673 -0.020480
4514.513947 1.119428 -0.023096 1.119666 -0.020629
4515.514061 1.119417 -0.023263 1.119659 -0.020779
4516.514175 1.119407 -0.023430 1.119652 -0.020928
4517.514289 1.119397 -0.023597 1.119646 -0.021077
4518.514403 1.119386 -0.023764 1.119639 -0.021226
4519.514517 1.119376 -0.023931 1.119632 -0.021375
4520.514631 1.119365 -0.024098 1.119625 -0.021525
4521.514744 1.119355 -0.024264 1.119618 -0.021674
4522.514858 1.119344 -0.024431 1.119611 -0.021823
4523.514972 1.119333 -0.024598 1.119603 -0.021972
4524.515086 1.119322 -0.024765 1.119596 -0.022121
4525.515200 1.119311 -0.024932 1.119589 -0.022270
4526.515314 1.119300 -0.025098 1.119582 -0.022420
4527.515428 1.119289 -0.025265 1.119574 -0.022569
4528.515541 1.119278 -0.025432 1.119567 -0.022718
4529.515655 1.119267 -0.025599 1.119560 -0.022867
4530.515769 1.119256 -0.025765 1.119552 -0.023016
4531.515883 1.119244 -0.025932 1.119545 -0.023165
4532.515997 1.119233 -0.026099 1.119537 -0.023314
4533.516111 1.119221 -0.026265 1.119529 -0.023463
4534.516225 1.119210 -0.026432 1.119522 -0.023612
4535.516338 1.119198 -0.026599 1.119514 -0.023761
4536.516452 1.119186 -0.026765 1.119506 -0.023911
4537.516566 1.119174 -0.026932 1.119498 -0.024060
4538.516680 1.119162 -0.027099 1.119490 -0.024209
4539.516794 1.119150 -0.027265 1.119483 -0.024358
4540.516908 1.119138 -0.027432 1.119475 -0.024507
4541.517022 1.119126 -0.027598 1.119467 -0.024656
4542.517135 1.119114 -0.027765 1.119458 -0.024805
4543.517249 1.119102 -0.027932 1.119450 -0.024954
4544.517363 1.119089 -0.028098 1.119442 -0.025103
4545.517477 1.119077 -0.028265 1.119434 -0.025252
4546.517591 1.119065 -0.028431 1.119426 -0.025401
4547.517705 1.119052 -0.028598 1.119417 -0.025550
4548.517819 1.119039 -0.028764 1.119409 -0.025699
4549.517932 1.119027 -0.028931 1.119401 -0.025848
4550.518046 1.119014 -0.029097 1.119392 -0.025997
4551.518160 1.119001 -0.029264 1.119384 -0.026146
4552.518274 1.118988 -0.029430 1.119375 -0.026294
4553.518388 1.118975 -0.029596 1.119366 -0.026443
4554.518502 1.118962 -0.029763 1.119358 -0.026592
4555.518616 1.118949 -0.029929 1.119349 -0.026741
4556.518729 1.118936 -0.030096 1.119340 -0.026890
4557.518843 1.118922 -0.030262 1.119331 -0.027039
4558.518957 1.118909 -0.030428 1.119323 -0.027188
4559.519071 1.118895 -0.030595 1.119314 -0.027337
4560.519185 1.118882 -0.030761 1.119305 -0.027486
4561.519299 1.118868 -0.030927 1.119296 -0.027635
4562.519413 1.118855 -0.031094 1.119287 -0.027783
4563.519526 1.118841 -0.031260 1.119278 -0.027932
4564.519640 1.118827 -0.031426 1.119268 -0.028081
4565.519754 1.118813 -0.031592 1.119259 -0.028230
4566.519868 1.118799 -0.031759 1.119250 -0.028379
4567.519982 1.118785 -0.031925 1.119241 -0.028527
4568.520096 1.118771 -0.032091 1.119231 -0.028676
4569.520209 1.118757 -0.032257 1.119222 -0.028825
4570.520323 1.118743 -0.032423 1.119212 -0.028974
4571.520437 1.118728 -0.032589 1.119203 -0.029123
4572.520551 1.118714 -0.032756 1.119193 -0.029271
4573.520665 1.118699 -0.032922 1.119184 -0.029420
4574.520779 1.118685 -0.033088 1.119174 -0.029569
4575.520893 1.118670 -0.033254 1.119164 -0.029717
4576.521006 1.118656 -0.033420 1.119155 -0.029866
4577.521120 1.118641 -0.033586 1.119145 -0.030015
4578.521234 1.118626 -0.033752 1.119135 -0.030164
4579.521348 1.118611 -0.033918 1.119125 -0.030312
4580.521462 1.118596 -0.034084 1.119115 -0.030461
4581.521576 1.118581 -0.034250 1.119105 -0.030610
4582.521690 1.118566 -0.034416 1.119095 -0.030758
4583.521803 1.118551 -0.034582 1.119085 -0.030907
4584.521917 1.118535 -0.034748 1.119075 -0.031055
4585.522031 1.118520 -0.034914 1.119065 -0.031204
4586.522145 1.118505 -0.035080 1.119055 -0.031353
4587.522259 1.118489 -0.035246 1.119044 -0.031501
4588.522373 1.118473 -0.035411 1.119034 -0.031650
4589.522487 1.118458 -0.035577 1.119024 -0.031798
4590.522600 1.118442 -0.035743 1.119013 -0.031947
4591.522714 1.118426 -0.035909 1.119003 -0.032096
4592.522828 1.118410 -0.036075 1.118992 -0.032244
4593.522942 1.118395 -0.036240 1.118982 -0.032393
4594.523056 1.118378 -0.036406 1.118971 -0.032541
4595.523170 1.118362 -0.036572 1.118960 -0.032690
4596.523284 1.118346 -0.036738 1.118949 -0.032838
4597.523397 1.118330 -0.036903 1.118939 -0.032987
4598.523511 1.118314 -0.037069 1.118928 -0.033135
4599.523625 1.118297 -0.037235 1.118917 -0.033284
4600.523739 1.118281 -0.037400 1.118906 -0.033432
4601.523853 1.118264 -0.037566 1.118895 -0.033581
4602.523967 1.118248 -0.037732 1.118884 -0.033729
4603.524081 1.118231 -0.037897 1.118873 -0.033877
4604.524194 1.118214 -0.038063 1.118862 -0.034026
4605.524308 1.118197 -0.038228 1.118851 -0.034174
4606.524422 1.118181 -0.038394 1.118840 -0.034323
4607.524536 1.118164 -0.038560 1.118828 -0.034471
4608.524650 1.118147 -0.038725 1.118817 -0.034619
4609.524764 1.118129 -0.038891 1.118806 -0.034768
4610.524878 1.118112 -0.039056 1.118794 -0.034916
4611.524991 1.118095 -0.039221 1.118783 -0.035064
4612.525105 1.118078 -0.039387 1.118771 -0.035213
4613.525219 1.118060 -0.039552 1.118760 -0.035361
4614.525333 1.118043 -0.039718 1.118748 -0.035509
4615.525447 1.118025 -0.039883 1.118736 -0.035658
4616.525561 1.118008 -0.040048 1.118725 -0.035806
4617.525675 1.117990 -0.040214 1.118713 -0.035954
4618.525788 1.117972 -0.040379 1.118701 -0.036102
4619.525902 1.117954 -0.040544 1.118689 -0.036251
4620.526016 1.117936 -0.040710 1.118677 -0.036399
4621.526130 1.117918 -0.040875 1.118665 -0.036547
4622.526244 1.117900 -0.041040 1.118653 -0.036695
4623.526358 1.117882 -0.041205 1.118641 -0.036843
4624.526472 1.117864 -0.041371 1.118629 -0.036992
4625.526585 1.117846 -0.041536 1.118617 -0.037140
4626.526699 1.117827 -0.041701 1.118605 -0.037288
4627.526813 1.117809 -0.041866 1.118593 -0.037436
4628.526927 1.117790 -0.042031 1.118580 -0.037584
4629.527041 1.117772 -0.042196 1.118568 -0.037732
4630.527155 1.117753 -0.042361 1.118556 -0.037880
4631.527269 1.117734 -0.042526 1.118543 -0.038029
4632.527382 1.117716 -0.042691 1.118531 -0.038177
4633.527496 1.117697 -0.042856 1.118518 -0.038325
4634.527610 1.117678 -0.043021 1.118506 -0.038473
4635.527724 1.117659 -0.043186 1.118493 -0.038621
4636.527838 1.117640 -0.043351 1.118480 -0.038769
4637.527952 1.117621 -0.043516 1.118467 -0.038917
4638.528066 1.117601 -0.043681 1.118455 -0.039065
4639.528179 1.117582 -0.043846 1.118442 -0.039213
4640.528293 1.117563 -0.044011 1.118429 -0.039361
4641.528407 1.117543 -0.044176 1.118416 -0.039509
4642.528521 1.117524 -0.044341 1.118403 -0.039657
4643.528635 1.117504 -0.044505 1.118390 -0.039805
4644.528749 1.117484 -0.044670 1.118377 -0.039953
4645.528863 1.117465 -0.044835 1.118364 -0.040100
4646.528976 1.117445 -0.045000 1.118351 -0.040248
4647.529090 1.117425 -0.045164 1.118337 -0.040396
4648.529204 1.117405 -0.045329 1.118324 -0.040544
4649.529318 1.117385 -0.045494 1.118311 -0.040692
4650.529432 1.117365 -0.045658 1.118297 -0.040840
4651.529546 1.117345 -0.045823 1.118284 -0.040988
4652.529660 1.117325 -0.045988 1.118271 -0.041135
4653.529773 1.117304 -0.046152 1.118257 -0.041283
4654.529887 1.117284 -0.046317 1.118243 -0.041431
4655.530001 1.117263 -0.046481 1.118230 -0.041579
4656.530115 1.117243 -0.046646 1.118216 -0.041727
4657.530229 1.117222 -0.046810 1.118202 -0.041874
4658.530343 1.117202 -0.046975 1.118189 -0.042022
4659.530457 1.117181 -0.047139 1.118175 -0.042170
4660.530570 1.117160 -0.047304 1.118161 -0.042317
4661.530684 1.117139 -0.047468 1.118147 -0.042465
4662.530798 1.117118 -0.047632 1.118133 -0.042613
4663.530912 1.117097 -0.047797 1.118119 -0.042760
4664.531026 1.117076 -0.047961 1.118105 -0.042908
4665.531140 1.117055 -0.048125 1.118091 -0.043056
4666.531254 1.117034 -0.048290 1.118077 -0.043203
4667.531367 1.117012 -0.048454 1.118063 -0.043351
4668.531481 1.116991 -0.048618 1.118048 -0.043498
4669.531595 1.116969 -0.048782 1.118034 -0.043646
4670.531709 1.116948 -0.048946 1.118020 -0.043794
4671.531823 1.116926 -0.049111 1.118005 -0.043941
4672.531937 1.116904 -0.049275 1.117991 -0.044089
4673.532051 1.116883 -0.049439 1.117976 -0.044236
4674.532164 1.116861 -0.049603 1.117962 -0.044384
4675.532278 1.116839 -0.049767 1.117947 -0.044531
4676.532392 1.116817 -0.049931 1.117933 -0.044679
4677.532506 1.116795 -0.050095 1.117918 -0.044826
4678.532620 1.116773 -0.050259 1.117903 -0.044974
4679.532734 1.116751 -0.050423 1.117888 -0.045121
4680.532848 1.116728 -0.050587 1.117874 -0.045268
4681.532961 1.116706 -0.050751 1.117859 -0.045416
4682.533075 1.116684 -0.050915 1.117844 -0.045563
4683.533189 1.116661 -0.051079 1.117829 -0.045710
4684.533303 1.116639 -0.051243 1.117814 -0.045858
4685.533417 1.116616 -0.051406 1.117799 -0.046005
4686.533531 1.116593 -0.051570 1.117783 -0.046152
4687.533645 1.116570 -0.051734 1.117768 -0.046300
4688.533758 1.116548 -0.051898 1.117753 -0.046447
4689.533872 1.116525 -0.052061 1.117738 -0.046594
4690.533986 1.116502 -0.052225 1.117722 -0.046742
4691.534100 1.116479 -0.052389 1.117707 -0.046889
4692.534214 1.116456 -0.052552 1.117692 -0.047036
4693.534328 1.116432 -0.052716 1.117676 -0.047183
4694.534442 1.116409 -0.052880 1.117661 -0.047330
4695.534555 1.116386 -0.053043 1.117645 -0.047478
4696.534669 1.116362 -0.053207 1.117629 -0.047625
4697.534783 1.116339 -0.053370 1.117614 -0.047772
4698.534897 1.116315 -0.053534 1.117598 -0.047919
4699.535011 1.116292 -0.053697 1.117582 -0.048066
4700.535125 1.116268 -0.053861 1.117567 -0.048213
4701.535239 1.116244 -0.054024 1.117551 -0.048360
4702.535352 1.116220 -0.054187 1.117535 -0.048507
4703.535466 1.116196 -0.054351 1.117519 -0.048654
4704.535580 1.116172 -0.054514 1.117503 -0.048801
4705.535694 1.116148 -0.054677 1.117487 -0.048948
4706.535808 1.116124 -0.054841 1.117471 -0.049095
4707.535922 1.116100 -0.055004 1.117454 -0.049242
4708.536036 1.116076 -0.055167 1.117438 -0.049389
4709.536149 1.116051 -0.055330 1.117422 -0.049536
4710.536263 1.116027 -0.055494 1.117406 -0.049683
4711.536377 1.116002 -0.055657 1.117389 -0.049830
4712.536491 1.115978 -0.055820 1.117373 -0.049977
4713.536605 1.115953 -0.055983 1.117357 -0.050124
4714.536719 1.115928 -0.056146 1.117340 -0.050271
4715.536833 1.115904 -0.056309 1.117323 -0.050418
4716.536946 1.115879 -0.056472 1.117307 -0.050565
4717.537060 1.115854 -0.056635 1.117290 -0.050711
4718.537174 1.115829 -0.056798 1.117274 -0.050858
4719.537288 1.115804 -0.056961 1.117257 -0.051005
4720.537402 1.115779 -0.057124 1.117240 -0.051152
4721.537516 1.115753 -0.057287 1.117223 -0.051298
4722.537630 1.115728 -0.057449 1.117206 -0.051445
4723.537743 1.115703 -0.057612 1.117189 -0.051592
4724.537857 1.115677 -0.057775 1.117172 -0.051739
4725.537971 1.115652 -0.057938 1.117155 -0.051885
4726.538085 1.115626 -0.058101 1.117138 -0.052032
4727.538199 1.115601 -0.058263 1.117121 -0.052179
4728.538313 1.115575 -0.058426 1.117104 -0.052325
4729.538427 1.115549 -0.058589 1.117087 -0.052472
4730.538540 1.115523 -0.058751 1.117069 -0.052618
4731.538654 1.115497 -0.058914 1.117052 -0.052765
4732.538768 1.115471 -0.059076 1.117035 -0.052911
4733.538882 1.115445 -0.059239 1.117017 -0.053058
4734.538996 1.115419 -0.059401 1.117000 -0.053204
4735.539110 1.115393 -0.059564 1.116982 -0.053351
4736.539223 1.115367 -0.059726 1.116965 -0.053497
4737.539337 1.115340 -0.059889 1.116947 -0.053644
4738.539451 1.115314 -0.060051 1.116930 -0.053790
4739.539565 1.115288 -0.060213 1.116912 -0.053937
4740.539679 1.115261 -0.060376 1.116894 -0.054083
4741.539793 1.115234 -0.060538 1.116876 -0.054230
4742.539907 1.115208 -0.060700 1.116858 -0.054376
4743.540020 1.115181 -0.060863 1.116840 -0.054522
4744.540134 1.115154 -0.061025 1.116823 -0.054669
4745.540248 1.115127 -0.061187 1.116805 -0.054815
4746.540362 1.115100 -0.061349 1.116786 -0.054961
4747.540476 1.115073 -0.061511 1.116768 -0.055108
4748.540590 1.115046 -0.061673 1.116750 -0.055254
4749.540704 1.115019 -0.061835 1.116732 -0.055400
4750.540817 1.114991 -0.061997 1.116714 -0.055546
4751.540931 1.114964 -0.062159 1.116695 -0.055692
4752.541045 1.114937 -0.062321 1.116677 -0.055839
4753.541159 1.114909 -0.062483 1.116659 -0.055985
4754.541273 1.114882 -0.062645 1.116640 -0.056131
4755.541387 1.114854 -0.062807 1.116622 -0.056277
4756.541501 1.114826 -0.062969 1.116603 -0.056423
4757.541614 1.114799 -0.063131 1.116585 -0.056569
4758.541728 1.114771 -0.063293 1.116566 -0.056715
4759.541842 1.114743 -0.063454 1.116547 -0.056861
4760.541956 1.114715 -0.063616 1.116529 -0.057007
4761.542070 1.114687 -0.063778 1.116510 -0.057153
4762.542184 1.114659 -0.063939 1.116491 -0.057299
4763.542298 1.114631 -0.064101 1.116472 -0.057445
4764.542411 1.114602 -0.064263 1.116453 -0.057591
4765.542525 1.114574 -0.064424 1.116434 -0.057737
4766.542639 1.114546 -0.064586 1.116415 -0.057883
4767.542753 1.114517 -0.064747 1.116396 -0.058029
4768.542867 1.114488 -0.064909 1.116377 -0.058175
4769.542981 1.114460 -0.065070 1.116358 -0.058321
4770.543095 1.114431 -0.065232 1.116339 -0.058467
4771.543208 1.114402 -0.065393 1.116319 -0.058613
4772.543322 1.114374 -0.065554 1.116300 -0.058758
4773.543436 1.114345 -0.065716 1.116281 -0.058904
4774.543550 1.114316 -0.065877 1.116261 -0.059050
4775.543664 1.114287 -0.066038 1.116242 -0.059196
4776.543778 1.114258 -0.066199 1.116222 -0.059341
4777.543892 1.114228 -0.066360 1.116203 -0.059487
4778.544005 1.114199 -0.066522 1.116183 -0.059633
4779.544119 1.114170 -0.066683 1.116164 -0.059778
4780.544233 1.114140 -0.066844 1.116144 -0.059924
4781.544347 1.114111 -0.067005 1.116124 -0.060070
4782.544461 1.114082 -0.067166 1.116104 -0.060215
4783.544575 1.114052 -0.067327 1.116084 -0.060361
4784.544689 1.114022 -0.067488 1.116065 -0.060506
4785.544802 1.113992 -0.067649 1.116045 -0.060652
4786.544916 1.113963 -0.067810 1.116025 -0.060797
4787.545030 1.113933 -0.067971 1.116005 -0.060943
4788.545144 1.113903 -0.068131 1.115985 -0.061088
4789.545258 1.113873 -0.068292 1.115964 -0.061234
4790.545372 1.113843 -0.068453 1.115944 -0.061379
4791.545486 1.113813 -0.068614 1.115924 -0.061525
4792.545599 1.113782 -0.068774 1.115904 -0.061670
4793.545713 1.113752 -0.068935 1.115883 -0.061816
4794.545827 1.113722 -0.069096 1.115863 -0.061961
4795.545941 1.113691 -0.069256 1.115843 -0.062106
4796.546055 1.113661 -0.069417 1.115822 -0.062252
4797.546169 1.113630 -0.069577 1.115802 -0.062397
4798.546283 1.113600 -0.069738 1.115781 -0.062542
4799.546396 1.113569 -0.069898 1.115760 -0.062687
4800.546510 1.113538 -0.070059 1.115740 -0.062833
4801.546624 1.113507 -0.070219 1.115719 -0.062978
4802.546738 1.113476 -0.070379 1.115698 -0.063123
4803.546852 1.113445 -0.070540 1.115677 -0.063268
4804.546966 1.113414 -0.070700 1.115657 -0.063413
4805.547080 1.113383 -0.070860 1.115636 -0.063558
4806.547193 1.113352 -0.071020 1.115615 -0.063703
4807.547307 1.113321 -0.071181 1.115594 -0.063849
4808.547421 1.113289 -0.071341 1.115573 -0.063994
4809.547535 1.113258 -0.071501 1.115552 -0.064139
4810.547649 1.113226 -0.071661 1.115530 -0.064284
4811.547763 1.113195 -0.071821 1.115509 -0.064429
4812.547877 1.113163 -0.071981 1.115488 -0.064574
4813.547990 1.113131 -0.072141 1.115467 -0.064719
4814.548104 1.113100 -0.072301 1.115445 -0.064863
4815.548218 1.113068 -0.072461 1.115424 -0.065008
4816.548332 1.113036 -0.072621 1.115403 -0.065153
4817.548446 1.113004 -0.072781 1.115381 -0.065298
4818.548560 1.112972 -0.072940 1.115359 -0.065443
4819.548674 1.112940 -0.073100 1.115338 -0.065588
4820.548787 1.112908 -0.073260 1.115316 -0.065733
4821.548901 1.112875 -0.073419 1.115295 -0.065877
4822.549015 1.112843 -0.073579 1.115273 -0.066022
4823.549129 1.112811 -0.073739 1.115251 -0.066167
4824.549243 1.112778 -0.073898 1.115229 -0.066311
4825.549357 1.112746 -0.074058 1.115207 -0.066456
4826.549471 1.112713 -0.074217 1.115185 -0.066601
4827.549584 1.112680 -0.074377 1.115164 -0.066745
4828.549698 1.112648 -0.074536 1.115142 -0.066890
4829.549812 1.112615 -0.074696 1.115119 -0.067035
4830.549926 1.112582 -0.074855 1.115097 -0.067179
4831.550040 1.112549 -0.075014 1.115075 -0.067324
4832.550154 1.112516 -0.075174 1.115053 -0.067468
4833.550268 1.112483 -0.075333 1.115031 -0.067613
4834.550381 1.112450 -0.075492 1.115008 -0.067757
4835.550495 1.112417 -0.075651 1.114986 -0.067902
4836.550609 1.112383 -0.075810 1.114964 -0.068046
4837.550723 1.112350 -0.075970 1.114941 -0.068191
4838.550837 1.112317 -0.076129 1.114919 -0.068335
4839.550951 1.112283 -0.076288 1.114896 -0.068479
4840.551065 1.112250 -0.076447 1.114874 -0.068624
4841.551178 1.112216 -0.076606 1.114851 -0.068768
4842.551292 1.112182 -0.076765 1.114828 -0.068912
4843.551406 1.112148 -0.076923 1.114805 -0.069057
4844.551520 1.112115 -0.077082 1.114783 -0.069201
4845.551634 1.112081 -0.077241 1.114760 -0.069345
4846.551748 1.112047 -0.077400 1.114737 -0.069489
4847.551862 1.112013 -0.077559 1.114714 -0.069633
4848.551975 1.111979 -0.077717 1.114691 -0.069777
4849.552089 1.111944 -0.077876 1.114668 -0.069922
4850.552203 1.111910 -0.078035 1.114645 -0.070066
4851.552317 1.111876 -0.078193 1.114622 -0.070210
4852.552431 1.111841 -0.078352 1.114599 -0.070354
4853.552545 1.111807 -0.078510 1.114575 -0.070498
4854.552659 1.111772 -0.078669 1.114552 -0.070642
4855.552772 1.111738 -0.078827 1.114529 -0.070786
4856.552886 1.111703 -0.078985 1.114506 -0.070930
4857.553000 1.111668 -0.079144 1.114482 -0.071074
4858.553114 1.111634 -0.079302 1.114459 -0.071218
4859.553228 1.111599 -0.079460 1.114435 -0.071362
4860.553342 1.111564 -0.079619 1.114412 -0.071505
4861.553456 1.111529 -0.079777 1.114388 -0.071649
4862.553569 1.111494 -0.079935 1.114364 -0.071793
4863.553683 1.111459 -0.080093 1.114341 -0.071937
4864.553797 1.111423 -0.080251 1.114317 -0.072081
4865.553911 1.111388 -0.080409 1.114293 -0.072224
4866.554025 1.111353 -0.080567 1.114269 -0.072368
4867.554139 1.111317 -0.080725 1.114245 -0.072512
4868.554253 1.111282 -0.080883 1.114221 -0.072655
4869.554366 1.111246 -0.081041 1.114197 -0.072799
4870.554480 1.111211 -0.081199 1.114173 -0.072943
4871.554594 1.111175 -0.081357 1.114149 -0.073086
4872.554708 1.111139 -0.081514 1.114125 -0.073230
4873.554822 1.111103 -0.081672 1.114101 -0.073373
4874.554936 1.111068 -0.081830 1.114077 -0.073517
4875.555050 1.111032 -0.081987 1.114053 -0.073660
4876.555163 1.110996 -0.082145 1.114028 -0.073804
4877.555277 1.110959 -0.082303 1.114004 -0.073947
4878.555391 1.110923 -0.082460 1.113979 -0.074091
4879.555505 1.110887 -0.082618 1.113955 -0.074234
4880.555619 1.110851 -0.082775 1.113930 -0.074378
4881.555733 1.110814 -0.082932 1.113906 -0.074521
4882.555847 1.110778 -0.083090 1.113881 -0.074664
4883.555960 1.110741 -0.083247 1.113857 -0.074807
4884.556074 1.110705 -0.083404 1.113832 -0.074951
4885.556188 1.110668 -0.083562 1.113807 -0.075094
4886.556302 1.110632 -0.083719 1.113782 -0.075237
4887.556416 1.110595 -0.083876 1.113758 -0.075380
4888.556530 1.110558 -0.084033 1.113733 -0.075524
4889.556644 1.110521 -0.084190 1.113708 -0.075667
4890.556757 1.110484 -0.084347 1.113683 -0.075810
4891.556871 1.110447 -0.084504 1.113658 -0.075953
4892.556985 1.110410 -0.084661 1.113633 -0.076096
4893.557099 1.110373 -0.084818 1.113607 -0.076239
4894.557213 1.110335 -0.084975 1.113582 -0.076382
4895.557327 1.110298 -0.085132 1.113557 -0.076525
4896.557441 1.110261 -0.085289 1.113532 -0.076668
4897.557554 1.110223 -0.085445 1.113506 -0.076811
4898.557668 1.110186 -0.085602 1.113481 -0.076954
4899.557782 1.110148 -0.085759 1.113456 -0.077097
4900.557896 1.110111 -0.085915 1.113430 -0.077239
4901.558010 1.110073 -0.086072 1.113405 -0.077382
4902.558124 1.110035 -0.086228 1.113379 -0.077525
4903.558238 1.109997 -0.086385 1.113354 -0.077668
4904.558351 1.109959 -0.086541 1.113328 -0.077811
4905.558465 1.109921 -0.086698 1.113302 -0.077953
4906.558579 1.109883 -0.086854 1.113276 -0.078096
4907.558693 1.109845 -0.087010 1.113251 -0.078239
4908.558807 1.109807 -0.087167 1.113225 -0.078381
4909.558921 1.109769 -0.087323 1.113199 -0.078524
4910.559034 1.109730 -0.087479 1.113173 -0.078667
4911.559148 1.109692 -0.087635 1.113147 -0.078809
4912.559262 1.109653 -0.087791 1.113121 -0.078952
4913.559376 1.109615 -0.087947 1.113095 -0.079094
4914.559490 1.109576 -0.088104 1.113069 -0.079237
4915.559604 1.109538 -0.088259 1.113043 -0.079379
4916.559718 1.109499 -0.088415 1.113016 -0.079521
4917.559831 1.109460 -0.088571 1.112990 -0.079664
4918.559945 1.109421 -0.088727 1.112964 -0.079806
4919.560059 1.109382 -0.088883 1.112937 -0.079949
4920.560173 1.109343 -0.089039 1.112911 -0.080091
4921.560287 1.109304 -0.089194 1.112884 -0.080233
4922.560401 1.109265 -0.089350 1.112858 -0.080375
4923.560515 1.109226 -0.089506 1.112831 -0.080518
4924.560628 1.109187 -0.089661 1.112805 -0.080660
4925.560742 1.109147 -0.089817 1.112778 -0.080802
4926.560856 1.109108 -0.089972 1.112751 -0.080944
4927.560970 1.109069 -0.090128 1.112725 -0.081086
4928.561084 1.109029 -0.090283 1.112698 -0.081228
4929.561198 1.108989 -0.090439 1.112671 -0.081370
4930.561312 1.108950 -0.090594 1.112644 -0.081513
4931.561425 1.108910 -0.090749 1.112617 -0.081655
4932.561539 1.108870 -0.090905 1.112590 -0.081797
4933.561653 1.108830 -0.091060 1.112563 -0.081938
4934.561767 1.108790 -0.091215 1.112536 -0.082080
4935.561881 1.108750 -0.091370 1.112509 -0.082222
4936.561995 1.108710 -0.091525 1.112482 -0.082364
4937.562109 1.108670 -0.091680 1.112454 -0.082506
4938.562222 1.108630 -0.091835 1.112427 -0.082648
4939.562336 1.108590 -0.091990 1.112400 -0.082790
4940.562450 1.108549 -0.092145 1.112373 -0.082931
4941.562564 1.108509 -0.092300 1.112345 -0.083073
4942.562678 1.108469 -0.092455 1.112318 -0.083215
4943.562792 1.108428 -0.092609 1.112290 -0.083356
4944.562906 1.108388 -0.092764 1.112263 -0.083498
4945.563019 1.108347 -0.092919 1.112235 -0.083640
4946.563133 1.108306 -0.093073 1.112207 -0.083781
4947.563247 1.108265 -0.093228 1.112180 -0.083923
4948.563361 1.108224 -0.093382 1.112152 -0.084064
4949.563475 1.108184 -0.093537 1.112124 -0.084206
4950.563589 1.108143 -0.093691 1.112096 -0.084347
4951.563703 1.108102 -0.093846 1.112068 -0.084489
4952.563816 1.108060 -0.094000 1.112040 -0.084630
4953.563930 1.108019 -0.094154 1.112012 -0.084772
4954.564044 1.107978 -0.094308 1.111984 -0.084913
4955.564158 1.107937 -0.094463 1.111956 -0.085054
4956.564272 1.107895 -0.094617 1.111928 -0.085196
4957.564386 1.107854 -0.094771 1.111900 -0.085337
4958.564500 1.107812 -0.094925 1.111872 -0.085478
4959.564613 1.107771 -0.095079 1.111843 -0.085619
4960.564727 1.107729 -0.095233 1.111815 -0.085761
4961.564841 1.107687 -0.095387 1.111787 -0.085902
4962.564955 1.107646 -0.095541 1.111758 -0.086043
4963.565069 1.107604 -0.095695 1.111730 -0.086184
4964.565183 1.107562 -0.095848 1.111701 -0.086325
4965.565297 1.107520 -0.096002 1.111673 -0.086466
4966.565410 1.107478 -0.096156 1.111644 -0.086607
4967.565524 1.107436 -0.096309 1.111616 -0.086748
4968.565638 1.107394 -0.096463 1.111587 -0.086889
4969.565752 1.107351 -0.096617 1.111558 -0.087030
4970.565866 1.107309 -0.096770 1.111529 -0.087171
4971.565980 1.107267 -0.096924 1.111501 -0.087312
4972.566094 1.107224 -0.097077 1.111472 -0.087452
4973.566207 1.107182 -0.097230 1.111443 -0.087593
4974.566321 1.107139 -0.097384 1.111414 -0.087734
4975.566435 1.107096 -0.097537 1.111385 -0.087875
4976.566549 1.107054 -0.097690 1.111356 -0.088015
4977.566663 1.107011 -0.097843 1.111327 -0.088156
4978.566777 1.106968 -0.097996 1.111297 -0.088297
4979.566891 1.106925 -0.098150 1.111268 -0.088437
4980.567004 1.106882 -0.098303 1.111239 -0.088578
4981.567118 1.106839 -0.098456 1.111210 -0.088718
4982.567232 1.106796 -0.098608 1.111180 -0.088859
4983.567346 1.106753 -0.098761 1.111151 -0.088999
4984.567460 1.106710 -0.098914 1.111121 -0.089140
4985.567574 1.106667 -0.099067 1.111092 -0.089280
4986.567688 1.106623 -0.099220 1.111062 -0.089421
4987.567801 1.106580 -0.099372 1.111033 -0.089561
4988.567915 1.106536 -0.099525 1.111003 -0.089701
4989.568029 1.106493 -0.099678 1.110973 -0.089842
4990.568143 1.106449 -0.099830 1.110944 -0.089982
4991.568257 1.106406 -0.099983 1.110914 -0.090122
4992.568371 1.106362 -0.100135 1.110884 -0.090263
4993.568485 1.106318 -0.100287 1.110854 -0.090403
4994.568598 1.106274 -0.100440 1.110824 -0.090543
4995.568712 1.106230 -0.100592 1.110794 -0.090683
4996.568826 1.106186 -0.100744 1.110764 -0.090823
4997.568940 1.106142 -0.100897 1.110734 -0.090963
4998.569054 1.106098 -0.101049 1.110704 -0.091103
4999.569168 1.106054 -0.101201 1.110674 -0.091243
5000.569282 1.106010 -0.101353 1.110644 -0.091383
5001.569395 1.105965 -0.101505 1.110614 -0.091523
5002.569509 1.105921 -0.101657 1.110583 -0.091663
5003.569623 1.105876 -0.101809 1.110553 -0.091803
5004.569737 1.105832 -0.101961 1.110523 -0.091943
5005.569851 1.105787 -0.102112 1.110492 -0.092082
5006.569965 1.105743 -0.102264 1.110462 -0.092222
5007.570079 1.105698 -0.102416 1.110431 -0.092362
5008.570192 1.105653 -0.102568 1.110400 -0.092502
5009.570306 1.105608 -0.102719 1.110370 -0.092641
5010.570420 1.105564 -0.102871 1.110339 -0.092781
5011.570534 1.105519 -0.103022 1.110308 -0.092921
5012.570648 1.105474 -0.103174 1.110278 -0.093060
5013.570762 1.105428 -0.103325 1.110247 -0.093200
5014.570876 1.105383 -0.103476 1.110216 -0.093339
5015.570989 1.105338 -0.103628 1.110185 -0.093479
5016.571103 1.105293 -0.103779 1.110154 -0.093618
5017.571217 1.105247 -0.103930 1.110123 -0.093758
5018.571331 1.105202 -0.104081 1.110092 -0.093897
5019.571445 1.105157 -0.104232 1.110061 -0.094036
5020.571559 1.105111 -0.104383 1.110030 -0.094176
5021.571673 1.105065 -0.104534 1.109999 -0.094315
5022.571786 1.105020 -0.104685 1.109967 -0.094454
5023.571900 1.104974 -0.104836 1.109936 -0.094594
5024.572014 1.104928 -0.104987 1.109905 -0.094733
5025.572128 1.104882 -0.105138 1.109873 -0.094872
5026.572242 1.104836 -0.105289 1.109842 -0.095011
5027.572356 1.104790 -0.105439 1.109811 -0.095150
5028.572470 1.104744 -0.105590 1.109779 -0.095289
5029.572583 1.104698 -0.105741 1.109747 -0.095428
5030.572697 1.104652 -0.105891 1.109716 -0.095567
5031.572811 1.104606 -0.106042 1.109684 -0.095706
5032.572925 1.104560 -0.106192 1.109652 -0.095845
5033.573039 1.104513 -0.106342 1.109621 -0.095984
5034.573153 1.104467 -0.106493 1.109589 -0.096123
5035.573267 1.104420 -0.106643 1.109557 -0.096262
5036.573380 1.104374 -0.106793 1.109525 -0.096401
5037.573494 1.104327 -0.106943 1.109493 -0.096539
5038.573608 1.104280 -0.107094 1.109461 -0.096678
5039.573722 1.104234 -0.107244 1.109429 -0.096817
5040.573836 1.104187 -0.107394 1.109397 -0.096955
5041.573950 1.104140 -0.107544 1.109365 -0.097094
5042.574064 1.104093 -0.107694 1.109333 -0.097233
5043.574177 1.104046 -0.107843 1.109301 -0.097371
5044.574291 1.103999 -0.107993 1.109268 -0.097510
5045.574405 1.103952 -0.108143 1.109236 -0.097648
5046.574519 1.103905 -0.108293 1.109204 -0.097787
5047.574633 1.103857 -0.108442 1.109171 -0.097925
5048.574747 1.103810 -0.108592 1.109139 -0.098064
5049.574861 1.103763 -0.108741 1.109106 -0.098202
5050.574974 1.103715 -0.108891 1.109074 -0.098340
5051.575088 1.103668 -0.109040 1.109041 -0.098479
5052.575202 1.103620 -0.109190 1.109009 -0.098617
5053.575316 1.103573 -0.109339 1.108976 -0.098755
5054.575430 1.103525 -0.109488 1.108943 -0.098893
5055.575544 1.103477 -0.109638 1.108910 -0.099031
5056.575658 1.103429 -0.109787 1.108878 -0.099170
5057.575771 1.103382 -0.109936 1.108845 -0.099308
5058.575885 1.103334 -0.110085 1.108812 -0.099446
5059.575999 1.103286 -0.110234 1.108779 -0.099584
5060.576113 1.103237 -0.110383 1.108746 -0.099722
5061.576227 1.103189 -0.110532 1.108713 -0.099860
5062.576341 1.103141 -0.110681 1.108680 -0.099998
5063.576455 1.103093 -0.110829 1.108647 -0.100135
5064.576568 1.103045 -0.110978 1.108613 -0.100273
5065.576682 1.102996 -0.111127 1.108580 -0.100411
5066.576796 1.102948 -0.111275 1.108547 -0.100549
5067.576910 1.102899 -0.111424 1.108513 -0.100687
5068.577024 1.102851 -0.111573 1.108480 -0.100824
5069.577138 1.102802 -0.111721 1.108447 -0.100962
5070.577252 1.102753 -0.111869 1.108413 -0.101100
5071.577365 1.102705 -0.112018 1.108380 -0.101237
5072.577479 1.102656 -0.112166 1.108346 -0.101375
5073.577593 1.102607 -0.112314 1.108312 -0.101512
5074.577707 1.102558 -0.112462 1.108279 -0.101650
5075.577821 1.102509 -0.112611 1.108245 -0.101787
5076.577935 1.102460 -0.112759 1.108211 -0.101925
5077.578049 1.102411 -0.112907 1.108178 -0.102062
5078.578162 1.102362 -0.113055 1.108144 -0.102200
5079.578276 1.102312 -0.113203 1.108110 -0.102337
5080.578390 1.102263 -0.113350 1.108076 -0.102474
5081.578504 1.102214 -0.113498 1.108042 -0.102611
5082.578618 1.102164 -0.113646 1.108008 -0.102749
5083.578732 1.102115 -0.113794 1.107974 -0.102886
5084.578845 1.102065 -0.113941 1.107940 -0.103023
5085.578959 1.102016 -0.114089 1.107906 -0.103160
5086.579073 1.101966 -0.114236 1.107871 -0.103297
5087.579187 1.101916 -0.114384 1.107837 -0.103434
5088.579301 1.101866 -0.114531 1.107803 -0.103571
5089.579415 1.101816 -0.114679 1.107768 -0.103708
5090.579529 1.101767 -0.114826 1.107734 -0.103845
5091.579642 1.101717 -0.114973 1.107700 -0.103982
5092.579756 1.101666 -0.115120 1.107665 -0.104119
5093.579870 1.101616 -0.115268 1.107630 -0.104256
5094.579984 1.101566 -0.115415 1.107596 -0.104392
5095.580098 1.101516 -0.115562 1.107561 -0.104529
5096.580212 1.101466 -0.115709 1.107527 -0.104666
5097.580326 1.101415 -0.115856 1.107492 -0.104803
5098.580439 1.101365 -0.116002 1.107457 -0.104939
5099.580553 1.101314 -0.116149 1.107422 -0.105076
5100.580667 1.101264 -0.116296 1.107387 -0.105212
5101.580781 1.101213 -0.116443 1.107352 -0.105349
5102.580895 1.101163 -0.116589 1.107318 -0.105485
5103.581009 1.101112 -0.116736 1.107283 -0.105622
5104.581123 1.101061 -0.116882 1.107247 -0.105758
5105.581236 1.101010 -0.117029 1.107212 -0.105895
5106.581350 1.100959 -0.117175 1.107177 -0.106031
5107.581464 1.100908 -0.117322 1.107142 -0.106167
5108.581578 1.100857 -0.117468 1.107107 -0.106304
5109.581692 1.100806 -0.117614 1.107072 -0.106440
5110.581806 1.100755 -0.117760 1.107036 -0.106576
5111.581920 1.100704 -0.117906 1.107001 -0.106712
5112.582033 1.100653 -0.118052 1.106965 -0.106848
5113.582147 1.100601 -0.118198 1.106930 -0.106984
5114.582261 1.100550 -0.118344 1.106894 -0.107120
5115.582375 1.100498 -0.118490 1.106859 -0.107256
5116.582489 1.100447 -0.118636 1.106823 -0.107392
5117.582603 1.100395 -0.118782 1.106788 -0.107528
5118.582717 1.100344 -0.118928 1.106752 -0.107664
5119.582830 1.100292 -0.119073 1.106716 -0.107800
5120.582944 1.100240 -0.119219 1.106680 -0.107936
5121.583058 1.100188 -0.119364 1.106645 -0.108072
5122.583172 1.100136 -0.119510 1.106609 -0.108207
5123.583286 1.100085 -0.119655 1.106573 -0.108343
5124.583400 1.100033 -0.119801 1.106537 -0.108479
5125.583514 1.099980 -0.119946 1.106501 -0.108614
5126.583627 1.099928 -0.120091 1.106465 -0.108750
5127.583741 1.099876 -0.120236 1.106429 -0.108886
5128.583855 1.099824 -0.120381 1.106392 -0.109021
5129.583969 1.099772 -0.120526 1.106356 -0.109157
5130.584083 1.099719 -0.120671 1.106320 -0.109292
5131.584197 1.099667 -0.120816 1.106284 -0.109428
5132.584311 1.099614 -0.120961 1.106247 -0.109563
5133.584424 1.099562 -0.121106 1.106211 -0.109698
5134.584538 1.099509 -0.121251 1.106175 -0.109834
5135.584652 1.099457 -0.121396 1.106138 -0.109969
5136.584766 1.099404 -0.121540 1.106102 -0.110104
5137.584880 1.099351 -0.121685 1.106065 -0.110239
5138.584994 1.099298 -0.121829 1.106028 -0.110374
5139.585108 1.099245 -0.121974 1.105992 -0.110509
5140.585221 1.099192 -0.122118 1.105955 -0.110644
5141.585335 1.099139 -0.122263 1.105918 -0.110779
5142.585449 1.099086 -0.122407 1.105882 -0.110914
5143.585563 1.099033 -0.122551 1.105845 -0.111049
5144.585677 1.098980 -0.122695 1.105808 -0.111184
5145.585791 1.098927 -0.122839 1.105771 -0.111319
5146.585905 1.098873 -0.122983 1.105734 -0.111454
5147.586018 1.098820 -0.123127 1.105697 -0.111589
5148.586132 1.098766 -0.123271 1.105660 -0.111724
5149.586246 1.098713 -0.123415 1.105623 -0.111858
5150.586360 1.098659 -0.123559 1.105586 -0.111993
5151.586474 1.098606 -0.123703 1.105548 -0.112128
5152.586588 1.098552 -0.123847 1.105511 -0.112262
5153.586702 1.098498 -0.123990 1.105474 -0.112397
5154.586815 1.098445 -0.124134 1.105436 -0.112531
5155.586929 1.098391 -0.124277 1.105399 -0.112666
5156.587043 1.098337 -0.124421 1.105362 -0.112800
5157.587157 1.098283 -0.124564 1.105324 -0.112935
5158.587271 1.098229 -0.124707 1.105287 -0.113069
5159.587385 1.098175 -0.124851 1.105249 -0.113203
5160.587499 1.098121 -0.124994 1.105211 -0.113338
5161.587612 1.098066 -0.125137 1.105174 -0.113472
5162.587726 1.098012 -0.125280 1.105136 -0.113606
5163.587840 1.097958 -0.125423 1.105098 -0.113740
5164.587954 1.097903 -0.125566 1.105060 -0.113874
5165.588068 1.097849 -0.125709 1.105023 -0.114008
5166.588182 1.097794 -0.125852 1.104985 -0.114142
5167.588296 1.097740 -0.125995 1.104947 -0.114276
5168.588409 1.097685 -0.126137 1.104909 -0.114410
5169.588523 1.097631 -0.126280 1.104871 -0.114544
5170.588637 1.097576 -0.126423 1.104833 -0.114678
5171.588751 1.097521 -0.126565 1.104795 -0.114812
5172.588865 1.097466 -0.126708 1.104756 -0.114946
5173.588979 1.097411 -0.126850 1.104718 -0.115079
5174.589093 1.097356 -0.126992 1.104680 -0.115213
5175.589206 1.097301 -0.127135 1.104642 -0.115347
5176.589320 1.097246 -0.127277 1.104603 -0.115481
5177.589434 1.097191 -0.127419 1.104565 -0.115614
5178.589548 1.097136 -0.127561 1.104526 -0.115748
5179.589662 1.097081 -0.127703 1.104488 -0.115881
5180.589776 1.097025 -0.127845 1.104449 -0.116015
5181.589890 1.096970 -0.127987 1.104411 -0.116148
5182.590003 1.096914 -0.128129 1.104372 -0.116281
5183.590117 1.096859 -0.128271 1.104334 -0.116415
5184.590231 1.096803 -0.128412 1.104295 -0.116548
5185.590345 1.096748 -0.128554 1.104256 -0.116681
5186.590459 1.096692 -0.128696 1.104217 -0.116815
5187.590573 1.096636 -0.128837 1.104178 -0.116948
5188.590687 1.096580 -0.128979 1.104140 -0.117081
5189.590800 1.096525 -0.129120 1.104101 -0.117214
5190.590914 1.096469 -0.129261 1.104062 -0.117347
5191.591028 1.096413 -0.129403 1.104023 -0.117480
5192.591142 1.096357 -0.129544 1.103984 -0.117613
5193.591256 1.096301 -0.129685 1.103944 -0.117746
5194.591370 1.096245 -0.129826 1.103905 -0.117879
5195.591484 1.096188 -0.129967 1.103866 -0.118012
5196.591597 1.096132 -0.130108 1.103827 -0.118145
5197.591711 1.096076 -0.130249 1.103788 -0.118277
5198.591825 1.096019 -0.130390 1.103748 -0.118410
5199.591939 1.095963 -0.130531 1.103709 -0.118543
5200.592053 1.095907 -0.130671 1.103669 -0.118676
5201.592167 1.095850 -0.130812 1.103630 -0.118808
5202.592281 1.095793 -0.130953 1.103590 -0.118941
5203.592394 1.095737 -0.131093 1.103551 -0.119073
5204.592508 1.095680 -0.131233 1.103511 -0.119206
5205.592622 1.095623 -0.131374 1.103472 -0.119338
5206.592736 1.095566 -0.131514 1.103432 -0.119471
5207.592850 1.095510 -0.131654 1.103392 -0.119603
5208.592964 1.095453 -0.131795 1.103352 -0.119735
5209.593078 1.095396 -0.131935 1.103312 -0.119867
5210.593191 1.095339 -0.132075 1.103273 -0.120000
5211.593305 1.095281 -0.132215 1.103233 -0.120132
5212.593419 1.095224 -0.132355 1.103193 -0.120264
5213.593533 1.095167 -0.132495 1.103153 -0.120396
5214.593647 1.095110 -0.132634 1.103113 -0.120528
5215.593761 1.095052 -0.132774 1.103072 -0.120660
5216.593875 1.094995 -0.132914 1.103032 -0.120792
5217.593988 1.094938 -0.133054 1.102992 -0.120924
5218.594102 1.094880 -0.133193 1.102952 -0.121056
5219.594216 1.094822 -0.133333 1.102912 -0.121188
5220.594330 1.094765 -0.133472 1.102871 -0.121320
5221.594444 1.094707 -0.133611 1.102831 -0.121451
5222.594558 1.094649 -0.133751 1.102790 -0.121583
5223.594672 1.094592 -0.133890 1.102750 -0.121715
5224.594785 1.094534 -0.134029 1.102709 -0.121846
5225.594899 1.094476 -0.134168 1.102669 -0.121978
5226.595013 1.094418 -0.134307 1.102628 -0.122110
5227.595127 1.094360 -0.134446 1.102588 -0.122241
5228.595241 1.094302 -0.134585 1.102547 -0.122373
5229.595355 1.094244 -0.134724 1.102506 -0.122504
5230.595469 1.094186 -0.134863 1.102465 -0.122635
5231.595582 1.094127 -0.135001 1.102425 -0.122767
5232.595696 1.094069 -0.135140 1.102384 -0.122898
5233.595810 1.094011 -0.135278 1.102343 -0.123029
5234.595924 1.093952 -0.135417 1.102302 -0.123160
5235.596038 1.093894 -0.135555 1.102261 -0.123292
5236.596152 1.093835 -0.135694 1.102220 -0.123423
5237.596266 1.093777 -0.135832 1.102179 -0.123554
5238.596379 1.093718 -0.135970 1.102137 -0.123685
5239.596493 1.093659 -0.136108 1.102096 -0.123816
5240.596607 1.093601 -0.136247 1.102055 -0.123947
5241.596721 1.093542 -0.136385 1.102014 -0.124078
5242.596835 1.093483 -0.136523 1.101972 -0.124208
5243.596949 1.093424 -0.136660 1.101931 -0.124339
5244.597063 1.093365 -0.136798 1.101890 -0.124470
5245.597176 1.093306 -0.136936 1.101848 -0.124601
5246.597290 1.093247 -0.137074 1.101807 -0.124731
5247.597404 1.093188 -0.137211 1.101765 -0.124862
5248.597518 1.093129 -0.137349 1.101724 -0.124993
5249.597632 1.093069 -0.137486 1.101682 -0.125123
5250.597746 1.093010 -0.137624 1.101640 -0.125254
5251.597860 1.092951 -0.137761 1.101598 -0.125384
5252.597973 1.092891 -0.137899 1.101557 -0.125514
5253.598087 1.092832 -0.138036 1.101515 -0.125645
5254.598201 1.092772 -0.138173 1.101473 -0.125775
5255.598315 1.092713 -0.138310 1.101431 -0.125905
5256.598429 1.092653 -0.138447 1.101389 -0.126036
5257.598543 1.092593 -0.138584 1.101347 -0.126166
5258.598656 1.092534 -0.138721 1.101305 -0.126296
5259.598770 1.092474 -0.138858 1.101263 -0.126426
5260.598884 1.092414 -0.138994 1.101221 -0.126556
5261.598998 1.092354 -0.139131 1.101179 -0.126686
5262.599112 1.092294 -0.139268 1.101137 -0.126816
5263.599226 1.092234 -0.139404 1.101094 -0.126946
5264.599340 1.092174 -0.139541 1.101052 -0.127076
5265.599453 1.092114 -0.139677 1.101010 -0.127206
5266.599567 1.092054 -0.139814 1.100967 -0.127335
5267.599681 1.091993 -0.139950 1.100925 -0.127465
5268.599795 1.091933 -0.140086 1.100882 -0.127595
5269.599909 1.091873 -0.140222 1.100840 -0.127724
5270.600023 1.091812 -0.140358 1.100797 -0.127854
5271.600137 1.091752 -0.140494 1.100755 -0.127984
5272.600250 1.091691 -0.140630 1.100712 -0.128113
5273.600364 1.091631 -0.140766 1.100669 -0.128243
5274.600478 1.091570 -0.140902 1.100626 -0.128372
5275.600592 1.091509 -0.141038 1.100584 -0.128501
5276.600706 1.091449 -0.141173 1.100541 -0.128631
5277.600820 1.091388 -0.141309 1.100498 -0.128760
5278.600934 1.091327 -0.141444 1.100455 -0.128889
5279.601047 1.091266 -0.141580 1.100412 -0.129018
5280.601161 1.091205 -0.141715 1.100369 -0.129147
5281.601275 1.091144 -0.141850 1.100326 -0.129277
5282.601389 1.091083 -0.141986 1.100283 -0.129406
5283.601503 1.091022 -0.142121 1.100240 -0.129535
5284.601617 1.090961 -0.142256 1.100197 -0.129664
5285.601731 1.090900 -0.142391 1.100153 -0.129792
5286.601844 1.090838 -0.142526 1.100110 -0.129921
5287.601958 1.090777 -0.142661 1.100067 -0.130050
5288.602072 1.090716 -0.142796 1.100023 -0.130179
5289.602186 1.090654 -0.142931 1.099980 -0.130308
5290.602300 1.090593 -0.143065 1.099936 -0.130436
5291.602414 1.090531 -0.143200 1.099893 -0.130565
5292.602528 1.090470 -0.143334 1.099849 -0.130694
5293.602641 1.090408 -0.143469 1.099806 -0.130822
5294.602755 1.090346 -0.143603 1.099762 -0.130951
5295.602869 1.090284 -0.143738 1.099718 -0.131079
5296.602983 1.090223 -0.143872 1.099675 -0.131207
5297.603097 1.090161 -0.144006 1.099631 -0.131336
5298.603211 1.090099 -0.144140 1.099587 -0.131464
5299.603325 1.090037 -0.144274 1.099543 -0.131592
5300.603438 1.089975 -0.144408 1.099499 -0.131721
5301.603552 1.089913 -0.144542 1.099455 -0.131849
5302.603666 1.089851 -0.144676 1.099411 -0.131977
5303.603780 1.089788 -0.144810 1.099367 -0.132105
5304.603894 1.089726 -0.144943 1.099323 -0.132233
5305.604008 1.089664 -0.145077 1.099279 -0.132361
5306.604122 1.089602 -0.145211 1.099235 -0.132489
5307.604235 1.089539 -0.145344 1.099191 -0.132617
5308.604349 1.089477 -0.145478 1.099147 -0.132744
5309.604463 1.089414 -0.145611 1.099102 -0.132872
5310.604577 1.089352 -0.145744 1.099058 -0.133000
5311.604691 1.089289 -0.145877 1.099014 -0.133128
5312.604805 1.089226 -0.146010 1.098969 -0.133255
5313.604919 1.089164 -0.146144 1.098925 -0.133383
5314.605032 1.089101 -0.146277 1.098880 -0.133510
5315.605146 1.089038 -0.146409 1.098836 -0.133638
5316.605260 1.088975 -0.146542 1.098791 -0.133765
5317.605374 1.088912 -0.146675 1.098746 -0.133893
5318.605488 1.088849 -0.146808 1.098702 -0.134020
5319.605602 1.088786 -0.146940 1.098657 -0.134147
5320.605716 1.088723 -0.147073 1.098612 -0.134275
5321.605829 1.088660 -0.147205 1.098567 -0.134402
5322.605943 1.088597 -0.147338 1.098522 -0.134529
5323.606057 1.088534 -0.147470 1.098477 -0.134656
5324.606171 1.088470 -0.147602 1.098433 -0.134783
5325.606285 1.088407 -0.147735 1.098388 -0.134910
5326.606399 1.088344 -0.147867 1.098342 -0.135037
5327.606513 1.088280 -0.147999 1.098297 -0.135164
5328.606626 1.088217 -0.148131 1.098252 -0.135291
5329.606740 1.088153 -0.148263 1.098207 -0.135418
5330.606854 1.088089 -0.148395 1.098162 -0.135545
5331.606968 1.088026 -0.148526 1.098117 -0.135671
5332.607082 1.087962 -0.148658 1.098071 -0.135798
5333.607196 1.087898 -0.148790 1.098026 -0.135925
5334.607310 1.087834 -0.148921 1.097981 -0.136051
5335.607423 1.087771 -0.149053 1.097935 -0.136178
5336.607537 1.087707 -0.149184 1.097890 -0.136304
5337.607651 1.087643 -0.149315 1.097844 -0.136431
5338.607765 1.087579 -0.149447 1.097799 -0.136557
5339.607879 1.087515 -0.149578 1.097753 -0.136683
5340.607993 1.087450 -0.149709 1.097707 -0.136810
5341.608107 1.087386 -0.149840 1.097662 -0.136936
5342.608220 1.087322 -0.149971 1.097616 -0.137062
5343.608334 1.087258 -0.150102 1.097570 -0.137188
5344.608448 1.087193 -0.150233 1.097524 -0.137314
5345.608562 1.087129 -0.150363 1.097478 -0.137440
5346.608676 1.087065 -0.150494 1.097432 -0.137566
5347.608790 1.087000 -0.150625 1.097386 -0.137692
5348.608904 1.086936 -0.150755 1.097340 -0.137818
5349.609017 1.086871 -0.150886 1.097294 -0.137944
5350.609131 1.086806 -0.151016 1.097248 -0.138070
5351.609245 1.086742 -0.151146 1.097202 -0.138196
5352.609359 1.086677 -0.151277 1.097156 -0.138321
5353.609473 1.086612 -0.151407 1.097110 -0.138447
5354.609587 1.086547 -0.151537 1.097063 -0.138572
5355.609701 1.086482 -0.151667 1.097017 -0.138698
5356.609814 1.086417 -0.151797 1.096971 -0.138824
5357.609928 1.086352 -0.151927 1.096924 -0.138949
5358.610042 1.086287 -0.152056 1.096878 -0.139074
5359.610156 1.086222 -0.152186 1.096832 -0.139200
5360.610270 1.086157 -0.152316 1.096785 -0.139325
5361.610384 1.086092 -0.152445 1.096738 -0.139450
5362.610498 1.086027 -0.152575 1.096692 -0.139575
5363.610611 1.085961 -0.152704 1.096645 -0.139701
5364.610725 1.085896 -0.152833 1.096598 -0.139826
5365.610839 1.085831 -0.152963 1.096552 -0.139951
5366.610953 1.085765 -0.153092 1.096505 -0.140076
5367.611067 1.085700 -0.153221 1.096458 -0.140201
5368.611181 1.085634 -0.153350 1.096411 -0.140325
5369.611295 1.085568 -0.153479 1.096364 -0.140450
5370.611408 1.085503 -0.153608 1.096317 -0.140575
5371.611522 1.085437 -0.153737 1.096270 -0.140700
5372.611636 1.085371 -0.153865 1.096223 -0.140825
5373.611750 1.085306 -0.153994 1.096176 -0.140949
5374.611864 1.085240 -0.154123 1.096129 -0.141074
5375.611978 1.085174 -0.154251 1.096082 -0.141198
5376.612092 1.085108 -0.154380 1.096035 -0.141323
5377.612205 1.085042 -0.154508 1.095987 -0.141447
5378.612319 1.084976 -0.154636 1.095940 -0.141572
5379.612433 1.084910 -0.154764 1.095893 -0.141696
5380.612547 1.084843 -0.154893 1.095845 -0.141820
5381.612661 1.084777 -0.155021 1.095798 -0.141944
5382.612775 1.084711 -0.155149 1.095750 -0.142069
5383.612889 1.084645 -0.155276 1.095703 -0.142193
5384.613002 1.084578 -0.155404 1.095655 -0.142317
5385.613116 1.084512 -0.155532 1.095608 -0.142441
5386.613230 1.084445 -0.155660 1.095560 -0.142565
5387.613344 1.084379 -0.155787 1.095512 -0.142689
5388.613458 1.084312 -0.155915 1.095465 -0.142812
5389.613572 1.084246 -0.156042 1.095417 -0.142936
5390.613686 1.084179 -0.156170 1.095369 -0.143060
5391.613799 1.084112 -0.156297 1.095321 -0.143184
5392.613913 1.084046 -0.156424 1.095273 -0.143307
5393.614027 1.083979 -0.156551 1.095225 -0.143431
5394.614141 1.083912 -0.156678 1.095177 -0.143555
5395.614255 1.083845 -0.156805 1.095129 -0.143678
5396.614369 1.083778 -0.156932 1.095081 -0.143802
5397.614483 1.083711 -0.157059 1.095033 -0.143925
5398.614596 1.083644 -0.157186 1.094985 -0.144048
5399.614710 1.083577 -0.157312 1.094937 -0.144172
5400.614824 1.083510 -0.157439 1.094888 -0.144295
5401.614938 1.083443 -0.157566 1.094840 -0.144418
5402.615052 1.083375 -0.157692 1.094792 -0.144541
5403.615166 1.083308 -0.157818 1.094743 -0.144664
5404.615280 1.083241 -0.157945 1.094695 -0.144787
5405.615393 1.083173 -0.158071 1.094647 -0.144910
5406.615507 1.083106 -0.158197 1.094598 -0.145033
5407.615621 1.083039 -0.158323 1.094550 -0.145156
5408.615735 1.082971 -0.158449 1.094501 -0.145279
5409.615849 1.082903 -0.158575 1.094452 -0.145402
5410.615963 1.082836 -0.158701 1.094404 -0.145524
5411.616077 1.082768 -0.158827 1.094355 -0.145647
5412.616190 1.082700 -0.158952 1.094306 -0.145770
5413.616304 1.082633 -0.159078 1.094257 -0.145892
5414.616418 1.082565 -0.159203 1.094208 -0.146015
5415.616532 1.082497 -0.159329 1.094160 -0.146137
5416.616646 1.082429 -0.159454 1.094111 -0.146259
5417.616760 1.082361 -0.159579 1.094062 -0.146382
5418.616874 1.082293 -0.159705 1.094013 -0.146504
5419.616987 1.082225 -0.159830 1.093964 -0.146626
5420.617101 1.082157 -0.159955 1.093914 -0.146748
5421.617215 1.082089 -0.160080 1.093865 -0.146871
5422.617329 1.082020 -0.160205 1.093816 -0.146993
5423.617443 1.081952 -0.160329 1.093767 -0.147115
5424.617557 1.081884 -0.160454 1.093718 -0.147237
5425.617670 1.081816 -0.160579 1.093668 -0.147359
5426.617784 1.081747 -0.160703 1.093619 -0.147480
5427.617898 1.081679 -0.160828 1.093570 -0.147602
5428.618012 1.081610 -0.160952 1.093520 -0.147724
5429.618126 1.081542 -0.161077 1.093471 -0.147846
5430.618240 1.081473 -0.161201 1.093421 -0.147967
5431.618354 1.081404 -0.161325 1.093372 -0.148089
5432.618467 1.081336 -0.161449 1.093322 -0.148210
5433.618581 1.081267 -0.161573 1.093272 -0.148332
5434.618695 1.081198 -0.161697 1.093223 -0.148453
5435.618809 1.081129 -0.161821 1.093173 -0.148575
5436.618923 1.081060 -0.161945 1.093123 -0.148696
5437.619037 1.080992 -0.162068 1.093073 -0.148817
5438.619151 1.080923 -0.162192 1.093023 -0.148939
5439.619264 1.080854 -0.162316 1.092973 -0.149060
5440.619378 1.080785 -0.162439 1.092923 -0.149181
5441.619492 1.080715 -0.162563 1.092873 -0.149302
5442.619606 1.080646 -0.162686 1.092823 -0.149423
5443.619720 1.080577 -0.162809 1.092773 -0.149544
5444.619834 1.080508 -0.162932 1.092723 -0.149665
5445.619948 1.080438 -0.163055 1.092673 -0.149786
5446.620061 1.080369 -0.163178 1.092623 -0.149906
5447.620175 1.080300 -0.163301 1.092573 -0.150027
5448.620289 1.080230 -0.163424 1.092522 -0.150148
5449.620403 1.080161 -0.163547 1.092472 -0.150268
5450.620517 1.080091 -0.163669 1.092422 -0.150389
5451.620631 1.080022 -0.163792 1.092371 -0.150509
5452.620745 1.079952 -0.163915 1.092321 -0.150630
5453.620858 1.079882 -0.164037 1.092270 -0.150750
5454.620972 1.079813 -0.164159 1.092220 -0.150870
5455.621086 1.079743 -0.164282 1.092169 -0.150991
5456.621200 1.079673 -0.164404 1.092118 -0.151111
5457.621314 1.079603 -0.164526 1.092068 -0.151231
5458.621428 1.079533 -0.164648 1.092017 -0.151351
5459.621542 1.079463 -0.164770 1.091966 -0.151471
5460.621655 1.079393 -0.164892 1.091915 -0.151591
5461.621769 1.079323 -0.165013 1.091865 -0.151711
5462.621883 1.079253 -0.165135 1.091814 -0.151831
5463.621997 1.079183 -0.165257 1.091763 -0.151951
5464.622111 1.079113 -0.165378 1.091712 -0.152071
5465.622225 1.079043 -0.165500 1.091661 -0.152191
5466.622339 1.078972 -0.165621 1.091610 -0.152310
5467.622452 1.078902 -0.165742 1.091559 -0.152430
5468.622566 1.078832 -0.165864 1.091508 -0.152549
5469.622680 1.078761 -0.165985 1.091456 -0.152669
5470.622794 1.078691 -0.166106 1.091405 -0.152788
5471.622908 1.078620 -0.166227 1.091354 -0.152908
5472.623022 1.078550 -0.166348 1.091303 -0.153027
5473.623136 1.078479 -0.166469 1.091251 -0.153146
5474.623249 1.078409 -0.166589 1.091200 -0.153265
5475.623363 1.078338 -0.166710 1.091148 -0.153385
5476.623477 1.078267 -0.166831 1.091097 -0.153504
5477.623591 1.078196 -0.166951 1.091046 -0.153623
5478.623705 1.078126 -0.167071 1.090994 -0.153742
5479.623819 1.078055 -0.167192 1.090942 -0.153861
5480.623933 1.077984 -0.167312 1.090891 -0.153980
5481.624046 1.077913 -0.167432 1.090839 -0.154098
5482.624160 1.077842 -0.167552 1.090787 -0.154217
5483.624274 1.077771 -0.167672 1.090736 -0.154336
5484.624388 1.077700 -0.167792 1.090684 -0.154455
5485.624502 1.077629 -0.167912 1.090632 -0.154573
5486.624616 1.077558 -0.168032 1.090580 -0.154692
5487.624730 1.077486 -0.168151 1.090528 -0.154810
5488.624843 1.077415 -0.168271 1.090476 -0.154929
5489.624957 1.077344 -0.168390 1.090424 -0.155047
5490.625071 1.077272 -0.168510 1.090372 -0.155165
5491.625185 1.077201 -0.168629 1.090320 -0.155284
5492.625299 1.077130 -0.168748 1.090268 -0.155402
5493.625413 1.077058 -0.168868 1.090216 -0.155520
5494.625527 1.076986 -0.168987 1.090163 -0.155638
5495.625640 1.076915 -0.169106 1.090111 -0.155756
5496.625754 1.076843 -0.169225 1.090059 -0.155874
5497.625868 1.076772 -0.169343 1.090007 -0.155992
5498.625982 1.076700 -0.169462 1.089954 -0.156110
5499.626096 1.076628 -0.169581 1.089902 -0.156227
5500.626210 1.076556 -0.169699 1.089849 -0.156345
5501.626324 1.076484 -0.169818 1.089797 -0.156463
5502.626437 1.076413 -0.169936 1.089744 -0.156581
5503.626551 1.076341 -0.170055 1.089692 -0.156698
5504.626665 1.076269 -0.170173 1.089639 -0.156816
5505.626779 1.076197 -0.170291 1.089586 -0.156933
5506.626893 1.076125 -0.170409 1.089534 -0.157050
5507.627007 1.076053 -0.170527 1.089481 -0.157168
5508.627121 1.075980 -0.170645 1.089428 -0.157285
5509.627234 1.075908 -0.170763 1.089375 -0.157402
5510.627348 1.075836 -0.170881 1.089322 -0.157519
5511.627462 1.075764 -0.170998 1.089269 -0.157636
5512.627576 1.075691 -0.171116 1.089216 -0.157754
5513.627690 1.075619 -0.171233 1.089163 -0.157871
5514.627804 1.075547 -0.171351 1.089110 -0.157987
5515.627918 1.075474 -0.171468 1.089057 -0.158104
5516.628031 1.075402 -0.171585 1.089004 -0.158221
5517.628145 1.075329 -0.171703 1.088951 -0.158338
5518.628259 1.075256 -0.171820 1.088898 -0.158455
5519.628373 1.075184 -0.171937 1.088845 -0.158571
5520.628487 1.075111 -0.172054 1.088791 -0.158688
5521.628601 1.075038 -0.172170 1.088738 -0.158804
5522.628715 1.074966 -0.172287 1.088685 -0.158921
5523.628828 1.074893 -0.172404 1.088631 -0.159037
5524.628942 1.074820 -0.172520 1.088578 -0.159153
5525.629056 1.074747 -0.172637 1.088524 -0.159270
5526.629170 1.074674 -0.172753 1.088471 -0.159386
5527.629284 1.074601 -0.172870 1.088417 -0.159502
5528.629398 1.074528 -0.172986 1.088363 -0.159618
5529.629512 1.074455 -0.173102 1.088310 -0.159734
5530.629625 1.074382 -0.173218 1.088256 -0.159850
5531.629739 1.074309 -0.173334 1.088202 -0.159966
5532.629853 1.074236 -0.173450 1.088149 -0.160082
5533.629967 1.074162 -0.173566 1.088095 -0.160198
5534.630081 1.074089 -0.173681 1.088041 -0.160314
5535.630195 1.074016 -0.173797 1.087987 -0.160429
5536.630309 1.073943 -0.173913 1.087933 -0.160545
5537.630422 1.073869 -0.174028 1.087879 -0.160660
5538.630536 1.073796 -0.174144 1.087825 -0.160776
5539.630650 1.073722 -0.174259 1.087771 -0.160891
5540.630764 1.073649 -0.174374 1.087717 -0.161007
5541.630878 1.073575 -0.174489 1.087663 -0.161122
5542.630992 1.073501 -0.174604 1.087608 -0.161237
5543.631106 1.073428 -0.174719 1.087554 -0.161353
5544.631219 1.073354 -0.174834 1.087500 -0.161468
5545.631333 1.073280 -0.174949 1.087446 -0.161583
5546.631447 1.073207 -0.175064 1.087391 -0.161698
5547.631561 1.073133 -0.175178 1.087337 -0.161813
5548.631675 1.073059 -0.175293 1.087282 -0.161928
5549.631789 1.072985 -0.175407 1.087228 -0.162042
5550.631903 1.072911 -0.175521 1.087173 -0.162157
5551.632016 1.072837 -0.175636 1.087119 -0.162272
5552.632130 1.072763 -0.175750 1.087064 -0.162387
5553.632244 1.072689 -0.175864 1.087010 -0.162501
5554.632358 1.072615 -0.175978 1.086955 -0.162616
5555.632472 1.072541 -0.176092 1.086900 -0.162730
5556.632586 1.072467 -0.176206 1.086845 -0.162845
5557.632700 1.072392 -0.176320 1.086791 -0.162959
5558.632813 1.072318 -0.176433 1.086736 -0.163073
5559.632927 1.072244 -0.176547 1.086681 -0.163188
5560.633041 1.072169 -0.176660 1.086626 -0.163302
5561.633155 1.072095 -0.176774 1.086571 -0.163416
5562.633269 1.072021 -0.176887 1.086516 -0.163530
5563.633383 1.071946 -0.177000 1.086461 -0.163644
5564.633497 1.071872 -0.177113 1.086406 -0.163758
5565.633610 1.071797 -0.177226 1.086351 -0.163872
5566.633724 1.071722 -0.177339 1.086296 -0.163986
5567.633838 1.071648 -0.177452 1.086240 -0.164099
5568.633952 1.071573 -0.177565 1.086185 -0.164213
5569.634066 1.071498 -0.177678 1.086130 -0.164327
5570.634180 1.071424 -0.177790 1.086074 -0.164440
5571.634294 1.071349 -0.177903 1.086019 -0.164554
5572.634407 1.071274 -0.178015 1.085964 -0.164667
5573.634521 1.071199 -0.178128 1.085908 -0.164780
5574.634635 1.071124 -0.178240 1.085853 -0.164894
5575.634749 1.071049 -0.178352 1.085797 -0.165007
5576.634863 1.070974 -0.178464 1.085742 -0.165120
5577.634977 1.070899 -0.178576 1.085686 -0.165233
5578.635091 1.070824 -0.178688 1.085630 -0.165346
5579.635204 1.070749 -0.178800 1.085575 -0.165459
5580.635318 1.070674 -0.178912 1.085519 -0.165572
5581.635432 1.070598 -0.179024 1.085463 -0.165685
5582.635546 1.070523 -0.179135 1.085407 -0.165798
5583.635660 1.070448 -0.179247 1.085352 -0.165911
5584.635774 1.070373 -0.179358 1.085296 -0.166024
5585.635888 1.070297 -0.179469 1.085240 -0.166136
5586.636001 1.070222 -0.179581 1.085184 -0.166249
5587.636115 1.070146 -0.179692 1.085128 -0.166361
5588.636229 1.070071 -0.179803 1.085072 -0.166474
5589.636343 1.069995 -0.179914 1.085016 -0.166586
5590.636457 1.069920 -0.180025 1.084959 -0.166698
5591.636571 1.069844 -0.180135 1.084903 -0.166811
5592.636685 1.069768 -0.180246 1.084847 -0.166923
5593.636798 1.069693 -0.180357 1.084791 -0.167035
5594.636912 1.069617 -0.180467 1.084734 -0.167147
5595.637026 1.069541 -0.180578 1.084678 -0.167259
5596.637140 1.069465 -0.180688 1.084622 -0.167371
5597.637254 1.069390 -0.180798 1.084565 -0.167483
5598.637368 1.069314 -0.180908 1.084509 -0.167595
5599.637481 1.069238 -0.181018 1.084452 -0.167706
5600.637595 1.069162 -0.181128 1.084396 -0.167818
5601.637709 1.069086 -0.181238 1.084339 -0.167930
5602.637823 1.069010 -0.181348 1.084283 -0.168041
5603.637937 1.068934 -0.181458 1.084226 -0.168153
5604.638051 1.068858 -0.181567 1.084169 -0.168264
5605.638165 1.068781 -0.181677 1.084113 -0.168376
5606.638278 1.068705 -0.181786 1.084056 -0.168487
5607.638392 1.068629 -0.181896 1.083999 -0.168598
5608.638506 1.068553 -0.182005 1.083942 -0.168709
5609.638620 1.068476 -0.182114 1.083885 -0.168821
5610.638734 1.068400 -0.182223 1.083828 -0.168932
5611.638848 1.068324 -0.182332 1.083771 -0.169043
5612.638962 1.068247 -0.182441 1.083714 -0.169154
5613.639075 1.068171 -0.182550 1.083657 -0.169264
5614.639189 1.068094 -0.182659 1.083600 -0.169375
5615.639303 1.068018 -0.182767 1.083543 -0.169486
5616.639417 1.067941 -0.182876 1.083486 -0.169597
5617.639531 1.067864 -0.182984 1.083429 -0.169707
5618.639645 1.067788 -0.183093 1.083371 -0.169818
5619.639759 1.067711 -0.183201 1.083314 -0.169928
5620.639872 1.067634 -0.183309 1.083257 -0.170039
5621.639986 1.067558 -0.183417 1.083199 -0.170149
5622.640100 1.067481 -0.183525 1.083142 -0.170259
5623.640214 1.067404 -0.183633 1.083085 -0.170370
5624.640328 1.067327 -0.183741 1.083027 -0.170480
5625.640442 1.067250 -0.183849 1.082970 -0.170590
5626.640556 1.067173 -0.183957 1.082912 -0.170700
5627.640669 1.067096 -0.184064 1.082854 -0.170810
5628.640783 1.067019 -0.184172 1.082797 -0.170920
5629.640897 1.066942 -0.184279 1.082739 -0.171030
5630.641011 1.066865 -0.184386 1.082681 -0.171139
5631.641125 1.066788 -0.184493 1.082624 -0.171249
5632.641239 1.066711 -0.184601 1.082566 -0.171359
5633.641353 1.066633 -0.184708 1.082508 -0.171468
5634.641466 1.066556 -0.184815 1.082450 -0.171578
5635.641580 1.066479 -0.184921 1.082392 -0.171687
5636.641694 1.066401 -0.185028 1.082334 -0.171797
5637.641808 1.066324 -0.185135 1.082276 -0.171906
5638.641922 1.066247 -0.185241 1.082218 -0.172015
5639.642036 1.066169 -0.185348 1.082160 -0.172124
5640.642150 1.066092 -0.185454 1.082102 -0.172234
5641.642263 1.066014 -0.185560 1.082044 -0.172343
5642.642377 1.065937 -0.185667 1.081986 -0.172452
5643.642491 1.065859 -0.185773 1.081927 -0.172561
5644.642605 1.065781 -0.185879 1.081869 -0.172669
5645.642719 1.065704 -0.185985 1.081811 -0.172778
5646.642833 1.065626 -0.186091 1.081753 -0.172887
5647.642947 1.065548 -0.186196 1.081694 -0.172996
5648.643060 1.065470 -0.186302 1.081636 -0.173104
5649.643174 1.065393 -0.186408 1.081577 -0.173213
5650.643288 1.065315 -0.186513 1.081519 -0.173321
5651.643402 1.065237 -0.186618 1.081460 -0.173430
5652.643516 1.065159 -0.186724 1.081402 -0.173538
5653.643630 1.065081 -0.186829 1.081343 -0.173646
5654.643744 1.065003 -0.186934 1.081284 -0.173754
5655.643857 1.064925 -0.187039 1.081226 -0.173863
5656.643971 1.064847 -0.187144 1.081167 -0.173971
5657.644085 1.064769 -0.187249 1.081108 -0.174079
5658.644199 1.064691 -0.187353 1.081049 -0.174187
5659.644313 1.064612 -0.187458 1.080990 -0.174294
5660.644427 1.064534 -0.187563 1.080932 -0.174402
5661.644541 1.064456 -0.187667 1.080873 -0.174510
5662.644654 1.064378 -0.187772 1.080814 -0.174618
5663.644768 1.064299 -0.187876 1.080755 -0.174725
5664.644882 1.064221 -0.187980 1.080696 -0.174833
5665.644996 1.064143 -0.188084 1.080636 -0.174940
5666.645110 1.064064 -0.188188 1.080577 -0.175048
5667.645224 1.063986 -0.188292 1.080518 -0.175155
5668.645338 1.063907 -0.188396 1.080459 -0.175262
5669.645451 1.063829 -0.188500 1.080400 -0.175370
5670.645565 1.063750 -0.188603 1.080340 -0.175477
5671.645679 1.063671 -0.188707 1.080281 -0.175584
5672.645793 1.063593 -0.188810 1.080222 -0.175691
5673.645907 1.063514 -0.188913 1.080162 -0.175798
5674.646021 1.063435 -0.189017 1.080103 -0.175905
5675.646135 1.063357 -0.189120 1.080043 -0.176011
5676.646248 1.063278 -0.189223 1.079984 -0.176118
5677.646362 1.063199 -0.189326 1.079924 -0.176225
5678.646476 1.063120 -0.189429 1.079865 -0.176331
5679.646590 1.063041 -0.189532 1.079805 -0.176438
5680.646704 1.062962 -0.189634 1.079745 -0.176544
5681.646818 1.062883 -0.189737 1.079686 -0.176651
5682.646932 1.062804 -0.189839 1.079626 -0.176757
5683.647045 1.062725 -0.189942 1.079566 -0.176863
5684.647159 1.062646 -0.190044 1.079506 -0.176970
5685.647273 1.062567 -0.190146 1.079447 -0.177076
5686.647387 1.062488 -0.190249 1.079387 -0.177182
5687.647501 1.062409 -0.190351 1.079327 -0.177288
5688.647615 1.062330 -0.190453 1.079267 -0.177394
5689.647729 1.062251 -0.190554 1.079207 -0.177500
5690.647842 1.062171 -0.190656 1.079147 -0.177605
5691.647956 1.062092 -0.190758 1.079087 -0.177711
5692.648070 1.062013 -0.190859 1.079026 -0.177817
5693.648184 1.061933 -0.190961 1.078966 -0.177922
5694.648298 1.061854 -0.191062 1.078906 -0.178028
5695.648412 1.061774 -0.191164 1.078846 -0.178133
5696.648526 1.061695 -0.191265 1.078786 -0.178239
5697.648639 1.061615 -0.191366 1.078725 -0.178344
5698.648753 1.061536 -0.191467 1.078665 -0.178449
5699.648867 1.061456 -0.191568 1.078604 -0.178554
5700.648981 1.061377 -0.191669 1.078544 -0.178660
5701.649095 1.061297 -0.191769 1.078484 -0.178765
5702.649209 1.061217 -0.191870 1.078423 -0.178870
5703.649323 1.061138 -0.191971 1.078363 -0.178974
5704.649436 1.061058 -0.192071 1.078302 -0.179079
5705.649550 1.060978 -0.192171 1.078241 -0.179184
5706.649664 1.060898 -0.192272 1.078181 -0.179289
5707.649778 1.060818 -0.192372 1.078120 -0.179393
5708.649892 1.060739 -0.192472 1.078059 -0.179498
5709.650006 1.060659 -0.192572 1.077998 -0.179602
5710.650120 1.060579 -0.192672 1.077938 -0.179707
5711.650233 1.060499 -0.192772 1.077877 -0.179811
5712.650347 1.060419 -0.192871 1.077816 -0.179915
5713.650461 1.060339 -0.192971 1.077755 -0.180020
5714.650575 1.060259 -0.193070 1.077694 -0.180124
5715.650689 1.060178 -0.193170 1.077633 -0.180228
5716.650803 1.060098 -0.193269 1.077572 -0.180332
5717.650917 1.060018 -0.193368 1.077511 -0.180436
5718.651030 1.059938 -0.193467 1.077450 -0.180540
5719.651144 1.059858 -0.193566 1.077389 -0.180643
5720.651258 1.059777 -0.193665 1.077327 -0.180747
5721.651372 1.059697 -0.193764 1.077266 -0.180851
5722.651486 1.059617 -0.193863 1.077205 -0.180954
5723.651600 1.059536 -0.193962 1.077144 -0.181058
5724.651714 1.059456 -0.194060 1.077082 -0.181161
5725.651827 1.059375 -0.194159 1.077021 -0.181265
5726.651941 1.059295 -0.194257 1.076959 -0.181368
5727.652055 1.059214 -0.194355 1.076898 -0.181471
5728.652169 1.059134 -0.194453 1.076837 -0.181575
5729.652283 1.059053 -0.194552 1.076775 -0.181678
5730.652397 1.058973 -0.194649 1.076713 -0.181781
5731.652511 1.058892 -0.194747 1.076652 -0.181884
5732.652624 1.058811 -0.194845 1.076590 -0.181986
5733.652738 1.058731 -0.194943 1.076528 -0.182089
5734.652852 1.058650 -0.195040 1.076467 -0.182192
5735.652966 1.058569 -0.195138 1.076405 -0.182295
5736.653080 1.058488 -0.195235 1.076343 -0.182397
5737.653194 1.058408 -0.195333 1.076281 -0.182500
5738.653308 1.058327 -0.195430 1.076219 -0.182602
5739.653421 1.058246 -0.195527 1.076158 -0.182705
5740.653535 1.058165 -0.195624 1.076096 -0.182807
5741.653649 1.058084 -0.195721 1.076034 -0.182909
5742.653763 1.058003 -0.195818 1.075972 -0.183011
5743.653877 1.057922 -0.195914 1.075910 -0.183114
5744.653991 1.057841 -0.196011 1.075848 -0.183216
5745.654105 1.057760 -0.196108 1.075785 -0.183318
5746.654218 1.057679 -0.196204 1.075723 -0.183419
5747.654332 1.057598 -0.196300 1.075661 -0.183521
5748.654446 1.057516 -0.196397 1.075599 -0.183623
5749.654560 1.057435 -0.196493 1.075536 -0.183725
5750.654674 1.057354 -0.196589 1.075474 -0.183826
5751.654788 1.057273 -0.196685 1.075412 -0.183928
5752.654902 1.057191 -0.196781 1.075349 -0.184029
5753.655015 1.057110 -0.196876 1.075287 -0.184131
5754.655129 1.057029 -0.196972 1.075225 -0.184232
5755.655243 1.056947 -0.197068 1.075162 -0.184333
5756.655357 1.056866 -0.197163 1.075099 -0.184435
5757.655471 1.056784 -0.197259 1.075037 -0.184536
5758.655585 1.056703 -0.197354 1.074974 -0.184637
5759.655699 1.056621 -0.197449 1.074912 -0.184738
5760.655812 1.056540 -0.197544 1.074849 -0.184839
5761.655926 1.056458 -0.197639 1.074786 -0.184939
5762.656040 1.056377 -0.197734 1.074723 -0.185040
5763.656154 1.056295 -0.197829 1.074661 -0.185141
5764.656268 1.056213 -0.197923 1.074598 -0.185241
5765.656382 1.056132 -0.198018 1.074535 -0.185342
5766.656496 1.056050 -0.198113 1.074472 -0.185442
5767.656609 1.055968 -0.198207 1.074409 -0.185543
5768.656723 1.055886 -0.198301 1.074346 -0.185643
5769.656837 1.055805 -0.198396 1.074283 -0.185743
5770.656951 1.055723 -0.198490 1.074220 -0.185844
5771.657065 1.055641 -0.198584 1.074157 -0.185944
5772.657179 1.055559 -0.198678 1.074094 -0.186044
5773.657292 1.055477 -0.198771 1.074031 -0.186144
5774.657406 1.055395 -0.198865 1.073967 -0.186243
5775.657520 1.055313 -0.198959 1.073904 -0.186343
5776.657634 1.055231 -0.199052 1.073841 -0.186443
5777.657748 1.055149 -0.199146 1.073778 -0.186543
5778.657862 1.055067 -0.199239 1.073714 -0.186642
5779.657976 1.054985 -0.199332 1.073651 -0.186742
5780.658089 1.054903 -0.199425 1.073587 -0.186841
5781.658203 1.054820 -0.199518 1.073524 -0.186941
5782.658317 1.054738 -0.199611 1.073461 -0.187040
5783.658431 1.054656 -0.199704 1.073397 -0.187139
5784.658545 1.054574 -0.199797 1.073333 -0.187238
5785.658659 1.054491 -0.199890 1.073270 -0.187337
5786.658773 1.054409 -0.199982 1.073206 -0.187436
5787.658886 1.054327 -0.200075 1.073142 -0.187535
5788.659000 1.054244 -0.200167 1.073079 -0.187634
5789.659114 1.054162 -0.200259 1.073015 -0.187733
5790.659228 1.054080 -0.200351 1.072951 -0.187832
5791.659342 1.053997 -0.200443 1.072887 -0.187930
5792.659456 1.053915 -0.200535 1.072824 -0.188029
5793.659570 1.053832 -0.200627 1.072760 -0.188127
5794.659683 1.053750 -0.200719 1.072696 -0.188226
5795.659797 1.053667 -0.200811 1.072632 -0.188324
5796.659911 1.053584 -0.200902 1.072568 -0.188422
5797.660025 1.053502 -0.200994 1.072504 -0.188521
5798.660139 1.053419 -0.201085 1.072440 -0.188619
5799.660253 1.053336 -0.201176 1.072376 -0.188717
5800.660367 1.053254 -0.201267 1.072311 -0.188815
5801.660480 1.053171 -0.201358 1.072247 -0.188913
5802.660594 1.053088 -0.201449 1.072183 -0.189010
5803.660708 1.053005 -0.201540 1.072119 -0.189108
5804.660822 1.052922 -0.201631 1.072054 -0.189206
5805.660936 1.052840 -0.201722 1.071990 -0.189304
5806.661050 1.052757 -0.201812 1.071926 -0.189401
5807.661164 1.052674 -0.201903 1.071861 -0.189499
5808.661277 1.052591 -0.201993 1.071797 -0.189596
5809.661391 1.052508 -0.202083 1.071732 -0.189693
5810.661505 1.052425 -0.202173 1.071668 -0.189790
5811.661619 1.052342 -0.202264 1.071603 -0.189888
5812.661733 1.052259 -0.202354 1.071539 -0.189985
5813.661847 1.052176 -0.202443 1.071474 -0.190082
5814.661961 1.052092 -0.202533 1.071409 -0.190179
5815.662074 1.052009 -0.202623 1.071345 -0.190275
5816.662188 1.051926 -0.202712 1.071280 -0.190372
5817.662302 1.051843 -0.202802 1.071215 -0.190469
5818.662416 1.051760 -0.202891 1.071151 -0.190566
5819.662530 1.051676 -0.202980 1.071086 -0.190662
5820.662644 1.051593 -0.203070 1.071021 -0.190759
5821.662758 1.051510 -0.203159 1.070956 -0.190855
5822.662871 1.051427 -0.203248 1.070891 -0.190951
5823.662985 1.051343 -0.203337 1.070826 -0.191048
5824.663099 1.051260 -0.203425 1.070761 -0.191144
5825.663213 1.051176 -0.203514 1.070696 -0.191240
5826.663327 1.051093 -0.203603 1.070631 -0.191336
5827.663441 1.051009 -0.203691 1.070566 -0.191432
5828.663555 1.050926 -0.203779 1.070501 -0.191528
5829.663668 1.050842 -0.203868 1.070435 -0.191624
5830.663782 1.050759 -0.203956 1.070370 -0.191719
5831.663896 1.050675 -0.204044 1.070305 -0.191815
5832.664010 1.050592 -0.204132 1.070240 -0.191911
5833.664124 1.050508 -0.204220 1.070174 -0.192006
5834.664238 1.050424 -0.204307 1.070109 -0.192101
5835.664352 1.050341 -0.204395 1.070043 -0.192197
5836.664465 1.050257 -0.204483 1.069978 -0.192292
5837.664579 1.050173 -0.204570 1.069913 -0.192387
5838.664693 1.050090 -0.204658 1.069847 -0.192482
5839.664807 1.050006 -0.204745 1.069782 -0.192577
5840.664921 1.049922 -0.204832 1.069716 -0.192672
5841.665035 1.049838 -0.204919 1.069650 -0.192767
5842.665149 1.049754 -0.205006 1.069585 -0.192862
5843.665262 1.049670 -0.205093 1.069519 -0.192957
5844.665376 1.049586 -0.205180 1.069453 -0.193052
5845.665490 1.049502 -0.205266 1.069387 -0.193146
5846.665604 1.049418 -0.205353 1.069322 -0.193241
5847.665718 1.049334 -0.205439 1.069256 -0.193335
5848.665832 1.049250 -0.205526 1.069190 -0.193429
5849.665946 1.049166 -0.205612 1.069124 -0.193524
5850.666059 1.049082 -0.205698 1.069058 -0.193618
5851.666173 1.048998 -0.205784 1.068992 -0.193712
5852.666287 1.048914 -0.205870 1.068926 -0.193806
5853.666401 1.048830 -0.205956 1.068860 -0.193900
5854.666515 1.048746 -0.206042 1.068794 -0.193994
5855.666629 1.048662 -0.206127 1.068728 -0.194088
5856.666743 1.048577 -0.206213 1.068662 -0.194182
5857.666856 1.048493 -0.206298 1.068596 -0.194275
5858.666970 1.048409 -0.206384 1.068529 -0.194369
5859.667084 1.048324 -0.206469 1.068463 -0.194462
5860.667198 1.048240 -0.206554 1.068397 -0.194556
5861.667312 1.048156 -0.206639 1.068331 -0.194649
5862.667426 1.048071 -0.206724 1.068264 -0.194742
5863.667540 1.047987 -0.206809 1.068198 -0.194836
5864.667653 1.047903 -0.206893 1.068131 -0.194929
5865.667767 1.047818 -0.206978 1.068065 -0.195022
5866.667881 1.047734 -0.207063 1.067998 -0.195115
5867.667995 1.047649 -0.207147 1.067932 -0.195208
5868.668109 1.047565 -0.207231 1.067865 -0.195300
5869.668223 1.047480 -0.207315 1.067799 -0.195393
5870.668337 1.047396 -0.207400 1.067732 -0.195486
5871.668450 1.047311 -0.207484 1.067665 -0.195578
5872.668564 1.047226 -0.207568 1.067599 -0.195671
5873.668678 1.047142 -0.207651 1.067532 -0.195763
5874.668792 1.047057 -0.207735 1.067465 -0.195856
5875.668906 1.046972 -0.207819 1.067398 -0.195948
5876.669020 1.046888 -0.207902 1.067332 -0.196040
5877.669134 1.046803 -0.207986 1.067265 -0.196132
5878.669247 1.046718 -0.208069 1.067198 -0.196224
5879.669361 1.046633 -0.208152 1.067131 -0.196316
5880.669475 1.046548 -0.208235 1.067064 -0.196408
5881.669589 1.046464 -0.208318 1.066997 -0.196500
5882.669703 1.046379 -0.208401 1.066930 -0.196592
5883.669817 1.046294 -0.208484 1.066863 -0.196683
5884.669931 1.046209 -0.208566 1.066796 -0.196775
5885.670044 1.046124 -0.208649 1.066729 -0.196866
5886.670158 1.046039 -0.208731 1.066661 -0.196958
5887.670272 1.045954 -0.208814 1.066594 -0.197049
5888.670386 1.045869 -0.208896 1.066527 -0.197140
5889.670500 1.045784 -0.208978 1.066460 -0.197231
5890.670614 1.045699 -0.209060 1.066392 -0.197322
5891.670728 1.045614 -0.209142 1.066325 -0.197413
5892.670841 1.045529 -0.209224 1.066258 -0.197504
5893.670955 1.045444 -0.209306 1.066190 -0.197595
5894.671069 1.045358 -0.209387 1.066123 -0.197686
5895.671183 1.045273 -0.209469 1.066055 -0.197777
5896.671297 1.045188 -0.209550 1.065988 -0.197867
5897.671411 1.045103 -0.209632 1.065920 -0.197958
5898.671525 1.045018 -0.209713 1.065852 -0.198048
5899.671638 1.044932 -0.209794 1.065785 -0.198139
5900.671752 1.044847 -0.209875 1.065717 -0.198229
5901.671866 1.044762 -0.209956 1.065649 -0.198319
5902.671980 1.044676 -0.210037 1.065582 -0.198409
5903.672094 1.044591 -0.210118 1.065514 -0.198499
5904.672208 1.044506 -0.210198 1.065446 -0.198589
5905.672322 1.044420 -0.210279 1.065378 -0.198679
5906.672435 1.044335 -0.210359 1.065310 -0.198769
5907.672549 1.044249 -0.210439 1.065243 -0.198859
5908.672663 1.044164 -0.210520 1.065175 -0.198948
5909.672777 1.044079 -0.210600 1.065107 -0.199038
5910.672891 1.043993 -0.210680 1.065039 -0.199128
5911.673005 1.043907 -0.210760 1.064971 -0.199217
5912.673119 1.043822 -0.210839 1.064903 -0.199306
5913.673232 1.043736 -0.210919 1.064834 -0.199396
5914.673346 1.043651 -0.210999 1.064766 -0.199485
5915.673460 1.043565 -0.211078 1.064698 -0.199574
5916.673574 1.043479 -0.211157 1.064630 -0.199663
5917.673688 1.043394 -0.211237 1.064562 -0.199752
5918.673802 1.043308 -0.211316 1.064493 -0.199841
5919.673916 1.043222 -0.211395 1.064425 -0.199929
5920.674029 1.043137 -0.211474 1.064357 -0.200018
5921.674143 1.043051 -0.211553 1.064288 -0.200107
5922.674257 1.042965 -0.211631 1.064220 -0.200195
5923.674371 1.042879 -0.211710 1.064152 -0.200284
5924.674485 1.042794 -0.211789 1.064083 -0.200372
5925.674599 1.042708 -0.211867 1.064015 -0.200460
5926.674713 1.042622 -0.211945 1.063946 -0.200548
5927.674826 1.042536 -0.212024 1.063877 -0.200637
5928.674940 1.042450 -0.212102 1.063809 -0.200725
5929.675054 1.042364 -0.212180 1.063740 -0.200813
5930.675168 1.042278 -0.212258 1.063672 -0.200900
5931.675282 1.042192 -0.212335 1.063603 -0.200988
5932.675396 1.042106 -0.212413 1.063534 -0.201076
5933.675510 1.042020 -0.212491 1.063465 -0.201164
5934.675623 1.041934 -0.212568 1.063397 -0.201251
5935.675737 1.041848 -0.212645 1.063328 -0.201339
5936.675851 1.041762 -0.212723 1.063259 -0.201426
5937.675965 1.041676 -0.212800 1.063190 -0.201513
5938.676079 1.041590 -0.212877 1.063121 -0.201601
5939.676193 1.041504 -0.212954 1.063052 -0.201688
5940.676307 1.041418 -0.213031 1.062983 -0.201775
5941.676420 1.041331 -0.213108 1.062914 -0.201862
5942.676534 1.041245 -0.213184 1.062845 -0.201949
5943.676648 1.041159 -0.213261 1.062776 -0.202036
5944.676762 1.041073 -0.213337 1.062707 -0.202122
5945.676876 1.040987 -0.213413 1.062637 -0.202209
5946.676990 1.040900 -0.213490 1.062568 -0.202295
5947.677103 1.040814 -0.213566 1.062499 -0.202382
5948.677217 1.040728 -0.213642 1.062430 -0.202468
5949.677331 1.040641 -0.213718 1.062360 -0.202555
5950.677445 1.040555 -0.213793 1.062291 -0.202641
5951.677559 1.040469 -0.213869 1.062222 -0.202727
5952.677673 1.040382 -0.213945 1.062152 -0.202813
5953.677787 1.040296 -0.214020 1.062083 -0.202899
5954.677900 1.040209 -0.214096 1.062013 -0.202985
5955.678014 1.040123 -0.214171 1.061944 -0.203071
5956.678128 1.040036 -0.214246 1.061874 -0.203157
5957.678242 1.039950 -0.214321 1.061805 -0.203242
5958.678356 1.039863 -0.214396 1.061735 -0.203328
5959.678470 1.039777 -0.214471 1.061666 -0.203413
5960.678584 1.039690 -0.214546 1.061596 -0.203499
5961.678697 1.039604 -0.214620 1.061526 -0.203584
5962.678811 1.039517 -0.214695 1.061456 -0.203669
5963.678925 1.039431 -0.214769 1.061387 -0.203755
5964.679039 1.039344 -0.214843 1.061317 -0.203840
5965.679153 1.039257 -0.214918 1.061247 -0.203925
5966.679267 1.039171 -0.214992 1.061177 -0.204010
5967.679381 1.039084 -0.215066 1.061107 -0.204094
5968.679494 1.038997 -0.215140 1.061037 -0.204179
5969.679608 1.038911 -0.215213 1.060967 -0.204264
5970.679722 1.038824 -0.215287 1.060897 -0.204348
5971.679836 1.038737 -0.215361 1.060827 -0.204433
5972.679950 1.038650 -0.215434 1.060757 -0.204517
5973.680064 1.038563 -0.215508 1.060687 -0.204602
5974.680178 1.038477 -0.215581 1.060617 -0.204686
5975.680291 1.038390 -0.215654 1.060547 -0.204770
5976.680405 1.038303 -0.215727 1.060477 -0.204854
5977.680519 1.038216 -0.215800 1.060407 -0.204938
5978.680633 1.038129 -0.215873 1.060336 -0.205022
5979.680747 1.038042 -0.215945 1.060266 -0.205106
5980.680861 1.037955 -0.216018 1.060196 -0.205190
5981.680975 1.037868 -0.216091 1.060125 -0.205273
5982.681088 1.037781 -0.216163 1.060055 -0.205357
5983.681202 1.037694 -0.216235 1.059985 -0.205441
5984.681316 1.037607 -0.216307 1.059914 -0.205524
5985.681430 1.037520 -0.216379 1.059844 -0.205607
5986.681544 1.037433 -0.216451 1.059773 -0.205690
5987.681658 1.037346 -0.216523 1.059703 -0.205774
5988.681772 1.037259 -0.216595 1.059632 -0.205857
5989.681885 1.037172 -0.216667 1.059562 -0.205940
5990.681999 1.037085 -0.216738 1.059491 -0.206023
5991.682113 1.036998 -0.216810 1.059420 -0.206105
5992.682227 1.036911 -0.216881 1.059350 -0.206188
5993.682341 1.036824 -0.216952 1.059279 -0.206271
5994.682455 1.036736 -0.217023 1.059208 -0.206353
5995.682569 1.036649 -0.217094 1.059137 -0.206436
5996.682682 1.036562 -0.217165 1.059066 -0.206518
5997.682796 1.036475 -0.217236 1.058996 -0.206601
5998.682910 1.036388 -0.217307 1.058925 -0.206683
5999.683024 1.036300 -0.217377 1.058854 -0.206765
6000.683138 1.036213 -0.217448 1.058783 -0.206847
6001.683252 1.036126 -0.217518 1.058712 -0.206929
6002.683366 1.036038 -0.217588 1.058641 -0.207011
6003.683479 1.035951 -0.217658 1.058570 -0.207093
6004.683593 1.035864 -0.217728 1.058499 -0.207174
6005.683707 1.035776 -0.217798 1.058428 -0.207256
6006.683821 1.035689 -0.217868 1.058356 -0.207338
6007.683935 1.035602 -0.217938 1.058285 -0.207419
6008.684049 1.035514 -0.218008 1.058214 -0.207500
6009.684163 1.035427 -0.218077 1.058143 -0.207582
6010.684276 1.035339 -0.218146 1.058071 -0.207663
6011.684390 1.035252 -0.218216 1.058000 -0.207744
6012.684504 1.035164 -0.218285 1.057929 -0.207825
6013.684618 1.035077 -0.218354 1.057858 -0.207906
6014.684732 1.034989 -0.218423 1.057786 -0.207987
6015.684846 1.034902 -0.218492 1.057715 -0.208068
6016.684960 1.034814 -0.218560 1.057643 -0.208148
6017.685073 1.034727 -0.218629 1.057572 -0.208229
6018.685187 1.034639 -0.218698 1.057500 -0.208309
6019.685301 1.034551 -0.218766 1.057429 -0.208390
6020.685415 1.034464 -0.218834 1.057357 -0.208470
6021.685529 1.034376 -0.218903 1.057285 -0.208551
6022.685643 1.034289 -0.218971 1.057214 -0.208631
6023.685757 1.034201 -0.219039 1.057142 -0.208711
6024.685870 1.034113 -0.219106 1.057070 -0.208791
6025.685984 1.034026 -0.219174 1.056999 -0.208871
6026.686098 1.033938 -0.219242 1.056927 -0.208951
6027.686212 1.033850 -0.219309 1.056855 -0.209030
6028.686326 1.033762 -0.219377 1.056783 -0.209110
6029.686440 1.033675 -0.219444 1.056711 -0.209189
6030.686554 1.033587 -0.219511 1.056640 -0.209269
6031.686667 1.033499 -0.219579 1.056568 -0.209348
6032.686781 1.033411 -0.219646 1.056496 -0.209428
6033.686895 1.033323 -0.219712 1.056424 -0.209507
6034.687009 1.033236 -0.219779 1.056352 -0.209586
6035.687123 1.033148 -0.219846 1.056280 -0.209665
6036.687237 1.033060 -0.219912 1.056208 -0.209744
6037.687351 1.032972 -0.219979 1.056135 -0.209823
6038.687464 1.032884 -0.220045 1.056063 -0.209902
6039.687578 1.032796 -0.220112 1.055991 -0.209980
6040.687692 1.032708 -0.220178 1.055919 -0.210059
6041.687806 1.032620 -0.220244 1.055847 -0.210138
6042.687920 1.032532 -0.220310 1.055774 -0.210216
6043.688034 1.032445 -0.220375 1.055702 -0.210294
6044.688148 1.032357 -0.220441 1.055630 -0.210373
6045.688261 1.032269 -0.220507 1.055557 -0.210451
6046.688375 1.032181 -0.220572 1.055485 -0.210529
6047.688489 1.032092 -0.220638 1.055413 -0.210607
6048.688603 1.032004 -0.220703 1.055340 -0.210685
6049.688717 1.031916 -0.220768 1.055268 -0.210763
6050.688831 1.031828 -0.220833 1.055195 -0.210840
6051.688945 1.031740 -0.220898 1.055123 -0.210918
6052.689058 1.031652 -0.220963 1.055050 -0.210995
6053.689172 1.031564 -0.221027 1.054978 -0.211073
6054.689286 1.031476 -0.221092 1.054905 -0.211150
6055.689400 1.031388 -0.221157 1.054832 -0.211228
6056.689514 1.031300 -0.221221 1.054760 -0.211305
6057.689628 1.031211 -0.221285 1.054687 -0.211382
6058.689742 1.031123 -0.221349 1.054614 -0.211459
6059.689855 1.031035 -0.221413 1.054541 -0.211536
6060.689969 1.030947 -0.221477 1.054468 -0.211613
6061.690083 1.030859 -0.221541 1.054396 -0.211690
6062.690197 1.030770 -0.221605 1.054323 -0.211766
6063.690311 1.030682 -0.221669 1.054250 -0.211843
6064.690425 1.030594 -0.221732 1.054177 -0.211919
6065.690539 1.030506 -0.221795 1.054104 -0.211996
6066.690652 1.030417 -0.221859 1.054031 -0.212072
6067.690766 1.030329 -0.221922 1.053958 -0.212148
6068.690880 1.030241 -0.221985 1.053885 -0.212224
6069.690994 1.030152 -0.222048 1.053812 -0.212300
6070.691108 1.030064 -0.222111 1.053739 -0.212376
6071.691222 1.029976 -0.222174 1.053666 -0.212452
6072.691336 1.029887 -0.222236 1.053592 -0.212528
6073.691449 1.029799 -0.222299 1.053519 -0.212604
6074.691563 1.029711 -0.222361 1.053446 -0.212679
6075.691677 1.029622 -0.222423 1.053373 -0.212755
6076.691791 1.029534 -0.222486 1.053299 -0.212830
6077.691905 1.029445 -0.222548 1.053226 -0.212906
6078.692019 1.029357 -0.222610 1.053153 -0.212981
6079.692133 1.029268 -0.222671 1.053079 -0.213056
6080.692246 1.029180 -0.222733 1.053006 -0.213131
6081.692360 1.029091 -0.222795 1.052932 -0.213206
6082.692474 1.029003 -0.222856 1.052859 -0.213281
6083.692588 1.028914 -0.222918 1.052786 -0.213356
6084.692702 1.028826 -0.222979 1.052712 -0.213431
6085.692816 1.028737 -0.223040 1.052638 -0.213505
6086.692930 1.028649 -0.223101 1.052565 -0.213580
6087.693043 1.028560 -0.223162 1.052491 -0.213654
6088.693157 1.028472 -0.223223 1.052418 -0.213729
6089.693271 1.028383 -0.223284 1.052344 -0.213803
6090.693385 1.028295 -0.223345 1.052270 -0.213877
6091.693499 1.028206 -0.223405 1.052196 -0.213951
6092.693613 1.028117 -0.223465 1.052123 -0.214025
6093.693727 1.028029 -0.223526 1.052049 -0.214099
6094.693840 1.027940 -0.223586 1.051975 -0.214173
6095.693954 1.027851 -0.223646 1.051901 -0.214247
6096.694068 1.027763 -0.223706 1.051827 -0.214320
6097.694182 1.027674 -0.223766 1.051753 -0.214394
6098.694296 1.027585 -0.223826 1.051679 -0.214467
6099.694410 1.027497 -0.223885 1.051606 -0.214541
6100.694524 1.027408 -0.223945 1.051532 -0.214614
6101.694637 1.027319 -0.224004 1.051457 -0.214687
6102.694751 1.027231 -0.224064 1.051383 -0.214760
6103.694865 1.027142 -0.224123 1.051309 -0.214833
6104.694979 1.027053 -0.224182 1.051235 -0.214906
6105.695093 1.026964 -0.224241 1.051161 -0.214979
6106.695207 1.026876 -0.224300 1.051087 -0.215052
6107.695321 1.026787 -0.224358 1.051013 -0.215124
6108.695434 1.026698 -0.224417 1.050938 -0.215197
6109.695548 1.026609 -0.224476 1.050864 -0.215269
6110.695662 1.026520 -0.224534 1.050790 -0.215342
6111.695776 1.026432 -0.224592 1.050716 -0.215414
6112.695890 1.026343 -0.224650 1.050641 -0.215486
6113.696004 1.026254 -0.224709 1.050567 -0.215558
6114.696117 1.026165 -0.224767 1.050492 -0.215630
6115.696231 1.026076 -0.224824 1.050418 -0.215702
6116.696345 1.025987 -0.224882 1.050344 -0.215774
6117.696459 1.025898 -0.224940 1.050269 -0.215846
6118.696573 1.025809 -0.224997 1.050195 -0.215917
6119.696687 1.025720 -0.225055 1.050120 -0.215989
6120.696801 1.025632 -0.225112 1.050045 -0.216060
6121.696914 1.025543 -0.225169 1.049971 -0.216132
6122.697028 1.025454 -0.225226 1.049896 -0.216203
6123.697142 1.025365 -0.225283 1.049822 -0.216274
6124.697256 1.025276 -0.225340 1.049747 -0.216345
6125.697370 1.025187 -0.225397 1.049672 -0.216416
6126.697484 1.025098 -0.225453 1.049597 -0.216487
6127.697598 1.025009 -0.225510 1.049523 -0.216558
6128.697711 1.024920 -0.225566 1.049448 -0.216628
6129.697825 1.024831 -0.225623 1.049373 -0.216699
6130.697939 1.024742 -0.225679 1.049298 -0.216770
6131.698053 1.024653 -0.225735 1.049223 -0.216840
6132.698167 1.024564 -0.225791 1.049148 -0.216910
6133.698281 1.024475 -0.225847 1.049073 -0.216981
6134.698395 1.024386 -0.225902 1.048998 -0.217051
6135.698508 1.024296 -0.225958 1.048923 -0.217121
6136.698622 1.024207 -0.226014 1.048848 -0.217191
6137.698736 1.024118 -0.226069 1.048773 -0.217261
6138.698850 1.024029 -0.226124 1.048698 -0.217331
6139.698964 1.023940 -0.226179 1.048623 -0.217400
6140.699078 1.023851 -0.226234 1.048548 -0.217470
6141.699192 1.023762 -0.226289 1.048473 -0.217539
6142.699305 1.023673 -0.226344 1.048398 -0.217609
6143.699419 1.023584 -0.226399 1.048322 -0.217678
6144.699533 1.023494 -0.226454 1.048247 -0.217747
6145.699647 1.023405 -0.226508 1.048172 -0.217816
6146.699761 1.023316 -0.226562 1.048096 -0.217886
6147.699875 1.023227 -0.226617 1.048021 -0.217954
6148.699989 1.023138 -0.226671 1.047946 -0.218023
6149.700102 1.023048 -0.226725 1.047870 -0.218092
6150.700216 1.022959 -0.226779 1.047795 -0.218161
6151.700330 1.022870 -0.226833 1.047720 -0.218229
6152.700444 1.022781 -0.226886 1.047644 -0.218298
6153.700558 1.022692 -0.226940 1.047569 -0.218366
6154.700672 1.022602 -0.226993 1.047493 -0.218435
6155.700786 1.022513 -0.227047 1.047417 -0.218503
6156.700899 1.022424 -0.227100 1.047342 -0.218571
6157.701013 1.022335 -0.227153 1.047266 -0.218639
6158.701127 1.022245 -0.227206 1.047191 -0.218707
6159.701241 1.022156 -0.227259 1.047115 -0.218775
6160.701355 1.022067 -0.227312 1.047039 -0.218842
6161.701469 1.021977 -0.227365 1.046963 -0.218910
6162.701583 1.021888 -0.227417 1.046888 -0.218978
6163.701696 1.021799 -0.227470 1.046812 -0.219045
6164.701810 1.021709 -0.227522 1.046736 -0.219112
6165.701924 1.021620 -0.227574 1.046660 -0.219180
6166.702038 1.021531 -0.227626 1.046584 -0.219247
6167.702152 1.021441 -0.227678 1.046509 -0.219314
6168.702266 1.021352 -0.227730 1.046433 -0.219381
6169.702380 1.021263 -0.227782 1.046357 -0.219448
6170.702493 1.021173 -0.227834 1.046281 -0.219515
6171.702607 1.021084 -0.227885 1.046205 -0.219581
6172.702721 1.020995 -0.227937 1.046129 -0.219648
6173.702835 1.020905 -0.227988 1.046053 -0.219714
6174.702949 1.020816 -0.228039 1.045977 -0.219781
6175.703063 1.020726 -0.228090 1.045900 -0.219847
6176.703177 1.020637 -0.228141 1.045824 -0.219913
6177.703290 1.020548 -0.228192 1.045748 -0.219980
6178.703404 1.020458 -0.228243 1.045672 -0.220046
6179.703518 1.020369 -0.228294 1.045596 -0.220112
6180.703632 1.020279 -0.228344 1.045519 -0.220177
6181.703746 1.020190 -0.228395 1.045443 -0.220243
6182.703860 1.020100 -0.228445 1.045367 -0.220309
6183.703974 1.020011 -0.228495 1.045291 -0.220374
6184.704087 1.019921 -0.228545 1.045214 -0.220440
6185.704201 1.019832 -0.228595 1.045138 -0.220505
6186.704315 1.019743 -0.228645 1.045061 -0.220570
6187.704429 1.019653 -0.228695 1.044985 -0.220636
6188.704543 1.019564 -0.228744 1.044909 -0.220701
6189.704657 1.019474 -0.228794 1.044832 -0.220766
6190.704771 1.019385 -0.228843 1.044756 -0.220831
6191.704884 1.019295 -0.228893 1.044679 -0.220895
6192.704998 1.019206 -0.228942 1.044602 -0.220960
6193.705112 1.019116 -0.228991 1.044526 -0.221025
6194.705226 1.019026 -0.229040 1.044449 -0.221089
6195.705340 1.018937 -0.229089 1.044373 -0.221154
6196.705454 1.018847 -0.229137 1.044296 -0.221218
6197.705568 1.018758 -0.229186 1.044219 -0.221282
6198.705681 1.018668 -0.229235 1.044142 -0.221346
6199.705795 1.018579 -0.229283 1.044066 -0.221410
6200.705909 1.018489 -0.229331 1.043989 -0.221474
6201.706023 1.018400 -0.229379 1.043912 -0.221538
6202.706137 1.018310 -0.229427 1.043835 -0.221602
6203.706251 1.018220 -0.229475 1.043758 -0.221666
6204.706365 1.018131 -0.229523 1.043682 -0.221729
6205.706478 1.018041 -0.229571 1.043605 -0.221793
6206.706592 1.017952 -0.229618 1.043528 -0.221856
6207.706706 1.017862 -0.229666 1.043451 -0.221919
6208.706820 1.017772 -0.229713 1.043374 -0.221982
6209.706934 1.017683 -0.229760 1.043297 -0.222045
6210.707048 1.017593 -0.229807 1.043220 -0.222108
6211.707162 1.017504 -0.229854 1.043143 -0.222171
6212.707275 1.017414 -0.229901 1.043066 -0.222234
6213.707389 1.017324 -0.229948 1.042988 -0.222297
6214.707503 1.017235 -0.229995 1.042911 -0.222359
6215.707617 1.017145 -0.230041 1.042834 -0.222422
6216.707731 1.017055 -0.230088 1.042757 -0.222484
6217.707845 1.016966 -0.230134 1.042680 -0.222547
6218.707959 1.016876 -0.230180 1.042602 -0.222609
6219.708072 1.016786 -0.230226 1.042525 -0.222671
6220.708186 1.016697 -0.230272 1.042448 -0.222733
6221.708300 1.016607 -0.230318 1.042371 -0.222795
6222.708414 1.016517 -0.230364 1.042293 -0.222857
6223.708528 1.016428 -0.230410 1.042216 -0.222918
6224.708642 1.016338 -0.230455 1.042138 -0.222980
6225.708756 1.016248 -0.230501 1.042061 -0.223041
6226.708869 1.016159 -0.230546 1.041984 -0.223103
6227.708983 1.016069 -0.230591 1.041906 -0.223164
6228.709097 1.015979 -0.230636 1.041829 -0.223225
6229.709211 1.015889 -0.230681 1.041751 -0.223287
6230.709325 1.015800 -0.230726 1.041673 -0.223348
6231.709439 1.015710 -0.230771 1.041596 -0.223409
6232.709553 1.015620 -0.230815 1.041518 -0.223469
6233.709666 1.015531 -0.230860 1.041441 -0.223530
6234.709780 1.015441 -0.230904 1.041363 -0.223591
6235.709894 1.015351 -0.230948 1.041285 -0.223651
6236.710008 1.015261 -0.230992 1.041208 -0.223712
6237.710122 1.015172 -0.231036 1.041130 -0.223772
6238.710236 1.015082 -0.231080 1.041052 -0.223832
6239.710350 1.014992 -0.231124 1.040974 -0.223893
6240.710463 1.014902 -0.231168 1.040896 -0.223953
6241.710577 1.014813 -0.231211 1.040819 -0.224013
6242.710691 1.014723 -0.231255 1.040741 -0.224072
6243.710805 1.014633 -0.231298 1.040663 -0.224132
6244.710919 1.014543 -0.231341 1.040585 -0.224192
6245.711033 1.014454 -0.231384 1.040507 -0.224251
6246.711147 1.014364 -0.231427 1.040429 -0.224311
6247.711260 1.014274 -0.231470 1.040351 -0.224370
6248.711374 1.014184 -0.231513 1.040273 -0.224429
6249.711488 1.014095 -0.231556 1.040195 -0.224489
6250.711602 1.014005 -0.231598 1.040117 -0.224548
6251.711716 1.013915 -0.231641 1.040039 -0.224607
6252.711830 1.013825 -0.231683 1.039961 -0.224666
6253.711944 1.013735 -0.231725 1.039883 -0.224724
6254.712057 1.013646 -0.231767 1.039804 -0.224783
6255.712171 1.013556 -0.231809 1.039726 -0.224842
6256.712285 1.013466 -0.231851 1.039648 -0.224900
6257.712399 1.013376 -0.231893 1.039570 -0.224958
6258.712513 1.013286 -0.231934 1.039492 -0.225017
6259.712627 1.013197 -0.231976 1.039413 -0.225075
6260.712741 1.013107 -0.232017 1.039335 -0.225133
6261.712854 1.013017 -0.232058 1.039257 -0.225191
6262.712968 1.012927 -0.232099 1.039178 -0.225249
6263.713082 1.012837 -0.232140 1.039100 -0.225307
6264.713196 1.012748 -0.232181 1.039022 -0.225364
6265.713310 1.012658 -0.232222 1.038943 -0.225422
6266.713424 1.012568 -0.232263 1.038865 -0.225479
6267.713538 1.012478 -0.232303 1.038786 -0.225537
6268.713651 1.012388 -0.232344 1.038708 -0.225594
6269.713765 1.012298 -0.232384 1.038629 -0.225651
6270.713879 1.012209 -0.232424 1.038551 -0.225708
6271.713993 1.012119 -0.232464 1.038472 -0.225765
6272.714107 1.012029 -0.232504 1.038393 -0.225822
6273.714221 1.011939 -0.232544 1.038315 -0.225879
6274.714335 1.011849 -0.232584 1.038236 -0.225936
6275.714448 1.011759 -0.232623 1.038157 -0.225992
6276.714562 1.011670 -0.232663 1.038079 -0.226049
6277.714676 1.011580 -0.232702 1.038000 -0.226105
6278.714790 1.011490 -0.232742 1.037921 -0.226161
6279.714904 1.011400 -0.232781 1.037842 -0.226218
6280.715018 1.011310 -0.232820 1.037764 -0.226274
6281.715132 1.011220 -0.232859 1.037685 -0.226330
6282.715245 1.011131 -0.232898 1.037606 -0.226385
6283.715359 1.011041 -0.232936 1.037527 -0.226441
6284.715473 1.010951 -0.232975 1.037448 -0.226497
6285.715587 1.010861 -0.233013 1.037369 -0.226553
6286.715701 1.010771 -0.233052 1.037290 -0.226608
6287.715815 1.010681 -0.233090 1.037211 -0.226663
6288.715928 1.010591 -0.233128 1.037132 -0.226719
6289.716042 1.010502 -0.233166 1.037053 -0.226774
6290.716156 1.010412 -0.233204 1.036974 -0.226829
6291.716270 1.010322 -0.233242 1.036895 -0.226884
6292.716384 1.010232 -0.233279 1.036816 -0.226939
6293.716498 1.010142 -0.233317 1.036737 -0.226994
6294.716612 1.010052 -0.233354 1.036658 -0.227048
6295.716725 1.009962 -0.233392 1.036579 -0.227103
6296.716839 1.009873 -0.233429 1.036500 -0.227157
6297.716953 1.009783 -0.233466 1.036421 -0.227212
6298.717067 1.009693 -0.233503 1.036341 -0.227266
6299.717181 1.009603 -0.233540 1.036262 -0.227320
6300.717295 1.009513 -0.233576 1.036183 -0.227374
6301.717409 1.009423 -0.233613 1.036103 -0.227428
6302.717522 1.009333 -0.233649 1.036024 -0.227482
6303.717636 1.009244 -0.233686 1.035945 -0.227536
6304.717750 1.009154 -0.233722 1.035865 -0.227589
6305.717864 1.009064 -0.233758 1.035786 -0.227643
6306.717978 1.008974 -0.233794 1.035707 -0.227696
6307.718092 1.008884 -0.233830 1.035627 -0.227750
6308.718206 1.008794 -0.233866 1.035548 -0.227803
6309.718319 1.008704 -0.233901 1.035468 -0.227856
6310.718433 1.008615 -0.233937 1.035389 -0.227909
6311.718547 1.008525 -0.233972 1.035309 -0.227962
6312.718661 1.008435 -0.234008 1.035230 -0.228015
6313.718775 1.008345 -0.234043 1.035150 -0.228068
6314.718889 1.008255 -0.234078 1.035071 -0.228120
6315.719003 1.008165 -0.234113 1.034991 -0.228173
6316.719116 1.008075 -0.234148 1.034911 -0.228225
6317.719230 1.007986 -0.234183 1.034832 -0.228278
6318.719344 1.007896 -0.234217 1.034752 -0.228330
6319.719458 1.007806 -0.234252 1.034672 -0.228382
6320.719572 1.007716 -0.234286 1.034593 -0.228434
6321.719686 1.007626 -0.234320 1.034513 -0.228486
6322.719800 1.007536 -0.234354 1.034433 -0.228538
6323.719913 1.007447 -0.234388 1.034353 -0.228589
6324.720027 1.007357 -0.234422 1.034273 -0.228641
6325.720141 1.007267 -0.234456 1.034194 -0.228693
6326.720255 1.007177 -0.234490 1.034114 -0.228744
6327.720369 1.007087 -0.234523 1.034034 -0.228795
6328.720483 1.006997 -0.234557 1.033954 -0.228847
6329.720597 1.006908 -0.234590 1.033874 -0.228898
6330.720710 1.006818 -0.234623 1.033794 -0.228949
6331.720824 1.006728 -0.234656 1.033714 -0.229000
6332.720938 1.006638 -0.234689 1.033634 -0.229050
6333.721052 1.006548 -0.234722 1.033554 -0.229101
6334.721166 1.006458 -0.234755 1.033474 -0.229152
6335.721280 1.006369 -0.234788 1.033394 -0.229202
6336.721394 1.006279 -0.234820 1.033314 -0.229252
6337.721507 1.006189 -0.234853 1.033234 -0.229303
6338.721621 1.006099 -0.234885 1.033154 -0.229353
6339.721735 1.006009 -0.234917 1.033073 -0.229403
6340.721849 1.005919 -0.234949 1.032993 -0.229453
6341.721963 1.005830 -0.234981 1.032913 -0.229503
6342.722077 1.005740 -0.235013 1.032833 -0.229553
6343.722191 1.005650 -0.235044 1.032753 -0.229602
6344.722304 1.005560 -0.235076 1.032672 -0.229652
6345.722418 1.005470 -0.235107 1.032592 -0.229701
6346.722532 1.005381 -0.235139 1.032512 -0.229751
6347.722646 1.005291 -0.235170 1.032431 -0.229800
6348.722760 1.005201 -0.235201 1.032351 -0.229849
6349.722874 1.005111 -0.235232 1.032271 -0.229898
6350.722988 1.005021 -0.235263 1.032190 -0.229947
6351.723101 1.004932 -0.235294 1.032110 -0.229996
6352.723215 1.004842 -0.235324 1.032029 -0.230044
6353.723329 1.004752 -0.235355 1.031949 -0.230093
6354.723443 1.004662 -0.235385 1.031868 -0.230142
6355.723557 1.004572 -0.235415 1.031788 -0.230190
6356.723671 1.004483 -0.235445 1.031707 -0.230238
6357.723785 1.004393 -0.235475 1.031627 -0.230286
6358.723898 1.004303 -0.235505 1.031546 -0.230335
6359.724012 1.004213 -0.235535 1.031466 -0.230383
6360.724126 1.004124 -0.235565 1.031385 -0.230430
6361.724240 1.004034 -0.235594 1.031304 -0.230478
6362.724354 1.003944 -0.235624 1.031224 -0.230526
6363.724468 1.003854 -0.235653 1.031143 -0.230573
6364.724582 1.003765 -0.235682 1.031062 -0.230621
6365.724695 1.003675 -0.235711 1.030982 -0.230668
6366.724809 1.003585 -0.235740 1.030901 -0.230716
6367.724923 1.003495 -0.235769 1.030820 -0.230763
6368.725037 1.003406 -0.235798 1.030739 -0.230810
6369.725151 1.003316 -0.235827 1.030658 -0.230857
6370.725265 1.003226 -0.235855 1.030578 -0.230903
6371.725379 1.003136 -0.235883 1.030497 -0.230950
6372.725492 1.003047 -0.235912 1.030416 -0.230997
6373.725606 1.002957 -0.235940 1.030335 -0.231043
6374.725720 1.002867 -0.235968 1.030254 -0.231090
6375.725834 1.002778 -0.235996 1.030173 -0.231136
6376.725948 1.002688 -0.236024 1.030092 -0.231182
6377.726062 1.002598 -0.236051 1.030011 -0.231228
6378.726176 1.002508 -0.236079 1.029930 -0.231274
6379.726289 1.002419 -0.236106 1.029849 -0.231320
6380.726403 1.002329 -0.236133 1.029768 -0.231366
6381.726517 1.002239 -0.236161 1.029687 -0.231412
6382.726631 1.002150 -0.236188 1.029606 -0.231457
6383.726745 1.002060 -0.236215 1.029525 -0.231503
6384.726859 1.001970 -0.236242 1.029444 -0.231548
6385.726973 1.001881 -0.236268 1.029363 -0.231593
6386.727086 1.001791 -0.236295 1.029282 -0.231639
6387.727200 1.001701 -0.236321 1.029200 -0.231684
6388.727314 1.001612 -0.236348 1.029119 -0.231728
6389.727428 1.001522 -0.236374 1.029038 -0.231773
6390.727542 1.001432 -0.236400 1.028957 -0.231818
6391.727656 1.001343 -0.236426 1.028875 -0.231863
6392.727770 1.001253 -0.236452 1.028794 -0.231907
6393.727883 1.001164 -0.236478 1.028713 -0.231952
6394.727997 1.001074 -0.236503 1.028632 -0.231996
6395.728111 1.000984 -0.236529 1.028550 -0.232040
6396.728225 1.000895 -0.236554 1.028469 -0.232084
6397.728339 1.000805 -0.236580 1.028387 -0.232128
6398.728453 1.000715 -0.236605 1.028306 -0.232172
6399.728567 1.000626 -0.236630 1.028225 -0.232216
6400.728680 1.000536 -0.236655 1.028143 -0.232259
6401.728794 1.000447 -0.236680 1.028062 -0.232303
6402.728908 1.000357 -0.236704 1.027980 -0.232346
6403.729022 1.000268 -0.236729 1.027899 -0.232390
6404.729136 1.000178 -0.236753 1.027817 -0.232433
6405.729250 1.000088 -0.236778 1.027736 -0.232476
6406.729364 0.999999 -0.236802 1.027654 -0.232519
6407.729477 0.999909 -0.236826 1.027572 -0.232562
6408.729591 0.999820 -0.236850 1.027491 -0.232605
6409.729705 0.999730 -0.236874 1.027409 -0.232648
6410.729819 0.999641 -0.236898 1.027328 -0.232690
6411.729933 0.999551 -0.236921 1.027246 -0.232733
6412.730047 0.999462 -0.236945 1.027164 -0.232775
6413.730161 0.999372 -0.236968 1.027083 -0.232817
6414.730274 0.999283 -0.236991 1.027001 -0.232859
6415.730388 0.999193 -0.237015 1.026919 -0.232901
6416.730502 0.999104 -0.237038 1.026837 -0.232943
6417.730616 0.999014 -0.237061 1.026755 -0.232985
6418.730730 0.998925 -0.237083 1.026674 -0.233027
6419.730844 0.998835 -0.237106 1.026592 -0.233069
6420.730958 0.998746 -0.237129 1.026510 -0.233110
6421.731071 0.998656 -0.237151 1.026428 -0.233152
6422.731185 0.998567 -0.237173 1.026346 -0.233193
6423.731299 0.998477 -0.237196 1.026264 -0.233234
6424.731413 0.998388 -0.237218 1.026182 -0.233275
6425.731527 0.998298 -0.237240 1.026101 -0.233316
6426.731641 0.998209 -0.237261 1.026019 -0.233357
6427.731755 0.998120 -0.237283 1.025937 -0.233398
6428.731868 0.998030 -0.237305 1.025855 -0.233438
6429.731982 0.997941 -0.237326 1.025773 -0.233479
6430.732096 0.997851 -0.237348 1.025691 -0.233519
6431.732210 0.997762 -0.237369 1.025608 -0.233560
6432.732324 0.997672 -0.237390 1.025526 -0.233600
6433.732438 0.997583 -0.237411 1.025444 -0.233640
6434.732552 0.997494 -0.237432 1.025362 -0.233680
6435.732665 0.997404 -0.237453 1.025280 -0.233720
6436.732779 0.997315 -0.237473 1.025198 -0.233760
6437.732893 0.997226 -0.237494 1.025116 -0.233799
6438.733007 0.997136 -0.237514 1.025034 -0.233839
6439.733121 0.997047 -0.237535 1.024951 -0.233878
6440.733235 0.996958 -0.237555 1.024869 -0.233918
6441.733349 0.996868 -0.237575 1.024787 -0.233957
6442.733462 0.996779 -0.237595 1.024705 -0.233996
6443.733576 0.996690 -0.237615 1.024622 -0.234035
6444.733690 0.996600 -0.237634 1.024540 -0.234074
6445.733804 0.996511 -0.237654 1.024458 -0.234113
6446.733918 0.996422 -0.237673 1.024375 -0.234152
6447.734032 0.996332 -0.237693 1.024293 -0.234190
6448.734146 0.996243 -0.237712 1.024211 -0.234229
6449.734259 0.996154 -0.237731 1.024128 -0.234267
6450.734373 0.996065 -0.237750 1.024046 -0.234305
6451.734487 0.995975 -0.237769 1.023963 -0.234343
6452.734601 0.995886 -0.237788 1.023881 -0.234381
6453.734715 0.995797 -0.237806 1.023799 -0.234419
6454.734829 0.995708 -0.237825 1.023716 -0.234457
6455.734943 0.995619 -0.237843 1.023634 -0.234495
6456.735056 0.995529 -0.237861 1.023551 -0.234532
6457.735170 0.995440 -0.237879 1.023468 -0.234570
6458.735284 0.995351 -0.237897 1.023386 -0.234607
6459.735398 0.995262 -0.237915 1.023303 -0.234645
6460.735512 0.995173 -0.237933 1.023221 -0.234682
6461.735626 0.995083 -0.237951 1.023138 -0.234719
6462.735739 0.994994 -0.237968 1.023055 -0.234756
6463.735853 0.994905 -0.237986 1.022973 -0.234793
6464.735967 0.994816 -0.238003 1.022890 -0.234829
6465.736081 0.994727 -0.238020 1.022807 -0.234866
6466.736195 0.994638 -0.238037 1.022725 -0.234902
6467.736309 0.994549 -0.238054 1.022642 -0.234939
6468.736423 0.994460 -0.238071 1.022559 -0.234975
6469.736536 0.994370 -0.238088 1.022477 -0.235011
6470.736650 0.994281 -0.238104 1.022394 -0.235047
6471.736764 0.994192 -0.238121 1.022311 -0.235083
6472.736878 0.994103 -0.238137 1.022228 -0.235119
6473.736992 0.994014 -0.238153 1.022145 -0.235155
6474.737106 0.993925 -0.238170 1.022063 -0.235191
6475.737220 0.993836 -0.238185 1.021980 -0.235226
6476.737333 0.993747 -0.238201 1.021897 -0.235261
6477.737447 0.993658 -0.238217 1.021814 -0.235297
6478.737561 0.993569 -0.238233 1.021731 -0.235332
6479.737675 0.993480 -0.238248 1.021648 -0.235367
6480.737789 0.993391 -0.238264 1.021565 -0.235402
6481.737903 0.993302 -0.238279 1.021482 -0.235437
6482.738017 0.993213 -0.238294 1.021399 -0.235472
6483.738130 0.993124 -0.238309 1.021316 -0.235506
6484.738244 0.993035 -0.238324 1.021233 -0.235541
6485.738358 0.992946 -0.238339 1.021150 -0.235575
6486.738472 0.992857 -0.238353 1.021067 -0.235609
6487.738586 0.992768 -0.238368 1.020984 -0.235644
6488.738700 0.992679 -0.238382 1.020901 -0.235678
6489.738814 0.992591 -0.238397 1.020818 -0.235712
6490.738927 0.992502 -0.238411 1.020735 -0.235745
6491.739041 0.992413 -0.238425 1.020652 -0.235779
6492.739155 0.992324 -0.238439 1.020568 -0.235813
6493.739269 0.992235 -0.238453 1.020485 -0.235846
6494.739383 0.992146 -0.238466 1.020402 -0.235880
6495.739497 0.992057 -0.238480 1.020319 -0.235913
6496.739611 0.991969 -0.238493 1.020236 -0.235946
6497.739724 0.991880 -0.238507 1.020152 -0.235979
6498.739838 0.991791 -0.238520 1.020069 -0.236012
6499.739952 0.991702 -0.238533 1.019986 -0.236045
6500.740066 0.991613 -0.238546 1.019903 -0.236078
6501.740180 0.991525 -0.238559 1.019819 -0.236110
6502.740294 0.991436 -0.238572 1.019736 -0.236143
6503.740408 0.991347 -0.238584 1.019653 -0.236175
6504.740521 0.991258 -0.238597 1.019569 -0.236208
6505.740635 0.991170 -0.238609 1.019486 -0.236240
6506.740749 0.991081 -0.238621 1.019403 -0.236272
6507.740863 0.990992 -0.238634 1.019319 -0.236304
6508.740977 0.990903 -0.238646 1.019236 -0.236336
6509.741091 0.990815 -0.238658 1.019152 -0.236367
6510.741205 0.990726 -0.238669 1.019069 -0.236399
6511.741318 0.990637 -0.238681 1.018985 -0.236431
6512.741432 0.990549 -0.238693 1.018902 -0.236462
6513.741546 0.990460 -0.238704 1.018818 -0.236493
6514.741660 0.990371 -0.238715 1.018735 -0.236524
6515.741774 0.990283 -0.238726 1.018651 -0.236555
6516.741888 0.990194 -0.238737 1.018568 -0.236586
6517.742002 0.990106 -0.238748 1.018484 -0.236617
6518.742115 0.990017 -0.238759 1.018401 -0.236648
6519.742229 0.989929 -0.238770 1.018317 -0.236679
6520.742343 0.989840 -0.238781 1.018233 -0.236709
6521.742457 0.989751 -0.238791 1.018150 -0.236739
6522.742571 0.989663 -0.238801 1.018066 -0.236770
6523.742685 0.989574 -0.238812 1.017982 -0.236800
6524.742799 0.989486 -0.238822 1.017899 -0.236830
6525.742912 0.989397 -0.238832 1.017815 -0.236860
6526.743026 0.989309 -0.238841 1.017731 -0.236890
6527.743140 0.989220 -0.238851 1.017648 -0.236919
6528.743254 0.989132 -0.238861 1.017564 -0.236949
6529.743368 0.989043 -0.238870 1.017480 -0.236978
6530.743482 0.988955 -0.238880 1.017396 -0.237008
6531.743596 0.988867 -0.238889 1.017313 -0.237037
6532.743709 0.988778 -0.238898 1.017229 -0.237066
6533.743823 0.988690 -0.238907 1.017145 -0.237095
6534.743937 0.988601 -0.238916 1.017061 -0.237124
6535.744051 0.988513 -0.238925 1.016977 -0.237153
6536.744165 0.988425 -0.238933 1.016893 -0.237181
6537.744279 0.988336 -0.238942 1.016810 -0.237210
6538.744393 0.988248 -0.238950 1.016726 -0.237239
6539.744506 0.988160 -0.238959 1.016642 -0.237267
6540.744620 0.988071 -0.238967 1.016558 -0.237295
6541.744734 0.987983 -0.238975 1.016474 -0.237323
6542.744848 0.987895 -0.238983 1.016390 -0.237351
6543.744962 0.987806 -0.238990 1.016306 -0.237379
6544.745076 0.987718 -0.238998 1.016222 -0.237407
6545.745190 0.987630 -0.239006 1.016138 -0.237435
6546.745303 0.987542 -0.239013 1.016054 -0.237462
6547.745417 0.987453 -0.239020 1.015970 -0.237489
6548.745531 0.987365 -0.239028 1.015886 -0.237517
6549.745645 0.987277 -0.239035 1.015802 -0.237544
6550.745759 0.987189 -0.239042 1.015718 -0.237571
6551.745873 0.987101 -0.239049 1.015634 -0.237598
6552.745987 0.987012 -0.239055 1.015550 -0.237625
6553.746100 0.986924 -0.239062 1.015465 -0.237652
6554.746214 0.986836 -0.239068 1.015381 -0.237678
6555.746328 0.986748 -0.239075 1.015297 -0.237705
6556.746442 0.986660 -0.239081 1.015213 -0.237731
6557.746556 0.986572 -0.239087 1.015129 -0.237757
6558.746670 0.986484 -0.239093 1.015045 -0.237784
6559.746784 0.986396 -0.239099 1.014960 -0.237810
6560.746897 0.986308 -0.239105 1.014876 -0.237836
6561.747011 0.986220 -0.239110 1.014792 -0.237861
6562.747125 0.986132 -0.239116 1.014708 -0.237887
6563.747239 0.986044 -0.239121 1.014624 -0.237913
6564.747353 0.985956 -0.239126 1.014539 -0.237938
6565.747467 0.985868 -0.239132 1.014455 -0.237964
6566.747581 0.985780 -0.239137 1.014371 -0.237989
6567.747694 0.985692 -0.239141 1.014286 -0.238014
6568.747808 0.985604 -0.239146 1.014202 -0.238039
6569.747922 0.985516 -0.239151 1.014118 -0.238064
6570.748036 0.985428 -0.239155 1.014033 -0.238089
6571.748150 0.985340 -0.239160 1.013949 -0.238113
6572.748264 0.985252 -0.239164 1.013865 -0.238138
6573.748378 0.985164 -0.239168 1.013780 -0.238162
6574.748491 0.985076 -0.239172 1.013696 -0.238187
6575.748605 0.984989 -0.239176 1.013611 -0.238211
6576.748719 0.984901 -0.239180 1.013527 -0.238235
6577.748833 0.984813 -0.239184 1.013442 -0.238259
6578.748947 0.984725 -0.239187 1.013358 -0.238283
6579.749061 0.984637 -0.239191 1.013273 -0.238307
6580.749175 0.984550 -0.239194 1.013189 -0.238330
6581.749288 0.984462 -0.239197 1.013104 -0.238354
6582.749402 0.984374 -0.239200 1.013020 -0.238377
6583.749516 0.984286 -0.239203 1.012935 -0.238401
6584.749630 0.984199 -0.239206 1.012851 -0.238424
6585.749744 0.984111 -0.239209 1.012766 -0.238447
6586.749858 0.984023 -0.239212 1.012682 -0.238470
6587.749972 0.983936 -0.239214 1.012597 -0.238493
6588.750085 0.983848 -0.239216 1.012512 -0.238515
6589.750199 0.983760 -0.239219 1.012428 -0.238538
6590.750313 0.983673 -0.239221 1.012343 -0.238560
6591.750427 0.983585 -0.239223 1.012259 -0.238583
6592.750541 0.983498 -0.239225 1.012174 -0.238605
6593.750655 0.983410 -0.239226 1.012089 -0.238627
6594.750769 0.983323 -0.239228 1.012005 -0.238649
6595.750882 0.983235 -0.239229 1.011920 -0.238671
6596.750996 0.983147 -0.239231 1.011835 -0.238693
6597.751110 0.983060 -0.239232 1.011750 -0.238714
6598.751224 0.982972 -0.239233 1.011666 -0.238736
6599.751338 0.982885 -0.239234 1.011581 -0.238757
6600.751452 0.982798 -0.239235 1.011496 -0.238779
6601.751566 0.982710 -0.239236 1.011411 -0.238800
6602.751679 0.982623 -0.239237 1.011327 -0.238821
6603.751793 0.982535 -0.239237 1.011242 -0.238842
6604.751907 0.982448 -0.239238 1.011157 -0.238863
6605.752021 0.982360 -0.239238 1.011072 -0.238884
6606.752135 0.982273 -0.239238 1.010987 -0.238904
6607.752249 0.982186 -0.239238 1.010902 -0.238925
6608.752363 0.982098 -0.239238 1.010818 -0.238945
6609.752476 0.982011 -0.239238 1.010733 -0.238965
6610.752590 0.981924 -0.239238 1.010648 -0.238985
6611.752704 0.981837 -0.239237 1.010563 -0.239005
6612.752818 0.981749 -0.239237 1.010478 -0.239025
6613.752932 0.981662 -0.239236 1.010393 -0.239045
6614.753046 0.981575 -0.239235 1.010308 -0.239065
6615.753160 0.981488 -0.239234 1.010223 -0.239084
6616.753273 0.981400 -0.239233 1.010138 -0.239104
6617.753387 0.981313 -0.239232 1.010053 -0.239123
6618.753501 0.981226 -0.239231 1.009968 -0.239142
6619.753615 0.981139 -0.239229 1.009883 -0.239162
6620.753729 0.981052 -0.239228 1.009798 -0.239180
6621.753843 0.980965 -0.239226 1.009713 -0.239199
6622.753957 0.980878 -0.239224 1.009628 -0.239218
6623.754070 0.980790 -0.239222 1.009543 -0.239237
6624.754184 0.980703 -0.239220 1.009458 -0.239255
6625.754298 0.980616 -0.239218 1.009373 -0.239274
6626.754412 0.980529 -0.239216 1.009288 -0.239292
6627.754526 0.980442 -0.239214 1.009203 -0.239310
6628.754640 0.980355 -0.239211 1.009118 -0.239328
6629.754754 0.980268 -0.239209 1.009033 -0.239346
6630.754867 0.980181 -0.239206 1.008947 -0.239364
6631.754981 0.980094 -0.239203 1.008862 -0.239381
6632.755095 0.980007 -0.239200 1.008777 -0.239399
6633.755209 0.979921 -0.239197 1.008692 -0.239416
6634.755323 0.979834 -0.239194 1.008607 -0.239434
6635.755437 0.979747 -0.239190 1.008522 -0.239451
6636.755550 0.979660 -0.239187 1.008436 -0.239468
6637.755664 0.979573 -0.239183 1.008351 -0.239485
6638.755778 0.979486 -0.239180 1.008266 -0.239502
6639.755892 0.979399 -0.239176 1.008181 -0.239519
6640.756006 0.979313 -0.239172 1.008095 -0.239535
6641.756120 0.979226 -0.239168 1.008010 -0.239552
6642.756234 0.979139 -0.239164 1.007925 -0.239568
6643.756347 0.979052 -0.239159 1.007840 -0.239584
6644.756461 0.978966 -0.239155 1.007754 -0.239601
6645.756575 0.978879 -0.239150 1.007669 -0.239617
6646.756689 0.978792 -0.239146 1.007584 -0.239632
6647.756803 0.978706 -0.239141 1.007498 -0.239648
6648.756917 0.978619 -0.239136 1.007413 -0.239664
6649.757031 0.978532 -0.239131 1.007328 -0.239679
6650.757144 0.978446 -0.239126 1.007242 -0.239695
6651.757258 0.978359 -0.239120 1.007157 -0.239710
6652.757372 0.978273 -0.239115 1.007072 -0.239725
6653.757486 0.978186 -0.239109 1.006986 -0.239740
6654.757600 0.978100 -0.239104 1.006901 -0.239755
6655.757714 0.978013 -0.239098 1.006815 -0.239770
6656.757828 0.977927 -0.239092 1.006730 -0.239785
6657.757941 0.977840 -0.239086 1.006645 -0.239800
6658.758055 0.977754 -0.239080 1.006559 -0.239814
6659.758169 0.977667 -0.239074 1.006474 -0.239828
6660.758283 0.977581 -0.239067 1.006388 -0.239843
6661.758397 0.977494 -0.239061 1.006303 -0.239857
6662.758511 0.977408 -0.239054 1.006217 -0.239871
6663.758625 0.977322 -0.239047 1.006132 -0.239885
6664.758738 0.977235 -0.239040 1.006046 -0.239898
6665.758852 0.977149 -0.239034 1.005961 -0.239912
6666.758966 0.977063 -0.239026 1.005875 -0.239926
6667.759080 0.976976 -0.239019 1.005790 -0.239939
6668.759194 0.976890 -0.239012 1.005704 -0.239952
6669.759308 0.976804 -0.239004 1.005619 -0.239965
6670.759422 0.976718 -0.238997 1.005533 -0.239978
6671.759535 0.976631 -0.238989 1.005447 -0.239991
6672.759649 0.976545 -0.238981 1.005362 -0.240004
6673.759763 0.976459 -0.238973 1.005276 -0.240017
6674.759877 0.976373 -0.238965 1.005191 -0.240029
6675.759991 0.976287 -0.238957 1.005105 -0.240042
6676.760105 0.976201 -0.238949 1.005019 -0.240054
6677.760219 0.976114 -0.238940 1.004934 -0.240066
6678.760332 0.976028 -0.238932 1.004848 -0.240078
6679.760446 0.975942 -0.238923 1.004762 -0.240090
6680.760560 0.975856 -0.238914 1.004677 -0.240102
6681.760674 0.975770 -0.238905 1.004591 -0.240114
6682.760788 0.975684 -0.238896 1.004505 -0.240126
6683.760902 0.975598 -0.238887 1.004420 -0.240137
6684.761016 0.975512 -0.238878 1.004334 -0.240148
6685.761129 0.975426 -0.238868 1.004248 -0.240160
6686.761243 0.975340 -0.238859 1.004163 -0.240171
6687.761357 0.975255 -0.238849 1.004077 -0.240182
6688.761471 0.975169 -0.238839 1.003991 -0.240193
6689.761585 0.975083 -0.238829 1.003905 -0.240203
6690.761699 0.974997 -0.238819 1.003820 -0.240214
6691.761813 0.974911 -0.238809 1.003734 -0.240225
6692.761926 0.974825 -0.238799 1.003648 -0.240235
6693.762040 0.974740 -0.238788 1.003562 -0.240245
6694.762154 0.974654 -0.238778 1.003476 -0.240255
6695.762268 0.974568 -0.238767 1.003391 -0.240265
6696.762382 0.974482 -0.238756 1.003305 -0.240275
6697.762496 0.974397 -0.238746 1.003219 -0.240285
6698.762610 0.974311 -0.238735 1.003133 -0.240295
6699.762723 0.974225 -0.238723 1.003047 -0.240304
6700.762837 0.974140 -0.238712 1.002961 -0.240314
6701.762951 0.974054 -0.238701 1.002876 -0.240323
6702.763065 0.973968 -0.238689 1.002790 -0.240332
6703.763179 0.973883 -0.238678 1.002704 -0.240341
6704.763293 0.973797 -0.238666 1.002618 -0.240350
6705.763407 0.973712 -0.238654 1.002532 -0.240359
6706.763520 0.973626 -0.238642 1.002446 -0.240368
6707.763634 0.973541 -0.238630 1.002360 -0.240376
6708.763748 0.973455 -0.238618 1.002274 -0.240385
6709.763862 0.973370 -0.238605 1.002188 -0.240393
6710.763976 0.973284 -0.238593 1.002102 -0.240401
6711.764090 0.973199 -0.238580 1.002016 -0.240409
6712.764204 0.973114 -0.238568 1.001931 -0.240417
6713.764317 0.973028 -0.238555 1.001845 -0.240425
6714.764431 0.972943 -0.238542 1.001759 -0.240433
6715.764545 0.972858 -0.238529 1.001673 -0.240441
6716.764659 0.972772 -0.238516 1.001587 -0.240448
6717.764773 0.972687 -0.238502 1.001501 -0.240455
6718.764887 0.972602 -0.238489 1.001415 -0.240463
6719.765001 0.972517 -0.238475 1.001329 -0.240470
6720.765114 0.972431 -0.238462 1.001243 -0.240477
6721.765228 0.972346 -0.238448 1.001157 -0.240484
6722.765342 0.972261 -0.238434 1.001071 -0.240490
6723.765456 0.972176 -0.238420 1.000984 -0.240497
6724.765570 0.972091 -0.238406 1.000898 -0.240504
6725.765684 0.972006 -0.238391 1.000812 -0.240510
6726.765798 0.971921 -0.238377 1.000726 -0.240516
6727.765911 0.971835 -0.238362 1.000640 -0.240522
6728.766025 0.971750 -0.238348 1.000554 -0.240528
6729.766139 0.971665 -0.238333 1.000468 -0.240534
6730.766253 0.971580 -0.238318 1.000382 -0.240540
6731.766367 0.971495 -0.238303 1.000296 -0.240546
6732.766481 0.971411 -0.238288 1.000210 -0.240551
6733.766595 0.971326 -0.238273 1.000124 -0.240557
6734.766708 0.971241 -0.238257 1.000037 -0.240562
6735.766822 0.971156 -0.238242 0.999951 -0.240567
6736.766936 0.971071 -0.238226 0.999865 -0.240572
6737.767050 0.970986 -0.238210 0.999779 -0.240577
6738.767164 0.970901 -0.238194 0.999693 -0.240582
6739.767278 0.970816 -0.238178 0.999607 -0.240586
6740.767392 0.970732 -0.238162 0.999521 -0.240591
6741.767505 0.970647 -0.238146 0.999434 -0.240595
6742.767619 0.970562 -0.238130 0.999348 -0.240600
6743.767733 0.970477 -0.238113 0.999262 -0.240604
6744.767847 0.970393 -0.238097 0.999176 -0.240608
6745.767961 0.970308 -0.238080 0.999090 -0.240612
6746.768075 0.970224 -0.238063 0.999003 -0.240616
6747.768189 0.970139 -0.238046 0.998917 -0.240619
6748.768302 0.970054 -0.238029 0.998831 -0.240623
6749.768416 0.969970 -0.238012 0.998745 -0.240626
6750.768530 0.969885 -0.237995 0.998658 -0.240630
6751.768644 0.969801 -0.237977 0.998572 -0.240633
6752.768758 0.969716 -0.237959 0.998486 -0.240636
6753.768872 0.969632 -0.237942 0.998400 -0.240639
6754.768986 0.969547 -0.237924 0.998313 -0.240642
6755.769099 0.969463 -0.237906 0.998227 -0.240644
6756.769213 0.969378 -0.237888 0.998141 -0.240647
6757.769327 0.969294 -0.237870 0.998055 -0.240649
6758.769441 0.969210 -0.237851 0.997968 -0.240652
6759.769555 0.969125 -0.237833 0.997882 -0.240654
6760.769669 0.969041 -0.237814 0.997796 -0.240656
6761.769783 0.968957 -0.237796 0.997709 -0.240658
6762.769896 0.968872 -0.237777 0.997623 -0.240660
6763.770010 0.968788 -0.237758 0.997537 -0.240662
6764.770124 0.968704 -0.237739 0.997450 -0.240663
6765.770238 0.968620 -0.237720 0.997364 -0.240665
6766.770352 0.968536 -0.237701 0.997278 -0.240666
6767.770466 0.968451 -0.237681 0.997191 -0.240667
6768.770580 0.968367 -0.237662 0.997105 -0.240668
6769.770693 0.968283 -0.237642 0.997019 -0.240669
6770.770807 0.968199 -0.237622 0.996932 -0.240670
6771.770921 0.968115 -0.237602 0.996846 -0.240671
6772.771035 0.968031 -0.237582 0.996759 -0.240671
6773.771149 0.967947 -0.237562 0.996673 -0.240672
6774.771263 0.967863 -0.237542 0.996587 -0.240672
6775.771377 0.967779 -0.237522 0.996500 -0.240672
6776.771490 0.967695 -0.237501 0.996414 -0.240673
6777.771604 0.967611 -0.237480 0.996327 -0.240673
6778.771718 0.967527 -0.237460 0.996241 -0.240672
6779.771832 0.967443 -0.237439 0.996155 -0.240672
6780.771946 0.967360 -0.237418 0.996068 -0.240672
6781.772060 0.967276 -0.237397 0.995982 -0.240671
6782.772174 0.967192 -0.237376 0.995895 -0.240671
6783.772287 0.967108 -0.237354 0.995809 -0.240670
6784.772401 0.967025 -0.237333 0.995722 -0.240669
6785.772515 0.966941 -0.237311 0.995636 -0.240668
6786.772629 0.966857 -0.237289 0.995550 -0.240667
6787.772743 0.966773 -0.237268 0.995463 -0.240665
6788.772857 0.966690 -0.237246 0.995377 -0.240664
6789.772971 0.966606 -0.237224 0.995290 -0.240662
6790.773084 0.966523 -0.237201 0.995204 -0.240661
6791.773198 0.966439 -0.237179 0.995117 -0.240659
6792.773312 0.966355 -0.237157 0.995031 -0.240657
6793.773426 0.966272 -0.237134 0.994944 -0.240655
6794.773540 0.966188 -0.237111 0.994858 -0.240653
6795.773654 0.966105 -0.237088 0.994771 -0.240651
6796.773768 0.966022 -0.237066 0.994685 -0.240648
6797.773881 0.965938 -0.237042 0.994598 -0.240646
6798.773995 0.965855 -0.237019 0.994512 -0.240643
6799.774109 0.965771 -0.236996 0.994425 -0.240640
6800.774223 0.965688 -0.236973 0.994339 -0.240637
6801.774337 0.965605 -0.236949 0.994252 -0.240634
6802.774451 0.965521 -0.236925 0.994166 -0.240631
6803.774564 0.965438 -0.236902 0.994079 -0.240628
6804.774678 0.965355 -0.236878 0.993993 -0.240625
6805.774792 0.965272 -0.236854 0.993906 -0.240621
6806.774906 0.965188 -0.236830 0.993819 -0.240617
6807.775020 0.965105 -0.236805 0.993733 -0.240614
6808.775134 0.965022 -0.236781 0.993646 -0.240610
6809.775248 0.964939 -0.236756 0.993560 -0.240606
6810.775361 0.964856 -0.236732 0.993473 -0.240602
6811.775475 0.964773 -0.236707 0.993387 -0.240597
6812.775589 0.964690 -0.236682 0.993300 -0.240593
6813.775703 0.964607 -0.236657 0.993213 -0.240588
6814.775817 0.964524 -0.236632 0.993127 -0.240584
6815.775931 0.964441 -0.236607 0.993040 -0.240579
6816.776045 0.964358 -0.236581 0.992954 -0.240574
6817.776158 0.964275 -0.236556 0.992867 -0.240569
6818.776272 0.964192 -0.236530 0.992780 -0.240564
6819.776386 0.964109 -0.236505 0.992694 -0.240559
6820.776500 0.964026 -0.236479 0.992607 -0.240553
6821.776614 0.963944 -0.236453 0.992521 -0.240548
6822.776728 0.963861 -0.236427 0.992434 -0.240542
6823.776842 0.963778 -0.236400 0.992347 -0.240536
6824.776955 0.963695 -0.236374 0.992261 -0.240530
6825.777069 0.963613 -0.236348 0.992174 -0.240524
6826.777183 0.963530 -0.236321 0.992088 -0.240518
6827.777297 0.963447 -0.236294 0.992001 -0.240512
6828.777411 0.963365 -0.236268 0.991914 -0.240505
6829.777525 0.963282 -0.236241 0.991828 -0.240499
6830.777639 0.963200 -0.236214 0.991741 -0.240492
6831.777752 0.963117 -0.236186 0.991654 -0.240485
6832.777866 0.963034 -0.236159 0.991568 -0.240478
6833.777980 0.962952 -0.236132 0.991481 -0.240471
6834.778094 0.962870 -0.236104 0.991394 -0.240464
6835.778208 0.962787 -0.236076 0.991308 -0.240457
6836.778322 0.962705 -0.236049 0.991221 -0.240449
6837.778436 0.962622 -0.236021 0.991134 -0.240442
6838.778549 0.962540 -0.235993 0.991048 -0.240434
6839.778663 0.962458 -0.235964 0.990961 -0.240426
6840.778777 0.962375 -0.235936 0.990874 -0.240418
6841.778891 0.962293 -0.235908 0.990788 -0.240410
6842.779005 0.962211 -0.235879 0.990701 -0.240402
6843.779119 0.962129 -0.235851 0.990614 -0.240394
6844.779233 0.962046 -0.235822 0.990528 -0.240385
6845.779346 0.961964 -0.235793 0.990441 -0.240377
6846.779460 0.961882 -0.235764 0.990354 -0.240368
6847.779574 0.961800 -0.235735 0.990268 -0.240359
6848.779688 0.961718 -0.235706 0.990181 -0.240350
6849.779802 0.961636 -0.235676 0.990094 -0.240341
6850.779916 0.961554 -0.235647 0.990008 -0.240332
6851.780030 0.961472 -0.235617 0.989921 -0.240323
6852.780143 0.961390 -0.235587 0.989834 -0.240313
6853.780257 0.961308 -0.235558 0.989747 -0.240304
6854.780371 0.961226 -0.235528 0.989661 -0.240294
6855.780485 0.961144 -0.235497 0.989574 -0.240284
6856.780599 0.961062 -0.235467 0.989487 -0.240274
6857.780713 0.960980 -0.235437 0.989401 -0.240264
6858.780827 0.960898 -0.235406 0.989314 -0.240254
6859.780940 0.960817 -0.235376 0.989227 -0.240243
6860.781054 0.960735 -0.235345 0.989140 -0.240233
6861.781168 0.960653 -0.235314 0.989054 -0.240222
6862.781282 0.960571 -0.235283 0.988967 -0.240212
6863.781396 0.960490 -0.235252 0.988880 -0.240201
6864.781510 0.960408 -0.235221 0.988794 -0.240190
6865.781624 0.960326 -0.235190 0.988707 -0.240179
6866.781737 0.960245 -0.235158 0.988620 -0.240167
6867.781851 0.960163 -0.235127 0.988533 -0.240156
6868.781965 0.960082 -0.235095 0.988447 -0.240145
6869.782079 0.960000 -0.235063 0.988360 -0.240133
6870.782193 0.959919 -0.235031 0.988273 -0.240121
6871.782307 0.959837 -0.234999 0.988186 -0.240109
6872.782421 0.959756 -0.234967 0.988100 -0.240097
6873.782534 0.959674 -0.234935 0.988013 -0.240085
6874.782648 0.959593 -0.234903 0.987926 -0.240073
6875.782762 0.959512 -0.234870 0.987839 -0.240060
6876.782876 0.959430 -0.234837 0.987753 -0.240048
6877.782990 0.959349 -0.234805 0.987666 -0.240035
6878.783104 0.959268 -0.234772 0.987579 -0.240022
6879.783218 0.959187 -0.234739 0.987492 -0.240010
6880.783331 0.959105 -0.234706 0.987406 -0.239996
6881.783445 0.959024 -0.234672 0.987319 -0.239983
6882.783559 0.958943 -0.234639 0.987232 -0.239970
6883.783673 0.958862 -0.234605 0.987145 -0.239957
6884.783787 0.958781 -0.234572 0.987059 -0.239943
6885.783901 0.958700 -0.234538 0.986972 -0.239929
6886.784015 0.958619 -0.234504 0.986885 -0.239916
6887.784128 0.958538 -0.234470 0.986798 -0.239902
6888.784242 0.958457 -0.234436 0.986712 -0.239888
6889.784356 0.958376 -0.234402 0.986625 -0.239873
6890.784470 0.958295 -0.234368 0.986538 -0.239859
6891.784584 0.958214 -0.234333 0.986451 -0.239845
6892.784698 0.958133 -0.234299 0.986365 -0.239830
6893.784812 0.958052 -0.234264 0.986278 -0.239815
6894.784925 0.957972 -0.234229 0.986191 -0.239800
6895.785039 0.957891 -0.234194 0.986104 -0.239785
6896.785153 0.957810 -0.234159 0.986018 -0.239770
6897.785267 0.957729 -0.234124 0.985931 -0.239755
6898.785381 0.957649 -0.234089 0.985844 -0.239740
6899.785495 0.957568 -0.234053 0.985757 -0.239724
6900.785609 0.957488 -0.234018 0.985671 -0.239709
6901.785722 0.957407 -0.233982 0.985584 -0.239693
6902.785836 0.957326 -0.233946 0.985497 -0.239677
6903.785950 0.957246 -0.233910 0.985410 -0.239661
6904.786064 0.957165 -0.233874 0.985324 -0.239645
6905.786178 0.957085 -0.233838 0.985237 -0.239629
6906.786292 0.957004 -0.233802 0.985150 -0.239612
6907.786406 0.956924 -0.233765 0.985063 -0.239596
6908.786519 0.956844 -0.233729 0.984977 -0.239579
6909.786633 0.956763 -0.233692 0.984890 -0.239562
6910.786747 0.956683 -0.233655 0.984803 -0.239545
6911.786861 0.956603 -0.233619 0.984716 -0.239528
6912.786975 0.956522 -0.233582 0.984630 -0.239511
6913.787089 0.956442 -0.233544 0.984543 -0.239494
6914.787203 0.956362 -0.233507 0.984456 -0.239477
6915.787316 0.956282 -0.233470 0.984369 -0.239459
6916.787430 0.956202 -0.233432 0.984283 -0.239441
6917.787544 0.956121 -0.233395 0.984196 -0.239424
6918.787658 0.956041 -0.233357 0.984109 -0.239406
6919.787772 0.955961 -0.233319 0.984022 -0.239387
6920.787886 0.955881 -0.233281 0.983936 -0.239369
6921.788000 0.955801 -0.233243 0.983849 -0.239351
6922.788113 0.955721 -0.233205 0.983762 -0.239333
6923.788227 0.955641 -0.233167 0.983675 -0.239314
6924.788341 0.955561 -0.233128 0.983589 -0.239295
6925.788455 0.955482 -0.233090 0.983502 -0.239276
6926.788569 0.955402 -0.233051 0.983415 -0.239257
6927.788683 0.955322 -0.233012 0.983328 -0.239238
6928.788797 0.955242 -0.232973 0.983242 -0.239219
6929.788910 0.955162 -0.232934 0.983155 -0.239200
6930.789024 0.955083 -0.232895 0.983068 -0.239180
6931.789138 0.955003 -0.232856 0.982981 -0.239161
6932.789252 0.954923 -0.232816 0.982895 -0.239141
6933.789366 0.954844 -0.232777 0.982808 -0.239121
6934.789480 0.954764 -0.232737 0.982721 -0.239101
6935.789594 0.954684 -0.232697 0.982634 -0.239081
6936.789707 0.954605 -0.232657 0.982548 -0.239060
6937.789821 0.954525 -0.232617 0.982461 -0.239040
6938.789935 0.954446 -0.232577 0.982374 -0.239020
6939.790049 0.954366 -0.232537 0.982288 -0.238999
6940.790163 0.954287 -0.232497 0.982201 -0.238978
6941.790277 0.954208 -0.232456 0.982114 -0.238957
6942.790391 0.954128 -0.232415 0.982027 -0.238936
6943.790504 0.954049 -0.232375 0.981941 -0.238915
6944.790618 0.953970 -0.232334 0.981854 -0.238894
6945.790732 0.953890 -0.232293 0.981767 -0.238872
6946.790846 0.953811 -0.232252 0.981681 -0.238851
6947.790960 0.953732 -0.232211 0.981594 -0.238829
6948.791074 0.953653 -0.232169 0.981507 -0.238807
6949.791188 0.953574 -0.232128 0.981420 -0.238785
6950.791301 0.953495 -0.232086 0.981334 -0.238763
6951.791415 0.953415 -0.232044 0.981247 -0.238741
6952.791529 0.953336 -0.232003 0.981160 -0.238718
6953.791643 0.953257 -0.231961 0.981074 -0.238696
6954.791757 0.953178 -0.231919 0.980987 -0.238673
6955.791871 0.953099 -0.231876 0.980900 -0.238650
6956.791985 0.953021 -0.231834 0.980814 -0.238628
6957.792098 0.952942 -0.231792 0.980727 -0.238605
6958.792212 0.952863 -0.231749 0.980640 -0.238581
6959.792326 0.952784 -0.231707 0.980554 -0.238558
6960.792440 0.952705 -0.231664 0.980467 -0.238535
6961.792554 0.952626 -0.231621 0.980380 -0.238511
6962.792668 0.952548 -0.231578 0.980294 -0.238487
6963.792782 0.952469 -0.231535 0.980207 -0.238464
6964.792895 0.952390 -0.231491 0.980120 -0.238440
6965.793009 0.952312 -0.231448 0.980034 -0.238416
6966.793123 0.952233 -0.231405 0.979947 -0.238391
6967.793237 0.952154 -0.231361 0.979860 -0.238367
6968.793351 0.952076 -0.231317 0.979774 -0.238343
6969.793465 0.951997 -0.231273 0.979687 -0.238318
6970.793579 0.951919 -0.231229 0.979600 -0.238293
6971.793692 0.951840 -0.231185 0.979514 -0.238269
6972.793806 0.951762 -0.231141 0.979427 -0.238244
6973.793920 0.951684 -0.231097 0.979340 -0.238218
6974.794034 0.951605 -0.231052 0.979254 -0.238193
6975.794148 0.951527 -0.231008 0.979167 -0.238168
6976.794262 0.951449 -0.230963 0.979080 -0.238142
6977.794375 0.951370 -0.230918 0.978994 -0.238117
6978.794489 0.951292 -0.230873 0.978907 -0.238091
6979.794603 0.951214 -0.230828 0.978821 -0.238065
6980.794717 0.951136 -0.230783 0.978734 -0.238039
6981.794831 0.951058 -0.230738 0.978647 -0.238013
6982.794945 0.950980 -0.230692 0.978561 -0.237986
6983.795059 0.950902 -0.230647 0.978474 -0.237960
6984.795172 0.950824 -0.230601 0.978388 -0.237933
6985.795286 0.950746 -0.230555 0.978301 -0.237907
6986.795400 0.950668 -0.230509 0.978214 -0.237880
6987.795514 0.950590 -0.230463 0.978128 -0.237853
6988.795628 0.950512 -0.230417 0.978041 -0.237826
6989.795742 0.950434 -0.230371 0.977955 -0.237799
6990.795856 0.950356 -0.230324 0.977868 -0.237771
6991.795969 0.950278 -0.230278 0.977782 -0.237744
6992.796083 0.950201 -0.230231 0.977695 -0.237716
6993.796197 0.950123 -0.230185 0.977608 -0.237689
6994.796311 0.950045 -0.230138 0.977522 -0.237661
6995.796425 0.949967 -0.230091 0.977435 -0.237633
6996.796539 0.949890 -0.230044 0.977349 -0.237604
6997.796653 0.949812 -0.229996 0.977262 -0.237576
6998.796766 0.949735 -0.229949 0.977176 -0.237548
6999.796880 0.949657 -0.229902 0.977089 -0.237519
7000.796994 0.949580 -0.229854 0.977003 -0.237491
7001.797108 0.949502 -0.229806 0.976916 -0.237462
7002.797222 0.949425 -0.229758 0.976830 -0.237433
7003.797336 0.949347 -0.229710 0.976743 -0.237404
7004.797450 0.949270 -0.229662 0.976657 -0.237375
7005.797563 0.949193 -0.229614 0.976570 -0.237345
7006.797677 0.949115 -0.229566 0.976484 -0.237316
7007.797791 0.949038 -0.229518 0.976397 -0.237286
7008.797905 0.948961 -0.229469 0.976311 -0.237256
7009.798019 0.948884 -0.229420 0.976224 -0.237227
7010.798133 0.948806 -0.229372 0.976138 -0.237197
7011.798247 0.948729 -0.229323 0.976051 -0.237166
7012.798360 0.948652 -0.229274 0.975965 -0.237136
7013.798474 0.948575 -0.229224 0.975878 -0.237106
7014.798588 0.948498 -0.229175 0.975792 -0.237075
7015.798702 0.948421 -0.229126 0.975705 -0.237045
7016.798816 0.948344 -0.229076 0.975619 -0.237014
7017.798930 0.948267 -0.229027 0.975533 -0.236983
7018.799044 0.948190 -0.228977 0.975446 -0.236952
7019.799157 0.948113 -0.228927 0.975360 -0.236921
7020.799271 0.948036 -0.228877 0.975273 -0.236889
7021.799385 0.947960 -0.228827 0.975187 -0.236858
7022.799499 0.947883 -0.228777 0.975100 -0.236826
7023.799613 0.947806 -0.228727 0.975014 -0.236795
7024.799727 0.947729 -0.228676 0.974928 -0.236763
7025.799841 0.947653 -0.228626 0.974841 -0.236731
7026.799954 0.947576 -0.228575 0.974755 -0.236699
7027.800068 0.947500 -0.228524 0.974668 -0.236666
7028.800182 0.947423 -0.228473 0.974582 -0.236634
7029.800296 0.947346 -0.228422 0.974496 -0.236602
7030.800410 0.947270 -0.228371 0.974409 -0.236569
7031.800524 0.947194 -0.228320 0.974323 -0.236536
7032.800638 0.947117 -0.228268 0.974237 -0.236503
7033.800751 0.947041 -0.228217 0.974150 -0.236470
7034.800865 0.946964 -0.228165 0.974064 -0.236437
7035.800979 0.946888 -0.228113 0.973978 -0.236404
7036.801093 0.946812 -0.228061 0.973891 -0.236370
7037.801207 0.946735 -0.228009 0.973805 -0.236337
7038.801321 0.946659 -0.227957 0.973719 -0.236303
7039.801435 0.946583 -0.227905 0.973632 -0.236269
7040.801548 0.946507 -0.227853 0.973546 -0.236235
7041.801662 0.946431 -0.227800 0.973460 -0.236201
7042.801776 0.946355 -0.227748 0.973374 -0.236167
7043.801890 0.946279 -0.227695 0.973287 -0.236132
7044.802004 0.946203 -0.227642 0.973201 -0.236098
7045.802118 0.946127 -0.227589 0.973115 -0.236063
7046.802232 0.946051 -0.227536 0.973029 -0.236029
7047.802345 0.945975 -0.227483 0.972942 -0.235994
7048.802459 0.945899 -0.227430 0.972856 -0.235959
7049.802573 0.945823 -0.227376 0.972770 -0.235923
7050.802687 0.945747 -0.227323 0.972684 -0.235888
7051.802801 0.945671 -0.227269 0.972597 -0.235853
7052.802915 0.945596 -0.227215 0.972511 -0.235817
7053.803029 0.945520 -0.227161 0.972425 -0.235781
7054.803142 0.945444 -0.227107 0.972339 -0.235746
7055.803256 0.945369 -0.227053 0.972253 -0.235710
7056.803370 0.945293 -0.226999 0.972166 -0.235673
7057.803484 0.945218 -0.226944 0.972080 -0.235637
7058.803598 0.945142 -0.226890 0.971994 -0.235601
7059.803712 0.945066 -0.226835 0.971908 -0.235564
7060.803826 0.944991 -0.226781 0.971822 -0.235528
7061.803939 0.944916 -0.226726 0.971736 -0.235491
7062.804053 0.944840 -0.226671 0.971649 -0.235454
7063.804167 0.944765 -0.226616 0.971563 -0.235417
7064.804281 0.944690 -0.226560 0.971477 -0.235380
7065.804395 0.944614 -0.226505 0.971391 -0.235343
7066.804509 0.944539 -0.226450 0.971305 -0.235305
7067.804623 0.944464 -0.226394 0.971219 -0.235267
7068.804736 0.944389 -0.226338 0.971133 -0.235230
7069.804850 0.944313 -0.226283 0.971047 -0.235192
7070.804964 0.944238 -0.226227 0.970961 -0.235154
7071.805078 0.944163 -0.226171 0.970875 -0.235116
7072.805192 0.944088 -0.226115 0.970789 -0.235078
7073.805306 0.944013 -0.226058 0.970703 -0.235039
7074.805420 0.943938 -0.226002 0.970616 -0.235001
7075.805533 0.943863 -0.225945 0.970530 -0.234962
7076.805647 0.943788 -0.225889 0.970444 -0.234923
7077.805761 0.943714 -0.225832 0.970358 -0.234884
7078.805875 0.943639 -0.225775 0.970272 -0.234845
7079.805989 0.943564 -0.225718 0.970186 -0.234806
7080.806103 0.943489 -0.225661 0.970100 -0.234767
7081.806217 0.943415 -0.225604 0.970014 -0.234727
7082.806330 0.943340 -0.225546 0.969928 -0.234688
7083.806444 0.943265 -0.225489 0.969843 -0.234648
7084.806558 0.943191 -0.225431 0.969757 -0.234608
7085.806672 0.943116 -0.225374 0.969671 -0.234568
7086.806786 0.943041 -0.225316 0.969585 -0.234528
7087.806900 0.942967 -0.225258 0.969499 -0.234488
7088.807014 0.942892 -0.225200 0.969413 -0.234447
7089.807127 0.942818 -0.225142 0.969327 -0.234407
7090.807241 0.942744 -0.225084 0.969241 -0.234366
7091.807355 0.942669 -0.225025 0.969155 -0.234325
7092.807469 0.942595 -0.224967 0.969069 -0.234285
7093.807583 0.942521 -0.224908 0.968983 -0.234243
7094.807697 0.942446 -0.224849 0.968898 -0.234202
7095.807811 0.942372 -0.224790 0.968812 -0.234161
7096.807924 0.942298 -0.224731 0.968726 -0.234119
7097.808038 0.942224 -0.224672 0.968640 -0.234078
7098.808152 0.942150 -0.224613 0.968554 -0.234036
7099.808266 0.942076 -0.224554 0.968468 -0.233994
7100.808380 0.942002 -0.224494 0.968383 -0.233952
7101.808494 0.941928 -0.224435 0.968297 -0.233910
7102.808608 0.941854 -0.224375 0.968211 -0.233868
7103.808721 0.941780 -0.224315 0.968125 -0.233825
7104.808835 0.941706 -0.224255 0.968040 -0.233783
7105.808949 0.941632 -0.224195 0.967954 -0.233740
7106.809063 0.941558 -0.224135 0.967868 -0.233697
7107.809177 0.941485 -0.224075 0.967782 -0.233654
7108.809291 0.941411 -0.224014 0.967697 -0.233611
7109.809405 0.941337 -0.223954 0.967611 -0.233568
7110.809518 0.941263 -0.223893 0.967525 -0.233525
7111.809632 0.941190 -0.223832 0.967439 -0.233481
7112.809746 0.941116 -0.223772 0.967354 -0.233438
7113.809860 0.941043 -0.223711 0.967268 -0.233394
7114.809974 0.940969 -0.223649 0.967182 -0.233350
7115.810088 0.940896 -0.223588 0.967097 -0.233306
7116.810202 0.940822 -0.223527 0.967011 -0.233262
7117.810315 0.940749 -0.223465 0.966926 -0.233218
7118.810429 0.940675 -0.223404 0.966840 -0.233173
7119.810543 0.940602 -0.223342 0.966754 -0.233129
7120.810657 0.940529 -0.223280 0.966669 -0.233084
7121.810771 0.940455 -0.223218 0.966583 -0.233039
7122.810885 0.940382 -0.223156 0.966498 -0.232994
7123.810999 0.940309 -0.223094 0.966412 -0.232949
7124.811112 0.940236 -0.223032 0.966326 -0.232904
7125.811226 0.940163 -0.222969 0.966241 -0.232858
7126.811340 0.940090 -0.222907 0.966155 -0.232813
7127.811454 0.940017 -0.222844 0.966070 -0.232767
7128.811568 0.939944 -0.222782 0.965984 -0.232721
7129.811682 0.939871 -0.222719 0.965899 -0.232676
7130.811796 0.939798 -0.222656 0.965813 -0.232629
7131.811909 0.939725 -0.222593 0.965728 -0.232583
7132.812023 0.939652 -0.222529 0.965642 -0.232537
7133.812137 0.939579 -0.222466 0.965557 -0.232491
7134.812251 0.939506 -0.222403 0.965472 -0.232444
7135.812365 0.939434 -0.222339 0.965386 -0.232397
7136.812479 0.939361 -0.222275 0.965301 -0.232350
7137.812593 0.939288 -0.222211 0.965215 -0.232303
7138.812706 0.939216 -0.222148 0.965130 -0.232256
7139.812820 0.939143 -0.222084 0.965045 -0.232209
7140.812934 0.939071 -0.222019 0.964959 -0.232162
7141.813048 0.938998 -0.221955 0.964874 -0.232114
7142.813162 0.938926 -0.221891 0.964788 -0.232066
7143.813276 0.938853 -0.221826 0.964703 -0.232019
7144.813390 0.938781 -0.221762 0.964618 -0.231971
7145.813503 0.938708 -0.221697 0.964532 -0.231923
7146.813617 0.938636 -0.221632 0.964447 -0.231874
7147.813731 0.938564 -0.221567 0.964362 -0.231826
7148.813845 0.938492 -0.221502 0.964277 -0.231778
7149.813959 0.938419 -0.221437 0.964191 -0.231729
7150.814073 0.938347 -0.221371 0.964106 -0.231680
7151.814186 0.938275 -0.221306 0.964021 -0.231631
7152.814300 0.938203 -0.221240 0.963936 -0.231582
7153.814414 0.938131 -0.221175 0.963850 -0.231533
7154.814528 0.938059 -0.221109 0.963765 -0.231484
7155.814642 0.937987 -0.221043 0.963680 -0.231434
7156.814756 0.937915 -0.220977 0.963595 -0.231385
7157.814870 0.937843 -0.220911 0.963510 -0.231335
7158.814983 0.937771 -0.220845 0.963425 -0.231285
7159.815097 0.937699 -0.220778 0.963339 -0.231235
7160.815211 0.937627 -0.220712 0.963254 -0.231185
7161.815325 0.937556 -0.220645 0.963169 -0.231135
7162.815439 0.937484 -0.220578 0.963084 -0.231085
7163.815553 0.937412 -0.220512 0.962999 -0.231034
7164.815667 0.937341 -0.220445 0.962914 -0.230983
7165.815780 0.937269 -0.220378 0.962829 -0.230933
7166.815894 0.937197 -0.220310 0.962744 -0.230882
7167.816008 0.937126 -0.220243 0.962659 -0.230831
7168.816122 0.937054 -0.220176 0.962574 -0.230779
7169.816236 0.936983 -0.220108 0.962489 -0.230728
7170.816350 0.936912 -0.220040 0.962404 -0.230677
7171.816464 0.936840 -0.219973 0.962319 -0.230625
7172.816577 0.936769 -0.219905 0.962234 -0.230573
7173.816691 0.936698 -0.219837 0.962149 -0.230521
7174.816805 0.936626 -0.219769 0.962064 -0.230469
7175.816919 0.936555 -0.219700 0.961979 -0.230417
7176.817033 0.936484 -0.219632 0.961894 -0.230365
7177.817147 0.936413 -0.219564 0.961809 -0.230313
7178.817261 0.936342 -0.219495 0.961724 -0.230260
7179.817374 0.936271 -0.219426 0.961639 -0.230207
7180.817488 0.936200 -0.219357 0.961555 -0.230155
7181.817602 0.936129 -0.219289 0.961470 -0.230102
7182.817716 0.936058 -0.219220 0.961385 -0.230048
7183.817830 0.935987 -0.219150 0.961300 -0.229995
7184.817944 0.935916 -0.219081 0.961215 -0.229942
7185.818058 0.935845 -0.219012 0.961131 -0.229888
7186.818171 0.935774 -0.218942 0.961046 -0.229835
7187.818285 0.935703 -0.218873 0.960961 -0.229781
7188.818399 0.935633 -0.218803 0.960876 -0.229727
7189.818513 0.935562 -0.218733 0.960792 -0.229673
7190.818627 0.935491 -0.218663 0.960707 -0.229619
7191.818741 0.935421 -0.218593 0.960622 -0.229564
7192.818855 0.935350 -0.218523 0.960537 -0.229510
7193.818968 0.935280 -0.218452 0.960453 -0.229455
7194.819082 0.935209 -0.218382 0.960368 -0.229401
7195.819196 0.935139 -0.218311 0.960284 -0.229346
7196.819310 0.935068 -0.218241 0.960199 -0.229291
7197.819424 0.934998 -0.218170 0.960114 -0.229236
7198.819538 0.934928 -0.218099 0.960030 -0.229180
7199.819652 0.934857 -0.218028 0.959945 -0.229125
7200.819765 0.934787 -0.217957 0.959861 -0.229070
7201.819879 0.934717 -0.217886 0.959776 -0.229014
7202.819993 0.934647 -0.217814 0.959691 -0.228958
7203.820107 0.934577 -0.217743 0.959607 -0.228902
7204.820221 0.934507 -0.217671 0.959522 -0.228846
7205.820335 0.934436 -0.217600 0.959438 -0.228790
7206.820449 0.934366 -0.217528 0.959353 -0.228733
7207.820562 0.934297 -0.217456 0.959269 -0.228677
7208.820676 0.934227 -0.217384 0.959185 -0.228620
7209.820790 0.934157 -0.217312 0.959100 -0.228564
7210.820904 0.934087 -0.217239 0.959016 -0.228507
7211.821018 0.934017 -0.217167 0.958931 -0.228450
7212.821132 0.933947 -0.217094 0.958847 -0.228392
7213.821246 0.933877 -0.217022 0.958763 -0.228335
7214.821359 0.933808 -0.216949 0.958678 -0.228278
7215.821473 0.933738 -0.216876 0.958594 -0.228220
7216.821587 0.933669 -0.216803 0.958510 -0.228162
7217.821701 0.933599 -0.216730 0.958425 -0.228104
7218.821815 0.933529 -0.216657 0.958341 -0.228046
7219.821929 0.933460 -0.216584 0.958257 -0.227988
7220.822043 0.933390 -0.216510 0.958172 -0.227930
7221.822156 0.933321 -0.216437 0.958088 -0.227872
7222.822270 0.933252 -0.216363 0.958004 -0.227813
7223.822384 0.933182 -0.216289 0.957920 -0.227754
7224.822498 0.933113 -0.216215 0.957836 -0.227696
7225.822612 0.933044 -0.216141 0.957751 -0.227637
7226.822726 0.932975 -0.216067 0.957667 -0.227578
7227.822840 0.932905 -0.215993 0.957583 -0.227518
7228.822953 0.932836 -0.215919 0.957499 -0.227459
7229.823067 0.932767 -0.215844 0.957415 -0.227400
7230.823181 0.932698 -0.215770 0.957331 -0.227340
7231.823295 0.932629 -0.215695 0.957247 -0.227280
7232.823409 0.932560 -0.215620 0.957163 -0.227220
7233.823523 0.932491 -0.215545 0.957079 -0.227160
7234.823637 0.932422 -0.215470 0.956995 -0.227100
7235.823750 0.932353 -0.215395 0.956911 -0.227040
7236.823864 0.932285 -0.215320 0.956827 -0.226979
7237.823978 0.932216 -0.215244 0.956743 -0.226919
7238.824092 0.932147 -0.215169 0.956659 -0.226858
7239.824206 0.932078 -0.215093 0.956575 -0.226797
7240.824320 0.932010 -0.215018 0.956491 -0.226736
7241.824434 0.931941 -0.214942 0.956407 -0.226675
7242.824547 0.931872 -0.214866 0.956323 -0.226614
7243.824661 0.931804 -0.214790 0.956239 -0.226552
7244.824775 0.931735 -0.214714 0.956155 -0.226491
7245.824889 0.931667 -0.214637 0.956071 -0.226429
7246.825003 0.931599 -0.214561 0.955988 -0.226367
7247.825117 0.931530 -0.214484 0.955904 -0.226305
7248.825231 0.931462 -0.214408 0.955820 -0.226243
7249.825344 0.931394 -0.214331 0.955736 -0.226181
7250.825458 0.931325 -0.214254 0.955652 -0.226119
7251.825572 0.931257 -0.214177 0.955569 -0.226056
7252.825686 0.931189 -0.214100 0.955485 -0.225993
7253.825800 0.931121 -0.214023 0.955401 -0.225931
7254.825914 0.931053 -0.213946 0.955318 -0.225868
7255.826028 0.930985 -0.213868 0.955234 -0.225805
7256.826141 0.930917 -0.213791 0.955150 -0.225742
7257.826255 0.930849 -0.213713 0.955067 -0.225678
7258.826369 0.930781 -0.213635 0.954983 -0.225615
7259.826483 0.930713 -0.213557 0.954900 -0.225551
7260.826597 0.930645 -0.213479 0.954816 -0.225488
7261.826711 0.930577 -0.213401 0.954732 -0.225424
7262.826825 0.930509 -0.213323 0.954649 -0.225360
7263.826938 0.930442 -0.213245 0.954565 -0.225295
7264.827052 0.930374 -0.213166 0.954482 -0.225231
7265.827166 0.930306 -0.213088 0.954398 -0.225167
7266.827280 0.930239 -0.213009 0.954315 -0.225102
7267.827394 0.930171 -0.212930 0.954231 -0.225038
7268.827508 0.930104 -0.212851 0.954148 -0.224973
7269.827622 0.930036 -0.212772 0.954065 -0.224908
7270.827735 0.929969 -0.212693 0.953981 -0.224843
7271.827849 0.929901 -0.212614 0.953898 -0.224777
7272.827963 0.929834 -0.212534 0.953815 -0.224712
7273.828077 0.929767 -0.212455 0.953731 -0.224647
7274.828191 0.929699 -0.212375 0.953648 -0.224581
7275.828305 0.929632 -0.212296 0.953565 -0.224515
7276.828419 0.929565 -0.212216 0.953481 -0.224449
7277.828532 0.929498 -0.212136 0.953398 -0.224383
7278.828646 0.929431 -0.212056 0.953315 -0.224317
7279.828760 0.929364 -0.211976 0.953232 -0.224251
7280.828874 0.929297 -0.211895 0.953148 -0.224184
7281.828988 0.929230 -0.211815 0.953065 -0.224118
7282.829102 0.929163 -0.211735 0.952982 -0.224051
7283.829216 0.929096 -0.211654 0.952899 -0.223984
7284.829329 0.929029 -0.211573 0.952816 -0.223917
7285.829443 0.928962 -0.211492 0.952733 -0.223850
7286.829557 0.928895 -0.211412 0.952650 -0.223783
7287.829671 0.928829 -0.211330 0.952567 -0.223715
7288.829785 0.928762 -0.211249 0.952484 -0.223648
7289.829899 0.928695 -0.211168 0.952401 -0.223580
7290.830013 0.928629 -0.211087 0.952318 -0.223512
7291.830126 0.928562 -0.211005 0.952235 -0.223444
7292.830240 0.928495 -0.210924 0.952152 -0.223376
7293.830354 0.928429 -0.210842 0.952069 -0.223308
7294.830468 0.928363 -0.210760 0.951986 -0.223239
7295.830582 0.928296 -0.210678 0.951903 -0.223171
7296.830696 0.928230 -0.210596 0.951820 -0.223102
7297.830810 0.928163 -0.210514 0.951737 -0.223033
7298.830923 0.928097 -0.210431 0.951654 -0.222965
7299.831037 0.928031 -0.210349 0.951571 -0.222895
7300.831151 0.927965 -0.210267 0.951489 -0.222826
7301.831265 0.927899 -0.210184 0.951406 -0.222757
7302.831379 0.927832 -0.210101 0.951323 -0.222687
7303.831493 0.927766 -0.210018 0.951240 -0.222618
7304.831607 0.927700 -0.209935 0.951158 -0.222548
7305.831720 0.927634 -0.209852 0.951075 -0.222478
7306.831834 0.927568 -0.209769 0.950992 -0.222408
7307.831948 0.927502 -0.209686 0.950910 -0.222338
7308.832062 0.927437 -0.209602 0.950827 -0.222268
7309.832176 0.927371 -0.209519 0.950744 -0.222197
7310.832290 0.927305 -0.209435 0.950662 -0.222127
7311.832404 0.927239 -0.209351 0.950579 -0.222056
7312.832517 0.927174 -0.209268 0.950497 -0.221985
7313.832631 0.927108 -0.209184 0.950414 -0.221914
7314.832745 0.927042 -0.209100 0.950332 -0.221843
7315.832859 0.926977 -0.209015 0.950249 -0.221772
7316.832973 0.926911 -0.208931 0.950167 -0.221701
7317.833087 0.926846 -0.208847 0.950084 -0.221629
7318.833201 0.926780 -0.208762 0.950002 -0.221557
7319.833314 0.926715 -0.208677 0.949919 -0.221486
7320.833428 0.926650 -0.208593 0.949837 -0.221414
7321.833542 0.926584 -0.208508 0.949755 -0.221342
7322.833656 0.926519 -0.208423 0.949672 -0.221269
7323.833770 0.926454 -0.208338 0.949590 -0.221197
7324.833884 0.926388 -0.208253 0.949508 -0.221124
7325.833997 0.926323 -0.208167 0.949425 -0.221052
7326.834111 0.926258 -0.208082 0.949343 -0.220979
7327.834225 0.926193 -0.207996 0.949261 -0.220906
7328.834339 0.926128 -0.207911 0.949179 -0.220833
7329.834453 0.926063 -0.207825 0.949096 -0.220760
7330.834567 0.925998 -0.207739 0.949014 -0.220687
7331.834681 0.925933 -0.207653 0.948932 -0.220613
7332.834794 0.925868 -0.207567 0.948850 -0.220540
7333.834908 0.925804 -0.207481 0.948768 -0.220466
7334.835022 0.925739 -0.207394 0.948686 -0.220392
7335.835136 0.925674 -0.207308 0.948604 -0.220318
7336.835250 0.925609 -0.207221 0.948522 -0.220244
7337.835364 0.925545 -0.207135 0.948440 -0.220170
7338.835478 0.925480 -0.207048 0.948358 -0.220095
7339.835591 0.925416 -0.206961 0.948276 -0.220021
7340.835705 0.925351 -0.206874 0.948194 -0.219946
7341.835819 0.925287 -0.206787 0.948112 -0.219871
7342.835933 0.925222 -0.206700 0.948030 -0.219796
7343.836047 0.925158 -0.206613 0.947948 -0.219721
7344.836161 0.925094 -0.206525 0.947866 -0.219646
7345.836275 0.925029 -0.206438 0.947785 -0.219571
7346.836388 0.924965 -0.206350 0.947703 -0.219495
7347.836502 0.924901 -0.206262 0.947621 -0.219420
7348.836616 0.924837 -0.206174 0.947539 -0.219344
7349.836730 0.924772 -0.206086 0.947457 -0.219268
7350.836844 0.924708 -0.205998 0.947376 -0.219192
7351.836958 0.924644 -0.205910 0.947294 -0.219116
7352.837072 0.924580 -0.205822 0.947212 -0.219039
7353.837185 0.924516 -0.205733 0.947131 -0.218963
7354.837299 0.924452 -0.205645 0.947049 -0.218886
7355.837413 0.924389 -0.205556 0.946968 -0.218810
7356.837527 0.924325 -0.205467 0.946886 -0.218733
7357.837641 0.924261 -0.205379 0.946804 -0.218656
7358.837755 0.924197 -0.205290 0.946723 -0.218579
7359.837869 0.924133 -0.205201 0.946641 -0.218501
7360.837982 0.924070 -0.205111 0.946560 -0.218424
7361.838096 0.924006 -0.205022 0.946478 -0.218346
7362.838210 0.923943 -0.204933 0.946397 -0.218269
7363.838324 0.923879 -0.204843 0.946316 -0.218191
7364.838438 0.923816 -0.204753 0.946234 -0.218113
7365.838552 0.923752 -0.204664 0.946153 -0.218035
7366.838666 0.923689 -0.204574 0.946072 -0.217957
7367.838779 0.923625 -0.204484 0.945990 -0.217878
7368.838893 0.923562 -0.204394 0.945909 -0.217800
7369.839007 0.923499 -0.204304 0.945828 -0.217721
7370.839121 0.923436 -0.204213 0.945746 -0.217642
7371.839235 0.923372 -0.204123 0.945665 -0.217563
7372.839349 0.923309 -0.204032 0.945584 -0.217484
7373.839463 0.923246 -0.203942 0.945503 -0.217405
7374.839576 0.923183 -0.203851 0.945422 -0.217326
7375.839690 0.923120 -0.203760 0.945341 -0.217246
7376.839804 0.923057 -0.203669 0.945259 -0.217167
7377.839918 0.922994 -0.203578 0.945178 -0.217087
7378.840032 0.922931 -0.203487 0.945097 -0.217007
7379.840146 0.922868 -0.203396 0.945016 -0.216927
7380.840260 0.922806 -0.203304 0.944935 -0.216847
7381.840373 0.922743 -0.203213 0.944854 -0.216767
7382.840487 0.922680 -0.203121 0.944773 -0.216686
7383.840601 0.922617 -0.203030 0.944693 -0.216606
7384.840715 0.922555 -0.202938 0.944612 -0.216525
7385.840829 0.922492 -0.202846 0.944531 -0.216444
7386.840943 0.922430 -0.202754 0.944450 -0.216363
7387.841057 0.922367 -0.202662 0.944369 -0.216282
7388.841170 0.922305 -0.202569 0.944288 -0.216201
7389.841284 0.922242 -0.202477 0.944208 -0.216120
7390.841398 0.922180 -0.202385 0.944127 -0.216038
7391.841512 0.922118 -0.202292 0.944046 -0.215957
7392.841626 0.922055 -0.202199 0.943965 -0.215875
7393.841740 0.921993 -0.202106 0.943885 -0.215793
7394.841854 0.921931 -0.202014 0.943804 -0.215711
7395.841967 0.921869 -0.201921 0.943723 -0.215629
7396.842081 0.921807 -0.201827 0.943643 -0.215546
7397.842195 0.921745 -0.201734 0.943562 -0.215464
7398.842309 0.921683 -0.201641 0.943482 -0.215381
7399.842423 0.921621 -0.201547 0.943401 -0.215298
7400.842537 0.921559 -0.201454 0.943321 -0.215216
7401.842651 0.921497 -0.201360 0.943240 -0.215133
7402.842764 0.921435 -0.201266 0.943160 -0.215049
7403.842878 0.921373 -0.201172 0.943079 -0.214966
7404.842992 0.921311 -0.201078 0.942999 -0.214883
7405.843106 0.921250 -0.200984 0.942919 -0.214799
7406.843220 0.921188 -0.200890 0.942838 -0.214716
7407.843334 0.921126 -0.200796 0.942758 -0.214632
7408.843448 0.921065 -0.200701 0.942678 -0.214548
7409.843561 0.921003 -0.200607 0.942598 -0.214464
7410.843675 0.920942 -0.200512 0.942517 -0.214379
7411.843789 0.920880 -0.200417 0.942437 -0.214295
7412.843903 0.920819 -0.200322 0.942357 -0.214210
7413.844017 0.920758 -0.200228 0.942277 -0.214126
7414.844131 0.920696 -0.200132 0.942197 -0.214041
7415.844245 0.920635 -0.200037 0.942117 -0.213956
7416.844358 0.920574 -0.199942 0.942037 -0.213871
7417.844472 0.920513 -0.199847 0.941957 -0.213786
7418.844586 0.920451 -0.199751 0.941877 -0.213701
7419.844700 0.920390 -0.199655 0.941797 -0.213615
7420.844814 0.920329 -0.199560 0.941717 -0.213529
7421.844928 0.920268 -0.199464 0.941637 -0.213444
7422.845042 0.920207 -0.199368 0.941557 -0.213358
7423.845155 0.920146 -0.199272 0.941477 -0.213272
7424.845269 0.920086 -0.199176 0.941397 -0.213186
7425.845383 0.920025 -0.199079 0.941317 -0.213099
7426.845497 0.919964 -0.198983 0.941237 -0.213013
7427.845611 0.919903 -0.198887 0.941158 -0.212926
7428.845725 0.919842 -0.198790 0.941078 -0.212840
7429.845839 0.919782 -0.198693 0.940998 -0.212753
7430.845952 0.919721 -0.198596 0.940918 -0.212666
7431.846066 0.919661 -0.198500 0.940839 -0.212579
7432.846180 0.919600 -0.198403 0.940759 -0.212492
7433.846294 0.919540 -0.198305 0.940680 -0.212404
7434.846408 0.919479 -0.198208 0.940600 -0.212317
7435.846522 0.919419 -0.198111 0.940520 -0.212229
7436.846636 0.919358 -0.198013 0.940441 -0.212141
7437.846749 0.919298 -0.197916 0.940361 -0.212053
7438.846863 0.919238 -0.197818 0.940282 -0.211965
7439.846977 0.919178 -0.197720 0.940203 -0.211877
7440.847091 0.919117 -0.197622 0.940123 -0.211789
7441.847205 0.919057 -0.197524 0.940044 -0.211700
7442.847319 0.918997 -0.197426 0.939964 -0.211612
7443.847433 0.918937 -0.197328 0.939885 -0.211523
7444.847546 0.918877 -0.197230 0.939806 -0.211434
7445.847660 0.918817 -0.197131 0.939727 -0.211345
7446.847774 0.918757 -0.197033 0.939647 -0.211256
7447.847888 0.918698 -0.196934 0.939568 -0.211167
7448.848002 0.918638 -0.196836 0.939489 -0.211077
7449.848116 0.918578 -0.196737 0.939410 -0.210988
7450.848230 0.918518 -0.196638 0.939331 -0.210898
7451.848343 0.918459 -0.196539 0.939252 -0.210808
7452.848457 0.918399 -0.196440 0.939173 -0.210718
7453.848571 0.918339 -0.196340 0.939093 -0.210628
7454.848685 0.918280 -0.196241 0.939014 -0.210538
7455.848799 0.918220 -0.196141 0.938936 -0.210448
7456.848913 0.918161 -0.196042 0.938857 -0.210357
7457.849027 0.918101 -0.195942 0.938778 -0.210267
7458.849140 0.918042 -0.195842 0.938699 -0.210176
7459.849254 0.917983 -0.195743 0.938620 -0.210085
7460.849368 0.917923 -0.195642 0.938541 -0.209994
7461.849482 0.917864 -0.195542 0.938462 -0.209903
7462.849596 0.917805 -0.195442 0.938383 -0.209811
7463.849710 0.917746 -0.195342 0.938305 -0.209720
7464.849824 0.917687 -0.195241 0.938226 -0.209628
7465.849937 0.917628 -0.195141 0.938147 -0.209537
7466.850051 0.917569 -0.195040 0.938069 -0.209445
7467.850165 0.917510 -0.194939 0.937990 -0.209353
7468.850279 0.917451 -0.194839 0.937911 -0.209261
7469.850393 0.917392 -0.194738 0.937833 -0.209168
7470.850507 0.917333 -0.194637 0.937754 -0.209076
7471.850621 0.917274 -0.194535 0.937676 -0.208983
7472.850734 0.917215 -0.194434 0.937597 -0.208891
7473.850848 0.917157 -0.194333 0.937519 -0.208798
7474.850962 0.917098 -0.194231 0.937441 -0.208705
7475.851076 0.917040 -0.194130 0.937362 -0.208612
7476.851190 0.916981 -0.194028 0.937284 -0.208519
7477.851304 0.916922 -0.193926 0.937205 -0.208425
7478.851418 0.916864 -0.193824 0.937127 -0.208332
7479.851531 0.916806 -0.193722 0.937049 -0.208238
7480.851645 0.916747 -0.193620 0.936971 -0.208144
7481.851759 0.916689 -0.193518 0.936892 -0.208051
7482.851873 0.916630 -0.193416 0.936814 -0.207957
7483.851987 0.916572 -0.193313 0.936736 -0.207862
7484.852101 0.916514 -0.193211 0.936658 -0.207768
7485.852215 0.916456 -0.193108 0.936580 -0.207674
7486.852328 0.916398 -0.193005 0.936502 -0.207579
7487.852442 0.916340 -0.192902 0.936424 -0.207484
7488.852556 0.916282 -0.192799 0.936346 -0.207390
7489.852670 0.916224 -0.192696 0.936268 -0.207295
7490.852784 0.916166 -0.192593 0.936190 -0.207199
7491.852898 0.916108 -0.192490 0.936112 -0.207104
7492.853011 0.916050 -0.192386 0.936034 -0.207009
7493.853125 0.915992 -0.192283 0.935956 -0.206913
7494.853239 0.915934 -0.192179 0.935879 -0.206818
7495.853353 0.915877 -0.192076 0.935801 -0.206722
7496.853467 0.915819 -0.191972 0.935723 -0.206626
7497.853581 0.915761 -0.191868 0.935645 -0.206530
7498.853695 0.915704 -0.191764 0.935568 -0.206434
7499.853808 0.915646 -0.191660 0.935490 -0.206337
7500.853922 0.915589 -0.191556 0.935412 -0.206241
7501.854036 0.915531 -0.191451 0.935335 -0.206144
7502.854150 0.915474 -0.191347 0.935257 -0.206048
7503.854264 0.915417 -0.191242 0.935180 -0.205951
7504.854378 0.915359 -0.191138 0.935102 -0.205854
7505.854492 0.915302 -0.191033 0.935025 -0.205757
7506.854605 0.915245 -0.190928 0.934947 -0.205659
7507.854719 0.915188 -0.190823 0.934870 -0.205562
7508.854833 0.915131 -0.190718 0.934793 -0.205464
7509.854947 0.915073 -0.190613 0.934715 -0.205367
7510.855061 0.915016 -0.190508 0.934638 -0.205269
7511.855175 0.914959 -0.190402 0.934561 -0.205171
7512.855289 0.914903 -0.190297 0.934484 -0.205073
7513.855402 0.914846 -0.190191 0.934406 -0.204975
7514.855516 0.914789 -0.190086 0.934329 -0.204876
7515.855630 0.914732 -0.189980 0.934252 -0.204778
7516.855744 0.914675 -0.189874 0.934175 -0.204679
7517.855858 0.914618 -0.189768 0.934098 -0.204581
7518.855972 0.914562 -0.189662 0.934021 -0.204482
7519.856086 0.914505 -0.189556 0.933944 -0.204383
7520.856199 0.914449 -0.189449 0.933867 -0.204284
7521.856313 0.914392 -0.189343 0.933790 -0.204184
7522.856427 0.914336 -0.189237 0.933713 -0.204085
7523.856541 0.914279 -0.189130 0.933636 -0.203985
7524.856655 0.914223 -0.189023 0.933559 -0.203886
7525.856769 0.914166 -0.188916 0.933483 -0.203786
7526.856883 0.914110 -0.188810 0.933406 -0.203686
7527.856996 0.914054 -0.188703 0.933329 -0.203586
7528.857110 0.913998 -0.188595 0.933252 -0.203485
7529.857224 0.913941 -0.188488 0.933176 -0.203385
7530.857338 0.913885 -0.188381 0.933099 -0.203285
7531.857452 0.913829 -0.188273 0.933022 -0.203184
7532.857566 0.913773 -0.188166 0.932946 -0.203083
7533.857680 0.913717 -0.188058 0.932869 -0.202982
7534.857793 0.913661 -0.187951 0.932793 -0.202881
7535.857907 0.913605 -0.187843 0.932716 -0.202780
7536.858021 0.913549 -0.187735 0.932640 -0.202679
7537.858135 0.913494 -0.187627 0.932563 -0.202577
7538.858249 0.913438 -0.187519 0.932487 -0.202476
7539.858363 0.913382 -0.187410 0.932411 -0.202374
7540.858477 0.913327 -0.187302 0.932334 -0.202272
7541.858590 0.913271 -0.187194 0.932258 -0.202170
7542.858704 0.913215 -0.187085 0.932182 -0.202068
7543.858818 0.913160 -0.186976 0.932106 -0.201966
7544.858932 0.913104 -0.186868 0.932030 -0.201864
7545.859046 0.913049 -0.186759 0.931953 -0.201761
7546.859160 0.912993 -0.186650 0.931877 -0.201658
7547.859274 0.912938 -0.186541 0.931801 -0.201556
7548.859387 0.912883 -0.186432 0.931725 -0.201453
7549.859501 0.912828 -0.186322 0.931649 -0.201350
7550.859615 0.912772 -0.186213 0.931573 -0.201246
7551.859729 0.912717 -0.186103 0.931497 -0.201143
7552.859843 0.912662 -0.185994 0.931421 -0.201040
7553.859957 0.912607 -0.185884 0.931346 -0.200936
7554.860071 0.912552 -0.185774 0.931270 -0.200832
7555.860184 0.912497 -0.185665 0.931194 -0.200729
7556.860298 0.912442 -0.185555 0.931118 -0.200625
7557.860412 0.912387 -0.185444 0.931042 -0.200520
7558.860526 0.912332 -0.185334 0.930967 -0.200416
7559.860640 0.912277 -0.185224 0.930891 -0.200312
7560.860754 0.912223 -0.185114 0.930815 -0.200207
7561.860868 0.912168 -0.185003 0.930740 -0.200103
7562.860981 0.912113 -0.184893 0.930664 -0.199998
7563.861095 0.912059 -0.184782 0.930589 -0.199893
7564.861209 0.912004 -0.184671 0.930513 -0.199788
7565.861323 0.911950 -0.184560 0.930438 -0.199683
7566.861437 0.911895 -0.184449 0.930362 -0.199577
7567.861551 0.911841 -0.184338 0.930287 -0.199472
7568.861665 0.911786 -0.184227 0.930212 -0.199366
7569.861778 0.911732 -0.184116 0.930136 -0.199261
7570.861892 0.911678 -0.184004 0.930061 -0.199155
7571.862006 0.911623 -0.183893 0.929986 -0.199049
7572.862120 0.911569 -0.183781 0.929911 -0.198943
7573.862234 0.911515 -0.183669 0.929836 -0.198836
7574.862348 0.911461 -0.183558 0.929760 -0.198730
7575.862462 0.911407 -0.183446 0.929685 -0.198624
7576.862575 0.911353 -0.183334 0.929610 -0.198517
7577.862689 0.911299 -0.183222 0.929535 -0.198410
7578.862803 0.911245 -0.183109 0.929460 -0.198303
7579.862917 0.911191 -0.182997 0.929385 -0.198196
7580.863031 0.911137 -0.182885 0.929310 -0.198089
7581.863145 0.911083 -0.182772 0.929236 -0.197982
7582.863259 0.911030 -0.182660 0.929161 -0.197874
7583.863372 0.910976 -0.182547 0.929086 -0.197767
7584.863486 0.910922 -0.182434 0.929011 -0.197659
7585.863600 0.910869 -0.182321 0.928936 -0.197551
7586.863714 0.910815 -0.182208 0.928862 -0.197443
7587.863828 0.910762 -0.182095 0.928787 -0.197335
7588.863942 0.910708 -0.181982 0.928713 -0.197227
7589.864056 0.910655 -0.181869 0.928638 -0.197118
7590.864169 0.910601 -0.181755 0.928563 -0.197010
7591.864283 0.910548 -0.181642 0.928489 -0.196901
7592.864397 0.910495 -0.181528 0.928414 -0.196793
7593.864511 0.910442 -0.181414 0.928340 -0.196684
7594.864625 0.910388 -0.181301 0.928266 -0.196575
7595.864739 0.910335 -0.181187 0.928191 -0.196465
7596.864853 0.910282 -0.181073 0.928117 -0.196356
7597.864966 0.910229 -0.180959 0.928043 -0.196247
7598.865080 0.910176 -0.180844 0.927968 -0.196137
7599.865194 0.910123 -0.180730 0.927894 -0.196027
7600.865308 0.910070 -0.180616 0.927820 -0.195918
7601.865422 0.910017 -0.180501 0.927746 -0.195808
7602.865536 0.909965 -0.180387 0.927672 -0.195698
7603.865650 0.909912 -0.180272 0.927598 -0.195587
7604.865763 0.909859 -0.180157 0.927524 -0.195477
7605.865877 0.909806 -0.180042 0.927450 -0.195366
7606.865991 0.909754 -0.179927 0.927376 -0.195256
7607.866105 0.909701 -0.179812 0.927302 -0.195145
7608.866219 0.909649 -0.179697 0.927228 -0.195034
7609.866333 0.909596 -0.179582 0.927154 -0.194923
7610.866447 0.909544 -0.179466 0.927080 -0.194812
7611.866560 0.909491 -0.179351 0.927006 -0.194701
7612.866674 0.909439 -0.179235 0.926933 -0.194589
7613.866788 0.909387 -0.179119 0.926859 -0.194478
7614.866902 0.909334 -0.179004 0.926785 -0.194366
7615.867016 0.909282 -0.178888 0.926712 -0.194254
7616.867130 0.909230 -0.178772 0.926638 -0.194142
7617.867244 0.909178 -0.178656 0.926565 -0.194030
7618.867357 0.909126 -0.178540 0.926491 -0.193918
7619.867471 0.909074 -0.178423 0.926418 -0.193806
7620.867585 0.909022 -0.178307 0.926344 -0.193693
7621.867699 0.908970 -0.178190 0.926271 -0.193581
7622.867813 0.908918 -0.178074 0.926198 -0.193468
7623.867927 0.908866 -0.177957 0.926124 -0.193355
7624.868041 0.908814 -0.177840 0.926051 -0.193242
7625.868154 0.908762 -0.177724 0.925978 -0.193129
7626.868268 0.908711 -0.177607 0.925905 -0.193016
7627.868382 0.908659 -0.177490 0.925831 -0.192902
7628.868496 0.908608 -0.177372 0.925758 -0.192789
7629.868610 0.908556 -0.177255 0.925685 -0.192675
7630.868724 0.908504 -0.177138 0.925612 -0.192561
7631.868838 0.908453 -0.177020 0.925539 -0.192448
7632.868951 0.908402 -0.176903 0.925466 -0.192333
7633.869065 0.908350 -0.176785 0.925393 -0.192219
7634.869179 0.908299 -0.176667 0.925321 -0.192105
7635.869293 0.908248 -0.176550 0.925248 -0.191991
7636.869407 0.908196 -0.176432 0.925175 -0.191876
7637.869521 0.908145 -0.176314 0.925102 -0.191761
7638.869635 0.908094 -0.176195 0.925029 -0.191646
7639.869748 0.908043 -0.176077 0.924957 -0.191532
7640.869862 0.907992 -0.175959 0.924884 -0.191416
7641.869976 0.907941 -0.175840 0.924811 -0.191301
7642.870090 0.907890 -0.175722 0.924739 -0.191186
7643.870204 0.907839 -0.175603 0.924666 -0.191070
7644.870318 0.907788 -0.175485 0.924594 -0.190955
7645.870432 0.907737 -0.175366 0.924521 -0.190839
7646.870545 0.907686 -0.175247 0.924449 -0.190723
7647.870659 0.907636 -0.175128 0.924377 -0.190607
7648.870773 0.907585 -0.175009 0.924304 -0.190491
7649.870887 0.907534 -0.174890 0.924232 -0.190375
7650.871001 0.907484 -0.174770 0.924160 -0.190258
7651.871115 0.907433 -0.174651 0.924088 -0.190142
7652.871229 0.907383 -0.174531 0.924015 -0.190025
7653.871342 0.907332 -0.174412 0.923943 -0.189908
7654.871456 0.907282 -0.174292 0.923871 -0.189791
7655.871570 0.907232 -0.174172 0.923799 -0.189674
7656.871684 0.907181 -0.174052 0.923727 -0.189557
7657.871798 0.907131 -0.173932 0.923655 -0.189440
7658.871912 0.907081 -0.173812 0.923583 -0.189323
7659.872026 0.907031 -0.173692 0.923511 -0.189205
7660.872139 0.906980 -0.173572 0.923440 -0.189087
7661.872253 0.906930 -0.173452 0.923368 -0.188969
7662.872367 0.906880 -0.173331 0.923296 -0.188851
7663.872481 0.906830 -0.173211 0.923224 -0.188733
7664.872595 0.906780 -0.173090 0.923153 -0.188615
7665.872709 0.906731 -0.172969 0.923081 -0.188497
7666.872822 0.906681 -0.172848 0.923009 -0.188378
7667.872936 0.906631 -0.172728 0.922938 -0.188260
7668.873050 0.906581 -0.172607 0.922866 -0.188141
7669.873164 0.906531 -0.172485 0.922795 -0.188022
7670.873278 0.906482 -0.172364 0.922723 -0.187903
7671.873392 0.906432 -0.172243 0.922652 -0.187784
7672.873506 0.906383 -0.172121 0.922581 -0.187665
7673.873619 0.906333 -0.172000 0.922509 -0.187545
7674.873733 0.906284 -0.171878 0.922438 -0.187426
7675.873847 0.906234 -0.171757 0.922367 -0.187306
7676.873961 0.906185 -0.171635 0.922296 -0.187186
7677.874075 0.906135 -0.171513 0.922225 -0.187067
7678.874189 0.906086 -0.171391 0.922154 -0.186947
7679.874303 0.906037 -0.171269 0.922082 -0.186826
7680.874416 0.905988 -0.171147 0.922011 -0.186706
7681.874530 0.905939 -0.171025 0.921940 -0.186586
7682.874644 0.905890 -0.170902 0.921870 -0.186465
7683.874758 0.905840 -0.170780 0.921799 -0.186345
7684.874872 0.905791 -0.170657 0.921728 -0.186224
7685.874986 0.905743 -0.170535 0.921657 -0.186103
7686.875100 0.905694 -0.170412 0.921586 -0.185982
7687.875213 0.905645 -0.170289 0.921515 -0.185861
7688.875327 0.905596 -0.170166 0.921445 -0.185739
7689.875441 0.905547 -0.170043 0.921374 -0.185618
7690.875555 0.905498 -0.169920 0.921304 -0.185496
7691.875669 0.905450 -0.169797 0.921233 -0.185375
7692.875783 0.905401 -0.169673 0.921163 -0.185253
7693.875897 0.905353 -0.169550 0.921092 -0.185131
7694.876010 0.905304 -0.169427 0.921022 -0.185009
7695.876124 0.905256 -0.169303 0.920951 -0.184886
7696.876238 0.905207 -0.169179 0.920881 -0.184764
7697.876352 0.905159 -0.169056 0.920811 -0.184642
7698.876466 0.905110 -0.168932 0.920740 -0.184519
7699.876580 0.905062 -0.168808 0.920670 -0.184396
7700.876694 0.905014 -0.168684 0.920600 -0.184273
7701.876807 0.904966 -0.168560 0.920530 -0.184150
7702.876921 0.904917 -0.168435 0.920460 -0.184027
7703.877035 0.904869 -0.168311 0.920390 -0.183904
7704.877149 0.904821 -0.168187 0.920320 -0.183781
7705.877263 0.904773 -0.168062 0.920250 -0.183657
7706.877377 0.904725 -0.167937 0.920180 -0.183534
7707.877491 0.904677 -0.167813 0.920110 -0.183410
7708.877604 0.904630 -0.167688 0.920040 -0.183286
7709.877718 0.904582 -0.167563 0.919970 -0.183162
7710.877832 0.904534 -0.167438 0.919901 -0.183038
7711.877946 0.904486 -0.167313 0.919831 -0.182914
7712.878060 0.904439 -0.167188 0.919761 -0.182789
7713.878174 0.904391 -0.167063 0.919692 -0.182665
7714.878288 0.904343 -0.166937 0.919622 -0.182540
7715.878401 0.904296 -0.166812 0.919553 -0.182415
7716.878515 0.904248 -0.166686 0.919483 -0.182290
7717.878629 0.904201 -0.166561 0.919414 -0.182165
7718.878743 0.904153 -0.166435 0.919344 -0.182040
7719.878857 0.904106 -0.166309 0.919275 -0.181915
7720.878971 0.904059 -0.166183 0.919206 -0.181790
7721.879085 0.904011 -0.166057 0.919136 -0.181664
7722.879198 0.903964 -0.165931 0.919067 -0.181538
7723.879312 0.903917 -0.165805 0.918998 -0.181413
7724.879426 0.903870 -0.165679 0.918929 -0.181287
7725.879540 0.903823 -0.165552 0.918860 -0.181161
7726.879654 0.903776 -0.165426 0.918791 -0.181034
7727.879768 0.903729 -0.165299 0.918722 -0.180908
7728.879882 0.903682 -0.165173 0.918653 -0.180782
7729.879995 0.903635 -0.165046 0.918584 -0.180655
7730.880109 0.903588 -0.164919 0.918515 -0.180529
7731.880223 0.903541 -0.164792 0.918446 -0.180402
7732.880337 0.903495 -0.164665 0.918377 -0.180275
7733.880451 0.903448 -0.164538 0.918309 -0.180148
7734.880565 0.903401 -0.164411 0.918240 -0.180021
7735.880679 0.903355 -0.164283 0.918171 -0.179893
7736.880792 0.903308 -0.164156 0.918103 -0.179766
7737.880906 0.903262 -0.164029 0.918034 -0.179638
7738.881020 0.903215 -0.163901 0.917966 -0.179511
7739.881134 0.903169 -0.163773 0.917897 -0.179383
7740.881248 0.903122 -0.163646 0.917829 -0.179255
7741.881362 0.903076 -0.163518 0.917761 -0.179127
7742.881476 0.903030 -0.163390 0.917692 -0.178999
7743.881589 0.902984 -0.163262 0.917624 -0.178870
7744.881703 0.902937 -0.163134 0.917556 -0.178742
7745.881817 0.902891 -0.163005 0.917488 -0.178613
7746.881931 0.902845 -0.162877 0.917419 -0.178485
7747.882045 0.902799 -0.162749 0.917351 -0.178356
7748.882159 0.902753 -0.162620 0.917283 -0.178227
7749.882273 0.902707 -0.162492 0.917215 -0.178098
7750.882386 0.902661 -0.162363 0.917147 -0.177969
7751.882500 0.902615 -0.162234 0.917079 -0.177839
7752.882614 0.902570 -0.162106 0.917012 -0.177710
7753.882728 0.902524 -0.161977 0.916944 -0.177580
7754.882842 0.902478 -0.161848 0.916876 -0.177451
7755.882956 0.902432 -0.161718 0.916808 -0.177321
7756.883070 0.902387 -0.161589 0.916741 -0.177191
7757.883183 0.902341 -0.161460 0.916673 -0.177061
7758.883297 0.902296 -0.161331 0.916605 -0.176931
7759.883411 0.902250 -0.161201 0.916538 -0.176800
7760.883525 0.902205 -0.161072 0.916470 -0.176670
7761.883639 0.902159 -0.160942 0.916403 -0.176539
7762.883753 0.902114 -0.160812 0.916335 -0.176408
7763.883867 0.902069 -0.160682 0.916268 -0.176278
7764.883980 0.902024 -0.160552 0.916201 -0.176147
7765.884094 0.901978 -0.160422 0.916133 -0.176016
7766.884208 0.901933 -0.160292 0.916066 -0.175884
7767.884322 0.901888 -0.160162 0.915999 -0.175753
7768.884436 0.901843 -0.160032 0.915932 -0.175622
7769.884550 0.901798 -0.159902 0.915865 -0.175490
7770.884664 0.901753 -0.159771 0.915798 -0.175358
7771.884777 0.901708 -0.159641 0.915731 -0.175227
7772.884891 0.901663 -0.159510 0.915664 -0.175095
7773.885005 0.901619 -0.159379 0.915597 -0.174963
7774.885119 0.901574 -0.159248 0.915530 -0.174830
7775.885233 0.901529 -0.159118 0.915463 -0.174698
7776.885347 0.901484 -0.158987 0.915397 -0.174566
7777.885461 0.901440 -0.158855 0.915330 -0.174433
7778.885574 0.901395 -0.158724 0.915263 -0.174300
7779.885688 0.901351 -0.158593 0.915197 -0.174168
7780.885802 0.901306 -0.158462 0.915130 -0.174035
7781.885916 0.901262 -0.158330 0.915064 -0.173902
7782.886030 0.901217 -0.158199 0.914997 -0.173769
7783.886144 0.901173 -0.158067 0.914931 -0.173635
7784.886258 0.901129 -0.157935 0.914864 -0.173502
7785.886371 0.901085 -0.157804 0.914798 -0.173368
7786.886485 0.901040 -0.157672 0.914732 -0.173235
7787.886599 0.900996 -0.157540 0.914665 -0.173101
7788.886713 0.900952 -0.157408 0.914599 -0.172967
7789.886827 0.900908 -0.157276 0.914533 -0.172833
7790.886941 0.900864 -0.157143 0.914467 -0.172699
7791.887055 0.900820 -0.157011 0.914401 -0.172564
7792.887168 0.900776 -0.156879 0.914335 -0.172430
7793.887282 0.900732 -0.156746 0.914269 -0.172295
7794.887396 0.900688 -0.156614 0.914203 -0.172161
7795.887510 0.900645 -0.156481 0.914137 -0.172026
7796.887624 0.900601 -0.156348 0.914072 -0.171891
7797.887738 0.900557 -0.156215 0.914006 -0.171756
7798.887852 0.900514 -0.156082 0.913940 -0.171621
7799.887965 0.900470 -0.155949 0.913874 -0.171486
7800.888079 0.900427 -0.155816 0.913809 -0.171350
7801.888193 0.900383 -0.155683 0.913743 -0.171215
7802.888307 0.900340 -0.155550 0.913678 -0.171079
7803.888421 0.900296 -0.155416 0.913612 -0.170943
7804.888535 0.900253 -0.155283 0.913547 -0.170808
7805.888649 0.900210 -0.155150 0.913482 -0.170672
7806.888762 0.900166 -0.155016 0.913416 -0.170535
7807.888876 0.900123 -0.154882 0.913351 -0.170399
7808.888990 0.900080 -0.154748 0.913286 -0.170263
7809.889104 0.900037 -0.154614 0.913221 -0.170126
7810.889218 0.899994 -0.154481 0.913155 -0.169990
7811.889332 0.899951 -0.154346 0.913090 -0.169853
7812.889446 0.899908 -0.154212 0.913025 -0.169716
7813.889559 0.899865 -0.154078 0.912960 -0.169579
7814.889673 0.899822 -0.153944 0.912895 -0.169442
7815.889787 0.899779 -0.153809 0.912831 -0.169305
7816.889901 0.899736 -0.153675 0.912766 -0.169167
7817.890015 0.899694 -0.153540 0.912701 -0.169030
7818.890129 0.899651 -0.153406 0.912636 -0.168892
7819.890243 0.899608 -0.153271 0.912572 -0.168755
7820.890356 0.899566 -0.153136 0.912507 -0.168617
7821.890470 0.899523 -0.153001 0.912442 -0.168479
7822.890584 0.899481 -0.152866 0.912378 -0.168341
7823.890698 0.899438 -0.152731 0.912313 -0.168203
7824.890812 0.899396 -0.152596 0.912249 -0.168064
7825.890926 0.899353 -0.152461 0.912185 -0.167926
7826.891040 0.899311 -0.152325 0.912120 -0.167787
7827.891153 0.899269 -0.152190 0.912056 -0.167649
7828.891267 0.899227 -0.152054 0.911992 -0.167510
7829.891381 0.899184 -0.151919 0.911928 -0.167371
7830.891495 0.899142 -0.151783 0.911863 -0.167232
7831.891609 0.899100 -0.151647 0.911799 -0.167093
7832.891723 0.899058 -0.151511 0.911735 -0.166954
7833.891837 0.899016 -0.151375 0.911671 -0.166814
7834.891950 0.898974 -0.151239 0.911607 -0.166675
7835.892064 0.898932 -0.151103 0.911544 -0.166535
7836.892178 0.898891 -0.150967 0.911480 -0.166395
7837.892292 0.898849 -0.150831 0.911416 -0.166255
7838.892406 0.898807 -0.150694 0.911352 -0.166115
7839.892520 0.898765 -0.150558 0.911289 -0.165975
7840.892633 0.898724 -0.150421 0.911225 -0.165835
7841.892747 0.898682 -0.150285 0.911161 -0.165695
7842.892861 0.898641 -0.150148 0.911098 -0.165554
7843.892975 0.898599 -0.150011 0.911034 -0.165414
7844.893089 0.898558 -0.149874 0.910971 -0.165273
7845.893203 0.898516 -0.149737 0.910908 -0.165132
7846.893317 0.898475 -0.149600 0.910844 -0.164991
7847.893430 0.898434 -0.149463 0.910781 -0.164850
7848.893544 0.898392 -0.149326 0.910718 -0.164709
7849.893658 0.898351 -0.149189 0.910655 -0.164568
7850.893772 0.898310 -0.149051 0.910592 -0.164426
7851.893886 0.898269 -0.148914 0.910528 -0.164285
7852.894000 0.898228 -0.148776 0.910465 -0.164143
7853.894114 0.898187 -0.148639 0.910402 -0.164001
7854.894227 0.898146 -0.148501 0.910340 -0.163859
7855.894341 0.898105 -0.148363 0.910277 -0.163717
7856.894455 0.898064 -0.148225 0.910214 -0.163575
7857.894569 0.898023 -0.148087 0.910151 -0.163433
7858.894683 0.897982 -0.147949 0.910088 -0.163290
7859.894797 0.897941 -0.147811 0.910026 -0.163148
7860.894911 0.897901 -0.147673 0.909963 -0.163005
7861.895024 0.897860 -0.147535 0.909901 -0.162863
7862.895138 0.897819 -0.147396 0.909838 -0.162720
7863.895252 0.897779 -0.147258 0.909776 -0.162577
7864.895366 0.897738 -0.147119 0.909713 -0.162434
7865.895480 0.897698 -0.146981 0.909651 -0.162291
7866.895594 0.897658 -0.146842 0.909589 -0.162147
7867.895708 0.897617 -0.146703 0.909526 -0.162004
7868.895821 0.897577 -0.146564 0.909464 -0.161860
7869.895935 0.897537 -0.146425 0.909402 -0.161717
7870.896049 0.897496 -0.146286 0.909340 -0.161573
7871.896163 0.897456 -0.146147 0.909278 -0.161429
7872.896277 0.897416 -0.146008 0.909216 -0.161285
7873.896391 0.897376 -0.145869 0.909154 -0.161141
7874.896505 0.897336 -0.145729 0.909092 -0.160996
7875.896618 0.897296 -0.145590 0.909030 -0.160852
7876.896732 0.897256 -0.145450 0.908969 -0.160708
7877.896846 0.897216 -0.145311 0.908907 -0.160563
7878.896960 0.897176 -0.145171 0.908845 -0.160418
7879.897074 0.897136 -0.145031 0.908784 -0.160273
7880.897188 0.897097 -0.144891 0.908722 -0.160128
7881.897302 0.897057 -0.144751 0.908661 -0.159983
7882.897415 0.897017 -0.144611 0.908599 -0.159838
7883.897529 0.896978 -0.144471 0.908538 -0.159693
7884.897643 0.896938 -0.144331 0.908476 -0.159547
7885.897757 0.896899 -0.144191 0.908415 -0.159402
7886.897871 0.896859 -0.144050 0.908354 -0.159256
7887.897985 0.896820 -0.143910 0.908293 -0.159110
7888.898099 0.896780 -0.143769 0.908232 -0.158964
7889.898212 0.896741 -0.143629 0.908170 -0.158818
7890.898326 0.896702 -0.143488 0.908109 -0.158672
7891.898440 0.896662 -0.143347 0.908048 -0.158526
7892.898554 0.896623 -0.143206 0.907988 -0.158380
7893.898668 0.896584 -0.143065 0.907927 -0.158233
7894.898782 0.896545 -0.142924 0.907866 -0.158087
7895.898896 0.896506 -0.142783 0.907805 -0.157940
7896.899009 0.896467 -0.142642 0.907744 -0.157793
7897.899123 0.896428 -0.142501 0.907684 -0.157646
7898.899237 0.896389 -0.142360 0.907623 -0.157499
7899.899351 0.896350 -0.142218 0.907563 -0.157352
7900.899465 0.896311 -0.142077 0.907502 -0.157205
7901.899579 0.896273 -0.141935 0.907442 -0.157057
7902.899693 0.896234 -0.141793 0.907381 -0.156910
7903.899806 0.896195 -0.141652 0.907321 -0.156762
7904.899920 0.896157 -0.141510 0.907261 -0.156614
7905.900034 0.896118 -0.141368 0.907200 -0.156467
7906.900148 0.896080 -0.141226 0.907140 -0.156319
7907.900262 0.896041 -0.141084 0.907080 -0.156170
7908.900376 0.896003 -0.140942 0.907020 -0.156022
7909.900490 0.895964 -0.140800 0.906960 -0.155874
7910.900603 0.895926 -0.140657 0.906900 -0.155726
7911.900717 0.895888 -0.140515 0.906840 -0.155577
7912.900831 0.895849 -0.140373 0.906780 -0.155428
7913.900945 0.895811 -0.140230 0.906721 -0.155280
7914.901059 0.895773 -0.140087 0.906661 -0.155131
7915.901173 0.895735 -0.139945 0.906601 -0.154982
7916.901287 0.895697 -0.139802 0.906542 -0.154833
7917.901400 0.895659 -0.139659 0.906482 -0.154683
7918.901514 0.895621 -0.139516 0.906422 -0.154534
7919.901628 0.895583 -0.139373 0.906363 -0.154384
7920.901742 0.895545 -0.139230 0.906304 -0.154235
7921.901856 0.895507 -0.139087 0.906244 -0.154085
7922.901970 0.895470 -0.138944 0.906185 -0.153935
7923.902084 0.895432 -0.138800 0.906126 -0.153785
7924.902197 0.895394 -0.138657 0.906067 -0.153635
7925.902311 0.895357 -0.138514 0.906007 -0.153485
7926.902425 0.895319 -0.138370 0.905948 -0.153335
7927.902539 0.895281 -0.138226 0.905889 -0.153185
7928.902653 0.895244 -0.138083 0.905830 -0.153034
7929.902767 0.895207 -0.137939 0.905771 -0.152884
7930.902881 0.895169 -0.137795 0.905713 -0.152733
7931.902994 0.895132 -0.137651 0.905654 -0.152582
7932.903108 0.895094 -0.137507 0.905595 -0.152431
7933.903222 0.895057 -0.137363 0.905536 -0.152280
7934.903336 0.895020 -0.137219 0.905478 -0.152129
7935.903450 0.894983 -0.137074 0.905419 -0.151978
7936.903564 0.894946 -0.136930 0.905361 -0.151826
7937.903678 0.894909 -0.136786 0.905302 -0.151675
7938.903791 0.894872 -0.136641 0.905244 -0.151523
7939.903905 0.894835 -0.136497 0.905185 -0.151372
7940.904019 0.894798 -0.136352 0.905127 -0.151220
7941.904133 0.894761 -0.136207 0.905069 -0.151068
7942.904247 0.894724 -0.136062 0.905011 -0.150916
7943.904361 0.894687 -0.135918 0.904952 -0.150764
7944.904475 0.894651 -0.135773 0.904894 -0.150611
7945.904588 0.894614 -0.135628 0.904836 -0.150459
7946.904702 0.894577 -0.135482 0.904778 -0.150306
7947.904816 0.894541 -0.135337 0.904721 -0.150154
7948.904930 0.894504 -0.135192 0.904663 -0.150001
7949.905044 0.894468 -0.135047 0.904605 -0.149848
7950.905158 0.894431 -0.134901 0.904547 -0.149695
7951.905272 0.894395 -0.134756 0.904489 -0.149542
7952.905385 0.894358 -0.134610 0.904432 -0.149389
7953.905499 0.894322 -0.134465 0.904374 -0.149236
7954.905613 0.894286 -0.134319 0.904317 -0.149082
7955.905727 0.894250 -0.134173 0.904259 -0.148929
7956.905841 0.894214 -0.134027 0.904202 -0.148775
7957.905955 0.894177 -0.133881 0.904145 -0.148622
7958.906069 0.894141 -0.133735 0.904087 -0.148468
7959.906182 0.894105 -0.133589 0.904030 -0.148314
7960.906296 0.894069 -0.133443 0.903973 -0.148160
7961.906410 0.894033 -0.133297 0.903916 -0.148006
7962.906524 0.893998 -0.133150 0.903859 -0.147851
7963.906638 0.893962 -0.133004 0.903802 -0.147697
7964.906752 0.893926 -0.132857 0.903745 -0.147542
7965.906866 0.893890 -0.132711 0.903688 -0.147388
7966.906979 0.893854 -0.132564 0.903631 -0.147233
7967.907093 0.893819 -0.132418 0.903574 -0.147078
7968.907207 0.893783 -0.132271 0.903518 -0.146923
7969.907321 0.893748 -0.132124 0.903461 -0.146768
7970.907435 0.893712 -0.131977 0.903404 -0.146613
7971.907549 0.893677 -0.131830 0.903348 -0.146458
7972.907663 0.893641 -0.131683 0.903291 -0.146303
7973.907776 0.893606 -0.131536 0.903235 -0.146147
7974.907890 0.893571 -0.131388 0.903178 -0.145991
7975.908004 0.893535 -0.131241 0.903122 -0.145836
7976.908118 0.893500 -0.131094 0.903066 -0.145680
7977.908232 0.893465 -0.130946 0.903010 -0.145524
7978.908346 0.893430 -0.130799 0.902954 -0.145368
7979.908460 0.893395 -0.130651 0.902897 -0.145212
7980.908573 0.893360 -0.130503 0.902841 -0.145056
7981.908687 0.893325 -0.130356 0.902785 -0.144899
7982.908801 0.893290 -0.130208 0.902730 -0.144743
7983.908915 0.893255 -0.130060 0.902674 -0.144586
7984.909029 0.893220 -0.129912 0.902618 -0.144430
7985.909143 0.893185 -0.129764 0.902562 -0.144273
7986.909257 0.893150 -0.129616 0.902507 -0.144116
7987.909370 0.893116 -0.129468 0.902451 -0.143959
7988.909484 0.893081 -0.129319 0.902395 -0.143802
7989.909598 0.893047 -0.129171 0.902340 -0.143645
7990.909712 0.893012 -0.129023 0.902284 -0.143487
7991.909826 0.892977 -0.128874 0.902229 -0.143330
7992.909940 0.892943 -0.128726 0.902174 -0.143172
7993.910054 0.892909 -0.128577 0.902118 -0.143015
7994.910167 0.892874 -0.128428 0.902063 -0.142857
7995.910281 0.892840 -0.128279 0.902008 -0.142699
7996.910395 0.892806 -0.128131 0.901953 -0.142541
7997.910509 0.892771 -0.127982 0.901898 -0.142383
7998.910623 0.892737 -0.127833 0.901843 -0.142225
7999.910737 0.892703 -0.127684 0.901788 -0.142067
8000.910851 0.892669 -0.127534 0.901733 -0.141908
8001.910964 0.892635 -0.127385 0.901678 -0.141750
8002.911078 0.892601 -0.127236 0.901624 -0.141591
8003.911192 0.892567 -0.127086 0.901569 -0.141432
8004.911306 0.892533 -0.126937 0.901514 -0.141274
8005.911420 0.892499 -0.126788 0.901460 -0.141115
8006.911534 0.892465 -0.126638 0.901405 -0.140956
8007.911648 0.892432 -0.126488 0.901351 -0.140797
8008.911761 0.892398 -0.126339 0.901296 -0.140637
8009.911875 0.892364 -0.126189 0.901242 -0.140478
8010.911989 0.892331 -0.126039 0.901188 -0.140319
8011.912103 0.892297 -0.125889 0.901134 -0.140159
8012.912217 0.892263 -0.125739 0.901080 -0.139999
8013.912331 0.892230 -0.125589 0.901025 -0.139840
8014.912444 0.892197 -0.125439 0.900971 -0.139680
8015.912558 0.892163 -0.125288 0.900917 -0.139520
8016.912672 0.892130 -0.125138 0.900864 -0.139360
8017.912786 0.892097 -0.124988 0.900810 -0.139199
8018.912900 0.892063 -0.124837 0.900756 -0.139039
8019.913014 0.892030 -0.124687 0.900702 -0.138879
8020.913128 0.891997 -0.124536 0.900649 -0.138718
8021.913241 0.891964 -0.124385 0.900595 -0.138558
8022.913355 0.891931 -0.124235 0.900541 -0.138397
8023.913469 0.891898 -0.124084 0.900488 -0.138236
8024.913583 0.891865 -0.123933 0.900434 -0.138075
8025.913697 0.891832 -0.123782 0.900381 -0.137914
8026.913811 0.891799 -0.123631 0.900328 -0.137753
8027.913925 0.891766 -0.123480 0.900275 -0.137592
8028.914038 0.891733 -0.123329 0.900221 -0.137431
8029.914152 0.891701 -0.123178 0.900168 -0.137269
8030.914266 0.891668 -0.123026 0.900115 -0.137108
8031.914380 0.891635 -0.122875 0.900062 -0.136946
8032.914494 0.891603 -0.122724 0.900009 -0.136784
8033.914608 0.891570 -0.122572 0.899956 -0.136622
8034.914722 0.891538 -0.122420 0.899903 -0.136460
8035.914835 0.891505 -0.122269 0.899851 -0.136298
8036.914949 0.891473 -0.122117 0.899798 -0.136136
8037.915063 0.891441 -0.121965 0.899745 -0.135974
8038.915177 0.891408 -0.121813 0.899693 -0.135812
8039.915291 0.891376 -0.121661 0.899640 -0.135649
8040.915405 0.891344 -0.121509 0.899588 -0.135487
8041.915519 0.891312 -0.121357 0.899535 -0.135324
8042.915632 0.891279 -0.121205 0.899483 -0.135161
8043.915746 0.891247 -0.121053 0.899431 -0.134998
8044.915860 0.891215 -0.120901 0.899379 -0.134835
8045.915974 0.891183 -0.120748 0.899326 -0.134672
8046.916088 0.891151 -0.120596 0.899274 -0.134509
8047.916202 0.891120 -0.120444 0.899222 -0.134346
8048.916316 0.891088 -0.120291 0.899170 -0.134182
8049.916429 0.891056 -0.120138 0.899118 -0.134019
8050.916543 0.891024 -0.119986 0.899067 -0.133855
8051.916657 0.890992 -0.119833 0.899015 -0.133691
8052.916771 0.890961 -0.119680 0.898963 -0.133528
8053.916885 0.890929 -0.119527 0.898911 -0.133364
8054.916999 0.890898 -0.119374 0.898860 -0.133200
8055.917113 0.890866 -0.119221 0.898808 -0.133036
8056.917226 0.890835 -0.119068 0.898757 -0.132872
8057.917340 0.890803 -0.118915 0.898705 -0.132707
8058.917454 0.890772 -0.118762 0.898654 -0.132543
8059.917568 0.890741 -0.118608 0.898603 -0.132378
8060.917682 0.890709 -0.118455 0.898551 -0.132214
8061.917796 0.890678 -0.118302 0.898500 -0.132049
8062.917910 0.890647 -0.118148 0.898449 -0.131884
8063.918023 0.890616 -0.117994 0.898398 -0.131719
8064.918137 0.890585 -0.117841 0.898347 -0.131554
8065.918251 0.890554 -0.117687 0.898296 -0.131389
8066.918365 0.890523 -0.117533 0.898245 -0.131224
8067.918479 0.890492 -0.117379 0.898194 -0.131059
8068.918593 0.890461 -0.117226 0.898144 -0.130893
8069.918707 0.890430 -0.117072 0.898093 -0.130728
8070.918820 0.890399 -0.116918 0.898042 -0.130562
8071.918934 0.890368 -0.116763 0.897992 -0.130396
8072.919048 0.890338 -0.116609 0.897941 -0.130231
8073.919162 0.890307 -0.116455 0.897891 -0.130065
8074.919276 0.890276 -0.116301 0.897841 -0.129899
8075.919390 0.890246 -0.116146 0.897790 -0.129733
8076.919504 0.890215 -0.115992 0.897740 -0.129566
8077.919617 0.890185 -0.115837 0.897690 -0.129400
8078.919731 0.890154 -0.115683 0.897640 -0.129234
8079.919845 0.890124 -0.115528 0.897590 -0.129067
8080.919959 0.890094 -0.115373 0.897540 -0.128901
8081.920073 0.890063 -0.115219 0.897490 -0.128734
8082.920187 0.890033 -0.115064 0.897440 -0.128567
8083.920301 0.890003 -0.114909 0.897390 -0.128400
8084.920414 0.889973 -0.114754 0.897340 -0.128233
8085.920528 0.889943 -0.114599 0.897291 -0.128066
8086.920642 0.889912 -0.114444 0.897241 -0.127899
8087.920756 0.889882 -0.114288 0.897192 -0.127732
8088.920870 0.889852 -0.114133 0.897142 -0.127564
8089.920984 0.889823 -0.113978 0.897093 -0.127397
8090.921098 0.889793 -0.113823 0.897043 -0.127229
8091.921211 0.889763 -0.113667 0.896994 -0.127062
8092.921325 0.889733 -0.113512 0.896945 -0.126894
8093.921439 0.889703 -0.113356 0.896896 -0.126726
8094.921553 0.889674 -0.113200 0.896846 -0.126558
8095.921667 0.889644 -0.113045 0.896797 -0.126390
8096.921781 0.889614 -0.112889 0.896748 -0.126222
8097.921895 0.889585 -0.112733 0.896700 -0.126054
8098.922008 0.889555 -0.112577 0.896651 -0.125885
8099.922122 0.889526 -0.112421 0.896602 -0.125717
8100.922236 0.889497 -0.112265 0.896553 -0.125548
8101.922350 0.889467 -0.112109 0.896504 -0.125380
8102.922464 0.889438 -0.111953 0.896456 -0.125211
8103.922578 0.889409 -0.111797 0.896407 -0.125042
8104.922692 0.889379 -0.111640 0.896359 -0.124873
8105.922805 0.889350 -0.111484 0.896310 -0.124704
8106.922919 0.889321 -0.111328 0.896262 -0.124535
8107.923033 0.889292 -0.111171 0.896214 -0.124366
8108.923147 0.889263 -0.111015 0.896166 -0.124197
8109.923261 0.889234 -0.110858 0.896117 -0.124027
8110.923375 0.889205 -0.110701 0.896069 -0.123858
8111.923489 0.889176 -0.110545 0.896021 -0.123688
8112.923602 0.889147 -0.110388 0.895973 -0.123518
8113.923716 0.889118 -0.110231 0.895925 -0.123349
8114.923830 0.889090 -0.110074 0.895878 -0.123179
8115.923944 0.889061 -0.109917 0.895830 -0.123009
8116.924058 0.889032 -0.109760 0.895782 -0.122839
8117.924172 0.889004 -0.109603 0.895735 -0.122668
8118.924286 0.888975 -0.109446 0.895687 -0.122498
8119.924399 0.888947 -0.109289 0.895639 -0.122328
8120.924513 0.888918 -0.109131 0.895592 -0.122157
8121.924627 0.888890 -0.108974 0.895545 -0.121987
8122.924741 0.888861 -0.108817 0.895497 -0.121816
8123.924855 0.888833 -0.108659 0.895450 -0.121646
8124.924969 0.888805 -0.108501 0.895403 -0.121475
8125.925083 0.888776 -0.108344 0.895356 -0.121304
8126.925196 0.888748 -0.108186 0.895309 -0.121133
8127.925310 0.888720 -0.108028 0.895262 -0.120962
8128.925424 0.888692 -0.107871 0.895215 -0.120790
8129.925538 0.888664 -0.107713 0.895168 -0.120619
8130.925652 0.888636 -0.107555 0.895121 -0.120448
8131.925766 0.888608 -0.107397 0.895074 -0.120276
8132.925880 0.888580 -0.107239 0.895028 -0.120105
8133.925993 0.888552 -0.107081 0.894981 -0.119933
8134.926107 0.888524 -0.106923 0.894935 -0.119761
8135.926221 0.888497 -0.106764 0.894888 -0.119590
8136.926335 0.888469 -0.106606 0.894842 -0.119418
8137.926449 0.888441 -0.106448 0.894795 -0.119246
8138.926563 0.888413 -0.106289 0.894749 -0.119073
8139.926677 0.888386 -0.106131 0.894703 -0.118901
8140.926790 0.888358 -0.105972 0.894657 -0.118729
8141.926904 0.888331 -0.105814 0.894611 -0.118557
8142.927018 0.888303 -0.105655 0.894565 -0.118384
8143.927132 0.888276 -0.105496 0.894519 -0.118211
8144.927246 0.888249 -0.105337 0.894473 -0.118039
8145.927360 0.888221 -0.105179 0.894427 -0.117866
8146.927474 0.888194 -0.105020 0.894381 -0.117693
8147.927587 0.888167 -0.104861 0.894336 -0.117520
8148.927701 0.888140 -0.104702 0.894290 -0.117347
8149.927815 0.888112 -0.104543 0.894244 -0.117174
8150.927929 0.888085 -0.104384 0.894199 -0.117001
8151.928043 0.888058 -0.104224 0.894153 -0.116828
8152.928157 0.888031 -0.104065 0.894108 -0.116654
8153.928271 0.888004 -0.103906 0.894063 -0.116481
8154.928384 0.887978 -0.103746 0.894018 -0.116307
8155.928498 0.887951 -0.103587 0.893972 -0.116133
8156.928612 0.887924 -0.103427 0.893927 -0.115960
8157.928726 0.887897 -0.103268 0.893882 -0.115786
8158.928840 0.887870 -0.103108 0.893837 -0.115612
8159.928954 0.887844 -0.102948 0.893792 -0.115438
8160.929068 0.887817 -0.102789 0.893748 -0.115264
8161.929181 0.887791 -0.102629 0.893703 -0.115090
8162.929295 0.887764 -0.102469 0.893658 -0.114915
8163.929409 0.887737 -0.102309 0.893613 -0.114741
8164.929523 0.887711 -0.102149 0.893569 -0.114566
8165.929637 0.887685 -0.101989 0.893524 -0.114392
8166.929751 0.887658 -0.101829 0.893480 -0.114217
8167.929865 0.887632 -0.101669 0.893436 -0.114042
8168.929978 0.887606 -0.101509 0.893391 -0.113868
8169.930092 0.887580 -0.101348 0.893347 -0.113693
8170.930206 0.887553 -0.101188 0.893303 -0.113518
8171.930320 0.887527 -0.101028 0.893259 -0.113343
8172.930434 0.887501 -0.100867 0.893215 -0.113167
8173.930548 0.887475 -0.100707 0.893171 -0.112992
8174.930662 0.887449 -0.100546 0.893127 -0.112817
8175.930775 0.887423 -0.100386 0.893083 -0.112641
8176.930889 0.887397 -0.100225 0.893039 -0.112466
8177.931003 0.887372 -0.100064 0.892996 -0.112290
8178.931117 0.887346 -0.099903 0.892952 -0.112115
8179.931231 0.887320 -0.099742 0.892908 -0.111939
8180.931345 0.887294 -0.099582 0.892865 -0.111763
8181.931458 0.887269 -0.099421 0.892822 -0.111587
8182.931572 0.887243 -0.099260 0.892778 -0.111411
8183.931686 0.887218 -0.099098 0.892735 -0.111235
8184.931800 0.887192 -0.098937 0.892692 -0.111058
8185.931914 0.887167 -0.098776 0.892648 -0.110882
8186.932028 0.887141 -0.098615 0.892605 -0.110706
8187.932142 0.887116 -0.098454 0.892562 -0.110529
8188.932255 0.887090 -0.098292 0.892519 -0.110353
8189.932369 0.887065 -0.098131 0.892476 -0.110176
8190.932483 0.887040 -0.097969 0.892434 -0.109999
8191.932597 0.887015 -0.097808 0.892391 -0.109822
8192.932711 0.886990 -0.097646 0.892348 -0.109646
8193.932825 0.886965 -0.097484 0.892306 -0.109469
8194.932939 0.886939 -0.097323 0.892263 -0.109291
8195.933052 0.886914 -0.097161 0.892221 -0.109114
8196.933166 0.886890 -0.096999 0.892178 -0.108937
8197.933280 0.886865 -0.096837 0.892136 -0.108760
8198.933394 0.886840 -0.096675 0.892094 -0.108582
8199.933508 0.886815 -0.096513 0.892051 -0.108405
8200.933622 0.886790 -0.096351 0.892009 -0.108227
8201.933736 0.886765 -0.096189 0.891967 -0.108049
8202.933849 0.886741 -0.096027 0.891925 -0.107872
8203.933963 0.886716 -0.095865 0.891883 -0.107694
8204.934077 0.886692 -0.095702 0.891841 -0.107516
8205.934191 0.886667 -0.095540 0.891799 -0.107338
8206.934305 0.886642 -0.095378 0.891758 -0.107160
8207.934419 0.886618 -0.095215 0.891716 -0.106982
8208.934533 0.886594 -0.095053 0.891674 -0.106803
8209.934646 0.886569 -0.094890 0.891633 -0.106625
8210.934760 0.886545 -0.094728 0.891591 -0.106447
8211.934874 0.886521 -0.094565 0.891550 -0.106268
8212.934988 0.886496 -0.094402 0.891509 -0.106089
8213.935102 0.886472 -0.094240 0.891467 -0.105911
8214.935216 0.886448 -0.094077 0.891426 -0.105732
8215.935330 0.886424 -0.093914 0.891385 -0.105553
8216.935443 0.886400 -0.093751 0.891344 -0.105374
8217.935557 0.886376 -0.093588 0.891303 -0.105195
8218.935671 0.886352 -0.093425 0.891262 -0.105016
8219.935785 0.886328 -0.093262 0.891221 -0.104837
8220.935899 0.886304 -0.093099 0.891181 -0.104658
8221.936013 0.886281 -0.092935 0.891140 -0.104478
8222.936127 0.886257 -0.092772 0.891099 -0.104299
8223.936240 0.886233 -0.092609 0.891059 -0.104119
8224.936354 0.886209 -0.092446 0.891018 -0.103940
8225.936468 0.886186 -0.092282 0.890978 -0.103760
8226.936582 0.886162 -0.092119 0.890937 -0.103580
8227.936696 0.886139 -0.091955 0.890897 -0.103401
8228.936810 0.886115 -0.091792 0.890857 -0.103221
8229.936924 0.886092 -0.091628 0.890817 -0.103041
8230.937037 0.886068 -0.091464 0.890777 -0.102861
8231.937151 0.886045 -0.091301 0.890736 -0.102680
8232.937265 0.886022 -0.091137 0.890697 -0.102500
8233.937379 0.885998 -0.090973 0.890657 -0.102320
8234.937493 0.885975 -0.090809 0.890617 -0.102139
8235.937607 0.885952 -0.090645 0.890577 -0.101959
8236.937721 0.885929 -0.090481 0.890537 -0.101778
8237.937834 0.885906 -0.090317 0.890498 -0.101598
8238.937948 0.885883 -0.090153 0.890458 -0.101417
8239.938062 0.885860 -0.089989 0.890419 -0.101236
8240.938176 0.885837 -0.089825 0.890379 -0.101055
8241.938290 0.885814 -0.089660 0.890340 -0.100874
8242.938404 0.885791 -0.089496 0.890301 -0.100693
8243.938518 0.885768 -0.089332 0.890262 -0.100512
8244.938631 0.885746 -0.089167 0.890223 -0.100331
8245.938745 0.885723 -0.089003 0.890183 -0.100150
8246.938859 0.885700 -0.088838 0.890144 -0.099968
8247.938973 0.885678 -0.088674 0.890106 -0.099787
8248.939087 0.885655 -0.088509 0.890067 -0.099605
8249.939201 0.885633 -0.088344 0.890028 -0.099424
8250.939315 0.885610 -0.088180 0.889989 -0.099242
8251.939428 0.885588 -0.088015 0.889951 -0.099060
8252.939542 0.885565 -0.087850 0.889912 -0.098879
8253.939656 0.885543 -0.087685 0.889874 -0.098697
8254.939770 0.885521 -0.087520 0.889835 -0.098515
8255.939884 0.885498 -0.087355 0.889797 -0.098333
8256.939998 0.885476 -0.087190 0.889759 -0.098151
8257.940112 0.885454 -0.087025 0.889720 -0.097968
8258.940225 0.885432 -0.086860 0.889682 -0.097786
8259.940339 0.885410 -0.086695 0.889644 -0.097604
8260.940453 0.885388 -0.086530 0.889606 -0.097421
8261.940567 0.885366 -0.086364 0.889568 -0.097239
8262.940681 0.885344 -0.086199 0.889530 -0.097056
8263.940795 0.885322 -0.086034 0.889493 -0.096873
8264.940909 0.885300 -0.085868 0.889455 -0.096691
8265.941022 0.885278 -0.085703 0.889417 -0.096508
8266.941136 0.885257 -0.085537 0.889380 -0.096325
8267.941250 0.885235 -0.085371 0.889342 -0.096142
8268.941364 0.885213 -0.085206 0.889305 -0.095959
8269.941478 0.885192 -0.085040 0.889267 -0.095776
8270.941592 0.885170 -0.084874 0.889230 -0.095593
8271.941706 0.885149 -0.084709 0.889193 -0.095409
8272.941819 0.885127 -0.084543 0.889156 -0.095226
8273.941933 0.885106 -0.084377 0.889118 -0.095043
8274.942047 0.885084 -0.084211 0.889081 -0.094859
8275.942161 0.885063 -0.084045 0.889045 -0.094675
8276.942275 0.885042 -0.083879 0.889008 -0.094492
8277.942389 0.885021 -0.083713 0.888971 -0.094308
8278.942503 0.884999 -0.083547 0.888934 -0.094124
8279.942616 0.884978 -0.083381 0.888897 -0.093940
8280.942730 0.884957 -0.083214 0.888861 -0.093756
8281.942844 0.884936 -0.083048 0.888824 -0.093572
8282.942958 0.884915 -0.082882 0.888788 -0.093388
8283.943072 0.884894 -0.082715 0.888752 -0.093204
8284.943186 0.884873 -0.082549 0.888715 -0.093020
8285.943300 0.884852 -0.082383 0.888679 -0.092836
8286.943413 0.884831 -0.082216 0.888643 -0.092651
8287.943527 0.884811 -0.082049 0.888607 -0.092467
8288.943641 0.884790 -0.081883 0.888571 -0.092282
8289.943755 0.884769 -0.081716 0.888535 -0.092098
8290.943869 0.884749 -0.081550 0.888499 -0.091913
8291.943983 0.884728 -0.081383 0.888463 -0.091728
8292.944097 0.884707 -0.081216 0.888427 -0.091543
8293.944210 0.884687 -0.081049 0.888392 -0.091358
8294.944324 0.884666 -0.080882 0.888356 -0.091173
8295.944438 0.884646 -0.080715 0.888321 -0.090988
8296.944552 0.884626 -0.080548 0.888285 -0.090803
8297.944666 0.884605 -0.080381 0.888250 -0.090618
8298.944780 0.884585 -0.080214 0.888214 -0.090433
8299.944894 0.884565 -0.080047 0.888179 -0.090247
8300.945007 0.884545 -0.079880 0.888144 -0.090062
8301.945121 0.884524 -0.079713 0.888109 -0.089877
8302.945235 0.884504 -0.079545 0.888074 -0.089691
8303.945349 0.884484 -0.079378 0.888039 -0.089505
8304.945463 0.884464 -0.079211 0.888004 -0.089320
8305.945577 0.884444 -0.079043 0.887969 -0.089134
8306.945691 0.884424 -0.078876 0.887935 -0.088948
8307.945804 0.884404 -0.078708 0.887900 -0.088762
8308.945918 0.884385 -0.078541 0.887865 -0.088576
8309.946032 0.884365 -0.078373 0.887831 -0.088390
8310.946146 0.884345 -0.078206 0.887796 -0.088204
8311.946260 0.884325 -0.078038 0.887762 -0.088018
8312.946374 0.884306 -0.077870 0.887728 -0.087832
8313.946488 0.884286 -0.077702 0.887693 -0.087645
8314.946601 0.884267 -0.077535 0.887659 -0.087459
8315.946715 0.884247 -0.077367 0.887625 -0.087272
8316.946829 0.884228 -0.077199 0.887591 -0.087086
8317.946943 0.884208 -0.077031 0.887557 -0.086899
8318.947057 0.884189 -0.076863 0.887523 -0.086713
8319.947171 0.884169 -0.076695 0.887490 -0.086526
8320.947285 0.884150 -0.076527 0.887456 -0.086339
8321.947398 0.884131 -0.076359 0.887422 -0.086152
8322.947512 0.884112 -0.076191 0.887389 -0.085965
8323.947626 0.884093 -0.076022 0.887355 -0.085778
8324.947740 0.884074 -0.075854 0.887322 -0.085591
8325.947854 0.884054 -0.075686 0.887288 -0.085404
8326.947968 0.884035 -0.075517 0.887255 -0.085217
8327.948082 0.884016 -0.075349 0.887222 -0.085029
8328.948195 0.883998 -0.075181 0.887189 -0.084842
8329.948309 0.883979 -0.075012 0.887156 -0.084655
8330.948423 0.883960 -0.074844 0.887123 -0.084467
8331.948537 0.883941 -0.074675 0.887090 -0.084280
8332.948651 0.883922 -0.074506 0.887057 -0.084092
8333.948765 0.883904 -0.074338 0.887024 -0.083904
8334.948879 0.883885 -0.074169 0.886991 -0.083716
8335.948992 0.883866 -0.074000 0.886959 -0.083529
8336.949106 0.883848 -0.073832 0.886926 -0.083341
8337.949220 0.883829 -0.073663 0.886894 -0.083153
8338.949334 0.883811 -0.073494 0.886861 -0.082965
8339.949448 0.883792 -0.073325 0.886829 -0.082777
8340.949562 0.883774 -0.073156 0.886797 -0.082588
8341.949676 0.883756 -0.072987 0.886764 -0.082400
8342.949789 0.883737 -0.072818 0.886732 -0.082212
8343.949903 0.883719 -0.072649 0.886700 -0.082024
8344.950017 0.883701 -0.072480 0.886668 -0.081835
8345.950131 0.883683 -0.072311 0.886636 -0.081647
8346.950245 0.883665 -0.072141 0.886605 -0.081458
8347.950359 0.883647 -0.071972 0.886573 -0.081270
8348.950473 0.883629 -0.071803 0.886541 -0.081081
8349.950586 0.883611 -0.071633 0.886510 -0.080892
8350.950700 0.883593 -0.071464 0.886478 -0.080703
8351.950814 0.883575 -0.071295 0.886447 -0.080514
8352.950928 0.883557 -0.071125 0.886415 -0.080325
8353.951042 0.883539 -0.070956 0.886384 -0.080136
8354.951156 0.883521 -0.070786 0.886353 -0.079947
8355.951269 0.883504 -0.070617 0.886321 -0.079758
8356.951383 0.883486 -0.070447 0.886290 -0.079569
8357.951497 0.883469 -0.070277 0.886259 -0.079380
8358.951611 0.883451 -0.070108 0.886228 -0.079190
8359.951725 0.883433 -0.069938 0.886197 -0.079001
8360.951839 0.883416 -0.069768 0.886167 -0.078812
8361.951953 0.883399 -0.069598 0.886136 -0.078622
8362.952066 0.883381 -0.069428 0.886105 -0.078433
8363.952180 0.883364 -0.069258 0.886075 -0.078243
8364.952294 0.883347 -0.069088 0.886044 -0.078053
8365.952408 0.883329 -0.068918 0.886014 -0.077863
8366.952522 0.883312 -0.068748 0.885983 -0.077674
8367.952636 0.883295 -0.068578 0.885953 -0.077484
8368.952750 0.883278 -0.068408 0.885923 -0.077294
8369.952863 0.883261 -0.068238 0.885893 -0.077104
8370.952977 0.883244 -0.068068 0.885863 -0.076914
8371.953091 0.883227 -0.067898 0.885833 -0.076724
8372.953205 0.883210 -0.067727 0.885803 -0.076533
8373.953319 0.883193 -0.067557 0.885773 -0.076343
8374.953433 0.883176 -0.067387 0.885743 -0.076153
8375.953547 0.883159 -0.067216 0.885713 -0.075962
8376.953660 0.883143 -0.067046 0.885684 -0.075772
8377.953774 0.883126 -0.066875 0.885654 -0.075581
8378.953888 0.883109 -0.066705 0.885625 -0.075391
8379.954002 0.883093 -0.066534 0.885595 -0.075200
8380.954116 0.883076 -0.066364 0.885566 -0.075010
8381.954230 0.883059 -0.066193 0.885537 -0.074819
8382.954344 0.883043 -0.066022 0.885508 -0.074628
8383.954457 0.883027 -0.065852 0.885479 -0.074437
8384.954571 0.883010 -0.065681 0.885450 -0.074246
8385.954685 0.882994 -0.065510 0.885421 -0.074055
8386.954799 0.882977 -0.065339 0.885392 -0.073864
8387.954913 0.882961 -0.065168 0.885363 -0.073673
8388.955027 0.882945 -0.064998 0.885334 -0.073482
8389.955141 0.882929 -0.064827 0.885305 -0.073291
8390.955254 0.882913 -0.064656 0.885277 -0.073100
8391.955368 0.882897 -0.064485 0.885248 -0.072908
8392.955482 0.882881 -0.064314 0.885220 -0.072717
8393.955596 0.882865 -0.064143 0.885192 -0.072525
8394.955710 0.882849 -0.063971 0.885163 -0.072334
8395.955824 0.882833 -0.063800 0.885135 -0.072142
8396.955938 0.882817 -0.063629 0.885107 -0.071951
8397.956051 0.882801 -0.063458 0.885079 -0.071759
8398.956165 0.882785 -0.063287 0.885051 -0.071567
8399.956279 0.882770 -0.063115 0.885023 -0.071375
8400.956393 0.882754 -0.062944 0.884995 -0.071184
8401.956507 0.882738 -0.062773 0.884967 -0.070992
8402.956621 0.882723 -0.062601 0.884940 -0.070800
8403.956735 0.882707 -0.062430 0.884912 -0.070608
8404.956848 0.882692 -0.062258 0.884885 -0.070416
8405.956962 0.882676 -0.062087 0.884857 -0.070223
8406.957076 0.882661 -0.061915 0.884830 -0.070031
8407.957190 0.882646 -0.061743 0.884802 -0.069839
8408.957304 0.882630 -0.061572 0.884775 -0.069647
8409.957418 0.882615 -0.061400 0.884748 -0.069454
8410.957532 0.882600 -0.061228 0.884721 -0.069262
8411.957645 0.882585 -0.061057 0.884694 -0.069069
8412.957759 0.882569 -0.060885 0.884667 -0.068877
8413.957873 0.882554 -0.060713 0.884640 -0.068684
8414.957987 0.882539 -0.060541 0.884613 -0.068492
8415.958101 0.882524 -0.060369 0.884587 -0.068299
8416.958215 0.882509 -0.060197 0.884560 -0.068106
8417.958329 0.882494 -0.060025 0.884533 -0.067913
8418.958442 0.882480 -0.059854 0.884507 -0.067721
8419.958556 0.882465 -0.059681 0.884481 -0.067528
8420.958670 0.882450 -0.059509 0.884454 -0.067335
8421.958784 0.882435 -0.059337 0.884428 -0.067142
8422.958898 0.882421 -0.059165 0.884402 -0.066949
8423.959012 0.882406 -0.058993 0.884376 -0.066755
8424.959126 0.882391 -0.058821 0.884350 -0.066562
8425.959239 0.882377 -0.058649 0.884324 -0.066369
8426.959353 0.882362 -0.058476 0.884298 -0.066176
8427.959467 0.882348 -0.058304 0.884272 -0.065982
8428.959581 0.882333 -0.058132 0.884246 -0.065789
8429.959695 0.882319 -0.057959 0.884221 -0.065595
8430.959809 0.882305 -0.057787 0.884195 -0.065402
8431.959923 0.882290 -0.057614 0.884170 -0.065208
8432.960036 0.882276 -0.057442 0.884144 -0.065015
8433.960150 0.882262 -0.057269 0.884119 -0.064821
8434.960264 0.882248 -0.057097 0.884093 -0.064627
8435.960378 0.882234 -0.056924 0.884068 -0.064434
8436.960492 0.882220 -0.056752 0.884043 -0.064240
8437.960606 0.882206 -0.056579 0.884018 -0.064046
8438.960720 0.882192 -0.056406 0.883993 -0.063852
8439.960833 0.882178 -0.056234 0.883968 -0.063658
8440.960947 0.882164 -0.056061 0.883943 -0.063464
8441.961061 0.882150 -0.055888 0.883919 -0.063270
8442.961175 0.882136 -0.055715 0.883894 -0.063076
8443.961289 0.882123 -0.055543 0.883869 -0.062882
8444.961403 0.882109 -0.055370 0.883845 -0.062687
8445.961517 0.882095 -0.055197 0.883820 -0.062493
8446.961630 0.882082 -0.055024 0.883796 -0.062299
8447.961744 0.882068 -0.054851 0.883772 -0.062104
8448.961858 0.882054 -0.054678 0.883748 -0.061910
8449.961972 0.882041 -0.054505 0.883723 -0.061716
8450.962086 0.882028 -0.054332 0.883699 -0.061521
8451.962200 0.882014 -0.054159 0.883675 -0.061326
8452.962314 0.882001 -0.053986 0.883651 -0.061132
8453.962427 0.881988 -0.053812 0.883628 -0.060937
8454.962541 0.881974 -0.053639 0.883604 -0.060742
8455.962655 0.881961 -0.053466 0.883580 -0.060548
8456.962769 0.881948 -0.053293 0.883557 -0.060353
8457.962883 0.881935 -0.053119 0.883533 -0.060158
8458.962997 0.881922 -0.052946 0.883510 -0.059963
8459.963111 0.881909 -0.052773 0.883486 -0.059768
8460.963224 0.881896 -0.052599 0.883463 -0.059573
8461.963338 0.881883 -0.052426 0.883440 -0.059378
8462.963452 0.881870 -0.052253 0.883417 -0.059183
8463.963566 0.881857 -0.052079 0.883394 -0.058988
8464.963680 0.881844 -0.051906 0.883371 -0.058792
8465.963794 0.881831 -0.051732 0.883348 -0.058597
8466.963908 0.881819 -0.051559 0.883325 -0.058402
8467.964021 0.881806 -0.051385 0.883302 -0.058207
8468.964135 0.881793 -0.051211 0.883279 -0.058011
8469.964249 0.881781 -0.051038 0.883257 -0.057816
8470.964363 0.881768 -0.050864 0.883234 -0.057620
8471.964477 0.881756 -0.050690 0.883212 -0.057425
8472.964591 0.881743 -0.050517 0.883189 -0.057229
8473.964705 0.881731 -0.050343 0.883167 -0.057033
8474.964818 0.881719 -0.050169 0.883145 -0.056838
8475.964932 0.881706 -0.049995 0.883123 -0.056642
8476.965046 0.881694 -0.049821 0.883101 -0.056446
8477.965160 0.881682 -0.049647 0.883079 -0.056251
8478.965274 0.881670 -0.049474 0.883057 -0.056055
8479.965388 0.881658 -0.049300 0.883035 -0.055859
8480.965502 0.881645 -0.049126 0.883013 -0.055663
8481.965615 0.881633 -0.048952 0.882991 -0.055467
8482.965729 0.881621 -0.048778 0.882970 -0.055271
8483.965843 0.881609 -0.048604 0.882948 -0.055075
8484.965957 0.881598 -0.048429 0.882927 -0.054879
8485.966071 0.881586 -0.048255 0.882905 -0.054682
8486.966185 0.881574 -0.048081 0.882884 -0.054486
8487.966299 0.881562 -0.047907 0.882863 -0.054290
8488.966412 0.881550 -0.047733 0.882842 -0.054094
8489.966526 0.881539 -0.047559 0.882821 -0.053897
8490.966640 0.881527 -0.047384 0.882800 -0.053701
8491.966754 0.881515 -0.047210 0.882779 -0.053504
8492.966868 0.881504 -0.047036 0.882758 -0.053308
8493.966982 0.881492 -0.046861 0.882737 -0.053111
8494.967096 0.881481 -0.046687 0.882716 -0.052915
8495.967209 0.881469 -0.046513 0.882696 -0.052718
8496.967323 0.881458 -0.046338 0.882675 -0.052522
8497.967437 0.881447 -0.046164 0.882655 -0.052325
8498.967551 0.881435 -0.045989 0.882634 -0.052128
8499.967665 0.881424 -0.045815 0.882614 -0.051931
8500.967779 0.881413 -0.045640 0.882594 -0.051735
8501.967893 0.881402 -0.045466 0.882574 -0.051538
8502.968006 0.881391 -0.045291 0.882554 -0.051341
8503.968120 0.881380 -0.045116 0.882534 -0.051144
8504.968234 0.881369 -0.044942 0.882514 -0.050947
8505.968348 0.881358 -0.044767 0.882494 -0.050750
8506.968462 0.881347 -0.044593 0.882474 -0.050553
8507.968576 0.881336 -0.044418 0.882454 -0.050356
8508.968690 0.881325 -0.044243 0.882435 -0.050159
8509.968803 0.881314 -0.044068 0.882415 -0.049961
8510.968917 0.881303 -0.043894 0.882396 -0.049764
8511.969031 0.881293 -0.043719 0.882376 -0.049567
8512.969145 0.881282 -0.043544 0.882357 -0.049370
8513.969259 0.881271 -0.043369 0.882338 -0.049172
8514.969373 0.881261 -0.043194 0.882319 -0.048975
8515.969487 0.881250 -0.043019 0.882300 -0.048777
8516.969600 0.881240 -0.042844 0.882281 -0.048580
8517.969714 0.881229 -0.042669 0.882262 -0.048382
8518.969828 0.881219 -0.042494 0.882243 -0.048185
8519.969942 0.881209 -0.042319 0.882224 -0.047987
8520.970056 0.881198 -0.042144 0.882205 -0.047790
8521.970170 0.881188 -0.041969 0.882187 -0.047592
8522.970284 0.881178 -0.041794 0.882168 -0.047394
8523.970397 0.881168 -0.041619 0.882150 -0.047196
8524.970511 0.881157 -0.041444 0.882132 -0.046999
8525.970625 0.881147 -0.041269 0.882113 -0.046801
8526.970739 0.881137 -0.041093 0.882095 -0.046603
8527.970853 0.881127 -0.040918 0.882077 -0.046405
8528.970967 0.881117 -0.040743 0.882059 -0.046207
8529.971080 0.881107 -0.040568 0.882041 -0.046009
8530.971194 0.881098 -0.040392 0.882023 -0.045811
8531.971308 0.881088 -0.040217 0.882005 -0.045613
8532.971422 0.881078 -0.040042 0.881987 -0.045415
8533.971536 0.881068 -0.039866 0.881970 -0.045217
8534.971650 0.881059 -0.039691 0.881952 -0.045019
8535.971764 0.881049 -0.039516 0.881935 -0.044821
8536.971877 0.881039 -0.039340 0.881917 -0.044622
8537.971991 0.881030 -0.039165 0.881900 -0.044424
8538.972105 0.881020 -0.038989 0.881883 -0.044226
8539.972219 0.881011 -0.038814 0.881865 -0.044028
8540.972333 0.881001 -0.038638 0.881848 -0.043829
8541.972447 0.880992 -0.038463 0.881831 -0.043631
8542.972561 0.880983 -0.038287 0.881814 -0.043432
8543.972674 0.880973 -0.038112 0.881797 -0.043234
8544.972788 0.880964 -0.037936 0.881780 -0.043035
8545.972902 0.880955 -0.037760 0.881764 -0.042837
8546.973016 0.880946 -0.037585 0.881747 -0.042638
8547.973130 0.880937 -0.037409 0.881731 -0.042440
8548.973244 0.880928 -0.037233 0.881714 -0.042241
8549.973358 0.880918 -0.037058 0.881698 -0.042042
8550.973471 0.880910 -0.036882 0.881681 -0.041844
8551.973585 0.880901 -0.036706 0.881665 -0.041645
8552.973699 0.880892 -0.036530 0.881649 -0.041446
8553.973813 0.880883 -0.036355 0.881633 -0.041247
8554.973927 0.880874 -0.036179 0.881617 -0.041048
8555.974041 0.880865 -0.036003 0.881601 -0.040849
8556.974155 0.880857 -0.035827 0.881585 -0.040651
8557.974268 0.880848 -0.035651 0.881569 -0.040452
8558.974382 0.880839 -0.035475 0.881553 -0.040253
8559.974496 0.880831 -0.035299 0.881538 -0.040054
8560.974610 0.880822 -0.035123 0.881522 -0.039855
8561.974724 0.880814 -0.034947 0.881507 -0.039655
8562.974838 0.880805 -0.034771 0.881491 -0.039456
8563.974952 0.880797 -0.034595 0.881476 -0.039257
8564.975065 0.880788 -0.034419 0.881461 -0.039058
8565.975179 0.880780 -0.034243 0.881446 -0.038859
8566.975293 0.880772 -0.034067 0.881430 -0.038660
8567.975407 0.880764 -0.033891 0.881415 -0.038460
8568.975521 0.880755 -0.033715 0.881400 -0.038261
8569.975635 0.880747 -0.033539 0.881386 -0.038062
8570.975749 0.880739 -0.033363 0.881371 -0.037862
8571.975862 0.880731 -0.033187 0.881356 -0.037663
8572.975976 0.880723 -0.033010 0.881342 -0.037463
8573.976090 0.880715 -0.032834 0.881327 -0.037264
8574.976204 0.880707 -0.032658 0.881313 -0.037064
8575.976318 0.880699 -0.032482 0.881298 -0.036865
8576.976432 0.880692 -0.032305 0.881284 -0.036665
8577.976546 0.880684 -0.032129 0.881270 -0.036466
8578.976659 0.880676 -0.031953 0.881255 -0.036266
8579.976773 0.880668 -0.031776 0.881241 -0.036067
8580.976887 0.880661 -0.031600 0.881227 -0.035867
8581.977001 0.880653 -0.031424 0.881213 -0.035667
8582.977115 0.880645 -0.031247 0.881200 -0.035468
8583.977229 0.880638 -0.031071 0.881186 -0.035268
8584.977343 0.880630 -0.030895 0.881172 -0.035068
8585.977456 0.880623 -0.030718 0.881159 -0.034868
8586.977570 0.880616 -0.030542 0.881145 -0.034668
8587.977684 0.880608 -0.030365 0.881132 -0.034468
8588.977798 0.880601 -0.030189 0.881118 -0.034269
8589.977912 0.880594 -0.030012 0.881105 -0.034069
8590.978026 0.880586 -0.029836 0.881092 -0.033869
8591.978140 0.880579 -0.029659 0.881079 -0.033669
8592.978253 0.880572 -0.029483 0.881066 -0.033469
8593.978367 0.880565 -0.029306 0.881053 -0.033269
8594.978481 0.880558 -0.029129 0.881040 -0.033069
8595.978595 0.880551 -0.028953 0.881027 -0.032869
8596.978709 0.880544 -0.028776 0.881014 -0.032668
8597.978823 0.880537 -0.028600 0.881002 -0.032468
8598.978937 0.880530 -0.028423 0.880989 -0.032268
8599.979050 0.880524 -0.028246 0.880977 -0.032068
8600.979164 0.880517 -0.028070 0.880964 -0.031868
8601.979278 0.880510 -0.027893 0.880952 -0.031668
8602.979392 0.880503 -0.027716 0.880939 -0.031467
8603.979506 0.880497 -0.027539 0.880927 -0.031267
8604.979620 0.880490 -0.027363 0.880915 -0.031067
8605.979734 0.880484 -0.027186 0.880903 -0.030866
8606.979847 0.880477 -0.027009 0.880891 -0.030666
8607.979961 0.880471 -0.026832 0.880879 -0.030466
8608.980075 0.880464 -0.026655 0.880868 -0.030265
8609.980189 0.880458 -0.026479 0.880856 -0.030065
8610.980303 0.880451 -0.026302 0.880844 -0.029864
8611.980417 0.880445 -0.026125 0.880833 -0.029664
8612.980531 0.880439 -0.025948 0.880821 -0.029463
8613.980644 0.880433 -0.025771 0.880810 -0.029263
8614.980758 0.880427 -0.025594 0.880799 -0.029062
8615.980872 0.880421 -0.025417 0.880787 -0.028862
8616.980986 0.880414 -0.025240 0.880776 -0.028661
8617.981100 0.880408 -0.025063 0.880765 -0.028460
8618.981214 0.880402 -0.024886 0.880754 -0.028260
8619.981328 0.880397 -0.024709 0.880743 -0.028059
8620.981441 0.880391 -0.024532 0.880732 -0.027858
8621.981555 0.880385 -0.024355 0.880722 -0.027658
8622.981669 0.880379 -0.024178 0.880711 -0.027457
8623.981783 0.880373 -0.024001 0.880700 -0.027256
8624.981897 0.880367 -0.023824 0.880690 -0.027055
8625.982011 0.880362 -0.023647 0.880679 -0.026854
8626.982125 0.880356 -0.023470 0.880669 -0.026654
8627.982238 0.880351 -0.023293 0.880659 -0.026453
8628.982352 0.880345 -0.023116 0.880649 -0.026252
8629.982466 0.880340 -0.022939 0.880638 -0.026051
8630.982580 0.880334 -0.022762 0.880628 -0.025850
8631.982694 0.880329 -0.022585 0.880618 -0.025649
8632.982808 0.880323 -0.022407 0.880608 -0.025448
8633.982922 0.880318 -0.022230 0.880599 -0.025247
8634.983035 0.880313 -0.022053 0.880589 -0.025046
8635.983149 0.880308 -0.021876 0.880579 -0.024845
8636.983263 0.880302 -0.021699 0.880570 -0.024644
8637.983377 0.880297 -0.021521 0.880560 -0.024443
8638.983491 0.880292 -0.021344 0.880551 -0.024242
8639.983605 0.880287 -0.021167 0.880542 -0.024041
8640.983719 0.880282 -0.020990 0.880532 -0.023840
8641.983832 0.880277 -0.020812 0.880523 -0.023639
8642.983946 0.880272 -0.020635 0.880514 -0.023437
8643.984060 0.880267 -0.020458 0.880505 -0.023236
8644.984174 0.880262 -0.020281 0.880496 -0.023035
8645.984288 0.880258 -0.020103 0.880487 -0.022834
8646.984402 0.880253 -0.019926 0.880478 -0.022633
8647.984516 0.880248 -0.019749 0.880470 -0.022431
8648.984629 0.880244 -0.019571 0.880461 -0.022230
8649.984743 0.880239 -0.019394 0.880453 -0.022029
8650.984857 0.880234 -0.019216 0.880444 -0.021828
8651.984971 0.880230 -0.019039 0.880436 -0.021626
8652.985085 0.880225 -0.018862 0.880427 -0.021425
8653.985199 0.880221 -0.018684 0.880419 -0.021224
8654.985313 0.880217 -0.018507 0.880411 -0.021022
8655.985426 0.880212 -0.018329 0.880403 -0.020821
8656.985540 0.880208 -0.018152 0.880395 -0.020619
8657.985654 0.880204 -0.017974 0.880387 -0.020418
8658.985768 0.880199 -0.017797 0.880379 -0.020216
8659.985882 0.880195 -0.017619 0.880372 -0.020015
8660.985996 0.880191 -0.017442 0.880364 -0.019814
8661.986110 0.880187 -0.017264 0.880356 -0.019612
8662.986223 0.880183 -0.017087 0.880349 -0.019411
8663.986337 0.880179 -0.016909 0.880341 -0.019209
8664.986451 0.880175 -0.016732 0.880334 -0.019008
8665.986565 0.880171 -0.016554 0.880327 -0.018806
8666.986679 0.880167 -0.016377 0.880320 -0.018604
8667.986793 0.880163 -0.016199 0.880313 -0.018403
8668.986907 0.880160 -0.016022 0.880305 -0.018201
8669.987020 0.880156 -0.015844 0.880299 -0.018000
8670.987134 0.880152 -0.015667 0.880292 -0.017798
8671.987248 0.880149 -0.015489 0.880285 -0.017596
8672.987362 0.880145 -0.015311 0.880278 -0.017395
8673.987476 0.880141 -0.015134 0.880272 -0.017193
8674.987590 0.880138 -0.014956 0.880265 -0.016991
8675.987704 0.880134 -0.014779 0.880259 -0.016790
8676.987817 0.880131 -0.014601 0.880252 -0.016588
8677.987931 0.880128 -0.014423 0.880246 -0.016386
8678.988045 0.880124 -0.014246 0.880240 -0.016184
8679.988159 0.880121 -0.014068 0.880233 -0.015983
8680.988273 0.880118 -0.013890 0.880227 -0.015781
8681.988387 0.880115 -0.013713 0.880221 -0.015579
8682.988501 0.880111 -0.013535 0.880215 -0.015377
8683.988614 0.880108 -0.013357 0.880210 -0.015176
8684.988728 0.880105 -0.013180 0.880204 -0.014974
8685.988842 0.880102 -0.013002 0.880198 -0.014772
8686.988956 0.880099 -0.012824 0.880193 -0.014570
8687.989070 0.880096 -0.012646 0.880187 -0.014368
8688.989184 0.880093 -0.012469 0.880182 -0.014166
8689.989298 0.880091 -0.012291 0.880176 -0.013965
8690.989411 0.880088 -0.012113 0.880171 -0.013763
8691.989525 0.880085 -0.011935 0.880166 -0.013561
8692.989639 0.880082 -0.011758 0.880161 -0.013359
8693.989753 0.880080 -0.011580 0.880156 -0.013157
8694.989867 0.880077 -0.011402 0.880151 -0.012955
8695.989981 0.880074 -0.011224 0.880146 -0.012753
8696.990095 0.880072 -0.011047 0.880141 -0.012551
8697.990208 0.880069 -0.010869 0.880136 -0.012349
8698.990322 0.880067 -0.010691 0.880132 -0.012147
8699.990436 0.880064 -0.010513 0.880127 -0.011945
8700.990550 0.880062 -0.010335 0.880123 -0.011743
8701.990664 0.880060 -0.010158 0.880118 -0.011541
8702.990778 0.880057 -0.009980 0.880114 -0.011339
8703.990891 0.880055 -0.009802 0.880110 -0.011137
8704.991005 0.880053 -0.009624 0.880106 -0.010935
8705.991119 0.880051 -0.009446 0.880102 -0.010733
8706.991233 0.880049 -0.009268 0.880098 -0.010531
8707.991347 0.880047 -0.009091 0.880094 -0.010329
8708.991461 0.880045 -0.008913 0.880090 -0.010127
8709.991575 0.880043 -0.008735 0.880086 -0.009925
8710.991688 0.880041 -0.008557 0.880082 -0.009723
8711.991802 0.880039 -0.008379 0.880079 -0.009521
8712.991916 0.880037 -0.008201 0.880075 -0.009319
8713.992030 0.880035 -0.008023 0.880072 -0.009117
8714.992144 0.880033 -0.007845 0.880068 -0.008915
8715.992258 0.880032 -0.007668 0.880065 -0.008713
8716.992372 0.880030 -0.007490 0.880062 -0.008511
8717.992485 0.880028 -0.007312 0.880059 -0.008308
8718.992599 0.880027 -0.007134 0.880056 -0.008106
8719.992713 0.880025 -0.006956 0.880053 -0.007904
8720.992827 0.880024 -0.006778 0.880050 -0.007702
8721.992941 0.880022 -0.006600 0.880047 -0.007500
8722.993055 0.880021 -0.006422 0.880044 -0.007298
8723.993169 0.880020 -0.006244 0.880042 -0.007096
8724.993282 0.880018 -0.006066 0.880039 -0.006893
8725.993396 0.880017 -0.005889 0.880037 -0.006691
8726.993510 0.880016 -0.005711 0.880034 -0.006489
8727.993624 0.880015 -0.005533 0.880032 -0.006287
8728.993738 0.880014 -0.005355 0.880030 -0.006085
8729.993852 0.880012 -0.005177 0.880028 -0.005883
8730.993966 0.880011 -0.004999 0.880026 -0.005680
8731.994079 0.880010 -0.004821 0.880024 -0.005478
8732.994193 0.880009 -0.004643 0.880022 -0.005276
8733.994307 0.880008 -0.004465 0.880020 -0.005074
8734.994421 0.880008 -0.004287 0.880018 -0.004872
8735.994535 0.880007 -0.004109 0.880016 -0.004669
8736.994649 0.880006 -0.003931 0.880015 -0.004467
8737.994763 0.880005 -0.003753 0.880013 -0.004265
8738.994876 0.880005 -0.003575 0.880012 -0.004063
8739.994990 0.880004 -0.003397 0.880010 -0.003861
8740.995104 0.880003 -0.003219 0.880009 -0.003658
8741.995218 0.880003 -0.003041 0.880008 -0.003456
8742.995332 0.880002 -0.002863 0.880007 -0.003254
8743.995446 0.880002 -0.002685 0.880006 -0.003052
8744.995560 0.880001 -0.002508 0.880005 -0.002849
8745.995673 0.880001 -0.002330 0.880004 -0.002647
8746.995787 0.880000 -0.002152 0.880003 -0.002445
8747.995901 0.880000 -0.001974 0.880002 -0.002243
8748.996015 0.880000 -0.001796 0.880002 -0.002041
8749.996129 0.880000 -0.001618 0.880001 -0.001838
8750.996243 0.880000 -0.001440 0.880001 -0.001636
8751.996357 0.879999 -0.001262 0.880000 -0.001434
8752.996470 0.879999 -0.001084 0.880000 -0.001232
8753.996584 0.879999 -0.000906 0.880000 -0.001029
8754.996698 0.879999 -0.000728 0.880000 -0.000827
8755.996812 0.879999 -0.000550 0.879999 -0.000625
8756.996926 0.879999 -0.000372 0.879999 -0.000423
8757.997040 0.880000 -0.000194 0.880000 -0.000220
8758.997154 0.880000 -0.000016 0.880000 -0.000018
8759.997267 0.880000 0.000162 0.880000 0.000184
8760.997381 0.880000 0.000340 0.880000 0.000386
8761.997495 0.880001 0.000518 0.880001 0.000589
8762.997609 0.880001 0.000696 0.880001 0.000791
8763.997723 0.880001 0.000874 0.880002 0.000993
8764.997837 0.880002 0.001052 0.880002 0.001195
8765.997951 0.880002 0.001230 0.880003 0.001398
8766.998064 0.880003 0.001408 0.880004 0.001600
8767.998178 0.880003 0.001586 0.880005 0.001802
8768.998292 0.880004 0.001764 0.880006 0.002004
8769.998406 0.880005 0.001942 0.880007 0.002206
8770.998520 0.880005 0.002120 0.880008 0.002409
8771.998634 0.880006 0.002298 0.880009 0.002611
8772.998748 0.880007 0.002476 0.880010 0.002813
8773.998861 0.880008 0.002654 0.880012 0.003015
8774.998975 0.880009 0.002832 0.880013 0.003218
8775.999089 0.880009 0.003009 0.880015 0.003420
8776.999203 0.880010 0.003187 0.880016 0.003622
8777.999317 0.880011 0.003365 0.880018 0.003824
8778.999431 0.880012 0.003543 0.880020 0.004026
8779.999545 0.880014 0.003721 0.880021 0.004229
8780.999658 0.880015 0.003899 0.880023 0.004431
8781.999772 0.880016 0.004077 0.880025 0.004633
8782.999886 0.880017 0.004255 0.880027 0.004835
8784.000000 0.880018 0.004433 0.880030 0.005037
