# time [hours] x [au] y [au] r [au] lon [rad] HEE coordinates
0.000000 0.900000 0.000000 0.900000 0.000000
1.000000 0.900000 0.000148 0.900000 0.000164
2.000000 0.900000 0.000295 0.900000 0.000328
3.000000 0.900000 0.000443 0.900000 0.000492
4.000000 0.900000 0.000590 0.900001 0.000656
5.000000 0.900000 0.000738 0.900001 0.000820
6.000000 0.900001 0.000885 0.900001 0.000983
7.000000 0.900001 0.001033 0.900002 0.001147
8.000000 0.900001 0.001180 0.900002 0.001311
9.000000 0.900002 0.001328 0.900003 0.001475
10.000000 0.900002 0.001475 0.900003 0.001639
11.000000 0.900002 0.001623 0.900004 0.001803
12.000000 0.900003 0.001770 0.900005 0.001967
13.000000 0.900003 0.001918 0.900005 0.002131
14.000000 0.900004 0.002065 0.900006 0.002295
15.000000 0.900004 0.002213 0.900007 0.002459
16.000000 0.900005 0.002360 0.900008 0.002623
17.000000 0.900006 0.002508 0.900009 0.002786
18.000000 0.900006 0.002655 0.900010 0.002950
19.000000 0.900007 0.002803 0.900012 0.003114
20.000000 0.900008 0.002950 0.900013 0.003278
21.000000 0.900009 0.003098 0.900014 0.003442
22.000000 0.900010 0.003245 0.900015 0.003606
23.000000 0.900011 0.003393 0.900017 0.003770
24.000000 0.900011 0.003540 0.900018 0.003934
25.000000 0.900012 0.003688 0.900020 0.004098
26.000000 0.900013 0.003835 0.900022 0.004261
27.000000 0.900014 0.003983 0.900023 0.004425
28.000000 0.900016 0.004130 0.900025 0.004589
29.000000 0.900017 0.004278 0.900027 0.004753
30.000000 0.900018 0.004425 0.900029 0.004917
31.000000 0.900019 0.004573 0.900031 0.005081
32.000000 0.900020 0.004720 0.900033 0.005245
33.000000 0.900022 0.004868 0.900035 0.005409
34.000000 0.900023 0.005015 0.900037 0.005572
35.000000 0.900024 0.005163 0.900039 0.005736
36.000000 0.900026 0.005310 0.900041 0.005900
37.000000 0.900027 0.005458 0.900044 0.006064
38.000000 0.900029 0.005605 0.900046 0.006228
39.000000 0.900030 0.005753 0.900049 0.006392
40.000000 0.900032 0.005900 0.900051 0.006555
41.000000 0.900033 0.006048 0.900054 0.006719
42.000000 0.900035 0.006195 0.900056 0.006883
43.000000 0.900037 0.006342 0.900059 0.007047
44.000000 0.900038 0.006490 0.900062 0.007211
45.000000 0.900040 0.006637 0.900065 0.007374
46.000000 0.900042 0.006785 0.900068 0.007538
47.000000 0.900044 0.006932 0.900071 0.007702
48.000000 0.900046 0.007080 0.900074 0.007866
49.000000 0.900048 0.007227 0.900077 0.008029
50.000000 0.900050 0.007374 0.900080 0.008193
51.000000 0.900052 0.007522 0.900083 0.008357
52.000000 0.900054 0.007669 0.900086 0.008521
53.000000 0.900056 0.007817 0.900090 0.008684
54.000000 0.900058 0.007964 0.900093 0.008848
55.000000 0.900060 0.008112 0.900097 0.009012
56.000000 0.900062 0.008259 0.900100 0.009176
57.000000 0.900065 0.008406 0.900104 0.009339
58.000000 0.900067 0.008554 0.900107 0.009503
59.000000 0.900069 0.008701 0.900111 0.009667
60.000000 0.900072 0.008848 0.900115 0.009830
61.000000 0.900074 0.008996 0.900119 0.009994
62.000000 0.900076 0.009143 0.900123 0.010158
63.000000 0.900079 0.009291 0.900127 0.010322
64.000000 0.900081 0.009438 0.900131 0.010485
65.000000 0.900084 0.009585 0.900135 0.010649
66.000000 0.900087 0.009733 0.900139 0.010812
67.000000 0.900089 0.009880 0.900143 0.010976
68.000000 0.900092 0.010027 0.900148 0.011140
69.000000 0.900095 0.010175 0.900152 0.011303
70.000000 0.900097 0.010322 0.900157 0.011467
71.000000 0.900100 0.010469 0.900161 0.011631
72.000000 0.900103 0.010616 0.900166 0.011794
73.000000 0.900106 0.010764 0.900170 0.011958
74.000000 0.900109 0.010911 0.900175 0.012121
75.000000 0.900112 0.011058 0.900180 0.012285
76.000000 0.900115 0.011206 0.900185 0.012449
77.000000 0.900118 0.011353 0.900189 0.012612
78.000000 0.900121 0.011500 0.900194 0.012776
79.000000 0.900124 0.011647 0.900199 0.012939
80.000000 0.900127 0.011795 0.900204 0.013103
81.000000 0.900130 0.011942 0.900210 0.013266
82.000000 0.900134 0.012089 0.900215 0.013430
83.000000 0.900137 0.012236 0.900220 0.013593
84.000000 0.900140 0.012384 0.900225 0.013757
85.000000 0.900144 0.012531 0.900231 0.013920
86.000000 0.900147 0.012678 0.900236 0.014084
87.000000 0.900150 0.012825 0.900242 0.014247
88.000000 0.900154 0.012973 0.900247 0.014410
89.000000 0.900157 0.013120 0.900253 0.014574
90.000000 0.900161 0.013267 0.900259 0.014737
91.000000 0.900165 0.013414 0.900265 0.014901
92.000000 0.900168 0.013561 0.900270 0.015064
93.000000 0.900172 0.013708 0.900276 0.015227
94.000000 0.900176 0.013856 0.900282 0.015391
95.000000 0.900179 0.014003 0.900288 0.015554
96.000000 0.900183 0.014150 0.900294 0.015718
97.000000 0.900187 0.014297 0.900301 0.015881
98.000000 0.900191 0.014444 0.900307 0.016044
99.000000 0.900195 0.014591 0.900313 0.016207
100.000000 0.900199 0.014738 0.900319 0.016371
101.000000 0.900203 0.014885 0.900326 0.016534
102.000000 0.900207 0.015032 0.900332 0.016697
103.000000 0.900211 0.015180 0.900339 0.016861
104.000000 0.900215 0.015327 0.900345 0.017024
105.000000 0.900219 0.015474 0.900352 0.017187
106.000000 0.900223 0.015621 0.900359 0.017350
107.000000 0.900228 0.015768 0.900366 0.017514
108.000000 0.900232 0.015915 0.900372 0.017677
109.000000 0.900236 0.016062 0.900379 0.017840
110.000000 0.900240 0.016209 0.900386 0.018003
111.000000 0.900245 0.016356 0.900393 0.018166
112.000000 0.900249 0.016503 0.900401 0.018329
113.000000 0.900254 0.016650 0.900408 0.018492
114.000000 0.900258 0.016797 0.900415 0.018656
115.000000 0.900263 0.016944 0.900422 0.018819
116.000000 0.900267 0.017091 0.900430 0.018982
117.000000 0.900272 0.017238 0.900437 0.019145
118.000000 0.900277 0.017385 0.900445 0.019308
119.000000 0.900281 0.017532 0.900452 0.019471
120.000000 0.900286 0.017678 0.900460 0.019634
121.000000 0.900291 0.017825 0.900467 0.019797
122.000000 0.900296 0.017972 0.900475 0.019960
123.000000 0.900301 0.018119 0.900483 0.020123
124.000000 0.900306 0.018266 0.900491 0.020286
125.000000 0.900311 0.018413 0.900499 0.020449
126.000000 0.900316 0.018560 0.900507 0.020612
127.000000 0.900321 0.018707 0.900515 0.020775
128.000000 0.900326 0.018853 0.900523 0.020938
129.000000 0.900331 0.019000 0.900531 0.021100
130.000000 0.900336 0.019147 0.900539 0.021263
131.000000 0.900341 0.019294 0.900548 0.021426
132.000000 0.900346 0.019441 0.900556 0.021589
133.000000 0.900352 0.019587 0.900565 0.021752
134.000000 0.900357 0.019734 0.900573 0.021915
135.000000 0.900362 0.019881 0.900582 0.022077
136.000000 0.900368 0.020028 0.900590 0.022240
137.000000 0.900373 0.020174 0.900599 0.022403
138.000000 0.900379 0.020321 0.900608 0.022566
139.000000 0.900384 0.020468 0.900617 0.022728
140.000000 0.900390 0.020614 0.900626 0.022891
141.000000 0.900395 0.020761 0.900634 0.023054
142.000000 0.900401 0.020908 0.900643 0.023216
143.000000 0.900406 0.021055 0.900653 0.023379
144.000000 0.900412 0.021201 0.900662 0.023542
145.000000 0.900418 0.021348 0.900671 0.023704
146.000000 0.900424 0.021494 0.900680 0.023867
147.000000 0.900429 0.021641 0.900690 0.024029
148.000000 0.900435 0.021788 0.900699 0.024192
149.000000 0.900441 0.021934 0.900708 0.024355
150.000000 0.900447 0.022081 0.900718 0.024517
151.000000 0.900453 0.022227 0.900727 0.024680
152.000000 0.900459 0.022374 0.900737 0.024842
153.000000 0.900465 0.022520 0.900747 0.025005
154.000000 0.900471 0.022667 0.900757 0.025167
155.000000 0.900478 0.022813 0.900766 0.025329
156.000000 0.900484 0.022960 0.900776 0.025492
157.000000 0.900490 0.023106 0.900786 0.025654
158.000000 0.900496 0.023253 0.900796 0.025817
159.000000 0.900502 0.023399 0.900806 0.025979
160.000000 0.900509 0.023546 0.900817 0.026141
161.000000 0.900515 0.023692 0.900827 0.026304
162.000000 0.900522 0.023839 0.900837 0.026466
163.000000 0.900528 0.023985 0.900847 0.026628
164.000000 0.900535 0.024131 0.900858 0.026790
165.000000 0.900541 0.024278 0.900868 0.026953
166.000000 0.900548 0.024424 0.900879 0.027115
167.000000 0.900554 0.024570 0.900889 0.027277
168.000000 0.900561 0.024717 0.900900 0.027439
169.000000 0.900568 0.024863 0.900911 0.027601
170.000000 0.900574 0.025009 0.900922 0.027763
171.000000 0.900581 0.025156 0.900932 0.027926
172.000000 0.900588 0.025302 0.900943 0.028088
173.000000 0.900595 0.025448 0.900954 0.028250
174.000000 0.900602 0.025594 0.900965 0.028412
175.000000 0.900609 0.025741 0.900977 0.028574
176.000000 0.900616 0.025887 0.900988 0.028736
177.000000 0.900623 0.026033 0.900999 0.028898
178.000000 0.900630 0.026179 0.901010 0.029060
179.000000 0.900637 0.026325 0.901022 0.029222
180.000000 0.900644 0.026472 0.901033 0.029383
181.000000 0.900651 0.026618 0.901044 0.029545
182.000000 0.900658 0.026764 0.901056 0.029707
183.000000 0.900666 0.026910 0.901068 0.029869
184.000000 0.900673 0.027056 0.901079 0.030031
185.000000 0.900680 0.027202 0.901091 0.030193
186.000000 0.900688 0.027348 0.901103 0.030354
187.000000 0.900695 0.027494 0.901115 0.030516
188.000000 0.900703 0.027640 0.901127 0.030678
189.000000 0.900710 0.027786 0.901139 0.030840
190.000000 0.900718 0.027932 0.901151 0.031001
191.000000 0.900725 0.028078 0.901163 0.031163
192.000000 0.900733 0.028224 0.901175 0.031325
193.000000 0.900740 0.028370 0.901187 0.031486
194.000000 0.900748 0.028516 0.901199 0.031648
195.000000 0.900756 0.028662 0.901212 0.031809
196.000000 0.900764 0.028808 0.901224 0.031971
197.000000 0.900771 0.028954 0.901237 0.032132
198.000000 0.900779 0.029100 0.901249 0.032294
199.000000 0.900787 0.029246 0.901262 0.032455
200.000000 0.900795 0.029391 0.901275 0.032617
201.000000 0.900803 0.029537 0.901287 0.032778
202.000000 0.900811 0.029683 0.901300 0.032939
203.000000 0.900819 0.029829 0.901313 0.033101
204.000000 0.900827 0.029975 0.901326 0.033262
205.000000 0.900835 0.030120 0.901339 0.033423
206.000000 0.900844 0.030266 0.901352 0.033585
207.000000 0.900852 0.030412 0.901365 0.033746
208.000000 0.900860 0.030557 0.901378 0.033907
209.000000 0.900868 0.030703 0.901391 0.034068
210.000000 0.900877 0.030849 0.901405 0.034230
211.000000 0.900885 0.030994 0.901418 0.034391
212.000000 0.900893 0.031140 0.901432 0.034552
213.000000 0.900902 0.031286 0.901445 0.034713
214.000000 0.900910 0.031431 0.901459 0.034874
215.000000 0.900919 0.031577 0.901472 0.035035
216.000000 0.900928 0.031722 0.901486 0.035196
217.000000 0.900936 0.031868 0.901500 0.035357
218.000000 0.900945 0.032013 0.901513 0.035518
219.000000 0.900953 0.032159 0.901527 0.035679
220.000000 0.900962 0.032304 0.901541 0.035840
221.000000 0.900971 0.032450 0.901555 0.036001
222.000000 0.900980 0.032595 0.901569 0.036162
223.000000 0.900989 0.032741 0.901583 0.036323
224.000000 0.900998 0.032886 0.901597 0.036483
225.000000 0.901006 0.033031 0.901612 0.036644
226.000000 0.901015 0.033177 0.901626 0.036805
227.000000 0.901024 0.033322 0.901640 0.036966
228.000000 0.901033 0.033467 0.901655 0.037126
229.000000 0.901043 0.033613 0.901669 0.037287
230.000000 0.901052 0.033758 0.901684 0.037448
231.000000 0.901061 0.033903 0.901698 0.037608
232.000000 0.901070 0.034049 0.901713 0.037769
233.000000 0.901079 0.034194 0.901728 0.037929
234.000000 0.901089 0.034339 0.901743 0.038090
235.000000 0.901098 0.034484 0.901758 0.038250
236.000000 0.901107 0.034629 0.901772 0.038411
237.000000 0.901117 0.034774 0.901787 0.038571
238.000000 0.901126 0.034920 0.901803 0.038732
239.000000 0.901136 0.035065 0.901818 0.038892
240.000000 0.901145 0.035210 0.901833 0.039052
241.000000 0.901155 0.035355 0.901848 0.039213
242.000000 0.901164 0.035500 0.901863 0.039373
243.000000 0.901174 0.035645 0.901879 0.039533
244.000000 0.901184 0.035790 0.901894 0.039694
245.000000 0.901193 0.035935 0.901910 0.039854
246.000000 0.901203 0.036080 0.901925 0.040014
247.000000 0.901213 0.036225 0.901941 0.040174
248.000000 0.901223 0.036370 0.901956 0.040334
249.000000 0.901233 0.036515 0.901972 0.040494
250.000000 0.901243 0.036660 0.901988 0.040654
251.000000 0.901253 0.036804 0.902004 0.040814
252.000000 0.901263 0.036949 0.902020 0.040974
253.000000 0.901273 0.037094 0.902036 0.041134
254.000000 0.901283 0.037239 0.902052 0.041294
255.000000 0.901293 0.037384 0.902068 0.041454
256.000000 0.901303 0.037528 0.902084 0.041614
257.000000 0.901313 0.037673 0.902100 0.041774
258.000000 0.901324 0.037818 0.902117 0.041934
259.000000 0.901334 0.037963 0.902133 0.042093
260.000000 0.901344 0.038107 0.902149 0.042253
261.000000 0.901354 0.038252 0.902166 0.042413
262.000000 0.901365 0.038396 0.902182 0.042572
263.000000 0.901375 0.038541 0.902199 0.042732
264.000000 0.901386 0.038686 0.902216 0.042892
265.000000 0.901396 0.038830 0.902232 0.043051
266.000000 0.901407 0.038975 0.902249 0.043211
267.000000 0.901418 0.039119 0.902266 0.043370
268.000000 0.901428 0.039264 0.902283 0.043530
269.000000 0.901439 0.039408 0.902300 0.043689
270.000000 0.901450 0.039553 0.902317 0.043849
271.000000 0.901460 0.039697 0.902334 0.044008
272.000000 0.901471 0.039841 0.902351 0.044167
273.000000 0.901482 0.039986 0.902368 0.044327
274.000000 0.901493 0.040130 0.902386 0.044486
275.000000 0.901504 0.040274 0.902403 0.044645
276.000000 0.901515 0.040419 0.902420 0.044804
277.000000 0.901526 0.040563 0.902438 0.044963
278.000000 0.901537 0.040707 0.902455 0.045123
279.000000 0.901548 0.040852 0.902473 0.045282
280.000000 0.901559 0.040996 0.902491 0.045441
281.000000 0.901570 0.041140 0.902508 0.045600
282.000000 0.901581 0.041284 0.902526 0.045759
283.000000 0.901593 0.041428 0.902544 0.045918
284.000000 0.901604 0.041572 0.902562 0.046077
285.000000 0.901615 0.041716 0.902580 0.046236
286.000000 0.901627 0.041861 0.902598 0.046394
287.000000 0.901638 0.042005 0.902616 0.046553
288.000000 0.901649 0.042149 0.902634 0.046712
289.000000 0.901661 0.042293 0.902652 0.046871
290.000000 0.901672 0.042437 0.902671 0.047030
291.000000 0.901684 0.042580 0.902689 0.047188
292.000000 0.901696 0.042724 0.902707 0.047347
293.000000 0.901707 0.042868 0.902726 0.047505
294.000000 0.901719 0.043012 0.902744 0.047664
295.000000 0.901731 0.043156 0.902763 0.047823
296.000000 0.901742 0.043300 0.902781 0.047981
297.000000 0.901754 0.043444 0.902800 0.048140
298.000000 0.901766 0.043587 0.902819 0.048298
299.000000 0.901778 0.043731 0.902838 0.048456
300.000000 0.901790 0.043875 0.902857 0.048615
301.000000 0.901802 0.044019 0.902875 0.048773
302.000000 0.901814 0.044162 0.902894 0.048931
303.000000 0.901826 0.044306 0.902914 0.049090
304.000000 0.901838 0.044450 0.902933 0.049248
305.000000 0.901850 0.044593 0.902952 0.049406
306.000000 0.901862 0.044737 0.902971 0.049564
307.000000 0.901874 0.044880 0.902990 0.049722
308.000000 0.901887 0.045024 0.903010 0.049880
309.000000 0.901899 0.045167 0.903029 0.050038
310.000000 0.901911 0.045311 0.903049 0.050196
311.000000 0.901924 0.045454 0.903068 0.050354
312.000000 0.901936 0.045598 0.903088 0.050512
313.000000 0.901948 0.045741 0.903108 0.050670
314.000000 0.901961 0.045884 0.903127 0.050828
315.000000 0.901973 0.046028 0.903147 0.050986
316.000000 0.901986 0.046171 0.903167 0.051143
317.000000 0.901999 0.046314 0.903187 0.051301
318.000000 0.902011 0.046457 0.903207 0.051459
319.000000 0.902024 0.046601 0.903227 0.051616
320.000000 0.902037 0.046744 0.903247 0.051774
321.000000 0.902049 0.046887 0.903267 0.051932
322.000000 0.902062 0.047030 0.903287 0.052089
323.000000 0.902075 0.047173 0.903308 0.052247
324.000000 0.902088 0.047316 0.903328 0.052404
325.000000 0.902101 0.047460 0.903348 0.052562
326.000000 0.902114 0.047603 0.903369 0.052719
327.000000 0.902127 0.047746 0.903389 0.052876
328.000000 0.902140 0.047889 0.903410 0.053034
329.000000 0.902153 0.048032 0.903431 0.053191
330.000000 0.902166 0.048174 0.903451 0.053348
331.000000 0.902179 0.048317 0.903472 0.053505
332.000000 0.902192 0.048460 0.903493 0.053662
333.000000 0.902206 0.048603 0.903514 0.053819
334.000000 0.902219 0.048746 0.903535 0.053976
335.000000 0.902232 0.048889 0.903556 0.054133
336.000000 0.902246 0.049031 0.903577 0.054290
337.000000 0.902259 0.049174 0.903598 0.054447
338.000000 0.902272 0.049317 0.903619 0.054604
339.000000 0.902286 0.049460 0.903640 0.054761
340.000000 0.902299 0.049602 0.903662 0.054918
341.000000 0.902313 0.049745 0.903683 0.055075
342.000000 0.902327 0.049887 0.903705 0.055231
343.000000 0.902340 0.050030 0.903726 0.055388
344.000000 0.902354 0.050172 0.903748 0.055545
345.000000 0.902368 0.050315 0.903769 0.055701
346.000000 0.902381 0.050457 0.903791 0.055858
347.000000 0.902395 0.050600 0.903813 0.056014
348.000000 0.902409 0.050742 0.903835 0.056171
349.000000 0.902423 0.050885 0.903856 0.056327
350.000000 0.902437 0.051027 0.903878 0.056484
351.000000 0.902451 0.051169 0.903900 0.056640
352.000000 0.902465 0.051312 0.903922 0.056796
353.000000 0.902479 0.051454 0.903944 0.056952
354.000000 0.902493 0.051596 0.903967 0.057109
355.000000 0.902507 0.051738 0.903989 0.057265
356.000000 0.902521 0.051881 0.904011 0.057421
357.000000 0.902535 0.052023 0.904033 0.057577
358.000000 0.902550 0.052165 0.904056 0.057733
359.000000 0.902564 0.052307 0.904078 0.057889
360.000000 0.902578 0.052449 0.904101 0.058045
361.000000 0.902593 0.052591 0.904123 0.058201
362.000000 0.902607 0.052733 0.904146 0.058357
363.000000 0.902621 0.052875 0.904169 0.058513
364.000000 0.902636 0.053017 0.904192 0.058668
365.000000 0.902650 0.053159 0.904214 0.058824
366.000000 0.902665 0.053301 0.904237 0.058980
367.000000 0.902680 0.053443 0.904260 0.059135
368.000000 0.902694 0.053584 0.904283 0.059291
369.000000 0.902709 0.053726 0.904306 0.059447
370.000000 0.902724 0.053868 0.904329 0.059602
371.000000 0.902738 0.054010 0.904353 0.059758
372.000000 0.902753 0.054151 0.904376 0.059913
373.000000 0.902768 0.054293 0.904399 0.060068
374.000000 0.902783 0.054435 0.904422 0.060224
375.000000 0.902798 0.054576 0.904446 0.060379
376.000000 0.902813 0.054718 0.904469 0.060534
377.000000 0.902828 0.054859 0.904493 0.060689
378.000000 0.902843 0.055001 0.904517 0.060845
379.000000 0.902858 0.055142 0.904540 0.061000
380.000000 0.902873 0.055284 0.904564 0.061155
381.000000 0.902888 0.055425 0.904588 0.061310
382.000000 0.902903 0.055567 0.904612 0.061465
383.000000 0.902919 0.055708 0.904635 0.061620
384.000000 0.902934 0.055849 0.904659 0.061774
385.000000 0.902949 0.055991 0.904683 0.061929
386.000000 0.902964 0.056132 0.904707 0.062084
387.000000 0.902980 0.056273 0.904732 0.062239
388.000000 0.902995 0.056414 0.904756 0.062393
389.000000 0.903011 0.056555 0.904780 0.062548
390.000000 0.903026 0.056697 0.904804 0.062703
391.000000 0.903042 0.056838 0.904829 0.062857
392.000000 0.903057 0.056979 0.904853 0.063012
393.000000 0.903073 0.057120 0.904878 0.063166
394.000000 0.903089 0.057261 0.904902 0.063321
395.000000 0.903104 0.057402 0.904927 0.063475
396.000000 0.903120 0.057543 0.904952 0.063629
397.000000 0.903136 0.057683 0.904976 0.063784
398.000000 0.903152 0.057824 0.905001 0.063938
399.000000 0.903168 0.057965 0.905026 0.064092
400.000000 0.903184 0.058106 0.905051 0.064246
401.000000 0.903200 0.058247 0.905076 0.064400
402.000000 0.903216 0.058387 0.905101 0.064554
403.000000 0.903232 0.058528 0.905126 0.064708
404.000000 0.903248 0.058669 0.905151 0.064862
405.000000 0.903264 0.058809 0.905176 0.065016
406.000000 0.903280 0.058950 0.905202 0.065170
407.000000 0.903296 0.059091 0.905227 0.065324
408.000000 0.903312 0.059231 0.905252 0.065477
409.000000 0.903329 0.059372 0.905278 0.065631
410.000000 0.903345 0.059512 0.905303 0.065785
411.000000 0.903361 0.059652 0.905329 0.065938
412.000000 0.903378 0.059793 0.905354 0.066092
413.000000 0.903394 0.059933 0.905380 0.066245
414.000000 0.903411 0.060074 0.905406 0.066399
415.000000 0.903427 0.060214 0.905432 0.066552
416.000000 0.903444 0.060354 0.905458 0.066705
417.000000 0.903460 0.060494 0.905483 0.066859
418.000000 0.903477 0.060634 0.905509 0.067012
419.000000 0.903494 0.060775 0.905535 0.067165
420.000000 0.903510 0.060915 0.905562 0.067318
421.000000 0.903527 0.061055 0.905588 0.067471
422.000000 0.903544 0.061195 0.905614 0.067624
423.000000 0.903561 0.061335 0.905640 0.067777
424.000000 0.903578 0.061475 0.905667 0.067930
425.000000 0.903595 0.061615 0.905693 0.068083
426.000000 0.903612 0.061755 0.905719 0.068236
427.000000 0.903629 0.061895 0.905746 0.068389
428.000000 0.903646 0.062034 0.905772 0.068541
429.000000 0.903663 0.062174 0.905799 0.068694
430.000000 0.903680 0.062314 0.905826 0.068847
431.000000 0.903697 0.062454 0.905852 0.068999
432.000000 0.903714 0.062593 0.905879 0.069152
433.000000 0.903731 0.062733 0.905906 0.069304
434.000000 0.903749 0.062873 0.905933 0.069457
435.000000 0.903766 0.063012 0.905960 0.069609
436.000000 0.903783 0.063152 0.905987 0.069761
437.000000 0.903801 0.063291 0.906014 0.069914
438.000000 0.903818 0.063431 0.906041 0.070066
439.000000 0.903836 0.063570 0.906068 0.070218
440.000000 0.903853 0.063710 0.906096 0.070370
441.000000 0.903871 0.063849 0.906123 0.070522
442.000000 0.903888 0.063988 0.906150 0.070674
443.000000 0.903906 0.064128 0.906178 0.070826
444.000000 0.903924 0.064267 0.906205 0.070978
445.000000 0.903941 0.064406 0.906233 0.071130
446.000000 0.903959 0.064545 0.906261 0.071282
447.000000 0.903977 0.064684 0.906288 0.071434
448.000000 0.903995 0.064823 0.906316 0.071585
449.000000 0.904013 0.064963 0.906344 0.071737
450.000000 0.904031 0.065102 0.906372 0.071888
451.000000 0.904049 0.065241 0.906400 0.072040
452.000000 0.904067 0.065379 0.906427 0.072191
453.000000 0.904085 0.065518 0.906456 0.072343
454.000000 0.904103 0.065657 0.906484 0.072494
455.000000 0.904121 0.065796 0.906512 0.072646
456.000000 0.904139 0.065935 0.906540 0.072797
457.000000 0.904157 0.066074 0.906568 0.072948
458.000000 0.904175 0.066212 0.906596 0.073099
459.000000 0.904194 0.066351 0.906625 0.073250
460.000000 0.904212 0.066490 0.906653 0.073401
461.000000 0.904230 0.066628 0.906682 0.073552
462.000000 0.904249 0.066767 0.906710 0.073703
463.000000 0.904267 0.066906 0.906739 0.073854
464.000000 0.904286 0.067044 0.906768 0.074005
465.000000 0.904304 0.067183 0.906796 0.074156
466.000000 0.904323 0.067321 0.906825 0.074306
467.000000 0.904341 0.067459 0.906854 0.074457
468.000000 0.904360 0.067598 0.906883 0.074608
469.000000 0.904379 0.067736 0.906912 0.074758
470.000000 0.904397 0.067874 0.906941 0.074909
471.000000 0.904416 0.068012 0.906970 0.075059
472.000000 0.904435 0.068151 0.906999 0.075210
473.000000 0.904454 0.068289 0.907028 0.075360
474.000000 0.904473 0.068427 0.907057 0.075510
475.000000 0.904492 0.068565 0.907087 0.075660
476.000000 0.904511 0.068703 0.907116 0.075810
477.000000 0.904530 0.068841 0.907145 0.075961
478.000000 0.904549 0.068979 0.907175 0.076111
479.000000 0.904568 0.069117 0.907204 0.076261
480.000000 0.904587 0.069255 0.907234 0.076411
481.000000 0.904606 0.069393 0.907264 0.076560
482.000000 0.904625 0.069530 0.907293 0.076710
483.000000 0.904644 0.069668 0.907323 0.076860
484.000000 0.904664 0.069806 0.907353 0.077010
485.000000 0.904683 0.069944 0.907383 0.077159
486.000000 0.904702 0.070081 0.907413 0.077309
487.000000 0.904722 0.070219 0.907443 0.077458
488.000000 0.904741 0.070356 0.907473 0.077608
489.000000 0.904761 0.070494 0.907503 0.077757
490.000000 0.904780 0.070631 0.907533 0.077907
491.000000 0.904800 0.070769 0.907563 0.078056
492.000000 0.904819 0.070906 0.907593 0.078205
493.000000 0.904839 0.071044 0.907624 0.078354
494.000000 0.904859 0.071181 0.907654 0.078504
495.000000 0.904878 0.071318 0.907685 0.078653
496.000000 0.904898 0.071455 0.907715 0.078802
497.000000 0.904918 0.071593 0.907746 0.078951
498.000000 0.904938 0.071730 0.907776 0.079100
499.000000 0.904958 0.071867 0.907807 0.079248
500.000000 0.904978 0.072004 0.907838 0.079397
501.000000 0.904998 0.072141 0.907868 0.079546
502.000000 0.905018 0.072278 0.907899 0.079695
503.000000 0.905038 0.072415 0.907930 0.079843
504.000000 0.905058 0.072552 0.907961 0.079992
505.000000 0.905078 0.072689 0.907992 0.080140
506.000000 0.905098 0.072826 0.908023 0.080289
507.000000 0.905118 0.072962 0.908054 0.080437
508.000000 0.905138 0.073099 0.908085 0.080585
509.000000 0.905159 0.073236 0.908117 0.080733
510.000000 0.905179 0.073372 0.908148 0.080882
511.000000 0.905199 0.073509 0.908179 0.081030
512.000000 0.905220 0.073646 0.908211 0.081178
513.000000 0.905240 0.073782 0.908242 0.081326
514.000000 0.905261 0.073919 0.908274 0.081474
515.000000 0.905281 0.074055 0.908305 0.081622
516.000000 0.905302 0.074192 0.908337 0.081770
517.000000 0.905322 0.074328 0.908369 0.081917
518.000000 0.905343 0.074464 0.908400 0.082065
519.000000 0.905364 0.074601 0.908432 0.082213
520.000000 0.905384 0.074737 0.908464 0.082360
521.000000 0.905405 0.074873 0.908496 0.082508
522.000000 0.905426 0.075009 0.908528 0.082655
523.000000 0.905447 0.075145 0.908560 0.082803
524.000000 0.905468 0.075281 0.908592 0.082950
525.000000 0.905489 0.075417 0.908624 0.083097
526.000000 0.905510 0.075553 0.908656 0.083244
527.000000 0.905531 0.075689 0.908688 0.083392
528.000000 0.905552 0.075825 0.908721 0.083539
529.000000 0.905573 0.075961 0.908753 0.083686
530.000000 0.905594 0.076097 0.908786 0.083833
531.000000 0.905615 0.076233 0.908818 0.083980
532.000000 0.905636 0.076368 0.908851 0.084126
533.000000 0.905658 0.076504 0.908883 0.084273
534.000000 0.905679 0.076640 0.908916 0.084420
535.000000 0.905700 0.076775 0.908948 0.084567
536.000000 0.905722 0.076911 0.908981 0.084713
537.000000 0.905743 0.077046 0.909014 0.084860
538.000000 0.905764 0.077182 0.909047 0.085006
539.000000 0.905786 0.077317 0.909080 0.085153
540.000000 0.905807 0.077452 0.909113 0.085299
541.000000 0.905829 0.077588 0.909146 0.085445
542.000000 0.905851 0.077723 0.909179 0.085592
543.000000 0.905872 0.077858 0.909212 0.085738
544.000000 0.905894 0.077993 0.909245 0.085884
545.000000 0.905916 0.078129 0.909278 0.086030
546.000000 0.905937 0.078264 0.909312 0.086176
547.000000 0.905959 0.078399 0.909345 0.086322
548.000000 0.905981 0.078534 0.909378 0.086468
549.000000 0.906003 0.078669 0.909412 0.086613
550.000000 0.906025 0.078804 0.909445 0.086759
551.000000 0.906047 0.078939 0.909479 0.086905
552.000000 0.906069 0.079073 0.909513 0.087050
553.000000 0.906091 0.079208 0.909546 0.087196
554.000000 0.906113 0.079343 0.909580 0.087341
555.000000 0.906135 0.079478 0.909614 0.087487
556.000000 0.906157 0.079612 0.909648 0.087632
557.000000 0.906179 0.079747 0.909682 0.087777
558.000000 0.906202 0.079881 0.909716 0.087923
559.000000 0.906224 0.080016 0.909750 0.088068
560.000000 0.906246 0.080150 0.909784 0.088213
561.000000 0.906269 0.080285 0.909818 0.088358
562.000000 0.906291 0.080419 0.909852 0.088503
563.000000 0.906314 0.080554 0.909886 0.088648
564.000000 0.906336 0.080688 0.909921 0.088792
565.000000 0.906359 0.080822 0.909955 0.088937
566.000000 0.906381 0.080956 0.909989 0.089082
567.000000 0.906404 0.081091 0.910024 0.089226
568.000000 0.906426 0.081225 0.910058 0.089371
569.000000 0.906449 0.081359 0.910093 0.089516
570.000000 0.906472 0.081493 0.910128 0.089660
571.000000 0.906495 0.081627 0.910162 0.089804
572.000000 0.906517 0.081761 0.910197 0.089949
573.000000 0.906540 0.081894 0.910232 0.090093
574.000000 0.906563 0.082028 0.910267 0.090237
575.000000 0.906586 0.082162 0.910302 0.090381
576.000000 0.906609 0.082296 0.910337 0.090525
577.000000 0.906632 0.082429 0.910372 0.090669
578.000000 0.906655 0.082563 0.910407 0.090813
579.000000 0.906678 0.082697 0.910442 0.090957
580.000000 0.906701 0.082830 0.910477 0.091101
581.000000 0.906725 0.082964 0.910512 0.091244
582.000000 0.906748 0.083097 0.910547 0.091388
583.000000 0.906771 0.083231 0.910583 0.091531
584.000000 0.906794 0.083364 0.910618 0.091675
585.000000 0.906818 0.083497 0.910654 0.091818
586.000000 0.906841 0.083631 0.910689 0.091962
587.000000 0.906864 0.083764 0.910725 0.092105
588.000000 0.906888 0.083897 0.910760 0.092248
589.000000 0.906911 0.084030 0.910796 0.092391
590.000000 0.906935 0.084163 0.910832 0.092535
591.000000 0.906958 0.084296 0.910867 0.092678
592.000000 0.906982 0.084429 0.910903 0.092821
593.000000 0.907006 0.084562 0.910939 0.092963
594.000000 0.907029 0.084695 0.910975 0.093106
595.000000 0.907053 0.084828 0.911011 0.093249
596.000000 0.907077 0.084961 0.911047 0.093392
597.000000 0.907101 0.085093 0.911083 0.093534
598.000000 0.907125 0.085226 0.911119 0.093677
599.000000 0.907148 0.085359 0.911156 0.093819
600.000000 0.907172 0.085491 0.911192 0.093962
601.000000 0.907196 0.085624 0.911228 0.094104
602.000000 0.907220 0.085756 0.911265 0.094246
603.000000 0.907244 0.085889 0.911301 0.094389
604.000000 0.907269 0.086021 0.911337 0.094531
605.000000 0.907293 0.086153 0.911374 0.094673
606.000000 0.907317 0.086286 0.911411 0.094815
607.000000 0.907341 0.086418 0.911447 0.094957
608.000000 0.907365 0.086550 0.911484 0.095099
609.000000 0.907390 0.086682 0.911521 0.095240
610.000000 0.907414 0.086814 0.911557 0.095382
611.000000 0.907438 0.086947 0.911594 0.095524
612.000000 0.907463 0.087079 0.911631 0.095665
613.000000 0.907487 0.087210 0.911668 0.095807
614.000000 0.907512 0.087342 0.911705 0.095948
615.000000 0.907536 0.087474 0.911742 0.096090
616.000000 0.907561 0.087606 0.911779 0.096231
617.000000 0.907585 0.087738 0.911816 0.096372
618.000000 0.907610 0.087870 0.911854 0.096513
619.000000 0.907635 0.088001 0.911891 0.096654
620.000000 0.907660 0.088133 0.911928 0.096796
621.000000 0.907684 0.088264 0.911966 0.096936
622.000000 0.907709 0.088396 0.912003 0.097077
623.000000 0.907734 0.088527 0.912041 0.097218
624.000000 0.907759 0.088659 0.912078 0.097359
625.000000 0.907784 0.088790 0.912116 0.097500
626.000000 0.907809 0.088921 0.912153 0.097640
627.000000 0.907834 0.089053 0.912191 0.097781
628.000000 0.907859 0.089184 0.912229 0.097921
629.000000 0.907884 0.089315 0.912267 0.098062
630.000000 0.907909 0.089446 0.912305 0.098202
631.000000 0.907934 0.089577 0.912342 0.098342
632.000000 0.907959 0.089708 0.912380 0.098482
633.000000 0.907985 0.089839 0.912418 0.098622
634.000000 0.908010 0.089970 0.912456 0.098762
635.000000 0.908035 0.090101 0.912495 0.098902
636.000000 0.908061 0.090232 0.912533 0.099042
637.000000 0.908086 0.090362 0.912571 0.099182
638.000000 0.908112 0.090493 0.912609 0.099322
639.000000 0.908137 0.090624 0.912648 0.099462
640.000000 0.908163 0.090754 0.912686 0.099601
641.000000 0.908188 0.090885 0.912724 0.099741
642.000000 0.908214 0.091015 0.912763 0.099880
643.000000 0.908240 0.091146 0.912802 0.100020
644.000000 0.908265 0.091276 0.912840 0.100159
645.000000 0.908291 0.091407 0.912879 0.100298
646.000000 0.908317 0.091537 0.912917 0.100437
647.000000 0.908343 0.091667 0.912956 0.100576
648.000000 0.908368 0.091797 0.912995 0.100715
649.000000 0.908394 0.091927 0.913034 0.100854
650.000000 0.908420 0.092057 0.913073 0.100993
651.000000 0.908446 0.092187 0.913112 0.101132
652.000000 0.908472 0.092317 0.913151 0.101271
653.000000 0.908498 0.092447 0.913190 0.101409
654.000000 0.908524 0.092577 0.913229 0.101548
655.000000 0.908551 0.092707 0.913268 0.101686
656.000000 0.908577 0.092837 0.913307 0.101825
657.000000 0.908603 0.092967 0.913347 0.101963
658.000000 0.908629 0.093096 0.913386 0.102102
659.000000 0.908656 0.093226 0.913425 0.102240
660.000000 0.908682 0.093355 0.913465 0.102378
661.000000 0.908708 0.093485 0.913504 0.102516
662.000000 0.908735 0.093614 0.913544 0.102654
663.000000 0.908761 0.093744 0.913583 0.102792
664.000000 0.908788 0.093873 0.913623 0.102930
665.000000 0.908814 0.094002 0.913663 0.103068
666.000000 0.908841 0.094132 0.913702 0.103205
667.000000 0.908867 0.094261 0.913742 0.103343
668.000000 0.908894 0.094390 0.913782 0.103480
669.000000 0.908921 0.094519 0.913822 0.103618
670.000000 0.908947 0.094648 0.913862 0.103755
671.000000 0.908974 0.094777 0.913902 0.103893
672.000000 0.909001 0.094906 0.913942 0.104030
673.000000 0.909028 0.095035 0.913982 0.104167
674.000000 0.909055 0.095163 0.914022 0.104304
675.000000 0.909082 0.095292 0.914063 0.104441
676.000000 0.909109 0.095421 0.914103 0.104578
677.000000 0.909136 0.095550 0.914143 0.104715
678.000000 0.909163 0.095678 0.914183 0.104852
679.000000 0.909190 0.095807 0.914224 0.104988
680.000000 0.909217 0.095935 0.914264 0.105125
681.000000 0.909244 0.096064 0.914305 0.105262
682.000000 0.909271 0.096192 0.914345 0.105398
683.000000 0.909299 0.096320 0.914386 0.105535
684.000000 0.909326 0.096449 0.914427 0.105671
685.000000 0.909353 0.096577 0.914467 0.105807
686.000000 0.909381 0.096705 0.914508 0.105943
687.000000 0.909408 0.096833 0.914549 0.106080
688.000000 0.909436 0.096961 0.914590 0.106216
689.000000 0.909463 0.097089 0.914631 0.106352
690.000000 0.909491 0.097217 0.914672 0.106487
691.000000 0.909518 0.097345 0.914713 0.106623
692.000000 0.909546 0.097473 0.914754 0.106759
693.000000 0.909574 0.097601 0.914795 0.106895
694.000000 0.909601 0.097728 0.914836 0.107030
695.000000 0.909629 0.097856 0.914877 0.107166
696.000000 0.909657 0.097984 0.914919 0.107301
697.000000 0.909685 0.098111 0.914960 0.107436
698.000000 0.909712 0.098239 0.915001 0.107572
699.000000 0.909740 0.098366 0.915043 0.107707
700.000000 0.909768 0.098493 0.915084 0.107842
701.000000 0.909796 0.098621 0.915126 0.107977
702.000000 0.909824 0.098748 0.915167 0.108112
703.000000 0.909852 0.098875 0.915209 0.108247
704.000000 0.909881 0.099002 0.915251 0.108382
705.000000 0.909909 0.099129 0.915293 0.108516
706.000000 0.909937 0.099257 0.915334 0.108651
707.000000 0.909965 0.099384 0.915376 0.108786
708.000000 0.909993 0.099510 0.915418 0.108920
709.000000 0.910022 0.099637 0.915460 0.109055
710.000000 0.910050 0.099764 0.915502 0.109189
711.000000 0.910078 0.099891 0.915544 0.109323
712.000000 0.910107 0.100018 0.915586 0.109457
713.000000 0.910135 0.100144 0.915628 0.109591
714.000000 0.910164 0.100271 0.915670 0.109725
715.000000 0.910192 0.100397 0.915713 0.109859
716.000000 0.910221 0.100524 0.915755 0.109993
717.000000 0.910250 0.100650 0.915797 0.110127
718.000000 0.910278 0.100777 0.915840 0.110261
719.000000 0.910307 0.100903 0.915882 0.110394
720.000000 0.910336 0.101029 0.915925 0.110528
721.000000 0.910364 0.101156 0.915967 0.110661
722.000000 0.910393 0.101282 0.916010 0.110795
723.000000 0.910422 0.101408 0.916052 0.110928
724.000000 0.910451 0.101534 0.916095 0.111061
725.000000 0.910480 0.101660 0.916138 0.111195
726.000000 0.910509 0.101786 0.916181 0.111328
727.000000 0.910538 0.101912 0.916223 0.111461
728.000000 0.910567 0.102037 0.916266 0.111594
729.000000 0.910596 0.102163 0.916309 0.111726
730.000000 0.910625 0.102289 0.916352 0.111859
731.000000 0.910654 0.102414 0.916395 0.111992
732.000000 0.910684 0.102540 0.916438 0.112124
733.000000 0.910713 0.102665 0.916481 0.112257
734.000000 0.910742 0.102791 0.916525 0.112389
735.000000 0.910772 0.102916 0.916568 0.112522
736.000000 0.910801 0.103042 0.916611 0.112654
737.000000 0.910830 0.103167 0.916654 0.112786
738.000000 0.910860 0.103292 0.916698 0.112918
739.000000 0.910889 0.103417 0.916741 0.113050
740.000000 0.910919 0.103542 0.916785 0.113182
741.000000 0.910949 0.103668 0.916828 0.113314
742.000000 0.910978 0.103793 0.916872 0.113446
743.000000 0.911008 0.103917 0.916916 0.113578
744.000000 0.911038 0.104042 0.916959 0.113709
745.000000 0.911067 0.104167 0.917003 0.113841
746.000000 0.911097 0.104292 0.917047 0.113972
747.000000 0.911127 0.104417 0.917091 0.114104
748.000000 0.911157 0.104541 0.917134 0.114235
749.000000 0.911187 0.104666 0.917178 0.114366
750.000000 0.911217 0.104790 0.917222 0.114498
751.000000 0.911247 0.104915 0.917266 0.114629
752.000000 0.911277 0.105039 0.917310 0.114760
753.000000 0.911307 0.105164 0.917354 0.114890
754.000000 0.911337 0.105288 0.917399 0.115021
755.000000 0.911367 0.105412 0.917443 0.115152
756.000000 0.911397 0.105536 0.917487 0.115283
757.000000 0.911427 0.105660 0.917531 0.115413
758.000000 0.911458 0.105784 0.917576 0.115544
759.000000 0.911488 0.105908 0.917620 0.115674
760.000000 0.911518 0.106032 0.917665 0.115804
761.000000 0.911549 0.106156 0.917709 0.115935
762.000000 0.911579 0.106280 0.917754 0.116065
763.000000 0.911610 0.106404 0.917798 0.116195
764.000000 0.911640 0.106527 0.917843 0.116325
765.000000 0.911671 0.106651 0.917888 0.116455
766.000000 0.911701 0.106775 0.917932 0.116585
767.000000 0.911732 0.106898 0.917977 0.116715
768.000000 0.911762 0.107022 0.918022 0.116844
769.000000 0.911793 0.107145 0.918067 0.116974
770.000000 0.911824 0.107268 0.918112 0.117103
771.000000 0.911855 0.107392 0.918157 0.117233
772.000000 0.911885 0.107515 0.918202 0.117362
773.000000 0.911916 0.107638 0.918247 0.117491
774.000000 0.911947 0.107761 0.918292 0.117620
775.000000 0.911978 0.107884 0.918337 0.117750
776.000000 0.912009 0.108007 0.918382 0.117879
777.000000 0.912040 0.108130 0.918428 0.118007
778.000000 0.912071 0.108253 0.918473 0.118136
779.000000 0.912102 0.108376 0.918518 0.118265
780.000000 0.912134 0.108498 0.918564 0.118394
781.000000 0.912165 0.108621 0.918609 0.118522
782.000000 0.912196 0.108744 0.918655 0.118651
783.000000 0.912227 0.108866 0.918700 0.118779
784.000000 0.912258 0.108989 0.918746 0.118908
785.000000 0.912290 0.109111 0.918792 0.119036
786.000000 0.912321 0.109233 0.918837 0.119164
787.000000 0.912353 0.109356 0.918883 0.119292
788.000000 0.912384 0.109478 0.918929 0.119420
789.000000 0.912416 0.109600 0.918975 0.119548
790.000000 0.912447 0.109722 0.919021 0.119676
791.000000 0.912479 0.109844 0.919066 0.119804
792.000000 0.912510 0.109966 0.919112 0.119931
793.000000 0.912542 0.110088 0.919158 0.120059
794.000000 0.912574 0.110210 0.919205 0.120186
795.000000 0.912605 0.110332 0.919251 0.120314
796.000000 0.912637 0.110454 0.919297 0.120441
797.000000 0.912669 0.110575 0.919343 0.120568
798.000000 0.912701 0.110697 0.919389 0.120695
799.000000 0.912733 0.110818 0.919436 0.120823
800.000000 0.912765 0.110940 0.919482 0.120950
801.000000 0.912797 0.111061 0.919528 0.121076
802.000000 0.912829 0.111183 0.919575 0.121203
803.000000 0.912861 0.111304 0.919621 0.121330
804.000000 0.912893 0.111425 0.919668 0.121457
805.000000 0.912925 0.111546 0.919715 0.121583
806.000000 0.912957 0.111668 0.919761 0.121710
807.000000 0.912989 0.111789 0.919808 0.121836
808.000000 0.913022 0.111910 0.919855 0.121962
809.000000 0.913054 0.112031 0.919901 0.122089
810.000000 0.913086 0.112151 0.919948 0.122215
811.000000 0.913119 0.112272 0.919995 0.122341
812.000000 0.913151 0.112393 0.920042 0.122467
813.000000 0.913184 0.112514 0.920089 0.122593
814.000000 0.913216 0.112634 0.920136 0.122718
815.000000 0.913249 0.112755 0.920183 0.122844
816.000000 0.913281 0.112875 0.920230 0.122970
817.000000 0.913314 0.112996 0.920277 0.123095
818.000000 0.913347 0.113116 0.920324 0.123221
819.000000 0.913379 0.113236 0.920372 0.123346
820.000000 0.913412 0.113357 0.920419 0.123471
821.000000 0.913445 0.113477 0.920466 0.123596
822.000000 0.913478 0.113597 0.920514 0.123721
823.000000 0.913510 0.113717 0.920561 0.123846
824.000000 0.913543 0.113837 0.920609 0.123971
825.000000 0.913576 0.113957 0.920656 0.124096
826.000000 0.913609 0.114077 0.920704 0.124221
827.000000 0.913642 0.114197 0.920751 0.124346
828.000000 0.913675 0.114316 0.920799 0.124470
829.000000 0.913708 0.114436 0.920847 0.124595
830.000000 0.913742 0.114556 0.920894 0.124719
831.000000 0.913775 0.114675 0.920942 0.124843
832.000000 0.913808 0.114795 0.920990 0.124968
833.000000 0.913841 0.114914 0.921038 0.125092
834.000000 0.913874 0.115033 0.921086 0.125216
835.000000 0.913908 0.115153 0.921134 0.125340
836.000000 0.913941 0.115272 0.921182 0.125464
837.000000 0.913975 0.115391 0.921230 0.125587
838.000000 0.914008 0.115510 0.921278 0.125711
839.000000 0.914042 0.115629 0.921326 0.125835
840.000000 0.914075 0.115748 0.921374 0.125958
841.000000 0.914109 0.115867 0.921423 0.126082
842.000000 0.914142 0.115986 0.921471 0.126205
843.000000 0.914176 0.116105 0.921519 0.126328
844.000000 0.914210 0.116223 0.921568 0.126451
845.000000 0.914243 0.116342 0.921616 0.126575
846.000000 0.914277 0.116460 0.921665 0.126697
847.000000 0.914311 0.116579 0.921713 0.126820
848.000000 0.914345 0.116697 0.921762 0.126943
849.000000 0.914379 0.116816 0.921810 0.127066
850.000000 0.914413 0.116934 0.921859 0.127189
851.000000 0.914447 0.117052 0.921908 0.127311
852.000000 0.914481 0.117170 0.921956 0.127434
853.000000 0.914515 0.117289 0.922005 0.127556
854.000000 0.914549 0.117407 0.922054 0.127678
855.000000 0.914583 0.117525 0.922103 0.127800
856.000000 0.914617 0.117643 0.922152 0.127923
857.000000 0.914651 0.117760 0.922201 0.128045
858.000000 0.914686 0.117878 0.922250 0.128166
859.000000 0.914720 0.117996 0.922299 0.128288
860.000000 0.914754 0.118114 0.922348 0.128410
861.000000 0.914788 0.118231 0.922397 0.128532
862.000000 0.914823 0.118349 0.922446 0.128653
863.000000 0.914857 0.118466 0.922496 0.128775
864.000000 0.914892 0.118583 0.922545 0.128896
865.000000 0.914926 0.118701 0.922594 0.129017
866.000000 0.914961 0.118818 0.922644 0.129139
867.000000 0.914996 0.118935 0.922693 0.129260
868.000000 0.915030 0.119052 0.922742 0.129381
869.000000 0.915065 0.119169 0.922792 0.129502
870.000000 0.915100 0.119286 0.922842 0.129623
871.000000 0.915134 0.119403 0.922891 0.129743
872.000000 0.915169 0.119520 0.922941 0.129864
873.000000 0.915204 0.119637 0.922990 0.129985
874.000000 0.915239 0.119754 0.923040 0.130105
875.000000 0.915274 0.119870 0.923090 0.130225
876.000000 0.915309 0.119987 0.923140 0.130346
877.000000 0.915344 0.120103 0.923190 0.130466
878.000000 0.915379 0.120220 0.923240 0.130586
879.000000 0.915414 0.120336 0.923289 0.130706
880.000000 0.915449 0.120453 0.923339 0.130826
881.000000 0.915484 0.120569 0.923389 0.130946
882.000000 0.915519 0.120685 0.923440 0.131066
883.000000 0.915555 0.120801 0.923490 0.131185
884.000000 0.915590 0.120917 0.923540 0.131305
885.000000 0.915625 0.121033 0.923590 0.131424
886.000000 0.915661 0.121149 0.923640 0.131544
887.000000 0.915696 0.121265 0.923691 0.131663
888.000000 0.915731 0.121381 0.923741 0.131782
889.000000 0.915767 0.121496 0.923791 0.131902
890.000000 0.915802 0.121612 0.923842 0.132021
891.000000 0.915838 0.121728 0.923892 0.132140
892.000000 0.915874 0.121843 0.923943 0.132258
893.000000 0.915909 0.121959 0.923993 0.132377
894.000000 0.915945 0.122074 0.924044 0.132496
895.000000 0.915981 0.122189 0.924095 0.132614
896.000000 0.916016 0.122305 0.924145 0.132733
897.000000 0.916052 0.122420 0.924196 0.132851
898.000000 0.916088 0.122535 0.924247 0.132970
899.000000 0.916124 0.122650 0.924298 0.133088
900.000000 0.916160 0.122765 0.924348 0.133206
901.000000 0.916196 0.122880 0.924399 0.133324
902.000000 0.916232 0.122995 0.924450 0.133442
903.000000 0.916268 0.123109 0.924501 0.133560
904.000000 0.916304 0.123224 0.924552 0.133677
905.000000 0.916340 0.123339 0.924603 0.133795
906.000000 0.916376 0.123453 0.924654 0.133913
907.000000 0.916412 0.123568 0.924706 0.134030
908.000000 0.916448 0.123682 0.924757 0.134148
909.000000 0.916485 0.123796 0.924808 0.134265
910.000000 0.916521 0.123911 0.924859 0.134382
911.000000 0.916557 0.124025 0.924911 0.134499
912.000000 0.916594 0.124139 0.924962 0.134616
913.000000 0.916630 0.124253 0.925013 0.134733
914.000000 0.916667 0.124367 0.925065 0.134850
915.000000 0.916703 0.124481 0.925116 0.134967
916.000000 0.916740 0.124595 0.925168 0.135083
917.000000 0.916776 0.124709 0.925219 0.135200
918.000000 0.916813 0.124822 0.925271 0.135316
919.000000 0.916850 0.124936 0.925323 0.135433
920.000000 0.916886 0.125050 0.925374 0.135549
921.000000 0.916923 0.125163 0.925426 0.135665
922.000000 0.916960 0.125277 0.925478 0.135781
923.000000 0.916997 0.125390 0.925530 0.135897
924.000000 0.917034 0.125503 0.925582 0.136013
925.000000 0.917070 0.125617 0.925634 0.136129
926.000000 0.917107 0.125730 0.925686 0.136245
927.000000 0.917144 0.125843 0.925738 0.136360
928.000000 0.917181 0.125956 0.925790 0.136476
929.000000 0.917218 0.126069 0.925842 0.136591
930.000000 0.917255 0.126182 0.925894 0.136706
931.000000 0.917293 0.126295 0.925946 0.136822
932.000000 0.917330 0.126407 0.925998 0.136937
933.000000 0.917367 0.126520 0.926051 0.137052
934.000000 0.917404 0.126633 0.926103 0.137167
935.000000 0.917442 0.126745 0.926155 0.137282
936.000000 0.917479 0.126858 0.926208 0.137396
937.000000 0.917516 0.126970 0.926260 0.137511
938.000000 0.917554 0.127082 0.926312 0.137626
939.000000 0.917591 0.127195 0.926365 0.137740
940.000000 0.917629 0.127307 0.926417 0.137855
941.000000 0.917666 0.127419 0.926470 0.137969
942.000000 0.917704 0.127531 0.926523 0.138083
943.000000 0.917741 0.127643 0.926575 0.138197
944.000000 0.917779 0.127755 0.926628 0.138311
945.000000 0.917817 0.127867 0.926681 0.138425
946.000000 0.917854 0.127978 0.926734 0.138539
947.000000 0.917892 0.128090 0.926786 0.138653
948.000000 0.917930 0.128202 0.926839 0.138766
949.000000 0.917968 0.128313 0.926892 0.138880
950.000000 0.918006 0.128425 0.926945 0.138993
951.000000 0.918044 0.128536 0.926998 0.139107
952.000000 0.918082 0.128647 0.927051 0.139220
953.000000 0.918120 0.128759 0.927104 0.139333
954.000000 0.918158 0.128870 0.927157 0.139446
955.000000 0.918196 0.128981 0.927211 0.139559
956.000000 0.918234 0.129092 0.927264 0.139672
957.000000 0.918272 0.129203 0.927317 0.139785
958.000000 0.918310 0.129314 0.927370 0.139897
959.000000 0.918348 0.129425 0.927424 0.140010
960.000000 0.918387 0.129536 0.927477 0.140123
961.000000 0.918425 0.129646 0.927530 0.140235
962.000000 0.918463 0.129757 0.927584 0.140347
963.000000 0.918502 0.129867 0.927637 0.140459
964.000000 0.918540 0.129978 0.927691 0.140572
965.000000 0.918579 0.130088 0.927744 0.140684
966.000000 0.918617 0.130199 0.927798 0.140795
967.000000 0.918656 0.130309 0.927852 0.140907
968.000000 0.918694 0.130419 0.927905 0.141019
969.000000 0.918733 0.130529 0.927959 0.141131
970.000000 0.918772 0.130639 0.928013 0.141242
971.000000 0.918810 0.130749 0.928067 0.141354
972.000000 0.918849 0.130859 0.928120 0.141465
973.000000 0.918888 0.130969 0.928174 0.141576
974.000000 0.918927 0.131079 0.928228 0.141687
975.000000 0.918965 0.131188 0.928282 0.141798
976.000000 0.919004 0.131298 0.928336 0.141909
977.000000 0.919043 0.131407 0.928390 0.142020
978.000000 0.919082 0.131517 0.928444 0.142131
979.000000 0.919121 0.131626 0.928498 0.142242
980.000000 0.919160 0.131736 0.928553 0.142352
981.000000 0.919199 0.131845 0.928607 0.142463
982.000000 0.919239 0.131954 0.928661 0.142573
983.000000 0.919278 0.132063 0.928715 0.142683
984.000000 0.919317 0.132172 0.928770 0.142794
985.000000 0.919356 0.132281 0.928824 0.142904
986.000000 0.919396 0.132390 0.928878 0.143014
987.000000 0.919435 0.132499 0.928933 0.143124
988.000000 0.919474 0.132607 0.928987 0.143233
989.000000 0.919514 0.132716 0.929042 0.143343
990.000000 0.919553 0.132825 0.929096 0.143453
991.000000 0.919593 0.132933 0.929151 0.143562
992.000000 0.919632 0.133042 0.929206 0.143672
993.000000 0.919672 0.133150 0.929260 0.143781
994.000000 0.919711 0.133258 0.929315 0.143890
995.000000 0.919751 0.133367 0.929370 0.143999
996.000000 0.919791 0.133475 0.929425 0.144108
997.000000 0.919830 0.133583 0.929480 0.144217
998.000000 0.919870 0.133691 0.929534 0.144326
999.000000 0.919910 0.133799 0.929589 0.144435
1000.000000 0.919950 0.133906 0.929644 0.144543
1001.000000 0.919990 0.134014 0.929699 0.144652
1002.000000 0.920029 0.134122 0.929754 0.144760
1003.000000 0.920069 0.134230 0.929809 0.144869
1004.000000 0.920109 0.134337 0.929864 0.144977
1005.000000 0.920149 0.134445 0.929920 0.145085
1006.000000 0.920190 0.134552 0.929975 0.145193
1007.000000 0.920230 0.134659 0.930030 0.145301
1008.000000 0.920270 0.134767 0.930085 0.145409
1009.000000 0.920310 0.134874 0.930141 0.145517
1010.000000 0.920350 0.134981 0.930196 0.145624
1011.000000 0.920390 0.135088 0.930251 0.145732
1012.000000 0.920431 0.135195 0.930307 0.145839
1013.000000 0.920471 0.135302 0.930362 0.145947
1014.000000 0.920512 0.135409 0.930418 0.146054
1015.000000 0.920552 0.135515 0.930473 0.146161
1016.000000 0.920592 0.135622 0.930529 0.146268
1017.000000 0.920633 0.135728 0.930584 0.146375
1018.000000 0.920673 0.135835 0.930640 0.146482
1019.000000 0.920714 0.135941 0.930696 0.146589
1020.000000 0.920755 0.136048 0.930751 0.146695
1021.000000 0.920795 0.136154 0.930807 0.146802
1022.000000 0.920836 0.136260 0.930863 0.146908
1023.000000 0.920877 0.136366 0.930919 0.147015
1024.000000 0.920917 0.136472 0.930975 0.147121
1025.000000 0.920958 0.136578 0.931031 0.147227
1026.000000 0.920999 0.136684 0.931086 0.147333
1027.000000 0.921040 0.136790 0.931142 0.147439
1028.000000 0.921081 0.136896 0.931198 0.147545
1029.000000 0.921122 0.137002 0.931255 0.147651
1030.000000 0.921163 0.137107 0.931311 0.147757
1031.000000 0.921204 0.137213 0.931367 0.147862
1032.000000 0.921245 0.137318 0.931423 0.147968
1033.000000 0.921286 0.137424 0.931479 0.148073
1034.000000 0.921327 0.137529 0.931535 0.148178
1035.000000 0.921369 0.137634 0.931592 0.148284
1036.000000 0.921410 0.137739 0.931648 0.148389
1037.000000 0.921451 0.137844 0.931704 0.148494
1038.000000 0.921492 0.137949 0.931761 0.148598
1039.000000 0.921534 0.138054 0.931817 0.148703
1040.000000 0.921575 0.138159 0.931874 0.148808
1041.000000 0.921616 0.138264 0.931930 0.148913
1042.000000 0.921658 0.138368 0.931987 0.149017
1043.000000 0.921699 0.138473 0.932043 0.149121
1044.000000 0.921741 0.138578 0.932100 0.149226
1045.000000 0.921783 0.138682 0.932157 0.149330
1046.000000 0.921824 0.138786 0.932213 0.149434
1047.000000 0.921866 0.138891 0.932270 0.149538
1048.000000 0.921908 0.138995 0.932327 0.149642
1049.000000 0.921949 0.139099 0.932384 0.149746
1050.000000 0.921991 0.139203 0.932440 0.149849
1051.000000 0.922033 0.139307 0.932497 0.149953
1052.000000 0.922075 0.139411 0.932554 0.150056
1053.000000 0.922117 0.139515 0.932611 0.150160
1054.000000 0.922159 0.139619 0.932668 0.150263
1055.000000 0.922201 0.139722 0.932725 0.150366
1056.000000 0.922243 0.139826 0.932782 0.150469
1057.000000 0.922285 0.139930 0.932839 0.150572
1058.000000 0.922327 0.140033 0.932896 0.150675
1059.000000 0.922369 0.140136 0.932954 0.150778
1060.000000 0.922411 0.140240 0.933011 0.150881
1061.000000 0.922453 0.140343 0.933068 0.150983
1062.000000 0.922495 0.140446 0.933125 0.151086
1063.000000 0.922538 0.140549 0.933183 0.151188
1064.000000 0.922580 0.140652 0.933240 0.151290
1065.000000 0.922622 0.140755 0.933297 0.151393
1066.000000 0.922665 0.140858 0.933355 0.151495
1067.000000 0.922707 0.140961 0.933412 0.151597
1068.000000 0.922750 0.141063 0.933470 0.151698
1069.000000 0.922792 0.141166 0.933527 0.151800
1070.000000 0.922835 0.141269 0.933585 0.151902
1071.000000 0.922877 0.141371 0.933642 0.152003
1072.000000 0.922920 0.141473 0.933700 0.152105
1073.000000 0.922963 0.141576 0.933758 0.152206
1074.000000 0.923005 0.141678 0.933815 0.152308
1075.000000 0.923048 0.141780 0.933873 0.152409
1076.000000 0.923091 0.141882 0.933931 0.152510
1077.000000 0.923134 0.141984 0.933989 0.152611
1078.000000 0.923176 0.142086 0.934047 0.152712
1079.000000 0.923219 0.142188 0.934105 0.152812
1080.000000 0.923262 0.142290 0.934162 0.152913
1081.000000 0.923305 0.142391 0.934220 0.153014
1082.000000 0.923348 0.142493 0.934278 0.153114
1083.000000 0.923391 0.142594 0.934336 0.153214
1084.000000 0.923434 0.142696 0.934395 0.153315
1085.000000 0.923477 0.142797 0.934453 0.153415
1086.000000 0.923521 0.142899 0.934511 0.153515
1087.000000 0.923564 0.143000 0.934569 0.153615
1088.000000 0.923607 0.143101 0.934627 0.153715
1089.000000 0.923650 0.143202 0.934685 0.153814
1090.000000 0.923694 0.143303 0.934744 0.153914
1091.000000 0.923737 0.143404 0.934802 0.154014
1092.000000 0.923780 0.143505 0.934860 0.154113
1093.000000 0.923824 0.143605 0.934919 0.154212
1094.000000 0.923867 0.143706 0.934977 0.154312
1095.000000 0.923911 0.143807 0.935036 0.154411
1096.000000 0.923954 0.143907 0.935094 0.154510
1097.000000 0.923998 0.144007 0.935153 0.154609
1098.000000 0.924042 0.144108 0.935211 0.154708
1099.000000 0.924085 0.144208 0.935270 0.154806
1100.000000 0.924129 0.144308 0.935328 0.154905
1101.000000 0.924173 0.144408 0.935387 0.155004
1102.000000 0.924216 0.144508 0.935446 0.155102
1103.000000 0.924260 0.144608 0.935504 0.155200
1104.000000 0.924304 0.144708 0.935563 0.155298
1105.000000 0.924348 0.144808 0.935622 0.155397
1106.000000 0.924392 0.144908 0.935681 0.155495
1107.000000 0.924436 0.145007 0.935740 0.155592
1108.000000 0.924480 0.145107 0.935799 0.155690
1109.000000 0.924524 0.145206 0.935857 0.155788
1110.000000 0.924568 0.145306 0.935916 0.155886
1111.000000 0.924612 0.145405 0.935975 0.155983
1112.000000 0.924656 0.145504 0.936034 0.156080
1113.000000 0.924700 0.145603 0.936094 0.156178
1114.000000 0.924745 0.145702 0.936153 0.156275
1115.000000 0.924789 0.145801 0.936212 0.156372
1116.000000 0.924833 0.145900 0.936271 0.156469
1117.000000 0.924878 0.145999 0.936330 0.156566
1118.000000 0.924922 0.146098 0.936389 0.156663
1119.000000 0.924966 0.146197 0.936449 0.156759
1120.000000 0.925011 0.146295 0.936508 0.156856
1121.000000 0.925055 0.146394 0.936567 0.156952
1122.000000 0.925100 0.146492 0.936627 0.157049
1123.000000 0.925144 0.146590 0.936686 0.157145
1124.000000 0.925189 0.146689 0.936746 0.157241
1125.000000 0.925234 0.146787 0.936805 0.157337
1126.000000 0.925278 0.146885 0.936865 0.157433
1127.000000 0.925323 0.146983 0.936924 0.157529
1128.000000 0.925368 0.147081 0.936984 0.157625
1129.000000 0.925413 0.147179 0.937043 0.157720
1130.000000 0.925457 0.147277 0.937103 0.157816
1131.000000 0.925502 0.147374 0.937163 0.157911
1132.000000 0.925547 0.147472 0.937222 0.158007
1133.000000 0.925592 0.147570 0.937282 0.158102
1134.000000 0.925637 0.147667 0.937342 0.158197
1135.000000 0.925682 0.147764 0.937402 0.158292
1136.000000 0.925727 0.147862 0.937461 0.158387
1137.000000 0.925772 0.147959 0.937521 0.158482
1138.000000 0.925817 0.148056 0.937581 0.158577
1139.000000 0.925863 0.148153 0.937641 0.158671
1140.000000 0.925908 0.148250 0.937701 0.158766
1141.000000 0.925953 0.148347 0.937761 0.158860
1142.000000 0.925998 0.148444 0.937821 0.158954
1143.000000 0.926044 0.148541 0.937881 0.159049
1144.000000 0.926089 0.148637 0.937941 0.159143
1145.000000 0.926134 0.148734 0.938001 0.159237
1146.000000 0.926180 0.148830 0.938062 0.159330
1147.000000 0.926225 0.148927 0.938122 0.159424
1148.000000 0.926271 0.149023 0.938182 0.159518
1149.000000 0.926316 0.149119 0.938242 0.159612
1150.000000 0.926362 0.149215 0.938303 0.159705
1151.000000 0.926408 0.149311 0.938363 0.159798
1152.000000 0.926453 0.149407 0.938423 0.159892
1153.000000 0.926499 0.149503 0.938484 0.159985
1154.000000 0.926545 0.149599 0.938544 0.160078
1155.000000 0.926591 0.149695 0.938605 0.160171
1156.000000 0.926636 0.149791 0.938665 0.160264
1157.000000 0.926682 0.149886 0.938726 0.160356
1158.000000 0.926728 0.149982 0.938786 0.160449
1159.000000 0.926774 0.150077 0.938847 0.160541
1160.000000 0.926820 0.150173 0.938907 0.160634
1161.000000 0.926866 0.150268 0.938968 0.160726
1162.000000 0.926912 0.150363 0.939029 0.160818
1163.000000 0.926958 0.150458 0.939089 0.160910
1164.000000 0.927004 0.150553 0.939150 0.161002
1165.000000 0.927050 0.150648 0.939211 0.161094
1166.000000 0.927097 0.150743 0.939272 0.161186
1167.000000 0.927143 0.150838 0.939333 0.161278
1168.000000 0.927189 0.150932 0.939393 0.161369
1169.000000 0.927235 0.151027 0.939454 0.161461
1170.000000 0.927282 0.151121 0.939515 0.161552
1171.000000 0.927328 0.151216 0.939576 0.161644
1172.000000 0.927374 0.151310 0.939637 0.161735
1173.000000 0.927421 0.151405 0.939698 0.161826
1174.000000 0.927467 0.151499 0.939759 0.161917
1175.000000 0.927514 0.151593 0.939820 0.162008
1176.000000 0.927560 0.151687 0.939882 0.162098
1177.000000 0.927607 0.151781 0.939943 0.162189
1178.000000 0.927654 0.151875 0.940004 0.162279
1179.000000 0.927700 0.151968 0.940065 0.162370
1180.000000 0.927747 0.152062 0.940126 0.162460
1181.000000 0.927794 0.152156 0.940188 0.162550
1182.000000 0.927841 0.152249 0.940249 0.162641
1183.000000 0.927887 0.152343 0.940310 0.162731
1184.000000 0.927934 0.152436 0.940372 0.162820
1185.000000 0.927981 0.152529 0.940433 0.162910
1186.000000 0.928028 0.152623 0.940495 0.163000
1187.000000 0.928075 0.152716 0.940556 0.163089
1188.000000 0.928122 0.152809 0.940617 0.163179
1189.000000 0.928169 0.152902 0.940679 0.163268
1190.000000 0.928216 0.152995 0.940741 0.163358
1191.000000 0.928263 0.153087 0.940802 0.163447
1192.000000 0.928311 0.153180 0.940864 0.163536
1193.000000 0.928358 0.153273 0.940925 0.163625
1194.000000 0.928405 0.153365 0.940987 0.163714
1195.000000 0.928452 0.153458 0.941049 0.163802
1196.000000 0.928500 0.153550 0.941111 0.163891
1197.000000 0.928547 0.153642 0.941172 0.163980
1198.000000 0.928594 0.153734 0.941234 0.164068
1199.000000 0.928642 0.153827 0.941296 0.164156
1200.000000 0.928689 0.153919 0.941358 0.164244
1201.000000 0.928737 0.154011 0.941420 0.164333
1202.000000 0.928784 0.154102 0.941482 0.164421
1203.000000 0.928832 0.154194 0.941544 0.164508
1204.000000 0.928879 0.154286 0.941606 0.164596
1205.000000 0.928927 0.154377 0.941668 0.164684
1206.000000 0.928975 0.154469 0.941730 0.164771
1207.000000 0.929022 0.154560 0.941792 0.164859
1208.000000 0.929070 0.154652 0.941854 0.164946
1209.000000 0.929118 0.154743 0.941916 0.165034
1210.000000 0.929166 0.154834 0.941978 0.165121
1211.000000 0.929214 0.154925 0.942040 0.165208
1212.000000 0.929262 0.155016 0.942102 0.165295
1213.000000 0.929309 0.155107 0.942165 0.165382
1214.000000 0.929357 0.155198 0.942227 0.165468
1215.000000 0.929405 0.155289 0.942289 0.165555
1216.000000 0.929454 0.155380 0.942352 0.165641
1217.000000 0.929502 0.155470 0.942414 0.165728
1218.000000 0.929550 0.155561 0.942476 0.165814
1219.000000 0.929598 0.155651 0.942539 0.165900
1220.000000 0.929646 0.155741 0.942601 0.165986
1221.000000 0.929694 0.155832 0.942664 0.166072
1222.000000 0.929743 0.155922 0.942726 0.166158
1223.000000 0.929791 0.156012 0.942789 0.166244
1224.000000 0.929839 0.156102 0.942851 0.166330
1225.000000 0.929888 0.156192 0.942914 0.166415
1226.000000 0.929936 0.156282 0.942977 0.166501
1227.000000 0.929984 0.156372 0.943039 0.166586
1228.000000 0.930033 0.156461 0.943102 0.166671
1229.000000 0.930081 0.156551 0.943165 0.166756
1230.000000 0.930130 0.156640 0.943227 0.166841
1231.000000 0.930179 0.156730 0.943290 0.166926
1232.000000 0.930227 0.156819 0.943353 0.167011
1233.000000 0.930276 0.156908 0.943416 0.167096
1234.000000 0.930325 0.156997 0.943479 0.167180
1235.000000 0.930373 0.157086 0.943542 0.167265
1236.000000 0.930422 0.157175 0.943605 0.167349
1237.000000 0.930471 0.157264 0.943668 0.167433
1238.000000 0.930520 0.157353 0.943730 0.167518
1239.000000 0.930569 0.157442 0.943793 0.167602
1240.000000 0.930618 0.157531 0.943857 0.167686
1241.000000 0.930667 0.157619 0.943920 0.167770
1242.000000 0.930716 0.157708 0.943983 0.167853
1243.000000 0.930765 0.157796 0.944046 0.167937
1244.000000 0.930814 0.157884 0.944109 0.168020
1245.000000 0.930863 0.157972 0.944172 0.168104
1246.000000 0.930912 0.158061 0.944235 0.168187
1247.000000 0.930961 0.158149 0.944299 0.168270
1248.000000 0.931010 0.158237 0.944362 0.168353
1249.000000 0.931060 0.158324 0.944425 0.168436
1250.000000 0.931109 0.158412 0.944488 0.168519
1251.000000 0.931158 0.158500 0.944552 0.168602
1252.000000 0.931208 0.158588 0.944615 0.168685
1253.000000 0.931257 0.158675 0.944679 0.168767
1254.000000 0.931307 0.158763 0.944742 0.168850
1255.000000 0.931356 0.158850 0.944805 0.168932
1256.000000 0.931405 0.158937 0.944869 0.169014
1257.000000 0.931455 0.159024 0.944932 0.169096
1258.000000 0.931505 0.159111 0.944996 0.169178
1259.000000 0.931554 0.159198 0.945059 0.169260
1260.000000 0.931604 0.159285 0.945123 0.169342
1261.000000 0.931654 0.159372 0.945187 0.169424
1262.000000 0.931703 0.159459 0.945250 0.169505
1263.000000 0.931753 0.159546 0.945314 0.169587
1264.000000 0.931803 0.159632 0.945378 0.169668
1265.000000 0.931853 0.159719 0.945441 0.169750
1266.000000 0.931903 0.159805 0.945505 0.169831
1267.000000 0.931953 0.159891 0.945569 0.169912
1268.000000 0.932002 0.159978 0.945633 0.169993
1269.000000 0.932052 0.160064 0.945697 0.170074
1270.000000 0.932102 0.160150 0.945761 0.170154
1271.000000 0.932153 0.160236 0.945824 0.170235
1272.000000 0.932203 0.160322 0.945888 0.170315
1273.000000 0.932253 0.160407 0.945952 0.170396
1274.000000 0.932303 0.160493 0.946016 0.170476
1275.000000 0.932353 0.160579 0.946080 0.170556
1276.000000 0.932403 0.160664 0.946144 0.170636
1277.000000 0.932454 0.160750 0.946208 0.170716
1278.000000 0.932504 0.160835 0.946272 0.170796
1279.000000 0.932554 0.160920 0.946337 0.170876
1280.000000 0.932605 0.161006 0.946401 0.170956
1281.000000 0.932655 0.161091 0.946465 0.171035
1282.000000 0.932705 0.161176 0.946529 0.171115
1283.000000 0.932756 0.161261 0.946593 0.171194
1284.000000 0.932807 0.161345 0.946657 0.171273
1285.000000 0.932857 0.161430 0.946722 0.171352
1286.000000 0.932908 0.161515 0.946786 0.171431
1287.000000 0.932958 0.161599 0.946850 0.171510
1288.000000 0.933009 0.161684 0.946915 0.171589
1289.000000 0.933060 0.161768 0.946979 0.171668
1290.000000 0.933110 0.161853 0.947043 0.171746
1291.000000 0.933161 0.161937 0.947108 0.171825
1292.000000 0.933212 0.162021 0.947172 0.171903
1293.000000 0.933263 0.162105 0.947237 0.171981
1294.000000 0.933314 0.162189 0.947301 0.172059
1295.000000 0.933365 0.162273 0.947366 0.172137
1296.000000 0.933416 0.162357 0.947430 0.172215
1297.000000 0.933467 0.162440 0.947495 0.172293
1298.000000 0.933518 0.162524 0.947560 0.172371
1299.000000 0.933569 0.162608 0.947624 0.172448
1300.000000 0.933620 0.162691 0.947689 0.172526
1301.000000 0.933671 0.162774 0.947754 0.172603
1302.000000 0.933722 0.162858 0.947818 0.172681
1303.000000 0.933773 0.162941 0.947883 0.172758
1304.000000 0.933824 0.163024 0.947948 0.172835
1305.000000 0.933876 0.163107 0.948013 0.172912
1306.000000 0.933927 0.163190 0.948077 0.172989
1307.000000 0.933978 0.163273 0.948142 0.173065
1308.000000 0.934030 0.163355 0.948207 0.173142
1309.000000 0.934081 0.163438 0.948272 0.173218
1310.000000 0.934133 0.163521 0.948337 0.173295
1311.000000 0.934184 0.163603 0.948402 0.173371
1312.000000 0.934236 0.163685 0.948467 0.173447
1313.000000 0.934287 0.163768 0.948532 0.173523
1314.000000 0.934339 0.163850 0.948597 0.173599
1315.000000 0.934390 0.163932 0.948662 0.173675
1316.000000 0.934442 0.164014 0.948727 0.173751
1317.000000 0.934494 0.164096 0.948792 0.173827
1318.000000 0.934546 0.164178 0.948857 0.173902
1319.000000 0.934597 0.164260 0.948922 0.173978
1320.000000 0.934649 0.164341 0.948987 0.174053
1321.000000 0.934701 0.164423 0.949053 0.174128
1322.000000 0.934753 0.164504 0.949118 0.174203
1323.000000 0.934805 0.164586 0.949183 0.174278
1324.000000 0.934857 0.164667 0.949248 0.174353
1325.000000 0.934909 0.164748 0.949314 0.174428
1326.000000 0.934961 0.164829 0.949379 0.174502
1327.000000 0.935013 0.164910 0.949444 0.174577
1328.000000 0.935065 0.164991 0.949510 0.174651
1329.000000 0.935117 0.165072 0.949575 0.174726
1330.000000 0.935169 0.165153 0.949640 0.174800
1331.000000 0.935221 0.165234 0.949706 0.174874
1332.000000 0.935274 0.165314 0.949771 0.174948
1333.000000 0.935326 0.165395 0.949837 0.175022
1334.000000 0.935378 0.165475 0.949902 0.175096
1335.000000 0.935430 0.165556 0.949968 0.175169
1336.000000 0.935483 0.165636 0.950033 0.175243
1337.000000 0.935535 0.165716 0.950099 0.175316
1338.000000 0.935588 0.165796 0.950165 0.175390
1339.000000 0.935640 0.165876 0.950230 0.175463
1340.000000 0.935693 0.165956 0.950296 0.175536
1341.000000 0.935745 0.166036 0.950361 0.175609
1342.000000 0.935798 0.166115 0.950427 0.175682
1343.000000 0.935850 0.166195 0.950493 0.175755
1344.000000 0.935903 0.166275 0.950559 0.175828
1345.000000 0.935956 0.166354 0.950624 0.175900
1346.000000 0.936008 0.166433 0.950690 0.175973
1347.000000 0.936061 0.166513 0.950756 0.176045
1348.000000 0.936114 0.166592 0.950822 0.176117
1349.000000 0.936167 0.166671 0.950888 0.176189
1350.000000 0.936220 0.166750 0.950954 0.176262
1351.000000 0.936273 0.166829 0.951020 0.176333
1352.000000 0.936326 0.166908 0.951086 0.176405
1353.000000 0.936378 0.166986 0.951151 0.176477
1354.000000 0.936431 0.167065 0.951217 0.176549
1355.000000 0.936485 0.167144 0.951283 0.176620
1356.000000 0.936538 0.167222 0.951349 0.176691
1357.000000 0.936591 0.167300 0.951416 0.176763
1358.000000 0.936644 0.167379 0.951482 0.176834
1359.000000 0.936697 0.167457 0.951548 0.176905
1360.000000 0.936750 0.167535 0.951614 0.176976
1361.000000 0.936803 0.167613 0.951680 0.177047
1362.000000 0.936857 0.167691 0.951746 0.177117
1363.000000 0.936910 0.167769 0.951812 0.177188
1364.000000 0.936963 0.167846 0.951879 0.177259
1365.000000 0.937017 0.167924 0.951945 0.177329
1366.000000 0.937070 0.168002 0.952011 0.177399
1367.000000 0.937124 0.168079 0.952077 0.177469
1368.000000 0.937177 0.168156 0.952144 0.177539
1369.000000 0.937231 0.168234 0.952210 0.177609
1370.000000 0.937284 0.168311 0.952276 0.177679
1371.000000 0.937338 0.168388 0.952343 0.177749
1372.000000 0.937391 0.168465 0.952409 0.177819
1373.000000 0.937445 0.168542 0.952476 0.177888
1374.000000 0.937499 0.168619 0.952542 0.177958
1375.000000 0.937552 0.168696 0.952608 0.178027
1376.000000 0.937606 0.168772 0.952675 0.178096
1377.000000 0.937660 0.168849 0.952741 0.178165
1378.000000 0.937714 0.168925 0.952808 0.178234
1379.000000 0.937768 0.169002 0.952875 0.178303
1380.000000 0.937822 0.169078 0.952941 0.178372
1381.000000 0.937876 0.169154 0.953008 0.178440
1382.000000 0.937930 0.169230 0.953074 0.178509
1383.000000 0.937984 0.169306 0.953141 0.178577
1384.000000 0.938038 0.169382 0.953208 0.178646
1385.000000 0.938092 0.169458 0.953274 0.178714
1386.000000 0.938146 0.169534 0.953341 0.178782
1387.000000 0.938200 0.169609 0.953408 0.178850
1388.000000 0.938254 0.169685 0.953474 0.178918
1389.000000 0.938308 0.169760 0.953541 0.178986
1390.000000 0.938362 0.169836 0.953608 0.179053
1391.000000 0.938417 0.169911 0.953675 0.179121
1392.000000 0.938471 0.169986 0.953742 0.179188
1393.000000 0.938525 0.170061 0.953809 0.179256
1394.000000 0.938580 0.170136 0.953875 0.179323
1395.000000 0.938634 0.170211 0.953942 0.179390
1396.000000 0.938689 0.170286 0.954009 0.179457
1397.000000 0.938743 0.170361 0.954076 0.179524
1398.000000 0.938798 0.170435 0.954143 0.179590
1399.000000 0.938852 0.170510 0.954210 0.179657
1400.000000 0.938907 0.170584 0.954277 0.179724
1401.000000 0.938961 0.170659 0.954344 0.179790
1402.000000 0.939016 0.170733 0.954411 0.179856
1403.000000 0.939071 0.170807 0.954478 0.179923
1404.000000 0.939125 0.170881 0.954545 0.179989
1405.000000 0.939180 0.170955 0.954613 0.180055
1406.000000 0.939235 0.171029 0.954680 0.180121
1407.000000 0.939290 0.171103 0.954747 0.180186
1408.000000 0.939345 0.171177 0.954814 0.180252
1409.000000 0.939400 0.171250 0.954881 0.180318
1410.000000 0.939454 0.171324 0.954948 0.180383
1411.000000 0.939509 0.171397 0.955016 0.180448
1412.000000 0.939564 0.171471 0.955083 0.180514
1413.000000 0.939619 0.171544 0.955150 0.180579
1414.000000 0.939674 0.171617 0.955218 0.180644
1415.000000 0.939730 0.171690 0.955285 0.180709
1416.000000 0.939785 0.171763 0.955352 0.180774
1417.000000 0.939840 0.171836 0.955420 0.180838
1418.000000 0.939895 0.171909 0.955487 0.180903
1419.000000 0.939950 0.171982 0.955554 0.180967
1420.000000 0.940006 0.172054 0.955622 0.181032
1421.000000 0.940061 0.172127 0.955689 0.181096
1422.000000 0.940116 0.172199 0.955757 0.181160
1423.000000 0.940172 0.172272 0.955824 0.181224
1424.000000 0.940227 0.172344 0.955892 0.181288
1425.000000 0.940282 0.172416 0.955959 0.181352
1426.000000 0.940338 0.172488 0.956027 0.181415
1427.000000 0.940393 0.172560 0.956094 0.181479
1428.000000 0.940449 0.172632 0.956162 0.181542
1429.000000 0.940504 0.172704 0.956230 0.181606
1430.000000 0.940560 0.172776 0.956297 0.181669
1431.000000 0.940616 0.172847 0.956365 0.181732
1432.000000 0.940671 0.172919 0.956433 0.181795
1433.000000 0.940727 0.172990 0.956500 0.181858
1434.000000 0.940783 0.173061 0.956568 0.181921
1435.000000 0.940838 0.173133 0.956636 0.181984
1436.000000 0.940894 0.173204 0.956703 0.182046
1437.000000 0.940950 0.173275 0.956771 0.182109
1438.000000 0.941006 0.173346 0.956839 0.182171
1439.000000 0.941062 0.173417 0.956907 0.182233
1440.000000 0.941118 0.173487 0.956975 0.182295
1441.000000 0.941174 0.173558 0.957042 0.182357
1442.000000 0.941230 0.173629 0.957110 0.182419
1443.000000 0.941286 0.173699 0.957178 0.182481
1444.000000 0.941342 0.173770 0.957246 0.182543
1445.000000 0.941398 0.173840 0.957314 0.182604
1446.000000 0.941454 0.173910 0.957382 0.182666
1447.000000 0.941510 0.173980 0.957450 0.182727
1448.000000 0.941566 0.174050 0.957518 0.182789
1449.000000 0.941623 0.174120 0.957586 0.182850
1450.000000 0.941679 0.174190 0.957654 0.182911
1451.000000 0.941735 0.174260 0.957722 0.182972
1452.000000 0.941791 0.174329 0.957790 0.183032
1453.000000 0.941848 0.174399 0.957858 0.183093
1454.000000 0.941904 0.174469 0.957926 0.183154
1455.000000 0.941961 0.174538 0.957994 0.183214
1456.000000 0.942017 0.174607 0.958063 0.183275
1457.000000 0.942074 0.174676 0.958131 0.183335
1458.000000 0.942130 0.174745 0.958199 0.183395
1459.000000 0.942187 0.174814 0.958267 0.183455
1460.000000 0.942243 0.174883 0.958335 0.183515
1461.000000 0.942300 0.174952 0.958403 0.183575
1462.000000 0.942356 0.175021 0.958472 0.183635
1463.000000 0.942413 0.175090 0.958540 0.183694
1464.000000 0.942470 0.175158 0.958608 0.183754
1465.000000 0.942527 0.175227 0.958677 0.183813
1466.000000 0.942583 0.175295 0.958745 0.183872
1467.000000 0.942640 0.175363 0.958813 0.183931
1468.000000 0.942697 0.175431 0.958882 0.183990
1469.000000 0.942754 0.175499 0.958950 0.184049
1470.000000 0.942811 0.175567 0.959018 0.184108
1471.000000 0.942868 0.175635 0.959087 0.184167
1472.000000 0.942925 0.175703 0.959155 0.184225
1473.000000 0.942982 0.175771 0.959224 0.184284
1474.000000 0.943039 0.175838 0.959292 0.184342
1475.000000 0.943096 0.175906 0.959361 0.184401
1476.000000 0.943153 0.175973 0.959429 0.184459
1477.000000 0.943210 0.176041 0.959498 0.184517
1478.000000 0.943267 0.176108 0.959566 0.184575
1479.000000 0.943325 0.176175 0.959635 0.184633
1480.000000 0.943382 0.176242 0.959703 0.184690
1481.000000 0.943439 0.176309 0.959772 0.184748
1482.000000 0.943496 0.176376 0.959841 0.184805
1483.000000 0.943554 0.176443 0.959909 0.184863
1484.000000 0.943611 0.176509 0.959978 0.184920
1485.000000 0.943668 0.176576 0.960046 0.184977
1486.000000 0.943726 0.176642 0.960115 0.185034
1487.000000 0.943783 0.176709 0.960184 0.185091
1488.000000 0.943841 0.176775 0.960253 0.185148
1489.000000 0.943898 0.176841 0.960321 0.185205
1490.000000 0.943956 0.176907 0.960390 0.185261
1491.000000 0.944014 0.176973 0.960459 0.185318
1492.000000 0.944071 0.177039 0.960528 0.185374
1493.000000 0.944129 0.177105 0.960596 0.185431
1494.000000 0.944187 0.177171 0.960665 0.185487
1495.000000 0.944244 0.177236 0.960734 0.185543
1496.000000 0.944302 0.177302 0.960803 0.185599
1497.000000 0.944360 0.177367 0.960872 0.185655
1498.000000 0.944418 0.177433 0.960941 0.185710
1499.000000 0.944475 0.177498 0.961010 0.185766
1500.000000 0.944533 0.177563 0.961078 0.185821
1501.000000 0.944591 0.177628 0.961147 0.185877
1502.000000 0.944649 0.177693 0.961216 0.185932
1503.000000 0.944707 0.177758 0.961285 0.185987
1504.000000 0.944765 0.177823 0.961354 0.186042
1505.000000 0.944823 0.177887 0.961423 0.186097
1506.000000 0.944881 0.177952 0.961492 0.186152
1507.000000 0.944939 0.178016 0.961561 0.186207
1508.000000 0.944998 0.178081 0.961630 0.186261
1509.000000 0.945056 0.178145 0.961700 0.186316
1510.000000 0.945114 0.178209 0.961769 0.186370
1511.000000 0.945172 0.178273 0.961838 0.186425
1512.000000 0.945230 0.178337 0.961907 0.186479
1513.000000 0.945289 0.178401 0.961976 0.186533
1514.000000 0.945347 0.178465 0.962045 0.186587
1515.000000 0.945405 0.178529 0.962114 0.186641
1516.000000 0.945464 0.178592 0.962184 0.186694
1517.000000 0.945522 0.178656 0.962253 0.186748
1518.000000 0.945581 0.178719 0.962322 0.186801
1519.000000 0.945639 0.178783 0.962391 0.186855
1520.000000 0.945698 0.178846 0.962460 0.186908
1521.000000 0.945756 0.178909 0.962530 0.186961
1522.000000 0.945815 0.178972 0.962599 0.187014
1523.000000 0.945873 0.179035 0.962668 0.187067
1524.000000 0.945932 0.179098 0.962738 0.187120
1525.000000 0.945991 0.179161 0.962807 0.187173
1526.000000 0.946049 0.179224 0.962876 0.187225
1527.000000 0.946108 0.179286 0.962946 0.187278
1528.000000 0.946167 0.179349 0.963015 0.187330
1529.000000 0.946226 0.179411 0.963084 0.187383
1530.000000 0.946285 0.179473 0.963154 0.187435
1531.000000 0.946343 0.179536 0.963223 0.187487
1532.000000 0.946402 0.179598 0.963293 0.187539
1533.000000 0.946461 0.179660 0.963362 0.187591
1534.000000 0.946520 0.179722 0.963432 0.187642
1535.000000 0.946579 0.179783 0.963501 0.187694
1536.000000 0.946638 0.179845 0.963571 0.187746
1537.000000 0.946697 0.179907 0.963640 0.187797
1538.000000 0.946756 0.179968 0.963710 0.187848
1539.000000 0.946816 0.180030 0.963779 0.187899
1540.000000 0.946875 0.180091 0.963849 0.187950
1541.000000 0.946934 0.180152 0.963918 0.188001
1542.000000 0.946993 0.180214 0.963988 0.188052
1543.000000 0.947052 0.180275 0.964058 0.188103
1544.000000 0.947112 0.180336 0.964127 0.188154
1545.000000 0.947171 0.180396 0.964197 0.188204
1546.000000 0.947230 0.180457 0.964266 0.188255
1547.000000 0.947290 0.180518 0.964336 0.188305
1548.000000 0.947349 0.180578 0.964406 0.188355
1549.000000 0.947408 0.180639 0.964476 0.188405
1550.000000 0.947468 0.180699 0.964545 0.188455
1551.000000 0.947527 0.180760 0.964615 0.188505
1552.000000 0.947587 0.180820 0.964685 0.188555
1553.000000 0.947646 0.180880 0.964754 0.188604
1554.000000 0.947706 0.180940 0.964824 0.188654
1555.000000 0.947766 0.181000 0.964894 0.188703
1556.000000 0.947825 0.181060 0.964964 0.188752
1557.000000 0.947885 0.181119 0.965034 0.188802
1558.000000 0.947945 0.181179 0.965103 0.188851
1559.000000 0.948004 0.181239 0.965173 0.188900
1560.000000 0.948064 0.181298 0.965243 0.188948
1561.000000 0.948124 0.181357 0.965313 0.188997
1562.000000 0.948184 0.181417 0.965383 0.189046
1563.000000 0.948244 0.181476 0.965453 0.189094
1564.000000 0.948303 0.181535 0.965523 0.189143
1565.000000 0.948363 0.181594 0.965593 0.189191
1566.000000 0.948423 0.181652 0.965663 0.189239
1567.000000 0.948483 0.181711 0.965733 0.189287
1568.000000 0.948543 0.181770 0.965803 0.189335
1569.000000 0.948603 0.181828 0.965873 0.189383
1570.000000 0.948663 0.181887 0.965943 0.189431
1571.000000 0.948723 0.181945 0.966013 0.189478
1572.000000 0.948784 0.182004 0.966083 0.189526
1573.000000 0.948844 0.182062 0.966153 0.189573
1574.000000 0.948904 0.182120 0.966223 0.189621
1575.000000 0.948964 0.182178 0.966293 0.189668
1576.000000 0.949024 0.182236 0.966363 0.189715
1577.000000 0.949085 0.182294 0.966433 0.189762
1578.000000 0.949145 0.182351 0.966503 0.189809
1579.000000 0.949205 0.182409 0.966573 0.189856
1580.000000 0.949266 0.182466 0.966643 0.189902
1581.000000 0.949326 0.182524 0.966713 0.189949
1582.000000 0.949387 0.182581 0.966784 0.189995
1583.000000 0.949447 0.182638 0.966854 0.190041
1584.000000 0.949507 0.182695 0.966924 0.190088
1585.000000 0.949568 0.182752 0.966994 0.190134
1586.000000 0.949629 0.182809 0.967064 0.190180
1587.000000 0.949689 0.182866 0.967135 0.190225
1588.000000 0.949750 0.182923 0.967205 0.190271
1589.000000 0.949810 0.182979 0.967275 0.190317
1590.000000 0.949871 0.183036 0.967345 0.190362
1591.000000 0.949932 0.183092 0.967416 0.190408
1592.000000 0.949992 0.183149 0.967486 0.190453
1593.000000 0.950053 0.183205 0.967556 0.190498
1594.000000 0.950114 0.183261 0.967627 0.190543
1595.000000 0.950175 0.183317 0.967697 0.190588
1596.000000 0.950236 0.183373 0.967767 0.190633
1597.000000 0.950297 0.183429 0.967838 0.190678
1598.000000 0.950357 0.183485 0.967908 0.190723
1599.000000 0.950418 0.183540 0.967978 0.190767
1600.000000 0.950479 0.183596 0.968049 0.190811
1601.000000 0.950540 0.183651 0.968119 0.190856
1602.000000 0.950601 0.183707 0.968190 0.190900
1603.000000 0.950662 0.183762 0.968260 0.190944
1604.000000 0.950724 0.183817 0.968331 0.190988
1605.000000 0.950785 0.183872 0.968401 0.191032
1606.000000 0.950846 0.183927 0.968471 0.191076
1607.000000 0.950907 0.183982 0.968542 0.191119
1608.000000 0.950968 0.184037 0.968612 0.191163
1609.000000 0.951029 0.184092 0.968683 0.191206
1610.000000 0.951091 0.184146 0.968753 0.191250
1611.000000 0.951152 0.184201 0.968824 0.191293
1612.000000 0.951213 0.184255 0.968895 0.191336
1613.000000 0.951275 0.184309 0.968965 0.191379
1614.000000 0.951336 0.184364 0.969036 0.191422
1615.000000 0.951397 0.184418 0.969106 0.191464
1616.000000 0.951459 0.184472 0.969177 0.191507
1617.000000 0.951520 0.184526 0.969247 0.191550
1618.000000 0.951582 0.184579 0.969318 0.191592
1619.000000 0.951643 0.184633 0.969389 0.191634
1620.000000 0.951705 0.184687 0.969459 0.191676
1621.000000 0.951766 0.184740 0.969530 0.191719
1622.000000 0.951828 0.184794 0.969601 0.191761
1623.000000 0.951890 0.184847 0.969671 0.191802
1624.000000 0.951951 0.184900 0.969742 0.191844
1625.000000 0.952013 0.184953 0.969813 0.191886
1626.000000 0.952075 0.185006 0.969883 0.191927
1627.000000 0.952137 0.185059 0.969954 0.191969
1628.000000 0.952198 0.185112 0.970025 0.192010
1629.000000 0.952260 0.185165 0.970096 0.192051
1630.000000 0.952322 0.185218 0.970166 0.192092
1631.000000 0.952384 0.185270 0.970237 0.192133
1632.000000 0.952446 0.185323 0.970308 0.192174
1633.000000 0.952508 0.185375 0.970379 0.192215
1634.000000 0.952570 0.185427 0.970450 0.192256
1635.000000 0.952632 0.185479 0.970520 0.192296
1636.000000 0.952694 0.185531 0.970591 0.192337
1637.000000 0.952756 0.185583 0.970662 0.192377
1638.000000 0.952818 0.185635 0.970733 0.192417
1639.000000 0.952880 0.185687 0.970804 0.192457
1640.000000 0.952942 0.185739 0.970875 0.192497
1641.000000 0.953004 0.185790 0.970945 0.192537
1642.000000 0.953066 0.185842 0.971016 0.192577
1643.000000 0.953129 0.185893 0.971087 0.192617
1644.000000 0.953191 0.185944 0.971158 0.192656
1645.000000 0.953253 0.185995 0.971229 0.192696
1646.000000 0.953315 0.186047 0.971300 0.192735
1647.000000 0.953378 0.186097 0.971371 0.192774
1648.000000 0.953440 0.186148 0.971442 0.192813
1649.000000 0.953503 0.186199 0.971513 0.192852
1650.000000 0.953565 0.186250 0.971584 0.192891
1651.000000 0.953627 0.186300 0.971655 0.192930
1652.000000 0.953690 0.186351 0.971726 0.192968
1653.000000 0.953752 0.186401 0.971797 0.193007
1654.000000 0.953815 0.186452 0.971868 0.193045
1655.000000 0.953877 0.186502 0.971939 0.193084
1656.000000 0.953940 0.186552 0.972010 0.193122
1657.000000 0.954003 0.186602 0.972081 0.193160
1658.000000 0.954065 0.186652 0.972152 0.193198
1659.000000 0.954128 0.186702 0.972223 0.193236
1660.000000 0.954191 0.186751 0.972294 0.193274
1661.000000 0.954253 0.186801 0.972365 0.193311
1662.000000 0.954316 0.186850 0.972436 0.193349
1663.000000 0.954379 0.186900 0.972507 0.193386
1664.000000 0.954442 0.186949 0.972579 0.193424
1665.000000 0.954505 0.186998 0.972650 0.193461
1666.000000 0.954567 0.187047 0.972721 0.193498
1667.000000 0.954630 0.187096 0.972792 0.193535
1668.000000 0.954693 0.187145 0.972863 0.193572
1669.000000 0.954756 0.187194 0.972934 0.193609
1670.000000 0.954819 0.187243 0.973005 0.193646
1671.000000 0.954882 0.187291 0.973077 0.193682
1672.000000 0.954945 0.187340 0.973148 0.193719
1673.000000 0.955008 0.187388 0.973219 0.193755
1674.000000 0.955071 0.187437 0.973290 0.193791
1675.000000 0.955135 0.187485 0.973361 0.193827
1676.000000 0.955198 0.187533 0.973433 0.193863
1677.000000 0.955261 0.187581 0.973504 0.193899
1678.000000 0.955324 0.187629 0.973575 0.193935
1679.000000 0.955387 0.187677 0.973646 0.193971
1680.000000 0.955451 0.187724 0.973718 0.194006
1681.000000 0.955514 0.187772 0.973789 0.194042
1682.000000 0.955577 0.187820 0.973860 0.194077
1683.000000 0.955640 0.187867 0.973932 0.194112
1684.000000 0.955704 0.187914 0.974003 0.194147
1685.000000 0.955767 0.187962 0.974074 0.194182
1686.000000 0.955831 0.188009 0.974146 0.194217
1687.000000 0.955894 0.188056 0.974217 0.194252
1688.000000 0.955958 0.188103 0.974288 0.194287
1689.000000 0.956021 0.188150 0.974360 0.194321
1690.000000 0.956085 0.188196 0.974431 0.194356
1691.000000 0.956148 0.188243 0.974502 0.194390
1692.000000 0.956212 0.188289 0.974574 0.194424
1693.000000 0.956275 0.188336 0.974645 0.194459
1694.000000 0.956339 0.188382 0.974716 0.194493
1695.000000 0.956403 0.188429 0.974788 0.194527
1696.000000 0.956466 0.188475 0.974859 0.194560
1697.000000 0.956530 0.188521 0.974931 0.194594
1698.000000 0.956594 0.188567 0.975002 0.194628
1699.000000 0.956658 0.188612 0.975074 0.194661
1700.000000 0.956721 0.188658 0.975145 0.194695
1701.000000 0.956785 0.188704 0.975216 0.194728
1702.000000 0.956849 0.188749 0.975288 0.194761
1703.000000 0.956913 0.188795 0.975359 0.194794
1704.000000 0.956977 0.188840 0.975431 0.194827
1705.000000 0.957041 0.188885 0.975502 0.194860
1706.000000 0.957105 0.188931 0.975574 0.194892
1707.000000 0.957169 0.188976 0.975645 0.194925
1708.000000 0.957233 0.189021 0.975717 0.194958
1709.000000 0.957297 0.189066 0.975788 0.194990
1710.000000 0.957361 0.189110 0.975860 0.195022
1711.000000 0.957425 0.189155 0.975931 0.195054
1712.000000 0.957489 0.189199 0.976003 0.195086
1713.000000 0.957553 0.189244 0.976075 0.195118
1714.000000 0.957617 0.189288 0.976146 0.195150
1715.000000 0.957682 0.189333 0.976218 0.195182
1716.000000 0.957746 0.189377 0.976289 0.195214
1717.000000 0.957810 0.189421 0.976361 0.195245
1718.000000 0.957874 0.189465 0.976432 0.195276
1719.000000 0.957939 0.189509 0.976504 0.195308
1720.000000 0.958003 0.189552 0.976576 0.195339
1721.000000 0.958067 0.189596 0.976647 0.195370
1722.000000 0.958132 0.189640 0.976719 0.195401
1723.000000 0.958196 0.189683 0.976790 0.195432
1724.000000 0.958261 0.189726 0.976862 0.195462
1725.000000 0.958325 0.189770 0.976934 0.195493
1726.000000 0.958390 0.189813 0.977005 0.195524
1727.000000 0.958454 0.189856 0.977077 0.195554
1728.000000 0.958519 0.189899 0.977149 0.195584
1729.000000 0.958583 0.189942 0.977220 0.195615
1730.000000 0.958648 0.189984 0.977292 0.195645
1731.000000 0.958712 0.190027 0.977364 0.195675
1732.000000 0.958777 0.190070 0.977435 0.195704
1733.000000 0.958842 0.190112 0.977507 0.195734
1734.000000 0.958907 0.190155 0.977579 0.195764
1735.000000 0.958971 0.190197 0.977651 0.195793
1736.000000 0.959036 0.190239 0.977722 0.195823
1737.000000 0.959101 0.190281 0.977794 0.195852
1738.000000 0.959166 0.190323 0.977866 0.195881
1739.000000 0.959230 0.190365 0.977938 0.195910
1740.000000 0.959295 0.190407 0.978009 0.195939
1741.000000 0.959360 0.190448 0.978081 0.195968
1742.000000 0.959425 0.190490 0.978153 0.195997
1743.000000 0.959490 0.190531 0.978225 0.196026
1744.000000 0.959555 0.190573 0.978296 0.196054
1745.000000 0.959620 0.190614 0.978368 0.196083
1746.000000 0.959685 0.190655 0.978440 0.196111
1747.000000 0.959750 0.190696 0.978512 0.196139
1748.000000 0.959815 0.190737 0.978583 0.196167
1749.000000 0.959880 0.190778 0.978655 0.196195
1750.000000 0.959945 0.190819 0.978727 0.196223
1751.000000 0.960010 0.190860 0.978799 0.196251
1752.000000 0.960076 0.190900 0.978871 0.196279
1753.000000 0.960141 0.190941 0.978943 0.196306
1754.000000 0.960206 0.190981 0.979014 0.196334
1755.000000 0.960271 0.191021 0.979086 0.196361
1756.000000 0.960337 0.191061 0.979158 0.196388
1757.000000 0.960402 0.191101 0.979230 0.196415
1758.000000 0.960467 0.191141 0.979302 0.196442
1759.000000 0.960532 0.191181 0.979374 0.196469
1760.000000 0.960598 0.191221 0.979446 0.196496
1761.000000 0.960663 0.191261 0.979517 0.196523
1762.000000 0.960729 0.191300 0.979589 0.196549
1763.000000 0.960794 0.191340 0.979661 0.196576
1764.000000 0.960860 0.191379 0.979733 0.196602
1765.000000 0.960925 0.191418 0.979805 0.196628
1766.000000 0.960991 0.191458 0.979877 0.196654
1767.000000 0.961056 0.191497 0.979949 0.196681
1768.000000 0.961122 0.191536 0.980021 0.196706
1769.000000 0.961187 0.191574 0.980093 0.196732
1770.000000 0.961253 0.191613 0.980165 0.196758
1771.000000 0.961319 0.191652 0.980237 0.196784
1772.000000 0.961384 0.191690 0.980309 0.196809
1773.000000 0.961450 0.191729 0.980380 0.196834
1774.000000 0.961516 0.191767 0.980452 0.196860
1775.000000 0.961581 0.191806 0.980524 0.196885
1776.000000 0.961647 0.191844 0.980596 0.196910
1777.000000 0.961713 0.191882 0.980668 0.196935
1778.000000 0.961779 0.191920 0.980740 0.196960
1779.000000 0.961845 0.191958 0.980812 0.196984
1780.000000 0.961910 0.191995 0.980884 0.197009
1781.000000 0.961976 0.192033 0.980956 0.197034
1782.000000 0.962042 0.192071 0.981028 0.197058
1783.000000 0.962108 0.192108 0.981100 0.197082
1784.000000 0.962174 0.192145 0.981172 0.197106
1785.000000 0.962240 0.192183 0.981244 0.197130
1786.000000 0.962306 0.192220 0.981316 0.197154
1787.000000 0.962372 0.192257 0.981388 0.197178
1788.000000 0.962438 0.192294 0.981460 0.197202
1789.000000 0.962504 0.192331 0.981532 0.197226
1790.000000 0.962570 0.192368 0.981604 0.197249
1791.000000 0.962637 0.192404 0.981676 0.197273
1792.000000 0.962703 0.192441 0.981748 0.197296
1793.000000 0.962769 0.192477 0.981821 0.197319
1794.000000 0.962835 0.192514 0.981893 0.197342
1795.000000 0.962901 0.192550 0.981965 0.197365
1796.000000 0.962968 0.192586 0.982037 0.197388
1797.000000 0.963034 0.192622 0.982109 0.197411
1798.000000 0.963100 0.192658 0.982181 0.197433
1799.000000 0.963167 0.192694 0.982253 0.197456
1800.000000 0.963233 0.192730 0.982325 0.197478
1801.000000 0.963299 0.192765 0.982397 0.197501
1802.000000 0.963366 0.192801 0.982469 0.197523
1803.000000 0.963432 0.192836 0.982541 0.197545
1804.000000 0.963499 0.192872 0.982613 0.197567
1805.000000 0.963565 0.192907 0.982685 0.197589
1806.000000 0.963632 0.192942 0.982758 0.197611
1807.000000 0.963698 0.192977 0.982830 0.197632
1808.000000 0.963765 0.193012 0.982902 0.197654
1809.000000 0.963831 0.193047 0.982974 0.197676
1810.000000 0.963898 0.193082 0.983046 0.197697
1811.000000 0.963964 0.193116 0.983118 0.197718
1812.000000 0.964031 0.193151 0.983190 0.197739
1813.000000 0.964098 0.193185 0.983262 0.197760
1814.000000 0.964164 0.193220 0.983335 0.197781
1815.000000 0.964231 0.193254 0.983407 0.197802
1816.000000 0.964298 0.193288 0.983479 0.197823
1817.000000 0.964365 0.193322 0.983551 0.197843
1818.000000 0.964431 0.193356 0.983623 0.197864
1819.000000 0.964498 0.193390 0.983695 0.197884
1820.000000 0.964565 0.193424 0.983767 0.197904
1821.000000 0.964632 0.193457 0.983840 0.197925
1822.000000 0.964699 0.193491 0.983912 0.197945
1823.000000 0.964766 0.193524 0.983984 0.197965
1824.000000 0.964833 0.193558 0.984056 0.197985
1825.000000 0.964899 0.193591 0.984128 0.198004
1826.000000 0.964966 0.193624 0.984200 0.198024
1827.000000 0.965033 0.193657 0.984273 0.198043
1828.000000 0.965100 0.193690 0.984345 0.198063
1829.000000 0.965167 0.193723 0.984417 0.198082
1830.000000 0.965235 0.193755 0.984489 0.198101
1831.000000 0.965302 0.193788 0.984561 0.198120
1832.000000 0.965369 0.193821 0.984634 0.198139
1833.000000 0.965436 0.193853 0.984706 0.198158
1834.000000 0.965503 0.193885 0.984778 0.198177
1835.000000 0.965570 0.193918 0.984850 0.198196
1836.000000 0.965637 0.193950 0.984922 0.198214
1837.000000 0.965705 0.193982 0.984995 0.198233
1838.000000 0.965772 0.194014 0.985067 0.198251
1839.000000 0.965839 0.194045 0.985139 0.198269
1840.000000 0.965906 0.194077 0.985211 0.198287
1841.000000 0.965974 0.194109 0.985283 0.198305
1842.000000 0.966041 0.194140 0.985356 0.198323
1843.000000 0.966108 0.194172 0.985428 0.198341
1844.000000 0.966176 0.194203 0.985500 0.198359
1845.000000 0.966243 0.194234 0.985572 0.198376
1846.000000 0.966311 0.194265 0.985645 0.198394
1847.000000 0.966378 0.194296 0.985717 0.198411
1848.000000 0.966446 0.194327 0.985789 0.198428
1849.000000 0.966513 0.194358 0.985861 0.198445
1850.000000 0.966581 0.194389 0.985934 0.198462
1851.000000 0.966648 0.194419 0.986006 0.198479
1852.000000 0.966716 0.194450 0.986078 0.198496
1853.000000 0.966783 0.194480 0.986150 0.198513
1854.000000 0.966851 0.194511 0.986223 0.198530
1855.000000 0.966918 0.194541 0.986295 0.198546
1856.000000 0.966986 0.194571 0.986367 0.198562
1857.000000 0.967054 0.194601 0.986439 0.198579
1858.000000 0.967121 0.194631 0.986512 0.198595
1859.000000 0.967189 0.194661 0.986584 0.198611
1860.000000 0.967257 0.194690 0.986656 0.198627
1861.000000 0.967325 0.194720 0.986728 0.198643
1862.000000 0.967392 0.194749 0.986801 0.198659
1863.000000 0.967460 0.194779 0.986873 0.198674
1864.000000 0.967528 0.194808 0.986945 0.198690
1865.000000 0.967596 0.194837 0.987017 0.198705
1866.000000 0.967664 0.194866 0.987090 0.198720
1867.000000 0.967732 0.194895 0.987162 0.198736
1868.000000 0.967800 0.194924 0.987234 0.198751
1869.000000 0.967868 0.194953 0.987307 0.198766
1870.000000 0.967936 0.194982 0.987379 0.198781
1871.000000 0.968003 0.195010 0.987451 0.198795
1872.000000 0.968071 0.195039 0.987523 0.198810
1873.000000 0.968140 0.195067 0.987596 0.198825
1874.000000 0.968208 0.195096 0.987668 0.198839
1875.000000 0.968276 0.195124 0.987740 0.198853
1876.000000 0.968344 0.195152 0.987813 0.198868
1877.000000 0.968412 0.195180 0.987885 0.198882
1878.000000 0.968480 0.195208 0.987957 0.198896
1879.000000 0.968548 0.195235 0.988029 0.198910
1880.000000 0.968616 0.195263 0.988102 0.198924
1881.000000 0.968684 0.195291 0.988174 0.198937
1882.000000 0.968753 0.195318 0.988246 0.198951
1883.000000 0.968821 0.195345 0.988319 0.198964
1884.000000 0.968889 0.195373 0.988391 0.198978
1885.000000 0.968957 0.195400 0.988463 0.198991
1886.000000 0.969026 0.195427 0.988536 0.199004
1887.000000 0.969094 0.195454 0.988608 0.199017
1888.000000 0.969162 0.195481 0.988680 0.199030
1889.000000 0.969231 0.195508 0.988753 0.199043
1890.000000 0.969299 0.195534 0.988825 0.199056
1891.000000 0.969368 0.195561 0.988897 0.199069
1892.000000 0.969436 0.195587 0.988969 0.199081
1893.000000 0.969504 0.195614 0.989042 0.199094
1894.000000 0.969573 0.195640 0.989114 0.199106
1895.000000 0.969641 0.195666 0.989186 0.199118
1896.000000 0.969710 0.195692 0.989259 0.199130
1897.000000 0.969778 0.195718 0.989331 0.199142
1898.000000 0.969847 0.195744 0.989403 0.199154
1899.000000 0.969916 0.195770 0.989476 0.199166
1900.000000 0.969984 0.195795 0.989548 0.199178
1901.000000 0.970053 0.195821 0.989620 0.199189
1902.000000 0.970121 0.195846 0.989693 0.199201
1903.000000 0.970190 0.195871 0.989765 0.199212
1904.000000 0.970259 0.195897 0.989837 0.199223
1905.000000 0.970327 0.195922 0.989909 0.199234
1906.000000 0.970396 0.195947 0.989982 0.199245
1907.000000 0.970465 0.195972 0.990054 0.199256
1908.000000 0.970534 0.195997 0.990126 0.199267
1909.000000 0.970602 0.196021 0.990199 0.199278
1910.000000 0.970671 0.196046 0.990271 0.199289
1911.000000 0.970740 0.196070 0.990343 0.199299
1912.000000 0.970809 0.196095 0.990416 0.199309
1913.000000 0.970878 0.196119 0.990488 0.199320
1914.000000 0.970947 0.196143 0.990560 0.199330
1915.000000 0.971016 0.196168 0.990633 0.199340
1916.000000 0.971084 0.196192 0.990705 0.199350
1917.000000 0.971153 0.196215 0.990777 0.199360
1918.000000 0.971222 0.196239 0.990850 0.199370
1919.000000 0.971291 0.196263 0.990922 0.199379
1920.000000 0.971360 0.196287 0.990994 0.199389
1921.000000 0.971429 0.196310 0.991066 0.199398
1922.000000 0.971498 0.196333 0.991139 0.199408
1923.000000 0.971568 0.196357 0.991211 0.199417
1924.000000 0.971637 0.196380 0.991283 0.199426
1925.000000 0.971706 0.196403 0.991356 0.199435
1926.000000 0.971775 0.196426 0.991428 0.199444
1927.000000 0.971844 0.196449 0.991500 0.199453
1928.000000 0.971913 0.196472 0.991573 0.199462
1929.000000 0.971982 0.196494 0.991645 0.199470
1930.000000 0.972052 0.196517 0.991717 0.199479
1931.000000 0.972121 0.196540 0.991790 0.199487
1932.000000 0.972190 0.196562 0.991862 0.199495
1933.000000 0.972259 0.196584 0.991934 0.199504
1934.000000 0.972329 0.196606 0.992006 0.199512
1935.000000 0.972398 0.196628 0.992079 0.199520
1936.000000 0.972467 0.196650 0.992151 0.199527
1937.000000 0.972536 0.196672 0.992223 0.199535
1938.000000 0.972606 0.196694 0.992296 0.199543
1939.000000 0.972675 0.196716 0.992368 0.199550
1940.000000 0.972745 0.196737 0.992440 0.199558
1941.000000 0.972814 0.196759 0.992513 0.199565
1942.000000 0.972883 0.196780 0.992585 0.199572
1943.000000 0.972953 0.196801 0.992657 0.199580
1944.000000 0.973022 0.196823 0.992729 0.199587
1945.000000 0.973092 0.196844 0.992802 0.199593
1946.000000 0.973161 0.196865 0.992874 0.199600
1947.000000 0.973231 0.196885 0.992946 0.199607
1948.000000 0.973300 0.196906 0.993019 0.199614
1949.000000 0.973370 0.196927 0.993091 0.199620
1950.000000 0.973440 0.196947 0.993163 0.199626
1951.000000 0.973509 0.196968 0.993235 0.199633
1952.000000 0.973579 0.196988 0.993308 0.199639
1953.000000 0.973649 0.197008 0.993380 0.199645
1954.000000 0.973718 0.197029 0.993452 0.199651
1955.000000 0.973788 0.197049 0.993525 0.199657
1956.000000 0.973858 0.197069 0.993597 0.199663
1957.000000 0.973927 0.197088 0.993669 0.199668
1958.000000 0.973997 0.197108 0.993741 0.199674
1959.000000 0.974067 0.197128 0.993814 0.199679
1960.000000 0.974137 0.197147 0.993886 0.199685
1961.000000 0.974206 0.197167 0.993958 0.199690
1962.000000 0.974276 0.197186 0.994030 0.199695
1963.000000 0.974346 0.197205 0.994103 0.199700
1964.000000 0.974416 0.197224 0.994175 0.199705
1965.000000 0.974486 0.197243 0.994247 0.199710
1966.000000 0.974556 0.197262 0.994319 0.199714
1967.000000 0.974626 0.197281 0.994392 0.199719
1968.000000 0.974695 0.197300 0.994464 0.199723
1969.000000 0.974765 0.197319 0.994536 0.199728
1970.000000 0.974835 0.197337 0.994608 0.199732
1971.000000 0.974905 0.197355 0.994681 0.199736
1972.000000 0.974975 0.197374 0.994753 0.199740
1973.000000 0.975045 0.197392 0.994825 0.199744
1974.000000 0.975115 0.197410 0.994897 0.199748
1975.000000 0.975185 0.197428 0.994970 0.199752
1976.000000 0.975256 0.197446 0.995042 0.199756
1977.000000 0.975326 0.197464 0.995114 0.199759
1978.000000 0.975396 0.197481 0.995186 0.199763
1979.000000 0.975466 0.197499 0.995258 0.199766
1980.000000 0.975536 0.197517 0.995331 0.199769
1981.000000 0.975606 0.197534 0.995403 0.199772
1982.000000 0.975676 0.197551 0.995475 0.199775
1983.000000 0.975747 0.197568 0.995547 0.199778
1984.000000 0.975817 0.197585 0.995620 0.199781
1985.000000 0.975887 0.197602 0.995692 0.199784
1986.000000 0.975957 0.197619 0.995764 0.199786
1987.000000 0.976027 0.197636 0.995836 0.199789
1988.000000 0.976098 0.197653 0.995908 0.199791
1989.000000 0.976168 0.197669 0.995981 0.199794
1990.000000 0.976238 0.197686 0.996053 0.199796
1991.000000 0.976309 0.197702 0.996125 0.199798
1992.000000 0.976379 0.197718 0.996197 0.199800
1993.000000 0.976449 0.197735 0.996269 0.199802
1994.000000 0.976520 0.197751 0.996341 0.199804
1995.000000 0.976590 0.197767 0.996414 0.199805
1996.000000 0.976661 0.197783 0.996486 0.199807
1997.000000 0.976731 0.197798 0.996558 0.199808
1998.000000 0.976802 0.197814 0.996630 0.199810
1999.000000 0.976872 0.197829 0.996702 0.199811
2000.000000 0.976943 0.197845 0.996774 0.199812
2001.000000 0.977013 0.197860 0.996847 0.199813
2002.000000 0.977084 0.197876 0.996919 0.199814
2003.000000 0.977154 0.197891 0.996991 0.199815
2004.000000 0.977225 0.197906 0.997063 0.199816
2005.000000 0.977295 0.197921 0.997135 0.199816
2006.000000 0.977366 0.197935 0.997207 0.199817
2007.000000 0.977437 0.197950 0.997280 0.199817
2008.000000 0.977507 0.197965 0.997352 0.199818
2009.000000 0.977578 0.197979 0.997424 0.199818
2010.000000 0.977648 0.197994 0.997496 0.199818
2011.000000 0.977719 0.198008 0.997568 0.199818
2012.000000 0.977790 0.198022 0.997640 0.199818
2013.000000 0.977861 0.198036 0.997712 0.199818
2014.000000 0.977931 0.198050 0.997784 0.199817
2015.000000 0.978002 0.198064 0.997856 0.199817
2016.000000 0.978073 0.198078 0.997929 0.199816
2017.000000 0.978144 0.198092 0.998001 0.199816
2018.000000 0.978214 0.198106 0.998073 0.199815
2019.000000 0.978285 0.198119 0.998145 0.199814
2020.000000 0.978356 0.198132 0.998217 0.199813
2021.000000 0.978427 0.198146 0.998289 0.199812
2022.000000 0.978498 0.198159 0.998361 0.199811
2023.000000 0.978569 0.198172 0.998433 0.199810
2024.000000 0.978640 0.198185 0.998505 0.199809
2025.000000 0.978710 0.198198 0.998577 0.199807
2026.000000 0.978781 0.198211 0.998649 0.199806
2027.000000 0.978852 0.198223 0.998721 0.199804
2028.000000 0.978923 0.198236 0.998793 0.199802
2029.000000 0.978994 0.198249 0.998865 0.199800
2030.000000 0.979065 0.198261 0.998938 0.199798
2031.000000 0.979136 0.198273 0.999010 0.199796
2032.000000 0.979207 0.198285 0.999082 0.199794
2033.000000 0.979278 0.198297 0.999154 0.199792
2034.000000 0.979349 0.198309 0.999226 0.199790
2035.000000 0.979420 0.198321 0.999298 0.199787
2036.000000 0.979492 0.198333 0.999370 0.199785
2037.000000 0.979563 0.198345 0.999442 0.199782
2038.000000 0.979634 0.198356 0.999514 0.199779
2039.000000 0.979705 0.198368 0.999586 0.199776
2040.000000 0.979776 0.198379 0.999658 0.199773
2041.000000 0.979847 0.198390 0.999730 0.199770
2042.000000 0.979918 0.198402 0.999802 0.199767
2043.000000 0.979990 0.198413 0.999874 0.199764
2044.000000 0.980061 0.198424 0.999946 0.199760
2045.000000 0.980132 0.198434 1.000018 0.199757
2046.000000 0.980203 0.198445 1.000090 0.199753
2047.000000 0.980275 0.198456 1.000161 0.199749
2048.000000 0.980346 0.198466 1.000233 0.199746
2049.000000 0.980417 0.198477 1.000305 0.199742
2050.000000 0.980488 0.198487 1.000377 0.199738
2051.000000 0.980560 0.198497 1.000449 0.199734
2052.000000 0.980631 0.198508 1.000521 0.199729
2053.000000 0.980703 0.198518 1.000593 0.199725
2054.000000 0.980774 0.198528 1.000665 0.199721
2055.000000 0.980845 0.198537 1.000737 0.199716
2056.000000 0.980917 0.198547 1.000809 0.199712
2057.000000 0.980988 0.198557 1.000881 0.199707
2058.000000 0.981060 0.198566 1.000953 0.199702
2059.000000 0.981131 0.198576 1.001025 0.199697
2060.000000 0.981202 0.198585 1.001096 0.199692
2061.000000 0.981274 0.198594 1.001168 0.199687
2062.000000 0.981345 0.198603 1.001240 0.199682
2063.000000 0.981417 0.198612 1.001312 0.199676
2064.000000 0.981488 0.198621 1.001384 0.199671
2065.000000 0.981560 0.198630 1.001456 0.199665
2066.000000 0.981631 0.198639 1.001528 0.199660
2067.000000 0.981703 0.198647 1.001600 0.199654
2068.000000 0.981775 0.198656 1.001671 0.199648
2069.000000 0.981846 0.198664 1.001743 0.199642
2070.000000 0.981918 0.198673 1.001815 0.199636
2071.000000 0.981989 0.198681 1.001887 0.199630
2072.000000 0.982061 0.198689 1.001959 0.199624
2073.000000 0.982133 0.198697 1.002031 0.199617
2074.000000 0.982204 0.198705 1.002102 0.199611
2075.000000 0.982276 0.198713 1.002174 0.199604
2076.000000 0.982348 0.198720 1.002246 0.199598
2077.000000 0.982420 0.198728 1.002318 0.199591
2078.000000 0.982491 0.198735 1.002390 0.199584
2079.000000 0.982563 0.198743 1.002461 0.199577
2080.000000 0.982635 0.198750 1.002533 0.199570
2081.000000 0.982706 0.198757 1.002605 0.199563
2082.000000 0.982778 0.198764 1.002677 0.199555
2083.000000 0.982850 0.198771 1.002748 0.199548
2084.000000 0.982922 0.198778 1.002820 0.199541
2085.000000 0.982994 0.198785 1.002892 0.199533
2086.000000 0.983066 0.198791 1.002964 0.199525
2087.000000 0.983137 0.198798 1.003035 0.199518
2088.000000 0.983209 0.198804 1.003107 0.199510
2089.000000 0.983281 0.198811 1.003179 0.199502
2090.000000 0.983353 0.198817 1.003250 0.199494
2091.000000 0.983425 0.198823 1.003322 0.199485
2092.000000 0.983497 0.198829 1.003394 0.199477
2093.000000 0.983569 0.198835 1.003466 0.199469
2094.000000 0.983641 0.198841 1.003537 0.199460
2095.000000 0.983713 0.198847 1.003609 0.199452
2096.000000 0.983785 0.198852 1.003681 0.199443
2097.000000 0.983857 0.198858 1.003752 0.199434
2098.000000 0.983929 0.198863 1.003824 0.199425
2099.000000 0.984001 0.198869 1.003895 0.199416
2100.000000 0.984073 0.198874 1.003967 0.199407
2101.000000 0.984145 0.198879 1.004039 0.199398
2102.000000 0.984217 0.198884 1.004110 0.199389
2103.000000 0.984289 0.198889 1.004182 0.199379
2104.000000 0.984361 0.198894 1.004254 0.199370
2105.000000 0.984433 0.198899 1.004325 0.199360
2106.000000 0.984505 0.198903 1.004397 0.199350
2107.000000 0.984577 0.198908 1.004468 0.199341
2108.000000 0.984649 0.198912 1.004540 0.199331
2109.000000 0.984722 0.198917 1.004612 0.199321
2110.000000 0.984794 0.198921 1.004683 0.199311
2111.000000 0.984866 0.198925 1.004755 0.199300
2112.000000 0.984938 0.198929 1.004826 0.199290
2113.000000 0.985010 0.198933 1.004898 0.199280
2114.000000 0.985083 0.198937 1.004969 0.199269
2115.000000 0.985155 0.198940 1.005041 0.199258
2116.000000 0.985227 0.198944 1.005112 0.199248
2117.000000 0.985299 0.198947 1.005184 0.199237
2118.000000 0.985371 0.198951 1.005255 0.199226
2119.000000 0.985444 0.198954 1.005327 0.199215
2120.000000 0.985516 0.198957 1.005398 0.199204
2121.000000 0.985588 0.198960 1.005470 0.199193
2122.000000 0.985661 0.198963 1.005541 0.199181
2123.000000 0.985733 0.198966 1.005613 0.199170
2124.000000 0.985805 0.198969 1.005684 0.199158
2125.000000 0.985878 0.198972 1.005756 0.199147
2126.000000 0.985950 0.198974 1.005827 0.199135
2127.000000 0.986022 0.198977 1.005899 0.199123
2128.000000 0.986095 0.198979 1.005970 0.199111
2129.000000 0.986167 0.198981 1.006041 0.199099
2130.000000 0.986240 0.198984 1.006113 0.199087
2131.000000 0.986312 0.198986 1.006184 0.199075
2132.000000 0.986385 0.198988 1.006256 0.199063
2133.000000 0.986457 0.198990 1.006327 0.199050
2134.000000 0.986529 0.198991 1.006398 0.199038
2135.000000 0.986602 0.198993 1.006470 0.199025
2136.000000 0.986674 0.198995 1.006541 0.199012
2137.000000 0.986747 0.198996 1.006613 0.199000
2138.000000 0.986819 0.198997 1.006684 0.198987
2139.000000 0.986892 0.198999 1.006755 0.198974
2140.000000 0.986964 0.199000 1.006827 0.198961
2141.000000 0.987037 0.199001 1.006898 0.198947
2142.000000 0.987110 0.199002 1.006969 0.198934
2143.000000 0.987182 0.199003 1.007041 0.198921
2144.000000 0.987255 0.199003 1.007112 0.198907
2145.000000 0.987327 0.199004 1.007183 0.198893
2146.000000 0.987400 0.199005 1.007254 0.198880
2147.000000 0.987473 0.199005 1.007326 0.198866
2148.000000 0.987545 0.199005 1.007397 0.198852
2149.000000 0.987618 0.199006 1.007468 0.198838
2150.000000 0.987690 0.199006 1.007539 0.198824
2151.000000 0.987763 0.199006 1.007611 0.198810
2152.000000 0.987836 0.199006 1.007682 0.198795
2153.000000 0.987908 0.199005 1.007753 0.198781
2154.000000 0.987981 0.199005 1.007824 0.198766
2155.000000 0.988054 0.199005 1.007896 0.198752
2156.000000 0.988127 0.199004 1.007967 0.198737
2157.000000 0.988199 0.199004 1.008038 0.198722
2158.000000 0.988272 0.199003 1.008109 0.198707
2159.000000 0.988345 0.199002 1.008180 0.198692
2160.000000 0.988418 0.199001 1.008251 0.198677
2161.000000 0.988490 0.199000 1.008323 0.198662
2162.000000 0.988563 0.198999 1.008394 0.198647
2163.000000 0.988636 0.198998 1.008465 0.198631
2164.000000 0.988709 0.198997 1.008536 0.198616
2165.000000 0.988782 0.198995 1.008607 0.198600
2166.000000 0.988854 0.198994 1.008678 0.198585
2167.000000 0.988927 0.198992 1.008749 0.198569
2168.000000 0.989000 0.198991 1.008820 0.198553
2169.000000 0.989073 0.198989 1.008891 0.198537
2170.000000 0.989146 0.198987 1.008962 0.198521
2171.000000 0.989219 0.198985 1.009034 0.198505
2172.000000 0.989292 0.198983 1.009105 0.198488
2173.000000 0.989365 0.198981 1.009176 0.198472
2174.000000 0.989437 0.198978 1.009247 0.198455
2175.000000 0.989510 0.198976 1.009318 0.198439
2176.000000 0.989583 0.198973 1.009389 0.198422
2177.000000 0.989656 0.198971 1.009460 0.198405
2178.000000 0.989729 0.198968 1.009531 0.198388
2179.000000 0.989802 0.198965 1.009602 0.198371
2180.000000 0.989875 0.198962 1.009673 0.198354
2181.000000 0.989948 0.198959 1.009744 0.198337
2182.000000 0.990021 0.198956 1.009815 0.198320
2183.000000 0.990094 0.198953 1.009885 0.198303
2184.000000 0.990167 0.198950 1.009956 0.198285
2185.000000 0.990240 0.198946 1.010027 0.198267
2186.000000 0.990313 0.198943 1.010098 0.198250
2187.000000 0.990386 0.198939 1.010169 0.198232
2188.000000 0.990459 0.198935 1.010240 0.198214
2189.000000 0.990532 0.198931 1.010311 0.198196
2190.000000 0.990605 0.198927 1.010382 0.198178
2191.000000 0.990679 0.198923 1.010453 0.198160
2192.000000 0.990752 0.198919 1.010523 0.198142
2193.000000 0.990825 0.198915 1.010594 0.198123
2194.000000 0.990898 0.198911 1.010665 0.198105
2195.000000 0.990971 0.198906 1.010736 0.198086
2196.000000 0.991044 0.198902 1.010807 0.198068
2197.000000 0.991117 0.198897 1.010878 0.198049
2198.000000 0.991190 0.198892 1.010948 0.198030
2199.000000 0.991264 0.198887 1.011019 0.198011
2200.000000 0.991337 0.198882 1.011090 0.197992
2201.000000 0.991410 0.198877 1.011161 0.197973
2202.000000 0.991483 0.198872 1.011231 0.197954
2203.000000 0.991556 0.198867 1.011302 0.197934
2204.000000 0.991630 0.198862 1.011373 0.197915
2205.000000 0.991703 0.198856 1.011444 0.197895
2206.000000 0.991776 0.198851 1.011514 0.197876
2207.000000 0.991849 0.198845 1.011585 0.197856
2208.000000 0.991922 0.198839 1.011656 0.197836
2209.000000 0.991996 0.198833 1.011726 0.197816
2210.000000 0.992069 0.198827 1.011797 0.197796
2211.000000 0.992142 0.198821 1.011868 0.197776
2212.000000 0.992216 0.198815 1.011938 0.197756
2213.000000 0.992289 0.198809 1.012009 0.197736
2214.000000 0.992362 0.198802 1.012080 0.197715
2215.000000 0.992435 0.198796 1.012150 0.197695
2216.000000 0.992509 0.198789 1.012221 0.197674
2217.000000 0.992582 0.198783 1.012291 0.197653
2218.000000 0.992655 0.198776 1.012362 0.197633
2219.000000 0.992729 0.198769 1.012433 0.197612
2220.000000 0.992802 0.198762 1.012503 0.197591
2221.000000 0.992876 0.198755 1.012574 0.197570
2222.000000 0.992949 0.198748 1.012644 0.197549
2223.000000 0.993022 0.198740 1.012715 0.197527
2224.000000 0.993096 0.198733 1.012785 0.197506
2225.000000 0.993169 0.198726 1.012856 0.197484
2226.000000 0.993242 0.198718 1.012926 0.197463
2227.000000 0.993316 0.198710 1.012997 0.197441
2228.000000 0.993389 0.198702 1.013067 0.197419
2229.000000 0.993463 0.198695 1.013138 0.197398
2230.000000 0.993536 0.198687 1.013208 0.197376
2231.000000 0.993610 0.198678 1.013278 0.197354
2232.000000 0.993683 0.198670 1.013349 0.197331
2233.000000 0.993757 0.198662 1.013419 0.197309
2234.000000 0.993830 0.198654 1.013490 0.197287
2235.000000 0.993903 0.198645 1.013560 0.197264
2236.000000 0.993977 0.198636 1.013630 0.197242
2237.000000 0.994050 0.198628 1.013701 0.197219
2238.000000 0.994124 0.198619 1.013771 0.197196
2239.000000 0.994197 0.198610 1.013841 0.197174
2240.000000 0.994271 0.198601 1.013912 0.197151
2241.000000 0.994345 0.198592 1.013982 0.197128
2242.000000 0.994418 0.198583 1.014052 0.197105
2243.000000 0.994492 0.198573 1.014123 0.197081
2244.000000 0.994565 0.198564 1.014193 0.197058
2245.000000 0.994639 0.198554 1.014263 0.197035
2246.000000 0.994712 0.198545 1.014334 0.197011
2247.000000 0.994786 0.198535 1.014404 0.196988
2248.000000 0.994859 0.198525 1.014474 0.196964
2249.000000 0.994933 0.198515 1.014544 0.196940
2250.000000 0.995007 0.198505 1.014614 0.196916
2251.000000 0.995080 0.198495 1.014685 0.196892
2252.000000 0.995154 0.198485 1.014755 0.196868
2253.000000 0.995227 0.198475 1.014825 0.196844
2254.000000 0.995301 0.198464 1.014895 0.196820
2255.000000 0.995375 0.198454 1.014965 0.196795
2256.000000 0.995448 0.198443 1.015035 0.196771
2257.000000 0.995522 0.198432 1.015106 0.196746
2258.000000 0.995596 0.198421 1.015176 0.196722
2259.000000 0.995669 0.198410 1.015246 0.196697
2260.000000 0.995743 0.198399 1.015316 0.196672
2261.000000 0.995817 0.198388 1.015386 0.196647
2262.000000 0.995890 0.198377 1.015456 0.196622
2263.000000 0.995964 0.198366 1.015526 0.196597
2264.000000 0.996038 0.198354 1.015596 0.196572
2265.000000 0.996111 0.198343 1.015666 0.196546
2266.000000 0.996185 0.198331 1.015736 0.196521
2267.000000 0.996259 0.198319 1.015806 0.196495
2268.000000 0.996332 0.198307 1.015876 0.196470
2269.000000 0.996406 0.198296 1.015946 0.196444
2270.000000 0.996480 0.198283 1.016016 0.196418
2271.000000 0.996554 0.198271 1.016086 0.196392
2272.000000 0.996627 0.198259 1.016156 0.196366
2273.000000 0.996701 0.198247 1.016226 0.196340
2274.000000 0.996775 0.198234 1.016296 0.196314
2275.000000 0.996849 0.198222 1.016366 0.196288
2276.000000 0.996922 0.198209 1.016436 0.196262
2277.000000 0.996996 0.198196 1.016505 0.196235
2278.000000 0.997070 0.198183 1.016575 0.196209
2279.000000 0.997144 0.198170 1.016645 0.196182
2280.000000 0.997218 0.198157 1.016715 0.196155
2281.000000 0.997291 0.198144 1.016785 0.196128
2282.000000 0.997365 0.198131 1.016855 0.196101
2283.000000 0.997439 0.198118 1.016924 0.196074
2284.000000 0.997513 0.198104 1.016994 0.196047
2285.000000 0.997587 0.198091 1.017064 0.196020
2286.000000 0.997661 0.198077 1.017134 0.195993
2287.000000 0.997734 0.198063 1.017203 0.195965
2288.000000 0.997808 0.198049 1.017273 0.195938
2289.000000 0.997882 0.198035 1.017343 0.195910
2290.000000 0.997956 0.198021 1.017413 0.195882
2291.000000 0.998030 0.198007 1.017482 0.195855
2292.000000 0.998104 0.197993 1.017552 0.195827
2293.000000 0.998177 0.197978 1.017622 0.195799
2294.000000 0.998251 0.197964 1.017691 0.195771
2295.000000 0.998325 0.197949 1.017761 0.195743
2296.000000 0.998399 0.197935 1.017831 0.195714
2297.000000 0.998473 0.197920 1.017900 0.195686
2298.000000 0.998547 0.197905 1.017970 0.195658
2299.000000 0.998621 0.197890 1.018039 0.195629
2300.000000 0.998695 0.197875 1.018109 0.195600
2301.000000 0.998769 0.197860 1.018178 0.195572
2302.000000 0.998843 0.197845 1.018248 0.195543
2303.000000 0.998916 0.197829 1.018318 0.195514
2304.000000 0.998990 0.197814 1.018387 0.195485
2305.000000 0.999064 0.197798 1.018457 0.195456
2306.000000 0.999138 0.197782 1.018526 0.195427
2307.000000 0.999212 0.197767 1.018595 0.195397
2308.000000 0.999286 0.197751 1.018665 0.195368
2309.000000 0.999360 0.197735 1.018734 0.195338
2310.000000 0.999434 0.197719 1.018804 0.195309
2311.000000 0.999508 0.197703 1.018873 0.195279
2312.000000 0.999582 0.197686 1.018943 0.195249
2313.000000 0.999656 0.197670 1.019012 0.195220
2314.000000 0.999730 0.197653 1.019081 0.195190
2315.000000 0.999804 0.197637 1.019151 0.195160
2316.000000 0.999878 0.197620 1.019220 0.195129
2317.000000 0.999952 0.197603 1.019289 0.195099
2318.000000 1.000026 0.197587 1.019359 0.195069
2319.000000 1.000100 0.197570 1.019428 0.195038
2320.000000 1.000174 0.197552 1.019497 0.195008
2321.000000 1.000248 0.197535 1.019567 0.194977
2322.000000 1.000322 0.197518 1.019636 0.194947
2323.000000 1.000396 0.197501 1.019705 0.194916
2324.000000 1.000470 0.197483 1.019774 0.194885
2325.000000 1.000544 0.197465 1.019844 0.194854
2326.000000 1.000618 0.197448 1.019913 0.194823
2327.000000 1.000692 0.197430 1.019982 0.194792
2328.000000 1.000766 0.197412 1.020051 0.194761
2329.000000 1.000840 0.197394 1.020120 0.194729
2330.000000 1.000914 0.197376 1.020189 0.194698
2331.000000 1.000988 0.197358 1.020259 0.194666
2332.000000 1.001062 0.197340 1.020328 0.194635
2333.000000 1.001136 0.197321 1.020397 0.194603
2334.000000 1.001210 0.197303 1.020466 0.194571
2335.000000 1.001285 0.197284 1.020535 0.194539
2336.000000 1.001359 0.197265 1.020604 0.194507
2337.000000 1.001433 0.197247 1.020673 0.194475
2338.000000 1.001507 0.197228 1.020742 0.194443
2339.000000 1.001581 0.197209 1.020811 0.194411
2340.000000 1.001655 0.197190 1.020880 0.194378
2341.000000 1.001729 0.197170 1.020949 0.194346
2342.000000 1.001803 0.197151 1.021018 0.194313
2343.000000 1.001877 0.197132 1.021087 0.194281
2344.000000 1.001951 0.197112 1.021156 0.194248
2345.000000 1.002025 0.197093 1.021225 0.194215
2346.000000 1.002099 0.197073 1.021294 0.194182
2347.000000 1.002174 0.197053 1.021363 0.194149
2348.000000 1.002248 0.197033 1.021432 0.194116
2349.000000 1.002322 0.197013 1.021500 0.194083
2350.000000 1.002396 0.196993 1.021569 0.194049
2351.000000 1.002470 0.196973 1.021638 0.194016
2352.000000 1.002544 0.196953 1.021707 0.193983
2353.000000 1.002618 0.196932 1.021776 0.193949
2354.000000 1.002692 0.196912 1.021845 0.193915
2355.000000 1.002767 0.196891 1.021913 0.193882
2356.000000 1.002841 0.196871 1.021982 0.193848
2357.000000 1.002915 0.196850 1.022051 0.193814
2358.000000 1.002989 0.196829 1.022120 0.193780
2359.000000 1.003063 0.196808 1.022188 0.193746
2360.000000 1.003137 0.196787 1.022257 0.193711
2361.000000 1.003211 0.196766 1.022326 0.193677
2362.000000 1.003286 0.196744 1.022394 0.193643
2363.000000 1.003360 0.196723 1.022463 0.193608
2364.000000 1.003434 0.196701 1.022532 0.193574
2365.000000 1.003508 0.196680 1.022600 0.193539
2366.000000 1.003582 0.196658 1.022669 0.193504
2367.000000 1.003656 0.196636 1.022737 0.193469
2368.000000 1.003731 0.196614 1.022806 0.193434
2369.000000 1.003805 0.196592 1.022875 0.193399
2370.000000 1.003879 0.196570 1.022943 0.193364
2371.000000 1.003953 0.196548 1.023012 0.193329
2372.000000 1.004027 0.196526 1.023080 0.193294
2373.000000 1.004101 0.196503 1.023149 0.193258
2374.000000 1.004176 0.196481 1.023217 0.193223
2375.000000 1.004250 0.196458 1.023286 0.193187
2376.000000 1.004324 0.196436 1.023354 0.193152
2377.000000 1.004398 0.196413 1.023422 0.193116
2378.000000 1.004472 0.196390 1.023491 0.193080
2379.000000 1.004546 0.196367 1.023559 0.193044
2380.000000 1.004621 0.196344 1.023628 0.193008
2381.000000 1.004695 0.196321 1.023696 0.192972
2382.000000 1.004769 0.196297 1.023764 0.192936
2383.000000 1.004843 0.196274 1.023833 0.192899
2384.000000 1.004917 0.196251 1.023901 0.192863
2385.000000 1.004992 0.196227 1.023969 0.192826
2386.000000 1.005066 0.196203 1.024038 0.192790
2387.000000 1.005140 0.196180 1.024106 0.192753
2388.000000 1.005214 0.196156 1.024174 0.192716
2389.000000 1.005288 0.196132 1.024242 0.192680
2390.000000 1.005363 0.196108 1.024311 0.192643
2391.000000 1.005437 0.196083 1.024379 0.192606
2392.000000 1.005511 0.196059 1.024447 0.192568
2393.000000 1.005585 0.196035 1.024515 0.192531
2394.000000 1.005659 0.196010 1.024583 0.192494
2395.000000 1.005734 0.195986 1.024651 0.192456
2396.000000 1.005808 0.195961 1.024720 0.192419
2397.000000 1.005882 0.195936 1.024788 0.192381
2398.000000 1.005956 0.195911 1.024856 0.192344
2399.000000 1.006031 0.195886 1.024924 0.192306
2400.000000 1.006105 0.195861 1.024992 0.192268
2401.000000 1.006179 0.195836 1.025060 0.192230
2402.000000 1.006253 0.195811 1.025128 0.192192
2403.000000 1.006327 0.195785 1.025196 0.192154
2404.000000 1.006402 0.195760 1.025264 0.192116
2405.000000 1.006476 0.195734 1.025332 0.192077
2406.000000 1.006550 0.195709 1.025400 0.192039
2407.000000 1.006624 0.195683 1.025468 0.192001
2408.000000 1.006699 0.195657 1.025536 0.191962
2409.000000 1.006773 0.195631 1.025604 0.191923
2410.000000 1.006847 0.195605 1.025672 0.191885
2411.000000 1.006921 0.195579 1.025739 0.191846
2412.000000 1.006995 0.195553 1.025807 0.191807
2413.000000 1.007070 0.195526 1.025875 0.191768
2414.000000 1.007144 0.195500 1.025943 0.191729
2415.000000 1.007218 0.195473 1.026011 0.191690
2416.000000 1.007292 0.195447 1.026079 0.191650
2417.000000 1.007367 0.195420 1.026146 0.191611
2418.000000 1.007441 0.195393 1.026214 0.191571
2419.000000 1.007515 0.195366 1.026282 0.191532
2420.000000 1.007589 0.195339 1.026350 0.191492
2421.000000 1.007663 0.195312 1.026417 0.191452
2422.000000 1.007738 0.195285 1.026485 0.191413
2423.000000 1.007812 0.195257 1.026553 0.191373
2424.000000 1.007886 0.195230 1.026620 0.191333
2425.000000 1.007960 0.195202 1.026688 0.191293
2426.000000 1.008035 0.195175 1.026755 0.191252
2427.000000 1.008109 0.195147 1.026823 0.191212
2428.000000 1.008183 0.195119 1.026891 0.191172
2429.000000 1.008257 0.195091 1.026958 0.191131
2430.000000 1.008331 0.195063 1.027026 0.191091
2431.000000 1.008406 0.195035 1.027093 0.191050
2432.000000 1.008480 0.195007 1.027161 0.191009
2433.000000 1.008554 0.194978 1.027228 0.190969
2434.000000 1.008628 0.194950 1.027296 0.190928
2435.000000 1.008703 0.194921 1.027363 0.190887
2436.000000 1.008777 0.194893 1.027431 0.190846
2437.000000 1.008851 0.194864 1.027498 0.190804
2438.000000 1.008925 0.194835 1.027566 0.190763
2439.000000 1.008999 0.194806 1.027633 0.190722
2440.000000 1.009074 0.194777 1.027700 0.190680
2441.000000 1.009148 0.194748 1.027768 0.190639
2442.000000 1.009222 0.194719 1.027835 0.190597
2443.000000 1.009296 0.194689 1.027902 0.190556
2444.000000 1.009371 0.194660 1.027970 0.190514
2445.000000 1.009445 0.194630 1.028037 0.190472
2446.000000 1.009519 0.194601 1.028104 0.190430
2447.000000 1.009593 0.194571 1.028171 0.190388
2448.000000 1.009667 0.194541 1.028239 0.190346
2449.000000 1.009742 0.194511 1.028306 0.190304
2450.000000 1.009816 0.194481 1.028373 0.190261
2451.000000 1.009890 0.194451 1.028440 0.190219
2452.000000 1.009964 0.194421 1.028507 0.190176
2453.000000 1.010038 0.194391 1.028574 0.190134
2454.000000 1.010113 0.194360 1.028642 0.190091
2455.000000 1.010187 0.194330 1.028709 0.190048
2456.000000 1.010261 0.194299 1.028776 0.190006
2457.000000 1.010335 0.194268 1.028843 0.189963
2458.000000 1.010409 0.194238 1.028910 0.189920
2459.000000 1.010484 0.194207 1.028977 0.189877
2460.000000 1.010558 0.194176 1.029044 0.189833
2461.000000 1.010632 0.194145 1.029111 0.189790
2462.000000 1.010706 0.194113 1.029178 0.189747
2463.000000 1.010780 0.194082 1.029245 0.189703
2464.000000 1.010855 0.194051 1.029312 0.189660
2465.000000 1.010929 0.194019 1.029379 0.189616
2466.000000 1.011003 0.193988 1.029446 0.189572
2467.000000 1.011077 0.193956 1.029512 0.189529
2468.000000 1.011151 0.193924 1.029579 0.189485
2469.000000 1.011225 0.193892 1.029646 0.189441
2470.000000 1.011300 0.193860 1.029713 0.189397
2471.000000 1.011374 0.193828 1.029780 0.189352
2472.000000 1.011448 0.193796 1.029847 0.189308
2473.000000 1.011522 0.193764 1.029913 0.189264
2474.000000 1.011596 0.193731 1.029980 0.189219
2475.000000 1.011670 0.193699 1.030047 0.189175
2476.000000 1.011745 0.193666 1.030113 0.189130
2477.000000 1.011819 0.193634 1.030180 0.189086
2478.000000 1.011893 0.193601 1.030247 0.189041
2479.000000 1.011967 0.193568 1.030314 0.188996
2480.000000 1.012041 0.193535 1.030380 0.188951
2481.000000 1.012115 0.193502 1.030447 0.188906
2482.000000 1.012190 0.193469 1.030513 0.188861
2483.000000 1.012264 0.193436 1.030580 0.188816
2484.000000 1.012338 0.193402 1.030646 0.188771
2485.000000 1.012412 0.193369 1.030713 0.188725
2486.000000 1.012486 0.193335 1.030780 0.188680
2487.000000 1.012560 0.193302 1.030846 0.188634
2488.000000 1.012634 0.193268 1.030913 0.188588
2489.000000 1.012708 0.193234 1.030979 0.188543
2490.000000 1.012783 0.193200 1.031045 0.188497
2491.000000 1.012857 0.193166 1.031112 0.188451
2492.000000 1.012931 0.193132 1.031178 0.188405
2493.000000 1.013005 0.193098 1.031245 0.188359
2494.000000 1.013079 0.193063 1.031311 0.188313
2495.000000 1.013153 0.193029 1.031377 0.188267
2496.000000 1.013227 0.192994 1.031444 0.188220
2497.000000 1.013301 0.192960 1.031510 0.188174
2498.000000 1.013375 0.192925 1.031576 0.188127
2499.000000 1.013449 0.192890 1.031643 0.188081
2500.000000 1.013524 0.192855 1.031709 0.188034
2501.000000 1.013598 0.192820 1.031775 0.187987
2502.000000 1.013672 0.192785 1.031841 0.187941
2503.000000 1.013746 0.192750 1.031907 0.187894
2504.000000 1.013820 0.192715 1.031974 0.187847
2505.000000 1.013894 0.192679 1.032040 0.187800
2506.000000 1.013968 0.192644 1.032106 0.187752
2507.000000 1.014042 0.192608 1.032172 0.187705
2508.000000 1.014116 0.192573 1.032238 0.187658
2509.000000 1.014190 0.192537 1.032304 0.187610
2510.000000 1.014264 0.192501 1.032370 0.187563
2511.000000 1.014338 0.192465 1.032436 0.187515
2512.000000 1.014412 0.192429 1.032502 0.187467
2513.000000 1.014486 0.192393 1.032568 0.187420
2514.000000 1.014560 0.192356 1.032634 0.187372
2515.000000 1.014634 0.192320 1.032700 0.187324
2516.000000 1.014708 0.192283 1.032766 0.187276
2517.000000 1.014782 0.192247 1.032832 0.187228
2518.000000 1.014856 0.192210 1.032898 0.187179
2519.000000 1.014930 0.192173 1.032964 0.187131
2520.000000 1.015004 0.192137 1.033030 0.187083
2521.000000 1.015078 0.192100 1.033096 0.187034
2522.000000 1.015152 0.192063 1.033161 0.186986
2523.000000 1.015226 0.192025 1.033227 0.186937
2524.000000 1.015300 0.191988 1.033293 0.186888
2525.000000 1.015374 0.191951 1.033359 0.186840
2526.000000 1.015448 0.191913 1.033425 0.186791
2527.000000 1.015522 0.191876 1.033490 0.186742
2528.000000 1.015596 0.191838 1.033556 0.186693
2529.000000 1.015670 0.191801 1.033622 0.186643
2530.000000 1.015744 0.191763 1.033687 0.186594
2531.000000 1.015818 0.191725 1.033753 0.186545
2532.000000 1.015892 0.191687 1.033819 0.186495
2533.000000 1.015966 0.191649 1.033884 0.186446
2534.000000 1.016040 0.191610 1.033950 0.186396
2535.000000 1.016114 0.191572 1.034015 0.186347
2536.000000 1.016188 0.191534 1.034081 0.186297
2537.000000 1.016262 0.191495 1.034146 0.186247
2538.000000 1.016336 0.191457 1.034212 0.186197
2539.000000 1.016410 0.191418 1.034277 0.186147
2540.000000 1.016484 0.191379 1.034343 0.186097
2541.000000 1.016557 0.191340 1.034408 0.186047
2542.000000 1.016631 0.191301 1.034474 0.185997
2543.000000 1.016705 0.191262 1.034539 0.185946
2544.000000 1.016779 0.191223 1.034604 0.185896
2545.000000 1.016853 0.191184 1.034670 0.185846
2546.000000 1.016927 0.191144 1.034735 0.185795
2547.000000 1.017001 0.191105 1.034800 0.185744
2548.000000 1.017075 0.191065 1.034866 0.185694
2549.000000 1.017148 0.191026 1.034931 0.185643
2550.000000 1.017222 0.190986 1.034996 0.185592
2551.000000 1.017296 0.190946 1.035061 0.185541
2552.000000 1.017370 0.190906 1.035127 0.185490
2553.000000 1.017444 0.190866 1.035192 0.185438
2554.000000 1.017518 0.190826 1.035257 0.185387
2555.000000 1.017592 0.190786 1.035322 0.185336
2556.000000 1.017665 0.190745 1.035387 0.185284
2557.000000 1.017739 0.190705 1.035452 0.185233
2558.000000 1.017813 0.190664 1.035517 0.185181
2559.000000 1.017887 0.190624 1.035582 0.185130
2560.000000 1.017961 0.190583 1.035647 0.185078
2561.000000 1.018034 0.190542 1.035712 0.185026
2562.000000 1.018108 0.190501 1.035777 0.184974
2563.000000 1.018182 0.190460 1.035842 0.184922
2564.000000 1.018256 0.190419 1.035907 0.184870
2565.000000 1.018329 0.190378 1.035972 0.184818
2566.000000 1.018403 0.190337 1.036037 0.184766
2567.000000 1.018477 0.190295 1.036102 0.184713
2568.000000 1.018551 0.190254 1.036167 0.184661
2569.000000 1.018624 0.190212 1.036232 0.184608
2570.000000 1.018698 0.190171 1.036297 0.184556
2571.000000 1.018772 0.190129 1.036361 0.184503
2572.000000 1.018846 0.190087 1.036426 0.184450
2573.000000 1.018919 0.190045 1.036491 0.184397
2574.000000 1.018993 0.190003 1.036556 0.184344
2575.000000 1.019067 0.189961 1.036620 0.184291
2576.000000 1.019140 0.189919 1.036685 0.184238
2577.000000 1.019214 0.189876 1.036750 0.184185
2578.000000 1.019288 0.189834 1.036814 0.184132
2579.000000 1.019361 0.189791 1.036879 0.184079
2580.000000 1.019435 0.189749 1.036944 0.184025
2581.000000 1.019509 0.189706 1.037008 0.183972
2582.000000 1.019582 0.189663 1.037073 0.183918
2583.000000 1.019656 0.189620 1.037137 0.183864
2584.000000 1.019730 0.189577 1.037202 0.183811
2585.000000 1.019803 0.189534 1.037266 0.183757
2586.000000 1.019877 0.189491 1.037331 0.183703
2587.000000 1.019950 0.189447 1.037395 0.183649
2588.000000 1.020024 0.189404 1.037460 0.183595
2589.000000 1.020098 0.189361 1.037524 0.183541
2590.000000 1.020171 0.189317 1.037589 0.183486
2591.000000 1.020245 0.189273 1.037653 0.183432
2592.000000 1.020318 0.189229 1.037717 0.183378
2593.000000 1.020392 0.189186 1.037782 0.183323
2594.000000 1.020465 0.189142 1.037846 0.183269
2595.000000 1.020539 0.189098 1.037910 0.183214
2596.000000 1.020613 0.189053 1.037975 0.183159
2597.000000 1.020686 0.189009 1.038039 0.183104
2598.000000 1.020760 0.188965 1.038103 0.183049
2599.000000 1.020833 0.188920 1.038167 0.182994
2600.000000 1.020907 0.188876 1.038231 0.182939
2601.000000 1.020980 0.188831 1.038296 0.182884
2602.000000 1.021054 0.188786 1.038360 0.182829
2603.000000 1.021127 0.188742 1.038424 0.182774
2604.000000 1.021201 0.188697 1.038488 0.182718
2605.000000 1.021274 0.188652 1.038552 0.182663
2606.000000 1.021347 0.188607 1.038616 0.182607
2607.000000 1.021421 0.188561 1.038680 0.182552
2608.000000 1.021494 0.188516 1.038744 0.182496
2609.000000 1.021568 0.188471 1.038808 0.182440
2610.000000 1.021641 0.188425 1.038872 0.182384
2611.000000 1.021715 0.188380 1.038936 0.182328
2612.000000 1.021788 0.188334 1.039000 0.182272
2613.000000 1.021861 0.188288 1.039064 0.182216
2614.000000 1.021935 0.188242 1.039127 0.182160
2615.000000 1.022008 0.188196 1.039191 0.182104
2616.000000 1.022082 0.188150 1.039255 0.182047
2617.000000 1.022155 0.188104 1.039319 0.181991
2618.000000 1.022228 0.188058 1.039383 0.181934
2619.000000 1.022302 0.188011 1.039446 0.181878
2620.000000 1.022375 0.187965 1.039510 0.181821
2621.000000 1.022448 0.187918 1.039574 0.181764
2622.000000 1.022522 0.187872 1.039638 0.181707
2623.000000 1.022595 0.187825 1.039701 0.181650
2624.000000 1.022668 0.187778 1.039765 0.181593
2625.000000 1.022742 0.187731 1.039828 0.181536
2626.000000 1.022815 0.187684 1.039892 0.181479
2627.000000 1.022888 0.187637 1.039956 0.181422
2628.000000 1.022961 0.187590 1.040019 0.181364
2629.000000 1.023035 0.187543 1.040083 0.181307
2630.000000 1.023108 0.187495 1.040146 0.181249
2631.000000 1.023181 0.187448 1.040210 0.181192
2632.000000 1.023254 0.187400 1.040273 0.181134
2633.000000 1.023328 0.187353 1.040337 0.181076
2634.000000 1.023401 0.187305 1.040400 0.181019
2635.000000 1.023474 0.187257 1.040463 0.180961
2636.000000 1.023547 0.187209 1.040527 0.180903
2637.000000 1.023620 0.187161 1.040590 0.180845
2638.000000 1.023693 0.187113 1.040653 0.180787
2639.000000 1.023767 0.187065 1.040717 0.180728
2640.000000 1.023840 0.187016 1.040780 0.180670
2641.000000 1.023913 0.186968 1.040843 0.180612
2642.000000 1.023986 0.186919 1.040906 0.180553
2643.000000 1.024059 0.186871 1.040970 0.180495
2644.000000 1.024132 0.186822 1.041033 0.180436
2645.000000 1.024205 0.186773 1.041096 0.180377
2646.000000 1.024278 0.186724 1.041159 0.180318
2647.000000 1.024351 0.186675 1.041222 0.180260
2648.000000 1.024425 0.186626 1.041285 0.180201
2649.000000 1.024498 0.186577 1.041348 0.180142
2650.000000 1.024571 0.186528 1.041411 0.180082
2651.000000 1.024644 0.186479 1.041474 0.180023
2652.000000 1.024717 0.186429 1.041537 0.179964
2653.000000 1.024790 0.186380 1.041600 0.179905
2654.000000 1.024863 0.186330 1.041663 0.179845
2655.000000 1.024936 0.186280 1.041726 0.179786
2656.000000 1.025009 0.186230 1.041789 0.179726
2657.000000 1.025082 0.186180 1.041852 0.179667
2658.000000 1.025155 0.186130 1.041915 0.179607
2659.000000 1.025228 0.186080 1.041978 0.179547
2660.000000 1.025301 0.186030 1.042041 0.179487
2661.000000 1.025373 0.185980 1.042103 0.179427
2662.000000 1.025446 0.185929 1.042166 0.179367
2663.000000 1.025519 0.185879 1.042229 0.179307
2664.000000 1.025592 0.185828 1.042291 0.179247
2665.000000 1.025665 0.185778 1.042354 0.179186
2666.000000 1.025738 0.185727 1.042417 0.179126
2667.000000 1.025811 0.185676 1.042479 0.179066
2668.000000 1.025884 0.185625 1.042542 0.179005
2669.000000 1.025957 0.185574 1.042605 0.178944
2670.000000 1.026029 0.185523 1.042667 0.178884
2671.000000 1.026102 0.185472 1.042730 0.178823
2672.000000 1.026175 0.185420 1.042792 0.178762
2673.000000 1.026248 0.185369 1.042855 0.178701
2674.000000 1.026321 0.185318 1.042917 0.178640
2675.000000 1.026393 0.185266 1.042980 0.178579
2676.000000 1.026466 0.185214 1.043042 0.178518
2677.000000 1.026539 0.185162 1.043105 0.178457
2678.000000 1.026612 0.185111 1.043167 0.178395
2679.000000 1.026684 0.185059 1.043229 0.178334
2680.000000 1.026757 0.185007 1.043292 0.178272
2681.000000 1.026830 0.184954 1.043354 0.178211
2682.000000 1.026902 0.184902 1.043416 0.178149
2683.000000 1.026975 0.184850 1.043478 0.178088
2684.000000 1.027048 0.184797 1.043541 0.178026
2685.000000 1.027120 0.184745 1.043603 0.177964
2686.000000 1.027193 0.184692 1.043665 0.177902
2687.000000 1.027266 0.184639 1.043727 0.177840
2688.000000 1.027338 0.184587 1.043789 0.177778
2689.000000 1.027411 0.184534 1.043851 0.177716
2690.000000 1.027484 0.184481 1.043914 0.177653
2691.000000 1.027556 0.184428 1.043976 0.177591
2692.000000 1.027629 0.184374 1.044038 0.177529
2693.000000 1.027701 0.184321 1.044100 0.177466
2694.000000 1.027774 0.184268 1.044162 0.177404
2695.000000 1.027846 0.184214 1.044224 0.177341
2696.000000 1.027919 0.184161 1.044286 0.177278
2697.000000 1.027991 0.184107 1.044347 0.177215
2698.000000 1.028064 0.184053 1.044409 0.177152
2699.000000 1.028136 0.184000 1.044471 0.177090
2700.000000 1.028209 0.183946 1.044533 0.177026
2701.000000 1.028281 0.183892 1.044595 0.176963
2702.000000 1.028354 0.183838 1.044657 0.176900
2703.000000 1.028426 0.183783 1.044718 0.176837
2704.000000 1.028499 0.183729 1.044780 0.176774
2705.000000 1.028571 0.183675 1.044842 0.176710
2706.000000 1.028643 0.183620 1.044904 0.176647
2707.000000 1.028716 0.183566 1.044965 0.176583
2708.000000 1.028788 0.183511 1.045027 0.176519
2709.000000 1.028860 0.183456 1.045089 0.176456
2710.000000 1.028933 0.183401 1.045150 0.176392
2711.000000 1.029005 0.183347 1.045212 0.176328
2712.000000 1.029077 0.183292 1.045273 0.176264
2713.000000 1.029150 0.183236 1.045335 0.176200
2714.000000 1.029222 0.183181 1.045396 0.176136
2715.000000 1.029294 0.183126 1.045458 0.176072
2716.000000 1.029367 0.183070 1.045519 0.176007
2717.000000 1.029439 0.183015 1.045581 0.175943
2718.000000 1.029511 0.182959 1.045642 0.175879
2719.000000 1.029583 0.182904 1.045703 0.175814
2720.000000 1.029656 0.182848 1.045765 0.175750
2721.000000 1.029728 0.182792 1.045826 0.175685
2722.000000 1.029800 0.182736 1.045887 0.175620
2723.000000 1.029872 0.182680 1.045949 0.175555
2724.000000 1.029944 0.182624 1.046010 0.175490
2725.000000 1.030016 0.182568 1.046071 0.175426
2726.000000 1.030089 0.182511 1.046132 0.175360
2727.000000 1.030161 0.182455 1.046193 0.175295
2728.000000 1.030233 0.182399 1.046255 0.175230
2729.000000 1.030305 0.182342 1.046316 0.175165
2730.000000 1.030377 0.182285 1.046377 0.175100
2731.000000 1.030449 0.182229 1.046438 0.175034
2732.000000 1.030521 0.182172 1.046499 0.174969
2733.000000 1.030593 0.182115 1.046560 0.174903
2734.000000 1.030665 0.182058 1.046621 0.174837
2735.000000 1.030737 0.182001 1.046682 0.174772
2736.000000 1.030809 0.181943 1.046743 0.174706
2737.000000 1.030881 0.181886 1.046804 0.174640
2738.000000 1.030953 0.181829 1.046865 0.174574
2739.000000 1.031025 0.181771 1.046926 0.174508
2740.000000 1.031097 0.181714 1.046986 0.174442
2741.000000 1.031169 0.181656 1.047047 0.174376
2742.000000 1.031241 0.181598 1.047108 0.174310
2743.000000 1.031313 0.181540 1.047169 0.174243
2744.000000 1.031384 0.181482 1.047230 0.174177
2745.000000 1.031456 0.181424 1.047290 0.174110
2746.000000 1.031528 0.181366 1.047351 0.174044
2747.000000 1.031600 0.181308 1.047412 0.173977
2748.000000 1.031672 0.181250 1.047472 0.173910
2749.000000 1.031744 0.181191 1.047533 0.173844
2750.000000 1.031815 0.181133 1.047593 0.173777
2751.000000 1.031887 0.181074 1.047654 0.173710
2752.000000 1.031959 0.181015 1.047715 0.173643
2753.000000 1.032031 0.180957 1.047775 0.173576
2754.000000 1.032102 0.180898 1.047836 0.173509
2755.000000 1.032174 0.180839 1.047896 0.173441
2756.000000 1.032246 0.180780 1.047956 0.173374
2757.000000 1.032317 0.180721 1.048017 0.173307
2758.000000 1.032389 0.180661 1.048077 0.173239
2759.000000 1.032461 0.180602 1.048138 0.173172
2760.000000 1.032532 0.180543 1.048198 0.173104
2761.000000 1.032604 0.180483 1.048258 0.173037
2762.000000 1.032676 0.180424 1.048318 0.172969
2763.000000 1.032747 0.180364 1.048379 0.172901
2764.000000 1.032819 0.180304 1.048439 0.172833
2765.000000 1.032890 0.180244 1.048499 0.172765
2766.000000 1.032962 0.180184 1.048559 0.172697
2767.000000 1.033033 0.180124 1.048619 0.172629
2768.000000 1.033105 0.180064 1.048680 0.172561
2769.000000 1.033176 0.180004 1.048740 0.172492
2770.000000 1.033248 0.179944 1.048800 0.172424
2771.000000 1.033319 0.179883 1.048860 0.172356
2772.000000 1.033391 0.179823 1.048920 0.172287
2773.000000 1.033462 0.179762 1.048980 0.172219
2774.000000 1.033534 0.179701 1.049040 0.172150
2775.000000 1.033605 0.179641 1.049100 0.172081
2776.000000 1.033676 0.179580 1.049160 0.172012
2777.000000 1.033748 0.179519 1.049219 0.171944
2778.000000 1.033819 0.179458 1.049279 0.171875
2779.000000 1.033890 0.179397 1.049339 0.171806
2780.000000 1.033962 0.179336 1.049399 0.171737
2781.000000 1.034033 0.179274 1.049459 0.171667
2782.000000 1.034104 0.179213 1.049519 0.171598
2783.000000 1.034176 0.179151 1.049578 0.171529
2784.000000 1.034247 0.179090 1.049638 0.171459
2785.000000 1.034318 0.179028 1.049698 0.171390
2786.000000 1.034389 0.178966 1.049757 0.171320
2787.000000 1.034461 0.178905 1.049817 0.171251
2788.000000 1.034532 0.178843 1.049876 0.171181
2789.000000 1.034603 0.178781 1.049936 0.171111
2790.000000 1.034674 0.178718 1.049996 0.171042
2791.000000 1.034745 0.178656 1.050055 0.170972
2792.000000 1.034816 0.178594 1.050115 0.170902
2793.000000 1.034887 0.178532 1.050174 0.170832
2794.000000 1.034959 0.178469 1.050233 0.170762
2795.000000 1.035030 0.178407 1.050293 0.170691
2796.000000 1.035101 0.178344 1.050352 0.170621
2797.000000 1.035172 0.178281 1.050412 0.170551
2798.000000 1.035243 0.178218 1.050471 0.170480
2799.000000 1.035314 0.178155 1.050530 0.170410
2800.000000 1.035385 0.178092 1.050590 0.170339
2801.000000 1.035456 0.178029 1.050649 0.170269
2802.000000 1.035527 0.177966 1.050708 0.170198
2803.000000 1.035598 0.177903 1.050767 0.170127
2804.000000 1.035668 0.177840 1.050826 0.170056
2805.000000 1.035739 0.177776 1.050885 0.169985
2806.000000 1.035810 0.177713 1.050945 0.169914
2807.000000 1.035881 0.177649 1.051004 0.169843
2808.000000 1.035952 0.177585 1.051063 0.169772
2809.000000 1.036023 0.177521 1.051122 0.169701
2810.000000 1.036094 0.177458 1.051181 0.169630
2811.000000 1.036164 0.177394 1.051240 0.169558
2812.000000 1.036235 0.177329 1.051299 0.169487
2813.000000 1.036306 0.177265 1.051358 0.169415
2814.000000 1.036377 0.177201 1.051417 0.169344
2815.000000 1.036447 0.177137 1.051475 0.169272
2816.000000 1.036518 0.177072 1.051534 0.169200
2817.000000 1.036589 0.177008 1.051593 0.169129
2818.000000 1.036659 0.176943 1.051652 0.169057
2819.000000 1.036730 0.176879 1.051711 0.168985
2820.000000 1.036801 0.176814 1.051769 0.168913
2821.000000 1.036871 0.176749 1.051828 0.168841
2822.000000 1.036942 0.176684 1.051887 0.168769
2823.000000 1.037012 0.176619 1.051945 0.168696
2824.000000 1.037083 0.176554 1.052004 0.168624
2825.000000 1.037154 0.176489 1.052063 0.168552
2826.000000 1.037224 0.176423 1.052121 0.168479
2827.000000 1.037295 0.176358 1.052180 0.168407
2828.000000 1.037365 0.176292 1.052238 0.168334
2829.000000 1.037436 0.176227 1.052297 0.168262
2830.000000 1.037506 0.176161 1.052355 0.168189
2831.000000 1.037576 0.176095 1.052414 0.168116
2832.000000 1.037647 0.176029 1.052472 0.168043
2833.000000 1.037717 0.175964 1.052530 0.167970
2834.000000 1.037788 0.175898 1.052589 0.167897
2835.000000 1.037858 0.175831 1.052647 0.167824
2836.000000 1.037928 0.175765 1.052705 0.167751
2837.000000 1.037999 0.175699 1.052764 0.167678
2838.000000 1.038069 0.175633 1.052822 0.167604
2839.000000 1.038139 0.175566 1.052880 0.167531
2840.000000 1.038209 0.175500 1.052938 0.167458
2841.000000 1.038280 0.175433 1.052996 0.167384
2842.000000 1.038350 0.175366 1.053055 0.167310
2843.000000 1.038420 0.175299 1.053113 0.167237
2844.000000 1.038490 0.175233 1.053171 0.167163
2845.000000 1.038560 0.175166 1.053229 0.167089
2846.000000 1.038631 0.175098 1.053287 0.167015
2847.000000 1.038701 0.175031 1.053345 0.166942
2848.000000 1.038771 0.174964 1.053403 0.166868
2849.000000 1.038841 0.174897 1.053461 0.166793
2850.000000 1.038911 0.174829 1.053519 0.166719
2851.000000 1.038981 0.174762 1.053576 0.166645
2852.000000 1.039051 0.174694 1.053634 0.166571
2853.000000 1.039121 0.174627 1.053692 0.166496
2854.000000 1.039191 0.174559 1.053750 0.166422
2855.000000 1.039261 0.174491 1.053808 0.166347
2856.000000 1.039331 0.174423 1.053865 0.166273
2857.000000 1.039401 0.174355 1.053923 0.166198
2858.000000 1.039471 0.174287 1.053981 0.166124
2859.000000 1.039541 0.174219 1.054039 0.166049
2860.000000 1.039611 0.174150 1.054096 0.165974
2861.000000 1.039681 0.174082 1.054154 0.165899
2862.000000 1.039750 0.174013 1.054211 0.165824
2863.000000 1.039820 0.173945 1.054269 0.165749
2864.000000 1.039890 0.173876 1.054326 0.165674
2865.000000 1.039960 0.173808 1.054384 0.165599
2866.000000 1.040029 0.173739 1.054441 0.165523
2867.000000 1.040099 0.173670 1.054499 0.165448
2868.000000 1.040169 0.173601 1.054556 0.165373
2869.000000 1.040239 0.173532 1.054614 0.165297
2870.000000 1.040308 0.173463 1.054671 0.165221
2871.000000 1.040378 0.173393 1.054728 0.165146
2872.000000 1.040448 0.173324 1.054785 0.165070
2873.000000 1.040517 0.173255 1.054843 0.164994
2874.000000 1.040587 0.173185 1.054900 0.164919
2875.000000 1.040656 0.173115 1.054957 0.164843
2876.000000 1.040726 0.173046 1.055014 0.164767
2877.000000 1.040795 0.172976 1.055071 0.164691
2878.000000 1.040865 0.172906 1.055129 0.164615
2879.000000 1.040934 0.172836 1.055186 0.164538
2880.000000 1.041004 0.172766 1.055243 0.164462
2881.000000 1.041073 0.172696 1.055300 0.164386
2882.000000 1.041143 0.172626 1.055357 0.164309
2883.000000 1.041212 0.172556 1.055414 0.164233
2884.000000 1.041282 0.172485 1.055471 0.164156
2885.000000 1.041351 0.172415 1.055528 0.164080
2886.000000 1.041420 0.172344 1.055585 0.164003
2887.000000 1.041490 0.172274 1.055641 0.163926
2888.000000 1.041559 0.172203 1.055698 0.163850
2889.000000 1.041628 0.172132 1.055755 0.163773
2890.000000 1.041697 0.172061 1.055812 0.163696
2891.000000 1.041767 0.171990 1.055869 0.163619
2892.000000 1.041836 0.171919 1.055925 0.163542
2893.000000 1.041905 0.171848 1.055982 0.163465
2894.000000 1.041974 0.171777 1.056039 0.163387
2895.000000 1.042043 0.171705 1.056095 0.163310
2896.000000 1.042113 0.171634 1.056152 0.163233
2897.000000 1.042182 0.171562 1.056208 0.163155
2898.000000 1.042251 0.171491 1.056265 0.163078
2899.000000 1.042320 0.171419 1.056321 0.163000
2900.000000 1.042389 0.171347 1.056378 0.162923
2901.000000 1.042458 0.171276 1.056434 0.162845
2902.000000 1.042527 0.171204 1.056491 0.162767
2903.000000 1.042596 0.171132 1.056547 0.162689
2904.000000 1.042665 0.171060 1.056604 0.162611
2905.000000 1.042734 0.170987 1.056660 0.162533
2906.000000 1.042803 0.170915 1.056716 0.162455
2907.000000 1.042872 0.170843 1.056773 0.162377
2908.000000 1.042940 0.170770 1.056829 0.162299
2909.000000 1.043009 0.170698 1.056885 0.162221
2910.000000 1.043078 0.170625 1.056941 0.162143
2911.000000 1.043147 0.170553 1.056997 0.162064
2912.000000 1.043216 0.170480 1.057054 0.161986
2913.000000 1.043284 0.170407 1.057110 0.161907
2914.000000 1.043353 0.170334 1.057166 0.161829
2915.000000 1.043422 0.170261 1.057222 0.161750
2916.000000 1.043491 0.170188 1.057278 0.161671
2917.000000 1.043559 0.170115 1.057334 0.161593
2918.000000 1.043628 0.170041 1.057390 0.161514
2919.000000 1.043696 0.169968 1.057446 0.161435
2920.000000 1.043765 0.169895 1.057502 0.161356
2921.000000 1.043834 0.169821 1.057557 0.161277
2922.000000 1.043902 0.169747 1.057613 0.161198
2923.000000 1.043971 0.169674 1.057669 0.161118
2924.000000 1.044039 0.169600 1.057725 0.161039
2925.000000 1.044108 0.169526 1.057781 0.160960
2926.000000 1.044176 0.169452 1.057836 0.160880
2927.000000 1.044245 0.169378 1.057892 0.160801
2928.000000 1.044313 0.169304 1.057948 0.160721
2929.000000 1.044381 0.169230 1.058003 0.160642
2930.000000 1.044450 0.169155 1.058059 0.160562
2931.000000 1.044518 0.169081 1.058115 0.160482
2932.000000 1.044587 0.169006 1.058170 0.160403
2933.000000 1.044655 0.168932 1.058226 0.160323
2934.000000 1.044723 0.168857 1.058281 0.160243
2935.000000 1.044791 0.168783 1.058337 0.160163
2936.000000 1.044860 0.168708 1.058392 0.160083
2937.000000 1.044928 0.168633 1.058448 0.160003
2938.000000 1.044996 0.168558 1.058503 0.159923
2939.000000 1.045064 0.168483 1.058558 0.159842
2940.000000 1.045132 0.168408 1.058614 0.159762
2941.000000 1.045200 0.168332 1.058669 0.159682
2942.000000 1.045269 0.168257 1.058724 0.159601
2943.000000 1.045337 0.168182 1.058779 0.159521
2944.000000 1.045405 0.168106 1.058835 0.159440
2945.000000 1.045473 0.168031 1.058890 0.159359
2946.000000 1.045541 0.167955 1.058945 0.159279
2947.000000 1.045609 0.167879 1.059000 0.159198
2948.000000 1.045677 0.167803 1.059055 0.159117
2949.000000 1.045745 0.167728 1.059110 0.159036
2950.000000 1.045812 0.167652 1.059165 0.158955
2951.000000 1.045880 0.167575 1.059220 0.158874
2952.000000 1.045948 0.167499 1.059275 0.158793
2953.000000 1.046016 0.167423 1.059330 0.158712
2954.000000 1.046084 0.167347 1.059385 0.158630
2955.000000 1.046152 0.167270 1.059440 0.158549
2956.000000 1.046219 0.167194 1.059495 0.158468
2957.000000 1.046287 0.167117 1.059549 0.158386
2958.000000 1.046355 0.167041 1.059604 0.158305
2959.000000 1.046422 0.166964 1.059659 0.158223
2960.000000 1.046490 0.166887 1.059714 0.158141
2961.000000 1.046558 0.166810 1.059768 0.158060
2962.000000 1.046625 0.166733 1.059823 0.157978
2963.000000 1.046693 0.166656 1.059878 0.157896
2964.000000 1.046761 0.166579 1.059932 0.157814
2965.000000 1.046828 0.166502 1.059987 0.157732
2966.000000 1.046896 0.166424 1.060041 0.157650
2967.000000 1.046963 0.166347 1.060096 0.157568
2968.000000 1.047031 0.166269 1.060150 0.157486
2969.000000 1.047098 0.166192 1.060205 0.157404
2970.000000 1.047165 0.166114 1.060259 0.157321
2971.000000 1.047233 0.166037 1.060314 0.157239
2972.000000 1.047300 0.165959 1.060368 0.157157
2973.000000 1.047368 0.165881 1.060422 0.157074
2974.000000 1.047435 0.165803 1.060476 0.156992
2975.000000 1.047502 0.165725 1.060531 0.156909
2976.000000 1.047569 0.165647 1.060585 0.156826
2977.000000 1.047637 0.165568 1.060639 0.156743
2978.000000 1.047704 0.165490 1.060693 0.156661
2979.000000 1.047771 0.165412 1.060748 0.156578
2980.000000 1.047838 0.165333 1.060802 0.156495
2981.000000 1.047905 0.165255 1.060856 0.156412
2982.000000 1.047973 0.165176 1.060910 0.156329
2983.000000 1.048040 0.165097 1.060964 0.156246
2984.000000 1.048107 0.165018 1.061018 0.156162
2985.000000 1.048174 0.164939 1.061072 0.156079
2986.000000 1.048241 0.164861 1.061126 0.155996
2987.000000 1.048308 0.164781 1.061180 0.155912
2988.000000 1.048375 0.164702 1.061233 0.155829
2989.000000 1.048442 0.164623 1.061287 0.155745
2990.000000 1.048509 0.164544 1.061341 0.155662
2991.000000 1.048575 0.164464 1.061395 0.155578
2992.000000 1.048642 0.164385 1.061449 0.155494
2993.000000 1.048709 0.164305 1.061502 0.155411
2994.000000 1.048776 0.164226 1.061556 0.155327
2995.000000 1.048843 0.164146 1.061610 0.155243
2996.000000 1.048910 0.164066 1.061663 0.155159
2997.000000 1.048976 0.163986 1.061717 0.155075
2998.000000 1.049043 0.163906 1.061770 0.154991
2999.000000 1.049110 0.163826 1.061824 0.154906
3000.000000 1.049176 0.163746 1.061877 0.154822
3001.000000 1.049243 0.163666 1.061931 0.154738
3002.000000 1.049310 0.163586 1.061984 0.154654
3003.000000 1.049376 0.163505 1.062038 0.154569
3004.000000 1.049443 0.163425 1.062091 0.154485
3005.000000 1.049509 0.163344 1.062144 0.154400
3006.000000 1.049576 0.163264 1.062198 0.154315
3007.000000 1.049642 0.163183 1.062251 0.154231
3008.000000 1.049709 0.163102 1.062304 0.154146
3009.000000 1.049775 0.163021 1.062358 0.154061
3010.000000 1.049841 0.162940 1.062411 0.153976
3011.000000 1.049908 0.162859 1.062464 0.153891
3012.000000 1.049974 0.162778 1.062517 0.153806
3013.000000 1.050040 0.162697 1.062570 0.153721
3014.000000 1.050107 0.162616 1.062623 0.153636
3015.000000 1.050173 0.162535 1.062676 0.153551
3016.000000 1.050239 0.162453 1.062729 0.153466
3017.000000 1.050305 0.162372 1.062782 0.153380
3018.000000 1.050372 0.162290 1.062835 0.153295
3019.000000 1.050438 0.162208 1.062888 0.153210
3020.000000 1.050504 0.162127 1.062941 0.153124
3021.000000 1.050570 0.162045 1.062994 0.153039
3022.000000 1.050636 0.161963 1.063047 0.152953
3023.000000 1.050702 0.161881 1.063099 0.152867
3024.000000 1.050768 0.161799 1.063152 0.152781
3025.000000 1.050834 0.161717 1.063205 0.152696
3026.000000 1.050900 0.161634 1.063258 0.152610
3027.000000 1.050966 0.161552 1.063310 0.152524
3028.000000 1.051032 0.161470 1.063363 0.152438
3029.000000 1.051098 0.161387 1.063415 0.152352
3030.000000 1.051164 0.161305 1.063468 0.152266
3031.000000 1.051230 0.161222 1.063521 0.152179
3032.000000 1.051295 0.161139 1.063573 0.152093
3033.000000 1.051361 0.161056 1.063626 0.152007
3034.000000 1.051427 0.160974 1.063678 0.151920
3035.000000 1.051493 0.160891 1.063730 0.151834
3036.000000 1.051558 0.160808 1.063783 0.151748
3037.000000 1.051624 0.160724 1.063835 0.151661
3038.000000 1.051690 0.160641 1.063887 0.151574
3039.000000 1.051755 0.160558 1.063940 0.151488
3040.000000 1.051821 0.160475 1.063992 0.151401
3041.000000 1.051886 0.160391 1.064044 0.151314
3042.000000 1.051952 0.160308 1.064096 0.151227
3043.000000 1.052017 0.160224 1.064149 0.151140
3044.000000 1.052083 0.160140 1.064201 0.151053
3045.000000 1.052148 0.160057 1.064253 0.150966
3046.000000 1.052214 0.159973 1.064305 0.150879
3047.000000 1.052279 0.159889 1.064357 0.150792
3048.000000 1.052344 0.159805 1.064409 0.150705
3049.000000 1.052410 0.159721 1.064461 0.150617
3050.000000 1.052475 0.159637 1.064513 0.150530
3051.000000 1.052540 0.159552 1.064565 0.150443
3052.000000 1.052605 0.159468 1.064617 0.150355
3053.000000 1.052671 0.159384 1.064668 0.150268
3054.000000 1.052736 0.159299 1.064720 0.150180
3055.000000 1.052801 0.159215 1.064772 0.150092
3056.000000 1.052866 0.159130 1.064824 0.150004
3057.000000 1.052931 0.159045 1.064875 0.149917
3058.000000 1.052996 0.158960 1.064927 0.149829
3059.000000 1.053061 0.158876 1.064979 0.149741
3060.000000 1.053126 0.158791 1.065030 0.149653
3061.000000 1.053191 0.158706 1.065082 0.149565
3062.000000 1.053256 0.158621 1.065134 0.149477
3063.000000 1.053321 0.158535 1.065185 0.149389
3064.000000 1.053386 0.158450 1.065237 0.149300
3065.000000 1.053451 0.158365 1.065288 0.149212
3066.000000 1.053516 0.158279 1.065339 0.149124
3067.000000 1.053581 0.158194 1.065391 0.149035
3068.000000 1.053645 0.158108 1.065442 0.148947
3069.000000 1.053710 0.158023 1.065494 0.148858
3070.000000 1.053775 0.157937 1.065545 0.148770
3071.000000 1.053840 0.157851 1.065596 0.148681
3072.000000 1.053904 0.157765 1.065647 0.148592
3073.000000 1.053969 0.157679 1.065699 0.148504
3074.000000 1.054034 0.157593 1.065750 0.148415
3075.000000 1.054098 0.157507 1.065801 0.148326
3076.000000 1.054163 0.157421 1.065852 0.148237
3077.000000 1.054227 0.157334 1.065903 0.148148
3078.000000 1.054292 0.157248 1.065954 0.148059
3079.000000 1.054356 0.157162 1.066005 0.147970
3080.000000 1.054421 0.157075 1.066056 0.147881
3081.000000 1.054485 0.156988 1.066107 0.147791
3082.000000 1.054549 0.156902 1.066158 0.147702
3083.000000 1.054614 0.156815 1.066209 0.147613
3084.000000 1.054678 0.156728 1.066260 0.147523
3085.000000 1.054742 0.156641 1.066310 0.147434
3086.000000 1.054807 0.156554 1.066361 0.147344
3087.000000 1.054871 0.156467 1.066412 0.147255
3088.000000 1.054935 0.156380 1.066463 0.147165
3089.000000 1.054999 0.156293 1.066513 0.147075
3090.000000 1.055063 0.156205 1.066564 0.146985
3091.000000 1.055127 0.156118 1.066615 0.146895
3092.000000 1.055192 0.156031 1.066665 0.146806
3093.000000 1.055256 0.155943 1.066716 0.146716
3094.000000 1.055320 0.155855 1.066766 0.146626
3095.000000 1.055384 0.155768 1.066817 0.146535
3096.000000 1.055448 0.155680 1.066867 0.146445
3097.000000 1.055511 0.155592 1.066918 0.146355
3098.000000 1.055575 0.155504 1.066968 0.146265
3099.000000 1.055639 0.155416 1.067018 0.146175
3100.000000 1.055703 0.155328 1.067069 0.146084
3101.000000 1.055767 0.155240 1.067119 0.145994
3102.000000 1.055831 0.155152 1.067169 0.145903
3103.000000 1.055894 0.155063 1.067220 0.145813
3104.000000 1.055958 0.154975 1.067270 0.145722
3105.000000 1.056022 0.154886 1.067320 0.145631
3106.000000 1.056085 0.154798 1.067370 0.145541
3107.000000 1.056149 0.154709 1.067420 0.145450
3108.000000 1.056213 0.154621 1.067470 0.145359
3109.000000 1.056276 0.154532 1.067520 0.145268
3110.000000 1.056340 0.154443 1.067570 0.145177
3111.000000 1.056403 0.154354 1.067620 0.145086
3112.000000 1.056467 0.154265 1.067670 0.144995
3113.000000 1.056530 0.154176 1.067720 0.144904
3114.000000 1.056594 0.154087 1.067770 0.144813
3115.000000 1.056657 0.153997 1.067820 0.144721
3116.000000 1.056720 0.153908 1.067870 0.144630
3117.000000 1.056784 0.153819 1.067919 0.144539
3118.000000 1.056847 0.153729 1.067969 0.144447
3119.000000 1.056910 0.153640 1.068019 0.144356
3120.000000 1.056973 0.153550 1.068068 0.144264
3121.000000 1.057037 0.153460 1.068118 0.144173
3122.000000 1.057100 0.153371 1.068168 0.144081
3123.000000 1.057163 0.153281 1.068217 0.143989
3124.000000 1.057226 0.153191 1.068267 0.143897
3125.000000 1.057289 0.153101 1.068316 0.143805
3126.000000 1.057352 0.153011 1.068366 0.143714
3127.000000 1.057415 0.152921 1.068415 0.143622
3128.000000 1.057478 0.152830 1.068465 0.143530
3129.000000 1.057541 0.152740 1.068514 0.143437
3130.000000 1.057604 0.152650 1.068563 0.143345
3131.000000 1.057667 0.152559 1.068613 0.143253
3132.000000 1.057730 0.152469 1.068662 0.143161
3133.000000 1.057792 0.152378 1.068711 0.143069
3134.000000 1.057855 0.152287 1.068760 0.142976
3135.000000 1.057918 0.152196 1.068810 0.142884
3136.000000 1.057981 0.152106 1.068859 0.142791
3137.000000 1.058043 0.152015 1.068908 0.142699
3138.000000 1.058106 0.151924 1.068957 0.142606
3139.000000 1.058169 0.151833 1.069006 0.142514
3140.000000 1.058231 0.151741 1.069055 0.142421
3141.000000 1.058294 0.151650 1.069104 0.142328
3142.000000 1.058356 0.151559 1.069153 0.142235
3143.000000 1.058419 0.151468 1.069202 0.142142
3144.000000 1.058481 0.151376 1.069251 0.142049
3145.000000 1.058544 0.151285 1.069300 0.141956
3146.000000 1.058606 0.151193 1.069348 0.141863
3147.000000 1.058668 0.151101 1.069397 0.141770
3148.000000 1.058731 0.151010 1.069446 0.141677
3149.000000 1.058793 0.150918 1.069495 0.141584
3150.000000 1.058855 0.150826 1.069543 0.141491
3151.000000 1.058917 0.150734 1.069592 0.141397
3152.000000 1.058980 0.150642 1.069641 0.141304
3153.000000 1.059042 0.150550 1.069689 0.141210
3154.000000 1.059104 0.150457 1.069738 0.141117
3155.000000 1.059166 0.150365 1.069786 0.141023
3156.000000 1.059228 0.150273 1.069835 0.140930
3157.000000 1.059290 0.150180 1.069883 0.140836
3158.000000 1.059352 0.150088 1.069932 0.140742
3159.000000 1.059414 0.149995 1.069980 0.140648
3160.000000 1.059476 0.149903 1.070028 0.140555
3161.000000 1.059538 0.149810 1.070077 0.140461
3162.000000 1.059600 0.149717 1.070125 0.140367
3163.000000 1.059662 0.149624 1.070173 0.140273
3164.000000 1.059724 0.149531 1.070221 0.140179
3165.000000 1.059785 0.149438 1.070269 0.140085
3166.000000 1.059847 0.149345 1.070318 0.139990
3167.000000 1.059909 0.149252 1.070366 0.139896
3168.000000 1.059970 0.149159 1.070414 0.139802
3169.000000 1.060032 0.149065 1.070462 0.139707
3170.000000 1.060094 0.148972 1.070510 0.139613
3171.000000 1.060155 0.148879 1.070558 0.139519
3172.000000 1.060217 0.148785 1.070606 0.139424
3173.000000 1.060278 0.148691 1.070654 0.139329
3174.000000 1.060340 0.148598 1.070702 0.139235
3175.000000 1.060401 0.148504 1.070749 0.139140
3176.000000 1.060463 0.148410 1.070797 0.139045
3177.000000 1.060524 0.148316 1.070845 0.138951
3178.000000 1.060585 0.148222 1.070893 0.138856
3179.000000 1.060647 0.148128 1.070940 0.138761
3180.000000 1.060708 0.148034 1.070988 0.138666
3181.000000 1.060769 0.147940 1.071036 0.138571
3182.000000 1.060830 0.147845 1.071083 0.138476
3183.000000 1.060892 0.147751 1.071131 0.138381
3184.000000 1.060953 0.147657 1.071178 0.138285
3185.000000 1.061014 0.147562 1.071226 0.138190
3186.000000 1.061075 0.147468 1.071273 0.138095
3187.000000 1.061136 0.147373 1.071321 0.138000
3188.000000 1.061197 0.147278 1.071368 0.137904
3189.000000 1.061258 0.147183 1.071416 0.137809
3190.000000 1.061319 0.147089 1.071463 0.137713
3191.000000 1.061380 0.146994 1.071510 0.137618
3192.000000 1.061441 0.146899 1.071557 0.137522
3193.000000 1.061501 0.146804 1.071605 0.137426
3194.000000 1.061562 0.146708 1.071652 0.137331
3195.000000 1.061623 0.146613 1.071699 0.137235
3196.000000 1.061684 0.146518 1.071746 0.137139
3197.000000 1.061744 0.146422 1.071793 0.137043
3198.000000 1.061805 0.146327 1.071840 0.136947
3199.000000 1.061866 0.146231 1.071887 0.136851
3200.000000 1.061926 0.146136 1.071934 0.136755
3201.000000 1.061987 0.146040 1.071981 0.136659
3202.000000 1.062047 0.145944 1.072028 0.136563
3203.000000 1.062108 0.145849 1.072075 0.136466
3204.000000 1.062168 0.145753 1.072122 0.136370
3205.000000 1.062229 0.145657 1.072169 0.136274
3206.000000 1.062289 0.145561 1.072216 0.136177
3207.000000 1.062350 0.145465 1.072262 0.136081
3208.000000 1.062410 0.145368 1.072309 0.135984
3209.000000 1.062470 0.145272 1.072356 0.135888
3210.000000 1.062530 0.145176 1.072402 0.135791
3211.000000 1.062591 0.145079 1.072449 0.135695
3212.000000 1.062651 0.144983 1.072496 0.135598
3213.000000 1.062711 0.144886 1.072542 0.135501
3214.000000 1.062771 0.144790 1.072589 0.135404
3215.000000 1.062831 0.144693 1.072635 0.135307
3216.000000 1.062891 0.144596 1.072681 0.135211
3217.000000 1.062951 0.144499 1.072728 0.135114
3218.000000 1.063011 0.144403 1.072774 0.135017
3219.000000 1.063071 0.144306 1.072821 0.134919
3220.000000 1.063131 0.144209 1.072867 0.134822
3221.000000 1.063191 0.144111 1.072913 0.134725
3222.000000 1.063251 0.144014 1.072959 0.134628
3223.000000 1.063310 0.143917 1.073006 0.134531
3224.000000 1.063370 0.143820 1.073052 0.134433
3225.000000 1.063430 0.143722 1.073098 0.134336
3226.000000 1.063490 0.143625 1.073144 0.134238
3227.000000 1.063549 0.143527 1.073190 0.134141
3228.000000 1.063609 0.143430 1.073236 0.134043
3229.000000 1.063668 0.143332 1.073282 0.133946
3230.000000 1.063728 0.143234 1.073328 0.133848
3231.000000 1.063787 0.143136 1.073374 0.133750
3232.000000 1.063847 0.143038 1.073420 0.133652
3233.000000 1.063906 0.142940 1.073466 0.133555
3234.000000 1.063966 0.142842 1.073512 0.133457
3235.000000 1.064025 0.142744 1.073557 0.133359
3236.000000 1.064084 0.142646 1.073603 0.133261
3237.000000 1.064144 0.142548 1.073649 0.133163
3238.000000 1.064203 0.142449 1.073694 0.133065
3239.000000 1.064262 0.142351 1.073740 0.132966
3240.000000 1.064321 0.142253 1.073786 0.132868
3241.000000 1.064380 0.142154 1.073831 0.132770
3242.000000 1.064440 0.142055 1.073877 0.132672
3243.000000 1.064499 0.141957 1.073922 0.132573
3244.000000 1.064558 0.141858 1.073968 0.132475
3245.000000 1.064617 0.141759 1.074013 0.132376
3246.000000 1.064676 0.141660 1.074059 0.132278
3247.000000 1.064735 0.141561 1.074104 0.132179
3248.000000 1.064794 0.141462 1.074149 0.132081
3249.000000 1.064852 0.141363 1.074195 0.131982
3250.000000 1.064911 0.141264 1.074240 0.131883
3251.000000 1.064970 0.141165 1.074285 0.131784
3252.000000 1.065029 0.141065 1.074330 0.131686
3253.000000 1.065087 0.140966 1.074375 0.131587
3254.000000 1.065146 0.140866 1.074421 0.131488
3255.000000 1.065205 0.140767 1.074466 0.131389
3256.000000 1.065263 0.140667 1.074511 0.131290
3257.000000 1.065322 0.140568 1.074556 0.131191
3258.000000 1.065380 0.140468 1.074601 0.131092
3259.000000 1.065439 0.140368 1.074646 0.130992
3260.000000 1.065497 0.140268 1.074691 0.130893
3261.000000 1.065556 0.140168 1.074735 0.130794
3262.000000 1.065614 0.140068 1.074780 0.130694
3263.000000 1.065673 0.139968 1.074825 0.130595
3264.000000 1.065731 0.139868 1.074870 0.130496
3265.000000 1.065789 0.139768 1.074915 0.130396
3266.000000 1.065847 0.139667 1.074959 0.130296
3267.000000 1.065906 0.139567 1.075004 0.130197
3268.000000 1.065964 0.139467 1.075049 0.130097
3269.000000 1.066022 0.139366 1.075093 0.129997
3270.000000 1.066080 0.139266 1.075138 0.129898
3271.000000 1.066138 0.139165 1.075182 0.129798
3272.000000 1.066196 0.139064 1.075227 0.129698
3273.000000 1.066254 0.138963 1.075271 0.129598
3274.000000 1.066312 0.138863 1.075316 0.129498
3275.000000 1.066370 0.138762 1.075360 0.129398
3276.000000 1.066428 0.138661 1.075404 0.129298
3277.000000 1.066485 0.138560 1.075449 0.129198
3278.000000 1.066543 0.138458 1.075493 0.129098
3279.000000 1.066601 0.138357 1.075537 0.128998
3280.000000 1.066659 0.138256 1.075581 0.128897
3281.000000 1.066716 0.138155 1.075626 0.128797
3282.000000 1.066774 0.138053 1.075670 0.128697
3283.000000 1.066832 0.137952 1.075714 0.128596
3284.000000 1.066889 0.137850 1.075758 0.128496
3285.000000 1.066947 0.137749 1.075802 0.128395
3286.000000 1.067004 0.137647 1.075846 0.128295
3287.000000 1.067062 0.137545 1.075890 0.128194
3288.000000 1.067119 0.137443 1.075934 0.128093
3289.000000 1.067176 0.137341 1.075978 0.127993
3290.000000 1.067234 0.137239 1.076022 0.127892
3291.000000 1.067291 0.137137 1.076065 0.127791
3292.000000 1.067348 0.137035 1.076109 0.127690
3293.000000 1.067405 0.136933 1.076153 0.127589
3294.000000 1.067463 0.136831 1.076197 0.127488
3295.000000 1.067520 0.136729 1.076240 0.127387
3296.000000 1.067577 0.136626 1.076284 0.127286
3297.000000 1.067634 0.136524 1.076328 0.127185
3298.000000 1.067691 0.136421 1.076371 0.127084
3299.000000 1.067748 0.136319 1.076415 0.126983
3300.000000 1.067805 0.136216 1.076458 0.126881
3301.000000 1.067862 0.136113 1.076502 0.126780
3302.000000 1.067919 0.136011 1.076545 0.126679
3303.000000 1.067975 0.135908 1.076588 0.126577
3304.000000 1.068032 0.135805 1.076632 0.126476
3305.000000 1.068089 0.135702 1.076675 0.126374
3306.000000 1.068146 0.135599 1.076718 0.126273
3307.000000 1.068202 0.135496 1.076762 0.126171
3308.000000 1.068259 0.135393 1.076805 0.126069
3309.000000 1.068316 0.135289 1.076848 0.125967
3310.000000 1.068372 0.135186 1.076891 0.125866
3311.000000 1.068429 0.135083 1.076934 0.125764
3312.000000 1.068485 0.134979 1.076977 0.125662
3313.000000 1.068542 0.134876 1.077020 0.125560
3314.000000 1.068598 0.134772 1.077063 0.125458
3315.000000 1.068654 0.134668 1.077106 0.125356
3316.000000 1.068711 0.134565 1.077149 0.125254
3317.000000 1.068767 0.134461 1.077192 0.125152
3318.000000 1.068823 0.134357 1.077235 0.125050
3319.000000 1.068880 0.134253 1.077278 0.124948
3320.000000 1.068936 0.134149 1.077321 0.124845
3321.000000 1.068992 0.134045 1.077363 0.124743
3322.000000 1.069048 0.133941 1.077406 0.124641
3323.000000 1.069104 0.133837 1.077449 0.124538
3324.000000 1.069160 0.133733 1.077491 0.124436
3325.000000 1.069216 0.133628 1.077534 0.124333
3326.000000 1.069272 0.133524 1.077576 0.124231
3327.000000 1.069328 0.133419 1.077619 0.124128
3328.000000 1.069384 0.133315 1.077662 0.124025
3329.000000 1.069440 0.133210 1.077704 0.123923
3330.000000 1.069495 0.133106 1.077746 0.123820
3331.000000 1.069551 0.133001 1.077789 0.123717
3332.000000 1.069607 0.132896 1.077831 0.123614
3333.000000 1.069662 0.132791 1.077873 0.123511
3334.000000 1.069718 0.132686 1.077916 0.123408
3335.000000 1.069774 0.132582 1.077958 0.123305
3336.000000 1.069829 0.132476 1.078000 0.123202
3337.000000 1.069885 0.132371 1.078042 0.123099
3338.000000 1.069940 0.132266 1.078084 0.122996
3339.000000 1.069996 0.132161 1.078127 0.122893
3340.000000 1.070051 0.132056 1.078169 0.122790
3341.000000 1.070106 0.131950 1.078211 0.122686
3342.000000 1.070162 0.131845 1.078253 0.122583
3343.000000 1.070217 0.131739 1.078295 0.122480
3344.000000 1.070272 0.131634 1.078337 0.122376
3345.000000 1.070327 0.131528 1.078378 0.122273
3346.000000 1.070382 0.131422 1.078420 0.122169
3347.000000 1.070437 0.131317 1.078462 0.122066
3348.000000 1.070493 0.131211 1.078504 0.121962
3349.000000 1.070548 0.131105 1.078546 0.121858
3350.000000 1.070603 0.130999 1.078587 0.121755
3351.000000 1.070657 0.130893 1.078629 0.121651
3352.000000 1.070712 0.130787 1.078671 0.121547
3353.000000 1.070767 0.130681 1.078712 0.121443
3354.000000 1.070822 0.130574 1.078754 0.121339
3355.000000 1.070877 0.130468 1.078795 0.121236
3356.000000 1.070932 0.130362 1.078837 0.121132
3357.000000 1.070986 0.130255 1.078878 0.121027
3358.000000 1.071041 0.130149 1.078920 0.120923
3359.000000 1.071096 0.130042 1.078961 0.120819
3360.000000 1.071150 0.129936 1.079002 0.120715
3361.000000 1.071205 0.129829 1.079044 0.120611
3362.000000 1.071259 0.129722 1.079085 0.120507
3363.000000 1.071314 0.129615 1.079126 0.120402
3364.000000 1.071368 0.129509 1.079167 0.120298
3365.000000 1.071422 0.129402 1.079208 0.120193
3366.000000 1.071477 0.129295 1.079250 0.120089
3367.000000 1.071531 0.129188 1.079291 0.119984
3368.000000 1.071585 0.129080 1.079332 0.119880
3369.000000 1.071639 0.128973 1.079373 0.119775
3370.000000 1.071694 0.128866 1.079414 0.119671
3371.000000 1.071748 0.128759 1.079455 0.119566
3372.000000 1.071802 0.128651 1.079495 0.119461
3373.000000 1.071856 0.128544 1.079536 0.119356
3374.000000 1.071910 0.128436 1.079577 0.119252
3375.000000 1.071964 0.128329 1.079618 0.119147
3376.000000 1.072018 0.128221 1.079659 0.119042
3377.000000 1.072072 0.128113 1.079699 0.118937
3378.000000 1.072126 0.128006 1.079740 0.118832
3379.000000 1.072179 0.127898 1.079781 0.118727
3380.000000 1.072233 0.127790 1.079821 0.118622
3381.000000 1.072287 0.127682 1.079862 0.118516
3382.000000 1.072340 0.127574 1.079902 0.118411
3383.000000 1.072394 0.127466 1.079943 0.118306
3384.000000 1.072448 0.127358 1.079983 0.118201
3385.000000 1.072501 0.127250 1.080024 0.118095
3386.000000 1.072555 0.127141 1.080064 0.117990
3387.000000 1.072608 0.127033 1.080105 0.117885
3388.000000 1.072662 0.126925 1.080145 0.117779
3389.000000 1.072715 0.126816 1.080185 0.117674
3390.000000 1.072768 0.126708 1.080225 0.117568
3391.000000 1.072822 0.126599 1.080266 0.117462
3392.000000 1.072875 0.126490 1.080306 0.117357
3393.000000 1.072928 0.126382 1.080346 0.117251
3394.000000 1.072981 0.126273 1.080386 0.117145
3395.000000 1.073034 0.126164 1.080426 0.117039
3396.000000 1.073088 0.126055 1.080466 0.116934
3397.000000 1.073141 0.125946 1.080506 0.116828
3398.000000 1.073194 0.125837 1.080546 0.116722
3399.000000 1.073247 0.125728 1.080586 0.116616
3400.000000 1.073299 0.125619 1.080626 0.116510
3401.000000 1.073352 0.125510 1.080665 0.116404
3402.000000 1.073405 0.125400 1.080705 0.116298
3403.000000 1.073458 0.125291 1.080745 0.116191
3404.000000 1.073511 0.125182 1.080785 0.116085
3405.000000 1.073563 0.125072 1.080824 0.115979
3406.000000 1.073616 0.124963 1.080864 0.115873
3407.000000 1.073669 0.124853 1.080904 0.115766
3408.000000 1.073721 0.124743 1.080943 0.115660
3409.000000 1.073774 0.124634 1.080983 0.115553
3410.000000 1.073826 0.124524 1.081022 0.115447
3411.000000 1.073879 0.124414 1.081062 0.115340
3412.000000 1.073931 0.124304 1.081101 0.115234
3413.000000 1.073984 0.124194 1.081141 0.115127
3414.000000 1.074036 0.124084 1.081180 0.115021
3415.000000 1.074088 0.123974 1.081219 0.114914
3416.000000 1.074140 0.123864 1.081259 0.114807
3417.000000 1.074193 0.123754 1.081298 0.114700
3418.000000 1.074245 0.123643 1.081337 0.114594
3419.000000 1.074297 0.123533 1.081376 0.114487
3420.000000 1.074349 0.123423 1.081415 0.114380
3421.000000 1.074401 0.123312 1.081454 0.114273
3422.000000 1.074453 0.123202 1.081493 0.114166
3423.000000 1.074505 0.123091 1.081532 0.114059
3424.000000 1.074557 0.122980 1.081571 0.113952
3425.000000 1.074609 0.122870 1.081610 0.113845
3426.000000 1.074661 0.122759 1.081649 0.113737
3427.000000 1.074712 0.122648 1.081688 0.113630
3428.000000 1.074764 0.122537 1.081727 0.113523
3429.000000 1.074816 0.122426 1.081766 0.113416
3430.000000 1.074867 0.122315 1.081804 0.113308
3431.000000 1.074919 0.122204 1.081843 0.113201
3432.000000 1.074971 0.122093 1.081882 0.113093
3433.000000 1.075022 0.121982 1.081921 0.112986
3434.000000 1.075074 0.121871 1.081959 0.112878
3435.000000 1.075125 0.121759 1.081998 0.112771
3436.000000 1.075176 0.121648 1.082036 0.112663
3437.000000 1.075228 0.121536 1.082075 0.112555
3438.000000 1.075279 0.121425 1.082113 0.112448
3439.000000 1.075330 0.121313 1.082152 0.112340
3440.000000 1.075381 0.121202 1.082190 0.112232
3441.000000 1.075433 0.121090 1.082228 0.112124
3442.000000 1.075484 0.120978 1.082267 0.112017
3443.000000 1.075535 0.120867 1.082305 0.111909
3444.000000 1.075586 0.120755 1.082343 0.111801
3445.000000 1.075637 0.120643 1.082381 0.111693
3446.000000 1.075688 0.120531 1.082419 0.111585
3447.000000 1.075739 0.120419 1.082458 0.111476
3448.000000 1.075790 0.120307 1.082496 0.111368
3449.000000 1.075840 0.120195 1.082534 0.111260
3450.000000 1.075891 0.120082 1.082572 0.111152
3451.000000 1.075942 0.119970 1.082610 0.111044
3452.000000 1.075993 0.119858 1.082648 0.110935
3453.000000 1.076043 0.119745 1.082686 0.110827
3454.000000 1.076094 0.119633 1.082723 0.110719
3455.000000 1.076144 0.119520 1.082761 0.110610
3456.000000 1.076195 0.119408 1.082799 0.110502
3457.000000 1.076245 0.119295 1.082837 0.110393
3458.000000 1.076296 0.119182 1.082874 0.110285
3459.000000 1.076346 0.119070 1.082912 0.110176
3460.000000 1.076396 0.118957 1.082950 0.110067
3461.000000 1.076447 0.118844 1.082987 0.109959
3462.000000 1.076497 0.118731 1.083025 0.109850
3463.000000 1.076547 0.118618 1.083062 0.109741
3464.000000 1.076597 0.118505 1.083100 0.109632
3465.000000 1.076647 0.118392 1.083137 0.109523
3466.000000 1.076698 0.118279 1.083175 0.109415
3467.000000 1.076748 0.118166 1.083212 0.109306
3468.000000 1.076798 0.118052 1.083249 0.109197
3469.000000 1.076847 0.117939 1.083287 0.109088
3470.000000 1.076897 0.117826 1.083324 0.108979
3471.000000 1.076947 0.117712 1.083361 0.108869
3472.000000 1.076997 0.117599 1.083398 0.108760
3473.000000 1.077047 0.117485 1.083436 0.108651
3474.000000 1.077096 0.117371 1.083473 0.108542
3475.000000 1.077146 0.117258 1.083510 0.108433
3476.000000 1.077196 0.117144 1.083547 0.108323
3477.000000 1.077245 0.117030 1.083584 0.108214
3478.000000 1.077295 0.116916 1.083621 0.108105
3479.000000 1.077344 0.116802 1.083658 0.107995
3480.000000 1.077394 0.116688 1.083694 0.107886
3481.000000 1.077443 0.116574 1.083731 0.107776
3482.000000 1.077493 0.116460 1.083768 0.107666
3483.000000 1.077542 0.116346 1.083805 0.107557
3484.000000 1.077591 0.116232 1.083842 0.107447
3485.000000 1.077640 0.116118 1.083878 0.107338
3486.000000 1.077690 0.116003 1.083915 0.107228
3487.000000 1.077739 0.115889 1.083952 0.107118
3488.000000 1.077788 0.115774 1.083988 0.107008
3489.000000 1.077837 0.115660 1.084025 0.106898
3490.000000 1.077886 0.115545 1.084061 0.106788
3491.000000 1.077935 0.115431 1.084098 0.106679
3492.000000 1.077984 0.115316 1.084134 0.106569
3493.000000 1.078032 0.115201 1.084170 0.106459
3494.000000 1.078081 0.115086 1.084207 0.106348
3495.000000 1.078130 0.114972 1.084243 0.106238
3496.000000 1.078179 0.114857 1.084279 0.106128
3497.000000 1.078227 0.114742 1.084316 0.106018
3498.000000 1.078276 0.114627 1.084352 0.105908
3499.000000 1.078325 0.114512 1.084388 0.105798
3500.000000 1.078373 0.114397 1.084424 0.105687
3501.000000 1.078422 0.114281 1.084460 0.105577
3502.000000 1.078470 0.114166 1.084496 0.105467
3503.000000 1.078519 0.114051 1.084532 0.105356
3504.000000 1.078567 0.113935 1.084568 0.105246
3505.000000 1.078615 0.113820 1.084604 0.105135
3506.000000 1.078663 0.113705 1.084640 0.105025
3507.000000 1.078712 0.113589 1.084676 0.104914
3508.000000 1.078760 0.113473 1.084712 0.104803
3509.000000 1.078808 0.113358 1.084747 0.104693
3510.000000 1.078856 0.113242 1.084783 0.104582
3511.000000 1.078904 0.113126 1.084819 0.104471
3512.000000 1.078952 0.113010 1.084854 0.104360
3513.000000 1.079000 0.112895 1.084890 0.104250
3514.000000 1.079048 0.112779 1.084926 0.104139
3515.000000 1.079096 0.112663 1.084961 0.104028
3516.000000 1.079144 0.112547 1.084997 0.103917
3517.000000 1.079191 0.112431 1.085032 0.103806
3518.000000 1.079239 0.112314 1.085068 0.103695
3519.000000 1.079287 0.112198 1.085103 0.103584
3520.000000 1.079334 0.112082 1.085138 0.103473
3521.000000 1.079382 0.111966 1.085174 0.103362
3522.000000 1.079429 0.111849 1.085209 0.103250
3523.000000 1.079477 0.111733 1.085244 0.103139
3524.000000 1.079524 0.111616 1.085279 0.103028
3525.000000 1.079572 0.111500 1.085314 0.102917
3526.000000 1.079619 0.111383 1.085350 0.102805
3527.000000 1.079666 0.111267 1.085385 0.102694
3528.000000 1.079714 0.111150 1.085420 0.102582
3529.000000 1.079761 0.111033 1.085455 0.102471
3530.000000 1.079808 0.110916 1.085490 0.102360
3531.000000 1.079855 0.110799 1.085525 0.102248
3532.000000 1.079902 0.110682 1.085560 0.102136
3533.000000 1.079949 0.110565 1.085594 0.102025
3534.000000 1.079996 0.110448 1.085629 0.101913
3535.000000 1.080043 0.110331 1.085664 0.101801
3536.000000 1.080090 0.110214 1.085699 0.101690
3537.000000 1.080137 0.110097 1.085733 0.101578
3538.000000 1.080184 0.109980 1.085768 0.101466
3539.000000 1.080230 0.109862 1.085803 0.101354
3540.000000 1.080277 0.109745 1.085837 0.101242
3541.000000 1.080324 0.109628 1.085872 0.101130
3542.000000 1.080370 0.109510 1.085906 0.101019
3543.000000 1.080417 0.109393 1.085941 0.100907
3544.000000 1.080463 0.109275 1.085975 0.100794
3545.000000 1.080510 0.109157 1.086010 0.100682
3546.000000 1.080556 0.109040 1.086044 0.100570
3547.000000 1.080603 0.108922 1.086078 0.100458
3548.000000 1.080649 0.108804 1.086113 0.100346
3549.000000 1.080695 0.108686 1.086147 0.100234
3550.000000 1.080741 0.108568 1.086181 0.100121
3551.000000 1.080788 0.108450 1.086215 0.100009
3552.000000 1.080834 0.108332 1.086249 0.099897
3553.000000 1.080880 0.108214 1.086283 0.099784
3554.000000 1.080926 0.108096 1.086317 0.099672
3555.000000 1.080972 0.107978 1.086351 0.099560
3556.000000 1.081018 0.107860 1.086385 0.099447
3557.000000 1.081064 0.107742 1.086419 0.099334
3558.000000 1.081110 0.107623 1.086453 0.099222
3559.000000 1.081155 0.107505 1.086487 0.099109
3560.000000 1.081201 0.107386 1.086521 0.098997
3561.000000 1.081247 0.107268 1.086555 0.098884
3562.000000 1.081292 0.107149 1.086588 0.098771
3563.000000 1.081338 0.107031 1.086622 0.098658
3564.000000 1.081384 0.106912 1.086656 0.098546
3565.000000 1.081429 0.106793 1.086689 0.098433
3566.000000 1.081475 0.106675 1.086723 0.098320
3567.000000 1.081520 0.106556 1.086756 0.098207
3568.000000 1.081565 0.106437 1.086790 0.098094
3569.000000 1.081611 0.106318 1.086823 0.097981
3570.000000 1.081656 0.106199 1.086857 0.097868
3571.000000 1.081701 0.106080 1.086890 0.097755
3572.000000 1.081746 0.105961 1.086924 0.097642
3573.000000 1.081791 0.105842 1.086957 0.097529
3574.000000 1.081837 0.105722 1.086990 0.097416
3575.000000 1.081882 0.105603 1.087023 0.097302
3576.000000 1.081927 0.105484 1.087057 0.097189
3577.000000 1.081972 0.105365 1.087090 0.097076
3578.000000 1.082016 0.105245 1.087123 0.096963
3579.000000 1.082061 0.105126 1.087156 0.096849
3580.000000 1.082106 0.105006 1.087189 0.096736
3581.000000 1.082151 0.104887 1.087222 0.096622
3582.000000 1.082195 0.104767 1.087255 0.096509
3583.000000 1.082240 0.104647 1.087288 0.096395
3584.000000 1.082285 0.104528 1.087321 0.096282
3585.000000 1.082329 0.104408 1.087354 0.096168
3586.000000 1.082374 0.104288 1.087386 0.096055
3587.000000 1.082418 0.104168 1.087419 0.095941
3588.000000 1.082463 0.104048 1.087452 0.095827
3589.000000 1.082507 0.103928 1.087484 0.095714
3590.000000 1.082551 0.103808 1.087517 0.095600
3591.000000 1.082596 0.103688 1.087550 0.095486
3592.000000 1.082640 0.103568 1.087582 0.095372
3593.000000 1.082684 0.103448 1.087615 0.095258
3594.000000 1.082728 0.103328 1.087647 0.095145
3595.000000 1.082772 0.103207 1.087680 0.095031
3596.000000 1.082816 0.103087 1.087712 0.094917
3597.000000 1.082860 0.102967 1.087745 0.094803
3598.000000 1.082904 0.102846 1.087777 0.094689
3599.000000 1.082948 0.102726 1.087809 0.094575
3600.000000 1.082992 0.102605 1.087841 0.094460
3601.000000 1.083036 0.102485 1.087874 0.094346
3602.000000 1.083079 0.102364 1.087906 0.094232
3603.000000 1.083123 0.102243 1.087938 0.094118
3604.000000 1.083167 0.102123 1.087970 0.094004
3605.000000 1.083210 0.102002 1.088002 0.093889
3606.000000 1.083254 0.101881 1.088034 0.093775
3607.000000 1.083297 0.101760 1.088066 0.093661
3608.000000 1.083341 0.101639 1.088098 0.093546
3609.000000 1.083384 0.101518 1.088130 0.093432
3610.000000 1.083427 0.101397 1.088162 0.093317
3611.000000 1.083471 0.101276 1.088194 0.093203
3612.000000 1.083514 0.101155 1.088225 0.093088
3613.000000 1.083557 0.101034 1.088257 0.092974
3614.000000 1.083600 0.100912 1.088289 0.092859
3615.000000 1.083643 0.100791 1.088321 0.092744
3616.000000 1.083686 0.100670 1.088352 0.092630
3617.000000 1.083729 0.100548 1.088384 0.092515
3618.000000 1.083772 0.100427 1.088415 0.092400
3619.000000 1.083815 0.100305 1.088447 0.092285
3620.000000 1.083858 0.100184 1.088478 0.092171
3621.000000 1.083901 0.100062 1.088510 0.092056
3622.000000 1.083944 0.099940 1.088541 0.091941
3623.000000 1.083986 0.099819 1.088572 0.091826
3624.000000 1.084029 0.099697 1.088604 0.091711
3625.000000 1.084072 0.099575 1.088635 0.091596
3626.000000 1.084114 0.099453 1.088666 0.091481
3627.000000 1.084157 0.099331 1.088698 0.091366
3628.000000 1.084199 0.099209 1.088729 0.091251
3629.000000 1.084241 0.099087 1.088760 0.091136
3630.000000 1.084284 0.098965 1.088791 0.091020
3631.000000 1.084326 0.098843 1.088822 0.090905
3632.000000 1.084368 0.098721 1.088853 0.090790
3633.000000 1.084411 0.098599 1.088884 0.090675
3634.000000 1.084453 0.098477 1.088915 0.090559
3635.000000 1.084495 0.098354 1.088946 0.090444
3636.000000 1.084537 0.098232 1.088976 0.090329
3637.000000 1.084579 0.098110 1.089007 0.090213
3638.000000 1.084621 0.097987 1.089038 0.090098
3639.000000 1.084663 0.097865 1.089069 0.089982
3640.000000 1.084705 0.097742 1.089099 0.089867
3641.000000 1.084746 0.097620 1.089130 0.089751
3642.000000 1.084788 0.097497 1.089161 0.089636
3643.000000 1.084830 0.097374 1.089191 0.089520
3644.000000 1.084872 0.097252 1.089222 0.089404
3645.000000 1.084913 0.097129 1.089252 0.089289
3646.000000 1.084955 0.097006 1.089283 0.089173
3647.000000 1.084996 0.096883 1.089313 0.089057
3648.000000 1.085038 0.096760 1.089343 0.088942
3649.000000 1.085079 0.096637 1.089374 0.088826
3650.000000 1.085120 0.096514 1.089404 0.088710
3651.000000 1.085162 0.096391 1.089434 0.088594
3652.000000 1.085203 0.096268 1.089465 0.088478
3653.000000 1.085244 0.096145 1.089495 0.088362
3654.000000 1.085285 0.096022 1.089525 0.088246
3655.000000 1.085326 0.095898 1.089555 0.088130
3656.000000 1.085367 0.095775 1.089585 0.088014
3657.000000 1.085409 0.095652 1.089615 0.087898
3658.000000 1.085449 0.095528 1.089645 0.087782
3659.000000 1.085490 0.095405 1.089675 0.087666
3660.000000 1.085531 0.095281 1.089705 0.087550
3661.000000 1.085572 0.095158 1.089735 0.087433
3662.000000 1.085613 0.095034 1.089764 0.087317
3663.000000 1.085653 0.094911 1.089794 0.087201
3664.000000 1.085694 0.094787 1.089824 0.087085
3665.000000 1.085735 0.094663 1.089854 0.086968
3666.000000 1.085775 0.094539 1.089883 0.086852
3667.000000 1.085816 0.094416 1.089913 0.086735
3668.000000 1.085856 0.094292 1.089943 0.086619
3669.000000 1.085897 0.094168 1.089972 0.086502
3670.000000 1.085937 0.094044 1.090002 0.086386
3671.000000 1.085977 0.093920 1.090031 0.086269
3672.000000 1.086018 0.093796 1.090060 0.086153
3673.000000 1.086058 0.093672 1.090090 0.086036
3674.000000 1.086098 0.093547 1.090119 0.085920
3675.000000 1.086138 0.093423 1.090148 0.085803
3676.000000 1.086178 0.093299 1.090178 0.085686
3677.000000 1.086218 0.093175 1.090207 0.085569
3678.000000 1.086258 0.093050 1.090236 0.085453
3679.000000 1.086298 0.092926 1.090265 0.085336
3680.000000 1.086338 0.092801 1.090294 0.085219
3681.000000 1.086377 0.092677 1.090323 0.085102
3682.000000 1.086417 0.092552 1.090352 0.084985
3683.000000 1.086457 0.092428 1.090381 0.084868
3684.000000 1.086497 0.092303 1.090410 0.084751
3685.000000 1.086536 0.092179 1.090439 0.084634
3686.000000 1.086576 0.092054 1.090468 0.084517
3687.000000 1.086615 0.091929 1.090497 0.084400
3688.000000 1.086655 0.091804 1.090526 0.084283
3689.000000 1.086694 0.091679 1.090554 0.084166
3690.000000 1.086733 0.091555 1.090583 0.084049
3691.000000 1.086773 0.091430 1.090612 0.083932
3692.000000 1.086812 0.091305 1.090640 0.083815
3693.000000 1.086851 0.091180 1.090669 0.083697
3694.000000 1.086890 0.091054 1.090697 0.083580
3695.000000 1.086929 0.090929 1.090726 0.083463
3696.000000 1.086968 0.090804 1.090754 0.083345
3697.000000 1.087007 0.090679 1.090783 0.083228
3698.000000 1.087046 0.090554 1.090811 0.083111
3699.000000 1.087085 0.090428 1.090840 0.082993
3700.000000 1.087124 0.090303 1.090868 0.082876
3701.000000 1.087162 0.090178 1.090896 0.082758
3702.000000 1.087201 0.090052 1.090924 0.082641
3703.000000 1.087240 0.089927 1.090952 0.082523
3704.000000 1.087278 0.089801 1.090981 0.082406
3705.000000 1.087317 0.089676 1.091009 0.082288
3706.000000 1.087356 0.089550 1.091037 0.082170
3707.000000 1.087394 0.089424 1.091065 0.082053
3708.000000 1.087432 0.089299 1.091093 0.081935
3709.000000 1.087471 0.089173 1.091121 0.081817
3710.000000 1.087509 0.089047 1.091149 0.081699
3711.000000 1.087547 0.088921 1.091176 0.081582
3712.000000 1.087585 0.088795 1.091204 0.081464
3713.000000 1.087624 0.088669 1.091232 0.081346
3714.000000 1.087662 0.088543 1.091260 0.081228
3715.000000 1.087700 0.088417 1.091287 0.081110
3716.000000 1.087738 0.088291 1.091315 0.080992
3717.000000 1.087776 0.088165 1.091343 0.080874
3718.000000 1.087814 0.088039 1.091370 0.080756
3719.000000 1.087851 0.087913 1.091398 0.080638
3720.000000 1.087889 0.087787 1.091425 0.080520
3721.000000 1.087927 0.087660 1.091453 0.080402
3722.000000 1.087965 0.087534 1.091480 0.080284
3723.000000 1.088002 0.087408 1.091508 0.080166
3724.000000 1.088040 0.087281 1.091535 0.080047
3725.000000 1.088077 0.087155 1.091562 0.079929
3726.000000 1.088115 0.087028 1.091589 0.079811
3727.000000 1.088152 0.086902 1.091617 0.079693
3728.000000 1.088190 0.086775 1.091644 0.079574
3729.000000 1.088227 0.086648 1.091671 0.079456
3730.000000 1.088264 0.086522 1.091698 0.079338
3731.000000 1.088301 0.086395 1.091725 0.079219
3732.000000 1.088338 0.086268 1.091752 0.079101
3733.000000 1.088376 0.086142 1.091779 0.078982
3734.000000 1.088413 0.086015 1.091806 0.078864
3735.000000 1.088450 0.085888 1.091833 0.078745
3736.000000 1.088487 0.085761 1.091860 0.078627
3737.000000 1.088523 0.085634 1.091887 0.078508
3738.000000 1.088560 0.085507 1.091913 0.078389
3739.000000 1.088597 0.085380 1.091940 0.078271
3740.000000 1.088634 0.085253 1.091967 0.078152
3741.000000 1.088670 0.085126 1.091993 0.078033
3742.000000 1.088707 0.084998 1.092020 0.077915
3743.000000 1.088744 0.084871 1.092047 0.077796
3744.000000 1.088780 0.084744 1.092073 0.077677
3745.000000 1.088817 0.084617 1.092100 0.077558
3746.000000 1.088853 0.084489 1.092126 0.077439
3747.000000 1.088889 0.084362 1.092153 0.077321
3748.000000 1.088926 0.084234 1.092179 0.077202
3749.000000 1.088962 0.084107 1.092205 0.077083
3750.000000 1.088998 0.083979 1.092232 0.076964
3751.000000 1.089034 0.083852 1.092258 0.076845
3752.000000 1.089070 0.083724 1.092284 0.076726
3753.000000 1.089107 0.083596 1.092310 0.076607
3754.000000 1.089143 0.083469 1.092336 0.076488
3755.000000 1.089178 0.083341 1.092362 0.076369
3756.000000 1.089214 0.083213 1.092388 0.076249
3757.000000 1.089250 0.083085 1.092414 0.076130
3758.000000 1.089286 0.082958 1.092440 0.076011
3759.000000 1.089322 0.082830 1.092466 0.075892
3760.000000 1.089357 0.082702 1.092492 0.075773
3761.000000 1.089393 0.082574 1.092518 0.075653
3762.000000 1.089429 0.082446 1.092544 0.075534
3763.000000 1.089464 0.082318 1.092570 0.075415
3764.000000 1.089500 0.082190 1.092595 0.075295
3765.000000 1.089535 0.082061 1.092621 0.075176
3766.000000 1.089570 0.081933 1.092647 0.075056
3767.000000 1.089606 0.081805 1.092672 0.074937
3768.000000 1.089641 0.081677 1.092698 0.074818
3769.000000 1.089676 0.081548 1.092723 0.074698
3770.000000 1.089711 0.081420 1.092749 0.074579
3771.000000 1.089746 0.081292 1.092774 0.074459
3772.000000 1.089781 0.081163 1.092800 0.074339
3773.000000 1.089816 0.081035 1.092825 0.074220
3774.000000 1.089851 0.080906 1.092850 0.074100
3775.000000 1.089886 0.080778 1.092876 0.073980
3776.000000 1.089921 0.080649 1.092901 0.073861
3777.000000 1.089956 0.080520 1.092926 0.073741
3778.000000 1.089990 0.080392 1.092951 0.073621
3779.000000 1.090025 0.080263 1.092976 0.073501
3780.000000 1.090060 0.080134 1.093001 0.073382
3781.000000 1.090094 0.080005 1.093026 0.073262
3782.000000 1.090129 0.079877 1.093051 0.073142
3783.000000 1.090163 0.079748 1.093076 0.073022
3784.000000 1.090198 0.079619 1.093101 0.072902
3785.000000 1.090232 0.079490 1.093126 0.072782
3786.000000 1.090266 0.079361 1.093151 0.072662
3787.000000 1.090301 0.079232 1.093176 0.072542
3788.000000 1.090335 0.079103 1.093200 0.072422
3789.000000 1.090369 0.078974 1.093225 0.072302
3790.000000 1.090403 0.078845 1.093250 0.072182
3791.000000 1.090437 0.078715 1.093274 0.072062
3792.000000 1.090471 0.078586 1.093299 0.071942
3793.000000 1.090505 0.078457 1.093324 0.071822
3794.000000 1.090539 0.078328 1.093348 0.071701
3795.000000 1.090573 0.078198 1.093372 0.071581
3796.000000 1.090606 0.078069 1.093397 0.071461
3797.000000 1.090640 0.077939 1.093421 0.071341
3798.000000 1.090674 0.077810 1.093446 0.071220
3799.000000 1.090707 0.077680 1.093470 0.071100
3800.000000 1.090741 0.077551 1.093494 0.070980
3801.000000 1.090774 0.077421 1.093518 0.070859
3802.000000 1.090808 0.077292 1.093543 0.070739
3803.000000 1.090841 0.077162 1.093567 0.070619
3804.000000 1.090874 0.077032 1.093591 0.070498
3805.000000 1.090908 0.076903 1.093615 0.070378
3806.000000 1.090941 0.076773 1.093639 0.070257
3807.000000 1.090974 0.076643 1.093663 0.070137
3808.000000 1.091007 0.076513 1.093687 0.070016
3809.000000 1.091040 0.076383 1.093711 0.069895
3810.000000 1.091073 0.076253 1.093734 0.069775
3811.000000 1.091106 0.076123 1.093758 0.069654
3812.000000 1.091139 0.075993 1.093782 0.069534
3813.000000 1.091172 0.075863 1.093806 0.069413
3814.000000 1.091205 0.075733 1.093829 0.069292
3815.000000 1.091237 0.075603 1.093853 0.069171
3816.000000 1.091270 0.075473 1.093877 0.069051
3817.000000 1.091303 0.075343 1.093900 0.068930
3818.000000 1.091335 0.075212 1.093924 0.068809
3819.000000 1.091368 0.075082 1.093947 0.068688
3820.000000 1.091400 0.074952 1.093971 0.068567
3821.000000 1.091433 0.074822 1.093994 0.068446
3822.000000 1.091465 0.074691 1.094017 0.068326
3823.000000 1.091497 0.074561 1.094041 0.068205
3824.000000 1.091529 0.074430 1.094064 0.068084
3825.000000 1.091562 0.074300 1.094087 0.067963
3826.000000 1.091594 0.074169 1.094111 0.067842
3827.000000 1.091626 0.074039 1.094134 0.067721
3828.000000 1.091658 0.073908 1.094157 0.067599
3829.000000 1.091690 0.073777 1.094180 0.067478
3830.000000 1.091722 0.073647 1.094203 0.067357
3831.000000 1.091753 0.073516 1.094226 0.067236
3832.000000 1.091785 0.073385 1.094249 0.067115
3833.000000 1.091817 0.073254 1.094272 0.066994
3834.000000 1.091849 0.073124 1.094295 0.066872
3835.000000 1.091880 0.072993 1.094317 0.066751
3836.000000 1.091912 0.072862 1.094340 0.066630
3837.000000 1.091943 0.072731 1.094363 0.066509
3838.000000 1.091975 0.072600 1.094386 0.066387
3839.000000 1.092006 0.072469 1.094408 0.066266
3840.000000 1.092038 0.072338 1.094431 0.066145
3841.000000 1.092069 0.072207 1.094454 0.066023
3842.000000 1.092100 0.072076 1.094476 0.065902
3843.000000 1.092131 0.071945 1.094499 0.065780
3844.000000 1.092163 0.071813 1.094521 0.065659
3845.000000 1.092194 0.071682 1.094543 0.065537
3846.000000 1.092225 0.071551 1.094566 0.065416
3847.000000 1.092256 0.071420 1.094588 0.065294
3848.000000 1.092287 0.071288 1.094610 0.065173
3849.000000 1.092317 0.071157 1.094633 0.065051
3850.000000 1.092348 0.071026 1.094655 0.064930
3851.000000 1.092379 0.070894 1.094677 0.064808
3852.000000 1.092410 0.070763 1.094699 0.064686
3853.000000 1.092440 0.070631 1.094721 0.064565
3854.000000 1.092471 0.070500 1.094743 0.064443
3855.000000 1.092501 0.070368 1.094765 0.064321
3856.000000 1.092532 0.070236 1.094787 0.064199
3857.000000 1.092562 0.070105 1.094809 0.064078
3858.000000 1.092593 0.069973 1.094831 0.063956
3859.000000 1.092623 0.069841 1.094853 0.063834
3860.000000 1.092653 0.069710 1.094875 0.063712
3861.000000 1.092684 0.069578 1.094896 0.063590
3862.000000 1.092714 0.069446 1.094918 0.063468
3863.000000 1.092744 0.069314 1.094940 0.063346
3864.000000 1.092774 0.069182 1.094962 0.063224
3865.000000 1.092804 0.069050 1.094983 0.063102
3866.000000 1.092834 0.068918 1.095005 0.062980
3867.000000 1.092864 0.068786 1.095026 0.062858
3868.000000 1.092893 0.068654 1.095048 0.062736
3869.000000 1.092923 0.068522 1.095069 0.062614
3870.000000 1.092953 0.068390 1.095090 0.062492
3871.000000 1.092982 0.068258 1.095112 0.062370
3872.000000 1.093012 0.068126 1.095133 0.062248
3873.000000 1.093042 0.067994 1.095154 0.062126
3874.000000 1.093071 0.067861 1.095176 0.062004
3875.000000 1.093101 0.067729 1.095197 0.061881
3876.000000 1.093130 0.067597 1.095218 0.061759
3877.000000 1.093159 0.067464 1.095239 0.061637
3878.000000 1.093188 0.067332 1.095260 0.061515
3879.000000 1.093218 0.067200 1.095281 0.061392
3880.000000 1.093247 0.067067 1.095302 0.061270
3881.000000 1.093276 0.066935 1.095323 0.061148
3882.000000 1.093305 0.066802 1.095344 0.061025
3883.000000 1.093334 0.066670 1.095365 0.060903
3884.000000 1.093363 0.066537 1.095386 0.060780
3885.000000 1.093392 0.066404 1.095406 0.060658
3886.000000 1.093421 0.066272 1.095427 0.060536
3887.000000 1.093449 0.066139 1.095448 0.060413
3888.000000 1.093478 0.066006 1.095468 0.060291
3889.000000 1.093507 0.065874 1.095489 0.060168
3890.000000 1.093535 0.065741 1.095510 0.060046
3891.000000 1.093564 0.065608 1.095530 0.059923
3892.000000 1.093592 0.065475 1.095551 0.059800
3893.000000 1.093621 0.065342 1.095571 0.059678
3894.000000 1.093649 0.065209 1.095591 0.059555
3895.000000 1.093677 0.065077 1.095612 0.059432
3896.000000 1.093706 0.064944 1.095632 0.059310
3897.000000 1.093734 0.064811 1.095652 0.059187
3898.000000 1.093762 0.064678 1.095672 0.059064
3899.000000 1.093790 0.064544 1.095693 0.058942
3900.000000 1.093818 0.064411 1.095713 0.058819
3901.000000 1.093846 0.064278 1.095733 0.058696
3902.000000 1.093874 0.064145 1.095753 0.058573
3903.000000 1.093902 0.064012 1.095773 0.058450
3904.000000 1.093930 0.063879 1.095793 0.058328
3905.000000 1.093957 0.063745 1.095813 0.058205
3906.000000 1.093985 0.063612 1.095833 0.058082
3907.000000 1.094013 0.063479 1.095853 0.057959
3908.000000 1.094040 0.063345 1.095873 0.057836
3909.000000 1.094068 0.063212 1.095892 0.057713
3910.000000 1.094095 0.063079 1.095912 0.057590
3911.000000 1.094123 0.062945 1.095932 0.057467
3912.000000 1.094150 0.062812 1.095951 0.057344
3913.000000 1.094177 0.062678 1.095971 0.057221
3914.000000 1.094204 0.062545 1.095991 0.057098
3915.000000 1.094232 0.062411 1.096010 0.056975
3916.000000 1.094259 0.062277 1.096030 0.056852
3917.000000 1.094286 0.062144 1.096049 0.056728
3918.000000 1.094313 0.062010 1.096068 0.056605
3919.000000 1.094340 0.061876 1.096088 0.056482
3920.000000 1.094367 0.061743 1.096107 0.056359
3921.000000 1.094394 0.061609 1.096126 0.056236
3922.000000 1.094420 0.061475 1.096146 0.056112
3923.000000 1.094447 0.061341 1.096165 0.055989
3924.000000 1.094474 0.061207 1.096184 0.055866
3925.000000 1.094500 0.061074 1.096203 0.055743
3926.000000 1.094527 0.060940 1.096222 0.055619
3927.000000 1.094553 0.060806 1.096241 0.055496
3928.000000 1.094580 0.060672 1.096260 0.055373
3929.000000 1.094606 0.060538 1.096279 0.055249
3930.000000 1.094633 0.060404 1.096298 0.055126
3931.000000 1.094659 0.060270 1.096317 0.055002
3932.000000 1.094685 0.060135 1.096336 0.054879
3933.000000 1.094711 0.060001 1.096354 0.054755
3934.000000 1.094737 0.059867 1.096373 0.054632
3935.000000 1.094763 0.059733 1.096392 0.054508
3936.000000 1.094789 0.059599 1.096410 0.054385
3937.000000 1.094815 0.059465 1.096429 0.054261
3938.000000 1.094841 0.059330 1.096448 0.054138
3939.000000 1.094867 0.059196 1.096466 0.054014
3940.000000 1.094893 0.059062 1.096485 0.053891
3941.000000 1.094919 0.058927 1.096503 0.053767
3942.000000 1.094944 0.058793 1.096522 0.053643
3943.000000 1.094970 0.058658 1.096540 0.053520
3944.000000 1.094995 0.058524 1.096558 0.053396
3945.000000 1.095021 0.058389 1.096576 0.053272
3946.000000 1.095046 0.058255 1.096595 0.053149
3947.000000 1.095072 0.058120 1.096613 0.053025
3948.000000 1.095097 0.057986 1.096631 0.052901
3949.000000 1.095122 0.057851 1.096649 0.052777
3950.000000 1.095147 0.057717 1.096667 0.052653
3951.000000 1.095173 0.057582 1.096685 0.052530
3952.000000 1.095198 0.057447 1.096703 0.052406
3953.000000 1.095223 0.057313 1.096721 0.052282
3954.000000 1.095248 0.057178 1.096739 0.052158
3955.000000 1.095273 0.057043 1.096757 0.052034
3956.000000 1.095297 0.056908 1.096775 0.051910
3957.000000 1.095322 0.056773 1.096793 0.051786
3958.000000 1.095347 0.056638 1.096810 0.051662
3959.000000 1.095372 0.056504 1.096828 0.051538
3960.000000 1.095396 0.056369 1.096846 0.051414
3961.000000 1.095421 0.056234 1.096863 0.051290
3962.000000 1.095445 0.056099 1.096881 0.051166
3963.000000 1.095470 0.055964 1.096898 0.051042
3964.000000 1.095494 0.055829 1.096916 0.050918
3965.000000 1.095518 0.055694 1.096933 0.050794
3966.000000 1.095543 0.055559 1.096951 0.050670
3967.000000 1.095567 0.055423 1.096968 0.050546
3968.000000 1.095591 0.055288 1.096985 0.050422
3969.000000 1.095615 0.055153 1.097003 0.050297
3970.000000 1.095639 0.055018 1.097020 0.050173
3971.000000 1.095663 0.054883 1.097037 0.050049
3972.000000 1.095687 0.054747 1.097054 0.049925
3973.000000 1.095711 0.054612 1.097071 0.049801
3974.000000 1.095735 0.054477 1.097088 0.049676
3975.000000 1.095759 0.054342 1.097105 0.049552
3976.000000 1.095782 0.054206 1.097122 0.049428
3977.000000 1.095806 0.054071 1.097139 0.049303
3978.000000 1.095830 0.053935 1.097156 0.049179
3979.000000 1.095853 0.053800 1.097173 0.049055
3980.000000 1.095877 0.053664 1.097190 0.048930
3981.000000 1.095900 0.053529 1.097207 0.048806
3982.000000 1.095923 0.053393 1.097223 0.048681
3983.000000 1.095947 0.053258 1.097240 0.048557
3984.000000 1.095970 0.053122 1.097257 0.048433
3985.000000 1.095993 0.052987 1.097273 0.048308
3986.000000 1.096016 0.052851 1.097290 0.048184
3987.000000 1.096039 0.052715 1.097306 0.048059
3988.000000 1.096062 0.052580 1.097323 0.047935
3989.000000 1.096085 0.052444 1.097339 0.047810
3990.000000 1.096108 0.052308 1.097356 0.047686
3991.000000 1.096131 0.052172 1.097372 0.047561
3992.000000 1.096154 0.052037 1.097388 0.047436
3993.000000 1.096177 0.051901 1.097405 0.047312
3994.000000 1.096199 0.051765 1.097421 0.047187
3995.000000 1.096222 0.051629 1.097437 0.047063
3996.000000 1.096245 0.051493 1.097453 0.046938
3997.000000 1.096267 0.051357 1.097469 0.046813
3998.000000 1.096289 0.051221 1.097485 0.046688
3999.000000 1.096312 0.051085 1.097501 0.046564
4000.000000 1.096334 0.050949 1.097517 0.046439
4001.000000 1.096356 0.050813 1.097533 0.046314
4002.000000 1.096379 0.050677 1.097549 0.046190
4003.000000 1.096401 0.050541 1.097565 0.046065
4004.000000 1.096423 0.050405 1.097581 0.045940
4005.000000 1.096445 0.050269 1.097597 0.045815
4006.000000 1.096467 0.050133 1.097612 0.045690
4007.000000 1.096489 0.049997 1.097628 0.045565
4008.000000 1.096511 0.049860 1.097644 0.045441
4009.000000 1.096532 0.049724 1.097659 0.045316
4010.000000 1.096554 0.049588 1.097675 0.045191
4011.000000 1.096576 0.049452 1.097690 0.045066
4012.000000 1.096598 0.049315 1.097706 0.044941
4013.000000 1.096619 0.049179 1.097721 0.044816
4014.000000 1.096641 0.049043 1.097737 0.044691
4015.000000 1.096662 0.048906 1.097752 0.044566
4016.000000 1.096683 0.048770 1.097767 0.044441
4017.000000 1.096705 0.048633 1.097783 0.044316
4018.000000 1.096726 0.048497 1.097798 0.044191
4019.000000 1.096747 0.048361 1.097813 0.044066
4020.000000 1.096768 0.048224 1.097828 0.043941
4021.000000 1.096790 0.048088 1.097843 0.043816
4022.000000 1.096811 0.047951 1.097858 0.043691
4023.000000 1.096832 0.047814 1.097873 0.043566
4024.000000 1.096853 0.047678 1.097888 0.043440
4025.000000 1.096873 0.047541 1.097903 0.043315
4026.000000 1.096894 0.047405 1.097918 0.043190
4027.000000 1.096915 0.047268 1.097933 0.043065
4028.000000 1.096936 0.047131 1.097948 0.042940
4029.000000 1.096956 0.046994 1.097962 0.042815
4030.000000 1.096977 0.046858 1.097977 0.042689
4031.000000 1.096997 0.046721 1.097992 0.042564
4032.000000 1.097018 0.046584 1.098006 0.042439
4033.000000 1.097038 0.046447 1.098021 0.042314
4034.000000 1.097059 0.046310 1.098036 0.042188
4035.000000 1.097079 0.046174 1.098050 0.042063
4036.000000 1.097099 0.046037 1.098065 0.041938
4037.000000 1.097119 0.045900 1.098079 0.041812
4038.000000 1.097139 0.045763 1.098093 0.041687
4039.000000 1.097159 0.045626 1.098108 0.041562
4040.000000 1.097179 0.045489 1.098122 0.041436
4041.000000 1.097199 0.045352 1.098136 0.041311
4042.000000 1.097219 0.045215 1.098151 0.041185
4043.000000 1.097239 0.045078 1.098165 0.041060
4044.000000 1.097259 0.044941 1.098179 0.040935
4045.000000 1.097279 0.044804 1.098193 0.040809
4046.000000 1.097298 0.044667 1.098207 0.040684
4047.000000 1.097318 0.044530 1.098221 0.040558
4048.000000 1.097337 0.044392 1.098235 0.040433
4049.000000 1.097357 0.044255 1.098249 0.040307
4050.000000 1.097376 0.044118 1.098263 0.040182
4051.000000 1.097396 0.043981 1.098277 0.040056
4052.000000 1.097415 0.043844 1.098290 0.039930
4053.000000 1.097434 0.043706 1.098304 0.039805
4054.000000 1.097453 0.043569 1.098318 0.039679
4055.000000 1.097472 0.043432 1.098331 0.039554
4056.000000 1.097491 0.043294 1.098345 0.039428
4057.000000 1.097510 0.043157 1.098359 0.039302
4058.000000 1.097529 0.043020 1.098372 0.039177
4059.000000 1.097548 0.042882 1.098386 0.039051
4060.000000 1.097567 0.042745 1.098399 0.038925
4061.000000 1.097586 0.042607 1.098413 0.038800
4062.000000 1.097605 0.042470 1.098426 0.038674
4063.000000 1.097623 0.042332 1.098439 0.038548
4064.000000 1.097642 0.042195 1.098453 0.038422
4065.000000 1.097660 0.042057 1.098466 0.038297
4066.000000 1.097679 0.041920 1.098479 0.038171
4067.000000 1.097697 0.041782 1.098492 0.038045
4068.000000 1.097716 0.041645 1.098505 0.037919
4069.000000 1.097734 0.041507 1.098518 0.037794
4070.000000 1.097752 0.041369 1.098531 0.037668
4071.000000 1.097770 0.041232 1.098544 0.037542
4072.000000 1.097788 0.041094 1.098557 0.037416
4073.000000 1.097806 0.040956 1.098570 0.037290
4074.000000 1.097824 0.040819 1.098583 0.037164
4075.000000 1.097842 0.040681 1.098596 0.037038
4076.000000 1.097860 0.040543 1.098609 0.036912
4077.000000 1.097878 0.040405 1.098621 0.036787
4078.000000 1.097896 0.040268 1.098634 0.036661
4079.000000 1.097914 0.040130 1.098647 0.036535
4080.000000 1.097931 0.039992 1.098659 0.036409
4081.000000 1.097949 0.039854 1.098672 0.036283
4082.000000 1.097966 0.039716 1.098684 0.036157
4083.000000 1.097984 0.039578 1.098697 0.036031
4084.000000 1.098001 0.039440 1.098709 0.035905
4085.000000 1.098019 0.039302 1.098722 0.035779
4086.000000 1.098036 0.039164 1.098734 0.035653
4087.000000 1.098053 0.039026 1.098746 0.035527
4088.000000 1.098070 0.038888 1.098759 0.035400
4089.000000 1.098087 0.038750 1.098771 0.035274
4090.000000 1.098104 0.038612 1.098783 0.035148
4091.000000 1.098121 0.038474 1.098795 0.035022
4092.000000 1.098138 0.038336 1.098807 0.034896
4093.000000 1.098155 0.038198 1.098819 0.034770
4094.000000 1.098172 0.038060 1.098831 0.034644
4095.000000 1.098189 0.037922 1.098843 0.034518
4096.000000 1.098206 0.037784 1.098855 0.034391
4097.000000 1.098222 0.037646 1.098867 0.034265
4098.000000 1.098239 0.037507 1.098879 0.034139
4099.000000 1.098255 0.037369 1.098891 0.034013
4100.000000 1.098272 0.037231 1.098903 0.033887
4101.000000 1.098288 0.037093 1.098914 0.033760
4102.000000 1.098304 0.036954 1.098926 0.033634
4103.000000 1.098321 0.036816 1.098938 0.033508
4104.000000 1.098337 0.036678 1.098949 0.033382
4105.000000 1.098353 0.036540 1.098961 0.033255
4106.000000 1.098369 0.036401 1.098972 0.033129
4107.000000 1.098385 0.036263 1.098984 0.033003
4108.000000 1.098401 0.036124 1.098995 0.032876
4109.000000 1.098417 0.035986 1.099007 0.032750
4110.000000 1.098433 0.035848 1.099018 0.032624
4111.000000 1.098449 0.035709 1.099029 0.032497
4112.000000 1.098465 0.035571 1.099040 0.032371
4113.000000 1.098480 0.035432 1.099052 0.032245
4114.000000 1.098496 0.035294 1.099063 0.032118
4115.000000 1.098512 0.035155 1.099074 0.031992
4116.000000 1.098527 0.035017 1.099085 0.031865
4117.000000 1.098543 0.034878 1.099096 0.031739
4118.000000 1.098558 0.034740 1.099107 0.031612
4119.000000 1.098573 0.034601 1.099118 0.031486
4120.000000 1.098589 0.034462 1.099129 0.031359
4121.000000 1.098604 0.034324 1.099140 0.031233
4122.000000 1.098619 0.034185 1.099151 0.031106
4123.000000 1.098634 0.034047 1.099161 0.030980
4124.000000 1.098649 0.033908 1.099172 0.030853
4125.000000 1.098664 0.033769 1.099183 0.030727
4126.000000 1.098679 0.033630 1.099194 0.030600
4127.000000 1.098694 0.033492 1.099204 0.030474
4128.000000 1.098709 0.033353 1.099215 0.030347
4129.000000 1.098723 0.033214 1.099225 0.030221
4130.000000 1.098738 0.033076 1.099236 0.030094
4131.000000 1.098753 0.032937 1.099246 0.029967
4132.000000 1.098767 0.032798 1.099257 0.029841
4133.000000 1.098782 0.032659 1.099267 0.029714
4134.000000 1.098796 0.032520 1.099277 0.029588
4135.000000 1.098811 0.032381 1.099288 0.029461
4136.000000 1.098825 0.032243 1.099298 0.029334
4137.000000 1.098839 0.032104 1.099308 0.029208
4138.000000 1.098853 0.031965 1.099318 0.029081
4139.000000 1.098868 0.031826 1.099328 0.028954
4140.000000 1.098882 0.031687 1.099338 0.028828
4141.000000 1.098896 0.031548 1.099348 0.028701
4142.000000 1.098910 0.031409 1.099358 0.028574
4143.000000 1.098923 0.031270 1.099368 0.028447
4144.000000 1.098937 0.031131 1.099378 0.028321
4145.000000 1.098951 0.030992 1.099388 0.028194
4146.000000 1.098965 0.030853 1.099398 0.028067
4147.000000 1.098979 0.030714 1.099408 0.027940
4148.000000 1.098992 0.030575 1.099417 0.027814
4149.000000 1.099006 0.030436 1.099427 0.027687
4150.000000 1.099019 0.030297 1.099437 0.027560
4151.000000 1.099033 0.030158 1.099446 0.027433
4152.000000 1.099046 0.030018 1.099456 0.027306
4153.000000 1.099059 0.029879 1.099465 0.027180
4154.000000 1.099073 0.029740 1.099475 0.027053
4155.000000 1.099086 0.029601 1.099484 0.026926
4156.000000 1.099099 0.029462 1.099494 0.026799
4157.000000 1.099112 0.029323 1.099503 0.026672
4158.000000 1.099125 0.029183 1.099512 0.026545
4159.000000 1.099138 0.029044 1.099522 0.026418
4160.000000 1.099151 0.028905 1.099531 0.026291
4161.000000 1.099164 0.028766 1.099540 0.026164
4162.000000 1.099176 0.028626 1.099549 0.026038
4163.000000 1.099189 0.028487 1.099558 0.025911
4164.000000 1.099202 0.028348 1.099567 0.025784
4165.000000 1.099214 0.028208 1.099576 0.025657
4166.000000 1.099227 0.028069 1.099585 0.025530
4167.000000 1.099239 0.027930 1.099594 0.025403
4168.000000 1.099252 0.027790 1.099603 0.025276
4169.000000 1.099264 0.027651 1.099612 0.025149
4170.000000 1.099276 0.027512 1.099621 0.025022
4171.000000 1.099289 0.027372 1.099629 0.024895
4172.000000 1.099301 0.027233 1.099638 0.024768
4173.000000 1.099313 0.027093 1.099647 0.024641
4174.000000 1.099325 0.026954 1.099655 0.024514
4175.000000 1.099337 0.026814 1.099664 0.024387
4176.000000 1.099349 0.026675 1.099672 0.024260
4177.000000 1.099361 0.026536 1.099681 0.024133
4178.000000 1.099373 0.026396 1.099689 0.024005
4179.000000 1.099384 0.026256 1.099698 0.023878
4180.000000 1.099396 0.026117 1.099706 0.023751
4181.000000 1.099408 0.025977 1.099714 0.023624
4182.000000 1.099419 0.025838 1.099723 0.023497
4183.000000 1.099431 0.025698 1.099731 0.023370
4184.000000 1.099442 0.025559 1.099739 0.023243
4185.000000 1.099454 0.025419 1.099747 0.023116
4186.000000 1.099465 0.025280 1.099755 0.022989
4187.000000 1.099476 0.025140 1.099764 0.022861
4188.000000 1.099487 0.025000 1.099772 0.022734
4189.000000 1.099499 0.024861 1.099780 0.022607
4190.000000 1.099510 0.024721 1.099787 0.022480
4191.000000 1.099521 0.024581 1.099795 0.022353
4192.000000 1.099532 0.024442 1.099803 0.022225
4193.000000 1.099543 0.024302 1.099811 0.022098
4194.000000 1.099553 0.024162 1.099819 0.021971
4195.000000 1.099564 0.024022 1.099827 0.021844
4196.000000 1.099575 0.023883 1.099834 0.021717
4197.000000 1.099586 0.023743 1.099842 0.021589
4198.000000 1.099596 0.023603 1.099849 0.021462
4199.000000 1.099607 0.023463 1.099857 0.021335
4200.000000 1.099617 0.023324 1.099865 0.021208
4201.000000 1.099628 0.023184 1.099872 0.021080
4202.000000 1.099638 0.023044 1.099879 0.020953
4203.000000 1.099648 0.022904 1.099887 0.020826
4204.000000 1.099659 0.022764 1.099894 0.020698
4205.000000 1.099669 0.022625 1.099901 0.020571
4206.000000 1.099679 0.022485 1.099909 0.020444
4207.000000 1.099689 0.022345 1.099916 0.020316
4208.000000 1.099699 0.022205 1.099923 0.020189
4209.000000 1.099709 0.022065 1.099930 0.020062
4210.000000 1.099719 0.021925 1.099937 0.019934
4211.000000 1.099729 0.021785 1.099944 0.019807
4212.000000 1.099738 0.021645 1.099951 0.019680
4213.000000 1.099748 0.021505 1.099958 0.019552
4214.000000 1.099758 0.021365 1.099965 0.019425
4215.000000 1.099767 0.021226 1.099972 0.019298
4216.000000 1.099777 0.021086 1.099979 0.019170
4217.000000 1.099786 0.020946 1.099986 0.019043
4218.000000 1.099796 0.020806 1.099992 0.018915
4219.000000 1.099805 0.020666 1.099999 0.018788
4220.000000 1.099814 0.020526 1.100006 0.018661
4221.000000 1.099824 0.020386 1.100012 0.018533
4222.000000 1.099833 0.020246 1.100019 0.018406
4223.000000 1.099842 0.020105 1.100026 0.018278
4224.000000 1.099851 0.019965 1.100032 0.018151
4225.000000 1.099860 0.019825 1.100039 0.018023
4226.000000 1.099869 0.019685 1.100045 0.017896
4227.000000 1.099878 0.019545 1.100051 0.017768
4228.000000 1.099886 0.019405 1.100058 0.017641
4229.000000 1.099895 0.019265 1.100064 0.017513
4230.000000 1.099904 0.019125 1.100070 0.017386
4231.000000 1.099912 0.018985 1.100076 0.017259
4232.000000 1.099921 0.018845 1.100082 0.017131
4233.000000 1.099930 0.018704 1.100089 0.017004
4234.000000 1.099938 0.018564 1.100095 0.016876
4235.000000 1.099946 0.018424 1.100101 0.016748
4236.000000 1.099955 0.018284 1.100107 0.016621
4237.000000 1.099963 0.018144 1.100113 0.016493
4238.000000 1.099971 0.018004 1.100118 0.016366
4239.000000 1.099979 0.017863 1.100124 0.016238
4240.000000 1.099987 0.017723 1.100130 0.016111
4241.000000 1.099995 0.017583 1.100136 0.015983
4242.000000 1.100003 0.017443 1.100142 0.015856
4243.000000 1.100011 0.017302 1.100147 0.015728
4244.000000 1.100019 0.017162 1.100153 0.015600
4245.000000 1.100027 0.017022 1.100158 0.015473
4246.000000 1.100035 0.016882 1.100164 0.015345
4247.000000 1.100042 0.016741 1.100170 0.015218
4248.000000 1.100050 0.016601 1.100175 0.015090
4249.000000 1.100057 0.016461 1.100180 0.014963
4250.000000 1.100065 0.016321 1.100186 0.014835
4251.000000 1.100072 0.016180 1.100191 0.014707
4252.000000 1.100080 0.016040 1.100196 0.014580
4253.000000 1.100087 0.015900 1.100202 0.014452
4254.000000 1.100094 0.015759 1.100207 0.014324
4255.000000 1.100101 0.015619 1.100212 0.014197
4256.000000 1.100108 0.015479 1.100217 0.014069
4257.000000 1.100115 0.015338 1.100222 0.013941
4258.000000 1.100122 0.015198 1.100227 0.013814
4259.000000 1.100129 0.015057 1.100232 0.013686
4260.000000 1.100136 0.014917 1.100237 0.013558
4261.000000 1.100143 0.014777 1.100242 0.013431
4262.000000 1.100150 0.014636 1.100247 0.013303
4263.000000 1.100156 0.014496 1.100252 0.013175
4264.000000 1.100163 0.014355 1.100257 0.013048
4265.000000 1.100170 0.014215 1.100261 0.012920
4266.000000 1.100176 0.014075 1.100266 0.012792
4267.000000 1.100183 0.013934 1.100271 0.012665
4268.000000 1.100189 0.013794 1.100275 0.012537
4269.000000 1.100195 0.013653 1.100280 0.012409
4270.000000 1.100201 0.013513 1.100284 0.012281
4271.000000 1.100208 0.013372 1.100289 0.012154
4272.000000 1.100214 0.013232 1.100293 0.012026
4273.000000 1.100220 0.013091 1.100298 0.011898
4274.000000 1.100226 0.012951 1.100302 0.011771
4275.000000 1.100232 0.012810 1.100306 0.011643
4276.000000 1.100238 0.012670 1.100311 0.011515
4277.000000 1.100244 0.012529 1.100315 0.011387
4278.000000 1.100249 0.012389 1.100319 0.011260
4279.000000 1.100255 0.012248 1.100323 0.011132
4280.000000 1.100261 0.012108 1.100327 0.011004
4281.000000 1.100266 0.011967 1.100331 0.010876
4282.000000 1.100272 0.011827 1.100335 0.010748
4283.000000 1.100277 0.011686 1.100339 0.010621
4284.000000 1.100283 0.011546 1.100343 0.010493
4285.000000 1.100288 0.011405 1.100347 0.010365
4286.000000 1.100293 0.011264 1.100351 0.010237
4287.000000 1.100299 0.011124 1.100355 0.010110
4288.000000 1.100304 0.010983 1.100359 0.009982
4289.000000 1.100309 0.010843 1.100362 0.009854
4290.000000 1.100314 0.010702 1.100366 0.009726
4291.000000 1.100319 0.010562 1.100370 0.009598
4292.000000 1.100324 0.010421 1.100373 0.009471
4293.000000 1.100329 0.010280 1.100377 0.009343
4294.000000 1.100334 0.010140 1.100380 0.009215
4295.000000 1.100338 0.009999 1.100384 0.009087
4296.000000 1.100343 0.009858 1.100387 0.008959
4297.000000 1.100348 0.009718 1.100391 0.008831
4298.000000 1.100352 0.009577 1.100394 0.008704
4299.000000 1.100357 0.009437 1.100397 0.008576
4300.000000 1.100361 0.009296 1.100400 0.008448
4301.000000 1.100365 0.009155 1.100404 0.008320
4302.000000 1.100370 0.009015 1.100407 0.008192
4303.000000 1.100374 0.008874 1.100410 0.008064
4304.000000 1.100378 0.008733 1.100413 0.007936
4305.000000 1.100382 0.008593 1.100416 0.007809
4306.000000 1.100386 0.008452 1.100419 0.007681
4307.000000 1.100390 0.008311 1.100422 0.007553
4308.000000 1.100394 0.008171 1.100425 0.007425
4309.000000 1.100398 0.008030 1.100428 0.007297
4310.000000 1.100402 0.007889 1.100430 0.007169
4311.000000 1.100406 0.007748 1.100433 0.007041
4312.000000 1.100410 0.007608 1.100436 0.006913
4313.000000 1.100413 0.007467 1.100439 0.006786
4314.000000 1.100417 0.007326 1.100441 0.006658
4315.000000 1.100420 0.007186 1.100444 0.006530
4316.000000 1.100424 0.007045 1.100446 0.006402
4317.000000 1.100427 0.006904 1.100449 0.006274
4318.000000 1.100431 0.006763 1.100451 0.006146
4319.000000 1.100434 0.006623 1.100454 0.006018
4320.000000 1.100437 0.006482 1.100456 0.005890
4321.000000 1.100440 0.006341 1.100459 0.005762
4322.000000 1.100443 0.006201 1.100461 0.005634
4323.000000 1.100446 0.006060 1.100463 0.005507
4324.000000 1.100449 0.005919 1.100465 0.005379
4325.000000 1.100452 0.005778 1.100468 0.005251
4326.000000 1.100455 0.005637 1.100470 0.005123
4327.000000 1.100458 0.005497 1.100472 0.004995
4328.000000 1.100461 0.005356 1.100474 0.004867
4329.000000 1.100463 0.005215 1.100476 0.004739
4330.000000 1.100466 0.005074 1.100478 0.004611
4331.000000 1.100469 0.004934 1.100480 0.004483
4332.000000 1.100471 0.004793 1.100482 0.004355
4333.000000 1.100474 0.004652 1.100483 0.004227
4334.000000 1.100476 0.004511 1.100485 0.004099
4335.000000 1.100478 0.004371 1.100487 0.003971
4336.000000 1.100480 0.004230 1.100489 0.003844
4337.000000 1.100483 0.004089 1.100490 0.003716
4338.000000 1.100485 0.003948 1.100492 0.003588
4339.000000 1.100487 0.003807 1.100493 0.003460
4340.000000 1.100489 0.003667 1.100495 0.003332
4341.000000 1.100491 0.003526 1.100496 0.003204
4342.000000 1.100493 0.003385 1.100498 0.003076
4343.000000 1.100495 0.003244 1.100499 0.002948
4344.000000 1.100496 0.003103 1.100501 0.002820
4345.000000 1.100498 0.002963 1.100502 0.002692
4346.000000 1.100500 0.002822 1.100503 0.002564
4347.000000 1.100501 0.002681 1.100505 0.002436
4348.000000 1.100503 0.002540 1.100506 0.002308
4349.000000 1.100504 0.002399 1.100507 0.002180
4350.000000 1.100506 0.002258 1.100508 0.002052
4351.000000 1.100507 0.002118 1.100509 0.001924
4352.000000 1.100508 0.001977 1.100510 0.001796
4353.000000 1.100509 0.001836 1.100511 0.001668
4354.000000 1.100511 0.001695 1.100512 0.001540
4355.000000 1.100512 0.001554 1.100513 0.001412
4356.000000 1.100513 0.001413 1.100514 0.001284
4357.000000 1.100514 0.001273 1.100514 0.001156
4358.000000 1.100515 0.001132 1.100515 0.001028
4359.000000 1.100516 0.000991 1.100516 0.000900
4360.000000 1.100516 0.000850 1.100517 0.000773
4361.000000 1.100517 0.000709 1.100517 0.000645
4362.000000 1.100518 0.000568 1.100518 0.000517
4363.000000 1.100518 0.000428 1.100518 0.000389
4364.000000 1.100519 0.000287 1.100519 0.000261
4365.000000 1.100519 0.000146 1.100519 0.000133
4366.000000 1.100520 0.000005 1.100520 0.000005
4367.000000 1.100520 -0.000136 1.100520 -0.000123
4368.000000 1.100520 -0.000277 1.100521 -0.000251
4369.000000 1.100521 -0.000417 1.100521 -0.000379
4370.000000 1.100521 -0.000558 1.100521 -0.000507
4371.000000 1.100521 -0.000699 1.100521 -0.000635
4372.000000 1.100521 -0.000840 1.100521 -0.000763
4373.000000 1.100521 -0.000981 1.100522 -0.000891
4374.000000 1.100521 -0.001122 1.100522 -0.001019
4375.000000 1.100521 -0.001262 1.100522 -0.001147
4376.000000 1.100521 -0.001403 1.100522 -0.001275
4377.000000 1.100520 -0.001544 1.100522 -0.001403
4378.000000 1.100520 -0.001685 1.100521 -0.001531
4379.000000 1.100520 -0.001826 1.100521 -0.001659
4380.000000 1.100519 -0.001967 1.100521 -0.001787
4381.000000 1.100519 -0.002107 1.100521 -0.001915
4382.000000 1.100518 -0.002248 1.100521 -0.002043
4383.000000 1.100518 -0.002389 1.100520 -0.002171
4384.000000 1.100517 -0.002530 1.100520 -0.002299
4385.000000 1.100516 -0.002671 1.100520 -0.002427
4386.000000 1.100516 -0.002812 1.100519 -0.002555
4387.000000 1.100515 -0.002952 1.100519 -0.002683
4388.000000 1.100514 -0.003093 1.100518 -0.002811
4389.000000 1.100513 -0.003234 1.100518 -0.002939
4390.000000 1.100512 -0.003375 1.100517 -0.003067
4391.000000 1.100511 -0.003516 1.100516 -0.003195
4392.000000 1.100510 -0.003657 1.100516 -0.003323
4393.000000 1.100508 -0.003797 1.100515 -0.003451
4394.000000 1.100507 -0.003938 1.100514 -0.003579
4395.000000 1.100506 -0.004079 1.100513 -0.003707
4396.000000 1.100504 -0.004220 1.100512 -0.003835
4397.000000 1.100503 -0.004361 1.100512 -0.003963
4398.000000 1.100501 -0.004502 1.100511 -0.004090
4399.000000 1.100500 -0.004642 1.100510 -0.004218
4400.000000 1.100498 -0.004783 1.100509 -0.004346
4401.000000 1.100496 -0.004924 1.100507 -0.004474
4402.000000 1.100495 -0.005065 1.100506 -0.004602
4403.000000 1.100493 -0.005206 1.100505 -0.004730
4404.000000 1.100491 -0.005346 1.100504 -0.004858
4405.000000 1.100489 -0.005487 1.100503 -0.004986
4406.000000 1.100487 -0.005628 1.100501 -0.005114
4407.000000 1.100485 -0.005769 1.100500 -0.005242
4408.000000 1.100483 -0.005910 1.100499 -0.005370
4409.000000 1.100481 -0.006051 1.100497 -0.005498
4410.000000 1.100478 -0.006191 1.100496 -0.005626
4411.000000 1.100476 -0.006332 1.100494 -0.005754
4412.000000 1.100474 -0.006473 1.100493 -0.005882
4413.000000 1.100471 -0.006614 1.100491 -0.006010
4414.000000 1.100469 -0.006754 1.100490 -0.006138
4415.000000 1.100466 -0.006895 1.100488 -0.006266
4416.000000 1.100464 -0.007036 1.100486 -0.006394
4417.000000 1.100461 -0.007177 1.100484 -0.006522
4418.000000 1.100458 -0.007318 1.100483 -0.006650
4419.000000 1.100455 -0.007458 1.100481 -0.006777
4420.000000 1.100453 -0.007599 1.100479 -0.006905
4421.000000 1.100450 -0.007740 1.100477 -0.007033
4422.000000 1.100447 -0.007881 1.100475 -0.007161
4423.000000 1.100444 -0.008021 1.100473 -0.007289
4424.000000 1.100441 -0.008162 1.100471 -0.007417
4425.000000 1.100437 -0.008303 1.100469 -0.007545
4426.000000 1.100434 -0.008444 1.100467 -0.007673
4427.000000 1.100431 -0.008584 1.100464 -0.007801
4428.000000 1.100428 -0.008725 1.100462 -0.007929
4429.000000 1.100424 -0.008866 1.100460 -0.008057
4430.000000 1.100421 -0.009007 1.100458 -0.008185
4431.000000 1.100417 -0.009147 1.100455 -0.008312
4432.000000 1.100414 -0.009288 1.100453 -0.008440
4433.000000 1.100410 -0.009429 1.100450 -0.008568
4434.000000 1.100406 -0.009570 1.100448 -0.008696
4435.000000 1.100402 -0.009710 1.100445 -0.008824
4436.000000 1.100399 -0.009851 1.100443 -0.008952
4437.000000 1.100395 -0.009992 1.100440 -0.009080
4438.000000 1.100391 -0.010132 1.100437 -0.009208
4439.000000 1.100387 -0.010273 1.100435 -0.009336
4440.000000 1.100383 -0.010414 1.100432 -0.009464
4441.000000 1.100379 -0.010554 1.100429 -0.009591
4442.000000 1.100374 -0.010695 1.100426 -0.009719
4443.000000 1.100370 -0.010836 1.100424 -0.009847
4444.000000 1.100366 -0.010977 1.100421 -0.009975
4445.000000 1.100361 -0.011117 1.100418 -0.010103
4446.000000 1.100357 -0.011258 1.100415 -0.010231
4447.000000 1.100353 -0.011399 1.100412 -0.010359
4448.000000 1.100348 -0.011539 1.100408 -0.010486
4449.000000 1.100343 -0.011680 1.100405 -0.010614
4450.000000 1.100339 -0.011820 1.100402 -0.010742
4451.000000 1.100334 -0.011961 1.100399 -0.010870
4452.000000 1.100329 -0.012102 1.100396 -0.010998
4453.000000 1.100324 -0.012242 1.100392 -0.011126
4454.000000 1.100319 -0.012383 1.100389 -0.011254
4455.000000 1.100314 -0.012524 1.100386 -0.011381
4456.000000 1.100309 -0.012664 1.100382 -0.011509
4457.000000 1.100304 -0.012805 1.100379 -0.011637
4458.000000 1.100299 -0.012945 1.100375 -0.011765
4459.000000 1.100294 -0.013086 1.100372 -0.011893
4460.000000 1.100289 -0.013227 1.100368 -0.012020
4461.000000 1.100283 -0.013367 1.100364 -0.012148
4462.000000 1.100278 -0.013508 1.100361 -0.012276
4463.000000 1.100272 -0.013648 1.100357 -0.012404
4464.000000 1.100267 -0.013789 1.100353 -0.012532
4465.000000 1.100261 -0.013929 1.100349 -0.012659
4466.000000 1.100256 -0.014070 1.100346 -0.012787
4467.000000 1.100250 -0.014211 1.100342 -0.012915
4468.000000 1.100244 -0.014351 1.100338 -0.013043
4469.000000 1.100238 -0.014492 1.100334 -0.013171
4470.000000 1.100232 -0.014632 1.100330 -0.013298
4471.000000 1.100226 -0.014773 1.100326 -0.013426
4472.000000 1.100220 -0.014913 1.100321 -0.013554
4473.000000 1.100214 -0.015054 1.100317 -0.013682
4474.000000 1.100208 -0.015194 1.100313 -0.013809
4475.000000 1.100202 -0.015335 1.100309 -0.013937
4476.000000 1.100196 -0.015475 1.100305 -0.014065
4477.000000 1.100189 -0.015616 1.100300 -0.014193
4478.000000 1.100183 -0.015756 1.100296 -0.014320
4479.000000 1.100177 -0.015897 1.100291 -0.014448
4480.000000 1.100170 -0.016037 1.100287 -0.014576
4481.000000 1.100164 -0.016177 1.100282 -0.014704
4482.000000 1.100157 -0.016318 1.100278 -0.014831
4483.000000 1.100150 -0.016458 1.100273 -0.014959
4484.000000 1.100144 -0.016599 1.100269 -0.015087
4485.000000 1.100137 -0.016739 1.100264 -0.015214
4486.000000 1.100130 -0.016880 1.100259 -0.015342
4487.000000 1.100123 -0.017020 1.100255 -0.015470
4488.000000 1.100116 -0.017160 1.100250 -0.015597
4489.000000 1.100109 -0.017301 1.100245 -0.015725
4490.000000 1.100102 -0.017441 1.100240 -0.015853
4491.000000 1.100095 -0.017582 1.100235 -0.015981
4492.000000 1.100087 -0.017722 1.100230 -0.016108
4493.000000 1.100080 -0.017862 1.100225 -0.016236
4494.000000 1.100073 -0.018003 1.100220 -0.016363
4495.000000 1.100065 -0.018143 1.100215 -0.016491
4496.000000 1.100058 -0.018283 1.100210 -0.016619
4497.000000 1.100050 -0.018424 1.100205 -0.016746
4498.000000 1.100043 -0.018564 1.100199 -0.016874
4499.000000 1.100035 -0.018704 1.100194 -0.017002
4500.000000 1.100027 -0.018845 1.100189 -0.017129
4501.000000 1.100020 -0.018985 1.100183 -0.017257
4502.000000 1.100012 -0.019125 1.100178 -0.017385
4503.000000 1.100004 -0.019265 1.100173 -0.017512
4504.000000 1.099996 -0.019406 1.100167 -0.017640
4505.000000 1.099988 -0.019546 1.100162 -0.017767
4506.000000 1.099980 -0.019686 1.100156 -0.017895
4507.000000 1.099972 -0.019826 1.100150 -0.018022
4508.000000 1.099964 -0.019967 1.100145 -0.018150
4509.000000 1.099955 -0.020107 1.100139 -0.018278
4510.000000 1.099947 -0.020247 1.100133 -0.018405
4511.000000 1.099939 -0.020387 1.100128 -0.018533
4512.000000 1.099930 -0.020527 1.100122 -0.018660
4513.000000 1.099922 -0.020668 1.100116 -0.018788
4514.000000 1.099913 -0.020808 1.100110 -0.018915
4515.000000 1.099905 -0.020948 1.100104 -0.019043
4516.000000 1.099896 -0.021088 1.100098 -0.019170
4517.000000 1.099887 -0.021228 1.100092 -0.019298
4518.000000 1.099878 -0.021368 1.100086 -0.019425
4519.000000 1.099869 -0.021508 1.100080 -0.019553
4520.000000 1.099861 -0.021649 1.100074 -0.019680
4521.000000 1.099852 -0.021789 1.100067 -0.019808
4522.000000 1.099843 -0.021929 1.100061 -0.019935
4523.000000 1.099833 -0.022069 1.100055 -0.020063
4524.000000 1.099824 -0.022209 1.100049 -0.020190
4525.000000 1.099815 -0.022349 1.100042 -0.020318
4526.000000 1.099806 -0.022489 1.100036 -0.020445
4527.000000 1.099796 -0.022629 1.100029 -0.020573
4528.000000 1.099787 -0.022769 1.100023 -0.020700
4529.000000 1.099778 -0.022909 1.100016 -0.020828
4530.000000 1.099768 -0.023049 1.100010 -0.020955
4531.000000 1.099759 -0.023189 1.100003 -0.021082
4532.000000 1.099749 -0.023329 1.099996 -0.021210
4533.000000 1.099739 -0.023469 1.099990 -0.021337
4534.000000 1.099729 -0.023609 1.099983 -0.021465
4535.000000 1.099720 -0.023749 1.099976 -0.021592
4536.000000 1.099710 -0.023889 1.099969 -0.021719
4537.000000 1.099700 -0.024029 1.099962 -0.021847
4538.000000 1.099690 -0.024169 1.099955 -0.021974
4539.000000 1.099680 -0.024309 1.099948 -0.022102
4540.000000 1.099670 -0.024449 1.099941 -0.022229
4541.000000 1.099659 -0.024588 1.099934 -0.022356
4542.000000 1.099649 -0.024728 1.099927 -0.022484
4543.000000 1.099639 -0.024868 1.099920 -0.022611
4544.000000 1.099628 -0.025008 1.099913 -0.022738
4545.000000 1.099618 -0.025148 1.099906 -0.022866
4546.000000 1.099608 -0.025288 1.099898 -0.022993
4547.000000 1.099597 -0.025427 1.099891 -0.023120
4548.000000 1.099586 -0.025567 1.099884 -0.023248
4549.000000 1.099576 -0.025707 1.099876 -0.023375
4550.000000 1.099565 -0.025847 1.099869 -0.023502
4551.000000 1.099554 -0.025987 1.099861 -0.023629
4552.000000 1.099543 -0.026126 1.099854 -0.023757
4553.000000 1.099532 -0.026266 1.099846 -0.023884
4554.000000 1.099522 -0.026406 1.099839 -0.024011
4555.000000 1.099510 -0.026546 1.099831 -0.024138
4556.000000 1.099499 -0.026685 1.099823 -0.024266
4557.000000 1.099488 -0.026825 1.099815 -0.024393
4558.000000 1.099477 -0.026965 1.099808 -0.024520
4559.000000 1.099466 -0.027104 1.099800 -0.024647
4560.000000 1.099454 -0.027244 1.099792 -0.024774
4561.000000 1.099443 -0.027384 1.099784 -0.024902
4562.000000 1.099432 -0.027523 1.099776 -0.025029
4563.000000 1.099420 -0.027663 1.099768 -0.025156
4564.000000 1.099409 -0.027802 1.099760 -0.025283
4565.000000 1.099397 -0.027942 1.099752 -0.025410
4566.000000 1.099385 -0.028082 1.099744 -0.025537
4567.000000 1.099373 -0.028221 1.099736 -0.025665
4568.000000 1.099362 -0.028361 1.099727 -0.025792
4569.000000 1.099350 -0.028500 1.099719 -0.025919
4570.000000 1.099338 -0.028640 1.099711 -0.026046
4571.000000 1.099326 -0.028779 1.099703 -0.026173
4572.000000 1.099314 -0.028919 1.099694 -0.026300
4573.000000 1.099302 -0.029058 1.099686 -0.026427
4574.000000 1.099290 -0.029198 1.099677 -0.026554
4575.000000 1.099277 -0.029337 1.099669 -0.026681
4576.000000 1.099265 -0.029477 1.099660 -0.026808
4577.000000 1.099253 -0.029616 1.099652 -0.026935
4578.000000 1.099240 -0.029755 1.099643 -0.027062
4579.000000 1.099228 -0.029895 1.099634 -0.027189
4580.000000 1.099215 -0.030034 1.099626 -0.027317
4581.000000 1.099203 -0.030174 1.099617 -0.027444
4582.000000 1.099190 -0.030313 1.099608 -0.027571
4583.000000 1.099177 -0.030452 1.099599 -0.027698
4584.000000 1.099165 -0.030592 1.099590 -0.027824
4585.000000 1.099152 -0.030731 1.099581 -0.027951
4586.000000 1.099139 -0.030870 1.099572 -0.028078
4587.000000 1.099126 -0.031009 1.099563 -0.028205
4588.000000 1.099113 -0.031149 1.099554 -0.028332
4589.000000 1.099100 -0.031288 1.099545 -0.028459
4590.000000 1.099087 -0.031427 1.099536 -0.028586
4591.000000 1.099074 -0.031566 1.099527 -0.028713
4592.000000 1.099060 -0.031706 1.099518 -0.028840
4593.000000 1.099047 -0.031845 1.099508 -0.028967
4594.000000 1.099034 -0.031984 1.099499 -0.029094
4595.000000 1.099020 -0.032123 1.099490 -0.029221
4596.000000 1.099007 -0.032262 1.099480 -0.029347
4597.000000 1.098993 -0.032401 1.099471 -0.029474
4598.000000 1.098980 -0.032541 1.099461 -0.029601
4599.000000 1.098966 -0.032680 1.099452 -0.029728
4600.000000 1.098952 -0.032819 1.099442 -0.029855
4601.000000 1.098938 -0.032958 1.099433 -0.029982
4602.000000 1.098925 -0.033097 1.099423 -0.030108
4603.000000 1.098911 -0.033236 1.099413 -0.030235
4604.000000 1.098897 -0.033375 1.099403 -0.030362
4605.000000 1.098883 -0.033514 1.099394 -0.030489
4606.000000 1.098869 -0.033653 1.099384 -0.030616
4607.000000 1.098854 -0.033792 1.099374 -0.030742
4608.000000 1.098840 -0.033931 1.099364 -0.030869
4609.000000 1.098826 -0.034070 1.099354 -0.030996
4610.000000 1.098812 -0.034209 1.099344 -0.031122
4611.000000 1.098797 -0.034348 1.099334 -0.031249
4612.000000 1.098783 -0.034487 1.099324 -0.031376
4613.000000 1.098768 -0.034625 1.099314 -0.031503
4614.000000 1.098754 -0.034764 1.099304 -0.031629
4615.000000 1.098739 -0.034903 1.099293 -0.031756
4616.000000 1.098725 -0.035042 1.099283 -0.031883
4617.000000 1.098710 -0.035181 1.099273 -0.032009
4618.000000 1.098695 -0.035320 1.099263 -0.032136
4619.000000 1.098680 -0.035458 1.099252 -0.032262
4620.000000 1.098665 -0.035597 1.099242 -0.032389
4621.000000 1.098650 -0.035736 1.099231 -0.032516
4622.000000 1.098635 -0.035875 1.099221 -0.032642
4623.000000 1.098620 -0.036013 1.099210 -0.032769
4624.000000 1.098605 -0.036152 1.099200 -0.032895
4625.000000 1.098590 -0.036291 1.099189 -0.033022
4626.000000 1.098574 -0.036429 1.099178 -0.033148
4627.000000 1.098559 -0.036568 1.099168 -0.033275
4628.000000 1.098544 -0.036707 1.099157 -0.033401
4629.000000 1.098528 -0.036845 1.099146 -0.033528
4630.000000 1.098513 -0.036984 1.099135 -0.033654
4631.000000 1.098497 -0.037122 1.099124 -0.033781
4632.000000 1.098482 -0.037261 1.099113 -0.033907
4633.000000 1.098466 -0.037399 1.099102 -0.034034
4634.000000 1.098450 -0.037538 1.099091 -0.034160
4635.000000 1.098434 -0.037676 1.099080 -0.034287
4636.000000 1.098418 -0.037815 1.099069 -0.034413
4637.000000 1.098403 -0.037953 1.099058 -0.034540
4638.000000 1.098387 -0.038092 1.099047 -0.034666
4639.000000 1.098370 -0.038230 1.099036 -0.034792
4640.000000 1.098354 -0.038369 1.099024 -0.034919
4641.000000 1.098338 -0.038507 1.099013 -0.035045
4642.000000 1.098322 -0.038645 1.099002 -0.035171
4643.000000 1.098306 -0.038784 1.098990 -0.035298
4644.000000 1.098289 -0.038922 1.098979 -0.035424
4645.000000 1.098273 -0.039060 1.098967 -0.035550
4646.000000 1.098257 -0.039199 1.098956 -0.035677
4647.000000 1.098240 -0.039337 1.098944 -0.035803
4648.000000 1.098223 -0.039475 1.098933 -0.035929
4649.000000 1.098207 -0.039614 1.098921 -0.036055
4650.000000 1.098190 -0.039752 1.098909 -0.036182
4651.000000 1.098173 -0.039890 1.098898 -0.036308
4652.000000 1.098156 -0.040028 1.098886 -0.036434
4653.000000 1.098140 -0.040166 1.098874 -0.036560
4654.000000 1.098123 -0.040304 1.098862 -0.036687
4655.000000 1.098106 -0.040443 1.098850 -0.036813
4656.000000 1.098089 -0.040581 1.098838 -0.036939
4657.000000 1.098072 -0.040719 1.098826 -0.037065
4658.000000 1.098054 -0.040857 1.098814 -0.037191
4659.000000 1.098037 -0.040995 1.098802 -0.037317
4660.000000 1.098020 -0.041133 1.098790 -0.037443
4661.000000 1.098002 -0.041271 1.098778 -0.037570
4662.000000 1.097985 -0.041409 1.098766 -0.037696
4663.000000 1.097968 -0.041547 1.098753 -0.037822
4664.000000 1.097950 -0.041685 1.098741 -0.037948
4665.000000 1.097932 -0.041823 1.098729 -0.038074
4666.000000 1.097915 -0.041961 1.098716 -0.038200
4667.000000 1.097897 -0.042099 1.098704 -0.038326
4668.000000 1.097879 -0.042236 1.098692 -0.038452
4669.000000 1.097862 -0.042374 1.098679 -0.038578
4670.000000 1.097844 -0.042512 1.098666 -0.038704
4671.000000 1.097826 -0.042650 1.098654 -0.038830
4672.000000 1.097808 -0.042788 1.098641 -0.038956
4673.000000 1.097790 -0.042925 1.098629 -0.039082
4674.000000 1.097772 -0.043063 1.098616 -0.039208
4675.000000 1.097753 -0.043201 1.098603 -0.039334
4676.000000 1.097735 -0.043339 1.098590 -0.039460
4677.000000 1.097717 -0.043476 1.098578 -0.039585
4678.000000 1.097699 -0.043614 1.098565 -0.039711
4679.000000 1.097680 -0.043752 1.098552 -0.039837
4680.000000 1.097662 -0.043889 1.098539 -0.039963
4681.000000 1.097643 -0.044027 1.098526 -0.040089
4682.000000 1.097625 -0.044164 1.098513 -0.040215
4683.000000 1.097606 -0.044302 1.098500 -0.040340
4684.000000 1.097587 -0.044440 1.098486 -0.040466
4685.000000 1.097568 -0.044577 1.098473 -0.040592
4686.000000 1.097550 -0.044715 1.098460 -0.040718
4687.000000 1.097531 -0.044852 1.098447 -0.040844
4688.000000 1.097512 -0.044989 1.098434 -0.040969
4689.000000 1.097493 -0.045127 1.098420 -0.041095
4690.000000 1.097474 -0.045264 1.098407 -0.041221
4691.000000 1.097455 -0.045402 1.098393 -0.041346
4692.000000 1.097435 -0.045539 1.098380 -0.041472
4693.000000 1.097416 -0.045676 1.098366 -0.041598
4694.000000 1.097397 -0.045814 1.098353 -0.041723
4695.000000 1.097378 -0.045951 1.098339 -0.041849
4696.000000 1.097358 -0.046088 1.098326 -0.041975
4697.000000 1.097339 -0.046226 1.098312 -0.042100
4698.000000 1.097319 -0.046363 1.098298 -0.042226
4699.000000 1.097300 -0.046500 1.098284 -0.042351
4700.000000 1.097280 -0.046637 1.098271 -0.042477
4701.000000 1.097260 -0.046774 1.098257 -0.042603
4702.000000 1.097240 -0.046911 1.098243 -0.042728
4703.000000 1.097221 -0.047049 1.098229 -0.042854
4704.000000 1.097201 -0.047186 1.098215 -0.042979
4705.000000 1.097181 -0.047323 1.098201 -0.043105
4706.000000 1.097161 -0.047460 1.098187 -0.043230
4707.000000 1.097141 -0.047597 1.098173 -0.043355
4708.000000 1.097121 -0.047734 1.098159 -0.043481
4709.000000 1.097101 -0.047871 1.098144 -0.043606
4710.000000 1.097080 -0.048008 1.098130 -0.043732
4711.000000 1.097060 -0.048145 1.098116 -0.043857
4712.000000 1.097040 -0.048282 1.098102 -0.043983
4713.000000 1.097019 -0.048419 1.098087 -0.044108
4714.000000 1.096999 -0.048555 1.098073 -0.044233
4715.000000 1.096978 -0.048692 1.098058 -0.044359
4716.000000 1.096958 -0.048829 1.098044 -0.044484
4717.000000 1.096937 -0.048966 1.098029 -0.044609
4718.000000 1.096916 -0.049103 1.098015 -0.044734
4719.000000 1.096896 -0.049239 1.098000 -0.044860
4720.000000 1.096875 -0.049376 1.097986 -0.044985
4721.000000 1.096854 -0.049513 1.097971 -0.045110
4722.000000 1.096833 -0.049650 1.097956 -0.045235
4723.000000 1.096812 -0.049786 1.097941 -0.045361
4724.000000 1.096791 -0.049923 1.097927 -0.045486
4725.000000 1.096770 -0.050059 1.097912 -0.045611
4726.000000 1.096749 -0.050196 1.097897 -0.045736
4727.000000 1.096727 -0.050333 1.097882 -0.045861
4728.000000 1.096706 -0.050469 1.097867 -0.045986
4729.000000 1.096685 -0.050606 1.097852 -0.046111
4730.000000 1.096663 -0.050742 1.097837 -0.046237
4731.000000 1.096642 -0.050879 1.097822 -0.046362
4732.000000 1.096621 -0.051015 1.097806 -0.046487
4733.000000 1.096599 -0.051151 1.097791 -0.046612
4734.000000 1.096577 -0.051288 1.097776 -0.046737
4735.000000 1.096556 -0.051424 1.097761 -0.046862
4736.000000 1.096534 -0.051561 1.097745 -0.046987
4737.000000 1.096512 -0.051697 1.097730 -0.047112
4738.000000 1.096490 -0.051833 1.097715 -0.047237
4739.000000 1.096468 -0.051969 1.097699 -0.047362
4740.000000 1.096446 -0.052106 1.097684 -0.047487
4741.000000 1.096424 -0.052242 1.097668 -0.047611
4742.000000 1.096402 -0.052378 1.097653 -0.047736
4743.000000 1.096380 -0.052514 1.097637 -0.047861
4744.000000 1.096358 -0.052650 1.097621 -0.047986
4745.000000 1.096336 -0.052786 1.097606 -0.048111
4746.000000 1.096313 -0.052923 1.097590 -0.048236
4747.000000 1.096291 -0.053059 1.097574 -0.048361
4748.000000 1.096268 -0.053195 1.097558 -0.048485
4749.000000 1.096246 -0.053331 1.097542 -0.048610
4750.000000 1.096223 -0.053467 1.097527 -0.048735
4751.000000 1.096201 -0.053603 1.097511 -0.048860
4752.000000 1.096178 -0.053739 1.097495 -0.048984
4753.000000 1.096155 -0.053874 1.097479 -0.049109
4754.000000 1.096133 -0.054010 1.097462 -0.049234
4755.000000 1.096110 -0.054146 1.097446 -0.049358
4756.000000 1.096087 -0.054282 1.097430 -0.049483
4757.000000 1.096064 -0.054418 1.097414 -0.049608
4758.000000 1.096041 -0.054554 1.097398 -0.049732
4759.000000 1.096018 -0.054689 1.097381 -0.049857
4760.000000 1.095995 -0.054825 1.097365 -0.049982
4761.000000 1.095972 -0.054961 1.097349 -0.050106
4762.000000 1.095948 -0.055097 1.097332 -0.050231
4763.000000 1.095925 -0.055232 1.097316 -0.050355
4764.000000 1.095902 -0.055368 1.097299 -0.050480
4765.000000 1.095878 -0.055503 1.097283 -0.050604
4766.000000 1.095855 -0.055639 1.097266 -0.050729
4767.000000 1.095831 -0.055774 1.097250 -0.050853
4768.000000 1.095808 -0.055910 1.097233 -0.050978
4769.000000 1.095784 -0.056045 1.097216 -0.051102
4770.000000 1.095760 -0.056181 1.097200 -0.051226
4771.000000 1.095736 -0.056316 1.097183 -0.051351
4772.000000 1.095713 -0.056452 1.097166 -0.051475
4773.000000 1.095689 -0.056587 1.097149 -0.051599
4774.000000 1.095665 -0.056723 1.097132 -0.051724
4775.000000 1.095641 -0.056858 1.097115 -0.051848
4776.000000 1.095617 -0.056993 1.097098 -0.051972
4777.000000 1.095593 -0.057128 1.097081 -0.052097
4778.000000 1.095568 -0.057264 1.097064 -0.052221
4779.000000 1.095544 -0.057399 1.097047 -0.052345
4780.000000 1.095520 -0.057534 1.097030 -0.052469
4781.000000 1.095496 -0.057669 1.097013 -0.052594
4782.000000 1.095471 -0.057804 1.096995 -0.052718
4783.000000 1.095447 -0.057939 1.096978 -0.052842
4784.000000 1.095422 -0.058074 1.096961 -0.052966
4785.000000 1.095398 -0.058210 1.096943 -0.053090
4786.000000 1.095373 -0.058345 1.096926 -0.053214
4787.000000 1.095348 -0.058480 1.096908 -0.053338
4788.000000 1.095324 -0.058615 1.096891 -0.053462
4789.000000 1.095299 -0.058749 1.096873 -0.053586
4790.000000 1.095274 -0.058884 1.096856 -0.053711
4791.000000 1.095249 -0.059019 1.096838 -0.053835
4792.000000 1.095224 -0.059154 1.096820 -0.053959
4793.000000 1.095199 -0.059289 1.096803 -0.054082
4794.000000 1.095174 -0.059424 1.096785 -0.054206
4795.000000 1.095149 -0.059558 1.096767 -0.054330
4796.000000 1.095124 -0.059693 1.096749 -0.054454
4797.000000 1.095098 -0.059828 1.096731 -0.054578
4798.000000 1.095073 -0.059963 1.096714 -0.054702
4799.000000 1.095048 -0.060097 1.096696 -0.054826
4800.000000 1.095022 -0.060232 1.096678 -0.054950
4801.000000 1.094997 -0.060366 1.096660 -0.055074
4802.000000 1.094971 -0.060501 1.096641 -0.055197
4803.000000 1.094946 -0.060636 1.096623 -0.055321
4804.000000 1.094920 -0.060770 1.096605 -0.055445
4805.000000 1.094894 -0.060904 1.096587 -0.055569
4806.000000 1.094869 -0.061039 1.096569 -0.055692
4807.000000 1.094843 -0.061173 1.096550 -0.055816
4808.000000 1.094817 -0.061308 1.096532 -0.055940
4809.000000 1.094791 -0.061442 1.096514 -0.056063
4810.000000 1.094765 -0.061576 1.096495 -0.056187
4811.000000 1.094739 -0.061711 1.096477 -0.056311
4812.000000 1.094713 -0.061845 1.096458 -0.056434
4813.000000 1.094687 -0.061979 1.096440 -0.056558
4814.000000 1.094660 -0.062113 1.096421 -0.056681
4815.000000 1.094634 -0.062248 1.096403 -0.056805
4816.000000 1.094608 -0.062382 1.096384 -0.056928
4817.000000 1.094581 -0.062516 1.096365 -0.057052
4818.000000 1.094555 -0.062650 1.096346 -0.057175
4819.000000 1.094528 -0.062784 1.096328 -0.057299
4820.000000 1.094502 -0.062918 1.096309 -0.057422
4821.000000 1.094475 -0.063052 1.096290 -0.057546
4822.000000 1.094449 -0.063186 1.096271 -0.057669
4823.000000 1.094422 -0.063320 1.096252 -0.057793
4824.000000 1.094395 -0.063454 1.096233 -0.057916
4825.000000 1.094368 -0.063588 1.096214 -0.058039
4826.000000 1.094341 -0.063722 1.096195 -0.058163
4827.000000 1.094314 -0.063855 1.096176 -0.058286
4828.000000 1.094287 -0.063989 1.096157 -0.058409
4829.000000 1.094260 -0.064123 1.096137 -0.058532
4830.000000 1.094233 -0.064257 1.096118 -0.058656
4831.000000 1.094206 -0.064390 1.096099 -0.058779
4832.000000 1.094179 -0.064524 1.096080 -0.058902
4833.000000 1.094151 -0.064658 1.096060 -0.059025
4834.000000 1.094124 -0.064791 1.096041 -0.059148
4835.000000 1.094097 -0.064925 1.096021 -0.059271
4836.000000 1.094069 -0.065058 1.096002 -0.059395
4837.000000 1.094042 -0.065192 1.095982 -0.059518
4838.000000 1.094014 -0.065325 1.095963 -0.059641
4839.000000 1.093986 -0.065459 1.095943 -0.059764
4840.000000 1.093959 -0.065592 1.095923 -0.059887
4841.000000 1.093931 -0.065725 1.095904 -0.060010
4842.000000 1.093903 -0.065859 1.095884 -0.060133
4843.000000 1.093875 -0.065992 1.095864 -0.060256
4844.000000 1.093847 -0.066125 1.095844 -0.060379
4845.000000 1.093819 -0.066259 1.095824 -0.060501
4846.000000 1.093791 -0.066392 1.095805 -0.060624
4847.000000 1.093763 -0.066525 1.095785 -0.060747
4848.000000 1.093735 -0.066658 1.095765 -0.060870
4849.000000 1.093707 -0.066791 1.095745 -0.060993
4850.000000 1.093679 -0.066924 1.095724 -0.061116
4851.000000 1.093650 -0.067057 1.095704 -0.061238
4852.000000 1.093622 -0.067190 1.095684 -0.061361
4853.000000 1.093594 -0.067323 1.095664 -0.061484
4854.000000 1.093565 -0.067456 1.095644 -0.061607
4855.000000 1.093537 -0.067589 1.095623 -0.061729
4856.000000 1.093508 -0.067722 1.095603 -0.061852
4857.000000 1.093479 -0.067855 1.095583 -0.061975
4858.000000 1.093451 -0.067988 1.095562 -0.062097
4859.000000 1.093422 -0.068121 1.095542 -0.062220
4860.000000 1.093393 -0.068253 1.095521 -0.062343
4861.000000 1.093364 -0.068386 1.095501 -0.062465
4862.000000 1.093335 -0.068519 1.095480 -0.062588
4863.000000 1.093306 -0.068651 1.095460 -0.062710
4864.000000 1.093277 -0.068784 1.095439 -0.062833
4865.000000 1.093248 -0.068917 1.095418 -0.062955
4866.000000 1.093219 -0.069049 1.095398 -0.063078
4867.000000 1.093190 -0.069182 1.095377 -0.063200
4868.000000 1.093161 -0.069314 1.095356 -0.063322
4869.000000 1.093131 -0.069447 1.095335 -0.063445
4870.000000 1.093102 -0.069579 1.095314 -0.063567
4871.000000 1.093073 -0.069711 1.095293 -0.063689
4872.000000 1.093043 -0.069844 1.095272 -0.063812
4873.000000 1.093014 -0.069976 1.095251 -0.063934
4874.000000 1.092984 -0.070108 1.095230 -0.064056
4875.000000 1.092954 -0.070241 1.095209 -0.064179
4876.000000 1.092925 -0.070373 1.095188 -0.064301
4877.000000 1.092895 -0.070505 1.095167 -0.064423
4878.000000 1.092865 -0.070637 1.095145 -0.064545
4879.000000 1.092835 -0.070769 1.095124 -0.064667
4880.000000 1.092805 -0.070901 1.095103 -0.064789
4881.000000 1.092775 -0.071034 1.095081 -0.064912
4882.000000 1.092745 -0.071166 1.095060 -0.065034
4883.000000 1.092715 -0.071298 1.095039 -0.065156
4884.000000 1.092685 -0.071429 1.095017 -0.065278
4885.000000 1.092655 -0.071561 1.094996 -0.065400
4886.000000 1.092624 -0.071693 1.094974 -0.065522
4887.000000 1.092594 -0.071825 1.094952 -0.065644
4888.000000 1.092564 -0.071957 1.094931 -0.065766
4889.000000 1.092533 -0.072089 1.094909 -0.065888
4890.000000 1.092503 -0.072220 1.094887 -0.066009
4891.000000 1.092472 -0.072352 1.094866 -0.066131
4892.000000 1.092442 -0.072484 1.094844 -0.066253
4893.000000 1.092411 -0.072615 1.094822 -0.066375
4894.000000 1.092380 -0.072747 1.094800 -0.066497
4895.000000 1.092350 -0.072879 1.094778 -0.066619
4896.000000 1.092319 -0.073010 1.094756 -0.066740
4897.000000 1.092288 -0.073142 1.094734 -0.066862
4898.000000 1.092257 -0.073273 1.094712 -0.066984
4899.000000 1.092226 -0.073404 1.094690 -0.067105
4900.000000 1.092195 -0.073536 1.094668 -0.067227
4901.000000 1.092164 -0.073667 1.094646 -0.067349
4902.000000 1.092133 -0.073799 1.094623 -0.067470
4903.000000 1.092102 -0.073930 1.094601 -0.067592
4904.000000 1.092070 -0.074061 1.094579 -0.067713
4905.000000 1.092039 -0.074192 1.094556 -0.067835
4906.000000 1.092008 -0.074323 1.094534 -0.067956
4907.000000 1.091976 -0.074455 1.094512 -0.068078
4908.000000 1.091945 -0.074586 1.094489 -0.068199
4909.000000 1.091913 -0.074717 1.094467 -0.068321
4910.000000 1.091882 -0.074848 1.094444 -0.068442
4911.000000 1.091850 -0.074979 1.094421 -0.068564
4912.000000 1.091818 -0.075110 1.094399 -0.068685
4913.000000 1.091787 -0.075241 1.094376 -0.068806
4914.000000 1.091755 -0.075372 1.094353 -0.068928
4915.000000 1.091723 -0.075502 1.094331 -0.069049
4916.000000 1.091691 -0.075633 1.094308 -0.069170
4917.000000 1.091659 -0.075764 1.094285 -0.069291
4918.000000 1.091627 -0.075895 1.094262 -0.069413
4919.000000 1.091595 -0.076025 1.094239 -0.069534
4920.000000 1.091563 -0.076156 1.094216 -0.069655
4921.000000 1.091531 -0.076287 1.094193 -0.069776
4922.000000 1.091498 -0.076417 1.094170 -0.069897
4923.000000 1.091466 -0.076548 1.094147 -0.070018
4924.000000 1.091434 -0.076678 1.094124 -0.070139
4925.000000 1.091401 -0.076809 1.094101 -0.070260
4926.000000 1.091369 -0.076939 1.094078 -0.070381
4927.000000 1.091336 -0.077070 1.094054 -0.070502
4928.000000 1.091304 -0.077200 1.094031 -0.070623
4929.000000 1.091271 -0.077330 1.094008 -0.070744
4930.000000 1.091239 -0.077461 1.093984 -0.070865
4931.000000 1.091206 -0.077591 1.093961 -0.070986
4932.000000 1.091173 -0.077721 1.093937 -0.071107
4933.000000 1.091140 -0.077851 1.093914 -0.071228
4934.000000 1.091107 -0.077981 1.093890 -0.071349
4935.000000 1.091074 -0.078111 1.093867 -0.071469
4936.000000 1.091041 -0.078242 1.093843 -0.071590
4937.000000 1.091008 -0.078372 1.093820 -0.071711
4938.000000 1.090975 -0.078502 1.093796 -0.071832
4939.000000 1.090942 -0.078631 1.093772 -0.071952
4940.000000 1.090909 -0.078761 1.093748 -0.072073
4941.000000 1.090876 -0.078891 1.093725 -0.072194
4942.000000 1.090842 -0.079021 1.093701 -0.072314
4943.000000 1.090809 -0.079151 1.093677 -0.072435
4944.000000 1.090775 -0.079281 1.093653 -0.072555
4945.000000 1.090742 -0.079410 1.093629 -0.072676
4946.000000 1.090708 -0.079540 1.093605 -0.072796
4947.000000 1.090675 -0.079670 1.093581 -0.072917
4948.000000 1.090641 -0.079799 1.093557 -0.073037
4949.000000 1.090607 -0.079929 1.093532 -0.073158
4950.000000 1.090574 -0.080058 1.093508 -0.073278
4951.000000 1.090540 -0.080188 1.093484 -0.073398
4952.000000 1.090506 -0.080317 1.093460 -0.073519
4953.000000 1.090472 -0.080447 1.093435 -0.073639
4954.000000 1.090438 -0.080576 1.093411 -0.073759
4955.000000 1.090404 -0.080705 1.093387 -0.073880
4956.000000 1.090370 -0.080835 1.093362 -0.074000
4957.000000 1.090336 -0.080964 1.093338 -0.074120
4958.000000 1.090302 -0.081093 1.093313 -0.074240
4959.000000 1.090267 -0.081222 1.093289 -0.074360
4960.000000 1.090233 -0.081352 1.093264 -0.074480
4961.000000 1.090199 -0.081481 1.093239 -0.074601
4962.000000 1.090164 -0.081610 1.093215 -0.074721
4963.000000 1.090130 -0.081739 1.093190 -0.074841
4964.000000 1.090095 -0.081868 1.093165 -0.074961
4965.000000 1.090061 -0.081997 1.093141 -0.075081
4966.000000 1.090026 -0.082125 1.093116 -0.075201
4967.000000 1.089992 -0.082254 1.093091 -0.075321
4968.000000 1.089957 -0.082383 1.093066 -0.075440
4969.000000 1.089922 -0.082512 1.093041 -0.075560
4970.000000 1.089887 -0.082641 1.093016 -0.075680
4971.000000 1.089852 -0.082769 1.092991 -0.075800
4972.000000 1.089817 -0.082898 1.092966 -0.075920
4973.000000 1.089782 -0.083027 1.092941 -0.076040
4974.000000 1.089747 -0.083155 1.092915 -0.076159
4975.000000 1.089712 -0.083284 1.092890 -0.076279
4976.000000 1.089677 -0.083412 1.092865 -0.076399
4977.000000 1.089642 -0.083541 1.092840 -0.076518
4978.000000 1.089607 -0.083669 1.092814 -0.076638
4979.000000 1.089571 -0.083798 1.092789 -0.076758
4980.000000 1.089536 -0.083926 1.092764 -0.076877
4981.000000 1.089501 -0.084054 1.092738 -0.076997
4982.000000 1.089465 -0.084182 1.092713 -0.077116
4983.000000 1.089430 -0.084311 1.092687 -0.077236
4984.000000 1.089394 -0.084439 1.092662 -0.077355
4985.000000 1.089358 -0.084567 1.092636 -0.077475
4986.000000 1.089323 -0.084695 1.092610 -0.077594
4987.000000 1.089287 -0.084823 1.092585 -0.077713
4988.000000 1.089251 -0.084951 1.092559 -0.077833
4989.000000 1.089215 -0.085079 1.092533 -0.077952
4990.000000 1.089179 -0.085207 1.092507 -0.078071
4991.000000 1.089144 -0.085335 1.092481 -0.078191
4992.000000 1.089108 -0.085463 1.092456 -0.078310
4993.000000 1.089071 -0.085590 1.092430 -0.078429
4994.000000 1.089035 -0.085718 1.092404 -0.078548
4995.000000 1.088999 -0.085846 1.092378 -0.078667
4996.000000 1.088963 -0.085974 1.092352 -0.078787
4997.000000 1.088927 -0.086101 1.092325 -0.078906
4998.000000 1.088890 -0.086229 1.092299 -0.079025
4999.000000 1.088854 -0.086356 1.092273 -0.079144
5000.000000 1.088818 -0.086484 1.092247 -0.079263
5001.000000 1.088781 -0.086611 1.092221 -0.079382
5002.000000 1.088745 -0.086739 1.092194 -0.079501
5003.000000 1.088708 -0.086866 1.092168 -0.079620
5004.000000 1.088671 -0.086993 1.092142 -0.079739
5005.000000 1.088635 -0.087121 1.092115 -0.079857
5006.000000 1.088598 -0.087248 1.092089 -0.079976
5007.000000 1.088561 -0.087375 1.092062 -0.080095
5008.000000 1.088524 -0.087502 1.092036 -0.080214
5009.000000 1.088487 -0.087630 1.092009 -0.080333
5010.000000 1.088450 -0.087757 1.091982 -0.080451
5011.000000 1.088413 -0.087884 1.091956 -0.080570
5012.000000 1.088376 -0.088011 1.091929 -0.080689
5013.000000 1.088339 -0.088138 1.091902 -0.080807
5014.000000 1.088302 -0.088265 1.091876 -0.080926
5015.000000 1.088265 -0.088391 1.091849 -0.081044
5016.000000 1.088228 -0.088518 1.091822 -0.081163
5017.000000 1.088190 -0.088645 1.091795 -0.081281
5018.000000 1.088153 -0.088772 1.091768 -0.081400
5019.000000 1.088116 -0.088898 1.091741 -0.081518
5020.000000 1.088078 -0.089025 1.091714 -0.081637
5021.000000 1.088041 -0.089152 1.091687 -0.081755
5022.000000 1.088003 -0.089278 1.091660 -0.081874
5023.000000 1.087965 -0.089405 1.091633 -0.081992
5024.000000 1.087928 -0.089531 1.091605 -0.082110
5025.000000 1.087890 -0.089658 1.091578 -0.082229
5026.000000 1.087852 -0.089784 1.091551 -0.082347
5027.000000 1.087814 -0.089910 1.091524 -0.082465
5028.000000 1.087776 -0.090037 1.091496 -0.082583
5029.000000 1.087738 -0.090163 1.091469 -0.082701
5030.000000 1.087700 -0.090289 1.091441 -0.082819
5031.000000 1.087662 -0.090415 1.091414 -0.082938
5032.000000 1.087624 -0.090542 1.091386 -0.083056
5033.000000 1.087586 -0.090668 1.091359 -0.083174
5034.000000 1.087548 -0.090794 1.091331 -0.083292
5035.000000 1.087510 -0.090920 1.091304 -0.083410
5036.000000 1.087471 -0.091046 1.091276 -0.083528
5037.000000 1.087433 -0.091172 1.091248 -0.083645
5038.000000 1.087395 -0.091297 1.091221 -0.083763
5039.000000 1.087356 -0.091423 1.091193 -0.083881
5040.000000 1.087318 -0.091549 1.091165 -0.083999
5041.000000 1.087279 -0.091675 1.091137 -0.084117
5042.000000 1.087241 -0.091800 1.091109 -0.084235
5043.000000 1.087202 -0.091926 1.091081 -0.084352
5044.000000 1.087163 -0.092052 1.091053 -0.084470
5045.000000 1.087124 -0.092177 1.091025 -0.084588
5046.000000 1.087086 -0.092303 1.090997 -0.084705
5047.000000 1.087047 -0.092428 1.090969 -0.084823
5048.000000 1.087008 -0.092554 1.090941 -0.084940
5049.000000 1.086969 -0.092679 1.090913 -0.085058
5050.000000 1.086930 -0.092804 1.090884 -0.085176
5051.000000 1.086891 -0.092930 1.090856 -0.085293
5052.000000 1.086852 -0.093055 1.090828 -0.085410
5053.000000 1.086812 -0.093180 1.090799 -0.085528
5054.000000 1.086773 -0.093305 1.090771 -0.085645
5055.000000 1.086734 -0.093430 1.090743 -0.085763
5056.000000 1.086694 -0.093555 1.090714 -0.085880
5057.000000 1.086655 -0.093680 1.090686 -0.085997
5058.000000 1.086616 -0.093805 1.090657 -0.086115
5059.000000 1.086576 -0.093930 1.090629 -0.086232
5060.000000 1.086537 -0.094055 1.090600 -0.086349
5061.000000 1.086497 -0.094180 1.090571 -0.086466
5062.000000 1.086457 -0.094305 1.090543 -0.086583
5063.000000 1.086418 -0.094430 1.090514 -0.086700
5064.000000 1.086378 -0.094554 1.090485 -0.086817
5065.000000 1.086338 -0.094679 1.090456 -0.086934
5066.000000 1.086298 -0.094803 1.090427 -0.087052
5067.000000 1.086258 -0.094928 1.090398 -0.087168
5068.000000 1.086218 -0.095053 1.090369 -0.087285
5069.000000 1.086178 -0.095177 1.090340 -0.087402
5070.000000 1.086138 -0.095301 1.090311 -0.087519
5071.000000 1.086098 -0.095426 1.090282 -0.087636
5072.000000 1.086058 -0.095550 1.090253 -0.087753
5073.000000 1.086018 -0.095674 1.090224 -0.087870
5074.000000 1.085978 -0.095799 1.090195 -0.087986
5075.000000 1.085937 -0.095923 1.090166 -0.088103
5076.000000 1.085897 -0.096047 1.090136 -0.088220
5077.000000 1.085857 -0.096171 1.090107 -0.088336
5078.000000 1.085816 -0.096295 1.090078 -0.088453
5079.000000 1.085776 -0.096419 1.090048 -0.088570
5080.000000 1.085735 -0.096543 1.090019 -0.088686
5081.000000 1.085694 -0.096667 1.089989 -0.088803
5082.000000 1.085654 -0.096791 1.089960 -0.088919
5083.000000 1.085613 -0.096915 1.089930 -0.089036
5084.000000 1.085572 -0.097038 1.089901 -0.089152
5085.000000 1.085532 -0.097162 1.089871 -0.089269
5086.000000 1.085491 -0.097286 1.089841 -0.089385
5087.000000 1.085450 -0.097409 1.089812 -0.089501
5088.000000 1.085409 -0.097533 1.089782 -0.089618
5089.000000 1.085368 -0.097656 1.089752 -0.089734
5090.000000 1.085327 -0.097780 1.089722 -0.089850
5091.000000 1.085286 -0.097903 1.089693 -0.089966
5092.000000 1.085244 -0.098027 1.089663 -0.090082
5093.000000 1.085203 -0.098150 1.089633 -0.090199
5094.000000 1.085162 -0.098273 1.089603 -0.090315
5095.000000 1.085121 -0.098397 1.089573 -0.090431
5096.000000 1.085079 -0.098520 1.089543 -0.090547
5097.000000 1.085038 -0.098643 1.089513 -0.090663
5098.000000 1.084996 -0.098766 1.089482 -0.090779
5099.000000 1.084955 -0.098889 1.089452 -0.090895
5100.000000 1.084913 -0.099012 1.089422 -0.091011
5101.000000 1.084872 -0.099135 1.089392 -0.091126
5102.000000 1.084830 -0.099258 1.089361 -0.091242
5103.000000 1.084788 -0.099381 1.089331 -0.091358
5104.000000 1.084747 -0.099504 1.089301 -0.091474
5105.000000 1.084705 -0.099626 1.089270 -0.091590
5106.000000 1.084663 -0.099749 1.089240 -0.091705
5107.000000 1.084621 -0.099872 1.089209 -0.091821
5108.000000 1.084579 -0.099994 1.089179 -0.091937
5109.000000 1.084537 -0.100117 1.089148 -0.092052
5110.000000 1.084495 -0.100239 1.089118 -0.092168
5111.000000 1.084453 -0.100362 1.089087 -0.092283
5112.000000 1.084411 -0.100484 1.089056 -0.092399
5113.000000 1.084368 -0.100607 1.089025 -0.092514
5114.000000 1.084326 -0.100729 1.088995 -0.092630
5115.000000 1.084284 -0.100851 1.088964 -0.092745
5116.000000 1.084241 -0.100974 1.088933 -0.092860
5117.000000 1.084199 -0.101096 1.088902 -0.092976
5118.000000 1.084157 -0.101218 1.088871 -0.093091
5119.000000 1.084114 -0.101340 1.088840 -0.093206
5120.000000 1.084071 -0.101462 1.088809 -0.093322
5121.000000 1.084029 -0.101584 1.088778 -0.093437
5122.000000 1.083986 -0.101706 1.088747 -0.093552
5123.000000 1.083944 -0.101828 1.088716 -0.093667
5124.000000 1.083901 -0.101950 1.088685 -0.093782
5125.000000 1.083858 -0.102071 1.088654 -0.093897
5126.000000 1.083815 -0.102193 1.088622 -0.094012
5127.000000 1.083772 -0.102315 1.088591 -0.094127
5128.000000 1.083729 -0.102436 1.088560 -0.094242
5129.000000 1.083686 -0.102558 1.088528 -0.094357
5130.000000 1.083643 -0.102679 1.088497 -0.094472
5131.000000 1.083600 -0.102801 1.088465 -0.094587
5132.000000 1.083557 -0.102922 1.088434 -0.094702
5133.000000 1.083514 -0.103044 1.088402 -0.094816
5134.000000 1.083470 -0.103165 1.088371 -0.094931
5135.000000 1.083427 -0.103286 1.088339 -0.095046
5136.000000 1.083384 -0.103408 1.088308 -0.095160
5137.000000 1.083340 -0.103529 1.088276 -0.095275
5138.000000 1.083297 -0.103650 1.088244 -0.095390
5139.000000 1.083253 -0.103771 1.088212 -0.095504
5140.000000 1.083210 -0.103892 1.088181 -0.095619
5141.000000 1.083166 -0.104013 1.088149 -0.095733
5142.000000 1.083123 -0.104134 1.088117 -0.095848
5143.000000 1.083079 -0.104255 1.088085 -0.095962
5144.000000 1.083035 -0.104376 1.088053 -0.096076
5145.000000 1.082991 -0.104496 1.088021 -0.096191
5146.000000 1.082948 -0.104617 1.087989 -0.096305
5147.000000 1.082904 -0.104738 1.087957 -0.096419
5148.000000 1.082860 -0.104858 1.087925 -0.096534
5149.000000 1.082816 -0.104979 1.087893 -0.096648
5150.000000 1.082772 -0.105099 1.087861 -0.096762
5151.000000 1.082728 -0.105220 1.087828 -0.096876
5152.000000 1.082684 -0.105340 1.087796 -0.096990
5153.000000 1.082639 -0.105461 1.087764 -0.097104
5154.000000 1.082595 -0.105581 1.087731 -0.097218
5155.000000 1.082551 -0.105701 1.087699 -0.097332
5156.000000 1.082507 -0.105821 1.087667 -0.097446
5157.000000 1.082462 -0.105942 1.087634 -0.097560
5158.000000 1.082418 -0.106062 1.087602 -0.097674
5159.000000 1.082373 -0.106182 1.087569 -0.097788
5160.000000 1.082329 -0.106302 1.087536 -0.097902
5161.000000 1.082284 -0.106422 1.087504 -0.098016
5162.000000 1.082240 -0.106542 1.087471 -0.098129
5163.000000 1.082195 -0.106662 1.087439 -0.098243
5164.000000 1.082150 -0.106781 1.087406 -0.098357
5165.000000 1.082105 -0.106901 1.087373 -0.098470
5166.000000 1.082061 -0.107021 1.087340 -0.098584
5167.000000 1.082016 -0.107140 1.087307 -0.098698
5168.000000 1.081971 -0.107260 1.087274 -0.098811
5169.000000 1.081926 -0.107380 1.087242 -0.098925
5170.000000 1.081881 -0.107499 1.087209 -0.099038
5171.000000 1.081836 -0.107618 1.087176 -0.099151
5172.000000 1.081791 -0.107738 1.087142 -0.099265
5173.000000 1.081746 -0.107857 1.087109 -0.099378
5174.000000 1.081700 -0.107976 1.087076 -0.099491
5175.000000 1.081655 -0.108096 1.087043 -0.099605
5176.000000 1.081610 -0.108215 1.087010 -0.099718
5177.000000 1.081565 -0.108334 1.086977 -0.099831
5178.000000 1.081519 -0.108453 1.086943 -0.099944
5179.000000 1.081474 -0.108572 1.086910 -0.100057
5180.000000 1.081428 -0.108691 1.086877 -0.100170
5181.000000 1.081383 -0.108810 1.086843 -0.100283
5182.000000 1.081337 -0.108929 1.086810 -0.100396
5183.000000 1.081292 -0.109047 1.086776 -0.100509
5184.000000 1.081246 -0.109166 1.086743 -0.100622
5185.000000 1.081200 -0.109285 1.086709 -0.100735
5186.000000 1.081154 -0.109404 1.086676 -0.100848
5187.000000 1.081109 -0.109522 1.086642 -0.100961
5188.000000 1.081063 -0.109641 1.086608 -0.101074
5189.000000 1.081017 -0.109759 1.086575 -0.101186
5190.000000 1.080971 -0.109878 1.086541 -0.101299
5191.000000 1.080925 -0.109996 1.086507 -0.101412
5192.000000 1.080879 -0.110114 1.086473 -0.101524
5193.000000 1.080833 -0.110233 1.086439 -0.101637
5194.000000 1.080787 -0.110351 1.086406 -0.101750
5195.000000 1.080740 -0.110469 1.086372 -0.101862
5196.000000 1.080694 -0.110587 1.086338 -0.101975
5197.000000 1.080648 -0.110705 1.086304 -0.102087
5198.000000 1.080602 -0.110823 1.086270 -0.102199
5199.000000 1.080555 -0.110941 1.086235 -0.102312
5200.000000 1.080509 -0.111059 1.086201 -0.102424
5201.000000 1.080462 -0.111177 1.086167 -0.102536
5202.000000 1.080416 -0.111294 1.086133 -0.102649
5203.000000 1.080369 -0.111412 1.086099 -0.102761
5204.000000 1.080323 -0.111530 1.086064 -0.102873
5205.000000 1.080276 -0.111647 1.086030 -0.102985
5206.000000 1.080229 -0.111765 1.085996 -0.103097
5207.000000 1.080183 -0.111883 1.085961 -0.103209
5208.000000 1.080136 -0.112000 1.085927 -0.103321
5209.000000 1.080089 -0.112117 1.085892 -0.103433
5210.000000 1.080042 -0.112235 1.085858 -0.103545
5211.000000 1.079995 -0.112352 1.085823 -0.103657
5212.000000 1.079948 -0.112469 1.085789 -0.103769
5213.000000 1.079901 -0.112586 1.085754 -0.103881
5214.000000 1.079854 -0.112704 1.085719 -0.103993
5215.000000 1.079807 -0.112821 1.085685 -0.104105
5216.000000 1.079760 -0.112938 1.085650 -0.104216
5217.000000 1.079712 -0.113055 1.085615 -0.104328
5218.000000 1.079665 -0.113172 1.085580 -0.104440
5219.000000 1.079618 -0.113288 1.085545 -0.104551
5220.000000 1.079570 -0.113405 1.085511 -0.104663
5221.000000 1.079523 -0.113522 1.085476 -0.104774
5222.000000 1.079476 -0.113639 1.085441 -0.104886
5223.000000 1.079428 -0.113755 1.085406 -0.104997
5224.000000 1.079381 -0.113872 1.085371 -0.105109
5225.000000 1.079333 -0.113988 1.085335 -0.105220
5226.000000 1.079285 -0.114105 1.085300 -0.105331
5227.000000 1.079238 -0.114221 1.085265 -0.105443
5228.000000 1.079190 -0.114338 1.085230 -0.105554
5229.000000 1.079142 -0.114454 1.085195 -0.105665
5230.000000 1.079094 -0.114570 1.085159 -0.105776
5231.000000 1.079046 -0.114686 1.085124 -0.105887
5232.000000 1.078999 -0.114802 1.085089 -0.105998
5233.000000 1.078951 -0.114918 1.085053 -0.106109
5234.000000 1.078903 -0.115034 1.085018 -0.106220
5235.000000 1.078855 -0.115150 1.084982 -0.106331
5236.000000 1.078806 -0.115266 1.084947 -0.106442
5237.000000 1.078758 -0.115382 1.084911 -0.106553
5238.000000 1.078710 -0.115498 1.084876 -0.106664
5239.000000 1.078662 -0.115614 1.084840 -0.106775
5240.000000 1.078614 -0.115729 1.084804 -0.106886
5241.000000 1.078565 -0.115845 1.084769 -0.106996
5242.000000 1.078517 -0.115961 1.084733 -0.107107
5243.000000 1.078468 -0.116076 1.084697 -0.107218
5244.000000 1.078420 -0.116191 1.084661 -0.107328
5245.000000 1.078371 -0.116307 1.084625 -0.107439
5246.000000 1.078323 -0.116422 1.084590 -0.107549
5247.000000 1.078274 -0.116537 1.084554 -0.107660
5248.000000 1.078226 -0.116653 1.084518 -0.107770
5249.000000 1.078177 -0.116768 1.084482 -0.107881
5250.000000 1.078128 -0.116883 1.084446 -0.107991
5251.000000 1.078079 -0.116998 1.084409 -0.108101
5252.000000 1.078031 -0.117113 1.084373 -0.108212
5253.000000 1.077982 -0.117228 1.084337 -0.108322
5254.000000 1.077933 -0.117343 1.084301 -0.108432
5255.000000 1.077884 -0.117458 1.084265 -0.108542
5256.000000 1.077835 -0.117572 1.084228 -0.108652
5257.000000 1.077786 -0.117687 1.084192 -0.108763
5258.000000 1.077737 -0.117802 1.084156 -0.108873
5259.000000 1.077688 -0.117916 1.084119 -0.108983
5260.000000 1.077638 -0.118031 1.084083 -0.109093
5261.000000 1.077589 -0.118145 1.084046 -0.109202
5262.000000 1.077540 -0.118260 1.084010 -0.109312
5263.000000 1.077491 -0.118374 1.083973 -0.109422
5264.000000 1.077441 -0.118489 1.083937 -0.109532
5265.000000 1.077392 -0.118603 1.083900 -0.109642
5266.000000 1.077342 -0.118717 1.083864 -0.109751
5267.000000 1.077293 -0.118831 1.083827 -0.109861
5268.000000 1.077243 -0.118945 1.083790 -0.109971
5269.000000 1.077194 -0.119059 1.083753 -0.110080
5270.000000 1.077144 -0.119173 1.083716 -0.110190
5271.000000 1.077094 -0.119287 1.083680 -0.110299
5272.000000 1.077045 -0.119401 1.083643 -0.110409
5273.000000 1.076995 -0.119515 1.083606 -0.110518
5274.000000 1.076945 -0.119628 1.083569 -0.110628
5275.000000 1.076895 -0.119742 1.083532 -0.110737
5276.000000 1.076845 -0.119856 1.083495 -0.110846
5277.000000 1.076795 -0.119969 1.083458 -0.110956
5278.000000 1.076745 -0.120083 1.083421 -0.111065
5279.000000 1.076695 -0.120196 1.083383 -0.111174
5280.000000 1.076645 -0.120310 1.083346 -0.111283
5281.000000 1.076595 -0.120423 1.083309 -0.111392
5282.000000 1.076545 -0.120536 1.083272 -0.111501
5283.000000 1.076495 -0.120649 1.083234 -0.111610
5284.000000 1.076444 -0.120762 1.083197 -0.111719
5285.000000 1.076394 -0.120876 1.083160 -0.111828
5286.000000 1.076344 -0.120989 1.083122 -0.111937
5287.000000 1.076293 -0.121101 1.083085 -0.112046
5288.000000 1.076243 -0.121214 1.083047 -0.112155
5289.000000 1.076192 -0.121327 1.083010 -0.112263
5290.000000 1.076142 -0.121440 1.082972 -0.112372
5291.000000 1.076091 -0.121553 1.082935 -0.112481
5292.000000 1.076041 -0.121665 1.082897 -0.112590
5293.000000 1.075990 -0.121778 1.082859 -0.112698
5294.000000 1.075939 -0.121891 1.082822 -0.112807
5295.000000 1.075889 -0.122003 1.082784 -0.112915
5296.000000 1.075838 -0.122115 1.082746 -0.113024
5297.000000 1.075787 -0.122228 1.082708 -0.113132
5298.000000 1.075736 -0.122340 1.082670 -0.113240
5299.000000 1.075685 -0.122452 1.082632 -0.113349
5300.000000 1.075634 -0.122565 1.082595 -0.113457
5301.000000 1.075583 -0.122677 1.082557 -0.113565
5302.000000 1.075532 -0.122789 1.082519 -0.113673
5303.000000 1.075481 -0.122901 1.082480 -0.113782
5304.000000 1.075430 -0.123013 1.082442 -0.113890
5305.000000 1.075379 -0.123125 1.082404 -0.113998
5306.000000 1.075327 -0.123236 1.082366 -0.114106
5307.000000 1.075276 -0.123348 1.082328 -0.114214
5308.000000 1.075225 -0.123460 1.082290 -0.114322
5309.000000 1.075173 -0.123572 1.082251 -0.114430
5310.000000 1.075122 -0.123683 1.082213 -0.114538
5311.000000 1.075071 -0.123795 1.082175 -0.114645
5312.000000 1.075019 -0.123906 1.082136 -0.114753
5313.000000 1.074968 -0.124018 1.082098 -0.114861
5314.000000 1.074916 -0.124129 1.082059 -0.114969
5315.000000 1.074864 -0.124240 1.082021 -0.115076
5316.000000 1.074813 -0.124351 1.081982 -0.115184
5317.000000 1.074761 -0.124463 1.081944 -0.115291
5318.000000 1.074709 -0.124574 1.081905 -0.115399
5319.000000 1.074657 -0.124685 1.081866 -0.115506
5320.000000 1.074606 -0.124796 1.081828 -0.115614
5321.000000 1.074554 -0.124907 1.081789 -0.115721
5322.000000 1.074502 -0.125018 1.081750 -0.115829
5323.000000 1.074450 -0.125128 1.081711 -0.115936
5324.000000 1.074398 -0.125239 1.081673 -0.116043
5325.000000 1.074346 -0.125350 1.081634 -0.116150
5326.000000 1.074294 -0.125460 1.081595 -0.116257
5327.000000 1.074242 -0.125571 1.081556 -0.116365
5328.000000 1.074189 -0.125681 1.081517 -0.116472
5329.000000 1.074137 -0.125792 1.081478 -0.116579
5330.000000 1.074085 -0.125902 1.081439 -0.116686
5331.000000 1.074033 -0.126013 1.081400 -0.116793
5332.000000 1.073980 -0.126123 1.081361 -0.116900
5333.000000 1.073928 -0.126233 1.081321 -0.117006
5334.000000 1.073875 -0.126343 1.081282 -0.117113
5335.000000 1.073823 -0.126453 1.081243 -0.117220
5336.000000 1.073770 -0.126563 1.081204 -0.117327
5337.000000 1.073718 -0.126673 1.081164 -0.117433
5338.000000 1.073665 -0.126783 1.081125 -0.117540
5339.000000 1.073613 -0.126893 1.081086 -0.117647
5340.000000 1.073560 -0.127003 1.081046 -0.117753
5341.000000 1.073507 -0.127112 1.081007 -0.117860
5342.000000 1.073454 -0.127222 1.080967 -0.117966
5343.000000 1.073402 -0.127331 1.080928 -0.118072
5344.000000 1.073349 -0.127441 1.080888 -0.118179
5345.000000 1.073296 -0.127550 1.080848 -0.118285
5346.000000 1.073243 -0.127660 1.080809 -0.118391
5347.000000 1.073190 -0.127769 1.080769 -0.118498
5348.000000 1.073137 -0.127878 1.080729 -0.118604
5349.000000 1.073084 -0.127988 1.080689 -0.118710
5350.000000 1.073031 -0.128097 1.080650 -0.118816
5351.000000 1.072978 -0.128206 1.080610 -0.118922
5352.000000 1.072924 -0.128315 1.080570 -0.119028
5353.000000 1.072871 -0.128424 1.080530 -0.119134
5354.000000 1.072818 -0.128533 1.080490 -0.119240
5355.000000 1.072765 -0.128641 1.080450 -0.119346
5356.000000 1.072711 -0.128750 1.080410 -0.119452
5357.000000 1.072658 -0.128859 1.080370 -0.119558
5358.000000 1.072604 -0.128967 1.080330 -0.119663
5359.000000 1.072551 -0.129076 1.080290 -0.119769
5360.000000 1.072497 -0.129185 1.080250 -0.119875
5361.000000 1.072444 -0.129293 1.080209 -0.119980
5362.000000 1.072390 -0.129401 1.080169 -0.120086
5363.000000 1.072336 -0.129510 1.080129 -0.120191
5364.000000 1.072283 -0.129618 1.080088 -0.120297
5365.000000 1.072229 -0.129726 1.080048 -0.120402
5366.000000 1.072175 -0.129834 1.080008 -0.120508
5367.000000 1.072121 -0.129942 1.079967 -0.120613
5368.000000 1.072068 -0.130050 1.079927 -0.120718
5369.000000 1.072014 -0.130158 1.079886 -0.120823
5370.000000 1.071960 -0.130266 1.079846 -0.120929
5371.000000 1.071906 -0.130374 1.079805 -0.121034
5372.000000 1.071852 -0.130482 1.079765 -0.121139
5373.000000 1.071798 -0.130589 1.079724 -0.121244
5374.000000 1.071744 -0.130697 1.079683 -0.121349
5375.000000 1.071689 -0.130805 1.079643 -0.121454
5376.000000 1.071635 -0.130912 1.079602 -0.121559
5377.000000 1.071581 -0.131019 1.079561 -0.121664
5378.000000 1.071527 -0.131127 1.079520 -0.121768
5379.000000 1.071472 -0.131234 1.079479 -0.121873
5380.000000 1.071418 -0.131341 1.079438 -0.121978
5381.000000 1.071364 -0.131448 1.079397 -0.122083
5382.000000 1.071309 -0.131556 1.079356 -0.122187
5383.000000 1.071255 -0.131663 1.079315 -0.122292
5384.000000 1.071200 -0.131770 1.079274 -0.122396
5385.000000 1.071146 -0.131876 1.079233 -0.122501
5386.000000 1.071091 -0.131983 1.079192 -0.122605
5387.000000 1.071036 -0.132090 1.079151 -0.122710
5388.000000 1.070982 -0.132197 1.079110 -0.122814
5389.000000 1.070927 -0.132303 1.079068 -0.122918
5390.000000 1.070872 -0.132410 1.079027 -0.123023
5391.000000 1.070817 -0.132517 1.078986 -0.123127
5392.000000 1.070763 -0.132623 1.078945 -0.123231
5393.000000 1.070708 -0.132729 1.078903 -0.123335
5394.000000 1.070653 -0.132836 1.078862 -0.123439
5395.000000 1.070598 -0.132942 1.078820 -0.123543
5396.000000 1.070543 -0.133048 1.078779 -0.123647
5397.000000 1.070488 -0.133154 1.078737 -0.123751
5398.000000 1.070433 -0.133260 1.078696 -0.123855
5399.000000 1.070378 -0.133366 1.078654 -0.123959
5400.000000 1.070322 -0.133472 1.078612 -0.124063
5401.000000 1.070267 -0.133578 1.078571 -0.124166
5402.000000 1.070212 -0.133684 1.078529 -0.124270
5403.000000 1.070157 -0.133790 1.078487 -0.124374
5404.000000 1.070101 -0.133895 1.078446 -0.124477
5405.000000 1.070046 -0.134001 1.078404 -0.124581
5406.000000 1.069991 -0.134107 1.078362 -0.124684
5407.000000 1.069935 -0.134212 1.078320 -0.124788
5408.000000 1.069880 -0.134318 1.078278 -0.124891
5409.000000 1.069824 -0.134423 1.078236 -0.124994
5410.000000 1.069769 -0.134528 1.078194 -0.125098
5411.000000 1.069713 -0.134633 1.078152 -0.125201
5412.000000 1.069657 -0.134739 1.078110 -0.125304
5413.000000 1.069602 -0.134844 1.078068 -0.125407
5414.000000 1.069546 -0.134949 1.078026 -0.125511
5415.000000 1.069490 -0.135054 1.077984 -0.125614
5416.000000 1.069434 -0.135158 1.077941 -0.125717
5417.000000 1.069378 -0.135263 1.077899 -0.125820
5418.000000 1.069323 -0.135368 1.077857 -0.125923
5419.000000 1.069267 -0.135473 1.077814 -0.126025
5420.000000 1.069211 -0.135577 1.077772 -0.126128
5421.000000 1.069155 -0.135682 1.077730 -0.126231
5422.000000 1.069099 -0.135786 1.077687 -0.126334
5423.000000 1.069043 -0.135891 1.077645 -0.126436
5424.000000 1.068986 -0.135995 1.077602 -0.126539
5425.000000 1.068930 -0.136099 1.077560 -0.126642
5426.000000 1.068874 -0.136204 1.077517 -0.126744
5427.000000 1.068818 -0.136308 1.077475 -0.126847
5428.000000 1.068762 -0.136412 1.077432 -0.126949
5429.000000 1.068705 -0.136516 1.077389 -0.127052
5430.000000 1.068649 -0.136620 1.077346 -0.127154
5431.000000 1.068592 -0.136724 1.077304 -0.127256
5432.000000 1.068536 -0.136828 1.077261 -0.127358
5433.000000 1.068480 -0.136931 1.077218 -0.127461
5434.000000 1.068423 -0.137035 1.077175 -0.127563
5435.000000 1.068367 -0.137139 1.077132 -0.127665
5436.000000 1.068310 -0.137242 1.077089 -0.127767
5437.000000 1.068253 -0.137346 1.077046 -0.127869
5438.000000 1.068197 -0.137449 1.077003 -0.127971
5439.000000 1.068140 -0.137553 1.076960 -0.128073
5440.000000 1.068083 -0.137656 1.076917 -0.128175
5441.000000 1.068026 -0.137759 1.076874 -0.128276
5442.000000 1.067970 -0.137862 1.076831 -0.128378
5443.000000 1.067913 -0.137965 1.076788 -0.128480
5444.000000 1.067856 -0.138068 1.076745 -0.128582
5445.000000 1.067799 -0.138171 1.076701 -0.128683
5446.000000 1.067742 -0.138274 1.076658 -0.128785
5447.000000 1.067685 -0.138377 1.076615 -0.128886
5448.000000 1.067628 -0.138480 1.076571 -0.128988
5449.000000 1.067571 -0.138582 1.076528 -0.129089
5450.000000 1.067514 -0.138685 1.076484 -0.129190
5451.000000 1.067456 -0.138787 1.076441 -0.129292
5452.000000 1.067399 -0.138890 1.076398 -0.129393
5453.000000 1.067342 -0.138992 1.076354 -0.129494
5454.000000 1.067285 -0.139095 1.076310 -0.129595
5455.000000 1.067227 -0.139197 1.076267 -0.129696
5456.000000 1.067170 -0.139299 1.076223 -0.129798
5457.000000 1.067113 -0.139401 1.076179 -0.129899
5458.000000 1.067055 -0.139503 1.076136 -0.129999
5459.000000 1.066998 -0.139605 1.076092 -0.130100
5460.000000 1.066940 -0.139707 1.076048 -0.130201
5461.000000 1.066883 -0.139809 1.076004 -0.130302
5462.000000 1.066825 -0.139911 1.075960 -0.130403
5463.000000 1.066767 -0.140013 1.075917 -0.130504
5464.000000 1.066710 -0.140114 1.075873 -0.130604
5465.000000 1.066652 -0.140216 1.075829 -0.130705
5466.000000 1.066594 -0.140317 1.075785 -0.130805
5467.000000 1.066537 -0.140419 1.075741 -0.130906
5468.000000 1.066479 -0.140520 1.075697 -0.131006
5469.000000 1.066421 -0.140622 1.075652 -0.131107
5470.000000 1.066363 -0.140723 1.075608 -0.131207
5471.000000 1.066305 -0.140824 1.075564 -0.131307
5472.000000 1.066247 -0.140925 1.075520 -0.131408
5473.000000 1.066189 -0.141026 1.075476 -0.131508
5474.000000 1.066131 -0.141127 1.075431 -0.131608
5475.000000 1.066073 -0.141228 1.075387 -0.131708
5476.000000 1.066015 -0.141329 1.075343 -0.131808
5477.000000 1.065957 -0.141430 1.075298 -0.131908
5478.000000 1.065899 -0.141530 1.075254 -0.132008
5479.000000 1.065840 -0.141631 1.075209 -0.132108
5480.000000 1.065782 -0.141731 1.075165 -0.132208
5481.000000 1.065724 -0.141832 1.075120 -0.132308
5482.000000 1.065666 -0.141932 1.075076 -0.132407
5483.000000 1.065607 -0.142033 1.075031 -0.132507
5484.000000 1.065549 -0.142133 1.074986 -0.132607
5485.000000 1.065490 -0.142233 1.074942 -0.132706
5486.000000 1.065432 -0.142333 1.074897 -0.132806
5487.000000 1.065373 -0.142433 1.074852 -0.132905
5488.000000 1.065315 -0.142533 1.074808 -0.133005
5489.000000 1.065256 -0.142633 1.074763 -0.133104
5490.000000 1.065198 -0.142733 1.074718 -0.133203
5491.000000 1.065139 -0.142833 1.074673 -0.133303
5492.000000 1.065080 -0.142933 1.074628 -0.133402
5493.000000 1.065021 -0.143032 1.074583 -0.133501
5494.000000 1.064963 -0.143132 1.074538 -0.133600
5495.000000 1.064904 -0.143231 1.074493 -0.133699
5496.000000 1.064845 -0.143331 1.074448 -0.133798
5497.000000 1.064786 -0.143430 1.074403 -0.133897
5498.000000 1.064727 -0.143530 1.074358 -0.133996
5499.000000 1.064668 -0.143629 1.074313 -0.134095
5500.000000 1.064609 -0.143728 1.074267 -0.134194
5501.000000 1.064550 -0.143827 1.074222 -0.134293
5502.000000 1.064491 -0.143926 1.074177 -0.134391
5503.000000 1.064432 -0.144025 1.074132 -0.134490
5504.000000 1.064373 -0.144124 1.074086 -0.134589
5505.000000 1.064314 -0.144223 1.074041 -0.134687
5506.000000 1.064254 -0.144321 1.073995 -0.134786
5507.000000 1.064195 -0.144420 1.073950 -0.134884
5508.000000 1.064136 -0.144519 1.073905 -0.134983
5509.000000 1.064077 -0.144617 1.073859 -0.135081
5510.000000 1.064017 -0.144716 1.073813 -0.135179
5511.000000 1.063958 -0.144814 1.073768 -0.135277
5512.000000 1.063898 -0.144912 1.073722 -0.135376
5513.000000 1.063839 -0.145010 1.073677 -0.135474
5514.000000 1.063779 -0.145109 1.073631 -0.135572
5515.000000 1.063720 -0.145207 1.073585 -0.135670
5516.000000 1.063660 -0.145305 1.073539 -0.135768
5517.000000 1.063601 -0.145403 1.073494 -0.135866
5518.000000 1.063541 -0.145501 1.073448 -0.135964
5519.000000 1.063481 -0.145598 1.073402 -0.136061
5520.000000 1.063422 -0.145696 1.073356 -0.136159
5521.000000 1.063362 -0.145794 1.073310 -0.136257
5522.000000 1.063302 -0.145891 1.073264 -0.136355
5523.000000 1.063242 -0.145989 1.073218 -0.136452
5524.000000 1.063183 -0.146086 1.073172 -0.136550
5525.000000 1.063123 -0.146184 1.073126 -0.136647
5526.000000 1.063063 -0.146281 1.073080 -0.136745
5527.000000 1.063003 -0.146378 1.073034 -0.136842
5528.000000 1.062943 -0.146475 1.072988 -0.136939
5529.000000 1.062883 -0.146573 1.072941 -0.137037
5530.000000 1.062823 -0.146670 1.072895 -0.137134
5531.000000 1.062763 -0.146767 1.072849 -0.137231
5532.000000 1.062702 -0.146863 1.072803 -0.137328
5533.000000 1.062642 -0.146960 1.072756 -0.137425
5534.000000 1.062582 -0.147057 1.072710 -0.137522
5535.000000 1.062522 -0.147154 1.072663 -0.137619
5536.000000 1.062462 -0.147250 1.072617 -0.137716
5537.000000 1.062401 -0.147347 1.072570 -0.137813
5538.000000 1.062341 -0.147443 1.072524 -0.137910
5539.000000 1.062280 -0.147540 1.072477 -0.138007
5540.000000 1.062220 -0.147636 1.072431 -0.138103
5541.000000 1.062160 -0.147732 1.072384 -0.138200
5542.000000 1.062099 -0.147828 1.072338 -0.138297
5543.000000 1.062039 -0.147924 1.072291 -0.138393
5544.000000 1.061978 -0.148020 1.072244 -0.138490
5545.000000 1.061917 -0.148116 1.072197 -0.138586
5546.000000 1.061857 -0.148212 1.072151 -0.138682
5547.000000 1.061796 -0.148308 1.072104 -0.138779
5548.000000 1.061735 -0.148404 1.072057 -0.138875
5549.000000 1.061675 -0.148499 1.072010 -0.138971
5550.000000 1.061614 -0.148595 1.071963 -0.139067
5551.000000 1.061553 -0.148690 1.071916 -0.139163
5552.000000 1.061492 -0.148786 1.071869 -0.139259
5553.000000 1.061431 -0.148881 1.071822 -0.139355
5554.000000 1.061371 -0.148976 1.071775 -0.139451
5555.000000 1.061310 -0.149072 1.071728 -0.139547
5556.000000 1.061249 -0.149167 1.071681 -0.139643
5557.000000 1.061188 -0.149262 1.071634 -0.139739
5558.000000 1.061127 -0.149357 1.071586 -0.139835
5559.000000 1.061066 -0.149452 1.071539 -0.139930
5560.000000 1.061004 -0.149547 1.071492 -0.140026
5561.000000 1.060943 -0.149641 1.071445 -0.140121
5562.000000 1.060882 -0.149736 1.071397 -0.140217
5563.000000 1.060821 -0.149831 1.071350 -0.140312
5564.000000 1.060760 -0.149925 1.071302 -0.140408
5565.000000 1.060698 -0.150020 1.071255 -0.140503
5566.000000 1.060637 -0.150114 1.071207 -0.140598
5567.000000 1.060576 -0.150209 1.071160 -0.140693
5568.000000 1.060514 -0.150303 1.071112 -0.140789
5569.000000 1.060453 -0.150397 1.071065 -0.140884
5570.000000 1.060392 -0.150491 1.071017 -0.140979
5571.000000 1.060330 -0.150585 1.070970 -0.141074
5572.000000 1.060269 -0.150679 1.070922 -0.141169
5573.000000 1.060207 -0.150773 1.070874 -0.141264
5574.000000 1.060145 -0.150867 1.070826 -0.141358
5575.000000 1.060084 -0.150961 1.070779 -0.141453
5576.000000 1.060022 -0.151054 1.070731 -0.141548
5577.000000 1.059961 -0.151148 1.070683 -0.141643
5578.000000 1.059899 -0.151241 1.070635 -0.141737
5579.000000 1.059837 -0.151335 1.070587 -0.141832
5580.000000 1.059775 -0.151428 1.070539 -0.141926
5581.000000 1.059714 -0.151521 1.070491 -0.142021
5582.000000 1.059652 -0.151615 1.070443 -0.142115
5583.000000 1.059590 -0.151708 1.070395 -0.142209
5584.000000 1.059528 -0.151801 1.070347 -0.142304
5585.000000 1.059466 -0.151894 1.070299 -0.142398
5586.000000 1.059404 -0.151987 1.070251 -0.142492
5587.000000 1.059342 -0.152080 1.070203 -0.142586
5588.000000 1.059280 -0.152172 1.070154 -0.142680
5589.000000 1.059218 -0.152265 1.070106 -0.142774
5590.000000 1.059156 -0.152358 1.070058 -0.142868
5591.000000 1.059094 -0.152450 1.070010 -0.142962
5592.000000 1.059031 -0.152543 1.069961 -0.143056
5593.000000 1.058969 -0.152635 1.069913 -0.143150
5594.000000 1.058907 -0.152728 1.069864 -0.143243
5595.000000 1.058845 -0.152820 1.069816 -0.143337
5596.000000 1.058782 -0.152912 1.069767 -0.143431
5597.000000 1.058720 -0.153004 1.069719 -0.143524
5598.000000 1.058658 -0.153096 1.069670 -0.143618
5599.000000 1.058595 -0.153188 1.069622 -0.143711
5600.000000 1.058533 -0.153280 1.069573 -0.143805
5601.000000 1.058470 -0.153372 1.069524 -0.143898
5602.000000 1.058408 -0.153463 1.069476 -0.143991
5603.000000 1.058345 -0.153555 1.069427 -0.144084
5604.000000 1.058283 -0.153647 1.069378 -0.144177
5605.000000 1.058220 -0.153738 1.069330 -0.144271
5606.000000 1.058158 -0.153830 1.069281 -0.144364
5607.000000 1.058095 -0.153921 1.069232 -0.144457
5608.000000 1.058032 -0.154012 1.069183 -0.144549
5609.000000 1.057970 -0.154103 1.069134 -0.144642
5610.000000 1.057907 -0.154195 1.069085 -0.144735
5611.000000 1.057844 -0.154286 1.069036 -0.144828
5612.000000 1.057781 -0.154377 1.068987 -0.144921
5613.000000 1.057718 -0.154467 1.068938 -0.145013
5614.000000 1.057656 -0.154558 1.068889 -0.145106
5615.000000 1.057593 -0.154649 1.068840 -0.145198
5616.000000 1.057530 -0.154740 1.068791 -0.145291
5617.000000 1.057467 -0.154830 1.068741 -0.145383
5618.000000 1.057404 -0.154921 1.068692 -0.145476
5619.000000 1.057341 -0.155011 1.068643 -0.145568
5620.000000 1.057278 -0.155102 1.068594 -0.145660
5621.000000 1.057215 -0.155192 1.068544 -0.145752
5622.000000 1.057151 -0.155282 1.068495 -0.145844
5623.000000 1.057088 -0.155372 1.068446 -0.145936
5624.000000 1.057025 -0.155462 1.068396 -0.146028
5625.000000 1.056962 -0.155552 1.068347 -0.146120
5626.000000 1.056899 -0.155642 1.068297 -0.146212
5627.000000 1.056835 -0.155732 1.068248 -0.146304
5628.000000 1.056772 -0.155822 1.068198 -0.146396
5629.000000 1.056709 -0.155911 1.068149 -0.146488
5630.000000 1.056645 -0.156001 1.068099 -0.146579
5631.000000 1.056582 -0.156091 1.068049 -0.146671
5632.000000 1.056518 -0.156180 1.068000 -0.146762
5633.000000 1.056455 -0.156269 1.067950 -0.146854
5634.000000 1.056391 -0.156359 1.067900 -0.146945
5635.000000 1.056328 -0.156448 1.067850 -0.147037
5636.000000 1.056264 -0.156537 1.067801 -0.147128
5637.000000 1.056201 -0.156626 1.067751 -0.147219
5638.000000 1.056137 -0.156715 1.067701 -0.147310
5639.000000 1.056073 -0.156804 1.067651 -0.147401
5640.000000 1.056010 -0.156893 1.067601 -0.147492
5641.000000 1.055946 -0.156982 1.067551 -0.147583
5642.000000 1.055882 -0.157070 1.067501 -0.147674
5643.000000 1.055818 -0.157159 1.067451 -0.147765
5644.000000 1.055755 -0.157247 1.067401 -0.147856
5645.000000 1.055691 -0.157336 1.067351 -0.147947
5646.000000 1.055627 -0.157424 1.067301 -0.148038
5647.000000 1.055563 -0.157513 1.067250 -0.148128
5648.000000 1.055499 -0.157601 1.067200 -0.148219
5649.000000 1.055435 -0.157689 1.067150 -0.148309
5650.000000 1.055371 -0.157777 1.067100 -0.148400
5651.000000 1.055307 -0.157865 1.067049 -0.148490
5652.000000 1.055243 -0.157953 1.066999 -0.148581
5653.000000 1.055179 -0.158041 1.066949 -0.148671
5654.000000 1.055115 -0.158128 1.066898 -0.148761
5655.000000 1.055051 -0.158216 1.066848 -0.148851
5656.000000 1.054987 -0.158304 1.066797 -0.148942
5657.000000 1.054922 -0.158391 1.066747 -0.149032
5658.000000 1.054858 -0.158479 1.066696 -0.149122
5659.000000 1.054794 -0.158566 1.066646 -0.149212
5660.000000 1.054730 -0.158653 1.066595 -0.149301
5661.000000 1.054665 -0.158740 1.066545 -0.149391
5662.000000 1.054601 -0.158828 1.066494 -0.149481
5663.000000 1.054536 -0.158915 1.066443 -0.149571
5664.000000 1.054472 -0.159002 1.066392 -0.149660
5665.000000 1.054408 -0.159089 1.066342 -0.149750
5666.000000 1.054343 -0.159175 1.066291 -0.149840
5667.000000 1.054279 -0.159262 1.066240 -0.149929
5668.000000 1.054214 -0.159349 1.066189 -0.150018
5669.000000 1.054150 -0.159435 1.066138 -0.150108
5670.000000 1.054085 -0.159522 1.066087 -0.150197
5671.000000 1.054020 -0.159608 1.066036 -0.150286
5672.000000 1.053956 -0.159695 1.065985 -0.150375
5673.000000 1.053891 -0.159781 1.065934 -0.150465
5674.000000 1.053826 -0.159867 1.065883 -0.150554
5675.000000 1.053762 -0.159953 1.065832 -0.150643
5676.000000 1.053697 -0.160039 1.065781 -0.150732
5677.000000 1.053632 -0.160125 1.065730 -0.150820
5678.000000 1.053567 -0.160211 1.065679 -0.150909
5679.000000 1.053502 -0.160297 1.065628 -0.150998
5680.000000 1.053437 -0.160383 1.065576 -0.151087
5681.000000 1.053373 -0.160468 1.065525 -0.151175
5682.000000 1.053308 -0.160554 1.065474 -0.151264
5683.000000 1.053243 -0.160639 1.065422 -0.151352
5684.000000 1.053178 -0.160725 1.065371 -0.151441
5685.000000 1.053113 -0.160810 1.065320 -0.151529
5686.000000 1.053048 -0.160895 1.065268 -0.151617
5687.000000 1.052983 -0.160980 1.065217 -0.151706
5688.000000 1.052917 -0.161065 1.065165 -0.151794
5689.000000 1.052852 -0.161150 1.065114 -0.151882
5690.000000 1.052787 -0.161235 1.065062 -0.151970
5691.000000 1.052722 -0.161320 1.065011 -0.152058
5692.000000 1.052657 -0.161405 1.064959 -0.152146
5693.000000 1.052591 -0.161490 1.064907 -0.152234
5694.000000 1.052526 -0.161574 1.064856 -0.152322
5695.000000 1.052461 -0.161659 1.064804 -0.152410
5696.000000 1.052395 -0.161743 1.064752 -0.152497
5697.000000 1.052330 -0.161828 1.064700 -0.152585
5698.000000 1.052265 -0.161912 1.064649 -0.152673
5699.000000 1.052199 -0.161996 1.064597 -0.152760
5700.000000 1.052134 -0.162080 1.064545 -0.152848
5701.000000 1.052068 -0.162164 1.064493 -0.152935
5702.000000 1.052003 -0.162248 1.064441 -0.153022
5703.000000 1.051937 -0.162332 1.064389 -0.153110
5704.000000 1.051872 -0.162416 1.064337 -0.153197
5705.000000 1.051806 -0.162500 1.064285 -0.153284
5706.000000 1.051741 -0.162583 1.064233 -0.153371
5707.000000 1.051675 -0.162667 1.064181 -0.153458
5708.000000 1.051609 -0.162751 1.064129 -0.153545
5709.000000 1.051544 -0.162834 1.064076 -0.153632
5710.000000 1.051478 -0.162917 1.064024 -0.153719
5711.000000 1.051412 -0.163001 1.063972 -0.153806
5712.000000 1.051346 -0.163084 1.063920 -0.153892
5713.000000 1.051280 -0.163167 1.063867 -0.153979
5714.000000 1.051215 -0.163250 1.063815 -0.154066
5715.000000 1.051149 -0.163333 1.063763 -0.154152
5716.000000 1.051083 -0.163416 1.063710 -0.154239
5717.000000 1.051017 -0.163498 1.063658 -0.154325
5718.000000 1.050951 -0.163581 1.063605 -0.154411
5719.000000 1.050885 -0.163664 1.063553 -0.154498
5720.000000 1.050819 -0.163746 1.063500 -0.154584
5721.000000 1.050753 -0.163829 1.063448 -0.154670
5722.000000 1.050687 -0.163911 1.063395 -0.154756
5723.000000 1.050621 -0.163993 1.063343 -0.154842
5724.000000 1.050555 -0.164076 1.063290 -0.154928
5725.000000 1.050489 -0.164158 1.063237 -0.155014
5726.000000 1.050422 -0.164240 1.063185 -0.155100
5727.000000 1.050356 -0.164322 1.063132 -0.155186
5728.000000 1.050290 -0.164404 1.063079 -0.155272
5729.000000 1.050224 -0.164485 1.063026 -0.155357
5730.000000 1.050157 -0.164567 1.062974 -0.155443
5731.000000 1.050091 -0.164649 1.062921 -0.155528
5732.000000 1.050025 -0.164730 1.062868 -0.155614
5733.000000 1.049958 -0.164812 1.062815 -0.155699
5734.000000 1.049892 -0.164893 1.062762 -0.155785
5735.000000 1.049826 -0.164975 1.062709 -0.155870
5736.000000 1.049759 -0.165056 1.062656 -0.155955
5737.000000 1.049693 -0.165137 1.062603 -0.156040
5738.000000 1.049626 -0.165218 1.062550 -0.156125
5739.000000 1.049560 -0.165299 1.062497 -0.156211
5740.000000 1.049493 -0.165380 1.062444 -0.156295
5741.000000 1.049427 -0.165461 1.062390 -0.156380
5742.000000 1.049360 -0.165541 1.062337 -0.156465
5743.000000 1.049293 -0.165622 1.062284 -0.156550
5744.000000 1.049227 -0.165703 1.062231 -0.156635
5745.000000 1.049160 -0.165783 1.062177 -0.156719
5746.000000 1.049093 -0.165864 1.062124 -0.156804
5747.000000 1.049027 -0.165944 1.062071 -0.156889
5748.000000 1.048960 -0.166024 1.062017 -0.156973
5749.000000 1.048893 -0.166104 1.061964 -0.157057
5750.000000 1.048826 -0.166185 1.061911 -0.157142
5751.000000 1.048760 -0.166265 1.061857 -0.157226
5752.000000 1.048693 -0.166345 1.061804 -0.157310
5753.000000 1.048626 -0.166424 1.061750 -0.157394
5754.000000 1.048559 -0.166504 1.061696 -0.157478
5755.000000 1.048492 -0.166584 1.061643 -0.157563
5756.000000 1.048425 -0.166663 1.061589 -0.157646
5757.000000 1.048358 -0.166743 1.061536 -0.157730
5758.000000 1.048291 -0.166822 1.061482 -0.157814
5759.000000 1.048224 -0.166902 1.061428 -0.157898
5760.000000 1.048157 -0.166981 1.061374 -0.157982
5761.000000 1.048090 -0.167060 1.061321 -0.158065
5762.000000 1.048023 -0.167139 1.061267 -0.158149
5763.000000 1.047956 -0.167218 1.061213 -0.158232
5764.000000 1.047888 -0.167297 1.061159 -0.158316
5765.000000 1.047821 -0.167376 1.061105 -0.158399
5766.000000 1.047754 -0.167455 1.061051 -0.158483
5767.000000 1.047687 -0.167534 1.060997 -0.158566
5768.000000 1.047620 -0.167612 1.060943 -0.158649
5769.000000 1.047552 -0.167691 1.060889 -0.158732
5770.000000 1.047485 -0.167769 1.060835 -0.158815
5771.000000 1.047418 -0.167848 1.060781 -0.158898
5772.000000 1.047350 -0.167926 1.060727 -0.158981
5773.000000 1.047283 -0.168004 1.060673 -0.159064
5774.000000 1.047215 -0.168082 1.060619 -0.159147
5775.000000 1.047148 -0.168160 1.060564 -0.159229
5776.000000 1.047081 -0.168238 1.060510 -0.159312
5777.000000 1.047013 -0.168316 1.060456 -0.159395
5778.000000 1.046946 -0.168394 1.060402 -0.159477
5779.000000 1.046878 -0.168472 1.060347 -0.159560
5780.000000 1.046810 -0.168549 1.060293 -0.159642
5781.000000 1.046743 -0.168627 1.060238 -0.159724
5782.000000 1.046675 -0.168704 1.060184 -0.159807
5783.000000 1.046608 -0.168782 1.060130 -0.159889
5784.000000 1.046540 -0.168859 1.060075 -0.159971
5785.000000 1.046472 -0.168936 1.060021 -0.160053
5786.000000 1.046405 -0.169013 1.059966 -0.160135
5787.000000 1.046337 -0.169090 1.059911 -0.160217
5788.000000 1.046269 -0.169167 1.059857 -0.160299
5789.000000 1.046201 -0.169244 1.059802 -0.160381
5790.000000 1.046133 -0.169321 1.059748 -0.160463
5791.000000 1.046066 -0.169398 1.059693 -0.160544
5792.000000 1.045998 -0.169474 1.059638 -0.160626
5793.000000 1.045930 -0.169551 1.059583 -0.160707
5794.000000 1.045862 -0.169627 1.059529 -0.160789
5795.000000 1.045794 -0.169704 1.059474 -0.160870
5796.000000 1.045726 -0.169780 1.059419 -0.160952
5797.000000 1.045658 -0.169856 1.059364 -0.161033
5798.000000 1.045590 -0.169932 1.059309 -0.161114
5799.000000 1.045522 -0.170008 1.059254 -0.161195
5800.000000 1.045454 -0.170084 1.059199 -0.161277
5801.000000 1.045386 -0.170160 1.059144 -0.161358
5802.000000 1.045318 -0.170236 1.059089 -0.161439
5803.000000 1.045250 -0.170312 1.059034 -0.161519
5804.000000 1.045182 -0.170387 1.058979 -0.161600
5805.000000 1.045113 -0.170463 1.058924 -0.161681
5806.000000 1.045045 -0.170538 1.058869 -0.161762
5807.000000 1.044977 -0.170614 1.058814 -0.161842
5808.000000 1.044909 -0.170689 1.058758 -0.161923
5809.000000 1.044841 -0.170764 1.058703 -0.162003
5810.000000 1.044772 -0.170839 1.058648 -0.162084
5811.000000 1.044704 -0.170914 1.058593 -0.162164
5812.000000 1.044636 -0.170989 1.058537 -0.162245
5813.000000 1.044567 -0.171064 1.058482 -0.162325
5814.000000 1.044499 -0.171139 1.058427 -0.162405
5815.000000 1.044431 -0.171214 1.058371 -0.162485
5816.000000 1.044362 -0.171288 1.058316 -0.162565
5817.000000 1.044294 -0.171363 1.058260 -0.162645
5818.000000 1.044225 -0.171437 1.058205 -0.162725
5819.000000 1.044157 -0.171512 1.058149 -0.162805
5820.000000 1.044088 -0.171586 1.058094 -0.162885
5821.000000 1.044020 -0.171660 1.058038 -0.162964
5822.000000 1.043951 -0.171734 1.057982 -0.163044
5823.000000 1.043883 -0.171808 1.057927 -0.163123
5824.000000 1.043814 -0.171882 1.057871 -0.163203
5825.000000 1.043745 -0.171956 1.057815 -0.163282
5826.000000 1.043677 -0.172030 1.057760 -0.163362
5827.000000 1.043608 -0.172104 1.057704 -0.163441
5828.000000 1.043539 -0.172177 1.057648 -0.163520
5829.000000 1.043471 -0.172251 1.057592 -0.163599
5830.000000 1.043402 -0.172324 1.057536 -0.163679
5831.000000 1.043333 -0.172398 1.057480 -0.163758
5832.000000 1.043264 -0.172471 1.057425 -0.163837
5833.000000 1.043196 -0.172544 1.057369 -0.163915
5834.000000 1.043127 -0.172617 1.057313 -0.163994
5835.000000 1.043058 -0.172690 1.057257 -0.164073
5836.000000 1.042989 -0.172763 1.057201 -0.164152
5837.000000 1.042920 -0.172836 1.057145 -0.164230
5838.000000 1.042851 -0.172909 1.057088 -0.164309
5839.000000 1.042782 -0.172981 1.057032 -0.164387
5840.000000 1.042713 -0.173054 1.056976 -0.164466
5841.000000 1.042644 -0.173126 1.056920 -0.164544
5842.000000 1.042575 -0.173199 1.056864 -0.164622
5843.000000 1.042506 -0.173271 1.056808 -0.164701
5844.000000 1.042437 -0.173343 1.056751 -0.164779
5845.000000 1.042368 -0.173415 1.056695 -0.164857
5846.000000 1.042299 -0.173488 1.056639 -0.164935
5847.000000 1.042230 -0.173559 1.056582 -0.165013
5848.000000 1.042161 -0.173631 1.056526 -0.165091
5849.000000 1.042092 -0.173703 1.056470 -0.165169
5850.000000 1.042023 -0.173775 1.056413 -0.165246
5851.000000 1.041953 -0.173847 1.056357 -0.165324
5852.000000 1.041884 -0.173918 1.056300 -0.165402
5853.000000 1.041815 -0.173990 1.056244 -0.165479
5854.000000 1.041746 -0.174061 1.056187 -0.165557
5855.000000 1.041676 -0.174132 1.056130 -0.165634
5856.000000 1.041607 -0.174203 1.056074 -0.165711
5857.000000 1.041538 -0.174275 1.056017 -0.165789
5858.000000 1.041468 -0.174346 1.055961 -0.165866
5859.000000 1.041399 -0.174417 1.055904 -0.165943
5860.000000 1.041330 -0.174487 1.055847 -0.166020
5861.000000 1.041260 -0.174558 1.055790 -0.166097
5862.000000 1.041191 -0.174629 1.055734 -0.166174
5863.000000 1.041121 -0.174700 1.055677 -0.166251
5864.000000 1.041052 -0.174770 1.055620 -0.166327
5865.000000 1.040982 -0.174841 1.055563 -0.166404
5866.000000 1.040913 -0.174911 1.055506 -0.166481
5867.000000 1.040843 -0.174981 1.055449 -0.166557
5868.000000 1.040774 -0.175051 1.055392 -0.166634
5869.000000 1.040704 -0.175121 1.055335 -0.166710
5870.000000 1.040635 -0.175191 1.055278 -0.166787
5871.000000 1.040565 -0.175261 1.055221 -0.166863
5872.000000 1.040495 -0.175331 1.055164 -0.166939
5873.000000 1.040426 -0.175401 1.055107 -0.167015
5874.000000 1.040356 -0.175471 1.055050 -0.167091
5875.000000 1.040286 -0.175540 1.054993 -0.167167
5876.000000 1.040217 -0.175610 1.054936 -0.167243
5877.000000 1.040147 -0.175679 1.054878 -0.167319
5878.000000 1.040077 -0.175748 1.054821 -0.167395
5879.000000 1.040007 -0.175818 1.054764 -0.167471
5880.000000 1.039937 -0.175887 1.054707 -0.167546
5881.000000 1.039868 -0.175956 1.054649 -0.167622
5882.000000 1.039798 -0.176025 1.054592 -0.167698
5883.000000 1.039728 -0.176094 1.054535 -0.167773
5884.000000 1.039658 -0.176162 1.054477 -0.167848
5885.000000 1.039588 -0.176231 1.054420 -0.167924
5886.000000 1.039518 -0.176300 1.054362 -0.167999
5887.000000 1.039448 -0.176368 1.054305 -0.168074
5888.000000 1.039378 -0.176437 1.054247 -0.168149
5889.000000 1.039308 -0.176505 1.054190 -0.168224
5890.000000 1.039238 -0.176573 1.054132 -0.168299
5891.000000 1.039168 -0.176641 1.054074 -0.168374
5892.000000 1.039098 -0.176710 1.054017 -0.168449
5893.000000 1.039028 -0.176778 1.053959 -0.168524
5894.000000 1.038958 -0.176846 1.053901 -0.168598
5895.000000 1.038888 -0.176913 1.053844 -0.168673
5896.000000 1.038818 -0.176981 1.053786 -0.168748
5897.000000 1.038748 -0.177049 1.053728 -0.168822
5898.000000 1.038678 -0.177116 1.053670 -0.168896
5899.000000 1.038607 -0.177184 1.053613 -0.168971
5900.000000 1.038537 -0.177251 1.053555 -0.169045
5901.000000 1.038467 -0.177319 1.053497 -0.169119
5902.000000 1.038397 -0.177386 1.053439 -0.169193
5903.000000 1.038327 -0.177453 1.053381 -0.169267
5904.000000 1.038256 -0.177520 1.053323 -0.169341
5905.000000 1.038186 -0.177587 1.053265 -0.169415
5906.000000 1.038116 -0.177654 1.053207 -0.169489
5907.000000 1.038045 -0.177721 1.053149 -0.169563
5908.000000 1.037975 -0.177787 1.053091 -0.169637
5909.000000 1.037905 -0.177854 1.053033 -0.169710
5910.000000 1.037834 -0.177920 1.052975 -0.169784
5911.000000 1.037764 -0.177987 1.052916 -0.169857
5912.000000 1.037693 -0.178053 1.052858 -0.169931
5913.000000 1.037623 -0.178119 1.052800 -0.170004
5914.000000 1.037552 -0.178186 1.052742 -0.170077
5915.000000 1.037482 -0.178252 1.052683 -0.170151
5916.000000 1.037411 -0.178318 1.052625 -0.170224
5917.000000 1.037341 -0.178384 1.052567 -0.170297
5918.000000 1.037270 -0.178449 1.052508 -0.170370
5919.000000 1.037200 -0.178515 1.052450 -0.170443
5920.000000 1.037129 -0.178581 1.052392 -0.170515
5921.000000 1.037059 -0.178646 1.052333 -0.170588
5922.000000 1.036988 -0.178712 1.052275 -0.170661
5923.000000 1.036917 -0.178777 1.052216 -0.170734
5924.000000 1.036847 -0.178842 1.052158 -0.170806
5925.000000 1.036776 -0.178908 1.052099 -0.170879
5926.000000 1.036705 -0.178973 1.052041 -0.170951
5927.000000 1.036635 -0.179038 1.051982 -0.171023
5928.000000 1.036564 -0.179103 1.051923 -0.171096
5929.000000 1.036493 -0.179168 1.051865 -0.171168
5930.000000 1.036423 -0.179232 1.051806 -0.171240
5931.000000 1.036352 -0.179297 1.051747 -0.171312
5932.000000 1.036281 -0.179362 1.051689 -0.171384
5933.000000 1.036210 -0.179426 1.051630 -0.171456
5934.000000 1.036139 -0.179490 1.051571 -0.171528
5935.000000 1.036069 -0.179555 1.051512 -0.171600
5936.000000 1.035998 -0.179619 1.051453 -0.171671
5937.000000 1.035927 -0.179683 1.051394 -0.171743
5938.000000 1.035856 -0.179747 1.051336 -0.171814
5939.000000 1.035785 -0.179811 1.051277 -0.171886
5940.000000 1.035714 -0.179875 1.051218 -0.171957
5941.000000 1.035643 -0.179939 1.051159 -0.172029
5942.000000 1.035572 -0.180002 1.051100 -0.172100
5943.000000 1.035501 -0.180066 1.051041 -0.172171
5944.000000 1.035430 -0.180130 1.050982 -0.172242
5945.000000 1.035359 -0.180193 1.050922 -0.172313
5946.000000 1.035288 -0.180256 1.050863 -0.172384
5947.000000 1.035217 -0.180320 1.050804 -0.172455
5948.000000 1.035146 -0.180383 1.050745 -0.172526
5949.000000 1.035075 -0.180446 1.050686 -0.172597
5950.000000 1.035004 -0.180509 1.050627 -0.172667
5951.000000 1.034933 -0.180572 1.050567 -0.172738
5952.000000 1.034862 -0.180634 1.050508 -0.172808
5953.000000 1.034790 -0.180697 1.050449 -0.172879
5954.000000 1.034719 -0.180760 1.050389 -0.172949
5955.000000 1.034648 -0.180822 1.050330 -0.173020
5956.000000 1.034577 -0.180885 1.050271 -0.173090
5957.000000 1.034506 -0.180947 1.050211 -0.173160
5958.000000 1.034434 -0.181009 1.050152 -0.173230
5959.000000 1.034363 -0.181072 1.050092 -0.173300
5960.000000 1.034292 -0.181134 1.050033 -0.173370
5961.000000 1.034221 -0.181196 1.049973 -0.173440
5962.000000 1.034149 -0.181258 1.049914 -0.173510
5963.000000 1.034078 -0.181319 1.049854 -0.173579
5964.000000 1.034007 -0.181381 1.049795 -0.173649
5965.000000 1.033935 -0.181443 1.049735 -0.173719
5966.000000 1.033864 -0.181504 1.049675 -0.173788
5967.000000 1.033792 -0.181566 1.049616 -0.173858
5968.000000 1.033721 -0.181627 1.049556 -0.173927
5969.000000 1.033650 -0.181688 1.049496 -0.173996
5970.000000 1.033578 -0.181750 1.049436 -0.174065
5971.000000 1.033507 -0.181811 1.049377 -0.174135
5972.000000 1.033435 -0.181872 1.049317 -0.174204
5973.000000 1.033364 -0.181933 1.049257 -0.174273
5974.000000 1.033292 -0.181993 1.049197 -0.174342
5975.000000 1.033221 -0.182054 1.049137 -0.174410
5976.000000 1.033149 -0.182115 1.049077 -0.174479
5977.000000 1.033078 -0.182175 1.049017 -0.174548
5978.000000 1.033006 -0.182236 1.048957 -0.174616
5979.000000 1.032935 -0.182296 1.048897 -0.174685
5980.000000 1.032863 -0.182357 1.048837 -0.174753
5981.000000 1.032791 -0.182417 1.048777 -0.174822
5982.000000 1.032720 -0.182477 1.048717 -0.174890
5983.000000 1.032648 -0.182537 1.048657 -0.174958
5984.000000 1.032576 -0.182597 1.048597 -0.175027
5985.000000 1.032505 -0.182657 1.048537 -0.175095
5986.000000 1.032433 -0.182716 1.048477 -0.175163
5987.000000 1.032361 -0.182776 1.048416 -0.175231
5988.000000 1.032290 -0.182836 1.048356 -0.175299
5989.000000 1.032218 -0.182895 1.048296 -0.175366
5990.000000 1.032146 -0.182954 1.048236 -0.175434
5991.000000 1.032074 -0.183014 1.048175 -0.175502
5992.000000 1.032003 -0.183073 1.048115 -0.175569
5993.000000 1.031931 -0.183132 1.048055 -0.175637
5994.000000 1.031859 -0.183191 1.047994 -0.175704
5995.000000 1.031787 -0.183250 1.047934 -0.175772
5996.000000 1.031715 -0.183309 1.047873 -0.175839
5997.000000 1.031644 -0.183368 1.047813 -0.175906
5998.000000 1.031572 -0.183426 1.047752 -0.175973
5999.000000 1.031500 -0.183485 1.047692 -0.176040
6000.000000 1.031428 -0.183543 1.047631 -0.176107
6001.000000 1.031356 -0.183602 1.047571 -0.176174
6002.000000 1.031284 -0.183660 1.047510 -0.176241
6003.000000 1.031212 -0.183718 1.047450 -0.176308
6004.000000 1.031140 -0.183776 1.047389 -0.176374
6005.000000 1.031068 -0.183834 1.047328 -0.176441
6006.000000 1.030996 -0.183892 1.047268 -0.176508
6007.000000 1.030924 -0.183950 1.047207 -0.176574
6008.000000 1.030852 -0.184008 1.047146 -0.176640
6009.000000 1.030780 -0.184066 1.047085 -0.176707
6010.000000 1.030708 -0.184123 1.047025 -0.176773
6011.000000 1.030636 -0.184181 1.046964 -0.176839
6012.000000 1.030564 -0.184238 1.046903 -0.176905
6013.000000 1.030492 -0.184295 1.046842 -0.176971
6014.000000 1.030420 -0.184352 1.046781 -0.177037
6015.000000 1.030348 -0.184410 1.046720 -0.177103
6016.000000 1.030276 -0.184467 1.046659 -0.177169
6017.000000 1.030203 -0.184524 1.046598 -0.177234
6018.000000 1.030131 -0.184580 1.046537 -0.177300
6019.000000 1.030059 -0.184637 1.046476 -0.177365
6020.000000 1.029987 -0.184694 1.046415 -0.177431
6021.000000 1.029915 -0.184750 1.046354 -0.177496
6022.000000 1.029842 -0.184807 1.046293 -0.177562
6023.000000 1.029770 -0.184863 1.046232 -0.177627
6024.000000 1.029698 -0.184919 1.046171 -0.177692
6025.000000 1.029626 -0.184976 1.046110 -0.177757
6026.000000 1.029554 -0.185032 1.046048 -0.177822
6027.000000 1.029481 -0.185088 1.045987 -0.177887
6028.000000 1.029409 -0.185144 1.045926 -0.177952
6029.000000 1.029337 -0.185200 1.045865 -0.178017
6030.000000 1.029264 -0.185255 1.045803 -0.178081
6031.000000 1.029192 -0.185311 1.045742 -0.178146
6032.000000 1.029120 -0.185366 1.045681 -0.178211
6033.000000 1.029047 -0.185422 1.045619 -0.178275
6034.000000 1.028975 -0.185477 1.045558 -0.178339
6035.000000 1.028903 -0.185533 1.045496 -0.178404
6036.000000 1.028830 -0.185588 1.045435 -0.178468
6037.000000 1.028758 -0.185643 1.045373 -0.178532
6038.000000 1.028685 -0.185698 1.045312 -0.178596
6039.000000 1.028613 -0.185753 1.045250 -0.178660
6040.000000 1.028540 -0.185808 1.045189 -0.178724
6041.000000 1.028468 -0.185862 1.045127 -0.178788
6042.000000 1.028395 -0.185917 1.045066 -0.178852
6043.000000 1.028323 -0.185972 1.045004 -0.178915
6044.000000 1.028250 -0.186026 1.044942 -0.178979
6045.000000 1.028178 -0.186080 1.044881 -0.179043
6046.000000 1.028105 -0.186135 1.044819 -0.179106
6047.000000 1.028033 -0.186189 1.044757 -0.179170
6048.000000 1.027960 -0.186243 1.044696 -0.179233
6049.000000 1.027888 -0.186297 1.044634 -0.179296
6050.000000 1.027815 -0.186351 1.044572 -0.179359
6051.000000 1.027743 -0.186405 1.044510 -0.179422
6052.000000 1.027670 -0.186458 1.044448 -0.179485
6053.000000 1.027597 -0.186512 1.044386 -0.179548
6054.000000 1.027525 -0.186565 1.044325 -0.179611
6055.000000 1.027452 -0.186619 1.044263 -0.179674
6056.000000 1.027379 -0.186672 1.044201 -0.179737
6057.000000 1.027307 -0.186725 1.044139 -0.179799
6058.000000 1.027234 -0.186779 1.044077 -0.179862
6059.000000 1.027161 -0.186832 1.044015 -0.179924
6060.000000 1.027089 -0.186885 1.043953 -0.179987
6061.000000 1.027016 -0.186938 1.043891 -0.180049
6062.000000 1.026943 -0.186990 1.043828 -0.180111
6063.000000 1.026871 -0.187043 1.043766 -0.180173
6064.000000 1.026798 -0.187096 1.043704 -0.180235
6065.000000 1.026725 -0.187148 1.043642 -0.180297
6066.000000 1.026652 -0.187201 1.043580 -0.180359
6067.000000 1.026579 -0.187253 1.043518 -0.180421
6068.000000 1.026507 -0.187305 1.043455 -0.180483
6069.000000 1.026434 -0.187357 1.043393 -0.180545
6070.000000 1.026361 -0.187409 1.043331 -0.180606
6071.000000 1.026288 -0.187461 1.043269 -0.180668
6072.000000 1.026215 -0.187513 1.043206 -0.180729
6073.000000 1.026143 -0.187565 1.043144 -0.180791
6074.000000 1.026070 -0.187617 1.043081 -0.180852
6075.000000 1.025997 -0.187668 1.043019 -0.180913
6076.000000 1.025924 -0.187720 1.042957 -0.180974
6077.000000 1.025851 -0.187771 1.042894 -0.181035
6078.000000 1.025778 -0.187822 1.042832 -0.181096
6079.000000 1.025705 -0.187873 1.042769 -0.181157
6080.000000 1.025632 -0.187925 1.042707 -0.181218
6081.000000 1.025559 -0.187976 1.042644 -0.181279
6082.000000 1.025486 -0.188027 1.042582 -0.181339
6083.000000 1.025413 -0.188077 1.042519 -0.181400
6084.000000 1.025340 -0.188128 1.042456 -0.181460
6085.000000 1.025267 -0.188179 1.042394 -0.181521
6086.000000 1.025194 -0.188229 1.042331 -0.181581
6087.000000 1.025121 -0.188280 1.042268 -0.181641
6088.000000 1.025048 -0.188330 1.042206 -0.181702
6089.000000 1.024975 -0.188380 1.042143 -0.181762
6090.000000 1.024902 -0.188431 1.042080 -0.181822
6091.000000 1.024829 -0.188481 1.042017 -0.181882
6092.000000 1.024756 -0.188531 1.041954 -0.181942
6093.000000 1.024683 -0.188581 1.041892 -0.182001
6094.000000 1.024610 -0.188630 1.041829 -0.182061
6095.000000 1.024537 -0.188680 1.041766 -0.182121
6096.000000 1.024464 -0.188730 1.041703 -0.182180
6097.000000 1.024391 -0.188779 1.041640 -0.182240
6098.000000 1.024318 -0.188829 1.041577 -0.182299
6099.000000 1.024244 -0.188878 1.041514 -0.182359
6100.000000 1.024171 -0.188927 1.041451 -0.182418
6101.000000 1.024098 -0.188976 1.041388 -0.182477
6102.000000 1.024025 -0.189025 1.041325 -0.182536
6103.000000 1.023952 -0.189074 1.041262 -0.182595
6104.000000 1.023879 -0.189123 1.041199 -0.182654
6105.000000 1.023805 -0.189172 1.041136 -0.182713
6106.000000 1.023732 -0.189221 1.041073 -0.182771
6107.000000 1.023659 -0.189269 1.041009 -0.182830
6108.000000 1.023586 -0.189318 1.040946 -0.182889
6109.000000 1.023513 -0.189366 1.040883 -0.182947
6110.000000 1.023439 -0.189415 1.040820 -0.183006
6111.000000 1.023366 -0.189463 1.040757 -0.183064
6112.000000 1.023293 -0.189511 1.040693 -0.183122
6113.000000 1.023220 -0.189559 1.040630 -0.183181
6114.000000 1.023146 -0.189607 1.040567 -0.183239
6115.000000 1.023073 -0.189655 1.040503 -0.183297
6116.000000 1.023000 -0.189702 1.040440 -0.183355
6117.000000 1.022926 -0.189750 1.040377 -0.183413
6118.000000 1.022853 -0.189798 1.040313 -0.183470
6119.000000 1.022780 -0.189845 1.040250 -0.183528
6120.000000 1.022706 -0.189892 1.040186 -0.183586
6121.000000 1.022633 -0.189940 1.040123 -0.183643
6122.000000 1.022560 -0.189987 1.040059 -0.183701
6123.000000 1.022486 -0.190034 1.039996 -0.183758
6124.000000 1.022413 -0.190081 1.039932 -0.183815
6125.000000 1.022340 -0.190128 1.039869 -0.183873
6126.000000 1.022266 -0.190175 1.039805 -0.183930
6127.000000 1.022193 -0.190221 1.039741 -0.183987
6128.000000 1.022119 -0.190268 1.039678 -0.184044
6129.000000 1.022046 -0.190314 1.039614 -0.184101
6130.000000 1.021972 -0.190361 1.039550 -0.184158
6131.000000 1.021899 -0.190407 1.039487 -0.184214
6132.000000 1.021826 -0.190453 1.039423 -0.184271
6133.000000 1.021752 -0.190500 1.039359 -0.184328
6134.000000 1.021679 -0.190546 1.039295 -0.184384
6135.000000 1.021605 -0.190592 1.039232 -0.184441
6136.000000 1.021532 -0.190637 1.039168 -0.184497
6137.000000 1.021458 -0.190683 1.039104 -0.184553
6138.000000 1.021385 -0.190729 1.039040 -0.184609
6139.000000 1.021311 -0.190774 1.038976 -0.184665
6140.000000 1.021238 -0.190820 1.038912 -0.184722
6141.000000 1.021164 -0.190865 1.038848 -0.184777
6142.000000 1.021091 -0.190911 1.038784 -0.184833
6143.000000 1.021017 -0.190956 1.038720 -0.184889
6144.000000 1.020944 -0.191001 1.038656 -0.184945
6145.000000 1.020870 -0.191046 1.038592 -0.185000
6146.000000 1.020796 -0.191091 1.038528 -0.185056
6147.000000 1.020723 -0.191136 1.038464 -0.185111
6148.000000 1.020649 -0.191180 1.038400 -0.185167
6149.000000 1.020576 -0.191225 1.038336 -0.185222
6150.000000 1.020502 -0.191269 1.038272 -0.185277
6151.000000 1.020428 -0.191314 1.038208 -0.185332
6152.000000 1.020355 -0.191358 1.038144 -0.185387
6153.000000 1.020281 -0.191402 1.038079 -0.185442
6154.000000 1.020208 -0.191447 1.038015 -0.185497
6155.000000 1.020134 -0.191491 1.037951 -0.185552
6156.000000 1.020060 -0.191535 1.037887 -0.185607
6157.000000 1.019987 -0.191578 1.037822 -0.185661
6158.000000 1.019913 -0.191622 1.037758 -0.185716
6159.000000 1.019839 -0.191666 1.037694 -0.185770
6160.000000 1.019766 -0.191709 1.037629 -0.185825
6161.000000 1.019692 -0.191753 1.037565 -0.185879
6162.000000 1.019618 -0.191796 1.037501 -0.185933
6163.000000 1.019545 -0.191840 1.037436 -0.185987
6164.000000 1.019471 -0.191883 1.037372 -0.186041
6165.000000 1.019397 -0.191926 1.037307 -0.186095
6166.000000 1.019324 -0.191969 1.037243 -0.186149
6167.000000 1.019250 -0.192012 1.037178 -0.186203
6168.000000 1.019176 -0.192055 1.037114 -0.186257
6169.000000 1.019102 -0.192097 1.037049 -0.186310
6170.000000 1.019029 -0.192140 1.036985 -0.186364
6171.000000 1.018955 -0.192182 1.036920 -0.186418
6172.000000 1.018881 -0.192225 1.036855 -0.186471
6173.000000 1.018807 -0.192267 1.036791 -0.186524
6174.000000 1.018734 -0.192309 1.036726 -0.186577
6175.000000 1.018660 -0.192352 1.036661 -0.186631
6176.000000 1.018586 -0.192394 1.036597 -0.186684
6177.000000 1.018512 -0.192436 1.036532 -0.186737
6178.000000 1.018438 -0.192477 1.036467 -0.186790
6179.000000 1.018365 -0.192519 1.036402 -0.186842
6180.000000 1.018291 -0.192561 1.036338 -0.186895
6181.000000 1.018217 -0.192602 1.036273 -0.186948
6182.000000 1.018143 -0.192644 1.036208 -0.187000
6183.000000 1.018069 -0.192685 1.036143 -0.187053
6184.000000 1.017995 -0.192726 1.036078 -0.187105
6185.000000 1.017922 -0.192768 1.036013 -0.187157
6186.000000 1.017848 -0.192809 1.035948 -0.187210
6187.000000 1.017774 -0.192850 1.035883 -0.187262
6188.000000 1.017700 -0.192891 1.035819 -0.187314
6189.000000 1.017626 -0.192931 1.035754 -0.187366
6190.000000 1.017552 -0.192972 1.035689 -0.187418
6191.000000 1.017478 -0.193013 1.035624 -0.187470
6192.000000 1.017404 -0.193053 1.035558 -0.187521
6193.000000 1.017331 -0.193094 1.035493 -0.187573
6194.000000 1.017257 -0.193134 1.035428 -0.187625
6195.000000 1.017183 -0.193174 1.035363 -0.187676
6196.000000 1.017109 -0.193214 1.035298 -0.187727
6197.000000 1.017035 -0.193254 1.035233 -0.187779
6198.000000 1.016961 -0.193294 1.035168 -0.187830
6199.000000 1.016887 -0.193334 1.035103 -0.187881
6200.000000 1.016813 -0.193374 1.035037 -0.187932
6201.000000 1.016739 -0.193413 1.034972 -0.187983
6202.000000 1.016665 -0.193453 1.034907 -0.188034
6203.000000 1.016591 -0.193492 1.034842 -0.188085
6204.000000 1.016517 -0.193532 1.034776 -0.188136
6205.000000 1.016443 -0.193571 1.034711 -0.188186
6206.000000 1.016369 -0.193610 1.034646 -0.188237
6207.000000 1.016295 -0.193649 1.034580 -0.188287
6208.000000 1.016221 -0.193688 1.034515 -0.188338
6209.000000 1.016147 -0.193727 1.034450 -0.188388
6210.000000 1.016073 -0.193766 1.034384 -0.188438
6211.000000 1.015999 -0.193805 1.034319 -0.188488
6212.000000 1.015925 -0.193843 1.034253 -0.188538
6213.000000 1.015851 -0.193882 1.034188 -0.188588
6214.000000 1.015777 -0.193920 1.034122 -0.188638
6215.000000 1.015703 -0.193958 1.034057 -0.188688
6216.000000 1.015629 -0.193997 1.033991 -0.188738
6217.000000 1.015555 -0.194035 1.033926 -0.188787
6218.000000 1.015481 -0.194073 1.033860 -0.188837
6219.000000 1.015407 -0.194111 1.033794 -0.188886
6220.000000 1.015333 -0.194148 1.033729 -0.188936
6221.000000 1.015259 -0.194186 1.033663 -0.188985
6222.000000 1.015185 -0.194224 1.033598 -0.189034
6223.000000 1.015111 -0.194261 1.033532 -0.189083
6224.000000 1.015037 -0.194299 1.033466 -0.189132
6225.000000 1.014963 -0.194336 1.033400 -0.189181
6226.000000 1.014889 -0.194373 1.033335 -0.189230
6227.000000 1.014815 -0.194410 1.033269 -0.189279
6228.000000 1.014741 -0.194447 1.033203 -0.189328
6229.000000 1.014667 -0.194484 1.033137 -0.189376
6230.000000 1.014593 -0.194521 1.033072 -0.189425
6231.000000 1.014519 -0.194558 1.033006 -0.189473
6232.000000 1.014444 -0.194595 1.032940 -0.189522
6233.000000 1.014370 -0.194631 1.032874 -0.189570
6234.000000 1.014296 -0.194668 1.032808 -0.189618
6235.000000 1.014222 -0.194704 1.032742 -0.189666
6236.000000 1.014148 -0.194740 1.032676 -0.189714
6237.000000 1.014074 -0.194776 1.032610 -0.189762
6238.000000 1.014000 -0.194812 1.032544 -0.189810
6239.000000 1.013926 -0.194848 1.032478 -0.189858
6240.000000 1.013852 -0.194884 1.032412 -0.189905
6241.000000 1.013777 -0.194920 1.032346 -0.189953
6242.000000 1.013703 -0.194956 1.032280 -0.190000
6243.000000 1.013629 -0.194991 1.032214 -0.190048
6244.000000 1.013555 -0.195027 1.032148 -0.190095
6245.000000 1.013481 -0.195062 1.032082 -0.190142
6246.000000 1.013407 -0.195097 1.032016 -0.190190
6247.000000 1.013333 -0.195133 1.031949 -0.190237
6248.000000 1.013258 -0.195168 1.031883 -0.190284
6249.000000 1.013184 -0.195203 1.031817 -0.190330
6250.000000 1.013110 -0.195238 1.031751 -0.190377
6251.000000 1.013036 -0.195272 1.031685 -0.190424
6252.000000 1.012962 -0.195307 1.031618 -0.190471
6253.000000 1.012888 -0.195342 1.031552 -0.190517
6254.000000 1.012813 -0.195376 1.031486 -0.190564
6255.000000 1.012739 -0.195411 1.031419 -0.190610
6256.000000 1.012665 -0.195445 1.031353 -0.190656
6257.000000 1.012591 -0.195479 1.031287 -0.190703
6258.000000 1.012517 -0.195513 1.031220 -0.190749
6259.000000 1.012443 -0.195547 1.031154 -0.190795
6260.000000 1.012368 -0.195581 1.031088 -0.190841
6261.000000 1.012294 -0.195615 1.031021 -0.190887
6262.000000 1.012220 -0.195649 1.030955 -0.190932
6263.000000 1.012146 -0.195682 1.030888 -0.190978
6264.000000 1.012072 -0.195716 1.030822 -0.191024
6265.000000 1.011997 -0.195749 1.030755 -0.191069
6266.000000 1.011923 -0.195783 1.030689 -0.191115
6267.000000 1.011849 -0.195816 1.030622 -0.191160
6268.000000 1.011775 -0.195849 1.030556 -0.191205
6269.000000 1.011700 -0.195882 1.030489 -0.191250
6270.000000 1.011626 -0.195915 1.030422 -0.191295
6271.000000 1.011552 -0.195948 1.030356 -0.191340
6272.000000 1.011478 -0.195981 1.030289 -0.191385
6273.000000 1.011404 -0.196013 1.030223 -0.191430
6274.000000 1.011329 -0.196046 1.030156 -0.191475
6275.000000 1.011255 -0.196078 1.030089 -0.191519
6276.000000 1.011181 -0.196111 1.030022 -0.191564
6277.000000 1.011107 -0.196143 1.029956 -0.191609
6278.000000 1.011032 -0.196175 1.029889 -0.191653
6279.000000 1.010958 -0.196207 1.029822 -0.191697
6280.000000 1.010884 -0.196239 1.029755 -0.191741
6281.000000 1.010810 -0.196271 1.029689 -0.191786
6282.000000 1.010735 -0.196303 1.029622 -0.191830
6283.000000 1.010661 -0.196334 1.029555 -0.191874
6284.000000 1.010587 -0.196366 1.029488 -0.191917
6285.000000 1.010513 -0.196398 1.029421 -0.191961
6286.000000 1.010438 -0.196429 1.029354 -0.192005
6287.000000 1.010364 -0.196460 1.029287 -0.192048
6288.000000 1.010290 -0.196491 1.029220 -0.192092
6289.000000 1.010216 -0.196522 1.029153 -0.192135
6290.000000 1.010141 -0.196553 1.029086 -0.192179
6291.000000 1.010067 -0.196584 1.029019 -0.192222
6292.000000 1.009993 -0.196615 1.028952 -0.192265
6293.000000 1.009919 -0.196646 1.028885 -0.192308
6294.000000 1.009844 -0.196676 1.028818 -0.192351
6295.000000 1.009770 -0.196707 1.028751 -0.192394
6296.000000 1.009696 -0.196737 1.028684 -0.192437
6297.000000 1.009622 -0.196768 1.028617 -0.192480
6298.000000 1.009547 -0.196798 1.028550 -0.192522
6299.000000 1.009473 -0.196828 1.028483 -0.192565
6300.000000 1.009399 -0.196858 1.028416 -0.192607
6301.000000 1.009324 -0.196888 1.028348 -0.192650
6302.000000 1.009250 -0.196918 1.028281 -0.192692
6303.000000 1.009176 -0.196947 1.028214 -0.192734
6304.000000 1.009102 -0.196977 1.028147 -0.192776
6305.000000 1.009027 -0.197006 1.028080 -0.192818
6306.000000 1.008953 -0.197036 1.028012 -0.192860
6307.000000 1.008879 -0.197065 1.027945 -0.192902
6308.000000 1.008804 -0.197094 1.027878 -0.192944
6309.000000 1.008730 -0.197123 1.027810 -0.192985
6310.000000 1.008656 -0.197153 1.027743 -0.193027
6311.000000 1.008582 -0.197181 1.027676 -0.193068
6312.000000 1.008507 -0.197210 1.027608 -0.193110
6313.000000 1.008433 -0.197239 1.027541 -0.193151
6314.000000 1.008359 -0.197268 1.027474 -0.193192
6315.000000 1.008284 -0.197296 1.027406 -0.193234
6316.000000 1.008210 -0.197325 1.027339 -0.193275
6317.000000 1.008136 -0.197353 1.027271 -0.193316
6318.000000 1.008062 -0.197381 1.027204 -0.193356
6319.000000 1.007987 -0.197409 1.027136 -0.193397
6320.000000 1.007913 -0.197437 1.027069 -0.193438
6321.000000 1.007839 -0.197465 1.027001 -0.193478
6322.000000 1.007764 -0.197493 1.026934 -0.193519
6323.000000 1.007690 -0.197521 1.026866 -0.193559
6324.000000 1.007616 -0.197548 1.026798 -0.193600
6325.000000 1.007542 -0.197576 1.026731 -0.193640
6326.000000 1.007467 -0.197603 1.026663 -0.193680
6327.000000 1.007393 -0.197631 1.026596 -0.193720
6328.000000 1.007319 -0.197658 1.026528 -0.193760
6329.000000 1.007244 -0.197685 1.026460 -0.193800
6330.000000 1.007170 -0.197712 1.026393 -0.193840
6331.000000 1.007096 -0.197739 1.026325 -0.193880
6332.000000 1.007022 -0.197766 1.026257 -0.193919
6333.000000 1.006947 -0.197793 1.026189 -0.193959
6334.000000 1.006873 -0.197819 1.026122 -0.193998
6335.000000 1.006799 -0.197846 1.026054 -0.194037
6336.000000 1.006724 -0.197872 1.025986 -0.194077
6337.000000 1.006650 -0.197899 1.025918 -0.194116
6338.000000 1.006576 -0.197925 1.025850 -0.194155
6339.000000 1.006502 -0.197951 1.025783 -0.194194
6340.000000 1.006427 -0.197977 1.025715 -0.194233
6341.000000 1.006353 -0.198003 1.025647 -0.194272
6342.000000 1.006279 -0.198029 1.025579 -0.194310
6343.000000 1.006204 -0.198055 1.025511 -0.194349
6344.000000 1.006130 -0.198080 1.025443 -0.194388
6345.000000 1.006056 -0.198106 1.025375 -0.194426
6346.000000 1.005982 -0.198131 1.025307 -0.194464
6347.000000 1.005907 -0.198157 1.025239 -0.194503
6348.000000 1.005833 -0.198182 1.025171 -0.194541
6349.000000 1.005759 -0.198207 1.025103 -0.194579
6350.000000 1.005684 -0.198232 1.025035 -0.194617
6351.000000 1.005610 -0.198257 1.024967 -0.194655
6352.000000 1.005536 -0.198282 1.024899 -0.194693
6353.000000 1.005462 -0.198307 1.024831 -0.194730
6354.000000 1.005387 -0.198332 1.024763 -0.194768
6355.000000 1.005313 -0.198356 1.024695 -0.194806
6356.000000 1.005239 -0.198381 1.024627 -0.194843
6357.000000 1.005165 -0.198405 1.024559 -0.194880
6358.000000 1.005090 -0.198429 1.024490 -0.194918
6359.000000 1.005016 -0.198453 1.024422 -0.194955
6360.000000 1.004942 -0.198477 1.024354 -0.194992
6361.000000 1.004868 -0.198501 1.024286 -0.195029
6362.000000 1.004793 -0.198525 1.024218 -0.195066
6363.000000 1.004719 -0.198549 1.024149 -0.195103
6364.000000 1.004645 -0.198573 1.024081 -0.195139
6365.000000 1.004570 -0.198596 1.024013 -0.195176
6366.000000 1.004496 -0.198620 1.023945 -0.195213
6367.000000 1.004422 -0.198643 1.023876 -0.195249
6368.000000 1.004348 -0.198666 1.023808 -0.195285
6369.000000 1.004273 -0.198690 1.023740 -0.195322
6370.000000 1.004199 -0.198713 1.023671 -0.195358
6371.000000 1.004125 -0.198736 1.023603 -0.195394
6372.000000 1.004051 -0.198759 1.023534 -0.195430
6373.000000 1.003977 -0.198781 1.023466 -0.195466
6374.000000 1.003902 -0.198804 1.023398 -0.195502
6375.000000 1.003828 -0.198827 1.023329 -0.195538
6376.000000 1.003754 -0.198849 1.023261 -0.195573
6377.000000 1.003680 -0.198871 1.023192 -0.195609
6378.000000 1.003605 -0.198894 1.023124 -0.195644
6379.000000 1.003531 -0.198916 1.023055 -0.195680
6380.000000 1.003457 -0.198938 1.022987 -0.195715
6381.000000 1.003383 -0.198960 1.022918 -0.195750
6382.000000 1.003308 -0.198982 1.022850 -0.195785
6383.000000 1.003234 -0.199004 1.022781 -0.195820
6384.000000 1.003160 -0.199025 1.022713 -0.195855
6385.000000 1.003086 -0.199047 1.022644 -0.195890
6386.000000 1.003012 -0.199068 1.022575 -0.195925
6387.000000 1.002937 -0.199090 1.022507 -0.195959
6388.000000 1.002863 -0.199111 1.022438 -0.195994
6389.000000 1.002789 -0.199132 1.022369 -0.196028
6390.000000 1.002715 -0.199153 1.022301 -0.196063
6391.000000 1.002641 -0.199174 1.022232 -0.196097
6392.000000 1.002566 -0.199195 1.022163 -0.196131
6393.000000 1.002492 -0.199216 1.022095 -0.196165
6394.000000 1.002418 -0.199237 1.022026 -0.196199
6395.000000 1.002344 -0.199257 1.021957 -0.196233
6396.000000 1.002270 -0.199278 1.021888 -0.196267
6397.000000 1.002195 -0.199298 1.021820 -0.196301
6398.000000 1.002121 -0.199318 1.021751 -0.196334
6399.000000 1.002047 -0.199338 1.021682 -0.196368
6400.000000 1.001973 -0.199359 1.021613 -0.196401
6401.000000 1.001899 -0.199379 1.021544 -0.196435
6402.000000 1.001825 -0.199398 1.021476 -0.196468
6403.000000 1.001750 -0.199418 1.021407 -0.196501
6404.000000 1.001676 -0.199438 1.021338 -0.196534
6405.000000 1.001602 -0.199457 1.021269 -0.196567
6406.000000 1.001528 -0.199477 1.021200 -0.196600
6407.000000 1.001454 -0.199496 1.021131 -0.196633
6408.000000 1.001380 -0.199516 1.021062 -0.196665
6409.000000 1.001306 -0.199535 1.020993 -0.196698
6410.000000 1.001231 -0.199554 1.020924 -0.196731
6411.000000 1.001157 -0.199573 1.020855 -0.196763
6412.000000 1.001083 -0.199592 1.020786 -0.196795
6413.000000 1.001009 -0.199611 1.020717 -0.196828
6414.000000 1.000935 -0.199629 1.020648 -0.196860
6415.000000 1.000861 -0.199648 1.020579 -0.196892
6416.000000 1.000787 -0.199666 1.020510 -0.196924
6417.000000 1.000713 -0.199685 1.020441 -0.196956
6418.000000 1.000639 -0.199703 1.020372 -0.196987
6419.000000 1.000564 -0.199721 1.020303 -0.197019
6420.000000 1.000490 -0.199739 1.020234 -0.197051
6421.000000 1.000416 -0.199757 1.020164 -0.197082
6422.000000 1.000342 -0.199775 1.020095 -0.197114
6423.000000 1.000268 -0.199793 1.020026 -0.197145
6424.000000 1.000194 -0.199811 1.019957 -0.197176
6425.000000 1.000120 -0.199828 1.019888 -0.197207
6426.000000 1.000046 -0.199846 1.019819 -0.197238
6427.000000 0.999972 -0.199863 1.019749 -0.197269
6428.000000 0.999898 -0.199880 1.019680 -0.197300
6429.000000 0.999824 -0.199897 1.019611 -0.197331
6430.000000 0.999750 -0.199914 1.019542 -0.197361
6431.000000 0.999676 -0.199931 1.019472 -0.197392
6432.000000 0.999602 -0.199948 1.019403 -0.197423
6433.000000 0.999528 -0.199965 1.019334 -0.197453
6434.000000 0.999453 -0.199982 1.019264 -0.197483
6435.000000 0.999379 -0.199998 1.019195 -0.197513
6436.000000 0.999305 -0.200015 1.019126 -0.197543
6437.000000 0.999231 -0.200031 1.019056 -0.197574
6438.000000 0.999157 -0.200047 1.018987 -0.197603
6439.000000 0.999083 -0.200064 1.018918 -0.197633
6440.000000 0.999009 -0.200080 1.018848 -0.197663
6441.000000 0.998935 -0.200096 1.018779 -0.197693
6442.000000 0.998861 -0.200112 1.018709 -0.197722
6443.000000 0.998787 -0.200127 1.018640 -0.197752
6444.000000 0.998713 -0.200143 1.018570 -0.197781
6445.000000 0.998639 -0.200159 1.018501 -0.197810
6446.000000 0.998565 -0.200174 1.018431 -0.197839
6447.000000 0.998491 -0.200189 1.018362 -0.197868
6448.000000 0.998418 -0.200205 1.018292 -0.197897
6449.000000 0.998344 -0.200220 1.018223 -0.197926
6450.000000 0.998270 -0.200235 1.018153 -0.197955
6451.000000 0.998196 -0.200250 1.018084 -0.197984
6452.000000 0.998122 -0.200265 1.018014 -0.198012
6453.000000 0.998048 -0.200279 1.017945 -0.198041
6454.000000 0.997974 -0.200294 1.017875 -0.198069
6455.000000 0.997900 -0.200309 1.017805 -0.198098
6456.000000 0.997826 -0.200323 1.017736 -0.198126
6457.000000 0.997752 -0.200338 1.017666 -0.198154
6458.000000 0.997678 -0.200352 1.017597 -0.198182
6459.000000 0.997604 -0.200366 1.017527 -0.198210
6460.000000 0.997530 -0.200380 1.017457 -0.198238
6461.000000 0.997457 -0.200394 1.017387 -0.198266
6462.000000 0.997383 -0.200408 1.017318 -0.198293
6463.000000 0.997309 -0.200422 1.017248 -0.198321
6464.000000 0.997235 -0.200435 1.017178 -0.198348
6465.000000 0.997161 -0.200449 1.017109 -0.198376
6466.000000 0.997087 -0.200462 1.017039 -0.198403
6467.000000 0.997013 -0.200476 1.016969 -0.198430
6468.000000 0.996939 -0.200489 1.016899 -0.198457
6469.000000 0.996866 -0.200502 1.016829 -0.198484
6470.000000 0.996792 -0.200515 1.016760 -0.198511
6471.000000 0.996718 -0.200528 1.016690 -0.198538
6472.000000 0.996644 -0.200541 1.016620 -0.198565
6473.000000 0.996570 -0.200554 1.016550 -0.198591
6474.000000 0.996497 -0.200566 1.016480 -0.198618
6475.000000 0.996423 -0.200579 1.016410 -0.198644
6476.000000 0.996349 -0.200591 1.016340 -0.198671
6477.000000 0.996275 -0.200604 1.016271 -0.198697
6478.000000 0.996201 -0.200616 1.016201 -0.198723
6479.000000 0.996128 -0.200628 1.016131 -0.198749
6480.000000 0.996054 -0.200640 1.016061 -0.198775
6481.000000 0.995980 -0.200652 1.015991 -0.198801
6482.000000 0.995906 -0.200664 1.015921 -0.198827
6483.000000 0.995833 -0.200676 1.015851 -0.198852
6484.000000 0.995759 -0.200687 1.015781 -0.198878
6485.000000 0.995685 -0.200699 1.015711 -0.198903
6486.000000 0.995611 -0.200710 1.015641 -0.198929
6487.000000 0.995538 -0.200721 1.015571 -0.198954
6488.000000 0.995464 -0.200733 1.015501 -0.198979
6489.000000 0.995390 -0.200744 1.015431 -0.199004
6490.000000 0.995316 -0.200755 1.015361 -0.199029
6491.000000 0.995243 -0.200766 1.015291 -0.199054
6492.000000 0.995169 -0.200777 1.015221 -0.199079
6493.000000 0.995095 -0.200787 1.015150 -0.199104
6494.000000 0.995022 -0.200798 1.015080 -0.199128
6495.000000 0.994948 -0.200809 1.015010 -0.199153
6496.000000 0.994874 -0.200819 1.014940 -0.199177
6497.000000 0.994801 -0.200829 1.014870 -0.199202
6498.000000 0.994727 -0.200839 1.014800 -0.199226
6499.000000 0.994653 -0.200850 1.014730 -0.199250
6500.000000 0.994580 -0.200860 1.014659 -0.199274
6501.000000 0.994506 -0.200870 1.014589 -0.199298
6502.000000 0.994433 -0.200879 1.014519 -0.199322
6503.000000 0.994359 -0.200889 1.014449 -0.199345
6504.000000 0.994285 -0.200899 1.014379 -0.199369
6505.000000 0.994212 -0.200908 1.014308 -0.199393
6506.000000 0.994138 -0.200918 1.014238 -0.199416
6507.000000 0.994065 -0.200927 1.014168 -0.199440
6508.000000 0.993991 -0.200936 1.014097 -0.199463
6509.000000 0.993918 -0.200945 1.014027 -0.199486
6510.000000 0.993844 -0.200954 1.013957 -0.199509
6511.000000 0.993770 -0.200963 1.013887 -0.199532
6512.000000 0.993697 -0.200972 1.013816 -0.199555
6513.000000 0.993623 -0.200981 1.013746 -0.199578
6514.000000 0.993550 -0.200989 1.013676 -0.199600
6515.000000 0.993476 -0.200998 1.013605 -0.199623
6516.000000 0.993403 -0.201006 1.013535 -0.199646
6517.000000 0.993329 -0.201014 1.013464 -0.199668
6518.000000 0.993256 -0.201023 1.013394 -0.199690
6519.000000 0.993182 -0.201031 1.013324 -0.199712
6520.000000 0.993109 -0.201039 1.013253 -0.199735
6521.000000 0.993035 -0.201047 1.013183 -0.199757
6522.000000 0.992962 -0.201054 1.013112 -0.199779
6523.000000 0.992889 -0.201062 1.013042 -0.199800
6524.000000 0.992815 -0.201070 1.012971 -0.199822
6525.000000 0.992742 -0.201077 1.012901 -0.199844
6526.000000 0.992668 -0.201085 1.012830 -0.199865
6527.000000 0.992595 -0.201092 1.012760 -0.199887
6528.000000 0.992521 -0.201099 1.012689 -0.199908
6529.000000 0.992448 -0.201106 1.012619 -0.199929
6530.000000 0.992375 -0.201113 1.012548 -0.199950
6531.000000 0.992301 -0.201120 1.012478 -0.199972
6532.000000 0.992228 -0.201127 1.012407 -0.199992
6533.000000 0.992155 -0.201133 1.012337 -0.200013
6534.000000 0.992081 -0.201140 1.012266 -0.200034
6535.000000 0.992008 -0.201147 1.012195 -0.200055
6536.000000 0.991935 -0.201153 1.012125 -0.200075
6537.000000 0.991861 -0.201159 1.012054 -0.200096
6538.000000 0.991788 -0.201165 1.011984 -0.200116
6539.000000 0.991715 -0.201171 1.011913 -0.200136
6540.000000 0.991641 -0.201177 1.011842 -0.200157
6541.000000 0.991568 -0.201183 1.011772 -0.200177
6542.000000 0.991495 -0.201189 1.011701 -0.200197
6543.000000 0.991422 -0.201195 1.011630 -0.200217
6544.000000 0.991348 -0.201200 1.011560 -0.200236
6545.000000 0.991275 -0.201206 1.011489 -0.200256
6546.000000 0.991202 -0.201211 1.011418 -0.200276
6547.000000 0.991129 -0.201216 1.011348 -0.200295
6548.000000 0.991055 -0.201221 1.011277 -0.200315
6549.000000 0.990982 -0.201226 1.011206 -0.200334
6550.000000 0.990909 -0.201231 1.011135 -0.200353
6551.000000 0.990836 -0.201236 1.011065 -0.200372
6552.000000 0.990763 -0.201241 1.010994 -0.200391
6553.000000 0.990689 -0.201246 1.010923 -0.200410
6554.000000 0.990616 -0.201250 1.010852 -0.200429
6555.000000 0.990543 -0.201255 1.010781 -0.200448
6556.000000 0.990470 -0.201259 1.010711 -0.200466
6557.000000 0.990397 -0.201263 1.010640 -0.200485
6558.000000 0.990324 -0.201267 1.010569 -0.200503
6559.000000 0.990251 -0.201271 1.010498 -0.200521
6560.000000 0.990177 -0.201275 1.010427 -0.200540
6561.000000 0.990104 -0.201279 1.010356 -0.200558
6562.000000 0.990031 -0.201283 1.010285 -0.200576
6563.000000 0.989958 -0.201287 1.010215 -0.200594
6564.000000 0.989885 -0.201290 1.010144 -0.200612
6565.000000 0.989812 -0.201293 1.010073 -0.200629
6566.000000 0.989739 -0.201297 1.010002 -0.200647
6567.000000 0.989666 -0.201300 1.009931 -0.200665
6568.000000 0.989593 -0.201303 1.009860 -0.200682
6569.000000 0.989520 -0.201306 1.009789 -0.200699
6570.000000 0.989447 -0.201309 1.009718 -0.200717
6571.000000 0.989374 -0.201312 1.009647 -0.200734
6572.000000 0.989301 -0.201315 1.009576 -0.200751
6573.000000 0.989228 -0.201317 1.009505 -0.200768
6574.000000 0.989155 -0.201320 1.009434 -0.200785
6575.000000 0.989082 -0.201322 1.009363 -0.200801
6576.000000 0.989009 -0.201324 1.009292 -0.200818
6577.000000 0.988936 -0.201327 1.009221 -0.200835
6578.000000 0.988863 -0.201329 1.009150 -0.200851
6579.000000 0.988790 -0.201331 1.009079 -0.200867
6580.000000 0.988718 -0.201333 1.009008 -0.200884
6581.000000 0.988645 -0.201334 1.008937 -0.200900
6582.000000 0.988572 -0.201336 1.008866 -0.200916
6583.000000 0.988499 -0.201338 1.008795 -0.200932
6584.000000 0.988426 -0.201339 1.008724 -0.200948
6585.000000 0.988353 -0.201341 1.008653 -0.200963
6586.000000 0.988280 -0.201342 1.008582 -0.200979
6587.000000 0.988208 -0.201343 1.008510 -0.200995
6588.000000 0.988135 -0.201344 1.008439 -0.201010
6589.000000 0.988062 -0.201345 1.008368 -0.201025
6590.000000 0.987989 -0.201346 1.008297 -0.201041
6591.000000 0.987916 -0.201347 1.008226 -0.201056
6592.000000 0.987844 -0.201348 1.008155 -0.201071
6593.000000 0.987771 -0.201348 1.008084 -0.201086
6594.000000 0.987698 -0.201349 1.008012 -0.201101
6595.000000 0.987626 -0.201349 1.007941 -0.201116
6596.000000 0.987553 -0.201349 1.007870 -0.201130
6597.000000 0.987480 -0.201349 1.007799 -0.201145
6598.000000 0.987407 -0.201349 1.007728 -0.201159
6599.000000 0.987335 -0.201349 1.007656 -0.201174
6600.000000 0.987262 -0.201349 1.007585 -0.201188
6601.000000 0.987189 -0.201349 1.007514 -0.201202
6602.000000 0.987117 -0.201349 1.007443 -0.201216
6603.000000 0.987044 -0.201348 1.007371 -0.201230
6604.000000 0.986971 -0.201348 1.007300 -0.201244
6605.000000 0.986899 -0.201347 1.007229 -0.201258
6606.000000 0.986826 -0.201346 1.007158 -0.201272
6607.000000 0.986754 -0.201345 1.007086 -0.201285
6608.000000 0.986681 -0.201344 1.007015 -0.201299
6609.000000 0.986609 -0.201343 1.006944 -0.201312
6610.000000 0.986536 -0.201342 1.006872 -0.201325
6611.000000 0.986463 -0.201341 1.006801 -0.201338
6612.000000 0.986391 -0.201340 1.006730 -0.201352
6613.000000 0.986318 -0.201338 1.006658 -0.201365
6614.000000 0.986246 -0.201337 1.006587 -0.201377
6615.000000 0.986173 -0.201335 1.006516 -0.201390
6616.000000 0.986101 -0.201333 1.006444 -0.201403
6617.000000 0.986028 -0.201331 1.006373 -0.201415
6618.000000 0.985956 -0.201329 1.006302 -0.201428
6619.000000 0.985884 -0.201327 1.006230 -0.201440
6620.000000 0.985811 -0.201325 1.006159 -0.201453
6621.000000 0.985739 -0.201323 1.006087 -0.201465
6622.000000 0.985666 -0.201320 1.006016 -0.201477
6623.000000 0.985594 -0.201318 1.005945 -0.201489
6624.000000 0.985522 -0.201315 1.005873 -0.201501
6625.000000 0.985449 -0.201313 1.005802 -0.201513
6626.000000 0.985377 -0.201310 1.005730 -0.201524
6627.000000 0.985305 -0.201307 1.005659 -0.201536
6628.000000 0.985232 -0.201304 1.005587 -0.201547
6629.000000 0.985160 -0.201301 1.005516 -0.201559
6630.000000 0.985088 -0.201298 1.005444 -0.201570
6631.000000 0.985015 -0.201294 1.005373 -0.201581
6632.000000 0.984943 -0.201291 1.005301 -0.201592
6633.000000 0.984871 -0.201288 1.005230 -0.201603
6634.000000 0.984799 -0.201284 1.005158 -0.201614
6635.000000 0.984726 -0.201280 1.005087 -0.201625
6636.000000 0.984654 -0.201276 1.005015 -0.201636
6637.000000 0.984582 -0.201272 1.004944 -0.201646
6638.000000 0.984510 -0.201268 1.004872 -0.201657
6639.000000 0.984437 -0.201264 1.004801 -0.201667
6640.000000 0.984365 -0.201260 1.004729 -0.201677
6641.000000 0.984293 -0.201256 1.004658 -0.201687
6642.000000 0.984221 -0.201251 1.004586 -0.201697
6643.000000 0.984149 -0.201247 1.004514 -0.201707
6644.000000 0.984077 -0.201242 1.004443 -0.201717
6645.000000 0.984005 -0.201238 1.004371 -0.201727
6646.000000 0.983933 -0.201233 1.004300 -0.201737
6647.000000 0.983860 -0.201228 1.004228 -0.201746
6648.000000 0.983788 -0.201223 1.004156 -0.201756
6649.000000 0.983716 -0.201218 1.004085 -0.201765
6650.000000 0.983644 -0.201212 1.004013 -0.201774
6651.000000 0.983572 -0.201207 1.003942 -0.201784
6652.000000 0.983500 -0.201202 1.003870 -0.201793
6653.000000 0.983428 -0.201196 1.003798 -0.201802
6654.000000 0.983356 -0.201190 1.003727 -0.201811
6655.000000 0.983284 -0.201185 1.003655 -0.201819
6656.000000 0.983212 -0.201179 1.003583 -0.201828
6657.000000 0.983140 -0.201173 1.003512 -0.201837
6658.000000 0.983068 -0.201167 1.003440 -0.201845
6659.000000 0.982997 -0.201161 1.003368 -0.201853
6660.000000 0.982925 -0.201154 1.003297 -0.201862
6661.000000 0.982853 -0.201148 1.003225 -0.201870
6662.000000 0.982781 -0.201142 1.003153 -0.201878
6663.000000 0.982709 -0.201135 1.003081 -0.201886
6664.000000 0.982637 -0.201128 1.003010 -0.201894
6665.000000 0.982565 -0.201122 1.002938 -0.201901
6666.000000 0.982494 -0.201115 1.002866 -0.201909
6667.000000 0.982422 -0.201108 1.002795 -0.201917
6668.000000 0.982350 -0.201101 1.002723 -0.201924
6669.000000 0.982278 -0.201093 1.002651 -0.201931
6670.000000 0.982206 -0.201086 1.002579 -0.201939
6671.000000 0.982135 -0.201079 1.002507 -0.201946
6672.000000 0.982063 -0.201071 1.002436 -0.201953
6673.000000 0.981991 -0.201064 1.002364 -0.201960
6674.000000 0.981920 -0.201056 1.002292 -0.201967
6675.000000 0.981848 -0.201048 1.002220 -0.201973
6676.000000 0.981776 -0.201040 1.002149 -0.201980
6677.000000 0.981705 -0.201032 1.002077 -0.201986
6678.000000 0.981633 -0.201024 1.002005 -0.201993
6679.000000 0.981561 -0.201016 1.001933 -0.201999
6680.000000 0.981490 -0.201008 1.001861 -0.202005
6681.000000 0.981418 -0.200999 1.001789 -0.202012
6682.000000 0.981346 -0.200991 1.001718 -0.202018
6683.000000 0.981275 -0.200982 1.001646 -0.202023
6684.000000 0.981203 -0.200974 1.001574 -0.202029
6685.000000 0.981132 -0.200965 1.001502 -0.202035
6686.000000 0.981060 -0.200956 1.001430 -0.202041
6687.000000 0.980989 -0.200947 1.001358 -0.202046
6688.000000 0.980917 -0.200938 1.001287 -0.202052
6689.000000 0.980846 -0.200929 1.001215 -0.202057
6690.000000 0.980774 -0.200919 1.001143 -0.202062
6691.000000 0.980703 -0.200910 1.001071 -0.202067
6692.000000 0.980631 -0.200900 1.000999 -0.202072
6693.000000 0.980560 -0.200891 1.000927 -0.202077
6694.000000 0.980489 -0.200881 1.000855 -0.202082
6695.000000 0.980417 -0.200871 1.000783 -0.202087
6696.000000 0.980346 -0.200861 1.000711 -0.202091
6697.000000 0.980275 -0.200851 1.000639 -0.202096
6698.000000 0.980203 -0.200841 1.000568 -0.202100
6699.000000 0.980132 -0.200831 1.000496 -0.202104
6700.000000 0.980061 -0.200820 1.000424 -0.202108
6701.000000 0.979989 -0.200810 1.000352 -0.202113
6702.000000 0.979918 -0.200799 1.000280 -0.202116
6703.000000 0.979847 -0.200789 1.000208 -0.202120
6704.000000 0.979775 -0.200778 1.000136 -0.202124
6705.000000 0.979704 -0.200767 1.000064 -0.202128
6706.000000 0.979633 -0.200756 0.999992 -0.202131
6707.000000 0.979562 -0.200745 0.999920 -0.202135
6708.000000 0.979491 -0.200734 0.999848 -0.202138
6709.000000 0.979419 -0.200723 0.999776 -0.202141
6710.000000 0.979348 -0.200711 0.999704 -0.202145
6711.000000 0.979277 -0.200700 0.999632 -0.202148
6712.000000 0.979206 -0.200688 0.999560 -0.202151
6713.000000 0.979135 -0.200677 0.999488 -0.202153
6714.000000 0.979064 -0.200665 0.999416 -0.202156
6715.000000 0.978993 -0.200653 0.999344 -0.202159
6716.000000 0.978922 -0.200641 0.999272 -0.202161
6717.000000 0.978851 -0.200629 0.999200 -0.202164
6718.000000 0.978780 -0.200617 0.999128 -0.202166
6719.000000 0.978709 -0.200604 0.999056 -0.202168
6720.000000 0.978638 -0.200592 0.998984 -0.202170
6721.000000 0.978567 -0.200580 0.998912 -0.202172
6722.000000 0.978496 -0.200567 0.998840 -0.202174
6723.000000 0.978425 -0.200554 0.998768 -0.202176
6724.000000 0.978354 -0.200541 0.998696 -0.202178
6725.000000 0.978283 -0.200529 0.998624 -0.202180
6726.000000 0.978212 -0.200516 0.998552 -0.202181
6727.000000 0.978141 -0.200503 0.998480 -0.202182
6728.000000 0.978070 -0.200489 0.998408 -0.202184
6729.000000 0.978000 -0.200476 0.998335 -0.202185
6730.000000 0.977929 -0.200463 0.998263 -0.202186
6731.000000 0.977858 -0.200449 0.998191 -0.202187
6732.000000 0.977787 -0.200435 0.998119 -0.202188
6733.000000 0.977716 -0.200422 0.998047 -0.202189
6734.000000 0.977646 -0.200408 0.997975 -0.202189
6735.000000 0.977575 -0.200394 0.997903 -0.202190
6736.000000 0.977504 -0.200380 0.997831 -0.202190
6737.000000 0.977433 -0.200366 0.997759 -0.202191
6738.000000 0.977363 -0.200352 0.997687 -0.202191
6739.000000 0.977292 -0.200337 0.997615 -0.202191
6740.000000 0.977221 -0.200323 0.997542 -0.202191
6741.000000 0.977151 -0.200308 0.997470 -0.202191
6742.000000 0.977080 -0.200294 0.997398 -0.202191
6743.000000 0.977009 -0.200279 0.997326 -0.202191
6744.000000 0.976939 -0.200264 0.997254 -0.202190
6745.000000 0.976868 -0.200249 0.997182 -0.202190
6746.000000 0.976798 -0.200234 0.997110 -0.202189
6747.000000 0.976727 -0.200219 0.997037 -0.202189
6748.000000 0.976657 -0.200204 0.996965 -0.202188
6749.000000 0.976586 -0.200188 0.996893 -0.202187
6750.000000 0.976516 -0.200173 0.996821 -0.202186
6751.000000 0.976445 -0.200157 0.996749 -0.202185
6752.000000 0.976375 -0.200142 0.996677 -0.202184
6753.000000 0.976304 -0.200126 0.996605 -0.202183
6754.000000 0.976234 -0.200110 0.996532 -0.202181
6755.000000 0.976164 -0.200094 0.996460 -0.202180
6756.000000 0.976093 -0.200078 0.996388 -0.202178
6757.000000 0.976023 -0.200062 0.996316 -0.202176
6758.000000 0.975952 -0.200046 0.996244 -0.202175
6759.000000 0.975882 -0.200029 0.996172 -0.202173
6760.000000 0.975812 -0.200013 0.996099 -0.202171
6761.000000 0.975742 -0.199996 0.996027 -0.202168
6762.000000 0.975671 -0.199980 0.995955 -0.202166
6763.000000 0.975601 -0.199963 0.995883 -0.202164
6764.000000 0.975531 -0.199946 0.995811 -0.202161
6765.000000 0.975461 -0.199929 0.995738 -0.202159
6766.000000 0.975390 -0.199912 0.995666 -0.202156
6767.000000 0.975320 -0.199895 0.995594 -0.202153
6768.000000 0.975250 -0.199878 0.995522 -0.202151
6769.000000 0.975180 -0.199860 0.995450 -0.202148
6770.000000 0.975110 -0.199843 0.995377 -0.202145
6771.000000 0.975040 -0.199825 0.995305 -0.202141
6772.000000 0.974970 -0.199807 0.995233 -0.202138
6773.000000 0.974899 -0.199790 0.995161 -0.202135
6774.000000 0.974829 -0.199772 0.995088 -0.202131
6775.000000 0.974759 -0.199754 0.995016 -0.202128
6776.000000 0.974689 -0.199736 0.994944 -0.202124
6777.000000 0.974619 -0.199717 0.994872 -0.202120
6778.000000 0.974549 -0.199699 0.994800 -0.202116
6779.000000 0.974479 -0.199681 0.994727 -0.202112
6780.000000 0.974409 -0.199662 0.994655 -0.202108
6781.000000 0.974339 -0.199644 0.994583 -0.202104
6782.000000 0.974270 -0.199625 0.994511 -0.202100
6783.000000 0.974200 -0.199606 0.994438 -0.202095
6784.000000 0.974130 -0.199587 0.994366 -0.202091
6785.000000 0.974060 -0.199568 0.994294 -0.202086
6786.000000 0.973990 -0.199549 0.994222 -0.202081
6787.000000 0.973920 -0.199530 0.994149 -0.202076
6788.000000 0.973850 -0.199510 0.994077 -0.202072
6789.000000 0.973781 -0.199491 0.994005 -0.202066
6790.000000 0.973711 -0.199471 0.993933 -0.202061
6791.000000 0.973641 -0.199452 0.993860 -0.202056
6792.000000 0.973571 -0.199432 0.993788 -0.202051
6793.000000 0.973502 -0.199412 0.993716 -0.202045
6794.000000 0.973432 -0.199392 0.993643 -0.202040
6795.000000 0.973362 -0.199372 0.993571 -0.202034
6796.000000 0.973293 -0.199352 0.993499 -0.202028
6797.000000 0.973223 -0.199332 0.993427 -0.202022
6798.000000 0.973154 -0.199312 0.993354 -0.202016
6799.000000 0.973084 -0.199291 0.993282 -0.202010
6800.000000 0.973014 -0.199271 0.993210 -0.202004
6801.000000 0.972945 -0.199250 0.993138 -0.201998
6802.000000 0.972875 -0.199229 0.993065 -0.201991
6803.000000 0.972806 -0.199208 0.992993 -0.201985
6804.000000 0.972736 -0.199187 0.992921 -0.201978
6805.000000 0.972667 -0.199166 0.992848 -0.201971
6806.000000 0.972597 -0.199145 0.992776 -0.201964
6807.000000 0.972528 -0.199124 0.992704 -0.201957
6808.000000 0.972459 -0.199103 0.992632 -0.201950
6809.000000 0.972389 -0.199081 0.992559 -0.201943
6810.000000 0.972320 -0.199059 0.992487 -0.201936
6811.000000 0.972250 -0.199038 0.992415 -0.201929
6812.000000 0.972181 -0.199016 0.992342 -0.201921
6813.000000 0.972112 -0.198994 0.992270 -0.201914
6814.000000 0.972042 -0.198972 0.992198 -0.201906
6815.000000 0.971973 -0.198950 0.992125 -0.201898
6816.000000 0.971904 -0.198928 0.992053 -0.201890
6817.000000 0.971835 -0.198906 0.991981 -0.201882
6818.000000 0.971765 -0.198883 0.991909 -0.201874
6819.000000 0.971696 -0.198861 0.991836 -0.201866
6820.000000 0.971627 -0.198838 0.991764 -0.201858
6821.000000 0.971558 -0.198816 0.991692 -0.201849
6822.000000 0.971489 -0.198793 0.991619 -0.201841
6823.000000 0.971420 -0.198770 0.991547 -0.201832
6824.000000 0.971351 -0.198747 0.991475 -0.201823
6825.000000 0.971281 -0.198724 0.991402 -0.201814
6826.000000 0.971212 -0.198701 0.991330 -0.201805
6827.000000 0.971143 -0.198677 0.991258 -0.201796
6828.000000 0.971074 -0.198654 0.991186 -0.201787
6829.000000 0.971005 -0.198630 0.991113 -0.201778
6830.000000 0.970936 -0.198607 0.991041 -0.201768
6831.000000 0.970867 -0.198583 0.990969 -0.201759
6832.000000 0.970798 -0.198559 0.990896 -0.201749
6833.000000 0.970730 -0.198535 0.990824 -0.201740
6834.000000 0.970661 -0.198511 0.990752 -0.201730
6835.000000 0.970592 -0.198487 0.990679 -0.201720
6836.000000 0.970523 -0.198463 0.990607 -0.201710
6837.000000 0.970454 -0.198439 0.990535 -0.201700
6838.000000 0.970385 -0.198414 0.990462 -0.201690
6839.000000 0.970316 -0.198390 0.990390 -0.201679
6840.000000 0.970248 -0.198365 0.990318 -0.201669
6841.000000 0.970179 -0.198340 0.990245 -0.201658
6842.000000 0.970110 -0.198316 0.990173 -0.201648
6843.000000 0.970041 -0.198291 0.990101 -0.201637
6844.000000 0.969973 -0.198266 0.990029 -0.201626
6845.000000 0.969904 -0.198241 0.989956 -0.201615
6846.000000 0.969835 -0.198215 0.989884 -0.201604
6847.000000 0.969767 -0.198190 0.989812 -0.201593
6848.000000 0.969698 -0.198165 0.989739 -0.201581
6849.000000 0.969630 -0.198139 0.989667 -0.201570
6850.000000 0.969561 -0.198113 0.989595 -0.201559
6851.000000 0.969493 -0.198088 0.989522 -0.201547
6852.000000 0.969424 -0.198062 0.989450 -0.201535
6853.000000 0.969356 -0.198036 0.989378 -0.201523
6854.000000 0.969287 -0.198010 0.989305 -0.201511
6855.000000 0.969219 -0.197984 0.989233 -0.201499
6856.000000 0.969150 -0.197957 0.989161 -0.201487
6857.000000 0.969082 -0.197931 0.989089 -0.201475
6858.000000 0.969013 -0.197905 0.989016 -0.201463
6859.000000 0.968945 -0.197878 0.988944 -0.201450
6860.000000 0.968877 -0.197852 0.988872 -0.201438
6861.000000 0.968808 -0.197825 0.988799 -0.201425
6862.000000 0.968740 -0.197798 0.988727 -0.201412
6863.000000 0.968672 -0.197771 0.988655 -0.201399
6864.000000 0.968603 -0.197744 0.988582 -0.201386
6865.000000 0.968535 -0.197717 0.988510 -0.201373
6866.000000 0.968467 -0.197689 0.988438 -0.201360
6867.000000 0.968399 -0.197662 0.988365 -0.201347
6868.000000 0.968330 -0.197635 0.988293 -0.201333
6869.000000 0.968262 -0.197607 0.988221 -0.201320
6870.000000 0.968194 -0.197579 0.988149 -0.201306
6871.000000 0.968126 -0.197552 0.988076 -0.201292
6872.000000 0.968058 -0.197524 0.988004 -0.201278
6873.000000 0.967990 -0.197496 0.987932 -0.201264
6874.000000 0.967922 -0.197468 0.987859 -0.201250
6875.000000 0.967854 -0.197440 0.987787 -0.201236
6876.000000 0.967786 -0.197411 0.987715 -0.201222
6877.000000 0.967718 -0.197383 0.987643 -0.201208
6878.000000 0.967650 -0.197354 0.987570 -0.201193
6879.000000 0.967582 -0.197326 0.987498 -0.201178
6880.000000 0.967514 -0.197297 0.987426 -0.201164
6881.000000 0.967446 -0.197268 0.987353 -0.201149
6882.000000 0.967378 -0.197240 0.987281 -0.201134
6883.000000 0.967310 -0.197211 0.987209 -0.201119
6884.000000 0.967242 -0.197181 0.987137 -0.201104
6885.000000 0.967175 -0.197152 0.987064 -0.201089
6886.000000 0.967107 -0.197123 0.986992 -0.201073
6887.000000 0.967039 -0.197094 0.986920 -0.201058
6888.000000 0.966971 -0.197064 0.986847 -0.201042
6889.000000 0.966904 -0.197035 0.986775 -0.201026
6890.000000 0.966836 -0.197005 0.986703 -0.201011
6891.000000 0.966768 -0.196975 0.986631 -0.200995
6892.000000 0.966701 -0.196945 0.986558 -0.200979
6893.000000 0.966633 -0.196915 0.986486 -0.200963
6894.000000 0.966565 -0.196885 0.986414 -0.200946
6895.000000 0.966498 -0.196855 0.986342 -0.200930
6896.000000 0.966430 -0.196825 0.986269 -0.200914
6897.000000 0.966363 -0.196794 0.986197 -0.200897
6898.000000 0.966295 -0.196764 0.986125 -0.200881
6899.000000 0.966228 -0.196733 0.986053 -0.200864
6900.000000 0.966160 -0.196702 0.985980 -0.200847
6901.000000 0.966093 -0.196672 0.985908 -0.200830
6902.000000 0.966025 -0.196641 0.985836 -0.200813
6903.000000 0.965958 -0.196610 0.985764 -0.200796
6904.000000 0.965890 -0.196579 0.985691 -0.200778
6905.000000 0.965823 -0.196547 0.985619 -0.200761
6906.000000 0.965756 -0.196516 0.985547 -0.200744
6907.000000 0.965688 -0.196485 0.985475 -0.200726
6908.000000 0.965621 -0.196453 0.985402 -0.200708
6909.000000 0.965554 -0.196422 0.985330 -0.200690
6910.000000 0.965487 -0.196390 0.985258 -0.200672
6911.000000 0.965419 -0.196358 0.985186 -0.200654
6912.000000 0.965352 -0.196326 0.985114 -0.200636
6913.000000 0.965285 -0.196294 0.985041 -0.200618
6914.000000 0.965218 -0.196262 0.984969 -0.200600
6915.000000 0.965151 -0.196230 0.984897 -0.200581
6916.000000 0.965084 -0.196197 0.984825 -0.200563
6917.000000 0.965016 -0.196165 0.984753 -0.200544
6918.000000 0.964949 -0.196132 0.984680 -0.200525
6919.000000 0.964882 -0.196100 0.984608 -0.200506
6920.000000 0.964815 -0.196067 0.984536 -0.200487
6921.000000 0.964748 -0.196034 0.984464 -0.200468
6922.000000 0.964681 -0.196001 0.984392 -0.200449
6923.000000 0.964614 -0.195968 0.984319 -0.200429
6924.000000 0.964548 -0.195935 0.984247 -0.200410
6925.000000 0.964481 -0.195902 0.984175 -0.200390
6926.000000 0.964414 -0.195869 0.984103 -0.200371
6927.000000 0.964347 -0.195835 0.984031 -0.200351
6928.000000 0.964280 -0.195802 0.983958 -0.200331
6929.000000 0.964213 -0.195768 0.983886 -0.200311
6930.000000 0.964146 -0.195734 0.983814 -0.200291
6931.000000 0.964080 -0.195701 0.983742 -0.200271
6932.000000 0.964013 -0.195667 0.983670 -0.200251
6933.000000 0.963946 -0.195633 0.983598 -0.200230
6934.000000 0.963880 -0.195598 0.983526 -0.200210
6935.000000 0.963813 -0.195564 0.983453 -0.200189
6936.000000 0.963746 -0.195530 0.983381 -0.200168
6937.000000 0.963680 -0.195495 0.983309 -0.200147
6938.000000 0.963613 -0.195461 0.983237 -0.200126
6939.000000 0.963546 -0.195426 0.983165 -0.200105
6940.000000 0.963480 -0.195391 0.983093 -0.200084
6941.000000 0.963413 -0.195357 0.983021 -0.200063
6942.000000 0.963347 -0.195322 0.982948 -0.200042
6943.000000 0.963280 -0.195287 0.982876 -0.200020
6944.000000 0.963214 -0.195252 0.982804 -0.199998
6945.000000 0.963148 -0.195216 0.982732 -0.199977
6946.000000 0.963081 -0.195181 0.982660 -0.199955
6947.000000 0.963015 -0.195145 0.982588 -0.199933
6948.000000 0.962948 -0.195110 0.982516 -0.199911
6949.000000 0.962882 -0.195074 0.982444 -0.199889
6950.000000 0.962816 -0.195039 0.982372 -0.199866
6951.000000 0.962749 -0.195003 0.982300 -0.199844
6952.000000 0.962683 -0.194967 0.982228 -0.199822
6953.000000 0.962617 -0.194931 0.982155 -0.199799
6954.000000 0.962551 -0.194895 0.982083 -0.199776
6955.000000 0.962485 -0.194858 0.982011 -0.199754
6956.000000 0.962418 -0.194822 0.981939 -0.199731
6957.000000 0.962352 -0.194786 0.981867 -0.199708
6958.000000 0.962286 -0.194749 0.981795 -0.199684
6959.000000 0.962220 -0.194712 0.981723 -0.199661
6960.000000 0.962154 -0.194676 0.981651 -0.199638
6961.000000 0.962088 -0.194639 0.981579 -0.199614
6962.000000 0.962022 -0.194602 0.981507 -0.199591
6963.000000 0.961956 -0.194565 0.981435 -0.199567
6964.000000 0.961890 -0.194528 0.981363 -0.199543
6965.000000 0.961824 -0.194490 0.981291 -0.199520
6966.000000 0.961758 -0.194453 0.981219 -0.199496
6967.000000 0.961692 -0.194415 0.981147 -0.199471
6968.000000 0.961626 -0.194378 0.981075 -0.199447
6969.000000 0.961561 -0.194340 0.981003 -0.199423
6970.000000 0.961495 -0.194303 0.980931 -0.199398
6971.000000 0.961429 -0.194265 0.980859 -0.199374
6972.000000 0.961363 -0.194227 0.980787 -0.199349
6973.000000 0.961297 -0.194189 0.980715 -0.199324
6974.000000 0.961232 -0.194151 0.980643 -0.199300
6975.000000 0.961166 -0.194112 0.980571 -0.199275
6976.000000 0.961100 -0.194074 0.980499 -0.199250
6977.000000 0.961035 -0.194035 0.980427 -0.199224
6978.000000 0.960969 -0.193997 0.980355 -0.199199
6979.000000 0.960903 -0.193958 0.980283 -0.199174
6980.000000 0.960838 -0.193919 0.980211 -0.199148
6981.000000 0.960772 -0.193881 0.980139 -0.199122
6982.000000 0.960707 -0.193842 0.980067 -0.199097
6983.000000 0.960641 -0.193803 0.979996 -0.199071
6984.000000 0.960576 -0.193763 0.979924 -0.199045
6985.000000 0.960510 -0.193724 0.979852 -0.199019
6986.000000 0.960445 -0.193685 0.979780 -0.198993
6987.000000 0.960380 -0.193645 0.979708 -0.198966
6988.000000 0.960314 -0.193606 0.979636 -0.198940
6989.000000 0.960249 -0.193566 0.979564 -0.198913
6990.000000 0.960184 -0.193526 0.979492 -0.198887
6991.000000 0.960118 -0.193487 0.979420 -0.198860
6992.000000 0.960053 -0.193447 0.979348 -0.198833
6993.000000 0.959988 -0.193407 0.979277 -0.198806
6994.000000 0.959923 -0.193366 0.979205 -0.198779
6995.000000 0.959857 -0.193326 0.979133 -0.198752
6996.000000 0.959792 -0.193286 0.979061 -0.198725
6997.000000 0.959727 -0.193245 0.978989 -0.198698
6998.000000 0.959662 -0.193205 0.978917 -0.198670
6999.000000 0.959597 -0.193164 0.978846 -0.198642
7000.000000 0.959532 -0.193123 0.978774 -0.198615
7001.000000 0.959467 -0.193082 0.978702 -0.198587
7002.000000 0.959402 -0.193041 0.978630 -0.198559
7003.000000 0.959337 -0.193000 0.978558 -0.198531
7004.000000 0.959272 -0.192959 0.978486 -0.198503
7005.000000 0.959207 -0.192918 0.978415 -0.198475
7006.000000 0.959142 -0.192877 0.978343 -0.198446
7007.000000 0.959077 -0.192835 0.978271 -0.198418
7008.000000 0.959012 -0.192794 0.978199 -0.198389
7009.000000 0.958947 -0.192752 0.978128 -0.198360
7010.000000 0.958883 -0.192710 0.978056 -0.198332
7011.000000 0.958818 -0.192668 0.977984 -0.198303
7012.000000 0.958753 -0.192626 0.977912 -0.198274
7013.000000 0.958688 -0.192584 0.977841 -0.198245
7014.000000 0.958624 -0.192542 0.977769 -0.198215
7015.000000 0.958559 -0.192500 0.977697 -0.198186
7016.000000 0.958494 -0.192458 0.977625 -0.198157
7017.000000 0.958430 -0.192415 0.977554 -0.198127
7018.000000 0.958365 -0.192373 0.977482 -0.198097
7019.000000 0.958301 -0.192330 0.977410 -0.198068
7020.000000 0.958236 -0.192287 0.977339 -0.198038
7021.000000 0.958172 -0.192244 0.977267 -0.198008
7022.000000 0.958107 -0.192201 0.977195 -0.197978
7023.000000 0.958043 -0.192158 0.977124 -0.197947
7024.000000 0.957978 -0.192115 0.977052 -0.197917
7025.000000 0.957914 -0.192072 0.976980 -0.197887
7026.000000 0.957849 -0.192029 0.976909 -0.197856
7027.000000 0.957785 -0.191985 0.976837 -0.197825
7028.000000 0.957721 -0.191942 0.976765 -0.197795
7029.000000 0.957656 -0.191898 0.976694 -0.197764
7030.000000 0.957592 -0.191854 0.976622 -0.197733
7031.000000 0.957528 -0.191810 0.976551 -0.197702
7032.000000 0.957464 -0.191766 0.976479 -0.197670
7033.000000 0.957399 -0.191722 0.976407 -0.197639
7034.000000 0.957335 -0.191678 0.976336 -0.197608
7035.000000 0.957271 -0.191634 0.976264 -0.197576
7036.000000 0.957207 -0.191590 0.976193 -0.197544
7037.000000 0.957143 -0.191545 0.976121 -0.197513
7038.000000 0.957079 -0.191501 0.976049 -0.197481
7039.000000 0.957015 -0.191456 0.975978 -0.197449
7040.000000 0.956951 -0.191411 0.975906 -0.197417
7041.000000 0.956887 -0.191366 0.975835 -0.197384
7042.000000 0.956823 -0.191321 0.975763 -0.197352
7043.000000 0.956759 -0.191276 0.975692 -0.197320
7044.000000 0.956695 -0.191231 0.975620 -0.197287
7045.000000 0.956631 -0.191186 0.975549 -0.197255
7046.000000 0.956567 -0.191141 0.975477 -0.197222
7047.000000 0.956504 -0.191095 0.975406 -0.197189
7048.000000 0.956440 -0.191050 0.975334 -0.197156
7049.000000 0.956376 -0.191004 0.975263 -0.197123
7050.000000 0.956312 -0.190958 0.975191 -0.197090
7051.000000 0.956249 -0.190913 0.975120 -0.197056
7052.000000 0.956185 -0.190867 0.975049 -0.197023
7053.000000 0.956121 -0.190821 0.974977 -0.196990
7054.000000 0.956058 -0.190774 0.974906 -0.196956
7055.000000 0.955994 -0.190728 0.974834 -0.196922
7056.000000 0.955930 -0.190682 0.974763 -0.196888
7057.000000 0.955867 -0.190635 0.974691 -0.196854
7058.000000 0.955803 -0.190589 0.974620 -0.196820
7059.000000 0.955740 -0.190542 0.974549 -0.196786
7060.000000 0.955676 -0.190496 0.974477 -0.196752
7061.000000 0.955613 -0.190449 0.974406 -0.196717
7062.000000 0.955550 -0.190402 0.974335 -0.196683
7063.000000 0.955486 -0.190355 0.974263 -0.196648
7064.000000 0.955423 -0.190308 0.974192 -0.196614
7065.000000 0.955360 -0.190260 0.974121 -0.196579
7066.000000 0.955296 -0.190213 0.974049 -0.196544
7067.000000 0.955233 -0.190166 0.973978 -0.196509
7068.000000 0.955170 -0.190118 0.973907 -0.196474
7069.000000 0.955106 -0.190071 0.973835 -0.196438
7070.000000 0.955043 -0.190023 0.973764 -0.196403
7071.000000 0.954980 -0.189975 0.973693 -0.196367
7072.000000 0.954917 -0.189927 0.973622 -0.196332
7073.000000 0.954854 -0.189879 0.973550 -0.196296
7074.000000 0.954791 -0.189831 0.973479 -0.196260
7075.000000 0.954728 -0.189783 0.973408 -0.196224
7076.000000 0.954665 -0.189735 0.973337 -0.196188
7077.000000 0.954602 -0.189686 0.973265 -0.196152
7078.000000 0.954539 -0.189638 0.973194 -0.196116
7079.000000 0.954476 -0.189589 0.973123 -0.196079
7080.000000 0.954413 -0.189540 0.973052 -0.196043
7081.000000 0.954350 -0.189492 0.972981 -0.196006
7082.000000 0.954287 -0.189443 0.972909 -0.195970
7083.000000 0.954224 -0.189394 0.972838 -0.195933
7084.000000 0.954162 -0.189345 0.972767 -0.195896
7085.000000 0.954099 -0.189295 0.972696 -0.195859
7086.000000 0.954036 -0.189246 0.972625 -0.195822
7087.000000 0.953973 -0.189197 0.972554 -0.195784
7088.000000 0.953911 -0.189147 0.972483 -0.195747
7089.000000 0.953848 -0.189098 0.972411 -0.195710
7090.000000 0.953785 -0.189048 0.972340 -0.195672
7091.000000 0.953723 -0.188998 0.972269 -0.195634
7092.000000 0.953660 -0.188948 0.972198 -0.195596
7093.000000 0.953598 -0.188898 0.972127 -0.195558
7094.000000 0.953535 -0.188848 0.972056 -0.195520
7095.000000 0.953473 -0.188798 0.971985 -0.195482
7096.000000 0.953410 -0.188748 0.971914 -0.195444
7097.000000 0.953348 -0.188697 0.971843 -0.195406
7098.000000 0.953285 -0.188647 0.971772 -0.195367
7099.000000 0.953223 -0.188596 0.971701 -0.195329
7100.000000 0.953161 -0.188546 0.971630 -0.195290
7101.000000 0.953098 -0.188495 0.971559 -0.195251
7102.000000 0.953036 -0.188444 0.971488 -0.195212
7103.000000 0.952974 -0.188393 0.971417 -0.195173
7104.000000 0.952912 -0.188342 0.971346 -0.195134
7105.000000 0.952849 -0.188291 0.971275 -0.195095
7106.000000 0.952787 -0.188240 0.971204 -0.195055
7107.000000 0.952725 -0.188188 0.971133 -0.195016
7108.000000 0.952663 -0.188137 0.971062 -0.194976
7109.000000 0.952601 -0.188085 0.970992 -0.194937
7110.000000 0.952539 -0.188034 0.970921 -0.194897
7111.000000 0.952477 -0.187982 0.970850 -0.194857
7112.000000 0.952415 -0.187930 0.970779 -0.194817
7113.000000 0.952353 -0.187878 0.970708 -0.194777
7114.000000 0.952291 -0.187826 0.970637 -0.194737
7115.000000 0.952229 -0.187774 0.970566 -0.194696
7116.000000 0.952167 -0.187722 0.970496 -0.194656
7117.000000 0.952105 -0.187669 0.970425 -0.194615
7118.000000 0.952043 -0.187617 0.970354 -0.194574
7119.000000 0.951982 -0.187564 0.970283 -0.194534
7120.000000 0.951920 -0.187512 0.970212 -0.194493
7121.000000 0.951858 -0.187459 0.970142 -0.194452
7122.000000 0.951796 -0.187406 0.970071 -0.194411
7123.000000 0.951735 -0.187353 0.970000 -0.194369
7124.000000 0.951673 -0.187300 0.969929 -0.194328
7125.000000 0.951611 -0.187247 0.969859 -0.194287
7126.000000 0.951550 -0.187194 0.969788 -0.194245
7127.000000 0.951488 -0.187141 0.969717 -0.194203
7128.000000 0.951427 -0.187087 0.969647 -0.194161
7129.000000 0.951365 -0.187034 0.969576 -0.194120
7130.000000 0.951304 -0.186980 0.969505 -0.194078
7131.000000 0.951242 -0.186927 0.969435 -0.194035
7132.000000 0.951181 -0.186873 0.969364 -0.193993
7133.000000 0.951120 -0.186819 0.969293 -0.193951
7134.000000 0.951058 -0.186765 0.969223 -0.193908
7135.000000 0.950997 -0.186711 0.969152 -0.193866
7136.000000 0.950936 -0.186657 0.969082 -0.193823
7137.000000 0.950874 -0.186602 0.969011 -0.193780
7138.000000 0.950813 -0.186548 0.968940 -0.193737
7139.000000 0.950752 -0.186493 0.968870 -0.193694
7140.000000 0.950691 -0.186439 0.968799 -0.193651
7141.000000 0.950630 -0.186384 0.968729 -0.193608
7142.000000 0.950568 -0.186329 0.968658 -0.193565
7143.000000 0.950507 -0.186275 0.968588 -0.193521
7144.000000 0.950446 -0.186220 0.968517 -0.193478
7145.000000 0.950385 -0.186165 0.968447 -0.193434
7146.000000 0.950324 -0.186109 0.968376 -0.193390
7147.000000 0.950263 -0.186054 0.968306 -0.193346
7148.000000 0.950202 -0.185999 0.968235 -0.193302
7149.000000 0.950141 -0.185943 0.968165 -0.193258
7150.000000 0.950080 -0.185888 0.968095 -0.193214
7151.000000 0.950020 -0.185832 0.968024 -0.193170
7152.000000 0.949959 -0.185776 0.967954 -0.193125
7153.000000 0.949898 -0.185721 0.967883 -0.193081
7154.000000 0.949837 -0.185665 0.967813 -0.193036
7155.000000 0.949777 -0.185609 0.967743 -0.192991
7156.000000 0.949716 -0.185552 0.967672 -0.192946
7157.000000 0.949655 -0.185496 0.967602 -0.192901
7158.000000 0.949594 -0.185440 0.967532 -0.192856
7159.000000 0.949534 -0.185383 0.967461 -0.192811
7160.000000 0.949473 -0.185327 0.967391 -0.192766
7161.000000 0.949413 -0.185270 0.967321 -0.192720
7162.000000 0.949352 -0.185214 0.967251 -0.192675
7163.000000 0.949292 -0.185157 0.967180 -0.192629
7164.000000 0.949231 -0.185100 0.967110 -0.192583
7165.000000 0.949171 -0.185043 0.967040 -0.192537
7166.000000 0.949110 -0.184986 0.966970 -0.192491
7167.000000 0.949050 -0.184929 0.966899 -0.192445
7168.000000 0.948990 -0.184871 0.966829 -0.192399
7169.000000 0.948929 -0.184814 0.966759 -0.192353
7170.000000 0.948869 -0.184756 0.966689 -0.192306
7171.000000 0.948809 -0.184699 0.966619 -0.192260
7172.000000 0.948749 -0.184641 0.966549 -0.192213
7173.000000 0.948688 -0.184583 0.966479 -0.192166
7174.000000 0.948628 -0.184526 0.966408 -0.192119
7175.000000 0.948568 -0.184468 0.966338 -0.192072
7176.000000 0.948508 -0.184410 0.966268 -0.192025
7177.000000 0.948448 -0.184351 0.966198 -0.191978
7178.000000 0.948388 -0.184293 0.966128 -0.191931
7179.000000 0.948328 -0.184235 0.966058 -0.191883
7180.000000 0.948268 -0.184176 0.965988 -0.191836
7181.000000 0.948208 -0.184118 0.965918 -0.191788
7182.000000 0.948148 -0.184059 0.965848 -0.191740
7183.000000 0.948088 -0.184000 0.965778 -0.191692
7184.000000 0.948028 -0.183942 0.965708 -0.191644
7185.000000 0.947969 -0.183883 0.965638 -0.191596
7186.000000 0.947909 -0.183824 0.965568 -0.191548
7187.000000 0.947849 -0.183765 0.965498 -0.191500
7188.000000 0.947789 -0.183705 0.965428 -0.191451
7189.000000 0.947730 -0.183646 0.965359 -0.191403
7190.000000 0.947670 -0.183587 0.965289 -0.191354
7191.000000 0.947610 -0.183527 0.965219 -0.191305
7192.000000 0.947551 -0.183467 0.965149 -0.191256
7193.000000 0.947491 -0.183408 0.965079 -0.191207
7194.000000 0.947431 -0.183348 0.965009 -0.191158
7195.000000 0.947372 -0.183288 0.964939 -0.191109
7196.000000 0.947312 -0.183228 0.964870 -0.191060
7197.000000 0.947253 -0.183168 0.964800 -0.191010
7198.000000 0.947194 -0.183108 0.964730 -0.190961
7199.000000 0.947134 -0.183048 0.964660 -0.190911
7200.000000 0.947075 -0.182987 0.964591 -0.190861
7201.000000 0.947016 -0.182927 0.964521 -0.190811
7202.000000 0.946956 -0.182866 0.964451 -0.190761
7203.000000 0.946897 -0.182806 0.964381 -0.190711
7204.000000 0.946838 -0.182745 0.964312 -0.190661
7205.000000 0.946778 -0.182684 0.964242 -0.190611
7206.000000 0.946719 -0.182623 0.964173 -0.190560
7207.000000 0.946660 -0.182562 0.964103 -0.190510
7208.000000 0.946601 -0.182501 0.964033 -0.190459
7209.000000 0.946542 -0.182440 0.963964 -0.190408
7210.000000 0.946483 -0.182378 0.963894 -0.190357
7211.000000 0.946424 -0.182317 0.963824 -0.190306
7212.000000 0.946365 -0.182255 0.963755 -0.190255
7213.000000 0.946306 -0.182194 0.963685 -0.190204
7214.000000 0.946247 -0.182132 0.963616 -0.190153
7215.000000 0.946188 -0.182070 0.963546 -0.190101
7216.000000 0.946129 -0.182008 0.963477 -0.190050
7217.000000 0.946070 -0.181946 0.963407 -0.189998
7218.000000 0.946012 -0.181884 0.963338 -0.189946
7219.000000 0.945953 -0.181822 0.963268 -0.189894
7220.000000 0.945894 -0.181760 0.963199 -0.189842
7221.000000 0.945835 -0.181697 0.963130 -0.189790
7222.000000 0.945777 -0.181635 0.963060 -0.189738
7223.000000 0.945718 -0.181572 0.962991 -0.189686
7224.000000 0.945660 -0.181510 0.962921 -0.189633
7225.000000 0.945601 -0.181447 0.962852 -0.189581
7226.000000 0.945542 -0.181384 0.962783 -0.189528
7227.000000 0.945484 -0.181321 0.962713 -0.189475
7228.000000 0.945425 -0.181258 0.962644 -0.189423
7229.000000 0.945367 -0.181195 0.962575 -0.189370
7230.000000 0.945309 -0.181132 0.962506 -0.189316
7231.000000 0.945250 -0.181068 0.962436 -0.189263
7232.000000 0.945192 -0.181005 0.962367 -0.189210
7233.000000 0.945133 -0.180941 0.962298 -0.189157
7234.000000 0.945075 -0.180878 0.962229 -0.189103
7235.000000 0.945017 -0.180814 0.962159 -0.189049
7236.000000 0.944959 -0.180750 0.962090 -0.188996
7237.000000 0.944900 -0.180686 0.962021 -0.188942
7238.000000 0.944842 -0.180622 0.961952 -0.188888
7239.000000 0.944784 -0.180558 0.961883 -0.188834
7240.000000 0.944726 -0.180494 0.961814 -0.188779
7241.000000 0.944668 -0.180430 0.961745 -0.188725
7242.000000 0.944610 -0.180365 0.961675 -0.188671
7243.000000 0.944552 -0.180301 0.961606 -0.188616
7244.000000 0.944494 -0.180236 0.961537 -0.188561
7245.000000 0.944436 -0.180172 0.961468 -0.188507
7246.000000 0.944378 -0.180107 0.961399 -0.188452
7247.000000 0.944320 -0.180042 0.961330 -0.188397
7248.000000 0.944262 -0.179977 0.961261 -0.188342
7249.000000 0.944205 -0.179912 0.961192 -0.188287
7250.000000 0.944147 -0.179847 0.961123 -0.188231
7251.000000 0.944089 -0.179782 0.961054 -0.188176
7252.000000 0.944031 -0.179716 0.960986 -0.188120
7253.000000 0.943974 -0.179651 0.960917 -0.188065
7254.000000 0.943916 -0.179586 0.960848 -0.188009
7255.000000 0.943858 -0.179520 0.960779 -0.187953
7256.000000 0.943801 -0.179454 0.960710 -0.187897
7257.000000 0.943743 -0.179388 0.960641 -0.187841
7258.000000 0.943686 -0.179323 0.960572 -0.187785
7259.000000 0.943628 -0.179257 0.960504 -0.187728
7260.000000 0.943571 -0.179190 0.960435 -0.187672
7261.000000 0.943513 -0.179124 0.960366 -0.187615
7262.000000 0.943456 -0.179058 0.960297 -0.187559
7263.000000 0.943399 -0.178992 0.960229 -0.187502
7264.000000 0.943341 -0.178925 0.960160 -0.187445
7265.000000 0.943284 -0.178859 0.960091 -0.187388
7266.000000 0.943227 -0.178792 0.960022 -0.187331
7267.000000 0.943169 -0.178725 0.959954 -0.187274
7268.000000 0.943112 -0.178658 0.959885 -0.187217
7269.000000 0.943055 -0.178592 0.959817 -0.187159
7270.000000 0.942998 -0.178525 0.959748 -0.187102
7271.000000 0.942941 -0.178457 0.959679 -0.187044
7272.000000 0.942884 -0.178390 0.959611 -0.186986
7273.000000 0.942827 -0.178323 0.959542 -0.186928
7274.000000 0.942770 -0.178256 0.959474 -0.186870
7275.000000 0.942713 -0.178188 0.959405 -0.186812
7276.000000 0.942656 -0.178120 0.959337 -0.186754
7277.000000 0.942599 -0.178053 0.959268 -0.186696
7278.000000 0.942542 -0.177985 0.959200 -0.186637
7279.000000 0.942485 -0.177917 0.959131 -0.186579
7280.000000 0.942428 -0.177849 0.959063 -0.186520
7281.000000 0.942372 -0.177781 0.958995 -0.186461
7282.000000 0.942315 -0.177713 0.958926 -0.186403
7283.000000 0.942258 -0.177645 0.958858 -0.186344
7284.000000 0.942202 -0.177576 0.958789 -0.186285
7285.000000 0.942145 -0.177508 0.958721 -0.186225
7286.000000 0.942088 -0.177440 0.958653 -0.186166
7287.000000 0.942032 -0.177371 0.958584 -0.186107
7288.000000 0.941975 -0.177302 0.958516 -0.186047
7289.000000 0.941919 -0.177233 0.958448 -0.185988
7290.000000 0.941862 -0.177165 0.958380 -0.185928
7291.000000 0.941806 -0.177096 0.958311 -0.185868
7292.000000 0.941749 -0.177026 0.958243 -0.185808
7293.000000 0.941693 -0.176957 0.958175 -0.185748
7294.000000 0.941637 -0.176888 0.958107 -0.185688
7295.000000 0.941580 -0.176819 0.958039 -0.185627
7296.000000 0.941524 -0.176749 0.957971 -0.185567
7297.000000 0.941468 -0.176680 0.957903 -0.185506
7298.000000 0.941412 -0.176610 0.957834 -0.185446
7299.000000 0.941355 -0.176540 0.957766 -0.185385
7300.000000 0.941299 -0.176470 0.957698 -0.185324
7301.000000 0.941243 -0.176401 0.957630 -0.185263
7302.000000 0.941187 -0.176331 0.957562 -0.185202
7303.000000 0.941131 -0.176260 0.957494 -0.185141
7304.000000 0.941075 -0.176190 0.957426 -0.185080
7305.000000 0.941019 -0.176120 0.957358 -0.185018
7306.000000 0.940963 -0.176050 0.957290 -0.184957
7307.000000 0.940907 -0.175979 0.957222 -0.184895
7308.000000 0.940851 -0.175909 0.957155 -0.184833
7309.000000 0.940795 -0.175838 0.957087 -0.184772
7310.000000 0.940740 -0.175767 0.957019 -0.184710
7311.000000 0.940684 -0.175696 0.956951 -0.184648
7312.000000 0.940628 -0.175625 0.956883 -0.184585
7313.000000 0.940572 -0.175554 0.956815 -0.184523
7314.000000 0.940517 -0.175483 0.956748 -0.184461
7315.000000 0.940461 -0.175412 0.956680 -0.184398
7316.000000 0.940405 -0.175341 0.956612 -0.184336
7317.000000 0.940350 -0.175269 0.956544 -0.184273
7318.000000 0.940294 -0.175198 0.956477 -0.184210
7319.000000 0.940239 -0.175126 0.956409 -0.184147
7320.000000 0.940183 -0.175055 0.956341 -0.184084
7321.000000 0.940128 -0.174983 0.956274 -0.184021
7322.000000 0.940072 -0.174911 0.956206 -0.183958
7323.000000 0.940017 -0.174839 0.956138 -0.183894
7324.000000 0.939962 -0.174767 0.956071 -0.183831
7325.000000 0.939906 -0.174695 0.956003 -0.183767
7326.000000 0.939851 -0.174623 0.955936 -0.183703
7327.000000 0.939796 -0.174550 0.955868 -0.183639
7328.000000 0.939741 -0.174478 0.955801 -0.183576
7329.000000 0.939685 -0.174405 0.955733 -0.183511
7330.000000 0.939630 -0.174333 0.955666 -0.183447
7331.000000 0.939575 -0.174260 0.955598 -0.183383
7332.000000 0.939520 -0.174187 0.955531 -0.183319
7333.000000 0.939465 -0.174114 0.955464 -0.183254
7334.000000 0.939410 -0.174041 0.955396 -0.183190
7335.000000 0.939355 -0.173968 0.955329 -0.183125
7336.000000 0.939300 -0.173895 0.955261 -0.183060
7337.000000 0.939245 -0.173822 0.955194 -0.182995
7338.000000 0.939190 -0.173749 0.955127 -0.182930
7339.000000 0.939136 -0.173675 0.955060 -0.182865
7340.000000 0.939081 -0.173602 0.954992 -0.182800
7341.000000 0.939026 -0.173528 0.954925 -0.182734
7342.000000 0.938971 -0.173454 0.954858 -0.182669
7343.000000 0.938917 -0.173380 0.954791 -0.182603
7344.000000 0.938862 -0.173307 0.954723 -0.182537
7345.000000 0.938807 -0.173233 0.954656 -0.182472
7346.000000 0.938753 -0.173159 0.954589 -0.182406
7347.000000 0.938698 -0.173084 0.954522 -0.182340
7348.000000 0.938644 -0.173010 0.954455 -0.182274
7349.000000 0.938589 -0.172936 0.954388 -0.182207
7350.000000 0.938535 -0.172861 0.954321 -0.182141
7351.000000 0.938480 -0.172787 0.954254 -0.182074
7352.000000 0.938426 -0.172712 0.954187 -0.182008
7353.000000 0.938371 -0.172637 0.954120 -0.181941
7354.000000 0.938317 -0.172563 0.954053 -0.181874
7355.000000 0.938263 -0.172488 0.953986 -0.181807
7356.000000 0.938209 -0.172413 0.953919 -0.181740
7357.000000 0.938154 -0.172338 0.953852 -0.181673
7358.000000 0.938100 -0.172263 0.953785 -0.181606
7359.000000 0.938046 -0.172187 0.953718 -0.181539
7360.000000 0.937992 -0.172112 0.953652 -0.181471
7361.000000 0.937938 -0.172037 0.953585 -0.181404
7362.000000 0.937884 -0.171961 0.953518 -0.181336
7363.000000 0.937830 -0.171885 0.953451 -0.181268
7364.000000 0.937776 -0.171810 0.953384 -0.181200
7365.000000 0.937722 -0.171734 0.953318 -0.181132
7366.000000 0.937668 -0.171658 0.953251 -0.181064
7367.000000 0.937614 -0.171582 0.953184 -0.180996
7368.000000 0.937560 -0.171506 0.953118 -0.180927
7369.000000 0.937506 -0.171430 0.953051 -0.180859
7370.000000 0.937453 -0.171353 0.952984 -0.180790
7371.000000 0.937399 -0.171277 0.952918 -0.180722
7372.000000 0.937345 -0.171201 0.952851 -0.180653
7373.000000 0.937291 -0.171124 0.952785 -0.180584
7374.000000 0.937238 -0.171047 0.952718 -0.180515
7375.000000 0.937184 -0.170971 0.952652 -0.180446
7376.000000 0.937131 -0.170894 0.952585 -0.180377
7377.000000 0.937077 -0.170817 0.952519 -0.180307
7378.000000 0.937024 -0.170740 0.952452 -0.180238
7379.000000 0.936970 -0.170663 0.952386 -0.180168
7380.000000 0.936917 -0.170586 0.952320 -0.180099
7381.000000 0.936863 -0.170509 0.952253 -0.180029
7382.000000 0.936810 -0.170431 0.952187 -0.179959
7383.000000 0.936757 -0.170354 0.952121 -0.179889
7384.000000 0.936703 -0.170276 0.952054 -0.179819
7385.000000 0.936650 -0.170199 0.951988 -0.179749
7386.000000 0.936597 -0.170121 0.951922 -0.179678
7387.000000 0.936544 -0.170043 0.951855 -0.179608
7388.000000 0.936491 -0.169965 0.951789 -0.179537
7389.000000 0.936437 -0.169887 0.951723 -0.179467
7390.000000 0.936384 -0.169809 0.951657 -0.179396
7391.000000 0.936331 -0.169731 0.951591 -0.179325
7392.000000 0.936278 -0.169653 0.951525 -0.179254
7393.000000 0.936225 -0.169574 0.951459 -0.179183
7394.000000 0.936172 -0.169496 0.951393 -0.179112
7395.000000 0.936120 -0.169418 0.951326 -0.179041
7396.000000 0.936067 -0.169339 0.951260 -0.178969
7397.000000 0.936014 -0.169260 0.951194 -0.178898
7398.000000 0.935961 -0.169181 0.951128 -0.178826
7399.000000 0.935908 -0.169103 0.951063 -0.178754
7400.000000 0.935856 -0.169024 0.950997 -0.178682
7401.000000 0.935803 -0.168944 0.950931 -0.178610
7402.000000 0.935750 -0.168865 0.950865 -0.178538
7403.000000 0.935698 -0.168786 0.950799 -0.178466
7404.000000 0.935645 -0.168707 0.950733 -0.178394
7405.000000 0.935592 -0.168627 0.950667 -0.178321
7406.000000 0.935540 -0.168548 0.950602 -0.178249
7407.000000 0.935487 -0.168468 0.950536 -0.178176
7408.000000 0.935435 -0.168389 0.950470 -0.178104
7409.000000 0.935383 -0.168309 0.950404 -0.178031
7410.000000 0.935330 -0.168229 0.950339 -0.177958
7411.000000 0.935278 -0.168149 0.950273 -0.177885
7412.000000 0.935225 -0.168069 0.950207 -0.177812
7413.000000 0.935173 -0.167989 0.950142 -0.177738
7414.000000 0.935121 -0.167909 0.950076 -0.177665
7415.000000 0.935069 -0.167828 0.950010 -0.177591
7416.000000 0.935017 -0.167748 0.949945 -0.177518
7417.000000 0.934964 -0.167667 0.949879 -0.177444
7418.000000 0.934912 -0.167587 0.949814 -0.177370
7419.000000 0.934860 -0.167506 0.949748 -0.177296
7420.000000 0.934808 -0.167425 0.949683 -0.177222
7421.000000 0.934756 -0.167345 0.949618 -0.177148
7422.000000 0.934704 -0.167264 0.949552 -0.177074
7423.000000 0.934652 -0.167183 0.949487 -0.177000
7424.000000 0.934601 -0.167101 0.949421 -0.176925
7425.000000 0.934549 -0.167020 0.949356 -0.176850
7426.000000 0.934497 -0.166939 0.949291 -0.176776
7427.000000 0.934445 -0.166858 0.949226 -0.176701
7428.000000 0.934393 -0.166776 0.949160 -0.176626
7429.000000 0.934342 -0.166695 0.949095 -0.176551
7430.000000 0.934290 -0.166613 0.949030 -0.176476
7431.000000 0.934238 -0.166531 0.948965 -0.176401
7432.000000 0.934187 -0.166449 0.948900 -0.176325
7433.000000 0.934135 -0.166367 0.948834 -0.176250
7434.000000 0.934084 -0.166285 0.948769 -0.176174
7435.000000 0.934032 -0.166203 0.948704 -0.176099
7436.000000 0.933981 -0.166121 0.948639 -0.176023
7437.000000 0.933929 -0.166039 0.948574 -0.175947
7438.000000 0.933878 -0.165957 0.948509 -0.175871
7439.000000 0.933827 -0.165874 0.948444 -0.175795
7440.000000 0.933775 -0.165792 0.948379 -0.175719
7441.000000 0.933724 -0.165709 0.948314 -0.175642
7442.000000 0.933673 -0.165626 0.948249 -0.175566
7443.000000 0.933621 -0.165543 0.948184 -0.175489
7444.000000 0.933570 -0.165461 0.948120 -0.175413
7445.000000 0.933519 -0.165378 0.948055 -0.175336
7446.000000 0.933468 -0.165295 0.947990 -0.175259
7447.000000 0.933417 -0.165211 0.947925 -0.175182
7448.000000 0.933366 -0.165128 0.947860 -0.175105
7449.000000 0.933315 -0.165045 0.947796 -0.175028
7450.000000 0.933264 -0.164961 0.947731 -0.174950
7451.000000 0.933213 -0.164878 0.947666 -0.174873
7452.000000 0.933162 -0.164794 0.947602 -0.174796
7453.000000 0.933111 -0.164711 0.947537 -0.174718
7454.000000 0.933061 -0.164627 0.947472 -0.174640
7455.000000 0.933010 -0.164543 0.947408 -0.174562
7456.000000 0.932959 -0.164459 0.947343 -0.174484
7457.000000 0.932908 -0.164375 0.947279 -0.174406
7458.000000 0.932858 -0.164291 0.947214 -0.174328
7459.000000 0.932807 -0.164207 0.947150 -0.174250
7460.000000 0.932756 -0.164122 0.947085 -0.174171
7461.000000 0.932706 -0.164038 0.947021 -0.174093
7462.000000 0.932655 -0.163954 0.946957 -0.174014
7463.000000 0.932605 -0.163869 0.946892 -0.173936
7464.000000 0.932554 -0.163784 0.946828 -0.173857
7465.000000 0.932504 -0.163700 0.946764 -0.173778
7466.000000 0.932454 -0.163615 0.946699 -0.173699
7467.000000 0.932403 -0.163530 0.946635 -0.173620
7468.000000 0.932353 -0.163445 0.946571 -0.173540
7469.000000 0.932303 -0.163360 0.946507 -0.173461
7470.000000 0.932252 -0.163275 0.946442 -0.173382
7471.000000 0.932202 -0.163190 0.946378 -0.173302
7472.000000 0.932152 -0.163104 0.946314 -0.173222
7473.000000 0.932102 -0.163019 0.946250 -0.173143
7474.000000 0.932052 -0.162933 0.946186 -0.173063
7475.000000 0.932002 -0.162848 0.946122 -0.172983
7476.000000 0.931952 -0.162762 0.946058 -0.172903
7477.000000 0.931902 -0.162676 0.945994 -0.172822
7478.000000 0.931852 -0.162590 0.945930 -0.172742
7479.000000 0.931802 -0.162504 0.945866 -0.172662
7480.000000 0.931752 -0.162418 0.945802 -0.172581
7481.000000 0.931702 -0.162332 0.945738 -0.172500
7482.000000 0.931652 -0.162246 0.945674 -0.172420
7483.000000 0.931603 -0.162160 0.945611 -0.172339
7484.000000 0.931553 -0.162073 0.945547 -0.172258
7485.000000 0.931503 -0.161987 0.945483 -0.172177
7486.000000 0.931454 -0.161900 0.945419 -0.172095
7487.000000 0.931404 -0.161814 0.945356 -0.172014
7488.000000 0.931354 -0.161727 0.945292 -0.171933
7489.000000 0.931305 -0.161640 0.945228 -0.171851
7490.000000 0.931255 -0.161553 0.945165 -0.171770
7491.000000 0.931206 -0.161466 0.945101 -0.171688
7492.000000 0.931156 -0.161379 0.945037 -0.171606
7493.000000 0.931107 -0.161292 0.944974 -0.171524
7494.000000 0.931058 -0.161205 0.944910 -0.171442
7495.000000 0.931008 -0.161118 0.944847 -0.171360
7496.000000 0.930959 -0.161030 0.944783 -0.171278
7497.000000 0.930910 -0.160943 0.944720 -0.171195
7498.000000 0.930861 -0.160855 0.944656 -0.171113
7499.000000 0.930811 -0.160767 0.944593 -0.171030
7500.000000 0.930762 -0.160680 0.944530 -0.170947
7501.000000 0.930713 -0.160592 0.944466 -0.170865
7502.000000 0.930664 -0.160504 0.944403 -0.170782
7503.000000 0.930615 -0.160416 0.944340 -0.170699
7504.000000 0.930566 -0.160328 0.944276 -0.170615
7505.000000 0.930517 -0.160240 0.944213 -0.170532
7506.000000 0.930468 -0.160151 0.944150 -0.170449
7507.000000 0.930419 -0.160063 0.944087 -0.170365
7508.000000 0.930370 -0.159974 0.944024 -0.170282
7509.000000 0.930322 -0.159886 0.943961 -0.170198
7510.000000 0.930273 -0.159797 0.943898 -0.170114
7511.000000 0.930224 -0.159709 0.943835 -0.170031
7512.000000 0.930175 -0.159620 0.943772 -0.169947
7513.000000 0.930127 -0.159531 0.943709 -0.169863
7514.000000 0.930078 -0.159442 0.943646 -0.169778
7515.000000 0.930029 -0.159353 0.943583 -0.169694
7516.000000 0.929981 -0.159264 0.943520 -0.169610
7517.000000 0.929932 -0.159175 0.943457 -0.169525
7518.000000 0.929884 -0.159085 0.943394 -0.169440
7519.000000 0.929835 -0.158996 0.943331 -0.169356
7520.000000 0.929787 -0.158906 0.943268 -0.169271
7521.000000 0.929739 -0.158817 0.943206 -0.169186
7522.000000 0.929690 -0.158727 0.943143 -0.169101
7523.000000 0.929642 -0.158638 0.943080 -0.169016
7524.000000 0.929594 -0.158548 0.943017 -0.168930
7525.000000 0.929546 -0.158458 0.942955 -0.168845
7526.000000 0.929497 -0.158368 0.942892 -0.168760
7527.000000 0.929449 -0.158278 0.942830 -0.168674
7528.000000 0.929401 -0.158188 0.942767 -0.168588
7529.000000 0.929353 -0.158097 0.942704 -0.168502
7530.000000 0.929305 -0.158007 0.942642 -0.168417
7531.000000 0.929257 -0.157917 0.942580 -0.168331
7532.000000 0.929209 -0.157826 0.942517 -0.168244
7533.000000 0.929161 -0.157736 0.942455 -0.168158
7534.000000 0.929113 -0.157645 0.942392 -0.168072
7535.000000 0.929065 -0.157554 0.942330 -0.167985
7536.000000 0.929017 -0.157463 0.942268 -0.167899
7537.000000 0.928970 -0.157373 0.942205 -0.167812
7538.000000 0.928922 -0.157282 0.942143 -0.167725
7539.000000 0.928874 -0.157190 0.942081 -0.167639
7540.000000 0.928827 -0.157099 0.942019 -0.167552
7541.000000 0.928779 -0.157008 0.941956 -0.167465
7542.000000 0.928731 -0.156917 0.941894 -0.167377
7543.000000 0.928684 -0.156825 0.941832 -0.167290
7544.000000 0.928636 -0.156734 0.941770 -0.167203
7545.000000 0.928589 -0.156642 0.941708 -0.167115
7546.000000 0.928541 -0.156551 0.941646 -0.167028
7547.000000 0.928494 -0.156459 0.941584 -0.166940
7548.000000 0.928447 -0.156367 0.941522 -0.166852
7549.000000 0.928399 -0.156275 0.941460 -0.166764
7550.000000 0.928352 -0.156183 0.941398 -0.166676
7551.000000 0.928305 -0.156091 0.941336 -0.166588
7552.000000 0.928257 -0.155999 0.941274 -0.166500
7553.000000 0.928210 -0.155907 0.941213 -0.166411
7554.000000 0.928163 -0.155814 0.941151 -0.166323
7555.000000 0.928116 -0.155722 0.941089 -0.166234
7556.000000 0.928069 -0.155629 0.941027 -0.166146
7557.000000 0.928022 -0.155537 0.940966 -0.166057
7558.000000 0.927975 -0.155444 0.940904 -0.165968
7559.000000 0.927928 -0.155351 0.940842 -0.165879
7560.000000 0.927881 -0.155258 0.940781 -0.165790
7561.000000 0.927834 -0.155166 0.940719 -0.165701
7562.000000 0.927787 -0.155073 0.940658 -0.165611
7563.000000 0.927740 -0.154979 0.940596 -0.165522
7564.000000 0.927694 -0.154886 0.940535 -0.165433
7565.000000 0.927647 -0.154793 0.940473 -0.165343
7566.000000 0.927600 -0.154700 0.940412 -0.165253
7567.000000 0.927553 -0.154606 0.940350 -0.165163
7568.000000 0.927507 -0.154513 0.940289 -0.165073
7569.000000 0.927460 -0.154419 0.940228 -0.164983
7570.000000 0.927414 -0.154326 0.940166 -0.164893
7571.000000 0.927367 -0.154232 0.940105 -0.164803
7572.000000 0.927321 -0.154138 0.940044 -0.164713
7573.000000 0.927274 -0.154044 0.939983 -0.164622
7574.000000 0.927228 -0.153950 0.939921 -0.164532
7575.000000 0.927182 -0.153856 0.939860 -0.164441
7576.000000 0.927135 -0.153762 0.939799 -0.164350
7577.000000 0.927089 -0.153668 0.939738 -0.164259
7578.000000 0.927043 -0.153573 0.939677 -0.164168
7579.000000 0.926996 -0.153479 0.939616 -0.164077
7580.000000 0.926950 -0.153384 0.939555 -0.163986
7581.000000 0.926904 -0.153290 0.939494 -0.163895
7582.000000 0.926858 -0.153195 0.939433 -0.163803
7583.000000 0.926812 -0.153100 0.939372 -0.163712
7584.000000 0.926766 -0.153005 0.939311 -0.163620
7585.000000 0.926720 -0.152911 0.939250 -0.163528
7586.000000 0.926674 -0.152816 0.939190 -0.163437
7587.000000 0.926628 -0.152721 0.939129 -0.163345
7588.000000 0.926582 -0.152625 0.939068 -0.163253
7589.000000 0.926536 -0.152530 0.939007 -0.163161
7590.000000 0.926491 -0.152435 0.938947 -0.163068
7591.000000 0.926445 -0.152339 0.938886 -0.162976
7592.000000 0.926399 -0.152244 0.938826 -0.162884
7593.000000 0.926353 -0.152148 0.938765 -0.162791
7594.000000 0.926308 -0.152053 0.938704 -0.162698
7595.000000 0.926262 -0.151957 0.938644 -0.162606
7596.000000 0.926217 -0.151861 0.938583 -0.162513
7597.000000 0.926171 -0.151765 0.938523 -0.162420
7598.000000 0.926126 -0.151669 0.938463 -0.162327
7599.000000 0.926080 -0.151573 0.938402 -0.162233
7600.000000 0.926035 -0.151477 0.938342 -0.162140
7601.000000 0.925989 -0.151381 0.938282 -0.162047
7602.000000 0.925944 -0.151285 0.938221 -0.161953
7603.000000 0.925899 -0.151188 0.938161 -0.161860
7604.000000 0.925853 -0.151092 0.938101 -0.161766
7605.000000 0.925808 -0.150995 0.938041 -0.161672
7606.000000 0.925763 -0.150899 0.937980 -0.161578
7607.000000 0.925718 -0.150802 0.937920 -0.161484
7608.000000 0.925673 -0.150705 0.937860 -0.161390
7609.000000 0.925628 -0.150608 0.937800 -0.161296
7610.000000 0.925582 -0.150511 0.937740 -0.161202
7611.000000 0.925537 -0.150414 0.937680 -0.161107
7612.000000 0.925492 -0.150317 0.937620 -0.161013
7613.000000 0.925448 -0.150220 0.937560 -0.160918
7614.000000 0.925403 -0.150123 0.937500 -0.160823
7615.000000 0.925358 -0.150025 0.937440 -0.160728
7616.000000 0.925313 -0.149928 0.937381 -0.160633
7617.000000 0.925268 -0.149830 0.937321 -0.160538
7618.000000 0.925223 -0.149733 0.937261 -0.160443
7619.000000 0.925179 -0.149635 0.937201 -0.160348
7620.000000 0.925134 -0.149537 0.937142 -0.160253
7621.000000 0.925089 -0.149440 0.937082 -0.160157
7622.000000 0.925045 -0.149342 0.937022 -0.160061
7623.000000 0.925000 -0.149244 0.936963 -0.159966
7624.000000 0.924956 -0.149146 0.936903 -0.159870
7625.000000 0.924911 -0.149047 0.936844 -0.159774
7626.000000 0.924867 -0.148949 0.936784 -0.159678
7627.000000 0.924823 -0.148851 0.936725 -0.159582
7628.000000 0.924778 -0.148752 0.936665 -0.159486
7629.000000 0.924734 -0.148654 0.936606 -0.159390
7630.000000 0.924690 -0.148555 0.936547 -0.159293
7631.000000 0.924645 -0.148457 0.936487 -0.159197
7632.000000 0.924601 -0.148358 0.936428 -0.159100
7633.000000 0.924557 -0.148259 0.936369 -0.159003
7634.000000 0.924513 -0.148160 0.936309 -0.158907
7635.000000 0.924469 -0.148061 0.936250 -0.158810
7636.000000 0.924425 -0.147962 0.936191 -0.158713
7637.000000 0.924381 -0.147863 0.936132 -0.158616
7638.000000 0.924337 -0.147764 0.936073 -0.158518
7639.000000 0.924293 -0.147665 0.936014 -0.158421
7640.000000 0.924249 -0.147565 0.935955 -0.158324
7641.000000 0.924205 -0.147466 0.935896 -0.158226
7642.000000 0.924161 -0.147366 0.935837 -0.158128
7643.000000 0.924117 -0.147267 0.935778 -0.158031
7644.000000 0.924074 -0.147167 0.935719 -0.157933
7645.000000 0.924030 -0.147067 0.935660 -0.157835
7646.000000 0.923986 -0.146968 0.935601 -0.157737
7647.000000 0.923943 -0.146868 0.935543 -0.157639
7648.000000 0.923899 -0.146768 0.935484 -0.157540
7649.000000 0.923855 -0.146668 0.935425 -0.157442
7650.000000 0.923812 -0.146567 0.935366 -0.157344
7651.000000 0.923768 -0.146467 0.935308 -0.157245
7652.000000 0.923725 -0.146367 0.935249 -0.157146
7653.000000 0.923682 -0.146266 0.935191 -0.157048
7654.000000 0.923638 -0.146166 0.935132 -0.156949
7655.000000 0.923595 -0.146065 0.935074 -0.156850
7656.000000 0.923552 -0.145965 0.935015 -0.156751
7657.000000 0.923508 -0.145864 0.934957 -0.156652
7658.000000 0.923465 -0.145763 0.934898 -0.156552
7659.000000 0.923422 -0.145662 0.934840 -0.156453
7660.000000 0.923379 -0.145562 0.934782 -0.156353
7661.000000 0.923336 -0.145461 0.934723 -0.156254
7662.000000 0.923293 -0.145359 0.934665 -0.156154
7663.000000 0.923250 -0.145258 0.934607 -0.156054
7664.000000 0.923207 -0.145157 0.934549 -0.155955
7665.000000 0.923164 -0.145056 0.934490 -0.155855
7666.000000 0.923121 -0.144954 0.934432 -0.155754
7667.000000 0.923078 -0.144853 0.934374 -0.155654
7668.000000 0.923035 -0.144751 0.934316 -0.155554
7669.000000 0.922992 -0.144650 0.934258 -0.155454
7670.000000 0.922950 -0.144548 0.934200 -0.155353
7671.000000 0.922907 -0.144446 0.934142 -0.155252
7672.000000 0.922864 -0.144344 0.934084 -0.155152
7673.000000 0.922821 -0.144242 0.934026 -0.155051
7674.000000 0.922779 -0.144140 0.933969 -0.154950
7675.000000 0.922736 -0.144038 0.933911 -0.154849
7676.000000 0.922694 -0.143936 0.933853 -0.154748
7677.000000 0.922651 -0.143834 0.933795 -0.154647
7678.000000 0.922609 -0.143731 0.933738 -0.154545
7679.000000 0.922566 -0.143629 0.933680 -0.154444
7680.000000 0.922524 -0.143526 0.933622 -0.154343
7681.000000 0.922482 -0.143424 0.933565 -0.154241
7682.000000 0.922439 -0.143321 0.933507 -0.154139
7683.000000 0.922397 -0.143218 0.933450 -0.154037
7684.000000 0.922355 -0.143115 0.933392 -0.153936
7685.000000 0.922313 -0.143013 0.933335 -0.153834
7686.000000 0.922271 -0.142910 0.933277 -0.153731
7687.000000 0.922229 -0.142807 0.933220 -0.153629
7688.000000 0.922187 -0.142703 0.933163 -0.153527
7689.000000 0.922145 -0.142600 0.933105 -0.153424
7690.000000 0.922103 -0.142497 0.933048 -0.153322
7691.000000 0.922061 -0.142394 0.932991 -0.153219
7692.000000 0.922019 -0.142290 0.932934 -0.153117
7693.000000 0.921977 -0.142187 0.932876 -0.153014
7694.000000 0.921935 -0.142083 0.932819 -0.152911
7695.000000 0.921893 -0.141979 0.932762 -0.152808
7696.000000 0.921851 -0.141876 0.932705 -0.152705
7697.000000 0.921810 -0.141772 0.932648 -0.152602
7698.000000 0.921768 -0.141668 0.932591 -0.152498
7699.000000 0.921726 -0.141564 0.932534 -0.152395
7700.000000 0.921685 -0.141460 0.932477 -0.152291
7701.000000 0.921643 -0.141356 0.932420 -0.152188
7702.000000 0.921602 -0.141252 0.932364 -0.152084
7703.000000 0.921560 -0.141147 0.932307 -0.151980
7704.000000 0.921519 -0.141043 0.932250 -0.151876
7705.000000 0.921477 -0.140939 0.932193 -0.151772
7706.000000 0.921436 -0.140834 0.932137 -0.151668
7707.000000 0.921395 -0.140729 0.932080 -0.151564
7708.000000 0.921354 -0.140625 0.932023 -0.151460
7709.000000 0.921312 -0.140520 0.931967 -0.151355
7710.000000 0.921271 -0.140415 0.931910 -0.151251
7711.000000 0.921230 -0.140310 0.931854 -0.151146
7712.000000 0.921189 -0.140205 0.931797 -0.151041
7713.000000 0.921148 -0.140100 0.931741 -0.150936
7714.000000 0.921107 -0.139995 0.931685 -0.150832
7715.000000 0.921066 -0.139890 0.931628 -0.150727
7716.000000 0.921025 -0.139785 0.931572 -0.150621
7717.000000 0.920984 -0.139679 0.931516 -0.150516
7718.000000 0.920943 -0.139574 0.931459 -0.150411
7719.000000 0.920902 -0.139468 0.931403 -0.150305
7720.000000 0.920861 -0.139363 0.931347 -0.150200
7721.000000 0.920820 -0.139257 0.931291 -0.150094
7722.000000 0.920780 -0.139152 0.931235 -0.149989
7723.000000 0.920739 -0.139046 0.931179 -0.149883
7724.000000 0.920698 -0.138940 0.931123 -0.149777
7725.000000 0.920658 -0.138834 0.931067 -0.149671
7726.000000 0.920617 -0.138728 0.931011 -0.149565
7727.000000 0.920577 -0.138622 0.930955 -0.149459
7728.000000 0.920536 -0.138516 0.930899 -0.149352
7729.000000 0.920496 -0.138409 0.930843 -0.149246
7730.000000 0.920455 -0.138303 0.930787 -0.149139
7731.000000 0.920415 -0.138197 0.930732 -0.149033
7732.000000 0.920374 -0.138090 0.930676 -0.148926
7733.000000 0.920334 -0.137984 0.930620 -0.148819
7734.000000 0.920294 -0.137877 0.930565 -0.148712
7735.000000 0.920254 -0.137770 0.930509 -0.148605
7736.000000 0.920213 -0.137664 0.930454 -0.148498
7737.000000 0.920173 -0.137557 0.930398 -0.148391
7738.000000 0.920133 -0.137450 0.930343 -0.148284
7739.000000 0.920093 -0.137343 0.930287 -0.148176
7740.000000 0.920053 -0.137236 0.930232 -0.148069
7741.000000 0.920013 -0.137129 0.930176 -0.147961
7742.000000 0.919973 -0.137021 0.930121 -0.147854
7743.000000 0.919933 -0.136914 0.930066 -0.147746
7744.000000 0.919893 -0.136807 0.930011 -0.147638
7745.000000 0.919853 -0.136699 0.929955 -0.147530
7746.000000 0.919814 -0.136592 0.929900 -0.147422
7747.000000 0.919774 -0.136484 0.929845 -0.147314
7748.000000 0.919734 -0.136376 0.929790 -0.147206
7749.000000 0.919694 -0.136269 0.929735 -0.147097
7750.000000 0.919655 -0.136161 0.929680 -0.146989
7751.000000 0.919615 -0.136053 0.929625 -0.146880
7752.000000 0.919576 -0.135945 0.929570 -0.146771
7753.000000 0.919536 -0.135837 0.929515 -0.146663
7754.000000 0.919497 -0.135729 0.929460 -0.146554
7755.000000 0.919457 -0.135621 0.929405 -0.146445
7756.000000 0.919418 -0.135512 0.929351 -0.146336
7757.000000 0.919378 -0.135404 0.929296 -0.146227
7758.000000 0.919339 -0.135296 0.929241 -0.146117
7759.000000 0.919300 -0.135187 0.929186 -0.146008
7760.000000 0.919260 -0.135079 0.929132 -0.145899
7761.000000 0.919221 -0.134970 0.929077 -0.145789
7762.000000 0.919182 -0.134861 0.929023 -0.145679
7763.000000 0.919143 -0.134753 0.928968 -0.145570
7764.000000 0.919104 -0.134644 0.928914 -0.145460
7765.000000 0.919065 -0.134535 0.928859 -0.145350
7766.000000 0.919026 -0.134426 0.928805 -0.145240
7767.000000 0.918987 -0.134317 0.928751 -0.145130
7768.000000 0.918948 -0.134208 0.928696 -0.145020
7769.000000 0.918909 -0.134098 0.928642 -0.144909
7770.000000 0.918870 -0.133989 0.928588 -0.144799
7771.000000 0.918831 -0.133880 0.928534 -0.144688
7772.000000 0.918792 -0.133770 0.928479 -0.144578
7773.000000 0.918754 -0.133661 0.928425 -0.144467
7774.000000 0.918715 -0.133551 0.928371 -0.144356
7775.000000 0.918676 -0.133442 0.928317 -0.144245
7776.000000 0.918638 -0.133332 0.928263 -0.144134
7777.000000 0.918599 -0.133222 0.928209 -0.144023
7778.000000 0.918561 -0.133112 0.928155 -0.143912
7779.000000 0.918522 -0.133002 0.928101 -0.143801
7780.000000 0.918484 -0.132892 0.928048 -0.143689
7781.000000 0.918445 -0.132782 0.927994 -0.143578
7782.000000 0.918407 -0.132672 0.927940 -0.143466
7783.000000 0.918368 -0.132562 0.927886 -0.143355
7784.000000 0.918330 -0.132452 0.927833 -0.143243
7785.000000 0.918292 -0.132341 0.927779 -0.143131
7786.000000 0.918254 -0.132231 0.927725 -0.143019
7787.000000 0.918215 -0.132120 0.927672 -0.142907
7788.000000 0.918177 -0.132010 0.927618 -0.142795
7789.000000 0.918139 -0.131899 0.927565 -0.142683
7790.000000 0.918101 -0.131788 0.927511 -0.142570
7791.000000 0.918063 -0.131677 0.927458 -0.142458
7792.000000 0.918025 -0.131567 0.927405 -0.142345
7793.000000 0.917987 -0.131456 0.927351 -0.142233
7794.000000 0.917949 -0.131345 0.927298 -0.142120
7795.000000 0.917911 -0.131233 0.927245 -0.142007
7796.000000 0.917873 -0.131122 0.927192 -0.141894
7797.000000 0.917836 -0.131011 0.927139 -0.141781
7798.000000 0.917798 -0.130900 0.927085 -0.141668
7799.000000 0.917760 -0.130788 0.927032 -0.141555
7800.000000 0.917722 -0.130677 0.926979 -0.141442
7801.000000 0.917685 -0.130565 0.926926 -0.141328
7802.000000 0.917647 -0.130454 0.926873 -0.141215
7803.000000 0.917610 -0.130342 0.926821 -0.141101
7804.000000 0.917572 -0.130230 0.926768 -0.140988
7805.000000 0.917535 -0.130119 0.926715 -0.140874
7806.000000 0.917497 -0.130007 0.926662 -0.140760
7807.000000 0.917460 -0.129895 0.926609 -0.140646
7808.000000 0.917422 -0.129783 0.926557 -0.140532
7809.000000 0.917385 -0.129671 0.926504 -0.140418
7810.000000 0.917348 -0.129559 0.926451 -0.140304
7811.000000 0.917310 -0.129446 0.926399 -0.140189
7812.000000 0.917273 -0.129334 0.926346 -0.140075
7813.000000 0.917236 -0.129222 0.926294 -0.139960
7814.000000 0.917199 -0.129109 0.926241 -0.139846
7815.000000 0.917162 -0.128997 0.926189 -0.139731
7816.000000 0.917125 -0.128884 0.926137 -0.139616
7817.000000 0.917088 -0.128772 0.926084 -0.139501
7818.000000 0.917051 -0.128659 0.926032 -0.139386
7819.000000 0.917014 -0.128546 0.925980 -0.139271
7820.000000 0.916977 -0.128433 0.925928 -0.139156
7821.000000 0.916940 -0.128320 0.925875 -0.139041
7822.000000 0.916903 -0.128207 0.925823 -0.138926
7823.000000 0.916867 -0.128094 0.925771 -0.138810
7824.000000 0.916830 -0.127981 0.925719 -0.138695
7825.000000 0.916793 -0.127868 0.925667 -0.138579
7826.000000 0.916756 -0.127755 0.925615 -0.138463
7827.000000 0.916720 -0.127641 0.925563 -0.138347
7828.000000 0.916683 -0.127528 0.925511 -0.138231
7829.000000 0.916647 -0.127414 0.925460 -0.138115
7830.000000 0.916610 -0.127301 0.925408 -0.137999
7831.000000 0.916574 -0.127187 0.925356 -0.137883
7832.000000 0.916537 -0.127073 0.925304 -0.137767
7833.000000 0.916501 -0.126960 0.925253 -0.137650
7834.000000 0.916465 -0.126846 0.925201 -0.137534
7835.000000 0.916428 -0.126732 0.925150 -0.137417
7836.000000 0.916392 -0.126618 0.925098 -0.137301
7837.000000 0.916356 -0.126504 0.925047 -0.137184
7838.000000 0.916320 -0.126390 0.924995 -0.137067
7839.000000 0.916283 -0.126276 0.924944 -0.136950
7840.000000 0.916247 -0.126161 0.924892 -0.136833
7841.000000 0.916211 -0.126047 0.924841 -0.136716
7842.000000 0.916175 -0.125933 0.924790 -0.136599
7843.000000 0.916139 -0.125818 0.924739 -0.136481
7844.000000 0.916103 -0.125704 0.924687 -0.136364
7845.000000 0.916067 -0.125589 0.924636 -0.136246
7846.000000 0.916032 -0.125474 0.924585 -0.136129
7847.000000 0.915996 -0.125360 0.924534 -0.136011
7848.000000 0.915960 -0.125245 0.924483 -0.135893
7849.000000 0.915924 -0.125130 0.924432 -0.135776
7850.000000 0.915889 -0.125015 0.924381 -0.135658
7851.000000 0.915853 -0.124900 0.924330 -0.135540
7852.000000 0.915817 -0.124785 0.924279 -0.135421
7853.000000 0.915782 -0.124670 0.924229 -0.135303
7854.000000 0.915746 -0.124555 0.924178 -0.135185
7855.000000 0.915711 -0.124439 0.924127 -0.135066
7856.000000 0.915675 -0.124324 0.924077 -0.134948
7857.000000 0.915640 -0.124209 0.924026 -0.134829
7858.000000 0.915604 -0.124093 0.923975 -0.134711
7859.000000 0.915569 -0.123978 0.923925 -0.134592
7860.000000 0.915534 -0.123862 0.923874 -0.134473
7861.000000 0.915498 -0.123746 0.923824 -0.134354
7862.000000 0.915463 -0.123630 0.923773 -0.134235
7863.000000 0.915428 -0.123515 0.923723 -0.134116
7864.000000 0.915393 -0.123399 0.923673 -0.133996
7865.000000 0.915358 -0.123283 0.923622 -0.133877
7866.000000 0.915323 -0.123167 0.923572 -0.133758
7867.000000 0.915288 -0.123051 0.923522 -0.133638
7868.000000 0.915253 -0.122935 0.923472 -0.133519
7869.000000 0.915218 -0.122818 0.923422 -0.133399
7870.000000 0.915183 -0.122702 0.923372 -0.133279
7871.000000 0.915148 -0.122586 0.923322 -0.133159
7872.000000 0.915113 -0.122469 0.923272 -0.133039
7873.000000 0.915078 -0.122353 0.923222 -0.132919
7874.000000 0.915043 -0.122236 0.923172 -0.132799
7875.000000 0.915009 -0.122120 0.923122 -0.132679
7876.000000 0.914974 -0.122003 0.923072 -0.132558
7877.000000 0.914939 -0.121886 0.923022 -0.132438
7878.000000 0.914905 -0.121769 0.922973 -0.132317
7879.000000 0.914870 -0.121652 0.922923 -0.132197
7880.000000 0.914836 -0.121535 0.922873 -0.132076
7881.000000 0.914801 -0.121418 0.922824 -0.131955
7882.000000 0.914767 -0.121301 0.922774 -0.131834
7883.000000 0.914732 -0.121184 0.922725 -0.131713
7884.000000 0.914698 -0.121067 0.922675 -0.131592
7885.000000 0.914664 -0.120950 0.922626 -0.131471
7886.000000 0.914630 -0.120832 0.922577 -0.131350
7887.000000 0.914595 -0.120715 0.922527 -0.131229
7888.000000 0.914561 -0.120597 0.922478 -0.131107
7889.000000 0.914527 -0.120480 0.922429 -0.130986
7890.000000 0.914493 -0.120362 0.922380 -0.130864
7891.000000 0.914459 -0.120245 0.922331 -0.130742
7892.000000 0.914425 -0.120127 0.922281 -0.130621
7893.000000 0.914391 -0.120009 0.922232 -0.130499
7894.000000 0.914357 -0.119891 0.922183 -0.130377
7895.000000 0.914323 -0.119773 0.922134 -0.130255
7896.000000 0.914289 -0.119655 0.922085 -0.130133
7897.000000 0.914255 -0.119537 0.922037 -0.130010
7898.000000 0.914221 -0.119419 0.921988 -0.129888
7899.000000 0.914188 -0.119301 0.921939 -0.129766
7900.000000 0.914154 -0.119182 0.921890 -0.129643
7901.000000 0.914120 -0.119064 0.921842 -0.129521
7902.000000 0.914087 -0.118946 0.921793 -0.129398
7903.000000 0.914053 -0.118827 0.921744 -0.129275
7904.000000 0.914019 -0.118709 0.921696 -0.129152
7905.000000 0.913986 -0.118590 0.921647 -0.129030
7906.000000 0.913952 -0.118471 0.921599 -0.128906
7907.000000 0.913919 -0.118353 0.921550 -0.128783
7908.000000 0.913886 -0.118234 0.921502 -0.128660
7909.000000 0.913852 -0.118115 0.921454 -0.128537
7910.000000 0.913819 -0.117996 0.921405 -0.128414
7911.000000 0.913786 -0.117877 0.921357 -0.128290
7912.000000 0.913752 -0.117758 0.921309 -0.128167
7913.000000 0.913719 -0.117639 0.921261 -0.128043
7914.000000 0.913686 -0.117520 0.921213 -0.127919
7915.000000 0.913653 -0.117400 0.921165 -0.127795
7916.000000 0.913620 -0.117281 0.921117 -0.127671
7917.000000 0.913587 -0.117162 0.921069 -0.127547
7918.000000 0.913554 -0.117042 0.921021 -0.127423
7919.000000 0.913521 -0.116923 0.920973 -0.127299
7920.000000 0.913488 -0.116803 0.920925 -0.127175
7921.000000 0.913455 -0.116684 0.920877 -0.127051
7922.000000 0.913422 -0.116564 0.920830 -0.126926
7923.000000 0.913389 -0.116444 0.920782 -0.126802
7924.000000 0.913357 -0.116324 0.920734 -0.126677
7925.000000 0.913324 -0.116204 0.920687 -0.126552
7926.000000 0.913291 -0.116084 0.920639 -0.126428
7927.000000 0.913259 -0.115964 0.920592 -0.126303
7928.000000 0.913226 -0.115844 0.920544 -0.126178
7929.000000 0.913193 -0.115724 0.920497 -0.126053
7930.000000 0.913161 -0.115604 0.920449 -0.125928
7931.000000 0.913128 -0.115484 0.920402 -0.125802
7932.000000 0.913096 -0.115363 0.920355 -0.125677
7933.000000 0.913064 -0.115243 0.920308 -0.125552
7934.000000 0.913031 -0.115122 0.920260 -0.125426
7935.000000 0.912999 -0.115002 0.920213 -0.125301
7936.000000 0.912967 -0.114881 0.920166 -0.125175
7937.000000 0.912934 -0.114761 0.920119 -0.125049
7938.000000 0.912902 -0.114640 0.920072 -0.124924
7939.000000 0.912870 -0.114519 0.920025 -0.124798
7940.000000 0.912838 -0.114398 0.919978 -0.124672
7941.000000 0.912806 -0.114277 0.919931 -0.124546
7942.000000 0.912774 -0.114156 0.919885 -0.124419
7943.000000 0.912742 -0.114035 0.919838 -0.124293
7944.000000 0.912710 -0.113914 0.919791 -0.124167
7945.000000 0.912678 -0.113793 0.919744 -0.124040
7946.000000 0.912646 -0.113672 0.919698 -0.123914
7947.000000 0.912614 -0.113551 0.919651 -0.123787
7948.000000 0.912582 -0.113429 0.919605 -0.123661
7949.000000 0.912551 -0.113308 0.919558 -0.123534
7950.000000 0.912519 -0.113187 0.919512 -0.123407
7951.000000 0.912487 -0.113065 0.919465 -0.123280
7952.000000 0.912456 -0.112943 0.919419 -0.123153
7953.000000 0.912424 -0.112822 0.919373 -0.123026
7954.000000 0.912392 -0.112700 0.919326 -0.122899
7955.000000 0.912361 -0.112578 0.919280 -0.122772
7956.000000 0.912329 -0.112456 0.919234 -0.122644
7957.000000 0.912298 -0.112335 0.919188 -0.122517
7958.000000 0.912266 -0.112213 0.919142 -0.122389
7959.000000 0.912235 -0.112091 0.919096 -0.122262
7960.000000 0.912204 -0.111968 0.919050 -0.122134
7961.000000 0.912173 -0.111846 0.919004 -0.122006
7962.000000 0.912141 -0.111724 0.918958 -0.121878
7963.000000 0.912110 -0.111602 0.918912 -0.121750
7964.000000 0.912079 -0.111479 0.918866 -0.121622
7965.000000 0.912048 -0.111357 0.918821 -0.121494
7966.000000 0.912017 -0.111235 0.918775 -0.121366
7967.000000 0.911986 -0.111112 0.918729 -0.121238
7968.000000 0.911955 -0.110990 0.918684 -0.121109
7969.000000 0.911924 -0.110867 0.918638 -0.120981
7970.000000 0.911893 -0.110744 0.918593 -0.120853
7971.000000 0.911862 -0.110621 0.918547 -0.120724
7972.000000 0.911831 -0.110499 0.918502 -0.120595
7973.000000 0.911800 -0.110376 0.918457 -0.120466
7974.000000 0.911770 -0.110253 0.918411 -0.120338
7975.000000 0.911739 -0.110130 0.918366 -0.120209
7976.000000 0.911708 -0.110007 0.918321 -0.120080
7977.000000 0.911677 -0.109884 0.918276 -0.119950
7978.000000 0.911647 -0.109760 0.918231 -0.119821
7979.000000 0.911616 -0.109637 0.918186 -0.119692
7980.000000 0.911586 -0.109514 0.918140 -0.119563
7981.000000 0.911555 -0.109391 0.918096 -0.119433
7982.000000 0.911525 -0.109267 0.918051 -0.119304
7983.000000 0.911494 -0.109144 0.918006 -0.119174
7984.000000 0.911464 -0.109020 0.917961 -0.119044
7985.000000 0.911434 -0.108896 0.917916 -0.118915
7986.000000 0.911404 -0.108773 0.917871 -0.118785
7987.000000 0.911373 -0.108649 0.917827 -0.118655
7988.000000 0.911343 -0.108525 0.917782 -0.118525
7989.000000 0.911313 -0.108401 0.917737 -0.118395
7990.000000 0.911283 -0.108278 0.917693 -0.118264
7991.000000 0.911253 -0.108154 0.917648 -0.118134
7992.000000 0.911223 -0.108030 0.917604 -0.118004
7993.000000 0.911193 -0.107905 0.917560 -0.117873
7994.000000 0.911163 -0.107781 0.917515 -0.117743
7995.000000 0.911133 -0.107657 0.917471 -0.117612
7996.000000 0.911103 -0.107533 0.917427 -0.117481
7997.000000 0.911073 -0.107409 0.917383 -0.117351
7998.000000 0.911043 -0.107284 0.917338 -0.117220
7999.000000 0.911014 -0.107160 0.917294 -0.117089
8000.000000 0.910984 -0.107035 0.917250 -0.116958
8001.000000 0.910954 -0.106911 0.917206 -0.116827
8002.000000 0.910925 -0.106786 0.917162 -0.116696
8003.000000 0.910895 -0.106661 0.917118 -0.116564
8004.000000 0.910865 -0.106537 0.917075 -0.116433
8005.000000 0.910836 -0.106412 0.917031 -0.116302
8006.000000 0.910806 -0.106287 0.916987 -0.116170
8007.000000 0.910777 -0.106162 0.916943 -0.116039
8008.000000 0.910748 -0.106037 0.916900 -0.115907
8009.000000 0.910718 -0.105912 0.916856 -0.115775
8010.000000 0.910689 -0.105787 0.916812 -0.115643
8011.000000 0.910660 -0.105662 0.916769 -0.115511
8012.000000 0.910630 -0.105537 0.916725 -0.115379
8013.000000 0.910601 -0.105411 0.916682 -0.115247
8014.000000 0.910572 -0.105286 0.916639 -0.115115
8015.000000 0.910543 -0.105161 0.916595 -0.114983
8016.000000 0.910514 -0.105035 0.916552 -0.114851
8017.000000 0.910485 -0.104910 0.916509 -0.114718
8018.000000 0.910456 -0.104784 0.916466 -0.114586
8019.000000 0.910427 -0.104659 0.916423 -0.114453
8020.000000 0.910398 -0.104533 0.916380 -0.114321
8021.000000 0.910369 -0.104407 0.916337 -0.114188
8022.000000 0.910340 -0.104282 0.916294 -0.114055
8023.000000 0.910311 -0.104156 0.916251 -0.113922
8024.000000 0.910283 -0.104030 0.916208 -0.113789
8025.000000 0.910254 -0.103904 0.916165 -0.113656
8026.000000 0.910225 -0.103778 0.916122 -0.113523
8027.000000 0.910197 -0.103652 0.916079 -0.113390
8028.000000 0.910168 -0.103526 0.916037 -0.113257
8029.000000 0.910139 -0.103400 0.915994 -0.113123
8030.000000 0.910111 -0.103273 0.915952 -0.112990
8031.000000 0.910082 -0.103147 0.915909 -0.112857
8032.000000 0.910054 -0.103021 0.915867 -0.112723
8033.000000 0.910026 -0.102894 0.915824 -0.112589
8034.000000 0.909997 -0.102768 0.915782 -0.112456
8035.000000 0.909969 -0.102641 0.915739 -0.112322
8036.000000 0.909941 -0.102515 0.915697 -0.112188
8037.000000 0.909912 -0.102388 0.915655 -0.112054
8038.000000 0.909884 -0.102261 0.915613 -0.111920
8039.000000 0.909856 -0.102135 0.915571 -0.111786
8040.000000 0.909828 -0.102008 0.915529 -0.111651
8041.000000 0.909800 -0.101881 0.915487 -0.111517
8042.000000 0.909772 -0.101754 0.915445 -0.111383
8043.000000 0.909744 -0.101627 0.915403 -0.111248
8044.000000 0.909716 -0.101500 0.915361 -0.111114
8045.000000 0.909688 -0.101373 0.915319 -0.110979
8046.000000 0.909660 -0.101246 0.915277 -0.110845
8047.000000 0.909632 -0.101119 0.915235 -0.110710
8048.000000 0.909605 -0.100991 0.915194 -0.110575
8049.000000 0.909577 -0.100864 0.915152 -0.110440
8050.000000 0.909549 -0.100737 0.915111 -0.110305
8051.000000 0.909521 -0.100609 0.915069 -0.110170
8052.000000 0.909494 -0.100482 0.915028 -0.110035
8053.000000 0.909466 -0.100354 0.914986 -0.109900
8054.000000 0.909439 -0.100227 0.914945 -0.109764
8055.000000 0.909411 -0.100099 0.914904 -0.109629
8056.000000 0.909384 -0.099971 0.914862 -0.109494
8057.000000 0.909356 -0.099844 0.914821 -0.109358
8058.000000 0.909329 -0.099716 0.914780 -0.109222
8059.000000 0.909302 -0.099588 0.914739 -0.109087
8060.000000 0.909274 -0.099460 0.914698 -0.108951
8061.000000 0.909247 -0.099332 0.914657 -0.108815
8062.000000 0.909220 -0.099204 0.914616 -0.108679
8063.000000 0.909193 -0.099076 0.914575 -0.108543
8064.000000 0.909165 -0.098948 0.914534 -0.108407
8065.000000 0.909138 -0.098820 0.914493 -0.108271
8066.000000 0.909111 -0.098692 0.914452 -0.108135
8067.000000 0.909084 -0.098563 0.914412 -0.107999
8068.000000 0.909057 -0.098435 0.914371 -0.107862
8069.000000 0.909030 -0.098306 0.914330 -0.107726
8070.000000 0.909003 -0.098178 0.914290 -0.107589
8071.000000 0.908976 -0.098050 0.914249 -0.107453
8072.000000 0.908950 -0.097921 0.914209 -0.107316
8073.000000 0.908923 -0.097792 0.914169 -0.107179
8074.000000 0.908896 -0.097664 0.914128 -0.107042
8075.000000 0.908869 -0.097535 0.914088 -0.106905
8076.000000 0.908843 -0.097406 0.914048 -0.106768
8077.000000 0.908816 -0.097277 0.914007 -0.106631
8078.000000 0.908790 -0.097148 0.913967 -0.106494
8079.000000 0.908763 -0.097020 0.913927 -0.106357
8080.000000 0.908736 -0.096891 0.913887 -0.106220
8081.000000 0.908710 -0.096761 0.913847 -0.106082
8082.000000 0.908684 -0.096632 0.913807 -0.105945
8083.000000 0.908657 -0.096503 0.913767 -0.105808
8084.000000 0.908631 -0.096374 0.913728 -0.105670
8085.000000 0.908605 -0.096245 0.913688 -0.105532
8086.000000 0.908578 -0.096115 0.913648 -0.105395
8087.000000 0.908552 -0.095986 0.913608 -0.105257
8088.000000 0.908526 -0.095857 0.913569 -0.105119
8089.000000 0.908500 -0.095727 0.913529 -0.104981
8090.000000 0.908474 -0.095598 0.913490 -0.104843
8091.000000 0.908448 -0.095468 0.913450 -0.104705
8092.000000 0.908422 -0.095338 0.913411 -0.104567
8093.000000 0.908396 -0.095209 0.913371 -0.104428
8094.000000 0.908370 -0.095079 0.913332 -0.104290
8095.000000 0.908344 -0.094949 0.913293 -0.104152
8096.000000 0.908318 -0.094819 0.913254 -0.104013
8097.000000 0.908292 -0.094689 0.913214 -0.103875
8098.000000 0.908266 -0.094560 0.913175 -0.103736
8099.000000 0.908241 -0.094430 0.913136 -0.103598
8100.000000 0.908215 -0.094299 0.913097 -0.103459
8101.000000 0.908189 -0.094169 0.913058 -0.103320
8102.000000 0.908164 -0.094039 0.913019 -0.103181
8103.000000 0.908138 -0.093909 0.912981 -0.103042
8104.000000 0.908112 -0.093779 0.912942 -0.102903
8105.000000 0.908087 -0.093648 0.912903 -0.102764
8106.000000 0.908061 -0.093518 0.912864 -0.102625
8107.000000 0.908036 -0.093388 0.912826 -0.102485
8108.000000 0.908011 -0.093257 0.912787 -0.102346
8109.000000 0.907985 -0.093127 0.912749 -0.102207
8110.000000 0.907960 -0.092996 0.912710 -0.102067
8111.000000 0.907935 -0.092865 0.912672 -0.101928
8112.000000 0.907910 -0.092735 0.912633 -0.101788
8113.000000 0.907884 -0.092604 0.912595 -0.101648
8114.000000 0.907859 -0.092473 0.912557 -0.101509
8115.000000 0.907834 -0.092342 0.912518 -0.101369
8116.000000 0.907809 -0.092212 0.912480 -0.101229
8117.000000 0.907784 -0.092081 0.912442 -0.101089
8118.000000 0.907759 -0.091950 0.912404 -0.100949
8119.000000 0.907734 -0.091819 0.912366 -0.100809
8120.000000 0.907709 -0.091688 0.912328 -0.100668
8121.000000 0.907684 -0.091556 0.912290 -0.100528
8122.000000 0.907660 -0.091425 0.912252 -0.100388
8123.000000 0.907635 -0.091294 0.912215 -0.100247
8124.000000 0.907610 -0.091163 0.912177 -0.100107
8125.000000 0.907585 -0.091031 0.912139 -0.099966
8126.000000 0.907561 -0.090900 0.912102 -0.099826
8127.000000 0.907536 -0.090769 0.912064 -0.099685
8128.000000 0.907512 -0.090637 0.912027 -0.099544
8129.000000 0.907487 -0.090506 0.911989 -0.099403
8130.000000 0.907463 -0.090374 0.911952 -0.099263
8131.000000 0.907438 -0.090242 0.911914 -0.099122
8132.000000 0.907414 -0.090111 0.911877 -0.098980
8133.000000 0.907389 -0.089979 0.911840 -0.098839
8134.000000 0.907365 -0.089847 0.911802 -0.098698
8135.000000 0.907341 -0.089715 0.911765 -0.098557
8136.000000 0.907316 -0.089583 0.911728 -0.098416
8137.000000 0.907292 -0.089452 0.911691 -0.098274
8138.000000 0.907268 -0.089320 0.911654 -0.098133
8139.000000 0.907244 -0.089188 0.911617 -0.097991
8140.000000 0.907220 -0.089055 0.911580 -0.097850
8141.000000 0.907196 -0.088923 0.911543 -0.097708
8142.000000 0.907172 -0.088791 0.911507 -0.097566
8143.000000 0.907148 -0.088659 0.911470 -0.097424
8144.000000 0.907124 -0.088527 0.911433 -0.097282
8145.000000 0.907100 -0.088394 0.911397 -0.097140
8146.000000 0.907076 -0.088262 0.911360 -0.096998
8147.000000 0.907052 -0.088130 0.911324 -0.096856
8148.000000 0.907029 -0.087997 0.911287 -0.096714
8149.000000 0.907005 -0.087865 0.911251 -0.096572
8150.000000 0.906981 -0.087732 0.911214 -0.096430
8151.000000 0.906957 -0.087599 0.911178 -0.096287
8152.000000 0.906934 -0.087467 0.911142 -0.096145
8153.000000 0.906910 -0.087334 0.911106 -0.096002
8154.000000 0.906887 -0.087201 0.911070 -0.095860
8155.000000 0.906863 -0.087068 0.911033 -0.095717
8156.000000 0.906840 -0.086936 0.910997 -0.095574
8157.000000 0.906816 -0.086803 0.910961 -0.095432
8158.000000 0.906793 -0.086670 0.910926 -0.095289
8159.000000 0.906770 -0.086537 0.910890 -0.095146
8160.000000 0.906746 -0.086404 0.910854 -0.095003
8161.000000 0.906723 -0.086271 0.910818 -0.094860
8162.000000 0.906700 -0.086137 0.910782 -0.094717
8163.000000 0.906677 -0.086004 0.910747 -0.094574
8164.000000 0.906654 -0.085871 0.910711 -0.094430
8165.000000 0.906631 -0.085738 0.910676 -0.094287
8166.000000 0.906608 -0.085604 0.910640 -0.094144
8167.000000 0.906585 -0.085471 0.910605 -0.094000
8168.000000 0.906562 -0.085338 0.910569 -0.093857
8169.000000 0.906539 -0.085204 0.910534 -0.093713
8170.000000 0.906516 -0.085071 0.910499 -0.093569
8171.000000 0.906493 -0.084937 0.910463 -0.093426
8172.000000 0.906470 -0.084803 0.910428 -0.093282
8173.000000 0.906447 -0.084670 0.910393 -0.093138
8174.000000 0.906425 -0.084536 0.910358 -0.092994
8175.000000 0.906402 -0.084402 0.910323 -0.092850
8176.000000 0.906379 -0.084268 0.910288 -0.092706
8177.000000 0.906357 -0.084135 0.910253 -0.092562
8178.000000 0.906334 -0.084001 0.910219 -0.092418
8179.000000 0.906312 -0.083867 0.910184 -0.092274
8180.000000 0.906289 -0.083733 0.910149 -0.092129
8181.000000 0.906267 -0.083599 0.910114 -0.091985
8182.000000 0.906244 -0.083465 0.910080 -0.091840
8183.000000 0.906222 -0.083330 0.910045 -0.091696
8184.000000 0.906200 -0.083196 0.910011 -0.091551
8185.000000 0.906177 -0.083062 0.909976 -0.091407
8186.000000 0.906155 -0.082928 0.909942 -0.091262
8187.000000 0.906133 -0.082793 0.909907 -0.091117
8188.000000 0.906111 -0.082659 0.909873 -0.090972
8189.000000 0.906089 -0.082525 0.909839 -0.090827
8190.000000 0.906067 -0.082390 0.909805 -0.090682
8191.000000 0.906045 -0.082256 0.909771 -0.090537
8192.000000 0.906023 -0.082121 0.909737 -0.090392
8193.000000 0.906001 -0.081987 0.909703 -0.090247
8194.000000 0.905979 -0.081852 0.909669 -0.090102
8195.000000 0.905957 -0.081717 0.909635 -0.089957
8196.000000 0.905935 -0.081583 0.909601 -0.089811
8197.000000 0.905913 -0.081448 0.909567 -0.089666
8198.000000 0.905891 -0.081313 0.909533 -0.089520
8199.000000 0.905870 -0.081178 0.909500 -0.089375
8200.000000 0.905848 -0.081043 0.909466 -0.089229
8201.000000 0.905826 -0.080908 0.909433 -0.089084
8202.000000 0.905805 -0.080773 0.909399 -0.088938
8203.000000 0.905783 -0.080638 0.909366 -0.088792
8204.000000 0.905762 -0.080503 0.909332 -0.088646
8205.000000 0.905740 -0.080368 0.909299 -0.088500
8206.000000 0.905719 -0.080233 0.909266 -0.088354
8207.000000 0.905697 -0.080098 0.909232 -0.088208
8208.000000 0.905676 -0.079962 0.909199 -0.088062
8209.000000 0.905655 -0.079827 0.909166 -0.087916
8210.000000 0.905633 -0.079692 0.909133 -0.087770
8211.000000 0.905612 -0.079556 0.909100 -0.087623
8212.000000 0.905591 -0.079421 0.909067 -0.087477
8213.000000 0.905570 -0.079285 0.909034 -0.087330
8214.000000 0.905549 -0.079150 0.909001 -0.087184
8215.000000 0.905528 -0.079014 0.908968 -0.087037
8216.000000 0.905507 -0.078879 0.908936 -0.086891
8217.000000 0.905486 -0.078743 0.908903 -0.086744
8218.000000 0.905465 -0.078607 0.908870 -0.086597
8219.000000 0.905444 -0.078472 0.908838 -0.086451
8220.000000 0.905423 -0.078336 0.908805 -0.086304
8221.000000 0.905402 -0.078200 0.908773 -0.086157
8222.000000 0.905381 -0.078064 0.908740 -0.086010
8223.000000 0.905361 -0.077928 0.908708 -0.085863
8224.000000 0.905340 -0.077792 0.908676 -0.085716
8225.000000 0.905319 -0.077656 0.908644 -0.085568
8226.000000 0.905298 -0.077520 0.908611 -0.085421
8227.000000 0.905278 -0.077384 0.908579 -0.085274
8228.000000 0.905257 -0.077248 0.908547 -0.085126
8229.000000 0.905237 -0.077112 0.908515 -0.084979
8230.000000 0.905216 -0.076976 0.908483 -0.084832
8231.000000 0.905196 -0.076839 0.908451 -0.084684
8232.000000 0.905176 -0.076703 0.908420 -0.084536
8233.000000 0.905155 -0.076567 0.908388 -0.084389
8234.000000 0.905135 -0.076430 0.908356 -0.084241
8235.000000 0.905115 -0.076294 0.908324 -0.084093
8236.000000 0.905094 -0.076157 0.908293 -0.083945
8237.000000 0.905074 -0.076021 0.908261 -0.083797
8238.000000 0.905054 -0.075884 0.908230 -0.083650
8239.000000 0.905034 -0.075748 0.908198 -0.083501
8240.000000 0.905014 -0.075611 0.908167 -0.083353
8241.000000 0.904994 -0.075475 0.908136 -0.083205
8242.000000 0.904974 -0.075338 0.908104 -0.083057
8243.000000 0.904954 -0.075201 0.908073 -0.082909
8244.000000 0.904934 -0.075064 0.908042 -0.082760
8245.000000 0.904914 -0.074927 0.908011 -0.082612
8246.000000 0.904894 -0.074790 0.907980 -0.082464
8247.000000 0.904875 -0.074654 0.907949 -0.082315
8248.000000 0.904855 -0.074517 0.907918 -0.082167
8249.000000 0.904835 -0.074380 0.907887 -0.082018
8250.000000 0.904815 -0.074243 0.907856 -0.081869
8251.000000 0.904796 -0.074105 0.907825 -0.081721
8252.000000 0.904776 -0.073968 0.907795 -0.081572
8253.000000 0.904757 -0.073831 0.907764 -0.081423
8254.000000 0.904737 -0.073694 0.907733 -0.081274
8255.000000 0.904718 -0.073557 0.907703 -0.081125
8256.000000 0.904698 -0.073419 0.907672 -0.080976
8257.000000 0.904679 -0.073282 0.907642 -0.080827
8258.000000 0.904659 -0.073145 0.907612 -0.080678
8259.000000 0.904640 -0.073007 0.907581 -0.080529
8260.000000 0.904621 -0.072870 0.907551 -0.080379
8261.000000 0.904602 -0.072732 0.907521 -0.080230
8262.000000 0.904583 -0.072595 0.907491 -0.080081
8263.000000 0.904563 -0.072457 0.907461 -0.079931
8264.000000 0.904544 -0.072319 0.907431 -0.079782
8265.000000 0.904525 -0.072182 0.907401 -0.079632
8266.000000 0.904506 -0.072044 0.907371 -0.079482
8267.000000 0.904487 -0.071906 0.907341 -0.079333
8268.000000 0.904468 -0.071769 0.907311 -0.079183
8269.000000 0.904449 -0.071631 0.907281 -0.079033
8270.000000 0.904430 -0.071493 0.907252 -0.078883
8271.000000 0.904412 -0.071355 0.907222 -0.078734
8272.000000 0.904393 -0.071217 0.907193 -0.078584
8273.000000 0.904374 -0.071079 0.907163 -0.078434
8274.000000 0.904355 -0.070941 0.907134 -0.078284
8275.000000 0.904337 -0.070803 0.907104 -0.078133
8276.000000 0.904318 -0.070665 0.907075 -0.077983
8277.000000 0.904300 -0.070527 0.907046 -0.077833
8278.000000 0.904281 -0.070389 0.907016 -0.077683
8279.000000 0.904263 -0.070250 0.906987 -0.077532
8280.000000 0.904244 -0.070112 0.906958 -0.077382
8281.000000 0.904226 -0.069974 0.906929 -0.077232
8282.000000 0.904207 -0.069836 0.906900 -0.077081
8283.000000 0.904189 -0.069697 0.906871 -0.076930
8284.000000 0.904171 -0.069559 0.906842 -0.076780
8285.000000 0.904152 -0.069420 0.906813 -0.076629
8286.000000 0.904134 -0.069282 0.906785 -0.076478
8287.000000 0.904116 -0.069143 0.906756 -0.076328
8288.000000 0.904098 -0.069005 0.906727 -0.076177
8289.000000 0.904080 -0.068866 0.906699 -0.076026
8290.000000 0.904062 -0.068728 0.906670 -0.075875
8291.000000 0.904044 -0.068589 0.906642 -0.075724
8292.000000 0.904026 -0.068450 0.906613 -0.075573
8293.000000 0.904008 -0.068311 0.906585 -0.075422
8294.000000 0.903990 -0.068173 0.906557 -0.075271
8295.000000 0.903972 -0.068034 0.906528 -0.075119
8296.000000 0.903954 -0.067895 0.906500 -0.074968
8297.000000 0.903936 -0.067756 0.906472 -0.074817
8298.000000 0.903919 -0.067617 0.906444 -0.074665
8299.000000 0.903901 -0.067478 0.906416 -0.074514
8300.000000 0.903883 -0.067339 0.906388 -0.074362
8301.000000 0.903866 -0.067200 0.906360 -0.074211
8302.000000 0.903848 -0.067061 0.906332 -0.074059
8303.000000 0.903831 -0.066922 0.906305 -0.073908
8304.000000 0.903813 -0.066783 0.906277 -0.073756
8305.000000 0.903796 -0.066643 0.906249 -0.073604
8306.000000 0.903778 -0.066504 0.906222 -0.073452
8307.000000 0.903761 -0.066365 0.906194 -0.073300
8308.000000 0.903743 -0.066226 0.906167 -0.073149
8309.000000 0.903726 -0.066086 0.906139 -0.072997
8310.000000 0.903709 -0.065947 0.906112 -0.072845
8311.000000 0.903692 -0.065808 0.906085 -0.072692
8312.000000 0.903674 -0.065668 0.906057 -0.072540
8313.000000 0.903657 -0.065529 0.906030 -0.072388
8314.000000 0.903640 -0.065389 0.906003 -0.072236
8315.000000 0.903623 -0.065249 0.905976 -0.072084
8316.000000 0.903606 -0.065110 0.905949 -0.071931
8317.000000 0.903589 -0.064970 0.905922 -0.071779
8318.000000 0.903572 -0.064831 0.905895 -0.071626
8319.000000 0.903555 -0.064691 0.905868 -0.071474
8320.000000 0.903538 -0.064551 0.905841 -0.071321
8321.000000 0.903522 -0.064411 0.905815 -0.071169
8322.000000 0.903505 -0.064272 0.905788 -0.071016
8323.000000 0.903488 -0.064132 0.905761 -0.070863
8324.000000 0.903471 -0.063992 0.905735 -0.070711
8325.000000 0.903455 -0.063852 0.905708 -0.070558
8326.000000 0.903438 -0.063712 0.905682 -0.070405
8327.000000 0.903422 -0.063572 0.905656 -0.070252
8328.000000 0.903405 -0.063432 0.905629 -0.070099
8329.000000 0.903389 -0.063292 0.905603 -0.069946
8330.000000 0.903372 -0.063152 0.905577 -0.069793
8331.000000 0.903356 -0.063012 0.905551 -0.069640
8332.000000 0.903339 -0.062871 0.905525 -0.069487
8333.000000 0.903323 -0.062731 0.905499 -0.069334
8334.000000 0.903307 -0.062591 0.905473 -0.069180
8335.000000 0.903290 -0.062451 0.905447 -0.069027
8336.000000 0.903274 -0.062310 0.905421 -0.068874
8337.000000 0.903258 -0.062170 0.905395 -0.068720
8338.000000 0.903242 -0.062030 0.905369 -0.068567
8339.000000 0.903226 -0.061889 0.905344 -0.068413
8340.000000 0.903210 -0.061749 0.905318 -0.068260
8341.000000 0.903194 -0.061608 0.905293 -0.068106
8342.000000 0.903178 -0.061468 0.905267 -0.067953
8343.000000 0.903162 -0.061327 0.905242 -0.067799
8344.000000 0.903146 -0.061187 0.905216 -0.067645
8345.000000 0.903130 -0.061046 0.905191 -0.067491
8346.000000 0.903114 -0.060906 0.905166 -0.067338
8347.000000 0.903099 -0.060765 0.905140 -0.067184
8348.000000 0.903083 -0.060624 0.905115 -0.067030
8349.000000 0.903067 -0.060483 0.905090 -0.066876
8350.000000 0.903051 -0.060343 0.905065 -0.066722
8351.000000 0.903036 -0.060202 0.905040 -0.066568
8352.000000 0.903020 -0.060061 0.905015 -0.066413
8353.000000 0.903005 -0.059920 0.904991 -0.066259
8354.000000 0.902989 -0.059779 0.904966 -0.066105
8355.000000 0.902974 -0.059638 0.904941 -0.065951
8356.000000 0.902958 -0.059497 0.904916 -0.065796
8357.000000 0.902943 -0.059356 0.904892 -0.065642
8358.000000 0.902928 -0.059215 0.904867 -0.065488
8359.000000 0.902912 -0.059074 0.904843 -0.065333
8360.000000 0.902897 -0.058933 0.904818 -0.065179
8361.000000 0.902882 -0.058792 0.904794 -0.065024
8362.000000 0.902867 -0.058651 0.904770 -0.064869
8363.000000 0.902852 -0.058510 0.904745 -0.064715
8364.000000 0.902836 -0.058368 0.904721 -0.064560
8365.000000 0.902821 -0.058227 0.904697 -0.064405
8366.000000 0.902806 -0.058086 0.904673 -0.064251
8367.000000 0.902791 -0.057944 0.904649 -0.064096
8368.000000 0.902777 -0.057803 0.904625 -0.063941
8369.000000 0.902762 -0.057662 0.904601 -0.063786
8370.000000 0.902747 -0.057520 0.904577 -0.063631
8371.000000 0.902732 -0.057379 0.904554 -0.063476
8372.000000 0.902717 -0.057237 0.904530 -0.063321
8373.000000 0.902702 -0.057096 0.904506 -0.063166
8374.000000 0.902688 -0.056954 0.904483 -0.063010
8375.000000 0.902673 -0.056813 0.904459 -0.062855
8376.000000 0.902659 -0.056671 0.904436 -0.062700
8377.000000 0.902644 -0.056529 0.904412 -0.062545
8378.000000 0.902629 -0.056388 0.904389 -0.062389
8379.000000 0.902615 -0.056246 0.904366 -0.062234
8380.000000 0.902600 -0.056104 0.904342 -0.062079
8381.000000 0.902586 -0.055962 0.904319 -0.061923
8382.000000 0.902572 -0.055821 0.904296 -0.061768
8383.000000 0.902557 -0.055679 0.904273 -0.061612
8384.000000 0.902543 -0.055537 0.904250 -0.061456
8385.000000 0.902529 -0.055395 0.904227 -0.061301
8386.000000 0.902515 -0.055253 0.904204 -0.061145
8387.000000 0.902500 -0.055111 0.904182 -0.060989
8388.000000 0.902486 -0.054969 0.904159 -0.060833
8389.000000 0.902472 -0.054827 0.904136 -0.060678
8390.000000 0.902458 -0.054685 0.904113 -0.060522
8391.000000 0.902444 -0.054543 0.904091 -0.060366
8392.000000 0.902430 -0.054401 0.904068 -0.060210
8393.000000 0.902416 -0.054259 0.904046 -0.060054
8394.000000 0.902402 -0.054117 0.904024 -0.059898
8395.000000 0.902388 -0.053974 0.904001 -0.059742
8396.000000 0.902375 -0.053832 0.903979 -0.059586
8397.000000 0.902361 -0.053690 0.903957 -0.059429
8398.000000 0.902347 -0.053548 0.903935 -0.059273
8399.000000 0.902333 -0.053405 0.903913 -0.059117
8400.000000 0.902320 -0.053263 0.903891 -0.058961
8401.000000 0.902306 -0.053121 0.903869 -0.058804
8402.000000 0.902293 -0.052978 0.903847 -0.058648
8403.000000 0.902279 -0.052836 0.903825 -0.058491
8404.000000 0.902266 -0.052693 0.903803 -0.058335
8405.000000 0.902252 -0.052551 0.903781 -0.058178
8406.000000 0.902239 -0.052408 0.903760 -0.058022
8407.000000 0.902225 -0.052266 0.903738 -0.057865
8408.000000 0.902212 -0.052123 0.903716 -0.057709
8409.000000 0.902199 -0.051981 0.903695 -0.057552
8410.000000 0.902186 -0.051838 0.903674 -0.057395
8411.000000 0.902172 -0.051695 0.903652 -0.057238
8412.000000 0.902159 -0.051553 0.903631 -0.057081
8413.000000 0.902146 -0.051410 0.903610 -0.056925
8414.000000 0.902133 -0.051267 0.903588 -0.056768
8415.000000 0.902120 -0.051124 0.903567 -0.056611
8416.000000 0.902107 -0.050982 0.903546 -0.056454
8417.000000 0.902094 -0.050839 0.903525 -0.056297
8418.000000 0.902081 -0.050696 0.903504 -0.056140
8419.000000 0.902068 -0.050553 0.903483 -0.055983
8420.000000 0.902055 -0.050410 0.903463 -0.055825
8421.000000 0.902042 -0.050267 0.903442 -0.055668
8422.000000 0.902030 -0.050124 0.903421 -0.055511
8423.000000 0.902017 -0.049981 0.903401 -0.055354
8424.000000 0.902004 -0.049838 0.903380 -0.055197
8425.000000 0.901992 -0.049695 0.903360 -0.055039
8426.000000 0.901979 -0.049552 0.903339 -0.054882
8427.000000 0.901966 -0.049409 0.903319 -0.054724
8428.000000 0.901954 -0.049266 0.903298 -0.054567
8429.000000 0.901941 -0.049123 0.903278 -0.054409
8430.000000 0.901929 -0.048979 0.903258 -0.054252
8431.000000 0.901917 -0.048836 0.903238 -0.054094
8432.000000 0.901904 -0.048693 0.903218 -0.053937
8433.000000 0.901892 -0.048550 0.903198 -0.053779
8434.000000 0.901880 -0.048406 0.903178 -0.053621
8435.000000 0.901867 -0.048263 0.903158 -0.053464
8436.000000 0.901855 -0.048120 0.903138 -0.053306
8437.000000 0.901843 -0.047976 0.903118 -0.053148
8438.000000 0.901831 -0.047833 0.903098 -0.052990
8439.000000 0.901819 -0.047690 0.903079 -0.052832
8440.000000 0.901807 -0.047546 0.903059 -0.052674
8441.000000 0.901795 -0.047403 0.903040 -0.052516
8442.000000 0.901783 -0.047259 0.903020 -0.052358
8443.000000 0.901771 -0.047116 0.903001 -0.052200
8444.000000 0.901759 -0.046972 0.902981 -0.052042
8445.000000 0.901747 -0.046828 0.902962 -0.051884
8446.000000 0.901735 -0.046685 0.902943 -0.051726
8447.000000 0.901723 -0.046541 0.902924 -0.051568
8448.000000 0.901712 -0.046398 0.902905 -0.051410
8449.000000 0.901700 -0.046254 0.902886 -0.051251
8450.000000 0.901688 -0.046110 0.902867 -0.051093
8451.000000 0.901677 -0.045966 0.902848 -0.050935
8452.000000 0.901665 -0.045823 0.902829 -0.050776
8453.000000 0.901654 -0.045679 0.902810 -0.050618
8454.000000 0.901642 -0.045535 0.902791 -0.050459
8455.000000 0.901631 -0.045391 0.902773 -0.050301
8456.000000 0.901619 -0.045247 0.902754 -0.050142
8457.000000 0.901608 -0.045103 0.902735 -0.049984
8458.000000 0.901597 -0.044960 0.902717 -0.049825
8459.000000 0.901585 -0.044816 0.902698 -0.049667
8460.000000 0.901574 -0.044672 0.902680 -0.049508
8461.000000 0.901563 -0.044528 0.902662 -0.049349
8462.000000 0.901552 -0.044384 0.902643 -0.049191
8463.000000 0.901540 -0.044240 0.902625 -0.049032
8464.000000 0.901529 -0.044096 0.902607 -0.048873
8465.000000 0.901518 -0.043951 0.902589 -0.048714
8466.000000 0.901507 -0.043807 0.902571 -0.048555
8467.000000 0.901496 -0.043663 0.902553 -0.048396
8468.000000 0.901485 -0.043519 0.902535 -0.048237
8469.000000 0.901475 -0.043375 0.902517 -0.048078
8470.000000 0.901464 -0.043231 0.902500 -0.047919
8471.000000 0.901453 -0.043087 0.902482 -0.047760
8472.000000 0.901442 -0.042942 0.902464 -0.047601
8473.000000 0.901431 -0.042798 0.902447 -0.047442
8474.000000 0.901421 -0.042654 0.902429 -0.047283
8475.000000 0.901410 -0.042509 0.902412 -0.047124
8476.000000 0.901399 -0.042365 0.902394 -0.046965
8477.000000 0.901389 -0.042221 0.902377 -0.046805
8478.000000 0.901378 -0.042076 0.902360 -0.046646
8479.000000 0.901368 -0.041932 0.902343 -0.046487
8480.000000 0.901357 -0.041787 0.902325 -0.046327
8481.000000 0.901347 -0.041643 0.902308 -0.046168
8482.000000 0.901337 -0.041499 0.902291 -0.046009
8483.000000 0.901326 -0.041354 0.902274 -0.045849
8484.000000 0.901316 -0.041210 0.902258 -0.045690
8485.000000 0.901306 -0.041065 0.902241 -0.045530
8486.000000 0.901295 -0.040920 0.902224 -0.045371
8487.000000 0.901285 -0.040776 0.902207 -0.045211
8488.000000 0.901275 -0.040631 0.902191 -0.045051
8489.000000 0.901265 -0.040487 0.902174 -0.044892
8490.000000 0.901255 -0.040342 0.902157 -0.044732
8491.000000 0.901245 -0.040197 0.902141 -0.044572
8492.000000 0.901235 -0.040053 0.902125 -0.044413
8493.000000 0.901225 -0.039908 0.902108 -0.044253
8494.000000 0.901215 -0.039763 0.902092 -0.044093
8495.000000 0.901205 -0.039618 0.902076 -0.043933
8496.000000 0.901196 -0.039474 0.902060 -0.043773
8497.000000 0.901186 -0.039329 0.902044 -0.043613
8498.000000 0.901176 -0.039184 0.902028 -0.043453
8499.000000 0.901166 -0.039039 0.902012 -0.043293
8500.000000 0.901157 -0.038894 0.901996 -0.043134
8501.000000 0.901147 -0.038749 0.901980 -0.042973
8502.000000 0.901138 -0.038604 0.901964 -0.042813
8503.000000 0.901128 -0.038459 0.901948 -0.042653
8504.000000 0.901118 -0.038314 0.901933 -0.042493
8505.000000 0.901109 -0.038170 0.901917 -0.042333
8506.000000 0.901100 -0.038025 0.901902 -0.042173
8507.000000 0.901090 -0.037879 0.901886 -0.042013
8508.000000 0.901081 -0.037734 0.901871 -0.041852
8509.000000 0.901072 -0.037589 0.901855 -0.041692
8510.000000 0.901062 -0.037444 0.901840 -0.041532
8511.000000 0.901053 -0.037299 0.901825 -0.041372
8512.000000 0.901044 -0.037154 0.901810 -0.041211
8513.000000 0.901035 -0.037009 0.901795 -0.041051
8514.000000 0.901026 -0.036864 0.901780 -0.040890
8515.000000 0.901017 -0.036719 0.901765 -0.040730
8516.000000 0.901008 -0.036573 0.901750 -0.040569
8517.000000 0.900999 -0.036428 0.901735 -0.040409
8518.000000 0.900990 -0.036283 0.901720 -0.040248
8519.000000 0.900981 -0.036138 0.901705 -0.040088
8520.000000 0.900972 -0.035992 0.901691 -0.039927
8521.000000 0.900963 -0.035847 0.901676 -0.039767
8522.000000 0.900954 -0.035702 0.901662 -0.039606
8523.000000 0.900946 -0.035556 0.901647 -0.039445
8524.000000 0.900937 -0.035411 0.901633 -0.039285
8525.000000 0.900928 -0.035266 0.901618 -0.039124
8526.000000 0.900920 -0.035120 0.901604 -0.038963
8527.000000 0.900911 -0.034975 0.901590 -0.038802
8528.000000 0.900903 -0.034830 0.901576 -0.038641
8529.000000 0.900894 -0.034684 0.901562 -0.038481
8530.000000 0.900886 -0.034539 0.901547 -0.038320
8531.000000 0.900877 -0.034393 0.901534 -0.038159
8532.000000 0.900869 -0.034248 0.901520 -0.037998
8533.000000 0.900861 -0.034102 0.901506 -0.037837
8534.000000 0.900852 -0.033957 0.901492 -0.037676
8535.000000 0.900844 -0.033811 0.901478 -0.037515
8536.000000 0.900836 -0.033665 0.901465 -0.037354
8537.000000 0.900828 -0.033520 0.901451 -0.037193
8538.000000 0.900819 -0.033374 0.901437 -0.037032
8539.000000 0.900811 -0.033229 0.901424 -0.036871
8540.000000 0.900803 -0.033083 0.901411 -0.036710
8541.000000 0.900795 -0.032937 0.901397 -0.036548
8542.000000 0.900787 -0.032792 0.901384 -0.036387
8543.000000 0.900779 -0.032646 0.901371 -0.036226
8544.000000 0.900771 -0.032500 0.901358 -0.036065
8545.000000 0.900764 -0.032354 0.901344 -0.035903
8546.000000 0.900756 -0.032209 0.901331 -0.035742
8547.000000 0.900748 -0.032063 0.901318 -0.035581
8548.000000 0.900740 -0.031917 0.901306 -0.035419
8549.000000 0.900733 -0.031771 0.901293 -0.035258
8550.000000 0.900725 -0.031625 0.901280 -0.035097
8551.000000 0.900717 -0.031480 0.901267 -0.034935
8552.000000 0.900710 -0.031334 0.901255 -0.034774
8553.000000 0.900702 -0.031188 0.901242 -0.034612
8554.000000 0.900695 -0.031042 0.901229 -0.034451
8555.000000 0.900687 -0.030896 0.901217 -0.034289
8556.000000 0.900680 -0.030750 0.901205 -0.034128
8557.000000 0.900672 -0.030604 0.901192 -0.033966
8558.000000 0.900665 -0.030458 0.901180 -0.033805
8559.000000 0.900658 -0.030312 0.901168 -0.033643
8560.000000 0.900650 -0.030166 0.901156 -0.033481
8561.000000 0.900643 -0.030020 0.901143 -0.033320
8562.000000 0.900636 -0.029874 0.901131 -0.033158
8563.000000 0.900629 -0.029728 0.901119 -0.032996
8564.000000 0.900622 -0.029582 0.901108 -0.032835
8565.000000 0.900615 -0.029436 0.901096 -0.032673
8566.000000 0.900608 -0.029290 0.901084 -0.032511
8567.000000 0.900601 -0.029144 0.901072 -0.032349
8568.000000 0.900594 -0.028998 0.901061 -0.032187
8569.000000 0.900587 -0.028852 0.901049 -0.032026
8570.000000 0.900580 -0.028706 0.901037 -0.031864
8571.000000 0.900573 -0.028559 0.901026 -0.031702
8572.000000 0.900566 -0.028413 0.901015 -0.031540
8573.000000 0.900560 -0.028267 0.901003 -0.031378
8574.000000 0.900553 -0.028121 0.900992 -0.031216
8575.000000 0.900546 -0.027975 0.900981 -0.031054
8576.000000 0.900540 -0.027828 0.900970 -0.030892
8577.000000 0.900533 -0.027682 0.900959 -0.030730
8578.000000 0.900527 -0.027536 0.900947 -0.030568
8579.000000 0.900520 -0.027390 0.900937 -0.030406
8580.000000 0.900514 -0.027243 0.900926 -0.030244
8581.000000 0.900507 -0.027097 0.900915 -0.030082
8582.000000 0.900501 -0.026951 0.900904 -0.029920
8583.000000 0.900494 -0.026804 0.900893 -0.029757
8584.000000 0.900488 -0.026658 0.900883 -0.029595
8585.000000 0.900482 -0.026512 0.900872 -0.029433
8586.000000 0.900476 -0.026365 0.900862 -0.029271
8587.000000 0.900469 -0.026219 0.900851 -0.029109
8588.000000 0.900463 -0.026072 0.900841 -0.028946
8589.000000 0.900457 -0.025926 0.900830 -0.028784
8590.000000 0.900451 -0.025780 0.900820 -0.028622
8591.000000 0.900445 -0.025633 0.900810 -0.028459
8592.000000 0.900439 -0.025487 0.900800 -0.028297
8593.000000 0.900433 -0.025340 0.900790 -0.028135
8594.000000 0.900427 -0.025194 0.900780 -0.027972
8595.000000 0.900421 -0.025047 0.900770 -0.027810
8596.000000 0.900416 -0.024901 0.900760 -0.027648
8597.000000 0.900410 -0.024754 0.900750 -0.027485
8598.000000 0.900404 -0.024608 0.900740 -0.027323
8599.000000 0.900398 -0.024461 0.900731 -0.027160
8600.000000 0.900393 -0.024314 0.900721 -0.026998
8601.000000 0.900387 -0.024168 0.900711 -0.026835
8602.000000 0.900381 -0.024021 0.900702 -0.026673
8603.000000 0.900376 -0.023875 0.900692 -0.026510
8604.000000 0.900370 -0.023728 0.900683 -0.026348
8605.000000 0.900365 -0.023581 0.900674 -0.026185
8606.000000 0.900360 -0.023435 0.900664 -0.026022
8607.000000 0.900354 -0.023288 0.900655 -0.025860
8608.000000 0.900349 -0.023141 0.900646 -0.025697
8609.000000 0.900343 -0.022995 0.900637 -0.025534
8610.000000 0.900338 -0.022848 0.900628 -0.025372
8611.000000 0.900333 -0.022701 0.900619 -0.025209
8612.000000 0.900328 -0.022555 0.900610 -0.025046
8613.000000 0.900323 -0.022408 0.900601 -0.024884
8614.000000 0.900318 -0.022261 0.900593 -0.024721
8615.000000 0.900312 -0.022114 0.900584 -0.024558
8616.000000 0.900307 -0.021968 0.900575 -0.024395
8617.000000 0.900302 -0.021821 0.900567 -0.024233
8618.000000 0.900298 -0.021674 0.900558 -0.024070
8619.000000 0.900293 -0.021527 0.900550 -0.023907
8620.000000 0.900288 -0.021380 0.900542 -0.023744
8621.000000 0.900283 -0.021234 0.900533 -0.023581
8622.000000 0.900278 -0.021087 0.900525 -0.023418
8623.000000 0.900273 -0.020940 0.900517 -0.023255
8624.000000 0.900269 -0.020793 0.900509 -0.023092
8625.000000 0.900264 -0.020646 0.900501 -0.022930
8626.000000 0.900259 -0.020499 0.900493 -0.022767
8627.000000 0.900255 -0.020353 0.900485 -0.022604
8628.000000 0.900250 -0.020206 0.900477 -0.022441
8629.000000 0.900246 -0.020059 0.900469 -0.022278
8630.000000 0.900241 -0.019912 0.900461 -0.022115
8631.000000 0.900237 -0.019765 0.900454 -0.021952
8632.000000 0.900232 -0.019618 0.900446 -0.021789
8633.000000 0.900228 -0.019471 0.900439 -0.021626
8634.000000 0.900224 -0.019324 0.900431 -0.021463
8635.000000 0.900219 -0.019177 0.900424 -0.021299
8636.000000 0.900215 -0.019030 0.900416 -0.021136
8637.000000 0.900211 -0.018883 0.900409 -0.020973
8638.000000 0.900207 -0.018736 0.900402 -0.020810
8639.000000 0.900203 -0.018589 0.900395 -0.020647
8640.000000 0.900199 -0.018442 0.900388 -0.020484
8641.000000 0.900195 -0.018295 0.900381 -0.020321
8642.000000 0.900191 -0.018148 0.900374 -0.020158
8643.000000 0.900187 -0.018001 0.900367 -0.019994
8644.000000 0.900183 -0.017854 0.900360 -0.019831
8645.000000 0.900179 -0.017707 0.900353 -0.019668
8646.000000 0.900175 -0.017560 0.900346 -0.019505
8647.000000 0.900171 -0.017413 0.900340 -0.019341
8648.000000 0.900167 -0.017266 0.900333 -0.019178
8649.000000 0.900164 -0.017119 0.900327 -0.019015
8650.000000 0.900160 -0.016972 0.900320 -0.018852
8651.000000 0.900156 -0.016824 0.900314 -0.018688
8652.000000 0.900153 -0.016677 0.900307 -0.018525
8653.000000 0.900149 -0.016530 0.900301 -0.018362
8654.000000 0.900146 -0.016383 0.900295 -0.018198
8655.000000 0.900142 -0.016236 0.900289 -0.018035
8656.000000 0.900139 -0.016089 0.900283 -0.017872
8657.000000 0.900135 -0.015942 0.900277 -0.017708
8658.000000 0.900132 -0.015794 0.900271 -0.017545
8659.000000 0.900129 -0.015647 0.900265 -0.017382
8660.000000 0.900125 -0.015500 0.900259 -0.017218
8661.000000 0.900122 -0.015353 0.900253 -0.017055
8662.000000 0.900119 -0.015206 0.900247 -0.016891
8663.000000 0.900116 -0.015058 0.900242 -0.016728
8664.000000 0.900113 -0.014911 0.900236 -0.016564
8665.000000 0.900110 -0.014764 0.900231 -0.016401
8666.000000 0.900107 -0.014617 0.900225 -0.016238
8667.000000 0.900104 -0.014470 0.900220 -0.016074
8668.000000 0.900101 -0.014322 0.900215 -0.015911
8669.000000 0.900098 -0.014175 0.900209 -0.015747
8670.000000 0.900095 -0.014028 0.900204 -0.015584
8671.000000 0.900092 -0.013881 0.900199 -0.015420
8672.000000 0.900089 -0.013733 0.900194 -0.015257
8673.000000 0.900086 -0.013586 0.900189 -0.015093
8674.000000 0.900084 -0.013439 0.900184 -0.014929
8675.000000 0.900081 -0.013291 0.900179 -0.014766
8676.000000 0.900078 -0.013144 0.900174 -0.014602
8677.000000 0.900076 -0.012997 0.900170 -0.014439
8678.000000 0.900073 -0.012850 0.900165 -0.014275
8679.000000 0.900071 -0.012702 0.900160 -0.014112
8680.000000 0.900068 -0.012555 0.900156 -0.013948
8681.000000 0.900066 -0.012408 0.900151 -0.013784
8682.000000 0.900063 -0.012260 0.900147 -0.013621
8683.000000 0.900061 -0.012113 0.900143 -0.013457
8684.000000 0.900059 -0.011966 0.900138 -0.013293
8685.000000 0.900056 -0.011818 0.900134 -0.013130
8686.000000 0.900054 -0.011671 0.900130 -0.012966
8687.000000 0.900052 -0.011524 0.900126 -0.012802
8688.000000 0.900050 -0.011376 0.900122 -0.012639
8689.000000 0.900048 -0.011229 0.900118 -0.012475
8690.000000 0.900046 -0.011081 0.900114 -0.012311
8691.000000 0.900044 -0.010934 0.900110 -0.012148
8692.000000 0.900042 -0.010787 0.900106 -0.011984
8693.000000 0.900040 -0.010639 0.900102 -0.011820
8694.000000 0.900038 -0.010492 0.900099 -0.011657
8695.000000 0.900036 -0.010344 0.900095 -0.011493
8696.000000 0.900034 -0.010197 0.900092 -0.011329
8697.000000 0.900032 -0.010050 0.900088 -0.011165
8698.000000 0.900030 -0.009902 0.900085 -0.011002
8699.000000 0.900029 -0.009755 0.900081 -0.010838
8700.000000 0.900027 -0.009607 0.900078 -0.010674
8701.000000 0.900025 -0.009460 0.900075 -0.010510
8702.000000 0.900024 -0.009313 0.900072 -0.010347
8703.000000 0.900022 -0.009165 0.900069 -0.010183
8704.000000 0.900021 -0.009018 0.900066 -0.010019
8705.000000 0.900019 -0.008870 0.900063 -0.009855
8706.000000 0.900018 -0.008723 0.900060 -0.009691
8707.000000 0.900016 -0.008575 0.900057 -0.009528
8708.000000 0.900015 -0.008428 0.900054 -0.009364
8709.000000 0.900014 -0.008280 0.900052 -0.009200
8710.000000 0.900012 -0.008133 0.900049 -0.009036
8711.000000 0.900011 -0.007985 0.900046 -0.008872
8712.000000 0.900010 -0.007838 0.900044 -0.008709
8713.000000 0.900009 -0.007691 0.900041 -0.008545
8714.000000 0.900007 -0.007543 0.900039 -0.008381
8715.000000 0.900006 -0.007396 0.900037 -0.008217
8716.000000 0.900005 -0.007248 0.900034 -0.008053
8717.000000 0.900004 -0.007101 0.900032 -0.007889
8718.000000 0.900003 -0.006953 0.900030 -0.007726
8719.000000 0.900002 -0.006806 0.900028 -0.007562
8720.000000 0.900001 -0.006658 0.900026 -0.007398
8721.000000 0.900001 -0.006511 0.900024 -0.007234
8722.000000 0.900000 -0.006363 0.900022 -0.007070
8723.000000 0.899999 -0.006216 0.900021 -0.006906
8724.000000 0.899998 -0.006068 0.900019 -0.006742
8725.000000 0.899998 -0.005921 0.900017 -0.006578
8726.000000 0.899997 -0.005773 0.900015 -0.006415
8727.000000 0.899996 -0.005626 0.900014 -0.006251
8728.000000 0.899996 -0.005478 0.900012 -0.006087
8729.000000 0.899995 -0.005331 0.900011 -0.005923
8730.000000 0.899995 -0.005183 0.900010 -0.005759
8731.000000 0.899994 -0.005036 0.900008 -0.005595
8732.000000 0.899994 -0.004888 0.900007 -0.005431
8733.000000 0.899993 -0.004741 0.900006 -0.005267
8734.000000 0.899993 -0.004593 0.900005 -0.005103
8735.000000 0.899993 -0.004446 0.900004 -0.004940
8736.000000 0.899993 -0.004298 0.900003 -0.004776
8737.000000 0.899992 -0.004151 0.900002 -0.004612
8738.000000 0.899992 -0.004003 0.900001 -0.004448
8739.000000 0.899992 -0.003855 0.900000 -0.004284
8740.000000 0.899992 -0.003708 0.900000 -0.004120
8741.000000 0.899992 -0.003560 0.899999 -0.003956
8742.000000 0.899992 -0.003413 0.899998 -0.003792
8743.000000 0.899992 -0.003265 0.899998 -0.003628
8744.000000 0.899992 -0.003118 0.899997 -0.003464
8745.000000 0.899992 -0.002970 0.899997 -0.003300
8746.000000 0.899992 -0.002823 0.899997 -0.003136
8747.000000 0.899992 -0.002675 0.899996 -0.002973
8748.000000 0.899993 -0.002528 0.899996 -0.002809
8749.000000 0.899993 -0.002380 0.899996 -0.002645
8750.000000 0.899993 -0.002233 0.899996 -0.002481
8751.000000 0.899993 -0.002085 0.899996 -0.002317
8752.000000 0.899994 -0.001938 0.899996 -0.002153
8753.000000 0.899994 -0.001790 0.899996 -0.001989
8754.000000 0.899995 -0.001643 0.899996 -0.001825
8755.000000 0.899995 -0.001495 0.899996 -0.001661
8756.000000 0.899996 -0.001348 0.899997 -0.001497
8757.000000 0.899996 -0.001200 0.899997 -0.001333
8758.000000 0.899997 -0.001052 0.899998 -0.001169
8759.000000 0.899998 -0.000905 0.899998 -0.001005
8760.000000 0.899998 -0.000757 0.899999 -0.000842
8761.000000 0.899999 -0.000610 0.899999 -0.000678
8762.000000 0.900000 -0.000462 0.900000 -0.000514
8763.000000 0.900001 -0.000315 0.900001 -0.000350
8764.000000 0.900001 -0.000167 0.900002 -0.000186
8765.000000 0.900002 -0.000020 0.900002 -0.000022
8766.000000 0.900003 0.000128 0.900003 0.000142
8767.000000 0.900004 0.000275 0.900004 0.000306
8768.000000 0.900005 0.000423 0.900005 0.000470
8769.000000 0.900006 0.000570 0.900007 0.000634
8770.000000 0.900007 0.000718 0.900008 0.000798
8771.000000 0.900009 0.000865 0.900009 0.000961
8772.000000 0.900010 0.001013 0.900010 0.001125
8773.000000 0.900011 0.001160 0.900012 0.001289
8774.000000 0.900012 0.001308 0.900013 0.001453
8775.000000 0.900014 0.001455 0.900015 0.001617
8776.000000 0.900015 0.001603 0.900016 0.001781
8777.000000 0.900016 0.001750 0.900018 0.001945
8778.000000 0.900018 0.001898 0.900020 0.002109
8779.000000 0.900019 0.002045 0.900021 0.002273
8780.000000 0.900021 0.002193 0.900023 0.002436
8781.000000 0.900022 0.002340 0.900025 0.002600
8782.000000 0.900024 0.002488 0.900027 0.002764
8783.000000 0.900025 0.002635 0.900029 0.002928
