# time [hours] x [au] y [au] r [au] lon [rad] HEE coordinates
0.000000 0.800000 0.000000 0.800000 0.000000
1.000114 0.800000 0.000305 0.800000 0.000381
2.000228 0.800000 0.000609 0.800000 0.000761
3.000342 0.800000 0.000914 0.800001 0.001142
4.000455 0.800000 0.001218 0.800001 0.001523
5.000569 0.800001 0.001523 0.800002 0.001903
6.000683 0.800001 0.001827 0.800003 0.002284
7.000797 0.800001 0.002132 0.800004 0.002664
8.000911 0.800001 0.002436 0.800005 0.003045
9.001025 0.800002 0.002741 0.800007 0.003426
10.001139 0.800002 0.003045 0.800008 0.003806
11.001252 0.800003 0.003350 0.800010 0.004187
12.001366 0.800003 0.003654 0.800012 0.004568
13.001480 0.800004 0.003959 0.800014 0.004948
14.001594 0.800004 0.004263 0.800016 0.005329
15.001708 0.800005 0.004568 0.800018 0.005709
16.001822 0.800006 0.004872 0.800021 0.006090
17.001936 0.800006 0.005177 0.800023 0.006471
18.002049 0.800007 0.005481 0.800026 0.006851
19.002163 0.800008 0.005786 0.800029 0.007232
20.002277 0.800009 0.006090 0.800032 0.007612
21.002391 0.800010 0.006394 0.800035 0.007993
22.002505 0.800011 0.006699 0.800039 0.008373
23.002619 0.800012 0.007003 0.800043 0.008754
24.002733 0.800013 0.007308 0.800046 0.009134
25.002846 0.800014 0.007612 0.800050 0.009515
26.002960 0.800015 0.007917 0.800054 0.009895
27.003074 0.800016 0.008221 0.800059 0.010276
28.003188 0.800018 0.008526 0.800063 0.010656
29.003302 0.800019 0.008830 0.800068 0.011037
30.003416 0.800020 0.009134 0.800072 0.011417
31.003530 0.800022 0.009439 0.800077 0.011798
32.003643 0.800023 0.009743 0.800082 0.012178
33.003757 0.800024 0.010048 0.800087 0.012559
34.003871 0.800026 0.010352 0.800093 0.012939
35.003985 0.800027 0.010656 0.800098 0.013319
36.004099 0.800029 0.010961 0.800104 0.013700
37.004213 0.800031 0.011265 0.800110 0.014080
38.004327 0.800032 0.011570 0.800116 0.014460
39.004440 0.800034 0.011874 0.800122 0.014841
40.004554 0.800036 0.012178 0.800129 0.015221
41.004668 0.800038 0.012483 0.800135 0.015601
42.004782 0.800040 0.012787 0.800142 0.015982
43.004896 0.800041 0.013091 0.800149 0.016362
44.005010 0.800043 0.013396 0.800156 0.016742
45.005124 0.800045 0.013700 0.800163 0.017122
46.005237 0.800047 0.014004 0.800170 0.017502
47.005351 0.800050 0.014308 0.800177 0.017883
48.005465 0.800052 0.014613 0.800185 0.018263
49.005579 0.800054 0.014917 0.800193 0.018643
50.005693 0.800056 0.015221 0.800201 0.019023
51.005807 0.800058 0.015526 0.800209 0.019403
52.005921 0.800061 0.015830 0.800217 0.019783
53.006034 0.800063 0.016134 0.800226 0.020163
54.006148 0.800065 0.016438 0.800234 0.020543
55.006262 0.800068 0.016742 0.800243 0.020923
56.006376 0.800070 0.017047 0.800252 0.021303
57.006490 0.800073 0.017351 0.800261 0.021683
58.006604 0.800075 0.017655 0.800270 0.022063
59.006718 0.800078 0.017959 0.800280 0.022443
60.006831 0.800081 0.018263 0.800289 0.022823
61.006945 0.800083 0.018567 0.800299 0.023203
62.007059 0.800086 0.018871 0.800309 0.023582
63.007173 0.800089 0.019176 0.800319 0.023962
64.007287 0.800092 0.019480 0.800329 0.024342
65.007401 0.800095 0.019784 0.800339 0.024722
66.007515 0.800098 0.020088 0.800350 0.025101
67.007628 0.800101 0.020392 0.800361 0.025481
68.007742 0.800104 0.020696 0.800371 0.025861
69.007856 0.800107 0.021000 0.800382 0.026240
70.007970 0.800110 0.021304 0.800394 0.026620
71.008084 0.800113 0.021608 0.800405 0.026999
72.008198 0.800116 0.021912 0.800416 0.027379
73.008312 0.800120 0.022216 0.800428 0.027758
74.008425 0.800123 0.022520 0.800440 0.028138
75.008539 0.800126 0.022824 0.800452 0.028517
76.008653 0.800130 0.023127 0.800464 0.028897
77.008767 0.800133 0.023431 0.800476 0.029276
78.008881 0.800137 0.023735 0.800489 0.029655
79.008995 0.800140 0.024039 0.800501 0.030035
80.009109 0.800144 0.024343 0.800514 0.030414
81.009222 0.800147 0.024647 0.800527 0.030793
82.009336 0.800151 0.024951 0.800540 0.031172
83.009450 0.800155 0.025254 0.800553 0.031551
84.009564 0.800158 0.025558 0.800566 0.031931
85.009678 0.800162 0.025862 0.800580 0.032310
86.009792 0.800166 0.026166 0.800594 0.032689
87.009905 0.800170 0.026469 0.800608 0.033068
88.010019 0.800174 0.026773 0.800622 0.033447
89.010133 0.800178 0.027077 0.800636 0.033825
90.010247 0.800182 0.027380 0.800650 0.034204
91.010361 0.800186 0.027684 0.800665 0.034583
92.010475 0.800190 0.027988 0.800679 0.034962
93.010589 0.800194 0.028291 0.800694 0.035341
94.010702 0.800198 0.028595 0.800709 0.035719
95.010816 0.800203 0.028898 0.800724 0.036098
96.010930 0.800207 0.029202 0.800740 0.036477
97.011044 0.800211 0.029505 0.800755 0.036855
98.011158 0.800216 0.029809 0.800771 0.037234
99.011272 0.800220 0.030112 0.800787 0.037612
100.011386 0.800225 0.030416 0.800803 0.037991
101.011499 0.800229 0.030719 0.800819 0.038369
102.011613 0.800234 0.031023 0.800835 0.038748
103.011727 0.800238 0.031326 0.800851 0.039126
104.011841 0.800243 0.031630 0.800868 0.039504
105.011955 0.800248 0.031933 0.800885 0.039883
106.012069 0.800253 0.032236 0.800902 0.040261
107.012183 0.800257 0.032540 0.800919 0.040639
108.012296 0.800262 0.032843 0.800936 0.041017
109.012410 0.800267 0.033146 0.800953 0.041395
110.012524 0.800272 0.033449 0.800971 0.041773
111.012638 0.800277 0.033753 0.800988 0.042151
112.012752 0.800282 0.034056 0.801006 0.042529
113.012866 0.800287 0.034359 0.801024 0.042907
114.012980 0.800292 0.034662 0.801043 0.043285
115.013093 0.800297 0.034965 0.801061 0.043662
116.013207 0.800303 0.035268 0.801079 0.044040
117.013321 0.800308 0.035571 0.801098 0.044418
118.013435 0.800313 0.035874 0.801117 0.044795
119.013549 0.800319 0.036177 0.801136 0.045173
120.013663 0.800324 0.036480 0.801155 0.045550
121.013777 0.800329 0.036783 0.801174 0.045928
122.013890 0.800335 0.037086 0.801194 0.046305
123.014004 0.800340 0.037389 0.801213 0.046683
124.014118 0.800346 0.037692 0.801233 0.047060
125.014232 0.800352 0.037995 0.801253 0.047437
126.014346 0.800357 0.038298 0.801273 0.047814
127.014460 0.800363 0.038601 0.801293 0.048192
128.014574 0.800369 0.038903 0.801314 0.048569
129.014687 0.800375 0.039206 0.801334 0.048946
130.014801 0.800380 0.039509 0.801355 0.049323
131.014915 0.800386 0.039812 0.801376 0.049699
132.015029 0.800392 0.040114 0.801397 0.050076
133.015143 0.800398 0.040417 0.801418 0.050453
134.015257 0.800404 0.040720 0.801439 0.050830
135.015371 0.800410 0.041022 0.801461 0.051207
136.015484 0.800417 0.041325 0.801483 0.051583
137.015598 0.800423 0.041627 0.801504 0.051960
138.015712 0.800429 0.041930 0.801526 0.052336
139.015826 0.800435 0.042232 0.801549 0.052713
140.015940 0.800442 0.042535 0.801571 0.053089
141.016054 0.800448 0.042837 0.801593 0.053465
142.016168 0.800454 0.043139 0.801616 0.053842
143.016281 0.800461 0.043442 0.801639 0.054218
144.016395 0.800467 0.043744 0.801662 0.054594
145.016509 0.800474 0.044046 0.801685 0.054970
146.016623 0.800480 0.044349 0.801708 0.055346
147.016737 0.800487 0.044651 0.801731 0.055722
148.016851 0.800494 0.044953 0.801755 0.056098
149.016965 0.800501 0.045255 0.801779 0.056474
150.017078 0.800507 0.045557 0.801803 0.056849
151.017192 0.800514 0.045860 0.801827 0.057225
152.017306 0.800521 0.046162 0.801851 0.057601
153.017420 0.800528 0.046464 0.801875 0.057976
154.017534 0.800535 0.046766 0.801900 0.058352
155.017648 0.800542 0.047068 0.801924 0.058727
156.017762 0.800549 0.047370 0.801949 0.059102
157.017875 0.800556 0.047671 0.801974 0.059478
158.017989 0.800563 0.047973 0.801999 0.059853
159.018103 0.800571 0.048275 0.802025 0.060228
160.018217 0.800578 0.048577 0.802050 0.060603
161.018331 0.800585 0.048879 0.802076 0.060978
162.018445 0.800592 0.049181 0.802102 0.061353
163.018559 0.800600 0.049482 0.802127 0.061728
164.018672 0.800607 0.049784 0.802154 0.062103
165.018786 0.800615 0.050086 0.802180 0.062477
166.018900 0.800622 0.050387 0.802206 0.062852
167.019014 0.800630 0.050689 0.802233 0.063227
168.019128 0.800637 0.050990 0.802260 0.063601
169.019242 0.800645 0.051292 0.802286 0.063976
170.019356 0.800653 0.051593 0.802313 0.064350
171.019469 0.800661 0.051895 0.802341 0.064724
172.019583 0.800668 0.052196 0.802368 0.065098
173.019697 0.800676 0.052497 0.802395 0.065473
174.019811 0.800684 0.052799 0.802423 0.065847
175.019925 0.800692 0.053100 0.802451 0.066221
176.020039 0.800700 0.053401 0.802479 0.066595
177.020153 0.800708 0.053702 0.802507 0.066968
178.020266 0.800716 0.054004 0.802535 0.067342
179.020380 0.800724 0.054305 0.802564 0.067716
180.020494 0.800733 0.054606 0.802592 0.068089
181.020608 0.800741 0.054907 0.802621 0.068463
182.020722 0.800749 0.055208 0.802650 0.068836
183.020836 0.800757 0.055509 0.802679 0.069210
184.020950 0.800766 0.055810 0.802708 0.069583
185.021063 0.800774 0.056111 0.802738 0.069956
186.021177 0.800783 0.056412 0.802767 0.070329
187.021291 0.800791 0.056712 0.802797 0.070702
188.021405 0.800800 0.057013 0.802827 0.071075
189.021519 0.800808 0.057314 0.802857 0.071448
190.021633 0.800817 0.057615 0.802887 0.071821
191.021747 0.800826 0.057915 0.802917 0.072194
192.021860 0.800835 0.058216 0.802948 0.072566
193.021974 0.800843 0.058517 0.802978 0.072939
194.022088 0.800852 0.058817 0.803009 0.073311
195.022202 0.800861 0.059118 0.803040 0.073684
196.022316 0.800870 0.059418 0.803071 0.074056
197.022430 0.800879 0.059718 0.803103 0.074428
198.022544 0.800888 0.060019 0.803134 0.074801
199.022657 0.800897 0.060319 0.803166 0.075173
200.022771 0.800906 0.060619 0.803197 0.075545
201.022885 0.800916 0.060920 0.803229 0.075916
202.022999 0.800925 0.061220 0.803261 0.076288
203.023113 0.800934 0.061520 0.803293 0.076660
204.023227 0.800943 0.061820 0.803326 0.077032
205.023341 0.800953 0.062120 0.803358 0.077403
206.023454 0.800962 0.062420 0.803391 0.077775
207.023568 0.800972 0.062720 0.803424 0.078146
208.023682 0.800981 0.063020 0.803457 0.078517
209.023796 0.800991 0.063320 0.803490 0.078888
210.023910 0.801000 0.063620 0.803523 0.079259
211.024024 0.801010 0.063920 0.803556 0.079630
212.024138 0.801020 0.064220 0.803590 0.080001
213.024251 0.801030 0.064519 0.803624 0.080372
214.024365 0.801039 0.064819 0.803658 0.080743
215.024479 0.801049 0.065119 0.803692 0.081113
216.024593 0.801059 0.065418 0.803726 0.081484
217.024707 0.801069 0.065718 0.803760 0.081854
218.024821 0.801079 0.066017 0.803795 0.082225
219.024935 0.801089 0.066317 0.803830 0.082595
220.025048 0.801099 0.066616 0.803864 0.082965
221.025162 0.801109 0.066916 0.803899 0.083335
222.025276 0.801120 0.067215 0.803934 0.083705
223.025390 0.801130 0.067514 0.803970 0.084075
224.025504 0.801140 0.067813 0.804005 0.084445
225.025618 0.801151 0.068113 0.804041 0.084815
226.025732 0.801161 0.068412 0.804077 0.085184
227.025845 0.801171 0.068711 0.804112 0.085554
228.025959 0.801182 0.069010 0.804149 0.085923
229.026073 0.801192 0.069309 0.804185 0.086292
230.026187 0.801203 0.069608 0.804221 0.086662
231.026301 0.801214 0.069907 0.804258 0.087031
232.026415 0.801224 0.070206 0.804294 0.087400
233.026529 0.801235 0.070504 0.804331 0.087769
234.026642 0.801246 0.070803 0.804368 0.088137
235.026756 0.801257 0.071102 0.804405 0.088506
236.026870 0.801268 0.071400 0.804443 0.088875
237.026984 0.801279 0.071699 0.804480 0.089243
238.027098 0.801290 0.071998 0.804518 0.089612
239.027212 0.801301 0.072296 0.804555 0.089980
240.027326 0.801312 0.072595 0.804593 0.090348
241.027439 0.801323 0.072893 0.804631 0.090716
242.027553 0.801334 0.073191 0.804670 0.091084
243.027667 0.801345 0.073490 0.804708 0.091452
244.027781 0.801356 0.073788 0.804746 0.091820
245.027895 0.801368 0.074086 0.804785 0.092188
246.028009 0.801379 0.074384 0.804824 0.092555
247.028123 0.801391 0.074682 0.804863 0.092923
248.028236 0.801402 0.074980 0.804902 0.093290
249.028350 0.801414 0.075278 0.804941 0.093657
250.028464 0.801425 0.075576 0.804981 0.094024
251.028578 0.801437 0.075874 0.805020 0.094391
252.028692 0.801448 0.076172 0.805060 0.094758
253.028806 0.801460 0.076470 0.805100 0.095125
254.028920 0.801472 0.076768 0.805140 0.095492
255.029033 0.801484 0.077065 0.805180 0.095859
256.029147 0.801496 0.077363 0.805221 0.096225
257.029261 0.801508 0.077660 0.805261 0.096591
258.029375 0.801520 0.077958 0.805302 0.096958
259.029489 0.801532 0.078255 0.805343 0.097324
260.029603 0.801544 0.078553 0.805384 0.097690
261.029716 0.801556 0.078850 0.805425 0.098056
262.029830 0.801568 0.079147 0.805466 0.098422
263.029944 0.801580 0.079445 0.805507 0.098788
264.030058 0.801592 0.079742 0.805549 0.099153
265.030172 0.801605 0.080039 0.805591 0.099519
266.030286 0.801617 0.080336 0.805633 0.099884
267.030400 0.801629 0.080633 0.805675 0.100249
268.030513 0.801642 0.080930 0.805717 0.100615
269.030627 0.801654 0.081227 0.805759 0.100980
270.030741 0.801667 0.081524 0.805802 0.101345
271.030855 0.801680 0.081821 0.805844 0.101709
272.030969 0.801692 0.082117 0.805887 0.102074
273.031083 0.801705 0.082414 0.805930 0.102439
274.031197 0.801718 0.082711 0.805973 0.102803
275.031310 0.801731 0.083007 0.806016 0.103168
276.031424 0.801744 0.083304 0.806060 0.103532
277.031538 0.801756 0.083600 0.806103 0.103896
278.031652 0.801769 0.083897 0.806147 0.104260
279.031766 0.801782 0.084193 0.806191 0.104624
280.031880 0.801796 0.084489 0.806235 0.104988
281.031994 0.801809 0.084786 0.806279 0.105351
282.032107 0.801822 0.085082 0.806323 0.105715
283.032221 0.801835 0.085378 0.806368 0.106078
284.032335 0.801848 0.085674 0.806412 0.106442
285.032449 0.801862 0.085970 0.806457 0.106805
286.032563 0.801875 0.086266 0.806502 0.107168
287.032677 0.801888 0.086562 0.806547 0.107531
288.032791 0.801902 0.086858 0.806592 0.107894
289.032904 0.801915 0.087153 0.806638 0.108256
290.033018 0.801929 0.087449 0.806683 0.108619
291.033132 0.801943 0.087745 0.806729 0.108982
292.033246 0.801956 0.088040 0.806774 0.109344
293.033360 0.801970 0.088336 0.806820 0.109706
294.033474 0.801984 0.088631 0.806867 0.110068
295.033588 0.801998 0.088927 0.806913 0.110430
296.033701 0.802012 0.089222 0.806959 0.110792
297.033815 0.802026 0.089517 0.807006 0.111154
298.033929 0.802040 0.089812 0.807052 0.111515
299.034043 0.802054 0.090107 0.807099 0.111877
300.034157 0.802068 0.090403 0.807146 0.112238
301.034271 0.802082 0.090698 0.807193 0.112599
302.034385 0.802096 0.090993 0.807241 0.112961
303.034498 0.802110 0.091287 0.807288 0.113322
304.034612 0.802125 0.091582 0.807336 0.113682
305.034726 0.802139 0.091877 0.807384 0.114043
306.034840 0.802153 0.092172 0.807431 0.114404
307.034954 0.802168 0.092466 0.807479 0.114764
308.035068 0.802182 0.092761 0.807528 0.115124
309.035182 0.802197 0.093056 0.807576 0.115485
310.035295 0.802211 0.093350 0.807625 0.115845
311.035409 0.802226 0.093644 0.807673 0.116205
312.035523 0.802241 0.093939 0.807722 0.116565
313.035637 0.802256 0.094233 0.807771 0.116924
314.035751 0.802270 0.094527 0.807820 0.117284
315.035865 0.802285 0.094821 0.807869 0.117643
316.035979 0.802300 0.095115 0.807919 0.118003
317.036092 0.802315 0.095409 0.807968 0.118362
318.036206 0.802330 0.095703 0.808018 0.118721
319.036320 0.802345 0.095997 0.808068 0.119080
320.036434 0.802360 0.096291 0.808118 0.119438
321.036548 0.802376 0.096585 0.808168 0.119797
322.036662 0.802391 0.096878 0.808218 0.120156
323.036776 0.802406 0.097172 0.808268 0.120514
324.036889 0.802421 0.097466 0.808319 0.120872
325.037003 0.802437 0.097759 0.808370 0.121230
326.037117 0.802452 0.098052 0.808421 0.121588
327.037231 0.802468 0.098346 0.808472 0.121946
328.037345 0.802483 0.098639 0.808523 0.122304
329.037459 0.802499 0.098932 0.808574 0.122661
330.037573 0.802515 0.099225 0.808626 0.123019
331.037686 0.802530 0.099518 0.808677 0.123376
332.037800 0.802546 0.099811 0.808729 0.123733
333.037914 0.802562 0.100104 0.808781 0.124090
334.038028 0.802578 0.100397 0.808833 0.124447
335.038142 0.802594 0.100690 0.808885 0.124804
336.038256 0.802610 0.100983 0.808937 0.125160
337.038370 0.802626 0.101275 0.808990 0.125517
338.038483 0.802642 0.101568 0.809042 0.125873
339.038597 0.802658 0.101860 0.809095 0.126229
340.038711 0.802674 0.102153 0.809148 0.126585
341.038825 0.802690 0.102445 0.809201 0.126941
342.038939 0.802706 0.102738 0.809254 0.127297
343.039053 0.802723 0.103030 0.809308 0.127653
344.039167 0.802739 0.103322 0.809361 0.128008
345.039280 0.802756 0.103614 0.809415 0.128363
346.039394 0.802772 0.103906 0.809469 0.128719
347.039508 0.802789 0.104198 0.809523 0.129074
348.039622 0.802805 0.104490 0.809577 0.129428
349.039736 0.802822 0.104782 0.809631 0.129783
350.039850 0.802839 0.105074 0.809685 0.130138
351.039964 0.802855 0.105365 0.809740 0.130492
352.040077 0.802872 0.105657 0.809795 0.130847
353.040191 0.802889 0.105948 0.809849 0.131201
354.040305 0.802906 0.106240 0.809904 0.131555
355.040419 0.802923 0.106531 0.809960 0.131909
356.040533 0.802940 0.106822 0.810015 0.132262
357.040647 0.802957 0.107114 0.810070 0.132616
358.040761 0.802974 0.107405 0.810126 0.132969
359.040874 0.802992 0.107696 0.810181 0.133323
360.040988 0.803009 0.107987 0.810237 0.133676
361.041102 0.803026 0.108278 0.810293 0.134029
362.041216 0.803044 0.108569 0.810349 0.134382
363.041330 0.803061 0.108860 0.810406 0.134735
364.041444 0.803078 0.109150 0.810462 0.135087
365.041558 0.803096 0.109441 0.810519 0.135440
366.041671 0.803114 0.109731 0.810575 0.135792
367.041785 0.803131 0.110022 0.810632 0.136144
368.041899 0.803149 0.110312 0.810689 0.136496
369.042013 0.803167 0.110603 0.810746 0.136848
370.042127 0.803184 0.110893 0.810804 0.137199
371.042241 0.803202 0.111183 0.810861 0.137551
372.042355 0.803220 0.111473 0.810919 0.137902
373.042468 0.803238 0.111763 0.810976 0.138253
374.042582 0.803256 0.112053 0.811034 0.138604
375.042696 0.803274 0.112343 0.811092 0.138955
376.042810 0.803292 0.112633 0.811150 0.139306
377.042924 0.803310 0.112923 0.811209 0.139657
378.043038 0.803329 0.113212 0.811267 0.140007
379.043152 0.803347 0.113502 0.811326 0.140357
380.043265 0.803365 0.113792 0.811384 0.140708
381.043379 0.803384 0.114081 0.811443 0.141058
382.043493 0.803402 0.114370 0.811502 0.141407
383.043607 0.803421 0.114660 0.811561 0.141757
384.043721 0.803439 0.114949 0.811621 0.142107
385.043835 0.803458 0.115238 0.811680 0.142456
386.043949 0.803477 0.115527 0.811740 0.142805
387.044062 0.803495 0.115816 0.811799 0.143154
388.044176 0.803514 0.116105 0.811859 0.143503
389.044290 0.803533 0.116394 0.811919 0.143852
390.044404 0.803552 0.116682 0.811979 0.144200
391.044518 0.803571 0.116971 0.812040 0.144549
392.044632 0.803590 0.117260 0.812100 0.144897
393.044746 0.803609 0.117548 0.812161 0.145245
394.044859 0.803628 0.117836 0.812221 0.145593
395.044973 0.803647 0.118125 0.812282 0.145941
396.045087 0.803666 0.118413 0.812343 0.146288
397.045201 0.803686 0.118701 0.812404 0.146636
398.045315 0.803705 0.118989 0.812466 0.146983
399.045429 0.803724 0.119277 0.812527 0.147330
400.045543 0.803744 0.119565 0.812589 0.147677
401.045656 0.803763 0.119853 0.812650 0.148024
402.045770 0.803783 0.120141 0.812712 0.148371
403.045884 0.803803 0.120428 0.812774 0.148717
404.045998 0.803822 0.120716 0.812836 0.149064
405.046112 0.803842 0.121004 0.812898 0.149410
406.046226 0.803862 0.121291 0.812961 0.149756
407.046340 0.803882 0.121578 0.813023 0.150102
408.046453 0.803902 0.121866 0.813086 0.150447
409.046567 0.803922 0.122153 0.813149 0.150793
410.046681 0.803942 0.122440 0.813212 0.151138
411.046795 0.803962 0.122727 0.813275 0.151483
412.046909 0.803982 0.123014 0.813338 0.151828
413.047023 0.804002 0.123301 0.813402 0.152173
414.047137 0.804022 0.123588 0.813465 0.152518
415.047250 0.804042 0.123874 0.813529 0.152862
416.047364 0.804063 0.124161 0.813593 0.153207
417.047478 0.804083 0.124447 0.813657 0.153551
418.047592 0.804104 0.124734 0.813721 0.153895
419.047706 0.804124 0.125020 0.813785 0.154239
420.047820 0.804145 0.125306 0.813849 0.154583
421.047934 0.804165 0.125593 0.813914 0.154926
422.048047 0.804186 0.125879 0.813978 0.155269
423.048161 0.804207 0.126165 0.814043 0.155613
424.048275 0.804228 0.126451 0.814108 0.155956
425.048389 0.804249 0.126737 0.814173 0.156298
426.048503 0.804270 0.127022 0.814238 0.156641
427.048617 0.804291 0.127308 0.814304 0.156984
428.048731 0.804312 0.127594 0.814369 0.157326
429.048844 0.804333 0.127879 0.814435 0.157668
430.048958 0.804354 0.128164 0.814501 0.158010
431.049072 0.804375 0.128450 0.814566 0.158352
432.049186 0.804396 0.128735 0.814633 0.158694
433.049300 0.804418 0.129020 0.814699 0.159035
434.049414 0.804439 0.129305 0.814765 0.159376
435.049527 0.804460 0.129590 0.814831 0.159718
436.049641 0.804482 0.129875 0.814898 0.160058
437.049755 0.804504 0.130160 0.814965 0.160399
438.049869 0.804525 0.130445 0.815032 0.160740
439.049983 0.804547 0.130729 0.815099 0.161080
440.050097 0.804569 0.131014 0.815166 0.161421
441.050211 0.804590 0.131298 0.815233 0.161761
442.050324 0.804612 0.131583 0.815300 0.162101
443.050438 0.804634 0.131867 0.815368 0.162440
444.050552 0.804656 0.132151 0.815436 0.162780
445.050666 0.804678 0.132435 0.815504 0.163119
446.050780 0.804700 0.132719 0.815571 0.163459
447.050894 0.804722 0.133003 0.815640 0.163798
448.051008 0.804745 0.133287 0.815708 0.164136
449.051121 0.804767 0.133571 0.815776 0.164475
450.051235 0.804789 0.133854 0.815845 0.164814
451.051349 0.804812 0.134138 0.815913 0.165152
452.051463 0.804834 0.134421 0.815982 0.165490
453.051577 0.804856 0.134705 0.816051 0.165828
454.051691 0.804879 0.134988 0.816120 0.166166
455.051805 0.804902 0.135271 0.816189 0.166504
456.051918 0.804924 0.135554 0.816259 0.166841
457.052032 0.804947 0.135837 0.816328 0.167178
458.052146 0.804970 0.136120 0.816398 0.167515
459.052260 0.804993 0.136403 0.816467 0.167852
460.052374 0.805016 0.136686 0.816537 0.168189
461.052488 0.805039 0.136969 0.816607 0.168525
462.052602 0.805062 0.137251 0.816677 0.168862
463.052715 0.805085 0.137534 0.816748 0.169198
464.052829 0.805108 0.137816 0.816818 0.169534
465.052943 0.805131 0.138098 0.816889 0.169870
466.053057 0.805154 0.138381 0.816959 0.170205
467.053171 0.805178 0.138663 0.817030 0.170541
468.053285 0.805201 0.138945 0.817101 0.170876
469.053399 0.805224 0.139227 0.817172 0.171211
470.053512 0.805248 0.139508 0.817243 0.171546
471.053626 0.805271 0.139790 0.817315 0.171881
472.053740 0.805295 0.140072 0.817386 0.172215
473.053854 0.805319 0.140353 0.817458 0.172550
474.053968 0.805343 0.140635 0.817530 0.172884
475.054082 0.805366 0.140916 0.817602 0.173218
476.054196 0.805390 0.141197 0.817674 0.173552
477.054309 0.805414 0.141479 0.817746 0.173885
478.054423 0.805438 0.141760 0.817818 0.174219
479.054537 0.805462 0.142041 0.817890 0.174552
480.054651 0.805486 0.142321 0.817963 0.174885
481.054765 0.805510 0.142602 0.818036 0.175218
482.054879 0.805535 0.142883 0.818109 0.175551
483.054993 0.805559 0.143164 0.818181 0.175883
484.055106 0.805583 0.143444 0.818255 0.176215
485.055220 0.805608 0.143724 0.818328 0.176548
486.055334 0.805632 0.144005 0.818401 0.176879
487.055448 0.805657 0.144285 0.818475 0.177211
488.055562 0.805681 0.144565 0.818548 0.177543
489.055676 0.805706 0.144845 0.818622 0.177874
490.055790 0.805731 0.145125 0.818696 0.178205
491.055903 0.805755 0.145405 0.818770 0.178536
492.056017 0.805780 0.145685 0.818844 0.178867
493.056131 0.805805 0.145964 0.818918 0.179198
494.056245 0.805830 0.146244 0.818993 0.179528
495.056359 0.805855 0.146523 0.819067 0.179858
496.056473 0.805880 0.146802 0.819142 0.180188
497.056587 0.805905 0.147082 0.819217 0.180518
498.056700 0.805930 0.147361 0.819292 0.180848
499.056814 0.805956 0.147640 0.819367 0.181177
500.056928 0.805981 0.147919 0.819442 0.181507
501.057042 0.806006 0.148198 0.819517 0.181836
502.057156 0.806032 0.148476 0.819593 0.182165
503.057270 0.806057 0.148755 0.819669 0.182493
504.057384 0.806083 0.149034 0.819744 0.182822
505.057497 0.806109 0.149312 0.819820 0.183150
506.057611 0.806134 0.149590 0.819896 0.183478
507.057725 0.806160 0.149869 0.819972 0.183806
508.057839 0.806186 0.150147 0.820049 0.184134
509.057953 0.806212 0.150425 0.820125 0.184461
510.058067 0.806238 0.150703 0.820201 0.184789
511.058181 0.806264 0.150981 0.820278 0.185116
512.058294 0.806290 0.151258 0.820355 0.185443
513.058408 0.806316 0.151536 0.820432 0.185770
514.058522 0.806342 0.151814 0.820509 0.186096
515.058636 0.806368 0.152091 0.820586 0.186422
516.058750 0.806394 0.152369 0.820663 0.186749
517.058864 0.806421 0.152646 0.820741 0.187075
518.058978 0.806447 0.152923 0.820818 0.187400
519.059091 0.806474 0.153200 0.820896 0.187726
520.059205 0.806500 0.153477 0.820974 0.188051
521.059319 0.806527 0.153754 0.821052 0.188377
522.059433 0.806554 0.154030 0.821130 0.188701
523.059547 0.806580 0.154307 0.821208 0.189026
524.059661 0.806607 0.154584 0.821286 0.189351
525.059775 0.806634 0.154860 0.821365 0.189675
526.059888 0.806661 0.155136 0.821443 0.189999
527.060002 0.806688 0.155413 0.821522 0.190323
528.060116 0.806715 0.155689 0.821601 0.190647
529.060230 0.806742 0.155965 0.821680 0.190971
530.060344 0.806769 0.156241 0.821759 0.191294
531.060458 0.806797 0.156517 0.821838 0.191617
532.060572 0.806824 0.156792 0.821918 0.191940
533.060685 0.806851 0.157068 0.821997 0.192263
534.060799 0.806879 0.157343 0.822077 0.192586
535.060913 0.806906 0.157619 0.822156 0.192908
536.061027 0.806934 0.157894 0.822236 0.193230
537.061141 0.806961 0.158169 0.822316 0.193552
538.061255 0.806989 0.158444 0.822396 0.193874
539.061369 0.807017 0.158719 0.822477 0.194196
540.061482 0.807045 0.158994 0.822557 0.194517
541.061596 0.807072 0.159269 0.822638 0.194838
542.061710 0.807100 0.159544 0.822718 0.195159
543.061824 0.807128 0.159818 0.822799 0.195480
544.061938 0.807157 0.160093 0.822880 0.195800
545.062052 0.807185 0.160367 0.822961 0.196121
546.062166 0.807213 0.160641 0.823042 0.196441
547.062279 0.807241 0.160915 0.823123 0.196761
548.062393 0.807269 0.161189 0.823205 0.197081
549.062507 0.807298 0.161463 0.823286 0.197400
550.062621 0.807326 0.161737 0.823368 0.197719
551.062735 0.807355 0.162011 0.823450 0.198039
552.062849 0.807383 0.162285 0.823532 0.198357
553.062963 0.807412 0.162558 0.823614 0.198676
554.063076 0.807441 0.162831 0.823696 0.198995
555.063190 0.807470 0.163105 0.823778 0.199313
556.063304 0.807498 0.163378 0.823860 0.199631
557.063418 0.807527 0.163651 0.823943 0.199949
558.063532 0.807556 0.163924 0.824026 0.200267
559.063646 0.807585 0.164197 0.824108 0.200584
560.063760 0.807614 0.164470 0.824191 0.200901
561.063873 0.807644 0.164742 0.824274 0.201218
562.063987 0.807673 0.165015 0.824357 0.201535
563.064101 0.807702 0.165287 0.824441 0.201852
564.064215 0.807731 0.165559 0.824524 0.202168
565.064329 0.807761 0.165832 0.824608 0.202485
566.064443 0.807790 0.166104 0.824691 0.202801
567.064557 0.807820 0.166376 0.824775 0.203116
568.064670 0.807849 0.166648 0.824859 0.203432
569.064784 0.807879 0.166919 0.824943 0.203747
570.064898 0.807909 0.167191 0.825027 0.204062
571.065012 0.807939 0.167463 0.825111 0.204377
572.065126 0.807969 0.167734 0.825196 0.204692
573.065240 0.807999 0.168005 0.825280 0.205007
574.065354 0.808029 0.168277 0.825365 0.205321
575.065467 0.808059 0.168548 0.825450 0.205635
576.065581 0.808089 0.168819 0.825534 0.205949
577.065695 0.808119 0.169090 0.825619 0.206263
578.065809 0.808149 0.169360 0.825705 0.206576
579.065923 0.808180 0.169631 0.825790 0.206889
580.066037 0.808210 0.169902 0.825875 0.207202
581.066151 0.808240 0.170172 0.825961 0.207515
582.066264 0.808271 0.170442 0.826046 0.207828
583.066378 0.808302 0.170713 0.826132 0.208140
584.066492 0.808332 0.170983 0.826218 0.208453
585.066606 0.808363 0.171253 0.826304 0.208764
586.066720 0.808394 0.171523 0.826390 0.209076
587.066834 0.808425 0.171792 0.826476 0.209388
588.066948 0.808456 0.172062 0.826563 0.209699
589.067061 0.808487 0.172331 0.826649 0.210010
590.067175 0.808518 0.172601 0.826736 0.210321
591.067289 0.808549 0.172870 0.826822 0.210632
592.067403 0.808580 0.173139 0.826909 0.210942
593.067517 0.808611 0.173409 0.826996 0.211253
594.067631 0.808643 0.173678 0.827083 0.211563
595.067745 0.808674 0.173946 0.827170 0.211872
596.067858 0.808705 0.174215 0.827258 0.212182
597.067972 0.808737 0.174484 0.827345 0.212491
598.068086 0.808769 0.174752 0.827433 0.212801
599.068200 0.808800 0.175021 0.827520 0.213110
600.068314 0.808832 0.175289 0.827608 0.213418
601.068428 0.808864 0.175557 0.827696 0.213727
602.068542 0.808896 0.175825 0.827784 0.214035
603.068655 0.808928 0.176093 0.827872 0.214343
604.068769 0.808960 0.176361 0.827961 0.214651
605.068883 0.808992 0.176629 0.828049 0.214959
606.068997 0.809024 0.176896 0.828138 0.215266
607.069111 0.809056 0.177164 0.828226 0.215573
608.069225 0.809088 0.177431 0.828315 0.215880
609.069338 0.809121 0.177699 0.828404 0.216187
610.069452 0.809153 0.177966 0.828493 0.216494
611.069566 0.809185 0.178233 0.828582 0.216800
612.069680 0.809218 0.178500 0.828671 0.217106
613.069794 0.809251 0.178766 0.828760 0.217412
614.069908 0.809283 0.179033 0.828850 0.217718
615.070022 0.809316 0.179300 0.828940 0.218023
616.070135 0.809349 0.179566 0.829029 0.218328
617.070249 0.809382 0.179832 0.829119 0.218633
618.070363 0.809415 0.180099 0.829209 0.218938
619.070477 0.809448 0.180365 0.829299 0.219243
620.070591 0.809481 0.180631 0.829389 0.219547
621.070705 0.809514 0.180897 0.829480 0.219851
622.070819 0.809547 0.181162 0.829570 0.220155
623.070932 0.809580 0.181428 0.829660 0.220459
624.071046 0.809614 0.181694 0.829751 0.220762
625.071160 0.809647 0.181959 0.829842 0.221066
626.071274 0.809681 0.182224 0.829933 0.221369
627.071388 0.809714 0.182489 0.830024 0.221671
628.071502 0.809748 0.182754 0.830115 0.221974
629.071616 0.809782 0.183019 0.830206 0.222276
630.071729 0.809815 0.183284 0.830297 0.222578
631.071843 0.809849 0.183549 0.830389 0.222880
632.071957 0.809883 0.183813 0.830481 0.223182
633.072071 0.809917 0.184078 0.830572 0.223483
634.072185 0.809951 0.184342 0.830664 0.223785
635.072299 0.809985 0.184606 0.830756 0.224086
636.072413 0.810019 0.184870 0.830848 0.224386
637.072526 0.810054 0.185134 0.830940 0.224687
638.072640 0.810088 0.185398 0.831032 0.224987
639.072754 0.810122 0.185662 0.831125 0.225287
640.072868 0.810157 0.185926 0.831217 0.225587
641.072982 0.810191 0.186189 0.831310 0.225887
642.073096 0.810226 0.186452 0.831403 0.226186
643.073210 0.810261 0.186716 0.831496 0.226485
644.073323 0.810295 0.186979 0.831589 0.226784
645.073437 0.810330 0.187242 0.831682 0.227083
646.073551 0.810365 0.187505 0.831775 0.227381
647.073665 0.810400 0.187767 0.831868 0.227680
648.073779 0.810435 0.188030 0.831962 0.227978
649.073893 0.810470 0.188293 0.832055 0.228276
650.074007 0.810505 0.188555 0.832149 0.228573
651.074120 0.810540 0.188817 0.832243 0.228871
652.074234 0.810576 0.189079 0.832336 0.229168
653.074348 0.810611 0.189341 0.832430 0.229465
654.074462 0.810646 0.189603 0.832525 0.229761
655.074576 0.810682 0.189865 0.832619 0.230058
656.074690 0.810718 0.190127 0.832713 0.230354
657.074804 0.810753 0.190388 0.832808 0.230650
658.074917 0.810789 0.190650 0.832902 0.230946
659.075031 0.810825 0.190911 0.832997 0.231241
660.075145 0.810861 0.191172 0.833092 0.231536
661.075259 0.810896 0.191433 0.833187 0.231832
662.075373 0.810932 0.191694 0.833282 0.232126
663.075487 0.810969 0.191955 0.833377 0.232421
664.075601 0.811005 0.192216 0.833472 0.232715
665.075714 0.811041 0.192476 0.833567 0.233009
666.075828 0.811077 0.192737 0.833663 0.233303
667.075942 0.811113 0.192997 0.833758 0.233597
668.076056 0.811150 0.193257 0.833854 0.233890
669.076170 0.811186 0.193517 0.833950 0.234184
670.076284 0.811223 0.193777 0.834046 0.234477
671.076398 0.811260 0.194037 0.834142 0.234769
672.076511 0.811296 0.194297 0.834238 0.235062
673.076625 0.811333 0.194556 0.834334 0.235354
674.076739 0.811370 0.194816 0.834430 0.235646
675.076853 0.811407 0.195075 0.834527 0.235938
676.076967 0.811444 0.195334 0.834624 0.236230
677.077081 0.811481 0.195593 0.834720 0.236521
678.077195 0.811518 0.195852 0.834817 0.236812
679.077308 0.811555 0.196111 0.834914 0.237103
680.077422 0.811592 0.196370 0.835011 0.237394
681.077536 0.811630 0.196628 0.835108 0.237684
682.077650 0.811667 0.196887 0.835205 0.237974
683.077764 0.811705 0.197145 0.835303 0.238264
684.077878 0.811742 0.197403 0.835400 0.238554
685.077992 0.811780 0.197661 0.835498 0.238843
686.078105 0.811818 0.197919 0.835595 0.239133
687.078219 0.811855 0.198177 0.835693 0.239422
688.078333 0.811893 0.198435 0.835791 0.239710
689.078447 0.811931 0.198692 0.835889 0.239999
690.078561 0.811969 0.198950 0.835987 0.240287
691.078675 0.812007 0.199207 0.836086 0.240575
692.078789 0.812045 0.199464 0.836184 0.240863
693.078902 0.812084 0.199721 0.836282 0.241151
694.079016 0.812122 0.199978 0.836381 0.241438
695.079130 0.812160 0.200235 0.836480 0.241725
696.079244 0.812199 0.200491 0.836578 0.242012
697.079358 0.812237 0.200748 0.836677 0.242299
698.079472 0.812276 0.201004 0.836776 0.242585
699.079586 0.812314 0.201261 0.836875 0.242871
700.079699 0.812353 0.201517 0.836975 0.243157
701.079813 0.812392 0.201773 0.837074 0.243443
702.079927 0.812431 0.202029 0.837173 0.243728
703.080041 0.812470 0.202284 0.837273 0.244013
704.080155 0.812509 0.202540 0.837372 0.244298
705.080269 0.812548 0.202796 0.837472 0.244583
706.080383 0.812587 0.203051 0.837572 0.244868
707.080496 0.812626 0.203306 0.837672 0.245152
708.080610 0.812665 0.203561 0.837772 0.245436
709.080724 0.812705 0.203816 0.837872 0.245720
710.080838 0.812744 0.204071 0.837973 0.246003
711.080952 0.812784 0.204326 0.838073 0.246287
712.081066 0.812823 0.204580 0.838173 0.246570
713.081180 0.812863 0.204835 0.838274 0.246852
714.081293 0.812903 0.205089 0.838375 0.247135
715.081407 0.812942 0.205343 0.838476 0.247417
716.081521 0.812982 0.205597 0.838576 0.247700
717.081635 0.813022 0.205851 0.838678 0.247981
718.081749 0.813062 0.206105 0.838779 0.248263
719.081863 0.813102 0.206359 0.838880 0.248544
720.081977 0.813143 0.206612 0.838981 0.248825
721.082090 0.813183 0.206866 0.839083 0.249106
722.082204 0.813223 0.207119 0.839184 0.249387
723.082318 0.813264 0.207372 0.839286 0.249667
724.082432 0.813304 0.207625 0.839388 0.249948
725.082546 0.813345 0.207878 0.839490 0.250228
726.082660 0.813385 0.208131 0.839592 0.250507
727.082774 0.813426 0.208384 0.839694 0.250787
728.082887 0.813467 0.208636 0.839796 0.251066
729.083001 0.813507 0.208888 0.839898 0.251345
730.083115 0.813548 0.209141 0.840000 0.251624
731.083229 0.813589 0.209393 0.840103 0.251902
732.083343 0.813630 0.209645 0.840206 0.252180
733.083457 0.813672 0.209896 0.840308 0.252458
734.083571 0.813713 0.210148 0.840411 0.252736
735.083684 0.813754 0.210400 0.840514 0.253014
736.083798 0.813795 0.210651 0.840617 0.253291
737.083912 0.813837 0.210902 0.840720 0.253568
738.084026 0.813878 0.211154 0.840823 0.253845
739.084140 0.813920 0.211405 0.840927 0.254121
740.084254 0.813962 0.211656 0.841030 0.254397
741.084368 0.814003 0.211906 0.841134 0.254673
742.084481 0.814045 0.212157 0.841237 0.254949
743.084595 0.814087 0.212407 0.841341 0.255225
744.084709 0.814129 0.212658 0.841445 0.255500
745.084823 0.814171 0.212908 0.841549 0.255775
746.084937 0.814213 0.213158 0.841653 0.256050
747.085051 0.814255 0.213408 0.841757 0.256325
748.085165 0.814298 0.213658 0.841861 0.256599
749.085278 0.814340 0.213908 0.841966 0.256873
750.085392 0.814382 0.214157 0.842070 0.257147
751.085506 0.814425 0.214406 0.842175 0.257420
752.085620 0.814467 0.214656 0.842279 0.257694
753.085734 0.814510 0.214905 0.842384 0.257967
754.085848 0.814553 0.215154 0.842489 0.258240
755.085962 0.814596 0.215403 0.842594 0.258512
756.086075 0.814638 0.215651 0.842699 0.258785
757.086189 0.814681 0.215900 0.842804 0.259057
758.086303 0.814724 0.216149 0.842909 0.259329
759.086417 0.814767 0.216397 0.843015 0.259600
760.086531 0.814811 0.216645 0.843120 0.259872
761.086645 0.814854 0.216893 0.843226 0.260143
762.086759 0.814897 0.217141 0.843331 0.260414
763.086872 0.814941 0.217389 0.843437 0.260684
764.086986 0.814984 0.217636 0.843543 0.260955
765.087100 0.815028 0.217884 0.843649 0.261225
766.087214 0.815071 0.218131 0.843755 0.261495
767.087328 0.815115 0.218379 0.843861 0.261764
768.087442 0.815159 0.218626 0.843967 0.262034
769.087556 0.815203 0.218873 0.844074 0.262303
770.087669 0.815246 0.219119 0.844180 0.262572
771.087783 0.815290 0.219366 0.844287 0.262840
772.087897 0.815335 0.219613 0.844393 0.263109
773.088011 0.815379 0.219859 0.844500 0.263377
774.088125 0.815423 0.220105 0.844607 0.263645
775.088239 0.815467 0.220352 0.844714 0.263912
776.088352 0.815512 0.220598 0.844821 0.264180
777.088466 0.815556 0.220843 0.844928 0.264447
778.088580 0.815601 0.221089 0.845035 0.264714
779.088694 0.815645 0.221335 0.845143 0.264980
780.088808 0.815690 0.221580 0.845250 0.265247
781.088922 0.815735 0.221825 0.845358 0.265513
782.089036 0.815780 0.222071 0.845465 0.265779
783.089149 0.815824 0.222316 0.845573 0.266044
784.089263 0.815869 0.222560 0.845681 0.266310
785.089377 0.815915 0.222805 0.845789 0.266575
786.089491 0.815960 0.223050 0.845897 0.266840
787.089605 0.816005 0.223294 0.846005 0.267104
788.089719 0.816050 0.223539 0.846113 0.267369
789.089833 0.816096 0.223783 0.846222 0.267633
790.089946 0.816141 0.224027 0.846330 0.267897
791.090060 0.816187 0.224271 0.846438 0.268161
792.090174 0.816232 0.224515 0.846547 0.268424
793.090288 0.816278 0.224758 0.846656 0.268687
794.090402 0.816324 0.225002 0.846765 0.268950
795.090516 0.816370 0.225245 0.846873 0.269213
796.090630 0.816416 0.225488 0.846982 0.269475
797.090743 0.816462 0.225731 0.847092 0.269737
798.090857 0.816508 0.225974 0.847201 0.269999
799.090971 0.816554 0.226217 0.847310 0.270261
800.091085 0.816600 0.226460 0.847419 0.270522
801.091199 0.816646 0.226702 0.847529 0.270783
802.091313 0.816693 0.226944 0.847638 0.271044
803.091427 0.816739 0.227187 0.847748 0.271305
804.091540 0.816786 0.227429 0.847858 0.271565
805.091654 0.816832 0.227671 0.847968 0.271825
806.091768 0.816879 0.227912 0.848078 0.272085
807.091882 0.816926 0.228154 0.848188 0.272344
808.091996 0.816973 0.228396 0.848298 0.272604
809.092110 0.817020 0.228637 0.848408 0.272863
810.092224 0.817067 0.228878 0.848518 0.273122
811.092337 0.817114 0.229119 0.848629 0.273380
812.092451 0.817161 0.229360 0.848739 0.273639
813.092565 0.817208 0.229601 0.848850 0.273897
814.092679 0.817256 0.229842 0.848960 0.274155
815.092793 0.817303 0.230082 0.849071 0.274412
816.092907 0.817350 0.230323 0.849182 0.274669
817.093021 0.817398 0.230563 0.849293 0.274926
818.093134 0.817446 0.230803 0.849404 0.275183
819.093248 0.817493 0.231043 0.849515 0.275440
820.093362 0.817541 0.231283 0.849627 0.275696
821.093476 0.817589 0.231522 0.849738 0.275952
822.093590 0.817637 0.231762 0.849849 0.276208
823.093704 0.817685 0.232001 0.849961 0.276463
824.093818 0.817733 0.232240 0.850073 0.276719
825.093931 0.817781 0.232479 0.850184 0.276974
826.094045 0.817830 0.232718 0.850296 0.277228
827.094159 0.817878 0.232957 0.850408 0.277483
828.094273 0.817927 0.233196 0.850520 0.277737
829.094387 0.817975 0.233434 0.850632 0.277991
830.094501 0.818024 0.233673 0.850744 0.278245
831.094615 0.818072 0.233911 0.850856 0.278498
832.094728 0.818121 0.234149 0.850969 0.278752
833.094842 0.818170 0.234387 0.851081 0.279005
834.094956 0.818219 0.234625 0.851194 0.279257
835.095070 0.818268 0.234862 0.851306 0.279510
836.095184 0.818317 0.235100 0.851419 0.279762
837.095298 0.818366 0.235337 0.851532 0.280014
838.095412 0.818415 0.235574 0.851645 0.280266
839.095525 0.818465 0.235811 0.851758 0.280517
840.095639 0.818514 0.236048 0.851871 0.280768
841.095753 0.818563 0.236285 0.851984 0.281019
842.095867 0.818613 0.236522 0.852097 0.281270
843.095981 0.818663 0.236758 0.852211 0.281520
844.096095 0.818712 0.236994 0.852324 0.281770
845.096209 0.818762 0.237231 0.852438 0.282020
846.096322 0.818812 0.237467 0.852551 0.282270
847.096436 0.818862 0.237702 0.852665 0.282519
848.096550 0.818912 0.237938 0.852779 0.282768
849.096664 0.818962 0.238174 0.852893 0.283017
850.096778 0.819012 0.238409 0.853007 0.283266
851.096892 0.819063 0.238645 0.853121 0.283514
852.097006 0.819113 0.238880 0.853235 0.283762
853.097119 0.819163 0.239115 0.853349 0.284010
854.097233 0.819214 0.239350 0.853463 0.284258
855.097347 0.819264 0.239584 0.853578 0.284505
856.097461 0.819315 0.239819 0.853692 0.284752
857.097575 0.819366 0.240053 0.853807 0.284999
858.097689 0.819417 0.240287 0.853921 0.285245
859.097803 0.819468 0.240522 0.854036 0.285492
860.097916 0.819519 0.240756 0.854151 0.285738
861.098030 0.819570 0.240989 0.854266 0.285983
862.098144 0.819621 0.241223 0.854381 0.286229
863.098258 0.819672 0.241457 0.854496 0.286474
864.098372 0.819723 0.241690 0.854611 0.286719
865.098486 0.819775 0.241923 0.854727 0.286964
866.098600 0.819826 0.242156 0.854842 0.287208
867.098713 0.819878 0.242389 0.854957 0.287453
868.098827 0.819930 0.242622 0.855073 0.287696
869.098941 0.819981 0.242855 0.855189 0.287940
870.099055 0.820033 0.243087 0.855304 0.288184
871.099169 0.820085 0.243319 0.855420 0.288427
872.099283 0.820137 0.243552 0.855536 0.288670
873.099397 0.820189 0.243784 0.855652 0.288912
874.099510 0.820241 0.244015 0.855768 0.289155
875.099624 0.820293 0.244247 0.855884 0.289397
876.099738 0.820346 0.244479 0.856000 0.289639
877.099852 0.820398 0.244710 0.856117 0.289880
878.099966 0.820450 0.244942 0.856233 0.290122
879.100080 0.820503 0.245173 0.856350 0.290363
880.100194 0.820556 0.245404 0.856466 0.290603
881.100307 0.820608 0.245634 0.856583 0.290844
882.100421 0.820661 0.245865 0.856700 0.291084
883.100535 0.820714 0.246096 0.856816 0.291324
884.100649 0.820767 0.246326 0.856933 0.291564
885.100763 0.820820 0.246556 0.857050 0.291804
886.100877 0.820873 0.246786 0.857167 0.292043
887.100991 0.820926 0.247016 0.857285 0.292282
888.101104 0.820979 0.247246 0.857402 0.292521
889.101218 0.821033 0.247476 0.857519 0.292759
890.101332 0.821086 0.247705 0.857637 0.292997
891.101446 0.821140 0.247935 0.857754 0.293235
892.101560 0.821193 0.248164 0.857872 0.293473
893.101674 0.821247 0.248393 0.857989 0.293710
894.101788 0.821301 0.248622 0.858107 0.293947
895.101901 0.821355 0.248850 0.858225 0.294184
896.102015 0.821409 0.249079 0.858343 0.294421
897.102129 0.821463 0.249307 0.858461 0.294657
898.102243 0.821517 0.249536 0.858579 0.294893
899.102357 0.821571 0.249764 0.858697 0.295129
900.102471 0.821625 0.249992 0.858815 0.295365
901.102585 0.821679 0.250219 0.858934 0.295600
902.102698 0.821734 0.250447 0.859052 0.295835
903.102812 0.821788 0.250675 0.859171 0.296070
904.102926 0.821843 0.250902 0.859289 0.296305
905.103040 0.821898 0.251129 0.859408 0.296539
906.103154 0.821952 0.251356 0.859526 0.296773
907.103268 0.822007 0.251583 0.859645 0.297007
908.103382 0.822062 0.251810 0.859764 0.297240
909.103495 0.822117 0.252036 0.859883 0.297473
910.103609 0.822172 0.252263 0.860002 0.297706
911.103723 0.822227 0.252489 0.860121 0.297939
912.103837 0.822283 0.252715 0.860241 0.298171
913.103951 0.822338 0.252941 0.860360 0.298404
914.104065 0.822393 0.253167 0.860479 0.298636
915.104179 0.822449 0.253393 0.860599 0.298867
916.104292 0.822505 0.253618 0.860718 0.299099
917.104406 0.822560 0.253844 0.860838 0.299330
918.104520 0.822616 0.254069 0.860958 0.299561
919.104634 0.822672 0.254294 0.861077 0.299791
920.104748 0.822728 0.254519 0.861197 0.300021
921.104862 0.822784 0.254744 0.861317 0.300252
922.104976 0.822840 0.254968 0.861437 0.300481
923.105089 0.822896 0.255193 0.861557 0.300711
924.105203 0.822952 0.255417 0.861677 0.300940
925.105317 0.823008 0.255641 0.861798 0.301169
926.105431 0.823065 0.255865 0.861918 0.301398
927.105545 0.823121 0.256089 0.862038 0.301626
928.105659 0.823178 0.256312 0.862159 0.301855
929.105773 0.823235 0.256536 0.862280 0.302083
930.105886 0.823291 0.256759 0.862400 0.302310
931.106000 0.823348 0.256983 0.862521 0.302538
932.106114 0.823405 0.257206 0.862642 0.302765
933.106228 0.823462 0.257428 0.862763 0.302992
934.106342 0.823519 0.257651 0.862884 0.303218
935.106456 0.823576 0.257874 0.863005 0.303445
936.106570 0.823634 0.258096 0.863126 0.303671
937.106683 0.823691 0.258318 0.863247 0.303897
938.106797 0.823748 0.258541 0.863368 0.304122
939.106911 0.823806 0.258763 0.863490 0.304347
940.107025 0.823863 0.258984 0.863611 0.304573
941.107139 0.823921 0.259206 0.863732 0.304797
942.107253 0.823979 0.259427 0.863854 0.305022
943.107367 0.824037 0.259649 0.863976 0.305246
944.107480 0.824095 0.259870 0.864097 0.305470
945.107594 0.824153 0.260091 0.864219 0.305694
946.107708 0.824211 0.260312 0.864341 0.305917
947.107822 0.824269 0.260533 0.864463 0.306140
948.107936 0.824327 0.260753 0.864585 0.306363
949.108050 0.824386 0.260973 0.864707 0.306586
950.108163 0.824444 0.261194 0.864829 0.306808
951.108277 0.824502 0.261414 0.864952 0.307030
952.108391 0.824561 0.261634 0.865074 0.307252
953.108505 0.824620 0.261853 0.865196 0.307474
954.108619 0.824679 0.262073 0.865319 0.307695
955.108733 0.824737 0.262292 0.865442 0.307916
956.108847 0.824796 0.262512 0.865564 0.308137
957.108960 0.824855 0.262731 0.865687 0.308358
958.109074 0.824914 0.262950 0.865810 0.308578
959.109188 0.824974 0.263169 0.865933 0.308798
960.109302 0.825033 0.263387 0.866056 0.309018
961.109416 0.825092 0.263606 0.866179 0.309237
962.109530 0.825152 0.263824 0.866302 0.309456
963.109644 0.825211 0.264042 0.866425 0.309675
964.109757 0.825271 0.264260 0.866548 0.309894
965.109871 0.825331 0.264478 0.866671 0.310112
966.109985 0.825390 0.264696 0.866795 0.310330
967.110099 0.825450 0.264914 0.866918 0.310548
968.110213 0.825510 0.265131 0.867042 0.310766
969.110327 0.825570 0.265348 0.867165 0.310983
970.110441 0.825630 0.265565 0.867289 0.311200
971.110554 0.825690 0.265782 0.867413 0.311417
972.110668 0.825751 0.265999 0.867537 0.311634
973.110782 0.825811 0.266215 0.867660 0.311850
974.110896 0.825872 0.266432 0.867784 0.312066
975.111010 0.825932 0.266648 0.867908 0.312282
976.111124 0.825993 0.266864 0.868033 0.312497
977.111238 0.826053 0.267080 0.868157 0.312712
978.111351 0.826114 0.267296 0.868281 0.312927
979.111465 0.826175 0.267512 0.868405 0.313142
980.111579 0.826236 0.267727 0.868530 0.313356
981.111693 0.826297 0.267942 0.868654 0.313570
982.111807 0.826358 0.268158 0.868779 0.313784
983.111921 0.826420 0.268373 0.868903 0.313998
984.112035 0.826481 0.268587 0.869028 0.314211
985.112148 0.826542 0.268802 0.869153 0.314424
986.112262 0.826604 0.269017 0.869278 0.314637
987.112376 0.826665 0.269231 0.869403 0.314850
988.112490 0.826727 0.269445 0.869528 0.315062
989.112604 0.826789 0.269659 0.869653 0.315274
990.112718 0.826851 0.269873 0.869778 0.315486
991.112832 0.826912 0.270087 0.869903 0.315697
992.112945 0.826974 0.270300 0.870028 0.315908
993.113059 0.827037 0.270514 0.870154 0.316119
994.113173 0.827099 0.270727 0.870279 0.316330
995.113287 0.827161 0.270940 0.870404 0.316540
996.113401 0.827223 0.271153 0.870530 0.316751
997.113515 0.827286 0.271366 0.870656 0.316960
998.113629 0.827348 0.271578 0.870781 0.317170
999.113742 0.827411 0.271791 0.870907 0.317379
1000.113856 0.827474 0.272003 0.871033 0.317588
1001.113970 0.827536 0.272215 0.871159 0.317797
1002.114084 0.827599 0.272427 0.871285 0.318006
1003.114198 0.827662 0.272639 0.871411 0.318214
1004.114312 0.827725 0.272850 0.871537 0.318422
1005.114426 0.827788 0.273062 0.871663 0.318630
1006.114539 0.827851 0.273273 0.871789 0.318837
1007.114653 0.827915 0.273484 0.871915 0.319044
1008.114767 0.827978 0.273695 0.872042 0.319251
1009.114881 0.828042 0.273906 0.872168 0.319458
1010.114995 0.828105 0.274117 0.872295 0.319664
1011.115109 0.828169 0.274327 0.872421 0.319870
1012.115223 0.828232 0.274538 0.872548 0.320076
1013.115336 0.828296 0.274748 0.872675 0.320282
1014.115450 0.828360 0.274958 0.872801 0.320487
1015.115564 0.828424 0.275167 0.872928 0.320692
1016.115678 0.828488 0.275377 0.873055 0.320897
1017.115792 0.828552 0.275587 0.873182 0.321101
1018.115906 0.828617 0.275796 0.873309 0.321306
1019.116020 0.828681 0.276005 0.873436 0.321510
1020.116133 0.828745 0.276214 0.873563 0.321713
1021.116247 0.828810 0.276423 0.873691 0.321917
1022.116361 0.828874 0.276632 0.873818 0.322120
1023.116475 0.828939 0.276840 0.873945 0.322323
1024.116589 0.829004 0.277049 0.874073 0.322525
1025.116703 0.829069 0.277257 0.874200 0.322728
1026.116817 0.829134 0.277465 0.874328 0.322930
1027.116930 0.829199 0.277673 0.874456 0.323132
1028.117044 0.829264 0.277880 0.874583 0.323333
1029.117158 0.829329 0.278088 0.874711 0.323535
1030.117272 0.829394 0.278295 0.874839 0.323736
1031.117386 0.829460 0.278503 0.874967 0.323936
1032.117500 0.829525 0.278710 0.875095 0.324137
1033.117614 0.829591 0.278916 0.875223 0.324337
1034.117727 0.829656 0.279123 0.875351 0.324537
1035.117841 0.829722 0.279330 0.875479 0.324737
1036.117955 0.829788 0.279536 0.875607 0.324936
1037.118069 0.829854 0.279742 0.875736 0.325135
1038.118183 0.829920 0.279948 0.875864 0.325334
1039.118297 0.829986 0.280154 0.875992 0.325533
1040.118411 0.830052 0.280360 0.876121 0.325731
1041.118524 0.830118 0.280566 0.876249 0.325929
1042.118638 0.830184 0.280771 0.876378 0.326127
1043.118752 0.830251 0.280976 0.876507 0.326325
1044.118866 0.830317 0.281181 0.876635 0.326522
1045.118980 0.830384 0.281386 0.876764 0.326719
1046.119094 0.830451 0.281591 0.876893 0.326915
1047.119208 0.830517 0.281795 0.877022 0.327112
1048.119321 0.830584 0.282000 0.877151 0.327308
1049.119435 0.830651 0.282204 0.877280 0.327504
1050.119549 0.830718 0.282408 0.877409 0.327700
1051.119663 0.830785 0.282612 0.877538 0.327895
1052.119777 0.830852 0.282816 0.877668 0.328090
1053.119891 0.830920 0.283019 0.877797 0.328285
1054.120005 0.830987 0.283223 0.877926 0.328480
1055.120118 0.831054 0.283426 0.878056 0.328674
1056.120232 0.831122 0.283629 0.878185 0.328868
1057.120346 0.831190 0.283832 0.878315 0.329062
1058.120460 0.831257 0.284035 0.878444 0.329255
1059.120574 0.831325 0.284237 0.878574 0.329449
1060.120688 0.831393 0.284440 0.878704 0.329641
1061.120802 0.831461 0.284642 0.878834 0.329834
1062.120915 0.831529 0.284844 0.878964 0.330027
1063.121029 0.831597 0.285046 0.879093 0.330219
1064.121143 0.831666 0.285248 0.879223 0.330411
1065.121257 0.831734 0.285449 0.879354 0.330602
1066.121371 0.831802 0.285651 0.879484 0.330794
1067.121485 0.831871 0.285852 0.879614 0.330985
1068.121599 0.831939 0.286053 0.879744 0.331176
1069.121712 0.832008 0.286254 0.879874 0.331366
1070.121826 0.832077 0.286455 0.880005 0.331556
1071.121940 0.832146 0.286655 0.880135 0.331746
1072.122054 0.832215 0.286856 0.880266 0.331936
1073.122168 0.832284 0.287056 0.880396 0.332126
1074.122282 0.832353 0.287256 0.880527 0.332315
1075.122396 0.832422 0.287456 0.880657 0.332504
1076.122509 0.832491 0.287656 0.880788 0.332692
1077.122623 0.832561 0.287855 0.880919 0.332881
1078.122737 0.832630 0.288055 0.881050 0.333069
1079.122851 0.832700 0.288254 0.881181 0.333257
1080.122965 0.832769 0.288453 0.881312 0.333444
1081.123079 0.832839 0.288652 0.881443 0.333632
1082.123193 0.832909 0.288851 0.881574 0.333819
1083.123306 0.832979 0.289049 0.881705 0.334006
1084.123420 0.833049 0.289248 0.881836 0.334192
1085.123534 0.833119 0.289446 0.881967 0.334378
1086.123648 0.833189 0.289644 0.882098 0.334564
1087.123762 0.833259 0.289842 0.882230 0.334750
1088.123876 0.833330 0.290039 0.882361 0.334935
1089.123990 0.833400 0.290237 0.882493 0.335121
1090.124103 0.833471 0.290434 0.882624 0.335306
1091.124217 0.833541 0.290632 0.882756 0.335490
1092.124331 0.833612 0.290829 0.882888 0.335675
1093.124445 0.833683 0.291025 0.883019 0.335859
1094.124559 0.833754 0.291222 0.883151 0.336042
1095.124673 0.833825 0.291419 0.883283 0.336226
1096.124787 0.833896 0.291615 0.883415 0.336409
1097.124900 0.833967 0.291811 0.883547 0.336592
1098.125014 0.834038 0.292007 0.883679 0.336775
1099.125128 0.834110 0.292203 0.883811 0.336958
1100.125242 0.834181 0.292399 0.883943 0.337140
1101.125356 0.834252 0.292594 0.884075 0.337322
1102.125470 0.834324 0.292790 0.884207 0.337503
1103.125584 0.834396 0.292985 0.884340 0.337685
1104.125697 0.834468 0.293180 0.884472 0.337866
1105.125811 0.834539 0.293375 0.884604 0.338047
1106.125925 0.834611 0.293569 0.884737 0.338227
1107.126039 0.834683 0.293764 0.884869 0.338408
1108.126153 0.834756 0.293958 0.885002 0.338588
1109.126267 0.834828 0.294152 0.885134 0.338768
1110.126381 0.834900 0.294346 0.885267 0.338947
1111.126494 0.834972 0.294540 0.885400 0.339126
1112.126608 0.835045 0.294734 0.885533 0.339305
1113.126722 0.835117 0.294927 0.885665 0.339484
1114.126836 0.835190 0.295120 0.885798 0.339663
1115.126950 0.835263 0.295314 0.885931 0.339841
1116.127064 0.835336 0.295507 0.886064 0.340019
1117.127178 0.835409 0.295699 0.886197 0.340196
1118.127291 0.835482 0.295892 0.886330 0.340374
1119.127405 0.835555 0.296084 0.886464 0.340551
1120.127519 0.835628 0.296277 0.886597 0.340728
1121.127633 0.835701 0.296469 0.886730 0.340904
1122.127747 0.835775 0.296661 0.886863 0.341081
1123.127861 0.835848 0.296853 0.886997 0.341257
1124.127974 0.835922 0.297044 0.887130 0.341432
1125.128088 0.835995 0.297236 0.887264 0.341608
1126.128202 0.836069 0.297427 0.887397 0.341783
1127.128316 0.836143 0.297618 0.887531 0.341958
1128.128430 0.836217 0.297809 0.887665 0.342133
1129.128544 0.836291 0.297999 0.887798 0.342307
1130.128658 0.836365 0.298190 0.887932 0.342481
1131.128771 0.836439 0.298380 0.888066 0.342655
1132.128885 0.836513 0.298571 0.888200 0.342829
1133.128999 0.836587 0.298761 0.888334 0.343002
1134.129113 0.836662 0.298951 0.888468 0.343175
1135.129227 0.836736 0.299140 0.888602 0.343348
1136.129341 0.836811 0.299330 0.888736 0.343521
1137.129455 0.836886 0.299519 0.888870 0.343693
1138.129568 0.836961 0.299708 0.889004 0.343865
1139.129682 0.837035 0.299897 0.889138 0.344037
1140.129796 0.837110 0.300086 0.889272 0.344208
1141.129910 0.837185 0.300275 0.889407 0.344379
1142.130024 0.837261 0.300463 0.889541 0.344550
1143.130138 0.837336 0.300652 0.889676 0.344721
1144.130252 0.837411 0.300840 0.889810 0.344891
1145.130365 0.837487 0.301028 0.889945 0.345061
1146.130479 0.837562 0.301216 0.890079 0.345231
1147.130593 0.837638 0.301403 0.890214 0.345401
1148.130707 0.837713 0.301591 0.890349 0.345570
1149.130821 0.837789 0.301778 0.890483 0.345739
1150.130935 0.837865 0.301965 0.890618 0.345908
1151.131049 0.837941 0.302152 0.890753 0.346077
1152.131162 0.838017 0.302339 0.890888 0.346245
1153.131276 0.838093 0.302525 0.891023 0.346413
1154.131390 0.838169 0.302712 0.891158 0.346581
1155.131504 0.838246 0.302898 0.891293 0.346748
1156.131618 0.838322 0.303084 0.891428 0.346915
1157.131732 0.838399 0.303270 0.891563 0.347082
1158.131846 0.838475 0.303456 0.891698 0.347249
1159.131959 0.838552 0.303641 0.891834 0.347415
1160.132073 0.838629 0.303827 0.891969 0.347581
1161.132187 0.838705 0.304012 0.892104 0.347747
1162.132301 0.838782 0.304197 0.892240 0.347913
1163.132415 0.838859 0.304382 0.892375 0.348078
1164.132529 0.838936 0.304566 0.892510 0.348243
1165.132643 0.839014 0.304751 0.892646 0.348408
1166.132756 0.839091 0.304935 0.892782 0.348572
1167.132870 0.839168 0.305119 0.892917 0.348736
1168.132984 0.839246 0.305303 0.893053 0.348900
1169.133098 0.839323 0.305487 0.893189 0.349064
1170.133212 0.839401 0.305671 0.893324 0.349228
1171.133326 0.839479 0.305854 0.893460 0.349391
1172.133440 0.839557 0.306037 0.893596 0.349554
1173.133553 0.839634 0.306221 0.893732 0.349716
1174.133667 0.839712 0.306403 0.893868 0.349879
1175.133781 0.839791 0.306586 0.894004 0.350041
1176.133895 0.839869 0.306769 0.894140 0.350203
1177.134009 0.839947 0.306951 0.894276 0.350364
1178.134123 0.840025 0.307133 0.894412 0.350525
1179.134237 0.840104 0.307315 0.894549 0.350686
1180.134350 0.840182 0.307497 0.894685 0.350847
1181.134464 0.840261 0.307679 0.894821 0.351008
1182.134578 0.840340 0.307861 0.894958 0.351168
1183.134692 0.840419 0.308042 0.895094 0.351328
1184.134806 0.840497 0.308223 0.895230 0.351488
1185.134920 0.840576 0.308404 0.895367 0.351647
1186.135034 0.840655 0.308585 0.895503 0.351806
1187.135147 0.840735 0.308766 0.895640 0.351965
1188.135261 0.840814 0.308946 0.895777 0.352124
1189.135375 0.840893 0.309126 0.895913 0.352282
1190.135489 0.840973 0.309307 0.896050 0.352440
1191.135603 0.841052 0.309486 0.896187 0.352598
1192.135717 0.841132 0.309666 0.896324 0.352755
1193.135831 0.841212 0.309846 0.896460 0.352913
1194.135944 0.841291 0.310025 0.896597 0.353070
1195.136058 0.841371 0.310204 0.896734 0.353226
1196.136172 0.841451 0.310384 0.896871 0.353383
1197.136286 0.841531 0.310562 0.897008 0.353539
1198.136400 0.841611 0.310741 0.897145 0.353695
1199.136514 0.841692 0.310920 0.897283 0.353851
1200.136628 0.841772 0.311098 0.897420 0.354006
1201.136741 0.841852 0.311276 0.897557 0.354161
1202.136855 0.841933 0.311454 0.897694 0.354316
1203.136969 0.842014 0.311632 0.897831 0.354471
1204.137083 0.842094 0.311810 0.897969 0.354625
1205.137197 0.842175 0.311987 0.898106 0.354779
1206.137311 0.842256 0.312165 0.898244 0.354933
1207.137425 0.842337 0.312342 0.898381 0.355087
1208.137538 0.842418 0.312519 0.898519 0.355240
1209.137652 0.842499 0.312695 0.898656 0.355393
1210.137766 0.842580 0.312872 0.898794 0.355546
1211.137880 0.842662 0.313048 0.898932 0.355698
1212.137994 0.842743 0.313225 0.899069 0.355850
1213.138108 0.842825 0.313401 0.899207 0.356002
1214.138222 0.842906 0.313577 0.899345 0.356154
1215.138335 0.842988 0.313752 0.899483 0.356306
1216.138449 0.843070 0.313928 0.899620 0.356457
1217.138563 0.843151 0.314103 0.899758 0.356608
1218.138677 0.843233 0.314278 0.899896 0.356758
1219.138791 0.843315 0.314453 0.900034 0.356909
1220.138905 0.843398 0.314628 0.900172 0.357059
1221.139019 0.843480 0.314803 0.900310 0.357208
1222.139132 0.843562 0.314977 0.900449 0.357358
1223.139246 0.843644 0.315152 0.900587 0.357507
1224.139360 0.843727 0.315326 0.900725 0.357656
1225.139474 0.843810 0.315500 0.900863 0.357805
1226.139588 0.843892 0.315673 0.901001 0.357954
1227.139702 0.843975 0.315847 0.901140 0.358102
1228.139816 0.844058 0.316020 0.901278 0.358250
1229.139929 0.844141 0.316193 0.901417 0.358397
1230.140043 0.844224 0.316367 0.901555 0.358545
1231.140157 0.844307 0.316539 0.901694 0.358692
1232.140271 0.844390 0.316712 0.901832 0.358839
1233.140385 0.844473 0.316885 0.901971 0.358986
1234.140499 0.844557 0.317057 0.902109 0.359132
1235.140613 0.844640 0.317229 0.902248 0.359278
1236.140726 0.844724 0.317401 0.902387 0.359424
1237.140840 0.844807 0.317573 0.902525 0.359570
1238.140954 0.844891 0.317744 0.902664 0.359715
1239.141068 0.844975 0.317916 0.902803 0.359860
1240.141182 0.845059 0.318087 0.902942 0.360005
1241.141296 0.845143 0.318258 0.903081 0.360149
1242.141410 0.845227 0.318429 0.903220 0.360293
1243.141523 0.845311 0.318600 0.903359 0.360437
1244.141637 0.845396 0.318770 0.903498 0.360581
1245.141751 0.845480 0.318941 0.903637 0.360725
1246.141865 0.845564 0.319111 0.903776 0.360868
1247.141979 0.845649 0.319281 0.903915 0.361011
1248.142093 0.845734 0.319451 0.904054 0.361153
1249.142207 0.845818 0.319620 0.904193 0.361296
1250.142320 0.845903 0.319790 0.904333 0.361438
1251.142434 0.845988 0.319959 0.904472 0.361580
1252.142548 0.846073 0.320128 0.904611 0.361721
1253.142662 0.846158 0.320297 0.904751 0.361863
1254.142776 0.846243 0.320466 0.904890 0.362004
1255.142890 0.846329 0.320634 0.905030 0.362145
1256.143004 0.846414 0.320803 0.905169 0.362285
1257.143117 0.846499 0.320971 0.905309 0.362425
1258.143231 0.846585 0.321139 0.905448 0.362565
1259.143345 0.846671 0.321307 0.905588 0.362705
1260.143459 0.846756 0.321474 0.905727 0.362845
1261.143573 0.846842 0.321642 0.905867 0.362984
1262.143687 0.846928 0.321809 0.906007 0.363123
1263.143801 0.847014 0.321976 0.906146 0.363262
1264.143914 0.847100 0.322143 0.906286 0.363400
1265.144028 0.847186 0.322310 0.906426 0.363538
1266.144142 0.847272 0.322477 0.906566 0.363676
1267.144256 0.847359 0.322643 0.906706 0.363814
1268.144370 0.847445 0.322809 0.906846 0.363951
1269.144484 0.847532 0.322975 0.906986 0.364088
1270.144598 0.847618 0.323141 0.907126 0.364225
1271.144711 0.847705 0.323307 0.907266 0.364362
1272.144825 0.847792 0.323472 0.907406 0.364498
1273.144939 0.847879 0.323638 0.907546 0.364634
1274.145053 0.847966 0.323803 0.907686 0.364770
1275.145167 0.848053 0.323968 0.907826 0.364905
1276.145281 0.848140 0.324132 0.907967 0.365041
1277.145395 0.848227 0.324297 0.908107 0.365176
1278.145508 0.848315 0.324461 0.908247 0.365310
1279.145622 0.848402 0.324626 0.908387 0.365445
1280.145736 0.848489 0.324790 0.908528 0.365579
1281.145850 0.848577 0.324954 0.908668 0.365713
1282.145964 0.848665 0.325117 0.908809 0.365847
1283.146078 0.848753 0.325281 0.908949 0.365980
1284.146192 0.848840 0.325444 0.909090 0.366113
1285.146305 0.848928 0.325607 0.909230 0.366246
1286.146419 0.849016 0.325770 0.909371 0.366379
1287.146533 0.849105 0.325933 0.909511 0.366511
1288.146647 0.849193 0.326096 0.909652 0.366643
1289.146761 0.849281 0.326258 0.909793 0.366775
1290.146875 0.849370 0.326420 0.909933 0.366907
1291.146989 0.849458 0.326582 0.910074 0.367038
1292.147102 0.849547 0.326744 0.910215 0.367169
1293.147216 0.849635 0.326906 0.910356 0.367300
1294.147330 0.849724 0.327067 0.910497 0.367431
1295.147444 0.849813 0.327229 0.910638 0.367561
1296.147558 0.849902 0.327390 0.910778 0.367691
1297.147672 0.849991 0.327551 0.910919 0.367821
1298.147785 0.850080 0.327712 0.911060 0.367950
1299.147899 0.850169 0.327872 0.911201 0.368079
1300.148013 0.850259 0.328033 0.911342 0.368208
1301.148127 0.850348 0.328193 0.911484 0.368337
1302.148241 0.850437 0.328353 0.911625 0.368465
1303.148355 0.850527 0.328513 0.911766 0.368594
1304.148469 0.850617 0.328672 0.911907 0.368722
1305.148582 0.850706 0.328832 0.912048 0.368849
1306.148696 0.850796 0.328991 0.912189 0.368977
1307.148810 0.850886 0.329150 0.912331 0.369104
1308.148924 0.850976 0.329309 0.912472 0.369231
1309.149038 0.851066 0.329468 0.912613 0.369357
1310.149152 0.851157 0.329627 0.912755 0.369484
1311.149266 0.851247 0.329785 0.912896 0.369610
1312.149379 0.851337 0.329943 0.913038 0.369736
1313.149493 0.851428 0.330101 0.913179 0.369861
1314.149607 0.851518 0.330259 0.913321 0.369986
1315.149721 0.851609 0.330417 0.913462 0.370111
1316.149835 0.851700 0.330574 0.913604 0.370236
1317.149949 0.851790 0.330732 0.913745 0.370361
1318.150063 0.851881 0.330889 0.913887 0.370485
1319.150176 0.851972 0.331046 0.914029 0.370609
1320.150290 0.852063 0.331203 0.914170 0.370733
1321.150404 0.852155 0.331359 0.914312 0.370856
1322.150518 0.852246 0.331516 0.914454 0.370980
1323.150632 0.852337 0.331672 0.914596 0.371102
1324.150746 0.852429 0.331828 0.914737 0.371225
1325.150860 0.852520 0.331984 0.914879 0.371348
1326.150973 0.852612 0.332139 0.915021 0.371470
1327.151087 0.852704 0.332295 0.915163 0.371592
1328.151201 0.852795 0.332450 0.915305 0.371713
1329.151315 0.852887 0.332605 0.915447 0.371835
1330.151429 0.852979 0.332760 0.915589 0.371956
1331.151543 0.853071 0.332915 0.915731 0.372077
1332.151657 0.853164 0.333069 0.915873 0.372197
1333.151770 0.853256 0.333224 0.916015 0.372318
1334.151884 0.853348 0.333378 0.916157 0.372438
1335.151998 0.853441 0.333532 0.916299 0.372558
1336.152112 0.853533 0.333686 0.916442 0.372677
1337.152226 0.853626 0.333839 0.916584 0.372797
1338.152340 0.853718 0.333993 0.916726 0.372916
1339.152454 0.853811 0.334146 0.916868 0.373035
1340.152567 0.853904 0.334299 0.917010 0.373153
1341.152681 0.853997 0.334452 0.917153 0.373271
1342.152795 0.854090 0.334605 0.917295 0.373389
1343.152909 0.854183 0.334757 0.917438 0.373507
1344.153023 0.854277 0.334910 0.917580 0.373625
1345.153137 0.854370 0.335062 0.917722 0.373742
1346.153251 0.854463 0.335214 0.917865 0.373859
1347.153364 0.854557 0.335366 0.918007 0.373976
1348.153478 0.854650 0.335517 0.918150 0.374092
1349.153592 0.854744 0.335669 0.918292 0.374208
1350.153706 0.854838 0.335820 0.918435 0.374324
1351.153820 0.854932 0.335971 0.918578 0.374440
1352.153934 0.855026 0.336122 0.918720 0.374555
1353.154048 0.855120 0.336273 0.918863 0.374671
1354.154161 0.855214 0.336423 0.919006 0.374786
1355.154275 0.855308 0.336573 0.919148 0.374900
1356.154389 0.855402 0.336724 0.919291 0.375015
1357.154503 0.855497 0.336873 0.919434 0.375129
1358.154617 0.855591 0.337023 0.919577 0.375243
1359.154731 0.855686 0.337173 0.919719 0.375356
1360.154845 0.855780 0.337322 0.919862 0.375470
1361.154958 0.855875 0.337471 0.920005 0.375583
1362.155072 0.855970 0.337620 0.920148 0.375696
1363.155186 0.856065 0.337769 0.920291 0.375808
1364.155300 0.856160 0.337918 0.920434 0.375921
1365.155414 0.856255 0.338066 0.920577 0.376033
1366.155528 0.856350 0.338215 0.920720 0.376144
1367.155642 0.856446 0.338363 0.920863 0.376256
1368.155755 0.856541 0.338511 0.921006 0.376367
1369.155869 0.856636 0.338658 0.921149 0.376478
1370.155983 0.856732 0.338806 0.921292 0.376589
1371.156097 0.856828 0.338953 0.921435 0.376700
1372.156211 0.856923 0.339100 0.921578 0.376810
1373.156325 0.857019 0.339247 0.921722 0.376920
1374.156439 0.857115 0.339394 0.921865 0.377030
1375.156552 0.857211 0.339541 0.922008 0.377139
1376.156666 0.857307 0.339687 0.922151 0.377249
1377.156780 0.857403 0.339834 0.922294 0.377358
1378.156894 0.857499 0.339980 0.922438 0.377466
1379.157008 0.857596 0.340125 0.922581 0.377575
1380.157122 0.857692 0.340271 0.922724 0.377683
1381.157236 0.857789 0.340417 0.922868 0.377791
1382.157349 0.857885 0.340562 0.923011 0.377899
1383.157463 0.857982 0.340707 0.923155 0.378006
1384.157577 0.858079 0.340852 0.923298 0.378113
1385.157691 0.858176 0.340997 0.923442 0.378220
1386.157805 0.858273 0.341141 0.923585 0.378327
1387.157919 0.858370 0.341286 0.923729 0.378434
1388.158033 0.858467 0.341430 0.923872 0.378540
1389.158146 0.858564 0.341574 0.924016 0.378646
1390.158260 0.858661 0.341718 0.924159 0.378751
1391.158374 0.858759 0.341861 0.924303 0.378857
1392.158488 0.858856 0.342005 0.924447 0.378962
1393.158602 0.858954 0.342148 0.924590 0.379067
1394.158716 0.859052 0.342291 0.924734 0.379171
1395.158830 0.859149 0.342434 0.924878 0.379276
1396.158943 0.859247 0.342577 0.925021 0.379380
1397.159057 0.859345 0.342719 0.925165 0.379484
1398.159171 0.859443 0.342862 0.925309 0.379587
1399.159285 0.859541 0.343004 0.925453 0.379691
1400.159399 0.859639 0.343146 0.925597 0.379794
1401.159513 0.859738 0.343287 0.925740 0.379897
1402.159627 0.859836 0.343429 0.925884 0.379999
1403.159740 0.859935 0.343570 0.926028 0.380102
1404.159854 0.860033 0.343712 0.926172 0.380204
1405.159968 0.860132 0.343853 0.926316 0.380306
1406.160082 0.860231 0.343993 0.926460 0.380407
1407.160196 0.860329 0.344134 0.926604 0.380509
1408.160310 0.860428 0.344274 0.926748 0.380610
1409.160424 0.860527 0.344415 0.926892 0.380711
1410.160537 0.860626 0.344555 0.927036 0.380811
1411.160651 0.860725 0.344695 0.927180 0.380911
1412.160765 0.860825 0.344834 0.927324 0.381012
1413.160879 0.860924 0.344974 0.927468 0.381111
1414.160993 0.861023 0.345113 0.927612 0.381211
1415.161107 0.861123 0.345252 0.927756 0.381310
1416.161221 0.861223 0.345391 0.927901 0.381409
1417.161334 0.861322 0.345530 0.928045 0.381508
1418.161448 0.861422 0.345669 0.928189 0.381607
1419.161562 0.861522 0.345807 0.928333 0.381705
1420.161676 0.861622 0.345945 0.928478 0.381803
1421.161790 0.861722 0.346083 0.928622 0.381901
1422.161904 0.861822 0.346221 0.928766 0.381998
1423.162018 0.861922 0.346359 0.928910 0.382096
1424.162131 0.862023 0.346496 0.929055 0.382193
1425.162245 0.862123 0.346634 0.929199 0.382289
1426.162359 0.862223 0.346771 0.929343 0.382386
1427.162473 0.862324 0.346908 0.929488 0.382482
1428.162587 0.862425 0.347044 0.929632 0.382578
1429.162701 0.862525 0.347181 0.929777 0.382674
1430.162815 0.862626 0.347317 0.929921 0.382769
1431.162928 0.862727 0.347453 0.930066 0.382865
1432.163042 0.862828 0.347589 0.930210 0.382960
1433.163156 0.862929 0.347725 0.930355 0.383054
1434.163270 0.863030 0.347861 0.930499 0.383149
1435.163384 0.863132 0.347996 0.930644 0.383243
1436.163498 0.863233 0.348131 0.930788 0.383337
1437.163612 0.863335 0.348266 0.930933 0.383431
1438.163725 0.863436 0.348401 0.931077 0.383524
1439.163839 0.863538 0.348536 0.931222 0.383618
1440.163953 0.863639 0.348670 0.931367 0.383711
1441.164067 0.863741 0.348804 0.931511 0.383803
1442.164181 0.863843 0.348938 0.931656 0.383896
1443.164295 0.863945 0.349072 0.931801 0.383988
1444.164409 0.864047 0.349206 0.931945 0.384080
1445.164522 0.864149 0.349339 0.932090 0.384172
1446.164636 0.864251 0.349473 0.932235 0.384263
1447.164750 0.864354 0.349606 0.932380 0.384355
1448.164864 0.864456 0.349739 0.932524 0.384446
1449.164978 0.864559 0.349872 0.932669 0.384536
1450.165092 0.864661 0.350004 0.932814 0.384627
1451.165206 0.864764 0.350136 0.932959 0.384717
1452.165319 0.864867 0.350269 0.933104 0.384807
1453.165433 0.864969 0.350401 0.933248 0.384897
1454.165547 0.865072 0.350532 0.933393 0.384986
1455.165661 0.865175 0.350664 0.933538 0.385075
1456.165775 0.865278 0.350795 0.933683 0.385164
1457.165889 0.865382 0.350927 0.933828 0.385253
1458.166003 0.865485 0.351058 0.933973 0.385342
1459.166116 0.865588 0.351189 0.934118 0.385430
1460.166230 0.865692 0.351319 0.934263 0.385518
1461.166344 0.865795 0.351450 0.934408 0.385606
1462.166458 0.865899 0.351580 0.934553 0.385693
1463.166572 0.866003 0.351710 0.934698 0.385780
1464.166686 0.866106 0.351840 0.934843 0.385867
1465.166799 0.866210 0.351970 0.934988 0.385954
1466.166913 0.866314 0.352099 0.935133 0.386040
1467.167027 0.866418 0.352229 0.935278 0.386127
1468.167141 0.866522 0.352358 0.935423 0.386213
1469.167255 0.866627 0.352487 0.935569 0.386298
1470.167369 0.866731 0.352616 0.935714 0.386384
1471.167483 0.866835 0.352744 0.935859 0.386469
1472.167596 0.866940 0.352873 0.936004 0.386554
1473.167710 0.867044 0.353001 0.936149 0.386639
1474.167824 0.867149 0.353129 0.936294 0.386723
1475.167938 0.867254 0.353257 0.936440 0.386808
1476.168052 0.867358 0.353384 0.936585 0.386891
1477.168166 0.867463 0.353512 0.936730 0.386975
1478.168280 0.867568 0.353639 0.936875 0.387059
1479.168393 0.867673 0.353766 0.937021 0.387142
1480.168507 0.867779 0.353893 0.937166 0.387225
1481.168621 0.867884 0.354020 0.937311 0.387308
1482.168735 0.867989 0.354146 0.937457 0.387390
1483.168849 0.868095 0.354272 0.937602 0.387472
1484.168963 0.868200 0.354398 0.937747 0.387554
1485.169077 0.868306 0.354524 0.937893 0.387636
1486.169190 0.868411 0.354650 0.938038 0.387718
1487.169304 0.868517 0.354776 0.938183 0.387799
1488.169418 0.868623 0.354901 0.938329 0.387880
1489.169532 0.868729 0.355026 0.938474 0.387961
1490.169646 0.868835 0.355151 0.938620 0.388041
1491.169760 0.868941 0.355276 0.938765 0.388122
1492.169874 0.869047 0.355401 0.938910 0.388202
1493.169987 0.869154 0.355525 0.939056 0.388281
1494.170101 0.869260 0.355649 0.939201 0.388361
1495.170215 0.869366 0.355773 0.939347 0.388440
1496.170329 0.869473 0.355897 0.939492 0.388519
1497.170443 0.869580 0.356021 0.939638 0.388598
1498.170557 0.869686 0.356144 0.939783 0.388677
1499.170671 0.869793 0.356267 0.939929 0.388755
1500.170784 0.869900 0.356390 0.940075 0.388833
1501.170898 0.870007 0.356513 0.940220 0.388911
1502.171012 0.870114 0.356636 0.940366 0.388988
1503.171126 0.870221 0.356759 0.940511 0.389066
1504.171240 0.870328 0.356881 0.940657 0.389143
1505.171354 0.870436 0.357003 0.940802 0.389220
1506.171468 0.870543 0.357125 0.940948 0.389296
1507.171581 0.870650 0.357247 0.941094 0.389372
1508.171695 0.870758 0.357368 0.941239 0.389449
1509.171809 0.870866 0.357490 0.941385 0.389524
1510.171923 0.870973 0.357611 0.941531 0.389600
1511.172037 0.871081 0.357732 0.941676 0.389675
1512.172151 0.871189 0.357852 0.941822 0.389750
1513.172265 0.871297 0.357973 0.941968 0.389825
1514.172378 0.871405 0.358093 0.942114 0.389900
1515.172492 0.871513 0.358214 0.942259 0.389974
1516.172606 0.871622 0.358334 0.942405 0.390048
1517.172720 0.871730 0.358454 0.942551 0.390122
1518.172834 0.871838 0.358573 0.942697 0.390196
1519.172948 0.871947 0.358693 0.942842 0.390269
1520.173062 0.872055 0.358812 0.942988 0.390343
1521.173175 0.872164 0.358931 0.943134 0.390415
1522.173289 0.872273 0.359050 0.943280 0.390488
1523.173403 0.872382 0.359168 0.943426 0.390561
1524.173517 0.872491 0.359287 0.943571 0.390633
1525.173631 0.872600 0.359405 0.943717 0.390705
1526.173745 0.872709 0.359523 0.943863 0.390776
1527.173859 0.872818 0.359641 0.944009 0.390848
1528.173972 0.872927 0.359759 0.944155 0.390919
1529.174086 0.873036 0.359877 0.944301 0.390990
1530.174200 0.873146 0.359994 0.944446 0.391061
1531.174314 0.873255 0.360111 0.944592 0.391131
1532.174428 0.873365 0.360228 0.944738 0.391201
1533.174542 0.873475 0.360345 0.944884 0.391271
1534.174656 0.873584 0.360461 0.945030 0.391341
1535.174769 0.873694 0.360578 0.945176 0.391411
1536.174883 0.873804 0.360694 0.945322 0.391480
1537.174997 0.873914 0.360810 0.945468 0.391549
1538.175111 0.874024 0.360926 0.945614 0.391618
1539.175225 0.874134 0.361041 0.945760 0.391686
1540.175339 0.874245 0.361157 0.945906 0.391754
1541.175453 0.874355 0.361272 0.946052 0.391822
1542.175566 0.874465 0.361387 0.946198 0.391890
1543.175680 0.874576 0.361502 0.946344 0.391958
1544.175794 0.874686 0.361617 0.946490 0.392025
1545.175908 0.874797 0.361731 0.946636 0.392092
1546.176022 0.874908 0.361845 0.946782 0.392159
1547.176136 0.875019 0.361959 0.946928 0.392226
1548.176250 0.875130 0.362073 0.947074 0.392292
1549.176363 0.875241 0.362187 0.947220 0.392358
1550.176477 0.875352 0.362300 0.947366 0.392424
1551.176591 0.875463 0.362414 0.947512 0.392490
1552.176705 0.875574 0.362527 0.947658 0.392555
1553.176819 0.875686 0.362640 0.947804 0.392620
1554.176933 0.875797 0.362753 0.947950 0.392685
1555.177047 0.875909 0.362865 0.948096 0.392750
1556.177160 0.876020 0.362977 0.948243 0.392814
1557.177274 0.876132 0.363090 0.948389 0.392878
1558.177388 0.876244 0.363202 0.948535 0.392942
1559.177502 0.876355 0.363313 0.948681 0.393006
1560.177616 0.876467 0.363425 0.948827 0.393069
1561.177730 0.876579 0.363536 0.948973 0.393133
1562.177844 0.876691 0.363648 0.949119 0.393196
1563.177957 0.876804 0.363759 0.949265 0.393258
1564.178071 0.876916 0.363869 0.949412 0.393321
1565.178185 0.877028 0.363980 0.949558 0.393383
1566.178299 0.877141 0.364090 0.949704 0.393445
1567.178413 0.877253 0.364201 0.949850 0.393507
1568.178527 0.877366 0.364311 0.949996 0.393568
1569.178641 0.877478 0.364420 0.950142 0.393630
1570.178754 0.877591 0.364530 0.950289 0.393691
1571.178868 0.877704 0.364640 0.950435 0.393752
1572.178982 0.877817 0.364749 0.950581 0.393812
1573.179096 0.877930 0.364858 0.950727 0.393872
1574.179210 0.878043 0.364967 0.950873 0.393933
1575.179324 0.878156 0.365076 0.951020 0.393992
1576.179438 0.878269 0.365184 0.951166 0.394052
1577.179551 0.878383 0.365292 0.951312 0.394111
1578.179665 0.878496 0.365400 0.951458 0.394171
1579.179779 0.878610 0.365508 0.951605 0.394229
1580.179893 0.878723 0.365616 0.951751 0.394288
1581.180007 0.878837 0.365724 0.951897 0.394347
1582.180121 0.878951 0.365831 0.952043 0.394405
1583.180235 0.879065 0.365938 0.952190 0.394463
1584.180348 0.879178 0.366045 0.952336 0.394520
1585.180462 0.879292 0.366152 0.952482 0.394578
1586.180576 0.879406 0.366258 0.952628 0.394635
1587.180690 0.879521 0.366365 0.952775 0.394692
1588.180804 0.879635 0.366471 0.952921 0.394749
1589.180918 0.879749 0.366577 0.953067 0.394805
1590.181032 0.879864 0.366683 0.953214 0.394862
1591.181145 0.879978 0.366788 0.953360 0.394918
1592.181259 0.880093 0.366894 0.953506 0.394974
1593.181373 0.880207 0.366999 0.953653 0.395029
1594.181487 0.880322 0.367104 0.953799 0.395085
1595.181601 0.880437 0.367209 0.953945 0.395140
1596.181715 0.880552 0.367314 0.954091 0.395195
1597.181829 0.880667 0.367418 0.954238 0.395249
1598.181942 0.880782 0.367522 0.954384 0.395304
1599.182056 0.880897 0.367626 0.954530 0.395358
1600.182170 0.881012 0.367730 0.954677 0.395412
1601.182284 0.881127 0.367834 0.954823 0.395465
1602.182398 0.881243 0.367937 0.954969 0.395519
1603.182512 0.881358 0.368041 0.955116 0.395572
1604.182626 0.881474 0.368144 0.955262 0.395625
1605.182739 0.881589 0.368247 0.955408 0.395678
1606.182853 0.881705 0.368349 0.955555 0.395730
1607.182967 0.881821 0.368452 0.955701 0.395782
1608.183081 0.881937 0.368554 0.955847 0.395835
1609.183195 0.882053 0.368656 0.955994 0.395886
1610.183309 0.882169 0.368758 0.956140 0.395938
1611.183423 0.882285 0.368860 0.956287 0.395989
1612.183536 0.882401 0.368961 0.956433 0.396040
1613.183650 0.882517 0.369063 0.956579 0.396091
1614.183764 0.882634 0.369164 0.956726 0.396142
1615.183878 0.882750 0.369265 0.956872 0.396192
1616.183992 0.882866 0.369366 0.957018 0.396242
1617.184106 0.882983 0.369466 0.957165 0.396292
1618.184220 0.883100 0.369567 0.957311 0.396342
1619.184333 0.883216 0.369667 0.957458 0.396391
1620.184447 0.883333 0.369767 0.957604 0.396441
1621.184561 0.883450 0.369867 0.957750 0.396490
1622.184675 0.883567 0.369966 0.957897 0.396538
1623.184789 0.883684 0.370066 0.958043 0.396587
1624.184903 0.883801 0.370165 0.958189 0.396635
1625.185017 0.883919 0.370264 0.958336 0.396683
1626.185130 0.884036 0.370363 0.958482 0.396731
1627.185244 0.884153 0.370461 0.958629 0.396779
1628.185358 0.884271 0.370560 0.958775 0.396826
1629.185472 0.884388 0.370658 0.958921 0.396873
1630.185586 0.884506 0.370756 0.959068 0.396920
1631.185700 0.884624 0.370854 0.959214 0.396967
1632.185814 0.884742 0.370952 0.959360 0.397013
1633.185927 0.884859 0.371049 0.959507 0.397059
1634.186041 0.884977 0.371146 0.959653 0.397105
1635.186155 0.885095 0.371243 0.959800 0.397151
1636.186269 0.885213 0.371340 0.959946 0.397196
1637.186383 0.885332 0.371437 0.960092 0.397242
1638.186497 0.885450 0.371533 0.960239 0.397287
1639.186610 0.885568 0.371630 0.960385 0.397331
1640.186724 0.885687 0.371726 0.960532 0.397376
1641.186838 0.885805 0.371822 0.960678 0.397420
1642.186952 0.885924 0.371917 0.960824 0.397464
1643.187066 0.886042 0.372013 0.960971 0.397508
1644.187180 0.886161 0.372108 0.961117 0.397552
1645.187294 0.886280 0.372203 0.961264 0.397595
1646.187407 0.886399 0.372298 0.961410 0.397638
1647.187521 0.886518 0.372393 0.961556 0.397681
1648.187635 0.886637 0.372488 0.961703 0.397724
1649.187749 0.886756 0.372582 0.961849 0.397767
1650.187863 0.886875 0.372676 0.961995 0.397809
1651.187977 0.886995 0.372770 0.962142 0.397851
1652.188091 0.887114 0.372864 0.962288 0.397893
1653.188204 0.887233 0.372958 0.962435 0.397934
1654.188318 0.887353 0.373051 0.962581 0.397975
1655.188432 0.887472 0.373144 0.962727 0.398016
1656.188546 0.887592 0.373237 0.962874 0.398057
1657.188660 0.887712 0.373330 0.963020 0.398098
1658.188774 0.887832 0.373422 0.963166 0.398138
1659.188888 0.887952 0.373515 0.963313 0.398179
1660.189001 0.888072 0.373607 0.963459 0.398218
1661.189115 0.888192 0.373699 0.963606 0.398258
1662.189229 0.888312 0.373791 0.963752 0.398298
1663.189343 0.888432 0.373883 0.963898 0.398337
1664.189457 0.888552 0.373974 0.964045 0.398376
1665.189571 0.888673 0.374065 0.964191 0.398415
1666.189685 0.888793 0.374156 0.964337 0.398453
1667.189798 0.888914 0.374247 0.964484 0.398492
1668.189912 0.889034 0.374338 0.964630 0.398530
1669.190026 0.889155 0.374428 0.964776 0.398568
1670.190140 0.889276 0.374519 0.964923 0.398605
1671.190254 0.889397 0.374609 0.965069 0.398643
1672.190368 0.889518 0.374699 0.965215 0.398680
1673.190482 0.889639 0.374788 0.965362 0.398717
1674.190595 0.889760 0.374878 0.965508 0.398753
1675.190709 0.889881 0.374967 0.965654 0.398790
1676.190823 0.890002 0.375056 0.965801 0.398826
1677.190937 0.890124 0.375145 0.965947 0.398862
1678.191051 0.890245 0.375234 0.966093 0.398898
1679.191165 0.890366 0.375322 0.966240 0.398934
1680.191279 0.890488 0.375411 0.966386 0.398969
1681.191392 0.890610 0.375499 0.966532 0.399004
1682.191506 0.890731 0.375587 0.966679 0.399039
1683.191620 0.890853 0.375674 0.966825 0.399074
1684.191734 0.890975 0.375762 0.966971 0.399108
1685.191848 0.891097 0.375849 0.967118 0.399142
1686.191962 0.891219 0.375936 0.967264 0.399176
1687.192076 0.891341 0.376023 0.967410 0.399210
1688.192189 0.891463 0.376110 0.967556 0.399244
1689.192303 0.891585 0.376197 0.967703 0.399277
1690.192417 0.891708 0.376283 0.967849 0.399310
1691.192531 0.891830 0.376369 0.967995 0.399343
1692.192645 0.891953 0.376455 0.968141 0.399376
1693.192759 0.892075 0.376541 0.968288 0.399408
1694.192873 0.892198 0.376626 0.968434 0.399440
1695.192986 0.892320 0.376712 0.968580 0.399472
1696.193100 0.892443 0.376797 0.968726 0.399504
1697.193214 0.892566 0.376882 0.968873 0.399535
1698.193328 0.892689 0.376967 0.969019 0.399567
1699.193442 0.892812 0.377051 0.969165 0.399598
1700.193556 0.892935 0.377136 0.969311 0.399628
1701.193670 0.893058 0.377220 0.969458 0.399659
1702.193783 0.893181 0.377304 0.969604 0.399689
1703.193897 0.893305 0.377388 0.969750 0.399720
1704.194011 0.893428 0.377472 0.969896 0.399749
1705.194125 0.893552 0.377555 0.970042 0.399779
1706.194239 0.893675 0.377638 0.970189 0.399809
1707.194353 0.893799 0.377721 0.970335 0.399838
1708.194467 0.893922 0.377804 0.970481 0.399867
1709.194580 0.894046 0.377887 0.970627 0.399896
1710.194694 0.894170 0.377969 0.970773 0.399924
1711.194808 0.894294 0.378051 0.970919 0.399953
1712.194922 0.894418 0.378134 0.971066 0.399981
1713.195036 0.894542 0.378215 0.971212 0.400009
1714.195150 0.894666 0.378297 0.971358 0.400036
1715.195264 0.894790 0.378379 0.971504 0.400064
1716.195377 0.894915 0.378460 0.971650 0.400091
1717.195491 0.895039 0.378541 0.971796 0.400118
1718.195605 0.895163 0.378622 0.971942 0.400145
1719.195719 0.895288 0.378702 0.972089 0.400171
1720.195833 0.895413 0.378783 0.972235 0.400198
1721.195947 0.895537 0.378863 0.972381 0.400224
1722.196061 0.895662 0.378943 0.972527 0.400250
1723.196174 0.895787 0.379023 0.972673 0.400275
1724.196288 0.895912 0.379103 0.972819 0.400301
1725.196402 0.896037 0.379183 0.972965 0.400326
1726.196516 0.896162 0.379262 0.973111 0.400351
1727.196630 0.896287 0.379341 0.973257 0.400376
1728.196744 0.896412 0.379420 0.973403 0.400400
1729.196858 0.896537 0.379499 0.973549 0.400425
1730.196971 0.896663 0.379577 0.973695 0.400449
1731.197085 0.896788 0.379656 0.973841 0.400473
1732.197199 0.896913 0.379734 0.973987 0.400496
1733.197313 0.897039 0.379812 0.974133 0.400520
1734.197427 0.897165 0.379889 0.974279 0.400543
1735.197541 0.897290 0.379967 0.974425 0.400566
1736.197655 0.897416 0.380044 0.974571 0.400589
1737.197768 0.897542 0.380121 0.974717 0.400611
1738.197882 0.897668 0.380198 0.974863 0.400634
1739.197996 0.897794 0.380275 0.975009 0.400656
1740.198110 0.897920 0.380352 0.975155 0.400678
1741.198224 0.898046 0.380428 0.975301 0.400699
1742.198338 0.898172 0.380504 0.975447 0.400721
1743.198452 0.898299 0.380580 0.975593 0.400742
1744.198565 0.898425 0.380656 0.975739 0.400763
1745.198679 0.898551 0.380732 0.975885 0.400784
1746.198793 0.898678 0.380807 0.976031 0.400804
1747.198907 0.898804 0.380882 0.976177 0.400825
1748.199021 0.898931 0.380957 0.976323 0.400845
1749.199135 0.899058 0.381032 0.976468 0.400865
1750.199249 0.899185 0.381107 0.976614 0.400884
1751.199362 0.899312 0.381181 0.976760 0.400904
1752.199476 0.899438 0.381255 0.976906 0.400923
1753.199590 0.899565 0.381329 0.977052 0.400942
1754.199704 0.899693 0.381403 0.977198 0.400961
1755.199818 0.899820 0.381477 0.977343 0.400979
1756.199932 0.899947 0.381550 0.977489 0.400998
1757.200046 0.900074 0.381624 0.977635 0.401016
1758.200159 0.900202 0.381697 0.977781 0.401034
1759.200273 0.900329 0.381769 0.977927 0.401052
1760.200387 0.900457 0.381842 0.978072 0.401069
1761.200501 0.900584 0.381915 0.978218 0.401086
1762.200615 0.900712 0.381987 0.978364 0.401103
1763.200729 0.900840 0.382059 0.978510 0.401120
1764.200843 0.900967 0.382131 0.978655 0.401137
1765.200956 0.901095 0.382202 0.978801 0.401153
1766.201070 0.901223 0.382274 0.978947 0.401169
1767.201184 0.901351 0.382345 0.979093 0.401185
1768.201298 0.901479 0.382416 0.979238 0.401201
1769.201412 0.901608 0.382487 0.979384 0.401217
1770.201526 0.901736 0.382558 0.979530 0.401232
1771.201640 0.901864 0.382628 0.979675 0.401247
1772.201753 0.901993 0.382699 0.979821 0.401262
1773.201867 0.902121 0.382769 0.979966 0.401276
1774.201981 0.902250 0.382839 0.980112 0.401291
1775.202095 0.902378 0.382908 0.980258 0.401305
1776.202209 0.902507 0.382978 0.980403 0.401319
1777.202323 0.902636 0.383047 0.980549 0.401333
1778.202437 0.902764 0.383116 0.980695 0.401346
1779.202550 0.902893 0.383185 0.980840 0.401360
1780.202664 0.903022 0.383254 0.980986 0.401373
1781.202778 0.903151 0.383322 0.981131 0.401386
1782.202892 0.903280 0.383391 0.981277 0.401399
1783.203006 0.903410 0.383459 0.981422 0.401411
1784.203120 0.903539 0.383527 0.981568 0.401423
1785.203234 0.903668 0.383595 0.981713 0.401435
1786.203347 0.903798 0.383662 0.981859 0.401447
1787.203461 0.903927 0.383729 0.982004 0.401459
1788.203575 0.904057 0.383797 0.982150 0.401470
1789.203689 0.904186 0.383864 0.982295 0.401481
1790.203803 0.904316 0.383930 0.982441 0.401492
1791.203917 0.904445 0.383997 0.982586 0.401503
1792.204031 0.904575 0.384063 0.982731 0.401514
1793.204144 0.904705 0.384129 0.982877 0.401524
1794.204258 0.904835 0.384195 0.983022 0.401534
1795.204372 0.904965 0.384261 0.983168 0.401544
1796.204486 0.905095 0.384327 0.983313 0.401554
1797.204600 0.905225 0.384392 0.983458 0.401563
1798.204714 0.905356 0.384457 0.983604 0.401572
1799.204828 0.905486 0.384522 0.983749 0.401581
1800.204941 0.905616 0.384587 0.983894 0.401590
1801.205055 0.905747 0.384652 0.984040 0.401599
1802.205169 0.905877 0.384716 0.984185 0.401607
1803.205283 0.906008 0.384780 0.984330 0.401615
1804.205397 0.906138 0.384844 0.984475 0.401623
1805.205511 0.906269 0.384908 0.984621 0.401631
1806.205625 0.906400 0.384972 0.984766 0.401639
1807.205738 0.906531 0.385035 0.984911 0.401646
1808.205852 0.906662 0.385098 0.985056 0.401653
1809.205966 0.906793 0.385161 0.985202 0.401660
1810.206080 0.906924 0.385224 0.985347 0.401667
1811.206194 0.907055 0.385287 0.985492 0.401673
1812.206308 0.907186 0.385349 0.985637 0.401679
1813.206421 0.907317 0.385411 0.985782 0.401685
1814.206535 0.907449 0.385473 0.985927 0.401691
1815.206649 0.907580 0.385535 0.986072 0.401697
1816.206763 0.907711 0.385597 0.986218 0.401702
1817.206877 0.907843 0.385658 0.986363 0.401707
1818.206991 0.907975 0.385720 0.986508 0.401712
1819.207105 0.908106 0.385781 0.986653 0.401717
1820.207218 0.908238 0.385842 0.986798 0.401722
1821.207332 0.908370 0.385902 0.986943 0.401726
1822.207446 0.908502 0.385963 0.987088 0.401730
1823.207560 0.908634 0.386023 0.987233 0.401734
1824.207674 0.908766 0.386083 0.987378 0.401738
1825.207788 0.908898 0.386143 0.987523 0.401741
1826.207902 0.909030 0.386202 0.987668 0.401745
1827.208015 0.909162 0.386262 0.987813 0.401748
1828.208129 0.909294 0.386321 0.987958 0.401751
1829.208243 0.909427 0.386380 0.988103 0.401753
1830.208357 0.909559 0.386439 0.988248 0.401756
1831.208471 0.909692 0.386498 0.988392 0.401758
1832.208585 0.909824 0.386556 0.988537 0.401760
1833.208699 0.909957 0.386615 0.988682 0.401762
1834.208812 0.910090 0.386673 0.988827 0.401763
1835.208926 0.910222 0.386731 0.988972 0.401765
1836.209040 0.910355 0.386788 0.989117 0.401766
1837.209154 0.910488 0.386846 0.989261 0.401767
1838.209268 0.910621 0.386903 0.989406 0.401768
1839.209382 0.910754 0.386960 0.989551 0.401768
1840.209496 0.910887 0.387017 0.989696 0.401768
1841.209609 0.911020 0.387074 0.989840 0.401769
1842.209723 0.911153 0.387130 0.989985 0.401769
1843.209837 0.911287 0.387187 0.990130 0.401768
1844.209951 0.911420 0.387243 0.990275 0.401768
1845.210065 0.911554 0.387299 0.990419 0.401767
1846.210179 0.911687 0.387354 0.990564 0.401766
1847.210293 0.911821 0.387410 0.990708 0.401765
1848.210406 0.911954 0.387465 0.990853 0.401764
1849.210520 0.912088 0.387520 0.990998 0.401762
1850.210634 0.912222 0.387575 0.991142 0.401760
1851.210748 0.912355 0.387630 0.991287 0.401758
1852.210862 0.912489 0.387685 0.991431 0.401756
1853.210976 0.912623 0.387739 0.991576 0.401754
1854.211090 0.912757 0.387793 0.991720 0.401751
1855.211203 0.912891 0.387847 0.991865 0.401748
1856.211317 0.913026 0.387901 0.992009 0.401745
1857.211431 0.913160 0.387954 0.992154 0.401742
1858.211545 0.913294 0.388008 0.992298 0.401739
1859.211659 0.913428 0.388061 0.992443 0.401735
1860.211773 0.913563 0.388114 0.992587 0.401731
1861.211887 0.913697 0.388167 0.992732 0.401727
1862.212000 0.913832 0.388219 0.992876 0.401723
1863.212114 0.913966 0.388272 0.993020 0.401719
1864.212228 0.914101 0.388324 0.993165 0.401714
1865.212342 0.914236 0.388376 0.993309 0.401709
1866.212456 0.914371 0.388428 0.993453 0.401704
1867.212570 0.914505 0.388479 0.993598 0.401699
1868.212684 0.914640 0.388531 0.993742 0.401693
1869.212797 0.914775 0.388582 0.993886 0.401687
1870.212911 0.914910 0.388633 0.994030 0.401682
1871.213025 0.915046 0.388684 0.994175 0.401675
1872.213139 0.915181 0.388734 0.994319 0.401669
1873.213253 0.915316 0.388785 0.994463 0.401663
1874.213367 0.915451 0.388835 0.994607 0.401656
1875.213481 0.915587 0.388885 0.994751 0.401649
1876.213594 0.915722 0.388935 0.994896 0.401642
1877.213708 0.915858 0.388984 0.995040 0.401634
1878.213822 0.915993 0.389034 0.995184 0.401627
1879.213936 0.916129 0.389083 0.995328 0.401619
1880.214050 0.916265 0.389132 0.995472 0.401611
1881.214164 0.916400 0.389181 0.995616 0.401603
1882.214278 0.916536 0.389229 0.995760 0.401595
1883.214391 0.916672 0.389278 0.995904 0.401586
1884.214505 0.916808 0.389326 0.996048 0.401577
1885.214619 0.916944 0.389374 0.996192 0.401568
1886.214733 0.917080 0.389422 0.996336 0.401559
1887.214847 0.917216 0.389469 0.996480 0.401550
1888.214961 0.917352 0.389517 0.996624 0.401540
1889.215075 0.917489 0.389564 0.996768 0.401530
1890.215188 0.917625 0.389611 0.996912 0.401520
1891.215302 0.917761 0.389658 0.997055 0.401510
1892.215416 0.917898 0.389705 0.997199 0.401500
1893.215530 0.918034 0.389751 0.997343 0.401489
1894.215644 0.918171 0.389797 0.997487 0.401478
1895.215758 0.918308 0.389843 0.997631 0.401467
1896.215872 0.918444 0.389889 0.997774 0.401456
1897.215985 0.918581 0.389935 0.997918 0.401444
1898.216099 0.918718 0.389980 0.998062 0.401433
1899.216213 0.918855 0.390026 0.998206 0.401421
1900.216327 0.918992 0.390071 0.998349 0.401409
1901.216441 0.919129 0.390116 0.998493 0.401397
1902.216555 0.919266 0.390160 0.998637 0.401384
1903.216669 0.919403 0.390205 0.998780 0.401372
1904.216782 0.919540 0.390249 0.998924 0.401359
1905.216896 0.919678 0.390293 0.999067 0.401346
1906.217010 0.919815 0.390337 0.999211 0.401332
1907.217124 0.919952 0.390381 0.999354 0.401319
1908.217238 0.920090 0.390424 0.999498 0.401305
1909.217352 0.920227 0.390467 0.999641 0.401291
1910.217466 0.920365 0.390511 0.999785 0.401277
1911.217579 0.920502 0.390553 0.999928 0.401263
1912.217693 0.920640 0.390596 1.000072 0.401249
1913.217807 0.920778 0.390639 1.000215 0.401234
1914.217921 0.920916 0.390681 1.000359 0.401219
1915.218035 0.921054 0.390723 1.000502 0.401204
1916.218149 0.921192 0.390765 1.000645 0.401189
1917.218263 0.921330 0.390807 1.000789 0.401173
1918.218376 0.921468 0.390848 1.000932 0.401158
1919.218490 0.921606 0.390890 1.001075 0.401142
1920.218604 0.921744 0.390931 1.001219 0.401126
1921.218718 0.921882 0.390972 1.001362 0.401109
1922.218832 0.922020 0.391012 1.001505 0.401093
1923.218946 0.922159 0.391053 1.001648 0.401076
1924.219060 0.922297 0.391093 1.001791 0.401059
1925.219173 0.922436 0.391133 1.001935 0.401042
1926.219287 0.922574 0.391173 1.002078 0.401025
1927.219401 0.922713 0.391213 1.002221 0.401007
1928.219515 0.922852 0.391253 1.002364 0.400990
1929.219629 0.922990 0.391292 1.002507 0.400972
1930.219743 0.923129 0.391331 1.002650 0.400954
1931.219857 0.923268 0.391370 1.002793 0.400936
1932.219970 0.923407 0.391409 1.002936 0.400917
1933.220084 0.923546 0.391447 1.003079 0.400898
1934.220198 0.923685 0.391486 1.003222 0.400880
1935.220312 0.923824 0.391524 1.003365 0.400860
1936.220426 0.923963 0.391562 1.003508 0.400841
1937.220540 0.924102 0.391600 1.003651 0.400822
1938.220654 0.924242 0.391637 1.003794 0.400802
1939.220767 0.924381 0.391675 1.003937 0.400782
1940.220881 0.924520 0.391712 1.004080 0.400762
1941.220995 0.924660 0.391749 1.004222 0.400742
1942.221109 0.924799 0.391785 1.004365 0.400721
1943.221223 0.924939 0.391822 1.004508 0.400701
1944.221337 0.925078 0.391858 1.004651 0.400680
1945.221451 0.925218 0.391895 1.004793 0.400659
1946.221564 0.925358 0.391931 1.004936 0.400638
1947.221678 0.925498 0.391966 1.005079 0.400616
1948.221792 0.925637 0.392002 1.005221 0.400594
1949.221906 0.925777 0.392037 1.005364 0.400573
1950.222020 0.925917 0.392073 1.005507 0.400551
1951.222134 0.926057 0.392108 1.005649 0.400528
1952.222248 0.926197 0.392142 1.005792 0.400506
1953.222361 0.926338 0.392177 1.005934 0.400483
1954.222475 0.926478 0.392211 1.006077 0.400460
1955.222589 0.926618 0.392246 1.006219 0.400437
1956.222703 0.926758 0.392280 1.006362 0.400414
1957.222817 0.926899 0.392313 1.006504 0.400391
1958.222931 0.927039 0.392347 1.006647 0.400367
1959.223045 0.927180 0.392380 1.006789 0.400343
1960.223158 0.927320 0.392414 1.006932 0.400319
1961.223272 0.927461 0.392447 1.007074 0.400295
1962.223386 0.927601 0.392480 1.007216 0.400271
1963.223500 0.927742 0.392512 1.007359 0.400246
1964.223614 0.927883 0.392545 1.007501 0.400221
1965.223728 0.928024 0.392577 1.007643 0.400196
1966.223842 0.928165 0.392609 1.007785 0.400171
1967.223955 0.928306 0.392641 1.007928 0.400146
1968.224069 0.928447 0.392672 1.008070 0.400120
1969.224183 0.928588 0.392704 1.008212 0.400094
1970.224297 0.928729 0.392735 1.008354 0.400068
1971.224411 0.928870 0.392766 1.008496 0.400042
1972.224525 0.929011 0.392797 1.008638 0.400016
1973.224639 0.929152 0.392828 1.008780 0.399989
1974.224752 0.929294 0.392858 1.008922 0.399963
1975.224866 0.929435 0.392888 1.009064 0.399936
1976.224980 0.929577 0.392918 1.009206 0.399909
1977.225094 0.929718 0.392948 1.009348 0.399881
1978.225208 0.929860 0.392978 1.009490 0.399854
1979.225322 0.930001 0.393008 1.009632 0.399826
1980.225436 0.930143 0.393037 1.009774 0.399798
1981.225549 0.930285 0.393066 1.009916 0.399770
1982.225663 0.930426 0.393095 1.010058 0.399742
1983.225777 0.930568 0.393123 1.010200 0.399713
1984.225891 0.930710 0.393152 1.010342 0.399685
1985.226005 0.930852 0.393180 1.010483 0.399656
1986.226119 0.930994 0.393208 1.010625 0.399627
1987.226232 0.931136 0.393236 1.010767 0.399597
1988.226346 0.931278 0.393264 1.010908 0.399568
1989.226460 0.931421 0.393291 1.011050 0.399538
1990.226574 0.931563 0.393319 1.011192 0.399508
1991.226688 0.931705 0.393346 1.011333 0.399478
1992.226802 0.931847 0.393373 1.011475 0.399448
1993.226916 0.931990 0.393399 1.011617 0.399418
1994.227029 0.932132 0.393426 1.011758 0.399387
1995.227143 0.932275 0.393452 1.011900 0.399356
1996.227257 0.932417 0.393478 1.012041 0.399325
1997.227371 0.932560 0.393504 1.012183 0.399294
1998.227485 0.932703 0.393530 1.012324 0.399263
1999.227599 0.932845 0.393556 1.012465 0.399231
2000.227713 0.932988 0.393581 1.012607 0.399199
2001.227826 0.933131 0.393606 1.012748 0.399168
2002.227940 0.933274 0.393631 1.012890 0.399135
2003.228054 0.933417 0.393656 1.013031 0.399103
2004.228168 0.933560 0.393680 1.013172 0.399071
2005.228282 0.933703 0.393705 1.013313 0.399038
2006.228396 0.933846 0.393729 1.013455 0.399005
2007.228510 0.933989 0.393753 1.013596 0.398972
2008.228623 0.934132 0.393776 1.013737 0.398939
2009.228737 0.934275 0.393800 1.013878 0.398905
2010.228851 0.934419 0.393823 1.014019 0.398871
2011.228965 0.934562 0.393847 1.014160 0.398838
2012.229079 0.934705 0.393870 1.014301 0.398804
2013.229193 0.934849 0.393892 1.014442 0.398769
2014.229307 0.934992 0.393915 1.014584 0.398735
2015.229420 0.935136 0.393937 1.014725 0.398700
2016.229534 0.935280 0.393959 1.014865 0.398665
2017.229648 0.935423 0.393981 1.015006 0.398630
2018.229762 0.935567 0.394003 1.015147 0.398595
2019.229876 0.935711 0.394025 1.015288 0.398560
2020.229990 0.935855 0.394046 1.015429 0.398524
2021.230104 0.935998 0.394067 1.015570 0.398489
2022.230217 0.936142 0.394088 1.015711 0.398453
2023.230331 0.936286 0.394109 1.015851 0.398417
2024.230445 0.936430 0.394130 1.015992 0.398380
2025.230559 0.936575 0.394150 1.016133 0.398344
2026.230673 0.936719 0.394170 1.016274 0.398307
2027.230787 0.936863 0.394190 1.016414 0.398270
2028.230901 0.937007 0.394210 1.016555 0.398233
2029.231014 0.937151 0.394230 1.016696 0.398196
2030.231128 0.937296 0.394249 1.016836 0.398158
2031.231242 0.937440 0.394268 1.016977 0.398121
2032.231356 0.937585 0.394287 1.017117 0.398083
2033.231470 0.937729 0.394306 1.017258 0.398045
2034.231584 0.937874 0.394325 1.017398 0.398007
2035.231698 0.938018 0.394343 1.017539 0.397968
2036.231811 0.938163 0.394362 1.017679 0.397930
2037.231925 0.938308 0.394380 1.017819 0.397891
2038.232039 0.938452 0.394397 1.017960 0.397852
2039.232153 0.938597 0.394415 1.018100 0.397813
2040.232267 0.938742 0.394432 1.018240 0.397774
2041.232381 0.938887 0.394450 1.018381 0.397734
2042.232495 0.939032 0.394467 1.018521 0.397694
2043.232608 0.939177 0.394484 1.018661 0.397655
2044.232722 0.939322 0.394500 1.018801 0.397614
2045.232836 0.939467 0.394517 1.018942 0.397574
2046.232950 0.939612 0.394533 1.019082 0.397534
2047.233064 0.939757 0.394549 1.019222 0.397493
2048.233178 0.939903 0.394565 1.019362 0.397452
2049.233292 0.940048 0.394581 1.019502 0.397411
2050.233405 0.940193 0.394596 1.019642 0.397370
2051.233519 0.940339 0.394611 1.019782 0.397329
2052.233633 0.940484 0.394626 1.019922 0.397287
2053.233747 0.940630 0.394641 1.020062 0.397246
2054.233861 0.940775 0.394656 1.020202 0.397204
2055.233975 0.940921 0.394671 1.020342 0.397162
2056.234089 0.941066 0.394685 1.020481 0.397119
2057.234202 0.941212 0.394699 1.020621 0.397077
2058.234316 0.941358 0.394713 1.020761 0.397034
2059.234430 0.941504 0.394727 1.020901 0.396991
2060.234544 0.941650 0.394740 1.021040 0.396948
2061.234658 0.941795 0.394753 1.021180 0.396905
2062.234772 0.941941 0.394766 1.021320 0.396862
2063.234886 0.942087 0.394779 1.021459 0.396818
2064.234999 0.942233 0.394792 1.021599 0.396774
2065.235113 0.942380 0.394805 1.021739 0.396730
2066.235227 0.942526 0.394817 1.021878 0.396686
2067.235341 0.942672 0.394829 1.022018 0.396642
2068.235455 0.942818 0.394841 1.022157 0.396597
2069.235569 0.942964 0.394853 1.022297 0.396553
2070.235683 0.943111 0.394864 1.022436 0.396508
2071.235796 0.943257 0.394876 1.022576 0.396463
2072.235910 0.943403 0.394887 1.022715 0.396418
2073.236024 0.943550 0.394898 1.022854 0.396372
2074.236138 0.943696 0.394908 1.022994 0.396327
2075.236252 0.943843 0.394919 1.023133 0.396281
2076.236366 0.943990 0.394929 1.023272 0.396235
2077.236480 0.944136 0.394940 1.023411 0.396189
2078.236593 0.944283 0.394950 1.023550 0.396142
2079.236707 0.944430 0.394959 1.023690 0.396096
2080.236821 0.944577 0.394969 1.023829 0.396049
2081.236935 0.944723 0.394978 1.023968 0.396002
2082.237049 0.944870 0.394987 1.024107 0.395955
2083.237163 0.945017 0.394996 1.024246 0.395908
2084.237277 0.945164 0.395005 1.024385 0.395860
2085.237390 0.945311 0.395014 1.024524 0.395813
2086.237504 0.945458 0.395022 1.024663 0.395765
2087.237618 0.945605 0.395030 1.024802 0.395717
2088.237732 0.945753 0.395038 1.024941 0.395669
2089.237846 0.945900 0.395046 1.025079 0.395621
2090.237960 0.946047 0.395054 1.025218 0.395572
2091.238074 0.946194 0.395061 1.025357 0.395523
2092.238187 0.946342 0.395068 1.025496 0.395475
2093.238301 0.946489 0.395075 1.025635 0.395426
2094.238415 0.946637 0.395082 1.025773 0.395376
2095.238529 0.946784 0.395089 1.025912 0.395327
2096.238643 0.946932 0.395095 1.026051 0.395277
2097.238757 0.947079 0.395101 1.026189 0.395228
2098.238871 0.947227 0.395108 1.026328 0.395178
2099.238984 0.947374 0.395113 1.026466 0.395127
2100.239098 0.947522 0.395119 1.026605 0.395077
2101.239212 0.947670 0.395124 1.026743 0.395027
2102.239326 0.947818 0.395130 1.026882 0.394976
2103.239440 0.947966 0.395135 1.027020 0.394925
2104.239554 0.948114 0.395140 1.027158 0.394874
2105.239668 0.948261 0.395144 1.027297 0.394823
2106.239781 0.948409 0.395149 1.027435 0.394771
2107.239895 0.948557 0.395153 1.027573 0.394720
2108.240009 0.948706 0.395157 1.027712 0.394668
2109.240123 0.948854 0.395161 1.027850 0.394616
2110.240237 0.949002 0.395165 1.027988 0.394564
2111.240351 0.949150 0.395168 1.028126 0.394512
2112.240465 0.949298 0.395171 1.028264 0.394459
2113.240578 0.949447 0.395174 1.028402 0.394407
2114.240692 0.949595 0.395177 1.028541 0.394354
2115.240806 0.949743 0.395180 1.028679 0.394301
2116.240920 0.949892 0.395183 1.028817 0.394248
2117.241034 0.950040 0.395185 1.028954 0.394194
2118.241148 0.950189 0.395187 1.029092 0.394141
2119.241262 0.950337 0.395189 1.029230 0.394087
2120.241375 0.950486 0.395191 1.029368 0.394033
2121.241489 0.950634 0.395192 1.029506 0.393979
2122.241603 0.950783 0.395193 1.029644 0.393925
2123.241717 0.950932 0.395195 1.029782 0.393870
2124.241831 0.951081 0.395195 1.029919 0.393816
2125.241945 0.951229 0.395196 1.030057 0.393761
2126.242059 0.951378 0.395197 1.030195 0.393706
2127.242172 0.951527 0.395197 1.030332 0.393651
2128.242286 0.951676 0.395197 1.030470 0.393596
2129.242400 0.951825 0.395197 1.030607 0.393540
2130.242514 0.951974 0.395197 1.030745 0.393485
2131.242628 0.952123 0.395196 1.030883 0.393429
2132.242742 0.952272 0.395196 1.031020 0.393373
2133.242856 0.952421 0.395195 1.031157 0.393317
2134.242969 0.952571 0.395194 1.031295 0.393260
2135.243083 0.952720 0.395193 1.031432 0.393204
2136.243197 0.952869 0.395191 1.031570 0.393147
2137.243311 0.953018 0.395190 1.031707 0.393090
2138.243425 0.953168 0.395188 1.031844 0.393033
2139.243539 0.953317 0.395186 1.031981 0.392976
2140.243653 0.953467 0.395184 1.032119 0.392918
2141.243766 0.953616 0.395181 1.032256 0.392861
2142.243880 0.953766 0.395179 1.032393 0.392803
2143.243994 0.953915 0.395176 1.032530 0.392745
2144.244108 0.954065 0.395173 1.032667 0.392687
2145.244222 0.954214 0.395170 1.032804 0.392629
2146.244336 0.954364 0.395166 1.032941 0.392570
2147.244450 0.954514 0.395163 1.033078 0.392511
2148.244563 0.954663 0.395159 1.033215 0.392453
2149.244677 0.954813 0.395155 1.033352 0.392394
2150.244791 0.954963 0.395151 1.033489 0.392334
2151.244905 0.955113 0.395146 1.033625 0.392275
2152.245019 0.955263 0.395142 1.033762 0.392216
2153.245133 0.955413 0.395137 1.033899 0.392156
2154.245246 0.955563 0.395132 1.034036 0.392096
2155.245360 0.955713 0.395127 1.034172 0.392036
2156.245474 0.955863 0.395122 1.034309 0.391976
2157.245588 0.956013 0.395116 1.034446 0.391915
2158.245702 0.956163 0.395110 1.034582 0.391855
2159.245816 0.956313 0.395105 1.034719 0.391794
2160.245930 0.956464 0.395098 1.034855 0.391733
2161.246043 0.956614 0.395092 1.034992 0.391672
2162.246157 0.956764 0.395086 1.035128 0.391611
2163.246271 0.956915 0.395079 1.035265 0.391550
2164.246385 0.957065 0.395072 1.035401 0.391488
2165.246499 0.957215 0.395065 1.035537 0.391426
2166.246613 0.957366 0.395058 1.035674 0.391364
2167.246727 0.957516 0.395050 1.035810 0.391302
2168.246840 0.957667 0.395042 1.035946 0.391240
2169.246954 0.957818 0.395035 1.036082 0.391177
2170.247068 0.957968 0.395026 1.036219 0.391115
2171.247182 0.958119 0.395018 1.036355 0.391052
2172.247296 0.958270 0.395010 1.036491 0.390989
2173.247410 0.958420 0.395001 1.036627 0.390926
2174.247524 0.958571 0.394992 1.036763 0.390863
2175.247637 0.958722 0.394983 1.036899 0.390799
2176.247751 0.958873 0.394974 1.037035 0.390735
2177.247865 0.959024 0.394964 1.037171 0.390672
2178.247979 0.959175 0.394955 1.037307 0.390608
2179.248093 0.959326 0.394945 1.037443 0.390543
2180.248207 0.959477 0.394935 1.037578 0.390479
2181.248321 0.959628 0.394925 1.037714 0.390415
2182.248434 0.959779 0.394914 1.037850 0.390350
2183.248548 0.959930 0.394904 1.037986 0.390285
2184.248662 0.960081 0.394893 1.038121 0.390220
2185.248776 0.960232 0.394882 1.038257 0.390155
2186.248890 0.960383 0.394871 1.038392 0.390089
2187.249004 0.960535 0.394859 1.038528 0.390024
2188.249118 0.960686 0.394848 1.038664 0.389958
2189.249231 0.960837 0.394836 1.038799 0.389892
2190.249345 0.960989 0.394824 1.038935 0.389826
2191.249459 0.961140 0.394812 1.039070 0.389760
2192.249573 0.961291 0.394799 1.039205 0.389694
2193.249687 0.961443 0.394787 1.039341 0.389627
2194.249801 0.961594 0.394774 1.039476 0.389560
2195.249915 0.961746 0.394761 1.039611 0.389493
2196.250028 0.961898 0.394748 1.039746 0.389426
2197.250142 0.962049 0.394735 1.039882 0.389359
2198.250256 0.962201 0.394721 1.040017 0.389292
2199.250370 0.962352 0.394707 1.040152 0.389224
2200.250484 0.962504 0.394693 1.040287 0.389156
2201.250598 0.962656 0.394679 1.040422 0.389089
2202.250712 0.962808 0.394665 1.040557 0.389020
2203.250825 0.962960 0.394650 1.040692 0.388952
2204.250939 0.963111 0.394636 1.040827 0.388884
2205.251053 0.963263 0.394621 1.040962 0.388815
2206.251167 0.963415 0.394606 1.041097 0.388747
2207.251281 0.963567 0.394590 1.041232 0.388678
2208.251395 0.963719 0.394575 1.041366 0.388609
2209.251509 0.963871 0.394559 1.041501 0.388539
2210.251622 0.964023 0.394543 1.041636 0.388470
2211.251736 0.964175 0.394527 1.041771 0.388400
2212.251850 0.964328 0.394511 1.041905 0.388331
2213.251964 0.964480 0.394494 1.042040 0.388261
2214.252078 0.964632 0.394478 1.042174 0.388191
2215.252192 0.964784 0.394461 1.042309 0.388120
2216.252306 0.964936 0.394444 1.042443 0.388050
2217.252419 0.965089 0.394427 1.042578 0.387979
2218.252533 0.965241 0.394409 1.042712 0.387908
2219.252647 0.965394 0.394392 1.042847 0.387838
2220.252761 0.965546 0.394374 1.042981 0.387766
2221.252875 0.965698 0.394356 1.043115 0.387695
2222.252989 0.965851 0.394338 1.043250 0.387624
2223.253103 0.966003 0.394319 1.043384 0.387552
2224.253216 0.966156 0.394301 1.043518 0.387480
2225.253330 0.966308 0.394282 1.043652 0.387409
2226.253444 0.966461 0.394263 1.043786 0.387336
2227.253558 0.966614 0.394244 1.043921 0.387264
2228.253672 0.966766 0.394224 1.044055 0.387192
2229.253786 0.966919 0.394205 1.044189 0.387119
2230.253900 0.967072 0.394185 1.044323 0.387046
2231.254013 0.967225 0.394165 1.044456 0.386974
2232.254127 0.967377 0.394145 1.044590 0.386901
2233.254241 0.967530 0.394124 1.044724 0.386827
2234.254355 0.967683 0.394104 1.044858 0.386754
2235.254469 0.967836 0.394083 1.044992 0.386680
2236.254583 0.967989 0.394062 1.045126 0.386607
2237.254697 0.968142 0.394041 1.045259 0.386533
2238.254810 0.968295 0.394020 1.045393 0.386459
2239.254924 0.968448 0.393998 1.045527 0.386384
2240.255038 0.968601 0.393976 1.045660 0.386310
2241.255152 0.968754 0.393955 1.045794 0.386235
2242.255266 0.968907 0.393932 1.045927 0.386161
2243.255380 0.969060 0.393910 1.046061 0.386086
2244.255494 0.969213 0.393888 1.046194 0.386011
2245.255607 0.969367 0.393865 1.046328 0.385936
2246.255721 0.969520 0.393842 1.046461 0.385860
2247.255835 0.969673 0.393819 1.046594 0.385785
2248.255949 0.969826 0.393796 1.046727 0.385709
2249.256063 0.969980 0.393772 1.046861 0.385633
2250.256177 0.970133 0.393749 1.046994 0.385557
2251.256291 0.970287 0.393725 1.047127 0.385481
2252.256404 0.970440 0.393701 1.047260 0.385405
2253.256518 0.970593 0.393676 1.047393 0.385328
2254.256632 0.970747 0.393652 1.047526 0.385251
2255.256746 0.970900 0.393627 1.047659 0.385174
2256.256860 0.971054 0.393603 1.047792 0.385097
2257.256974 0.971207 0.393578 1.047925 0.385020
2258.257088 0.971361 0.393552 1.048058 0.384943
2259.257201 0.971515 0.393527 1.048191 0.384865
2260.257315 0.971668 0.393501 1.048324 0.384788
2261.257429 0.971822 0.393476 1.048457 0.384710
2262.257543 0.971976 0.393450 1.048589 0.384632
2263.257657 0.972129 0.393423 1.048722 0.384554
2264.257771 0.972283 0.393397 1.048855 0.384476
2265.257885 0.972437 0.393371 1.048987 0.384397
2266.257998 0.972591 0.393344 1.049120 0.384319
2267.258112 0.972745 0.393317 1.049252 0.384240
2268.258226 0.972899 0.393290 1.049385 0.384161
2269.258340 0.973053 0.393262 1.049517 0.384082
2270.258454 0.973206 0.393235 1.049650 0.384002
2271.258568 0.973360 0.393207 1.049782 0.383923
2272.258682 0.973514 0.393179 1.049914 0.383843
2273.258795 0.973668 0.393151 1.050047 0.383764
2274.258909 0.973823 0.393123 1.050179 0.383684
2275.259023 0.973977 0.393094 1.050311 0.383604
2276.259137 0.974131 0.393066 1.050443 0.383523
2277.259251 0.974285 0.393037 1.050575 0.383443
2278.259365 0.974439 0.393008 1.050708 0.383362
2279.259479 0.974593 0.392978 1.050840 0.383282
2280.259592 0.974747 0.392949 1.050972 0.383201
2281.259706 0.974902 0.392919 1.051104 0.383120
2282.259820 0.975056 0.392890 1.051236 0.383039
2283.259934 0.975210 0.392859 1.051367 0.382957
2284.260048 0.975365 0.392829 1.051499 0.382876
2285.260162 0.975519 0.392799 1.051631 0.382794
2286.260276 0.975673 0.392768 1.051763 0.382712
2287.260389 0.975828 0.392737 1.051895 0.382630
2288.260503 0.975982 0.392706 1.052026 0.382548
2289.260617 0.976137 0.392675 1.052158 0.382466
2290.260731 0.976291 0.392644 1.052290 0.382383
2291.260845 0.976446 0.392612 1.052421 0.382301
2292.260959 0.976600 0.392580 1.052553 0.382218
2293.261073 0.976755 0.392548 1.052684 0.382135
2294.261186 0.976909 0.392516 1.052816 0.382052
2295.261300 0.977064 0.392484 1.052947 0.381969
2296.261414 0.977218 0.392451 1.053078 0.381885
2297.261528 0.977373 0.392419 1.053210 0.381802
2298.261642 0.977528 0.392386 1.053341 0.381718
2299.261756 0.977683 0.392353 1.053472 0.381634
2300.261870 0.977837 0.392319 1.053603 0.381550
2301.261983 0.977992 0.392286 1.053735 0.381466
2302.262097 0.978147 0.392252 1.053866 0.381382
2303.262211 0.978302 0.392218 1.053997 0.381297
2304.262325 0.978457 0.392184 1.054128 0.381212
2305.262439 0.978611 0.392150 1.054259 0.381128
2306.262553 0.978766 0.392115 1.054390 0.381043
2307.262667 0.978921 0.392081 1.054521 0.380957
2308.262780 0.979076 0.392046 1.054652 0.380872
2309.262894 0.979231 0.392011 1.054782 0.380787
2310.263008 0.979386 0.391976 1.054913 0.380701
2311.263122 0.979541 0.391940 1.055044 0.380615
2312.263236 0.979696 0.391904 1.055175 0.380529
2313.263350 0.979851 0.391869 1.055305 0.380443
2314.263464 0.980006 0.391833 1.055436 0.380357
2315.263577 0.980161 0.391796 1.055567 0.380271
2316.263691 0.980316 0.391760 1.055697 0.380184
2317.263805 0.980472 0.391723 1.055828 0.380097
2318.263919 0.980627 0.391687 1.055958 0.380010
2319.264033 0.980782 0.391650 1.056088 0.379923
2320.264147 0.980937 0.391613 1.056219 0.379836
2321.264261 0.981092 0.391575 1.056349 0.379749
2322.264374 0.981248 0.391538 1.056479 0.379661
2323.264488 0.981403 0.391500 1.056610 0.379574
2324.264602 0.981558 0.391462 1.056740 0.379486
2325.264716 0.981714 0.391424 1.056870 0.379398
2326.264830 0.981869 0.391386 1.057000 0.379310
2327.264944 0.982024 0.391347 1.057130 0.379222
2328.265057 0.982180 0.391308 1.057260 0.379133
2329.265171 0.982335 0.391269 1.057390 0.379045
2330.265285 0.982491 0.391230 1.057520 0.378956
2331.265399 0.982646 0.391191 1.057650 0.378867
2332.265513 0.982802 0.391152 1.057780 0.378778
2333.265627 0.982957 0.391112 1.057910 0.378689
2334.265741 0.983113 0.391072 1.058040 0.378600
2335.265854 0.983268 0.391032 1.058169 0.378510
2336.265968 0.983424 0.390992 1.058299 0.378420
2337.266082 0.983579 0.390951 1.058429 0.378331
2338.266196 0.983735 0.390911 1.058558 0.378241
2339.266310 0.983891 0.390870 1.058688 0.378151
2340.266424 0.984046 0.390829 1.058817 0.378060
2341.266538 0.984202 0.390788 1.058947 0.377970
2342.266651 0.984358 0.390746 1.059076 0.377879
2343.266765 0.984513 0.390705 1.059206 0.377789
2344.266879 0.984669 0.390663 1.059335 0.377698
2345.266993 0.984825 0.390621 1.059464 0.377607
2346.267107 0.984981 0.390579 1.059594 0.377515
2347.267221 0.985136 0.390537 1.059723 0.377424
2348.267335 0.985292 0.390494 1.059852 0.377333
2349.267448 0.985448 0.390451 1.059981 0.377241
2350.267562 0.985604 0.390408 1.060110 0.377149
2351.267676 0.985760 0.390365 1.060239 0.377057
2352.267790 0.985916 0.390322 1.060368 0.376965
2353.267904 0.986072 0.390279 1.060497 0.376873
2354.268018 0.986227 0.390235 1.060626 0.376781
2355.268132 0.986383 0.390191 1.060755 0.376688
2356.268245 0.986539 0.390147 1.060884 0.376595
2357.268359 0.986695 0.390103 1.061013 0.376502
2358.268473 0.986851 0.390058 1.061141 0.376409
2359.268587 0.987007 0.390014 1.061270 0.376316
2360.268701 0.987163 0.389969 1.061399 0.376223
2361.268815 0.987320 0.389924 1.061527 0.376130
2362.268929 0.987476 0.389879 1.061656 0.376036
2363.269042 0.987632 0.389833 1.061785 0.375942
2364.269156 0.987788 0.389788 1.061913 0.375848
2365.269270 0.987944 0.389742 1.062041 0.375754
2366.269384 0.988100 0.389696 1.062170 0.375660
2367.269498 0.988256 0.389650 1.062298 0.375566
2368.269612 0.988413 0.389603 1.062427 0.375471
2369.269726 0.988569 0.389557 1.062555 0.375376
2370.269839 0.988725 0.389510 1.062683 0.375282
2371.269953 0.988881 0.389463 1.062811 0.375187
2372.270067 0.989038 0.389416 1.062939 0.375092
2373.270181 0.989194 0.389369 1.063067 0.374996
2374.270295 0.989350 0.389321 1.063195 0.374901
2375.270409 0.989506 0.389273 1.063323 0.374805
2376.270523 0.989663 0.389226 1.063451 0.374710
2377.270636 0.989819 0.389178 1.063579 0.374614
2378.270750 0.989975 0.389129 1.063707 0.374518
2379.270864 0.990132 0.389081 1.063835 0.374422
2380.270978 0.990288 0.389032 1.063963 0.374325
2381.271092 0.990445 0.388983 1.064091 0.374229
2382.271206 0.990601 0.388934 1.064218 0.374132
2383.271320 0.990758 0.388885 1.064346 0.374035
2384.271433 0.990914 0.388836 1.064474 0.373938
2385.271547 0.991071 0.388786 1.064601 0.373841
2386.271661 0.991227 0.388736 1.064729 0.373744
2387.271775 0.991384 0.388686 1.064856 0.373647
2388.271889 0.991540 0.388636 1.064983 0.373549
2389.272003 0.991697 0.388586 1.065111 0.373452
2390.272117 0.991853 0.388535 1.065238 0.373354
2391.272230 0.992010 0.388485 1.065365 0.373256
2392.272344 0.992166 0.388434 1.065493 0.373158
2393.272458 0.992323 0.388383 1.065620 0.373060
2394.272572 0.992480 0.388331 1.065747 0.372961
2395.272686 0.992636 0.388280 1.065874 0.372863
2396.272800 0.992793 0.388228 1.066001 0.372764
2397.272914 0.992950 0.388176 1.066128 0.372665
2398.273027 0.993106 0.388124 1.066255 0.372566
2399.273141 0.993263 0.388072 1.066382 0.372467
2400.273255 0.993420 0.388019 1.066509 0.372368
2401.273369 0.993576 0.387967 1.066636 0.372268
2402.273483 0.993733 0.387914 1.066763 0.372169
2403.273597 0.993890 0.387861 1.066890 0.372069
2404.273711 0.994047 0.387808 1.067016 0.371969
2405.273824 0.994203 0.387754 1.067143 0.371869
2406.273938 0.994360 0.387701 1.067269 0.371769
2407.274052 0.994517 0.387647 1.067396 0.371669
2408.274166 0.994674 0.387593 1.067523 0.371568
2409.274280 0.994831 0.387539 1.067649 0.371468
2410.274394 0.994988 0.387485 1.067776 0.371367
2411.274508 0.995144 0.387430 1.067902 0.371266
2412.274621 0.995301 0.387375 1.068028 0.371165
2413.274735 0.995458 0.387321 1.068155 0.371064
2414.274849 0.995615 0.387265 1.068281 0.370963
2415.274963 0.995772 0.387210 1.068407 0.370861
2416.275077 0.995929 0.387155 1.068533 0.370760
2417.275191 0.996086 0.387099 1.068659 0.370658
2418.275305 0.996243 0.387043 1.068785 0.370556
2419.275418 0.996400 0.386987 1.068911 0.370454
2420.275532 0.996557 0.386931 1.069037 0.370352
2421.275646 0.996714 0.386875 1.069163 0.370249
2422.275760 0.996871 0.386818 1.069289 0.370147
2423.275874 0.997028 0.386761 1.069415 0.370044
2424.275988 0.997185 0.386704 1.069541 0.369941
2425.276102 0.997342 0.386647 1.069667 0.369839
2426.276215 0.997499 0.386590 1.069792 0.369736
2427.276329 0.997656 0.386532 1.069918 0.369632
2428.276443 0.997813 0.386474 1.070044 0.369529
2429.276557 0.997970 0.386416 1.070169 0.369425
2430.276671 0.998127 0.386358 1.070295 0.369322
2431.276785 0.998284 0.386300 1.070420 0.369218
2432.276899 0.998441 0.386241 1.070546 0.369114
2433.277012 0.998599 0.386183 1.070671 0.369010
2434.277126 0.998756 0.386124 1.070796 0.368906
2435.277240 0.998913 0.386065 1.070922 0.368802
2436.277354 0.999070 0.386006 1.071047 0.368697
2437.277468 0.999227 0.385946 1.071172 0.368592
2438.277582 0.999384 0.385887 1.071297 0.368488
2439.277696 0.999542 0.385827 1.071422 0.368383
2440.277809 0.999699 0.385767 1.071547 0.368278
2441.277923 0.999856 0.385707 1.071672 0.368172
2442.278037 1.000013 0.385646 1.071797 0.368067
2443.278151 1.000170 0.385586 1.071922 0.367962
2444.278265 1.000328 0.385525 1.072047 0.367856
2445.278379 1.000485 0.385464 1.072172 0.367750
2446.278493 1.000642 0.385403 1.072297 0.367644
2447.278606 1.000799 0.385341 1.072421 0.367538
2448.278720 1.000957 0.385280 1.072546 0.367432
2449.278834 1.001114 0.385218 1.072671 0.367326
2450.278948 1.001271 0.385156 1.072795 0.367219
2451.279062 1.001429 0.385094 1.072920 0.367113
2452.279176 1.001586 0.385032 1.073044 0.367006
2453.279290 1.001743 0.384970 1.073169 0.366899
2454.279403 1.001901 0.384907 1.073293 0.366792
2455.279517 1.002058 0.384844 1.073417 0.366685
2456.279631 1.002215 0.384781 1.073542 0.366577
2457.279745 1.002373 0.384718 1.073666 0.366470
2458.279859 1.002530 0.384655 1.073790 0.366362
2459.279973 1.002687 0.384591 1.073914 0.366254
2460.280087 1.002845 0.384527 1.074039 0.366146
2461.280200 1.003002 0.384463 1.074163 0.366038
2462.280314 1.003160 0.384399 1.074287 0.365930
2463.280428 1.003317 0.384335 1.074411 0.365822
2464.280542 1.003474 0.384270 1.074535 0.365713
2465.280656 1.003632 0.384206 1.074658 0.365605
2466.280770 1.003789 0.384141 1.074782 0.365496
2467.280884 1.003947 0.384076 1.074906 0.365387
2468.280997 1.004104 0.384010 1.075030 0.365278
2469.281111 1.004262 0.383945 1.075153 0.365169
2470.281225 1.004419 0.383879 1.075277 0.365060
2471.281339 1.004576 0.383814 1.075401 0.364950
2472.281453 1.004734 0.383748 1.075524 0.364841
2473.281567 1.004891 0.383681 1.075648 0.364731
2474.281681 1.005049 0.383615 1.075771 0.364621
2475.281794 1.005206 0.383548 1.075895 0.364511
2476.281908 1.005364 0.383482 1.076018 0.364401
2477.282022 1.005521 0.383415 1.076141 0.364291
2478.282136 1.005679 0.383348 1.076265 0.364180
2479.282250 1.005836 0.383280 1.076388 0.364070
2480.282364 1.005994 0.383213 1.076511 0.363959
2481.282478 1.006151 0.383145 1.076634 0.363848
2482.282591 1.006309 0.383077 1.076757 0.363737
2483.282705 1.006466 0.383009 1.076880 0.363626
2484.282819 1.006624 0.382941 1.077003 0.363515
2485.282933 1.006782 0.382872 1.077126 0.363403
2486.283047 1.006939 0.382804 1.077249 0.363292
2487.283161 1.007097 0.382735 1.077372 0.363180
2488.283275 1.007254 0.382666 1.077494 0.363068
2489.283388 1.007412 0.382597 1.077617 0.362957
2490.283502 1.007569 0.382528 1.077740 0.362844
2491.283616 1.007727 0.382458 1.077863 0.362732
2492.283730 1.007885 0.382388 1.077985 0.362620
2493.283844 1.008042 0.382318 1.078108 0.362507
2494.283958 1.008200 0.382248 1.078230 0.362395
2495.284072 1.008357 0.382178 1.078353 0.362282
2496.284185 1.008515 0.382107 1.078475 0.362169
2497.284299 1.008672 0.382037 1.078597 0.362056
2498.284413 1.008830 0.381966 1.078720 0.361943
2499.284527 1.008988 0.381895 1.078842 0.361830
2500.284641 1.009145 0.381824 1.078964 0.361716
2501.284755 1.009303 0.381752 1.079086 0.361603
2502.284868 1.009461 0.381681 1.079208 0.361489
2503.284982 1.009618 0.381609 1.079330 0.361375
2504.285096 1.009776 0.381537 1.079452 0.361261
2505.285210 1.009933 0.381465 1.079574 0.361147
2506.285324 1.010091 0.381392 1.079696 0.361033
2507.285438 1.010249 0.381320 1.079818 0.360918
2508.285552 1.010406 0.381247 1.079940 0.360804
2509.285665 1.010564 0.381174 1.080062 0.360689
2510.285779 1.010722 0.381101 1.080183 0.360574
2511.285893 1.010879 0.381028 1.080305 0.360459
2512.286007 1.011037 0.380954 1.080427 0.360344
2513.286121 1.011195 0.380881 1.080548 0.360229
2514.286235 1.011352 0.380807 1.080670 0.360113
2515.286349 1.011510 0.380733 1.080791 0.359998
2516.286462 1.011667 0.380659 1.080913 0.359882
2517.286576 1.011825 0.380584 1.081034 0.359767
2518.286690 1.011983 0.380510 1.081155 0.359651
2519.286804 1.012140 0.380435 1.081277 0.359535
2520.286918 1.012298 0.380360 1.081398 0.359419
2521.287032 1.012456 0.380285 1.081519 0.359302
2522.287146 1.012613 0.380210 1.081640 0.359186
2523.287259 1.012771 0.380134 1.081761 0.359069
2524.287373 1.012929 0.380058 1.081882 0.358953
2525.287487 1.013086 0.379983 1.082003 0.358836
2526.287601 1.013244 0.379906 1.082124 0.358719
2527.287715 1.013402 0.379830 1.082245 0.358602
2528.287829 1.013559 0.379754 1.082366 0.358484
2529.287943 1.013717 0.379677 1.082487 0.358367
2530.288056 1.013875 0.379600 1.082607 0.358249
2531.288170 1.014032 0.379523 1.082728 0.358132
2532.288284 1.014190 0.379446 1.082849 0.358014
2533.288398 1.014348 0.379369 1.082969 0.357896
2534.288512 1.014505 0.379291 1.083090 0.357778
2535.288626 1.014663 0.379214 1.083210 0.357660
2536.288740 1.014821 0.379136 1.083331 0.357542
2537.288853 1.014978 0.379058 1.083451 0.357423
2538.288967 1.015136 0.378979 1.083571 0.357305
2539.289081 1.015294 0.378901 1.083692 0.357186
2540.289195 1.015451 0.378822 1.083812 0.357067
2541.289309 1.015609 0.378744 1.083932 0.356948
2542.289423 1.015767 0.378665 1.084052 0.356829
2543.289537 1.015924 0.378585 1.084172 0.356710
2544.289650 1.016082 0.378506 1.084292 0.356590
2545.289764 1.016240 0.378426 1.084412 0.356471
2546.289878 1.016397 0.378347 1.084532 0.356351
2547.289992 1.016555 0.378267 1.084652 0.356232
2548.290106 1.016713 0.378187 1.084772 0.356112
2549.290220 1.016870 0.378106 1.084892 0.355992
2550.290334 1.017028 0.378026 1.085011 0.355871
2551.290447 1.017186 0.377945 1.085131 0.355751
2552.290561 1.017343 0.377864 1.085251 0.355631
2553.290675 1.017501 0.377783 1.085370 0.355510
2554.290789 1.017659 0.377702 1.085490 0.355389
2555.290903 1.017816 0.377621 1.085609 0.355269
2556.291017 1.017974 0.377539 1.085729 0.355148
2557.291131 1.018131 0.377457 1.085848 0.355027
2558.291244 1.018289 0.377375 1.085967 0.354905
2559.291358 1.018447 0.377293 1.086087 0.354784
2560.291472 1.018604 0.377211 1.086206 0.354663
2561.291586 1.018762 0.377129 1.086325 0.354541
2562.291700 1.018920 0.377046 1.086444 0.354419
2563.291814 1.019077 0.376963 1.086563 0.354297
2564.291928 1.019235 0.376880 1.086682 0.354175
2565.292041 1.019392 0.376797 1.086801 0.354053
2566.292155 1.019550 0.376713 1.086920 0.353931
2567.292269 1.019708 0.376630 1.087039 0.353809
2568.292383 1.019865 0.376546 1.087158 0.353686
2569.292497 1.020023 0.376462 1.087276 0.353564
2570.292611 1.020180 0.376378 1.087395 0.353441
2571.292725 1.020338 0.376293 1.087514 0.353318
2572.292838 1.020496 0.376209 1.087632 0.353195
2573.292952 1.020653 0.376124 1.087751 0.353072
2574.293066 1.020811 0.376039 1.087870 0.352948
2575.293180 1.020968 0.375954 1.087988 0.352825
2576.293294 1.021126 0.375869 1.088106 0.352701
2577.293408 1.021283 0.375784 1.088225 0.352578
2578.293522 1.021441 0.375698 1.088343 0.352454
2579.293635 1.021598 0.375612 1.088461 0.352330
2580.293749 1.021756 0.375526 1.088580 0.352206
2581.293863 1.021914 0.375440 1.088698 0.352082
2582.293977 1.022071 0.375354 1.088816 0.351957
2583.294091 1.022229 0.375267 1.088934 0.351833
2584.294205 1.022386 0.375181 1.089052 0.351708
2585.294319 1.022544 0.375094 1.089170 0.351584
2586.294432 1.022701 0.375007 1.089288 0.351459
2587.294546 1.022859 0.374919 1.089405 0.351334
2588.294660 1.023016 0.374832 1.089523 0.351209
2589.294774 1.023174 0.374744 1.089641 0.351083
2590.294888 1.023331 0.374657 1.089759 0.350958
2591.295002 1.023489 0.374569 1.089876 0.350833
2592.295116 1.023646 0.374480 1.089994 0.350707
2593.295229 1.023803 0.374392 1.090111 0.350581
2594.295343 1.023961 0.374304 1.090229 0.350455
2595.295457 1.024118 0.374215 1.090346 0.350329
2596.295571 1.024276 0.374126 1.090464 0.350203
2597.295685 1.024433 0.374037 1.090581 0.350077
2598.295799 1.024591 0.373948 1.090698 0.349951
2599.295913 1.024748 0.373858 1.090816 0.349824
2600.296026 1.024906 0.373769 1.090933 0.349698
2601.296140 1.025063 0.373679 1.091050 0.349571
2602.296254 1.025220 0.373589 1.091167 0.349444
2603.296368 1.025378 0.373499 1.091284 0.349317
2604.296482 1.025535 0.373408 1.091401 0.349190
2605.296596 1.025692 0.373318 1.091518 0.349063
2606.296710 1.025850 0.373227 1.091635 0.348935
2607.296823 1.026007 0.373136 1.091752 0.348808
2608.296937 1.026165 0.373045 1.091868 0.348680
2609.297051 1.026322 0.372954 1.091985 0.348552
2610.297165 1.026479 0.372862 1.092102 0.348424
2611.297279 1.026637 0.372771 1.092218 0.348296
2612.297393 1.026794 0.372679 1.092335 0.348168
2613.297507 1.026951 0.372587 1.092451 0.348040
2614.297620 1.027108 0.372495 1.092568 0.347912
2615.297734 1.027266 0.372403 1.092684 0.347783
2616.297848 1.027423 0.372310 1.092800 0.347655
2617.297962 1.027580 0.372217 1.092917 0.347526
2618.298076 1.027738 0.372125 1.093033 0.347397
2619.298190 1.027895 0.372031 1.093149 0.347268
2620.298304 1.028052 0.371938 1.093265 0.347139
2621.298417 1.028209 0.371845 1.093381 0.347009
2622.298531 1.028366 0.371751 1.093497 0.346880
2623.298645 1.028524 0.371657 1.093613 0.346751
2624.298759 1.028681 0.371564 1.093729 0.346621
2625.298873 1.028838 0.371469 1.093845 0.346491
2626.298987 1.028995 0.371375 1.093961 0.346361
2627.299101 1.029152 0.371281 1.094077 0.346231
2628.299214 1.029310 0.371186 1.094192 0.346101
2629.299328 1.029467 0.371091 1.094308 0.345971
2630.299442 1.029624 0.370996 1.094424 0.345840
2631.299556 1.029781 0.370901 1.094539 0.345710
2632.299670 1.029938 0.370805 1.094655 0.345579
2633.299784 1.030095 0.370710 1.094770 0.345449
2634.299898 1.030252 0.370614 1.094886 0.345318
2635.300011 1.030409 0.370518 1.095001 0.345187
2636.300125 1.030566 0.370422 1.095116 0.345056
2637.300239 1.030724 0.370326 1.095232 0.344924
2638.300353 1.030881 0.370229 1.095347 0.344793
2639.300467 1.031038 0.370133 1.095462 0.344661
2640.300581 1.031195 0.370036 1.095577 0.344530
2641.300695 1.031352 0.369939 1.095692 0.344398
2642.300808 1.031509 0.369841 1.095807 0.344266
2643.300922 1.031666 0.369744 1.095922 0.344134
2644.301036 1.031823 0.369647 1.096037 0.344002
2645.301150 1.031980 0.369549 1.096151 0.343870
2646.301264 1.032136 0.369451 1.096266 0.343738
2647.301378 1.032293 0.369353 1.096381 0.343605
2648.301492 1.032450 0.369255 1.096496 0.343473
2649.301605 1.032607 0.369156 1.096610 0.343340
2650.301719 1.032764 0.369057 1.096725 0.343207
2651.301833 1.032921 0.368959 1.096839 0.343074
2652.301947 1.033078 0.368860 1.096954 0.342941
2653.302061 1.033235 0.368761 1.097068 0.342808
2654.302175 1.033392 0.368661 1.097182 0.342674
2655.302289 1.033548 0.368562 1.097297 0.342541
2656.302402 1.033705 0.368462 1.097411 0.342407
2657.302516 1.033862 0.368362 1.097525 0.342274
2658.302630 1.034019 0.368262 1.097639 0.342140
2659.302744 1.034176 0.368162 1.097753 0.342006
2660.302858 1.034332 0.368061 1.097867 0.341872
2661.302972 1.034489 0.367961 1.097981 0.341738
2662.303086 1.034646 0.367860 1.098095 0.341603
2663.303199 1.034803 0.367759 1.098209 0.341469
2664.303313 1.034959 0.367658 1.098323 0.341334
2665.303427 1.035116 0.367557 1.098437 0.341200
2666.303541 1.035273 0.367455 1.098550 0.341065
2667.303655 1.035429 0.367353 1.098664 0.340930
2668.303769 1.035586 0.367252 1.098777 0.340795
2669.303883 1.035743 0.367150 1.098891 0.340660
2670.303996 1.035899 0.367047 1.099004 0.340525
2671.304110 1.036056 0.366945 1.099118 0.340389
2672.304224 1.036212 0.366842 1.099231 0.340254
2673.304338 1.036369 0.366740 1.099345 0.340118
2674.304452 1.036525 0.366637 1.099458 0.339982
2675.304566 1.036682 0.366534 1.099571 0.339847
2676.304679 1.036839 0.366430 1.099684 0.339711
2677.304793 1.036995 0.366327 1.099797 0.339574
2678.304907 1.037152 0.366223 1.099910 0.339438
2679.305021 1.037308 0.366120 1.100023 0.339302
2680.305135 1.037464 0.366016 1.100136 0.339165
2681.305249 1.037621 0.365911 1.100249 0.339029
2682.305363 1.037777 0.365807 1.100362 0.338892
2683.305476 1.037934 0.365703 1.100475 0.338755
2684.305590 1.038090 0.365598 1.100587 0.338618
2685.305704 1.038246 0.365493 1.100700 0.338481
2686.305818 1.038403 0.365388 1.100813 0.338344
2687.305932 1.038559 0.365283 1.100925 0.338207
2688.306046 1.038715 0.365177 1.101038 0.338069
2689.306160 1.038872 0.365072 1.101150 0.337932
2690.306273 1.039028 0.364966 1.101263 0.337794
2691.306387 1.039184 0.364860 1.101375 0.337657
2692.306501 1.039341 0.364754 1.101487 0.337519
2693.306615 1.039497 0.364648 1.101600 0.337381
2694.306729 1.039653 0.364541 1.101712 0.337243
2695.306843 1.039809 0.364435 1.101824 0.337104
2696.306957 1.039965 0.364328 1.101936 0.336966
2697.307070 1.040122 0.364221 1.102048 0.336827
2698.307184 1.040278 0.364114 1.102160 0.336689
2699.307298 1.040434 0.364006 1.102272 0.336550
2700.307412 1.040590 0.363899 1.102384 0.336411
2701.307526 1.040746 0.363791 1.102495 0.336272
2702.307640 1.040902 0.363683 1.102607 0.336133
2703.307754 1.041058 0.363575 1.102719 0.335994
2704.307867 1.041214 0.363467 1.102830 0.335855
2705.307981 1.041370 0.363358 1.102942 0.335715
2706.308095 1.041526 0.363250 1.103054 0.335576
2707.308209 1.041682 0.363141 1.103165 0.335436
2708.308323 1.041838 0.363032 1.103276 0.335297
2709.308437 1.041994 0.362923 1.103388 0.335157
2710.308551 1.042150 0.362814 1.103499 0.335017
2711.308664 1.042306 0.362704 1.103610 0.334877
2712.308778 1.042462 0.362595 1.103722 0.334736
2713.308892 1.042618 0.362485 1.103833 0.334596
2714.309006 1.042773 0.362375 1.103944 0.334456
2715.309120 1.042929 0.362265 1.104055 0.334315
2716.309234 1.043085 0.362154 1.104166 0.334174
2717.309348 1.043241 0.362044 1.104277 0.334033
2718.309461 1.043396 0.361933 1.104388 0.333893
2719.309575 1.043552 0.361822 1.104498 0.333752
2720.309689 1.043708 0.361711 1.104609 0.333610
2721.309803 1.043864 0.361600 1.104720 0.333469
2722.309917 1.044019 0.361489 1.104830 0.333328
2723.310031 1.044175 0.361377 1.104941 0.333186
2724.310145 1.044331 0.361265 1.105052 0.333045
2725.310258 1.044486 0.361154 1.105162 0.332903
2726.310372 1.044642 0.361041 1.105272 0.332761
2727.310486 1.044797 0.360929 1.105383 0.332619
2728.310600 1.044953 0.360817 1.105493 0.332477
2729.310714 1.045108 0.360704 1.105603 0.332335
2730.310828 1.045264 0.360591 1.105714 0.332193
2731.310942 1.045419 0.360478 1.105824 0.332050
2732.311055 1.045575 0.360365 1.105934 0.331908
2733.311169 1.045730 0.360252 1.106044 0.331765
2734.311283 1.045886 0.360139 1.106154 0.331622
2735.311397 1.046041 0.360025 1.106264 0.331479
2736.311511 1.046196 0.359911 1.106374 0.331336
2737.311625 1.046352 0.359797 1.106483 0.331193
2738.311739 1.046507 0.359683 1.106593 0.331050
2739.311852 1.046662 0.359568 1.106703 0.330907
2740.311966 1.046818 0.359454 1.106813 0.330763
2741.312080 1.046973 0.359339 1.106922 0.330620
2742.312194 1.047128 0.359224 1.107032 0.330476
2743.312308 1.047283 0.359109 1.107141 0.330332
2744.312422 1.047438 0.358994 1.107251 0.330188
2745.312536 1.047594 0.358879 1.107360 0.330044
2746.312649 1.047749 0.358763 1.107469 0.329900
2747.312763 1.047904 0.358647 1.107579 0.329756
2748.312877 1.048059 0.358531 1.107688 0.329612
2749.312991 1.048214 0.358415 1.107797 0.329467
2750.313105 1.048369 0.358299 1.107906 0.329323
2751.313219 1.048524 0.358183 1.108015 0.329178
2752.313333 1.048679 0.358066 1.108124 0.329033
2753.313446 1.048834 0.357949 1.108233 0.328888
2754.313560 1.048989 0.357832 1.108342 0.328743
2755.313674 1.049144 0.357715 1.108451 0.328598
2756.313788 1.049299 0.357598 1.108559 0.328453
2757.313902 1.049453 0.357480 1.108668 0.328307
2758.314016 1.049608 0.357363 1.108777 0.328162
2759.314130 1.049763 0.357245 1.108885 0.328016
2760.314243 1.049918 0.357127 1.108994 0.327871
2761.314357 1.050073 0.357009 1.109102 0.327725
2762.314471 1.050227 0.356890 1.109211 0.327579
2763.314585 1.050382 0.356772 1.109319 0.327433
2764.314699 1.050537 0.356653 1.109427 0.327287
2765.314813 1.050691 0.356534 1.109536 0.327140
2766.314927 1.050846 0.356415 1.109644 0.326994
2767.315040 1.051001 0.356296 1.109752 0.326848
2768.315154 1.051155 0.356177 1.109860 0.326701
2769.315268 1.051310 0.356057 1.109968 0.326554
2770.315382 1.051464 0.355937 1.110076 0.326408
2771.315496 1.051619 0.355817 1.110184 0.326261
2772.315610 1.051773 0.355697 1.110292 0.326114
2773.315724 1.051928 0.355577 1.110400 0.325966
2774.315837 1.052082 0.355457 1.110507 0.325819
2775.315951 1.052237 0.355336 1.110615 0.325672
2776.316065 1.052391 0.355215 1.110723 0.325524
2777.316179 1.052545 0.355094 1.110830 0.325377
2778.316293 1.052700 0.354973 1.110938 0.325229
2779.316407 1.052854 0.354852 1.111045 0.325081
2780.316521 1.053008 0.354731 1.111153 0.324933
2781.316634 1.053162 0.354609 1.111260 0.324785
2782.316748 1.053317 0.354487 1.111367 0.324637
2783.316862 1.053471 0.354365 1.111474 0.324489
2784.316976 1.053625 0.354243 1.111582 0.324341
2785.317090 1.053779 0.354121 1.111689 0.324192
2786.317204 1.053933 0.353998 1.111796 0.324044
2787.317318 1.054087 0.353876 1.111903 0.323895
2788.317431 1.054241 0.353753 1.112010 0.323746
2789.317545 1.054395 0.353630 1.112117 0.323597
2790.317659 1.054549 0.353507 1.112223 0.323448
2791.317773 1.054703 0.353383 1.112330 0.323299
2792.317887 1.054857 0.353260 1.112437 0.323150
2793.318001 1.055011 0.353136 1.112544 0.323000
2794.318115 1.055165 0.353012 1.112650 0.322851
2795.318228 1.055319 0.352888 1.112757 0.322701
2796.318342 1.055472 0.352764 1.112863 0.322552
2797.318456 1.055626 0.352640 1.112970 0.322402
2798.318570 1.055780 0.352515 1.113076 0.322252
2799.318684 1.055934 0.352390 1.113182 0.322102
2800.318798 1.056087 0.352266 1.113289 0.321952
2801.318912 1.056241 0.352141 1.113395 0.321802
2802.319025 1.056395 0.352015 1.113501 0.321652
2803.319139 1.056548 0.351890 1.113607 0.321501
2804.319253 1.056702 0.351764 1.113713 0.321351
2805.319367 1.056855 0.351639 1.113819 0.321200
2806.319481 1.057009 0.351513 1.113925 0.321049
2807.319595 1.057162 0.351387 1.114031 0.320898
2808.319709 1.057316 0.351261 1.114137 0.320747
2809.319822 1.057469 0.351134 1.114242 0.320596
2810.319936 1.057623 0.351008 1.114348 0.320445
2811.320050 1.057776 0.350881 1.114454 0.320294
2812.320164 1.057929 0.350754 1.114559 0.320143
2813.320278 1.058083 0.350627 1.114665 0.319991
2814.320392 1.058236 0.350500 1.114770 0.319839
2815.320506 1.058389 0.350372 1.114876 0.319688
2816.320619 1.058542 0.350245 1.114981 0.319536
2817.320733 1.058695 0.350117 1.115086 0.319384
2818.320847 1.058849 0.349989 1.115192 0.319232
2819.320961 1.059002 0.349861 1.115297 0.319080
2820.321075 1.059155 0.349732 1.115402 0.318928
2821.321189 1.059308 0.349604 1.115507 0.318775
2822.321303 1.059461 0.349475 1.115612 0.318623
2823.321416 1.059614 0.349347 1.115717 0.318470
2824.321530 1.059767 0.349218 1.115822 0.318318
2825.321644 1.059920 0.349089 1.115927 0.318165
2826.321758 1.060072 0.348959 1.116031 0.318012
2827.321872 1.060225 0.348830 1.116136 0.317859
2828.321986 1.060378 0.348700 1.116241 0.317706
2829.322100 1.060531 0.348570 1.116345 0.317553
2830.322213 1.060684 0.348440 1.116450 0.317399
2831.322327 1.060836 0.348310 1.116554 0.317246
2832.322441 1.060989 0.348180 1.116659 0.317092
2833.322555 1.061142 0.348050 1.116763 0.316939
2834.322669 1.061294 0.347919 1.116868 0.316785
2835.322783 1.061447 0.347788 1.116972 0.316631
2836.322897 1.061599 0.347657 1.117076 0.316477
2837.323010 1.061752 0.347526 1.117180 0.316323
2838.323124 1.061904 0.347395 1.117284 0.316169
2839.323238 1.062057 0.347263 1.117388 0.316015
2840.323352 1.062209 0.347132 1.117492 0.315860
2841.323466 1.062362 0.347000 1.117596 0.315706
2842.323580 1.062514 0.346868 1.117700 0.315551
2843.323693 1.062666 0.346736 1.117804 0.315397
2844.323807 1.062818 0.346603 1.117907 0.315242
2845.323921 1.062971 0.346471 1.118011 0.315087
2846.324035 1.063123 0.346338 1.118115 0.314932
2847.324149 1.063275 0.346205 1.118218 0.314777
2848.324263 1.063427 0.346072 1.118322 0.314622
2849.324377 1.063579 0.345939 1.118425 0.314467
2850.324490 1.063731 0.345806 1.118529 0.314311
2851.324604 1.063883 0.345672 1.118632 0.314156
2852.324718 1.064035 0.345539 1.118735 0.314000
2853.324832 1.064187 0.345405 1.118838 0.313844
2854.324946 1.064339 0.345271 1.118942 0.313689
2855.325060 1.064491 0.345137 1.119045 0.313533
2856.325174 1.064643 0.345003 1.119148 0.313377
2857.325287 1.064795 0.344868 1.119251 0.313221
2858.325401 1.064947 0.344733 1.119354 0.313064
2859.325515 1.065098 0.344599 1.119456 0.312908
2860.325629 1.065250 0.344464 1.119559 0.312752
2861.325743 1.065402 0.344328 1.119662 0.312595
2862.325857 1.065553 0.344193 1.119765 0.312438
2863.325971 1.065705 0.344058 1.119867 0.312282
2864.326084 1.065857 0.343922 1.119970 0.312125
2865.326198 1.066008 0.343786 1.120072 0.311968
2866.326312 1.066160 0.343650 1.120175 0.311811
2867.326426 1.066311 0.343514 1.120277 0.311654
2868.326540 1.066462 0.343378 1.120380 0.311496
2869.326654 1.066614 0.343241 1.120482 0.311339
2870.326768 1.066765 0.343105 1.120584 0.311182
2871.326881 1.066916 0.342968 1.120686 0.311024
2872.326995 1.067068 0.342831 1.120788 0.310866
2873.327109 1.067219 0.342694 1.120890 0.310709
2874.327223 1.067370 0.342556 1.120992 0.310551
2875.327337 1.067521 0.342419 1.121094 0.310393
2876.327451 1.067672 0.342281 1.121196 0.310235
2877.327565 1.067823 0.342143 1.121298 0.310077
2878.327678 1.067974 0.342005 1.121400 0.309918
2879.327792 1.068125 0.341867 1.121501 0.309760
2880.327906 1.068276 0.341729 1.121603 0.309601
2881.328020 1.068427 0.341590 1.121704 0.309443
2882.328134 1.068578 0.341452 1.121806 0.309284
2883.328248 1.068729 0.341313 1.121907 0.309125
2884.328362 1.068880 0.341174 1.122009 0.308967
2885.328475 1.069031 0.341035 1.122110 0.308808
2886.328589 1.069181 0.340896 1.122211 0.308648
2887.328703 1.069332 0.340756 1.122313 0.308489
2888.328817 1.069483 0.340617 1.122414 0.308330
2889.328931 1.069633 0.340477 1.122515 0.308171
2890.329045 1.069784 0.340337 1.122616 0.308011
2891.329159 1.069934 0.340197 1.122717 0.307852
2892.329272 1.070085 0.340056 1.122818 0.307692
2893.329386 1.070235 0.339916 1.122919 0.307532
2894.329500 1.070386 0.339775 1.123019 0.307372
2895.329614 1.070536 0.339635 1.123120 0.307212
2896.329728 1.070686 0.339494 1.123221 0.307052
2897.329842 1.070837 0.339352 1.123322 0.306892
2898.329956 1.070987 0.339211 1.123422 0.306732
2899.330069 1.071137 0.339070 1.123523 0.306571
2900.330183 1.071287 0.338928 1.123623 0.306411
2901.330297 1.071437 0.338786 1.123723 0.306250
2902.330411 1.071588 0.338644 1.123824 0.306090
2903.330525 1.071738 0.338502 1.123924 0.305929
2904.330639 1.071888 0.338360 1.124024 0.305768
2905.330753 1.072038 0.338218 1.124124 0.305607
2906.330866 1.072187 0.338075 1.124224 0.305446
2907.330980 1.072337 0.337932 1.124325 0.305285
2908.331094 1.072487 0.337789 1.124424 0.305123
2909.331208 1.072637 0.337646 1.124524 0.304962
2910.331322 1.072787 0.337503 1.124624 0.304801
2911.331436 1.072936 0.337360 1.124724 0.304639
2912.331550 1.073086 0.337216 1.124824 0.304477
2913.331663 1.073236 0.337072 1.124923 0.304316
2914.331777 1.073385 0.336929 1.125023 0.304154
2915.331891 1.073535 0.336785 1.125123 0.303992
2916.332005 1.073684 0.336640 1.125222 0.303830
2917.332119 1.073834 0.336496 1.125322 0.303668
2918.332233 1.073983 0.336351 1.125421 0.303505
2919.332347 1.074133 0.336207 1.125520 0.303343
2920.332460 1.074282 0.336062 1.125619 0.303181
2921.332574 1.074431 0.335917 1.125719 0.303018
2922.332688 1.074580 0.335772 1.125818 0.302855
2923.332802 1.074730 0.335626 1.125917 0.302693
2924.332916 1.074879 0.335481 1.126016 0.302530
2925.333030 1.075028 0.335335 1.126115 0.302367
2926.333144 1.075177 0.335189 1.126214 0.302204
2927.333257 1.075326 0.335043 1.126313 0.302041
2928.333371 1.075475 0.334897 1.126411 0.301877
2929.333485 1.075624 0.334751 1.126510 0.301714
2930.333599 1.075773 0.334604 1.126609 0.301551
2931.333713 1.075922 0.334458 1.126707 0.301387
2932.333827 1.076071 0.334311 1.126806 0.301224
2933.333941 1.076219 0.334164 1.126904 0.301060
2934.334054 1.076368 0.334017 1.127003 0.300896
2935.334168 1.076517 0.333869 1.127101 0.300732
2936.334282 1.076665 0.333722 1.127199 0.300568
2937.334396 1.076814 0.333574 1.127298 0.300404
2938.334510 1.076962 0.333427 1.127396 0.300240
2939.334624 1.077111 0.333279 1.127494 0.300076
2940.334738 1.077259 0.333131 1.127592 0.299911
2941.334851 1.077408 0.332982 1.127690 0.299747
2942.334965 1.077556 0.332834 1.127788 0.299582
2943.335079 1.077705 0.332685 1.127886 0.299417
2944.335193 1.077853 0.332537 1.127984 0.299253
2945.335307 1.078001 0.332388 1.128081 0.299088
2946.335421 1.078149 0.332239 1.128179 0.298923
2947.335535 1.078297 0.332089 1.128277 0.298758
2948.335648 1.078445 0.331940 1.128374 0.298593
2949.335762 1.078594 0.331790 1.128472 0.298427
2950.335876 1.078742 0.331641 1.128569 0.298262
2951.335990 1.078889 0.331491 1.128667 0.298097
2952.336104 1.079037 0.331341 1.128764 0.297931
2953.336218 1.079185 0.331191 1.128861 0.297765
2954.336332 1.079333 0.331040 1.128959 0.297600
2955.336445 1.079481 0.330890 1.129056 0.297434
2956.336559 1.079629 0.330739 1.129153 0.297268
2957.336673 1.079776 0.330588 1.129250 0.297102
2958.336787 1.079924 0.330437 1.129347 0.296936
2959.336901 1.080071 0.330286 1.129444 0.296770
2960.337015 1.080219 0.330135 1.129541 0.296603
2961.337129 1.080366 0.329983 1.129637 0.296437
2962.337242 1.080514 0.329832 1.129734 0.296270
2963.337356 1.080661 0.329680 1.129831 0.296104
2964.337470 1.080809 0.329528 1.129927 0.295937
2965.337584 1.080956 0.329376 1.130024 0.295770
2966.337698 1.081103 0.329224 1.130120 0.295604
2967.337812 1.081250 0.329071 1.130217 0.295437
2968.337926 1.081398 0.328919 1.130313 0.295270
2969.338039 1.081545 0.328766 1.130410 0.295102
2970.338153 1.081692 0.328613 1.130506 0.294935
2971.338267 1.081839 0.328460 1.130602 0.294768
2972.338381 1.081986 0.328307 1.130698 0.294600
2973.338495 1.082133 0.328153 1.130794 0.294433
2974.338609 1.082279 0.328000 1.130890 0.294265
2975.338723 1.082426 0.327846 1.130986 0.294098
2976.338836 1.082573 0.327692 1.131082 0.293930
2977.338950 1.082720 0.327538 1.131178 0.293762
2978.339064 1.082866 0.327384 1.131274 0.293594
2979.339178 1.083013 0.327230 1.131369 0.293426
2980.339292 1.083160 0.327075 1.131465 0.293258
2981.339406 1.083306 0.326921 1.131561 0.293089
2982.339520 1.083453 0.326766 1.131656 0.292921
2983.339633 1.083599 0.326611 1.131752 0.292753
2984.339747 1.083745 0.326456 1.131847 0.292584
2985.339861 1.083892 0.326300 1.131942 0.292415
2986.339975 1.084038 0.326145 1.132038 0.292247
2987.340089 1.084184 0.325989 1.132133 0.292078
2988.340203 1.084330 0.325834 1.132228 0.291909
2989.340317 1.084477 0.325678 1.132323 0.291740
2990.340430 1.084623 0.325522 1.132418 0.291571
2991.340544 1.084769 0.325365 1.132513 0.291402
2992.340658 1.084915 0.325209 1.132608 0.291232
2993.340772 1.085061 0.325053 1.132703 0.291063
2994.340886 1.085206 0.324896 1.132798 0.290894
2995.341000 1.085352 0.324739 1.132892 0.290724
2996.341114 1.085498 0.324582 1.132987 0.290554
2997.341227 1.085644 0.324425 1.133082 0.290385
2998.341341 1.085789 0.324268 1.133176 0.290215
2999.341455 1.085935 0.324110 1.133271 0.290045
3000.341569 1.086081 0.323952 1.133365 0.289875
3001.341683 1.086226 0.323795 1.133459 0.289705
3002.341797 1.086372 0.323637 1.133554 0.289535
3003.341911 1.086517 0.323479 1.133648 0.289364
3004.342024 1.086662 0.323320 1.133742 0.289194
3005.342138 1.086808 0.323162 1.133836 0.289024
3006.342252 1.086953 0.323003 1.133930 0.288853
3007.342366 1.087098 0.322845 1.134024 0.288682
3008.342480 1.087243 0.322686 1.134118 0.288512
3009.342594 1.087388 0.322527 1.134212 0.288341
3010.342708 1.087533 0.322368 1.134306 0.288170
3011.342821 1.087678 0.322208 1.134400 0.287999
3012.342935 1.087823 0.322049 1.134493 0.287828
3013.343049 1.087968 0.321889 1.134587 0.287657
3014.343163 1.088113 0.321729 1.134680 0.287485
3015.343277 1.088258 0.321569 1.134774 0.287314
3016.343391 1.088403 0.321409 1.134867 0.287143
3017.343504 1.088547 0.321249 1.134961 0.286971
3018.343618 1.088692 0.321088 1.135054 0.286799
3019.343732 1.088836 0.320928 1.135147 0.286628
3020.343846 1.088981 0.320767 1.135241 0.286456
3021.343960 1.089125 0.320606 1.135334 0.286284
3022.344074 1.089270 0.320445 1.135427 0.286112
3023.344188 1.089414 0.320284 1.135520 0.285940
3024.344301 1.089559 0.320123 1.135613 0.285768
3025.344415 1.089703 0.319961 1.135706 0.285595
3026.344529 1.089847 0.319799 1.135798 0.285423
3027.344643 1.089991 0.319638 1.135891 0.285251
3028.344757 1.090135 0.319476 1.135984 0.285078
3029.344871 1.090279 0.319313 1.136077 0.284906
3030.344985 1.090423 0.319151 1.136169 0.284733
3031.345098 1.090567 0.318989 1.136262 0.284560
3032.345212 1.090711 0.318826 1.136354 0.284387
3033.345326 1.090855 0.318663 1.136446 0.284214
3034.345440 1.090999 0.318500 1.136539 0.284041
3035.345554 1.091142 0.318337 1.136631 0.283868
3036.345668 1.091286 0.318174 1.136723 0.283695
3037.345782 1.091430 0.318011 1.136815 0.283521
3038.345895 1.091573 0.317847 1.136907 0.283348
3039.346009 1.091717 0.317684 1.137000 0.283175
3040.346123 1.091860 0.317520 1.137091 0.283001
3041.346237 1.092003 0.317356 1.137183 0.282827
3042.346351 1.092147 0.317192 1.137275 0.282653
3043.346465 1.092290 0.317027 1.137367 0.282480
3044.346579 1.092433 0.316863 1.137459 0.282306
3045.346692 1.092576 0.316698 1.137550 0.282132
3046.346806 1.092719 0.316533 1.137642 0.281958
3047.346920 1.092862 0.316369 1.137733 0.281783
3048.347034 1.093005 0.316203 1.137825 0.281609
3049.347148 1.093148 0.316038 1.137916 0.281435
3050.347262 1.093291 0.315873 1.138008 0.281260
3051.347376 1.093434 0.315707 1.138099 0.281086
3052.347489 1.093577 0.315542 1.138190 0.280911
3053.347603 1.093720 0.315376 1.138281 0.280736
3054.347717 1.093862 0.315210 1.138372 0.280562
3055.347831 1.094005 0.315044 1.138463 0.280387
3056.347945 1.094147 0.314878 1.138554 0.280212
3057.348059 1.094290 0.314711 1.138645 0.280037
3058.348173 1.094432 0.314545 1.138736 0.279861
3059.348286 1.094575 0.314378 1.138827 0.279686
3060.348400 1.094717 0.314211 1.138918 0.279511
3061.348514 1.094859 0.314044 1.139008 0.279335
3062.348628 1.095001 0.313877 1.139099 0.279160
3063.348742 1.095143 0.313709 1.139189 0.278984
3064.348856 1.095285 0.313542 1.139280 0.278809
3065.348970 1.095427 0.313374 1.139370 0.278633
3066.349083 1.095569 0.313206 1.139461 0.278457
3067.349197 1.095711 0.313038 1.139551 0.278281
3068.349311 1.095853 0.312870 1.139641 0.278105
3069.349425 1.095995 0.312702 1.139731 0.277929
3070.349539 1.096137 0.312534 1.139821 0.277753
3071.349653 1.096278 0.312365 1.139911 0.277577
3072.349767 1.096420 0.312196 1.140001 0.277400
3073.349880 1.096561 0.312028 1.140091 0.277224
3074.349994 1.096703 0.311859 1.140181 0.277047
3075.350108 1.096844 0.311689 1.140271 0.276871
3076.350222 1.096986 0.311520 1.140361 0.276694
3077.350336 1.097127 0.311351 1.140450 0.276517
3078.350450 1.097268 0.311181 1.140540 0.276340
3079.350564 1.097409 0.311011 1.140629 0.276163
3080.350677 1.097551 0.310841 1.140719 0.275986
3081.350791 1.097692 0.310671 1.140808 0.275809
3082.350905 1.097833 0.310501 1.140898 0.275632
3083.351019 1.097974 0.310331 1.140987 0.275455
3084.351133 1.098114 0.310160 1.141076 0.275277
3085.351247 1.098255 0.309990 1.141165 0.275100
3086.351361 1.098396 0.309819 1.141254 0.274922
3087.351474 1.098537 0.309648 1.141343 0.274745
3088.351588 1.098677 0.309477 1.141432 0.274567
3089.351702 1.098818 0.309306 1.141521 0.274389
3090.351816 1.098959 0.309134 1.141610 0.274211
3091.351930 1.099099 0.308963 1.141699 0.274033
3092.352044 1.099239 0.308791 1.141788 0.273855
3093.352158 1.099380 0.308619 1.141876 0.273677
3094.352271 1.099520 0.308447 1.141965 0.273499
3095.352385 1.099660 0.308275 1.142053 0.273321
3096.352499 1.099800 0.308103 1.142142 0.273142
3097.352613 1.099941 0.307930 1.142230 0.272964
3098.352727 1.100081 0.307758 1.142319 0.272785
3099.352841 1.100221 0.307585 1.142407 0.272607
3100.352955 1.100360 0.307412 1.142495 0.272428
3101.353068 1.100500 0.307239 1.142583 0.272249
3102.353182 1.100640 0.307066 1.142671 0.272070
3103.353296 1.100780 0.306892 1.142759 0.271891
3104.353410 1.100920 0.306719 1.142847 0.271712
3105.353524 1.101059 0.306545 1.142935 0.271533
3106.353638 1.101199 0.306371 1.143023 0.271354
3107.353752 1.101338 0.306197 1.143111 0.271175
3108.353865 1.101478 0.306023 1.143199 0.270995
3109.353979 1.101617 0.305849 1.143286 0.270816
3110.354093 1.101756 0.305675 1.143374 0.270636
3111.354207 1.101895 0.305500 1.143461 0.270457
3112.354321 1.102035 0.305326 1.143549 0.270277
3113.354435 1.102174 0.305151 1.143636 0.270097
3114.354549 1.102313 0.304976 1.143724 0.269917
3115.354662 1.102452 0.304801 1.143811 0.269737
3116.354776 1.102591 0.304625 1.143898 0.269557
3117.354890 1.102730 0.304450 1.143985 0.269377
3118.355004 1.102868 0.304274 1.144072 0.269197
3119.355118 1.103007 0.304099 1.144159 0.269017
3120.355232 1.103146 0.303923 1.144246 0.268836
3121.355346 1.103284 0.303747 1.144333 0.268656
3122.355459 1.103423 0.303571 1.144420 0.268475
3123.355573 1.103561 0.303394 1.144507 0.268295
3124.355687 1.103700 0.303218 1.144593 0.268114
3125.355801 1.103838 0.303041 1.144680 0.267933
3126.355915 1.103976 0.302865 1.144767 0.267752
3127.356029 1.104115 0.302688 1.144853 0.267571
3128.356143 1.104253 0.302511 1.144940 0.267390
3129.356256 1.104391 0.302334 1.145026 0.267209
3130.356370 1.104529 0.302156 1.145112 0.267028
3131.356484 1.104667 0.301979 1.145199 0.266847
3132.356598 1.104805 0.301801 1.145285 0.266666
3133.356712 1.104942 0.301624 1.145371 0.266484
3134.356826 1.105080 0.301446 1.145457 0.266303
3135.356940 1.105218 0.301268 1.145543 0.266121
3136.357053 1.105356 0.301089 1.145629 0.265939
3137.357167 1.105493 0.300911 1.145715 0.265758
3138.357281 1.105631 0.300733 1.145801 0.265576
3139.357395 1.105768 0.300554 1.145886 0.265394
3140.357509 1.105905 0.300375 1.145972 0.265212
3141.357623 1.106043 0.300196 1.146058 0.265030
3142.357737 1.106180 0.300017 1.146143 0.264848
3143.357850 1.106317 0.299838 1.146229 0.264666
3144.357964 1.106454 0.299659 1.146314 0.264483
3145.358078 1.106591 0.299479 1.146400 0.264301
3146.358192 1.106728 0.299300 1.146485 0.264118
3147.358306 1.106865 0.299120 1.146570 0.263936
3148.358420 1.107002 0.298940 1.146655 0.263753
3149.358534 1.107139 0.298760 1.146740 0.263571
3150.358647 1.107275 0.298580 1.146825 0.263388
3151.358761 1.107412 0.298399 1.146910 0.263205
3152.358875 1.107549 0.298219 1.146995 0.263022
3153.358989 1.107685 0.298038 1.147080 0.262839
3154.359103 1.107822 0.297857 1.147165 0.262656
3155.359217 1.107958 0.297676 1.147250 0.262473
3156.359331 1.108094 0.297495 1.147334 0.262290
3157.359444 1.108231 0.297314 1.147419 0.262106
3158.359558 1.108367 0.297133 1.147504 0.261923
3159.359672 1.108503 0.296951 1.147588 0.261739
3160.359786 1.108639 0.296769 1.147673 0.261556
3161.359900 1.108775 0.296588 1.147757 0.261372
3162.360014 1.108911 0.296406 1.147841 0.261188
3163.360128 1.109047 0.296224 1.147925 0.261005
3164.360241 1.109182 0.296041 1.148010 0.260821
3165.360355 1.109318 0.295859 1.148094 0.260637
3166.360469 1.109454 0.295677 1.148178 0.260453
3167.360583 1.109589 0.295494 1.148262 0.260269
3168.360697 1.109725 0.295311 1.148346 0.260084
3169.360811 1.109860 0.295128 1.148429 0.259900
3170.360925 1.109995 0.294945 1.148513 0.259716
3171.361038 1.110131 0.294762 1.148597 0.259531
3172.361152 1.110266 0.294578 1.148681 0.259347
3173.361266 1.110401 0.294395 1.148764 0.259162
3174.361380 1.110536 0.294211 1.148848 0.258978
3175.361494 1.110671 0.294027 1.148931 0.258793
3176.361608 1.110806 0.293844 1.149014 0.258608
3177.361722 1.110941 0.293659 1.149098 0.258423
3178.361835 1.111076 0.293475 1.149181 0.258238
3179.361949 1.111211 0.293291 1.149264 0.258053
3180.362063 1.111345 0.293106 1.149347 0.257868
3181.362177 1.111480 0.292922 1.149430 0.257683
3182.362291 1.111614 0.292737 1.149513 0.257498
3183.362405 1.111749 0.292552 1.149596 0.257312
3184.362519 1.111883 0.292367 1.149679 0.257127
3185.362632 1.112017 0.292182 1.149762 0.256941
3186.362746 1.112152 0.291996 1.149845 0.256756
3187.362860 1.112286 0.291811 1.149928 0.256570
3188.362974 1.112420 0.291625 1.150010 0.256385
3189.363088 1.112554 0.291439 1.150093 0.256199
3190.363202 1.112688 0.291254 1.150175 0.256013
3191.363315 1.112822 0.291067 1.150258 0.255827
3192.363429 1.112956 0.290881 1.150340 0.255641
3193.363543 1.113089 0.290695 1.150422 0.255455
3194.363657 1.113223 0.290508 1.150505 0.255269
3195.363771 1.113357 0.290322 1.150587 0.255082
3196.363885 1.113490 0.290135 1.150669 0.254896
3197.363999 1.113624 0.289948 1.150751 0.254710
3198.364112 1.113757 0.289761 1.150833 0.254523
3199.364226 1.113890 0.289574 1.150915 0.254336
3200.364340 1.114024 0.289387 1.150997 0.254150
3201.364454 1.114157 0.289199 1.151078 0.253963
3202.364568 1.114290 0.289012 1.151160 0.253776
3203.364682 1.114423 0.288824 1.151242 0.253589
3204.364796 1.114556 0.288636 1.151323 0.253403
3205.364909 1.114689 0.288448 1.151405 0.253216
3206.365023 1.114822 0.288260 1.151486 0.253028
3207.365137 1.114954 0.288071 1.151568 0.252841
3208.365251 1.115087 0.287883 1.151649 0.252654
3209.365365 1.115220 0.287694 1.151730 0.252467
3210.365479 1.115352 0.287506 1.151812 0.252279
3211.365593 1.115485 0.287317 1.151893 0.252092
3212.365706 1.115617 0.287128 1.151974 0.251904
3213.365820 1.115749 0.286939 1.152055 0.251717
3214.365934 1.115882 0.286749 1.152136 0.251529
3215.366048 1.116014 0.286560 1.152217 0.251341
3216.366162 1.116146 0.286371 1.152298 0.251153
3217.366276 1.116278 0.286181 1.152378 0.250965
3218.366390 1.116410 0.285991 1.152459 0.250778
3219.366503 1.116542 0.285801 1.152540 0.250589
3220.366617 1.116673 0.285611 1.152620 0.250401
3221.366731 1.116805 0.285421 1.152701 0.250213
3222.366845 1.116937 0.285230 1.152781 0.250025
3223.366959 1.117068 0.285040 1.152861 0.249836
3224.367073 1.117200 0.284849 1.152942 0.249648
3225.367187 1.117331 0.284658 1.153022 0.249460
3226.367300 1.117463 0.284467 1.153102 0.249271
3227.367414 1.117594 0.284276 1.153182 0.249082
3228.367528 1.117725 0.284085 1.153262 0.248894
3229.367642 1.117856 0.283894 1.153342 0.248705
3230.367756 1.117987 0.283702 1.153422 0.248516
3231.367870 1.118118 0.283511 1.153502 0.248327
3232.367984 1.118249 0.283319 1.153582 0.248138
3233.368097 1.118380 0.283127 1.153662 0.247949
3234.368211 1.118511 0.282935 1.153741 0.247760
3235.368325 1.118642 0.282743 1.153821 0.247570
3236.368439 1.118772 0.282551 1.153900 0.247381
3237.368553 1.118903 0.282358 1.153980 0.247192
3238.368667 1.119033 0.282166 1.154059 0.247002
3239.368781 1.119164 0.281973 1.154139 0.246813
3240.368894 1.119294 0.281780 1.154218 0.246623
3241.369008 1.119424 0.281587 1.154297 0.246434
3242.369122 1.119554 0.281394 1.154376 0.246244
3243.369236 1.119684 0.281201 1.154455 0.246054
3244.369350 1.119814 0.281007 1.154534 0.245864
3245.369464 1.119944 0.280814 1.154613 0.245674
3246.369578 1.120074 0.280620 1.154692 0.245484
3247.369691 1.120204 0.280426 1.154771 0.245294
3248.369805 1.120334 0.280232 1.154850 0.245104
3249.369919 1.120463 0.280038 1.154928 0.244914
3250.370033 1.120593 0.279844 1.155007 0.244723
3251.370147 1.120722 0.279650 1.155085 0.244533
3252.370261 1.120852 0.279455 1.155164 0.244342
3253.370375 1.120981 0.279261 1.155242 0.244152
3254.370488 1.121110 0.279066 1.155321 0.243961
3255.370602 1.121239 0.278871 1.155399 0.243771
3256.370716 1.121368 0.278676 1.155477 0.243580
3257.370830 1.121498 0.278481 1.155555 0.243389
3258.370944 1.121626 0.278286 1.155634 0.243198
3259.371058 1.121755 0.278090 1.155712 0.243007
3260.371172 1.121884 0.277895 1.155790 0.242816
3261.371285 1.122013 0.277699 1.155867 0.242625
3262.371399 1.122141 0.277503 1.155945 0.242434
3263.371513 1.122270 0.277307 1.156023 0.242243
3264.371627 1.122398 0.277111 1.156101 0.242051
3265.371741 1.122527 0.276915 1.156178 0.241860
3266.371855 1.122655 0.276719 1.156256 0.241669
3267.371969 1.122783 0.276522 1.156333 0.241477
3268.372082 1.122912 0.276326 1.156411 0.241285
3269.372196 1.123040 0.276129 1.156488 0.241094
3270.372310 1.123168 0.275932 1.156566 0.240902
3271.372424 1.123296 0.275735 1.156643 0.240710
3272.372538 1.123423 0.275538 1.156720 0.240518
3273.372652 1.123551 0.275340 1.156797 0.240326
3274.372766 1.123679 0.275143 1.156874 0.240134
3275.372879 1.123806 0.274945 1.156951 0.239942
3276.372993 1.123934 0.274748 1.157028 0.239750
3277.373107 1.124061 0.274550 1.157105 0.239558
3278.373221 1.124189 0.274352 1.157182 0.239366
3279.373335 1.124316 0.274154 1.157258 0.239173
3280.373449 1.124443 0.273956 1.157335 0.238981
3281.373563 1.124571 0.273757 1.157412 0.238788
3282.373676 1.124698 0.273559 1.157488 0.238596
3283.373790 1.124825 0.273360 1.157565 0.238403
3284.373904 1.124951 0.273162 1.157641 0.238210
3285.374018 1.125078 0.272963 1.157717 0.238018
3286.374132 1.125205 0.272764 1.157794 0.237825
3287.374246 1.125332 0.272565 1.157870 0.237632
3288.374360 1.125458 0.272365 1.157946 0.237439
3289.374473 1.125585 0.272166 1.158022 0.237246
3290.374587 1.125711 0.271966 1.158098 0.237053
3291.374701 1.125838 0.271767 1.158174 0.236859
3292.374815 1.125964 0.271567 1.158250 0.236666
3293.374929 1.126090 0.271367 1.158326 0.236473
3294.375043 1.126216 0.271167 1.158402 0.236279
3295.375157 1.126342 0.270967 1.158477 0.236086
3296.375270 1.126468 0.270766 1.158553 0.235892
3297.375384 1.126594 0.270566 1.158628 0.235699
3298.375498 1.126720 0.270365 1.158704 0.235505
3299.375612 1.126845 0.270165 1.158779 0.235311
3300.375726 1.126971 0.269964 1.158855 0.235118
3301.375840 1.127096 0.269763 1.158930 0.234924
3302.375954 1.127222 0.269562 1.159005 0.234730
3303.376067 1.127347 0.269360 1.159080 0.234536
3304.376181 1.127473 0.269159 1.159155 0.234342
3305.376295 1.127598 0.268958 1.159230 0.234148
3306.376409 1.127723 0.268756 1.159305 0.233953
3307.376523 1.127848 0.268554 1.159380 0.233759
3308.376637 1.127973 0.268352 1.159455 0.233565
3309.376751 1.128098 0.268150 1.159530 0.233370
3310.376864 1.128223 0.267948 1.159604 0.233176
3311.376978 1.128347 0.267746 1.159679 0.232981
3312.377092 1.128472 0.267543 1.159754 0.232787
3313.377206 1.128597 0.267341 1.159828 0.232592
3314.377320 1.128721 0.267138 1.159903 0.232397
3315.377434 1.128845 0.266935 1.159977 0.232202
3316.377548 1.128970 0.266733 1.160051 0.232007
3317.377661 1.129094 0.266529 1.160125 0.231813
3318.377775 1.129218 0.266326 1.160200 0.231618
3319.377889 1.129342 0.266123 1.160274 0.231422
3320.378003 1.129466 0.265920 1.160348 0.231227
3321.378117 1.129590 0.265716 1.160422 0.231032
3322.378231 1.129714 0.265512 1.160496 0.230837
3323.378345 1.129838 0.265308 1.160569 0.230641
3324.378458 1.129961 0.265105 1.160643 0.230446
3325.378572 1.130085 0.264900 1.160717 0.230250
3326.378686 1.130208 0.264696 1.160791 0.230055
3327.378800 1.130332 0.264492 1.160864 0.229859
3328.378914 1.130455 0.264287 1.160938 0.229664
3329.379028 1.130578 0.264083 1.161011 0.229468
3330.379142 1.130701 0.263878 1.161084 0.229272
3331.379255 1.130824 0.263673 1.161158 0.229076
3332.379369 1.130947 0.263468 1.161231 0.228880
3333.379483 1.131070 0.263263 1.161304 0.228684
3334.379597 1.131193 0.263058 1.161377 0.228488
3335.379711 1.131316 0.262853 1.161450 0.228292
3336.379825 1.131438 0.262647 1.161523 0.228096
3337.379939 1.131561 0.262442 1.161596 0.227899
3338.380052 1.131683 0.262236 1.161669 0.227703
3339.380166 1.131806 0.262030 1.161742 0.227507
3340.380280 1.131928 0.261824 1.161815 0.227310
3341.380394 1.132050 0.261618 1.161887 0.227114
3342.380508 1.132173 0.261412 1.161960 0.226917
3343.380622 1.132295 0.261205 1.162032 0.226720
3344.380736 1.132417 0.260999 1.162105 0.226524
3345.380849 1.132538 0.260792 1.162177 0.226327
3346.380963 1.132660 0.260585 1.162249 0.226130
3347.381077 1.132782 0.260379 1.162322 0.225933
3348.381191 1.132904 0.260172 1.162394 0.225736
3349.381305 1.133025 0.259964 1.162466 0.225539
3350.381419 1.133147 0.259757 1.162538 0.225342
3351.381533 1.133268 0.259550 1.162610 0.225145
3352.381646 1.133389 0.259342 1.162682 0.224948
3353.381760 1.133510 0.259135 1.162754 0.224750
3354.381874 1.133631 0.258927 1.162826 0.224553
3355.381988 1.133752 0.258719 1.162897 0.224355
3356.382102 1.133873 0.258511 1.162969 0.224158
3357.382216 1.133994 0.258303 1.163041 0.223960
3358.382330 1.134115 0.258095 1.163112 0.223763
3359.382443 1.134236 0.257886 1.163184 0.223565
3360.382557 1.134356 0.257678 1.163255 0.223367
3361.382671 1.134477 0.257469 1.163326 0.223169
3362.382785 1.134597 0.257260 1.163398 0.222972
3363.382899 1.134718 0.257052 1.163469 0.222774
3364.383013 1.134838 0.256843 1.163540 0.222576
3365.383126 1.134958 0.256633 1.163611 0.222377
3366.383240 1.135078 0.256424 1.163682 0.222179
3367.383354 1.135198 0.256215 1.163753 0.221981
3368.383468 1.135318 0.256005 1.163824 0.221783
3369.383582 1.135438 0.255796 1.163894 0.221585
3370.383696 1.135557 0.255586 1.163965 0.221386
3371.383810 1.135677 0.255376 1.164036 0.221188
3372.383923 1.135797 0.255166 1.164106 0.220989
3373.384037 1.135916 0.254956 1.164177 0.220791
3374.384151 1.136035 0.254746 1.164247 0.220592
3375.384265 1.136155 0.254535 1.164318 0.220393
3376.384379 1.136274 0.254325 1.164388 0.220194
3377.384493 1.136393 0.254114 1.164458 0.219996
3378.384607 1.136512 0.253904 1.164529 0.219797
3379.384720 1.136631 0.253693 1.164599 0.219598
3380.384834 1.136750 0.253482 1.164669 0.219399
3381.384948 1.136869 0.253271 1.164739 0.219200
3382.385062 1.136987 0.253059 1.164809 0.219000
3383.385176 1.137106 0.252848 1.164879 0.218801
3384.385290 1.137224 0.252637 1.164948 0.218602
3385.385404 1.137343 0.252425 1.165018 0.218403
3386.385517 1.137461 0.252213 1.165088 0.218203
3387.385631 1.137579 0.252002 1.165157 0.218004
3388.385745 1.137698 0.251790 1.165227 0.217804
3389.385859 1.137816 0.251578 1.165296 0.217605
3390.385973 1.137934 0.251365 1.165366 0.217405
3391.386087 1.138051 0.251153 1.165435 0.217205
3392.386201 1.138169 0.250941 1.165504 0.217006
3393.386314 1.138287 0.250728 1.165573 0.216806
3394.386428 1.138404 0.250515 1.165643 0.216606
3395.386542 1.138522 0.250303 1.165712 0.216406
3396.386656 1.138639 0.250090 1.165781 0.216206
3397.386770 1.138757 0.249877 1.165850 0.216006
3398.386884 1.138874 0.249663 1.165918 0.215806
3399.386998 1.138991 0.249450 1.165987 0.215606
3400.387111 1.139108 0.249237 1.166056 0.215405
3401.387225 1.139225 0.249023 1.166125 0.215205
3402.387339 1.139342 0.248810 1.166193 0.215005
3403.387453 1.139459 0.248596 1.166262 0.214804
3404.387567 1.139576 0.248382 1.166330 0.214604
3405.387681 1.139692 0.248168 1.166399 0.214403
3406.387795 1.139809 0.247954 1.166467 0.214203
3407.387908 1.139925 0.247740 1.166535 0.214002
3408.388022 1.140042 0.247525 1.166603 0.213801
3409.388136 1.140158 0.247311 1.166671 0.213600
3410.388250 1.140274 0.247096 1.166740 0.213399
3411.388364 1.140390 0.246881 1.166808 0.213199
3412.388478 1.140506 0.246667 1.166875 0.212998
3413.388592 1.140622 0.246452 1.166943 0.212796
3414.388705 1.140738 0.246236 1.167011 0.212595
3415.388819 1.140853 0.246021 1.167079 0.212394
3416.388933 1.140969 0.245806 1.167146 0.212193
3417.389047 1.141085 0.245591 1.167214 0.211992
3418.389161 1.141200 0.245375 1.167282 0.211790
3419.389275 1.141315 0.245159 1.167349 0.211589
3420.389389 1.141431 0.244944 1.167416 0.211388
3421.389502 1.141546 0.244728 1.167484 0.211186
3422.389616 1.141661 0.244512 1.167551 0.210984
3423.389730 1.141776 0.244295 1.167618 0.210783
3424.389844 1.141891 0.244079 1.167685 0.210581
3425.389958 1.142005 0.243863 1.167752 0.210379
3426.390072 1.142120 0.243646 1.167819 0.210178
3427.390186 1.142235 0.243430 1.167886 0.209976
3428.390299 1.142349 0.243213 1.167953 0.209774
3429.390413 1.142464 0.242996 1.168020 0.209572
3430.390527 1.142578 0.242779 1.168087 0.209370
3431.390641 1.142692 0.242562 1.168153 0.209168
3432.390755 1.142806 0.242345 1.168220 0.208965
3433.390869 1.142921 0.242127 1.168286 0.208763
3434.390983 1.143034 0.241910 1.168353 0.208561
3435.391096 1.143148 0.241692 1.168419 0.208359
3436.391210 1.143262 0.241475 1.168486 0.208156
3437.391324 1.143376 0.241257 1.168552 0.207954
3438.391438 1.143489 0.241039 1.168618 0.207751
3439.391552 1.143603 0.240821 1.168684 0.207549
3440.391666 1.143716 0.240603 1.168750 0.207346
3441.391780 1.143830 0.240385 1.168816 0.207143
3442.391893 1.143943 0.240166 1.168882 0.206941
3443.392007 1.144056 0.239948 1.168948 0.206738
3444.392121 1.144169 0.239729 1.169014 0.206535
3445.392235 1.144282 0.239510 1.169079 0.206332
3446.392349 1.144395 0.239292 1.169145 0.206129
3447.392463 1.144508 0.239073 1.169211 0.205926
3448.392577 1.144620 0.238854 1.169276 0.205723
3449.392690 1.144733 0.238634 1.169341 0.205520
3450.392804 1.144845 0.238415 1.169407 0.205316
3451.392918 1.144958 0.238196 1.169472 0.205113
3452.393032 1.145070 0.237976 1.169537 0.204910
3453.393146 1.145182 0.237757 1.169603 0.204706
3454.393260 1.145294 0.237537 1.169668 0.204503
3455.393374 1.145406 0.237317 1.169733 0.204300
3456.393487 1.145518 0.237097 1.169798 0.204096
3457.393601 1.145630 0.236877 1.169863 0.203892
3458.393715 1.145742 0.236657 1.169927 0.203689
3459.393829 1.145853 0.236436 1.169992 0.203485
3460.393943 1.145965 0.236216 1.170057 0.203281
3461.394057 1.146076 0.235995 1.170122 0.203077
3462.394171 1.146188 0.235775 1.170186 0.202873
3463.394284 1.146299 0.235554 1.170251 0.202669
3464.394398 1.146410 0.235333 1.170315 0.202465
3465.394512 1.146521 0.235112 1.170379 0.202261
3466.394626 1.146632 0.234891 1.170444 0.202057
3467.394740 1.146743 0.234669 1.170508 0.201853
3468.394854 1.146854 0.234448 1.170572 0.201649
3469.394968 1.146964 0.234227 1.170636 0.201445
3470.395081 1.147075 0.234005 1.170700 0.201240
3471.395195 1.147185 0.233783 1.170764 0.201036
3472.395309 1.147296 0.233562 1.170828 0.200831
3473.395423 1.147406 0.233340 1.170892 0.200627
3474.395537 1.147516 0.233118 1.170956 0.200422
3475.395651 1.147626 0.232895 1.171019 0.200218
3476.395765 1.147736 0.232673 1.171083 0.200013
3477.395878 1.147846 0.232451 1.171146 0.199808
3478.395992 1.147956 0.232228 1.171210 0.199603
3479.396106 1.148066 0.232006 1.171273 0.199399
3480.396220 1.148175 0.231783 1.171337 0.199194
3481.396334 1.148285 0.231560 1.171400 0.198989
3482.396448 1.148394 0.231337 1.171463 0.198784
3483.396562 1.148503 0.231114 1.171526 0.198579
3484.396675 1.148613 0.230891 1.171589 0.198373
3485.396789 1.148722 0.230668 1.171652 0.198168
3486.396903 1.148831 0.230444 1.171715 0.197963
3487.397017 1.148940 0.230221 1.171778 0.197758
3488.397131 1.149049 0.229997 1.171841 0.197552
3489.397245 1.149157 0.229773 1.171904 0.197347
3490.397359 1.149266 0.229550 1.171966 0.197142
3491.397472 1.149375 0.229326 1.172029 0.196936
3492.397586 1.149483 0.229102 1.172092 0.196731
3493.397700 1.149591 0.228878 1.172154 0.196525
3494.397814 1.149700 0.228653 1.172217 0.196319
3495.397928 1.149808 0.228429 1.172279 0.196113
3496.398042 1.149916 0.228204 1.172341 0.195908
3497.398156 1.150024 0.227980 1.172403 0.195702
3498.398269 1.150132 0.227755 1.172465 0.195496
3499.398383 1.150239 0.227530 1.172527 0.195290
3500.398497 1.150347 0.227305 1.172589 0.195084
3501.398611 1.150455 0.227080 1.172651 0.194878
3502.398725 1.150562 0.226855 1.172713 0.194672
3503.398839 1.150670 0.226630 1.172775 0.194466
3504.398953 1.150777 0.226404 1.172837 0.194260
3505.399066 1.150884 0.226179 1.172898 0.194053
3506.399180 1.150991 0.225953 1.172960 0.193847
3507.399294 1.151098 0.225728 1.173022 0.193641
3508.399408 1.151205 0.225502 1.173083 0.193434
3509.399522 1.151312 0.225276 1.173144 0.193228
3510.399636 1.151418 0.225050 1.173206 0.193021
3511.399750 1.151525 0.224824 1.173267 0.192814
3512.399863 1.151631 0.224598 1.173328 0.192608
3513.399977 1.151738 0.224371 1.173389 0.192401
3514.400091 1.151844 0.224145 1.173450 0.192194
3515.400205 1.151950 0.223918 1.173511 0.191988
3516.400319 1.152056 0.223691 1.173572 0.191781
3517.400433 1.152162 0.223465 1.173633 0.191574
3518.400547 1.152268 0.223238 1.173694 0.191367
3519.400660 1.152374 0.223011 1.173755 0.191160
3520.400774 1.152480 0.222784 1.173815 0.190953
3521.400888 1.152585 0.222556 1.173876 0.190746
3522.401002 1.152691 0.222329 1.173936 0.190539
3523.401116 1.152796 0.222102 1.173997 0.190331
3524.401230 1.152901 0.221874 1.174057 0.190124
3525.401344 1.153007 0.221646 1.174117 0.189917
3526.401457 1.153112 0.221419 1.174178 0.189709
3527.401571 1.153217 0.221191 1.174238 0.189502
3528.401685 1.153322 0.220963 1.174298 0.189294
3529.401799 1.153426 0.220735 1.174358 0.189087
3530.401913 1.153531 0.220507 1.174418 0.188879
3531.402027 1.153636 0.220278 1.174478 0.188672
3532.402140 1.153740 0.220050 1.174538 0.188464
3533.402254 1.153845 0.219821 1.174597 0.188256
3534.402368 1.153949 0.219593 1.174657 0.188048
3535.402482 1.154053 0.219364 1.174717 0.187841
3536.402596 1.154157 0.219135 1.174776 0.187633
3537.402710 1.154261 0.218906 1.174836 0.187425
3538.402824 1.154365 0.218677 1.174895 0.187217
3539.402937 1.154469 0.218448 1.174954 0.187009
3540.403051 1.154573 0.218219 1.175014 0.186801
3541.403165 1.154676 0.217990 1.175073 0.186592
3542.403279 1.154780 0.217760 1.175132 0.186384
3543.403393 1.154883 0.217530 1.175191 0.186176
3544.403507 1.154986 0.217301 1.175250 0.185968
3545.403621 1.155089 0.217071 1.175309 0.185759
3546.403734 1.155192 0.216841 1.175368 0.185551
3547.403848 1.155295 0.216611 1.175427 0.185342
3548.403962 1.155398 0.216381 1.175485 0.185134
3549.404076 1.155501 0.216151 1.175544 0.184925
3550.404190 1.155604 0.215921 1.175603 0.184717
3551.404304 1.155706 0.215690 1.175661 0.184508
3552.404418 1.155809 0.215460 1.175720 0.184299
3553.404531 1.155911 0.215229 1.175778 0.184090
3554.404645 1.156013 0.214998 1.175836 0.183882
3555.404759 1.156116 0.214768 1.175895 0.183673
3556.404873 1.156218 0.214537 1.175953 0.183464
3557.404987 1.156320 0.214306 1.176011 0.183255
3558.405101 1.156421 0.214074 1.176069 0.183046
3559.405215 1.156523 0.213843 1.176127 0.182837
3560.405328 1.156625 0.213612 1.176185 0.182628
3561.405442 1.156726 0.213380 1.176243 0.182419
3562.405556 1.156828 0.213149 1.176301 0.182209
3563.405670 1.156929 0.212917 1.176358 0.182000
3564.405784 1.157030 0.212685 1.176416 0.181791
3565.405898 1.157131 0.212454 1.176473 0.181581
3566.406012 1.157233 0.212222 1.176531 0.181372
3567.406125 1.157333 0.211990 1.176588 0.181162
3568.406239 1.157434 0.211757 1.176646 0.180953
3569.406353 1.157535 0.211525 1.176703 0.180743
3570.406467 1.157636 0.211293 1.176760 0.180534
3571.406581 1.157736 0.211060 1.176817 0.180324
3572.406695 1.157837 0.210828 1.176875 0.180114
3573.406809 1.157937 0.210595 1.176932 0.179905
3574.406922 1.158037 0.210362 1.176989 0.179695
3575.407036 1.158137 0.210129 1.177045 0.179485
3576.407150 1.158237 0.209896 1.177102 0.179275
3577.407264 1.158337 0.209663 1.177159 0.179065
3578.407378 1.158437 0.209430 1.177216 0.178855
3579.407492 1.158536 0.209197 1.177272 0.178645
3580.407606 1.158636 0.208964 1.177329 0.178435
3581.407719 1.158736 0.208730 1.177385 0.178225
3582.407833 1.158835 0.208496 1.177442 0.178015
3583.407947 1.158934 0.208263 1.177498 0.177804
3584.408061 1.159033 0.208029 1.177554 0.177594
3585.408175 1.159132 0.207795 1.177611 0.177384
3586.408289 1.159231 0.207561 1.177667 0.177173
3587.408403 1.159330 0.207327 1.177723 0.176963
3588.408516 1.159429 0.207093 1.177779 0.176752
3589.408630 1.159528 0.206859 1.177835 0.176542
3590.408744 1.159626 0.206624 1.177891 0.176331
3591.408858 1.159725 0.206390 1.177946 0.176121
3592.408972 1.159823 0.206155 1.178002 0.175910
3593.409086 1.159921 0.205920 1.178058 0.175699
3594.409200 1.160019 0.205686 1.178113 0.175488
3595.409313 1.160117 0.205451 1.178169 0.175277
3596.409427 1.160215 0.205216 1.178224 0.175067
3597.409541 1.160313 0.204981 1.178280 0.174856
3598.409655 1.160411 0.204745 1.178335 0.174645
3599.409769 1.160508 0.204510 1.178390 0.174434
3600.409883 1.160606 0.204275 1.178445 0.174223
3601.409997 1.160703 0.204039 1.178501 0.174012
3602.410110 1.160800 0.203804 1.178556 0.173800
3603.410224 1.160897 0.203568 1.178611 0.173589
3604.410338 1.160994 0.203332 1.178665 0.173378
3605.410452 1.161091 0.203096 1.178720 0.173167
3606.410566 1.161188 0.202860 1.178775 0.172955
3607.410680 1.161285 0.202624 1.178830 0.172744
3608.410794 1.161382 0.202388 1.178884 0.172532
3609.410907 1.161478 0.202152 1.178939 0.172321
3610.411021 1.161575 0.201915 1.178993 0.172109
3611.411135 1.161671 0.201679 1.179048 0.171898
3612.411249 1.161767 0.201442 1.179102 0.171686
3613.411363 1.161863 0.201206 1.179156 0.171474
3614.411477 1.161959 0.200969 1.179211 0.171263
3615.411591 1.162055 0.200732 1.179265 0.171051
3616.411704 1.162151 0.200495 1.179319 0.170839
3617.411818 1.162247 0.200258 1.179373 0.170627
3618.411932 1.162342 0.200021 1.179427 0.170415
3619.412046 1.162438 0.199784 1.179481 0.170203
3620.412160 1.162533 0.199546 1.179535 0.169991
3621.412274 1.162628 0.199309 1.179588 0.169779
3622.412388 1.162723 0.199071 1.179642 0.169567
3623.412501 1.162818 0.198834 1.179696 0.169355
3624.412615 1.162913 0.198596 1.179749 0.169143
3625.412729 1.163008 0.198358 1.179803 0.168931
3626.412843 1.163103 0.198120 1.179856 0.168718
3627.412957 1.163197 0.197882 1.179909 0.168506
3628.413071 1.163292 0.197644 1.179962 0.168294
3629.413185 1.163386 0.197406 1.180016 0.168081
3630.413298 1.163481 0.197168 1.180069 0.167869
3631.413412 1.163575 0.196929 1.180122 0.167656
3632.413526 1.163669 0.196691 1.180175 0.167444
3633.413640 1.163763 0.196452 1.180228 0.167231
3634.413754 1.163857 0.196214 1.180281 0.167019
3635.413868 1.163950 0.195975 1.180333 0.166806
3636.413982 1.164044 0.195736 1.180386 0.166593
3637.414095 1.164138 0.195497 1.180439 0.166380
3638.414209 1.164231 0.195258 1.180491 0.166168
3639.414323 1.164324 0.195019 1.180544 0.165955
3640.414437 1.164418 0.194779 1.180596 0.165742
3641.414551 1.164511 0.194540 1.180648 0.165529
3642.414665 1.164604 0.194301 1.180701 0.165316
3643.414779 1.164696 0.194061 1.180753 0.165103
3644.414892 1.164789 0.193822 1.180805 0.164890
3645.415006 1.164882 0.193582 1.180857 0.164677
3646.415120 1.164974 0.193342 1.180909 0.164463
3647.415234 1.165067 0.193102 1.180961 0.164250
3648.415348 1.165159 0.192862 1.181013 0.164037
3649.415462 1.165251 0.192622 1.181065 0.163824
3650.415576 1.165344 0.192382 1.181117 0.163610
3651.415689 1.165436 0.192141 1.181168 0.163397
3652.415803 1.165527 0.191901 1.181220 0.163183
3653.415917 1.165619 0.191661 1.181271 0.162970
3654.416031 1.165711 0.191420 1.181323 0.162756
3655.416145 1.165803 0.191179 1.181374 0.162543
3656.416259 1.165894 0.190939 1.181426 0.162329
3657.416373 1.165985 0.190698 1.181477 0.162116
3658.416486 1.166077 0.190457 1.181528 0.161902
3659.416600 1.166168 0.190216 1.181579 0.161688
3660.416714 1.166259 0.189975 1.181630 0.161474
3661.416828 1.166350 0.189734 1.181681 0.161260
3662.416942 1.166440 0.189492 1.181732 0.161047
3663.417056 1.166531 0.189251 1.181783 0.160833
3664.417170 1.166622 0.189009 1.181834 0.160619
3665.417283 1.166712 0.188768 1.181884 0.160405
3666.417397 1.166803 0.188526 1.181935 0.160191
3667.417511 1.166893 0.188284 1.181986 0.159977
3668.417625 1.166983 0.188043 1.182036 0.159762
3669.417739 1.167073 0.187801 1.182086 0.159548
3670.417853 1.167163 0.187559 1.182137 0.159334
3671.417967 1.167253 0.187316 1.182187 0.159120
3672.418080 1.167342 0.187074 1.182237 0.158905
3673.418194 1.167432 0.186832 1.182287 0.158691
3674.418308 1.167522 0.186590 1.182338 0.158477
3675.418422 1.167611 0.186347 1.182388 0.158262
3676.418536 1.167700 0.186104 1.182438 0.158048
3677.418650 1.167789 0.185862 1.182487 0.157833
3678.418764 1.167878 0.185619 1.182537 0.157619
3679.418877 1.167967 0.185376 1.182587 0.157404
3680.418991 1.168056 0.185133 1.182637 0.157189
3681.419105 1.168145 0.184890 1.182686 0.156975
3682.419219 1.168233 0.184647 1.182736 0.156760
3683.419333 1.168322 0.184404 1.182785 0.156545
3684.419447 1.168410 0.184161 1.182835 0.156330
3685.419561 1.168498 0.183917 1.182884 0.156115
3686.419674 1.168587 0.183674 1.182933 0.155901
3687.419788 1.168675 0.183430 1.182982 0.155686
3688.419902 1.168763 0.183187 1.183031 0.155471
3689.420016 1.168850 0.182943 1.183080 0.155256
3690.420130 1.168938 0.182699 1.183129 0.155041
3691.420244 1.169026 0.182455 1.183178 0.154825
3692.420358 1.169113 0.182211 1.183227 0.154610
3693.420471 1.169201 0.181967 1.183276 0.154395
3694.420585 1.169288 0.181723 1.183325 0.154180
3695.420699 1.169375 0.181479 1.183373 0.153965
3696.420813 1.169462 0.181234 1.183422 0.153749
3697.420927 1.169549 0.180990 1.183470 0.153534
3698.421041 1.169636 0.180745 1.183519 0.153319
3699.421155 1.169722 0.180501 1.183567 0.153103
3700.421268 1.169809 0.180256 1.183615 0.152888
3701.421382 1.169895 0.180011 1.183664 0.152672
3702.421496 1.169982 0.179766 1.183712 0.152457
3703.421610 1.170068 0.179521 1.183760 0.152241
3704.421724 1.170154 0.179276 1.183808 0.152025
3705.421838 1.170240 0.179031 1.183856 0.151810
3706.421951 1.170326 0.178786 1.183904 0.151594
3707.422065 1.170412 0.178541 1.183951 0.151378
3708.422179 1.170498 0.178295 1.183999 0.151162
3709.422293 1.170583 0.178050 1.184047 0.150946
3710.422407 1.170669 0.177804 1.184094 0.150731
3711.422521 1.170754 0.177558 1.184142 0.150515
3712.422635 1.170839 0.177313 1.184189 0.150299
3713.422748 1.170924 0.177067 1.184237 0.150083
3714.422862 1.171009 0.176821 1.184284 0.149867
3715.422976 1.171094 0.176575 1.184331 0.149651
3716.423090 1.171179 0.176329 1.184378 0.149434
3717.423204 1.171264 0.176083 1.184425 0.149218
3718.423318 1.171348 0.175836 1.184473 0.149002
3719.423432 1.171433 0.175590 1.184519 0.148786
3720.423545 1.171517 0.175344 1.184566 0.148569
3721.423659 1.171601 0.175097 1.184613 0.148353
3722.423773 1.171685 0.174851 1.184660 0.148137
3723.423887 1.171769 0.174604 1.184707 0.147920
3724.424001 1.171853 0.174357 1.184753 0.147704
3725.424115 1.171937 0.174110 1.184800 0.147487
3726.424229 1.172021 0.173863 1.184846 0.147271
3727.424342 1.172104 0.173616 1.184893 0.147054
3728.424456 1.172187 0.173369 1.184939 0.146838
3729.424570 1.172271 0.173122 1.184985 0.146621
3730.424684 1.172354 0.172875 1.185031 0.146404
3731.424798 1.172437 0.172627 1.185078 0.146188
3732.424912 1.172520 0.172380 1.185124 0.145971
3733.425026 1.172603 0.172132 1.185170 0.145754
3734.425139 1.172686 0.171885 1.185216 0.145537
3735.425253 1.172768 0.171637 1.185261 0.145320
3736.425367 1.172851 0.171389 1.185307 0.145104
3737.425481 1.172933 0.171142 1.185353 0.144887
3738.425595 1.173015 0.170894 1.185399 0.144670
3739.425709 1.173098 0.170646 1.185444 0.144453
3740.425823 1.173180 0.170397 1.185490 0.144236
3741.425936 1.173261 0.170149 1.185535 0.144018
3742.426050 1.173343 0.169901 1.185580 0.143801
3743.426164 1.173425 0.169653 1.185626 0.143584
3744.426278 1.173507 0.169404 1.185671 0.143367
3745.426392 1.173588 0.169156 1.185716 0.143150
3746.426506 1.173669 0.168907 1.185761 0.142932
3747.426620 1.173751 0.168658 1.185806 0.142715
3748.426733 1.173832 0.168410 1.185851 0.142498
3749.426847 1.173913 0.168161 1.185896 0.142280
3750.426961 1.173994 0.167912 1.185941 0.142063
3751.427075 1.174074 0.167663 1.185986 0.141845
3752.427189 1.174155 0.167414 1.186030 0.141628
3753.427303 1.174236 0.167165 1.186075 0.141410
3754.427417 1.174316 0.166915 1.186119 0.141193
3755.427530 1.174396 0.166666 1.186164 0.140975
3756.427644 1.174477 0.166417 1.186208 0.140757
3757.427758 1.174557 0.166167 1.186252 0.140540
3758.427872 1.174637 0.165918 1.186297 0.140322
3759.427986 1.174716 0.165668 1.186341 0.140104
3760.428100 1.174796 0.165418 1.186385 0.139886
3761.428214 1.174876 0.165168 1.186429 0.139668
3762.428327 1.174955 0.164919 1.186473 0.139450
3763.428441 1.175035 0.164669 1.186517 0.139233
3764.428555 1.175114 0.164418 1.186561 0.139015
3765.428669 1.175193 0.164168 1.186605 0.138797
3766.428783 1.175272 0.163918 1.186648 0.138579
3767.428897 1.175351 0.163668 1.186692 0.138360
3768.429011 1.175430 0.163417 1.186735 0.138142
3769.429124 1.175509 0.163167 1.186779 0.137924
3770.429238 1.175587 0.162917 1.186822 0.137706
3771.429352 1.175666 0.162666 1.186866 0.137488
3772.429466 1.175744 0.162415 1.186909 0.137270
3773.429580 1.175822 0.162164 1.186952 0.137051
3774.429694 1.175900 0.161914 1.186995 0.136833
3775.429808 1.175978 0.161663 1.187038 0.136615
3776.429921 1.176056 0.161412 1.187081 0.136396
3777.430035 1.176134 0.161161 1.187124 0.136178
3778.430149 1.176212 0.160909 1.187167 0.135959
3779.430263 1.176289 0.160658 1.187210 0.135741
3780.430377 1.176367 0.160407 1.187253 0.135522
3781.430491 1.176444 0.160156 1.187295 0.135304
3782.430605 1.176521 0.159904 1.187338 0.135085
3783.430718 1.176598 0.159652 1.187380 0.134866
3784.430832 1.176675 0.159401 1.187423 0.134648
3785.430946 1.176752 0.159149 1.187465 0.134429
3786.431060 1.176829 0.158897 1.187507 0.134210
3787.431174 1.176905 0.158646 1.187550 0.133991
3788.431288 1.176982 0.158394 1.187592 0.133772
3789.431402 1.177058 0.158142 1.187634 0.133554
3790.431515 1.177134 0.157890 1.187676 0.133335
3791.431629 1.177210 0.157637 1.187718 0.133116
3792.431743 1.177286 0.157385 1.187760 0.132897
3793.431857 1.177362 0.157133 1.187801 0.132678
3794.431971 1.177438 0.156880 1.187843 0.132459
3795.432085 1.177514 0.156628 1.187885 0.132240
3796.432199 1.177589 0.156375 1.187926 0.132020
3797.432312 1.177664 0.156123 1.187968 0.131801
3798.432426 1.177740 0.155870 1.188009 0.131582
3799.432540 1.177815 0.155617 1.188051 0.131363
3800.432654 1.177890 0.155364 1.188092 0.131144
3801.432768 1.177965 0.155112 1.188133 0.130924
3802.432882 1.178040 0.154859 1.188175 0.130705
3803.432996 1.178114 0.154606 1.188216 0.130486
3804.433109 1.178189 0.154352 1.188257 0.130266
3805.433223 1.178263 0.154099 1.188298 0.130047
3806.433337 1.178338 0.153846 1.188339 0.129827
3807.433451 1.178412 0.153592 1.188379 0.129608
3808.433565 1.178486 0.153339 1.188420 0.129388
3809.433679 1.178560 0.153086 1.188461 0.129169
3810.433793 1.178634 0.152832 1.188501 0.128949
3811.433906 1.178708 0.152578 1.188542 0.128730
3812.434020 1.178781 0.152325 1.188582 0.128510
3813.434134 1.178855 0.152071 1.188623 0.128290
3814.434248 1.178928 0.151817 1.188663 0.128070
3815.434362 1.179002 0.151563 1.188704 0.127851
3816.434476 1.179075 0.151309 1.188744 0.127631
3817.434590 1.179148 0.151055 1.188784 0.127411
3818.434703 1.179221 0.150801 1.188824 0.127191
3819.434817 1.179293 0.150546 1.188864 0.126971
3820.434931 1.179366 0.150292 1.188904 0.126751
3821.435045 1.179439 0.150038 1.188944 0.126531
3822.435159 1.179511 0.149783 1.188983 0.126311
3823.435273 1.179583 0.149529 1.189023 0.126091
3824.435387 1.179656 0.149274 1.189063 0.125871
3825.435500 1.179728 0.149019 1.189102 0.125651
3826.435614 1.179800 0.148764 1.189142 0.125431
3827.435728 1.179872 0.148510 1.189181 0.125211
3828.435842 1.179943 0.148255 1.189221 0.124991
3829.435956 1.180015 0.148000 1.189260 0.124770
3830.436070 1.180086 0.147745 1.189299 0.124550
3831.436184 1.180158 0.147490 1.189338 0.124330
3832.436297 1.180229 0.147234 1.189377 0.124110
3833.436411 1.180300 0.146979 1.189416 0.123889
3834.436525 1.180371 0.146724 1.189455 0.123669
3835.436639 1.180442 0.146468 1.189494 0.123448
3836.436753 1.180513 0.146213 1.189533 0.123228
3837.436867 1.180583 0.145957 1.189572 0.123007
3838.436981 1.180654 0.145702 1.189610 0.122787
3839.437094 1.180724 0.145446 1.189649 0.122566
3840.437208 1.180795 0.145190 1.189687 0.122346
3841.437322 1.180865 0.144934 1.189726 0.122125
3842.437436 1.180935 0.144679 1.189764 0.121904
3843.437550 1.181005 0.144423 1.189803 0.121684
3844.437664 1.181075 0.144167 1.189841 0.121463
3845.437778 1.181144 0.143910 1.189879 0.121242
3846.437891 1.181214 0.143654 1.189917 0.121021
3847.438005 1.181283 0.143398 1.189955 0.120801
3848.438119 1.181353 0.143142 1.189993 0.120580
3849.438233 1.181422 0.142885 1.190031 0.120359
3850.438347 1.181491 0.142629 1.190069 0.120138
3851.438461 1.181560 0.142372 1.190106 0.119917
3852.438575 1.181629 0.142116 1.190144 0.119696
3853.438688 1.181697 0.141859 1.190182 0.119475
3854.438802 1.181766 0.141602 1.190219 0.119254
3855.438916 1.181834 0.141345 1.190257 0.119033
3856.439030 1.181903 0.141089 1.190294 0.118812
3857.439144 1.181971 0.140832 1.190331 0.118591
3858.439258 1.182039 0.140575 1.190369 0.118370
3859.439372 1.182107 0.140318 1.190406 0.118148
3860.439485 1.182175 0.140060 1.190443 0.117927
3861.439599 1.182243 0.139803 1.190480 0.117706
3862.439713 1.182310 0.139546 1.190517 0.117485
3863.439827 1.182378 0.139289 1.190554 0.117263
3864.439941 1.182445 0.139031 1.190591 0.117042
3865.440055 1.182512 0.138774 1.190628 0.116821
3866.440169 1.182580 0.138516 1.190664 0.116599
3867.440282 1.182647 0.138259 1.190701 0.116378
3868.440396 1.182714 0.138001 1.190737 0.116156
3869.440510 1.182780 0.137743 1.190774 0.115935
3870.440624 1.182847 0.137485 1.190810 0.115713
3871.440738 1.182913 0.137227 1.190847 0.115492
3872.440852 1.182980 0.136969 1.190883 0.115270
3873.440966 1.183046 0.136711 1.190919 0.115049
3874.441079 1.183112 0.136453 1.190955 0.114827
3875.441193 1.183178 0.136195 1.190991 0.114605
3876.441307 1.183244 0.135937 1.191027 0.114383
3877.441421 1.183310 0.135679 1.191063 0.114162
3878.441535 1.183376 0.135420 1.191099 0.113940
3879.441649 1.183441 0.135162 1.191135 0.113718
3880.441762 1.183507 0.134903 1.191170 0.113496
3881.441876 1.183572 0.134645 1.191206 0.113275
3882.441990 1.183637 0.134386 1.191242 0.113053
3883.442104 1.183702 0.134128 1.191277 0.112831
3884.442218 1.183767 0.133869 1.191313 0.112609
3885.442332 1.183832 0.133610 1.191348 0.112387
3886.442446 1.183897 0.133351 1.191383 0.112165
3887.442559 1.183961 0.133092 1.191418 0.111943
3888.442673 1.184026 0.132833 1.191454 0.111721
3889.442787 1.184090 0.132574 1.191489 0.111499
3890.442901 1.184154 0.132315 1.191524 0.111276
3891.443015 1.184218 0.132056 1.191559 0.111054
3892.443129 1.184282 0.131797 1.191593 0.110832
3893.443243 1.184346 0.131537 1.191628 0.110610
3894.443356 1.184410 0.131278 1.191663 0.110388
3895.443470 1.184473 0.131018 1.191698 0.110165
3896.443584 1.184537 0.130759 1.191732 0.109943
3897.443698 1.184600 0.130499 1.191767 0.109721
3898.443812 1.184664 0.130240 1.191801 0.109498
3899.443926 1.184727 0.129980 1.191836 0.109276
3900.444040 1.184790 0.129720 1.191870 0.109054
3901.444153 1.184852 0.129460 1.191904 0.108831
3902.444267 1.184915 0.129201 1.191938 0.108609
3903.444381 1.184978 0.128941 1.191972 0.108386
3904.444495 1.185040 0.128681 1.192006 0.108164
3905.444609 1.185103 0.128421 1.192040 0.107941
3906.444723 1.185165 0.128160 1.192074 0.107719
3907.444837 1.185227 0.127900 1.192108 0.107496
3908.444950 1.185289 0.127640 1.192142 0.107273
3909.445064 1.185351 0.127380 1.192175 0.107051
3910.445178 1.185413 0.127119 1.192209 0.106828
3911.445292 1.185474 0.126859 1.192243 0.106605
3912.445406 1.185536 0.126598 1.192276 0.106383
3913.445520 1.185597 0.126338 1.192309 0.106160
3914.445634 1.185658 0.126077 1.192343 0.105937
3915.445747 1.185719 0.125816 1.192376 0.105714
3916.445861 1.185780 0.125556 1.192409 0.105491
3917.445975 1.185841 0.125295 1.192442 0.105268
3918.446089 1.185902 0.125034 1.192475 0.105045
3919.446203 1.185963 0.124773 1.192508 0.104823
3920.446317 1.186023 0.124512 1.192541 0.104600
3921.446431 1.186084 0.124251 1.192574 0.104377
3922.446544 1.186144 0.123990 1.192607 0.104154
3923.446658 1.186204 0.123729 1.192639 0.103931
3924.446772 1.186264 0.123467 1.192672 0.103707
3925.446886 1.186324 0.123206 1.192704 0.103484
3926.447000 1.186384 0.122945 1.192737 0.103261
3927.447114 1.186443 0.122683 1.192769 0.103038
3928.447228 1.186503 0.122422 1.192802 0.102815
3929.447341 1.186562 0.122160 1.192834 0.102592
3930.447455 1.186621 0.121899 1.192866 0.102368
3931.447569 1.186680 0.121637 1.192898 0.102145
3932.447683 1.186740 0.121375 1.192930 0.101922
3933.447797 1.186798 0.121114 1.192962 0.101699
3934.447911 1.186857 0.120852 1.192994 0.101475
3935.448025 1.186916 0.120590 1.193026 0.101252
3936.448138 1.186974 0.120328 1.193058 0.101028
3937.448252 1.187033 0.120066 1.193089 0.100805
3938.448366 1.187091 0.119804 1.193121 0.100582
3939.448480 1.187149 0.119542 1.193153 0.100358
3940.448594 1.187207 0.119279 1.193184 0.100135
3941.448708 1.187265 0.119017 1.193215 0.099911
3942.448822 1.187323 0.118755 1.193247 0.099688
3943.448935 1.187380 0.118493 1.193278 0.099464
3944.449049 1.187438 0.118230 1.193309 0.099240
3945.449163 1.187495 0.117968 1.193340 0.099017
3946.449277 1.187553 0.117705 1.193371 0.098793
3947.449391 1.187610 0.117443 1.193402 0.098569
3948.449505 1.187667 0.117180 1.193433 0.098346
3949.449619 1.187724 0.116917 1.193464 0.098122
3950.449732 1.187780 0.116654 1.193495 0.097898
3951.449846 1.187837 0.116392 1.193526 0.097674
3952.449960 1.187893 0.116129 1.193556 0.097451
3953.450074 1.187950 0.115866 1.193587 0.097227
3954.450188 1.188006 0.115603 1.193617 0.097003
3955.450302 1.188062 0.115340 1.193648 0.096779
3956.450416 1.188118 0.115077 1.193678 0.096555
3957.450529 1.188174 0.114814 1.193708 0.096331
3958.450643 1.188230 0.114550 1.193739 0.096107
3959.450757 1.188285 0.114287 1.193769 0.095883
3960.450871 1.188341 0.114024 1.193799 0.095659
3961.450985 1.188396 0.113760 1.193829 0.095435
3962.451099 1.188452 0.113497 1.193859 0.095211
3963.451213 1.188507 0.113233 1.193889 0.094987
3964.451326 1.188562 0.112970 1.193918 0.094763
3965.451440 1.188617 0.112706 1.193948 0.094539
3966.451554 1.188671 0.112443 1.193978 0.094315
3967.451668 1.188726 0.112179 1.194007 0.094090
3968.451782 1.188780 0.111915 1.194037 0.093866
3969.451896 1.188835 0.111651 1.194066 0.093642
3970.452010 1.188889 0.111388 1.194096 0.093418
3971.452123 1.188943 0.111124 1.194125 0.093194
3972.452237 1.188997 0.110860 1.194154 0.092969
3973.452351 1.189051 0.110596 1.194183 0.092745
3974.452465 1.189105 0.110332 1.194212 0.092521
3975.452579 1.189158 0.110067 1.194241 0.092296
3976.452693 1.189212 0.109803 1.194270 0.092072
3977.452807 1.189265 0.109539 1.194299 0.091847
3978.452920 1.189318 0.109275 1.194328 0.091623
3979.453034 1.189372 0.109010 1.194357 0.091398
3980.453148 1.189425 0.108746 1.194385 0.091174
3981.453262 1.189477 0.108482 1.194414 0.090949
3982.453376 1.189530 0.108217 1.194442 0.090725
3983.453490 1.189583 0.107952 1.194471 0.090500
3984.453604 1.189635 0.107688 1.194499 0.090276
3985.453717 1.189688 0.107423 1.194528 0.090051
3986.453831 1.189740 0.107158 1.194556 0.089826
3987.453945 1.189792 0.106894 1.194584 0.089602
3988.454059 1.189844 0.106629 1.194612 0.089377
3989.454173 1.189896 0.106364 1.194640 0.089152
3990.454287 1.189947 0.106099 1.194668 0.088928
3991.454401 1.189999 0.105834 1.194696 0.088703
3992.454514 1.190050 0.105569 1.194724 0.088478
3993.454628 1.190102 0.105304 1.194751 0.088253
3994.454742 1.190153 0.105039 1.194779 0.088029
3995.454856 1.190204 0.104774 1.194807 0.087804
3996.454970 1.190255 0.104508 1.194834 0.087579
3997.455084 1.190306 0.104243 1.194862 0.087354
3998.455198 1.190356 0.103978 1.194889 0.087129
3999.455311 1.190407 0.103713 1.194916 0.086904
4000.455425 1.190457 0.103447 1.194944 0.086679
4001.455539 1.190508 0.103182 1.194971 0.086454
4002.455653 1.190558 0.102916 1.194998 0.086229
4003.455767 1.190608 0.102650 1.195025 0.086004
4004.455881 1.190658 0.102385 1.195052 0.085779
4005.455995 1.190708 0.102119 1.195079 0.085554
4006.456108 1.190757 0.101853 1.195106 0.085329
4007.456222 1.190807 0.101588 1.195132 0.085104
4008.456336 1.190856 0.101322 1.195159 0.084879
4009.456450 1.190906 0.101056 1.195186 0.084654
4010.456564 1.190955 0.100790 1.195212 0.084428
4011.456678 1.191004 0.100524 1.195239 0.084203
4012.456792 1.191053 0.100258 1.195265 0.083978
4013.456905 1.191102 0.099992 1.195291 0.083753
4014.457019 1.191150 0.099726 1.195318 0.083527
4015.457133 1.191199 0.099460 1.195344 0.083302
4016.457247 1.191247 0.099193 1.195370 0.083077
4017.457361 1.191295 0.098927 1.195396 0.082852
4018.457475 1.191343 0.098661 1.195422 0.082626
4019.457589 1.191391 0.098394 1.195448 0.082401
4020.457702 1.191439 0.098128 1.195474 0.082175
4021.457816 1.191487 0.097862 1.195499 0.081950
4022.457930 1.191535 0.097595 1.195525 0.081725
4023.458044 1.191582 0.097329 1.195551 0.081499
4024.458158 1.191630 0.097062 1.195576 0.081274
4025.458272 1.191677 0.096795 1.195602 0.081048
4026.458386 1.191724 0.096529 1.195627 0.080823
4027.458499 1.191771 0.096262 1.195652 0.080597
4028.458613 1.191818 0.095995 1.195678 0.080372
4029.458727 1.191865 0.095728 1.195703 0.080146
4030.458841 1.191911 0.095461 1.195728 0.079920
4031.458955 1.191958 0.095194 1.195753 0.079695
4032.459069 1.192004 0.094927 1.195778 0.079469
4033.459183 1.192050 0.094660 1.195803 0.079243
4034.459296 1.192096 0.094393 1.195828 0.079018
4035.459410 1.192142 0.094126 1.195852 0.078792
4036.459524 1.192188 0.093859 1.195877 0.078566
4037.459638 1.192234 0.093592 1.195902 0.078341
4038.459752 1.192279 0.093325 1.195926 0.078115
4039.459866 1.192325 0.093057 1.195951 0.077889
4040.459980 1.192370 0.092790 1.195975 0.077663
4041.460093 1.192415 0.092523 1.195999 0.077437
4042.460207 1.192460 0.092255 1.196024 0.077212
4043.460321 1.192505 0.091988 1.196048 0.076986
4044.460435 1.192550 0.091720 1.196072 0.076760
4045.460549 1.192595 0.091453 1.196096 0.076534
4046.460663 1.192639 0.091185 1.196120 0.076308
4047.460777 1.192684 0.090917 1.196144 0.076082
4048.460890 1.192728 0.090650 1.196168 0.075856
4049.461004 1.192772 0.090382 1.196192 0.075630
4050.461118 1.192816 0.090114 1.196215 0.075404
4051.461232 1.192860 0.089846 1.196239 0.075178
4052.461346 1.192904 0.089578 1.196262 0.074952
4053.461460 1.192947 0.089311 1.196286 0.074726
4054.461573 1.192991 0.089043 1.196309 0.074500
4055.461687 1.193034 0.088775 1.196333 0.074274
4056.461801 1.193078 0.088507 1.196356 0.074048
4057.461915 1.193121 0.088238 1.196379 0.073822
4058.462029 1.193164 0.087970 1.196402 0.073595
4059.462143 1.193207 0.087702 1.196425 0.073369
4060.462257 1.193249 0.087434 1.196448 0.073143
4061.462370 1.193292 0.087166 1.196471 0.072917
4062.462484 1.193334 0.086897 1.196494 0.072691
4063.462598 1.193377 0.086629 1.196517 0.072464
4064.462712 1.193419 0.086361 1.196540 0.072238
4065.462826 1.193461 0.086092 1.196562 0.072012
4066.462940 1.193503 0.085824 1.196585 0.071786
4067.463054 1.193545 0.085555 1.196607 0.071559
4068.463167 1.193586 0.085287 1.196630 0.071333
4069.463281 1.193628 0.085018 1.196652 0.071107
4070.463395 1.193669 0.084749 1.196674 0.070880
4071.463509 1.193711 0.084481 1.196696 0.070654
4072.463623 1.193752 0.084212 1.196719 0.070427
4073.463737 1.193793 0.083943 1.196741 0.070201
4074.463851 1.193834 0.083674 1.196763 0.069974
4075.463964 1.193875 0.083406 1.196785 0.069748
4076.464078 1.193915 0.083137 1.196806 0.069521
4077.464192 1.193956 0.082868 1.196828 0.069295
4078.464306 1.193996 0.082599 1.196850 0.069068
4079.464420 1.194037 0.082330 1.196872 0.068842
4080.464534 1.194077 0.082061 1.196893 0.068615
4081.464648 1.194117 0.081792 1.196915 0.068389
4082.464761 1.194157 0.081523 1.196936 0.068162
4083.464875 1.194196 0.081253 1.196957 0.067936
4084.464989 1.194236 0.080984 1.196979 0.067709
4085.465103 1.194275 0.080715 1.197000 0.067482
4086.465217 1.194315 0.080446 1.197021 0.067256
4087.465331 1.194354 0.080176 1.197042 0.067029
4088.465445 1.194393 0.079907 1.197063 0.066802
4089.465558 1.194432 0.079638 1.197084 0.066576
4090.465672 1.194471 0.079368 1.197105 0.066349
4091.465786 1.194510 0.079099 1.197126 0.066122
4092.465900 1.194548 0.078829 1.197146 0.065895
4093.466014 1.194587 0.078560 1.197167 0.065669
4094.466128 1.194625 0.078290 1.197188 0.065442
4095.466242 1.194663 0.078020 1.197208 0.065215
4096.466355 1.194701 0.077751 1.197228 0.064988
4097.466469 1.194739 0.077481 1.197249 0.064761
4098.466583 1.194777 0.077211 1.197269 0.064534
4099.466697 1.194815 0.076942 1.197289 0.064307
4100.466811 1.194852 0.076672 1.197309 0.064081
4101.466925 1.194889 0.076402 1.197330 0.063854
4102.467039 1.194927 0.076132 1.197350 0.063627
4103.467152 1.194964 0.075862 1.197369 0.063400
4104.467266 1.195001 0.075592 1.197389 0.063173
4105.467380 1.195038 0.075322 1.197409 0.062946
4106.467494 1.195074 0.075052 1.197429 0.062719
4107.467608 1.195111 0.074782 1.197448 0.062492
4108.467722 1.195148 0.074512 1.197468 0.062265
4109.467836 1.195184 0.074242 1.197488 0.062038
4110.467949 1.195220 0.073972 1.197507 0.061811
4111.468063 1.195256 0.073701 1.197526 0.061584
4112.468177 1.195292 0.073431 1.197546 0.061356
4113.468291 1.195328 0.073161 1.197565 0.061129
4114.468405 1.195364 0.072890 1.197584 0.060902
4115.468519 1.195399 0.072620 1.197603 0.060675
4116.468633 1.195435 0.072350 1.197622 0.060448
4117.468746 1.195470 0.072079 1.197641 0.060221
4118.468860 1.195505 0.071809 1.197660 0.059994
4119.468974 1.195540 0.071538 1.197679 0.059766
4120.469088 1.195575 0.071268 1.197697 0.059539
4121.469202 1.195610 0.070997 1.197716 0.059312
4122.469316 1.195645 0.070727 1.197735 0.059085
4123.469430 1.195679 0.070456 1.197753 0.058857
4124.469543 1.195714 0.070185 1.197772 0.058630
4125.469657 1.195748 0.069915 1.197790 0.058403
4126.469771 1.195782 0.069644 1.197808 0.058176
4127.469885 1.195816 0.069373 1.197826 0.057948
4128.469999 1.195850 0.069102 1.197845 0.057721
4129.470113 1.195883 0.068831 1.197863 0.057494
4130.470227 1.195917 0.068561 1.197881 0.057266
4131.470340 1.195951 0.068290 1.197899 0.057039
4132.470454 1.195984 0.068019 1.197917 0.056811
4133.470568 1.196017 0.067748 1.197934 0.056584
4134.470682 1.196050 0.067477 1.197952 0.056357
4135.470796 1.196083 0.067206 1.197970 0.056129
4136.470910 1.196116 0.066935 1.197987 0.055902
4137.471024 1.196149 0.066663 1.198005 0.055674
4138.471137 1.196181 0.066392 1.198022 0.055447
4139.471251 1.196214 0.066121 1.198040 0.055219
4140.471365 1.196246 0.065850 1.198057 0.054992
4141.471479 1.196278 0.065579 1.198074 0.054764
4142.471593 1.196310 0.065307 1.198091 0.054537
4143.471707 1.196342 0.065036 1.198108 0.054309
4144.471821 1.196374 0.064765 1.198125 0.054081
4145.471934 1.196405 0.064493 1.198142 0.053854
4146.472048 1.196437 0.064222 1.198159 0.053626
4147.472162 1.196468 0.063951 1.198176 0.053399
4148.472276 1.196499 0.063679 1.198193 0.053171
4149.472390 1.196530 0.063408 1.198209 0.052943
4150.472504 1.196561 0.063136 1.198226 0.052716
4151.472618 1.196592 0.062865 1.198242 0.052488
4152.472731 1.196623 0.062593 1.198259 0.052260
4153.472845 1.196654 0.062321 1.198275 0.052033
4154.472959 1.196684 0.062050 1.198292 0.051805
4155.473073 1.196714 0.061778 1.198308 0.051577
4156.473187 1.196744 0.061506 1.198324 0.051350
4157.473301 1.196775 0.061235 1.198340 0.051122
4158.473415 1.196804 0.060963 1.198356 0.050894
4159.473528 1.196834 0.060691 1.198372 0.050666
4160.473642 1.196864 0.060419 1.198388 0.050439
4161.473756 1.196893 0.060147 1.198404 0.050211
4162.473870 1.196923 0.059876 1.198419 0.049983
4163.473984 1.196952 0.059604 1.198435 0.049755
4164.474098 1.196981 0.059332 1.198451 0.049527
4165.474212 1.197010 0.059060 1.198466 0.049299
4166.474325 1.197039 0.058788 1.198482 0.049072
4167.474439 1.197068 0.058516 1.198497 0.048844
4168.474553 1.197096 0.058244 1.198512 0.048616
4169.474667 1.197125 0.057972 1.198528 0.048388
4170.474781 1.197153 0.057700 1.198543 0.048160
4171.474895 1.197181 0.057427 1.198558 0.047932
4172.475009 1.197209 0.057155 1.198573 0.047704
4173.475122 1.197237 0.056883 1.198588 0.047476
4174.475236 1.197265 0.056611 1.198603 0.047248
4175.475350 1.197293 0.056339 1.198618 0.047020
4176.475464 1.197320 0.056066 1.198632 0.046792
4177.475578 1.197348 0.055794 1.198647 0.046564
4178.475692 1.197375 0.055522 1.198661 0.046336
4179.475806 1.197402 0.055249 1.198676 0.046108
4180.475919 1.197429 0.054977 1.198690 0.045880
4181.476033 1.197456 0.054705 1.198705 0.045652
4182.476147 1.197483 0.054432 1.198719 0.045424
4183.476261 1.197509 0.054160 1.198733 0.045196
4184.476375 1.197536 0.053887 1.198748 0.044968
4185.476489 1.197562 0.053615 1.198762 0.044740
4186.476603 1.197588 0.053342 1.198776 0.044512
4187.476716 1.197614 0.053069 1.198790 0.044284
4188.476830 1.197640 0.052797 1.198803 0.044056
4189.476944 1.197666 0.052524 1.198817 0.043827
4190.477058 1.197692 0.052252 1.198831 0.043599
4191.477172 1.197717 0.051979 1.198845 0.043371
4192.477286 1.197743 0.051706 1.198858 0.043143
4193.477400 1.197768 0.051434 1.198872 0.042915
4194.477513 1.197793 0.051161 1.198885 0.042687
4195.477627 1.197818 0.050888 1.198899 0.042458
4196.477741 1.197843 0.050615 1.198912 0.042230
4197.477855 1.197868 0.050342 1.198925 0.042002
4198.477969 1.197892 0.050070 1.198938 0.041774
4199.478083 1.197917 0.049797 1.198951 0.041545
4200.478197 1.197941 0.049524 1.198964 0.041317
4201.478310 1.197965 0.049251 1.198977 0.041089
4202.478424 1.197990 0.048978 1.198990 0.040861
4203.478538 1.198014 0.048705 1.199003 0.040632
4204.478652 1.198037 0.048432 1.199016 0.040404
4205.478766 1.198061 0.048159 1.199029 0.040176
4206.478880 1.198085 0.047886 1.199041 0.039947
4207.478994 1.198108 0.047613 1.199054 0.039719
4208.479107 1.198131 0.047340 1.199066 0.039491
4209.479221 1.198154 0.047067 1.199079 0.039262
4210.479335 1.198177 0.046794 1.199091 0.039034
4211.479449 1.198200 0.046520 1.199103 0.038806
4212.479563 1.198223 0.046247 1.199115 0.038577
4213.479677 1.198246 0.045974 1.199127 0.038349
4214.479791 1.198268 0.045701 1.199139 0.038121
4215.479904 1.198291 0.045428 1.199151 0.037892
4216.480018 1.198313 0.045154 1.199163 0.037664
4217.480132 1.198335 0.044881 1.199175 0.037435
4218.480246 1.198357 0.044608 1.199187 0.037207
4219.480360 1.198379 0.044334 1.199198 0.036978
4220.480474 1.198400 0.044061 1.199210 0.036750
4221.480587 1.198422 0.043788 1.199222 0.036522
4222.480701 1.198443 0.043514 1.199233 0.036293
4223.480815 1.198465 0.043241 1.199244 0.036065
4224.480929 1.198486 0.042967 1.199256 0.035836
4225.481043 1.198507 0.042694 1.199267 0.035608
4226.481157 1.198528 0.042420 1.199278 0.035379
4227.481271 1.198548 0.042147 1.199289 0.035151
4228.481384 1.198569 0.041873 1.199300 0.034922
4229.481498 1.198589 0.041600 1.199311 0.034693
4230.481612 1.198610 0.041326 1.199322 0.034465
4231.481726 1.198630 0.041053 1.199333 0.034236
4232.481840 1.198650 0.040779 1.199344 0.034008
4233.481954 1.198670 0.040506 1.199354 0.033779
4234.482068 1.198690 0.040232 1.199365 0.033551
4235.482181 1.198710 0.039958 1.199375 0.033322
4236.482295 1.198729 0.039685 1.199386 0.033093
4237.482409 1.198749 0.039411 1.199396 0.032865
4238.482523 1.198768 0.039137 1.199407 0.032636
4239.482637 1.198787 0.038863 1.199417 0.032408
4240.482751 1.198806 0.038590 1.199427 0.032179
4241.482865 1.198825 0.038316 1.199437 0.031950
4242.482978 1.198844 0.038042 1.199447 0.031722
4243.483092 1.198862 0.037768 1.199457 0.031493
4244.483206 1.198881 0.037494 1.199467 0.031264
4245.483320 1.198899 0.037221 1.199477 0.031036
4246.483434 1.198917 0.036947 1.199487 0.030807
4247.483548 1.198935 0.036673 1.199496 0.030578
4248.483662 1.198953 0.036399 1.199506 0.030350
4249.483775 1.198971 0.036125 1.199515 0.030121
4250.483889 1.198989 0.035851 1.199525 0.029892
4251.484003 1.199006 0.035577 1.199534 0.029663
4252.484117 1.199024 0.035303 1.199543 0.029435
4253.484231 1.199041 0.035029 1.199553 0.029206
4254.484345 1.199058 0.034755 1.199562 0.028977
4255.484459 1.199075 0.034481 1.199571 0.028748
4256.484572 1.199092 0.034207 1.199580 0.028520
4257.484686 1.199109 0.033933 1.199589 0.028291
4258.484800 1.199126 0.033659 1.199598 0.028062
4259.484914 1.199142 0.033385 1.199607 0.027833
4260.485028 1.199158 0.033111 1.199615 0.027605
4261.485142 1.199175 0.032837 1.199624 0.027376
4262.485256 1.199191 0.032562 1.199633 0.027147
4263.485369 1.199207 0.032288 1.199641 0.026918
4264.485483 1.199222 0.032014 1.199650 0.026689
4265.485597 1.199238 0.031740 1.199658 0.026461
4266.485711 1.199254 0.031466 1.199666 0.026232
4267.485825 1.199269 0.031192 1.199675 0.026003
4268.485939 1.199284 0.030917 1.199683 0.025774
4269.486053 1.199300 0.030643 1.199691 0.025545
4270.486166 1.199315 0.030369 1.199699 0.025316
4271.486280 1.199329 0.030095 1.199707 0.025088
4272.486394 1.199344 0.029820 1.199715 0.024859
4273.486508 1.199359 0.029546 1.199723 0.024630
4274.486622 1.199373 0.029272 1.199730 0.024401
4275.486736 1.199388 0.028997 1.199738 0.024172
4276.486850 1.199402 0.028723 1.199746 0.023943
4277.486963 1.199416 0.028449 1.199753 0.023714
4278.487077 1.199430 0.028174 1.199761 0.023485
4279.487191 1.199444 0.027900 1.199768 0.023256
4280.487305 1.199457 0.027625 1.199775 0.023027
4281.487419 1.199471 0.027351 1.199783 0.022799
4282.487533 1.199484 0.027076 1.199790 0.022570
4283.487647 1.199497 0.026802 1.199797 0.022341
4284.487760 1.199511 0.026528 1.199804 0.022112
4285.487874 1.199524 0.026253 1.199811 0.021883
4286.487988 1.199536 0.025979 1.199818 0.021654
4287.488102 1.199549 0.025704 1.199825 0.021425
4288.488216 1.199562 0.025430 1.199831 0.021196
4289.488330 1.199574 0.025155 1.199838 0.020967
4290.488444 1.199587 0.024881 1.199845 0.020738
4291.488557 1.199599 0.024606 1.199851 0.020509
4292.488671 1.199611 0.024331 1.199858 0.020280
4293.488785 1.199623 0.024057 1.199864 0.020051
4294.488899 1.199635 0.023782 1.199870 0.019822
4295.489013 1.199646 0.023508 1.199877 0.019593
4296.489127 1.199658 0.023233 1.199883 0.019364
4297.489241 1.199669 0.022958 1.199889 0.019135
4298.489354 1.199680 0.022684 1.199895 0.018906
4299.489468 1.199692 0.022409 1.199901 0.018677
4300.489582 1.199703 0.022135 1.199907 0.018448
4301.489696 1.199713 0.021860 1.199912 0.018219
4302.489810 1.199724 0.021585 1.199918 0.017990
4303.489924 1.199735 0.021311 1.199924 0.017761
4304.490038 1.199745 0.021036 1.199930 0.017532
4305.490151 1.199755 0.020761 1.199935 0.017303
4306.490265 1.199766 0.020486 1.199941 0.017074
4307.490379 1.199776 0.020212 1.199946 0.016845
4308.490493 1.199786 0.019937 1.199951 0.016616
4309.490607 1.199795 0.019662 1.199956 0.016387
4310.490721 1.199805 0.019387 1.199962 0.016157
4311.490835 1.199815 0.019113 1.199967 0.015928
4312.490948 1.199824 0.018838 1.199972 0.015699
4313.491062 1.199833 0.018563 1.199977 0.015470
4314.491176 1.199842 0.018288 1.199982 0.015241
4315.491290 1.199851 0.018014 1.199986 0.015012
4316.491404 1.199860 0.017739 1.199991 0.014783
4317.491518 1.199869 0.017464 1.199996 0.014554
4318.491632 1.199877 0.017189 1.200000 0.014325
4319.491745 1.199886 0.016914 1.200005 0.014096
4320.491859 1.199894 0.016639 1.200009 0.013867
4321.491973 1.199902 0.016365 1.200014 0.013637
4322.492087 1.199910 0.016090 1.200018 0.013408
4323.492201 1.199918 0.015815 1.200022 0.013179
4324.492315 1.199926 0.015540 1.200027 0.012950
4325.492429 1.199934 0.015265 1.200031 0.012721
4326.492542 1.199941 0.014990 1.200035 0.012492
4327.492656 1.199948 0.014715 1.200039 0.012263
4328.492770 1.199956 0.014440 1.200043 0.012034
4329.492884 1.199963 0.014165 1.200046 0.011804
4330.492998 1.199970 0.013891 1.200050 0.011575
4331.493112 1.199977 0.013616 1.200054 0.011346
4332.493226 1.199983 0.013341 1.200057 0.011117
4333.493339 1.199990 0.013066 1.200061 0.010888
4334.493453 1.199996 0.012791 1.200064 0.010659
4335.493567 1.200003 0.012516 1.200068 0.010429
4336.493681 1.200009 0.012241 1.200071 0.010200
4337.493795 1.200015 0.011966 1.200074 0.009971
4338.493909 1.200021 0.011691 1.200078 0.009742
4339.494023 1.200026 0.011416 1.200081 0.009513
4340.494136 1.200032 0.011141 1.200084 0.009284
4341.494250 1.200037 0.010866 1.200087 0.009054
4342.494364 1.200043 0.010591 1.200090 0.008825
4343.494478 1.200048 0.010316 1.200092 0.008596
4344.494592 1.200053 0.010041 1.200095 0.008367
4345.494706 1.200058 0.009766 1.200098 0.008138
4346.494820 1.200063 0.009491 1.200100 0.007909
4347.494933 1.200068 0.009216 1.200103 0.007679
4348.495047 1.200072 0.008941 1.200105 0.007450
4349.495161 1.200076 0.008666 1.200108 0.007221
4350.495275 1.200081 0.008391 1.200110 0.006992
4351.495389 1.200085 0.008116 1.200112 0.006763
4352.495503 1.200089 0.007841 1.200114 0.006533
4353.495617 1.200093 0.007566 1.200117 0.006304
4354.495730 1.200096 0.007291 1.200119 0.006075
4355.495844 1.200100 0.007016 1.200121 0.005846
4356.495958 1.200104 0.006741 1.200122 0.005617
4357.496072 1.200107 0.006466 1.200124 0.005387
4358.496186 1.200110 0.006190 1.200126 0.005158
4359.496300 1.200113 0.005915 1.200128 0.004929
4360.496414 1.200116 0.005640 1.200129 0.004700
4361.496527 1.200119 0.005365 1.200131 0.004471
4362.496641 1.200121 0.005090 1.200132 0.004241
4363.496755 1.200124 0.004815 1.200134 0.004012
4364.496869 1.200126 0.004540 1.200135 0.003783
4365.496983 1.200129 0.004265 1.200136 0.003554
4366.497097 1.200131 0.003990 1.200137 0.003325
4367.497211 1.200133 0.003715 1.200139 0.003095
4368.497324 1.200135 0.003440 1.200140 0.002866
4369.497438 1.200136 0.003165 1.200141 0.002637
4370.497552 1.200138 0.002889 1.200141 0.002408
4371.497666 1.200139 0.002614 1.200142 0.002178
4372.497780 1.200141 0.002339 1.200143 0.001949
4373.497894 1.200142 0.002064 1.200144 0.001720
4374.498008 1.200143 0.001789 1.200144 0.001491
4375.498121 1.200144 0.001514 1.200145 0.001262
4376.498235 1.200145 0.001239 1.200145 0.001032
4377.498349 1.200145 0.000964 1.200146 0.000803
4378.498463 1.200146 0.000689 1.200146 0.000574
4379.498577 1.200146 0.000414 1.200146 0.000345
4380.498691 1.200146 0.000139 1.200146 0.000115
4381.498805 1.200146 -0.000137 1.200146 -0.000114
4382.498918 1.200146 -0.000412 1.200147 -0.000343
4383.499032 1.200146 -0.000687 1.200146 -0.000572
4384.499146 1.200146 -0.000962 1.200146 -0.000801
4385.499260 1.200146 -0.001237 1.200146 -0.001031
4386.499374 1.200145 -0.001512 1.200146 -0.001260
4387.499488 1.200144 -0.001787 1.200146 -0.001489
4388.499602 1.200143 -0.002062 1.200145 -0.001718
4389.499715 1.200142 -0.002337 1.200145 -0.001948
4390.499829 1.200141 -0.002612 1.200144 -0.002177
4391.499943 1.200140 -0.002888 1.200144 -0.002406
4392.500057 1.200139 -0.003163 1.200143 -0.002635
4393.500171 1.200137 -0.003438 1.200142 -0.002864
4394.500285 1.200136 -0.003713 1.200141 -0.003094
4395.500398 1.200134 -0.003988 1.200140 -0.003323
4396.500512 1.200132 -0.004263 1.200139 -0.003552
4397.500626 1.200130 -0.004538 1.200138 -0.003781
4398.500740 1.200128 -0.004813 1.200137 -0.004011
4399.500854 1.200125 -0.005088 1.200136 -0.004240
4400.500968 1.200123 -0.005363 1.200135 -0.004469
4401.501082 1.200120 -0.005638 1.200134 -0.004698
4402.501195 1.200118 -0.005914 1.200132 -0.004927
4403.501309 1.200115 -0.006189 1.200131 -0.005157
4404.501423 1.200112 -0.006464 1.200129 -0.005386
4405.501537 1.200109 -0.006739 1.200128 -0.005615
4406.501651 1.200105 -0.007014 1.200126 -0.005844
4407.501765 1.200102 -0.007289 1.200124 -0.006073
4408.501879 1.200098 -0.007564 1.200122 -0.006303
4409.501992 1.200095 -0.007839 1.200120 -0.006532
4410.502106 1.200091 -0.008114 1.200118 -0.006761
4411.502220 1.200087 -0.008389 1.200116 -0.006990
4412.502334 1.200083 -0.008664 1.200114 -0.007219
4413.502448 1.200079 -0.008939 1.200112 -0.007449
4414.502562 1.200074 -0.009214 1.200110 -0.007678
4415.502676 1.200070 -0.009489 1.200107 -0.007907
4416.502789 1.200065 -0.009764 1.200105 -0.008136
4417.502903 1.200061 -0.010039 1.200103 -0.008365
4418.503017 1.200056 -0.010314 1.200100 -0.008595
4419.503131 1.200051 -0.010589 1.200097 -0.008824
4420.503245 1.200046 -0.010864 1.200095 -0.009053
4421.503359 1.200040 -0.011139 1.200092 -0.009282
4422.503473 1.200035 -0.011414 1.200089 -0.009511
4423.503586 1.200029 -0.011689 1.200086 -0.009741
4424.503700 1.200024 -0.011964 1.200083 -0.009970
4425.503814 1.200018 -0.012239 1.200080 -0.010199
4426.503928 1.200012 -0.012514 1.200077 -0.010428
4427.504042 1.200006 -0.012789 1.200074 -0.010657
4428.504156 1.200000 -0.013064 1.200071 -0.010886
4429.504270 1.199993 -0.013339 1.200067 -0.011116
4430.504383 1.199987 -0.013614 1.200064 -0.011345
4431.504497 1.199980 -0.013889 1.200061 -0.011574
4432.504611 1.199973 -0.014164 1.200057 -0.011803
4433.504725 1.199967 -0.014439 1.200053 -0.012032
4434.504839 1.199960 -0.014714 1.200050 -0.012261
4435.504953 1.199952 -0.014989 1.200046 -0.012490
4436.505067 1.199945 -0.015264 1.200042 -0.012720
4437.505180 1.199938 -0.015538 1.200038 -0.012949
4438.505294 1.199930 -0.015813 1.200034 -0.013178
4439.505408 1.199922 -0.016088 1.200030 -0.013407
4440.505522 1.199915 -0.016363 1.200026 -0.013636
4441.505636 1.199907 -0.016638 1.200022 -0.013865
4442.505750 1.199898 -0.016913 1.200018 -0.014094
4443.505864 1.199890 -0.017188 1.200013 -0.014323
4444.505977 1.199882 -0.017463 1.200009 -0.014553
4445.506091 1.199873 -0.017737 1.200004 -0.014782
4446.506205 1.199865 -0.018012 1.200000 -0.015011
4447.506319 1.199856 -0.018287 1.199995 -0.015240
4448.506433 1.199847 -0.018562 1.199991 -0.015469
4449.506547 1.199838 -0.018837 1.199986 -0.015698
4450.506661 1.199829 -0.019111 1.199981 -0.015927
4451.506774 1.199820 -0.019386 1.199976 -0.016156
4452.506888 1.199810 -0.019661 1.199971 -0.016385
4453.507002 1.199801 -0.019936 1.199966 -0.016614
4454.507116 1.199791 -0.020211 1.199961 -0.016843
4455.507230 1.199781 -0.020485 1.199956 -0.017073
4456.507344 1.199771 -0.020760 1.199951 -0.017302
4457.507458 1.199761 -0.021035 1.199945 -0.017531
4458.507571 1.199751 -0.021309 1.199940 -0.017760
4459.507685 1.199740 -0.021584 1.199934 -0.017989
4460.507799 1.199730 -0.021859 1.199929 -0.018218
4461.507913 1.199719 -0.022134 1.199923 -0.018447
4462.508027 1.199708 -0.022408 1.199918 -0.018676
4463.508141 1.199697 -0.022683 1.199912 -0.018905
4464.508255 1.199686 -0.022958 1.199906 -0.019134
4465.508368 1.199675 -0.023232 1.199900 -0.019363
4466.508482 1.199664 -0.023507 1.199894 -0.019592
4467.508596 1.199652 -0.023781 1.199888 -0.019821
4468.508710 1.199641 -0.024056 1.199882 -0.020050
4469.508824 1.199629 -0.024331 1.199876 -0.020279
4470.508938 1.199617 -0.024605 1.199870 -0.020508
4471.509052 1.199605 -0.024880 1.199863 -0.020737
4472.509165 1.199593 -0.025154 1.199857 -0.020966
4473.509279 1.199581 -0.025429 1.199850 -0.021195
4474.509393 1.199568 -0.025703 1.199844 -0.021424
4475.509507 1.199556 -0.025978 1.199837 -0.021653
4476.509621 1.199543 -0.026253 1.199831 -0.021882
4477.509735 1.199531 -0.026527 1.199824 -0.022111
4478.509849 1.199518 -0.026802 1.199817 -0.022340
4479.509962 1.199505 -0.027076 1.199810 -0.022569
4480.510076 1.199491 -0.027350 1.199803 -0.022798
4481.510190 1.199478 -0.027625 1.199796 -0.023027
4482.510304 1.199465 -0.027899 1.199789 -0.023256
4483.510418 1.199451 -0.028174 1.199782 -0.023485
4484.510532 1.199437 -0.028448 1.199775 -0.023713
4485.510646 1.199423 -0.028723 1.199767 -0.023942
4486.510759 1.199409 -0.028997 1.199760 -0.024171
4487.510873 1.199395 -0.029271 1.199752 -0.024400
4488.510987 1.199381 -0.029546 1.199745 -0.024629
4489.511101 1.199367 -0.029820 1.199737 -0.024858
4490.511215 1.199352 -0.030094 1.199729 -0.025087
4491.511329 1.199337 -0.030369 1.199722 -0.025316
4492.511443 1.199323 -0.030643 1.199714 -0.025545
4493.511556 1.199308 -0.030917 1.199706 -0.025774
4494.511670 1.199293 -0.031191 1.199698 -0.026002
4495.511784 1.199277 -0.031466 1.199690 -0.026231
4496.511898 1.199262 -0.031740 1.199682 -0.026460
4497.512012 1.199246 -0.032014 1.199674 -0.026689
4498.512126 1.199231 -0.032288 1.199665 -0.026918
4499.512240 1.199215 -0.032563 1.199657 -0.027147
4500.512353 1.199199 -0.032837 1.199649 -0.027375
4501.512467 1.199183 -0.033111 1.199640 -0.027604
4502.512581 1.199167 -0.033385 1.199632 -0.027833
4503.512695 1.199151 -0.033659 1.199623 -0.028062
4504.512809 1.199134 -0.033933 1.199614 -0.028291
4505.512923 1.199118 -0.034207 1.199606 -0.028519
4506.513037 1.199101 -0.034481 1.199597 -0.028748
4507.513150 1.199084 -0.034756 1.199588 -0.028977
4508.513264 1.199067 -0.035030 1.199579 -0.029206
4509.513378 1.199050 -0.035304 1.199570 -0.029434
4510.513492 1.199033 -0.035578 1.199561 -0.029663
4511.513606 1.199016 -0.035852 1.199552 -0.029892
4512.513720 1.198998 -0.036126 1.199542 -0.030121
4513.513834 1.198981 -0.036400 1.199533 -0.030349
4514.513947 1.198963 -0.036674 1.199524 -0.030578
4515.514061 1.198945 -0.036947 1.199514 -0.030807
4516.514175 1.198927 -0.037221 1.199505 -0.031036
4517.514289 1.198909 -0.037495 1.199495 -0.031264
4518.514403 1.198891 -0.037769 1.199485 -0.031493
4519.514517 1.198872 -0.038043 1.199476 -0.031722
4520.514631 1.198854 -0.038317 1.199466 -0.031950
4521.514744 1.198835 -0.038591 1.199456 -0.032179
4522.514858 1.198816 -0.038864 1.199446 -0.032408
4523.514972 1.198797 -0.039138 1.199436 -0.032636
4524.515086 1.198778 -0.039412 1.199426 -0.032865
4525.515200 1.198759 -0.039686 1.199416 -0.033094
4526.515314 1.198740 -0.039959 1.199405 -0.033322
4527.515428 1.198720 -0.040233 1.199395 -0.033551
4528.515541 1.198700 -0.040507 1.199385 -0.033779
4529.515655 1.198681 -0.040780 1.199374 -0.034008
4530.515769 1.198661 -0.041054 1.199364 -0.034237
4531.515883 1.198641 -0.041328 1.199353 -0.034465
4532.515997 1.198621 -0.041601 1.199342 -0.034694
4533.516111 1.198600 -0.041875 1.199332 -0.034922
4534.516225 1.198580 -0.042148 1.199321 -0.035151
4535.516338 1.198559 -0.042422 1.199310 -0.035379
4536.516452 1.198539 -0.042696 1.199299 -0.035608
4537.516566 1.198518 -0.042969 1.199288 -0.035836
4538.516680 1.198497 -0.043243 1.199277 -0.036065
4539.516794 1.198476 -0.043516 1.199266 -0.036294
4540.516908 1.198455 -0.043789 1.199254 -0.036522
4541.517022 1.198433 -0.044063 1.199243 -0.036751
4542.517135 1.198412 -0.044336 1.199232 -0.036979
4543.517249 1.198390 -0.044610 1.199220 -0.037207
4544.517363 1.198368 -0.044883 1.199209 -0.037436
4545.517477 1.198347 -0.045156 1.199197 -0.037664
4546.517591 1.198325 -0.045430 1.199185 -0.037893
4547.517705 1.198302 -0.045703 1.199174 -0.038121
4548.517819 1.198280 -0.045976 1.199162 -0.038350
4549.517932 1.198258 -0.046249 1.199150 -0.038578
4550.518046 1.198235 -0.046523 1.199138 -0.038807
4551.518160 1.198213 -0.046796 1.199126 -0.039035
4552.518274 1.198190 -0.047069 1.199114 -0.039263
4553.518388 1.198167 -0.047342 1.199102 -0.039492
4554.518502 1.198144 -0.047615 1.199089 -0.039720
4555.518616 1.198120 -0.047888 1.199077 -0.039948
4556.518729 1.198097 -0.048162 1.199065 -0.040177
4557.518843 1.198074 -0.048435 1.199052 -0.040405
4558.518957 1.198050 -0.048708 1.199040 -0.040633
4559.519071 1.198026 -0.048981 1.199027 -0.040862
4560.519185 1.198002 -0.049254 1.199014 -0.041090
4561.519299 1.197978 -0.049527 1.199002 -0.041318
4562.519413 1.197954 -0.049800 1.198989 -0.041547
4563.519526 1.197930 -0.050073 1.198976 -0.041775
4564.519640 1.197906 -0.050345 1.198963 -0.042003
4565.519754 1.197881 -0.050618 1.198950 -0.042231
4566.519868 1.197856 -0.050891 1.198937 -0.042460
4567.519982 1.197832 -0.051164 1.198924 -0.042688
4568.520096 1.197807 -0.051437 1.198910 -0.042916
4569.520209 1.197781 -0.051710 1.198897 -0.043144
4570.520323 1.197756 -0.051982 1.198884 -0.043373
4571.520437 1.197731 -0.052255 1.198870 -0.043601
4572.520551 1.197705 -0.052528 1.198857 -0.043829
4573.520665 1.197680 -0.052800 1.198843 -0.044057
4574.520779 1.197654 -0.053073 1.198829 -0.044285
4575.520893 1.197628 -0.053346 1.198816 -0.044513
4576.521006 1.197602 -0.053618 1.198802 -0.044741
4577.521120 1.197576 -0.053891 1.198788 -0.044970
4578.521234 1.197550 -0.054163 1.198774 -0.045198
4579.521348 1.197523 -0.054436 1.198760 -0.045426
4580.521462 1.197497 -0.054708 1.198746 -0.045654
4581.521576 1.197470 -0.054981 1.198732 -0.045882
4582.521690 1.197443 -0.055253 1.198718 -0.046110
4583.521803 1.197417 -0.055526 1.198703 -0.046338
4584.521917 1.197389 -0.055798 1.198689 -0.046566
4585.522031 1.197362 -0.056071 1.198674 -0.046794
4586.522145 1.197335 -0.056343 1.198660 -0.047022
4587.522259 1.197307 -0.056615 1.198645 -0.047250
4588.522373 1.197280 -0.056887 1.198631 -0.047478
4589.522487 1.197252 -0.057160 1.198616 -0.047706
4590.522600 1.197224 -0.057432 1.198601 -0.047934
4591.522714 1.197196 -0.057704 1.198586 -0.048162
4592.522828 1.197168 -0.057976 1.198571 -0.048390
4593.522942 1.197140 -0.058248 1.198556 -0.048618
4594.523056 1.197112 -0.058521 1.198541 -0.048846
4595.523170 1.197083 -0.058793 1.198526 -0.049074
4596.523284 1.197054 -0.059065 1.198511 -0.049302
4597.523397 1.197026 -0.059337 1.198495 -0.049530
4598.523511 1.196997 -0.059609 1.198480 -0.049757
4599.523625 1.196968 -0.059881 1.198464 -0.049985
4600.523739 1.196938 -0.060153 1.198449 -0.050213
4601.523853 1.196909 -0.060425 1.198433 -0.050441
4602.523967 1.196880 -0.060696 1.198418 -0.050669
4603.524081 1.196850 -0.060968 1.198402 -0.050897
4604.524194 1.196820 -0.061240 1.198386 -0.051124
4605.524308 1.196791 -0.061512 1.198370 -0.051352
4606.524422 1.196761 -0.061784 1.198354 -0.051580
4607.524536 1.196730 -0.062055 1.198338 -0.051808
4608.524650 1.196700 -0.062327 1.198322 -0.052035
4609.524764 1.196670 -0.062599 1.198306 -0.052263
4610.524878 1.196639 -0.062870 1.198290 -0.052491
4611.524991 1.196609 -0.063142 1.198273 -0.052719
4612.525105 1.196578 -0.063414 1.198257 -0.052946
4613.525219 1.196547 -0.063685 1.198241 -0.053174
4614.525333 1.196516 -0.063957 1.198224 -0.053402
4615.525447 1.196485 -0.064228 1.198208 -0.053629
4616.525561 1.196454 -0.064500 1.198191 -0.053857
4617.525675 1.196422 -0.064771 1.198174 -0.054085
4618.525788 1.196391 -0.065043 1.198157 -0.054312
4619.525902 1.196359 -0.065314 1.198140 -0.054540
4620.526016 1.196327 -0.065585 1.198123 -0.054767
4621.526130 1.196295 -0.065857 1.198106 -0.054995
4622.526244 1.196263 -0.066128 1.198089 -0.055222
4623.526358 1.196231 -0.066399 1.198072 -0.055450
4624.526472 1.196198 -0.066670 1.198055 -0.055678
4625.526585 1.196166 -0.066941 1.198038 -0.055905
4626.526699 1.196133 -0.067213 1.198020 -0.056133
4627.526813 1.196101 -0.067484 1.198003 -0.056360
4628.526927 1.196068 -0.067755 1.197985 -0.056587
4629.527041 1.196035 -0.068026 1.197968 -0.056815
4630.527155 1.196002 -0.068297 1.197950 -0.057042
4631.527269 1.195968 -0.068568 1.197932 -0.057270
4632.527382 1.195935 -0.068839 1.197915 -0.057497
4633.527496 1.195901 -0.069110 1.197897 -0.057725
4634.527610 1.195868 -0.069381 1.197879 -0.057952
4635.527724 1.195834 -0.069651 1.197861 -0.058179
4636.527838 1.195800 -0.069922 1.197843 -0.058407
4637.527952 1.195766 -0.070193 1.197824 -0.058634
4638.528066 1.195732 -0.070464 1.197806 -0.058861
4639.528179 1.195697 -0.070735 1.197788 -0.059089
4640.528293 1.195663 -0.071005 1.197770 -0.059316
4641.528407 1.195628 -0.071276 1.197751 -0.059543
4642.528521 1.195594 -0.071546 1.197733 -0.059771
4643.528635 1.195559 -0.071817 1.197714 -0.059998
4644.528749 1.195524 -0.072088 1.197695 -0.060225
4645.528863 1.195489 -0.072358 1.197677 -0.060452
4646.528976 1.195454 -0.072629 1.197658 -0.060679
4647.529090 1.195418 -0.072899 1.197639 -0.060907
4648.529204 1.195383 -0.073169 1.197620 -0.061134
4649.529318 1.195347 -0.073440 1.197601 -0.061361
4650.529432 1.195311 -0.073710 1.197582 -0.061588
4651.529546 1.195275 -0.073980 1.197563 -0.061815
4652.529660 1.195239 -0.074251 1.197543 -0.062042
4653.529773 1.195203 -0.074521 1.197524 -0.062269
4654.529887 1.195167 -0.074791 1.197505 -0.062496
4655.530001 1.195131 -0.075061 1.197485 -0.062724
4656.530115 1.195094 -0.075331 1.197466 -0.062951
4657.530229 1.195057 -0.075601 1.197446 -0.063178
4658.530343 1.195020 -0.075872 1.197427 -0.063405
4659.530457 1.194984 -0.076142 1.197407 -0.063632
4660.530570 1.194946 -0.076411 1.197387 -0.063859
4661.530684 1.194909 -0.076681 1.197367 -0.064086
4662.530798 1.194872 -0.076951 1.197347 -0.064312
4663.530912 1.194834 -0.077221 1.197327 -0.064539
4664.531026 1.194797 -0.077491 1.197307 -0.064766
4665.531140 1.194759 -0.077761 1.197287 -0.064993
4666.531254 1.194721 -0.078031 1.197267 -0.065220
4667.531367 1.194683 -0.078300 1.197247 -0.065447
4668.531481 1.194645 -0.078570 1.197226 -0.065674
4669.531595 1.194607 -0.078840 1.197206 -0.065901
4670.531709 1.194569 -0.079109 1.197185 -0.066127
4671.531823 1.194530 -0.079379 1.197165 -0.066354
4672.531937 1.194491 -0.079648 1.197144 -0.066581
4673.532051 1.194453 -0.079918 1.197123 -0.066808
4674.532164 1.194414 -0.080187 1.197102 -0.067035
4675.532278 1.194375 -0.080457 1.197082 -0.067261
4676.532392 1.194336 -0.080726 1.197061 -0.067488
4677.532506 1.194296 -0.080995 1.197040 -0.067715
4678.532620 1.194257 -0.081265 1.197019 -0.067941
4679.532734 1.194217 -0.081534 1.196997 -0.068168
4680.532848 1.194178 -0.081803 1.196976 -0.068395
4681.532961 1.194138 -0.082072 1.196955 -0.068621
4682.533075 1.194098 -0.082341 1.196934 -0.068848
4683.533189 1.194058 -0.082610 1.196912 -0.069075
4684.533303 1.194018 -0.082879 1.196891 -0.069301
4685.533417 1.193977 -0.083148 1.196869 -0.069528
4686.533531 1.193937 -0.083417 1.196847 -0.069754
4687.533645 1.193896 -0.083686 1.196826 -0.069981
4688.533758 1.193856 -0.083955 1.196804 -0.070207
4689.533872 1.193815 -0.084224 1.196782 -0.070434
4690.533986 1.193774 -0.084493 1.196760 -0.070660
4691.534100 1.193733 -0.084762 1.196738 -0.070887
4692.534214 1.193691 -0.085030 1.196716 -0.071113
4693.534328 1.193650 -0.085299 1.196694 -0.071339
4694.534442 1.193609 -0.085568 1.196672 -0.071566
4695.534555 1.193567 -0.085836 1.196649 -0.071792
4696.534669 1.193525 -0.086105 1.196627 -0.072019
4697.534783 1.193483 -0.086373 1.196605 -0.072245
4698.534897 1.193441 -0.086642 1.196582 -0.072471
4699.535011 1.193399 -0.086910 1.196560 -0.072698
4700.535125 1.193357 -0.087179 1.196537 -0.072924
4701.535239 1.193314 -0.087447 1.196514 -0.073150
4702.535352 1.193272 -0.087715 1.196491 -0.073376
4703.535466 1.193229 -0.087984 1.196469 -0.073603
4704.535580 1.193186 -0.088252 1.196446 -0.073829
4705.535694 1.193144 -0.088520 1.196423 -0.074055
4706.535808 1.193100 -0.088788 1.196400 -0.074281
4707.535922 1.193057 -0.089056 1.196376 -0.074507
4708.536036 1.193014 -0.089324 1.196353 -0.074733
4709.536149 1.192971 -0.089592 1.196330 -0.074960
4710.536263 1.192927 -0.089860 1.196307 -0.075186
4711.536377 1.192883 -0.090128 1.196283 -0.075412
4712.536491 1.192839 -0.090396 1.196260 -0.075638
4713.536605 1.192795 -0.090664 1.196236 -0.075864
4714.536719 1.192751 -0.090932 1.196213 -0.076090
4715.536833 1.192707 -0.091200 1.196189 -0.076316
4716.536946 1.192663 -0.091467 1.196165 -0.076542
4717.537060 1.192618 -0.091735 1.196141 -0.076768
4718.537174 1.192574 -0.092003 1.196117 -0.076994
4719.537288 1.192529 -0.092270 1.196093 -0.077220
4720.537402 1.192484 -0.092538 1.196069 -0.077446
4721.537516 1.192439 -0.092805 1.196045 -0.077671
4722.537630 1.192394 -0.093073 1.196021 -0.077897
4723.537743 1.192349 -0.093340 1.195997 -0.078123
4724.537857 1.192303 -0.093607 1.195972 -0.078349
4725.537971 1.192258 -0.093875 1.195948 -0.078575
4726.538085 1.192212 -0.094142 1.195923 -0.078801
4727.538199 1.192167 -0.094409 1.195899 -0.079026
4728.538313 1.192121 -0.094676 1.195874 -0.079252
4729.538427 1.192075 -0.094943 1.195850 -0.079478
4730.538540 1.192028 -0.095210 1.195825 -0.079703
4731.538654 1.191982 -0.095478 1.195800 -0.079929
4732.538768 1.191936 -0.095744 1.195775 -0.080155
4733.538882 1.191889 -0.096011 1.195750 -0.080380
4734.538996 1.191843 -0.096278 1.195725 -0.080606
4735.539110 1.191796 -0.096545 1.195700 -0.080832
4736.539223 1.191749 -0.096812 1.195675 -0.081057
4737.539337 1.191702 -0.097079 1.195649 -0.081283
4738.539451 1.191655 -0.097345 1.195624 -0.081508
4739.539565 1.191607 -0.097612 1.195599 -0.081734
4740.539679 1.191560 -0.097879 1.195573 -0.081959
4741.539793 1.191512 -0.098145 1.195548 -0.082185
4742.539907 1.191465 -0.098412 1.195522 -0.082410
4743.540020 1.191417 -0.098678 1.195496 -0.082636
4744.540134 1.191369 -0.098945 1.195471 -0.082861
4745.540248 1.191321 -0.099211 1.195445 -0.083086
4746.540362 1.191273 -0.099477 1.195419 -0.083312
4747.540476 1.191224 -0.099744 1.195393 -0.083537
4748.540590 1.191176 -0.100010 1.195367 -0.083763
4749.540704 1.191127 -0.100276 1.195341 -0.083988
4750.540817 1.191079 -0.100542 1.195315 -0.084213
4751.540931 1.191030 -0.100808 1.195288 -0.084438
4752.541045 1.190981 -0.101074 1.195262 -0.084664
4753.541159 1.190932 -0.101340 1.195236 -0.084889
4754.541273 1.190882 -0.101606 1.195209 -0.085114
4755.541387 1.190833 -0.101872 1.195183 -0.085339
4756.541501 1.190784 -0.102138 1.195156 -0.085564
4757.541614 1.190734 -0.102404 1.195129 -0.085789
4758.541728 1.190684 -0.102670 1.195103 -0.086015
4759.541842 1.190634 -0.102935 1.195076 -0.086240
4760.541956 1.190584 -0.103201 1.195049 -0.086465
4761.542070 1.190534 -0.103466 1.195022 -0.086690
4762.542184 1.190484 -0.103732 1.194995 -0.086915
4763.542298 1.190434 -0.103997 1.194968 -0.087140
4764.542411 1.190383 -0.104263 1.194941 -0.087365
4765.542525 1.190333 -0.104528 1.194913 -0.087590
4766.542639 1.190282 -0.104794 1.194886 -0.087815
4767.542753 1.190231 -0.105059 1.194859 -0.088040
4768.542867 1.190180 -0.105324 1.194831 -0.088264
4769.542981 1.190129 -0.105589 1.194804 -0.088489
4770.543095 1.190078 -0.105855 1.194776 -0.088714
4771.543208 1.190026 -0.106120 1.194748 -0.088939
4772.543322 1.189975 -0.106385 1.194721 -0.089164
4773.543436 1.189923 -0.106650 1.194693 -0.089388
4774.543550 1.189871 -0.106915 1.194665 -0.089613
4775.543664 1.189819 -0.107179 1.194637 -0.089838
4776.543778 1.189767 -0.107444 1.194609 -0.090063
4777.543892 1.189715 -0.107709 1.194581 -0.090287
4778.544005 1.189663 -0.107974 1.194553 -0.090512
4779.544119 1.189610 -0.108238 1.194524 -0.090737
4780.544233 1.189558 -0.108503 1.194496 -0.090961
4781.544347 1.189505 -0.108768 1.194468 -0.091186
4782.544461 1.189452 -0.109032 1.194439 -0.091410
4783.544575 1.189400 -0.109297 1.194411 -0.091635
4784.544689 1.189346 -0.109561 1.194382 -0.091859
4785.544802 1.189293 -0.109825 1.194353 -0.092084
4786.544916 1.189240 -0.110090 1.194325 -0.092308
4787.545030 1.189187 -0.110354 1.194296 -0.092533
4788.545144 1.189133 -0.110618 1.194267 -0.092757
4789.545258 1.189079 -0.110882 1.194238 -0.092982
4790.545372 1.189026 -0.111146 1.194209 -0.093206
4791.545486 1.188972 -0.111410 1.194180 -0.093430
4792.545599 1.188918 -0.111674 1.194151 -0.093655
4793.545713 1.188863 -0.111938 1.194122 -0.093879
4794.545827 1.188809 -0.112202 1.194092 -0.094103
4795.545941 1.188755 -0.112466 1.194063 -0.094328
4796.546055 1.188700 -0.112730 1.194034 -0.094552
4797.546169 1.188645 -0.112994 1.194004 -0.094776
4798.546283 1.188591 -0.113257 1.193974 -0.095000
4799.546396 1.188536 -0.113521 1.193945 -0.095224
4800.546510 1.188481 -0.113784 1.193915 -0.095448
4801.546624 1.188425 -0.114048 1.193885 -0.095673
4802.546738 1.188370 -0.114311 1.193855 -0.095897
4803.546852 1.188315 -0.114575 1.193825 -0.096121
4804.546966 1.188259 -0.114838 1.193795 -0.096345
4805.547080 1.188203 -0.115101 1.193765 -0.096569
4806.547193 1.188148 -0.115364 1.193735 -0.096793
4807.547307 1.188092 -0.115628 1.193705 -0.097017
4808.547421 1.188036 -0.115891 1.193675 -0.097241
4809.547535 1.187979 -0.116154 1.193644 -0.097464
4810.547649 1.187923 -0.116417 1.193614 -0.097688
4811.547763 1.187867 -0.116680 1.193583 -0.097912
4812.547877 1.187810 -0.116943 1.193553 -0.098136
4813.547990 1.187753 -0.117205 1.193522 -0.098360
4814.548104 1.187697 -0.117468 1.193492 -0.098584
4815.548218 1.187640 -0.117731 1.193461 -0.098807
4816.548332 1.187583 -0.117994 1.193430 -0.099031
4817.548446 1.187525 -0.118256 1.193399 -0.099255
4818.548560 1.187468 -0.118519 1.193368 -0.099478
4819.548674 1.187411 -0.118781 1.193337 -0.099702
4820.548787 1.187353 -0.119044 1.193306 -0.099926
4821.548901 1.187295 -0.119306 1.193275 -0.100149
4822.549015 1.187238 -0.119568 1.193243 -0.100373
4823.549129 1.187180 -0.119831 1.193212 -0.100596
4824.549243 1.187122 -0.120093 1.193181 -0.100820
4825.549357 1.187063 -0.120355 1.193149 -0.101043
4826.549471 1.187005 -0.120617 1.193117 -0.101267
4827.549584 1.186947 -0.120879 1.193086 -0.101490
4828.549698 1.186888 -0.121141 1.193054 -0.101714
4829.549812 1.186829 -0.121403 1.193022 -0.101937
4830.549926 1.186770 -0.121665 1.192991 -0.102161
4831.550040 1.186712 -0.121927 1.192959 -0.102384
4832.550154 1.186652 -0.122188 1.192927 -0.102607
4833.550268 1.186593 -0.122450 1.192895 -0.102831
4834.550381 1.186534 -0.122712 1.192862 -0.103054
4835.550495 1.186474 -0.122973 1.192830 -0.103277
4836.550609 1.186415 -0.123235 1.192798 -0.103500
4837.550723 1.186355 -0.123496 1.192766 -0.103723
4838.550837 1.186295 -0.123757 1.192733 -0.103947
4839.550951 1.186235 -0.124019 1.192701 -0.104170
4840.551065 1.186175 -0.124280 1.192668 -0.104393
4841.551178 1.186115 -0.124541 1.192636 -0.104616
4842.551292 1.186055 -0.124802 1.192603 -0.104839
4843.551406 1.185994 -0.125063 1.192570 -0.105062
4844.551520 1.185934 -0.125324 1.192537 -0.105285
4845.551634 1.185873 -0.125585 1.192504 -0.105508
4846.551748 1.185812 -0.125846 1.192471 -0.105731
4847.551862 1.185751 -0.126107 1.192438 -0.105954
4848.551975 1.185690 -0.126368 1.192405 -0.106177
4849.552089 1.185629 -0.126629 1.192372 -0.106399
4850.552203 1.185568 -0.126889 1.192339 -0.106622
4851.552317 1.185506 -0.127150 1.192306 -0.106845
4852.552431 1.185445 -0.127410 1.192272 -0.107068
4853.552545 1.185383 -0.127671 1.192239 -0.107291
4854.552659 1.185321 -0.127931 1.192205 -0.107513
4855.552772 1.185259 -0.128191 1.192172 -0.107736
4856.552886 1.185197 -0.128452 1.192138 -0.107959
4857.553000 1.185135 -0.128712 1.192104 -0.108181
4858.553114 1.185073 -0.128972 1.192070 -0.108404
4859.553228 1.185011 -0.129232 1.192036 -0.108626
4860.553342 1.184948 -0.129492 1.192003 -0.108849
4861.553456 1.184885 -0.129752 1.191968 -0.109072
4862.553569 1.184823 -0.130012 1.191934 -0.109294
4863.553683 1.184760 -0.130272 1.191900 -0.109516
4864.553797 1.184697 -0.130532 1.191866 -0.109739
4865.553911 1.184633 -0.130791 1.191832 -0.109961
4866.554025 1.184570 -0.131051 1.191797 -0.110184
4867.554139 1.184507 -0.131311 1.191763 -0.110406
4868.554253 1.184443 -0.131570 1.191728 -0.110628
4869.554366 1.184380 -0.131830 1.191694 -0.110851
4870.554480 1.184316 -0.132089 1.191659 -0.111073
4871.554594 1.184252 -0.132348 1.191624 -0.111295
4872.554708 1.184188 -0.132608 1.191590 -0.111517
4873.554822 1.184124 -0.132867 1.191555 -0.111740
4874.554936 1.184059 -0.133126 1.191520 -0.111962
4875.555050 1.183995 -0.133385 1.191485 -0.112184
4876.555163 1.183931 -0.133644 1.191450 -0.112406
4877.555277 1.183866 -0.133903 1.191415 -0.112628
4878.555391 1.183801 -0.134162 1.191379 -0.112850
4879.555505 1.183736 -0.134421 1.191344 -0.113072
4880.555619 1.183671 -0.134680 1.191309 -0.113294
4881.555733 1.183606 -0.134938 1.191273 -0.113516
4882.555847 1.183541 -0.135197 1.191238 -0.113738
4883.555960 1.183476 -0.135455 1.191202 -0.113960
4884.556074 1.183410 -0.135714 1.191166 -0.114182
4885.556188 1.183344 -0.135972 1.191131 -0.114403
4886.556302 1.183279 -0.136231 1.191095 -0.114625
4887.556416 1.183213 -0.136489 1.191059 -0.114847
4888.556530 1.183147 -0.136747 1.191023 -0.115069
4889.556644 1.183081 -0.137005 1.190987 -0.115290
4890.556757 1.183015 -0.137263 1.190951 -0.115512
4891.556871 1.182948 -0.137522 1.190915 -0.115734
4892.556985 1.182882 -0.137779 1.190879 -0.115955
4893.557099 1.182815 -0.138037 1.190843 -0.116177
4894.557213 1.182748 -0.138295 1.190806 -0.116398
4895.557327 1.182682 -0.138553 1.190770 -0.116620
4896.557441 1.182615 -0.138811 1.190733 -0.116841
4897.557554 1.182548 -0.139068 1.190697 -0.117063
4898.557668 1.182480 -0.139326 1.190660 -0.117284
4899.557782 1.182413 -0.139583 1.190623 -0.117506
4900.557896 1.182346 -0.139841 1.190587 -0.117727
4901.558010 1.182278 -0.140098 1.190550 -0.117948
4902.558124 1.182210 -0.140355 1.190513 -0.118170
4903.558238 1.182142 -0.140613 1.190476 -0.118391
4904.558351 1.182075 -0.140870 1.190439 -0.118612
4905.558465 1.182007 -0.141127 1.190402 -0.118834
4906.558579 1.181938 -0.141384 1.190365 -0.119055
4907.558693 1.181870 -0.141641 1.190327 -0.119276
4908.558807 1.181802 -0.141898 1.190290 -0.119497
4909.558921 1.181733 -0.142155 1.190253 -0.119718
4910.559034 1.181664 -0.142411 1.190215 -0.119939
4911.559148 1.181596 -0.142668 1.190177 -0.120160
4912.559262 1.181527 -0.142925 1.190140 -0.120381
4913.559376 1.181458 -0.143181 1.190102 -0.120602
4914.559490 1.181389 -0.143438 1.190064 -0.120823
4915.559604 1.181319 -0.143694 1.190027 -0.121044
4916.559718 1.181250 -0.143950 1.189989 -0.121265
4917.559831 1.181180 -0.144207 1.189951 -0.121486
4918.559945 1.181111 -0.144463 1.189913 -0.121707
4919.560059 1.181041 -0.144719 1.189875 -0.121927
4920.560173 1.180971 -0.144975 1.189836 -0.122148
4921.560287 1.180901 -0.145231 1.189798 -0.122369
4922.560401 1.180831 -0.145487 1.189760 -0.122589
4923.560515 1.180761 -0.145743 1.189722 -0.122810
4924.560628 1.180691 -0.145999 1.189683 -0.123031
4925.560742 1.180620 -0.146254 1.189645 -0.123251
4926.560856 1.180550 -0.146510 1.189606 -0.123472
4927.560970 1.180479 -0.146766 1.189567 -0.123692
4928.561084 1.180408 -0.147021 1.189529 -0.123913
4929.561198 1.180337 -0.147276 1.189490 -0.124133
4930.561312 1.180266 -0.147532 1.189451 -0.124354
4931.561425 1.180195 -0.147787 1.189412 -0.124574
4932.561539 1.180123 -0.148042 1.189373 -0.124795
4933.561653 1.180052 -0.148297 1.189334 -0.125015
4934.561767 1.179981 -0.148553 1.189295 -0.125235
4935.561881 1.179909 -0.148808 1.189255 -0.125455
4936.561995 1.179837 -0.149062 1.189216 -0.125676
4937.562109 1.179765 -0.149317 1.189177 -0.125896
4938.562222 1.179693 -0.149572 1.189137 -0.126116
4939.562336 1.179621 -0.149827 1.189098 -0.126336
4940.562450 1.179549 -0.150081 1.189058 -0.126556
4941.562564 1.179476 -0.150336 1.189019 -0.126776
4942.562678 1.179404 -0.150590 1.188979 -0.126996
4943.562792 1.179331 -0.150845 1.188939 -0.127216
4944.562906 1.179258 -0.151099 1.188899 -0.127436
4945.563019 1.179186 -0.151353 1.188859 -0.127656
4946.563133 1.179113 -0.151608 1.188819 -0.127876
4947.563247 1.179040 -0.151862 1.188779 -0.128096
4948.563361 1.178966 -0.152116 1.188739 -0.128316
4949.563475 1.178893 -0.152370 1.188699 -0.128536
4950.563589 1.178820 -0.152624 1.188659 -0.128755
4951.563703 1.178746 -0.152878 1.188618 -0.128975
4952.563816 1.178672 -0.153131 1.188578 -0.129195
4953.563930 1.178598 -0.153385 1.188537 -0.129415
4954.564044 1.178525 -0.153639 1.188497 -0.129634
4955.564158 1.178450 -0.153892 1.188456 -0.129854
4956.564272 1.178376 -0.154146 1.188416 -0.130073
4957.564386 1.178302 -0.154399 1.188375 -0.130293
4958.564500 1.178228 -0.154652 1.188334 -0.130512
4959.564613 1.178153 -0.154906 1.188293 -0.130732
4960.564727 1.178078 -0.155159 1.188252 -0.130951
4961.564841 1.178004 -0.155412 1.188211 -0.131171
4962.564955 1.177929 -0.155665 1.188170 -0.131390
4963.565069 1.177854 -0.155918 1.188129 -0.131609
4964.565183 1.177779 -0.156171 1.188087 -0.131829
4965.565297 1.177703 -0.156423 1.188046 -0.132048
4966.565410 1.177628 -0.156676 1.188005 -0.132267
4967.565524 1.177553 -0.156929 1.187963 -0.132486
4968.565638 1.177477 -0.157181 1.187922 -0.132705
4969.565752 1.177401 -0.157434 1.187880 -0.132924
4970.565866 1.177326 -0.157686 1.187838 -0.133144
4971.565980 1.177250 -0.157939 1.187797 -0.133363
4972.566094 1.177174 -0.158191 1.187755 -0.133582
4973.566207 1.177097 -0.158443 1.187713 -0.133801
4974.566321 1.177021 -0.158695 1.187671 -0.134020
4975.566435 1.176945 -0.158947 1.187629 -0.134238
4976.566549 1.176868 -0.159199 1.187587 -0.134457
4977.566663 1.176791 -0.159451 1.187545 -0.134676
4978.566777 1.176715 -0.159703 1.187503 -0.134895
4979.566891 1.176638 -0.159954 1.187460 -0.135114
4980.567004 1.176561 -0.160206 1.187418 -0.135332
4981.567118 1.176484 -0.160458 1.187375 -0.135551
4982.567232 1.176406 -0.160709 1.187333 -0.135770
4983.567346 1.176329 -0.160960 1.187290 -0.135988
4984.567460 1.176252 -0.161212 1.187248 -0.136207
4985.567574 1.176174 -0.161463 1.187205 -0.136425
4986.567688 1.176096 -0.161714 1.187162 -0.136644
4987.567801 1.176019 -0.161965 1.187119 -0.136862
4988.567915 1.175941 -0.162216 1.187076 -0.137081
4989.568029 1.175863 -0.162467 1.187033 -0.137299
4990.568143 1.175784 -0.162718 1.186990 -0.137518
4991.568257 1.175706 -0.162969 1.186947 -0.137736
4992.568371 1.175628 -0.163220 1.186904 -0.137954
4993.568485 1.175549 -0.163470 1.186861 -0.138173
4994.568598 1.175471 -0.163721 1.186817 -0.138391
4995.568712 1.175392 -0.163971 1.186774 -0.138609
4996.568826 1.175313 -0.164222 1.186730 -0.138827
4997.568940 1.175234 -0.164472 1.186687 -0.139045
4998.569054 1.175155 -0.164722 1.186643 -0.139263
4999.569168 1.175076 -0.164972 1.186600 -0.139481
5000.569282 1.174996 -0.165222 1.186556 -0.139699
5001.569395 1.174917 -0.165472 1.186512 -0.139917
5002.569509 1.174837 -0.165722 1.186468 -0.140135
5003.569623 1.174758 -0.165972 1.186424 -0.140353
5004.569737 1.174678 -0.166222 1.186380 -0.140571
5005.569851 1.174598 -0.166472 1.186336 -0.140789
5006.569965 1.174518 -0.166721 1.186292 -0.141007
5007.570079 1.174438 -0.166971 1.186247 -0.141224
5008.570192 1.174357 -0.167220 1.186203 -0.141442
5009.570306 1.174277 -0.167469 1.186159 -0.141660
5010.570420 1.174197 -0.167719 1.186114 -0.141877
5011.570534 1.174116 -0.167968 1.186070 -0.142095
5012.570648 1.174035 -0.168217 1.186025 -0.142312
5013.570762 1.173954 -0.168466 1.185980 -0.142530
5014.570876 1.173873 -0.168715 1.185936 -0.142747
5015.570989 1.173792 -0.168964 1.185891 -0.142965
5016.571103 1.173711 -0.169213 1.185846 -0.143182
5017.571217 1.173630 -0.169461 1.185801 -0.143400
5018.571331 1.173548 -0.169710 1.185756 -0.143617
5019.571445 1.173467 -0.169958 1.185711 -0.143834
5020.571559 1.173385 -0.170207 1.185666 -0.144052
5021.571673 1.173304 -0.170455 1.185621 -0.144269
5022.571786 1.173222 -0.170704 1.185575 -0.144486
5023.571900 1.173140 -0.170952 1.185530 -0.144703
5024.572014 1.173058 -0.171200 1.185484 -0.144920
5025.572128 1.172975 -0.171448 1.185439 -0.145137
5026.572242 1.172893 -0.171696 1.185393 -0.145354
5027.572356 1.172811 -0.171944 1.185348 -0.145571
5028.572470 1.172728 -0.172192 1.185302 -0.145788
5029.572583 1.172645 -0.172439 1.185256 -0.146005
5030.572697 1.172563 -0.172687 1.185210 -0.146222
5031.572811 1.172480 -0.172934 1.185164 -0.146439
5032.572925 1.172397 -0.173182 1.185118 -0.146656
5033.573039 1.172313 -0.173429 1.185072 -0.146872
5034.573153 1.172230 -0.173677 1.185026 -0.147089
5035.573267 1.172147 -0.173924 1.184980 -0.147306
5036.573380 1.172063 -0.174171 1.184934 -0.147522
5037.573494 1.171980 -0.174418 1.184887 -0.147739
5038.573608 1.171896 -0.174665 1.184841 -0.147956
5039.573722 1.171812 -0.174912 1.184795 -0.148172
5040.573836 1.171728 -0.175159 1.184748 -0.148389
5041.573950 1.171644 -0.175405 1.184701 -0.148605
5042.574064 1.171560 -0.175652 1.184655 -0.148821
5043.574177 1.171476 -0.175898 1.184608 -0.149038
5044.574291 1.171391 -0.176145 1.184561 -0.149254
5045.574405 1.171307 -0.176391 1.184514 -0.149470
5046.574519 1.171222 -0.176638 1.184467 -0.149687
5047.574633 1.171138 -0.176884 1.184420 -0.149903
5048.574747 1.171053 -0.177130 1.184373 -0.150119
5049.574861 1.170968 -0.177376 1.184326 -0.150335
5050.574974 1.170883 -0.177622 1.184279 -0.150551
5051.575088 1.170798 -0.177868 1.184231 -0.150767
5052.575202 1.170712 -0.178113 1.184184 -0.150983
5053.575316 1.170627 -0.178359 1.184136 -0.151199
5054.575430 1.170541 -0.178605 1.184089 -0.151415
5055.575544 1.170456 -0.178850 1.184041 -0.151631
5056.575658 1.170370 -0.179096 1.183994 -0.151847
5057.575771 1.170284 -0.179341 1.183946 -0.152063
5058.575885 1.170198 -0.179586 1.183898 -0.152278
5059.575999 1.170112 -0.179831 1.183850 -0.152494
5060.576113 1.170026 -0.180076 1.183802 -0.152710
5061.576227 1.169940 -0.180321 1.183754 -0.152925
5062.576341 1.169853 -0.180566 1.183706 -0.153141
5063.576455 1.169767 -0.180811 1.183658 -0.153357
5064.576568 1.169680 -0.181056 1.183610 -0.153572
5065.576682 1.169593 -0.181300 1.183562 -0.153788
5066.576796 1.169506 -0.181545 1.183513 -0.154003
5067.576910 1.169419 -0.181789 1.183465 -0.154218
5068.577024 1.169332 -0.182034 1.183416 -0.154434
5069.577138 1.169245 -0.182278 1.183368 -0.154649
5070.577252 1.169158 -0.182522 1.183319 -0.154864
5071.577365 1.169070 -0.182766 1.183270 -0.155080
5072.577479 1.168983 -0.183010 1.183222 -0.155295
5073.577593 1.168895 -0.183254 1.183173 -0.155510
5074.577707 1.168807 -0.183498 1.183124 -0.155725
5075.577821 1.168719 -0.183742 1.183075 -0.155940
5076.577935 1.168631 -0.183986 1.183026 -0.156155
5077.578049 1.168543 -0.184229 1.182977 -0.156370
5078.578162 1.168455 -0.184473 1.182928 -0.156585
5079.578276 1.168367 -0.184716 1.182878 -0.156800
5080.578390 1.168278 -0.184959 1.182829 -0.157015
5081.578504 1.168190 -0.185203 1.182780 -0.157230
5082.578618 1.168101 -0.185446 1.182730 -0.157444
5083.578732 1.168012 -0.185689 1.182681 -0.157659
5084.578845 1.167924 -0.185932 1.182631 -0.157874
5085.578959 1.167835 -0.186175 1.182581 -0.158088
5086.579073 1.167745 -0.186417 1.182532 -0.158303
5087.579187 1.167656 -0.186660 1.182482 -0.158518
5088.579301 1.167567 -0.186903 1.182432 -0.158732
5089.579415 1.167478 -0.187145 1.182382 -0.158947
5090.579529 1.167388 -0.187388 1.182332 -0.159161
5091.579642 1.167298 -0.187630 1.182282 -0.159375
5092.579756 1.167209 -0.187872 1.182232 -0.159590
5093.579870 1.167119 -0.188114 1.182181 -0.159804
5094.579984 1.167029 -0.188356 1.182131 -0.160018
5095.580098 1.166939 -0.188598 1.182081 -0.160233
5096.580212 1.166848 -0.188840 1.182030 -0.160447
5097.580326 1.166758 -0.189082 1.181980 -0.160661
5098.580439 1.166668 -0.189324 1.181929 -0.160875
5099.580553 1.166577 -0.189565 1.181879 -0.161089
5100.580667 1.166486 -0.189807 1.181828 -0.161303
5101.580781 1.166396 -0.190048 1.181777 -0.161517
5102.580895 1.166305 -0.190290 1.181726 -0.161731
5103.581009 1.166214 -0.190531 1.181675 -0.161945
5104.581123 1.166123 -0.190772 1.181624 -0.162159
5105.581236 1.166032 -0.191013 1.181573 -0.162372
5106.581350 1.165940 -0.191254 1.181522 -0.162586
5107.581464 1.165849 -0.191495 1.181471 -0.162800
5108.581578 1.165757 -0.191735 1.181420 -0.163013
5109.581692 1.165666 -0.191976 1.181368 -0.163227
5110.581806 1.165574 -0.192217 1.181317 -0.163441
5111.581920 1.165482 -0.192457 1.181266 -0.163654
5112.582033 1.165390 -0.192698 1.181214 -0.163868
5113.582147 1.165298 -0.192938 1.181162 -0.164081
5114.582261 1.165206 -0.193178 1.181111 -0.164294
5115.582375 1.165114 -0.193418 1.181059 -0.164508
5116.582489 1.165021 -0.193658 1.181007 -0.164721
5117.582603 1.164929 -0.193898 1.180955 -0.164934
5118.582717 1.164836 -0.194138 1.180903 -0.165148
5119.582830 1.164743 -0.194378 1.180851 -0.165361
5120.582944 1.164651 -0.194617 1.180799 -0.165574
5121.583058 1.164558 -0.194857 1.180747 -0.165787
5122.583172 1.164465 -0.195096 1.180695 -0.166000
5123.583286 1.164371 -0.195336 1.180643 -0.166213
5124.583400 1.164278 -0.195575 1.180590 -0.166426
5125.583514 1.164185 -0.195814 1.180538 -0.166639
5126.583627 1.164091 -0.196053 1.180485 -0.166852
5127.583741 1.163998 -0.196292 1.180433 -0.167065
5128.583855 1.163904 -0.196531 1.180380 -0.167277
5129.583969 1.163810 -0.196770 1.180327 -0.167490
5130.584083 1.163716 -0.197009 1.180275 -0.167703
5131.584197 1.163622 -0.197247 1.180222 -0.167915
5132.584311 1.163528 -0.197486 1.180169 -0.168128
5133.584424 1.163434 -0.197724 1.180116 -0.168341
5134.584538 1.163340 -0.197963 1.180063 -0.168553
5135.584652 1.163245 -0.198201 1.180010 -0.168765
5136.584766 1.163151 -0.198439 1.179956 -0.168978
5137.584880 1.163056 -0.198677 1.179903 -0.169190
5138.584994 1.162961 -0.198915 1.179850 -0.169403
5139.585108 1.162866 -0.199153 1.179796 -0.169615
5140.585221 1.162771 -0.199391 1.179743 -0.169827
5141.585335 1.162676 -0.199628 1.179689 -0.170039
5142.585449 1.162581 -0.199866 1.179636 -0.170251
5143.585563 1.162486 -0.200103 1.179582 -0.170463
5144.585677 1.162390 -0.200341 1.179528 -0.170675
5145.585791 1.162295 -0.200578 1.179475 -0.170887
5146.585905 1.162199 -0.200815 1.179421 -0.171099
5147.586018 1.162103 -0.201052 1.179367 -0.171311
5148.586132 1.162007 -0.201289 1.179313 -0.171523
5149.586246 1.161912 -0.201526 1.179259 -0.171735
5150.586360 1.161815 -0.201763 1.179205 -0.171947
5151.586474 1.161719 -0.201999 1.179150 -0.172159
5152.586588 1.161623 -0.202236 1.179096 -0.172370
5153.586702 1.161527 -0.202473 1.179042 -0.172582
5154.586815 1.161430 -0.202709 1.178987 -0.172793
5155.586929 1.161334 -0.202945 1.178933 -0.173005
5156.587043 1.161237 -0.203181 1.178878 -0.173216
5157.587157 1.161140 -0.203418 1.178824 -0.173428
5158.587271 1.161043 -0.203654 1.178769 -0.173639
5159.587385 1.160946 -0.203889 1.178714 -0.173851
5160.587499 1.160849 -0.204125 1.178659 -0.174062
5161.587612 1.160752 -0.204361 1.178604 -0.174273
5162.587726 1.160654 -0.204597 1.178549 -0.174484
5163.587840 1.160557 -0.204832 1.178494 -0.174695
5164.587954 1.160460 -0.205067 1.178439 -0.174907
5165.588068 1.160362 -0.205303 1.178384 -0.175118
5166.588182 1.160264 -0.205538 1.178329 -0.175329
5167.588296 1.160166 -0.205773 1.178273 -0.175540
5168.588409 1.160068 -0.206008 1.178218 -0.175751
5169.588523 1.159970 -0.206243 1.178163 -0.175961
5170.588637 1.159872 -0.206478 1.178107 -0.176172
5171.588751 1.159774 -0.206713 1.178051 -0.176383
5172.588865 1.159675 -0.206947 1.177996 -0.176594
5173.588979 1.159577 -0.207182 1.177940 -0.176804
5174.589093 1.159478 -0.207416 1.177884 -0.177015
5175.589206 1.159380 -0.207650 1.177828 -0.177226
5176.589320 1.159281 -0.207885 1.177772 -0.177436
5177.589434 1.159182 -0.208119 1.177716 -0.177647
5178.589548 1.159083 -0.208353 1.177660 -0.177857
5179.589662 1.158984 -0.208587 1.177604 -0.178068
5180.589776 1.158885 -0.208820 1.177548 -0.178278
5181.589890 1.158785 -0.209054 1.177492 -0.178488
5182.590003 1.158686 -0.209288 1.177435 -0.178698
5183.590117 1.158586 -0.209521 1.177379 -0.178909
5184.590231 1.158487 -0.209755 1.177322 -0.179119
5185.590345 1.158387 -0.209988 1.177266 -0.179329
5186.590459 1.158287 -0.210221 1.177209 -0.179539
5187.590573 1.158187 -0.210454 1.177153 -0.179749
5188.590687 1.158087 -0.210687 1.177096 -0.179959
5189.590800 1.157987 -0.210920 1.177039 -0.180169
5190.590914 1.157887 -0.211153 1.176982 -0.180379
5191.591028 1.157786 -0.211386 1.176925 -0.180588
5192.591142 1.157686 -0.211618 1.176868 -0.180798
5193.591256 1.157585 -0.211851 1.176811 -0.181008
5194.591370 1.157485 -0.212083 1.176754 -0.181218
5195.591484 1.157384 -0.212316 1.176697 -0.181427
5196.591597 1.157283 -0.212548 1.176639 -0.181637
5197.591711 1.157182 -0.212780 1.176582 -0.181846
5198.591825 1.157081 -0.213012 1.176525 -0.182056
5199.591939 1.156980 -0.213244 1.176467 -0.182265
5200.592053 1.156878 -0.213475 1.176409 -0.182475
5201.592167 1.156777 -0.213707 1.176352 -0.182684
5202.592281 1.156675 -0.213939 1.176294 -0.182893
5203.592394 1.156574 -0.214170 1.176236 -0.183102
5204.592508 1.156472 -0.214401 1.176178 -0.183311
5205.592622 1.156370 -0.214633 1.176120 -0.183521
5206.592736 1.156268 -0.214864 1.176062 -0.183730
5207.592850 1.156166 -0.215095 1.176004 -0.183939
5208.592964 1.156064 -0.215326 1.175946 -0.184148
5209.593078 1.155962 -0.215557 1.175888 -0.184357
5210.593191 1.155860 -0.215788 1.175830 -0.184565
5211.593305 1.155757 -0.216018 1.175772 -0.184774
5212.593419 1.155655 -0.216249 1.175713 -0.184983
5213.593533 1.155552 -0.216479 1.175655 -0.185192
5214.593647 1.155449 -0.216709 1.175596 -0.185400
5215.593761 1.155347 -0.216940 1.175538 -0.185609
5216.593875 1.155244 -0.217170 1.175479 -0.185818
5217.593988 1.155141 -0.217400 1.175420 -0.186026
5218.594102 1.155037 -0.217630 1.175361 -0.186234
5219.594216 1.154934 -0.217859 1.175302 -0.186443
5220.594330 1.154831 -0.218089 1.175243 -0.186651
5221.594444 1.154727 -0.218319 1.175184 -0.186860
5222.594558 1.154624 -0.218548 1.175125 -0.187068
5223.594672 1.154520 -0.218778 1.175066 -0.187276
5224.594785 1.154416 -0.219007 1.175007 -0.187484
5225.594899 1.154313 -0.219236 1.174948 -0.187692
5226.595013 1.154209 -0.219465 1.174888 -0.187900
5227.595127 1.154105 -0.219694 1.174829 -0.188108
5228.595241 1.154001 -0.219923 1.174769 -0.188316
5229.595355 1.153896 -0.220152 1.174710 -0.188524
5230.595469 1.153792 -0.220380 1.174650 -0.188732
5231.595582 1.153687 -0.220609 1.174591 -0.188940
5232.595696 1.153583 -0.220837 1.174531 -0.189148
5233.595810 1.153478 -0.221066 1.174471 -0.189355
5234.595924 1.153374 -0.221294 1.174411 -0.189563
5235.596038 1.153269 -0.221522 1.174351 -0.189770
5236.596152 1.153164 -0.221750 1.174291 -0.189978
5237.596266 1.153059 -0.221978 1.174231 -0.190185
5238.596379 1.152953 -0.222206 1.174171 -0.190393
5239.596493 1.152848 -0.222433 1.174111 -0.190600
5240.596607 1.152743 -0.222661 1.174050 -0.190808
5241.596721 1.152637 -0.222888 1.173990 -0.191015
5242.596835 1.152532 -0.223116 1.173929 -0.191222
5243.596949 1.152426 -0.223343 1.173869 -0.191429
5244.597063 1.152320 -0.223570 1.173808 -0.191636
5245.597176 1.152215 -0.223797 1.173748 -0.191843
5246.597290 1.152109 -0.224024 1.173687 -0.192050
5247.597404 1.152003 -0.224251 1.173626 -0.192257
5248.597518 1.151896 -0.224478 1.173565 -0.192464
5249.597632 1.151790 -0.224704 1.173504 -0.192671
5250.597746 1.151684 -0.224931 1.173443 -0.192878
5251.597860 1.151577 -0.225157 1.173382 -0.193085
5252.597973 1.151471 -0.225383 1.173321 -0.193291
5253.598087 1.151364 -0.225609 1.173260 -0.193498
5254.598201 1.151257 -0.225835 1.173199 -0.193705
5255.598315 1.151151 -0.226061 1.173138 -0.193911
5256.598429 1.151044 -0.226287 1.173076 -0.194118
5257.598543 1.150937 -0.226513 1.173015 -0.194324
5258.598656 1.150830 -0.226739 1.172953 -0.194530
5259.598770 1.150722 -0.226964 1.172892 -0.194737
5260.598884 1.150615 -0.227190 1.172830 -0.194943
5261.598998 1.150508 -0.227415 1.172768 -0.195149
5262.599112 1.150400 -0.227640 1.172706 -0.195355
5263.599226 1.150292 -0.227865 1.172644 -0.195561
5264.599340 1.150185 -0.228090 1.172583 -0.195767
5265.599453 1.150077 -0.228315 1.172521 -0.195973
5266.599567 1.149969 -0.228540 1.172458 -0.196179
5267.599681 1.149861 -0.228764 1.172396 -0.196385
5268.599795 1.149753 -0.228989 1.172334 -0.196591
5269.599909 1.149645 -0.229213 1.172272 -0.196797
5270.600023 1.149536 -0.229437 1.172209 -0.197003
5271.600137 1.149428 -0.229662 1.172147 -0.197208
5272.600250 1.149319 -0.229886 1.172085 -0.197414
5273.600364 1.149211 -0.230110 1.172022 -0.197619
5274.600478 1.149102 -0.230334 1.171959 -0.197825
5275.600592 1.148993 -0.230557 1.171897 -0.198030
5276.600706 1.148884 -0.230781 1.171834 -0.198236
5277.600820 1.148775 -0.231004 1.171771 -0.198441
5278.600934 1.148666 -0.231228 1.171708 -0.198646
5279.601047 1.148557 -0.231451 1.171645 -0.198852
5280.601161 1.148448 -0.231674 1.171582 -0.199057
5281.601275 1.148338 -0.231897 1.171519 -0.199262
5282.601389 1.148229 -0.232120 1.171456 -0.199467
5283.601503 1.148119 -0.232343 1.171393 -0.199672
5284.601617 1.148010 -0.232566 1.171330 -0.199877
5285.601731 1.147900 -0.232789 1.171266 -0.200082
5286.601844 1.147790 -0.233011 1.171203 -0.200287
5287.601958 1.147680 -0.233234 1.171139 -0.200491
5288.602072 1.147570 -0.233456 1.171076 -0.200696
5289.602186 1.147460 -0.233678 1.171012 -0.200901
5290.602300 1.147350 -0.233900 1.170948 -0.201106
5291.602414 1.147239 -0.234122 1.170885 -0.201310
5292.602528 1.147129 -0.234344 1.170821 -0.201515
5293.602641 1.147018 -0.234566 1.170757 -0.201719
5294.602755 1.146908 -0.234787 1.170693 -0.201923
5295.602869 1.146797 -0.235009 1.170629 -0.202128
5296.602983 1.146686 -0.235230 1.170565 -0.202332
5297.603097 1.146575 -0.235451 1.170501 -0.202536
5298.603211 1.146464 -0.235673 1.170436 -0.202740
5299.603325 1.146353 -0.235894 1.170372 -0.202945
5300.603438 1.146242 -0.236115 1.170308 -0.203149
5301.603552 1.146130 -0.236335 1.170243 -0.203353
5302.603666 1.146019 -0.236556 1.170179 -0.203557
5303.603780 1.145908 -0.236777 1.170114 -0.203760
5304.603894 1.145796 -0.236997 1.170050 -0.203964
5305.604008 1.145684 -0.237217 1.169985 -0.204168
5306.604122 1.145573 -0.237438 1.169920 -0.204372
5307.604235 1.145461 -0.237658 1.169855 -0.204575
5308.604349 1.145349 -0.237878 1.169790 -0.204779
5309.604463 1.145237 -0.238098 1.169725 -0.204983
5310.604577 1.145124 -0.238318 1.169660 -0.205186
5311.604691 1.145012 -0.238537 1.169595 -0.205390
5312.604805 1.144900 -0.238757 1.169530 -0.205593
5313.604919 1.144787 -0.238976 1.169465 -0.205796
5314.605032 1.144675 -0.239196 1.169400 -0.206000
5315.605146 1.144562 -0.239415 1.169334 -0.206203
5316.605260 1.144450 -0.239634 1.169269 -0.206406
5317.605374 1.144337 -0.239853 1.169203 -0.206609
5318.605488 1.144224 -0.240072 1.169138 -0.206812
5319.605602 1.144111 -0.240291 1.169072 -0.207015
5320.605716 1.143998 -0.240509 1.169006 -0.207218
5321.605829 1.143885 -0.240728 1.168940 -0.207421
5322.605943 1.143771 -0.240946 1.168875 -0.207624
5323.606057 1.143658 -0.241164 1.168809 -0.207826
5324.606171 1.143544 -0.241383 1.168743 -0.208029
5325.606285 1.143431 -0.241601 1.168677 -0.208232
5326.606399 1.143317 -0.241819 1.168610 -0.208434
5327.606513 1.143203 -0.242036 1.168544 -0.208637
5328.606626 1.143090 -0.242254 1.168478 -0.208839
5329.606740 1.142976 -0.242472 1.168412 -0.209042
5330.606854 1.142862 -0.242689 1.168345 -0.209244
5331.606968 1.142748 -0.242906 1.168279 -0.209446
5332.607082 1.142633 -0.243124 1.168212 -0.209648
5333.607196 1.142519 -0.243341 1.168146 -0.209851
5334.607310 1.142405 -0.243558 1.168079 -0.210053
5335.607423 1.142290 -0.243775 1.168012 -0.210255
5336.607537 1.142176 -0.243991 1.167946 -0.210457
5337.607651 1.142061 -0.244208 1.167879 -0.210659
5338.607765 1.141946 -0.244425 1.167812 -0.210860
5339.607879 1.141831 -0.244641 1.167745 -0.211062
5340.607993 1.141716 -0.244857 1.167678 -0.211264
5341.608107 1.141601 -0.245074 1.167611 -0.211466
5342.608220 1.141486 -0.245290 1.167543 -0.211667
5343.608334 1.141371 -0.245506 1.167476 -0.211869
5344.608448 1.141256 -0.245721 1.167409 -0.212070
5345.608562 1.141140 -0.245937 1.167341 -0.212272
5346.608676 1.141025 -0.246153 1.167274 -0.212473
5347.608790 1.140909 -0.246368 1.167206 -0.212675
5348.608904 1.140793 -0.246583 1.167139 -0.212876
5349.609017 1.140678 -0.246799 1.167071 -0.213077
5350.609131 1.140562 -0.247014 1.167003 -0.213278
5351.609245 1.140446 -0.247229 1.166936 -0.213479
5352.609359 1.140330 -0.247444 1.166868 -0.213680
5353.609473 1.140214 -0.247658 1.166800 -0.213881
5354.609587 1.140097 -0.247873 1.166732 -0.214082
5355.609701 1.139981 -0.248088 1.166664 -0.214283
5356.609814 1.139865 -0.248302 1.166596 -0.214484
5357.609928 1.139748 -0.248516 1.166527 -0.214685
5358.610042 1.139632 -0.248730 1.166459 -0.214885
5359.610156 1.139515 -0.248944 1.166391 -0.215086
5360.610270 1.139398 -0.249158 1.166323 -0.215286
5361.610384 1.139281 -0.249372 1.166254 -0.215487
5362.610498 1.139164 -0.249586 1.166186 -0.215687
5363.610611 1.139047 -0.249799 1.166117 -0.215888
5364.610725 1.138930 -0.250013 1.166048 -0.216088
5365.610839 1.138813 -0.250226 1.165980 -0.216288
5366.610953 1.138696 -0.250439 1.165911 -0.216488
5367.611067 1.138578 -0.250652 1.165842 -0.216689
5368.611181 1.138461 -0.250865 1.165773 -0.216889
5369.611295 1.138343 -0.251078 1.165704 -0.217089
5370.611408 1.138226 -0.251291 1.165635 -0.217289
5371.611522 1.138108 -0.251503 1.165566 -0.217489
5372.611636 1.137990 -0.251716 1.165497 -0.217688
5373.611750 1.137872 -0.251928 1.165427 -0.217888
5374.611864 1.137754 -0.252140 1.165358 -0.218088
5375.611978 1.137636 -0.252353 1.165289 -0.218287
5376.612092 1.137518 -0.252565 1.165219 -0.218487
5377.612205 1.137399 -0.252776 1.165150 -0.218687
5378.612319 1.137281 -0.252988 1.165080 -0.218886
5379.612433 1.137163 -0.253200 1.165010 -0.219085
5380.612547 1.137044 -0.253411 1.164941 -0.219285
5381.612661 1.136925 -0.253623 1.164871 -0.219484
5382.612775 1.136807 -0.253834 1.164801 -0.219683
5383.612889 1.136688 -0.254045 1.164731 -0.219882
5384.613002 1.136569 -0.254256 1.164661 -0.220081
5385.613116 1.136450 -0.254467 1.164591 -0.220280
5386.613230 1.136331 -0.254678 1.164521 -0.220479
5387.613344 1.136212 -0.254888 1.164451 -0.220678
5388.613458 1.136092 -0.255099 1.164380 -0.220877
5389.613572 1.135973 -0.255309 1.164310 -0.221076
5390.613686 1.135854 -0.255519 1.164240 -0.221275
5391.613799 1.135734 -0.255730 1.164169 -0.221473
5392.613913 1.135614 -0.255940 1.164099 -0.221672
5393.614027 1.135495 -0.256149 1.164028 -0.221870
5394.614141 1.135375 -0.256359 1.163957 -0.222069
5395.614255 1.135255 -0.256569 1.163887 -0.222267
5396.614369 1.135135 -0.256778 1.163816 -0.222465
5397.614483 1.135015 -0.256988 1.163745 -0.222664
5398.614596 1.134895 -0.257197 1.163674 -0.222862
5399.614710 1.134775 -0.257406 1.163603 -0.223060
5400.614824 1.134654 -0.257615 1.163532 -0.223258
5401.614938 1.134534 -0.257824 1.163461 -0.223456
5402.615052 1.134414 -0.258033 1.163390 -0.223654
5403.615166 1.134293 -0.258242 1.163318 -0.223852
5404.615280 1.134172 -0.258450 1.163247 -0.224050
5405.615393 1.134052 -0.258659 1.163176 -0.224247
5406.615507 1.133931 -0.258867 1.163104 -0.224445
5407.615621 1.133810 -0.259075 1.163033 -0.224643
5408.615735 1.133689 -0.259283 1.162961 -0.224840
5409.615849 1.133568 -0.259491 1.162889 -0.225038
5410.615963 1.133447 -0.259699 1.162818 -0.225235
5411.616077 1.133325 -0.259906 1.162746 -0.225433
5412.616190 1.133204 -0.260114 1.162674 -0.225630
5413.616304 1.133083 -0.260321 1.162602 -0.225827
5414.616418 1.132961 -0.260529 1.162530 -0.226024
5415.616532 1.132839 -0.260736 1.162458 -0.226222
5416.616646 1.132718 -0.260943 1.162386 -0.226419
5417.616760 1.132596 -0.261150 1.162314 -0.226616
5418.616874 1.132474 -0.261356 1.162241 -0.226812
5419.616987 1.132352 -0.261563 1.162169 -0.227009
5420.617101 1.132230 -0.261770 1.162097 -0.227206
5421.617215 1.132108 -0.261976 1.162024 -0.227403
5422.617329 1.131986 -0.262182 1.161952 -0.227599
5423.617443 1.131864 -0.262388 1.161879 -0.227796
5424.617557 1.131741 -0.262594 1.161806 -0.227993
5425.617670 1.131619 -0.262800 1.161734 -0.228189
5426.617784 1.131496 -0.263006 1.161661 -0.228385
5427.617898 1.131374 -0.263212 1.161588 -0.228582
5428.618012 1.131251 -0.263417 1.161515 -0.228778
5429.618126 1.131128 -0.263623 1.161442 -0.228974
5430.618240 1.131005 -0.263828 1.161369 -0.229170
5431.618354 1.130882 -0.264033 1.161296 -0.229366
5432.618467 1.130759 -0.264238 1.161223 -0.229563
5433.618581 1.130636 -0.264443 1.161150 -0.229758
5434.618695 1.130513 -0.264648 1.161076 -0.229954
5435.618809 1.130390 -0.264852 1.161003 -0.230150
5436.618923 1.130266 -0.265057 1.160929 -0.230346
5437.619037 1.130143 -0.265261 1.160856 -0.230542
5438.619151 1.130019 -0.265465 1.160782 -0.230737
5439.619264 1.129896 -0.265669 1.160709 -0.230933
5440.619378 1.129772 -0.265873 1.160635 -0.231128
5441.619492 1.129648 -0.266077 1.160561 -0.231324
5442.619606 1.129524 -0.266281 1.160487 -0.231519
5443.619720 1.129400 -0.266485 1.160413 -0.231714
5444.619834 1.129276 -0.266688 1.160339 -0.231909
5445.619948 1.129152 -0.266891 1.160265 -0.232105
5446.620061 1.129028 -0.267095 1.160191 -0.232300
5447.620175 1.128904 -0.267298 1.160117 -0.232495
5448.620289 1.128779 -0.267501 1.160043 -0.232690
5449.620403 1.128655 -0.267704 1.159969 -0.232885
5450.620517 1.128530 -0.267906 1.159894 -0.233079
5451.620631 1.128406 -0.268109 1.159820 -0.233274
5452.620745 1.128281 -0.268311 1.159745 -0.233469
5453.620858 1.128156 -0.268514 1.159671 -0.233663
5454.620972 1.128031 -0.268716 1.159596 -0.233858
5455.621086 1.127907 -0.268918 1.159521 -0.234052
5456.621200 1.127781 -0.269120 1.159447 -0.234247
5457.621314 1.127656 -0.269321 1.159372 -0.234441
5458.621428 1.127531 -0.269523 1.159297 -0.234635
5459.621542 1.127406 -0.269725 1.159222 -0.234830
5460.621655 1.127281 -0.269926 1.159147 -0.235024
5461.621769 1.127155 -0.270127 1.159072 -0.235218
5462.621883 1.127030 -0.270328 1.158997 -0.235412
5463.621997 1.126904 -0.270529 1.158921 -0.235606
5464.622111 1.126778 -0.270730 1.158846 -0.235800
5465.622225 1.126653 -0.270931 1.158771 -0.235993
5466.622339 1.126527 -0.271132 1.158695 -0.236187
5467.622452 1.126401 -0.271332 1.158620 -0.236381
5468.622566 1.126275 -0.271533 1.158544 -0.236574
5469.622680 1.126149 -0.271733 1.158469 -0.236768
5470.622794 1.126023 -0.271933 1.158393 -0.236961
5471.622908 1.125896 -0.272133 1.158317 -0.237155
5472.623022 1.125770 -0.272333 1.158241 -0.237348
5473.623136 1.125644 -0.272532 1.158166 -0.237541
5474.623249 1.125517 -0.272732 1.158090 -0.237735
5475.623363 1.125391 -0.272931 1.158014 -0.237928
5476.623477 1.125264 -0.273131 1.157938 -0.238121
5477.623591 1.125137 -0.273330 1.157861 -0.238314
5478.623705 1.125010 -0.273529 1.157785 -0.238507
5479.623819 1.124884 -0.273728 1.157709 -0.238700
5480.623933 1.124757 -0.273927 1.157633 -0.238892
5481.624046 1.124630 -0.274125 1.157556 -0.239085
5482.624160 1.124502 -0.274324 1.157480 -0.239278
5483.624274 1.124375 -0.274522 1.157403 -0.239470
5484.624388 1.124248 -0.274720 1.157327 -0.239663
5485.624502 1.124121 -0.274918 1.157250 -0.239855
5486.624616 1.123993 -0.275116 1.157173 -0.240047
5487.624730 1.123866 -0.275314 1.157096 -0.240240
5488.624843 1.123738 -0.275512 1.157019 -0.240432
5489.624957 1.123610 -0.275710 1.156943 -0.240624
5490.625071 1.123483 -0.275907 1.156866 -0.240816
5491.625185 1.123355 -0.276104 1.156788 -0.241008
5492.625299 1.123227 -0.276302 1.156711 -0.241200
5493.625413 1.123099 -0.276499 1.156634 -0.241392
5494.625527 1.122971 -0.276696 1.156557 -0.241584
5495.625640 1.122843 -0.276892 1.156480 -0.241776
5496.625754 1.122714 -0.277089 1.156402 -0.241967
5497.625868 1.122586 -0.277286 1.156325 -0.242159
5498.625982 1.122458 -0.277482 1.156247 -0.242350
5499.626096 1.122329 -0.277678 1.156170 -0.242542
5500.626210 1.122201 -0.277874 1.156092 -0.242733
5501.626324 1.122072 -0.278070 1.156014 -0.242924
5502.626437 1.121943 -0.278266 1.155937 -0.243116
5503.626551 1.121815 -0.278462 1.155859 -0.243307
5504.626665 1.121686 -0.278657 1.155781 -0.243498
5505.626779 1.121557 -0.278853 1.155703 -0.243689
5506.626893 1.121428 -0.279048 1.155625 -0.243880
5507.627007 1.121299 -0.279243 1.155547 -0.244071
5508.627121 1.121170 -0.279438 1.155468 -0.244262
5509.627234 1.121041 -0.279633 1.155390 -0.244452
5510.627348 1.120911 -0.279828 1.155312 -0.244643
5511.627462 1.120782 -0.280023 1.155234 -0.244834
5512.627576 1.120652 -0.280217 1.155155 -0.245024
5513.627690 1.120523 -0.280412 1.155077 -0.245215
5514.627804 1.120393 -0.280606 1.154998 -0.245405
5515.627918 1.120264 -0.280800 1.154919 -0.245595
5516.628031 1.120134 -0.280994 1.154841 -0.245785
5517.628145 1.120004 -0.281188 1.154762 -0.245976
5518.628259 1.119874 -0.281381 1.154683 -0.246166
5519.628373 1.119744 -0.281575 1.154604 -0.246356
5520.628487 1.119614 -0.281768 1.154525 -0.246546
5521.628601 1.119484 -0.281962 1.154446 -0.246736
5522.628715 1.119354 -0.282155 1.154367 -0.246925
5523.628828 1.119223 -0.282348 1.154288 -0.247115
5524.628942 1.119093 -0.282541 1.154209 -0.247305
5525.629056 1.118962 -0.282733 1.154130 -0.247494
5526.629170 1.118832 -0.282926 1.154050 -0.247684
5527.629284 1.118701 -0.283119 1.153971 -0.247873
5528.629398 1.118571 -0.283311 1.153891 -0.248063
5529.629512 1.118440 -0.283503 1.153812 -0.248252
5530.629625 1.118309 -0.283695 1.153732 -0.248441
5531.629739 1.118178 -0.283887 1.153653 -0.248630
5532.629853 1.118047 -0.284079 1.153573 -0.248819
5533.629967 1.117916 -0.284270 1.153493 -0.249008
5534.630081 1.117785 -0.284462 1.153413 -0.249197
5535.630195 1.117654 -0.284653 1.153333 -0.249386
5536.630309 1.117523 -0.284845 1.153253 -0.249575
5537.630422 1.117391 -0.285036 1.153173 -0.249764
5538.630536 1.117260 -0.285227 1.153093 -0.249952
5539.630650 1.117128 -0.285417 1.153013 -0.250141
5540.630764 1.116997 -0.285608 1.152933 -0.250329
5541.630878 1.116865 -0.285799 1.152852 -0.250518
5542.630992 1.116733 -0.285989 1.152772 -0.250706
5543.631106 1.116602 -0.286179 1.152692 -0.250895
5544.631219 1.116470 -0.286370 1.152611 -0.251083
5545.631333 1.116338 -0.286560 1.152531 -0.251271
5546.631447 1.116206 -0.286749 1.152450 -0.251459
5547.631561 1.116074 -0.286939 1.152369 -0.251647
5548.631675 1.115942 -0.287129 1.152288 -0.251835
5549.631789 1.115809 -0.287318 1.152208 -0.252023
5550.631903 1.115677 -0.287507 1.152127 -0.252210
5551.632016 1.115545 -0.287697 1.152046 -0.252398
5552.632130 1.115412 -0.287886 1.151965 -0.252586
5553.632244 1.115280 -0.288075 1.151884 -0.252773
5554.632358 1.115147 -0.288263 1.151803 -0.252961
5555.632472 1.115015 -0.288452 1.151721 -0.253148
5556.632586 1.114882 -0.288640 1.151640 -0.253335
5557.632700 1.114749 -0.288829 1.151559 -0.253523
5558.632813 1.114616 -0.289017 1.151477 -0.253710
5559.632927 1.114483 -0.289205 1.151396 -0.253897
5560.633041 1.114350 -0.289393 1.151314 -0.254084
5561.633155 1.114217 -0.289581 1.151233 -0.254271
5562.633269 1.114084 -0.289768 1.151151 -0.254458
5563.633383 1.113951 -0.289956 1.151069 -0.254644
5564.633497 1.113817 -0.290143 1.150987 -0.254831
5565.633610 1.113684 -0.290330 1.150906 -0.255018
5566.633724 1.113551 -0.290517 1.150824 -0.255204
5567.633838 1.113417 -0.290704 1.150742 -0.255391
5568.633952 1.113283 -0.290891 1.150660 -0.255577
5569.634066 1.113150 -0.291078 1.150578 -0.255763
5570.634180 1.113016 -0.291264 1.150495 -0.255950
5571.634294 1.112882 -0.291451 1.150413 -0.256136
5572.634407 1.112748 -0.291637 1.150331 -0.256322
5573.634521 1.112614 -0.291823 1.150248 -0.256508
5574.634635 1.112480 -0.292009 1.150166 -0.256694
5575.634749 1.112346 -0.292195 1.150083 -0.256880
5576.634863 1.112212 -0.292380 1.150001 -0.257066
5577.634977 1.112078 -0.292566 1.149918 -0.257251
5578.635091 1.111944 -0.292751 1.149836 -0.257437
5579.635204 1.111809 -0.292937 1.149753 -0.257623
5580.635318 1.111675 -0.293122 1.149670 -0.257808
5581.635432 1.111540 -0.293307 1.149587 -0.257993
5582.635546 1.111406 -0.293492 1.149504 -0.258179
5583.635660 1.111271 -0.293676 1.149421 -0.258364
5584.635774 1.111136 -0.293861 1.149338 -0.258549
5585.635888 1.111001 -0.294045 1.149255 -0.258734
5586.636001 1.110867 -0.294229 1.149172 -0.258919
5587.636115 1.110732 -0.294414 1.149088 -0.259104
5588.636229 1.110597 -0.294598 1.149005 -0.259289
5589.636343 1.110462 -0.294781 1.148922 -0.259474
5590.636457 1.110326 -0.294965 1.148838 -0.259659
5591.636571 1.110191 -0.295149 1.148755 -0.259843
5592.636685 1.110056 -0.295332 1.148671 -0.260028
5593.636798 1.109921 -0.295515 1.148587 -0.260212
5594.636912 1.109785 -0.295698 1.148504 -0.260397
5595.637026 1.109650 -0.295881 1.148420 -0.260581
5596.637140 1.109514 -0.296064 1.148336 -0.260765
5597.637254 1.109379 -0.296247 1.148252 -0.260950
5598.637368 1.109243 -0.296429 1.148168 -0.261134
5599.637481 1.109107 -0.296612 1.148084 -0.261318
5600.637595 1.108971 -0.296794 1.148000 -0.261502
5601.637709 1.108835 -0.296976 1.147916 -0.261686
5602.637823 1.108699 -0.297158 1.147832 -0.261869
5603.637937 1.108563 -0.297340 1.147747 -0.262053
5604.638051 1.108427 -0.297522 1.147663 -0.262237
5605.638165 1.108291 -0.297703 1.147579 -0.262420
5606.638278 1.108155 -0.297885 1.147494 -0.262604
5607.638392 1.108019 -0.298066 1.147410 -0.262787
5608.638506 1.107882 -0.298247 1.147325 -0.262970
5609.638620 1.107746 -0.298428 1.147240 -0.263154
5610.638734 1.107609 -0.298609 1.147156 -0.263337
5611.638848 1.107473 -0.298790 1.147071 -0.263520
5612.638962 1.107336 -0.298970 1.146986 -0.263703
5613.639075 1.107199 -0.299151 1.146901 -0.263886
5614.639189 1.107063 -0.299331 1.146816 -0.264069
5615.639303 1.106926 -0.299511 1.146731 -0.264251
5616.639417 1.106789 -0.299691 1.146646 -0.264434
5617.639531 1.106652 -0.299871 1.146561 -0.264617
5618.639645 1.106515 -0.300050 1.146475 -0.264799
5619.639759 1.106378 -0.300230 1.146390 -0.264982
5620.639872 1.106241 -0.300409 1.146305 -0.265164
5621.639986 1.106104 -0.300589 1.146219 -0.265346
5622.640100 1.105966 -0.300768 1.146134 -0.265529
5623.640214 1.105829 -0.300947 1.146048 -0.265711
5624.640328 1.105691 -0.301125 1.145962 -0.265893
5625.640442 1.105554 -0.301304 1.145877 -0.266075
5626.640556 1.105416 -0.301483 1.145791 -0.266257
5627.640669 1.105279 -0.301661 1.145705 -0.266438
5628.640783 1.105141 -0.301839 1.145619 -0.266620
5629.640897 1.105003 -0.302017 1.145533 -0.266802
5630.641011 1.104865 -0.302195 1.145447 -0.266983
5631.641125 1.104728 -0.302373 1.145361 -0.267165
5632.641239 1.104590 -0.302551 1.145275 -0.267346
5633.641353 1.104452 -0.302728 1.145189 -0.267528
5634.641466 1.104314 -0.302905 1.145103 -0.267709
5635.641580 1.104175 -0.303083 1.145016 -0.267890
5636.641694 1.104037 -0.303260 1.144930 -0.268071
5637.641808 1.103899 -0.303437 1.144843 -0.268252
5638.641922 1.103761 -0.303613 1.144757 -0.268433
5639.642036 1.103622 -0.303790 1.144670 -0.268614
5640.642150 1.103484 -0.303967 1.144584 -0.268795
5641.642263 1.103345 -0.304143 1.144497 -0.268975
5642.642377 1.103207 -0.304319 1.144410 -0.269156
5643.642491 1.103068 -0.304495 1.144323 -0.269336
5644.642605 1.102929 -0.304671 1.144237 -0.269517
5645.642719 1.102790 -0.304847 1.144150 -0.269697
5646.642833 1.102652 -0.305022 1.144063 -0.269877
5647.642947 1.102513 -0.305198 1.143975 -0.270058
5648.643060 1.102374 -0.305373 1.143888 -0.270238
5649.643174 1.102235 -0.305548 1.143801 -0.270418
5650.643288 1.102096 -0.305723 1.143714 -0.270598
5651.643402 1.101956 -0.305898 1.143626 -0.270778
5652.643516 1.101817 -0.306073 1.143539 -0.270957
5653.643630 1.101678 -0.306247 1.143452 -0.271137
5654.643744 1.101539 -0.306422 1.143364 -0.271317
5655.643857 1.101399 -0.306596 1.143276 -0.271496
5656.643971 1.101260 -0.306770 1.143189 -0.271676
5657.644085 1.101120 -0.306944 1.143101 -0.271855
5658.644199 1.100980 -0.307118 1.143013 -0.272034
5659.644313 1.100841 -0.307292 1.142925 -0.272213
5660.644427 1.100701 -0.307465 1.142838 -0.272393
5661.644541 1.100561 -0.307638 1.142750 -0.272572
5662.644654 1.100421 -0.307812 1.142662 -0.272751
5663.644768 1.100282 -0.307985 1.142573 -0.272929
5664.644882 1.100142 -0.308158 1.142485 -0.273108
5665.644996 1.100002 -0.308331 1.142397 -0.273287
5666.645110 1.099861 -0.308503 1.142309 -0.273466
5667.645224 1.099721 -0.308676 1.142220 -0.273644
5668.645338 1.099581 -0.308848 1.142132 -0.273823
5669.645451 1.099441 -0.309020 1.142044 -0.274001
5670.645565 1.099300 -0.309192 1.141955 -0.274179
5671.645679 1.099160 -0.309364 1.141866 -0.274357
5672.645793 1.099020 -0.309536 1.141778 -0.274536
5673.645907 1.098879 -0.309707 1.141689 -0.274714
5674.646021 1.098738 -0.309879 1.141600 -0.274892
5675.646135 1.098598 -0.310050 1.141511 -0.275069
5676.646248 1.098457 -0.310221 1.141422 -0.275247
5677.646362 1.098316 -0.310392 1.141333 -0.275425
5678.646476 1.098175 -0.310563 1.141244 -0.275603
5679.646590 1.098035 -0.310734 1.141155 -0.275780
5680.646704 1.097894 -0.310904 1.141066 -0.275958
5681.646818 1.097753 -0.311075 1.140977 -0.276135
5682.646932 1.097612 -0.311245 1.140888 -0.276312
5683.647045 1.097470 -0.311415 1.140798 -0.276489
5684.647159 1.097329 -0.311585 1.140709 -0.276666
5685.647273 1.097188 -0.311755 1.140619 -0.276844
5686.647387 1.097047 -0.311925 1.140530 -0.277020
5687.647501 1.096905 -0.312094 1.140440 -0.277197
5688.647615 1.096764 -0.312263 1.140351 -0.277374
5689.647729 1.096622 -0.312433 1.140261 -0.277551
5690.647842 1.096481 -0.312602 1.140171 -0.277727
5691.647956 1.096339 -0.312771 1.140081 -0.277904
5692.648070 1.096198 -0.312939 1.139991 -0.278080
5693.648184 1.096056 -0.313108 1.139901 -0.278257
5694.648298 1.095914 -0.313276 1.139811 -0.278433
5695.648412 1.095772 -0.313445 1.139721 -0.278609
5696.648526 1.095630 -0.313613 1.139631 -0.278785
5697.648639 1.095488 -0.313781 1.139541 -0.278961
5698.648753 1.095346 -0.313949 1.139451 -0.279137
5699.648867 1.095204 -0.314116 1.139360 -0.279313
5700.648981 1.095062 -0.314284 1.139270 -0.279489
5701.649095 1.094920 -0.314451 1.139179 -0.279664
5702.649209 1.094778 -0.314618 1.139089 -0.279840
5703.649323 1.094635 -0.314785 1.138998 -0.280015
5704.649436 1.094493 -0.314952 1.138907 -0.280191
5705.649550 1.094351 -0.315119 1.138817 -0.280366
5706.649664 1.094208 -0.315286 1.138726 -0.280541
5707.649778 1.094066 -0.315452 1.138635 -0.280717
5708.649892 1.093923 -0.315619 1.138544 -0.280892
5709.650006 1.093780 -0.315785 1.138453 -0.281067
5710.650120 1.093638 -0.315951 1.138362 -0.281241
5711.650233 1.093495 -0.316117 1.138271 -0.281416
5712.650347 1.093352 -0.316282 1.138180 -0.281591
5713.650461 1.093209 -0.316448 1.138089 -0.281766
5714.650575 1.093066 -0.316613 1.137997 -0.281940
5715.650689 1.092923 -0.316779 1.137906 -0.282115
5716.650803 1.092780 -0.316944 1.137815 -0.282289
5717.650917 1.092637 -0.317109 1.137723 -0.282463
5718.651030 1.092494 -0.317273 1.137632 -0.282637
5719.651144 1.092351 -0.317438 1.137540 -0.282811
5720.651258 1.092208 -0.317603 1.137448 -0.282986
5721.651372 1.092064 -0.317767 1.137357 -0.283159
5722.651486 1.091921 -0.317931 1.137265 -0.283333
5723.651600 1.091778 -0.318095 1.137173 -0.283507
5724.651714 1.091634 -0.318259 1.137081 -0.283681
5725.651827 1.091490 -0.318423 1.136989 -0.283854
5726.651941 1.091347 -0.318586 1.136897 -0.284028
5727.652055 1.091203 -0.318750 1.136805 -0.284201
5728.652169 1.091060 -0.318913 1.136713 -0.284374
5729.652283 1.090916 -0.319076 1.136621 -0.284548
5730.652397 1.090772 -0.319239 1.136528 -0.284721
5731.652511 1.090628 -0.319402 1.136436 -0.284894
5732.652624 1.090484 -0.319564 1.136344 -0.285067
5733.652738 1.090340 -0.319727 1.136251 -0.285240
5734.652852 1.090196 -0.319889 1.136159 -0.285412
5735.652966 1.090052 -0.320051 1.136066 -0.285585
5736.653080 1.089908 -0.320213 1.135973 -0.285758
5737.653194 1.089764 -0.320375 1.135881 -0.285930
5738.653308 1.089619 -0.320537 1.135788 -0.286103
5739.653421 1.089475 -0.320699 1.135695 -0.286275
5740.653535 1.089331 -0.320860 1.135602 -0.286447
5741.653649 1.089186 -0.321021 1.135509 -0.286619
5742.653763 1.089042 -0.321182 1.135416 -0.286792
5743.653877 1.088897 -0.321343 1.135323 -0.286964
5744.653991 1.088753 -0.321504 1.135230 -0.287135
5745.654105 1.088608 -0.321665 1.135137 -0.287307
5746.654218 1.088463 -0.321825 1.135044 -0.287479
5747.654332 1.088319 -0.321986 1.134950 -0.287651
5748.654446 1.088174 -0.322146 1.134857 -0.287822
5749.654560 1.088029 -0.322306 1.134763 -0.287994
5750.654674 1.087884 -0.322466 1.134670 -0.288165
5751.654788 1.087739 -0.322625 1.134576 -0.288336
5752.654902 1.087594 -0.322785 1.134483 -0.288507
5753.655015 1.087449 -0.322944 1.134389 -0.288678
5754.655129 1.087304 -0.323103 1.134295 -0.288849
5755.655243 1.087159 -0.323263 1.134202 -0.289020
5756.655357 1.087014 -0.323421 1.134108 -0.289191
5757.655471 1.086868 -0.323580 1.134014 -0.289362
5758.655585 1.086723 -0.323739 1.133920 -0.289532
5759.655699 1.086578 -0.323897 1.133826 -0.289703
5760.655812 1.086432 -0.324056 1.133732 -0.289873
5761.655926 1.086287 -0.324214 1.133637 -0.290044
5762.656040 1.086141 -0.324372 1.133543 -0.290214
5763.656154 1.085996 -0.324530 1.133449 -0.290384
5764.656268 1.085850 -0.324687 1.133354 -0.290554
5765.656382 1.085704 -0.324845 1.133260 -0.290724
5766.656496 1.085559 -0.325002 1.133165 -0.290894
5767.656609 1.085413 -0.325159 1.133071 -0.291064
5768.656723 1.085267 -0.325316 1.132976 -0.291234
5769.656837 1.085121 -0.325473 1.132882 -0.291403
5770.656951 1.084975 -0.325630 1.132787 -0.291573
5771.657065 1.084829 -0.325787 1.132692 -0.291742
5772.657179 1.084683 -0.325943 1.132597 -0.291912
5773.657292 1.084537 -0.326099 1.132502 -0.292081
5774.657406 1.084391 -0.326255 1.132407 -0.292250
5775.657520 1.084245 -0.326411 1.132312 -0.292419
5776.657634 1.084099 -0.326567 1.132217 -0.292588
5777.657748 1.083952 -0.326723 1.132122 -0.292757
5778.657862 1.083806 -0.326878 1.132027 -0.292926
5779.657976 1.083660 -0.327033 1.131932 -0.293095
5780.658089 1.083513 -0.327189 1.131836 -0.293263
5781.658203 1.083367 -0.327344 1.131741 -0.293432
5782.658317 1.083220 -0.327498 1.131645 -0.293600
5783.658431 1.083074 -0.327653 1.131550 -0.293769
5784.658545 1.082927 -0.327808 1.131454 -0.293937
5785.658659 1.082780 -0.327962 1.131359 -0.294105
5786.658773 1.082634 -0.328116 1.131263 -0.294273
5787.658886 1.082487 -0.328270 1.131167 -0.294441
5788.659000 1.082340 -0.328424 1.131071 -0.294609
5789.659114 1.082193 -0.328578 1.130975 -0.294777
5790.659228 1.082046 -0.328732 1.130879 -0.294944
5791.659342 1.081899 -0.328885 1.130783 -0.295112
5792.659456 1.081752 -0.329038 1.130687 -0.295279
5793.659570 1.081605 -0.329191 1.130591 -0.295447
5794.659683 1.081458 -0.329344 1.130495 -0.295614
5795.659797 1.081311 -0.329497 1.130399 -0.295781
5796.659911 1.081164 -0.329650 1.130302 -0.295949
5797.660025 1.081016 -0.329802 1.130206 -0.296116
5798.660139 1.080869 -0.329954 1.130110 -0.296283
5799.660253 1.080722 -0.330107 1.130013 -0.296449
5800.660367 1.080574 -0.330259 1.129917 -0.296616
5801.660480 1.080427 -0.330410 1.129820 -0.296783
5802.660594 1.080279 -0.330562 1.129723 -0.296949
5803.660708 1.080132 -0.330714 1.129627 -0.297116
5804.660822 1.079984 -0.330865 1.129530 -0.297282
5805.660936 1.079837 -0.331016 1.129433 -0.297449
5806.661050 1.079689 -0.331167 1.129336 -0.297615
5807.661164 1.079541 -0.331318 1.129239 -0.297781
5808.661277 1.079393 -0.331469 1.129142 -0.297947
5809.661391 1.079246 -0.331619 1.129045 -0.298113
5810.661505 1.079098 -0.331770 1.128948 -0.298279
5811.661619 1.078950 -0.331920 1.128850 -0.298444
5812.661733 1.078802 -0.332070 1.128753 -0.298610
5813.661847 1.078654 -0.332220 1.128656 -0.298775
5814.661961 1.078506 -0.332370 1.128558 -0.298941
5815.662074 1.078358 -0.332519 1.128461 -0.299106
5816.662188 1.078209 -0.332669 1.128363 -0.299271
5817.662302 1.078061 -0.332818 1.128266 -0.299437
5818.662416 1.077913 -0.332967 1.128168 -0.299602
5819.662530 1.077765 -0.333116 1.128071 -0.299767
5820.662644 1.077616 -0.333265 1.127973 -0.299931
5821.662758 1.077468 -0.333413 1.127875 -0.300096
5822.662871 1.077320 -0.333562 1.127777 -0.300261
5823.662985 1.077171 -0.333710 1.127679 -0.300425
5824.663099 1.077023 -0.333858 1.127581 -0.300590
5825.663213 1.076874 -0.334006 1.127483 -0.300754
5826.663327 1.076725 -0.334154 1.127385 -0.300919
5827.663441 1.076577 -0.334302 1.127287 -0.301083
5828.663555 1.076428 -0.334449 1.127188 -0.301247
5829.663668 1.076279 -0.334597 1.127090 -0.301411
5830.663782 1.076131 -0.334744 1.126992 -0.301575
5831.663896 1.075982 -0.334891 1.126893 -0.301738
5832.664010 1.075833 -0.335038 1.126795 -0.301902
5833.664124 1.075684 -0.335184 1.126696 -0.302066
5834.664238 1.075535 -0.335331 1.126598 -0.302229
5835.664352 1.075386 -0.335477 1.126499 -0.302393
5836.664465 1.075237 -0.335624 1.126400 -0.302556
5837.664579 1.075088 -0.335770 1.126302 -0.302719
5838.664693 1.074939 -0.335915 1.126203 -0.302882
5839.664807 1.074790 -0.336061 1.126104 -0.303045
5840.664921 1.074640 -0.336207 1.126005 -0.303208
5841.665035 1.074491 -0.336352 1.125906 -0.303371
5842.665149 1.074342 -0.336497 1.125807 -0.303534
5843.665262 1.074192 -0.336642 1.125708 -0.303697
5844.665376 1.074043 -0.336787 1.125608 -0.303859
5845.665490 1.073894 -0.336932 1.125509 -0.304022
5846.665604 1.073744 -0.337077 1.125410 -0.304184
5847.665718 1.073595 -0.337221 1.125310 -0.304346
5848.665832 1.073445 -0.337365 1.125211 -0.304508
5849.665946 1.073295 -0.337509 1.125111 -0.304670
5850.666059 1.073146 -0.337653 1.125012 -0.304832
5851.666173 1.072996 -0.337797 1.124912 -0.304994
5852.666287 1.072846 -0.337941 1.124813 -0.305156
5853.666401 1.072697 -0.338084 1.124713 -0.305318
5854.666515 1.072547 -0.338227 1.124613 -0.305479
5855.666629 1.072397 -0.338371 1.124513 -0.305641
5856.666743 1.072247 -0.338514 1.124413 -0.305802
5857.666856 1.072097 -0.338656 1.124313 -0.305963
5858.666970 1.071947 -0.338799 1.124213 -0.306124
5859.667084 1.071797 -0.338941 1.124113 -0.306285
5860.667198 1.071647 -0.339084 1.124013 -0.306446
5861.667312 1.071497 -0.339226 1.123913 -0.306607
5862.667426 1.071347 -0.339368 1.123813 -0.306768
5863.667540 1.071197 -0.339510 1.123712 -0.306929
5864.667653 1.071046 -0.339651 1.123612 -0.307089
5865.667767 1.070896 -0.339793 1.123511 -0.307250
5866.667881 1.070746 -0.339934 1.123411 -0.307410
5867.667995 1.070596 -0.340075 1.123310 -0.307570
5868.668109 1.070445 -0.340216 1.123210 -0.307730
5869.668223 1.070295 -0.340357 1.123109 -0.307891
5870.668337 1.070144 -0.340498 1.123008 -0.308050
5871.668450 1.069994 -0.340638 1.122907 -0.308210
5872.668564 1.069843 -0.340779 1.122807 -0.308370
5873.668678 1.069693 -0.340919 1.122706 -0.308530
5874.668792 1.069542 -0.341059 1.122605 -0.308689
5875.668906 1.069391 -0.341199 1.122504 -0.308849
5876.669020 1.069241 -0.341338 1.122402 -0.309008
5877.669134 1.069090 -0.341478 1.122301 -0.309167
5878.669247 1.068939 -0.341617 1.122200 -0.309327
5879.669361 1.068788 -0.341756 1.122099 -0.309486
5880.669475 1.068637 -0.341895 1.121997 -0.309645
5881.669589 1.068487 -0.342034 1.121896 -0.309804
5882.669703 1.068336 -0.342173 1.121795 -0.309962
5883.669817 1.068185 -0.342311 1.121693 -0.310121
5884.669931 1.068034 -0.342450 1.121592 -0.310280
5885.670044 1.067883 -0.342588 1.121490 -0.310438
5886.670158 1.067731 -0.342726 1.121388 -0.310596
5887.670272 1.067580 -0.342864 1.121286 -0.310755
5888.670386 1.067429 -0.343001 1.121185 -0.310913
5889.670500 1.067278 -0.343139 1.121083 -0.311071
5890.670614 1.067127 -0.343276 1.120981 -0.311229
5891.670728 1.066975 -0.343414 1.120879 -0.311387
5892.670841 1.066824 -0.343551 1.120777 -0.311544
5893.670955 1.066673 -0.343687 1.120675 -0.311702
5894.671069 1.066521 -0.343824 1.120573 -0.311860
5895.671183 1.066370 -0.343961 1.120470 -0.312017
5896.671297 1.066218 -0.344097 1.120368 -0.312174
5897.671411 1.066067 -0.344233 1.120266 -0.312332
5898.671525 1.065915 -0.344369 1.120163 -0.312489
5899.671638 1.065764 -0.344505 1.120061 -0.312646
5900.671752 1.065612 -0.344641 1.119958 -0.312803
5901.671866 1.065461 -0.344776 1.119856 -0.312960
5902.671980 1.065309 -0.344912 1.119753 -0.313116
5903.672094 1.065157 -0.345047 1.119650 -0.313273
5904.672208 1.065005 -0.345182 1.119548 -0.313429
5905.672322 1.064854 -0.345317 1.119445 -0.313586
5906.672435 1.064702 -0.345452 1.119342 -0.313742
5907.672549 1.064550 -0.345586 1.119239 -0.313898
5908.672663 1.064398 -0.345721 1.119136 -0.314054
5909.672777 1.064246 -0.345855 1.119033 -0.314210
5910.672891 1.064094 -0.345989 1.118930 -0.314366
5911.673005 1.063942 -0.346123 1.118827 -0.314522
5912.673119 1.063790 -0.346256 1.118724 -0.314678
5913.673232 1.063638 -0.346390 1.118620 -0.314833
5914.673346 1.063486 -0.346523 1.118517 -0.314989
5915.673460 1.063334 -0.346656 1.118414 -0.315144
5916.673574 1.063181 -0.346789 1.118310 -0.315300
5917.673688 1.063029 -0.346922 1.118207 -0.315455
5918.673802 1.062877 -0.347055 1.118103 -0.315610
5919.673916 1.062725 -0.347188 1.118000 -0.315765
5920.674029 1.062572 -0.347320 1.117896 -0.315920
5921.674143 1.062420 -0.347452 1.117792 -0.316074
5922.674257 1.062268 -0.347584 1.117688 -0.316229
5923.674371 1.062115 -0.347716 1.117584 -0.316384
5924.674485 1.061963 -0.347848 1.117481 -0.316538
5925.674599 1.061810 -0.347979 1.117377 -0.316692
5926.674713 1.061658 -0.348111 1.117273 -0.316847
5927.674826 1.061505 -0.348242 1.117168 -0.317001
5928.674940 1.061352 -0.348373 1.117064 -0.317155
5929.675054 1.061200 -0.348504 1.116960 -0.317309
5930.675168 1.061047 -0.348634 1.116856 -0.317463
5931.675282 1.060894 -0.348765 1.116752 -0.317616
5932.675396 1.060742 -0.348895 1.116647 -0.317770
5933.675510 1.060589 -0.349025 1.116543 -0.317923
5934.675623 1.060436 -0.349155 1.116438 -0.318077
5935.675737 1.060283 -0.349285 1.116334 -0.318230
5936.675851 1.060130 -0.349415 1.116229 -0.318383
5937.675965 1.059978 -0.349544 1.116124 -0.318536
5938.676079 1.059825 -0.349674 1.116020 -0.318689
5939.676193 1.059672 -0.349803 1.115915 -0.318842
5940.676307 1.059519 -0.349932 1.115810 -0.318995
5941.676420 1.059366 -0.350061 1.115705 -0.319148
5942.676534 1.059213 -0.350189 1.115600 -0.319300
5943.676648 1.059059 -0.350318 1.115495 -0.319453
5944.676762 1.058906 -0.350446 1.115390 -0.319605
5945.676876 1.058753 -0.350574 1.115285 -0.319757
5946.676990 1.058600 -0.350702 1.115180 -0.319909
5947.677103 1.058447 -0.350830 1.115075 -0.320061
5948.677217 1.058294 -0.350958 1.114969 -0.320213
5949.677331 1.058140 -0.351085 1.114864 -0.320365
5950.677445 1.057987 -0.351212 1.114759 -0.320517
5951.677559 1.057834 -0.351340 1.114653 -0.320668
5952.677673 1.057680 -0.351467 1.114548 -0.320820
5953.677787 1.057527 -0.351593 1.114442 -0.320971
5954.677900 1.057373 -0.351720 1.114336 -0.321122
5955.678014 1.057220 -0.351846 1.114231 -0.321274
5956.678128 1.057066 -0.351973 1.114125 -0.321425
5957.678242 1.056913 -0.352099 1.114019 -0.321576
5958.678356 1.056759 -0.352225 1.113913 -0.321726
5959.678470 1.056606 -0.352351 1.113807 -0.321877
5960.678584 1.056452 -0.352476 1.113701 -0.322028
5961.678697 1.056298 -0.352602 1.113595 -0.322178
5962.678811 1.056145 -0.352727 1.113489 -0.322329
5963.678925 1.055991 -0.352852 1.113383 -0.322479
5964.679039 1.055837 -0.352977 1.113277 -0.322629
5965.679153 1.055684 -0.353102 1.113170 -0.322779
5966.679267 1.055530 -0.353226 1.113064 -0.322929
5967.679381 1.055376 -0.353351 1.112958 -0.323079
5968.679494 1.055222 -0.353475 1.112851 -0.323229
5969.679608 1.055068 -0.353599 1.112745 -0.323379
5970.679722 1.054914 -0.353723 1.112638 -0.323528
5971.679836 1.054760 -0.353847 1.112532 -0.323678
5972.679950 1.054606 -0.353970 1.112425 -0.323827
5973.680064 1.054452 -0.354093 1.112318 -0.323976
5974.680178 1.054298 -0.354217 1.112211 -0.324125
5975.680291 1.054144 -0.354340 1.112105 -0.324274
5976.680405 1.053990 -0.354463 1.111998 -0.324423
5977.680519 1.053836 -0.354585 1.111891 -0.324572
5978.680633 1.053682 -0.354708 1.111784 -0.324721
5979.680747 1.053528 -0.354830 1.111677 -0.324869
5980.680861 1.053373 -0.354952 1.111570 -0.325018
5981.680975 1.053219 -0.355074 1.111462 -0.325166
5982.681088 1.053065 -0.355196 1.111355 -0.325314
5983.681202 1.052911 -0.355318 1.111248 -0.325462
5984.681316 1.052756 -0.355439 1.111141 -0.325610
5985.681430 1.052602 -0.355561 1.111033 -0.325758
5986.681544 1.052448 -0.355682 1.110926 -0.325906
5987.681658 1.052293 -0.355803 1.110818 -0.326054
5988.681772 1.052139 -0.355924 1.110711 -0.326201
5989.681885 1.051984 -0.356044 1.110603 -0.326349
5990.681999 1.051830 -0.356165 1.110495 -0.326496
5991.682113 1.051675 -0.356285 1.110387 -0.326643
5992.682227 1.051521 -0.356405 1.110280 -0.326790
5993.682341 1.051366 -0.356525 1.110172 -0.326937
5994.682455 1.051212 -0.356645 1.110064 -0.327084
5995.682569 1.051057 -0.356765 1.109956 -0.327231
5996.682682 1.050903 -0.356884 1.109848 -0.327378
5997.682796 1.050748 -0.357003 1.109740 -0.327524
5998.682910 1.050593 -0.357122 1.109632 -0.327671
5999.683024 1.050438 -0.357241 1.109523 -0.327817
6000.683138 1.050284 -0.357360 1.109415 -0.327963
6001.683252 1.050129 -0.357479 1.109307 -0.328110
6002.683366 1.049974 -0.357597 1.109199 -0.328256
6003.683479 1.049819 -0.357715 1.109090 -0.328401
6004.683593 1.049665 -0.357833 1.108982 -0.328547
6005.683707 1.049510 -0.357951 1.108873 -0.328693
6006.683821 1.049355 -0.358069 1.108765 -0.328839
6007.683935 1.049200 -0.358186 1.108656 -0.328984
6008.684049 1.049045 -0.358304 1.108547 -0.329129
6009.684163 1.048890 -0.358421 1.108438 -0.329275
6010.684276 1.048735 -0.358538 1.108330 -0.329420
6011.684390 1.048580 -0.358655 1.108221 -0.329565
6012.684504 1.048425 -0.358771 1.108112 -0.329710
6013.684618 1.048270 -0.358888 1.108003 -0.329854
6014.684732 1.048115 -0.359004 1.107894 -0.329999
6015.684846 1.047960 -0.359120 1.107785 -0.330144
6016.684960 1.047805 -0.359236 1.107676 -0.330288
6017.685073 1.047649 -0.359352 1.107566 -0.330432
6018.685187 1.047494 -0.359468 1.107457 -0.330577
6019.685301 1.047339 -0.359583 1.107348 -0.330721
6020.685415 1.047184 -0.359699 1.107238 -0.330865
6021.685529 1.047028 -0.359814 1.107129 -0.331009
6022.685643 1.046873 -0.359929 1.107019 -0.331152
6023.685757 1.046718 -0.360043 1.106910 -0.331296
6024.685870 1.046563 -0.360158 1.106800 -0.331440
6025.685984 1.046407 -0.360272 1.106691 -0.331583
6026.686098 1.046252 -0.360387 1.106581 -0.331726
6027.686212 1.046096 -0.360501 1.106471 -0.331870
6028.686326 1.045941 -0.360615 1.106361 -0.332013
6029.686440 1.045786 -0.360728 1.106251 -0.332156
6030.686554 1.045630 -0.360842 1.106142 -0.332298
6031.686667 1.045475 -0.360955 1.106032 -0.332441
6032.686781 1.045319 -0.361068 1.105922 -0.332584
6033.686895 1.045164 -0.361181 1.105811 -0.332726
6034.687009 1.045008 -0.361294 1.105701 -0.332869
6035.687123 1.044853 -0.361407 1.105591 -0.333011
6036.687237 1.044697 -0.361519 1.105481 -0.333153
6037.687351 1.044541 -0.361632 1.105371 -0.333295
6038.687464 1.044386 -0.361744 1.105260 -0.333437
6039.687578 1.044230 -0.361856 1.105150 -0.333579
6040.687692 1.044074 -0.361968 1.105039 -0.333721
6041.687806 1.043919 -0.362079 1.104929 -0.333862
6042.687920 1.043763 -0.362191 1.104818 -0.334004
6043.688034 1.043607 -0.362302 1.104707 -0.334145
6044.688148 1.043451 -0.362413 1.104597 -0.334286
6045.688261 1.043296 -0.362524 1.104486 -0.334428
6046.688375 1.043140 -0.362635 1.104375 -0.334569
6047.688489 1.042984 -0.362745 1.104264 -0.334710
6048.688603 1.042828 -0.362856 1.104153 -0.334850
6049.688717 1.042672 -0.362966 1.104042 -0.334991
6050.688831 1.042516 -0.363076 1.103931 -0.335132
6051.688945 1.042360 -0.363186 1.103820 -0.335272
6052.689058 1.042205 -0.363295 1.103709 -0.335412
6053.689172 1.042049 -0.363405 1.103598 -0.335553
6054.689286 1.041893 -0.363514 1.103487 -0.335693
6055.689400 1.041737 -0.363623 1.103375 -0.335833
6056.689514 1.041581 -0.363732 1.103264 -0.335973
6057.689628 1.041425 -0.363841 1.103153 -0.336112
6058.689742 1.041269 -0.363950 1.103041 -0.336252
6059.689855 1.041113 -0.364058 1.102930 -0.336391
6060.689969 1.040956 -0.364166 1.102818 -0.336531
6061.690083 1.040800 -0.364275 1.102706 -0.336670
6062.690197 1.040644 -0.364382 1.102595 -0.336809
6063.690311 1.040488 -0.364490 1.102483 -0.336948
6064.690425 1.040332 -0.364598 1.102371 -0.337087
6065.690539 1.040176 -0.364705 1.102259 -0.337226
6066.690652 1.040020 -0.364812 1.102147 -0.337365
6067.690766 1.039863 -0.364919 1.102035 -0.337503
6068.690880 1.039707 -0.365026 1.101923 -0.337642
6069.690994 1.039551 -0.365133 1.101811 -0.337780
6070.691108 1.039395 -0.365240 1.101699 -0.337918
6071.691222 1.039238 -0.365346 1.101587 -0.338056
6072.691336 1.039082 -0.365452 1.101475 -0.338194
6073.691449 1.038926 -0.365558 1.101362 -0.338332
6074.691563 1.038769 -0.365664 1.101250 -0.338470
6075.691677 1.038613 -0.365769 1.101138 -0.338608
6076.691791 1.038457 -0.365875 1.101025 -0.338745
6077.691905 1.038300 -0.365980 1.100913 -0.338883
6078.692019 1.038144 -0.366085 1.100800 -0.339020
6079.692133 1.037987 -0.366190 1.100688 -0.339157
6080.692246 1.037831 -0.366295 1.100575 -0.339294
6081.692360 1.037674 -0.366400 1.100462 -0.339431
6082.692474 1.037518 -0.366504 1.100349 -0.339568
6083.692588 1.037362 -0.366608 1.100237 -0.339704
6084.692702 1.037205 -0.366712 1.100124 -0.339841
6085.692816 1.037048 -0.366816 1.100011 -0.339977
6086.692930 1.036892 -0.366920 1.099898 -0.340114
6087.693043 1.036735 -0.367023 1.099785 -0.340250
6088.693157 1.036579 -0.367127 1.099672 -0.340386
6089.693271 1.036422 -0.367230 1.099558 -0.340522
6090.693385 1.036266 -0.367333 1.099445 -0.340658
6091.693499 1.036109 -0.367435 1.099332 -0.340794
6092.693613 1.035952 -0.367538 1.099219 -0.340929
6093.693727 1.035796 -0.367640 1.099105 -0.341065
6094.693840 1.035639 -0.367743 1.098992 -0.341200
6095.693954 1.035482 -0.367845 1.098878 -0.341335
6096.694068 1.035326 -0.367947 1.098765 -0.341470
6097.694182 1.035169 -0.368048 1.098651 -0.341605
6098.694296 1.035012 -0.368150 1.098538 -0.341740
6099.694410 1.034855 -0.368251 1.098424 -0.341875
6100.694524 1.034699 -0.368353 1.098310 -0.342010
6101.694637 1.034542 -0.368454 1.098196 -0.342144
6102.694751 1.034385 -0.368554 1.098082 -0.342279
6103.694865 1.034228 -0.368655 1.097969 -0.342413
6104.694979 1.034072 -0.368755 1.097855 -0.342547
6105.695093 1.033915 -0.368856 1.097741 -0.342681
6106.695207 1.033758 -0.368956 1.097626 -0.342815
6107.695321 1.033601 -0.369056 1.097512 -0.342949
6108.695434 1.033444 -0.369156 1.097398 -0.343083
6109.695548 1.033287 -0.369255 1.097284 -0.343216
6110.695662 1.033130 -0.369355 1.097170 -0.343350
6111.695776 1.032973 -0.369454 1.097055 -0.343483
6112.695890 1.032817 -0.369553 1.096941 -0.343616
6113.696004 1.032660 -0.369652 1.096826 -0.343749
6114.696117 1.032503 -0.369750 1.096712 -0.343882
6115.696231 1.032346 -0.369849 1.096597 -0.344015
6116.696345 1.032189 -0.369947 1.096483 -0.344148
6117.696459 1.032032 -0.370045 1.096368 -0.344280
6118.696573 1.031875 -0.370143 1.096253 -0.344413
6119.696687 1.031718 -0.370241 1.096139 -0.344545
6120.696801 1.031561 -0.370339 1.096024 -0.344677
6121.696914 1.031404 -0.370436 1.095909 -0.344809
6122.697028 1.031247 -0.370533 1.095794 -0.344941
6123.697142 1.031090 -0.370630 1.095679 -0.345073
6124.697256 1.030932 -0.370727 1.095564 -0.345205
6125.697370 1.030775 -0.370824 1.095449 -0.345337
6126.697484 1.030618 -0.370921 1.095334 -0.345468
6127.697598 1.030461 -0.371017 1.095219 -0.345599
6128.697711 1.030304 -0.371113 1.095103 -0.345731
6129.697825 1.030147 -0.371209 1.094988 -0.345862
6130.697939 1.029990 -0.371305 1.094873 -0.345993
6131.698053 1.029833 -0.371401 1.094757 -0.346124
6132.698167 1.029675 -0.371496 1.094642 -0.346254
6133.698281 1.029518 -0.371591 1.094526 -0.346385
6134.698395 1.029361 -0.371686 1.094411 -0.346515
6135.698508 1.029204 -0.371781 1.094295 -0.346646
6136.698622 1.029047 -0.371876 1.094180 -0.346776
6137.698736 1.028889 -0.371971 1.094064 -0.346906
6138.698850 1.028732 -0.372065 1.093948 -0.347036
6139.698964 1.028575 -0.372159 1.093832 -0.347166
6140.699078 1.028418 -0.372253 1.093716 -0.347296
6141.699192 1.028260 -0.372347 1.093600 -0.347425
6142.699305 1.028103 -0.372441 1.093484 -0.347555
6143.699419 1.027946 -0.372534 1.093368 -0.347684
6144.699533 1.027789 -0.372627 1.093252 -0.347814
6145.699647 1.027631 -0.372721 1.093136 -0.347943
6146.699761 1.027474 -0.372814 1.093020 -0.348072
6147.699875 1.027317 -0.372906 1.092904 -0.348201
6148.699989 1.027159 -0.372999 1.092787 -0.348329
6149.700102 1.027002 -0.373091 1.092671 -0.348458
6150.700216 1.026845 -0.373183 1.092555 -0.348586
6151.700330 1.026687 -0.373275 1.092438 -0.348715
6152.700444 1.026530 -0.373367 1.092322 -0.348843
6153.700558 1.026373 -0.373459 1.092205 -0.348971
6154.700672 1.026215 -0.373550 1.092089 -0.349099
6155.700786 1.026058 -0.373642 1.091972 -0.349227
6156.700899 1.025900 -0.373733 1.091855 -0.349355
6157.701013 1.025743 -0.373824 1.091738 -0.349482
6158.701127 1.025586 -0.373915 1.091622 -0.349610
6159.701241 1.025428 -0.374005 1.091505 -0.349737
6160.701355 1.025271 -0.374096 1.091388 -0.349864
6161.701469 1.025113 -0.374186 1.091271 -0.349992
6162.701583 1.024956 -0.374276 1.091154 -0.350119
6163.701696 1.024798 -0.374366 1.091037 -0.350245
6164.701810 1.024641 -0.374455 1.090920 -0.350372
6165.701924 1.024483 -0.374545 1.090802 -0.350499
6166.702038 1.024326 -0.374634 1.090685 -0.350625
6167.702152 1.024168 -0.374723 1.090568 -0.350752
6168.702266 1.024011 -0.374812 1.090451 -0.350878
6169.702380 1.023853 -0.374901 1.090333 -0.351004
6170.702493 1.023696 -0.374990 1.090216 -0.351130
6171.702607 1.023538 -0.375078 1.090098 -0.351256
6172.702721 1.023381 -0.375166 1.089981 -0.351381
6173.702835 1.023223 -0.375254 1.089863 -0.351507
6174.702949 1.023066 -0.375342 1.089746 -0.351633
6175.703063 1.022908 -0.375430 1.089628 -0.351758
6176.703177 1.022751 -0.375517 1.089510 -0.351883
6177.703290 1.022593 -0.375604 1.089392 -0.352008
6178.703404 1.022436 -0.375692 1.089274 -0.352133
6179.703518 1.022278 -0.375779 1.089157 -0.352258
6180.703632 1.022121 -0.375865 1.089039 -0.352383
6181.703746 1.021963 -0.375952 1.088921 -0.352507
6182.703860 1.021805 -0.376038 1.088803 -0.352632
6183.703974 1.021648 -0.376125 1.088684 -0.352756
6184.704087 1.021490 -0.376211 1.088566 -0.352880
6185.704201 1.021333 -0.376296 1.088448 -0.353004
6186.704315 1.021175 -0.376382 1.088330 -0.353128
6187.704429 1.021017 -0.376468 1.088212 -0.353252
6188.704543 1.020860 -0.376553 1.088093 -0.353376
6189.704657 1.020702 -0.376638 1.087975 -0.353499
6190.704771 1.020545 -0.376723 1.087856 -0.353622
6191.704884 1.020387 -0.376808 1.087738 -0.353746
6192.704998 1.020229 -0.376892 1.087619 -0.353869
6193.705112 1.020072 -0.376977 1.087501 -0.353992
6194.705226 1.019914 -0.377061 1.087382 -0.354115
6195.705340 1.019756 -0.377145 1.087263 -0.354238
6196.705454 1.019599 -0.377229 1.087144 -0.354360
6197.705568 1.019441 -0.377312 1.087026 -0.354483
6198.705681 1.019283 -0.377396 1.086907 -0.354605
6199.705795 1.019126 -0.377479 1.086788 -0.354727
6200.705909 1.018968 -0.377562 1.086669 -0.354849
6201.706023 1.018810 -0.377645 1.086550 -0.354971
6202.706137 1.018653 -0.377728 1.086431 -0.355093
6203.706251 1.018495 -0.377810 1.086312 -0.355215
6204.706365 1.018337 -0.377893 1.086192 -0.355337
6205.706478 1.018180 -0.377975 1.086073 -0.355458
6206.706592 1.018022 -0.378057 1.085954 -0.355579
6207.706706 1.017864 -0.378139 1.085835 -0.355701
6208.706820 1.017707 -0.378220 1.085715 -0.355822
6209.706934 1.017549 -0.378302 1.085596 -0.355943
6210.707048 1.017391 -0.378383 1.085476 -0.356063
6211.707162 1.017234 -0.378464 1.085357 -0.356184
6212.707275 1.017076 -0.378545 1.085237 -0.356305
6213.707389 1.016918 -0.378626 1.085118 -0.356425
6214.707503 1.016760 -0.378706 1.084998 -0.356545
6215.707617 1.016603 -0.378787 1.084878 -0.356665
6216.707731 1.016445 -0.378867 1.084758 -0.356785
6217.707845 1.016287 -0.378947 1.084639 -0.356905
6218.707959 1.016130 -0.379027 1.084519 -0.357025
6219.708072 1.015972 -0.379106 1.084399 -0.357145
6220.708186 1.015814 -0.379186 1.084279 -0.357264
6221.708300 1.015657 -0.379265 1.084159 -0.357383
6222.708414 1.015499 -0.379344 1.084039 -0.357503
6223.708528 1.015341 -0.379423 1.083919 -0.357622
6224.708642 1.015183 -0.379502 1.083798 -0.357741
6225.708756 1.015026 -0.379580 1.083678 -0.357860
6226.708869 1.014868 -0.379658 1.083558 -0.357978
6227.708983 1.014710 -0.379737 1.083437 -0.358097
6228.709097 1.014553 -0.379815 1.083317 -0.358215
6229.709211 1.014395 -0.379892 1.083197 -0.358334
6230.709325 1.014237 -0.379970 1.083076 -0.358452
6231.709439 1.014079 -0.380047 1.082956 -0.358570
6232.709553 1.013922 -0.380125 1.082835 -0.358688
6233.709666 1.013764 -0.380202 1.082714 -0.358805
6234.709780 1.013606 -0.380278 1.082594 -0.358923
6235.709894 1.013448 -0.380355 1.082473 -0.359040
6236.710008 1.013291 -0.380432 1.082352 -0.359158
6237.710122 1.013133 -0.380508 1.082231 -0.359275
6238.710236 1.012975 -0.380584 1.082111 -0.359392
6239.710350 1.012818 -0.380660 1.081990 -0.359509
6240.710463 1.012660 -0.380736 1.081869 -0.359626
6241.710577 1.012502 -0.380811 1.081748 -0.359743
6242.710691 1.012344 -0.380887 1.081627 -0.359859
6243.710805 1.012187 -0.380962 1.081505 -0.359976
6244.710919 1.012029 -0.381037 1.081384 -0.360092
6245.711033 1.011871 -0.381112 1.081263 -0.360208
6246.711147 1.011714 -0.381186 1.081142 -0.360324
6247.711260 1.011556 -0.381261 1.081020 -0.360440
6248.711374 1.011398 -0.381335 1.080899 -0.360556
6249.711488 1.011241 -0.381409 1.080778 -0.360671
6250.711602 1.011083 -0.381483 1.080656 -0.360787
6251.711716 1.010925 -0.381557 1.080535 -0.360902
6252.711830 1.010767 -0.381630 1.080413 -0.361017
6253.711944 1.010610 -0.381703 1.080291 -0.361132
6254.712057 1.010452 -0.381777 1.080170 -0.361247
6255.712171 1.010294 -0.381850 1.080048 -0.361362
6256.712285 1.010137 -0.381922 1.079926 -0.361477
6257.712399 1.009979 -0.381995 1.079804 -0.361591
6258.712513 1.009821 -0.382067 1.079683 -0.361706
6259.712627 1.009664 -0.382140 1.079561 -0.361820
6260.712741 1.009506 -0.382212 1.079439 -0.361934
6261.712854 1.009348 -0.382283 1.079317 -0.362048
6262.712968 1.009191 -0.382355 1.079195 -0.362162
6263.713082 1.009033 -0.382427 1.079073 -0.362276
6264.713196 1.008875 -0.382498 1.078950 -0.362389
6265.713310 1.008718 -0.382569 1.078828 -0.362503
6266.713424 1.008560 -0.382640 1.078706 -0.362616
6267.713538 1.008402 -0.382711 1.078584 -0.362729
6268.713651 1.008245 -0.382781 1.078461 -0.362842
6269.713765 1.008087 -0.382852 1.078339 -0.362955
6270.713879 1.007929 -0.382922 1.078216 -0.363068
6271.713993 1.007772 -0.382992 1.078094 -0.363180
6272.714107 1.007614 -0.383061 1.077971 -0.363293
6273.714221 1.007457 -0.383131 1.077849 -0.363405
6274.714335 1.007299 -0.383201 1.077726 -0.363517
6275.714448 1.007141 -0.383270 1.077604 -0.363629
6276.714562 1.006984 -0.383339 1.077481 -0.363741
6277.714676 1.006826 -0.383408 1.077358 -0.363853
6278.714790 1.006668 -0.383476 1.077235 -0.363965
6279.714904 1.006511 -0.383545 1.077112 -0.364076
6280.715018 1.006353 -0.383613 1.076989 -0.364188
6281.715132 1.006196 -0.383681 1.076866 -0.364299
6282.715245 1.006038 -0.383749 1.076743 -0.364410
6283.715359 1.005881 -0.383817 1.076620 -0.364521
6284.715473 1.005723 -0.383885 1.076497 -0.364632
6285.715587 1.005565 -0.383952 1.076374 -0.364742
6286.715701 1.005408 -0.384019 1.076251 -0.364853
6287.715815 1.005250 -0.384086 1.076127 -0.364963
6288.715928 1.005093 -0.384153 1.076004 -0.365074
6289.716042 1.004935 -0.384220 1.075881 -0.365184
6290.716156 1.004778 -0.384286 1.075757 -0.365294
6291.716270 1.004620 -0.384352 1.075634 -0.365404
6292.716384 1.004463 -0.384418 1.075510 -0.365513
6293.716498 1.004305 -0.384484 1.075387 -0.365623
6294.716612 1.004148 -0.384550 1.075263 -0.365732
6295.716725 1.003990 -0.384615 1.075140 -0.365842
6296.716839 1.003833 -0.384681 1.075016 -0.365951
6297.716953 1.003675 -0.384746 1.074892 -0.366060
6298.717067 1.003518 -0.384811 1.074768 -0.366169
6299.717181 1.003360 -0.384876 1.074645 -0.366277
6300.717295 1.003203 -0.384940 1.074521 -0.366386
6301.717409 1.003045 -0.385005 1.074397 -0.366494
6302.717522 1.002888 -0.385069 1.074273 -0.366603
6303.717636 1.002730 -0.385133 1.074149 -0.366711
6304.717750 1.002573 -0.385197 1.074025 -0.366819
6305.717864 1.002416 -0.385260 1.073901 -0.366927
6306.717978 1.002258 -0.385324 1.073776 -0.367035
6307.718092 1.002101 -0.385387 1.073652 -0.367142
6308.718206 1.001943 -0.385450 1.073528 -0.367250
6309.718319 1.001786 -0.385513 1.073404 -0.367357
6310.718433 1.001629 -0.385576 1.073279 -0.367464
6311.718547 1.001471 -0.385638 1.073155 -0.367571
6312.718661 1.001314 -0.385700 1.073030 -0.367678
6313.718775 1.001156 -0.385762 1.072906 -0.367785
6314.718889 1.000999 -0.385824 1.072781 -0.367891
6315.719003 1.000842 -0.385886 1.072657 -0.367998
6316.719116 1.000684 -0.385948 1.072532 -0.368104
6317.719230 1.000527 -0.386009 1.072407 -0.368210
6318.719344 1.000370 -0.386070 1.072283 -0.368316
6319.719458 1.000213 -0.386131 1.072158 -0.368422
6320.719572 1.000055 -0.386192 1.072033 -0.368528
6321.719686 0.999898 -0.386253 1.071908 -0.368634
6322.719800 0.999741 -0.386313 1.071783 -0.368739
6323.719913 0.999583 -0.386373 1.071658 -0.368845
6324.720027 0.999426 -0.386434 1.071533 -0.368950
6325.720141 0.999269 -0.386493 1.071408 -0.369055
6326.720255 0.999112 -0.386553 1.071283 -0.369160
6327.720369 0.998955 -0.386613 1.071158 -0.369264
6328.720483 0.998797 -0.386672 1.071033 -0.369369
6329.720597 0.998640 -0.386731 1.070908 -0.369474
6330.720710 0.998483 -0.386790 1.070782 -0.369578
6331.720824 0.998326 -0.386849 1.070657 -0.369682
6332.720938 0.998169 -0.386907 1.070532 -0.369786
6333.721052 0.998011 -0.386966 1.070406 -0.369890
6334.721166 0.997854 -0.387024 1.070281 -0.369994
6335.721280 0.997697 -0.387082 1.070155 -0.370097
6336.721394 0.997540 -0.387140 1.070030 -0.370201
6337.721507 0.997383 -0.387197 1.069904 -0.370304
6338.721621 0.997226 -0.387255 1.069778 -0.370407
6339.721735 0.997069 -0.387312 1.069653 -0.370510
6340.721849 0.996912 -0.387369 1.069527 -0.370613
6341.721963 0.996755 -0.387426 1.069401 -0.370716
6342.722077 0.996598 -0.387482 1.069275 -0.370819
6343.722191 0.996440 -0.387539 1.069149 -0.370921
6344.722304 0.996283 -0.387595 1.069023 -0.371023
6345.722418 0.996126 -0.387651 1.068897 -0.371126
6346.722532 0.995969 -0.387707 1.068771 -0.371228
6347.722646 0.995812 -0.387763 1.068645 -0.371330
6348.722760 0.995655 -0.387818 1.068519 -0.371431
6349.722874 0.995499 -0.387874 1.068393 -0.371533
6350.722988 0.995342 -0.387929 1.068267 -0.371634
6351.723101 0.995185 -0.387984 1.068140 -0.371736
6352.723215 0.995028 -0.388039 1.068014 -0.371837
6353.723329 0.994871 -0.388093 1.067888 -0.371938
6354.723443 0.994714 -0.388148 1.067761 -0.372039
6355.723557 0.994557 -0.388202 1.067635 -0.372139
6356.723671 0.994400 -0.388256 1.067508 -0.372240
6357.723785 0.994243 -0.388310 1.067382 -0.372340
6358.723898 0.994086 -0.388363 1.067255 -0.372441
6359.724012 0.993930 -0.388417 1.067129 -0.372541
6360.724126 0.993773 -0.388470 1.067002 -0.372641
6361.724240 0.993616 -0.388523 1.066875 -0.372741
6362.724354 0.993459 -0.388576 1.066749 -0.372840
6363.724468 0.993302 -0.388629 1.066622 -0.372940
6364.724582 0.993146 -0.388681 1.066495 -0.373039
6365.724695 0.992989 -0.388734 1.066368 -0.373139
6366.724809 0.992832 -0.388786 1.066241 -0.373238
6367.724923 0.992675 -0.388838 1.066114 -0.373337
6368.725037 0.992519 -0.388889 1.065987 -0.373435
6369.725151 0.992362 -0.388941 1.065860 -0.373534
6370.725265 0.992205 -0.388992 1.065733 -0.373633
6371.725379 0.992049 -0.389043 1.065606 -0.373731
6372.725492 0.991892 -0.389094 1.065479 -0.373829
6373.725606 0.991735 -0.389145 1.065351 -0.373927
6374.725720 0.991579 -0.389196 1.065224 -0.374025
6375.725834 0.991422 -0.389246 1.065097 -0.374123
6376.725948 0.991266 -0.389297 1.064969 -0.374221
6377.726062 0.991109 -0.389347 1.064842 -0.374318
6378.726176 0.990953 -0.389396 1.064714 -0.374415
6379.726289 0.990796 -0.389446 1.064587 -0.374513
6380.726403 0.990640 -0.389496 1.064459 -0.374610
6381.726517 0.990483 -0.389545 1.064332 -0.374707
6382.726631 0.990327 -0.389594 1.064204 -0.374803
6383.726745 0.990170 -0.389643 1.064076 -0.374900
6384.726859 0.990014 -0.389691 1.063949 -0.374996
6385.726973 0.989857 -0.389740 1.063821 -0.375093
6386.727086 0.989701 -0.389788 1.063693 -0.375189
6387.727200 0.989544 -0.389836 1.063565 -0.375285
6388.727314 0.989388 -0.389884 1.063437 -0.375381
6389.727428 0.989232 -0.389932 1.063309 -0.375476
6390.727542 0.989075 -0.389980 1.063181 -0.375572
6391.727656 0.988919 -0.390027 1.063053 -0.375667
6392.727770 0.988763 -0.390074 1.062925 -0.375762
6393.727883 0.988606 -0.390121 1.062797 -0.375858
6394.727997 0.988450 -0.390168 1.062669 -0.375953
6395.728111 0.988294 -0.390215 1.062540 -0.376047
6396.728225 0.988138 -0.390261 1.062412 -0.376142
6397.728339 0.987981 -0.390307 1.062284 -0.376236
6398.728453 0.987825 -0.390353 1.062156 -0.376331
6399.728567 0.987669 -0.390399 1.062027 -0.376425
6400.728680 0.987513 -0.390445 1.061899 -0.376519
6401.728794 0.987357 -0.390490 1.061770 -0.376613
6402.728908 0.987201 -0.390536 1.061642 -0.376707
6403.729022 0.987044 -0.390581 1.061513 -0.376800
6404.729136 0.986888 -0.390626 1.061384 -0.376894
6405.729250 0.986732 -0.390670 1.061256 -0.376987
6406.729364 0.986576 -0.390715 1.061127 -0.377080
6407.729477 0.986420 -0.390759 1.060998 -0.377173
6408.729591 0.986264 -0.390803 1.060869 -0.377266
6409.729705 0.986108 -0.390847 1.060741 -0.377359
6410.729819 0.985952 -0.390891 1.060612 -0.377451
6411.729933 0.985796 -0.390934 1.060483 -0.377544
6412.730047 0.985640 -0.390978 1.060354 -0.377636
6413.730161 0.985484 -0.391021 1.060225 -0.377728
6414.730274 0.985328 -0.391064 1.060096 -0.377820
6415.730388 0.985173 -0.391107 1.059967 -0.377912
6416.730502 0.985017 -0.391149 1.059838 -0.378003
6417.730616 0.984861 -0.391192 1.059708 -0.378095
6418.730730 0.984705 -0.391234 1.059579 -0.378186
6419.730844 0.984549 -0.391276 1.059450 -0.378277
6420.730958 0.984393 -0.391318 1.059321 -0.378368
6421.731071 0.984238 -0.391360 1.059191 -0.378459
6422.731185 0.984082 -0.391401 1.059062 -0.378550
6423.731299 0.983926 -0.391442 1.058932 -0.378640
6424.731413 0.983770 -0.391483 1.058803 -0.378731
6425.731527 0.983615 -0.391524 1.058673 -0.378821
6426.731641 0.983459 -0.391565 1.058544 -0.378911
6427.731755 0.983304 -0.391605 1.058414 -0.379001
6428.731868 0.983148 -0.391646 1.058285 -0.379091
6429.731982 0.982992 -0.391686 1.058155 -0.379180
6430.732096 0.982837 -0.391726 1.058025 -0.379270
6431.732210 0.982681 -0.391765 1.057895 -0.379359
6432.732324 0.982526 -0.391805 1.057765 -0.379448
6433.732438 0.982370 -0.391844 1.057636 -0.379537
6434.732552 0.982215 -0.391883 1.057506 -0.379626
6435.732665 0.982059 -0.391922 1.057376 -0.379715
6436.732779 0.981904 -0.391961 1.057246 -0.379804
6437.732893 0.981748 -0.392000 1.057116 -0.379892
6438.733007 0.981593 -0.392038 1.056986 -0.379980
6439.733121 0.981438 -0.392076 1.056855 -0.380068
6440.733235 0.981282 -0.392114 1.056725 -0.380156
6441.733349 0.981127 -0.392152 1.056595 -0.380244
6442.733462 0.980972 -0.392190 1.056465 -0.380332
6443.733576 0.980816 -0.392227 1.056335 -0.380419
6444.733690 0.980661 -0.392264 1.056204 -0.380506
6445.733804 0.980506 -0.392301 1.056074 -0.380594
6446.733918 0.980351 -0.392338 1.055943 -0.380681
6447.734032 0.980195 -0.392375 1.055813 -0.380767
6448.734146 0.980040 -0.392411 1.055682 -0.380854
6449.734259 0.979885 -0.392448 1.055552 -0.380941
6450.734373 0.979730 -0.392484 1.055421 -0.381027
6451.734487 0.979575 -0.392520 1.055291 -0.381113
6452.734601 0.979420 -0.392555 1.055160 -0.381199
6453.734715 0.979265 -0.392591 1.055029 -0.381285
6454.734829 0.979110 -0.392626 1.054899 -0.381371
6455.734943 0.978955 -0.392661 1.054768 -0.381457
6456.735056 0.978800 -0.392696 1.054637 -0.381542
6457.735170 0.978645 -0.392731 1.054506 -0.381627
6458.735284 0.978490 -0.392765 1.054375 -0.381712
6459.735398 0.978335 -0.392800 1.054244 -0.381797
6460.735512 0.978180 -0.392834 1.054113 -0.381882
6461.735626 0.978025 -0.392868 1.053982 -0.381967
6462.735739 0.977870 -0.392902 1.053851 -0.382051
6463.735853 0.977716 -0.392935 1.053720 -0.382136
6464.735967 0.977561 -0.392969 1.053589 -0.382220
6465.736081 0.977406 -0.393002 1.053458 -0.382304
6466.736195 0.977251 -0.393035 1.053326 -0.382388
6467.736309 0.977097 -0.393068 1.053195 -0.382471
6468.736423 0.976942 -0.393100 1.053064 -0.382555
6469.736536 0.976787 -0.393133 1.052932 -0.382638
6470.736650 0.976633 -0.393165 1.052801 -0.382722
6471.736764 0.976478 -0.393197 1.052669 -0.382805
6472.736878 0.976323 -0.393229 1.052538 -0.382888
6473.736992 0.976169 -0.393260 1.052406 -0.382970
6474.737106 0.976014 -0.393292 1.052275 -0.383053
6475.737220 0.975860 -0.393323 1.052143 -0.383135
6476.737333 0.975705 -0.393354 1.052012 -0.383218
6477.737447 0.975551 -0.393385 1.051880 -0.383300
6478.737561 0.975396 -0.393416 1.051748 -0.383382
6479.737675 0.975242 -0.393446 1.051616 -0.383464
6480.737789 0.975088 -0.393477 1.051485 -0.383545
6481.737903 0.974933 -0.393507 1.051353 -0.383627
6482.738017 0.974779 -0.393537 1.051221 -0.383708
6483.738130 0.974625 -0.393566 1.051089 -0.383789
6484.738244 0.974470 -0.393596 1.050957 -0.383870
6485.738358 0.974316 -0.393625 1.050825 -0.383951
6486.738472 0.974162 -0.393654 1.050693 -0.384032
6487.738586 0.974008 -0.393683 1.050561 -0.384112
6488.738700 0.973854 -0.393712 1.050429 -0.384193
6489.738814 0.973700 -0.393741 1.050296 -0.384273
6490.738927 0.973545 -0.393769 1.050164 -0.384353
6491.739041 0.973391 -0.393797 1.050032 -0.384433
6492.739155 0.973237 -0.393825 1.049900 -0.384513
6493.739269 0.973083 -0.393853 1.049767 -0.384592
6494.739383 0.972929 -0.393881 1.049635 -0.384672
6495.739497 0.972775 -0.393908 1.049503 -0.384751
6496.739611 0.972622 -0.393935 1.049370 -0.384830
6497.739724 0.972468 -0.393962 1.049238 -0.384909
6498.739838 0.972314 -0.393989 1.049105 -0.384988
6499.739952 0.972160 -0.394016 1.048972 -0.385066
6500.740066 0.972006 -0.394042 1.048840 -0.385145
6501.740180 0.971852 -0.394068 1.048707 -0.385223
6502.740294 0.971699 -0.394094 1.048574 -0.385301
6503.740408 0.971545 -0.394120 1.048442 -0.385379
6504.740521 0.971391 -0.394146 1.048309 -0.385457
6505.740635 0.971237 -0.394171 1.048176 -0.385535
6506.740749 0.971084 -0.394197 1.048043 -0.385612
6507.740863 0.970930 -0.394222 1.047910 -0.385689
6508.740977 0.970777 -0.394247 1.047777 -0.385766
6509.741091 0.970623 -0.394271 1.047644 -0.385843
6510.741205 0.970470 -0.394296 1.047511 -0.385920
6511.741318 0.970316 -0.394320 1.047378 -0.385997
6512.741432 0.970163 -0.394344 1.047245 -0.386073
6513.741546 0.970009 -0.394368 1.047112 -0.386150
6514.741660 0.969856 -0.394392 1.046979 -0.386226
6515.741774 0.969702 -0.394415 1.046846 -0.386302
6516.741888 0.969549 -0.394439 1.046713 -0.386378
6517.742002 0.969396 -0.394462 1.046579 -0.386453
6518.742115 0.969242 -0.394485 1.046446 -0.386529
6519.742229 0.969089 -0.394508 1.046313 -0.386604
6520.742343 0.968936 -0.394530 1.046179 -0.386680
6521.742457 0.968783 -0.394552 1.046046 -0.386755
6522.742571 0.968630 -0.394575 1.045912 -0.386829
6523.742685 0.968477 -0.394597 1.045779 -0.386904
6524.742799 0.968323 -0.394618 1.045645 -0.386979
6525.742912 0.968170 -0.394640 1.045512 -0.387053
6526.743026 0.968017 -0.394661 1.045378 -0.387127
6527.743140 0.967864 -0.394683 1.045244 -0.387201
6528.743254 0.967711 -0.394704 1.045111 -0.387275
6529.743368 0.967558 -0.394724 1.044977 -0.387349
6530.743482 0.967406 -0.394745 1.044843 -0.387422
6531.743596 0.967253 -0.394765 1.044709 -0.387496
6532.743709 0.967100 -0.394786 1.044575 -0.387569
6533.743823 0.966947 -0.394806 1.044442 -0.387642
6534.743937 0.966794 -0.394826 1.044308 -0.387715
6535.744051 0.966641 -0.394845 1.044174 -0.387788
6536.744165 0.966489 -0.394865 1.044040 -0.387860
6537.744279 0.966336 -0.394884 1.043906 -0.387933
6538.744393 0.966183 -0.394903 1.043771 -0.388005
6539.744506 0.966031 -0.394922 1.043637 -0.388077
6540.744620 0.965878 -0.394941 1.043503 -0.388149
6541.744734 0.965726 -0.394959 1.043369 -0.388221
6542.744848 0.965573 -0.394977 1.043235 -0.388292
6543.744962 0.965421 -0.394995 1.043100 -0.388364
6544.745076 0.965268 -0.395013 1.042966 -0.388435
6545.745190 0.965116 -0.395031 1.042832 -0.388506
6546.745303 0.964963 -0.395048 1.042697 -0.388577
6547.745417 0.964811 -0.395066 1.042563 -0.388647
6548.745531 0.964659 -0.395083 1.042428 -0.388718
6549.745645 0.964507 -0.395100 1.042294 -0.388788
6550.745759 0.964354 -0.395117 1.042159 -0.388859
6551.745873 0.964202 -0.395133 1.042025 -0.388929
6552.745987 0.964050 -0.395149 1.041890 -0.388999
6553.746100 0.963898 -0.395166 1.041756 -0.389068
6554.746214 0.963746 -0.395182 1.041621 -0.389138
6555.746328 0.963594 -0.395197 1.041486 -0.389207
6556.746442 0.963442 -0.395213 1.041351 -0.389277
6557.746556 0.963289 -0.395228 1.041217 -0.389346
6558.746670 0.963138 -0.395243 1.041082 -0.389415
6559.746784 0.962986 -0.395258 1.040947 -0.389483
6560.746897 0.962834 -0.395273 1.040812 -0.389552
6561.747011 0.962682 -0.395288 1.040677 -0.389620
6562.747125 0.962530 -0.395302 1.040542 -0.389688
6563.747239 0.962378 -0.395316 1.040407 -0.389757
6564.747353 0.962226 -0.395330 1.040272 -0.389824
6565.747467 0.962075 -0.395344 1.040137 -0.389892
6566.747581 0.961923 -0.395358 1.040002 -0.389960
6567.747694 0.961771 -0.395371 1.039867 -0.390027
6568.747808 0.961620 -0.395384 1.039731 -0.390094
6569.747922 0.961468 -0.395397 1.039596 -0.390161
6570.748036 0.961317 -0.395410 1.039461 -0.390228
6571.748150 0.961165 -0.395423 1.039326 -0.390295
6572.748264 0.961014 -0.395435 1.039190 -0.390361
6573.748378 0.960862 -0.395448 1.039055 -0.390428
6574.748491 0.960711 -0.395460 1.038919 -0.390494
6575.748605 0.960559 -0.395472 1.038784 -0.390560
6576.748719 0.960408 -0.395483 1.038648 -0.390626
6577.748833 0.960257 -0.395495 1.038513 -0.390692
6578.748947 0.960105 -0.395506 1.038377 -0.390757
6579.749061 0.959954 -0.395517 1.038242 -0.390822
6580.749175 0.959803 -0.395528 1.038106 -0.390888
6581.749288 0.959652 -0.395539 1.037970 -0.390953
6582.749402 0.959501 -0.395549 1.037835 -0.391017
6583.749516 0.959350 -0.395559 1.037699 -0.391082
6584.749630 0.959199 -0.395570 1.037563 -0.391147
6585.749744 0.959048 -0.395579 1.037427 -0.391211
6586.749858 0.958897 -0.395589 1.037292 -0.391275
6587.749972 0.958746 -0.395599 1.037156 -0.391339
6588.750085 0.958595 -0.395608 1.037020 -0.391403
6589.750199 0.958444 -0.395617 1.036884 -0.391466
6590.750313 0.958293 -0.395626 1.036748 -0.391530
6591.750427 0.958142 -0.395635 1.036612 -0.391593
6592.750541 0.957992 -0.395643 1.036476 -0.391656
6593.750655 0.957841 -0.395652 1.036340 -0.391719
6594.750769 0.957690 -0.395660 1.036203 -0.391782
6595.750882 0.957540 -0.395668 1.036067 -0.391845
6596.750996 0.957389 -0.395676 1.035931 -0.391907
6597.751110 0.957239 -0.395683 1.035795 -0.391969
6598.751224 0.957088 -0.395691 1.035659 -0.392031
6599.751338 0.956938 -0.395698 1.035522 -0.392093
6600.751452 0.956787 -0.395705 1.035386 -0.392155
6601.751566 0.956637 -0.395711 1.035249 -0.392217
6602.751679 0.956486 -0.395718 1.035113 -0.392278
6603.751793 0.956336 -0.395724 1.034977 -0.392339
6604.751907 0.956186 -0.395731 1.034840 -0.392400
6605.752021 0.956036 -0.395737 1.034704 -0.392461
6606.752135 0.955885 -0.395742 1.034567 -0.392522
6607.752249 0.955735 -0.395748 1.034430 -0.392583
6608.752363 0.955585 -0.395753 1.034294 -0.392643
6609.752476 0.955435 -0.395759 1.034157 -0.392703
6610.752590 0.955285 -0.395764 1.034020 -0.392763
6611.752704 0.955135 -0.395769 1.033884 -0.392823
6612.752818 0.954985 -0.395773 1.033747 -0.392883
6613.752932 0.954835 -0.395778 1.033610 -0.392942
6614.753046 0.954685 -0.395782 1.033473 -0.393001
6615.753160 0.954535 -0.395786 1.033337 -0.393061
6616.753273 0.954386 -0.395790 1.033200 -0.393120
6617.753387 0.954236 -0.395793 1.033063 -0.393178
6618.753501 0.954086 -0.395797 1.032926 -0.393237
6619.753615 0.953936 -0.395800 1.032789 -0.393295
6620.753729 0.953787 -0.395803 1.032652 -0.393354
6621.753843 0.953637 -0.395806 1.032515 -0.393412
6622.753957 0.953488 -0.395809 1.032377 -0.393470
6623.754070 0.953338 -0.395811 1.032240 -0.393527
6624.754184 0.953189 -0.395813 1.032103 -0.393585
6625.754298 0.953039 -0.395816 1.031966 -0.393642
6626.754412 0.952890 -0.395817 1.031829 -0.393700
6627.754526 0.952741 -0.395819 1.031691 -0.393757
6628.754640 0.952591 -0.395821 1.031554 -0.393814
6629.754754 0.952442 -0.395822 1.031417 -0.393870
6630.754867 0.952293 -0.395823 1.031279 -0.393927
6631.754981 0.952144 -0.395824 1.031142 -0.393983
6632.755095 0.951994 -0.395825 1.031005 -0.394039
6633.755209 0.951845 -0.395825 1.030867 -0.394095
6634.755323 0.951696 -0.395826 1.030730 -0.394151
6635.755437 0.951547 -0.395826 1.030592 -0.394207
6636.755550 0.951398 -0.395826 1.030455 -0.394262
6637.755664 0.951249 -0.395825 1.030317 -0.394318
6638.755778 0.951100 -0.395825 1.030179 -0.394373
6639.755892 0.950952 -0.395824 1.030042 -0.394428
6640.756006 0.950803 -0.395823 1.029904 -0.394482
6641.756120 0.950654 -0.395822 1.029766 -0.394537
6642.756234 0.950505 -0.395821 1.029628 -0.394591
6643.756347 0.950357 -0.395820 1.029491 -0.394646
6644.756461 0.950208 -0.395818 1.029353 -0.394700
6645.756575 0.950059 -0.395816 1.029215 -0.394753
6646.756689 0.949911 -0.395814 1.029077 -0.394807
6647.756803 0.949762 -0.395812 1.028939 -0.394861
6648.756917 0.949614 -0.395809 1.028801 -0.394914
6649.757031 0.949466 -0.395807 1.028663 -0.394967
6650.757144 0.949317 -0.395804 1.028525 -0.395020
6651.757258 0.949169 -0.395801 1.028387 -0.395073
6652.757372 0.949021 -0.395798 1.028249 -0.395126
6653.757486 0.948872 -0.395794 1.028111 -0.395178
6654.757600 0.948724 -0.395791 1.027973 -0.395230
6655.757714 0.948576 -0.395787 1.027834 -0.395282
6656.757828 0.948428 -0.395783 1.027696 -0.395334
6657.757941 0.948280 -0.395779 1.027558 -0.395386
6658.758055 0.948132 -0.395774 1.027420 -0.395438
6659.758169 0.947984 -0.395770 1.027281 -0.395489
6660.758283 0.947836 -0.395765 1.027143 -0.395540
6661.758397 0.947688 -0.395760 1.027005 -0.395591
6662.758511 0.947540 -0.395755 1.026866 -0.395642
6663.758625 0.947392 -0.395750 1.026728 -0.395693
6664.758738 0.947245 -0.395744 1.026589 -0.395743
6665.758852 0.947097 -0.395738 1.026451 -0.395793
6666.758966 0.946949 -0.395732 1.026312 -0.395844
6667.759080 0.946802 -0.395726 1.026174 -0.395893
6668.759194 0.946654 -0.395720 1.026035 -0.395943
6669.759308 0.946507 -0.395713 1.025896 -0.395993
6670.759422 0.946359 -0.395706 1.025758 -0.396042
6671.759535 0.946212 -0.395700 1.025619 -0.396091
6672.759649 0.946064 -0.395692 1.025480 -0.396140
6673.759763 0.945917 -0.395685 1.025342 -0.396189
6674.759877 0.945770 -0.395678 1.025203 -0.396238
6675.759991 0.945622 -0.395670 1.025064 -0.396286
6676.760105 0.945475 -0.395662 1.024925 -0.396335
6677.760219 0.945328 -0.395654 1.024786 -0.396383
6678.760332 0.945181 -0.395645 1.024647 -0.396431
6679.760446 0.945034 -0.395637 1.024508 -0.396479
6680.760560 0.944887 -0.395628 1.024369 -0.396526
6681.760674 0.944740 -0.395619 1.024230 -0.396574
6682.760788 0.944593 -0.395610 1.024091 -0.396621
6683.760902 0.944446 -0.395601 1.023952 -0.396668
6684.761016 0.944299 -0.395591 1.023813 -0.396715
6685.761129 0.944152 -0.395582 1.023674 -0.396761
6686.761243 0.944006 -0.395572 1.023535 -0.396808
6687.761357 0.943859 -0.395562 1.023396 -0.396854
6688.761471 0.943712 -0.395552 1.023257 -0.396900
6689.761585 0.943566 -0.395541 1.023117 -0.396946
6690.761699 0.943419 -0.395530 1.022978 -0.396992
6691.761813 0.943273 -0.395519 1.022839 -0.397038
6692.761926 0.943126 -0.395508 1.022699 -0.397083
6693.762040 0.942980 -0.395497 1.022560 -0.397128
6694.762154 0.942833 -0.395486 1.022421 -0.397173
6695.762268 0.942687 -0.395474 1.022281 -0.397218
6696.762382 0.942541 -0.395462 1.022142 -0.397263
6697.762496 0.942395 -0.395450 1.022002 -0.397307
6698.762610 0.942248 -0.395438 1.021863 -0.397352
6699.762723 0.942102 -0.395425 1.021723 -0.397396
6700.762837 0.941956 -0.395413 1.021584 -0.397440
6701.762951 0.941810 -0.395400 1.021444 -0.397483
6702.763065 0.941664 -0.395387 1.021304 -0.397527
6703.763179 0.941518 -0.395374 1.021165 -0.397570
6704.763293 0.941372 -0.395360 1.021025 -0.397613
6705.763407 0.941227 -0.395347 1.020885 -0.397656
6706.763520 0.941081 -0.395333 1.020745 -0.397699
6707.763634 0.940935 -0.395319 1.020606 -0.397742
6708.763748 0.940789 -0.395305 1.020466 -0.397784
6709.763862 0.940644 -0.395290 1.020326 -0.397827
6710.763976 0.940498 -0.395276 1.020186 -0.397869
6711.764090 0.940353 -0.395261 1.020046 -0.397911
6712.764204 0.940207 -0.395246 1.019906 -0.397952
6713.764317 0.940062 -0.395231 1.019766 -0.397994
6714.764431 0.939916 -0.395215 1.019626 -0.398035
6715.764545 0.939771 -0.395200 1.019486 -0.398076
6716.764659 0.939626 -0.395184 1.019346 -0.398117
6717.764773 0.939480 -0.395168 1.019206 -0.398158
6718.764887 0.939335 -0.395152 1.019066 -0.398199
6719.765001 0.939190 -0.395135 1.018926 -0.398239
6720.765114 0.939045 -0.395119 1.018786 -0.398279
6721.765228 0.938900 -0.395102 1.018646 -0.398319
6722.765342 0.938755 -0.395085 1.018505 -0.398359
6723.765456 0.938610 -0.395068 1.018365 -0.398399
6724.765570 0.938465 -0.395050 1.018225 -0.398438
6725.765684 0.938320 -0.395033 1.018084 -0.398478
6726.765798 0.938176 -0.395015 1.017944 -0.398517
6727.765911 0.938031 -0.394997 1.017804 -0.398556
6728.766025 0.937886 -0.394979 1.017663 -0.398594
6729.766139 0.937741 -0.394961 1.017523 -0.398633
6730.766253 0.937597 -0.394942 1.017383 -0.398671
6731.766367 0.937452 -0.394923 1.017242 -0.398710
6732.766481 0.937308 -0.394904 1.017102 -0.398748
6733.766595 0.937163 -0.394885 1.016961 -0.398785
6734.766708 0.937019 -0.394866 1.016820 -0.398823
6735.766822 0.936875 -0.394846 1.016680 -0.398860
6736.766936 0.936730 -0.394827 1.016539 -0.398898
6737.767050 0.936586 -0.394807 1.016399 -0.398935
6738.767164 0.936442 -0.394787 1.016258 -0.398971
6739.767278 0.936298 -0.394766 1.016117 -0.399008
6740.767392 0.936154 -0.394746 1.015977 -0.399045
6741.767505 0.936010 -0.394725 1.015836 -0.399081
6742.767619 0.935866 -0.394704 1.015695 -0.399117
6743.767733 0.935722 -0.394683 1.015554 -0.399153
6744.767847 0.935578 -0.394662 1.015413 -0.399189
6745.767961 0.935434 -0.394640 1.015272 -0.399224
6746.768075 0.935291 -0.394618 1.015132 -0.399260
6747.768189 0.935147 -0.394597 1.014991 -0.399295
6748.768302 0.935003 -0.394574 1.014850 -0.399330
6749.768416 0.934860 -0.394552 1.014709 -0.399364
6750.768530 0.934716 -0.394530 1.014568 -0.399399
6751.768644 0.934573 -0.394507 1.014427 -0.399433
6752.768758 0.934429 -0.394484 1.014286 -0.399468
6753.768872 0.934286 -0.394461 1.014145 -0.399502
6754.768986 0.934142 -0.394438 1.014004 -0.399536
6755.769099 0.933999 -0.394414 1.013862 -0.399569
6756.769213 0.933856 -0.394391 1.013721 -0.399603
6757.769327 0.933713 -0.394367 1.013580 -0.399636
6758.769441 0.933570 -0.394343 1.013439 -0.399669
6759.769555 0.933427 -0.394318 1.013298 -0.399702
6760.769669 0.933283 -0.394294 1.013156 -0.399735
6761.769783 0.933141 -0.394269 1.013015 -0.399767
6762.769896 0.932998 -0.394244 1.012874 -0.399799
6763.770010 0.932855 -0.394219 1.012732 -0.399831
6764.770124 0.932712 -0.394194 1.012591 -0.399863
6765.770238 0.932569 -0.394169 1.012450 -0.399895
6766.770352 0.932427 -0.394143 1.012308 -0.399927
6767.770466 0.932284 -0.394117 1.012167 -0.399958
6768.770580 0.932141 -0.394091 1.012025 -0.399989
6769.770693 0.931999 -0.394065 1.011884 -0.400020
6770.770807 0.931856 -0.394038 1.011742 -0.400051
6771.770921 0.931714 -0.394012 1.011601 -0.400082
6772.771035 0.931572 -0.393985 1.011459 -0.400112
6773.771149 0.931429 -0.393958 1.011318 -0.400142
6774.771263 0.931287 -0.393931 1.011176 -0.400172
6775.771377 0.931145 -0.393903 1.011034 -0.400202
6776.771490 0.931003 -0.393876 1.010893 -0.400232
6777.771604 0.930861 -0.393848 1.010751 -0.400261
6778.771718 0.930718 -0.393820 1.010609 -0.400290
6779.771832 0.930576 -0.393792 1.010467 -0.400319
6780.771946 0.930435 -0.393763 1.010326 -0.400348
6781.772060 0.930293 -0.393735 1.010184 -0.400377
6782.772174 0.930151 -0.393706 1.010042 -0.400405
6783.772287 0.930009 -0.393677 1.009900 -0.400434
6784.772401 0.929867 -0.393648 1.009758 -0.400462
6785.772515 0.929726 -0.393618 1.009616 -0.400489
6786.772629 0.929584 -0.393589 1.009475 -0.400517
6787.772743 0.929443 -0.393559 1.009333 -0.400545
6788.772857 0.929301 -0.393529 1.009191 -0.400572
6789.772971 0.929160 -0.393499 1.009049 -0.400599
6790.773084 0.929018 -0.393468 1.008907 -0.400626
6791.773198 0.928877 -0.393438 1.008765 -0.400653
6792.773312 0.928736 -0.393407 1.008622 -0.400679
6793.773426 0.928595 -0.393376 1.008480 -0.400706
6794.773540 0.928453 -0.393345 1.008338 -0.400732
6795.773654 0.928312 -0.393313 1.008196 -0.400758
6796.773768 0.928171 -0.393282 1.008054 -0.400783
6797.773881 0.928030 -0.393250 1.007912 -0.400809
6798.773995 0.927889 -0.393218 1.007770 -0.400834
6799.774109 0.927749 -0.393186 1.007627 -0.400859
6800.774223 0.927608 -0.393154 1.007485 -0.400884
6801.774337 0.927467 -0.393121 1.007343 -0.400909
6802.774451 0.927326 -0.393088 1.007200 -0.400934
6803.774564 0.927186 -0.393055 1.007058 -0.400958
6804.774678 0.927045 -0.393022 1.006916 -0.400982
6805.774792 0.926905 -0.392989 1.006773 -0.401006
6806.774906 0.926764 -0.392955 1.006631 -0.401030
6807.775020 0.926624 -0.392922 1.006488 -0.401054
6808.775134 0.926483 -0.392888 1.006346 -0.401077
6809.775248 0.926343 -0.392854 1.006204 -0.401100
6810.775361 0.926203 -0.392819 1.006061 -0.401123
6811.775475 0.926063 -0.392785 1.005919 -0.401146
6812.775589 0.925923 -0.392750 1.005776 -0.401169
6813.775703 0.925783 -0.392715 1.005633 -0.401191
6814.775817 0.925643 -0.392680 1.005491 -0.401213
6815.775931 0.925503 -0.392645 1.005348 -0.401235
6816.776045 0.925363 -0.392609 1.005206 -0.401257
6817.776158 0.925223 -0.392573 1.005063 -0.401279
6818.776272 0.925083 -0.392538 1.004920 -0.401300
6819.776386 0.924943 -0.392501 1.004778 -0.401322
6820.776500 0.924804 -0.392465 1.004635 -0.401343
6821.776614 0.924664 -0.392429 1.004492 -0.401363
6822.776728 0.924525 -0.392392 1.004349 -0.401384
6823.776842 0.924385 -0.392355 1.004206 -0.401404
6824.776955 0.924246 -0.392318 1.004064 -0.401425
6825.777069 0.924106 -0.392281 1.003921 -0.401445
6826.777183 0.923967 -0.392243 1.003778 -0.401465
6827.777297 0.923828 -0.392206 1.003635 -0.401484
6828.777411 0.923689 -0.392168 1.003492 -0.401504
6829.777525 0.923550 -0.392130 1.003349 -0.401523
6830.777639 0.923411 -0.392091 1.003206 -0.401542
6831.777752 0.923272 -0.392053 1.003063 -0.401561
6832.777866 0.923133 -0.392014 1.002920 -0.401580
6833.777980 0.922994 -0.391975 1.002777 -0.401598
6834.778094 0.922855 -0.391936 1.002634 -0.401616
6835.778208 0.922716 -0.391897 1.002491 -0.401634
6836.778322 0.922578 -0.391857 1.002348 -0.401652
6837.778436 0.922439 -0.391818 1.002205 -0.401670
6838.778549 0.922300 -0.391778 1.002062 -0.401687
6839.778663 0.922162 -0.391738 1.001919 -0.401705
6840.778777 0.922023 -0.391698 1.001776 -0.401722
6841.778891 0.921885 -0.391657 1.001632 -0.401738
6842.779005 0.921747 -0.391617 1.001489 -0.401755
6843.779119 0.921608 -0.391576 1.001346 -0.401772
6844.779233 0.921470 -0.391535 1.001203 -0.401788
6845.779346 0.921332 -0.391493 1.001059 -0.401804
6846.779460 0.921194 -0.391452 1.000916 -0.401820
6847.779574 0.921056 -0.391410 1.000773 -0.401835
6848.779688 0.920918 -0.391369 1.000629 -0.401851
6849.779802 0.920780 -0.391327 1.000486 -0.401866
6850.779916 0.920642 -0.391284 1.000343 -0.401881
6851.780030 0.920504 -0.391242 1.000199 -0.401896
6852.780143 0.920367 -0.391199 1.000056 -0.401911
6853.780257 0.920229 -0.391156 0.999912 -0.401925
6854.780371 0.920091 -0.391113 0.999769 -0.401939
6855.780485 0.919954 -0.391070 0.999625 -0.401953
6856.780599 0.919816 -0.391027 0.999482 -0.401967
6857.780713 0.919679 -0.390983 0.999338 -0.401981
6858.780827 0.919542 -0.390939 0.999195 -0.401994
6859.780940 0.919404 -0.390895 0.999051 -0.402008
6860.781054 0.919267 -0.390851 0.998908 -0.402021
6861.781168 0.919130 -0.390807 0.998764 -0.402033
6862.781282 0.918993 -0.390762 0.998620 -0.402046
6863.781396 0.918856 -0.390717 0.998477 -0.402058
6864.781510 0.918719 -0.390672 0.998333 -0.402071
6865.781624 0.918582 -0.390627 0.998189 -0.402083
6866.781737 0.918445 -0.390582 0.998046 -0.402095
6867.781851 0.918308 -0.390536 0.997902 -0.402106
6868.781965 0.918171 -0.390491 0.997758 -0.402118
6869.782079 0.918035 -0.390445 0.997615 -0.402129
6870.782193 0.917898 -0.390398 0.997471 -0.402140
6871.782307 0.917762 -0.390352 0.997327 -0.402151
6872.782421 0.917625 -0.390305 0.997183 -0.402161
6873.782534 0.917489 -0.390259 0.997039 -0.402172
6874.782648 0.917352 -0.390212 0.996895 -0.402182
6875.782762 0.917216 -0.390165 0.996752 -0.402192
6876.782876 0.917080 -0.390117 0.996608 -0.402202
6877.782990 0.916944 -0.390070 0.996464 -0.402211
6878.783104 0.916808 -0.390022 0.996320 -0.402220
6879.783218 0.916672 -0.389974 0.996176 -0.402230
6880.783331 0.916536 -0.389926 0.996032 -0.402239
6881.783445 0.916400 -0.389878 0.995888 -0.402247
6882.783559 0.916264 -0.389829 0.995744 -0.402256
6883.783673 0.916128 -0.389780 0.995600 -0.402264
6884.783787 0.915992 -0.389731 0.995456 -0.402272
6885.783901 0.915857 -0.389682 0.995312 -0.402280
6886.784015 0.915721 -0.389633 0.995168 -0.402288
6887.784128 0.915585 -0.389583 0.995024 -0.402296
6888.784242 0.915450 -0.389534 0.994879 -0.402303
6889.784356 0.915315 -0.389484 0.994735 -0.402310
6890.784470 0.915179 -0.389434 0.994591 -0.402317
6891.784584 0.915044 -0.389383 0.994447 -0.402324
6892.784698 0.914909 -0.389333 0.994303 -0.402330
6893.784812 0.914774 -0.389282 0.994159 -0.402337
6894.784925 0.914639 -0.389231 0.994014 -0.402343
6895.785039 0.914504 -0.389180 0.993870 -0.402348
6896.785153 0.914369 -0.389129 0.993726 -0.402354
6897.785267 0.914234 -0.389077 0.993582 -0.402360
6898.785381 0.914099 -0.389026 0.993437 -0.402365
6899.785495 0.913964 -0.388974 0.993293 -0.402370
6900.785609 0.913829 -0.388922 0.993149 -0.402375
6901.785722 0.913695 -0.388869 0.993004 -0.402379
6902.785836 0.913560 -0.388817 0.992860 -0.402384
6903.785950 0.913426 -0.388764 0.992716 -0.402388
6904.786064 0.913291 -0.388711 0.992571 -0.402392
6905.786178 0.913157 -0.388658 0.992427 -0.402396
6906.786292 0.913023 -0.388605 0.992282 -0.402400
6907.786406 0.912888 -0.388551 0.992138 -0.402403
6908.786519 0.912754 -0.388498 0.991993 -0.402406
6909.786633 0.912620 -0.388444 0.991849 -0.402409
6910.786747 0.912486 -0.388390 0.991704 -0.402412
6911.786861 0.912352 -0.388336 0.991560 -0.402414
6912.786975 0.912218 -0.388281 0.991415 -0.402417
6913.787089 0.912084 -0.388226 0.991271 -0.402419
6914.787203 0.911951 -0.388172 0.991126 -0.402421
6915.787316 0.911817 -0.388117 0.990982 -0.402423
6916.787430 0.911683 -0.388061 0.990837 -0.402424
6917.787544 0.911550 -0.388006 0.990692 -0.402425
6918.787658 0.911416 -0.387950 0.990548 -0.402427
6919.787772 0.911283 -0.387894 0.990403 -0.402427
6920.787886 0.911149 -0.387838 0.990258 -0.402428
6921.788000 0.911016 -0.387782 0.990114 -0.402429
6922.788113 0.910883 -0.387726 0.989969 -0.402429
6923.788227 0.910750 -0.387669 0.989824 -0.402429
6924.788341 0.910616 -0.387612 0.989680 -0.402429
6925.788455 0.910483 -0.387555 0.989535 -0.402428
6926.788569 0.910350 -0.387498 0.989390 -0.402428
6927.788683 0.910218 -0.387441 0.989245 -0.402427
6928.788797 0.910085 -0.387383 0.989100 -0.402426
6929.788910 0.909952 -0.387325 0.988956 -0.402425
6930.789024 0.909819 -0.387267 0.988811 -0.402424
6931.789138 0.909687 -0.387209 0.988666 -0.402422
6932.789252 0.909554 -0.387151 0.988521 -0.402420
6933.789366 0.909421 -0.387092 0.988376 -0.402418
6934.789480 0.909289 -0.387033 0.988231 -0.402416
6935.789594 0.909157 -0.386974 0.988086 -0.402413
6936.789707 0.909024 -0.386915 0.987942 -0.402411
6937.789821 0.908892 -0.386856 0.987797 -0.402408
6938.789935 0.908760 -0.386796 0.987652 -0.402405
6939.790049 0.908628 -0.386736 0.987507 -0.402401
6940.790163 0.908496 -0.386676 0.987362 -0.402398
6941.790277 0.908364 -0.386616 0.987217 -0.402394
6942.790391 0.908232 -0.386556 0.987072 -0.402390
6943.790504 0.908100 -0.386495 0.986927 -0.402386
6944.790618 0.907968 -0.386434 0.986782 -0.402382
6945.790732 0.907837 -0.386373 0.986637 -0.402377
6946.790846 0.907705 -0.386312 0.986492 -0.402372
6947.790960 0.907573 -0.386251 0.986347 -0.402367
6948.791074 0.907442 -0.386189 0.986201 -0.402362
6949.791188 0.907311 -0.386128 0.986056 -0.402357
6950.791301 0.907179 -0.386066 0.985911 -0.402351
6951.791415 0.907048 -0.386004 0.985766 -0.402345
6952.791529 0.906917 -0.385941 0.985621 -0.402339
6953.791643 0.906786 -0.385879 0.985476 -0.402333
6954.791757 0.906655 -0.385816 0.985331 -0.402326
6955.791871 0.906524 -0.385753 0.985185 -0.402320
6956.791985 0.906393 -0.385690 0.985040 -0.402313
6957.792098 0.906262 -0.385627 0.984895 -0.402306
6958.792212 0.906131 -0.385563 0.984750 -0.402298
6959.792326 0.906000 -0.385499 0.984605 -0.402291
6960.792440 0.905870 -0.385435 0.984459 -0.402283
6961.792554 0.905739 -0.385371 0.984314 -0.402275
6962.792668 0.905608 -0.385307 0.984169 -0.402267
6963.792782 0.905478 -0.385243 0.984023 -0.402258
6964.792895 0.905348 -0.385178 0.983878 -0.402250
6965.793009 0.905217 -0.385113 0.983733 -0.402241
6966.793123 0.905087 -0.385048 0.983587 -0.402232
6967.793237 0.904957 -0.384983 0.983442 -0.402222
6968.793351 0.904827 -0.384917 0.983297 -0.402213
6969.793465 0.904697 -0.384851 0.983151 -0.402203
6970.793579 0.904567 -0.384785 0.983006 -0.402193
6971.793692 0.904437 -0.384719 0.982861 -0.402183
6972.793806 0.904307 -0.384653 0.982715 -0.402173
6973.793920 0.904177 -0.384587 0.982570 -0.402162
6974.794034 0.904048 -0.384520 0.982424 -0.402151
6975.794148 0.903918 -0.384453 0.982279 -0.402140
6976.794262 0.903788 -0.384386 0.982133 -0.402129
6977.794375 0.903659 -0.384319 0.981988 -0.402118
6978.794489 0.903530 -0.384251 0.981843 -0.402106
6979.794603 0.903400 -0.384184 0.981697 -0.402094
6980.794717 0.903271 -0.384116 0.981552 -0.402082
6981.794831 0.903142 -0.384048 0.981406 -0.402070
6982.794945 0.903013 -0.383980 0.981260 -0.402058
6983.795059 0.902884 -0.383911 0.981115 -0.402045
6984.795172 0.902755 -0.383843 0.980969 -0.402032
6985.795286 0.902626 -0.383774 0.980824 -0.402019
6986.795400 0.902497 -0.383705 0.980678 -0.402005
6987.795514 0.902368 -0.383635 0.980533 -0.401992
6988.795628 0.902239 -0.383566 0.980387 -0.401978
6989.795742 0.902111 -0.383496 0.980241 -0.401964
6990.795856 0.901982 -0.383427 0.980096 -0.401950
6991.795969 0.901854 -0.383357 0.979950 -0.401935
6992.796083 0.901725 -0.383286 0.979805 -0.401921
6993.796197 0.901597 -0.383216 0.979659 -0.401906
6994.796311 0.901469 -0.383145 0.979513 -0.401891
6995.796425 0.901341 -0.383075 0.979368 -0.401875
6996.796539 0.901212 -0.383004 0.979222 -0.401860
6997.796653 0.901084 -0.382932 0.979076 -0.401844
6998.796766 0.900956 -0.382861 0.978931 -0.401828
6999.796880 0.900829 -0.382789 0.978785 -0.401812
7000.796994 0.900701 -0.382718 0.978639 -0.401795
7001.797108 0.900573 -0.382646 0.978493 -0.401779
7002.797222 0.900445 -0.382574 0.978348 -0.401762
7003.797336 0.900318 -0.382501 0.978202 -0.401745
7004.797450 0.900190 -0.382429 0.978056 -0.401727
7005.797563 0.900063 -0.382356 0.977910 -0.401710
7006.797677 0.899935 -0.382283 0.977765 -0.401692
7007.797791 0.899808 -0.382210 0.977619 -0.401674
7008.797905 0.899681 -0.382136 0.977473 -0.401656
7009.798019 0.899553 -0.382063 0.977327 -0.401638
7010.798133 0.899426 -0.381989 0.977181 -0.401619
7011.798247 0.899299 -0.381915 0.977036 -0.401600
7012.798360 0.899172 -0.381841 0.976890 -0.401581
7013.798474 0.899045 -0.381767 0.976744 -0.401562
7014.798588 0.898919 -0.381692 0.976598 -0.401542
7015.798702 0.898792 -0.381617 0.976452 -0.401523
7016.798816 0.898665 -0.381543 0.976306 -0.401503
7017.798930 0.898539 -0.381467 0.976160 -0.401483
7018.799044 0.898412 -0.381392 0.976014 -0.401462
7019.799157 0.898286 -0.381317 0.975869 -0.401442
7020.799271 0.898159 -0.381241 0.975723 -0.401421
7021.799385 0.898033 -0.381165 0.975577 -0.401400
7022.799499 0.897907 -0.381089 0.975431 -0.401379
7023.799613 0.897781 -0.381013 0.975285 -0.401357
7024.799727 0.897654 -0.380936 0.975139 -0.401335
7025.799841 0.897528 -0.380859 0.974993 -0.401314
7026.799954 0.897403 -0.380783 0.974847 -0.401291
7027.800068 0.897277 -0.380706 0.974701 -0.401269
7028.800182 0.897151 -0.380628 0.974555 -0.401247
7029.800296 0.897025 -0.380551 0.974409 -0.401224
7030.800410 0.896900 -0.380473 0.974263 -0.401201
7031.800524 0.896774 -0.380395 0.974117 -0.401177
7032.800638 0.896648 -0.380317 0.973971 -0.401154
7033.800751 0.896523 -0.380239 0.973825 -0.401130
7034.800865 0.896398 -0.380160 0.973679 -0.401106
7035.800979 0.896272 -0.380082 0.973533 -0.401082
7036.801093 0.896147 -0.380003 0.973387 -0.401058
7037.801207 0.896022 -0.379924 0.973241 -0.401033
7038.801321 0.895897 -0.379845 0.973095 -0.401009
7039.801435 0.895772 -0.379765 0.972949 -0.400984
7040.801548 0.895647 -0.379686 0.972803 -0.400958
7041.801662 0.895522 -0.379606 0.972657 -0.400933
7042.801776 0.895398 -0.379526 0.972511 -0.400907
7043.801890 0.895273 -0.379446 0.972364 -0.400881
7044.802004 0.895148 -0.379365 0.972218 -0.400855
7045.802118 0.895024 -0.379285 0.972072 -0.400829
7046.802232 0.894899 -0.379204 0.971926 -0.400802
7047.802345 0.894775 -0.379123 0.971780 -0.400775
7048.802459 0.894651 -0.379042 0.971634 -0.400748
7049.802573 0.894526 -0.378960 0.971488 -0.400721
7050.802687 0.894402 -0.378879 0.971342 -0.400694
7051.802801 0.894278 -0.378797 0.971195 -0.400666
7052.802915 0.894154 -0.378715 0.971049 -0.400638
7053.803029 0.894030 -0.378633 0.970903 -0.400610
7054.803142 0.893906 -0.378550 0.970757 -0.400581
7055.803256 0.893783 -0.378468 0.970611 -0.400553
7056.803370 0.893659 -0.378385 0.970465 -0.400524
7057.803484 0.893535 -0.378302 0.970318 -0.400495
7058.803598 0.893412 -0.378219 0.970172 -0.400466
7059.803712 0.893288 -0.378136 0.970026 -0.400436
7060.803826 0.893165 -0.378052 0.969880 -0.400407
7061.803939 0.893042 -0.377968 0.969734 -0.400377
7062.804053 0.892918 -0.377884 0.969587 -0.400346
7063.804167 0.892795 -0.377800 0.969441 -0.400316
7064.804281 0.892672 -0.377716 0.969295 -0.400285
7065.804395 0.892549 -0.377632 0.969149 -0.400255
7066.804509 0.892426 -0.377547 0.969003 -0.400223
7067.804623 0.892303 -0.377462 0.968856 -0.400192
7068.804736 0.892181 -0.377377 0.968710 -0.400161
7069.804850 0.892058 -0.377292 0.968564 -0.400129
7070.804964 0.891935 -0.377206 0.968418 -0.400097
7071.805078 0.891813 -0.377120 0.968271 -0.400065
7072.805192 0.891690 -0.377034 0.968125 -0.400032
7073.805306 0.891568 -0.376948 0.967979 -0.400000
7074.805420 0.891445 -0.376862 0.967833 -0.399967
7075.805533 0.891323 -0.376776 0.967686 -0.399934
7076.805647 0.891201 -0.376689 0.967540 -0.399900
7077.805761 0.891079 -0.376602 0.967394 -0.399867
7078.805875 0.890957 -0.376515 0.967247 -0.399833
7079.805989 0.890835 -0.376428 0.967101 -0.399799
7080.806103 0.890713 -0.376340 0.966955 -0.399765
7081.806217 0.890591 -0.376253 0.966809 -0.399730
7082.806330 0.890470 -0.376165 0.966662 -0.399696
7083.806444 0.890348 -0.376077 0.966516 -0.399661
7084.806558 0.890226 -0.375989 0.966370 -0.399625
7085.806672 0.890105 -0.375900 0.966223 -0.399590
7086.806786 0.889983 -0.375812 0.966077 -0.399554
7087.806900 0.889862 -0.375723 0.965931 -0.399519
7088.807014 0.889741 -0.375634 0.965784 -0.399483
7089.807127 0.889620 -0.375545 0.965638 -0.399446
7090.807241 0.889499 -0.375455 0.965492 -0.399410
7091.807355 0.889378 -0.375366 0.965345 -0.399373
7092.807469 0.889257 -0.375276 0.965199 -0.399336
7093.807583 0.889136 -0.375186 0.965053 -0.399299
7094.807697 0.889015 -0.375096 0.964906 -0.399261
7095.807811 0.888894 -0.375005 0.964760 -0.399224
7096.807924 0.888774 -0.374915 0.964614 -0.399186
7097.808038 0.888653 -0.374824 0.964467 -0.399148
7098.808152 0.888533 -0.374733 0.964321 -0.399109
7099.808266 0.888412 -0.374642 0.964175 -0.399071
7100.808380 0.888292 -0.374551 0.964028 -0.399032
7101.808494 0.888172 -0.374459 0.963882 -0.398993
7102.808608 0.888051 -0.374367 0.963736 -0.398954
7103.808721 0.887931 -0.374275 0.963589 -0.398914
7104.808835 0.887811 -0.374183 0.963443 -0.398874
7105.808949 0.887691 -0.374091 0.963297 -0.398834
7106.809063 0.887572 -0.373998 0.963150 -0.398794
7107.809177 0.887452 -0.373906 0.963004 -0.398754
7108.809291 0.887332 -0.373813 0.962857 -0.398713
7109.809405 0.887213 -0.373720 0.962711 -0.398672
7110.809518 0.887093 -0.373626 0.962565 -0.398631
7111.809632 0.886974 -0.373533 0.962418 -0.398590
7112.809746 0.886854 -0.373439 0.962272 -0.398548
7113.809860 0.886735 -0.373345 0.962126 -0.398506
7114.809974 0.886616 -0.373251 0.961979 -0.398464
7115.810088 0.886497 -0.373157 0.961833 -0.398422
7116.810202 0.886377 -0.373063 0.961686 -0.398380
7117.810315 0.886258 -0.372968 0.961540 -0.398337
7118.810429 0.886140 -0.372873 0.961394 -0.398294
7119.810543 0.886021 -0.372778 0.961247 -0.398251
7120.810657 0.885902 -0.372683 0.961101 -0.398207
7121.810771 0.885783 -0.372587 0.960954 -0.398164
7122.810885 0.885665 -0.372492 0.960808 -0.398120
7123.810999 0.885546 -0.372396 0.960662 -0.398076
7124.811112 0.885428 -0.372300 0.960515 -0.398031
7125.811226 0.885309 -0.372204 0.960369 -0.397987
7126.811340 0.885191 -0.372107 0.960222 -0.397942
7127.811454 0.885073 -0.372011 0.960076 -0.397897
7128.811568 0.884955 -0.371914 0.959930 -0.397852
7129.811682 0.884837 -0.371817 0.959783 -0.397806
7130.811796 0.884719 -0.371720 0.959637 -0.397760
7131.811909 0.884601 -0.371622 0.959491 -0.397714
7132.812023 0.884483 -0.371525 0.959344 -0.397668
7133.812137 0.884365 -0.371427 0.959198 -0.397622
7134.812251 0.884248 -0.371329 0.959051 -0.397575
7135.812365 0.884130 -0.371231 0.958905 -0.397528
7136.812479 0.884013 -0.371133 0.958759 -0.397481
7137.812593 0.883895 -0.371034 0.958612 -0.397434
7138.812706 0.883778 -0.370935 0.958466 -0.397386
7139.812820 0.883661 -0.370836 0.958319 -0.397338
7140.812934 0.883544 -0.370737 0.958173 -0.397290
7141.813048 0.883427 -0.370638 0.958027 -0.397242
7142.813162 0.883310 -0.370538 0.957880 -0.397193
7143.813276 0.883193 -0.370439 0.957734 -0.397145
7144.813390 0.883076 -0.370339 0.957588 -0.397096
7145.813503 0.882959 -0.370239 0.957441 -0.397046
7146.813617 0.882842 -0.370138 0.957295 -0.396997
7147.813731 0.882726 -0.370038 0.957148 -0.396947
7148.813845 0.882609 -0.369937 0.957002 -0.396897
7149.813959 0.882493 -0.369836 0.956856 -0.396847
7150.814073 0.882377 -0.369735 0.956709 -0.396797
7151.814186 0.882260 -0.369634 0.956563 -0.396746
7152.814300 0.882144 -0.369533 0.956417 -0.396695
7153.814414 0.882028 -0.369431 0.956270 -0.396644
7154.814528 0.881912 -0.369329 0.956124 -0.396593
7155.814642 0.881796 -0.369227 0.955978 -0.396541
7156.814756 0.881680 -0.369125 0.955831 -0.396489
7157.814870 0.881564 -0.369023 0.955685 -0.396437
7158.814983 0.881449 -0.368920 0.955538 -0.396385
7159.815097 0.881333 -0.368817 0.955392 -0.396332
7160.815211 0.881218 -0.368714 0.955246 -0.396279
7161.815325 0.881102 -0.368611 0.955099 -0.396226
7162.815439 0.880987 -0.368508 0.954953 -0.396173
7163.815553 0.880871 -0.368404 0.954807 -0.396120
7164.815667 0.880756 -0.368300 0.954660 -0.396066
7165.815780 0.880641 -0.368196 0.954514 -0.396012
7166.815894 0.880526 -0.368092 0.954368 -0.395958
7167.816008 0.880411 -0.367988 0.954221 -0.395903
7168.816122 0.880296 -0.367883 0.954075 -0.395849
7169.816236 0.880181 -0.367779 0.953929 -0.395794
7170.816350 0.880067 -0.367674 0.953783 -0.395739
7171.816464 0.879952 -0.367568 0.953636 -0.395683
7172.816577 0.879837 -0.367463 0.953490 -0.395628
7173.816691 0.879723 -0.367358 0.953344 -0.395572
7174.816805 0.879609 -0.367252 0.953197 -0.395516
7175.816919 0.879494 -0.367146 0.953051 -0.395460
7176.817033 0.879380 -0.367040 0.952905 -0.395403
7177.817147 0.879266 -0.366934 0.952758 -0.395346
7178.817261 0.879152 -0.366827 0.952612 -0.395289
7179.817374 0.879038 -0.366721 0.952466 -0.395232
7180.817488 0.878924 -0.366614 0.952320 -0.395174
7181.817602 0.878810 -0.366507 0.952173 -0.395117
7182.817716 0.878696 -0.366399 0.952027 -0.395059
7183.817830 0.878583 -0.366292 0.951881 -0.395000
7184.817944 0.878469 -0.366184 0.951735 -0.394942
7185.818058 0.878356 -0.366076 0.951588 -0.394883
7186.818171 0.878242 -0.365968 0.951442 -0.394824
7187.818285 0.878129 -0.365860 0.951296 -0.394765
7188.818399 0.878015 -0.365752 0.951150 -0.394706
7189.818513 0.877902 -0.365643 0.951003 -0.394646
7190.818627 0.877789 -0.365534 0.950857 -0.394586
7191.818741 0.877676 -0.365425 0.950711 -0.394526
7192.818855 0.877563 -0.365316 0.950565 -0.394466
7193.818968 0.877450 -0.365207 0.950419 -0.394405
7194.819082 0.877338 -0.365097 0.950272 -0.394344
7195.819196 0.877225 -0.364988 0.950126 -0.394283
7196.819310 0.877112 -0.364878 0.949980 -0.394222
7197.819424 0.877000 -0.364768 0.949834 -0.394160
7198.819538 0.876888 -0.364657 0.949688 -0.394099
7199.819652 0.876775 -0.364547 0.949541 -0.394036
7200.819765 0.876663 -0.364436 0.949395 -0.393974
7201.819879 0.876551 -0.364325 0.949249 -0.393912
7202.819993 0.876439 -0.364214 0.949103 -0.393849
7203.820107 0.876327 -0.364103 0.948957 -0.393786
7204.820221 0.876215 -0.363991 0.948811 -0.393723
7205.820335 0.876103 -0.363880 0.948665 -0.393659
7206.820449 0.875991 -0.363768 0.948518 -0.393595
7207.820562 0.875879 -0.363656 0.948372 -0.393531
7208.820676 0.875768 -0.363543 0.948226 -0.393467
7209.820790 0.875656 -0.363431 0.948080 -0.393403
7210.820904 0.875545 -0.363318 0.947934 -0.393338
7211.821018 0.875434 -0.363205 0.947788 -0.393273
7212.821132 0.875322 -0.363092 0.947642 -0.393208
7213.821246 0.875211 -0.362979 0.947496 -0.393143
7214.821359 0.875100 -0.362866 0.947350 -0.393077
7215.821473 0.874989 -0.362752 0.947204 -0.393011
7216.821587 0.874878 -0.362638 0.947058 -0.392945
7217.821701 0.874767 -0.362524 0.946912 -0.392879
7218.821815 0.874656 -0.362410 0.946766 -0.392812
7219.821929 0.874546 -0.362296 0.946620 -0.392745
7220.822043 0.874435 -0.362181 0.946474 -0.392678
7221.822156 0.874325 -0.362067 0.946328 -0.392611
7222.822270 0.874214 -0.361952 0.946182 -0.392543
7223.822384 0.874104 -0.361836 0.946036 -0.392475
7224.822498 0.873994 -0.361721 0.945890 -0.392407
7225.822612 0.873883 -0.361606 0.945744 -0.392339
7226.822726 0.873773 -0.361490 0.945598 -0.392270
7227.822840 0.873663 -0.361374 0.945452 -0.392202
7228.822953 0.873553 -0.361258 0.945306 -0.392132
7229.823067 0.873444 -0.361142 0.945160 -0.392063
7230.823181 0.873334 -0.361025 0.945014 -0.391994
7231.823295 0.873224 -0.360909 0.944868 -0.391924
7232.823409 0.873115 -0.360792 0.944722 -0.391854
7233.823523 0.873005 -0.360675 0.944576 -0.391784
7234.823637 0.872896 -0.360557 0.944430 -0.391713
7235.823750 0.872786 -0.360440 0.944284 -0.391642
7236.823864 0.872677 -0.360322 0.944138 -0.391571
7237.823978 0.872568 -0.360204 0.943993 -0.391500
7238.824092 0.872459 -0.360086 0.943847 -0.391429
7239.824206 0.872350 -0.359968 0.943701 -0.391357
7240.824320 0.872241 -0.359850 0.943555 -0.391285
7241.824434 0.872132 -0.359731 0.943409 -0.391213
7242.824547 0.872023 -0.359613 0.943263 -0.391140
7243.824661 0.871915 -0.359494 0.943118 -0.391068
7244.824775 0.871806 -0.359374 0.942972 -0.390995
7245.824889 0.871698 -0.359255 0.942826 -0.390922
7246.825003 0.871589 -0.359136 0.942680 -0.390848
7247.825117 0.871481 -0.359016 0.942535 -0.390775
7248.825231 0.871373 -0.358896 0.942389 -0.390701
7249.825344 0.871265 -0.358776 0.942243 -0.390626
7250.825458 0.871156 -0.358655 0.942097 -0.390552
7251.825572 0.871048 -0.358535 0.941952 -0.390477
7252.825686 0.870941 -0.358414 0.941806 -0.390403
7253.825800 0.870833 -0.358293 0.941660 -0.390327
7254.825914 0.870725 -0.358172 0.941515 -0.390252
7255.826028 0.870617 -0.358051 0.941369 -0.390176
7256.826141 0.870510 -0.357930 0.941223 -0.390100
7257.826255 0.870402 -0.357808 0.941078 -0.390024
7258.826369 0.870295 -0.357686 0.940932 -0.389948
7259.826483 0.870188 -0.357564 0.940786 -0.389871
7260.826597 0.870081 -0.357442 0.940641 -0.389795
7261.826711 0.869973 -0.357320 0.940495 -0.389717
7262.826825 0.869866 -0.357197 0.940349 -0.389640
7263.826938 0.869759 -0.357074 0.940204 -0.389563
7264.827052 0.869653 -0.356951 0.940058 -0.389485
7265.827166 0.869546 -0.356828 0.939913 -0.389407
7266.827280 0.869439 -0.356705 0.939767 -0.389328
7267.827394 0.869332 -0.356581 0.939622 -0.389250
7268.827508 0.869226 -0.356457 0.939476 -0.389171
7269.827622 0.869119 -0.356333 0.939331 -0.389092
7270.827735 0.869013 -0.356209 0.939185 -0.389012
7271.827849 0.868907 -0.356085 0.939040 -0.388933
7272.827963 0.868801 -0.355961 0.938894 -0.388853
7273.828077 0.868694 -0.355836 0.938749 -0.388773
7274.828191 0.868588 -0.355711 0.938603 -0.388693
7275.828305 0.868483 -0.355586 0.938458 -0.388612
7276.828419 0.868377 -0.355461 0.938313 -0.388531
7277.828532 0.868271 -0.355335 0.938167 -0.388450
7278.828646 0.868165 -0.355210 0.938022 -0.388369
7279.828760 0.868060 -0.355084 0.937876 -0.388288
7280.828874 0.867954 -0.354958 0.937731 -0.388206
7281.828988 0.867849 -0.354831 0.937586 -0.388124
7282.829102 0.867743 -0.354705 0.937440 -0.388041
7283.829216 0.867638 -0.354579 0.937295 -0.387959
7284.829329 0.867533 -0.354452 0.937150 -0.387876
7285.829443 0.867428 -0.354325 0.937004 -0.387793
7286.829557 0.867323 -0.354198 0.936859 -0.387710
7287.829671 0.867218 -0.354070 0.936714 -0.387626
7288.829785 0.867113 -0.353943 0.936569 -0.387543
7289.829899 0.867009 -0.353815 0.936423 -0.387459
7290.830013 0.866904 -0.353687 0.936278 -0.387374
7291.830126 0.866799 -0.353559 0.936133 -0.387290
7292.830240 0.866695 -0.353431 0.935988 -0.387205
7293.830354 0.866590 -0.353302 0.935843 -0.387120
7294.830468 0.866486 -0.353174 0.935698 -0.387035
7295.830582 0.866382 -0.353045 0.935552 -0.386949
7296.830696 0.866278 -0.352916 0.935407 -0.386863
7297.830810 0.866174 -0.352786 0.935262 -0.386777
7298.830923 0.866070 -0.352657 0.935117 -0.386691
7299.831037 0.865966 -0.352527 0.934972 -0.386605
7300.831151 0.865862 -0.352397 0.934827 -0.386518
7301.831265 0.865759 -0.352267 0.934682 -0.386431
7302.831379 0.865655 -0.352137 0.934537 -0.386344
7303.831493 0.865551 -0.352007 0.934392 -0.386256
7304.831607 0.865448 -0.351876 0.934247 -0.386168
7305.831720 0.865345 -0.351746 0.934102 -0.386080
7306.831834 0.865241 -0.351615 0.933957 -0.385992
7307.831948 0.865138 -0.351484 0.933812 -0.385904
7308.832062 0.865035 -0.351352 0.933667 -0.385815
7309.832176 0.864932 -0.351221 0.933522 -0.385726
7310.832290 0.864829 -0.351089 0.933377 -0.385637
7311.832404 0.864726 -0.350957 0.933232 -0.385547
7312.832517 0.864624 -0.350825 0.933087 -0.385457
7313.832631 0.864521 -0.350693 0.932943 -0.385367
7314.832745 0.864418 -0.350560 0.932798 -0.385277
7315.832859 0.864316 -0.350428 0.932653 -0.385187
7316.832973 0.864214 -0.350295 0.932508 -0.385096
7317.833087 0.864111 -0.350162 0.932363 -0.385005
7318.833201 0.864009 -0.350029 0.932219 -0.384914
7319.833314 0.863907 -0.349895 0.932074 -0.384822
7320.833428 0.863805 -0.349762 0.931929 -0.384730
7321.833542 0.863703 -0.349628 0.931784 -0.384638
7322.833656 0.863601 -0.349494 0.931640 -0.384546
7323.833770 0.863499 -0.349360 0.931495 -0.384453
7324.833884 0.863398 -0.349225 0.931350 -0.384361
7325.833997 0.863296 -0.349091 0.931206 -0.384268
7326.834111 0.863194 -0.348956 0.931061 -0.384174
7327.834225 0.863093 -0.348821 0.930917 -0.384081
7328.834339 0.862992 -0.348686 0.930772 -0.383987
7329.834453 0.862890 -0.348551 0.930628 -0.383893
7330.834567 0.862789 -0.348415 0.930483 -0.383799
7331.834681 0.862688 -0.348280 0.930338 -0.383704
7332.834794 0.862587 -0.348144 0.930194 -0.383610
7333.834908 0.862486 -0.348008 0.930049 -0.383514
7334.835022 0.862385 -0.347871 0.929905 -0.383419
7335.835136 0.862285 -0.347735 0.929761 -0.383324
7336.835250 0.862184 -0.347598 0.929616 -0.383228
7337.835364 0.862084 -0.347462 0.929472 -0.383132
7338.835478 0.861983 -0.347325 0.929327 -0.383036
7339.835591 0.861883 -0.347188 0.929183 -0.382939
7340.835705 0.861782 -0.347050 0.929039 -0.382842
7341.835819 0.861682 -0.346913 0.928894 -0.382745
7342.835933 0.861582 -0.346775 0.928750 -0.382648
7343.836047 0.861482 -0.346637 0.928606 -0.382550
7344.836161 0.861382 -0.346499 0.928461 -0.382452
7345.836275 0.861282 -0.346361 0.928317 -0.382354
7346.836388 0.861182 -0.346222 0.928173 -0.382256
7347.836502 0.861083 -0.346083 0.928029 -0.382157
7348.836616 0.860983 -0.345945 0.927885 -0.382059
7349.836730 0.860884 -0.345806 0.927740 -0.381960
7350.836844 0.860784 -0.345666 0.927596 -0.381860
7351.836958 0.860685 -0.345527 0.927452 -0.381761
7352.837072 0.860586 -0.345387 0.927308 -0.381661
7353.837185 0.860487 -0.345247 0.927164 -0.381561
7354.837299 0.860388 -0.345108 0.927020 -0.381460
7355.837413 0.860289 -0.344967 0.926876 -0.381360
7356.837527 0.860190 -0.344827 0.926732 -0.381259
7357.837641 0.860091 -0.344686 0.926588 -0.381158
7358.837755 0.859992 -0.344546 0.926444 -0.381056
7359.837869 0.859894 -0.344405 0.926300 -0.380955
7360.837982 0.859795 -0.344264 0.926156 -0.380853
7361.838096 0.859697 -0.344122 0.926012 -0.380751
7362.838210 0.859598 -0.343981 0.925868 -0.380648
7363.838324 0.859500 -0.343839 0.925724 -0.380546
7364.838438 0.859402 -0.343697 0.925580 -0.380443
7365.838552 0.859304 -0.343555 0.925437 -0.380340
7366.838666 0.859206 -0.343413 0.925293 -0.380236
7367.838779 0.859108 -0.343271 0.925149 -0.380133
7368.838893 0.859010 -0.343128 0.925005 -0.380029
7369.839007 0.858912 -0.342985 0.924862 -0.379925
7370.839121 0.858814 -0.342842 0.924718 -0.379820
7371.839235 0.858717 -0.342699 0.924574 -0.379716
7372.839349 0.858619 -0.342556 0.924431 -0.379611
7373.839463 0.858522 -0.342412 0.924287 -0.379505
7374.839576 0.858425 -0.342269 0.924143 -0.379400
7375.839690 0.858328 -0.342125 0.924000 -0.379294
7376.839804 0.858230 -0.341981 0.923856 -0.379188
7377.839918 0.858133 -0.341836 0.923713 -0.379082
7378.840032 0.858036 -0.341692 0.923569 -0.378976
7379.840146 0.857940 -0.341547 0.923426 -0.378869
7380.840260 0.857843 -0.341402 0.923282 -0.378762
7381.840373 0.857746 -0.341257 0.923139 -0.378655
7382.840487 0.857650 -0.341112 0.922995 -0.378547
7383.840601 0.857553 -0.340967 0.922852 -0.378439
7384.840715 0.857457 -0.340821 0.922708 -0.378331
7385.840829 0.857360 -0.340675 0.922565 -0.378223
7386.840943 0.857264 -0.340529 0.922422 -0.378115
7387.841057 0.857168 -0.340383 0.922279 -0.378006
7388.841170 0.857072 -0.340237 0.922135 -0.377897
7389.841284 0.856976 -0.340091 0.921992 -0.377788
7390.841398 0.856880 -0.339944 0.921849 -0.377678
7391.841512 0.856784 -0.339797 0.921706 -0.377568
7392.841626 0.856688 -0.339650 0.921562 -0.377458
7393.841740 0.856593 -0.339503 0.921419 -0.377348
7394.841854 0.856497 -0.339355 0.921276 -0.377237
7395.841967 0.856402 -0.339208 0.921133 -0.377126
7396.842081 0.856307 -0.339060 0.920990 -0.377015
7397.842195 0.856211 -0.338912 0.920847 -0.376904
7398.842309 0.856116 -0.338764 0.920704 -0.376792
7399.842423 0.856021 -0.338615 0.920561 -0.376681
7400.842537 0.855926 -0.338467 0.920418 -0.376568
7401.842651 0.855831 -0.338318 0.920275 -0.376456
7402.842764 0.855736 -0.338169 0.920132 -0.376343
7403.842878 0.855642 -0.338020 0.919989 -0.376231
7404.842992 0.855547 -0.337871 0.919846 -0.376117
7405.843106 0.855452 -0.337721 0.919703 -0.376004
7406.843220 0.855358 -0.337571 0.919561 -0.375890
7407.843334 0.855264 -0.337422 0.919418 -0.375776
7408.843448 0.855169 -0.337272 0.919275 -0.375662
7409.843561 0.855075 -0.337121 0.919132 -0.375548
7410.843675 0.854981 -0.336971 0.918990 -0.375433
7411.843789 0.854887 -0.336820 0.918847 -0.375318
7412.843903 0.854793 -0.336670 0.918704 -0.375203
7413.844017 0.854699 -0.336519 0.918562 -0.375087
7414.844131 0.854605 -0.336368 0.918419 -0.374972
7415.844245 0.854512 -0.336216 0.918276 -0.374856
7416.844358 0.854418 -0.336065 0.918134 -0.374740
7417.844472 0.854325 -0.335913 0.917991 -0.374623
7418.844586 0.854231 -0.335761 0.917849 -0.374506
7419.844700 0.854138 -0.335609 0.917706 -0.374389
7420.844814 0.854045 -0.335457 0.917564 -0.374272
7421.844928 0.853952 -0.335304 0.917422 -0.374154
7422.845042 0.853859 -0.335152 0.917279 -0.374037
7423.845155 0.853766 -0.334999 0.917137 -0.373919
7424.845269 0.853673 -0.334846 0.916995 -0.373800
7425.845383 0.853580 -0.334693 0.916852 -0.373682
7426.845497 0.853487 -0.334539 0.916710 -0.373563
7427.845611 0.853395 -0.334386 0.916568 -0.373444
7428.845725 0.853302 -0.334232 0.916426 -0.373324
7429.845839 0.853210 -0.334078 0.916283 -0.373205
7430.845952 0.853118 -0.333924 0.916141 -0.373085
7431.846066 0.853025 -0.333770 0.915999 -0.372965
7432.846180 0.852933 -0.333616 0.915857 -0.372844
7433.846294 0.852841 -0.333461 0.915715 -0.372724
7434.846408 0.852749 -0.333306 0.915573 -0.372603
7435.846522 0.852657 -0.333151 0.915431 -0.372482
7436.846636 0.852566 -0.332996 0.915289 -0.372360
7437.846749 0.852474 -0.332840 0.915147 -0.372239
7438.846863 0.852382 -0.332685 0.915005 -0.372117
7439.846977 0.852291 -0.332529 0.914863 -0.371994
7440.847091 0.852199 -0.332373 0.914722 -0.371872
7441.847205 0.852108 -0.332217 0.914580 -0.371749
7442.847319 0.852017 -0.332061 0.914438 -0.371626
7443.847433 0.851926 -0.331904 0.914296 -0.371503
7444.847546 0.851834 -0.331748 0.914155 -0.371379
7445.847660 0.851743 -0.331591 0.914013 -0.371256
7446.847774 0.851653 -0.331434 0.913871 -0.371132
7447.847888 0.851562 -0.331277 0.913730 -0.371007
7448.848002 0.851471 -0.331119 0.913588 -0.370883
7449.848116 0.851380 -0.330962 0.913446 -0.370758
7450.848230 0.851290 -0.330804 0.913305 -0.370633
7451.848343 0.851199 -0.330646 0.913163 -0.370508
7452.848457 0.851109 -0.330488 0.913022 -0.370382
7453.848571 0.851019 -0.330330 0.912880 -0.370256
7454.848685 0.850929 -0.330171 0.912739 -0.370130
7455.848799 0.850839 -0.330012 0.912598 -0.370004
7456.848913 0.850749 -0.329854 0.912456 -0.369877
7457.849027 0.850659 -0.329695 0.912315 -0.369750
7458.849140 0.850569 -0.329535 0.912174 -0.369623
7459.849254 0.850479 -0.329376 0.912032 -0.369495
7460.849368 0.850389 -0.329216 0.911891 -0.369368
7461.849482 0.850300 -0.329057 0.911750 -0.369240
7462.849596 0.850210 -0.328897 0.911609 -0.369112
7463.849710 0.850121 -0.328736 0.911468 -0.368983
7464.849824 0.850032 -0.328576 0.911327 -0.368854
7465.849937 0.849943 -0.328416 0.911186 -0.368725
7466.850051 0.849854 -0.328255 0.911045 -0.368596
7467.850165 0.849765 -0.328094 0.910904 -0.368467
7468.850279 0.849676 -0.327933 0.910763 -0.368337
7469.850393 0.849587 -0.327772 0.910622 -0.368207
7470.850507 0.849498 -0.327610 0.910481 -0.368076
7471.850621 0.849409 -0.327449 0.910340 -0.367946
7472.850734 0.849321 -0.327287 0.910199 -0.367815
7473.850848 0.849232 -0.327125 0.910058 -0.367684
7474.850962 0.849144 -0.326963 0.909918 -0.367553
7475.851076 0.849056 -0.326801 0.909777 -0.367421
7476.851190 0.848967 -0.326638 0.909636 -0.367289
7477.851304 0.848879 -0.326476 0.909496 -0.367157
7478.851418 0.848791 -0.326313 0.909355 -0.367025
7479.851531 0.848703 -0.326150 0.909215 -0.366892
7480.851645 0.848616 -0.325986 0.909074 -0.366759
7481.851759 0.848528 -0.325823 0.908933 -0.366626
7482.851873 0.848440 -0.325659 0.908793 -0.366492
7483.851987 0.848353 -0.325496 0.908653 -0.366359
7484.852101 0.848265 -0.325332 0.908512 -0.366225
7485.852215 0.848178 -0.325168 0.908372 -0.366090
7486.852328 0.848090 -0.325003 0.908231 -0.365956
7487.852442 0.848003 -0.324839 0.908091 -0.365821
7488.852556 0.847916 -0.324674 0.907951 -0.365686
7489.852670 0.847829 -0.324509 0.907811 -0.365551
7490.852784 0.847742 -0.324344 0.907671 -0.365415
7491.852898 0.847655 -0.324179 0.907530 -0.365279
7492.853011 0.847568 -0.324014 0.907390 -0.365143
7493.853125 0.847482 -0.323848 0.907250 -0.365007
7494.853239 0.847395 -0.323682 0.907110 -0.364870
7495.853353 0.847309 -0.323516 0.906970 -0.364733
7496.853467 0.847222 -0.323350 0.906830 -0.364596
7497.853581 0.847136 -0.323184 0.906690 -0.364459
7498.853695 0.847050 -0.323018 0.906550 -0.364321
7499.853808 0.846964 -0.322851 0.906410 -0.364183
7500.853922 0.846878 -0.322684 0.906271 -0.364045
7501.854036 0.846792 -0.322517 0.906131 -0.363907
7502.854150 0.846706 -0.322350 0.905991 -0.363768
7503.854264 0.846620 -0.322182 0.905851 -0.363629
7504.854378 0.846534 -0.322015 0.905712 -0.363490
7505.854492 0.846449 -0.321847 0.905572 -0.363350
7506.854605 0.846363 -0.321679 0.905433 -0.363210
7507.854719 0.846278 -0.321511 0.905293 -0.363070
7508.854833 0.846192 -0.321343 0.905153 -0.362930
7509.854947 0.846107 -0.321174 0.905014 -0.362789
7510.855061 0.846022 -0.321006 0.904875 -0.362648
7511.855175 0.845937 -0.320837 0.904735 -0.362507
7512.855289 0.845852 -0.320668 0.904596 -0.362366
7513.855402 0.845767 -0.320499 0.904456 -0.362224
7514.855516 0.845682 -0.320329 0.904317 -0.362082
7515.855630 0.845598 -0.320160 0.904178 -0.361940
7516.855744 0.845513 -0.319990 0.904039 -0.361798
7517.855858 0.845428 -0.319820 0.903899 -0.361655
7518.855972 0.845344 -0.319650 0.903760 -0.361512
7519.856086 0.845260 -0.319480 0.903621 -0.361369
7520.856199 0.845175 -0.319310 0.903482 -0.361226
7521.856313 0.845091 -0.319139 0.903343 -0.361082
7522.856427 0.845007 -0.318968 0.903204 -0.360938
7523.856541 0.844923 -0.318797 0.903065 -0.360793
7524.856655 0.844839 -0.318626 0.902926 -0.360649
7525.856769 0.844756 -0.318455 0.902788 -0.360504
7526.856883 0.844672 -0.318283 0.902649 -0.360359
7527.856996 0.844588 -0.318111 0.902510 -0.360214
7528.857110 0.844505 -0.317940 0.902371 -0.360068
7529.857224 0.844421 -0.317768 0.902232 -0.359922
7530.857338 0.844338 -0.317595 0.902094 -0.359776
7531.857452 0.844255 -0.317423 0.901955 -0.359630
7532.857566 0.844171 -0.317250 0.901817 -0.359483
7533.857680 0.844088 -0.317078 0.901678 -0.359336
7534.857793 0.844005 -0.316905 0.901540 -0.359189
7535.857907 0.843922 -0.316732 0.901401 -0.359041
7536.858021 0.843840 -0.316558 0.901263 -0.358894
7537.858135 0.843757 -0.316385 0.901124 -0.358746
7538.858249 0.843674 -0.316211 0.900986 -0.358597
7539.858363 0.843592 -0.316037 0.900848 -0.358449
7540.858477 0.843509 -0.315863 0.900710 -0.358300
7541.858590 0.843427 -0.315689 0.900571 -0.358151
7542.858704 0.843345 -0.315515 0.900433 -0.358002
7543.858818 0.843263 -0.315340 0.900295 -0.357852
7544.858932 0.843180 -0.315166 0.900157 -0.357702
7545.859046 0.843098 -0.314991 0.900019 -0.357552
7546.859160 0.843016 -0.314816 0.899881 -0.357402
7547.859274 0.842935 -0.314640 0.899743 -0.357251
7548.859387 0.842853 -0.314465 0.899605 -0.357100
7549.859501 0.842771 -0.314289 0.899467 -0.356949
7550.859615 0.842690 -0.314114 0.899329 -0.356798
7551.859729 0.842608 -0.313938 0.899192 -0.356646
7552.859843 0.842527 -0.313761 0.899054 -0.356494
7553.859957 0.842446 -0.313585 0.898916 -0.356342
7554.860071 0.842364 -0.313409 0.898779 -0.356189
7555.860184 0.842283 -0.313232 0.898641 -0.356036
7556.860298 0.842202 -0.313055 0.898503 -0.355883
7557.860412 0.842121 -0.312878 0.898366 -0.355730
7558.860526 0.842041 -0.312701 0.898228 -0.355576
7559.860640 0.841960 -0.312524 0.898091 -0.355423
7560.860754 0.841879 -0.312346 0.897954 -0.355268
7561.860868 0.841799 -0.312168 0.897816 -0.355114
7562.860981 0.841718 -0.311990 0.897679 -0.354959
7563.861095 0.841638 -0.311812 0.897542 -0.354805
7564.861209 0.841557 -0.311634 0.897404 -0.354649
7565.861323 0.841477 -0.311456 0.897267 -0.354494
7566.861437 0.841397 -0.311277 0.897130 -0.354338
7567.861551 0.841317 -0.311098 0.896993 -0.354182
7568.861665 0.841237 -0.310919 0.896856 -0.354026
7569.861778 0.841157 -0.310740 0.896719 -0.353869
7570.861892 0.841078 -0.310561 0.896582 -0.353713
7571.862006 0.840998 -0.310381 0.896445 -0.353556
7572.862120 0.840918 -0.310202 0.896308 -0.353398
7573.862234 0.840839 -0.310022 0.896172 -0.353241
7574.862348 0.840759 -0.309842 0.896035 -0.353083
7575.862462 0.840680 -0.309662 0.895898 -0.352925
7576.862575 0.840601 -0.309481 0.895761 -0.352766
7577.862689 0.840522 -0.309301 0.895625 -0.352608
7578.862803 0.840443 -0.309120 0.895488 -0.352449
7579.862917 0.840364 -0.308939 0.895352 -0.352290
7580.863031 0.840285 -0.308758 0.895215 -0.352130
7581.863145 0.840206 -0.308577 0.895079 -0.351970
7582.863259 0.840127 -0.308395 0.894942 -0.351810
7583.863372 0.840049 -0.308214 0.894806 -0.351650
7584.863486 0.839970 -0.308032 0.894670 -0.351490
7585.863600 0.839892 -0.307850 0.894533 -0.351329
7586.863714 0.839814 -0.307668 0.894397 -0.351168
7587.863828 0.839735 -0.307486 0.894261 -0.351007
7588.863942 0.839657 -0.307303 0.894125 -0.350845
7589.864056 0.839579 -0.307120 0.893989 -0.350683
7590.864169 0.839501 -0.306938 0.893853 -0.350521
7591.864283 0.839423 -0.306755 0.893717 -0.350359
7592.864397 0.839346 -0.306571 0.893581 -0.350196
7593.864511 0.839268 -0.306388 0.893445 -0.350033
7594.864625 0.839190 -0.306205 0.893309 -0.349870
7595.864739 0.839113 -0.306021 0.893174 -0.349706
7596.864853 0.839035 -0.305837 0.893038 -0.349543
7597.864966 0.838958 -0.305653 0.892902 -0.349379
7598.865080 0.838881 -0.305469 0.892766 -0.349214
7599.865194 0.838804 -0.305284 0.892631 -0.349050
7600.865308 0.838727 -0.305100 0.892495 -0.348885
7601.865422 0.838650 -0.304915 0.892360 -0.348720
7602.865536 0.838573 -0.304730 0.892224 -0.348555
7603.865650 0.838496 -0.304545 0.892089 -0.348389
7604.865763 0.838419 -0.304360 0.891954 -0.348223
7605.865877 0.838343 -0.304174 0.891818 -0.348057
7606.865991 0.838266 -0.303989 0.891683 -0.347891
7607.866105 0.838190 -0.303803 0.891548 -0.347724
7608.866219 0.838113 -0.303617 0.891413 -0.347557
7609.866333 0.838037 -0.303431 0.891278 -0.347390
7610.866447 0.837961 -0.303244 0.891143 -0.347222
7611.866560 0.837885 -0.303058 0.891008 -0.347054
7612.866674 0.837809 -0.302871 0.890873 -0.346886
7613.866788 0.837733 -0.302684 0.890738 -0.346718
7614.866902 0.837657 -0.302497 0.890603 -0.346550
7615.867016 0.837581 -0.302310 0.890468 -0.346381
7616.867130 0.837506 -0.302123 0.890334 -0.346212
7617.867244 0.837430 -0.301935 0.890199 -0.346042
7618.867357 0.837355 -0.301748 0.890064 -0.345873
7619.867471 0.837279 -0.301560 0.889930 -0.345703
7620.867585 0.837204 -0.301372 0.889795 -0.345533
7621.867699 0.837129 -0.301184 0.889661 -0.345362
7622.867813 0.837054 -0.300995 0.889526 -0.345192
7623.867927 0.836979 -0.300807 0.889392 -0.345021
7624.868041 0.836904 -0.300618 0.889258 -0.344849
7625.868154 0.836829 -0.300429 0.889123 -0.344678
7626.868268 0.836754 -0.300240 0.888989 -0.344506
7627.868382 0.836679 -0.300051 0.888855 -0.344334
7628.868496 0.836605 -0.299861 0.888721 -0.344162
7629.868610 0.836530 -0.299672 0.888587 -0.343989
7630.868724 0.836456 -0.299482 0.888453 -0.343816
7631.868838 0.836382 -0.299292 0.888319 -0.343643
7632.868951 0.836308 -0.299102 0.888185 -0.343470
7633.869065 0.836233 -0.298912 0.888051 -0.343296
7634.869179 0.836159 -0.298721 0.887917 -0.343122
7635.869293 0.836085 -0.298530 0.887783 -0.342948
7636.869407 0.836012 -0.298340 0.887650 -0.342774
7637.869521 0.835938 -0.298149 0.887516 -0.342599
7638.869635 0.835864 -0.297958 0.887382 -0.342424
7639.869748 0.835791 -0.297766 0.887249 -0.342249
7640.869862 0.835717 -0.297575 0.887115 -0.342073
7641.869976 0.835644 -0.297383 0.886982 -0.341897
7642.870090 0.835570 -0.297191 0.886849 -0.341721
7643.870204 0.835497 -0.296999 0.886715 -0.341545
7644.870318 0.835424 -0.296807 0.886582 -0.341368
7645.870432 0.835351 -0.296615 0.886449 -0.341191
7646.870545 0.835278 -0.296422 0.886316 -0.341014
7647.870659 0.835205 -0.296230 0.886182 -0.340837
7648.870773 0.835132 -0.296037 0.886049 -0.340659
7649.870887 0.835060 -0.295844 0.885916 -0.340481
7650.871001 0.834987 -0.295650 0.885783 -0.340303
7651.871115 0.834914 -0.295457 0.885651 -0.340125
7652.871229 0.834842 -0.295264 0.885518 -0.339946
7653.871342 0.834770 -0.295070 0.885385 -0.339767
7654.871456 0.834697 -0.294876 0.885252 -0.339588
7655.871570 0.834625 -0.294682 0.885120 -0.339408
7656.871684 0.834553 -0.294488 0.884987 -0.339228
7657.871798 0.834481 -0.294293 0.884854 -0.339048
7658.871912 0.834409 -0.294099 0.884722 -0.338868
7659.872026 0.834337 -0.293904 0.884589 -0.338687
7660.872139 0.834266 -0.293709 0.884457 -0.338506
7661.872253 0.834194 -0.293514 0.884325 -0.338325
7662.872367 0.834123 -0.293319 0.884193 -0.338144
7663.872481 0.834051 -0.293123 0.884060 -0.337962
7664.872595 0.833980 -0.292928 0.883928 -0.337780
7665.872709 0.833908 -0.292732 0.883796 -0.337598
7666.872822 0.833837 -0.292536 0.883664 -0.337415
7667.872936 0.833766 -0.292340 0.883532 -0.337232
7668.873050 0.833695 -0.292144 0.883400 -0.337049
7669.873164 0.833624 -0.291947 0.883268 -0.336866
7670.873278 0.833553 -0.291751 0.883136 -0.336682
7671.873392 0.833483 -0.291554 0.883005 -0.336499
7672.873506 0.833412 -0.291357 0.882873 -0.336314
7673.873619 0.833341 -0.291160 0.882741 -0.336130
7674.873733 0.833271 -0.290963 0.882610 -0.335945
7675.873847 0.833201 -0.290765 0.882478 -0.335760
7676.873961 0.833130 -0.290568 0.882347 -0.335575
7677.874075 0.833060 -0.290370 0.882215 -0.335390
7678.874189 0.832990 -0.290172 0.882084 -0.335204
7679.874303 0.832920 -0.289974 0.881953 -0.335018
7680.874416 0.832850 -0.289775 0.881821 -0.334832
7681.874530 0.832780 -0.289577 0.881690 -0.334645
7682.874644 0.832710 -0.289378 0.881559 -0.334458
7683.874758 0.832641 -0.289180 0.881428 -0.334271
7684.874872 0.832571 -0.288981 0.881297 -0.334084
7685.874986 0.832501 -0.288782 0.881166 -0.333896
7686.875100 0.832432 -0.288582 0.881035 -0.333708
7687.875213 0.832363 -0.288383 0.880904 -0.333520
7688.875327 0.832293 -0.288183 0.880773 -0.333332
7689.875441 0.832224 -0.287983 0.880643 -0.333143
7690.875555 0.832155 -0.287783 0.880512 -0.332954
7691.875669 0.832086 -0.287583 0.880382 -0.332765
7692.875783 0.832017 -0.287383 0.880251 -0.332575
7693.875897 0.831949 -0.287182 0.880121 -0.332386
7694.876010 0.831880 -0.286982 0.879990 -0.332196
7695.876124 0.831811 -0.286781 0.879860 -0.332005
7696.876238 0.831743 -0.286580 0.879730 -0.331815
7697.876352 0.831674 -0.286379 0.879599 -0.331624
7698.876466 0.831606 -0.286178 0.879469 -0.331433
7699.876580 0.831538 -0.285976 0.879339 -0.331241
7700.876694 0.831469 -0.285774 0.879209 -0.331050
7701.876807 0.831401 -0.285573 0.879079 -0.330858
7702.876921 0.831333 -0.285371 0.878949 -0.330666
7703.877035 0.831265 -0.285169 0.878819 -0.330473
7704.877149 0.831197 -0.284966 0.878689 -0.330280
7705.877263 0.831130 -0.284764 0.878560 -0.330087
7706.877377 0.831062 -0.284561 0.878430 -0.329894
7707.877491 0.830995 -0.284358 0.878300 -0.329701
7708.877604 0.830927 -0.284155 0.878171 -0.329507
7709.877718 0.830860 -0.283952 0.878041 -0.329313
7710.877832 0.830792 -0.283749 0.877912 -0.329118
7711.877946 0.830725 -0.283545 0.877783 -0.328924
7712.878060 0.830658 -0.283342 0.877653 -0.328729
7713.878174 0.830591 -0.283138 0.877524 -0.328534
7714.878288 0.830524 -0.282934 0.877395 -0.328338
7715.878401 0.830457 -0.282730 0.877266 -0.328143
7716.878515 0.830390 -0.282526 0.877137 -0.327947
7717.878629 0.830324 -0.282321 0.877008 -0.327750
7718.878743 0.830257 -0.282116 0.876879 -0.327554
7719.878857 0.830190 -0.281912 0.876750 -0.327357
7720.878971 0.830124 -0.281707 0.876621 -0.327160
7721.879085 0.830058 -0.281502 0.876492 -0.326963
7722.879198 0.829991 -0.281296 0.876364 -0.326765
7723.879312 0.829925 -0.281091 0.876235 -0.326568
7724.879426 0.829859 -0.280885 0.876107 -0.326369
7725.879540 0.829793 -0.280679 0.875978 -0.326171
7726.879654 0.829727 -0.280473 0.875850 -0.325972
7727.879768 0.829661 -0.280267 0.875721 -0.325774
7728.879882 0.829596 -0.280061 0.875593 -0.325574
7729.879995 0.829530 -0.279855 0.875465 -0.325375
7730.880109 0.829464 -0.279648 0.875337 -0.325175
7731.880223 0.829399 -0.279441 0.875209 -0.324975
7732.880337 0.829334 -0.279234 0.875080 -0.324775
7733.880451 0.829268 -0.279027 0.874953 -0.324574
7734.880565 0.829203 -0.278820 0.874825 -0.324374
7735.880679 0.829138 -0.278612 0.874697 -0.324173
7736.880792 0.829073 -0.278405 0.874569 -0.323971
7737.880906 0.829008 -0.278197 0.874441 -0.323770
7738.881020 0.828943 -0.277989 0.874314 -0.323568
7739.881134 0.828878 -0.277781 0.874186 -0.323366
7740.881248 0.828814 -0.277573 0.874059 -0.323163
7741.881362 0.828749 -0.277364 0.873931 -0.322961
7742.881476 0.828684 -0.277156 0.873804 -0.322758
7743.881589 0.828620 -0.276947 0.873677 -0.322555
7744.881703 0.828556 -0.276738 0.873549 -0.322351
7745.881817 0.828491 -0.276529 0.873422 -0.322147
7746.881931 0.828427 -0.276320 0.873295 -0.321943
7747.882045 0.828363 -0.276110 0.873168 -0.321739
7748.882159 0.828299 -0.275901 0.873041 -0.321535
7749.882273 0.828235 -0.275691 0.872914 -0.321330
7750.882386 0.828171 -0.275481 0.872787 -0.321125
7751.882500 0.828108 -0.275271 0.872661 -0.320919
7752.882614 0.828044 -0.275061 0.872534 -0.320714
7753.882728 0.827980 -0.274851 0.872407 -0.320508
7754.882842 0.827917 -0.274640 0.872281 -0.320302
7755.882956 0.827853 -0.274429 0.872154 -0.320095
7756.883070 0.827790 -0.274219 0.872028 -0.319889
7757.883183 0.827727 -0.274007 0.871901 -0.319682
7758.883297 0.827664 -0.273796 0.871775 -0.319474
7759.883411 0.827601 -0.273585 0.871649 -0.319267
7760.883525 0.827538 -0.273373 0.871523 -0.319059
7761.883639 0.827475 -0.273162 0.871397 -0.318851
7762.883753 0.827412 -0.272950 0.871271 -0.318643
7763.883867 0.827349 -0.272738 0.871145 -0.318434
7764.883980 0.827287 -0.272526 0.871019 -0.318225
7765.884094 0.827224 -0.272313 0.870893 -0.318016
7766.884208 0.827162 -0.272101 0.870767 -0.317807
7767.884322 0.827099 -0.271888 0.870642 -0.317597
7768.884436 0.827037 -0.271676 0.870516 -0.317388
7769.884550 0.826975 -0.271463 0.870390 -0.317177
7770.884664 0.826913 -0.271249 0.870265 -0.316967
7771.884777 0.826851 -0.271036 0.870140 -0.316756
7772.884891 0.826789 -0.270823 0.870014 -0.316545
7773.885005 0.826727 -0.270609 0.869889 -0.316334
7774.885119 0.826665 -0.270395 0.869764 -0.316123
7775.885233 0.826604 -0.270181 0.869639 -0.315911
7776.885347 0.826542 -0.269967 0.869514 -0.315699
7777.885461 0.826480 -0.269753 0.869389 -0.315486
7778.885574 0.826419 -0.269539 0.869264 -0.315274
7779.885688 0.826358 -0.269324 0.869139 -0.315061
7780.885802 0.826296 -0.269109 0.869014 -0.314848
7781.885916 0.826235 -0.268894 0.868890 -0.314635
7782.886030 0.826174 -0.268679 0.868765 -0.314421
7783.886144 0.826113 -0.268464 0.868640 -0.314207
7784.886258 0.826052 -0.268249 0.868516 -0.313993
7785.886371 0.825992 -0.268033 0.868392 -0.313778
7786.886485 0.825931 -0.267818 0.868267 -0.313564
7787.886599 0.825870 -0.267602 0.868143 -0.313349
7788.886713 0.825810 -0.267386 0.868019 -0.313134
7789.886827 0.825749 -0.267169 0.867895 -0.312918
7790.886941 0.825689 -0.266953 0.867771 -0.312702
7791.887055 0.825628 -0.266737 0.867647 -0.312486
7792.887168 0.825568 -0.266520 0.867523 -0.312270
7793.887282 0.825508 -0.266303 0.867399 -0.312053
7794.887396 0.825448 -0.266086 0.867275 -0.311837
7795.887510 0.825388 -0.265869 0.867152 -0.311619
7796.887624 0.825328 -0.265652 0.867028 -0.311402
7797.887738 0.825268 -0.265434 0.866904 -0.311184
7798.887852 0.825209 -0.265217 0.866781 -0.310967
7799.887965 0.825149 -0.264999 0.866658 -0.310748
7800.888079 0.825089 -0.264781 0.866534 -0.310530
7801.888193 0.825030 -0.264563 0.866411 -0.310311
7802.888307 0.824971 -0.264345 0.866288 -0.310092
7803.888421 0.824911 -0.264126 0.866165 -0.309873
7804.888535 0.824852 -0.263908 0.866042 -0.309654
7805.888649 0.824793 -0.263689 0.865919 -0.309434
7806.888762 0.824734 -0.263470 0.865796 -0.309214
7807.888876 0.824675 -0.263251 0.865673 -0.308993
7808.888990 0.824616 -0.263032 0.865551 -0.308773
7809.889104 0.824557 -0.262813 0.865428 -0.308552
7810.889218 0.824499 -0.262593 0.865305 -0.308331
7811.889332 0.824440 -0.262373 0.865183 -0.308110
7812.889446 0.824382 -0.262154 0.865060 -0.307888
7813.889559 0.824323 -0.261934 0.864938 -0.307666
7814.889673 0.824265 -0.261714 0.864816 -0.307444
7815.889787 0.824207 -0.261493 0.864694 -0.307222
7816.889901 0.824148 -0.261273 0.864572 -0.306999
7817.890015 0.824090 -0.261052 0.864450 -0.306776
7818.890129 0.824032 -0.260831 0.864328 -0.306553
7819.890243 0.823974 -0.260611 0.864206 -0.306329
7820.890356 0.823916 -0.260389 0.864084 -0.306106
7821.890470 0.823859 -0.260168 0.863962 -0.305881
7822.890584 0.823801 -0.259947 0.863841 -0.305657
7823.890698 0.823743 -0.259725 0.863719 -0.305433
7824.890812 0.823686 -0.259504 0.863597 -0.305208
7825.890926 0.823628 -0.259282 0.863476 -0.304983
7826.891040 0.823571 -0.259060 0.863355 -0.304757
7827.891153 0.823514 -0.258838 0.863233 -0.304532
7828.891267 0.823457 -0.258615 0.863112 -0.304306
7829.891381 0.823400 -0.258393 0.862991 -0.304080
7830.891495 0.823343 -0.258170 0.862870 -0.303853
7831.891609 0.823286 -0.257947 0.862749 -0.303627
7832.891723 0.823229 -0.257724 0.862628 -0.303400
7833.891837 0.823172 -0.257501 0.862507 -0.303173
7834.891950 0.823115 -0.257278 0.862387 -0.302945
7835.892064 0.823059 -0.257055 0.862266 -0.302718
7836.892178 0.823002 -0.256831 0.862146 -0.302490
7837.892292 0.822946 -0.256607 0.862025 -0.302261
7838.892406 0.822889 -0.256384 0.861905 -0.302033
7839.892520 0.822833 -0.256160 0.861784 -0.301804
7840.892633 0.822777 -0.255935 0.861664 -0.301575
7841.892747 0.822721 -0.255711 0.861544 -0.301346
7842.892861 0.822665 -0.255487 0.861424 -0.301116
7843.892975 0.822609 -0.255262 0.861304 -0.300886
7844.893089 0.822553 -0.255037 0.861184 -0.300656
7845.893203 0.822497 -0.254812 0.861064 -0.300426
7846.893317 0.822442 -0.254587 0.860944 -0.300195
7847.893430 0.822386 -0.254362 0.860825 -0.299964
7848.893544 0.822331 -0.254136 0.860705 -0.299733
7849.893658 0.822275 -0.253911 0.860585 -0.299502
7850.893772 0.822220 -0.253685 0.860466 -0.299270
7851.893886 0.822165 -0.253459 0.860347 -0.299038
7852.894000 0.822109 -0.253233 0.860227 -0.298806
7853.894114 0.822054 -0.253007 0.860108 -0.298574
7854.894227 0.821999 -0.252781 0.859989 -0.298341
7855.894341 0.821944 -0.252554 0.859870 -0.298108
7856.894455 0.821890 -0.252327 0.859751 -0.297875
7857.894569 0.821835 -0.252101 0.859632 -0.297641
7858.894683 0.821780 -0.251874 0.859513 -0.297407
7859.894797 0.821726 -0.251647 0.859395 -0.297173
7860.894911 0.821671 -0.251419 0.859276 -0.296939
7861.895024 0.821617 -0.251192 0.859157 -0.296704
7862.895138 0.821562 -0.250964 0.859039 -0.296470
7863.895252 0.821508 -0.250737 0.858920 -0.296234
7864.895366 0.821454 -0.250509 0.858802 -0.295999
7865.895480 0.821400 -0.250281 0.858684 -0.295763
7866.895594 0.821346 -0.250053 0.858566 -0.295528
7867.895708 0.821292 -0.249824 0.858448 -0.295291
7868.895821 0.821238 -0.249596 0.858330 -0.295055
7869.895935 0.821184 -0.249367 0.858212 -0.294818
7870.896049 0.821130 -0.249138 0.858094 -0.294581
7871.896163 0.821077 -0.248910 0.857976 -0.294344
7872.896277 0.821023 -0.248680 0.857859 -0.294107
7873.896391 0.820970 -0.248451 0.857741 -0.293869
7874.896505 0.820917 -0.248222 0.857623 -0.293631
7875.896618 0.820863 -0.247992 0.857506 -0.293393
7876.896732 0.820810 -0.247763 0.857389 -0.293154
7877.896846 0.820757 -0.247533 0.857272 -0.292916
7878.896960 0.820704 -0.247303 0.857154 -0.292677
7879.897074 0.820651 -0.247073 0.857037 -0.292437
7880.897188 0.820598 -0.246842 0.856920 -0.292198
7881.897302 0.820545 -0.246612 0.856803 -0.291958
7882.897415 0.820493 -0.246381 0.856687 -0.291718
7883.897529 0.820440 -0.246151 0.856570 -0.291478
7884.897643 0.820387 -0.245920 0.856453 -0.291237
7885.897757 0.820335 -0.245689 0.856337 -0.290996
7886.897871 0.820283 -0.245458 0.856220 -0.290755
7887.897985 0.820230 -0.245226 0.856104 -0.290514
7888.898099 0.820178 -0.244995 0.855987 -0.290272
7889.898212 0.820126 -0.244763 0.855871 -0.290030
7890.898326 0.820074 -0.244531 0.855755 -0.289788
7891.898440 0.820022 -0.244299 0.855639 -0.289546
7892.898554 0.819970 -0.244067 0.855523 -0.289303
7893.898668 0.819918 -0.243835 0.855407 -0.289060
7894.898782 0.819867 -0.243603 0.855291 -0.288817
7895.898896 0.819815 -0.243370 0.855176 -0.288573
7896.899009 0.819763 -0.243137 0.855060 -0.288330
7897.899123 0.819712 -0.242905 0.854945 -0.288086
7898.899237 0.819660 -0.242672 0.854829 -0.287841
7899.899351 0.819609 -0.242438 0.854714 -0.287597
7900.899465 0.819558 -0.242205 0.854598 -0.287352
7901.899579 0.819507 -0.241972 0.854483 -0.287107
7902.899693 0.819456 -0.241738 0.854368 -0.286862
7903.899806 0.819405 -0.241505 0.854253 -0.286616
7904.899920 0.819354 -0.241271 0.854138 -0.286371
7905.900034 0.819303 -0.241037 0.854023 -0.286125
7906.900148 0.819252 -0.240802 0.853909 -0.285878
7907.900262 0.819202 -0.240568 0.853794 -0.285632
7908.900376 0.819151 -0.240334 0.853679 -0.285385
7909.900490 0.819100 -0.240099 0.853565 -0.285138
7910.900603 0.819050 -0.239864 0.853451 -0.284891
7911.900717 0.819000 -0.239629 0.853336 -0.284643
7912.900831 0.818949 -0.239394 0.853222 -0.284395
7913.900945 0.818899 -0.239159 0.853108 -0.284147
7914.901059 0.818849 -0.238924 0.852994 -0.283899
7915.901173 0.818799 -0.238688 0.852880 -0.283650
7916.901287 0.818749 -0.238453 0.852766 -0.283401
7917.901400 0.818699 -0.238217 0.852652 -0.283152
7918.901514 0.818649 -0.237981 0.852538 -0.282903
7919.901628 0.818600 -0.237745 0.852425 -0.282653
7920.901742 0.818550 -0.237509 0.852311 -0.282403
7921.901856 0.818501 -0.237272 0.852198 -0.282153
7922.901970 0.818451 -0.237036 0.852085 -0.281902
7923.902084 0.818402 -0.236799 0.851971 -0.281652
7924.902197 0.818352 -0.236562 0.851858 -0.281401
7925.902311 0.818303 -0.236325 0.851745 -0.281150
7926.902425 0.818254 -0.236088 0.851632 -0.280898
7927.902539 0.818205 -0.235851 0.851519 -0.280646
7928.902653 0.818156 -0.235614 0.851406 -0.280394
7929.902767 0.818107 -0.235376 0.851294 -0.280142
7930.902881 0.818058 -0.235138 0.851181 -0.279890
7931.902994 0.818010 -0.234901 0.851069 -0.279637
7932.903108 0.817961 -0.234663 0.850956 -0.279384
7933.903222 0.817912 -0.234425 0.850844 -0.279131
7934.903336 0.817864 -0.234186 0.850732 -0.278877
7935.903450 0.817815 -0.233948 0.850619 -0.278623
7936.903564 0.817767 -0.233709 0.850507 -0.278369
7937.903678 0.817719 -0.233471 0.850395 -0.278115
7938.903791 0.817670 -0.233232 0.850284 -0.277861
7939.903905 0.817622 -0.232993 0.850172 -0.277606
7940.904019 0.817574 -0.232754 0.850060 -0.277351
7941.904133 0.817526 -0.232514 0.849948 -0.277095
7942.904247 0.817479 -0.232275 0.849837 -0.276840
7943.904361 0.817431 -0.232035 0.849725 -0.276584
7944.904475 0.817383 -0.231796 0.849614 -0.276328
7945.904588 0.817335 -0.231556 0.849503 -0.276072
7946.904702 0.817288 -0.231316 0.849392 -0.275815
7947.904816 0.817240 -0.231076 0.849281 -0.275558
7948.904930 0.817193 -0.230836 0.849170 -0.275301
7949.905044 0.817146 -0.230595 0.849059 -0.275044
7950.905158 0.817098 -0.230355 0.848948 -0.274786
7951.905272 0.817051 -0.230114 0.848837 -0.274528
7952.905385 0.817004 -0.229873 0.848727 -0.274270
7953.905499 0.816957 -0.229632 0.848616 -0.274012
7954.905613 0.816910 -0.229391 0.848506 -0.273753
7955.905727 0.816863 -0.229150 0.848396 -0.273494
7956.905841 0.816817 -0.228908 0.848285 -0.273235
7957.905955 0.816770 -0.228667 0.848175 -0.272976
7958.906069 0.816723 -0.228425 0.848065 -0.272716
7959.906182 0.816677 -0.228183 0.847955 -0.272456
7960.906296 0.816630 -0.227941 0.847846 -0.272196
7961.906410 0.816584 -0.227699 0.847736 -0.271936
7962.906524 0.816538 -0.227457 0.847626 -0.271675
7963.906638 0.816491 -0.227214 0.847517 -0.271414
7964.906752 0.816445 -0.226972 0.847407 -0.271153
7965.906866 0.816399 -0.226729 0.847298 -0.270892
7966.906979 0.816353 -0.226486 0.847189 -0.270630
7967.907093 0.816307 -0.226243 0.847079 -0.270368
7968.907207 0.816261 -0.226000 0.846970 -0.270106
7969.907321 0.816216 -0.225757 0.846861 -0.269844
7970.907435 0.816170 -0.225514 0.846752 -0.269581
7971.907549 0.816124 -0.225270 0.846644 -0.269318
7972.907663 0.816079 -0.225026 0.846535 -0.269055
7973.907776 0.816033 -0.224783 0.846426 -0.268792
7974.907890 0.815988 -0.224539 0.846318 -0.268528
7975.908004 0.815943 -0.224295 0.846209 -0.268264
7976.908118 0.815897 -0.224050 0.846101 -0.268000
7977.908232 0.815852 -0.223806 0.845993 -0.267735
7978.908346 0.815807 -0.223561 0.845885 -0.267471
7979.908460 0.815762 -0.223317 0.845777 -0.267206
7980.908573 0.815717 -0.223072 0.845669 -0.266941
7981.908687 0.815672 -0.222827 0.845561 -0.266675
7982.908801 0.815628 -0.222582 0.845453 -0.266410
7983.908915 0.815583 -0.222337 0.845346 -0.266144
7984.909029 0.815538 -0.222091 0.845238 -0.265877
7985.909143 0.815494 -0.221846 0.845131 -0.265611
7986.909257 0.815449 -0.221600 0.845023 -0.265344
7987.909370 0.815405 -0.221355 0.844916 -0.265077
7988.909484 0.815361 -0.221109 0.844809 -0.264810
7989.909598 0.815317 -0.220863 0.844702 -0.264543
7990.909712 0.815272 -0.220616 0.844595 -0.264275
7991.909826 0.815228 -0.220370 0.844488 -0.264007
7992.909940 0.815184 -0.220124 0.844381 -0.263739
7993.910054 0.815141 -0.219877 0.844275 -0.263471
7994.910167 0.815097 -0.219630 0.844168 -0.263202
7995.910281 0.815053 -0.219383 0.844062 -0.262933
7996.910395 0.815009 -0.219136 0.843955 -0.262664
7997.910509 0.814966 -0.218889 0.843849 -0.262395
7998.910623 0.814922 -0.218642 0.843743 -0.262125
7999.910737 0.814879 -0.218395 0.843637 -0.261855
8000.910851 0.814835 -0.218147 0.843531 -0.261585
8001.910964 0.814792 -0.217899 0.843425 -0.261314
8002.911078 0.814749 -0.217652 0.843319 -0.261044
8003.911192 0.814706 -0.217404 0.843214 -0.260773
8004.911306 0.814663 -0.217156 0.843108 -0.260502
8005.911420 0.814620 -0.216907 0.843003 -0.260230
8006.911534 0.814577 -0.216659 0.842897 -0.259959
8007.911648 0.814534 -0.216410 0.842792 -0.259687
8008.911761 0.814491 -0.216162 0.842687 -0.259415
8009.911875 0.814448 -0.215913 0.842582 -0.259142
8010.911989 0.814406 -0.215664 0.842477 -0.258870
8011.912103 0.814363 -0.215415 0.842372 -0.258597
8012.912217 0.814321 -0.215166 0.842268 -0.258324
8013.912331 0.814278 -0.214916 0.842163 -0.258050
8014.912444 0.814236 -0.214667 0.842058 -0.257777
8015.912558 0.814194 -0.214417 0.841954 -0.257503
8016.912672 0.814152 -0.214168 0.841850 -0.257229
8017.912786 0.814110 -0.213918 0.841745 -0.256954
8018.912900 0.814068 -0.213668 0.841641 -0.256680
8019.913014 0.814026 -0.213418 0.841537 -0.256405
8020.913128 0.813984 -0.213167 0.841433 -0.256130
8021.913241 0.813942 -0.212917 0.841329 -0.255854
8022.913355 0.813900 -0.212667 0.841226 -0.255579
8023.913469 0.813859 -0.212416 0.841122 -0.255303
8024.913583 0.813817 -0.212165 0.841019 -0.255027
8025.913697 0.813776 -0.211914 0.840915 -0.254751
8026.913811 0.813734 -0.211663 0.840812 -0.254474
8027.913925 0.813693 -0.211412 0.840709 -0.254197
8028.914038 0.813652 -0.211161 0.840605 -0.253920
8029.914152 0.813610 -0.210909 0.840502 -0.253643
8030.914266 0.813569 -0.210657 0.840400 -0.253366
8031.914380 0.813528 -0.210406 0.840297 -0.253088
8032.914494 0.813487 -0.210154 0.840194 -0.252810
8033.914608 0.813446 -0.209902 0.840091 -0.252531
8034.914722 0.813406 -0.209650 0.839989 -0.252253
8035.914835 0.813365 -0.209397 0.839887 -0.251974
8036.914949 0.813324 -0.209145 0.839784 -0.251695
8037.915063 0.813284 -0.208893 0.839682 -0.251416
8038.915177 0.813243 -0.208640 0.839580 -0.251137
8039.915291 0.813203 -0.208387 0.839478 -0.250857
8040.915405 0.813162 -0.208134 0.839376 -0.250577
8041.915519 0.813122 -0.207881 0.839275 -0.250297
8042.915632 0.813082 -0.207628 0.839173 -0.250016
8043.915746 0.813042 -0.207375 0.839071 -0.249736
8044.915860 0.813001 -0.207121 0.838970 -0.249455
8045.915974 0.812961 -0.206868 0.838869 -0.249173
8046.916088 0.812922 -0.206614 0.838767 -0.248892
8047.916202 0.812882 -0.206360 0.838666 -0.248610
8048.916316 0.812842 -0.206106 0.838565 -0.248329
8049.916429 0.812802 -0.205852 0.838464 -0.248046
8050.916543 0.812763 -0.205598 0.838363 -0.247764
8051.916657 0.812723 -0.205343 0.838263 -0.247481
8052.916771 0.812684 -0.205089 0.838162 -0.247199
8053.916885 0.812644 -0.204834 0.838062 -0.246915
8054.916999 0.812605 -0.204579 0.837961 -0.246632
8055.917113 0.812565 -0.204324 0.837861 -0.246349
8056.917226 0.812526 -0.204069 0.837761 -0.246065
8057.917340 0.812487 -0.203814 0.837661 -0.245781
8058.917454 0.812448 -0.203559 0.837561 -0.245496
8059.917568 0.812409 -0.203304 0.837461 -0.245212
8060.917682 0.812370 -0.203048 0.837361 -0.244927
8061.917796 0.812331 -0.202792 0.837262 -0.244642
8062.917910 0.812293 -0.202537 0.837162 -0.244357
8063.918023 0.812254 -0.202281 0.837063 -0.244071
8064.918137 0.812215 -0.202025 0.836963 -0.243786
8065.918251 0.812177 -0.201768 0.836864 -0.243500
8066.918365 0.812138 -0.201512 0.836765 -0.243214
8067.918479 0.812100 -0.201256 0.836666 -0.242927
8068.918593 0.812062 -0.200999 0.836567 -0.242640
8069.918707 0.812023 -0.200742 0.836469 -0.242354
8070.918820 0.811985 -0.200486 0.836370 -0.242066
8071.918934 0.811947 -0.200229 0.836271 -0.241779
8072.919048 0.811909 -0.199972 0.836173 -0.241491
8073.919162 0.811871 -0.199714 0.836075 -0.241204
8074.919276 0.811833 -0.199457 0.835976 -0.240916
8075.919390 0.811795 -0.199200 0.835878 -0.240627
8076.919504 0.811758 -0.198942 0.835780 -0.240339
8077.919617 0.811720 -0.198684 0.835682 -0.240050
8078.919731 0.811682 -0.198427 0.835585 -0.239761
8079.919845 0.811645 -0.198169 0.835487 -0.239472
8080.919959 0.811608 -0.197910 0.835389 -0.239182
8081.920073 0.811570 -0.197652 0.835292 -0.238892
8082.920187 0.811533 -0.197394 0.835195 -0.238602
8083.920301 0.811496 -0.197135 0.835097 -0.238312
8084.920414 0.811458 -0.196877 0.835000 -0.238022
8085.920528 0.811421 -0.196618 0.834903 -0.237731
8086.920642 0.811384 -0.196359 0.834806 -0.237440
8087.920756 0.811347 -0.196100 0.834709 -0.237149
8088.920870 0.811310 -0.195841 0.834613 -0.236858
8089.920984 0.811274 -0.195582 0.834516 -0.236566
8090.921098 0.811237 -0.195323 0.834420 -0.236274
8091.921211 0.811200 -0.195063 0.834323 -0.235982
8092.921325 0.811164 -0.194804 0.834227 -0.235690
8093.921439 0.811127 -0.194544 0.834131 -0.235397
8094.921553 0.811091 -0.194284 0.834035 -0.235104
8095.921667 0.811054 -0.194024 0.833939 -0.234811
8096.921781 0.811018 -0.193764 0.833843 -0.234518
8097.921895 0.810982 -0.193504 0.833748 -0.234225
8098.922008 0.810946 -0.193243 0.833652 -0.233931
8099.922122 0.810910 -0.192983 0.833557 -0.233637
8100.922236 0.810873 -0.192722 0.833461 -0.233343
8101.922350 0.810838 -0.192462 0.833366 -0.233049
8102.922464 0.810802 -0.192201 0.833271 -0.232754
8103.922578 0.810766 -0.191940 0.833176 -0.232459
8104.922692 0.810730 -0.191679 0.833081 -0.232164
8105.922805 0.810694 -0.191417 0.832986 -0.231869
8106.922919 0.810659 -0.191156 0.832892 -0.231573
8107.923033 0.810623 -0.190895 0.832797 -0.231277
8108.923147 0.810588 -0.190633 0.832703 -0.230981
8109.923261 0.810552 -0.190371 0.832608 -0.230685
8110.923375 0.810517 -0.190110 0.832514 -0.230389
8111.923489 0.810482 -0.189848 0.832420 -0.230092
8112.923602 0.810447 -0.189585 0.832326 -0.229795
8113.923716 0.810412 -0.189323 0.832232 -0.229498
8114.923830 0.810377 -0.189061 0.832138 -0.229200
8115.923944 0.810342 -0.188799 0.832045 -0.228903
8116.924058 0.810307 -0.188536 0.831951 -0.228605
8117.924172 0.810272 -0.188273 0.831858 -0.228307
8118.924286 0.810237 -0.188011 0.831764 -0.228009
8119.924399 0.810202 -0.187748 0.831671 -0.227710
8120.924513 0.810168 -0.187485 0.831578 -0.227411
8121.924627 0.810133 -0.187221 0.831485 -0.227112
8122.924741 0.810099 -0.186958 0.831392 -0.226813
8123.924855 0.810064 -0.186695 0.831300 -0.226514
8124.924969 0.810030 -0.186431 0.831207 -0.226214
8125.925083 0.809996 -0.186168 0.831115 -0.225914
8126.925196 0.809961 -0.185904 0.831022 -0.225614
8127.925310 0.809927 -0.185640 0.830930 -0.225314
8128.925424 0.809893 -0.185376 0.830838 -0.225013
8129.925538 0.809859 -0.185112 0.830746 -0.224712
8130.925652 0.809825 -0.184848 0.830654 -0.224411
8131.925766 0.809791 -0.184583 0.830562 -0.224110
8132.925880 0.809758 -0.184319 0.830470 -0.223809
8133.925993 0.809724 -0.184054 0.830379 -0.223507
8134.926107 0.809690 -0.183789 0.830287 -0.223205
8135.926221 0.809657 -0.183525 0.830196 -0.222903
8136.926335 0.809623 -0.183260 0.830105 -0.222601
8137.926449 0.809590 -0.182995 0.830014 -0.222298
8138.926563 0.809556 -0.182729 0.829923 -0.221995
8139.926677 0.809523 -0.182464 0.829832 -0.221692
8140.926790 0.809490 -0.182199 0.829741 -0.221389
8141.926904 0.809457 -0.181933 0.829650 -0.221085
8142.927018 0.809424 -0.181667 0.829560 -0.220782
8143.927132 0.809391 -0.181402 0.829469 -0.220478
8144.927246 0.809358 -0.181136 0.829379 -0.220174
8145.927360 0.809325 -0.180870 0.829289 -0.219869
8146.927474 0.809292 -0.180604 0.829199 -0.219565
8147.927587 0.809259 -0.180337 0.829109 -0.219260
8148.927701 0.809226 -0.180071 0.829019 -0.218955
8149.927815 0.809194 -0.179804 0.828930 -0.218650
8150.927929 0.809161 -0.179538 0.828840 -0.218344
8151.928043 0.809129 -0.179271 0.828750 -0.218038
8152.928157 0.809096 -0.179004 0.828661 -0.217733
8153.928271 0.809064 -0.178737 0.828572 -0.217426
8154.928384 0.809032 -0.178470 0.828483 -0.217120
8155.928498 0.808999 -0.178203 0.828394 -0.216813
8156.928612 0.808967 -0.177936 0.828305 -0.216507
8157.928726 0.808935 -0.177668 0.828216 -0.216200
8158.928840 0.808903 -0.177401 0.828128 -0.215892
8159.928954 0.808871 -0.177133 0.828039 -0.215585
8160.929068 0.808839 -0.176865 0.827951 -0.215277
8161.929181 0.808807 -0.176598 0.827862 -0.214969
8162.929295 0.808776 -0.176330 0.827774 -0.214661
8163.929409 0.808744 -0.176061 0.827686 -0.214353
8164.929523 0.808712 -0.175793 0.827598 -0.214044
8165.929637 0.808681 -0.175525 0.827511 -0.213736
8166.929751 0.808649 -0.175256 0.827423 -0.213427
8167.929865 0.808618 -0.174988 0.827335 -0.213117
8168.929978 0.808587 -0.174719 0.827248 -0.212808
8169.930092 0.808555 -0.174450 0.827161 -0.212498
8170.930206 0.808524 -0.174182 0.827073 -0.212189
8171.930320 0.808493 -0.173913 0.826986 -0.211878
8172.930434 0.808462 -0.173643 0.826899 -0.211568
8173.930548 0.808431 -0.173374 0.826813 -0.211258
8174.930662 0.808400 -0.173105 0.826726 -0.210947
8175.930775 0.808369 -0.172835 0.826639 -0.210636
8176.930889 0.808338 -0.172566 0.826553 -0.210325
8177.931003 0.808308 -0.172296 0.826467 -0.210014
8178.931117 0.808277 -0.172026 0.826380 -0.209702
8179.931231 0.808246 -0.171756 0.826294 -0.209390
8180.931345 0.808216 -0.171486 0.826208 -0.209078
8181.931458 0.808185 -0.171216 0.826122 -0.208766
8182.931572 0.808155 -0.170946 0.826037 -0.208454
8183.931686 0.808124 -0.170676 0.825951 -0.208141
8184.931800 0.808094 -0.170405 0.825866 -0.207828
8185.931914 0.808064 -0.170135 0.825780 -0.207515
8186.932028 0.808034 -0.169864 0.825695 -0.207202
8187.932142 0.808004 -0.169593 0.825610 -0.206888
8188.932255 0.807974 -0.169322 0.825525 -0.206574
8189.932369 0.807944 -0.169051 0.825440 -0.206261
8190.932483 0.807914 -0.168780 0.825355 -0.205946
8191.932597 0.807884 -0.168509 0.825271 -0.205632
8192.932711 0.807854 -0.168237 0.825186 -0.205318
8193.932825 0.807825 -0.167966 0.825102 -0.205003
8194.932939 0.807795 -0.167694 0.825018 -0.204688
8195.933052 0.807765 -0.167423 0.824933 -0.204373
8196.933166 0.807736 -0.167151 0.824849 -0.204057
8197.933280 0.807706 -0.166879 0.824766 -0.203742
8198.933394 0.807677 -0.166607 0.824682 -0.203426
8199.933508 0.807648 -0.166335 0.824598 -0.203110
8200.933622 0.807619 -0.166062 0.824515 -0.202793
8201.933736 0.807589 -0.165790 0.824431 -0.202477
8202.933849 0.807560 -0.165518 0.824348 -0.202160
8203.933963 0.807531 -0.165245 0.824265 -0.201844
8204.934077 0.807502 -0.164972 0.824182 -0.201526
8205.934191 0.807473 -0.164700 0.824099 -0.201209
8206.934305 0.807445 -0.164427 0.824016 -0.200892
8207.934419 0.807416 -0.164154 0.823934 -0.200574
8208.934533 0.807387 -0.163881 0.823851 -0.200256
8209.934646 0.807358 -0.163607 0.823769 -0.199938
8210.934760 0.807330 -0.163334 0.823686 -0.199620
8211.934874 0.807301 -0.163061 0.823604 -0.199301
8212.934988 0.807273 -0.162787 0.823522 -0.198982
8213.935102 0.807244 -0.162514 0.823440 -0.198663
8214.935216 0.807216 -0.162240 0.823359 -0.198344
8215.935330 0.807188 -0.161966 0.823277 -0.198025
8216.935443 0.807160 -0.161692 0.823196 -0.197705
8217.935557 0.807131 -0.161418 0.823114 -0.197386
8218.935671 0.807103 -0.161144 0.823033 -0.197066
8219.935785 0.807075 -0.160870 0.822952 -0.196745
8220.935899 0.807047 -0.160595 0.822871 -0.196425
8221.936013 0.807020 -0.160321 0.822790 -0.196105
8222.936127 0.806992 -0.160046 0.822709 -0.195784
8223.936240 0.806964 -0.159771 0.822629 -0.195463
8224.936354 0.806936 -0.159497 0.822548 -0.195142
8225.936468 0.806909 -0.159222 0.822468 -0.194820
8226.936582 0.806881 -0.158947 0.822387 -0.194499
8227.936696 0.806854 -0.158672 0.822307 -0.194177
8228.936810 0.806826 -0.158396 0.822227 -0.193855
8229.936924 0.806799 -0.158121 0.822148 -0.193533
8230.937037 0.806771 -0.157846 0.822068 -0.193210
8231.937151 0.806744 -0.157570 0.821988 -0.192888
8232.937265 0.806717 -0.157294 0.821909 -0.192565
8233.937379 0.806690 -0.157019 0.821829 -0.192242
8234.937493 0.806663 -0.156743 0.821750 -0.191919
8235.937607 0.806636 -0.156467 0.821671 -0.191595
8236.937721 0.806609 -0.156191 0.821592 -0.191272
8237.937834 0.806582 -0.155915 0.821513 -0.190948
8238.937948 0.806555 -0.155638 0.821435 -0.190624
8239.938062 0.806529 -0.155362 0.821356 -0.190300
8240.938176 0.806502 -0.155086 0.821278 -0.189975
8241.938290 0.806475 -0.154809 0.821199 -0.189651
8242.938404 0.806449 -0.154532 0.821121 -0.189326
8243.938518 0.806422 -0.154256 0.821043 -0.189001
8244.938631 0.806396 -0.153979 0.820965 -0.188676
8245.938745 0.806369 -0.153702 0.820887 -0.188350
8246.938859 0.806343 -0.153425 0.820810 -0.188025
8247.938973 0.806317 -0.153147 0.820732 -0.187699
8248.939087 0.806291 -0.152870 0.820655 -0.187373
8249.939201 0.806265 -0.152593 0.820577 -0.187047
8250.939315 0.806239 -0.152315 0.820500 -0.186720
8251.939428 0.806213 -0.152038 0.820423 -0.186394
8252.939542 0.806187 -0.151760 0.820346 -0.186067
8253.939656 0.806161 -0.151482 0.820269 -0.185740
8254.939770 0.806135 -0.151204 0.820193 -0.185413
8255.939884 0.806109 -0.150926 0.820116 -0.185085
8256.939998 0.806084 -0.150648 0.820040 -0.184758
8257.940112 0.806058 -0.150370 0.819964 -0.184430
8258.940225 0.806032 -0.150092 0.819888 -0.184102
8259.940339 0.806007 -0.149813 0.819812 -0.183774
8260.940453 0.805981 -0.149535 0.819736 -0.183446
8261.940567 0.805956 -0.149256 0.819660 -0.183117
8262.940681 0.805931 -0.148978 0.819584 -0.182788
8263.940795 0.805905 -0.148699 0.819509 -0.182460
8264.940909 0.805880 -0.148420 0.819434 -0.182130
8265.941022 0.805855 -0.148141 0.819358 -0.181801
8266.941136 0.805830 -0.147862 0.819283 -0.181472
8267.941250 0.805805 -0.147583 0.819208 -0.181142
8268.941364 0.805780 -0.147304 0.819134 -0.180812
8269.941478 0.805755 -0.147024 0.819059 -0.180482
8270.941592 0.805730 -0.146745 0.818984 -0.180152
8271.941706 0.805706 -0.146465 0.818910 -0.179821
8272.941819 0.805681 -0.146186 0.818836 -0.179491
8273.941933 0.805656 -0.145906 0.818762 -0.179160
8274.942047 0.805632 -0.145626 0.818688 -0.178829
8275.942161 0.805607 -0.145346 0.818614 -0.178498
8276.942275 0.805583 -0.145066 0.818540 -0.178166
8277.942389 0.805558 -0.144786 0.818466 -0.177835
8278.942503 0.805534 -0.144506 0.818393 -0.177503
8279.942616 0.805510 -0.144225 0.818320 -0.177171
8280.942730 0.805486 -0.143945 0.818246 -0.176839
8281.942844 0.805461 -0.143664 0.818173 -0.176507
8282.942958 0.805437 -0.143384 0.818100 -0.176174
8283.943072 0.805413 -0.143103 0.818028 -0.175841
8284.943186 0.805389 -0.142822 0.817955 -0.175508
8285.943300 0.805365 -0.142541 0.817882 -0.175175
8286.943413 0.805342 -0.142260 0.817810 -0.174842
8287.943527 0.805318 -0.141979 0.817738 -0.174509
8288.943641 0.805294 -0.141698 0.817665 -0.174175
8289.943755 0.805270 -0.141417 0.817593 -0.173841
8290.943869 0.805247 -0.141135 0.817522 -0.173507
8291.943983 0.805223 -0.140854 0.817450 -0.173173
8292.944097 0.805200 -0.140572 0.817378 -0.172839
8293.944210 0.805176 -0.140291 0.817307 -0.172504
8294.944324 0.805153 -0.140009 0.817235 -0.172169
8295.944438 0.805130 -0.139727 0.817164 -0.171834
8296.944552 0.805106 -0.139445 0.817093 -0.171499
8297.944666 0.805083 -0.139163 0.817022 -0.171164
8298.944780 0.805060 -0.138881 0.816951 -0.170829
8299.944894 0.805037 -0.138599 0.816881 -0.170493
8300.945007 0.805014 -0.138316 0.816810 -0.170157
8301.945121 0.804991 -0.138034 0.816740 -0.169821
8302.945235 0.804968 -0.137751 0.816670 -0.169485
8303.945349 0.804945 -0.137469 0.816599 -0.169148
8304.945463 0.804923 -0.137186 0.816529 -0.168812
8305.945577 0.804900 -0.136903 0.816460 -0.168475
8306.945691 0.804877 -0.136620 0.816390 -0.168138
8307.945804 0.804855 -0.136338 0.816320 -0.167801
8308.945918 0.804832 -0.136054 0.816251 -0.167464
8309.946032 0.804810 -0.135771 0.816182 -0.167126
8310.946146 0.804787 -0.135488 0.816112 -0.166789
8311.946260 0.804765 -0.135205 0.816043 -0.166451
8312.946374 0.804742 -0.134921 0.815974 -0.166113
8313.946488 0.804720 -0.134638 0.815906 -0.165775
8314.946601 0.804698 -0.134354 0.815837 -0.165436
8315.946715 0.804676 -0.134071 0.815769 -0.165098
8316.946829 0.804654 -0.133787 0.815700 -0.164759
8317.946943 0.804632 -0.133503 0.815632 -0.164420
8318.947057 0.804610 -0.133219 0.815564 -0.164081
8319.947171 0.804588 -0.132935 0.815496 -0.163742
8320.947285 0.804566 -0.132651 0.815428 -0.163403
8321.947398 0.804544 -0.132367 0.815360 -0.163063
8322.947512 0.804523 -0.132082 0.815293 -0.162723
8323.947626 0.804501 -0.131798 0.815225 -0.162383
8324.947740 0.804479 -0.131513 0.815158 -0.162043
8325.947854 0.804458 -0.131229 0.815091 -0.161703
8326.947968 0.804436 -0.130944 0.815024 -0.161362
8327.948082 0.804415 -0.130660 0.814957 -0.161022
8328.948195 0.804394 -0.130375 0.814891 -0.160681
8329.948309 0.804372 -0.130090 0.814824 -0.160340
8330.948423 0.804351 -0.129805 0.814758 -0.159999
8331.948537 0.804330 -0.129520 0.814691 -0.159657
8332.948651 0.804309 -0.129234 0.814625 -0.159316
8333.948765 0.804288 -0.128949 0.814559 -0.158974
8334.948879 0.804267 -0.128664 0.814493 -0.158632
8335.948992 0.804246 -0.128378 0.814427 -0.158290
8336.949106 0.804225 -0.128093 0.814362 -0.157948
8337.949220 0.804204 -0.127807 0.814296 -0.157606
8338.949334 0.804183 -0.127522 0.814231 -0.157263
8339.949448 0.804162 -0.127236 0.814166 -0.156921
8340.949562 0.804142 -0.126950 0.814101 -0.156578
8341.949676 0.804121 -0.126664 0.814036 -0.156235
8342.949789 0.804101 -0.126378 0.813971 -0.155892
8343.949903 0.804080 -0.126092 0.813907 -0.155548
8344.950017 0.804060 -0.125806 0.813842 -0.155205
8345.950131 0.804039 -0.125519 0.813778 -0.154861
8346.950245 0.804019 -0.125233 0.813713 -0.154517
8347.950359 0.803999 -0.124946 0.813649 -0.154173
8348.950473 0.803978 -0.124660 0.813585 -0.153829
8349.950586 0.803958 -0.124373 0.813522 -0.153484
8350.950700 0.803938 -0.124087 0.813458 -0.153140
8351.950814 0.803918 -0.123800 0.813394 -0.152795
8352.950928 0.803898 -0.123513 0.813331 -0.152450
8353.951042 0.803878 -0.123226 0.813268 -0.152105
8354.951156 0.803858 -0.122939 0.813205 -0.151760
8355.951269 0.803838 -0.122652 0.813142 -0.151415
8356.951383 0.803819 -0.122365 0.813079 -0.151069
8357.951497 0.803799 -0.122077 0.813016 -0.150724
8358.951611 0.803779 -0.121790 0.812954 -0.150378
8359.951725 0.803760 -0.121502 0.812891 -0.150032
8360.951839 0.803740 -0.121215 0.812829 -0.149685
8361.951953 0.803721 -0.120927 0.812767 -0.149339
8362.952066 0.803701 -0.120640 0.812705 -0.148993
8363.952180 0.803682 -0.120352 0.812643 -0.148646
8364.952294 0.803663 -0.120064 0.812582 -0.148299
8365.952408 0.803643 -0.119776 0.812520 -0.147952
8366.952522 0.803624 -0.119488 0.812459 -0.147605
8367.952636 0.803605 -0.119200 0.812397 -0.147258
8368.952750 0.803586 -0.118912 0.812336 -0.146910
8369.952863 0.803567 -0.118623 0.812275 -0.146563
8370.952977 0.803548 -0.118335 0.812214 -0.146215
8371.953091 0.803529 -0.118047 0.812154 -0.145867
8372.953205 0.803510 -0.117758 0.812093 -0.145519
8373.953319 0.803491 -0.117469 0.812033 -0.145170
8374.953433 0.803472 -0.117181 0.811972 -0.144822
8375.953547 0.803454 -0.116892 0.811912 -0.144473
8376.953660 0.803435 -0.116603 0.811852 -0.144125
8377.953774 0.803417 -0.116314 0.811793 -0.143776
8378.953888 0.803398 -0.116025 0.811733 -0.143427
8379.954002 0.803380 -0.115736 0.811673 -0.143077
8380.954116 0.803361 -0.115447 0.811614 -0.142728
8381.954230 0.803343 -0.115158 0.811555 -0.142379
8382.954344 0.803324 -0.114869 0.811495 -0.142029
8383.954457 0.803306 -0.114579 0.811436 -0.141679
8384.954571 0.803288 -0.114290 0.811378 -0.141329
8385.954685 0.803270 -0.114000 0.811319 -0.140979
8386.954799 0.803252 -0.113711 0.811260 -0.140629
8387.954913 0.803234 -0.113421 0.811202 -0.140278
8388.955027 0.803216 -0.113131 0.811144 -0.139927
8389.955141 0.803198 -0.112841 0.811086 -0.139577
8390.955254 0.803180 -0.112552 0.811028 -0.139226
8391.955368 0.803162 -0.112262 0.810970 -0.138875
8392.955482 0.803144 -0.111971 0.810912 -0.138523
8393.955596 0.803127 -0.111681 0.810855 -0.138172
8394.955710 0.803109 -0.111391 0.810797 -0.137821
8395.955824 0.803091 -0.111101 0.810740 -0.137469
8396.955938 0.803074 -0.110810 0.810683 -0.137117
8397.956051 0.803056 -0.110520 0.810626 -0.136765
8398.956165 0.803039 -0.110229 0.810569 -0.136413
8399.956279 0.803021 -0.109939 0.810512 -0.136061
8400.956393 0.803004 -0.109648 0.810456 -0.135708
8401.956507 0.802987 -0.109357 0.810399 -0.135356
8402.956621 0.802970 -0.109067 0.810343 -0.135003
8403.956735 0.802952 -0.108776 0.810287 -0.134650
8404.956848 0.802935 -0.108485 0.810231 -0.134297
8405.956962 0.802918 -0.108194 0.810175 -0.133944
8406.957076 0.802901 -0.107903 0.810119 -0.133591
8407.957190 0.802884 -0.107612 0.810064 -0.133237
8408.957304 0.802867 -0.107320 0.810009 -0.132883
8409.957418 0.802851 -0.107029 0.809953 -0.132530
8410.957532 0.802834 -0.106738 0.809898 -0.132176
8411.957645 0.802817 -0.106446 0.809843 -0.131822
8412.957759 0.802800 -0.106155 0.809788 -0.131468
8413.957873 0.802784 -0.105863 0.809734 -0.131113
8414.957987 0.802767 -0.105571 0.809679 -0.130759
8415.958101 0.802751 -0.105279 0.809625 -0.130404
8416.958215 0.802734 -0.104988 0.809571 -0.130049
8417.958329 0.802718 -0.104696 0.809517 -0.129694
8418.958442 0.802701 -0.104404 0.809463 -0.129339
8419.958556 0.802685 -0.104112 0.809409 -0.128984
8420.958670 0.802669 -0.103820 0.809355 -0.128629
8421.958784 0.802653 -0.103527 0.809302 -0.128273
8422.958898 0.802637 -0.103235 0.809248 -0.127918
8423.959012 0.802621 -0.102943 0.809195 -0.127562
8424.959126 0.802604 -0.102650 0.809142 -0.127206
8425.959239 0.802588 -0.102358 0.809089 -0.126850
8426.959353 0.802573 -0.102065 0.809037 -0.126494
8427.959467 0.802557 -0.101773 0.808984 -0.126137
8428.959581 0.802541 -0.101480 0.808931 -0.125781
8429.959695 0.802525 -0.101187 0.808879 -0.125424
8430.959809 0.802509 -0.100895 0.808827 -0.125068
8431.959923 0.802494 -0.100602 0.808775 -0.124711
8432.960036 0.802478 -0.100309 0.808723 -0.124354
8433.960150 0.802463 -0.100016 0.808671 -0.123997
8434.960264 0.802447 -0.099723 0.808620 -0.123639
8435.960378 0.802432 -0.099429 0.808568 -0.123282
8436.960492 0.802416 -0.099136 0.808517 -0.122924
8437.960606 0.802401 -0.098843 0.808466 -0.122567
8438.960720 0.802386 -0.098550 0.808415 -0.122209
8439.960833 0.802370 -0.098256 0.808364 -0.121851
8440.960947 0.802355 -0.097963 0.808313 -0.121493
8441.961061 0.802340 -0.097669 0.808263 -0.121134
8442.961175 0.802325 -0.097376 0.808212 -0.120776
8443.961289 0.802310 -0.097082 0.808162 -0.120417
8444.961403 0.802295 -0.096788 0.808112 -0.120059
8445.961517 0.802280 -0.096494 0.808062 -0.119700
8446.961630 0.802265 -0.096200 0.808012 -0.119341
8447.961744 0.802250 -0.095906 0.807963 -0.118982
8448.961858 0.802235 -0.095612 0.807913 -0.118623
8449.961972 0.802221 -0.095318 0.807864 -0.118264
8450.962086 0.802206 -0.095024 0.807814 -0.117904
8451.962200 0.802191 -0.094730 0.807765 -0.117545
8452.962314 0.802177 -0.094436 0.807716 -0.117185
8453.962427 0.802162 -0.094141 0.807668 -0.116825
8454.962541 0.802148 -0.093847 0.807619 -0.116465
8455.962655 0.802133 -0.093552 0.807571 -0.116105
8456.962769 0.802119 -0.093258 0.807522 -0.115745
8457.962883 0.802105 -0.092963 0.807474 -0.115384
8458.962997 0.802091 -0.092669 0.807426 -0.115024
8459.963111 0.802076 -0.092374 0.807378 -0.114663
8460.963224 0.802062 -0.092079 0.807330 -0.114303
8461.963338 0.802048 -0.091784 0.807283 -0.113942
8462.963452 0.802034 -0.091489 0.807235 -0.113581
8463.963566 0.802020 -0.091194 0.807188 -0.113220
8464.963680 0.802006 -0.090899 0.807141 -0.112858
8465.963794 0.801992 -0.090604 0.807094 -0.112497
8466.963908 0.801978 -0.090309 0.807047 -0.112136
8467.964021 0.801965 -0.090014 0.807000 -0.111774
8468.964135 0.801951 -0.089719 0.806954 -0.111412
8469.964249 0.801937 -0.089423 0.806908 -0.111050
8470.964363 0.801924 -0.089128 0.806861 -0.110688
8471.964477 0.801910 -0.088832 0.806815 -0.110326
8472.964591 0.801896 -0.088537 0.806769 -0.109964
8473.964705 0.801883 -0.088241 0.806723 -0.109602
8474.964818 0.801870 -0.087946 0.806678 -0.109239
8475.964932 0.801856 -0.087650 0.806632 -0.108876
8476.965046 0.801843 -0.087354 0.806587 -0.108514
8477.965160 0.801830 -0.087058 0.806542 -0.108151
8478.965274 0.801816 -0.086762 0.806497 -0.107788
8479.965388 0.801803 -0.086466 0.806452 -0.107425
8480.965502 0.801790 -0.086170 0.806407 -0.107062
8481.965615 0.801777 -0.085874 0.806363 -0.106698
8482.965729 0.801764 -0.085578 0.806318 -0.106335
8483.965843 0.801751 -0.085282 0.806274 -0.105971
8484.965957 0.801738 -0.084986 0.806230 -0.105608
8485.966071 0.801725 -0.084690 0.806186 -0.105244
8486.966185 0.801712 -0.084393 0.806142 -0.104880
8487.966299 0.801700 -0.084097 0.806098 -0.104516
8488.966412 0.801687 -0.083800 0.806055 -0.104152
8489.966526 0.801674 -0.083504 0.806011 -0.103787
8490.966640 0.801662 -0.083207 0.805968 -0.103423
8491.966754 0.801649 -0.082910 0.805925 -0.103059
8492.966868 0.801636 -0.082614 0.805882 -0.102694
8493.966982 0.801624 -0.082317 0.805839 -0.102329
8494.967096 0.801612 -0.082020 0.805797 -0.101964
8495.967209 0.801599 -0.081723 0.805754 -0.101599
8496.967323 0.801587 -0.081426 0.805712 -0.101234
8497.967437 0.801575 -0.081129 0.805670 -0.100869
8498.967551 0.801562 -0.080832 0.805628 -0.100504
8499.967665 0.801550 -0.080535 0.805586 -0.100138
8500.967779 0.801538 -0.080238 0.805544 -0.099773
8501.967893 0.801526 -0.079941 0.805503 -0.099407
8502.968006 0.801514 -0.079644 0.805461 -0.099041
8503.968120 0.801502 -0.079346 0.805420 -0.098676
8504.968234 0.801490 -0.079049 0.805379 -0.098310
8505.968348 0.801478 -0.078752 0.805338 -0.097944
8506.968462 0.801466 -0.078454 0.805297 -0.097577
8507.968576 0.801455 -0.078157 0.805257 -0.097211
8508.968690 0.801443 -0.077859 0.805216 -0.096845
8509.968803 0.801431 -0.077561 0.805176 -0.096478
8510.968917 0.801420 -0.077264 0.805136 -0.096111
8511.969031 0.801408 -0.076966 0.805095 -0.095745
8512.969145 0.801397 -0.076668 0.805056 -0.095378
8513.969259 0.801385 -0.076370 0.805016 -0.095011
8514.969373 0.801374 -0.076072 0.804976 -0.094644
8515.969487 0.801362 -0.075774 0.804937 -0.094277
8516.969600 0.801351 -0.075476 0.804898 -0.093909
8517.969714 0.801340 -0.075178 0.804858 -0.093542
8518.969828 0.801329 -0.074880 0.804820 -0.093175
8519.969942 0.801317 -0.074582 0.804781 -0.092807
8520.970056 0.801306 -0.074284 0.804742 -0.092439
8521.970170 0.801295 -0.073986 0.804704 -0.092071
8522.970284 0.801284 -0.073687 0.804665 -0.091704
8523.970397 0.801273 -0.073389 0.804627 -0.091336
8524.970511 0.801262 -0.073091 0.804589 -0.090967
8525.970625 0.801251 -0.072792 0.804551 -0.090599
8526.970739 0.801241 -0.072494 0.804513 -0.090231
8527.970853 0.801230 -0.072195 0.804476 -0.089863
8528.970967 0.801219 -0.071896 0.804438 -0.089494
8529.971080 0.801208 -0.071598 0.804401 -0.089125
8530.971194 0.801198 -0.071299 0.804364 -0.088757
8531.971308 0.801187 -0.071000 0.804327 -0.088388
8532.971422 0.801177 -0.070701 0.804290 -0.088019
8533.971536 0.801166 -0.070403 0.804253 -0.087650
8534.971650 0.801156 -0.070104 0.804217 -0.087281
8535.971764 0.801145 -0.069805 0.804181 -0.086912
8536.971877 0.801135 -0.069506 0.804144 -0.086542
8537.971991 0.801125 -0.069207 0.804108 -0.086173
8538.972105 0.801114 -0.068908 0.804072 -0.085803
8539.972219 0.801104 -0.068608 0.804037 -0.085434
8540.972333 0.801094 -0.068309 0.804001 -0.085064
8541.972447 0.801084 -0.068010 0.803966 -0.084694
8542.972561 0.801074 -0.067711 0.803930 -0.084324
8543.972674 0.801064 -0.067411 0.803895 -0.083954
8544.972788 0.801054 -0.067112 0.803860 -0.083584
8545.972902 0.801044 -0.066813 0.803826 -0.083214
8546.973016 0.801034 -0.066513 0.803791 -0.082844
8547.973130 0.801024 -0.066214 0.803756 -0.082474
8548.973244 0.801015 -0.065914 0.803722 -0.082103
8549.973358 0.801005 -0.065614 0.803688 -0.081733
8550.973471 0.800995 -0.065315 0.803654 -0.081362
8551.973585 0.800986 -0.065015 0.803620 -0.080991
8552.973699 0.800976 -0.064715 0.803586 -0.080620
8553.973813 0.800967 -0.064415 0.803553 -0.080249
8554.973927 0.800957 -0.064116 0.803519 -0.079878
8555.974041 0.800948 -0.063816 0.803486 -0.079507
8556.974155 0.800938 -0.063516 0.803453 -0.079136
8557.974268 0.800929 -0.063216 0.803420 -0.078765
8558.974382 0.800920 -0.062916 0.803387 -0.078394
8559.974496 0.800911 -0.062616 0.803354 -0.078022
8560.974610 0.800901 -0.062316 0.803322 -0.077651
8561.974724 0.800892 -0.062016 0.803290 -0.077279
8562.974838 0.800883 -0.061715 0.803257 -0.076907
8563.974952 0.800874 -0.061415 0.803225 -0.076535
8564.975065 0.800865 -0.061115 0.803194 -0.076164
8565.975179 0.800856 -0.060815 0.803162 -0.075792
8566.975293 0.800847 -0.060514 0.803130 -0.075419
8567.975407 0.800838 -0.060214 0.803099 -0.075047
8568.975521 0.800830 -0.059913 0.803068 -0.074675
8569.975635 0.800821 -0.059613 0.803037 -0.074303
8570.975749 0.800812 -0.059312 0.803006 -0.073930
8571.975862 0.800804 -0.059012 0.802975 -0.073558
8572.975976 0.800795 -0.058711 0.802944 -0.073185
8573.976090 0.800786 -0.058411 0.802914 -0.072813
8574.976204 0.800778 -0.058110 0.802884 -0.072440
8575.976318 0.800769 -0.057809 0.802853 -0.072067
8576.976432 0.800761 -0.057509 0.802823 -0.071694
8577.976546 0.800753 -0.057208 0.802794 -0.071321
8578.976659 0.800744 -0.056907 0.802764 -0.070948
8579.976773 0.800736 -0.056606 0.802734 -0.070575
8580.976887 0.800728 -0.056305 0.802705 -0.070202
8581.977001 0.800720 -0.056004 0.802676 -0.069829
8582.977115 0.800712 -0.055703 0.802647 -0.069455
8583.977229 0.800703 -0.055402 0.802618 -0.069082
8584.977343 0.800695 -0.055101 0.802589 -0.068708
8585.977456 0.800687 -0.054800 0.802561 -0.068335
8586.977570 0.800679 -0.054499 0.802532 -0.067961
8587.977684 0.800672 -0.054198 0.802504 -0.067587
8588.977798 0.800664 -0.053896 0.802476 -0.067213
8589.977912 0.800656 -0.053595 0.802448 -0.066839
8590.978026 0.800648 -0.053294 0.802420 -0.066465
8591.978140 0.800640 -0.052993 0.802392 -0.066091
8592.978253 0.800633 -0.052691 0.802365 -0.065717
8593.978367 0.800625 -0.052390 0.802337 -0.065343
8594.978481 0.800618 -0.052088 0.802310 -0.064969
8595.978595 0.800610 -0.051787 0.802283 -0.064594
8596.978709 0.800603 -0.051485 0.802256 -0.064220
8597.978823 0.800595 -0.051184 0.802230 -0.063845
8598.978937 0.800588 -0.050882 0.802203 -0.063471
8599.979050 0.800581 -0.050581 0.802177 -0.063096
8600.979164 0.800573 -0.050279 0.802151 -0.062721
8601.979278 0.800566 -0.049977 0.802124 -0.062347
8602.979392 0.800559 -0.049676 0.802099 -0.061972
8603.979506 0.800552 -0.049374 0.802073 -0.061597
8604.979620 0.800545 -0.049072 0.802047 -0.061222
8605.979734 0.800538 -0.048770 0.802022 -0.060847
8606.979847 0.800531 -0.048468 0.801996 -0.060472
8607.979961 0.800524 -0.048167 0.801971 -0.060096
8608.980075 0.800517 -0.047865 0.801946 -0.059721
8609.980189 0.800510 -0.047563 0.801922 -0.059346
8610.980303 0.800503 -0.047261 0.801897 -0.058970
8611.980417 0.800496 -0.046959 0.801872 -0.058595
8612.980531 0.800490 -0.046657 0.801848 -0.058219
8613.980644 0.800483 -0.046354 0.801824 -0.057844
8614.980758 0.800476 -0.046052 0.801800 -0.057468
8615.980872 0.800470 -0.045750 0.801776 -0.057092
8616.980986 0.800463 -0.045448 0.801752 -0.056716
8617.981100 0.800457 -0.045146 0.801729 -0.056340
8618.981214 0.800450 -0.044844 0.801705 -0.055964
8619.981328 0.800444 -0.044541 0.801682 -0.055588
8620.981441 0.800437 -0.044239 0.801659 -0.055212
8621.981555 0.800431 -0.043937 0.801636 -0.054836
8622.981669 0.800425 -0.043634 0.801613 -0.054460
8623.981783 0.800419 -0.043332 0.801591 -0.054084
8624.981897 0.800413 -0.043030 0.801568 -0.053707
8625.982011 0.800406 -0.042727 0.801546 -0.053331
8626.982125 0.800400 -0.042425 0.801524 -0.052955
8627.982238 0.800394 -0.042122 0.801502 -0.052578
8628.982352 0.800388 -0.041820 0.801480 -0.052202
8629.982466 0.800382 -0.041517 0.801458 -0.051825
8630.982580 0.800377 -0.041214 0.801437 -0.051448
8631.982694 0.800371 -0.040912 0.801416 -0.051072
8632.982808 0.800365 -0.040609 0.801394 -0.050695
8633.982922 0.800359 -0.040306 0.801373 -0.050318
8634.983035 0.800353 -0.040004 0.801353 -0.049941
8635.983149 0.800348 -0.039701 0.801332 -0.049564
8636.983263 0.800342 -0.039398 0.801311 -0.049187
8637.983377 0.800337 -0.039095 0.801291 -0.048810
8638.983491 0.800331 -0.038793 0.801271 -0.048433
8639.983605 0.800326 -0.038490 0.801251 -0.048056
8640.983719 0.800320 -0.038187 0.801231 -0.047678
8641.983832 0.800315 -0.037884 0.801211 -0.047301
8642.983946 0.800310 -0.037581 0.801191 -0.046924
8643.984060 0.800304 -0.037278 0.801172 -0.046546
8644.984174 0.800299 -0.036975 0.801153 -0.046169
8645.984288 0.800294 -0.036672 0.801134 -0.045791
8646.984402 0.800289 -0.036369 0.801115 -0.045414
8647.984516 0.800284 -0.036066 0.801096 -0.045036
8648.984629 0.800278 -0.035763 0.801077 -0.044658
8649.984743 0.800273 -0.035460 0.801059 -0.044281
8650.984857 0.800269 -0.035157 0.801040 -0.043903
8651.984971 0.800264 -0.034854 0.801022 -0.043525
8652.985085 0.800259 -0.034550 0.801004 -0.043147
8653.985199 0.800254 -0.034247 0.800986 -0.042769
8654.985313 0.800249 -0.033944 0.800969 -0.042391
8655.985426 0.800244 -0.033641 0.800951 -0.042013
8656.985540 0.800240 -0.033337 0.800934 -0.041635
8657.985654 0.800235 -0.033034 0.800917 -0.041257
8658.985768 0.800230 -0.032731 0.800900 -0.040879
8659.985882 0.800226 -0.032428 0.800883 -0.040501
8660.985996 0.800221 -0.032124 0.800866 -0.040123
8661.986110 0.800217 -0.031821 0.800849 -0.039744
8662.986223 0.800213 -0.031517 0.800833 -0.039366
8663.986337 0.800208 -0.031214 0.800817 -0.038988
8664.986451 0.800204 -0.030911 0.800801 -0.038609
8665.986565 0.800200 -0.030607 0.800785 -0.038231
8666.986679 0.800195 -0.030304 0.800769 -0.037852
8667.986793 0.800191 -0.030000 0.800753 -0.037474
8668.986907 0.800187 -0.029697 0.800738 -0.037095
8669.987020 0.800183 -0.029393 0.800723 -0.036716
8670.987134 0.800179 -0.029089 0.800707 -0.036338
8671.987248 0.800175 -0.028786 0.800692 -0.035959
8672.987362 0.800171 -0.028482 0.800678 -0.035580
8673.987476 0.800167 -0.028179 0.800663 -0.035201
8674.987590 0.800163 -0.027875 0.800648 -0.034823
8675.987704 0.800159 -0.027571 0.800634 -0.034444
8676.987817 0.800155 -0.027268 0.800620 -0.034065
8677.987931 0.800152 -0.026964 0.800606 -0.033686
8678.988045 0.800148 -0.026660 0.800592 -0.033307
8679.988159 0.800144 -0.026356 0.800578 -0.032928
8680.988273 0.800141 -0.026053 0.800565 -0.032549
8681.988387 0.800137 -0.025749 0.800551 -0.032170
8682.988501 0.800134 -0.025445 0.800538 -0.031790
8683.988614 0.800130 -0.025141 0.800525 -0.031411
8684.988728 0.800127 -0.024838 0.800512 -0.031032
8685.988842 0.800124 -0.024534 0.800500 -0.030653
8686.988956 0.800120 -0.024230 0.800487 -0.030273
8687.989070 0.800117 -0.023926 0.800475 -0.029894
8688.989184 0.800114 -0.023622 0.800462 -0.029515
8689.989298 0.800110 -0.023318 0.800450 -0.029135
8690.989411 0.800107 -0.023014 0.800438 -0.028756
8691.989525 0.800104 -0.022710 0.800426 -0.028376
8692.989639 0.800101 -0.022406 0.800415 -0.027997
8693.989753 0.800098 -0.022102 0.800403 -0.027617
8694.989867 0.800095 -0.021798 0.800392 -0.027238
8695.989981 0.800092 -0.021494 0.800381 -0.026858
8696.990095 0.800089 -0.021190 0.800370 -0.026479
8697.990208 0.800087 -0.020886 0.800359 -0.026099
8698.990322 0.800084 -0.020582 0.800349 -0.025719
8699.990436 0.800081 -0.020278 0.800338 -0.025340
8700.990550 0.800078 -0.019974 0.800328 -0.024960
8701.990664 0.800076 -0.019670 0.800318 -0.024580
8702.990778 0.800073 -0.019366 0.800308 -0.024200
8703.990891 0.800071 -0.019062 0.800298 -0.023821
8704.991005 0.800068 -0.018758 0.800288 -0.023441
8705.991119 0.800066 -0.018454 0.800278 -0.023061
8706.991233 0.800063 -0.018149 0.800269 -0.022681
8707.991347 0.800061 -0.017845 0.800260 -0.022301
8708.991461 0.800059 -0.017541 0.800251 -0.021921
8709.991575 0.800056 -0.017237 0.800242 -0.021541
8710.991688 0.800054 -0.016933 0.800233 -0.021161
8711.991802 0.800052 -0.016628 0.800225 -0.020781
8712.991916 0.800050 -0.016324 0.800216 -0.020401
8713.992030 0.800048 -0.016020 0.800208 -0.020021
8714.992144 0.800045 -0.015716 0.800200 -0.019641
8715.992258 0.800043 -0.015411 0.800192 -0.019261
8716.992372 0.800041 -0.015107 0.800184 -0.018881
8717.992485 0.800040 -0.014803 0.800176 -0.018501
8718.992599 0.800038 -0.014499 0.800169 -0.018120
8719.992713 0.800036 -0.014194 0.800162 -0.017740
8720.992827 0.800034 -0.013890 0.800155 -0.017360
8721.992941 0.800032 -0.013586 0.800148 -0.016980
8722.993055 0.800031 -0.013281 0.800141 -0.016600
8723.993169 0.800029 -0.012977 0.800134 -0.016219
8724.993282 0.800027 -0.012673 0.800128 -0.015839
8725.993396 0.800026 -0.012368 0.800121 -0.015459
8726.993510 0.800024 -0.012064 0.800115 -0.015078
8727.993624 0.800023 -0.011760 0.800109 -0.014698
8728.993738 0.800021 -0.011455 0.800103 -0.014318
8729.993852 0.800020 -0.011151 0.800098 -0.013937
8730.993966 0.800019 -0.010846 0.800092 -0.013557
8731.994079 0.800017 -0.010542 0.800087 -0.013177
8732.994193 0.800016 -0.010238 0.800082 -0.012796
8733.994307 0.800015 -0.009933 0.800077 -0.012416
8734.994421 0.800014 -0.009629 0.800072 -0.012035
8735.994535 0.800013 -0.009324 0.800067 -0.011655
8736.994649 0.800012 -0.009020 0.800062 -0.011274
8737.994763 0.800010 -0.008716 0.800058 -0.010894
8738.994876 0.800010 -0.008411 0.800054 -0.010513
8739.994990 0.800009 -0.008107 0.800050 -0.010133
8740.995104 0.800008 -0.007802 0.800046 -0.009752
8741.995218 0.800007 -0.007498 0.800042 -0.009372
8742.995332 0.800006 -0.007193 0.800038 -0.008991
8743.995446 0.800005 -0.006889 0.800035 -0.008611
8744.995560 0.800005 -0.006584 0.800032 -0.008230
8745.995673 0.800004 -0.006280 0.800029 -0.007850
8746.995787 0.800003 -0.005975 0.800026 -0.007469
8747.995901 0.800003 -0.005671 0.800023 -0.007089
8748.996015 0.800002 -0.005366 0.800020 -0.006708
8749.996129 0.800002 -0.005062 0.800018 -0.006327
8750.996243 0.800001 -0.004757 0.800015 -0.005947
8751.996357 0.800001 -0.004453 0.800013 -0.005566
8752.996470 0.800000 -0.004148 0.800011 -0.005186
8753.996584 0.800000 -0.003844 0.800009 -0.004805
8754.996698 0.800000 -0.003539 0.800008 -0.004424
8755.996812 0.800000 -0.003235 0.800006 -0.004044
8756.996926 0.799999 -0.002930 0.800005 -0.003663
8757.997040 0.799999 -0.002626 0.800004 -0.003282
8758.997154 0.799999 -0.002321 0.800003 -0.002902
8759.997267 0.799999 -0.002017 0.800002 -0.002521
8760.997381 0.799999 -0.001712 0.800001 -0.002141
8761.997495 0.799999 -0.001408 0.800001 -0.001760
8762.997609 0.799999 -0.001103 0.800000 -0.001379
8763.997723 0.800000 -0.000799 0.800000 -0.000999
8764.997837 0.800000 -0.000494 0.800000 -0.000618
8765.997951 0.800000 -0.000190 0.800000 -0.000237
8766.998064 0.800000 0.000115 0.800000 0.000143
8767.998178 0.800001 0.000419 0.800001 0.000524
8768.998292 0.800001 0.000724 0.800001 0.000905
8769.998406 0.800001 0.001028 0.800002 0.001285
8770.998520 0.800002 0.001333 0.800003 0.001666
8771.998634 0.800002 0.001637 0.800004 0.002047
8772.998748 0.800003 0.001942 0.800005 0.002427
8773.998861 0.800003 0.002246 0.800007 0.002808
8774.998975 0.800004 0.002551 0.800008 0.003188
8775.999089 0.800005 0.002855 0.800010 0.003569
8776.999203 0.800005 0.003160 0.800012 0.003950
8777.999317 0.800006 0.003464 0.800014 0.004330
8778.999431 0.800007 0.003769 0.800016 0.004711
8779.999545 0.800008 0.004073 0.800018 0.005091
8780.999658 0.800009 0.004378 0.800021 0.005472
8781.999772 0.800010 0.004682 0.800023 0.005853
8782.999886 0.800011 0.004987 0.800026 0.006233
8784.000000 0.800012 0.005291 0.800029 0.006614
