# x [au] y [au] r [au] lon [rad]
0.820000 0.000000 0.820000 0.000000
0.820000 0.000272 0.820000 0.000332
0.820000 0.000544 0.820000 0.000664
0.820000 0.000816 0.820001 0.000996
0.820000 0.001088 0.820001 0.001327
0.820001 0.001361 0.820002 0.001659
0.820001 0.001633 0.820002 0.001991
0.820001 0.001905 0.820003 0.002323
0.820002 0.002177 0.820004 0.002655
0.820002 0.002449 0.820006 0.002987
0.820002 0.002721 0.820007 0.003318
0.820003 0.002993 0.820008 0.003650
0.820003 0.003265 0.820010 0.003982
0.820004 0.003537 0.820012 0.004314
0.820005 0.003810 0.820013 0.004646
0.820005 0.004082 0.820015 0.004978
0.820006 0.004354 0.820018 0.005309
0.820007 0.004626 0.820020 0.005641
0.820008 0.004898 0.820022 0.005973
0.820009 0.005170 0.820025 0.006305
0.820009 0.005442 0.820028 0.006637
0.820010 0.005714 0.820030 0.006968
0.820011 0.005986 0.820033 0.007300
0.820013 0.006258 0.820036 0.007632
0.820014 0.006530 0.820040 0.007964
0.820015 0.006803 0.820043 0.008295
0.820016 0.007075 0.820047 0.008627
0.820017 0.007347 0.820050 0.008959
0.820019 0.007619 0.820054 0.009291
0.820020 0.007891 0.820058 0.009622
0.820021 0.008163 0.820062 0.009954
0.820023 0.008435 0.820066 0.010286
0.820024 0.008707 0.820070 0.010617
0.820026 0.008979 0.820075 0.010949
0.820027 0.009251 0.820080 0.011281
0.820029 0.009523 0.820084 0.011612
0.820031 0.009795 0.820089 0.011944
0.820032 0.010067 0.820094 0.012276
0.820034 0.010339 0.820099 0.012607
0.820036 0.010611 0.820105 0.012939
0.820038 0.010883 0.820110 0.013270
0.820040 0.011155 0.820116 0.013602
0.820042 0.011427 0.820121 0.013933
0.820044 0.011699 0.820127 0.014265
0.820046 0.011971 0.820133 0.014597
0.820048 0.012243 0.820139 0.014928
0.820050 0.012515 0.820146 0.015260
0.820052 0.012786 0.820152 0.015591
0.820055 0.013058 0.820159 0.015922
0.820057 0.013330 0.820165 0.016254
0.820059 0.013602 0.820172 0.016585
0.820062 0.013874 0.820179 0.016917
0.820064 0.014146 0.820186 0.017248
0.820067 0.014418 0.820193 0.017579
0.820069 0.014690 0.820201 0.017911
0.820072 0.014962 0.820208 0.018242
0.820074 0.015233 0.820216 0.018573
0.820077 0.015505 0.820224 0.018905
0.820080 0.015777 0.820231 0.019236
0.820082 0.016049 0.820239 0.019567
0.820085 0.016321 0.820248 0.019898
0.820088 0.016592 0.820256 0.020230
0.820091 0.016864 0.820264 0.020561
0.820094 0.017136 0.820273 0.020892
0.820097 0.017408 0.820282 0.021223
0.820100 0.017679 0.820291 0.021554
0.820103 0.017951 0.820300 0.021885
0.820106 0.018223 0.820309 0.022216
0.820110 0.018495 0.820318 0.022548
0.820113 0.018766 0.820327 0.022879
0.820116 0.019038 0.820337 0.023210
0.820119 0.019310 0.820347 0.023541
0.820123 0.019581 0.820357 0.023871
0.820126 0.019853 0.820367 0.024202
0.820130 0.020125 0.820377 0.024533
0.820133 0.020396 0.820387 0.024864
0.820137 0.020668 0.820397 0.025195
0.820140 0.020939 0.820408 0.025526
0.820144 0.021211 0.820418 0.025857
0.820148 0.021482 0.820429 0.026187
0.820152 0.021754 0.820440 0.026518
0.820155 0.022026 0.820451 0.026849
0.820159 0.022297 0.820462 0.027180
0.820163 0.022569 0.820474 0.027510
0.820167 0.022840 0.820485 0.027841
0.820171 0.023112 0.820497 0.028171
0.820175 0.023383 0.820509 0.028502
0.820179 0.023654 0.820520 0.028833
0.820184 0.023926 0.820532 0.029163
0.820188 0.024197 0.820545 0.029494
0.820192 0.024469 0.820557 0.029824
0.820196 0.024740 0.820569 0.030154
0.820201 0.025011 0.820582 0.030485
0.820205 0.025283 0.820595 0.030815
0.820209 0.025554 0.820607 0.031145
0.820214 0.025825 0.820620 0.031476
0.820218 0.026097 0.820634 0.031806
0.820223 0.026368 0.820647 0.032136
0.820228 0.026639 0.820660 0.032466
0.820232 0.026910 0.820674 0.032797
0.820237 0.027182 0.820687 0.033127
0.820242 0.027453 0.820701 0.033457
0.820247 0.027724 0.820715 0.033787
0.820252 0.027995 0.820729 0.034117
0.820257 0.028266 0.820743 0.034447
0.820261 0.028537 0.820758 0.034777
0.820266 0.028809 0.820772 0.035107
0.820272 0.029080 0.820787 0.035436
0.820277 0.029351 0.820802 0.035766
0.820282 0.029622 0.820816 0.036096
0.820287 0.029893 0.820832 0.036426
0.820292 0.030164 0.820847 0.036756
0.820298 0.030435 0.820862 0.037085
0.820303 0.030706 0.820877 0.037415
0.820308 0.030977 0.820893 0.037744
0.820314 0.031248 0.820909 0.038074
0.820319 0.031519 0.820925 0.038403
0.820325 0.031789 0.820941 0.038733
0.820330 0.032060 0.820957 0.039062
0.820336 0.032331 0.820973 0.039392
0.820342 0.032602 0.820989 0.039721
0.820347 0.032873 0.821006 0.040050
0.820353 0.033144 0.821022 0.040380
0.820359 0.033414 0.821039 0.040709
0.820365 0.033685 0.821056 0.041038
0.820371 0.033956 0.821073 0.041367
0.820377 0.034227 0.821091 0.041696
0.820383 0.034497 0.821108 0.042025
0.820389 0.034768 0.821125 0.042354
0.820395 0.035038 0.821143 0.042683
0.820401 0.035309 0.821161 0.043012
0.820407 0.035580 0.821179 0.043341
0.820414 0.035850 0.821197 0.043670
0.820420 0.036121 0.821215 0.043999
0.820426 0.036391 0.821233 0.044327
0.820433 0.036662 0.821252 0.044656
0.820439 0.036932 0.821270 0.044985
0.820446 0.037203 0.821289 0.045313
0.820452 0.037473 0.821308 0.045642
0.820459 0.037743 0.821327 0.045970
0.820466 0.038014 0.821346 0.046299
0.820472 0.038284 0.821365 0.046627
0.820479 0.038554 0.821384 0.046956
0.820486 0.038825 0.821404 0.047284
0.820493 0.039095 0.821424 0.047612
0.820500 0.039365 0.821443 0.047940
0.820506 0.039635 0.821463 0.048268
0.820513 0.039905 0.821483 0.048596
0.820520 0.040176 0.821503 0.048925
0.820528 0.040446 0.821524 0.049253
0.820535 0.040716 0.821544 0.049580
0.820542 0.040986 0.821565 0.049908
0.820549 0.041256 0.821586 0.050236
0.820556 0.041526 0.821606 0.050564
0.820564 0.041796 0.821628 0.050892
0.820571 0.042066 0.821649 0.051219
0.820579 0.042336 0.821670 0.051547
0.820586 0.042606 0.821691 0.051875
0.820594 0.042876 0.821713 0.052202
0.820601 0.043145 0.821735 0.052530
0.820609 0.043415 0.821756 0.052857
0.820616 0.043685 0.821778 0.053184
0.820624 0.043955 0.821800 0.053512
0.820632 0.044225 0.821823 0.053839
0.820640 0.044494 0.821845 0.054166
0.820648 0.044764 0.821868 0.054493
0.820655 0.045034 0.821890 0.054820
0.820663 0.045303 0.821913 0.055147
0.820671 0.045573 0.821936 0.055474
0.820680 0.045842 0.821959 0.055801
0.820688 0.046112 0.821982 0.056128
0.820696 0.046381 0.822005 0.056455
0.820704 0.046651 0.822029 0.056781
0.820712 0.046920 0.822052 0.057108
0.820721 0.047190 0.822076 0.057435
0.820729 0.047459 0.822100 0.057761
0.820737 0.047728 0.822124 0.058088
0.820746 0.047998 0.822148 0.058414
0.820754 0.048267 0.822172 0.058740
0.820763 0.048536 0.822197 0.059067
0.820771 0.048805 0.822221 0.059393
0.820780 0.049074 0.822246 0.059719
0.820789 0.049344 0.822271 0.060045
0.820797 0.049613 0.822295 0.060371
0.820806 0.049882 0.822321 0.060697
0.820815 0.050151 0.822346 0.061023
0.820824 0.050420 0.822371 0.061349
0.820833 0.050689 0.822397 0.061675
0.820842 0.050958 0.822422 0.062000
0.820851 0.051227 0.822448 0.062326
0.820860 0.051496 0.822474 0.062652
0.820869 0.051764 0.822500 0.062977
0.820878 0.052033 0.822526 0.063303
0.820888 0.052302 0.822552 0.063628
0.820897 0.052571 0.822578 0.063953
0.820906 0.052839 0.822605 0.064278
0.820916 0.053108 0.822632 0.064604
0.820925 0.053377 0.822658 0.064929
0.820934 0.053645 0.822685 0.065254
0.820944 0.053914 0.822712 0.065579
0.820954 0.054182 0.822740 0.065904
0.820963 0.054451 0.822767 0.066229
0.820973 0.054719 0.822794 0.066553
0.820983 0.054988 0.822822 0.066878
0.820992 0.055256 0.822850 0.067203
0.821002 0.055524 0.822878 0.067527
0.821012 0.055793 0.822906 0.067852
0.821022 0.056061 0.822934 0.068176
0.821032 0.056329 0.822962 0.068501
0.821042 0.056597 0.822990 0.068825
0.821052 0.056866 0.823019 0.069149
0.821062 0.057134 0.823048 0.069473
0.821072 0.057402 0.823076 0.069797
0.821083 0.057670 0.823105 0.070121
0.821093 0.057938 0.823134 0.070445
0.821103 0.058206 0.823164 0.070769
0.821114 0.058474 0.823193 0.071093
0.821124 0.058742 0.823222 0.071416
0.821134 0.059009 0.823252 0.071740
0.821145 0.059277 0.823282 0.072064
0.821156 0.059545 0.823312 0.072387
0.821166 0.059813 0.823342 0.072710
0.821177 0.060080 0.823372 0.073034
0.821188 0.060348 0.823402 0.073357
0.821198 0.060616 0.823432 0.073680
0.821209 0.060883 0.823463 0.074003
0.821220 0.061151 0.823494 0.074326
0.821231 0.061418 0.823524 0.074649
0.821242 0.061686 0.823555 0.074972
0.821253 0.061953 0.823586 0.075295
0.821264 0.062221 0.823618 0.075618
0.821275 0.062488 0.823649 0.075940
0.821286 0.062755 0.823680 0.076263
0.821298 0.063022 0.823712 0.076585
0.821309 0.063290 0.823744 0.076908
0.821320 0.063557 0.823776 0.077230
0.821332 0.063824 0.823808 0.077552
0.821343 0.064091 0.823840 0.077874
0.821354 0.064358 0.823872 0.078196
0.821366 0.064625 0.823904 0.078518
0.821377 0.064892 0.823937 0.078840
0.821389 0.065159 0.823970 0.079162
0.821401 0.065426 0.824002 0.079484
0.821413 0.065693 0.824035 0.079805
0.821424 0.065959 0.824068 0.080127
0.821436 0.066226 0.824101 0.080448
0.821448 0.066493 0.824135 0.080770
0.821460 0.066759 0.824168 0.081091
0.821472 0.067026 0.824202 0.081412
0.821484 0.067293 0.824235 0.081733
0.821496 0.067559 0.824269 0.082054
0.821508 0.067826 0.824303 0.082375
0.821520 0.068092 0.824337 0.082696
0.821532 0.068358 0.824372 0.083017
0.821545 0.068625 0.824406 0.083338
0.821557 0.068891 0.824440 0.083658
0.821569 0.069157 0.824475 0.083979
0.821582 0.069423 0.824510 0.084299
0.821594 0.069690 0.824545 0.084620
0.821607 0.069956 0.824580 0.084940
0.821619 0.070222 0.824615 0.085260
0.821632 0.070488 0.824650 0.085580
0.821645 0.070754 0.824686 0.085900
0.821658 0.071020 0.824721 0.086220
0.821670 0.071286 0.824757 0.086540
0.821683 0.071551 0.824793 0.086860
0.821696 0.071817 0.824828 0.087180
0.821709 0.072083 0.824865 0.087499
0.821722 0.072349 0.824901 0.087819
0.821735 0.072614 0.824937 0.088138
0.821748 0.072880 0.824974 0.088457
0.821761 0.073145 0.825010 0.088776
0.821774 0.073411 0.825047 0.089096
0.821788 0.073676 0.825084 0.089415
0.821801 0.073942 0.825121 0.089733
0.821814 0.074207 0.825158 0.090052
0.821828 0.074472 0.825195 0.090371
0.821841 0.074738 0.825232 0.090690
0.821855 0.075003 0.825270 0.091008
0.821868 0.075268 0.825308 0.091327
0.821882 0.075533 0.825345 0.091645
0.821895 0.075798 0.825383 0.091963
0.821909 0.076063 0.825421 0.092281
0.821923 0.076328 0.825459 0.092600
0.821937 0.076593 0.825498 0.092917
0.821951 0.076858 0.825536 0.093235
0.821964 0.077122 0.825575 0.093553
0.821978 0.077387 0.825613 0.093871
0.821992 0.077652 0.825652 0.094188
0.822006 0.077917 0.825691 0.094506
0.822021 0.078181 0.825730 0.094823
0.822035 0.078446 0.825769 0.095141
0.822049 0.078710 0.825809 0.095458
0.822063 0.078975 0.825848 0.095775
0.822078 0.079239 0.825888 0.096092
0.822092 0.079503 0.825927 0.096409
0.822106 0.079768 0.825967 0.096726
0.822121 0.080032 0.826007 0.097042
0.822135 0.080296 0.826047 0.097359
0.822150 0.080560 0.826087 0.097675
0.822165 0.080824 0.826128 0.097992
0.822179 0.081088 0.826168 0.098308
0.822194 0.081352 0.826209 0.098624
0.822209 0.081616 0.826250 0.098940
0.822224 0.081880 0.826290 0.099256
0.822238 0.082144 0.826331 0.099572
0.822253 0.082408 0.826373 0.099888
0.822268 0.082671 0.826414 0.100204
0.822283 0.082935 0.826455 0.100519
0.822299 0.083198 0.826497 0.100835
0.822314 0.083462 0.826538 0.101150
0.822329 0.083725 0.826580 0.101465
0.822344 0.083989 0.826622 0.101781
0.822359 0.084252 0.826664 0.102096
0.822375 0.084516 0.826706 0.102411
0.822390 0.084779 0.826748 0.102725
0.822406 0.085042 0.826791 0.103040
0.822421 0.085305 0.826833 0.103355
0.822437 0.085568 0.826876 0.103669
0.822452 0.085831 0.826919 0.103984
0.822468 0.086094 0.826962 0.104298
0.822484 0.086357 0.827005 0.104612
0.822500 0.086620 0.827048 0.104926
0.822515 0.086883 0.827091 0.105240
0.822531 0.087146 0.827135 0.105554
0.822547 0.087408 0.827178 0.105868
0.822563 0.087671 0.827222 0.106182
0.822579 0.087934 0.827266 0.106495
0.822595 0.088196 0.827310 0.106809
0.822611 0.088459 0.827354 0.107122
0.822628 0.088721 0.827398 0.107435
0.822644 0.088983 0.827442 0.107749
0.822660 0.089246 0.827487 0.108062
0.822676 0.089508 0.827531 0.108374
0.822693 0.089770 0.827576 0.108687
0.822709 0.090032 0.827621 0.109000
0.822726 0.090294 0.827666 0.109312
0.822742 0.090556 0.827711 0.109625
0.822759 0.090818 0.827756 0.109937
0.822776 0.091080 0.827802 0.110249
0.822792 0.091342 0.827847 0.110562
0.822809 0.091604 0.827893 0.110874
0.822826 0.091865 0.827938 0.111186
0.822843 0.092127 0.827984 0.111497
0.822860 0.092388 0.828030 0.111809
0.822877 0.092650 0.828076 0.112121
0.822894 0.092911 0.828122 0.112432
0.822911 0.093173 0.828169 0.112743
0.822928 0.093434 0.828215 0.113054
0.822945 0.093695 0.828262 0.113366
0.822963 0.093957 0.828309 0.113677
0.822980 0.094218 0.828355 0.113987
0.822997 0.094479 0.828402 0.114298
0.823015 0.094740 0.828450 0.114609
0.823032 0.095001 0.828497 0.114919
0.823050 0.095262 0.828544 0.115230
0.823067 0.095523 0.828592 0.115540
0.823085 0.095783 0.828639 0.115850
0.823102 0.096044 0.828687 0.116160
0.823120 0.096305 0.828735 0.116470
0.823138 0.096565 0.828783 0.116780
0.823156 0.096826 0.828831 0.117089
0.823174 0.097086 0.828879 0.117399
0.823192 0.097347 0.828928 0.117708
0.823210 0.097607 0.828976 0.118018
0.823228 0.097867 0.829025 0.118327
0.823246 0.098127 0.829073 0.118636
0.823264 0.098388 0.829122 0.118945
0.823282 0.098648 0.829171 0.119254
0.823301 0.098908 0.829220 0.119563
0.823319 0.099168 0.829270 0.119871
0.823337 0.099428 0.829319 0.120180
0.823356 0.099687 0.829368 0.120488
0.823374 0.099947 0.829418 0.120796
0.823393 0.100207 0.829468 0.121104
0.823411 0.100466 0.829518 0.121412
0.823430 0.100726 0.829568 0.121720
0.823449 0.100985 0.829618 0.122028
0.823467 0.101245 0.829668 0.122336
0.823486 0.101504 0.829718 0.122643
0.823505 0.101764 0.829769 0.122950
0.823524 0.102023 0.829819 0.123258
0.823543 0.102282 0.829870 0.123565
0.823562 0.102541 0.829921 0.123872
0.823581 0.102800 0.829972 0.124179
0.823600 0.103059 0.830023 0.124485
0.823619 0.103318 0.830074 0.124792
0.823639 0.103577 0.830126 0.125098
0.823658 0.103836 0.830177 0.125405
0.823677 0.104094 0.830229 0.125711
0.823697 0.104353 0.830280 0.126017
0.823716 0.104611 0.830332 0.126323
0.823736 0.104870 0.830384 0.126629
0.823755 0.105128 0.830436 0.126935
0.823775 0.105387 0.830489 0.127240
0.823795 0.105645 0.830541 0.127546
0.823814 0.105903 0.830593 0.127851
0.823834 0.106161 0.830646 0.128156
0.823854 0.106419 0.830699 0.128461
0.823874 0.106677 0.830752 0.128766
0.823894 0.106935 0.830804 0.129071
0.823914 0.107193 0.830858 0.129376
0.823934 0.107451 0.830911 0.129680
0.823954 0.107709 0.830964 0.129985
0.823974 0.107966 0.831017 0.130289
0.823994 0.108224 0.831071 0.130593
0.824015 0.108481 0.831125 0.130897
0.824035 0.108739 0.831179 0.131201
0.824055 0.108996 0.831232 0.131505
0.824076 0.109254 0.831287 0.131808
0.824096 0.109511 0.831341 0.132112
0.824117 0.109768 0.831395 0.132415
0.824137 0.110025 0.831449 0.132719
0.824158 0.110282 0.831504 0.133022
0.824179 0.110539 0.831559 0.133325
0.824200 0.110796 0.831613 0.133627
0.824220 0.111053 0.831668 0.133930
0.824241 0.111309 0.831723 0.134233
0.824262 0.111566 0.831778 0.134535
0.824283 0.111823 0.831834 0.134837
0.824304 0.112079 0.831889 0.135140
0.824325 0.112336 0.831945 0.135442
0.824347 0.112592 0.832000 0.135743
0.824368 0.112848 0.832056 0.136045
0.824389 0.113105 0.832112 0.136347
0.824411 0.113361 0.832168 0.136648
0.824432 0.113617 0.832224 0.136950
0.824453 0.113873 0.832280 0.137251
0.824475 0.114129 0.832337 0.137552
0.824496 0.114385 0.832393 0.137853
0.824518 0.114640 0.832450 0.138154
0.824540 0.114896 0.832506 0.138454
0.824561 0.115152 0.832563 0.138755
0.824583 0.115407 0.832620 0.139055
0.824605 0.115663 0.832677 0.139355
0.824627 0.115918 0.832734 0.139655
0.824649 0.116173 0.832792 0.139955
0.824671 0.116429 0.832849 0.140255
0.824693 0.116684 0.832907 0.140555
0.824715 0.116939 0.832964 0.140854
0.824737 0.117194 0.833022 0.141154
0.824759 0.117449 0.833080 0.141453
0.824782 0.117704 0.833138 0.141752
0.824804 0.117959 0.833196 0.142051
0.824827 0.118213 0.833255 0.142350
0.824849 0.118468 0.833313 0.142648
0.824872 0.118723 0.833372 0.142947
0.824894 0.118977 0.833430 0.143245
0.824917 0.119232 0.833489 0.143544
0.824939 0.119486 0.833548 0.143842
0.824962 0.119740 0.833607 0.144140
0.824985 0.119994 0.833666 0.144438
0.825008 0.120249 0.833725 0.144735
0.825031 0.120503 0.833784 0.145033
0.825054 0.120757 0.833844 0.145330
0.825077 0.121010 0.833904 0.145627
0.825100 0.121264 0.833963 0.145924
0.825123 0.121518 0.834023 0.146221
0.825146 0.121772 0.834083 0.146518
0.825169 0.122025 0.834143 0.146815
0.825193 0.122279 0.834203 0.147111
0.825216 0.122532 0.834263 0.147408
0.825239 0.122785 0.834324 0.147704
0.825263 0.123039 0.834384 0.148000
0.825286 0.123292 0.834445 0.148296
0.825310 0.123545 0.834506 0.148592
0.825334 0.123798 0.834567 0.148887
0.825357 0.124051 0.834628 0.149183
0.825381 0.124304 0.834689 0.149478
0.825405 0.124556 0.834750 0.149773
0.825429 0.124809 0.834811 0.150068
0.825453 0.125062 0.834873 0.150363
0.825477 0.125314 0.834935 0.150658
0.825501 0.125567 0.834996 0.150953
0.825525 0.125819 0.835058 0.151247
0.825549 0.126071 0.835120 0.151541
0.825573 0.126324 0.835182 0.151835
0.825598 0.126576 0.835244 0.152129
0.825622 0.126828 0.835307 0.152423
0.825646 0.127080 0.835369 0.152717
0.825671 0.127332 0.835431 0.153011
0.825695 0.127583 0.835494 0.153304
0.825720 0.127835 0.835557 0.153597
0.825745 0.128087 0.835620 0.153890
0.825769 0.128338 0.835683 0.154183
0.825794 0.128590 0.835746 0.154476
0.825819 0.128841 0.835809 0.154769
0.825844 0.129092 0.835872 0.155061
0.825869 0.129344 0.835936 0.155353
0.825894 0.129595 0.835999 0.155646
0.825919 0.129846 0.836063 0.155938
0.825944 0.130097 0.836127 0.156229
0.825969 0.130348 0.836191 0.156521
0.825994 0.130599 0.836255 0.156813
0.826019 0.130849 0.836319 0.157104
0.826045 0.131100 0.836383 0.157395
0.826070 0.131350 0.836448 0.157686
0.826095 0.131601 0.836512 0.157977
0.826121 0.131851 0.836577 0.158268
0.826147 0.132102 0.836641 0.158559
0.826172 0.132352 0.836706 0.158849
0.826198 0.132602 0.836771 0.159139
0.826224 0.132852 0.836836 0.159430
0.826249 0.133102 0.836901 0.159720
0.826275 0.133352 0.836967 0.160009
0.826301 0.133602 0.837032 0.160299
0.826327 0.133851 0.837098 0.160589
0.826353 0.134101 0.837163 0.160878
0.826379 0.134350 0.837229 0.161167
0.826405 0.134600 0.837295 0.161456
0.826432 0.134849 0.837361 0.161745
0.826458 0.135099 0.837427 0.162034
0.826484 0.135348 0.837493 0.162322
0.826510 0.135597 0.837560 0.162611
0.826537 0.135846 0.837626 0.162899
0.826563 0.136095 0.837693 0.163187
0.826590 0.136344 0.837759 0.163475
0.826617 0.136592 0.837826 0.163763
0.826643 0.136841 0.837893 0.164051
0.826670 0.137090 0.837960 0.164338
0.826697 0.137338 0.838027 0.164625
0.826724 0.137586 0.838094 0.164912
0.826751 0.137835 0.838162 0.165199
0.826778 0.138083 0.838229 0.165486
0.826805 0.138331 0.838297 0.165773
0.826832 0.138579 0.838364 0.166059
0.826859 0.138827 0.838432 0.166346
0.826886 0.139075 0.838500 0.166632
0.826913 0.139323 0.838568 0.166918
0.826941 0.139571 0.838636 0.167204
0.826968 0.139818 0.838704 0.167489
0.826995 0.140066 0.838773 0.167775
0.827023 0.140313 0.838841 0.168060
0.827051 0.140560 0.838910 0.168345
0.827078 0.140808 0.838979 0.168630
0.827106 0.141055 0.839047 0.168915
0.827134 0.141302 0.839116 0.169200
0.827161 0.141549 0.839185 0.169484
0.827189 0.141796 0.839254 0.169769
0.827217 0.142043 0.839324 0.170053
0.827245 0.142289 0.839393 0.170337
0.827273 0.142536 0.839463 0.170621
0.827301 0.142782 0.839532 0.170905
0.827329 0.143029 0.839602 0.171188
0.827358 0.143275 0.839672 0.171471
0.827386 0.143521 0.839742 0.171755
0.827414 0.143768 0.839812 0.172038
0.827443 0.144014 0.839882 0.172320
0.827471 0.144260 0.839952 0.172603
0.827500 0.144505 0.840022 0.172886
0.827528 0.144751 0.840093 0.173168
0.827557 0.144997 0.840163 0.173450
0.827586 0.145243 0.840234 0.173732
0.827614 0.145488 0.840305 0.174014
0.827643 0.145734 0.840376 0.174296
0.827672 0.145979 0.840447 0.174577
0.827701 0.146224 0.840518 0.174859
0.827730 0.146469 0.840589 0.175140
0.827759 0.146714 0.840661 0.175421
0.827788 0.146959 0.840732 0.175702
0.827818 0.147204 0.840804 0.175982
0.827847 0.147449 0.840875 0.176263
0.827876 0.147694 0.840947 0.176543
0.827905 0.147938 0.841019 0.176823
0.827935 0.148183 0.841091 0.177103
0.827964 0.148427 0.841163 0.177383
0.827994 0.148671 0.841235 0.177663
0.828024 0.148916 0.841308 0.177942
0.828053 0.149160 0.841380 0.178222
0.828083 0.149404 0.841453 0.178501
0.828113 0.149648 0.841526 0.178780
0.828143 0.149891 0.841598 0.179059
0.828173 0.150135 0.841671 0.179337
0.828203 0.150379 0.841744 0.179616
0.828233 0.150622 0.841817 0.179894
0.828263 0.150866 0.841891 0.180172
0.828293 0.151109 0.841964 0.180450
0.828323 0.151352 0.842037 0.180728
0.828353 0.151596 0.842111 0.181005
0.828384 0.151839 0.842184 0.181283
0.828414 0.152082 0.842258 0.181560
0.828445 0.152324 0.842332 0.181837
0.828475 0.152567 0.842406 0.182114
0.828506 0.152810 0.842480 0.182391
0.828536 0.153052 0.842554 0.182667
0.828567 0.153295 0.842629 0.182943
0.828598 0.153537 0.842703 0.183220
0.828629 0.153780 0.842777 0.183496
0.828660 0.154022 0.842852 0.183772
0.828691 0.154264 0.842927 0.184047
0.828722 0.154506 0.843002 0.184323
0.828753 0.154748 0.843077 0.184598
0.828784 0.154990 0.843152 0.184873
0.828815 0.155231 0.843227 0.185148
0.828846 0.155473 0.843302 0.185423
0.828878 0.155714 0.843377 0.185697
0.828909 0.155956 0.843453 0.185972
0.828941 0.156197 0.843528 0.186246
0.828972 0.156438 0.843604 0.186520
0.829004 0.156680 0.843680 0.186794
0.829035 0.156921 0.843756 0.187068
0.829067 0.157161 0.843832 0.187341
0.829099 0.157402 0.843908 0.187615
0.829131 0.157643 0.843984 0.187888
0.829163 0.157884 0.844060 0.188161
0.829195 0.158124 0.844137 0.188434
0.829227 0.158365 0.844213 0.188706
0.829259 0.158605 0.844290 0.188979
0.829291 0.158845 0.844367 0.189251
0.829323 0.159085 0.844444 0.189523
0.829355 0.159325 0.844521 0.189795
0.829388 0.159565 0.844598 0.190067
0.829420 0.159805 0.844675 0.190338
0.829453 0.160045 0.844752 0.190610
0.829485 0.160284 0.844829 0.190881
0.829518 0.160524 0.844907 0.191152
0.829550 0.160763 0.844984 0.191423
0.829583 0.161003 0.845062 0.191693
0.829616 0.161242 0.845140 0.191964
0.829649 0.161481 0.845218 0.192234
0.829682 0.161720 0.845296 0.192504
0.829715 0.161959 0.845374 0.192774
0.829748 0.162198 0.845452 0.193044
0.829781 0.162436 0.845530 0.193313
0.829814 0.162675 0.845609 0.193583
0.829847 0.162913 0.845687 0.193852
0.829880 0.163152 0.845766 0.194121
0.829914 0.163390 0.845845 0.194390
0.829947 0.163628 0.845923 0.194658
0.829981 0.163866 0.846002 0.194927
0.830014 0.164104 0.846081 0.195195
0.830048 0.164342 0.846161 0.195463
0.830081 0.164580 0.846240 0.195731
0.830115 0.164818 0.846319 0.195999
0.830149 0.165055 0.846399 0.196266
0.830183 0.165293 0.846478 0.196534
0.830217 0.165530 0.846558 0.196801
0.830251 0.165767 0.846638 0.197068
0.830285 0.166004 0.846717 0.197335
0.830319 0.166242 0.846797 0.197601
0.830353 0.166478 0.846877 0.197868
0.830387 0.166715 0.846958 0.198134
0.830422 0.166952 0.847038 0.198400
0.830456 0.167189 0.847118 0.198666
0.830490 0.167425 0.847199 0.198932
0.830525 0.167662 0.847279 0.199197
0.830559 0.167898 0.847360 0.199462
0.830594 0.168134 0.847441 0.199728
0.830629 0.168370 0.847522 0.199992
0.830664 0.168606 0.847603 0.200257
0.830698 0.168842 0.847684 0.200522
0.830733 0.169078 0.847765 0.200786
0.830768 0.169314 0.847846 0.201050
0.830803 0.169549 0.847927 0.201314
0.830838 0.169785 0.848009 0.201578
0.830873 0.170020 0.848090 0.201842
0.830909 0.170255 0.848172 0.202105
0.830944 0.170491 0.848254 0.202368
0.830979 0.170726 0.848336 0.202631
0.831015 0.170961 0.848418 0.202894
0.831050 0.171195 0.848500 0.203157
0.831086 0.171430 0.848582 0.203419
0.831121 0.171665 0.848664 0.203682
0.831157 0.171899 0.848747 0.203944
0.831193 0.172134 0.848829 0.204206
0.831228 0.172368 0.848912 0.204467
0.831264 0.172602 0.848994 0.204729
0.831300 0.172836 0.849077 0.204990
0.831336 0.173070 0.849160 0.205252
0.831372 0.173304 0.849243 0.205512
0.831408 0.173538 0.849326 0.205773
0.831444 0.173772 0.849409 0.206034
0.831481 0.174005 0.849493 0.206294
0.831517 0.174238 0.849576 0.206554
0.831553 0.174472 0.849660 0.206814
0.831590 0.174705 0.849743 0.207074
0.831626 0.174938 0.849827 0.207334
0.831663 0.175171 0.849911 0.207593
0.831699 0.175404 0.849994 0.207852
0.831736 0.175637 0.850078 0.208111
0.831773 0.175869 0.850162 0.208370
0.831810 0.176102 0.850247 0.208629
0.831847 0.176335 0.850331 0.208887
0.831884 0.176567 0.850415 0.209146
0.831921 0.176799 0.850500 0.209404
0.831958 0.177031 0.850584 0.209662
0.831995 0.177263 0.850669 0.209919
0.832032 0.177495 0.850754 0.210177
0.832069 0.177727 0.850839 0.210434
0.832107 0.177959 0.850923 0.210691
0.832144 0.178190 0.851009 0.210948
0.832182 0.178422 0.851094 0.211205
0.832219 0.178653 0.851179 0.211461
0.832257 0.178884 0.851264 0.211718
0.832294 0.179115 0.851350 0.211974
0.832332 0.179346 0.851435 0.212230
0.832370 0.179577 0.851521 0.212485
0.832408 0.179808 0.851607 0.212741
0.832446 0.180039 0.851692 0.212996
0.832484 0.180269 0.851778 0.213251
0.832522 0.180500 0.851864 0.213506
0.832560 0.180730 0.851950 0.213761
0.832598 0.180960 0.852037 0.214016
0.832636 0.181191 0.852123 0.214270
0.832675 0.181421 0.852209 0.214524
0.832713 0.181650 0.852296 0.214778
0.832752 0.181880 0.852382 0.215032
0.832790 0.182110 0.852469 0.215286
0.832829 0.182339 0.852556 0.215539
0.832867 0.182569 0.852643 0.215792
0.832906 0.182798 0.852730 0.216045
0.832945 0.183027 0.852817 0.216298
0.832984 0.183257 0.852904 0.216550
0.833023 0.183486 0.852991 0.216803
0.833062 0.183714 0.853079 0.217055
0.833101 0.183943 0.853166 0.217307
0.833140 0.184172 0.853254 0.217559
0.833179 0.184400 0.853341 0.217810
0.833219 0.184629 0.853429 0.218062
0.833258 0.184857 0.853517 0.218313
0.833297 0.185085 0.853605 0.218564
0.833337 0.185313 0.853693 0.218815
0.833376 0.185541 0.853781 0.219065
0.833416 0.185769 0.853869 0.219316
0.833456 0.185997 0.853957 0.219566
0.833495 0.186225 0.854046 0.219816
0.833535 0.186452 0.854134 0.220066
0.833575 0.186680 0.854223 0.220315
0.833615 0.186907 0.854311 0.220565
0.833655 0.187134 0.854400 0.220814
0.833695 0.187361 0.854489 0.221063
0.833735 0.187588 0.854578 0.221312
0.833775 0.187815 0.854667 0.221560
0.833816 0.188042 0.854756 0.221809
0.833856 0.188268 0.854845 0.222057
0.833896 0.188495 0.854935 0.222305
0.833937 0.188721 0.855024 0.222553
0.833977 0.188947 0.855114 0.222800
0.834018 0.189173 0.855203 0.223048
0.834059 0.189399 0.855293 0.223295
0.834099 0.189625 0.855383 0.223542
0.834140 0.189851 0.855473 0.223789
0.834181 0.190077 0.855563 0.224035
0.834222 0.190302 0.855653 0.224281
0.834263 0.190528 0.855743 0.224528
0.834304 0.190753 0.855833 0.224774
0.834345 0.190978 0.855923 0.225019
0.834387 0.191203 0.856014 0.225265
0.834428 0.191428 0.856104 0.225510
0.834469 0.191653 0.856195 0.225755
0.834511 0.191878 0.856286 0.226000
0.834552 0.192102 0.856376 0.226245
0.834594 0.192327 0.856467 0.226490
0.834635 0.192551 0.856558 0.226734
0.834677 0.192775 0.856649 0.226978
0.834719 0.192999 0.856740 0.227222
0.834761 0.193224 0.856832 0.227466
0.834802 0.193447 0.856923 0.227709
0.834844 0.193671 0.857014 0.227953
0.834886 0.193895 0.857106 0.228196
0.834929 0.194118 0.857198 0.228439
0.834971 0.194342 0.857289 0.228681
0.835013 0.194565 0.857381 0.228924
0.835055 0.194788 0.857473 0.229166
0.835098 0.195011 0.857565 0.229408
0.835140 0.195234 0.857657 0.229650
0.835183 0.195457 0.857749 0.229892
0.835225 0.195680 0.857841 0.230133
0.835268 0.195902 0.857934 0.230374
0.835311 0.196125 0.858026 0.230615
0.835353 0.196347 0.858119 0.230856
0.835396 0.196569 0.858211 0.231097
0.835439 0.196791 0.858304 0.231337
0.835482 0.197013 0.858397 0.231578
0.835525 0.197235 0.858489 0.231818
0.835568 0.197457 0.858582 0.232057
0.835612 0.197679 0.858675 0.232297
0.835655 0.197900 0.858769 0.232536
0.835698 0.198121 0.858862 0.232776
0.835742 0.198343 0.858955 0.233015
0.835785 0.198564 0.859048 0.233253
0.835829 0.198785 0.859142 0.233492
0.835872 0.199006 0.859236 0.233730
0.835916 0.199227 0.859329 0.233968
0.835960 0.199447 0.859423 0.234206
0.836004 0.199668 0.859517 0.234444
0.836047 0.199888 0.859611 0.234682
0.836091 0.200108 0.859705 0.234919
0.836135 0.200329 0.859799 0.235156
0.836179 0.200549 0.859893 0.235393
0.836224 0.200768 0.859987 0.235630
0.836268 0.200988 0.860082 0.235866
0.836312 0.201208 0.860176 0.236102
0.836357 0.201427 0.860271 0.236338
0.836401 0.201647 0.860365 0.236574
0.836446 0.201866 0.860460 0.236810
0.836490 0.202085 0.860555 0.237045
0.836535 0.202304 0.860649 0.237280
0.836580 0.202523 0.860744 0.237516
0.836624 0.202742 0.860839 0.237750
0.836669 0.202961 0.860935 0.237985
0.836714 0.203179 0.861030 0.238219
0.836759 0.203398 0.861125 0.238453
0.836804 0.203616 0.861221 0.238687
0.836849 0.203834 0.861316 0.238921
0.836895 0.204052 0.861412 0.239155
0.836940 0.204270 0.861507 0.239388
0.836985 0.204488 0.861603 0.239621
0.837031 0.204706 0.861699 0.239854
0.837076 0.204923 0.861795 0.240087
0.837122 0.205141 0.861891 0.240319
0.837167 0.205358 0.861987 0.240551
0.837213 0.205575 0.862083 0.240784
0.837259 0.205792 0.862179 0.241015
0.837305 0.206009 0.862275 0.241247
0.837351 0.206226 0.862372 0.241478
0.837396 0.206443 0.862468 0.241710
0.837443 0.206659 0.862565 0.241941
0.837489 0.206876 0.862662 0.242171
0.837535 0.207092 0.862758 0.242402
0.837581 0.207308 0.862855 0.242632
0.837627 0.207525 0.862952 0.242862
0.837674 0.207740 0.863049 0.243092
0.837720 0.207956 0.863146 0.243322
0.837767 0.208172 0.863243 0.243552
0.837813 0.208388 0.863340 0.243781
0.837860 0.208603 0.863438 0.244010
0.837907 0.208818 0.863535 0.244239
0.837954 0.209033 0.863633 0.244468
0.838001 0.209248 0.863730 0.244696
0.838048 0.209463 0.863828 0.244924
0.838095 0.209678 0.863926 0.245152
0.838142 0.209893 0.864024 0.245380
0.838189 0.210107 0.864121 0.245608
0.838236 0.210322 0.864219 0.245835
0.838284 0.210536 0.864317 0.246062
0.838331 0.210750 0.864416 0.246289
0.838378 0.210964 0.864514 0.246516
0.838426 0.211178 0.864612 0.246742
0.838474 0.211392 0.864711 0.246969
0.838521 0.211606 0.864809 0.247195
0.838569 0.211819 0.864908 0.247421
0.838617 0.212033 0.865006 0.247646
0.838665 0.212246 0.865105 0.247872
0.838713 0.212459 0.865204 0.248097
0.838761 0.212672 0.865303 0.248322
0.838809 0.212885 0.865402 0.248547
0.838857 0.213098 0.865501 0.248771
0.838905 0.213310 0.865600 0.248996
0.838953 0.213523 0.865699 0.249220
0.839002 0.213735 0.865798 0.249444
0.839050 0.213948 0.865898 0.249667
0.839099 0.214160 0.865997 0.249891
0.839147 0.214372 0.866097 0.250114
0.839196 0.214583 0.866196 0.250337
0.839245 0.214795 0.866296 0.250560
0.839294 0.215007 0.866396 0.250783
0.839343 0.215218 0.866496 0.251005
0.839391 0.215430 0.866596 0.251227
0.839441 0.215641 0.866696 0.251449
0.839490 0.215852 0.866796 0.251671
0.839539 0.216063 0.866896 0.251893
0.839588 0.216274 0.866996 0.252114
0.839637 0.216484 0.867097 0.252335
0.839687 0.216695 0.867197 0.252556
0.839736 0.216905 0.867297 0.252777
0.839786 0.217116 0.867398 0.252997
0.839835 0.217326 0.867499 0.253217
0.839885 0.217536 0.867599 0.253438
0.839935 0.217746 0.867700 0.253657
0.839985 0.217956 0.867801 0.253877
0.840034 0.218165 0.867902 0.254096
0.840084 0.218375 0.868003 0.254315
0.840134 0.218584 0.868104 0.254534
0.840185 0.218793 0.868205 0.254753
0.840235 0.219003 0.868307 0.254972
0.840285 0.219212 0.868408 0.255190
0.840335 0.219420 0.868509 0.255408
0.840386 0.219629 0.868611 0.255626
0.840436 0.219838 0.868713 0.255843
0.840487 0.220046 0.868814 0.256061
0.840537 0.220255 0.868916 0.256278
0.840588 0.220463 0.869018 0.256495
0.840639 0.220671 0.869120 0.256712
0.840690 0.220879 0.869222 0.256928
0.840740 0.221087 0.869324 0.257145
0.840791 0.221294 0.869426 0.257361
0.840842 0.221502 0.869528 0.257577
0.840894 0.221709 0.869630 0.257792
0.840945 0.221916 0.869733 0.258008
0.840996 0.222124 0.869835 0.258223
0.841047 0.222331 0.869938 0.258438
0.841099 0.222537 0.870040 0.258653
0.841150 0.222744 0.870143 0.258867
0.841202 0.222951 0.870246 0.259082
0.841253 0.223157 0.870348 0.259296
0.841305 0.223364 0.870451 0.259510
0.841357 0.223570 0.870554 0.259723
0.841409 0.223776 0.870657 0.259937
0.841461 0.223982 0.870760 0.260150
0.841513 0.224188 0.870864 0.260363
0.841565 0.224393 0.870967 0.260576
0.841617 0.224599 0.871070 0.260788
0.841669 0.224804 0.871174 0.261001
0.841721 0.225010 0.871277 0.261213
0.841774 0.225215 0.871381 0.261425
0.841826 0.225420 0.871484 0.261637
0.841879 0.225625 0.871588 0.261848
0.841931 0.225829 0.871692 0.262059
0.841984 0.226034 0.871796 0.262270
0.842036 0.226238 0.871900 0.262481
0.842089 0.226443 0.872004 0.262692
0.842142 0.226647 0.872108 0.262902
0.842195 0.226851 0.872212 0.263112
0.842248 0.227055 0.872316 0.263322
0.842301 0.227259 0.872421 0.263532
0.842354 0.227462 0.872525 0.263741
0.842407 0.227666 0.872629 0.263951
0.842461 0.227869 0.872734 0.264160
0.842514 0.228073 0.872839 0.264369
0.842568 0.228276 0.872943 0.264577
0.842621 0.228479 0.873048 0.264786
0.842675 0.228681 0.873153 0.264994
0.842728 0.228884 0.873258 0.265202
0.842782 0.229087 0.873363 0.265409
0.842836 0.229289 0.873468 0.265617
0.842890 0.229492 0.873573 0.265824
0.842944 0.229694 0.873678 0.266031
0.842998 0.229896 0.873783 0.266238
0.843052 0.230098 0.873889 0.266445
0.843106 0.230299 0.873994 0.266651
0.843160 0.230501 0.874100 0.266857
0.843215 0.230702 0.874205 0.267063
0.843269 0.230904 0.874311 0.267269
0.843323 0.231105 0.874416 0.267474
0.843378 0.231306 0.874522 0.267679
0.843433 0.231507 0.874628 0.267884
0.843487 0.231708 0.874734 0.268089
0.843542 0.231908 0.874840 0.268294
0.843597 0.232109 0.874946 0.268498
0.843652 0.232309 0.875052 0.268702
0.843707 0.232510 0.875158 0.268906
0.843762 0.232710 0.875265 0.269110
0.843817 0.232910 0.875371 0.269313
0.843872 0.233110 0.875477 0.269517
0.843928 0.233309 0.875584 0.269720
0.843983 0.233509 0.875690 0.269923
0.844038 0.233708 0.875797 0.270125
0.844094 0.233907 0.875904 0.270327
0.844149 0.234107 0.876010 0.270530
0.844205 0.234306 0.876117 0.270732
0.844261 0.234504 0.876224 0.270933
0.844317 0.234703 0.876331 0.271135
0.844372 0.234902 0.876438 0.271336
0.844428 0.235100 0.876545 0.271537
0.844484 0.235299 0.876652 0.271738
0.844541 0.235497 0.876760 0.271938
0.844597 0.235695 0.876867 0.272139
0.844653 0.235893 0.876974 0.272339
0.844709 0.236090 0.877082 0.272539
0.844766 0.236288 0.877189 0.272738
0.844822 0.236486 0.877297 0.272938
0.844879 0.236683 0.877405 0.273137
0.844935 0.236880 0.877512 0.273336
0.844992 0.237077 0.877620 0.273535
0.845049 0.237274 0.877728 0.273733
0.845106 0.237471 0.877836 0.273932
0.845162 0.237667 0.877944 0.274130
0.845219 0.237864 0.878052 0.274327
0.845276 0.238060 0.878160 0.274525
0.845334 0.238256 0.878268 0.274723
0.845391 0.238453 0.878377 0.274920
0.845448 0.238649 0.878485 0.275117
0.845505 0.238844 0.878593 0.275313
0.845563 0.239040 0.878702 0.275510
0.845620 0.239235 0.878810 0.275706
0.845678 0.239431 0.878919 0.275902
0.845736 0.239626 0.879028 0.276098
0.845793 0.239821 0.879136 0.276294
0.845851 0.240016 0.879245 0.276489
0.845909 0.240211 0.879354 0.276684
0.845967 0.240406 0.879463 0.276879
0.846025 0.240600 0.879572 0.277074
0.846083 0.240795 0.879681 0.277268
0.846141 0.240989 0.879790 0.277463
0.846200 0.241183 0.879899 0.277657
0.846258 0.241377 0.880009 0.277850
0.846316 0.241571 0.880118 0.278044
0.846375 0.241764 0.880227 0.278237
0.846433 0.241958 0.880337 0.278430
0.846492 0.242151 0.880446 0.278623
0.846551 0.242345 0.880556 0.278816
0.846609 0.242538 0.880666 0.279008
0.846668 0.242731 0.880775 0.279201
0.846727 0.242923 0.880885 0.279393
0.846786 0.243116 0.880995 0.279584
0.846845 0.243309 0.881105 0.279776
0.846904 0.243501 0.881215 0.279967
0.846964 0.243693 0.881325 0.280158
0.847023 0.243885 0.881435 0.280349
0.847082 0.244077 0.881545 0.280540
0.847142 0.244269 0.881656 0.280730
0.847201 0.244461 0.881766 0.280920
0.847261 0.244652 0.881876 0.281110
0.847321 0.244844 0.881987 0.281300
0.847380 0.245035 0.882097 0.281490
0.847440 0.245226 0.882208 0.281679
0.847500 0.245417 0.882319 0.281868
0.847560 0.245608 0.882429 0.282057
0.847620 0.245799 0.882540 0.282245
0.847680 0.245989 0.882651 0.282434
0.847740 0.246180 0.882762 0.282622
0.847801 0.246370 0.882873 0.282810
0.847861 0.246560 0.882984 0.282997
0.847922 0.246750 0.883095 0.283185
0.847982 0.246940 0.883206 0.283372
0.848043 0.247129 0.883317 0.283559
0.848103 0.247319 0.883428 0.283746
0.848164 0.247508 0.883540 0.283932
0.848225 0.247698 0.883651 0.284119
0.848286 0.247887 0.883763 0.284305
0.848347 0.248076 0.883874 0.284491
0.848408 0.248264 0.883986 0.284676
0.848469 0.248453 0.884097 0.284862
0.848530 0.248642 0.884209 0.285047
0.848591 0.248830 0.884321 0.285232
0.848653 0.249018 0.884433 0.285416
0.848714 0.249206 0.884545 0.285601
0.848775 0.249394 0.884657 0.285785
0.848837 0.249582 0.884769 0.285969
0.848899 0.249770 0.884881 0.286153
0.848960 0.249957 0.884993 0.286337
0.849022 0.250145 0.885105 0.286520
0.849084 0.250332 0.885217 0.286703
0.849146 0.250519 0.885330 0.286886
0.849208 0.250706 0.885442 0.287069
0.849270 0.250893 0.885554 0.287251
0.849332 0.251079 0.885667 0.287433
0.849394 0.251266 0.885779 0.287615
0.849457 0.251452 0.885892 0.287797
0.849519 0.251638 0.886005 0.287978
0.849582 0.251824 0.886118 0.288160
0.849644 0.252010 0.886230 0.288341
0.849707 0.252196 0.886343 0.288522
0.849769 0.252382 0.886456 0.288702
0.849832 0.252567 0.886569 0.288883
0.849895 0.252752 0.886682 0.289063
0.849958 0.252937 0.886795 0.289243
0.850021 0.253123 0.886908 0.289422
0.850084 0.253307 0.887022 0.289602
0.850147 0.253492 0.887135 0.289781
0.850210 0.253677 0.887248 0.289960
0.850274 0.253861 0.887362 0.290139
0.850337 0.254045 0.887475 0.290317
0.850401 0.254230 0.887589 0.290496
0.850464 0.254414 0.887702 0.290674
0.850528 0.254597 0.887816 0.290852
0.850591 0.254781 0.887930 0.291029
0.850655 0.254965 0.888043 0.291207
0.850719 0.255148 0.888157 0.291384
0.850783 0.255331 0.888271 0.291561
0.850847 0.255514 0.888385 0.291737
0.850911 0.255697 0.888499 0.291914
0.850975 0.255880 0.888613 0.292090
0.851039 0.256063 0.888727 0.292266
0.851104 0.256245 0.888841 0.292442
0.851168 0.256428 0.888956 0.292618
0.851232 0.256610 0.889070 0.292793
0.851297 0.256792 0.889184 0.292968
0.851361 0.256974 0.889299 0.293143
0.851426 0.257156 0.889413 0.293318
0.851491 0.257337 0.889528 0.293492
0.851556 0.257519 0.889642 0.293666
0.851621 0.257700 0.889757 0.293840
0.851686 0.257881 0.889871 0.294014
0.851751 0.258062 0.889986 0.294187
0.851816 0.258243 0.890101 0.294361
0.851881 0.258424 0.890216 0.294534
0.851946 0.258605 0.890331 0.294706
0.852012 0.258785 0.890446 0.294879
0.852077 0.258965 0.890561 0.295051
0.852143 0.259145 0.890676 0.295224
0.852208 0.259325 0.890791 0.295395
0.852274 0.259505 0.890906 0.295567
0.852340 0.259685 0.891021 0.295739
0.852405 0.259864 0.891137 0.295910
0.852471 0.260044 0.891252 0.296081
0.852537 0.260223 0.891367 0.296251
0.852603 0.260402 0.891483 0.296422
0.852669 0.260581 0.891598 0.296592
0.852736 0.260760 0.891714 0.296762
0.852802 0.260939 0.891830 0.296932
0.852868 0.261117 0.891945 0.297102
0.852935 0.261295 0.892061 0.297271
0.853001 0.261474 0.892177 0.297440
0.853068 0.261652 0.892293 0.297609
0.853134 0.261830 0.892409 0.297778
0.853201 0.262007 0.892524 0.297946
0.853268 0.262185 0.892640 0.298114
0.853335 0.262362 0.892757 0.298282
0.853402 0.262540 0.892873 0.298450
0.853469 0.262717 0.892989 0.298618
0.853536 0.262894 0.893105 0.298785
0.853603 0.263071 0.893221 0.298952
0.853670 0.263247 0.893338 0.299119
0.853738 0.263424 0.893454 0.299285
0.853805 0.263600 0.893571 0.299452
0.853873 0.263776 0.893687 0.299618
0.853940 0.263952 0.893804 0.299784
0.854008 0.264128 0.893920 0.299950
0.854076 0.264304 0.894037 0.300115
0.854143 0.264480 0.894154 0.300280
0.854211 0.264655 0.894270 0.300445
0.854279 0.264831 0.894387 0.300610
0.854347 0.265006 0.894504 0.300775
0.854415 0.265181 0.894621 0.300939
0.854484 0.265356 0.894738 0.301103
0.854552 0.265530 0.894855 0.301267
0.854620 0.265705 0.894972 0.301430
0.854689 0.265879 0.895089 0.301594
0.854757 0.266054 0.895206 0.301757
0.854826 0.266228 0.895323 0.301920
0.854894 0.266402 0.895441 0.302082
0.854963 0.266576 0.895558 0.302245
0.855032 0.266749 0.895675 0.302407
0.855101 0.266923 0.895793 0.302569
0.855170 0.267096 0.895910 0.302731
0.855239 0.267269 0.896028 0.302892
0.855308 0.267442 0.896146 0.303054
0.855377 0.267615 0.896263 0.303215
0.855446 0.267788 0.896381 0.303376
0.855516 0.267960 0.896499 0.303536
0.855585 0.268133 0.896616 0.303697
0.855655 0.268305 0.896734 0.303857
0.855724 0.268477 0.896852 0.304017
0.855794 0.268649 0.896970 0.304176
0.855863 0.268821 0.897088 0.304336
0.855933 0.268993 0.897206 0.304495
0.856003 0.269164 0.897324 0.304654
0.856073 0.269336 0.897442 0.304813
0.856143 0.269507 0.897561 0.304971
0.856213 0.269678 0.897679 0.305130
0.856283 0.269849 0.897797 0.305288
0.856354 0.270020 0.897915 0.305446
0.856424 0.270190 0.898034 0.305603
0.856494 0.270361 0.898152 0.305761
0.856565 0.270531 0.898271 0.305918
0.856635 0.270701 0.898389 0.306075
0.856706 0.270871 0.898508 0.306231
0.856777 0.271041 0.898627 0.306388
0.856848 0.271210 0.898745 0.306544
0.856919 0.271380 0.898864 0.306700
0.856989 0.271549 0.898983 0.306856
0.857061 0.271719 0.899102 0.307011
0.857132 0.271888 0.899220 0.307167
0.857203 0.272056 0.899339 0.307322
0.857274 0.272225 0.899458 0.307477
0.857345 0.272394 0.899577 0.307631
0.857417 0.272562 0.899696 0.307786
0.857488 0.272730 0.899816 0.307940
0.857560 0.272899 0.899935 0.308094
0.857632 0.273067 0.900054 0.308247
0.857703 0.273234 0.900173 0.308401
0.857775 0.273402 0.900293 0.308554
0.857847 0.273570 0.900412 0.308707
0.857919 0.273737 0.900531 0.308860
0.857991 0.273904 0.900651 0.309012
0.858063 0.274071 0.900770 0.309165
0.858135 0.274238 0.900890 0.309317
0.858207 0.274405 0.901009 0.309469
0.858280 0.274571 0.901129 0.309620
0.858352 0.274738 0.901249 0.309772
0.858425 0.274904 0.901369 0.309923
0.858497 0.275070 0.901488 0.310074
0.858570 0.275236 0.901608 0.310224
0.858643 0.275402 0.901728 0.310375
0.858715 0.275567 0.901848 0.310525
0.858788 0.275733 0.901968 0.310675
0.858861 0.275898 0.902088 0.310825
0.858934 0.276063 0.902208 0.310974
0.859007 0.276228 0.902328 0.311124
0.859081 0.276393 0.902448 0.311273
0.859154 0.276558 0.902568 0.311422
0.859227 0.276723 0.902689 0.311570
0.859301 0.276887 0.902809 0.311719
0.859374 0.277051 0.902929 0.311867
0.859448 0.277215 0.903050 0.312015
0.859521 0.277379 0.903170 0.312163
0.859595 0.277543 0.903291 0.312310
0.859669 0.277707 0.903411 0.312457
0.859743 0.277870 0.903532 0.312604
0.859817 0.278033 0.903652 0.312751
0.859891 0.278196 0.903773 0.312898
0.859965 0.278359 0.903894 0.313044
0.860039 0.278522 0.904014 0.313190
0.860113 0.278685 0.904135 0.313336
0.860188 0.278847 0.904256 0.313481
0.860262 0.279010 0.904377 0.313627
0.860337 0.279172 0.904498 0.313772
0.860411 0.279334 0.904619 0.313917
0.860486 0.279496 0.904740 0.314062
0.860561 0.279658 0.904861 0.314206
0.860635 0.279819 0.904982 0.314350
0.860710 0.279981 0.905103 0.314494
0.860785 0.280142 0.905224 0.314638
0.860860 0.280303 0.905345 0.314782
0.860935 0.280464 0.905467 0.314925
0.861011 0.280625 0.905588 0.315068
0.861086 0.280785 0.905709 0.315211
0.861161 0.280946 0.905831 0.315354
0.861237 0.281106 0.905952 0.315496
0.861312 0.281266 0.906073 0.315638
0.861388 0.281426 0.906195 0.315780
0.861463 0.281586 0.906317 0.315922
0.861539 0.281746 0.906438 0.316063
0.861615 0.281905 0.906560 0.316204
0.861691 0.282064 0.906681 0.316345
0.861767 0.282224 0.906803 0.316486
0.861843 0.282383 0.906925 0.316627
0.861919 0.282542 0.907047 0.316767
0.861995 0.282700 0.907169 0.316907
0.862071 0.282859 0.907291 0.317047
0.862148 0.283017 0.907412 0.317187
0.862224 0.283176 0.907534 0.317326
0.862301 0.283334 0.907656 0.317465
0.862377 0.283492 0.907778 0.317604
0.862454 0.283649 0.907901 0.317743
0.862531 0.283807 0.908023 0.317881
0.862607 0.283964 0.908145 0.318020
0.862684 0.284122 0.908267 0.318158
0.862761 0.284279 0.908389 0.318296
0.862838 0.284436 0.908512 0.318433
0.862915 0.284593 0.908634 0.318570
0.862993 0.284749 0.908756 0.318708
0.863070 0.284906 0.908879 0.318844
0.863147 0.285062 0.909001 0.318981
0.863225 0.285218 0.909124 0.319117
0.863302 0.285374 0.909246 0.319254
0.863380 0.285530 0.909369 0.319390
0.863457 0.285686 0.909492 0.319525
0.863535 0.285841 0.909614 0.319661
0.863613 0.285997 0.909737 0.319796
0.863691 0.286152 0.909860 0.319931
0.863769 0.286307 0.909982 0.320066
0.863847 0.286462 0.910105 0.320200
0.863925 0.286617 0.910228 0.320335
0.864003 0.286771 0.910351 0.320469
0.864081 0.286926 0.910474 0.320603
0.864160 0.287080 0.910597 0.320736
0.864238 0.287234 0.910720 0.320870
0.864317 0.287388 0.910843 0.321003
0.864395 0.287542 0.910966 0.321136
0.864474 0.287695 0.911089 0.321269
0.864553 0.287849 0.911212 0.321401
0.864631 0.288002 0.911336 0.321534
0.864710 0.288155 0.911459 0.321666
0.864789 0.288308 0.911582 0.321797
0.864868 0.288461 0.911706 0.321929
0.864947 0.288614 0.911829 0.322060
0.865027 0.288766 0.911952 0.322191
0.865106 0.288918 0.912076 0.322322
0.865185 0.289071 0.912199 0.322453
0.865265 0.289223 0.912323 0.322583
0.865344 0.289374 0.912446 0.322714
0.865424 0.289526 0.912570 0.322844
0.865503 0.289678 0.912693 0.322973
0.865583 0.289829 0.912817 0.323103
0.865663 0.289980 0.912941 0.323232
0.865743 0.290131 0.913065 0.323361
0.865823 0.290282 0.913188 0.323490
0.865903 0.290433 0.913312 0.323619
0.865983 0.290583 0.913436 0.323747
0.866063 0.290734 0.913560 0.323875
0.866143 0.290884 0.913684 0.324003
0.866224 0.291034 0.913808 0.324131
0.866304 0.291184 0.913932 0.324258
0.866385 0.291334 0.914056 0.324386
0.866465 0.291483 0.914180 0.324513
0.866546 0.291633 0.914304 0.324639
0.866627 0.291782 0.914428 0.324766
0.866708 0.291931 0.914552 0.324892
0.866788 0.292080 0.914676 0.325018
0.866869 0.292229 0.914801 0.325144
0.866950 0.292377 0.914925 0.325270
0.867032 0.292526 0.915049 0.325395
0.867113 0.292674 0.915174 0.325520
0.867194 0.292822 0.915298 0.325645
0.867275 0.292970 0.915422 0.325770
0.867357 0.293118 0.915547 0.325894
0.867438 0.293266 0.915671 0.326019
0.867520 0.293413 0.915796 0.326143
0.867602 0.293560 0.915920 0.326266
0.867683 0.293708 0.916045 0.326390
0.867765 0.293855 0.916170 0.326513
0.867847 0.294001 0.916294 0.326637
0.867929 0.294148 0.916419 0.326759
0.868011 0.294295 0.916544 0.326882
0.868093 0.294441 0.916668 0.327004
0.868175 0.294587 0.916793 0.327127
0.868258 0.294733 0.916918 0.327249
0.868340 0.294879 0.917043 0.327370
0.868422 0.295025 0.917168 0.327492
0.868505 0.295170 0.917293 0.327613
0.868587 0.295316 0.917418 0.327734
0.868670 0.295461 0.917543 0.327855
0.868753 0.295606 0.917668 0.327976
0.868836 0.295751 0.917793 0.328096
0.868918 0.295895 0.917918 0.328216
0.869001 0.296040 0.918043 0.328336
0.869084 0.296184 0.918168 0.328456
0.869168 0.296329 0.918293 0.328575
0.869251 0.296473 0.918419 0.328694
0.869334 0.296616 0.918544 0.328813
0.869417 0.296760 0.918669 0.328932
0.869501 0.296904 0.918795 0.329051
0.869584 0.297047 0.918920 0.329169
0.869668 0.297190 0.919045 0.329287
0.869752 0.297333 0.919171 0.329405
0.869835 0.297476 0.919296 0.329523
0.869919 0.297619 0.919422 0.329640
0.870003 0.297762 0.919547 0.329757
0.870087 0.297904 0.919673 0.329874
0.870171 0.298046 0.919798 0.329991
0.870255 0.298188 0.919924 0.330107
0.870339 0.298330 0.920050 0.330224
0.870423 0.298472 0.920175 0.330340
0.870508 0.298614 0.920301 0.330456
0.870592 0.298755 0.920427 0.330571
0.870677 0.298896 0.920553 0.330686
0.870761 0.299037 0.920678 0.330802
0.870846 0.299178 0.920804 0.330916
0.870931 0.299319 0.920930 0.331031
0.871015 0.299460 0.921056 0.331146
0.871100 0.299600 0.921182 0.331260
0.871185 0.299741 0.921308 0.331374
0.871270 0.299881 0.921434 0.331488
0.871355 0.300021 0.921560 0.331601
0.871440 0.300160 0.921686 0.331714
0.871526 0.300300 0.921812 0.331828
0.871611 0.300439 0.921938 0.331940
0.871696 0.300579 0.922064 0.332053
0.871782 0.300718 0.922190 0.332165
0.871867 0.300857 0.922316 0.332278
0.871953 0.300996 0.922443 0.332390
0.872039 0.301134 0.922569 0.332501
0.872125 0.301273 0.922695 0.332613
0.872210 0.301411 0.922822 0.332724
0.872296 0.301549 0.922948 0.332835
0.872382 0.301687 0.923074 0.332946
0.872468 0.301825 0.923201 0.333056
0.872555 0.301962 0.923327 0.333167
0.872641 0.302100 0.923454 0.333277
0.872727 0.302237 0.923580 0.333387
0.872814 0.302374 0.923707 0.333497
0.872900 0.302511 0.923833 0.333606
0.872987 0.302648 0.923960 0.333715
0.873073 0.302785 0.924086 0.333824
0.873160 0.302921 0.924213 0.333933
0.873247 0.303058 0.924340 0.334042
0.873334 0.303194 0.924466 0.334150
0.873420 0.303330 0.924593 0.334258
0.873507 0.303466 0.924720 0.334366
0.873595 0.303601 0.924847 0.334474
0.873682 0.303737 0.924973 0.334581
0.873769 0.303872 0.925100 0.334688
0.873856 0.304007 0.925227 0.334795
0.873944 0.304142 0.925354 0.334902
0.874031 0.304277 0.925481 0.335008
0.874119 0.304412 0.925608 0.335115
0.874206 0.304546 0.925735 0.335221
0.874294 0.304680 0.925862 0.335327
0.874382 0.304814 0.925989 0.335432
0.874469 0.304948 0.926116 0.335538
0.874557 0.305082 0.926243 0.335643
0.874645 0.305216 0.926370 0.335748
0.874733 0.305349 0.926497 0.335852
0.874822 0.305483 0.926624 0.335957
0.874910 0.305616 0.926751 0.336061
0.874998 0.305749 0.926879 0.336165
0.875086 0.305882 0.927006 0.336269
0.875175 0.306014 0.927133 0.336373
0.875263 0.306147 0.927260 0.336476
0.875352 0.306279 0.927388 0.336579
0.875441 0.306411 0.927515 0.336682
0.875529 0.306543 0.927642 0.336785
0.875618 0.306675 0.927770 0.336887
0.875707 0.306807 0.927897 0.336989
0.875796 0.306938 0.928025 0.337091
0.875885 0.307069 0.928152 0.337193
0.875974 0.307201 0.928280 0.337295
0.876063 0.307332 0.928407 0.337396
0.876153 0.307462 0.928535 0.337497
0.876242 0.307593 0.928662 0.337598
0.876331 0.307724 0.928790 0.337699
0.876421 0.307854 0.928917 0.337799
0.876510 0.307984 0.929045 0.337899
0.876600 0.308114 0.929173 0.337999
0.876690 0.308244 0.929300 0.338099
0.876780 0.308373 0.929428 0.338199
0.876869 0.308503 0.929556 0.338298
0.876959 0.308632 0.929684 0.338397
0.877049 0.308761 0.929811 0.338496
0.877139 0.308890 0.929939 0.338595
0.877230 0.309019 0.930067 0.338693
0.877320 0.309148 0.930195 0.338791
0.877410 0.309276 0.930323 0.338889
0.877501 0.309404 0.930451 0.338987
0.877591 0.309533 0.930579 0.339084
0.877682 0.309661 0.930706 0.339182
0.877772 0.309788 0.930834 0.339279
0.877863 0.309916 0.930962 0.339376
0.877954 0.310043 0.931090 0.339472
0.878044 0.310171 0.931219 0.339569
0.878135 0.310298 0.931347 0.339665
0.878226 0.310425 0.931475 0.339761
0.878317 0.310552 0.931603 0.339857
0.878409 0.310678 0.931731 0.339952
0.878500 0.310805 0.931859 0.340047
0.878591 0.310931 0.931987 0.340142
0.878682 0.311057 0.932115 0.340237
0.878774 0.311183 0.932244 0.340332
0.878865 0.311309 0.932372 0.340426
0.878957 0.311434 0.932500 0.340520
0.879049 0.311560 0.932629 0.340614
0.879140 0.311685 0.932757 0.340708
0.879232 0.311810 0.932885 0.340802
0.879324 0.311935 0.933014 0.340895
0.879416 0.312060 0.933142 0.340988
0.879508 0.312184 0.933270 0.341081
0.879600 0.312309 0.933399 0.341173
0.879692 0.312433 0.933527 0.341266
0.879785 0.312557 0.933656 0.341358
0.879877 0.312681 0.933784 0.341450
0.879969 0.312805 0.933913 0.341542
0.880062 0.312928 0.934041 0.341633
0.880154 0.313052 0.934170 0.341724
0.880247 0.313175 0.934298 0.341815
0.880340 0.313298 0.934427 0.341906
0.880433 0.313421 0.934556 0.341997
0.880525 0.313544 0.934684 0.342087
0.880618 0.313666 0.934813 0.342177
0.880711 0.313789 0.934942 0.342267
0.880804 0.313911 0.935070 0.342357
0.880898 0.314033 0.935199 0.342446
0.880991 0.314155 0.935328 0.342536
0.881084 0.314276 0.935456 0.342625
0.881177 0.314398 0.935585 0.342714
0.881271 0.314519 0.935714 0.342802
0.881364 0.314641 0.935843 0.342891
0.881458 0.314762 0.935972 0.342979
0.881552 0.314882 0.936101 0.343067
0.881645 0.315003 0.936229 0.343154
0.881739 0.315124 0.936358 0.343242
0.881833 0.315244 0.936487 0.343329
0.881927 0.315364 0.936616 0.343416
0.882021 0.315484 0.936745 0.343503
0.882115 0.315604 0.936874 0.343590
0.882209 0.315724 0.937003 0.343676
0.882304 0.315843 0.937132 0.343762
0.882398 0.315963 0.937261 0.343848
0.882492 0.316082 0.937390 0.343934
0.882587 0.316201 0.937519 0.344019
0.882681 0.316319 0.937648 0.344105
0.882776 0.316438 0.937777 0.344190
0.882871 0.316557 0.937907 0.344275
0.882966 0.316675 0.938036 0.344359
0.883060 0.316793 0.938165 0.344444
0.883155 0.316911 0.938294 0.344528
0.883250 0.317029 0.938423 0.344612
0.883345 0.317146 0.938553 0.344696
0.883440 0.317264 0.938682 0.344779
0.883536 0.317381 0.938811 0.344862
0.883631 0.317498 0.938940 0.344945
0.883726 0.317615 0.939070 0.345028
0.883822 0.317732 0.939199 0.345111
0.883917 0.317849 0.939328 0.345193
0.884013 0.317965 0.939458 0.345276
0.884109 0.318081 0.939587 0.345358
0.884204 0.318197 0.939716 0.345439
0.884300 0.318313 0.939846 0.345521
0.884396 0.318429 0.939975 0.345602
0.884492 0.318545 0.940105 0.345683
0.884588 0.318660 0.940234 0.345764
0.884684 0.318775 0.940363 0.345845
0.884780 0.318890 0.940493 0.345925
0.884876 0.319005 0.940622 0.346006
0.884973 0.319120 0.940752 0.346086
0.885069 0.319235 0.940881 0.346165
0.885166 0.319349 0.941011 0.346245
0.885262 0.319463 0.941141 0.346324
0.885359 0.319577 0.941270 0.346403
0.885455 0.319691 0.941400 0.346482
0.885552 0.319805 0.941529 0.346561
0.885649 0.319918 0.941659 0.346639
0.885746 0.320032 0.941789 0.346718
0.885843 0.320145 0.941918 0.346796
0.885940 0.320258 0.942048 0.346873
0.886037 0.320371 0.942178 0.346951
0.886134 0.320483 0.942307 0.347028
0.886231 0.320596 0.942437 0.347106
0.886329 0.320708 0.942567 0.347183
0.886426 0.320820 0.942697 0.347259
0.886524 0.320932 0.942826 0.347336
0.886621 0.321044 0.942956 0.347412
0.886719 0.321156 0.943086 0.347488
0.886816 0.321267 0.943216 0.347564
0.886914 0.321379 0.943346 0.347640
0.887012 0.321490 0.943475 0.347715
0.887110 0.321601 0.943605 0.347790
0.887208 0.321711 0.943735 0.347865
0.887306 0.321822 0.943865 0.347940
0.887404 0.321932 0.943995 0.348014
0.887502 0.322043 0.944125 0.348089
0.887601 0.322153 0.944255 0.348163
0.887699 0.322263 0.944385 0.348237
0.887797 0.322372 0.944515 0.348310
0.887896 0.322482 0.944645 0.348384
0.887994 0.322591 0.944775 0.348457
0.888093 0.322701 0.944905 0.348530
0.888192 0.322810 0.945035 0.348603
0.888290 0.322919 0.945165 0.348675
0.888389 0.323027 0.945295 0.348748
0.888488 0.323136 0.945425 0.348820
0.888587 0.323244 0.945555 0.348892
0.888686 0.323352 0.945685 0.348964
0.888785 0.323460 0.945815 0.349035
0.888885 0.323568 0.945945 0.349106
0.888984 0.323676 0.946075 0.349177
0.889083 0.323784 0.946205 0.349248
0.889183 0.323891 0.946336 0.349319
0.889282 0.323998 0.946466 0.349389
0.889382 0.324105 0.946596 0.349460
0.889481 0.324212 0.946726 0.349529
0.889581 0.324318 0.946856 0.349599
0.889681 0.324425 0.946987 0.349669
0.889781 0.324531 0.947117 0.349738
0.889881 0.324637 0.947247 0.349807
0.889981 0.324743 0.947377 0.349876
0.890081 0.324849 0.947508 0.349945
0.890181 0.324955 0.947638 0.350013
0.890281 0.325060 0.947768 0.350082
0.890381 0.325165 0.947898 0.350150
0.890482 0.325271 0.948029 0.350217
0.890582 0.325375 0.948159 0.350285
0.890683 0.325480 0.948289 0.350352
0.890783 0.325585 0.948420 0.350420
0.890884 0.325689 0.948550 0.350486
0.890984 0.325793 0.948680 0.350553
0.891085 0.325897 0.948811 0.350620
0.891186 0.326001 0.948941 0.350686
0.891287 0.326105 0.949072 0.350752
0.891388 0.326209 0.949202 0.350818
0.891489 0.326312 0.949332 0.350884
0.891590 0.326415 0.949463 0.350949
0.891691 0.326518 0.949593 0.351014
0.891793 0.326621 0.949724 0.351079
0.891894 0.326724 0.949854 0.351144
0.891995 0.326826 0.949985 0.351209
0.892097 0.326928 0.950115 0.351273
0.892198 0.327031 0.950246 0.351337
0.892300 0.327133 0.950376 0.351401
0.892402 0.327234 0.950507 0.351465
0.892503 0.327336 0.950637 0.351528
0.892605 0.327437 0.950768 0.351592
0.892707 0.327539 0.950898 0.351655
0.892809 0.327640 0.951029 0.351718
0.892911 0.327741 0.951159 0.351780
0.893013 0.327842 0.951290 0.351843
0.893115 0.327942 0.951421 0.351905
0.893218 0.328043 0.951551 0.351967
0.893320 0.328143 0.951682 0.352029
0.893422 0.328243 0.951812 0.352090
0.893525 0.328343 0.951943 0.352152
0.893627 0.328442 0.952074 0.352213
0.893730 0.328542 0.952204 0.352274
0.893833 0.328641 0.952335 0.352335
0.893935 0.328741 0.952466 0.352395
0.894038 0.328840 0.952596 0.352456
0.894141 0.328938 0.952727 0.352516
0.894244 0.329037 0.952858 0.352576
0.894347 0.329136 0.952988 0.352635
0.894450 0.329234 0.953119 0.352695
0.894553 0.329332 0.953250 0.352754
0.894657 0.329430 0.953381 0.352813
0.894760 0.329528 0.953511 0.352872
0.894863 0.329625 0.953642 0.352930
0.894967 0.329723 0.953773 0.352989
0.895070 0.329820 0.953904 0.353047
0.895174 0.329917 0.954034 0.353105
0.895277 0.330014 0.954165 0.353163
0.895381 0.330111 0.954296 0.353220
0.895485 0.330208 0.954427 0.353278
0.895589 0.330304 0.954558 0.353335
0.895693 0.330400 0.954688 0.353392
0.895797 0.330496 0.954819 0.353448
0.895901 0.330592 0.954950 0.353505
0.896005 0.330688 0.955081 0.353561
0.896109 0.330783 0.955212 0.353617
0.896213 0.330879 0.955342 0.353673
0.896318 0.330974 0.955473 0.353729
0.896422 0.331069 0.955604 0.353784
0.896527 0.331164 0.955735 0.353839
0.896631 0.331258 0.955866 0.353894
0.896736 0.331353 0.955997 0.353949
0.896840 0.331447 0.956128 0.354004
0.896945 0.331541 0.956259 0.354058
0.897050 0.331635 0.956389 0.354112
0.897155 0.331729 0.956520 0.354166
0.897260 0.331823 0.956651 0.354220
0.897365 0.331916 0.956782 0.354273
0.897470 0.332009 0.956913 0.354327
0.897575 0.332103 0.957044 0.354380
0.897680 0.332195 0.957175 0.354433
0.897786 0.332288 0.957306 0.354485
0.897891 0.332381 0.957437 0.354538
0.897997 0.332473 0.957568 0.354590
0.898102 0.332565 0.957699 0.354642
0.898208 0.332657 0.957830 0.354694
0.898313 0.332749 0.957961 0.354745
0.898419 0.332841 0.958092 0.354797
0.898525 0.332932 0.958223 0.354848
0.898631 0.333024 0.958354 0.354899
0.898737 0.333115 0.958485 0.354950
0.898842 0.333206 0.958616 0.355000
0.898949 0.333297 0.958747 0.355051
0.899055 0.333387 0.958878 0.355101
0.899161 0.333478 0.959009 0.355151
0.899267 0.333568 0.959140 0.355201
0.899373 0.333658 0.959271 0.355250
0.899480 0.333748 0.959402 0.355300
0.899586 0.333838 0.959533 0.355349
0.899693 0.333928 0.959664 0.355398
0.899799 0.334017 0.959795 0.355446
0.899906 0.334106 0.959926 0.355495
0.900013 0.334195 0.960057 0.355543
0.900120 0.334284 0.960188 0.355591
0.900226 0.334373 0.960319 0.355639
0.900333 0.334461 0.960450 0.355687
0.900440 0.334550 0.960581 0.355734
0.900547 0.334638 0.960712 0.355781
0.900655 0.334726 0.960843 0.355828
0.900762 0.334814 0.960975 0.355875
0.900869 0.334902 0.961106 0.355922
0.900976 0.334989 0.961237 0.355968
0.901084 0.335076 0.961368 0.356014
0.901191 0.335163 0.961499 0.356060
0.901299 0.335250 0.961630 0.356106
0.901406 0.335337 0.961761 0.356152
0.901514 0.335424 0.961892 0.356197
0.901622 0.335510 0.962023 0.356242
0.901730 0.335596 0.962154 0.356287
0.901837 0.335683 0.962286 0.356332
0.901945 0.335768 0.962417 0.356376
0.902053 0.335854 0.962548 0.356421
0.902161 0.335940 0.962679 0.356465
0.902270 0.336025 0.962810 0.356509
0.902378 0.336110 0.962941 0.356552
0.902486 0.336195 0.963072 0.356596
0.902594 0.336280 0.963203 0.356639
0.902703 0.336365 0.963335 0.356682
0.902811 0.336449 0.963466 0.356725
0.902920 0.336534 0.963597 0.356768
0.903028 0.336618 0.963728 0.356810
0.903137 0.336702 0.963859 0.356852
0.903246 0.336786 0.963990 0.356895
0.903354 0.336869 0.964121 0.356936
0.903463 0.336953 0.964253 0.356978
0.903572 0.337036 0.964384 0.357019
0.903681 0.337119 0.964515 0.357061
0.903790 0.337202 0.964646 0.357102
0.903899 0.337285 0.964777 0.357142
0.904009 0.337367 0.964908 0.357183
0.904118 0.337450 0.965040 0.357223
0.904227 0.337532 0.965171 0.357264
0.904337 0.337614 0.965302 0.357304
0.904446 0.337696 0.965433 0.357343
0.904556 0.337777 0.965564 0.357383
0.904665 0.337859 0.965695 0.357422
0.904775 0.337940 0.965827 0.357461
0.904885 0.338021 0.965958 0.357500
0.904994 0.338102 0.966089 0.357539
0.905104 0.338183 0.966220 0.357578
0.905214 0.338264 0.966351 0.357616
0.905324 0.338344 0.966482 0.357654
0.905434 0.338424 0.966614 0.357692
0.905544 0.338504 0.966745 0.357730
0.905654 0.338584 0.966876 0.357767
0.905765 0.338664 0.967007 0.357805
0.905875 0.338744 0.967138 0.357842
0.905985 0.338823 0.967270 0.357879
0.906096 0.338902 0.967401 0.357915
0.906206 0.338981 0.967532 0.357952
0.906317 0.339060 0.967663 0.357988
0.906427 0.339139 0.967794 0.358024
0.906538 0.339217 0.967925 0.358060
0.906649 0.339296 0.968057 0.358096
0.906760 0.339374 0.968188 0.358131
0.906870 0.339452 0.968319 0.358167
0.906981 0.339530 0.968450 0.358202
0.907092 0.339607 0.968581 0.358237
0.907204 0.339685 0.968712 0.358271
0.907315 0.339762 0.968844 0.358306
0.907426 0.339839 0.968975 0.358340
0.907537 0.339916 0.969106 0.358374
0.907648 0.339993 0.969237 0.358408
0.907760 0.340069 0.969368 0.358441
0.907871 0.340146 0.969500 0.358475
0.907983 0.340222 0.969631 0.358508
0.908094 0.340298 0.969762 0.358541
0.908206 0.340374 0.969893 0.358574
0.908318 0.340449 0.970024 0.358607
0.908430 0.340525 0.970155 0.358639
0.908541 0.340600 0.970287 0.358671
0.908653 0.340675 0.970418 0.358703
0.908765 0.340750 0.970549 0.358735
0.908877 0.340825 0.970680 0.358767
0.908989 0.340900 0.970811 0.358798
0.909102 0.340974 0.970942 0.358829
0.909214 0.341048 0.971073 0.358860
0.909326 0.341122 0.971205 0.358891
0.909438 0.341196 0.971336 0.358922
0.909551 0.341270 0.971467 0.358952
0.909663 0.341344 0.971598 0.358982
0.909776 0.341417 0.971729 0.359012
0.909888 0.341490 0.971860 0.359042
0.910001 0.341563 0.971991 0.359072
0.910114 0.341636 0.972123 0.359101
0.910227 0.341709 0.972254 0.359130
0.910340 0.341781 0.972385 0.359159
0.910452 0.341853 0.972516 0.359188
0.910565 0.341926 0.972647 0.359217
0.910678 0.341997 0.972778 0.359245
0.910792 0.342069 0.972909 0.359273
0.910905 0.342141 0.973040 0.359301
0.911018 0.342212 0.973172 0.359329
0.911131 0.342283 0.973303 0.359357
0.911245 0.342355 0.973434 0.359384
0.911358 0.342425 0.973565 0.359411
0.911472 0.342496 0.973696 0.359438
0.911585 0.342567 0.973827 0.359465
0.911699 0.342637 0.973958 0.359492
0.911812 0.342707 0.974089 0.359518
0.911926 0.342777 0.974220 0.359544
0.912040 0.342847 0.974351 0.359570
0.912154 0.342917 0.974483 0.359596
0.912268 0.342986 0.974614 0.359622
0.912382 0.343055 0.974745 0.359647
0.912496 0.343125 0.974876 0.359672
0.912610 0.343194 0.975007 0.359697
0.912724 0.343262 0.975138 0.359722
0.912838 0.343331 0.975269 0.359747
0.912952 0.343399 0.975400 0.359771
0.913067 0.343467 0.975531 0.359795
0.913181 0.343536 0.975662 0.359819
0.913296 0.343603 0.975793 0.359843
0.913410 0.343671 0.975924 0.359867
0.913525 0.343739 0.976055 0.359890
0.913639 0.343806 0.976186 0.359913
0.913754 0.343873 0.976317 0.359936
0.913869 0.343940 0.976448 0.359959
0.913984 0.344007 0.976579 0.359982
0.914099 0.344074 0.976710 0.360004
0.914214 0.344140 0.976841 0.360026
0.914329 0.344206 0.976972 0.360048
0.914444 0.344272 0.977103 0.360070
0.914559 0.344338 0.977234 0.360092
0.914674 0.344404 0.977365 0.360113
0.914789 0.344470 0.977496 0.360134
0.914905 0.344535 0.977627 0.360155
0.915020 0.344600 0.977758 0.360176
0.915135 0.344665 0.977889 0.360197
0.915251 0.344730 0.978020 0.360217
0.915367 0.344795 0.978151 0.360237
0.915482 0.344859 0.978282 0.360257
0.915598 0.344923 0.978413 0.360277
0.915714 0.344988 0.978544 0.360297
0.915829 0.345052 0.978675 0.360316
0.915945 0.345115 0.978806 0.360336
0.916061 0.345179 0.978936 0.360355
0.916177 0.345242 0.979067 0.360373
0.916293 0.345306 0.979198 0.360392
0.916409 0.345369 0.979329 0.360411
0.916526 0.345432 0.979460 0.360429
0.916642 0.345494 0.979591 0.360447
0.916758 0.345557 0.979722 0.360465
0.916874 0.345619 0.979853 0.360482
0.916991 0.345681 0.979984 0.360500
0.917107 0.345743 0.980114 0.360517
0.917224 0.345805 0.980245 0.360534
0.917340 0.345867 0.980376 0.360551
0.917457 0.345928 0.980507 0.360568
0.917574 0.345990 0.980638 0.360584
0.917690 0.346051 0.980769 0.360601
0.917807 0.346112 0.980899 0.360617
0.917924 0.346172 0.981030 0.360633
0.918041 0.346233 0.981161 0.360648
0.918158 0.346293 0.981292 0.360664
0.918275 0.346354 0.981423 0.360679
0.918392 0.346414 0.981553 0.360694
0.918509 0.346474 0.981684 0.360709
0.918627 0.346533 0.981815 0.360724
0.918744 0.346593 0.981946 0.360739
0.918861 0.346652 0.982076 0.360753
0.918979 0.346711 0.982207 0.360767
0.919096 0.346770 0.982338 0.360781
0.919214 0.346829 0.982468 0.360795
0.919331 0.346888 0.982599 0.360808
0.919449 0.346946 0.982730 0.360822
0.919567 0.347004 0.982861 0.360835
0.919684 0.347062 0.982991 0.360848
0.919802 0.347120 0.983122 0.360861
0.919920 0.347178 0.983253 0.360873
0.920038 0.347236 0.983383 0.360886
0.920156 0.347293 0.983514 0.360898
0.920274 0.347350 0.983645 0.360910
0.920392 0.347407 0.983775 0.360922
0.920510 0.347464 0.983906 0.360933
0.920629 0.347521 0.984036 0.360945
0.920747 0.347577 0.984167 0.360956
0.920865 0.347633 0.984298 0.360967
0.920984 0.347689 0.984428 0.360978
0.921102 0.347745 0.984559 0.360989
0.921221 0.347801 0.984689 0.360999
0.921339 0.347857 0.984820 0.361009
0.921458 0.347912 0.984950 0.361019
0.921577 0.347967 0.985081 0.361029
0.921695 0.348022 0.985212 0.361039
0.921814 0.348077 0.985342 0.361048
0.921933 0.348132 0.985473 0.361058
0.922052 0.348187 0.985603 0.361067
0.922171 0.348241 0.985734 0.361076
0.922290 0.348295 0.985864 0.361085
0.922409 0.348349 0.985995 0.361093
0.922528 0.348403 0.986125 0.361101
0.922647 0.348456 0.986255 0.361110
0.922767 0.348510 0.986386 0.361118
0.922886 0.348563 0.986516 0.361125
0.923005 0.348616 0.986647 0.361133
0.923125 0.348669 0.986777 0.361140
0.923244 0.348722 0.986908 0.361148
0.923364 0.348774 0.987038 0.361155
0.923483 0.348827 0.987168 0.361161
0.923603 0.348879 0.987299 0.361168
0.923723 0.348931 0.987429 0.361174
0.923842 0.348983 0.987559 0.361181
0.923962 0.349034 0.987690 0.361187
0.924082 0.349086 0.987820 0.361193
0.924202 0.349137 0.987950 0.361198
0.924322 0.349188 0.988081 0.361204
0.924442 0.349239 0.988211 0.361209
0.924562 0.349290 0.988341 0.361214
0.924682 0.349341 0.988472 0.361219
0.924802 0.349391 0.988602 0.361224
0.924923 0.349441 0.988732 0.361228
0.925043 0.349491 0.988862 0.361233
0.925163 0.349541 0.988993 0.361237
0.925284 0.349591 0.989123 0.361241
0.925404 0.349640 0.989253 0.361245
0.925525 0.349690 0.989383 0.361248
0.925645 0.349739 0.989513 0.361252
0.925766 0.349788 0.989644 0.361255
0.925887 0.349837 0.989774 0.361258
0.926008 0.349885 0.989904 0.361261
0.926128 0.349934 0.990034 0.361263
0.926249 0.349982 0.990164 0.361266
0.926370 0.350030 0.990294 0.361268
0.926491 0.350078 0.990424 0.361270
0.926612 0.350126 0.990554 0.361272
0.926733 0.350173 0.990685 0.361274
0.926854 0.350221 0.990815 0.361275
0.926976 0.350268 0.990945 0.361276
0.927097 0.350315 0.991075 0.361278
0.927218 0.350362 0.991205 0.361279
0.927340 0.350408 0.991335 0.361279
0.927461 0.350455 0.991465 0.361280
0.927582 0.350501 0.991595 0.361280
0.927704 0.350547 0.991725 0.361280
0.927826 0.350593 0.991855 0.361280
0.927947 0.350639 0.991985 0.361280
0.928069 0.350684 0.992115 0.361280
0.928191 0.350730 0.992245 0.361279
0.928312 0.350775 0.992374 0.361279
0.928434 0.350820 0.992504 0.361278
0.928556 0.350865 0.992634 0.361276
0.928678 0.350910 0.992764 0.361275
0.928800 0.350954 0.992894 0.361274
0.928922 0.350999 0.993024 0.361272
0.929044 0.351043 0.993154 0.361270
0.929166 0.351087 0.993283 0.361268
0.929289 0.351130 0.993413 0.361266
0.929411 0.351174 0.993543 0.361263
0.929533 0.351217 0.993673 0.361261
0.929656 0.351261 0.993803 0.361258
0.929778 0.351304 0.993932 0.361255
0.929900 0.351347 0.994062 0.361252
0.930023 0.351389 0.994192 0.361248
0.930146 0.351432 0.994322 0.361245
0.930268 0.351474 0.994451 0.361241
0.930391 0.351517 0.994581 0.361237
0.930514 0.351559 0.994711 0.361233
0.930637 0.351600 0.994840 0.361229
0.930759 0.351642 0.994970 0.361224
0.930882 0.351683 0.995100 0.361220
0.931005 0.351725 0.995229 0.361215
0.931128 0.351766 0.995359 0.361210
0.931251 0.351807 0.995488 0.361204
0.931374 0.351848 0.995618 0.361199
0.931498 0.351888 0.995747 0.361193
0.931621 0.351928 0.995877 0.361188
0.931744 0.351969 0.996006 0.361182
0.931867 0.352009 0.996136 0.361176
0.931991 0.352049 0.996265 0.361169
0.932114 0.352088 0.996395 0.361163
0.932238 0.352128 0.996524 0.361156
0.932361 0.352167 0.996654 0.361149
0.932485 0.352206 0.996783 0.361142
0.932608 0.352245 0.996913 0.361135
0.932732 0.352284 0.997042 0.361127
0.932856 0.352323 0.997172 0.361120
0.932980 0.352361 0.997301 0.361112
0.933103 0.352399 0.997430 0.361104
0.933227 0.352437 0.997560 0.361096
0.933351 0.352475 0.997689 0.361087
0.933475 0.352513 0.997818 0.361079
0.933599 0.352550 0.997948 0.361070
0.933723 0.352588 0.998077 0.361061
0.933847 0.352625 0.998206 0.361052
0.933972 0.352662 0.998335 0.361043
0.934096 0.352699 0.998465 0.361033
0.934220 0.352735 0.998594 0.361024
0.934345 0.352772 0.998723 0.361014
0.934469 0.352808 0.998852 0.361004
0.934593 0.352844 0.998981 0.360994
0.934718 0.352880 0.999111 0.360983
0.934842 0.352916 0.999240 0.360973
0.934967 0.352951 0.999369 0.360962
0.935092 0.352987 0.999498 0.360951
0.935216 0.353022 0.999627 0.360940
0.935341 0.353057 0.999756 0.360929
0.935466 0.353092 0.999885 0.360917
0.935591 0.353127 1.000014 0.360905
0.935716 0.353161 1.000143 0.360894
0.935841 0.353195 1.000272 0.360882
0.935965 0.353229 1.000401 0.360869
0.936091 0.353263 1.000530 0.360857
0.936216 0.353297 1.000659 0.360844
0.936341 0.353331 1.000788 0.360832
0.936466 0.353364 1.000917 0.360819
0.936591 0.353397 1.001046 0.360806
0.936716 0.353430 1.001175 0.360792
0.936842 0.353463 1.001304 0.360779
0.936967 0.353496 1.001432 0.360765
0.937093 0.353529 1.001561 0.360751
0.937218 0.353561 1.001690 0.360737
0.937344 0.353593 1.001819 0.360723
0.937469 0.353625 1.001948 0.360709
0.937595 0.353657 1.002076 0.360694
0.937720 0.353688 1.002205 0.360680
0.937846 0.353720 1.002334 0.360665
0.937972 0.353751 1.002463 0.360650
0.938098 0.353782 1.002591 0.360634
0.938224 0.353813 1.002720 0.360619
0.938350 0.353844 1.002849 0.360603
0.938476 0.353874 1.002977 0.360587
0.938602 0.353905 1.003106 0.360571
0.938728 0.353935 1.003235 0.360555
0.938854 0.353965 1.003363 0.360539
0.938980 0.353995 1.003492 0.360522
0.939106 0.354024 1.003620 0.360506
0.939232 0.354054 1.003749 0.360489
0.939359 0.354083 1.003877 0.360472
0.939485 0.354112 1.004006 0.360454
0.939611 0.354141 1.004134 0.360437
0.939738 0.354170 1.004263 0.360419
0.939864 0.354199 1.004391 0.360402
0.939991 0.354227 1.004520 0.360384
0.940117 0.354255 1.004648 0.360365
0.940244 0.354283 1.004776 0.360347
0.940371 0.354311 1.004905 0.360329
0.940497 0.354339 1.005033 0.360310
0.940624 0.354366 1.005161 0.360291
0.940751 0.354394 1.005290 0.360272
0.940878 0.354421 1.005418 0.360253
0.941005 0.354448 1.005546 0.360233
0.941132 0.354475 1.005674 0.360214
0.941259 0.354501 1.005803 0.360194
0.941386 0.354528 1.005931 0.360174
0.941513 0.354554 1.006059 0.360154
0.941640 0.354580 1.006187 0.360134
0.941767 0.354606 1.006315 0.360113
0.941894 0.354631 1.006444 0.360093
0.942022 0.354657 1.006572 0.360072
0.942149 0.354682 1.006700 0.360051
0.942276 0.354708 1.006828 0.360030
0.942404 0.354733 1.006956 0.360008
0.942531 0.354757 1.007084 0.359987
0.942659 0.354782 1.007212 0.359965
0.942786 0.354806 1.007340 0.359943
0.942914 0.354831 1.007468 0.359921
0.943042 0.354855 1.007596 0.359899
0.943169 0.354879 1.007724 0.359877
0.943297 0.354903 1.007852 0.359854
0.943425 0.354926 1.007980 0.359831
0.943553 0.354949 1.008107 0.359808
0.943680 0.354973 1.008235 0.359785
0.943808 0.354996 1.008363 0.359762
0.943936 0.355019 1.008491 0.359739
0.944064 0.355041 1.008619 0.359715
0.944192 0.355064 1.008747 0.359691
0.944320 0.355086 1.008874 0.359667
0.944449 0.355108 1.009002 0.359643
0.944577 0.355130 1.009130 0.359619
0.944705 0.355152 1.009257 0.359594
0.944833 0.355174 1.009385 0.359569
0.944962 0.355195 1.009513 0.359544
0.945090 0.355216 1.009640 0.359519
0.945218 0.355237 1.009768 0.359494
0.945347 0.355258 1.009896 0.359469
0.945475 0.355279 1.010023 0.359443
0.945604 0.355299 1.010151 0.359418
0.945732 0.355320 1.010278 0.359392
0.945861 0.355340 1.010406 0.359366
0.945990 0.355360 1.010533 0.359339
0.946118 0.355380 1.010661 0.359313
0.946247 0.355399 1.010788 0.359286
0.946376 0.355419 1.010915 0.359259
0.946505 0.355438 1.011043 0.359233
0.946634 0.355457 1.011170 0.359205
0.946763 0.355476 1.011298 0.359178
0.946892 0.355495 1.011425 0.359151
0.947021 0.355513 1.011552 0.359123
0.947150 0.355532 1.011679 0.359095
0.947279 0.355550 1.011807 0.359067
0.947408 0.355568 1.011934 0.359039
0.947537 0.355586 1.012061 0.359011
0.947666 0.355603 1.012188 0.358982
0.947796 0.355621 1.012316 0.358953
0.947925 0.355638 1.012443 0.358925
0.948054 0.355655 1.012570 0.358895
0.948184 0.355672 1.012697 0.358866
0.948313 0.355689 1.012824 0.358837
0.948443 0.355706 1.012951 0.358807
0.948572 0.355722 1.013078 0.358778
0.948702 0.355738 1.013205 0.358748
0.948831 0.355754 1.013332 0.358718
0.948961 0.355770 1.013459 0.358687
0.949091 0.355786 1.013586 0.358657
0.949220 0.355801 1.013713 0.358626
0.949350 0.355817 1.013840 0.358596
0.949480 0.355832 1.013967 0.358565
0.949610 0.355847 1.014094 0.358534
0.949740 0.355862 1.014220 0.358502
0.949870 0.355876 1.014347 0.358471
0.950000 0.355891 1.014474 0.358439
0.950130 0.355905 1.014601 0.358407
0.950260 0.355919 1.014728 0.358376
0.950390 0.355933 1.014854 0.358343
0.950520 0.355947 1.014981 0.358311
0.950650 0.355960 1.015108 0.358279
0.950780 0.355974 1.015234 0.358246
0.950911 0.355987 1.015361 0.358213
0.951041 0.356000 1.015487 0.358180
0.951171 0.356013 1.015614 0.358147
0.951302 0.356025 1.015741 0.358114
0.951432 0.356038 1.015867 0.358080
0.951563 0.356050 1.015994 0.358047
0.951693 0.356062 1.016120 0.358013
0.951824 0.356074 1.016247 0.357979
0.951954 0.356086 1.016373 0.357944
0.952085 0.356098 1.016499 0.357910
0.952216 0.356109 1.016626 0.357876
0.952346 0.356120 1.016752 0.357841
0.952477 0.356131 1.016879 0.357806
0.952608 0.356142 1.017005 0.357771
0.952739 0.356153 1.017131 0.357736
0.952869 0.356163 1.017257 0.357701
0.953000 0.356174 1.017384 0.357665
0.953131 0.356184 1.017510 0.357629
0.953262 0.356194 1.017636 0.357593
0.953393 0.356204 1.017762 0.357557
0.953524 0.356213 1.017888 0.357521
0.953656 0.356223 1.018015 0.357485
0.953787 0.356232 1.018141 0.357448
0.953918 0.356241 1.018267 0.357412
0.954049 0.356250 1.018393 0.357375
0.954180 0.356259 1.018519 0.357338
0.954312 0.356267 1.018645 0.357300
0.954443 0.356276 1.018771 0.357263
0.954574 0.356284 1.018897 0.357225
0.954706 0.356292 1.019023 0.357188
0.954837 0.356300 1.019148 0.357150
0.954969 0.356307 1.019274 0.357112
0.955100 0.356315 1.019400 0.357074
0.955232 0.356322 1.019526 0.357035
0.955363 0.356329 1.019652 0.356997
0.955495 0.356336 1.019778 0.356958
0.955627 0.356343 1.019903 0.356919
0.955758 0.356350 1.020029 0.356880
0.955890 0.356356 1.020155 0.356841
0.956022 0.356362 1.020280 0.356801
0.956154 0.356368 1.020406 0.356762
0.956286 0.356374 1.020532 0.356722
0.956418 0.356380 1.020657 0.356682
0.956550 0.356385 1.020783 0.356642
0.956682 0.356391 1.020908 0.356602
0.956814 0.356396 1.021034 0.356561
0.956946 0.356401 1.021159 0.356521
0.957078 0.356406 1.021285 0.356480
0.957210 0.356410 1.021410 0.356439
0.957342 0.356415 1.021536 0.356398
0.957474 0.356419 1.021661 0.356357
0.957606 0.356423 1.021786 0.356316
0.957739 0.356427 1.021912 0.356274
0.957871 0.356431 1.022037 0.356232
0.958003 0.356434 1.022162 0.356190
0.958136 0.356438 1.022288 0.356148
0.958268 0.356441 1.022413 0.356106
0.958401 0.356444 1.022538 0.356064
0.958533 0.356447 1.022663 0.356021
0.958666 0.356450 1.022788 0.355978
0.958798 0.356452 1.022914 0.355936
0.958931 0.356454 1.023039 0.355893
0.959063 0.356457 1.023164 0.355849
0.959196 0.356458 1.023289 0.355806
0.959329 0.356460 1.023414 0.355762
0.959462 0.356462 1.023539 0.355719
0.959594 0.356463 1.023664 0.355675
0.959727 0.356465 1.023789 0.355631
0.959860 0.356466 1.023914 0.355587
0.959993 0.356466 1.024038 0.355542
0.960126 0.356467 1.024163 0.355498
0.960259 0.356468 1.024288 0.355453
0.960392 0.356468 1.024413 0.355408
0.960525 0.356468 1.024538 0.355363
0.960658 0.356468 1.024662 0.355318
0.960791 0.356468 1.024787 0.355273
0.960924 0.356468 1.024912 0.355227
0.961057 0.356467 1.025037 0.355181
0.961190 0.356467 1.025161 0.355136
0.961324 0.356466 1.025286 0.355090
0.961457 0.356465 1.025410 0.355043
0.961590 0.356463 1.025535 0.354997
0.961724 0.356462 1.025659 0.354951
0.961857 0.356460 1.025784 0.354904
0.961990 0.356459 1.025908 0.354857
0.962124 0.356457 1.026033 0.354810
0.962257 0.356454 1.026157 0.354763
0.962391 0.356452 1.026282 0.354716
0.962524 0.356450 1.026406 0.354668
0.962658 0.356447 1.026530 0.354621
0.962791 0.356444 1.026655 0.354573
0.962925 0.356441 1.026779 0.354525
0.963059 0.356438 1.026903 0.354477
0.963193 0.356435 1.027027 0.354429
0.963326 0.356431 1.027152 0.354380
0.963460 0.356427 1.027276 0.354332
0.963594 0.356423 1.027400 0.354283
0.963728 0.356419 1.027524 0.354234
0.963862 0.356415 1.027648 0.354185
0.963995 0.356411 1.027772 0.354136
0.964129 0.356406 1.027896 0.354086
0.964263 0.356401 1.028020 0.354037
0.964397 0.356396 1.028144 0.353987
0.964531 0.356391 1.028268 0.353937
0.964665 0.356386 1.028392 0.353887
0.964800 0.356380 1.028516 0.353837
0.964934 0.356374 1.028640 0.353786
0.965068 0.356369 1.028764 0.353736
0.965202 0.356363 1.028887 0.353685
0.965336 0.356356 1.029011 0.353634
0.965470 0.356350 1.029135 0.353583
0.965605 0.356343 1.029259 0.353532
0.965739 0.356337 1.029382 0.353481
0.965873 0.356330 1.029506 0.353429
0.966008 0.356323 1.029630 0.353378
0.966142 0.356315 1.029753 0.353326
0.966277 0.356308 1.029877 0.353274
0.966411 0.356300 1.030000 0.353222
0.966546 0.356292 1.030124 0.353170
0.966680 0.356284 1.030247 0.353117
0.966815 0.356276 1.030371 0.353065
0.966949 0.356268 1.030494 0.353012
0.967084 0.356259 1.030617 0.352959
0.967219 0.356251 1.030741 0.352906
0.967353 0.356242 1.030864 0.352853
0.967488 0.356233 1.030987 0.352799
0.967623 0.356224 1.031111 0.352746
0.967758 0.356214 1.031234 0.352692
0.967892 0.356205 1.031357 0.352638
0.968027 0.356195 1.031480 0.352584
0.968162 0.356185 1.031603 0.352530
0.968297 0.356175 1.031727 0.352475
0.968432 0.356164 1.031850 0.352421
0.968567 0.356154 1.031973 0.352366
0.968702 0.356143 1.032096 0.352311
0.968837 0.356133 1.032219 0.352256
0.968972 0.356122 1.032342 0.352201
0.969107 0.356110 1.032465 0.352146
0.969242 0.356099 1.032587 0.352091
0.969377 0.356087 1.032710 0.352035
0.969512 0.356076 1.032833 0.351979
0.969648 0.356064 1.032956 0.351923
0.969783 0.356052 1.033079 0.351867
0.969918 0.356040 1.033202 0.351811
0.970053 0.356027 1.033324 0.351755
0.970189 0.356015 1.033447 0.351698
0.970324 0.356002 1.033570 0.351641
0.970459 0.355989 1.033692 0.351584
0.970595 0.355976 1.033815 0.351527
0.970730 0.355962 1.033937 0.351470
0.970866 0.355949 1.034060 0.351413
0.971001 0.355935 1.034182 0.351355
0.971137 0.355921 1.034305 0.351298
0.971272 0.355907 1.034427 0.351240
0.971408 0.355893 1.034550 0.351182
0.971543 0.355879 1.034672 0.351124
0.971679 0.355864 1.034795 0.351066
0.971815 0.355850 1.034917 0.351007
0.971950 0.355835 1.035039 0.350949
0.972086 0.355820 1.035161 0.350890
0.972222 0.355804 1.035284 0.350831
0.972358 0.355789 1.035406 0.350772
0.972493 0.355773 1.035528 0.350713
0.972629 0.355758 1.035650 0.350653
0.972765 0.355742 1.035772 0.350594
0.972901 0.355726 1.035894 0.350534
0.973037 0.355709 1.036016 0.350474
0.973173 0.355693 1.036138 0.350414
0.973309 0.355676 1.036260 0.350354
0.973445 0.355659 1.036382 0.350294
0.973581 0.355642 1.036504 0.350233
0.973717 0.355625 1.036626 0.350173
0.973853 0.355608 1.036748 0.350112
0.973989 0.355590 1.036870 0.350051
0.974125 0.355573 1.036991 0.349990
0.974261 0.355555 1.037113 0.349929
0.974397 0.355537 1.037235 0.349868
0.974533 0.355518 1.037357 0.349806
0.974670 0.355500 1.037478 0.349744
0.974806 0.355481 1.037600 0.349683
0.974942 0.355463 1.037721 0.349621
0.975078 0.355444 1.037843 0.349558
0.975215 0.355424 1.037965 0.349496
0.975351 0.355405 1.038086 0.349434
0.975487 0.355386 1.038207 0.349371
0.975624 0.355366 1.038329 0.349308
0.975760 0.355346 1.038450 0.349245
0.975897 0.355326 1.038572 0.349182
0.976033 0.355306 1.038693 0.349119
0.976170 0.355286 1.038814 0.349056
0.976306 0.355265 1.038936 0.348992
0.976443 0.355244 1.039057 0.348929
0.976579 0.355224 1.039178 0.348865
0.976716 0.355202 1.039299 0.348801
0.976853 0.355181 1.039420 0.348737
0.976989 0.355160 1.039541 0.348672
0.977126 0.355138 1.039662 0.348608
0.977263 0.355116 1.039784 0.348543
0.977399 0.355095 1.039905 0.348479
0.977536 0.355072 1.040025 0.348414
0.977673 0.355050 1.040146 0.348349
0.977810 0.355028 1.040267 0.348284
0.977946 0.355005 1.040388 0.348218
0.978083 0.354982 1.040509 0.348153
0.978220 0.354959 1.040630 0.348087
0.978357 0.354936 1.040751 0.348021
0.978494 0.354913 1.040871 0.347955
0.978631 0.354889 1.040992 0.347889
0.978768 0.354865 1.041113 0.347823
0.978905 0.354842 1.041233 0.347757
0.979042 0.354818 1.041354 0.347690
0.979179 0.354793 1.041475 0.347624
0.979316 0.354769 1.041595 0.347557
0.979453 0.354744 1.041716 0.347490
0.979590 0.354720 1.041836 0.347423
0.979727 0.354695 1.041956 0.347355
0.979864 0.354670 1.042077 0.347288
0.980001 0.354644 1.042197 0.347220
0.980138 0.354619 1.042318 0.347152
0.980276 0.354593 1.042438 0.347085
0.980413 0.354567 1.042558 0.347017
0.980550 0.354541 1.042678 0.346948
0.980687 0.354515 1.042799 0.346880
0.980825 0.354489 1.042919 0.346811
0.980962 0.354462 1.043039 0.346743
0.981099 0.354436 1.043159 0.346674
0.981237 0.354409 1.043279 0.346605
0.981374 0.354382 1.043399 0.346536
0.981511 0.354355 1.043519 0.346467
0.981649 0.354327 1.043639 0.346397
0.981786 0.354300 1.043759 0.346328
0.981924 0.354272 1.043879 0.346258
0.982061 0.354244 1.043999 0.346188
0.982199 0.354216 1.044118 0.346118
0.982336 0.354188 1.044238 0.346048
0.982474 0.354159 1.044358 0.345978
0.982611 0.354131 1.044478 0.345907
0.982749 0.354102 1.044597 0.345837
0.982887 0.354073 1.044717 0.345766
0.983024 0.354044 1.044837 0.345695
0.983162 0.354015 1.044956 0.345624
0.983299 0.353985 1.045076 0.345553
0.983437 0.353955 1.045195 0.345482
0.983575 0.353926 1.045315 0.345410
0.983713 0.353896 1.045434 0.345339
0.983850 0.353865 1.045554 0.345267
0.983988 0.353835 1.045673 0.345195
0.984126 0.353805 1.045792 0.345123
0.984264 0.353774 1.045912 0.345051
0.984402 0.353743 1.046031 0.344978
0.984539 0.353712 1.046150 0.344906
0.984677 0.353681 1.046269 0.344833
0.984815 0.353649 1.046388 0.344761
0.984953 0.353618 1.046507 0.344688
0.985091 0.353586 1.046627 0.344615
0.985229 0.353554 1.046746 0.344541
0.985367 0.353522 1.046865 0.344468
0.985505 0.353490 1.046984 0.344394
0.985643 0.353457 1.047103 0.344321
0.985781 0.353425 1.047221 0.344247
0.985919 0.353392 1.047340 0.344173
0.986057 0.353359 1.047459 0.344099
0.986195 0.353326 1.047578 0.344025
0.986333 0.353292 1.047697 0.343950
0.986471 0.353259 1.047815 0.343876
0.986609 0.353225 1.047934 0.343801
0.986747 0.353191 1.048053 0.343726
0.986886 0.353157 1.048171 0.343651
0.987024 0.353123 1.048290 0.343576
0.987162 0.353089 1.048409 0.343501
0.987300 0.353054 1.048527 0.343425
0.987438 0.353019 1.048646 0.343350
0.987577 0.352985 1.048764 0.343274
0.987715 0.352950 1.048882 0.343198
0.987853 0.352914 1.049001 0.343122
0.987992 0.352879 1.049119 0.343046
0.988130 0.352843 1.049237 0.342970
0.988268 0.352808 1.049356 0.342893
0.988407 0.352772 1.049474 0.342817
0.988545 0.352735 1.049592 0.342740
0.988683 0.352699 1.049710 0.342663
0.988822 0.352663 1.049828 0.342586
0.988960 0.352626 1.049946 0.342509
0.989099 0.352589 1.050064 0.342432
0.989237 0.352552 1.050182 0.342354
0.989376 0.352515 1.050300 0.342277
0.989514 0.352478 1.050418 0.342199
0.989653 0.352440 1.050536 0.342121
0.989791 0.352403 1.050654 0.342043
0.989930 0.352365 1.050772 0.341965
0.990068 0.352327 1.050890 0.341887
0.990207 0.352289 1.051007 0.341808
0.990345 0.352250 1.051125 0.341730
0.990484 0.352212 1.051243 0.341651
0.990623 0.352173 1.051360 0.341572
0.990761 0.352134 1.051478 0.341493
0.990900 0.352095 1.051596 0.341414
0.991038 0.352056 1.051713 0.341335
0.991177 0.352016 1.051831 0.341255
0.991316 0.351977 1.051948 0.341176
0.991455 0.351937 1.052065 0.341096
0.991593 0.351897 1.052183 0.341016
0.991732 0.351857 1.052300 0.340936
0.991871 0.351817 1.052417 0.340856
0.992009 0.351776 1.052535 0.340776
0.992148 0.351736 1.052652 0.340695
0.992287 0.351695 1.052769 0.340615
0.992426 0.351654 1.052886 0.340534
0.992565 0.351613 1.053003 0.340453
0.992704 0.351572 1.053120 0.340372
0.992842 0.351530 1.053238 0.340291
0.992981 0.351488 1.053355 0.340210
0.993120 0.351447 1.053471 0.340128
0.993259 0.351405 1.053588 0.340047
0.993398 0.351362 1.053705 0.339965
0.993537 0.351320 1.053822 0.339883
0.993676 0.351277 1.053939 0.339801
0.993815 0.351235 1.054056 0.339719
0.993954 0.351192 1.054172 0.339637
0.994093 0.351149 1.054289 0.339554
0.994232 0.351106 1.054406 0.339472
0.994371 0.351062 1.054522 0.339389
0.994510 0.351019 1.054639 0.339306
0.994649 0.350975 1.054756 0.339223
0.994788 0.350931 1.054872 0.339140
0.994927 0.350887 1.054989 0.339057
0.995066 0.350843 1.055105 0.338974
0.995205 0.350798 1.055221 0.338890
0.995344 0.350754 1.055338 0.338806
0.995483 0.350709 1.055454 0.338723
0.995622 0.350664 1.055570 0.338639
0.995761 0.350619 1.055687 0.338555
0.995900 0.350574 1.055803 0.338470
0.996040 0.350528 1.055919 0.338386
0.996179 0.350483 1.056035 0.338301
0.996318 0.350437 1.056151 0.338217
0.996457 0.350391 1.056267 0.338132
0.996596 0.350345 1.056383 0.338047
0.996735 0.350298 1.056499 0.337962
0.996875 0.350252 1.056615 0.337877
0.997014 0.350205 1.056731 0.337792
0.997153 0.350158 1.056847 0.337706
0.997292 0.350111 1.056963 0.337620
0.997432 0.350064 1.057078 0.337535
0.997571 0.350017 1.057194 0.337449
0.997710 0.349969 1.057310 0.337363
0.997849 0.349922 1.057425 0.337277
0.997989 0.349874 1.057541 0.337190
0.998128 0.349826 1.057657 0.337104
0.998267 0.349777 1.057772 0.337017
0.998407 0.349729 1.057888 0.336931
0.998546 0.349680 1.058003 0.336844
0.998685 0.349632 1.058119 0.336757
0.998825 0.349583 1.058234 0.336670
0.998964 0.349534 1.058349 0.336582
0.999104 0.349484 1.058465 0.336495
0.999243 0.349435 1.058580 0.336407
0.999382 0.349385 1.058695 0.336320
0.999522 0.349336 1.058810 0.336232
0.999661 0.349286 1.058925 0.336144
0.999801 0.349236 1.059041 0.336056
0.999940 0.349185 1.059156 0.335968
1.000080 0.349135 1.059271 0.335879
1.000219 0.349084 1.059386 0.335791
1.000358 0.349034 1.059501 0.335702
1.000498 0.348983 1.059615 0.335613
1.000637 0.348931 1.059730 0.335524
1.000777 0.348880 1.059845 0.335435
1.000916 0.348829 1.059960 0.335346
1.001056 0.348777 1.060075 0.335257
1.001195 0.348725 1.060189 0.335167
1.001335 0.348673 1.060304 0.335078
1.001474 0.348621 1.060419 0.334988
1.001614 0.348569 1.060533 0.334898
1.001754 0.348516 1.060648 0.334808
1.001893 0.348464 1.060762 0.334718
1.002033 0.348411 1.060877 0.334628
1.002172 0.348358 1.060991 0.334537
1.002312 0.348305 1.061106 0.334447
1.002451 0.348251 1.061220 0.334356
1.002591 0.348198 1.061334 0.334265
1.002731 0.348144 1.061449 0.334175
1.002870 0.348090 1.061563 0.334083
1.003010 0.348036 1.061677 0.333992
1.003150 0.347982 1.061791 0.333901
1.003289 0.347927 1.061905 0.333809
1.003429 0.347873 1.062019 0.333718
1.003568 0.347818 1.062133 0.333626
1.003708 0.347763 1.062247 0.333534
1.003848 0.347708 1.062361 0.333442
1.003987 0.347653 1.062475 0.333350
1.004127 0.347598 1.062589 0.333258
1.004267 0.347542 1.062703 0.333165
1.004406 0.347486 1.062817 0.333073
1.004546 0.347430 1.062930 0.332980
1.004686 0.347374 1.063044 0.332887
1.004826 0.347318 1.063158 0.332794
1.004965 0.347262 1.063271 0.332701
1.005105 0.347205 1.063385 0.332608
1.005245 0.347148 1.063498 0.332515
1.005384 0.347091 1.063612 0.332421
1.005524 0.347034 1.063725 0.332328
1.005664 0.346977 1.063839 0.332234
1.005804 0.346919 1.063952 0.332140
1.005943 0.346862 1.064065 0.332046
1.006083 0.346804 1.064179 0.331952
1.006223 0.346746 1.064292 0.331858
1.006363 0.346688 1.064405 0.331763
1.006502 0.346630 1.064518 0.331669
1.006642 0.346571 1.064631 0.331574
1.006782 0.346513 1.064745 0.331479
1.006922 0.346454 1.064858 0.331384
1.007062 0.346395 1.064971 0.331289
1.007201 0.346336 1.065084 0.331194
1.007341 0.346276 1.065196 0.331099
1.007481 0.346217 1.065309 0.331003
1.007621 0.346157 1.065422 0.330907
1.007761 0.346097 1.065535 0.330812
1.007900 0.346037 1.065648 0.330716
1.008040 0.345977 1.065760 0.330620
1.008180 0.345917 1.065873 0.330524
1.008320 0.345856 1.065986 0.330427
1.008460 0.345796 1.066098 0.330331
1.008600 0.345735 1.066211 0.330235
1.008739 0.345674 1.066323 0.330138
1.008879 0.345613 1.066436 0.330041
1.009019 0.345551 1.066548 0.329944
1.009159 0.345490 1.066661 0.329847
1.009299 0.345428 1.066773 0.329750
1.009439 0.345366 1.066885 0.329653
1.009578 0.345304 1.066997 0.329555
1.009718 0.345242 1.067110 0.329458
1.009858 0.345180 1.067222 0.329360
1.009998 0.345117 1.067334 0.329262
1.010138 0.345054 1.067446 0.329164
1.010278 0.344991 1.067558 0.329066
1.010418 0.344928 1.067670 0.328968
1.010558 0.344865 1.067782 0.328870
1.010697 0.344802 1.067894 0.328771
1.010837 0.344738 1.068006 0.328672
1.010977 0.344675 1.068118 0.328574
1.011117 0.344611 1.068229 0.328475
1.011257 0.344547 1.068341 0.328376
1.011397 0.344482 1.068453 0.328277
1.011537 0.344418 1.068565 0.328178
1.011677 0.344353 1.068676 0.328078
1.011816 0.344289 1.068788 0.327979
1.011956 0.344224 1.068899 0.327879
1.012096 0.344159 1.069011 0.327779
1.012236 0.344093 1.069122 0.327679
1.012376 0.344028 1.069234 0.327579
1.012516 0.343962 1.069345 0.327479
1.012656 0.343897 1.069456 0.327379
1.012796 0.343831 1.069567 0.327278
1.012936 0.343765 1.069679 0.327178
1.013075 0.343699 1.069790 0.327077
1.013215 0.343632 1.069901 0.326976
1.013355 0.343566 1.070012 0.326876
1.013495 0.343499 1.070123 0.326775
1.013635 0.343432 1.070234 0.326673
1.013775 0.343365 1.070345 0.326572
1.013915 0.343297 1.070456 0.326471
1.014055 0.343230 1.070567 0.326369
1.014195 0.343162 1.070678 0.326267
1.014334 0.343095 1.070789 0.326166
1.014474 0.343027 1.070899 0.326064
1.014614 0.342959 1.071010 0.325962
1.014754 0.342890 1.071121 0.325859
1.014894 0.342822 1.071231 0.325757
1.015034 0.342753 1.071342 0.325655
1.015174 0.342685 1.071453 0.325552
1.015314 0.342616 1.071563 0.325449
1.015454 0.342547 1.071673 0.325346
1.015593 0.342477 1.071784 0.325244
1.015733 0.342408 1.071894 0.325140
1.015873 0.342338 1.072005 0.325037
1.016013 0.342269 1.072115 0.324934
1.016153 0.342199 1.072225 0.324830
1.016293 0.342128 1.072335 0.324727
1.016433 0.342058 1.072445 0.324623
1.016573 0.341988 1.072556 0.324519
1.016712 0.341917 1.072666 0.324415
1.016852 0.341846 1.072776 0.324311
1.016992 0.341775 1.072886 0.324207
1.017132 0.341704 1.072995 0.324103
1.017272 0.341633 1.073105 0.323998
1.017412 0.341562 1.073215 0.323894
1.017552 0.341490 1.073325 0.323789
1.017691 0.341418 1.073435 0.323684
1.017831 0.341346 1.073544 0.323579
1.017971 0.341274 1.073654 0.323474
1.018111 0.341202 1.073764 0.323369
1.018251 0.341129 1.073873 0.323263
1.018391 0.341057 1.073983 0.323158
1.018530 0.340984 1.074092 0.323052
1.018670 0.340911 1.074202 0.322947
1.018810 0.340838 1.074311 0.322841
1.018950 0.340765 1.074421 0.322735
1.019090 0.340691 1.074530 0.322629
1.019230 0.340618 1.074639 0.322523
1.019369 0.340544 1.074748 0.322416
1.019509 0.340470 1.074858 0.322310
1.019649 0.340396 1.074967 0.322203
1.019789 0.340322 1.075076 0.322096
1.019929 0.340247 1.075185 0.321990
1.020068 0.340172 1.075294 0.321883
1.020208 0.340098 1.075403 0.321776
1.020348 0.340023 1.075512 0.321668
1.020488 0.339948 1.075621 0.321561
1.020627 0.339872 1.075729 0.321454
1.020767 0.339797 1.075838 0.321346
1.020907 0.339721 1.075947 0.321238
1.021047 0.339646 1.076056 0.321130
1.021186 0.339570 1.076164 0.321023
1.021326 0.339494 1.076273 0.320914
1.021466 0.339417 1.076381 0.320806
1.021606 0.339341 1.076490 0.320698
1.021745 0.339264 1.076598 0.320590
1.021885 0.339187 1.076707 0.320481
1.022025 0.339111 1.076815 0.320372
1.022165 0.339033 1.076923 0.320263
1.022304 0.338956 1.077032 0.320155
1.022444 0.338879 1.077140 0.320045
1.022584 0.338801 1.077248 0.319936
1.022723 0.338723 1.077356 0.319827
1.022863 0.338645 1.077464 0.319718
1.023003 0.338567 1.077572 0.319608
1.023142 0.338489 1.077680 0.319498
1.023282 0.338411 1.077788 0.319389
1.023422 0.338332 1.077896 0.319279
1.023561 0.338253 1.078004 0.319169
1.023701 0.338174 1.078112 0.319059
1.023841 0.338095 1.078220 0.318948
1.023980 0.338016 1.078328 0.318838
1.024120 0.337937 1.078435 0.318727
1.024259 0.337857 1.078543 0.318617
1.024399 0.337777 1.078651 0.318506
1.024539 0.337697 1.078758 0.318395
1.024678 0.337617 1.078866 0.318284
1.024818 0.337537 1.078973 0.318173
1.024957 0.337457 1.079080 0.318062
1.025097 0.337376 1.079188 0.317950
1.025237 0.337295 1.079295 0.317839
1.025376 0.337215 1.079402 0.317727
1.025516 0.337133 1.079510 0.317616
1.025655 0.337052 1.079617 0.317504
1.025795 0.336971 1.079724 0.317392
1.025934 0.336889 1.079831 0.317280
1.026074 0.336808 1.079938 0.317168
1.026213 0.336726 1.080045 0.317055
1.026353 0.336644 1.080152 0.316943
1.026492 0.336561 1.080259 0.316830
1.026632 0.336479 1.080366 0.316718
1.026771 0.336397 1.080473 0.316605
1.026911 0.336314 1.080580 0.316492
1.027050 0.336231 1.080686 0.316379
1.027189 0.336148 1.080793 0.316266
1.027329 0.336065 1.080900 0.316153
1.027468 0.335981 1.081006 0.316039
1.027608 0.335898 1.081113 0.315926
1.027747 0.335814 1.081219 0.315812
1.027886 0.335730 1.081326 0.315698
1.028026 0.335646 1.081432 0.315584
1.028165 0.335562 1.081539 0.315470
1.028305 0.335478 1.081645 0.315356
1.028444 0.335393 1.081751 0.315242
1.028583 0.335309 1.081857 0.315128
1.028723 0.335224 1.081964 0.315013
1.028862 0.335139 1.082070 0.314899
1.029001 0.335054 1.082176 0.314784
1.029141 0.334968 1.082282 0.314669
1.029280 0.334883 1.082388 0.314554
1.029419 0.334797 1.082494 0.314439
1.029558 0.334711 1.082600 0.314324
1.029698 0.334625 1.082706 0.314209
1.029837 0.334539 1.082811 0.314093
1.029976 0.334453 1.082917 0.313978
1.030115 0.334366 1.083023 0.313862
1.030254 0.334280 1.083128 0.313746
1.030394 0.334193 1.083234 0.313631
1.030533 0.334106 1.083340 0.313515
1.030672 0.334019 1.083445 0.313398
1.030811 0.333932 1.083551 0.313282
1.030950 0.333844 1.083656 0.313166
1.031089 0.333757 1.083761 0.313049
1.031229 0.333669 1.083867 0.312933
1.031368 0.333581 1.083972 0.312816
1.031507 0.333493 1.084077 0.312699
1.031646 0.333405 1.084183 0.312582
1.031785 0.333316 1.084288 0.312465
1.031924 0.333228 1.084393 0.312348
1.032063 0.333139 1.084498 0.312231
1.032202 0.333050 1.084603 0.312114
1.032341 0.332961 1.084708 0.311996
1.032480 0.332872 1.084813 0.311879
1.032619 0.332782 1.084918 0.311761
1.032758 0.332693 1.085022 0.311643
1.032897 0.332603 1.085127 0.311525
1.033036 0.332513 1.085232 0.311407
1.033175 0.332423 1.085337 0.311289
1.033314 0.332333 1.085441 0.311170
1.033453 0.332242 1.085546 0.311052
1.033592 0.332152 1.085650 0.310933
1.033731 0.332061 1.085755 0.310815
1.033870 0.331970 1.085859 0.310696
1.034008 0.331879 1.085964 0.310577
1.034147 0.331788 1.086068 0.310458
1.034286 0.331697 1.086172 0.310339
1.034425 0.331605 1.086277 0.310220
1.034564 0.331514 1.086381 0.310100
1.034702 0.331422 1.086485 0.309981
1.034841 0.331330 1.086589 0.309861
1.034980 0.331238 1.086693 0.309742
1.035119 0.331145 1.086797 0.309622
1.035257 0.331053 1.086901 0.309502
1.035396 0.330960 1.087005 0.309382
1.035535 0.330868 1.087109 0.309262
1.035674 0.330775 1.087213 0.309141
1.035812 0.330682 1.087317 0.309021
1.035951 0.330588 1.087420 0.308901
1.036090 0.330495 1.087524 0.308780
1.036228 0.330401 1.087628 0.308659
1.036367 0.330307 1.087731 0.308538
1.036505 0.330214 1.087835 0.308418
1.036644 0.330119 1.087938 0.308296
1.036782 0.330025 1.088042 0.308175
1.036921 0.329931 1.088145 0.308054
1.037060 0.329836 1.088248 0.307933
1.037198 0.329742 1.088352 0.307811
1.037337 0.329647 1.088455 0.307689
1.037475 0.329552 1.088558 0.307568
1.037614 0.329456 1.088661 0.307446
1.037752 0.329361 1.088764 0.307324
1.037890 0.329266 1.088867 0.307202
1.038029 0.329170 1.088970 0.307080
1.038167 0.329074 1.089073 0.306957
1.038306 0.328978 1.089176 0.306835
1.038444 0.328882 1.089279 0.306712
1.038582 0.328786 1.089382 0.306590
1.038721 0.328689 1.089485 0.306467
1.038859 0.328592 1.089587 0.306344
1.038997 0.328496 1.089690 0.306221
1.039135 0.328399 1.089793 0.306098
1.039274 0.328302 1.089895 0.305975
1.039412 0.328204 1.089998 0.305852
1.039550 0.328107 1.090100 0.305728
1.039688 0.328009 1.090203 0.305605
1.039827 0.327911 1.090305 0.305481
1.039965 0.327813 1.090407 0.305357
1.040103 0.327715 1.090510 0.305233
1.040241 0.327617 1.090612 0.305109
1.040379 0.327519 1.090714 0.304985
1.040517 0.327420 1.090816 0.304861
1.040655 0.327321 1.090918 0.304737
1.040793 0.327223 1.091020 0.304612
1.040931 0.327124 1.091122 0.304488
1.041069 0.327024 1.091224 0.304363
1.041207 0.326925 1.091326 0.304239
1.041345 0.326826 1.091428 0.304114
1.041483 0.326726 1.091530 0.303989
1.041621 0.326626 1.091632 0.303864
1.041759 0.326526 1.091733 0.303738
1.041897 0.326426 1.091835 0.303613
1.042035 0.326326 1.091936 0.303488
1.042173 0.326225 1.092038 0.303362
1.042311 0.326124 1.092140 0.303237
1.042448 0.326024 1.092241 0.303111
1.042586 0.325923 1.092342 0.302985
1.042724 0.325822 1.092444 0.302859
1.042862 0.325720 1.092545 0.302733
1.043000 0.325619 1.092646 0.302607
1.043137 0.325517 1.092747 0.302480
1.043275 0.325416 1.092849 0.302354
1.043413 0.325314 1.092950 0.302227
1.043550 0.325212 1.093051 0.302101
1.043688 0.325109 1.093152 0.301974
1.043826 0.325007 1.093253 0.301847
1.043963 0.324905 1.093354 0.301720
1.044101 0.324802 1.093454 0.301593
1.044238 0.324699 1.093555 0.301466
1.044376 0.324596 1.093656 0.301339
1.044513 0.324493 1.093757 0.301211
1.044651 0.324390 1.093857 0.301084
1.044788 0.324286 1.093958 0.300956
1.044926 0.324182 1.094059 0.300829
1.045063 0.324079 1.094159 0.300701
1.045201 0.323975 1.094260 0.300573
1.045338 0.323871 1.094360 0.300445
1.045475 0.323766 1.094460 0.300317
1.045613 0.323662 1.094561 0.300189
1.045750 0.323557 1.094661 0.300060
1.045887 0.323453 1.094761 0.299932
1.046025 0.323348 1.094861 0.299803
1.046162 0.323243 1.094961 0.299674
1.046299 0.323137 1.095061 0.299546
1.046436 0.323032 1.095161 0.299417
1.046573 0.322927 1.095261 0.299288
1.046711 0.322821 1.095361 0.299159
1.046848 0.322715 1.095461 0.299029
1.046985 0.322609 1.095561 0.298900
1.047122 0.322503 1.095661 0.298771
1.047259 0.322397 1.095760 0.298641
1.047396 0.322290 1.095860 0.298512
1.047533 0.322183 1.095960 0.298382
1.047670 0.322077 1.096059 0.298252
1.047807 0.321970 1.096159 0.298122
1.047944 0.321863 1.096258 0.297992
1.048081 0.321755 1.096358 0.297862
1.048218 0.321648 1.096457 0.297731
1.048355 0.321540 1.096556 0.297601
1.048491 0.321433 1.096656 0.297471
1.048628 0.321325 1.096755 0.297340
1.048765 0.321217 1.096854 0.297209
1.048902 0.321109 1.096953 0.297078
1.049039 0.321000 1.097052 0.296947
1.049175 0.320892 1.097151 0.296816
1.049312 0.320783 1.097250 0.296685
1.049449 0.320674 1.097349 0.296554
1.049585 0.320565 1.097448 0.296423
1.049722 0.320456 1.097547 0.296291
1.049859 0.320347 1.097645 0.296160
1.049995 0.320238 1.097744 0.296028
1.050132 0.320128 1.097843 0.295896
1.050268 0.320018 1.097941 0.295764
1.050405 0.319908 1.098040 0.295632
1.050541 0.319798 1.098138 0.295500
1.050678 0.319688 1.098237 0.295368
1.050814 0.319578 1.098335 0.295236
1.050950 0.319467 1.098434 0.295104
1.051087 0.319357 1.098532 0.294971
1.051223 0.319246 1.098630 0.294838
1.051360 0.319135 1.098728 0.294706
1.051496 0.319024 1.098826 0.294573
1.051632 0.318912 1.098925 0.294440
1.051768 0.318801 1.099023 0.294307
1.051905 0.318689 1.099121 0.294174
1.052041 0.318577 1.099218 0.294041
1.052177 0.318466 1.099316 0.293907
1.052313 0.318353 1.099414 0.293774
1.052449 0.318241 1.099512 0.293640
1.052585 0.318129 1.099610 0.293507
1.052721 0.318016 1.099707 0.293373
1.052857 0.317904 1.099805 0.293239
1.052993 0.317791 1.099903 0.293105
1.053129 0.317678 1.100000 0.292971
1.053265 0.317565 1.100098 0.292837
1.053401 0.317451 1.100195 0.292703
1.053537 0.317338 1.100292 0.292568
1.053673 0.317224 1.100390 0.292434
1.053809 0.317111 1.100487 0.292299
1.053944 0.316997 1.100584 0.292165
1.054080 0.316883 1.100681 0.292030
1.054216 0.316768 1.100779 0.291895
1.054352 0.316654 1.100876 0.291760
1.054487 0.316539 1.100973 0.291625
1.054623 0.316425 1.101070 0.291490
1.054759 0.316310 1.101167 0.291354
1.054894 0.316195 1.101263 0.291219
1.055030 0.316080 1.101360 0.291083
1.055165 0.315964 1.101457 0.290948
1.055301 0.315849 1.101554 0.290812
1.055436 0.315733 1.101650 0.290676
1.055572 0.315618 1.101747 0.290540
1.055707 0.315502 1.101844 0.290404
1.055843 0.315386 1.101940 0.290268
1.055978 0.315269 1.102037 0.290132
1.056113 0.315153 1.102133 0.289996
1.056249 0.315036 1.102229 0.289859
1.056384 0.314920 1.102326 0.289723
1.056519 0.314803 1.102422 0.289586
1.056655 0.314686 1.102518 0.289450
1.056790 0.314569 1.102614 0.289313
1.056925 0.314451 1.102710 0.289176
1.057060 0.314334 1.102806 0.289039
1.057195 0.314216 1.102902 0.288902
1.057330 0.314099 1.102998 0.288764
1.057465 0.313981 1.103094 0.288627
1.057600 0.313863 1.103190 0.288490
1.057735 0.313745 1.103286 0.288352
1.057870 0.313626 1.103381 0.288215
1.058005 0.313508 1.103477 0.288077
1.058140 0.313389 1.103573 0.287939
1.058275 0.313270 1.103668 0.287801
1.058410 0.313151 1.103764 0.287663
1.058544 0.313032 1.103859 0.287525
1.058679 0.312913 1.103955 0.287387
1.058814 0.312793 1.104050 0.287248
1.058949 0.312674 1.104145 0.287110
1.059083 0.312554 1.104241 0.286971
1.059218 0.312434 1.104336 0.286833
1.059353 0.312314 1.104431 0.286694
1.059487 0.312194 1.104526 0.286555
1.059622 0.312074 1.104621 0.286416
1.059756 0.311953 1.104716 0.286277
1.059891 0.311832 1.104811 0.286138
1.060025 0.311712 1.104906 0.285999
1.060160 0.311591 1.105001 0.285860
1.060294 0.311470 1.105096 0.285720
1.060428 0.311348 1.105190 0.285581
1.060563 0.311227 1.105285 0.285441
1.060697 0.311105 1.105380 0.285301
1.060831 0.310984 1.105474 0.285162
1.060965 0.310862 1.105569 0.285022
1.061099 0.310740 1.105663 0.284882
1.061234 0.310618 1.105758 0.284742
1.061368 0.310495 1.105852 0.284601
1.061502 0.310373 1.105946 0.284461
1.061636 0.310250 1.106041 0.284321
1.061770 0.310128 1.106135 0.284180
1.061904 0.310005 1.106229 0.284039
1.062038 0.309882 1.106323 0.283899
1.062172 0.309758 1.106417 0.283758
1.062306 0.309635 1.106511 0.283617
1.062439 0.309512 1.106605 0.283476
1.062573 0.309388 1.106699 0.283335
1.062707 0.309264 1.106793 0.283194
1.062841 0.309140 1.106887 0.283052
1.062974 0.309016 1.106980 0.282911
1.063108 0.308892 1.107074 0.282770
1.063242 0.308767 1.107168 0.282628
1.063375 0.308643 1.107261 0.282486
1.063509 0.308518 1.107355 0.282345
1.063643 0.308393 1.107448 0.282203
1.063776 0.308268 1.107542 0.282061
1.063909 0.308143 1.107635 0.281919
1.064043 0.308018 1.107728 0.281777
1.064176 0.307892 1.107822 0.281634
1.064310 0.307767 1.107915 0.281492
1.064443 0.307641 1.108008 0.281349
1.064576 0.307515 1.108101 0.281207
1.064710 0.307389 1.108194 0.281064
1.064843 0.307263 1.108287 0.280921
1.064976 0.307136 1.108380 0.280779
1.065109 0.307010 1.108473 0.280636
1.065242 0.306883 1.108566 0.280493
1.065375 0.306757 1.108659 0.280350
1.065508 0.306630 1.108751 0.280206
1.065641 0.306502 1.108844 0.280063
1.065774 0.306375 1.108937 0.279920
1.065907 0.306248 1.109029 0.279776
1.066040 0.306120 1.109122 0.279632
1.066173 0.305993 1.109214 0.279489
1.066306 0.305865 1.109307 0.279345
1.066439 0.305737 1.109399 0.279201
1.066571 0.305609 1.109491 0.279057
1.066704 0.305480 1.109584 0.278913
1.066837 0.305352 1.109676 0.278769
1.066969 0.305223 1.109768 0.278625
1.067102 0.305095 1.109860 0.278480
1.067234 0.304966 1.109952 0.278336
1.067367 0.304837 1.110044 0.278191
1.067499 0.304708 1.110136 0.278047
1.067632 0.304578 1.110228 0.277902
1.067764 0.304449 1.110320 0.277757
1.067897 0.304319 1.110411 0.277612
1.068029 0.304189 1.110503 0.277467
1.068161 0.304059 1.110595 0.277322
1.068294 0.303929 1.110686 0.277177
1.068426 0.303799 1.110778 0.277031
1.068558 0.303669 1.110869 0.276886
1.068690 0.303538 1.110961 0.276740
1.068822 0.303408 1.111052 0.276595
1.068954 0.303277 1.111144 0.276449
1.069086 0.303146 1.111235 0.276303
1.069218 0.303015 1.111326 0.276157
1.069350 0.302884 1.111417 0.276011
1.069482 0.302752 1.111508 0.275865
1.069614 0.302621 1.111600 0.275719
1.069746 0.302489 1.111691 0.275573
1.069878 0.302357 1.111781 0.275427
1.070009 0.302225 1.111872 0.275280
1.070141 0.302093 1.111963 0.275134
1.070273 0.301961 1.112054 0.274987
1.070404 0.301829 1.112145 0.274840
1.070536 0.301696 1.112235 0.274693
1.070668 0.301563 1.112326 0.274547
1.070799 0.301430 1.112417 0.274400
1.070931 0.301297 1.112507 0.274252
1.071062 0.301164 1.112598 0.274105
1.071193 0.301031 1.112688 0.273958
1.071325 0.300898 1.112779 0.273811
1.071456 0.300764 1.112869 0.273663
1.071587 0.300630 1.112959 0.273516
1.071719 0.300496 1.113049 0.273368
1.071850 0.300362 1.113139 0.273220
1.071981 0.300228 1.113230 0.273072
1.072112 0.300094 1.113320 0.272924
1.072243 0.299960 1.113410 0.272776
1.072374 0.299825 1.113500 0.272628
1.072505 0.299690 1.113589 0.272480
1.072636 0.299555 1.113679 0.272332
1.072767 0.299420 1.113769 0.272183
1.072898 0.299285 1.113859 0.272035
1.073029 0.299150 1.113948 0.271886
1.073159 0.299014 1.114038 0.271738
1.073290 0.298879 1.114128 0.271589
1.073421 0.298743 1.114217 0.271440
1.073551 0.298607 1.114306 0.271291
1.073682 0.298471 1.114396 0.271142
1.073813 0.298335 1.114485 0.270993
1.073943 0.298198 1.114574 0.270844
1.074074 0.298062 1.114664 0.270695
1.074204 0.297925 1.114753 0.270545
1.074334 0.297789 1.114842 0.270396
1.074465 0.297652 1.114931 0.270246
1.074595 0.297515 1.115020 0.270097
1.074725 0.297377 1.115109 0.269947
1.074856 0.297240 1.115198 0.269797
1.074986 0.297103 1.115287 0.269647
1.075116 0.296965 1.115376 0.269497
1.075246 0.296827 1.115464 0.269347
1.075376 0.296689 1.115553 0.269197
1.075506 0.296551 1.115642 0.269046
1.075636 0.296413 1.115730 0.268896
1.075766 0.296275 1.115819 0.268746
1.075896 0.296136 1.115907 0.268595
1.076026 0.295997 1.115996 0.268444
1.076156 0.295859 1.116084 0.268294
1.076285 0.295720 1.116172 0.268143
1.076415 0.295581 1.116260 0.267992
1.076545 0.295441 1.116349 0.267841
1.076674 0.295302 1.116437 0.267690
1.076804 0.295163 1.116525 0.267539
1.076933 0.295023 1.116613 0.267387
1.077063 0.294883 1.116701 0.267236
1.077192 0.294743 1.116789 0.267084
1.077322 0.294603 1.116877 0.266933
1.077451 0.294463 1.116964 0.266781
1.077580 0.294323 1.117052 0.266630
1.077710 0.294182 1.117140 0.266478
1.077839 0.294041 1.117227 0.266326
1.077968 0.293901 1.117315 0.266174
1.078097 0.293760 1.117402 0.266022
1.078226 0.293619 1.117490 0.265870
1.078355 0.293477 1.117577 0.265717
1.078484 0.293336 1.117665 0.265565
1.078613 0.293195 1.117752 0.265413
1.078742 0.293053 1.117839 0.265260
1.078871 0.292911 1.117926 0.265107
1.079000 0.292769 1.118014 0.264955
1.079129 0.292627 1.118101 0.264802
1.079257 0.292485 1.118188 0.264649
1.079386 0.292343 1.118275 0.264496
1.079515 0.292200 1.118362 0.264343
1.079643 0.292058 1.118448 0.264190
1.079772 0.291915 1.118535 0.264037
1.079900 0.291772 1.118622 0.263883
1.080029 0.291629 1.118709 0.263730
1.080157 0.291486 1.118795 0.263577
1.080285 0.291342 1.118882 0.263423
1.080414 0.291199 1.118968 0.263269
1.080542 0.291055 1.119055 0.263116
1.080670 0.290911 1.119141 0.262962
1.080798 0.290768 1.119228 0.262808
1.080926 0.290623 1.119314 0.262654
1.081054 0.290479 1.119400 0.262500
1.081182 0.290335 1.119486 0.262346
1.081310 0.290191 1.119573 0.262191
1.081438 0.290046 1.119659 0.262037
1.081566 0.289901 1.119745 0.261883
1.081694 0.289756 1.119831 0.261728
1.081822 0.289611 1.119917 0.261573
1.081950 0.289466 1.120002 0.261419
1.082077 0.289321 1.120088 0.261264
1.082205 0.289175 1.120174 0.261109
1.082332 0.289030 1.120260 0.260954
1.082460 0.288884 1.120345 0.260799
1.082588 0.288738 1.120431 0.260644
1.082715 0.288592 1.120516 0.260489
1.082842 0.288446 1.120602 0.260333
1.082970 0.288300 1.120687 0.260178
1.083097 0.288153 1.120773 0.260023
1.083224 0.288007 1.120858 0.259867
1.083351 0.287860 1.120943 0.259711
1.083479 0.287713 1.121028 0.259556
1.083606 0.287566 1.121114 0.259400
1.083733 0.287419 1.121199 0.259244
1.083860 0.287272 1.121284 0.259088
1.083987 0.287124 1.121369 0.258932
1.084114 0.286977 1.121454 0.258776
1.084240 0.286829 1.121538 0.258619
1.084367 0.286681 1.121623 0.258463
1.084494 0.286533 1.121708 0.258307
1.084621 0.286385 1.121793 0.258150
1.084747 0.286237 1.121877 0.257994
1.084874 0.286089 1.121962 0.257837
1.085001 0.285940 1.122046 0.257680
1.085127 0.285792 1.122131 0.257523
1.085253 0.285643 1.122215 0.257367
1.085380 0.285494 1.122299 0.257210
1.085506 0.285345 1.122384 0.257052
1.085633 0.285196 1.122468 0.256895
1.085759 0.285046 1.122552 0.256738
1.085885 0.284897 1.122636 0.256581
1.086011 0.284747 1.122720 0.256423
1.086137 0.284597 1.122804 0.256266
1.086263 0.284447 1.122888 0.256108
1.086389 0.284297 1.122972 0.255951
1.086515 0.284147 1.123056 0.255793
1.086641 0.283997 1.123140 0.255635
1.086767 0.283846 1.123224 0.255477
1.086893 0.283696 1.123307 0.255319
1.087018 0.283545 1.123391 0.255161
1.087144 0.283394 1.123474 0.255003
1.087270 0.283243 1.123558 0.254845
1.087395 0.283092 1.123641 0.254686
1.087521 0.282941 1.123725 0.254528
1.087646 0.282790 1.123808 0.254369
1.087772 0.282638 1.123891 0.254211
1.087897 0.282486 1.123975 0.254052
1.088023 0.282334 1.124058 0.253893
1.088148 0.282183 1.124141 0.253734
1.088273 0.282030 1.124224 0.253576
1.088398 0.281878 1.124307 0.253417
1.088523 0.281726 1.124390 0.253257
1.088648 0.281573 1.124473 0.253098
1.088773 0.281421 1.124556 0.252939
1.088898 0.281268 1.124638 0.252780
1.089023 0.281115 1.124721 0.252620
1.089148 0.280962 1.124804 0.252461
1.089273 0.280809 1.124886 0.252301
1.089398 0.280655 1.124969 0.252142
1.089522 0.280502 1.125051 0.251982
1.089647 0.280348 1.125134 0.251822
1.089772 0.280195 1.125216 0.251662
1.089896 0.280041 1.125298 0.251502
1.090021 0.279887 1.125381 0.251342
1.090145 0.279733 1.125463 0.251182
1.090269 0.279578 1.125545 0.251022
1.090394 0.279424 1.125627 0.250862
1.090518 0.279270 1.125709 0.250701
1.090642 0.279115 1.125791 0.250541
1.090766 0.278960 1.125873 0.250380
1.090890 0.278805 1.125955 0.250219
1.091014 0.278650 1.126037 0.250059
1.091138 0.278495 1.126118 0.249898
1.091262 0.278339 1.126200 0.249737
1.091386 0.278184 1.126282 0.249576
1.091510 0.278028 1.126363 0.249415
1.091634 0.277873 1.126445 0.249254
1.091758 0.277717 1.126526 0.249093
1.091881 0.277561 1.126608 0.248932
1.092005 0.277405 1.126689 0.248770
1.092128 0.277248 1.126770 0.248609
1.092252 0.277092 1.126851 0.248447
1.092375 0.276935 1.126933 0.248286
1.092499 0.276779 1.127014 0.248124
1.092622 0.276622 1.127095 0.247962
1.092745 0.276465 1.127176 0.247800
1.092869 0.276308 1.127257 0.247638
1.092992 0.276150 1.127338 0.247477
1.093115 0.275993 1.127418 0.247314
1.093238 0.275836 1.127499 0.247152
1.093361 0.275678 1.127580 0.246990
1.093484 0.275520 1.127661 0.246828
1.093607 0.275362 1.127741 0.246665
1.093730 0.275204 1.127822 0.246503
1.093852 0.275046 1.127902 0.246340
1.093975 0.274888 1.127983 0.246178
1.094098 0.274729 1.128063 0.246015
1.094220 0.274571 1.128143 0.245852
1.094343 0.274412 1.128223 0.245689
1.094465 0.274253 1.128304 0.245526
1.094588 0.274094 1.128384 0.245363
1.094710 0.273935 1.128464 0.245200
1.094832 0.273776 1.128544 0.245037
1.094955 0.273617 1.128624 0.244874
1.095077 0.273457 1.128704 0.244711
1.095199 0.273298 1.128784 0.244547
1.095321 0.273138 1.128863 0.244384
1.095443 0.272978 1.128943 0.244220
1.095565 0.272818 1.129023 0.244056
1.095687 0.272658 1.129102 0.243893
1.095809 0.272498 1.129182 0.243729
1.095931 0.272337 1.129261 0.243565
1.096052 0.272177 1.129341 0.243401
1.096174 0.272016 1.129420 0.243237
1.096296 0.271855 1.129500 0.243073
1.096417 0.271694 1.129579 0.242909
1.096539 0.271533 1.129658 0.242744
1.096660 0.271372 1.129737 0.242580
1.096782 0.271211 1.129816 0.242416
1.096903 0.271049 1.129895 0.242251
1.097024 0.270887 1.129974 0.242087
1.097145 0.270726 1.130053 0.241922
1.097267 0.270564 1.130132 0.241757
1.097388 0.270402 1.130211 0.241592
1.097509 0.270240 1.130290 0.241427
1.097630 0.270078 1.130368 0.241263
1.097751 0.269915 1.130447 0.241097
1.097871 0.269753 1.130526 0.240932
1.097992 0.269590 1.130604 0.240767
1.098113 0.269427 1.130683 0.240602
1.098234 0.269264 1.130761 0.240437
1.098354 0.269101 1.130839 0.240271
1.098475 0.268938 1.130918 0.240106
1.098595 0.268775 1.130996 0.239940
1.098716 0.268611 1.131074 0.239774
1.098836 0.268448 1.131152 0.239609
1.098957 0.268284 1.131230 0.239443
1.099077 0.268120 1.131308 0.239277
1.099197 0.267956 1.131386 0.239111
1.099317 0.267792 1.131464 0.238945
1.099437 0.267628 1.131542 0.238779
1.099557 0.267464 1.131620 0.238613
1.099677 0.267299 1.131697 0.238446
1.099797 0.267135 1.131775 0.238280
1.099917 0.266970 1.131853 0.238114
1.100037 0.266805 1.131930 0.237947
1.100156 0.266640 1.132008 0.237781
1.100276 0.266475 1.132085 0.237614
1.100396 0.266310 1.132162 0.237447
1.100515 0.266144 1.132240 0.237280
1.100635 0.265979 1.132317 0.237114
1.100754 0.265813 1.132394 0.236947
1.100873 0.265648 1.132471 0.236780
1.100993 0.265482 1.132548 0.236613
1.101112 0.265316 1.132625 0.236445
1.101231 0.265150 1.132702 0.236278
1.101350 0.264983 1.132779 0.236111
1.101469 0.264817 1.132856 0.235943
1.101588 0.264650 1.132933 0.235776
1.101707 0.264484 1.133009 0.235608
1.101826 0.264317 1.133086 0.235441
1.101945 0.264150 1.133163 0.235273
1.102064 0.263983 1.133239 0.235105
1.102182 0.263816 1.133316 0.234938
1.102301 0.263649 1.133392 0.234770
1.102419 0.263481 1.133468 0.234602
1.102538 0.263314 1.133545 0.234434
1.102656 0.263146 1.133621 0.234266
1.102775 0.262978 1.133697 0.234097
1.102893 0.262810 1.133773 0.233929
1.103011 0.262642 1.133849 0.233761
1.103129 0.262474 1.133925 0.233592
1.103247 0.262306 1.134001 0.233424
1.103365 0.262137 1.134077 0.233255
1.103483 0.261969 1.134153 0.233087
1.103601 0.261800 1.134229 0.232918
1.103719 0.261631 1.134305 0.232749
1.103837 0.261462 1.134380 0.232580
1.103955 0.261293 1.134456 0.232411
1.104072 0.261124 1.134531 0.232242
1.104190 0.260955 1.134607 0.232073
1.104307 0.260785 1.134682 0.231904
1.104425 0.260616 1.134758 0.231735
1.104542 0.260446 1.134833 0.231565
1.104660 0.260276 1.134908 0.231396
1.104777 0.260106 1.134983 0.231227
1.104894 0.259936 1.135058 0.231057
1.105011 0.259766 1.135134 0.230888
1.105128 0.259595 1.135209 0.230718
1.105245 0.259425 1.135284 0.230548
1.105362 0.259254 1.135358 0.230378
1.105479 0.259084 1.135433 0.230208
1.105596 0.258913 1.135508 0.230038
1.105713 0.258742 1.135583 0.229868
1.105829 0.258571 1.135657 0.229698
1.105946 0.258400 1.135732 0.229528
1.106063 0.258228 1.135807 0.229358
1.106179 0.258057 1.135881 0.229188
1.106296 0.257885 1.135955 0.229017
1.106412 0.257714 1.136030 0.228847
1.106528 0.257542 1.136104 0.228676
1.106644 0.257370 1.136178 0.228506
1.106761 0.257198 1.136253 0.228335
1.106877 0.257025 1.136327 0.228164
1.106993 0.256853 1.136401 0.227993
1.107109 0.256681 1.136475 0.227823
1.107225 0.256508 1.136549 0.227652
1.107341 0.256335 1.136623 0.227481
1.107456 0.256163 1.136696 0.227309
1.107572 0.255990 1.136770 0.227138
1.107688 0.255817 1.136844 0.226967
1.107803 0.255643 1.136918 0.226796
1.107919 0.255470 1.136991 0.226624
1.108034 0.255297 1.137065 0.226453
1.108150 0.255123 1.137138 0.226281
1.108265 0.254949 1.137212 0.226110
1.108380 0.254775 1.137285 0.225938
1.108495 0.254602 1.137358 0.225766
1.108610 0.254427 1.137431 0.225595
1.108725 0.254253 1.137505 0.225423
1.108840 0.254079 1.137578 0.225251
1.108955 0.253905 1.137651 0.225079
1.109070 0.253730 1.137724 0.224907
1.109185 0.253555 1.137797 0.224735
1.109300 0.253381 1.137870 0.224562
1.109414 0.253206 1.137942 0.224390
1.109529 0.253031 1.138015 0.224218
1.109643 0.252855 1.138088 0.224045
1.109758 0.252680 1.138161 0.223873
1.109872 0.252505 1.138233 0.223700
1.109986 0.252329 1.138306 0.223528
1.110101 0.252153 1.138378 0.223355
1.110215 0.251978 1.138451 0.223182
1.110329 0.251802 1.138523 0.223009
1.110443 0.251626 1.138595 0.222836
1.110557 0.251450 1.138667 0.222663
1.110671 0.251273 1.138740 0.222490
1.110785 0.251097 1.138812 0.222317
1.110898 0.250920 1.138884 0.222144
1.111012 0.250744 1.138956 0.221971
1.111126 0.250567 1.139028 0.221797
1.111239 0.250390 1.139099 0.221624
1.111353 0.250213 1.139171 0.221451
1.111466 0.250036 1.139243 0.221277
1.111579 0.249859 1.139315 0.221103
1.111693 0.249682 1.139386 0.220930
1.111806 0.249504 1.139458 0.220756
1.111919 0.249326 1.139529 0.220582
1.112032 0.249149 1.139601 0.220408
1.112145 0.248971 1.139672 0.220234
1.112258 0.248793 1.139744 0.220060
1.112371 0.248615 1.139815 0.219886
1.112484 0.248437 1.139886 0.219712
1.112596 0.248258 1.139957 0.219538
1.112709 0.248080 1.140028 0.219364
1.112821 0.247901 1.140099 0.219189
1.112934 0.247723 1.140170 0.219015
1.113046 0.247544 1.140241 0.218840
1.113159 0.247365 1.140312 0.218666
1.113271 0.247186 1.140383 0.218491
1.113383 0.247007 1.140454 0.218316
1.113495 0.246827 1.140524 0.218142
1.113607 0.246648 1.140595 0.217967
1.113719 0.246469 1.140665 0.217792
1.113831 0.246289 1.140736 0.217617
1.113943 0.246109 1.140806 0.217442
1.114055 0.245929 1.140877 0.217267
1.114167 0.245749 1.140947 0.217092
1.114278 0.245569 1.141017 0.216917
1.114390 0.245389 1.141088 0.216741
1.114501 0.245209 1.141158 0.216566
1.114613 0.245028 1.141228 0.216390
1.114724 0.244848 1.141298 0.216215
1.114836 0.244667 1.141368 0.216039
1.114947 0.244486 1.141438 0.215864
1.115058 0.244305 1.141507 0.215688
1.115169 0.244124 1.141577 0.215512
1.115280 0.243943 1.141647 0.215337
1.115391 0.243762 1.141717 0.215161
1.115502 0.243580 1.141786 0.214985
1.115613 0.243399 1.141856 0.214809
1.115723 0.243217 1.141925 0.214633
1.115834 0.243035 1.141995 0.214456
1.115945 0.242853 1.142064 0.214280
1.116055 0.242671 1.142133 0.214104
1.116166 0.242489 1.142202 0.213928
1.116276 0.242307 1.142272 0.213751
1.116386 0.242125 1.142341 0.213575
1.116496 0.241942 1.142410 0.213398
1.116606 0.241759 1.142479 0.213222
1.116717 0.241577 1.142548 0.213045
1.116827 0.241394 1.142617 0.212868
1.116936 0.241211 1.142685 0.212691
1.117046 0.241028 1.142754 0.212514
1.117156 0.240845 1.142823 0.212338
1.117266 0.240661 1.142891 0.212161
1.117375 0.240478 1.142960 0.211983
1.117485 0.240295 1.143029 0.211806
1.117594 0.240111 1.143097 0.211629
1.117704 0.239927 1.143165 0.211452
1.117813 0.239743 1.143234 0.211275
1.117922 0.239559 1.143302 0.211097
1.118032 0.239375 1.143370 0.210920
1.118141 0.239191 1.143438 0.210742
1.118250 0.239007 1.143506 0.210565
1.118359 0.238822 1.143574 0.210387
1.118468 0.238638 1.143642 0.210209
1.118576 0.238453 1.143710 0.210032
1.118685 0.238268 1.143778 0.209854
1.118794 0.238083 1.143846 0.209676
1.118902 0.237898 1.143914 0.209498
1.119011 0.237713 1.143981 0.209320
1.119119 0.237528 1.144049 0.209142
1.119228 0.237342 1.144116 0.208964
1.119336 0.237157 1.144184 0.208785
1.119444 0.236971 1.144251 0.208607
1.119552 0.236786 1.144319 0.208429
1.119661 0.236600 1.144386 0.208250
1.119769 0.236414 1.144453 0.208072
1.119876 0.236228 1.144520 0.207893
1.119984 0.236042 1.144587 0.207715
1.120092 0.235855 1.144655 0.207536
1.120200 0.235669 1.144722 0.207357
1.120307 0.235482 1.144788 0.207178
1.120415 0.235296 1.144855 0.207000
1.120522 0.235109 1.144922 0.206821
1.120630 0.234922 1.144989 0.206642
1.120737 0.234735 1.145056 0.206463
1.120844 0.234548 1.145122 0.206284
1.120951 0.234361 1.145189 0.206104
1.121059 0.234174 1.145255 0.205925
1.121166 0.233986 1.145322 0.205746
1.121273 0.233799 1.145388 0.205567
1.121379 0.233611 1.145454 0.205387
1.121486 0.233423 1.145521 0.205208
1.121593 0.233235 1.145587 0.205028
1.121699 0.233047 1.145653 0.204849
1.121806 0.232859 1.145719 0.204669
1.121913 0.232671 1.145785 0.204489
1.122019 0.232483 1.145851 0.204309
1.122125 0.232294 1.145917 0.204129
1.122231 0.232106 1.145983 0.203950
1.122338 0.231917 1.146049 0.203770
1.122444 0.231728 1.146114 0.203590
1.122550 0.231539 1.146180 0.203409
1.122656 0.231350 1.146246 0.203229
1.122762 0.231161 1.146311 0.203049
1.122867 0.230972 1.146377 0.202869
1.122973 0.230783 1.146442 0.202688
1.123079 0.230593 1.146507 0.202508
1.123184 0.230404 1.146573 0.202328
1.123290 0.230214 1.146638 0.202147
1.123395 0.230024 1.146703 0.201966
1.123500 0.229834 1.146768 0.201786
1.123606 0.229644 1.146833 0.201605
1.123711 0.229454 1.146898 0.201424
1.123816 0.229264 1.146963 0.201244
1.123921 0.229074 1.147028 0.201063
1.124026 0.228883 1.147093 0.200882
1.124131 0.228693 1.147157 0.200701
1.124235 0.228502 1.147222 0.200520
1.124340 0.228311 1.147287 0.200338
1.124445 0.228120 1.147351 0.200157
1.124549 0.227929 1.147416 0.199976
1.124654 0.227738 1.147480 0.199795
1.124758 0.227547 1.147545 0.199613
1.124862 0.227356 1.147609 0.199432
1.124967 0.227164 1.147673 0.199250
1.125071 0.226973 1.147737 0.199069
1.125175 0.226781 1.147801 0.198887
1.125279 0.226589 1.147866 0.198706
1.125383 0.226397 1.147930 0.198524
1.125487 0.226205 1.147993 0.198342
1.125590 0.226013 1.148057 0.198160
1.125694 0.225821 1.148121 0.197978
1.125798 0.225629 1.148185 0.197796
1.125901 0.225436 1.148249 0.197614
1.126005 0.225244 1.148312 0.197432
1.126108 0.225051 1.148376 0.197250
1.126211 0.224858 1.148439 0.197068
1.126314 0.224666 1.148503 0.196886
1.126417 0.224473 1.148566 0.196703
1.126521 0.224280 1.148630 0.196521
1.126623 0.224086 1.148693 0.196338
1.126726 0.223893 1.148756 0.196156
1.126829 0.223700 1.148819 0.195973
1.126932 0.223506 1.148882 0.195791
1.127034 0.223313 1.148945 0.195608
1.127137 0.223119 1.149008 0.195425
1.127239 0.222925 1.149071 0.195243
1.127342 0.222731 1.149134 0.195060
1.127444 0.222537 1.149197 0.194877
1.127546 0.222343 1.149259 0.194694
1.127649 0.222149 1.149322 0.194511
1.127751 0.221954 1.149385 0.194328
1.127853 0.221760 1.149447 0.194145
1.127955 0.221565 1.149510 0.193961
1.128056 0.221370 1.149572 0.193778
1.128158 0.221176 1.149634 0.193595
1.128260 0.220981 1.149697 0.193411
1.128361 0.220786 1.149759 0.193228
1.128463 0.220591 1.149821 0.193044
1.128564 0.220395 1.149883 0.192861
1.128666 0.220200 1.149945 0.192677
1.128767 0.220005 1.150007 0.192494
1.128868 0.219809 1.150069 0.192310
1.128969 0.219613 1.150131 0.192126
1.129070 0.219418 1.150193 0.191942
1.129171 0.219222 1.150254 0.191758
1.129272 0.219026 1.150316 0.191574
1.129373 0.218830 1.150378 0.191390
1.129473 0.218633 1.150439 0.191206
1.129574 0.218437 1.150501 0.191022
1.129674 0.218241 1.150562 0.190838
1.129775 0.218044 1.150624 0.190654
1.129875 0.217848 1.150685 0.190470
1.129975 0.217651 1.150746 0.190285
1.130076 0.217454 1.150807 0.190101
1.130176 0.217257 1.150868 0.189916
1.130276 0.217060 1.150929 0.189732
1.130376 0.216863 1.150990 0.189547
1.130476 0.216666 1.151051 0.189363
1.130575 0.216468 1.151112 0.189178
1.130675 0.216271 1.151173 0.188993
1.130775 0.216073 1.151234 0.188808
1.130874 0.215876 1.151294 0.188624
1.130974 0.215678 1.151355 0.188439
1.131073 0.215480 1.151416 0.188254
1.131172 0.215282 1.151476 0.188069
1.131271 0.215084 1.151536 0.187884
1.131371 0.214886 1.151597 0.187698
1.131470 0.214688 1.151657 0.187513
1.131569 0.214489 1.151717 0.187328
1.131667 0.214291 1.151778 0.187143
1.131766 0.214092 1.151838 0.186957
1.131865 0.213893 1.151898 0.186772
1.131963 0.213695 1.151958 0.186586
1.132062 0.213496 1.152018 0.186401
1.132160 0.213297 1.152078 0.186215
1.132259 0.213098 1.152137 0.186030
1.132357 0.212898 1.152197 0.185844
1.132455 0.212699 1.152257 0.185658
1.132553 0.212500 1.152316 0.185472
1.132651 0.212300 1.152376 0.185287
1.132749 0.212101 1.152435 0.185101
1.132847 0.211901 1.152495 0.184915
1.132945 0.211701 1.152554 0.184729
1.133043 0.211501 1.152614 0.184543
1.133140 0.211301 1.152673 0.184356
1.133238 0.211101 1.152732 0.184170
1.133335 0.210901 1.152791 0.183984
1.133432 0.210700 1.152850 0.183798
1.133530 0.210500 1.152909 0.183611
1.133627 0.210299 1.152968 0.183425
1.133724 0.210099 1.153027 0.183239
1.133821 0.209898 1.153086 0.183052
1.133918 0.209697 1.153145 0.182865
1.134015 0.209496 1.153203 0.182679
1.134111 0.209295 1.153262 0.182492
1.134208 0.209094 1.153320 0.182305
1.134305 0.208893 1.153379 0.182119
1.134401 0.208691 1.153437 0.181932
1.134498 0.208490 1.153496 0.181745
1.134594 0.208288 1.153554 0.181558
1.134690 0.208087 1.153612 0.181371
1.134786 0.207885 1.153671 0.181184
1.134882 0.207683 1.153729 0.180997
1.134978 0.207481 1.153787 0.180810
1.135074 0.207279 1.153845 0.180622
1.135170 0.207077 1.153903 0.180435
1.135266 0.206875 1.153961 0.180248
1.135361 0.206672 1.154018 0.180061
1.135457 0.206470 1.154076 0.179873
1.135552 0.206267 1.154134 0.179686
1.135648 0.206064 1.154192 0.179498
1.135743 0.205862 1.154249 0.179311
1.135838 0.205659 1.154307 0.179123
1.135933 0.205456 1.154364 0.178935
1.136028 0.205253 1.154421 0.178747
1.136123 0.205050 1.154479 0.178560
1.136218 0.204846 1.154536 0.178372
1.136313 0.204643 1.154593 0.178184
1.136407 0.204440 1.154650 0.177996
1.136502 0.204236 1.154707 0.177808
1.136596 0.204032 1.154764 0.177620
1.136691 0.203829 1.154821 0.177432
1.136785 0.203625 1.154878 0.177244
1.136879 0.203421 1.154935 0.177055
1.136974 0.203217 1.154992 0.176867
1.137068 0.203013 1.155048 0.176679
1.137162 0.202808 1.155105 0.176491
1.137256 0.202604 1.155162 0.176302
1.137349 0.202400 1.155218 0.176114
1.137443 0.202195 1.155275 0.175925
1.137537 0.201990 1.155331 0.175737
1.137630 0.201786 1.155387 0.175548
1.137724 0.201581 1.155444 0.175359
1.137817 0.201376 1.155500 0.175171
1.137910 0.201171 1.155556 0.174982
1.138003 0.200966 1.155612 0.174793
1.138097 0.200761 1.155668 0.174604
1.138190 0.200555 1.155724 0.174415
1.138282 0.200350 1.155780 0.174226
1.138375 0.200144 1.155836 0.174037
1.138468 0.199939 1.155891 0.173848
1.138561 0.199733 1.155947 0.173659
1.138653 0.199527 1.156003 0.173470
1.138746 0.199321 1.156058 0.173280
1.138838 0.199115 1.156114 0.173091
1.138930 0.198909 1.156169 0.172902
1.139023 0.198703 1.156225 0.172712
1.139115 0.198497 1.156280 0.172523
1.139207 0.198290 1.156335 0.172334
1.139299 0.198084 1.156390 0.172144
1.139390 0.197877 1.156445 0.171954
1.139482 0.197671 1.156501 0.171765
1.139574 0.197464 1.156556 0.171575
1.139666 0.197257 1.156610 0.171385
1.139757 0.197050 1.156665 0.171196
1.139848 0.196843 1.156720 0.171006
1.139940 0.196636 1.156775 0.170816
1.140031 0.196429 1.156830 0.170626
1.140122 0.196221 1.156884 0.170436
1.140213 0.196014 1.156939 0.170246
1.140304 0.195806 1.156993 0.170056
1.140395 0.195599 1.157048 0.169866
1.140486 0.195391 1.157102 0.169675
1.140576 0.195183 1.157156 0.169485
1.140667 0.194975 1.157211 0.169295
1.140757 0.194767 1.157265 0.169105
1.140848 0.194559 1.157319 0.168914
1.140938 0.194351 1.157373 0.168724
1.141028 0.194143 1.157427 0.168533
1.141119 0.193934 1.157481 0.168343
1.141209 0.193726 1.157535 0.168152
1.141299 0.193517 1.157589 0.167962
1.141388 0.193309 1.157642 0.167771
1.141478 0.193100 1.157696 0.167580
1.141568 0.192891 1.157750 0.167389
1.141658 0.192682 1.157803 0.167198
1.141747 0.192473 1.157857 0.167008
1.141836 0.192264 1.157910 0.166817
1.141926 0.192055 1.157964 0.166626
1.142015 0.191846 1.158017 0.166435
1.142104 0.191636 1.158070 0.166244
1.142193 0.191427 1.158123 0.166053
1.142282 0.191217 1.158176 0.165861
1.142371 0.191007 1.158229 0.165670
1.142460 0.190798 1.158282 0.165479
1.142548 0.190588 1.158335 0.165288
1.142637 0.190378 1.158388 0.165096
1.142726 0.190168 1.158441 0.164905
1.142814 0.189958 1.158494 0.164713
1.142902 0.189747 1.158546 0.164522
1.142990 0.189537 1.158599 0.164330
1.143079 0.189327 1.158652 0.164139
1.143167 0.189116 1.158704 0.163947
1.143255 0.188906 1.158756 0.163755
1.143342 0.188695 1.158809 0.163564
1.143430 0.188484 1.158861 0.163372
1.143518 0.188273 1.158913 0.163180
1.143605 0.188062 1.158965 0.162988
1.143693 0.187851 1.159018 0.162796
1.143780 0.187640 1.159070 0.162604
1.143868 0.187429 1.159122 0.162412
1.143955 0.187218 1.159174 0.162220
1.144042 0.187006 1.159225 0.162028
1.144129 0.186795 1.159277 0.161836
1.144216 0.186583 1.159329 0.161644
1.144303 0.186371 1.159381 0.161451
1.144390 0.186160 1.159432 0.161259
1.144476 0.185948 1.159484 0.161067
1.144563 0.185736 1.159535 0.160874
1.144649 0.185524 1.159587 0.160682
1.144736 0.185312 1.159638 0.160489
1.144822 0.185099 1.159689 0.160297
1.144908 0.184887 1.159740 0.160104
1.144994 0.184675 1.159792 0.159912
1.145080 0.184462 1.159843 0.159719
1.145166 0.184250 1.159894 0.159526
1.145252 0.184037 1.159945 0.159333
1.145338 0.183824 1.159995 0.159141
1.145423 0.183611 1.160046 0.158948
1.145509 0.183398 1.160097 0.158755
1.145594 0.183185 1.160148 0.158562
1.145680 0.182972 1.160198 0.158369
1.145765 0.182759 1.160249 0.158176
1.145850 0.182546 1.160300 0.157983
1.145935 0.182332 1.160350 0.157790
1.146020 0.182119 1.160400 0.157596
1.146105 0.181905 1.160451 0.157403
1.146190 0.181692 1.160501 0.157210
1.146274 0.181478 1.160551 0.157017
1.146359 0.181264 1.160601 0.156823
1.146443 0.181050 1.160651 0.156630
1.146528 0.180836 1.160701 0.156436
1.146612 0.180622 1.160751 0.156243
1.146696 0.180408 1.160801 0.156049
1.146780 0.180194 1.160851 0.155856
1.146865 0.179979 1.160901 0.155662
1.146948 0.179765 1.160951 0.155468
1.147032 0.179550 1.161000 0.155275
1.147116 0.179336 1.161050 0.155081
1.147200 0.179121 1.161099 0.154887
1.147283 0.178906 1.161149 0.154693
1.147367 0.178692 1.161198 0.154499
1.147450 0.178477 1.161247 0.154305
1.147533 0.178262 1.161297 0.154111
1.147616 0.178046 1.161346 0.153917
1.147700 0.177831 1.161395 0.153723
1.147783 0.177616 1.161444 0.153529
1.147865 0.177401 1.161493 0.153335
1.147948 0.177185 1.161542 0.153141
1.148031 0.176969 1.161591 0.152947
1.148113 0.176754 1.161640 0.152752
1.148196 0.176538 1.161688 0.152558
1.148278 0.176322 1.161737 0.152364
1.148361 0.176106 1.161786 0.152169
1.148443 0.175890 1.161834 0.151975
1.148525 0.175674 1.161883 0.151780
1.148607 0.175458 1.161931 0.151586
1.148689 0.175242 1.161979 0.151391
1.148771 0.175026 1.162028 0.151196
1.148853 0.174809 1.162076 0.151002
1.148934 0.174593 1.162124 0.150807
1.149016 0.174376 1.162172 0.150612
1.149097 0.174160 1.162220 0.150417
1.149179 0.173943 1.162268 0.150222
1.149260 0.173726 1.162316 0.150028
1.149341 0.173509 1.162364 0.149833
1.149422 0.173292 1.162412 0.149638
1.149503 0.173075 1.162459 0.149443
1.149584 0.172858 1.162507 0.149247
1.149665 0.172641 1.162555 0.149052
1.149745 0.172423 1.162602 0.148857
1.149826 0.172206 1.162650 0.148662
1.149906 0.171988 1.162697 0.148467
1.149987 0.171771 1.162744 0.148271
1.150067 0.171553 1.162792 0.148076
1.150147 0.171335 1.162839 0.147881
1.150227 0.171118 1.162886 0.147685
1.150307 0.170900 1.162933 0.147490
1.150387 0.170682 1.162980 0.147294
1.150467 0.170464 1.163027 0.147099
1.150547 0.170245 1.163074 0.146903
1.150626 0.170027 1.163121 0.146708
1.150706 0.169809 1.163168 0.146512
1.150785 0.169590 1.163214 0.146316
1.150865 0.169372 1.163261 0.146120
1.150944 0.169153 1.163308 0.145925
1.151023 0.168935 1.163354 0.145729
1.151102 0.168716 1.163400 0.145533
1.151181 0.168497 1.163447 0.145337
1.151260 0.168278 1.163493 0.145141
1.151338 0.168059 1.163539 0.144945
1.151417 0.167840 1.163586 0.144749
1.151496 0.167621 1.163632 0.144553
1.151574 0.167402 1.163678 0.144357
1.151652 0.167183 1.163724 0.144161
1.151731 0.166963 1.163770 0.143964
1.151809 0.166744 1.163816 0.143768
1.151887 0.166524 1.163861 0.143572
1.151965 0.166305 1.163907 0.143375
1.152043 0.166085 1.163953 0.143179
1.152120 0.165865 1.163998 0.142983
1.152198 0.165645 1.164044 0.142786
1.152275 0.165425 1.164089 0.142590
1.152353 0.165205 1.164135 0.142393
1.152430 0.164985 1.164180 0.142197
1.152508 0.164765 1.164226 0.142000
1.152585 0.164545 1.164271 0.141803
1.152662 0.164324 1.164316 0.141607
1.152739 0.164104 1.164361 0.141410
1.152816 0.163883 1.164406 0.141213
1.152892 0.163663 1.164451 0.141016
1.152969 0.163442 1.164496 0.140819
1.153045 0.163221 1.164541 0.140622
1.153122 0.163001 1.164586 0.140426
1.153198 0.162780 1.164630 0.140229
1.153275 0.162559 1.164675 0.140032
1.153351 0.162338 1.164719 0.139834
1.153427 0.162117 1.164764 0.139637
1.153503 0.161895 1.164808 0.139440
1.153579 0.161674 1.164853 0.139243
1.153654 0.161453 1.164897 0.139046
1.153730 0.161231 1.164941 0.138849
1.153806 0.161010 1.164986 0.138651
1.153881 0.160788 1.165030 0.138454
1.153956 0.160566 1.165074 0.138257
1.154032 0.160345 1.165118 0.138059
1.154107 0.160123 1.165162 0.137862
1.154182 0.159901 1.165206 0.137664
1.154257 0.159679 1.165249 0.137467
1.154332 0.159457 1.165293 0.137269
1.154407 0.159235 1.165337 0.137071
1.154481 0.159012 1.165381 0.136874
1.154556 0.158790 1.165424 0.136676
1.154630 0.158568 1.165468 0.136478
1.154705 0.158345 1.165511 0.136281
1.154779 0.158123 1.165554 0.136083
1.154853 0.157900 1.165598 0.135885
1.154927 0.157678 1.165641 0.135687
1.155001 0.157455 1.165684 0.135489
1.155075 0.157232 1.165727 0.135291
1.155149 0.157009 1.165770 0.135093
1.155222 0.156786 1.165813 0.134895
1.155296 0.156563 1.165856 0.134697
1.155369 0.156340 1.165899 0.134499
1.155443 0.156117 1.165942 0.134301
1.155516 0.155893 1.165984 0.134103
1.155589 0.155670 1.166027 0.133904
1.155662 0.155447 1.166070 0.133706
1.155735 0.155223 1.166112 0.133508
1.155808 0.154999 1.166155 0.133309
1.155881 0.154776 1.166197 0.133111
1.155953 0.154552 1.166239 0.132913
1.156026 0.154328 1.166282 0.132714
1.156098 0.154104 1.166324 0.132516
1.156171 0.153880 1.166366 0.132317
1.156243 0.153656 1.166408 0.132119
1.156315 0.153432 1.166450 0.131920
1.156387 0.153208 1.166492 0.131721
1.156459 0.152984 1.166534 0.131523
1.156531 0.152759 1.166576 0.131324
1.156603 0.152535 1.166618 0.131125
1.156674 0.152311 1.166659 0.130926
1.156746 0.152086 1.166701 0.130728
1.156817 0.151861 1.166742 0.130529
1.156889 0.151637 1.166784 0.130330
1.156960 0.151412 1.166825 0.130131
1.157031 0.151187 1.166867 0.129932
1.157102 0.150962 1.166908 0.129733
1.157173 0.150737 1.166949 0.129534
1.157244 0.150512 1.166990 0.129335
1.157314 0.150287 1.167032 0.129136
1.157385 0.150062 1.167073 0.128937
1.157456 0.149836 1.167114 0.128737
1.157526 0.149611 1.167155 0.128538
1.157596 0.149386 1.167195 0.128339
1.157666 0.149160 1.167236 0.128140
1.157737 0.148935 1.167277 0.127940
1.157807 0.148709 1.167318 0.127741
1.157876 0.148483 1.167358 0.127541
1.157946 0.148257 1.167399 0.127342
1.158016 0.148032 1.167439 0.127142
1.158085 0.147806 1.167480 0.126943
1.158155 0.147580 1.167520 0.126743
1.158224 0.147353 1.167560 0.126544
1.158294 0.147127 1.167600 0.126344
1.158363 0.146901 1.167640 0.126145
1.158432 0.146675 1.167681 0.125945
1.158501 0.146448 1.167721 0.125745
1.158570 0.146222 1.167761 0.125545
1.158638 0.145996 1.167800 0.125346
1.158707 0.145769 1.167840 0.125146
1.158776 0.145542 1.167880 0.124946
1.158844 0.145316 1.167920 0.124746
1.158912 0.145089 1.167959 0.124546
1.158981 0.144862 1.167999 0.124346
1.159049 0.144635 1.168038 0.124146
1.159117 0.144408 1.168078 0.123946
1.159185 0.144181 1.168117 0.123746
1.159253 0.143954 1.168156 0.123546
1.159320 0.143727 1.168196 0.123346
1.159388 0.143499 1.168235 0.123145
1.159456 0.143272 1.168274 0.122945
1.159523 0.143045 1.168313 0.122745
1.159590 0.142817 1.168352 0.122545
1.159657 0.142590 1.168391 0.122344
1.159725 0.142362 1.168430 0.122144
1.159792 0.142134 1.168469 0.121943
1.159858 0.141906 1.168507 0.121743
1.159925 0.141679 1.168546 0.121543
1.159992 0.141451 1.168584 0.121342
1.160059 0.141223 1.168623 0.121142
1.160125 0.140995 1.168661 0.120941
1.160191 0.140767 1.168700 0.120740
1.160258 0.140538 1.168738 0.120540
1.160324 0.140310 1.168776 0.120339
1.160390 0.140082 1.168815 0.120138
1.160456 0.139854 1.168853 0.119938
1.160522 0.139625 1.168891 0.119737
1.160587 0.139397 1.168929 0.119536
1.160653 0.139168 1.168967 0.119335
1.160719 0.138939 1.169005 0.119134
1.160784 0.138711 1.169042 0.118933
1.160849 0.138482 1.169080 0.118733
1.160915 0.138253 1.169118 0.118532
1.160980 0.138024 1.169156 0.118331
1.161045 0.137795 1.169193 0.118130
1.161110 0.137566 1.169231 0.117928
1.161174 0.137337 1.169268 0.117727
1.161239 0.137108 1.169305 0.117526
1.161304 0.136879 1.169343 0.117325
1.161368 0.136649 1.169380 0.117124
1.161433 0.136420 1.169417 0.116923
1.161497 0.136191 1.169454 0.116721
1.161561 0.135961 1.169491 0.116520
1.161625 0.135731 1.169528 0.116319
1.161689 0.135502 1.169565 0.116117
1.161753 0.135272 1.169602 0.115916
1.161817 0.135042 1.169639 0.115714
1.161880 0.134812 1.169675 0.115513
1.161944 0.134583 1.169712 0.115312
1.162007 0.134353 1.169749 0.115110
1.162071 0.134123 1.169785 0.114908
1.162134 0.133892 1.169822 0.114707
1.162197 0.133662 1.169858 0.114505
1.162260 0.133432 1.169894 0.114304
1.162323 0.133202 1.169930 0.114102
1.162386 0.132971 1.169967 0.113900
1.162448 0.132741 1.170003 0.113698
1.162511 0.132511 1.170039 0.113497
1.162573 0.132280 1.170075 0.113295
1.162636 0.132049 1.170111 0.113093
1.162698 0.131819 1.170147 0.112891
1.162760 0.131588 1.170182 0.112689
1.162822 0.131357 1.170218 0.112487
1.162884 0.131126 1.170254 0.112285
1.162946 0.130895 1.170289 0.112083
1.163008 0.130664 1.170325 0.111881
1.163069 0.130433 1.170360 0.111679
1.163131 0.130202 1.170396 0.111477
1.163192 0.129971 1.170431 0.111275
1.163254 0.129740 1.170466 0.111073
1.163315 0.129508 1.170502 0.110871
1.163376 0.129277 1.170537 0.110668
1.163437 0.129046 1.170572 0.110466
1.163498 0.128814 1.170607 0.110264
1.163559 0.128583 1.170642 0.110062
1.163619 0.128351 1.170677 0.109859
1.163680 0.128119 1.170712 0.109657
1.163740 0.127888 1.170746 0.109454
1.163801 0.127656 1.170781 0.109252
1.163861 0.127424 1.170816 0.109049
1.163921 0.127192 1.170850 0.108847
1.163981 0.126960 1.170885 0.108644
1.164041 0.126728 1.170919 0.108442
1.164101 0.126496 1.170953 0.108239
1.164161 0.126264 1.170988 0.108037
1.164220 0.126031 1.171022 0.107834
1.164280 0.125799 1.171056 0.107631
1.164339 0.125567 1.171090 0.107429
1.164398 0.125334 1.171124 0.107226
1.164458 0.125102 1.171158 0.107023
1.164517 0.124869 1.171192 0.106820
1.164576 0.124637 1.171226 0.106618
1.164634 0.124404 1.171260 0.106415
1.164693 0.124171 1.171294 0.106212
1.164752 0.123939 1.171327 0.106009
1.164810 0.123706 1.171361 0.105806
1.164869 0.123473 1.171394 0.105603
1.164927 0.123240 1.171428 0.105400
1.164985 0.123007 1.171461 0.105197
1.165043 0.122774 1.171494 0.104994
1.165101 0.122541 1.171528 0.104791
1.165159 0.122307 1.171561 0.104588
1.165217 0.122074 1.171594 0.104384
1.165275 0.121841 1.171627 0.104181
1.165332 0.121608 1.171660 0.103978
1.165390 0.121374 1.171693 0.103775
1.165447 0.121141 1.171726 0.103572
1.165504 0.120907 1.171759 0.103368
1.165561 0.120673 1.171791 0.103165
1.165618 0.120440 1.171824 0.102962
1.165675 0.120206 1.171857 0.102758
1.165732 0.119972 1.171889 0.102555
1.165789 0.119738 1.171922 0.102351
1.165845 0.119505 1.171954 0.102148
1.165902 0.119271 1.171986 0.101944
1.165958 0.119037 1.172019 0.101741
1.166014 0.118803 1.172051 0.101537
1.166070 0.118568 1.172083 0.101334
1.166126 0.118334 1.172115 0.101130
1.166182 0.118100 1.172147 0.100926
1.166238 0.117866 1.172179 0.100723
1.166294 0.117631 1.172211 0.100519
1.166350 0.117397 1.172243 0.100315
1.166405 0.117162 1.172275 0.100112
1.166460 0.116928 1.172306 0.099908
1.166516 0.116693 1.172338 0.099704
1.166571 0.116459 1.172369 0.099500
1.166626 0.116224 1.172401 0.099296
1.166681 0.115989 1.172432 0.099092
1.166736 0.115754 1.172464 0.098889
1.166790 0.115520 1.172495 0.098685
1.166845 0.115285 1.172526 0.098481
1.166900 0.115050 1.172557 0.098277
1.166954 0.114815 1.172589 0.098073
1.167008 0.114580 1.172620 0.097869
1.167062 0.114344 1.172651 0.097665
1.167117 0.114109 1.172681 0.097460
1.167170 0.113874 1.172712 0.097256
1.167224 0.113639 1.172743 0.097052
1.167278 0.113403 1.172774 0.096848
1.167332 0.113168 1.172804 0.096644
1.167385 0.112932 1.172835 0.096439
1.167439 0.112697 1.172866 0.096235
1.167492 0.112461 1.172896 0.096031
1.167545 0.112226 1.172926 0.095827
1.167598 0.111990 1.172957 0.095622
1.167651 0.111754 1.172987 0.095418
1.167704 0.111518 1.173017 0.095213
1.167757 0.111283 1.173047 0.095009
1.167809 0.111047 1.173077 0.094805
1.167862 0.110811 1.173107 0.094600
1.167914 0.110575 1.173137 0.094396
1.167967 0.110339 1.173167 0.094191
1.168019 0.110102 1.173197 0.093987
1.168071 0.109866 1.173227 0.093782
1.168123 0.109630 1.173256 0.093577
1.168175 0.109394 1.173286 0.093373
1.168227 0.109157 1.173315 0.093168
1.168278 0.108921 1.173345 0.092963
1.168330 0.108685 1.173374 0.092759
1.168381 0.108448 1.173404 0.092554
1.168433 0.108212 1.173433 0.092349
1.168484 0.107975 1.173462 0.092144
1.168535 0.107738 1.173491 0.091940
1.168586 0.107502 1.173520 0.091735
1.168637 0.107265 1.173549 0.091530
1.168688 0.107028 1.173578 0.091325
1.168738 0.106791 1.173607 0.091120
1.168789 0.106554 1.173636 0.090915
1.168839 0.106317 1.173665 0.090710
1.168890 0.106080 1.173693 0.090505
1.168940 0.105843 1.173722 0.090300
1.168990 0.105606 1.173750 0.090095
1.169040 0.105369 1.173779 0.089890
1.169090 0.105132 1.173807 0.089685
1.169140 0.104894 1.173836 0.089480
1.169189 0.104657 1.173864 0.089275
1.169239 0.104420 1.173892 0.089069
1.169288 0.104182 1.173920 0.088864
1.169338 0.103945 1.173948 0.088659
1.169387 0.103707 1.173976 0.088454
1.169436 0.103470 1.174004 0.088249
1.169485 0.103232 1.174032 0.088043
1.169534 0.102995 1.174060 0.087838
1.169583 0.102757 1.174088 0.087633
1.169631 0.102519 1.174116 0.087427
1.169680 0.102281 1.174143 0.087222
1.169728 0.102043 1.174171 0.087017
1.169777 0.101805 1.174198 0.086811
1.169825 0.101567 1.174226 0.086606
1.169873 0.101329 1.174253 0.086400
1.169921 0.101091 1.174280 0.086195
1.169969 0.100853 1.174308 0.085989
1.170017 0.100615 1.174335 0.085784
1.170064 0.100377 1.174362 0.085578
1.170112 0.100139 1.174389 0.085372
1.170159 0.099900 1.174416 0.085167
1.170207 0.099662 1.174443 0.084961
1.170254 0.099424 1.174470 0.084755
1.170301 0.099185 1.174496 0.084550
1.170348 0.098947 1.174523 0.084344
1.170395 0.098708 1.174550 0.084138
1.170442 0.098469 1.174576 0.083933
1.170488 0.098231 1.174603 0.083727
1.170535 0.097992 1.174629 0.083521
1.170581 0.097753 1.174656 0.083315
1.170627 0.097515 1.174682 0.083109
1.170674 0.097276 1.174708 0.082903
1.170720 0.097037 1.174734 0.082697
1.170766 0.096798 1.174761 0.082492
1.170812 0.096559 1.174787 0.082286
1.170857 0.096320 1.174813 0.082080
1.170903 0.096081 1.174839 0.081874
1.170949 0.095842 1.174864 0.081668
1.170994 0.095603 1.174890 0.081462
1.171039 0.095363 1.174916 0.081256
1.171085 0.095124 1.174942 0.081049
1.171130 0.094885 1.174967 0.080843
1.171175 0.094646 1.174993 0.080637
1.171219 0.094406 1.175018 0.080431
1.171264 0.094167 1.175044 0.080225
1.171309 0.093927 1.175069 0.080019
1.171353 0.093688 1.175094 0.079813
1.171398 0.093448 1.175119 0.079606
1.171442 0.093209 1.175144 0.079400
1.171486 0.092969 1.175169 0.079194
1.171530 0.092729 1.175194 0.078987
1.171574 0.092489 1.175219 0.078781
1.171618 0.092250 1.175244 0.078575
1.171662 0.092010 1.175269 0.078368
1.171706 0.091770 1.175294 0.078162
1.171749 0.091530 1.175318 0.077956
1.171792 0.091290 1.175343 0.077749
1.171836 0.091050 1.175368 0.077543
1.171879 0.090810 1.175392 0.077336
1.171922 0.090570 1.175417 0.077130
1.171965 0.090330 1.175441 0.076923
1.172008 0.090089 1.175465 0.076717
1.172050 0.089849 1.175489 0.076510
1.172093 0.089609 1.175513 0.076304
1.172136 0.089369 1.175538 0.076097
1.172178 0.089128 1.175562 0.075890
1.172220 0.088888 1.175586 0.075684
1.172262 0.088647 1.175609 0.075477
1.172304 0.088407 1.175633 0.075270
1.172346 0.088166 1.175657 0.075064
1.172388 0.087926 1.175681 0.074857
1.172430 0.087685 1.175704 0.074650
1.172471 0.087444 1.175728 0.074443
1.172513 0.087204 1.175751 0.074237
1.172554 0.086963 1.175775 0.074030
1.172596 0.086722 1.175798 0.073823
1.172637 0.086481 1.175821 0.073616
1.172678 0.086240 1.175845 0.073409
1.172719 0.086000 1.175868 0.073202
1.172759 0.085759 1.175891 0.072996
1.172800 0.085518 1.175914 0.072789
1.172841 0.085277 1.175937 0.072582
1.172881 0.085035 1.175960 0.072375
1.172922 0.084794 1.175983 0.072168
1.172962 0.084553 1.176005 0.071961
1.173002 0.084312 1.176028 0.071754
1.173042 0.084071 1.176051 0.071547
1.173082 0.083829 1.176073 0.071340
1.173122 0.083588 1.176096 0.071133
1.173161 0.083347 1.176118 0.070925
1.173201 0.083105 1.176140 0.070718
1.173240 0.082864 1.176163 0.070511
1.173279 0.082622 1.176185 0.070304
1.173319 0.082381 1.176207 0.070097
1.173358 0.082139 1.176229 0.069890
1.173397 0.081898 1.176251 0.069682
1.173436 0.081656 1.176273 0.069475
1.173474 0.081414 1.176295 0.069268
1.173513 0.081173 1.176317 0.069061
1.173552 0.080931 1.176339 0.068853
1.173590 0.080689 1.176360 0.068646
1.173628 0.080447 1.176382 0.068439
1.173666 0.080205 1.176404 0.068231
1.173704 0.079963 1.176425 0.068024
1.173742 0.079721 1.176447 0.067817
1.173780 0.079479 1.176468 0.067609
1.173818 0.079237 1.176489 0.067402
1.173856 0.078995 1.176511 0.067194
1.173893 0.078753 1.176532 0.066987
1.173930 0.078511 1.176553 0.066779
1.173968 0.078269 1.176574 0.066572
1.174005 0.078027 1.176595 0.066364
1.174042 0.077784 1.176616 0.066157
1.174079 0.077542 1.176637 0.065949
1.174116 0.077300 1.176657 0.065742
1.174152 0.077057 1.176678 0.065534
1.174189 0.076815 1.176699 0.065326
1.174225 0.076572 1.176719 0.065119
1.174262 0.076330 1.176740 0.064911
1.174298 0.076087 1.176760 0.064704
1.174334 0.075845 1.176781 0.064496
1.174370 0.075602 1.176801 0.064288
1.174406 0.075360 1.176821 0.064080
1.174442 0.075117 1.176841 0.063873
1.174477 0.074874 1.176862 0.063665
1.174513 0.074632 1.176882 0.063457
1.174548 0.074389 1.176902 0.063249
1.174584 0.074146 1.176922 0.063042
1.174619 0.073903 1.176941 0.062834
1.174654 0.073660 1.176961 0.062626
1.174689 0.073417 1.176981 0.062418
1.174724 0.073174 1.177001 0.062210
1.174759 0.072931 1.177020 0.062002
1.174793 0.072688 1.177040 0.061794
1.174828 0.072445 1.177059 0.061587
1.174862 0.072202 1.177079 0.061379
1.174896 0.071959 1.177098 0.061171
1.174931 0.071716 1.177117 0.060963
1.174965 0.071473 1.177136 0.060755
1.174998 0.071229 1.177155 0.060547
1.175032 0.070986 1.177175 0.060339
1.175066 0.070743 1.177194 0.060131
1.175100 0.070499 1.177212 0.059923
1.175133 0.070256 1.177231 0.059715
1.175166 0.070013 1.177250 0.059506
1.175200 0.069769 1.177269 0.059298
1.175233 0.069526 1.177288 0.059090
1.175266 0.069282 1.177306 0.058882
1.175299 0.069039 1.177325 0.058674
1.175332 0.068795 1.177343 0.058466
1.175364 0.068551 1.177362 0.058258
1.175397 0.068308 1.177380 0.058049
1.175429 0.068064 1.177398 0.057841
1.175461 0.067820 1.177416 0.057633
1.175494 0.067577 1.177435 0.057425
1.175526 0.067333 1.177453 0.057216
1.175558 0.067089 1.177471 0.057008
1.175590 0.066845 1.177489 0.056800
1.175621 0.066601 1.177506 0.056592
1.175653 0.066357 1.177524 0.056383
1.175685 0.066114 1.177542 0.056175
1.175716 0.065870 1.177560 0.055967
1.175747 0.065626 1.177577 0.055758
1.175778 0.065381 1.177595 0.055550
1.175809 0.065137 1.177612 0.055341
1.175840 0.064893 1.177630 0.055133
1.175871 0.064649 1.177647 0.054925
1.175902 0.064405 1.177664 0.054716
1.175932 0.064161 1.177681 0.054508
1.175963 0.063917 1.177699 0.054299
1.175993 0.063672 1.177716 0.054091
1.176023 0.063428 1.177733 0.053882
1.176054 0.063184 1.177750 0.053674
1.176084 0.062939 1.177767 0.053465
1.176114 0.062695 1.177783 0.053257
1.176143 0.062451 1.177800 0.053048
1.176173 0.062206 1.177817 0.052839
1.176202 0.061962 1.177833 0.052631
1.176232 0.061717 1.177850 0.052422
1.176261 0.061473 1.177866 0.052214
1.176290 0.061228 1.177883 0.052005
1.176320 0.060984 1.177899 0.051796
1.176348 0.060739 1.177916 0.051588
1.176377 0.060494 1.177932 0.051379
1.176406 0.060250 1.177948 0.051170
1.176435 0.060005 1.177964 0.050962
1.176463 0.059760 1.177980 0.050753
1.176492 0.059515 1.177996 0.050544
1.176520 0.059271 1.178012 0.050335
1.176548 0.059026 1.178028 0.050127
1.176576 0.058781 1.178043 0.049918
1.176604 0.058536 1.178059 0.049709
1.176632 0.058291 1.178075 0.049500
1.176659 0.058046 1.178090 0.049291
1.176687 0.057801 1.178106 0.049083
1.176714 0.057556 1.178121 0.048874
1.176742 0.057311 1.178137 0.048665
1.176769 0.057066 1.178152 0.048456
1.176796 0.056821 1.178167 0.048247
1.176823 0.056576 1.178182 0.048038
1.176850 0.056331 1.178197 0.047829
1.176877 0.056086 1.178212 0.047621
1.176903 0.055841 1.178227 0.047412
1.176930 0.055595 1.178242 0.047203
1.176956 0.055350 1.178257 0.046994
1.176983 0.055105 1.178272 0.046785
1.177009 0.054860 1.178286 0.046576
1.177035 0.054614 1.178301 0.046367
1.177061 0.054369 1.178316 0.046158
1.177086 0.054124 1.178330 0.045949
1.177112 0.053878 1.178345 0.045740
1.177138 0.053633 1.178359 0.045531
1.177163 0.053387 1.178373 0.045322
1.177189 0.053142 1.178387 0.045112
1.177214 0.052896 1.178402 0.044903
1.177239 0.052651 1.178416 0.044694
1.177264 0.052405 1.178430 0.044485
1.177289 0.052160 1.178444 0.044276
1.177314 0.051914 1.178458 0.044067
1.177338 0.051669 1.178471 0.043858
1.177363 0.051423 1.178485 0.043649
1.177387 0.051177 1.178499 0.043440
1.177412 0.050932 1.178513 0.043230
1.177436 0.050686 1.178526 0.043021
1.177460 0.050440 1.178540 0.042812
1.177484 0.050194 1.178553 0.042603
1.177508 0.049949 1.178566 0.042393
1.177531 0.049703 1.178580 0.042184
1.177555 0.049457 1.178593 0.041975
1.177578 0.049211 1.178606 0.041766
1.177602 0.048965 1.178619 0.041556
1.177625 0.048719 1.178632 0.041347
1.177648 0.048473 1.178645 0.041138
1.177671 0.048227 1.178658 0.040929
1.177694 0.047981 1.178671 0.040719
1.177717 0.047735 1.178684 0.040510
1.177739 0.047489 1.178697 0.040301
1.177762 0.047243 1.178709 0.040091
1.177784 0.046997 1.178722 0.039882
1.177807 0.046751 1.178734 0.039673
1.177829 0.046505 1.178747 0.039463
1.177851 0.046259 1.178759 0.039254
1.177873 0.046013 1.178771 0.039044
1.177895 0.045767 1.178784 0.038835
1.177917 0.045520 1.178796 0.038626
1.177938 0.045274 1.178808 0.038416
1.177960 0.045028 1.178820 0.038207
1.177981 0.044782 1.178832 0.037997
1.178002 0.044535 1.178844 0.037788
1.178023 0.044289 1.178856 0.037578
1.178044 0.044043 1.178867 0.037369
1.178065 0.043796 1.178879 0.037159
1.178086 0.043550 1.178891 0.036950
1.178107 0.043303 1.178902 0.036740
1.178127 0.043057 1.178914 0.036531
1.178148 0.042811 1.178925 0.036321
1.178168 0.042564 1.178937 0.036112
1.178188 0.042318 1.178948 0.035902
1.178208 0.042071 1.178959 0.035693
1.178228 0.041825 1.178970 0.035483
1.178248 0.041578 1.178982 0.035273
1.178268 0.041332 1.178993 0.035064
1.178288 0.041085 1.179004 0.034854
1.178307 0.040838 1.179015 0.034645
1.178326 0.040592 1.179025 0.034435
1.178346 0.040345 1.179036 0.034225
1.178365 0.040098 1.179047 0.034016
1.178384 0.039852 1.179058 0.033806
1.178403 0.039605 1.179068 0.033596
1.178422 0.039358 1.179079 0.033387
1.178440 0.039112 1.179089 0.033177
1.178459 0.038865 1.179099 0.032967
1.178477 0.038618 1.179110 0.032758
1.178496 0.038371 1.179120 0.032548
1.178514 0.038124 1.179130 0.032338
1.178532 0.037878 1.179140 0.032129
1.178550 0.037631 1.179150 0.031919
1.178568 0.037384 1.179160 0.031709
1.178585 0.037137 1.179170 0.031499
1.178603 0.036890 1.179180 0.031290
1.178620 0.036643 1.179190 0.031080
1.178638 0.036396 1.179200 0.030870
1.178655 0.036149 1.179209 0.030660
1.178672 0.035902 1.179219 0.030450
1.178689 0.035655 1.179228 0.030241
1.178706 0.035408 1.179238 0.030031
1.178723 0.035161 1.179247 0.029821
1.178740 0.034914 1.179257 0.029611
1.178756 0.034667 1.179266 0.029401
1.178773 0.034420 1.179275 0.029192
1.178789 0.034173 1.179284 0.028982
1.178805 0.033926 1.179293 0.028772
1.178821 0.033679 1.179302 0.028562
1.178837 0.033432 1.179311 0.028352
1.178853 0.033184 1.179320 0.028142
1.178869 0.032937 1.179329 0.027932
1.178884 0.032690 1.179337 0.027723
1.178900 0.032443 1.179346 0.027513
1.178915 0.032196 1.179355 0.027303
1.178930 0.031948 1.179363 0.027093
1.178946 0.031701 1.179372 0.026883
1.178961 0.031454 1.179380 0.026673
1.178975 0.031207 1.179388 0.026463
1.178990 0.030959 1.179397 0.026253
1.179005 0.030712 1.179405 0.026043
1.179019 0.030465 1.179413 0.025833
1.179034 0.030217 1.179421 0.025623
1.179048 0.029970 1.179429 0.025413
1.179062 0.029723 1.179437 0.025203
1.179076 0.029475 1.179445 0.024993
1.179090 0.029228 1.179453 0.024783
1.179104 0.028980 1.179460 0.024573
1.179118 0.028733 1.179468 0.024363
1.179132 0.028485 1.179476 0.024153
1.179145 0.028238 1.179483 0.023943
1.179158 0.027990 1.179491 0.023733
1.179172 0.027743 1.179498 0.023523
1.179185 0.027496 1.179505 0.023313
1.179198 0.027248 1.179513 0.023103
1.179211 0.027000 1.179520 0.022893
1.179223 0.026753 1.179527 0.022683
1.179236 0.026505 1.179534 0.022473
1.179249 0.026258 1.179541 0.022263
1.179261 0.026010 1.179548 0.022053
1.179273 0.025763 1.179555 0.021843
1.179286 0.025515 1.179562 0.021633
1.179298 0.025267 1.179568 0.021423
1.179310 0.025020 1.179575 0.021212
1.179321 0.024772 1.179582 0.021002
1.179333 0.024525 1.179588 0.020792
1.179345 0.024277 1.179595 0.020582
1.179356 0.024029 1.179601 0.020372
1.179368 0.023782 1.179607 0.020162
1.179379 0.023534 1.179614 0.019952
1.179390 0.023286 1.179620 0.019742
1.179401 0.023038 1.179626 0.019532
1.179412 0.022791 1.179632 0.019321
1.179423 0.022543 1.179638 0.019111
1.179433 0.022295 1.179644 0.018901
1.179444 0.022047 1.179650 0.018691
1.179454 0.021800 1.179656 0.018481
1.179464 0.021552 1.179661 0.018271
1.179475 0.021304 1.179667 0.018060
1.179485 0.021056 1.179673 0.017850
1.179495 0.020808 1.179678 0.017640
1.179504 0.020561 1.179684 0.017430
1.179514 0.020313 1.179689 0.017220
1.179524 0.020065 1.179694 0.017009
1.179533 0.019817 1.179700 0.016799
1.179542 0.019569 1.179705 0.016589
1.179552 0.019321 1.179710 0.016379
1.179561 0.019074 1.179715 0.016169
1.179570 0.018826 1.179720 0.015958
1.179579 0.018578 1.179725 0.015748
1.179587 0.018330 1.179730 0.015538
1.179596 0.018082 1.179735 0.015328
1.179604 0.017834 1.179739 0.015117
1.179613 0.017586 1.179744 0.014907
1.179621 0.017338 1.179749 0.014697
1.179629 0.017090 1.179753 0.014487
1.179637 0.016842 1.179758 0.014276
1.179645 0.016594 1.179762 0.014066
1.179653 0.016346 1.179766 0.013856
1.179661 0.016098 1.179771 0.013646
1.179668 0.015850 1.179775 0.013435
1.179676 0.015602 1.179779 0.013225
1.179683 0.015354 1.179783 0.013015
1.179690 0.015106 1.179787 0.012805
1.179697 0.014858 1.179791 0.012594
1.179704 0.014610 1.179795 0.012384
1.179711 0.014362 1.179799 0.012174
1.179718 0.014114 1.179802 0.011963
1.179725 0.013866 1.179806 0.011753
1.179731 0.013618 1.179810 0.011543
1.179737 0.013370 1.179813 0.011333
1.179744 0.013122 1.179817 0.011122
1.179750 0.012874 1.179820 0.010912
1.179756 0.012626 1.179823 0.010702
1.179762 0.012378 1.179827 0.010491
1.179768 0.012130 1.179830 0.010281
1.179773 0.011882 1.179833 0.010071
1.179779 0.011633 1.179836 0.009860
1.179784 0.011385 1.179839 0.009650
1.179789 0.011137 1.179842 0.009440
1.179795 0.010889 1.179845 0.009229
1.179800 0.010641 1.179848 0.009019
1.179805 0.010393 1.179850 0.008809
1.179810 0.010145 1.179853 0.008598
1.179814 0.009897 1.179856 0.008388
1.179819 0.009648 1.179858 0.008178
1.179823 0.009400 1.179861 0.007967
1.179828 0.009152 1.179863 0.007757
1.179832 0.008904 1.179866 0.007547
1.179836 0.008656 1.179868 0.007336
1.179840 0.008408 1.179870 0.007126
1.179844 0.008159 1.179872 0.006916
1.179848 0.007911 1.179874 0.006705
1.179851 0.007663 1.179876 0.006495
1.179855 0.007415 1.179878 0.006285
1.179858 0.007167 1.179880 0.006074
1.179862 0.006919 1.179882 0.005864
1.179865 0.006670 1.179884 0.005653
1.179868 0.006422 1.179885 0.005443
1.179871 0.006174 1.179887 0.005233
1.179874 0.005926 1.179888 0.005022
1.179876 0.005678 1.179890 0.004812
1.179879 0.005429 1.179891 0.004602
1.179881 0.005181 1.179893 0.004391
1.179884 0.004933 1.179894 0.004181
1.179886 0.004685 1.179895 0.003970
1.179888 0.004437 1.179896 0.003760
1.179890 0.004188 1.179897 0.003550
1.179892 0.003940 1.179898 0.003339
1.179894 0.003692 1.179899 0.003129
1.179895 0.003444 1.179900 0.002919
1.179897 0.003195 1.179901 0.002708
1.179898 0.002947 1.179902 0.002498
1.179899 0.002699 1.179902 0.002287
1.179901 0.002451 1.179903 0.002077
1.179902 0.002203 1.179904 0.001867
1.179903 0.001954 1.179904 0.001656
1.179903 0.001706 1.179905 0.001446
1.179904 0.001458 1.179905 0.001236
1.179905 0.001210 1.179905 0.001025
1.179905 0.000961 1.179905 0.000815
1.179905 0.000713 1.179906 0.000604
1.179906 0.000465 1.179906 0.000394
1.179906 0.000217 1.179906 0.000184
1.179906 -0.000032 1.179906 -0.000027
1.179905 -0.000280 1.179905 -0.000237
1.179905 -0.000528 1.179905 -0.000447
1.179905 -0.000776 1.179905 -0.000658
1.179904 -0.001024 1.179905 -0.000868
1.179904 -0.001273 1.179904 -0.001079
1.179903 -0.001521 1.179904 -0.001289
1.179902 -0.001769 1.179903 -0.001499
1.179901 -0.002017 1.179903 -0.001710
1.179900 -0.002266 1.179902 -0.001920
1.179899 -0.002514 1.179901 -0.002131
1.179897 -0.002762 1.179901 -0.002341
1.179896 -0.003010 1.179900 -0.002551
1.179894 -0.003258 1.179899 -0.002762
1.179893 -0.003507 1.179898 -0.002972
1.179891 -0.003755 1.179897 -0.003182
1.179889 -0.004003 1.179896 -0.003393
1.179887 -0.004251 1.179895 -0.003603
1.179885 -0.004500 1.179893 -0.003814
1.179882 -0.004748 1.179892 -0.004024
1.179880 -0.004996 1.179891 -0.004234
1.179878 -0.005244 1.179889 -0.004445
1.179875 -0.005492 1.179888 -0.004655
1.179872 -0.005741 1.179886 -0.004865
1.179869 -0.005989 1.179884 -0.005076
1.179866 -0.006237 1.179883 -0.005286
1.179863 -0.006485 1.179881 -0.005496
1.179860 -0.006733 1.179879 -0.005707
1.179857 -0.006982 1.179877 -0.005917
1.179853 -0.007230 1.179875 -0.006128
1.179849 -0.007478 1.179873 -0.006338
1.179846 -0.007726 1.179871 -0.006548
1.179842 -0.007974 1.179869 -0.006759
1.179838 -0.008222 1.179867 -0.006969
1.179834 -0.008471 1.179864 -0.007179
1.179830 -0.008719 1.179862 -0.007390
1.179825 -0.008967 1.179859 -0.007600
1.179821 -0.009215 1.179857 -0.007810
1.179816 -0.009463 1.179854 -0.008021
1.179812 -0.009711 1.179852 -0.008231
1.179807 -0.009959 1.179849 -0.008441
1.179802 -0.010208 1.179846 -0.008652
1.179797 -0.010456 1.179843 -0.008862
1.179792 -0.010704 1.179840 -0.009072
1.179787 -0.010952 1.179838 -0.009283
1.179781 -0.011200 1.179834 -0.009493
1.179776 -0.011448 1.179831 -0.009703
1.179770 -0.011696 1.179828 -0.009914
1.179764 -0.011944 1.179825 -0.010124
1.179759 -0.012192 1.179822 -0.010334
1.179753 -0.012440 1.179818 -0.010545
1.179747 -0.012689 1.179815 -0.010755
1.179740 -0.012937 1.179811 -0.010965
1.179734 -0.013185 1.179808 -0.011175
1.179728 -0.013433 1.179804 -0.011386
1.179721 -0.013681 1.179800 -0.011596
1.179714 -0.013929 1.179797 -0.011806
1.179708 -0.014177 1.179793 -0.012017
1.179701 -0.014425 1.179789 -0.012227
1.179694 -0.014673 1.179785 -0.012437
1.179686 -0.014921 1.179781 -0.012647
1.179679 -0.015169 1.179777 -0.012858
1.179672 -0.015417 1.179773 -0.013068
1.179664 -0.015665 1.179768 -0.013278
1.179657 -0.015913 1.179764 -0.013489
1.179649 -0.016161 1.179760 -0.013699
1.179641 -0.016409 1.179755 -0.013909
1.179633 -0.016657 1.179751 -0.014119
1.179625 -0.016905 1.179746 -0.014330
1.179617 -0.017153 1.179741 -0.014540
1.179608 -0.017401 1.179737 -0.014750
1.179600 -0.017648 1.179732 -0.014960
1.179591 -0.017896 1.179727 -0.015171
1.179583 -0.018144 1.179722 -0.015381
1.179574 -0.018392 1.179717 -0.015591
1.179565 -0.018640 1.179712 -0.015801
1.179556 -0.018888 1.179707 -0.016011
1.179547 -0.019136 1.179702 -0.016222
1.179537 -0.019384 1.179697 -0.016432
1.179528 -0.019632 1.179691 -0.016642
1.179519 -0.019879 1.179686 -0.016852
1.179509 -0.020127 1.179681 -0.017062
1.179499 -0.020375 1.179675 -0.017273
1.179489 -0.020623 1.179670 -0.017483
1.179479 -0.020871 1.179664 -0.017693
1.179469 -0.021118 1.179658 -0.017903
1.179459 -0.021366 1.179652 -0.018113
1.179449 -0.021614 1.179647 -0.018323
1.179438 -0.021862 1.179641 -0.018534
1.179427 -0.022110 1.179635 -0.018744
1.179417 -0.022357 1.179629 -0.018954
1.179406 -0.022605 1.179623 -0.019164
1.179395 -0.022853 1.179616 -0.019374
1.179384 -0.023100 1.179610 -0.019584
1.179373 -0.023348 1.179604 -0.019794
1.179361 -0.023596 1.179597 -0.020005
1.179350 -0.023843 1.179591 -0.020215
1.179339 -0.024091 1.179585 -0.020425
1.179327 -0.024339 1.179578 -0.020635
1.179315 -0.024586 1.179571 -0.020845
1.179303 -0.024834 1.179565 -0.021055
1.179291 -0.025082 1.179558 -0.021265
1.179279 -0.025329 1.179551 -0.021475
1.179267 -0.025577 1.179544 -0.021685
1.179254 -0.025824 1.179537 -0.021895
1.179242 -0.026072 1.179530 -0.022105
1.179229 -0.026319 1.179523 -0.022316
1.179217 -0.026567 1.179516 -0.022526
1.179204 -0.026815 1.179509 -0.022736
1.179191 -0.027062 1.179501 -0.022946
1.179178 -0.027310 1.179494 -0.023156
1.179165 -0.027557 1.179487 -0.023366
1.179151 -0.027805 1.179479 -0.023576
1.179138 -0.028052 1.179472 -0.023786
1.179124 -0.028299 1.179464 -0.023996
1.179111 -0.028547 1.179456 -0.024206
1.179097 -0.028794 1.179448 -0.024416
1.179083 -0.029042 1.179441 -0.024626
1.179069 -0.029289 1.179433 -0.024836
1.179055 -0.029536 1.179425 -0.025046
1.179041 -0.029784 1.179417 -0.025256
1.179026 -0.030031 1.179409 -0.025466
1.179012 -0.030278 1.179400 -0.025676
1.178997 -0.030526 1.179392 -0.025886
1.178982 -0.030773 1.179384 -0.026095
1.178968 -0.031020 1.179376 -0.026305
1.178953 -0.031268 1.179367 -0.026515
1.178937 -0.031515 1.179359 -0.026725
1.178922 -0.031762 1.179350 -0.026935
1.178907 -0.032009 1.179341 -0.027145
1.178892 -0.032257 1.179333 -0.027355
1.178876 -0.032504 1.179324 -0.027565
1.178860 -0.032751 1.179315 -0.027775
1.178845 -0.032998 1.179306 -0.027985
1.178829 -0.033245 1.179297 -0.028194
1.178813 -0.033492 1.179288 -0.028404
1.178796 -0.033739 1.179279 -0.028614
1.178780 -0.033987 1.179270 -0.028824
1.178764 -0.034234 1.179261 -0.029034
1.178747 -0.034481 1.179252 -0.029244
1.178731 -0.034728 1.179242 -0.029453
1.178714 -0.034975 1.179233 -0.029663
1.178697 -0.035222 1.179223 -0.029873
1.178680 -0.035469 1.179214 -0.030083
1.178663 -0.035716 1.179204 -0.030293
1.178646 -0.035963 1.179194 -0.030502
1.178629 -0.036210 1.179185 -0.030712
1.178611 -0.036457 1.179175 -0.030922
1.178594 -0.036703 1.179165 -0.031132
1.178576 -0.036950 1.179155 -0.031341
1.178558 -0.037197 1.179145 -0.031551
1.178540 -0.037444 1.179135 -0.031761
1.178522 -0.037691 1.179125 -0.031971
1.178504 -0.037938 1.179114 -0.032180
1.178486 -0.038184 1.179104 -0.032390
1.178467 -0.038431 1.179094 -0.032600
1.178449 -0.038678 1.179083 -0.032809
1.178430 -0.038925 1.179073 -0.033019
1.178412 -0.039171 1.179062 -0.033229
1.178393 -0.039418 1.179052 -0.033438
1.178374 -0.039665 1.179041 -0.033648
1.178355 -0.039912 1.179030 -0.033858
1.178335 -0.040158 1.179020 -0.034067
1.178316 -0.040405 1.179009 -0.034277
1.178297 -0.040651 1.178998 -0.034486
1.178277 -0.040898 1.178987 -0.034696
1.178257 -0.041145 1.178976 -0.034906
1.178238 -0.041391 1.178964 -0.035115
1.178218 -0.041638 1.178953 -0.035325
1.178198 -0.041884 1.178942 -0.035534
1.178178 -0.042131 1.178931 -0.035744
1.178157 -0.042377 1.178919 -0.035953
1.178137 -0.042624 1.178908 -0.036163
1.178116 -0.042870 1.178896 -0.036372
1.178096 -0.043116 1.178885 -0.036582
1.178075 -0.043363 1.178873 -0.036792
1.178054 -0.043609 1.178861 -0.037001
1.178033 -0.043855 1.178849 -0.037210
1.178012 -0.044102 1.178837 -0.037420
1.177991 -0.044348 1.178825 -0.037629
1.177970 -0.044594 1.178813 -0.037839
1.177948 -0.044841 1.178801 -0.038048
1.177927 -0.045087 1.178789 -0.038258
1.177905 -0.045333 1.178777 -0.038467
1.177883 -0.045579 1.178765 -0.038677
1.177861 -0.045825 1.178752 -0.038886
1.177839 -0.046071 1.178740 -0.039095
1.177817 -0.046318 1.178727 -0.039305
1.177795 -0.046564 1.178715 -0.039514
1.177773 -0.046810 1.178702 -0.039723
1.177750 -0.047056 1.178690 -0.039933
1.177727 -0.047302 1.178677 -0.040142
1.177705 -0.047548 1.178664 -0.040351
1.177682 -0.047794 1.178651 -0.040561
1.177659 -0.048040 1.178638 -0.040770
1.177636 -0.048286 1.178625 -0.040979
1.177613 -0.048532 1.178612 -0.041189
1.177589 -0.048778 1.178599 -0.041398
1.177566 -0.049023 1.178586 -0.041607
1.177542 -0.049269 1.178573 -0.041816
1.177519 -0.049515 1.178559 -0.042026
1.177495 -0.049761 1.178546 -0.042235
1.177471 -0.050007 1.178532 -0.042444
1.177447 -0.050252 1.178519 -0.042653
1.177423 -0.050498 1.178505 -0.042862
1.177399 -0.050744 1.178492 -0.043072
1.177374 -0.050989 1.178478 -0.043281
1.177350 -0.051235 1.178464 -0.043490
1.177325 -0.051481 1.178450 -0.043699
1.177300 -0.051726 1.178436 -0.043908
1.177276 -0.051972 1.178422 -0.044117
1.177251 -0.052217 1.178408 -0.044326
1.177226 -0.052463 1.178394 -0.044535
1.177200 -0.052708 1.178380 -0.044744
1.177175 -0.052954 1.178366 -0.044954
1.177150 -0.053199 1.178351 -0.045163
1.177124 -0.053445 1.178337 -0.045372
1.177099 -0.053690 1.178322 -0.045581
1.177073 -0.053935 1.178308 -0.045790
1.177047 -0.054181 1.178293 -0.045999
1.177021 -0.054426 1.178279 -0.046208
1.176995 -0.054671 1.178264 -0.046417
1.176969 -0.054917 1.178249 -0.046626
1.176942 -0.055162 1.178234 -0.046835
1.176916 -0.055407 1.178219 -0.047043
1.176889 -0.055652 1.178204 -0.047252
1.176862 -0.055897 1.178189 -0.047461
1.176836 -0.056143 1.178174 -0.047670
1.176809 -0.056388 1.178159 -0.047879
1.176782 -0.056633 1.178144 -0.048088
1.176754 -0.056878 1.178128 -0.048297
1.176727 -0.057123 1.178113 -0.048506
1.176700 -0.057368 1.178097 -0.048715
1.176672 -0.057613 1.178082 -0.048923
1.176645 -0.057858 1.178066 -0.049132
1.176617 -0.058103 1.178051 -0.049341
1.176589 -0.058347 1.178035 -0.049550
1.176561 -0.058592 1.178019 -0.049758
1.176533 -0.058837 1.178003 -0.049967
1.176505 -0.059082 1.177987 -0.050176
1.176476 -0.059327 1.177971 -0.050385
1.176448 -0.059571 1.177955 -0.050593
1.176419 -0.059816 1.177939 -0.050802
1.176391 -0.060061 1.177923 -0.051011
1.176362 -0.060305 1.177907 -0.051219
1.176333 -0.060550 1.177890 -0.051428
1.176304 -0.060795 1.177874 -0.051637
1.176275 -0.061039 1.177858 -0.051845
1.176246 -0.061284 1.177841 -0.052054
1.176216 -0.061528 1.177824 -0.052263
1.176187 -0.061773 1.177808 -0.052471
1.176157 -0.062017 1.177791 -0.052680
1.176127 -0.062261 1.177774 -0.052888
1.176098 -0.062506 1.177757 -0.053097
1.176068 -0.062750 1.177741 -0.053305
1.176038 -0.062994 1.177724 -0.053514
1.176007 -0.063239 1.177707 -0.053722
1.175977 -0.063483 1.177689 -0.053931
1.175947 -0.063727 1.177672 -0.054139
1.175916 -0.063971 1.177655 -0.054348
1.175886 -0.064216 1.177638 -0.054556
1.175855 -0.064460 1.177620 -0.054765
1.175824 -0.064704 1.177603 -0.054973
1.175793 -0.064948 1.177585 -0.055181
1.175762 -0.065192 1.177568 -0.055390
1.175731 -0.065436 1.177550 -0.055598
1.175699 -0.065680 1.177532 -0.055806
1.175668 -0.065924 1.177515 -0.056015
1.175636 -0.066168 1.177497 -0.056223
1.175605 -0.066412 1.177479 -0.056431
1.175573 -0.066655 1.177461 -0.056640
1.175541 -0.066899 1.177443 -0.056848
1.175509 -0.067143 1.177425 -0.057056
1.175477 -0.067387 1.177407 -0.057264
1.175444 -0.067630 1.177388 -0.057473
1.175412 -0.067874 1.177370 -0.057681
1.175379 -0.068118 1.177352 -0.057889
1.175347 -0.068361 1.177333 -0.058097
1.175314 -0.068605 1.177315 -0.058305
1.175281 -0.068848 1.177296 -0.058514
1.175248 -0.069092 1.177277 -0.058722
1.175215 -0.069335 1.177259 -0.058930
1.175182 -0.069579 1.177240 -0.059138
1.175149 -0.069822 1.177221 -0.059346
1.175115 -0.070066 1.177202 -0.059554
1.175082 -0.070309 1.177183 -0.059762
1.175048 -0.070552 1.177164 -0.059970
1.175014 -0.070796 1.177145 -0.060178
1.174980 -0.071039 1.177126 -0.060386
1.174946 -0.071282 1.177107 -0.060594
1.174912 -0.071525 1.177087 -0.060802
1.174878 -0.071768 1.177068 -0.061010
1.174844 -0.072011 1.177049 -0.061218
1.174809 -0.072255 1.177029 -0.061426
1.174775 -0.072498 1.177010 -0.061634
1.174740 -0.072741 1.176990 -0.061842
1.174705 -0.072983 1.176970 -0.062049
1.174670 -0.073226 1.176951 -0.062257
1.174635 -0.073469 1.176931 -0.062465
1.174600 -0.073712 1.176911 -0.062673
1.174565 -0.073955 1.176891 -0.062881
1.174530 -0.074198 1.176871 -0.063088
1.174494 -0.074440 1.176851 -0.063296
1.174458 -0.074683 1.176831 -0.063504
1.174423 -0.074926 1.176810 -0.063712
1.174387 -0.075169 1.176790 -0.063919
1.174351 -0.075411 1.176770 -0.064127
1.174315 -0.075654 1.176749 -0.064335
1.174279 -0.075896 1.176729 -0.064542
1.174242 -0.076139 1.176708 -0.064750
1.174206 -0.076381 1.176688 -0.064958
1.174170 -0.076624 1.176667 -0.065165
1.174133 -0.076866 1.176646 -0.065373
1.174096 -0.077108 1.176625 -0.065580
1.174059 -0.077351 1.176605 -0.065788
1.174022 -0.077593 1.176584 -0.065995
1.173985 -0.077835 1.176563 -0.066203
1.173948 -0.078077 1.176541 -0.066410
1.173911 -0.078319 1.176520 -0.066618
1.173873 -0.078562 1.176499 -0.066825
1.173836 -0.078804 1.176478 -0.067033
1.173798 -0.079046 1.176457 -0.067240
1.173760 -0.079288 1.176435 -0.067448
1.173722 -0.079530 1.176414 -0.067655
1.173684 -0.079771 1.176392 -0.067862
1.173646 -0.080013 1.176370 -0.068070
1.173608 -0.080255 1.176349 -0.068277
1.173570 -0.080497 1.176327 -0.068484
1.173531 -0.080739 1.176305 -0.068692
1.173493 -0.080981 1.176283 -0.068899
1.173454 -0.081222 1.176261 -0.069106
1.173415 -0.081464 1.176239 -0.069313
1.173376 -0.081705 1.176217 -0.069521
1.173337 -0.081947 1.176195 -0.069728
1.173298 -0.082189 1.176173 -0.069935
1.173259 -0.082430 1.176151 -0.070142
1.173219 -0.082671 1.176128 -0.070349
1.173180 -0.082913 1.176106 -0.070556
1.173140 -0.083154 1.176084 -0.070763
1.173100 -0.083396 1.176061 -0.070970
1.173061 -0.083637 1.176038 -0.071178
1.173021 -0.083878 1.176016 -0.071385
1.172981 -0.084119 1.175993 -0.071592
1.172940 -0.084360 1.175970 -0.071799
1.172900 -0.084602 1.175947 -0.072006
1.172860 -0.084843 1.175924 -0.072213
1.172819 -0.085084 1.175901 -0.072419
1.172779 -0.085325 1.175878 -0.072626
1.172738 -0.085566 1.175855 -0.072833
1.172697 -0.085807 1.175832 -0.073040
1.172656 -0.086047 1.175809 -0.073247
1.172615 -0.086288 1.175785 -0.073454
1.172574 -0.086529 1.175762 -0.073661
1.172532 -0.086770 1.175739 -0.073867
1.172491 -0.087011 1.175715 -0.074074
1.172449 -0.087251 1.175692 -0.074281
1.172408 -0.087492 1.175668 -0.074488
1.172366 -0.087732 1.175644 -0.074694
1.172324 -0.087973 1.175620 -0.074901
1.172282 -0.088213 1.175597 -0.075108
1.172240 -0.088454 1.175573 -0.075314
1.172198 -0.088694 1.175549 -0.075521
1.172156 -0.088935 1.175525 -0.075728
1.172113 -0.089175 1.175500 -0.075934
1.172071 -0.089415 1.175476 -0.076141
1.172028 -0.089655 1.175452 -0.076347
1.171985 -0.089896 1.175428 -0.076554
1.171942 -0.090136 1.175403 -0.076760
1.171899 -0.090376 1.175379 -0.076967
1.171856 -0.090616 1.175354 -0.077173
1.171813 -0.090856 1.175330 -0.077380
1.171770 -0.091096 1.175305 -0.077586
1.171726 -0.091336 1.175280 -0.077793
1.171682 -0.091576 1.175256 -0.077999
1.171639 -0.091816 1.175231 -0.078205
1.171595 -0.092055 1.175206 -0.078412
1.171551 -0.092295 1.175181 -0.078618
1.171507 -0.092535 1.175156 -0.078824
1.171463 -0.092775 1.175131 -0.079031
1.171419 -0.093014 1.175106 -0.079237
1.171374 -0.093254 1.175080 -0.079443
1.171330 -0.093493 1.175055 -0.079649
1.171285 -0.093733 1.175030 -0.079855
1.171241 -0.093972 1.175004 -0.080062
1.171196 -0.094212 1.174979 -0.080268
1.171151 -0.094451 1.174953 -0.080474
1.171106 -0.094690 1.174928 -0.080680
1.171061 -0.094929 1.174902 -0.080886
1.171015 -0.095169 1.174876 -0.081092
1.170970 -0.095408 1.174850 -0.081298
1.170925 -0.095647 1.174825 -0.081504
1.170879 -0.095886 1.174799 -0.081710
1.170833 -0.096125 1.174773 -0.081916
1.170787 -0.096364 1.174746 -0.082122
1.170742 -0.096603 1.174720 -0.082328
1.170695 -0.096842 1.174694 -0.082534
1.170649 -0.097081 1.174668 -0.082740
1.170603 -0.097319 1.174641 -0.082945
1.170557 -0.097558 1.174615 -0.083151
1.170510 -0.097797 1.174589 -0.083357
1.170464 -0.098035 1.174562 -0.083563
1.170417 -0.098274 1.174535 -0.083768
1.170370 -0.098513 1.174509 -0.083974
1.170323 -0.098751 1.174482 -0.084180
1.170276 -0.098990 1.174455 -0.084386
1.170229 -0.099228 1.174428 -0.084591
1.170182 -0.099466 1.174401 -0.084797
1.170134 -0.099705 1.174374 -0.085002
1.170087 -0.099943 1.174347 -0.085208
1.170039 -0.100181 1.174320 -0.085414
1.169991 -0.100419 1.174293 -0.085619
1.169944 -0.100657 1.174266 -0.085825
1.169896 -0.100895 1.174238 -0.086030
1.169848 -0.101133 1.174211 -0.086236
1.169799 -0.101371 1.174183 -0.086441
1.169751 -0.101609 1.174156 -0.086647
1.169703 -0.101847 1.174128 -0.086852
1.169654 -0.102085 1.174101 -0.087057
1.169606 -0.102323 1.174073 -0.087263
1.169557 -0.102560 1.174045 -0.087468
1.169508 -0.102798 1.174017 -0.087673
1.169459 -0.103036 1.173989 -0.087879
1.169410 -0.103273 1.173961 -0.088084
1.169361 -0.103511 1.173933 -0.088289
1.169312 -0.103748 1.173905 -0.088494
1.169262 -0.103986 1.173877 -0.088699
1.169213 -0.104223 1.173849 -0.088905
1.169163 -0.104460 1.173820 -0.089110
1.169113 -0.104698 1.173792 -0.089315
1.169064 -0.104935 1.173764 -0.089520
1.169014 -0.105172 1.173735 -0.089725
1.168964 -0.105409 1.173706 -0.089930
1.168913 -0.105646 1.173678 -0.090135
1.168863 -0.105883 1.173649 -0.090340
1.168813 -0.106120 1.173620 -0.090545
1.168762 -0.106357 1.173591 -0.090750
1.168712 -0.106594 1.173563 -0.090955
1.168661 -0.106831 1.173534 -0.091160
1.168610 -0.107067 1.173505 -0.091364
1.168559 -0.107304 1.173475 -0.091569
1.168508 -0.107541 1.173446 -0.091774
1.168457 -0.107777 1.173417 -0.091979
1.168406 -0.108014 1.173388 -0.092184
1.168354 -0.108250 1.173358 -0.092388
1.168303 -0.108487 1.173329 -0.092593
1.168251 -0.108723 1.173299 -0.092798
1.168199 -0.108960 1.173270 -0.093002
1.168148 -0.109196 1.173240 -0.093207
1.168096 -0.109432 1.173211 -0.093411
1.168044 -0.109668 1.173181 -0.093616
1.167992 -0.109904 1.173151 -0.093821
1.167939 -0.110140 1.173121 -0.094025
1.167887 -0.110376 1.173091 -0.094230
1.167834 -0.110612 1.173061 -0.094434
1.167782 -0.110848 1.173031 -0.094639
1.167729 -0.111084 1.173001 -0.094843
1.167676 -0.111320 1.172971 -0.095047
1.167623 -0.111556 1.172940 -0.095252
1.167570 -0.111791 1.172910 -0.095456
1.167517 -0.112027 1.172880 -0.095660
1.167464 -0.112263 1.172849 -0.095865
1.167411 -0.112498 1.172819 -0.096069
1.167357 -0.112734 1.172788 -0.096273
1.167304 -0.112969 1.172757 -0.096477
1.167250 -0.113204 1.172726 -0.096681
1.167196 -0.113440 1.172696 -0.096886
1.167142 -0.113675 1.172665 -0.097090
1.167088 -0.113910 1.172634 -0.097294
1.167034 -0.114145 1.172603 -0.097498
1.166980 -0.114380 1.172572 -0.097702
1.166925 -0.114615 1.172541 -0.097906
1.166871 -0.114850 1.172509 -0.098110
1.166816 -0.115085 1.172478 -0.098314
1.166762 -0.115320 1.172447 -0.098518
1.166707 -0.115555 1.172415 -0.098722
1.166652 -0.115790 1.172384 -0.098926
1.166597 -0.116024 1.172352 -0.099129
1.166542 -0.116259 1.172321 -0.099333
1.166487 -0.116494 1.172289 -0.099537
1.166431 -0.116728 1.172257 -0.099741
1.166376 -0.116963 1.172226 -0.099944
1.166320 -0.117197 1.172194 -0.100148
1.166265 -0.117431 1.172162 -0.100352
1.166209 -0.117666 1.172130 -0.100556
1.166153 -0.117900 1.172098 -0.100759
1.166097 -0.118134 1.172066 -0.100963
1.166041 -0.118368 1.172034 -0.101166
1.165985 -0.118602 1.172001 -0.101370
1.165929 -0.118836 1.171969 -0.101573
1.165872 -0.119070 1.171937 -0.101777
1.165816 -0.119304 1.171904 -0.101980
1.165759 -0.119538 1.171872 -0.102184
1.165702 -0.119772 1.171839 -0.102387
1.165645 -0.120005 1.171806 -0.102590
1.165588 -0.120239 1.171774 -0.102794
1.165531 -0.120473 1.171741 -0.102997
1.165474 -0.120706 1.171708 -0.103200
1.165417 -0.120940 1.171675 -0.103404
1.165359 -0.121173 1.171642 -0.103607
1.165302 -0.121407 1.171609 -0.103810
1.165244 -0.121640 1.171576 -0.104013
1.165187 -0.121873 1.171543 -0.104216
1.165129 -0.122106 1.171510 -0.104419
1.165071 -0.122339 1.171476 -0.104623
1.165013 -0.122572 1.171443 -0.104826
1.164955 -0.122805 1.171410 -0.105029
1.164896 -0.123038 1.171376 -0.105232
1.164838 -0.123271 1.171343 -0.105435
1.164780 -0.123504 1.171309 -0.105638
1.164721 -0.123737 1.171275 -0.105840
1.164662 -0.123970 1.171242 -0.106043
1.164604 -0.124202 1.171208 -0.106246
1.164545 -0.124435 1.171174 -0.106449
1.164486 -0.124667 1.171140 -0.106652
1.164427 -0.124900 1.171106 -0.106854
1.164367 -0.125132 1.171072 -0.107057
1.164308 -0.125365 1.171038 -0.107260
1.164249 -0.125597 1.171004 -0.107463
1.164189 -0.125829 1.170969 -0.107665
1.164129 -0.126061 1.170935 -0.107868
1.164070 -0.126293 1.170901 -0.108070
1.164010 -0.126526 1.170866 -0.108273
1.163950 -0.126758 1.170832 -0.108475
1.163890 -0.126989 1.170797 -0.108678
1.163829 -0.127221 1.170762 -0.108880
1.163769 -0.127453 1.170728 -0.109083
1.163709 -0.127685 1.170693 -0.109285
1.163648 -0.127917 1.170658 -0.109488
1.163588 -0.128148 1.170623 -0.109690
1.163527 -0.128380 1.170588 -0.109892
1.163466 -0.128611 1.170553 -0.110094
1.163405 -0.128843 1.170518 -0.110297
1.163344 -0.129074 1.170483 -0.110499
1.163283 -0.129305 1.170447 -0.110701
1.163222 -0.129537 1.170412 -0.110903
1.163160 -0.129768 1.170377 -0.111105
1.163099 -0.129999 1.170341 -0.111307
1.163037 -0.130230 1.170306 -0.111509
1.162976 -0.130461 1.170270 -0.111711
1.162914 -0.130692 1.170235 -0.111913
1.162852 -0.130923 1.170199 -0.112115
1.162790 -0.131153 1.170163 -0.112317
1.162728 -0.131384 1.170127 -0.112519
1.162666 -0.131615 1.170091 -0.112721
1.162603 -0.131845 1.170055 -0.112923
1.162541 -0.132076 1.170019 -0.113125
1.162478 -0.132306 1.169983 -0.113326
1.162416 -0.132537 1.169947 -0.113528
1.162353 -0.132767 1.169911 -0.113730
1.162290 -0.132997 1.169875 -0.113932
1.162227 -0.133228 1.169838 -0.114133
1.162164 -0.133458 1.169802 -0.114335
1.162101 -0.133688 1.169765 -0.114536
1.162038 -0.133918 1.169729 -0.114738
1.161974 -0.134148 1.169692 -0.114939
1.161911 -0.134378 1.169656 -0.115141
1.161847 -0.134608 1.169619 -0.115342
1.161783 -0.134837 1.169582 -0.115544
1.161720 -0.135067 1.169545 -0.115745
1.161656 -0.135297 1.169508 -0.115947
1.161592 -0.135526 1.169471 -0.116148
1.161528 -0.135756 1.169434 -0.116349
1.161463 -0.135985 1.169397 -0.116550
1.161399 -0.136215 1.169360 -0.116752
1.161335 -0.136444 1.169322 -0.116953
1.161270 -0.136673 1.169285 -0.117154
1.161205 -0.136902 1.169248 -0.117355
1.161141 -0.137131 1.169210 -0.117556
1.161076 -0.137360 1.169173 -0.117757
1.161011 -0.137589 1.169135 -0.117958
1.160946 -0.137818 1.169098 -0.118159
1.160881 -0.138047 1.169060 -0.118360
1.160815 -0.138276 1.169022 -0.118561
1.160750 -0.138505 1.168984 -0.118762
1.160685 -0.138733 1.168946 -0.118963
1.160619 -0.138962 1.168908 -0.119164
1.160553 -0.139190 1.168870 -0.119364
1.160487 -0.139419 1.168832 -0.119565
1.160422 -0.139647 1.168794 -0.119766
1.160356 -0.139876 1.168756 -0.119967
1.160289 -0.140104 1.168717 -0.120167
1.160223 -0.140332 1.168679 -0.120368
1.160157 -0.140560 1.168641 -0.120568
1.160090 -0.140788 1.168602 -0.120769
1.160024 -0.141016 1.168564 -0.120969
1.159957 -0.141244 1.168525 -0.121170
1.159891 -0.141472 1.168486 -0.121370
1.159824 -0.141699 1.168448 -0.121571
1.159757 -0.141927 1.168409 -0.121771
1.159690 -0.142155 1.168370 -0.121972
1.159623 -0.142382 1.168331 -0.122172
1.159555 -0.142610 1.168292 -0.122372
1.159488 -0.142837 1.168253 -0.122572
1.159420 -0.143065 1.168214 -0.122773
1.159353 -0.143292 1.168174 -0.122973
1.159285 -0.143519 1.168135 -0.123173
1.159217 -0.143746 1.168096 -0.123373
1.159150 -0.143973 1.168056 -0.123573
1.159082 -0.144200 1.168017 -0.123773
1.159013 -0.144427 1.167977 -0.123973
1.158945 -0.144654 1.167938 -0.124173
1.158877 -0.144881 1.167898 -0.124373
1.158809 -0.145107 1.167859 -0.124573
1.158740 -0.145334 1.167819 -0.124773
1.158671 -0.145561 1.167779 -0.124972
1.158603 -0.145787 1.167739 -0.125172
1.158534 -0.146014 1.167699 -0.125372
1.158465 -0.146240 1.167659 -0.125572
1.158396 -0.146466 1.167619 -0.125771
1.158327 -0.146692 1.167579 -0.125971
1.158258 -0.146919 1.167538 -0.126171
1.158188 -0.147145 1.167498 -0.126370
1.158119 -0.147371 1.167458 -0.126570
1.158049 -0.147597 1.167417 -0.126769
1.157980 -0.147822 1.167377 -0.126969
1.157910 -0.148048 1.167336 -0.127168
1.157840 -0.148274 1.167296 -0.127368
1.157770 -0.148500 1.167255 -0.127567
1.157700 -0.148725 1.167214 -0.127766
1.157630 -0.148951 1.167173 -0.127966
1.157560 -0.149176 1.167132 -0.128165
1.157489 -0.149401 1.167091 -0.128364
1.157419 -0.149627 1.167050 -0.128563
1.157348 -0.149852 1.167009 -0.128762
1.157278 -0.150077 1.166968 -0.128961
1.157207 -0.150302 1.166927 -0.129160
1.157136 -0.150527 1.166886 -0.129359
1.157065 -0.150752 1.166844 -0.129558
1.156994 -0.150977 1.166803 -0.129757
1.156923 -0.151202 1.166762 -0.129956
1.156852 -0.151426 1.166720 -0.130155
1.156780 -0.151651 1.166678 -0.130354
1.156709 -0.151876 1.166637 -0.130553
1.156637 -0.152100 1.166595 -0.130752
1.156566 -0.152324 1.166553 -0.130950
1.156494 -0.152549 1.166511 -0.131149
1.156422 -0.152773 1.166469 -0.131348
1.156350 -0.152997 1.166428 -0.131546
1.156278 -0.153221 1.166385 -0.131745
1.156206 -0.153445 1.166343 -0.131944
1.156133 -0.153669 1.166301 -0.132142
1.156061 -0.153893 1.166259 -0.132341
1.155988 -0.154117 1.166217 -0.132539
1.155916 -0.154341 1.166174 -0.132737
1.155843 -0.154564 1.166132 -0.132936
1.155770 -0.154788 1.166089 -0.133134
1.155697 -0.155011 1.166047 -0.133332
1.155624 -0.155235 1.166004 -0.133531
1.155551 -0.155458 1.165961 -0.133729
1.155478 -0.155682 1.165919 -0.133927
1.155405 -0.155905 1.165876 -0.134125
1.155331 -0.156128 1.165833 -0.134323
1.155258 -0.156351 1.165790 -0.134521
1.155184 -0.156574 1.165747 -0.134719
1.155111 -0.156797 1.165704 -0.134917
1.155037 -0.157020 1.165661 -0.135115
1.154963 -0.157242 1.165618 -0.135313
1.154889 -0.157465 1.165574 -0.135511
1.154815 -0.157688 1.165531 -0.135709
1.154741 -0.157910 1.165488 -0.135907
1.154666 -0.158133 1.165444 -0.136104
1.154592 -0.158355 1.165401 -0.136302
1.154517 -0.158577 1.165357 -0.136500
1.154443 -0.158800 1.165313 -0.136697
1.154368 -0.159022 1.165270 -0.136895
1.154293 -0.159244 1.165226 -0.137092
1.154218 -0.159466 1.165182 -0.137290
1.154143 -0.159688 1.165138 -0.137487
1.154068 -0.159909 1.165094 -0.137685
1.153993 -0.160131 1.165050 -0.137882
1.153918 -0.160353 1.165006 -0.138080
1.153842 -0.160574 1.164962 -0.138277
1.153767 -0.160796 1.164918 -0.138474
1.153691 -0.161017 1.164873 -0.138671
1.153615 -0.161239 1.164829 -0.138869
1.153540 -0.161460 1.164784 -0.139066
1.153464 -0.161681 1.164740 -0.139263
1.153388 -0.161902 1.164695 -0.139460
1.153312 -0.162123 1.164651 -0.139657
1.153235 -0.162344 1.164606 -0.139854
1.153159 -0.162565 1.164561 -0.140051
1.153083 -0.162786 1.164517 -0.140248
1.153006 -0.163007 1.164472 -0.140445
1.152929 -0.163228 1.164427 -0.140642
1.152853 -0.163448 1.164382 -0.140838
1.152776 -0.163669 1.164337 -0.141035
1.152699 -0.163889 1.164292 -0.141232
1.152622 -0.164109 1.164246 -0.141429
1.152545 -0.164330 1.164201 -0.141625
1.152468 -0.164550 1.164156 -0.141822
1.152390 -0.164770 1.164110 -0.142018
1.152313 -0.164990 1.164065 -0.142215
1.152236 -0.165210 1.164019 -0.142411
1.152158 -0.165430 1.163974 -0.142608
1.152080 -0.165649 1.163928 -0.142804
1.152002 -0.165869 1.163882 -0.143001
1.151925 -0.166089 1.163837 -0.143197
1.151847 -0.166308 1.163791 -0.143393
1.151769 -0.166528 1.163745 -0.143589
1.151690 -0.166747 1.163699 -0.143786
1.151612 -0.166966 1.163653 -0.143982
1.151534 -0.167186 1.163607 -0.144178
1.151455 -0.167405 1.163561 -0.144374
1.151377 -0.167624 1.163514 -0.144570
1.151298 -0.167843 1.163468 -0.144766
1.151219 -0.168062 1.163422 -0.144962
1.151140 -0.168281 1.163375 -0.145158
1.151061 -0.168499 1.163329 -0.145354
1.150982 -0.168718 1.163282 -0.145549
1.150903 -0.168936 1.163236 -0.145745
1.150824 -0.169155 1.163189 -0.145941
1.150744 -0.169373 1.163142 -0.146137
1.150665 -0.169592 1.163096 -0.146332
1.150585 -0.169810 1.163049 -0.146528
1.150506 -0.170028 1.163002 -0.146723
1.150426 -0.170246 1.162955 -0.146919
1.150346 -0.170464 1.162908 -0.147114
1.150266 -0.170682 1.162861 -0.147310
1.150186 -0.170900 1.162813 -0.147505
1.150106 -0.171118 1.162766 -0.147701
1.150026 -0.171335 1.162719 -0.147896
1.149946 -0.171553 1.162672 -0.148091
1.149865 -0.171770 1.162624 -0.148286
1.149785 -0.171988 1.162577 -0.148482
1.149704 -0.172205 1.162529 -0.148677
1.149623 -0.172422 1.162481 -0.148872
1.149542 -0.172639 1.162434 -0.149067
1.149462 -0.172856 1.162386 -0.149262
1.149381 -0.173073 1.162338 -0.149457
1.149299 -0.173290 1.162290 -0.149652
1.149218 -0.173507 1.162242 -0.149847
1.149137 -0.173724 1.162194 -0.150042
1.149056 -0.173941 1.162146 -0.150236
1.148974 -0.174157 1.162098 -0.150431
1.148892 -0.174374 1.162050 -0.150626
1.148811 -0.174590 1.162002 -0.150821
1.148729 -0.174806 1.161953 -0.151015
1.148647 -0.175023 1.161905 -0.151210
1.148565 -0.175239 1.161856 -0.151404
1.148483 -0.175455 1.161808 -0.151599
1.148401 -0.175671 1.161759 -0.151793
1.148319 -0.175887 1.161711 -0.151988
1.148236 -0.176102 1.161662 -0.152182
1.148154 -0.176318 1.161613 -0.152376
1.148071 -0.176534 1.161564 -0.152571
1.147989 -0.176749 1.161515 -0.152765
1.147906 -0.176965 1.161467 -0.152959
1.147823 -0.177180 1.161417 -0.153153
1.147740 -0.177395 1.161368 -0.153347
1.147657 -0.177611 1.161319 -0.153541
1.147574 -0.177826 1.161270 -0.153735
1.147491 -0.178041 1.161221 -0.153929
1.147407 -0.178256 1.161171 -0.154123
1.147324 -0.178471 1.161122 -0.154317
1.147241 -0.178685 1.161073 -0.154511
1.147157 -0.178900 1.161023 -0.154705
1.147073 -0.179115 1.160973 -0.154898
1.146989 -0.179329 1.160924 -0.155092
1.146906 -0.179544 1.160874 -0.155286
1.146822 -0.179758 1.160824 -0.155479
1.146738 -0.179972 1.160774 -0.155673
1.146653 -0.180186 1.160724 -0.155866
1.146569 -0.180400 1.160674 -0.156060
1.146485 -0.180614 1.160624 -0.156253
1.146400 -0.180828 1.160574 -0.156447
1.146316 -0.181042 1.160524 -0.156640
1.146231 -0.181256 1.160474 -0.156833
1.146146 -0.181470 1.160424 -0.157027
1.146062 -0.181683 1.160373 -0.157220
1.145977 -0.181897 1.160323 -0.157413
1.145892 -0.182110 1.160272 -0.157606
1.145807 -0.182323 1.160222 -0.157799
1.145721 -0.182536 1.160171 -0.157992
1.145636 -0.182749 1.160120 -0.158185
1.145551 -0.182963 1.160070 -0.158378
1.145465 -0.183175 1.160019 -0.158571
1.145380 -0.183388 1.159968 -0.158764
1.145294 -0.183601 1.159917 -0.158957
1.145208 -0.183814 1.159866 -0.159149
1.145122 -0.184026 1.159815 -0.159342
1.145036 -0.184239 1.159764 -0.159535
1.144950 -0.184451 1.159713 -0.159727
1.144864 -0.184663 1.159661 -0.159920
1.144778 -0.184876 1.159610 -0.160112
1.144692 -0.185088 1.159559 -0.160305
1.144605 -0.185300 1.159507 -0.160497
1.144519 -0.185512 1.159456 -0.160690
1.144432 -0.185724 1.159404 -0.160882
1.144345 -0.185935 1.159353 -0.161074
1.144259 -0.186147 1.159301 -0.161266
1.144172 -0.186359 1.159249 -0.161459
1.144085 -0.186570 1.159197 -0.161651
1.143998 -0.186782 1.159145 -0.161843
1.143911 -0.186993 1.159094 -0.162035
1.143823 -0.187204 1.159042 -0.162227
1.143736 -0.187415 1.158989 -0.162419
1.143649 -0.187626 1.158937 -0.162611
1.143561 -0.187837 1.158885 -0.162803
1.143473 -0.188048 1.158833 -0.162994
1.143386 -0.188259 1.158781 -0.163186
1.143298 -0.188470 1.158728 -0.163378
1.143210 -0.188680 1.158676 -0.163570
1.143122 -0.188891 1.158623 -0.163761
1.143034 -0.189101 1.158571 -0.163953
1.142946 -0.189311 1.158518 -0.164144
1.142857 -0.189522 1.158465 -0.164336
1.142769 -0.189732 1.158412 -0.164527
1.142681 -0.189942 1.158360 -0.164719
1.142592 -0.190152 1.158307 -0.164910
1.142504 -0.190362 1.158254 -0.165101
1.142415 -0.190571 1.158201 -0.165292
1.142326 -0.190781 1.158148 -0.165484
1.142237 -0.190991 1.158095 -0.165675
1.142148 -0.191200 1.158041 -0.165866
1.142059 -0.191409 1.157988 -0.166057
1.141970 -0.191619 1.157935 -0.166248
1.141881 -0.191828 1.157881 -0.166439
1.141791 -0.192037 1.157828 -0.166630
1.141702 -0.192246 1.157774 -0.166821
1.141612 -0.192455 1.157721 -0.167011
1.141523 -0.192664 1.157667 -0.167202
1.141433 -0.192873 1.157613 -0.167393
1.141343 -0.193081 1.157560 -0.167584
1.141253 -0.193290 1.157506 -0.167774
1.141163 -0.193498 1.157452 -0.167965
1.141073 -0.193707 1.157398 -0.168155
1.140983 -0.193915 1.157344 -0.168346
1.140893 -0.194123 1.157290 -0.168536
1.140802 -0.194331 1.157236 -0.168726
1.140712 -0.194539 1.157181 -0.168917
1.140621 -0.194747 1.157127 -0.169107
1.140531 -0.194955 1.157073 -0.169297
1.140440 -0.195163 1.157018 -0.169487
1.140349 -0.195370 1.156964 -0.169678
1.140258 -0.195578 1.156909 -0.169868
1.140167 -0.195785 1.156855 -0.170058
1.140076 -0.195992 1.156800 -0.170248
1.139985 -0.196200 1.156745 -0.170437
1.139894 -0.196407 1.156691 -0.170627
1.139802 -0.196614 1.156636 -0.170817
1.139711 -0.196821 1.156581 -0.171007
1.139619 -0.197028 1.156526 -0.171197
1.139528 -0.197234 1.156471 -0.171386
1.139436 -0.197441 1.156416 -0.171576
1.139344 -0.197648 1.156361 -0.171765
1.139252 -0.197854 1.156305 -0.171955
1.139160 -0.198060 1.156250 -0.172144
1.139068 -0.198267 1.156195 -0.172334
1.138976 -0.198473 1.156139 -0.172523
1.138884 -0.198679 1.156084 -0.172713
1.138792 -0.198885 1.156028 -0.172902
1.138699 -0.199091 1.155973 -0.173091
1.138607 -0.199297 1.155917 -0.173280
1.138514 -0.199502 1.155861 -0.173469
1.138421 -0.199708 1.155805 -0.173658
1.138329 -0.199913 1.155750 -0.173847
1.138236 -0.200119 1.155694 -0.174036
1.138143 -0.200324 1.155638 -0.174225
1.138050 -0.200529 1.155582 -0.174414
1.137957 -0.200734 1.155526 -0.174603
1.137863 -0.200939 1.155469 -0.174792
1.137770 -0.201144 1.155413 -0.174980
1.137677 -0.201349 1.155357 -0.175169
1.137583 -0.201554 1.155301 -0.175358
1.137490 -0.201759 1.155244 -0.175546
1.137396 -0.201963 1.155188 -0.175735
1.137302 -0.202168 1.155131 -0.175923
1.137208 -0.202372 1.155075 -0.176111
1.137114 -0.202576 1.155018 -0.176300
1.137020 -0.202780 1.154961 -0.176488
1.136926 -0.202984 1.154904 -0.176676
1.136832 -0.203188 1.154847 -0.176864
1.136738 -0.203392 1.154791 -0.177053
1.136643 -0.203596 1.154734 -0.177241
1.136549 -0.203799 1.154677 -0.177429
1.136455 -0.204003 1.154619 -0.177617
1.136360 -0.204206 1.154562 -0.177805
1.136265 -0.204410 1.154505 -0.177992
1.136170 -0.204613 1.154448 -0.178180
1.136076 -0.204816 1.154390 -0.178368
1.135981 -0.205019 1.154333 -0.178556
1.135885 -0.205222 1.154276 -0.178743
1.135790 -0.205425 1.154218 -0.178931
1.135695 -0.205628 1.154160 -0.179118
1.135600 -0.205830 1.154103 -0.179306
1.135504 -0.206033 1.154045 -0.179493
1.135409 -0.206235 1.153987 -0.179681
1.135313 -0.206438 1.153929 -0.179868
1.135218 -0.206640 1.153871 -0.180055
1.135122 -0.206842 1.153813 -0.180243
1.135026 -0.207044 1.153755 -0.180430
1.134930 -0.207246 1.153697 -0.180617
1.134834 -0.207448 1.153639 -0.180804
1.134738 -0.207650 1.153581 -0.180991
1.134642 -0.207851 1.153523 -0.181178
1.134546 -0.208053 1.153464 -0.181365
1.134449 -0.208254 1.153406 -0.181552
1.134353 -0.208456 1.153347 -0.181739
1.134256 -0.208657 1.153289 -0.181925
1.134160 -0.208858 1.153230 -0.182112
1.134063 -0.209059 1.153172 -0.182299
1.133966 -0.209260 1.153113 -0.182485
1.133869 -0.209461 1.153054 -0.182672
1.133772 -0.209662 1.152995 -0.182858
1.133675 -0.209862 1.152936 -0.183045
1.133578 -0.210063 1.152877 -0.183231
1.133481 -0.210263 1.152818 -0.183417
1.133384 -0.210464 1.152759 -0.183604
1.133286 -0.210664 1.152700 -0.183790
1.133189 -0.210864 1.152641 -0.183976
1.133091 -0.211064 1.152582 -0.184162
1.132994 -0.211264 1.152522 -0.184348
1.132896 -0.211464 1.152463 -0.184534
1.132798 -0.211664 1.152403 -0.184720
1.132700 -0.211863 1.152344 -0.184906
1.132602 -0.212063 1.152284 -0.185092
1.132504 -0.212262 1.152225 -0.185278
1.132406 -0.212461 1.152165 -0.185463
1.132308 -0.212661 1.152105 -0.185649
1.132210 -0.212860 1.152045 -0.185835
1.132111 -0.213059 1.151985 -0.186020
1.132013 -0.213258 1.151925 -0.186206
1.131914 -0.213456 1.151865 -0.186391
1.131816 -0.213655 1.151805 -0.186576
1.131717 -0.213854 1.151745 -0.186762
1.131618 -0.214052 1.151685 -0.186947
1.131519 -0.214251 1.151625 -0.187132
1.131420 -0.214449 1.151564 -0.187317
1.131321 -0.214647 1.151504 -0.187503
1.131222 -0.214845 1.151443 -0.187688
1.131123 -0.215043 1.151383 -0.187873
1.131024 -0.215241 1.151322 -0.188058
1.130924 -0.215439 1.151262 -0.188242
1.130825 -0.215636 1.151201 -0.188427
1.130725 -0.215834 1.151140 -0.188612
1.130625 -0.216031 1.151079 -0.188797
1.130526 -0.216229 1.151018 -0.188981
1.130426 -0.216426 1.150957 -0.189166
1.130326 -0.216623 1.150896 -0.189351
1.130226 -0.216820 1.150835 -0.189535
1.130126 -0.217017 1.150774 -0.189719
1.130026 -0.217214 1.150713 -0.189904
1.129926 -0.217410 1.150652 -0.190088
1.129825 -0.217607 1.150590 -0.190272
1.129725 -0.217804 1.150529 -0.190457
1.129625 -0.218000 1.150468 -0.190641
1.129524 -0.218196 1.150406 -0.190825
1.129423 -0.218392 1.150344 -0.191009
1.129323 -0.218588 1.150283 -0.191193
1.129222 -0.218784 1.150221 -0.191377
1.129121 -0.218980 1.150159 -0.191561
1.129020 -0.219176 1.150098 -0.191745
1.128919 -0.219372 1.150036 -0.191928
1.128818 -0.219567 1.149974 -0.192112
1.128717 -0.219763 1.149912 -0.192296
1.128615 -0.219958 1.149850 -0.192479
1.128514 -0.220153 1.149788 -0.192663
1.128413 -0.220348 1.149725 -0.192846
1.128311 -0.220543 1.149663 -0.193030
1.128209 -0.220738 1.149601 -0.193213
1.128108 -0.220933 1.149538 -0.193396
1.128006 -0.221128 1.149476 -0.193579
1.127904 -0.221322 1.149413 -0.193763
1.127802 -0.221517 1.149351 -0.193946
1.127700 -0.221711 1.149288 -0.194129
1.127598 -0.221905 1.149226 -0.194312
1.127496 -0.222100 1.149163 -0.194495
1.127394 -0.222294 1.149100 -0.194678
1.127291 -0.222488 1.149037 -0.194860
1.127189 -0.222681 1.148974 -0.195043
1.127086 -0.222875 1.148911 -0.195226
1.126984 -0.223069 1.148848 -0.195408
1.126881 -0.223262 1.148785 -0.195591
1.126778 -0.223456 1.148722 -0.195774
1.126676 -0.223649 1.148659 -0.195956
1.126573 -0.223842 1.148595 -0.196138
1.126470 -0.224035 1.148532 -0.196321
1.126367 -0.224228 1.148469 -0.196503
1.126263 -0.224421 1.148405 -0.196685
1.126160 -0.224614 1.148342 -0.196868
1.126057 -0.224806 1.148278 -0.197050
1.125954 -0.224999 1.148214 -0.197232
1.125850 -0.225191 1.148150 -0.197414
1.125747 -0.225384 1.148087 -0.197596
1.125643 -0.225576 1.148023 -0.197778
1.125539 -0.225768 1.147959 -0.197959
1.125435 -0.225960 1.147895 -0.198141
1.125332 -0.226152 1.147831 -0.198323
1.125228 -0.226343 1.147767 -0.198504
1.125124 -0.226535 1.147703 -0.198686
1.125020 -0.226727 1.147638 -0.198868
1.124915 -0.226918 1.147574 -0.199049
1.124811 -0.227109 1.147510 -0.199230
1.124707 -0.227301 1.147445 -0.199412
1.124602 -0.227492 1.147381 -0.199593
1.124498 -0.227683 1.147316 -0.199774
1.124393 -0.227874 1.147252 -0.199955
1.124289 -0.228064 1.147187 -0.200137
1.124184 -0.228255 1.147122 -0.200318
1.124079 -0.228446 1.147058 -0.200499
1.123974 -0.228636 1.146993 -0.200679
1.123869 -0.228826 1.146928 -0.200860
1.123764 -0.229017 1.146863 -0.201041
1.123659 -0.229207 1.146798 -0.201222
1.123554 -0.229397 1.146733 -0.201403
1.123449 -0.229587 1.146668 -0.201583
1.123343 -0.229776 1.146603 -0.201764
1.123238 -0.229966 1.146537 -0.201944
1.123132 -0.230156 1.146472 -0.202125
1.123027 -0.230345 1.146407 -0.202305
1.122921 -0.230534 1.146341 -0.202485
1.122815 -0.230724 1.146276 -0.202666
1.122710 -0.230913 1.146210 -0.202846
1.122604 -0.231102 1.146145 -0.203026
1.122498 -0.231291 1.146079 -0.203206
1.122392 -0.231479 1.146013 -0.203386
1.122286 -0.231668 1.145947 -0.203566
1.122179 -0.231856 1.145881 -0.203746
1.122073 -0.232045 1.145815 -0.203926
1.121967 -0.232233 1.145749 -0.204105
1.121860 -0.232421 1.145683 -0.204285
1.121754 -0.232610 1.145617 -0.204465
1.121647 -0.232797 1.145551 -0.204644
1.121541 -0.232985 1.145485 -0.204824
1.121434 -0.233173 1.145419 -0.205003
1.121327 -0.233361 1.145352 -0.205183
1.121220 -0.233548 1.145286 -0.205362
1.121113 -0.233736 1.145219 -0.205541
1.121006 -0.233923 1.145153 -0.205720
1.120899 -0.234110 1.145086 -0.205899
1.120792 -0.234297 1.145020 -0.206078
1.120685 -0.234484 1.144953 -0.206257
1.120577 -0.234671 1.144886 -0.206436
1.120470 -0.234858 1.144819 -0.206615
1.120362 -0.235044 1.144752 -0.206794
1.120255 -0.235231 1.144685 -0.206973
1.120147 -0.235417 1.144618 -0.207152
1.120039 -0.235604 1.144551 -0.207330
1.119932 -0.235790 1.144484 -0.207509
1.119824 -0.235976 1.144417 -0.207687
1.119716 -0.236162 1.144350 -0.207866
1.119608 -0.236348 1.144282 -0.208044
1.119500 -0.236533 1.144215 -0.208222
1.119392 -0.236719 1.144147 -0.208401
1.119283 -0.236904 1.144080 -0.208579
1.119175 -0.237090 1.144012 -0.208757
1.119067 -0.237275 1.143945 -0.208935
1.118958 -0.237460 1.143877 -0.209113
1.118850 -0.237645 1.143809 -0.209291
1.118741 -0.237830 1.143741 -0.209469
1.118632 -0.238015 1.143674 -0.209647
1.118524 -0.238199 1.143606 -0.209824
1.118415 -0.238384 1.143538 -0.210002
1.118306 -0.238568 1.143470 -0.210180
1.118197 -0.238753 1.143401 -0.210357
1.118088 -0.238937 1.143333 -0.210535
1.117979 -0.239121 1.143265 -0.210712
1.117869 -0.239305 1.143197 -0.210889
1.117760 -0.239489 1.143128 -0.211067
1.117651 -0.239673 1.143060 -0.211244
1.117541 -0.239856 1.142991 -0.211421
1.117432 -0.240040 1.142923 -0.211598
1.117322 -0.240223 1.142854 -0.211775
1.117213 -0.240406 1.142786 -0.211952
1.117103 -0.240590 1.142717 -0.212129
1.116993 -0.240773 1.142648 -0.212306
1.116883 -0.240956 1.142579 -0.212483
1.116773 -0.241138 1.142510 -0.212659
1.116663 -0.241321 1.142441 -0.212836
1.116553 -0.241504 1.142372 -0.213013
1.116443 -0.241686 1.142303 -0.213189
1.116333 -0.241868 1.142234 -0.213366
1.116222 -0.242051 1.142165 -0.213542
1.116112 -0.242233 1.142096 -0.213718
1.116002 -0.242415 1.142026 -0.213895
1.115891 -0.242597 1.141957 -0.214071
1.115780 -0.242778 1.141888 -0.214247
1.115670 -0.242960 1.141818 -0.214423
1.115559 -0.243142 1.141749 -0.214599
1.115448 -0.243323 1.141679 -0.214775
1.115337 -0.243504 1.141609 -0.214951
1.115226 -0.243685 1.141540 -0.215126
1.115115 -0.243867 1.141470 -0.215302
1.115004 -0.244047 1.141400 -0.215478
1.114893 -0.244228 1.141330 -0.215653
1.114782 -0.244409 1.141260 -0.215829
1.114670 -0.244590 1.141190 -0.216004
1.114559 -0.244770 1.141120 -0.216180
1.114448 -0.244950 1.141050 -0.216355
1.114336 -0.245131 1.140979 -0.216530
1.114224 -0.245311 1.140909 -0.216705
1.114113 -0.245491 1.140839 -0.216881
1.114001 -0.245671 1.140768 -0.217056
1.113889 -0.245850 1.140698 -0.217231
1.113777 -0.246030 1.140627 -0.217406
1.113665 -0.246209 1.140557 -0.217580
1.113553 -0.246389 1.140486 -0.217755
1.113441 -0.246568 1.140415 -0.217930
1.113329 -0.246747 1.140345 -0.218105
1.113217 -0.246926 1.140274 -0.218279
1.113105 -0.247105 1.140203 -0.218454
1.112992 -0.247284 1.140132 -0.218628
1.112880 -0.247463 1.140061 -0.218803
1.112767 -0.247641 1.139990 -0.218977
1.112655 -0.247820 1.139919 -0.219151
1.112542 -0.247998 1.139848 -0.219325
1.112429 -0.248176 1.139776 -0.219499
1.112316 -0.248354 1.139705 -0.219673
1.112204 -0.248532 1.139634 -0.219847
1.112091 -0.248710 1.139562 -0.220021
1.111978 -0.248888 1.139491 -0.220195
1.111865 -0.249065 1.139419 -0.220369
1.111751 -0.249243 1.139348 -0.220543
1.111638 -0.249420 1.139276 -0.220716
1.111525 -0.249597 1.139204 -0.220890
1.111412 -0.249774 1.139132 -0.221063
1.111298 -0.249951 1.139061 -0.221237
1.111185 -0.250128 1.138989 -0.221410
1.111071 -0.250305 1.138917 -0.221583
1.110957 -0.250482 1.138845 -0.221757
1.110844 -0.250658 1.138773 -0.221930
1.110730 -0.250834 1.138701 -0.222103
1.110616 -0.251011 1.138628 -0.222276
1.110502 -0.251187 1.138556 -0.222449
1.110388 -0.251363 1.138484 -0.222622
1.110274 -0.251539 1.138411 -0.222795
1.110160 -0.251714 1.138339 -0.222967
1.110046 -0.251890 1.138266 -0.223140
1.109932 -0.252066 1.138194 -0.223313
1.109817 -0.252241 1.138121 -0.223485
1.109703 -0.252416 1.138049 -0.223658
1.109588 -0.252592 1.137976 -0.223830
1.109474 -0.252767 1.137903 -0.224002
1.109359 -0.252941 1.137830 -0.224174
1.109245 -0.253116 1.137757 -0.224347
1.109130 -0.253291 1.137684 -0.224519
1.109015 -0.253465 1.137611 -0.224691
1.108900 -0.253640 1.137538 -0.224863
1.108785 -0.253814 1.137465 -0.225035
1.108670 -0.253988 1.137392 -0.225207
1.108555 -0.254162 1.137319 -0.225378
1.108440 -0.254336 1.137245 -0.225550
1.108325 -0.254510 1.137172 -0.225722
1.108210 -0.254684 1.137098 -0.225893
1.108094 -0.254857 1.137025 -0.226065
1.107979 -0.255031 1.136951 -0.226236
1.107864 -0.255204 1.136878 -0.226407
1.107748 -0.255377 1.136804 -0.226579
1.107633 -0.255550 1.136730 -0.226750
1.107517 -0.255723 1.136656 -0.226921
1.107401 -0.255896 1.136583 -0.227092
1.107285 -0.256069 1.136509 -0.227263
1.107169 -0.256241 1.136435 -0.227434
1.107054 -0.256414 1.136361 -0.227605
1.106938 -0.256586 1.136287 -0.227776
1.106822 -0.256758 1.136212 -0.227946
1.106705 -0.256930 1.136138 -0.228117
1.106589 -0.257102 1.136064 -0.228287
1.106473 -0.257274 1.135990 -0.228458
1.106357 -0.257446 1.135915 -0.228628
1.106240 -0.257617 1.135841 -0.228799
1.106124 -0.257789 1.135766 -0.228969
1.106007 -0.257960 1.135692 -0.229139
1.105891 -0.258131 1.135617 -0.229309
1.105774 -0.258302 1.135542 -0.229479
1.105657 -0.258473 1.135468 -0.229649
1.105541 -0.258644 1.135393 -0.229819
1.105424 -0.258815 1.135318 -0.229989
1.105307 -0.258986 1.135243 -0.230159
1.105190 -0.259156 1.135168 -0.230329
1.105073 -0.259326 1.135093 -0.230498
1.104956 -0.259496 1.135018 -0.230668
1.104839 -0.259667 1.134943 -0.230837
1.104721 -0.259836 1.134868 -0.231007
1.104604 -0.260006 1.134792 -0.231176
1.104487 -0.260176 1.134717 -0.231345
1.104369 -0.260346 1.134641 -0.231514
1.104252 -0.260515 1.134566 -0.231684
1.104134 -0.260684 1.134491 -0.231853
1.104017 -0.260853 1.134415 -0.232022
1.103899 -0.261023 1.134339 -0.232190
1.103781 -0.261191 1.134264 -0.232359
1.103663 -0.261360 1.134188 -0.232528
1.103546 -0.261529 1.134112 -0.232697
1.103428 -0.261698 1.134036 -0.232865
1.103310 -0.261866 1.133960 -0.233034
1.103192 -0.262034 1.133884 -0.233202
1.103073 -0.262202 1.133808 -0.233371
1.102955 -0.262370 1.133732 -0.233539
1.102837 -0.262538 1.133656 -0.233707
1.102719 -0.262706 1.133580 -0.233875
1.102600 -0.262874 1.133504 -0.234043
1.102482 -0.263041 1.133427 -0.234212
1.102363 -0.263209 1.133351 -0.234379
1.102245 -0.263376 1.133274 -0.234547
1.102126 -0.263543 1.133198 -0.234715
1.102008 -0.263710 1.133121 -0.234883
1.101889 -0.263877 1.133045 -0.235050
1.101770 -0.264044 1.132968 -0.235218
1.101651 -0.264211 1.132891 -0.235386
1.101532 -0.264377 1.132814 -0.235553
1.101413 -0.264543 1.132738 -0.235720
1.101294 -0.264710 1.132661 -0.235888
1.101175 -0.264876 1.132584 -0.236055
1.101056 -0.265042 1.132507 -0.236222
1.100937 -0.265208 1.132429 -0.236389
1.100817 -0.265373 1.132352 -0.236556
1.100698 -0.265539 1.132275 -0.236723
1.100579 -0.265705 1.132198 -0.236890
1.100459 -0.265870 1.132121 -0.237056
1.100340 -0.266035 1.132043 -0.237223
1.100220 -0.266200 1.131966 -0.237390
1.100100 -0.266365 1.131888 -0.237556
1.099980 -0.266530 1.131811 -0.237723
1.099861 -0.266695 1.131733 -0.237889
1.099741 -0.266859 1.131655 -0.238055
1.099621 -0.267024 1.131578 -0.238222
1.099501 -0.267188 1.131500 -0.238388
1.099381 -0.267352 1.131422 -0.238554
1.099261 -0.267516 1.131344 -0.238720
1.099141 -0.267680 1.131266 -0.238886
1.099020 -0.267844 1.131188 -0.239051
1.098900 -0.268008 1.131110 -0.239217
1.098780 -0.268171 1.131032 -0.239383
1.098659 -0.268335 1.130954 -0.239549
1.098539 -0.268498 1.130875 -0.239714
1.098418 -0.268661 1.130797 -0.239880
1.098298 -0.268824 1.130719 -0.240045
1.098177 -0.268987 1.130640 -0.240210
1.098057 -0.269150 1.130562 -0.240375
1.097936 -0.269312 1.130483 -0.240541
1.097815 -0.269475 1.130405 -0.240706
1.097694 -0.269637 1.130326 -0.240871
1.097573 -0.269800 1.130247 -0.241036
1.097452 -0.269962 1.130168 -0.241200
1.097331 -0.270124 1.130090 -0.241365
1.097210 -0.270285 1.130011 -0.241530
1.097089 -0.270447 1.129932 -0.241695
1.096968 -0.270609 1.129853 -0.241859
1.096846 -0.270770 1.129774 -0.242024
1.096725 -0.270932 1.129695 -0.242188
1.096604 -0.271093 1.129615 -0.242352
1.096482 -0.271254 1.129536 -0.242516
1.096361 -0.271415 1.129457 -0.242681
1.096239 -0.271576 1.129377 -0.242845
1.096117 -0.271736 1.129298 -0.243009
1.095996 -0.271897 1.129219 -0.243173
1.095874 -0.272057 1.129139 -0.243336
1.095752 -0.272217 1.129059 -0.243500
1.095630 -0.272378 1.128980 -0.243664
1.095508 -0.272538 1.128900 -0.243827
1.095386 -0.272697 1.128820 -0.243991
1.095264 -0.272857 1.128740 -0.244154
1.095142 -0.273017 1.128661 -0.244318
1.095020 -0.273176 1.128581 -0.244481
1.094898 -0.273336 1.128501 -0.244644
1.094776 -0.273495 1.128421 -0.244807
1.094653 -0.273654 1.128340 -0.244971
1.094531 -0.273813 1.128260 -0.245134
1.094408 -0.273972 1.128180 -0.245296
1.094286 -0.274130 1.128100 -0.245459
1.094163 -0.274289 1.128019 -0.245622
1.094041 -0.274447 1.127939 -0.245785
1.093918 -0.274606 1.127859 -0.245947
1.093795 -0.274764 1.127778 -0.246110
1.093673 -0.274922 1.127698 -0.246272
1.093550 -0.275080 1.127617 -0.246434
1.093427 -0.275237 1.127536 -0.246597
1.093304 -0.275395 1.127456 -0.246759
1.093181 -0.275552 1.127375 -0.246921
1.093058 -0.275710 1.127294 -0.247083
1.092935 -0.275867 1.127213 -0.247245
1.092812 -0.276024 1.127132 -0.247407
1.092688 -0.276181 1.127051 -0.247569
1.092565 -0.276338 1.126970 -0.247730
1.092442 -0.276495 1.126889 -0.247892
1.092318 -0.276651 1.126808 -0.248054
1.092195 -0.276807 1.126726 -0.248215
1.092071 -0.276964 1.126645 -0.248376
1.091948 -0.277120 1.126564 -0.248538
1.091824 -0.277276 1.126482 -0.248699
1.091701 -0.277432 1.126401 -0.248860
1.091577 -0.277587 1.126319 -0.249021
1.091453 -0.277743 1.126238 -0.249182
1.091329 -0.277899 1.126156 -0.249343
1.091205 -0.278054 1.126074 -0.249504
1.091081 -0.278209 1.125992 -0.249665
1.090957 -0.278364 1.125911 -0.249825
1.090833 -0.278519 1.125829 -0.249986
1.090709 -0.278674 1.125747 -0.250146
1.090585 -0.278829 1.125665 -0.250307
1.090461 -0.278983 1.125583 -0.250467
1.090337 -0.279137 1.125501 -0.250627
1.090212 -0.279292 1.125418 -0.250788
1.090088 -0.279446 1.125336 -0.250948
1.089963 -0.279600 1.125254 -0.251108
1.089839 -0.279754 1.125172 -0.251268
1.089714 -0.279907 1.125089 -0.251428
1.089590 -0.280061 1.125007 -0.251587
1.089465 -0.280214 1.124924 -0.251747
1.089340 -0.280368 1.124842 -0.251907
1.089216 -0.280521 1.124759 -0.252066
1.089091 -0.280674 1.124676 -0.252226
1.088966 -0.280827 1.124594 -0.252385
1.088841 -0.280980 1.124511 -0.252544
1.088716 -0.281132 1.124428 -0.252703
1.088591 -0.281285 1.124345 -0.252862
1.088466 -0.281437 1.124262 -0.253022
1.088341 -0.281589 1.124179 -0.253180
1.088216 -0.281741 1.124096 -0.253339
1.088091 -0.281893 1.124013 -0.253498
1.087965 -0.282045 1.123930 -0.253657
1.087840 -0.282197 1.123846 -0.253815
1.087715 -0.282348 1.123763 -0.253974
1.087589 -0.282500 1.123680 -0.254132
1.087464 -0.282651 1.123596 -0.254291
1.087338 -0.282802 1.123513 -0.254449
1.087212 -0.282953 1.123429 -0.254607
1.087087 -0.283104 1.123346 -0.254765
1.086961 -0.283255 1.123262 -0.254923
1.086835 -0.283405 1.123178 -0.255081
1.086710 -0.283556 1.123095 -0.255239
1.086584 -0.283706 1.123011 -0.255397
1.086458 -0.283856 1.122927 -0.255555
1.086332 -0.284006 1.122843 -0.255712
1.086206 -0.284156 1.122759 -0.255870
1.086080 -0.284306 1.122675 -0.256027
1.085954 -0.284455 1.122591 -0.256185
1.085828 -0.284605 1.122507 -0.256342
1.085701 -0.284754 1.122422 -0.256499
1.085575 -0.284903 1.122338 -0.256656
1.085449 -0.285052 1.122254 -0.256813
1.085322 -0.285201 1.122170 -0.256970
1.085196 -0.285350 1.122085 -0.257127
1.085070 -0.285499 1.122001 -0.257284
1.084943 -0.285647 1.121916 -0.257441
1.084816 -0.285795 1.121831 -0.257597
1.084690 -0.285944 1.121747 -0.257754
1.084563 -0.286092 1.121662 -0.257910
1.084436 -0.286240 1.121577 -0.258067
1.084310 -0.286387 1.121492 -0.258223
1.084183 -0.286535 1.121408 -0.258379
1.084056 -0.286683 1.121323 -0.258535
1.083929 -0.286830 1.121238 -0.258691
1.083802 -0.286977 1.121153 -0.258847
1.083675 -0.287124 1.121068 -0.259003
1.083548 -0.287271 1.120982 -0.259159
1.083421 -0.287418 1.120897 -0.259314
1.083294 -0.287565 1.120812 -0.259470
1.083167 -0.287711 1.120727 -0.259626
1.083039 -0.287858 1.120641 -0.259781
1.082912 -0.288004 1.120556 -0.259936
1.082785 -0.288150 1.120470 -0.260092
1.082657 -0.288296 1.120385 -0.260247
1.082530 -0.288442 1.120299 -0.260402
1.082402 -0.288588 1.120213 -0.260557
1.082275 -0.288733 1.120128 -0.260712
1.082147 -0.288879 1.120042 -0.260867
1.082020 -0.289024 1.119956 -0.261021
1.081892 -0.289169 1.119870 -0.261176
1.081764 -0.289314 1.119784 -0.261331
1.081636 -0.289459 1.119698 -0.261485
1.081509 -0.289604 1.119612 -0.261639
1.081381 -0.289749 1.119526 -0.261794
1.081253 -0.289893 1.119440 -0.261948
1.081125 -0.290037 1.119354 -0.262102
1.080997 -0.290181 1.119267 -0.262256
1.080869 -0.290325 1.119181 -0.262410
1.080741 -0.290469 1.119095 -0.262564
1.080612 -0.290613 1.119008 -0.262718
1.080484 -0.290757 1.118922 -0.262871
1.080356 -0.290900 1.118835 -0.263025
1.080228 -0.291043 1.118749 -0.263179
1.080099 -0.291187 1.118662 -0.263332
1.079971 -0.291330 1.118575 -0.263485
1.079843 -0.291473 1.118488 -0.263639
1.079714 -0.291615 1.118402 -0.263792
1.079586 -0.291758 1.118315 -0.263945
1.079457 -0.291900 1.118228 -0.264098
1.079328 -0.292043 1.118141 -0.264251
1.079200 -0.292185 1.118054 -0.264404
1.079071 -0.292327 1.117967 -0.264556
1.078942 -0.292469 1.117879 -0.264709
1.078813 -0.292611 1.117792 -0.264861
1.078684 -0.292752 1.117705 -0.265014
1.078556 -0.292894 1.117618 -0.265166
1.078427 -0.293035 1.117530 -0.265319
1.078298 -0.293176 1.117443 -0.265471
1.078169 -0.293317 1.117355 -0.265623
1.078040 -0.293458 1.117268 -0.265775
1.077910 -0.293599 1.117180 -0.265927
1.077781 -0.293740 1.117092 -0.266079
1.077652 -0.293880 1.117005 -0.266231
1.077523 -0.294021 1.116917 -0.266382
1.077393 -0.294161 1.116829 -0.266534
1.077264 -0.294301 1.116741 -0.266685
1.077135 -0.294441 1.116653 -0.266837
1.077005 -0.294580 1.116565 -0.266988
1.076876 -0.294720 1.116477 -0.267139
1.076746 -0.294860 1.116389 -0.267290
1.076617 -0.294999 1.116301 -0.267441
1.076487 -0.295138 1.116213 -0.267592
1.076357 -0.295277 1.116124 -0.267743
1.076228 -0.295416 1.116036 -0.267894
1.076098 -0.295555 1.115948 -0.268045
1.075968 -0.295693 1.115859 -0.268195
1.075838 -0.295832 1.115771 -0.268346
1.075708 -0.295970 1.115682 -0.268496
1.075578 -0.296108 1.115594 -0.268647
1.075448 -0.296247 1.115505 -0.268797
1.075318 -0.296384 1.115416 -0.268947
1.075188 -0.296522 1.115328 -0.269097
1.075058 -0.296660 1.115239 -0.269247
1.074928 -0.296797 1.115150 -0.269397
1.074798 -0.296935 1.115061 -0.269547
1.074668 -0.297072 1.114972 -0.269696
1.074537 -0.297209 1.114883 -0.269846
1.074407 -0.297346 1.114794 -0.269996
1.074277 -0.297483 1.114705 -0.270145
1.074146 -0.297619 1.114615 -0.270294
1.074016 -0.297756 1.114526 -0.270444
1.073885 -0.297892 1.114437 -0.270593
1.073755 -0.298028 1.114348 -0.270742
1.073624 -0.298164 1.114258 -0.270891
1.073494 -0.298300 1.114169 -0.271040
1.073363 -0.298436 1.114079 -0.271188
1.073232 -0.298571 1.113990 -0.271337
1.073102 -0.298707 1.113900 -0.271486
1.072971 -0.298842 1.113810 -0.271634
1.072840 -0.298977 1.113720 -0.271783
1.072709 -0.299112 1.113631 -0.271931
1.072578 -0.299247 1.113541 -0.272079
1.072447 -0.299382 1.113451 -0.272227
1.072316 -0.299516 1.113361 -0.272375
1.072185 -0.299651 1.113271 -0.272523
1.072054 -0.299785 1.113181 -0.272671
1.071923 -0.299919 1.113091 -0.272819
1.071792 -0.300053 1.113001 -0.272967
1.071661 -0.300187 1.112910 -0.273114
1.071530 -0.300321 1.112820 -0.273262
1.071398 -0.300454 1.112730 -0.273409
1.071267 -0.300588 1.112639 -0.273557
1.071136 -0.300721 1.112549 -0.273704
1.071004 -0.300854 1.112458 -0.273851
1.070873 -0.300987 1.112368 -0.273998
1.070741 -0.301120 1.112277 -0.274145
1.070610 -0.301253 1.112186 -0.274292
1.070478 -0.301385 1.112096 -0.274439
1.070347 -0.301518 1.112005 -0.274585
1.070215 -0.301650 1.111914 -0.274732
1.070083 -0.301782 1.111823 -0.274878
1.069952 -0.301914 1.111732 -0.275025
1.069820 -0.302046 1.111641 -0.275171
1.069688 -0.302177 1.111550 -0.275317
1.069556 -0.302309 1.111459 -0.275463
1.069425 -0.302440 1.111368 -0.275609
1.069293 -0.302572 1.111277 -0.275755
1.069161 -0.302703 1.111186 -0.275901
1.069029 -0.302834 1.111094 -0.276047
1.068897 -0.302964 1.111003 -0.276192
1.068765 -0.303095 1.110911 -0.276338
1.068632 -0.303225 1.110820 -0.276483
1.068500 -0.303356 1.110728 -0.276629
1.068368 -0.303486 1.110637 -0.276774
1.068236 -0.303616 1.110545 -0.276919
1.068104 -0.303746 1.110454 -0.277064
1.067971 -0.303876 1.110362 -0.277209
1.067839 -0.304005 1.110270 -0.277354
1.067707 -0.304135 1.110178 -0.277499
1.067574 -0.304264 1.110086 -0.277644
1.067442 -0.304393 1.109994 -0.277788
1.067309 -0.304522 1.109902 -0.277933
1.067177 -0.304651 1.109810 -0.278077
1.067044 -0.304780 1.109718 -0.278222
1.066912 -0.304908 1.109626 -0.278366
1.066779 -0.305037 1.109534 -0.278510
1.066646 -0.305165 1.109441 -0.278654
1.066514 -0.305293 1.109349 -0.278798
1.066381 -0.305421 1.109257 -0.278942
1.066248 -0.305549 1.109164 -0.279085
1.066115 -0.305676 1.109072 -0.279229
1.065983 -0.305804 1.108979 -0.279373
1.065850 -0.305931 1.108887 -0.279516
1.065717 -0.306059 1.108794 -0.279660
1.065584 -0.306186 1.108701 -0.279803
1.065451 -0.306313 1.108608 -0.279946
1.065318 -0.306439 1.108516 -0.280089
1.065185 -0.306566 1.108423 -0.280232
1.065052 -0.306693 1.108330 -0.280375
1.064918 -0.306819 1.108237 -0.280518
1.064785 -0.306945 1.108144 -0.280660
1.064652 -0.307071 1.108051 -0.280803
1.064519 -0.307197 1.107958 -0.280945
1.064386 -0.307323 1.107865 -0.281088
1.064252 -0.307448 1.107771 -0.281230
1.064119 -0.307574 1.107678 -0.281372
1.063985 -0.307699 1.107585 -0.281514
1.063852 -0.307824 1.107491 -0.281657
1.063719 -0.307949 1.107398 -0.281798
1.063585 -0.308074 1.107304 -0.281940
1.063452 -0.308199 1.107211 -0.282082
1.063318 -0.308323 1.107117 -0.282224
1.063184 -0.308448 1.107023 -0.282365
1.063051 -0.308572 1.106930 -0.282507
1.062917 -0.308696 1.106836 -0.282648
1.062783 -0.308820 1.106742 -0.282789
1.062650 -0.308944 1.106648 -0.282930
1.062516 -0.309067 1.106554 -0.283071
1.062382 -0.309191 1.106460 -0.283212
1.062248 -0.309314 1.106366 -0.283353
1.062114 -0.309437 1.106272 -0.283494
1.061980 -0.309560 1.106178 -0.283634
1.061847 -0.309683 1.106084 -0.283775
1.061713 -0.309806 1.105990 -0.283915
1.061579 -0.309929 1.105895 -0.284056
1.061444 -0.310051 1.105801 -0.284196
1.061310 -0.310173 1.105707 -0.284336
1.061176 -0.310295 1.105612 -0.284476
1.061042 -0.310417 1.105518 -0.284616
1.060908 -0.310539 1.105423 -0.284756
1.060774 -0.310661 1.105329 -0.284896
1.060640 -0.310782 1.105234 -0.285036
1.060505 -0.310904 1.105139 -0.285175
1.060371 -0.311025 1.105044 -0.285315
1.060237 -0.311146 1.104950 -0.285454
1.060102 -0.311267 1.104855 -0.285593
1.059968 -0.311388 1.104760 -0.285732
1.059833 -0.311508 1.104665 -0.285871
1.059699 -0.311629 1.104570 -0.286010
1.059564 -0.311749 1.104475 -0.286149
1.059430 -0.311869 1.104380 -0.286288
1.059295 -0.311989 1.104284 -0.286427
1.059161 -0.312109 1.104189 -0.286565
1.059026 -0.312229 1.104094 -0.286704
1.058891 -0.312349 1.103999 -0.286842
1.058757 -0.312468 1.103903 -0.286980
1.058622 -0.312587 1.103808 -0.287119
1.058487 -0.312706 1.103712 -0.287257
1.058353 -0.312825 1.103617 -0.287395
1.058218 -0.312944 1.103521 -0.287533
1.058083 -0.313063 1.103425 -0.287670
1.057948 -0.313181 1.103330 -0.287808
1.057813 -0.313300 1.103234 -0.287946
1.057678 -0.313418 1.103138 -0.288083
1.057543 -0.313536 1.103042 -0.288220
1.057408 -0.313654 1.102946 -0.288358
1.057273 -0.313772 1.102850 -0.288495
1.057138 -0.313889 1.102754 -0.288632
1.057003 -0.314007 1.102658 -0.288769
1.056868 -0.314124 1.102562 -0.288906
1.056733 -0.314241 1.102466 -0.289042
1.056597 -0.314358 1.102370 -0.289179
1.056462 -0.314475 1.102274 -0.289316
1.056327 -0.314591 1.102177 -0.289452
1.056192 -0.314708 1.102081 -0.289589
1.056056 -0.314824 1.101984 -0.289725
1.055921 -0.314940 1.101888 -0.289861
1.055786 -0.315057 1.101791 -0.289997
1.055650 -0.315172 1.101695 -0.290133
1.055515 -0.315288 1.101598 -0.290269
1.055380 -0.315404 1.101501 -0.290405
1.055244 -0.315519 1.101405 -0.290540
1.055109 -0.315634 1.101308 -0.290676
1.054973 -0.315750 1.101211 -0.290811
1.054837 -0.315865 1.101114 -0.290947
1.054702 -0.315979 1.101017 -0.291082
1.054566 -0.316094 1.100920 -0.291217
1.054431 -0.316209 1.100823 -0.291352
1.054295 -0.316323 1.100726 -0.291487
1.054159 -0.316437 1.100629 -0.291622
1.054023 -0.316551 1.100532 -0.291756
1.053888 -0.316665 1.100434 -0.291891
1.053752 -0.316779 1.100337 -0.292026
1.053616 -0.316893 1.100240 -0.292160
1.053480 -0.317006 1.100142 -0.292294
1.053344 -0.317119 1.100045 -0.292428
1.053208 -0.317232 1.099947 -0.292563
1.053073 -0.317345 1.099850 -0.292697
1.052937 -0.317458 1.099752 -0.292830
1.052801 -0.317571 1.099655 -0.292964
1.052665 -0.317683 1.099557 -0.293098
1.052529 -0.317796 1.099459 -0.293232
1.052392 -0.317908 1.099361 -0.293365
1.052256 -0.318020 1.099263 -0.293498
1.052120 -0.318132 1.099166 -0.293632
1.051984 -0.318244 1.099068 -0.293765
1.051848 -0.318355 1.098970 -0.293898
1.051712 -0.318467 1.098871 -0.294031
1.051575 -0.318578 1.098773 -0.294164
1.051439 -0.318689 1.098675 -0.294296
1.051303 -0.318800 1.098577 -0.294429
1.051167 -0.318911 1.098479 -0.294562
1.051030 -0.319021 1.098380 -0.294694
1.050894 -0.319132 1.098282 -0.294826
1.050758 -0.319242 1.098184 -0.294959
1.050621 -0.319353 1.098085 -0.295091
1.050485 -0.319463 1.097987 -0.295223
1.050348 -0.319572 1.097888 -0.295355
1.050212 -0.319682 1.097789 -0.295487
1.050075 -0.319792 1.097691 -0.295618
1.049939 -0.319901 1.097592 -0.295750
1.049802 -0.320010 1.097493 -0.295881
1.049666 -0.320119 1.097394 -0.296013
1.049529 -0.320228 1.097295 -0.296144
1.049392 -0.320337 1.097197 -0.296275
1.049256 -0.320446 1.097098 -0.296406
1.049119 -0.320554 1.096998 -0.296537
1.048982 -0.320663 1.096899 -0.296668
1.048846 -0.320771 1.096800 -0.296799
1.048709 -0.320879 1.096701 -0.296930
1.048572 -0.320987 1.096602 -0.297060
1.048435 -0.321094 1.096503 -0.297191
1.048298 -0.321202 1.096403 -0.297321
1.048161 -0.321309 1.096304 -0.297451
1.048025 -0.321417 1.096204 -0.297581
1.047888 -0.321524 1.096105 -0.297711
1.047751 -0.321631 1.096005 -0.297841
1.047614 -0.321737 1.095906 -0.297971
1.047477 -0.321844 1.095806 -0.298101
1.047340 -0.321950 1.095706 -0.298230
1.047203 -0.322057 1.095607 -0.298360
1.047066 -0.322163 1.095507 -0.298489
1.046929 -0.322269 1.095407 -0.298618
1.046792 -0.322375 1.095307 -0.298747
1.046654 -0.322480 1.095207 -0.298877
1.046517 -0.322586 1.095107 -0.299005
1.046380 -0.322691 1.095007 -0.299134
1.046243 -0.322796 1.094907 -0.299263
1.046106 -0.322901 1.094807 -0.299392
1.045969 -0.323006 1.094707 -0.299520
1.045831 -0.323111 1.094607 -0.299649
1.045694 -0.323215 1.094506 -0.299777
1.045557 -0.323320 1.094406 -0.299905
1.045419 -0.323424 1.094306 -0.300033
1.045282 -0.323528 1.094205 -0.300161
1.045145 -0.323632 1.094105 -0.300289
1.045007 -0.323736 1.094004 -0.300417
1.044870 -0.323839 1.093904 -0.300544
1.044732 -0.323943 1.093803 -0.300672
1.044595 -0.324046 1.093702 -0.300799
1.044458 -0.324149 1.093602 -0.300927
1.044320 -0.324252 1.093501 -0.301054
1.044183 -0.324355 1.093400 -0.301181
1.044045 -0.324458 1.093299 -0.301308
1.043907 -0.324560 1.093198 -0.301435
1.043770 -0.324663 1.093097 -0.301562
1.043632 -0.324765 1.092996 -0.301688
1.043495 -0.324867 1.092895 -0.301815
1.043357 -0.324969 1.092794 -0.301941
1.043219 -0.325071 1.092693 -0.302068
1.043082 -0.325172 1.092591 -0.302194
1.042944 -0.325273 1.092490 -0.302320
1.042806 -0.325375 1.092389 -0.302446
1.042668 -0.325476 1.092288 -0.302572
1.042531 -0.325577 1.092186 -0.302698
1.042393 -0.325677 1.092085 -0.302823
1.042255 -0.325778 1.091983 -0.302949
1.042117 -0.325879 1.091882 -0.303074
1.041979 -0.325979 1.091780 -0.303200
1.041842 -0.326079 1.091678 -0.303325
1.041704 -0.326179 1.091577 -0.303450
1.041566 -0.326279 1.091475 -0.303575
1.041428 -0.326378 1.091373 -0.303700
1.041290 -0.326478 1.091271 -0.303825
1.041152 -0.326577 1.091169 -0.303950
1.041014 -0.326676 1.091067 -0.304074
1.040876 -0.326775 1.090965 -0.304199
1.040738 -0.326874 1.090863 -0.304323
1.040600 -0.326973 1.090761 -0.304447
1.040462 -0.327072 1.090659 -0.304571
1.040324 -0.327170 1.090557 -0.304695
1.040186 -0.327268 1.090454 -0.304819
1.040048 -0.327366 1.090352 -0.304943
1.039909 -0.327464 1.090250 -0.305067
1.039771 -0.327562 1.090147 -0.305190
1.039633 -0.327659 1.090045 -0.305314
1.039495 -0.327757 1.089942 -0.305437
1.039357 -0.327854 1.089840 -0.305561
1.039219 -0.327951 1.089737 -0.305684
1.039080 -0.328048 1.089635 -0.305807
1.038942 -0.328145 1.089532 -0.305930
1.038804 -0.328242 1.089429 -0.306052
1.038666 -0.328338 1.089326 -0.306175
1.038527 -0.328434 1.089224 -0.306298
1.038389 -0.328530 1.089121 -0.306420
1.038251 -0.328626 1.089018 -0.306542
1.038112 -0.328722 1.088915 -0.306665
1.037974 -0.328818 1.088812 -0.306787
1.037835 -0.328913 1.088709 -0.306909
1.037697 -0.329009 1.088605 -0.307031
1.037559 -0.329104 1.088502 -0.307153
1.037420 -0.329199 1.088399 -0.307274
1.037282 -0.329294 1.088296 -0.307396
1.037143 -0.329389 1.088192 -0.307517
1.037005 -0.329483 1.088089 -0.307639
1.036866 -0.329577 1.087986 -0.307760
1.036728 -0.329672 1.087882 -0.307881
1.036589 -0.329766 1.087779 -0.308002
1.036451 -0.329860 1.087675 -0.308123
1.036312 -0.329953 1.087572 -0.308244
1.036173 -0.330047 1.087468 -0.308364
1.036035 -0.330140 1.087364 -0.308485
1.035896 -0.330234 1.087260 -0.308605
1.035758 -0.330327 1.087157 -0.308726
1.035619 -0.330420 1.087053 -0.308846
1.035480 -0.330512 1.086949 -0.308966
1.035342 -0.330605 1.086845 -0.309086
1.035203 -0.330697 1.086741 -0.309206
1.035064 -0.330790 1.086637 -0.309325
1.034925 -0.330882 1.086533 -0.309445
1.034787 -0.330974 1.086429 -0.309565
1.034648 -0.331066 1.086324 -0.309684
1.034509 -0.331157 1.086220 -0.309803
1.034370 -0.331249 1.086116 -0.309922
1.034232 -0.331340 1.086012 -0.310041
1.034093 -0.331431 1.085907 -0.310160
1.033954 -0.331522 1.085803 -0.310279
1.033815 -0.331613 1.085698 -0.310398
1.033676 -0.331704 1.085594 -0.310516
1.033537 -0.331794 1.085489 -0.310635
1.033399 -0.331885 1.085385 -0.310753
1.033260 -0.331975 1.085280 -0.310872
1.033121 -0.332065 1.085175 -0.310990
1.032982 -0.332155 1.085071 -0.311108
1.032843 -0.332244 1.084966 -0.311226
1.032704 -0.332334 1.084861 -0.311343
1.032565 -0.332423 1.084756 -0.311461
1.032426 -0.332512 1.084651 -0.311579
1.032287 -0.332602 1.084546 -0.311696
1.032148 -0.332690 1.084441 -0.311813
1.032009 -0.332779 1.084336 -0.311931
1.031870 -0.332868 1.084231 -0.312048
1.031731 -0.332956 1.084126 -0.312165
1.031592 -0.333044 1.084020 -0.312282
1.031453 -0.333132 1.083915 -0.312398
1.031314 -0.333220 1.083810 -0.312515
1.031175 -0.333308 1.083704 -0.312631
1.031036 -0.333396 1.083599 -0.312748
1.030896 -0.333483 1.083494 -0.312864
1.030757 -0.333570 1.083388 -0.312980
1.030618 -0.333657 1.083283 -0.313096
1.030479 -0.333744 1.083177 -0.313212
1.030340 -0.333831 1.083071 -0.313328
1.030201 -0.333918 1.082966 -0.313444
1.030062 -0.334004 1.082860 -0.313559
1.029922 -0.334090 1.082754 -0.313675
1.029783 -0.334177 1.082648 -0.313790
1.029644 -0.334263 1.082542 -0.313905
1.029505 -0.334348 1.082436 -0.314020
1.029365 -0.334434 1.082330 -0.314135
1.029226 -0.334519 1.082224 -0.314250
1.029087 -0.334605 1.082118 -0.314365
1.028948 -0.334690 1.082012 -0.314480
1.028808 -0.334775 1.081906 -0.314594
1.028669 -0.334860 1.081800 -0.314709
1.028530 -0.334944 1.081694 -0.314823
1.028390 -0.335029 1.081587 -0.314937
1.028251 -0.335113 1.081481 -0.315051
1.028112 -0.335197 1.081375 -0.315165
1.027972 -0.335281 1.081268 -0.315279
1.027833 -0.335365 1.081162 -0.315392
1.027694 -0.335449 1.081055 -0.315506
1.027554 -0.335532 1.080949 -0.315619
1.027415 -0.335616 1.080842 -0.315733
1.027276 -0.335699 1.080735 -0.315846
1.027136 -0.335782 1.080629 -0.315959
1.026997 -0.335865 1.080522 -0.316072
1.026857 -0.335947 1.080415 -0.316185
1.026718 -0.336030 1.080308 -0.316298
1.026579 -0.336112 1.080201 -0.316410
1.026439 -0.336194 1.080094 -0.316523
1.026300 -0.336276 1.079987 -0.316635
1.026160 -0.336358 1.079880 -0.316747
1.026021 -0.336440 1.079773 -0.316859
1.025881 -0.336521 1.079666 -0.316971
1.025742 -0.336603 1.079559 -0.317083
1.025602 -0.336684 1.079452 -0.317195
1.025463 -0.336765 1.079344 -0.317307
1.025323 -0.336846 1.079237 -0.317418
1.025184 -0.336927 1.079130 -0.317530
1.025044 -0.337007 1.079022 -0.317641
1.024905 -0.337088 1.078915 -0.317752
1.024765 -0.337168 1.078807 -0.317863
1.024625 -0.337248 1.078700 -0.317974
1.024486 -0.337328 1.078592 -0.318085
1.024346 -0.337407 1.078485 -0.318196
1.024207 -0.337487 1.078377 -0.318306
1.024067 -0.337566 1.078269 -0.318417
1.023928 -0.337646 1.078162 -0.318527
1.023788 -0.337725 1.078054 -0.318637
1.023648 -0.337804 1.077946 -0.318747
1.023509 -0.337882 1.077838 -0.318857
1.023369 -0.337961 1.077730 -0.318967
1.023230 -0.338039 1.077622 -0.319077
1.023090 -0.338117 1.077514 -0.319186
1.022950 -0.338196 1.077406 -0.319296
1.022811 -0.338273 1.077298 -0.319405
1.022671 -0.338351 1.077190 -0.319514
1.022531 -0.338429 1.077081 -0.319623
1.022392 -0.338506 1.076973 -0.319732
1.022252 -0.338583 1.076865 -0.319841
1.022112 -0.338661 1.076756 -0.319950
1.021973 -0.338737 1.076648 -0.320059
1.021833 -0.338814 1.076540 -0.320167
1.021693 -0.338891 1.076431 -0.320276
1.021554 -0.338967 1.076323 -0.320384
1.021414 -0.339043 1.076214 -0.320492
1.021274 -0.339119 1.076105 -0.320600
1.021134 -0.339195 1.075997 -0.320708
1.020995 -0.339271 1.075888 -0.320816
1.020855 -0.339347 1.075779 -0.320923
1.020715 -0.339422 1.075670 -0.321031
1.020575 -0.339497 1.075562 -0.321138
1.020436 -0.339572 1.075453 -0.321245
1.020296 -0.339647 1.075344 -0.321352
1.020156 -0.339722 1.075235 -0.321459
1.020017 -0.339797 1.075126 -0.321566
1.019877 -0.339871 1.075017 -0.321673
1.019737 -0.339945 1.074908 -0.321780
1.019597 -0.340020 1.074798 -0.321886
1.019457 -0.340093 1.074689 -0.321993
1.019318 -0.340167 1.074580 -0.322099
1.019178 -0.340241 1.074471 -0.322205
1.019038 -0.340314 1.074361 -0.322311
1.018898 -0.340387 1.074252 -0.322417
1.018759 -0.340461 1.074143 -0.322523
1.018619 -0.340533 1.074033 -0.322628
1.018479 -0.340606 1.073924 -0.322734
1.018339 -0.340679 1.073814 -0.322839
1.018199 -0.340751 1.073704 -0.322945
1.018060 -0.340823 1.073595 -0.323050
1.017920 -0.340896 1.073485 -0.323155
1.017780 -0.340967 1.073375 -0.323260
1.017640 -0.341039 1.073266 -0.323365
1.017500 -0.341111 1.073156 -0.323469
1.017360 -0.341182 1.073046 -0.323574
1.017221 -0.341254 1.072936 -0.323678
1.017081 -0.341325 1.072826 -0.323782
1.016941 -0.341396 1.072716 -0.323886
1.016801 -0.341466 1.072606 -0.323991
1.016661 -0.341537 1.072496 -0.324094
1.016521 -0.341607 1.072386 -0.324198
1.016382 -0.341678 1.072276 -0.324302
1.016242 -0.341748 1.072165 -0.324405
1.016102 -0.341818 1.072055 -0.324509
1.015962 -0.341887 1.071945 -0.324612
1.015822 -0.341957 1.071835 -0.324715
1.015682 -0.342026 1.071724 -0.324818
1.015543 -0.342096 1.071614 -0.324921
1.015403 -0.342165 1.071503 -0.325024
1.015263 -0.342233 1.071393 -0.325126
1.015123 -0.342302 1.071282 -0.325229
1.014983 -0.342371 1.071172 -0.325331
1.014843 -0.342439 1.071061 -0.325434
1.014703 -0.342507 1.070950 -0.325536
1.014564 -0.342576 1.070839 -0.325638
1.014424 -0.342643 1.070729 -0.325740
1.014284 -0.342711 1.070618 -0.325841
1.014144 -0.342779 1.070507 -0.325943
1.014004 -0.342846 1.070396 -0.326044
1.013864 -0.342913 1.070285 -0.326146
1.013724 -0.342980 1.070174 -0.326247
1.013585 -0.343047 1.070063 -0.326348
1.013445 -0.343114 1.069952 -0.326449
1.013305 -0.343181 1.069841 -0.326550
1.013165 -0.343247 1.069730 -0.326651
1.013025 -0.343313 1.069619 -0.326751
1.012885 -0.343379 1.069507 -0.326852
1.012745 -0.343445 1.069396 -0.326952
1.012606 -0.343511 1.069285 -0.327052
1.012466 -0.343576 1.069173 -0.327152
1.012326 -0.343642 1.069062 -0.327252
1.012186 -0.343707 1.068950 -0.327352
1.012046 -0.343772 1.068839 -0.327452
1.011906 -0.343837 1.068727 -0.327551
1.011766 -0.343902 1.068616 -0.327651
1.011627 -0.343966 1.068504 -0.327750
1.011487 -0.344031 1.068392 -0.327849
1.011347 -0.344095 1.068281 -0.327948
1.011207 -0.344159 1.068169 -0.328047
1.011067 -0.344223 1.068057 -0.328146
1.010927 -0.344286 1.067945 -0.328245
1.010787 -0.344350 1.067833 -0.328343
1.010648 -0.344413 1.067721 -0.328442
1.010508 -0.344476 1.067609 -0.328540
1.010368 -0.344539 1.067497 -0.328638
1.010228 -0.344602 1.067385 -0.328736
1.010088 -0.344665 1.067273 -0.328834
1.009948 -0.344728 1.067161 -0.328932
1.009809 -0.344790 1.067049 -0.329029
1.009669 -0.344852 1.066937 -0.329127
1.009529 -0.344914 1.066824 -0.329224
1.009389 -0.344976 1.066712 -0.329322
1.009249 -0.345038 1.066600 -0.329419
1.009110 -0.345099 1.066487 -0.329516
1.008970 -0.345160 1.066375 -0.329612
1.008830 -0.345222 1.066263 -0.329709
1.008690 -0.345283 1.066150 -0.329806
1.008550 -0.345343 1.066037 -0.329902
1.008411 -0.345404 1.065925 -0.329999
1.008271 -0.345464 1.065812 -0.330095
1.008131 -0.345525 1.065699 -0.330191
1.007991 -0.345585 1.065587 -0.330287
1.007851 -0.345645 1.065474 -0.330382
1.007712 -0.345705 1.065361 -0.330478
1.007572 -0.345764 1.065248 -0.330574
1.007432 -0.345824 1.065135 -0.330669
1.007292 -0.345883 1.065022 -0.330764
1.007153 -0.345942 1.064909 -0.330859
1.007013 -0.346001 1.064796 -0.330954
1.006873 -0.346060 1.064683 -0.331049
1.006733 -0.346119 1.064570 -0.331144
1.006594 -0.346177 1.064457 -0.331239
1.006454 -0.346235 1.064344 -0.331333
1.006314 -0.346293 1.064231 -0.331427
1.006174 -0.346351 1.064117 -0.331522
1.006035 -0.346409 1.064004 -0.331616
1.005895 -0.346467 1.063891 -0.331710
1.005755 -0.346524 1.063777 -0.331804
1.005615 -0.346581 1.063664 -0.331897
1.005476 -0.346638 1.063551 -0.331991
1.005336 -0.346695 1.063437 -0.332084
1.005196 -0.346752 1.063323 -0.332177
1.005057 -0.346809 1.063210 -0.332271
1.004917 -0.346865 1.063096 -0.332364
1.004777 -0.346921 1.062983 -0.332456
1.004638 -0.346977 1.062869 -0.332549
1.004498 -0.347033 1.062755 -0.332642
1.004358 -0.347089 1.062641 -0.332734
1.004219 -0.347145 1.062527 -0.332827
1.004079 -0.347200 1.062414 -0.332919
1.003939 -0.347255 1.062300 -0.333011
1.003800 -0.347310 1.062186 -0.333103
1.003660 -0.347365 1.062072 -0.333195
1.003521 -0.347420 1.061958 -0.333286
1.003381 -0.347474 1.061843 -0.333378
1.003241 -0.347529 1.061729 -0.333469
1.003102 -0.347583 1.061615 -0.333561
1.002962 -0.347637 1.061501 -0.333652
1.002823 -0.347691 1.061387 -0.333743
1.002683 -0.347744 1.061272 -0.333834
1.002543 -0.347798 1.061158 -0.333924
1.002404 -0.347851 1.061044 -0.334015
1.002264 -0.347904 1.060929 -0.334105
1.002125 -0.347957 1.060815 -0.334196
1.001985 -0.348010 1.060700 -0.334286
1.001846 -0.348063 1.060586 -0.334376
1.001706 -0.348115 1.060471 -0.334466
1.001567 -0.348168 1.060357 -0.334556
1.001427 -0.348220 1.060242 -0.334645
1.001288 -0.348272 1.060127 -0.334735
1.001148 -0.348323 1.060013 -0.334824
1.001009 -0.348375 1.059898 -0.334913
1.000869 -0.348427 1.059783 -0.335003
1.000730 -0.348478 1.059668 -0.335091
1.000590 -0.348529 1.059553 -0.335180
1.000451 -0.348580 1.059438 -0.335269
1.000311 -0.348631 1.059323 -0.335358
1.000172 -0.348681 1.059208 -0.335446
1.000032 -0.348732 1.059093 -0.335534
0.999893 -0.348782 1.058978 -0.335622
0.999754 -0.348832 1.058863 -0.335710
0.999614 -0.348882 1.058748 -0.335798
0.999475 -0.348932 1.058633 -0.335886
0.999336 -0.348981 1.058518 -0.335974
0.999196 -0.349031 1.058402 -0.336061
0.999057 -0.349080 1.058287 -0.336148
0.998917 -0.349129 1.058172 -0.336236
0.998778 -0.349178 1.058056 -0.336323
0.998639 -0.349226 1.057941 -0.336410
0.998499 -0.349275 1.057825 -0.336496
0.998360 -0.349323 1.057710 -0.336583
0.998221 -0.349371 1.057594 -0.336670
0.998082 -0.349419 1.057479 -0.336756
0.997942 -0.349467 1.057363 -0.336842
0.997803 -0.349515 1.057247 -0.336928
0.997664 -0.349562 1.057132 -0.337014
0.997525 -0.349610 1.057016 -0.337100
0.997385 -0.349657 1.056900 -0.337186
0.997246 -0.349704 1.056784 -0.337271
0.997107 -0.349751 1.056668 -0.337357
0.996968 -0.349797 1.056552 -0.337442
0.996829 -0.349844 1.056436 -0.337527
0.996689 -0.349890 1.056320 -0.337612
0.996550 -0.349936 1.056204 -0.337697
0.996411 -0.349982 1.056088 -0.337782
0.996272 -0.350028 1.055972 -0.337866
0.996133 -0.350074 1.055856 -0.337951
0.995994 -0.350119 1.055740 -0.338035
0.995855 -0.350164 1.055624 -0.338119
0.995715 -0.350209 1.055507 -0.338203
0.995576 -0.350254 1.055391 -0.338287
0.995437 -0.350299 1.055275 -0.338371
0.995298 -0.350344 1.055158 -0.338454
0.995159 -0.350388 1.055042 -0.338538
0.995020 -0.350432 1.054926 -0.338621
0.994881 -0.350476 1.054809 -0.338704
0.994742 -0.350520 1.054693 -0.338787
0.994603 -0.350564 1.054576 -0.338870
0.994464 -0.350607 1.054459 -0.338953
0.994325 -0.350651 1.054343 -0.339035
0.994186 -0.350694 1.054226 -0.339118
0.994047 -0.350737 1.054109 -0.339200
0.993908 -0.350780 1.053993 -0.339282
0.993769 -0.350822 1.053876 -0.339364
0.993631 -0.350865 1.053759 -0.339446
0.993492 -0.350907 1.053642 -0.339528
0.993353 -0.350949 1.053525 -0.339610
0.993214 -0.350991 1.053408 -0.339691
0.993075 -0.351033 1.053291 -0.339773
0.992936 -0.351075 1.053174 -0.339854
0.992797 -0.351116 1.053057 -0.339935
0.992659 -0.351158 1.052940 -0.340016
0.992520 -0.351199 1.052823 -0.340097
0.992381 -0.351240 1.052706 -0.340177
0.992242 -0.351280 1.052589 -0.340258
0.992104 -0.351321 1.052471 -0.340338
0.991965 -0.351361 1.052354 -0.340418
0.991826 -0.351402 1.052237 -0.340498
0.991687 -0.351442 1.052119 -0.340578
0.991549 -0.351482 1.052002 -0.340658
0.991410 -0.351521 1.051885 -0.340738
0.991271 -0.351561 1.051767 -0.340817
0.991133 -0.351600 1.051650 -0.340897
0.990994 -0.351640 1.051532 -0.340976
0.990855 -0.351679 1.051414 -0.341055
0.990717 -0.351717 1.051297 -0.341134
0.990578 -0.351756 1.051179 -0.341213
0.990440 -0.351795 1.051061 -0.341291
0.990301 -0.351833 1.050944 -0.341370
0.990163 -0.351871 1.050826 -0.341448
0.990024 -0.351909 1.050708 -0.341526
0.989886 -0.351947 1.050590 -0.341604
0.989747 -0.351985 1.050472 -0.341682
0.989609 -0.352022 1.050355 -0.341760
0.989470 -0.352059 1.050237 -0.341838
0.989332 -0.352096 1.050119 -0.341915
0.989193 -0.352133 1.050001 -0.341993
0.989055 -0.352170 1.049883 -0.342070
0.988916 -0.352207 1.049764 -0.342147
0.988778 -0.352243 1.049646 -0.342224
0.988640 -0.352279 1.049528 -0.342301
0.988501 -0.352316 1.049410 -0.342377
0.988363 -0.352351 1.049292 -0.342454
0.988225 -0.352387 1.049173 -0.342530
0.988086 -0.352423 1.049055 -0.342606
0.987948 -0.352458 1.048937 -0.342682
0.987810 -0.352493 1.048818 -0.342758
0.987672 -0.352528 1.048700 -0.342834
0.987533 -0.352563 1.048581 -0.342910
0.987395 -0.352598 1.048463 -0.342985
0.987257 -0.352632 1.048344 -0.343060
0.987119 -0.352667 1.048226 -0.343136
0.986981 -0.352701 1.048107 -0.343211
0.986843 -0.352735 1.047989 -0.343286
0.986704 -0.352769 1.047870 -0.343360
0.986566 -0.352802 1.047751 -0.343435
0.986428 -0.352836 1.047632 -0.343509
0.986290 -0.352869 1.047514 -0.343584
0.986152 -0.352902 1.047395 -0.343658
0.986014 -0.352935 1.047276 -0.343732
0.985876 -0.352968 1.047157 -0.343806
0.985738 -0.353001 1.047038 -0.343880
0.985600 -0.353033 1.046919 -0.343953
0.985462 -0.353065 1.046800 -0.344027
0.985324 -0.353097 1.046681 -0.344100
0.985186 -0.353129 1.046562 -0.344173
0.985048 -0.353161 1.046443 -0.344246
0.984911 -0.353193 1.046324 -0.344319
0.984773 -0.353224 1.046205 -0.344392
0.984635 -0.353255 1.046086 -0.344464
0.984497 -0.353286 1.045966 -0.344537
0.984359 -0.353317 1.045847 -0.344609
0.984221 -0.353348 1.045728 -0.344681
0.984084 -0.353378 1.045608 -0.344753
0.983946 -0.353408 1.045489 -0.344825
0.983808 -0.353439 1.045370 -0.344896
0.983671 -0.353469 1.045250 -0.344968
0.983533 -0.353498 1.045131 -0.345039
0.983395 -0.353528 1.045011 -0.345111
0.983258 -0.353557 1.044891 -0.345182
0.983120 -0.353587 1.044772 -0.345253
0.982982 -0.353616 1.044652 -0.345323
0.982845 -0.353645 1.044533 -0.345394
0.982707 -0.353674 1.044413 -0.345465
0.982570 -0.353702 1.044293 -0.345535
0.982432 -0.353731 1.044173 -0.345605
0.982295 -0.353759 1.044054 -0.345675
0.982157 -0.353787 1.043934 -0.345745
0.982020 -0.353815 1.043814 -0.345815
0.981882 -0.353842 1.043694 -0.345884
0.981745 -0.353870 1.043574 -0.345954
0.981607 -0.353897 1.043454 -0.346023
0.981470 -0.353924 1.043334 -0.346092
0.981333 -0.353951 1.043214 -0.346161
0.981195 -0.353978 1.043094 -0.346230
0.981058 -0.354005 1.042974 -0.346299
0.980921 -0.354031 1.042854 -0.346367
0.980784 -0.354058 1.042733 -0.346436
0.980646 -0.354084 1.042613 -0.346504
0.980509 -0.354110 1.042493 -0.346572
0.980372 -0.354136 1.042373 -0.346640
0.980235 -0.354161 1.042252 -0.346708
0.980098 -0.354187 1.042132 -0.346776
0.979960 -0.354212 1.042012 -0.346843
0.979823 -0.354237 1.041891 -0.346911
0.979686 -0.354262 1.041771 -0.346978
0.979549 -0.354286 1.041650 -0.347045
0.979412 -0.354311 1.041530 -0.347112
0.979275 -0.354335 1.041409 -0.347179
0.979138 -0.354360 1.041289 -0.347245
0.979001 -0.354384 1.041168 -0.347312
0.978864 -0.354407 1.041047 -0.347378
0.978727 -0.354431 1.040927 -0.347444
0.978590 -0.354455 1.040806 -0.347510
0.978453 -0.354478 1.040685 -0.347576
0.978317 -0.354501 1.040564 -0.347642
0.978180 -0.354524 1.040444 -0.347707
0.978043 -0.354547 1.040323 -0.347773
0.977906 -0.354569 1.040202 -0.347838
0.977769 -0.354592 1.040081 -0.347903
0.977633 -0.354614 1.039960 -0.347968
0.977496 -0.354636 1.039839 -0.348033
0.977359 -0.354658 1.039718 -0.348097
0.977223 -0.354680 1.039597 -0.348162
0.977086 -0.354701 1.039476 -0.348226
0.976949 -0.354723 1.039355 -0.348290
0.976813 -0.354744 1.039234 -0.348354
0.976676 -0.354765 1.039112 -0.348418
0.976540 -0.354786 1.038991 -0.348482
0.976403 -0.354807 1.038870 -0.348546
0.976267 -0.354827 1.038749 -0.348609
0.976130 -0.354847 1.038627 -0.348672
0.975994 -0.354868 1.038506 -0.348735
0.975857 -0.354888 1.038385 -0.348798
0.975721 -0.354907 1.038263 -0.348861
0.975585 -0.354927 1.038142 -0.348924
0.975448 -0.354946 1.038020 -0.348986
0.975312 -0.354966 1.037899 -0.349049
0.975176 -0.354985 1.037777 -0.349111
0.975039 -0.355004 1.037656 -0.349173
0.974903 -0.355022 1.037534 -0.349235
0.974767 -0.355041 1.037412 -0.349297
0.974631 -0.355059 1.037291 -0.349358
0.974494 -0.355078 1.037169 -0.349420
0.974358 -0.355096 1.037047 -0.349481
0.974222 -0.355113 1.036926 -0.349542
0.974086 -0.355131 1.036804 -0.349603
0.973950 -0.355149 1.036682 -0.349664
0.973814 -0.355166 1.036560 -0.349725
0.973678 -0.355183 1.036438 -0.349785
0.973542 -0.355200 1.036316 -0.349845
0.973406 -0.355217 1.036194 -0.349906
0.973270 -0.355234 1.036072 -0.349966
0.973134 -0.355250 1.035950 -0.350026
0.972998 -0.355266 1.035828 -0.350085
0.972863 -0.355282 1.035706 -0.350145
0.972727 -0.355298 1.035584 -0.350204
0.972591 -0.355314 1.035462 -0.350264
0.972455 -0.355330 1.035340 -0.350323
0.972319 -0.355345 1.035217 -0.350382
0.972184 -0.355360 1.035095 -0.350441
0.972048 -0.355375 1.034973 -0.350499
0.971912 -0.355390 1.034851 -0.350558
0.971777 -0.355405 1.034728 -0.350616
0.971641 -0.355419 1.034606 -0.350674
0.971506 -0.355434 1.034484 -0.350732
0.971370 -0.355448 1.034361 -0.350790
0.971235 -0.355462 1.034239 -0.350848
0.971099 -0.355476 1.034116 -0.350905
0.970964 -0.355489 1.033994 -0.350963
0.970828 -0.355503 1.033871 -0.351020
0.970693 -0.355516 1.033748 -0.351077
0.970557 -0.355529 1.033626 -0.351134
0.970422 -0.355542 1.033503 -0.351191
0.970287 -0.355555 1.033381 -0.351248
0.970151 -0.355567 1.033258 -0.351304
0.970016 -0.355580 1.033135 -0.351360
0.969881 -0.355592 1.033012 -0.351416
0.969746 -0.355604 1.032890 -0.351472
0.969611 -0.355616 1.032767 -0.351528
0.969475 -0.355627 1.032644 -0.351584
0.969340 -0.355639 1.032521 -0.351640
0.969205 -0.355650 1.032398 -0.351695
0.969070 -0.355661 1.032275 -0.351750
0.968935 -0.355672 1.032152 -0.351805
0.968800 -0.355683 1.032029 -0.351860
0.968665 -0.355694 1.031906 -0.351915
0.968530 -0.355704 1.031783 -0.351969
0.968395 -0.355714 1.031660 -0.352024
0.968260 -0.355725 1.031537 -0.352078
0.968126 -0.355734 1.031414 -0.352132
0.967991 -0.355744 1.031290 -0.352186
0.967856 -0.355754 1.031167 -0.352240
0.967721 -0.355763 1.031044 -0.352293
0.967586 -0.355772 1.030921 -0.352347
0.967452 -0.355781 1.030797 -0.352400
0.967317 -0.355790 1.030674 -0.352453
0.967182 -0.355799 1.030551 -0.352506
0.967048 -0.355807 1.030427 -0.352559
0.966913 -0.355816 1.030304 -0.352612
0.966779 -0.355824 1.030180 -0.352664
0.966644 -0.355832 1.030057 -0.352717
0.966510 -0.355839 1.029933 -0.352769
0.966375 -0.355847 1.029810 -0.352821
0.966241 -0.355855 1.029686 -0.352873
0.966106 -0.355862 1.029563 -0.352925
0.965972 -0.355869 1.029439 -0.352976
0.965838 -0.355876 1.029315 -0.353028
0.965703 -0.355882 1.029192 -0.353079
0.965569 -0.355889 1.029068 -0.353130
0.965435 -0.355895 1.028944 -0.353181
0.965301 -0.355902 1.028820 -0.353232
0.965167 -0.355908 1.028697 -0.353282
0.965032 -0.355913 1.028573 -0.353333
0.964898 -0.355919 1.028449 -0.353383
0.964764 -0.355925 1.028325 -0.353433
0.964630 -0.355930 1.028201 -0.353483
0.964496 -0.355935 1.028077 -0.353533
0.964362 -0.355940 1.027953 -0.353582
0.964228 -0.355945 1.027829 -0.353632
0.964094 -0.355949 1.027705 -0.353681
0.963960 -0.355954 1.027581 -0.353730
0.963827 -0.355958 1.027457 -0.353779
0.963693 -0.355962 1.027333 -0.353828
0.963559 -0.355966 1.027209 -0.353877
0.963425 -0.355969 1.027084 -0.353925
0.963292 -0.355973 1.026960 -0.353974
0.963158 -0.355976 1.026836 -0.354022
0.963024 -0.355980 1.026712 -0.354070
0.962891 -0.355983 1.026587 -0.354118
0.962757 -0.355985 1.026463 -0.354165
0.962623 -0.355988 1.026339 -0.354213
0.962490 -0.355990 1.026214 -0.354260
0.962356 -0.355993 1.026090 -0.354308
0.962223 -0.355995 1.025966 -0.354355
0.962090 -0.355997 1.025841 -0.354401
0.961956 -0.355998 1.025717 -0.354448
0.961823 -0.356000 1.025592 -0.354495
0.961689 -0.356001 1.025468 -0.354541
0.961556 -0.356003 1.025343 -0.354587
0.961423 -0.356004 1.025218 -0.354633
0.961290 -0.356005 1.025094 -0.354679
0.961157 -0.356005 1.024969 -0.354725
0.961023 -0.356006 1.024844 -0.354771
0.960890 -0.356006 1.024720 -0.354816
0.960757 -0.356006 1.024595 -0.354861
0.960624 -0.356006 1.024470 -0.354906
0.960491 -0.356006 1.024345 -0.354951
0.960358 -0.356006 1.024221 -0.354996
0.960225 -0.356005 1.024096 -0.355041
0.960092 -0.356004 1.023971 -0.355085
0.959960 -0.356003 1.023846 -0.355129
0.959827 -0.356002 1.023721 -0.355174
0.959694 -0.356001 1.023596 -0.355218
0.959561 -0.355999 1.023471 -0.355261
0.959428 -0.355998 1.023346 -0.355305
0.959296 -0.355996 1.023221 -0.355348
0.959163 -0.355994 1.023096 -0.355392
0.959030 -0.355992 1.022971 -0.355435
0.958898 -0.355989 1.022846 -0.355478
0.958765 -0.355987 1.022721 -0.355521
0.958633 -0.355984 1.022596 -0.355563
0.958500 -0.355981 1.022470 -0.355606
0.958368 -0.355978 1.022345 -0.355648
0.958235 -0.355975 1.022220 -0.355690
0.958103 -0.355972 1.022095 -0.355732
0.957971 -0.355968 1.021969 -0.355774
0.957838 -0.355964 1.021844 -0.355815
0.957706 -0.355960 1.021719 -0.355857
0.957574 -0.355956 1.021593 -0.355898
0.957442 -0.355952 1.021468 -0.355939
0.957310 -0.355947 1.021342 -0.355980
0.957178 -0.355943 1.021217 -0.356021
0.957045 -0.355938 1.021092 -0.356062
0.956913 -0.355933 1.020966 -0.356102
0.956781 -0.355928 1.020840 -0.356143
0.956649 -0.355922 1.020715 -0.356183
0.956518 -0.355917 1.020589 -0.356223
0.956386 -0.355911 1.020464 -0.356262
0.956254 -0.355905 1.020338 -0.356302
0.956122 -0.355899 1.020212 -0.356342
0.955990 -0.355893 1.020087 -0.356381
0.955858 -0.355886 1.019961 -0.356420
0.955727 -0.355880 1.019835 -0.356459
0.955595 -0.355873 1.019710 -0.356498
0.955463 -0.355866 1.019584 -0.356536
0.955332 -0.355859 1.019458 -0.356575
0.955200 -0.355851 1.019332 -0.356613
0.955069 -0.355844 1.019206 -0.356651
0.954937 -0.355836 1.019080 -0.356689
0.954806 -0.355828 1.018954 -0.356727
0.954675 -0.355820 1.018829 -0.356765
0.954543 -0.355812 1.018703 -0.356802
0.954412 -0.355804 1.018577 -0.356839
0.954281 -0.355795 1.018451 -0.356877
0.954149 -0.355786 1.018325 -0.356914
0.954018 -0.355777 1.018198 -0.356950
0.953887 -0.355768 1.018072 -0.356987
0.953756 -0.355759 1.017946 -0.357023
0.953625 -0.355749 1.017820 -0.357060
0.953494 -0.355740 1.017694 -0.357096
0.953363 -0.355730 1.017568 -0.357132
0.953232 -0.355720 1.017442 -0.357168
0.953101 -0.355710 1.017315 -0.357203
0.952970 -0.355699 1.017189 -0.357239
0.952839 -0.355689 1.017063 -0.357274
0.952708 -0.355678 1.016936 -0.357309
0.952577 -0.355667 1.016810 -0.357344
0.952447 -0.355656 1.016684 -0.357379
0.952316 -0.355645 1.016557 -0.357413
0.952185 -0.355633 1.016431 -0.357448
0.952055 -0.355622 1.016305 -0.357482
0.951924 -0.355610 1.016178 -0.357516
0.951794 -0.355598 1.016052 -0.357550
0.951663 -0.355586 1.015925 -0.357584
0.951533 -0.355573 1.015799 -0.357617
0.951402 -0.355561 1.015672 -0.357651
0.951272 -0.355548 1.015546 -0.357684
0.951142 -0.355535 1.015419 -0.357717
0.951011 -0.355522 1.015292 -0.357750
0.950881 -0.355509 1.015166 -0.357783
0.950751 -0.355496 1.015039 -0.357815
0.950621 -0.355482 1.014912 -0.357847
0.950491 -0.355468 1.014786 -0.357880
0.950360 -0.355454 1.014659 -0.357912
0.950230 -0.355440 1.014532 -0.357944
0.950100 -0.355426 1.014405 -0.357975
0.949970 -0.355411 1.014279 -0.358007
0.949840 -0.355397 1.014152 -0.358038
0.949711 -0.355382 1.014025 -0.358069
0.949581 -0.355367 1.013898 -0.358100
0.949451 -0.355352 1.013771 -0.358131
0.949321 -0.355336 1.013644 -0.358162
0.949191 -0.355321 1.013517 -0.358192
0.949062 -0.355305 1.013390 -0.358223
0.948932 -0.355289 1.013263 -0.358253
0.948803 -0.355273 1.013136 -0.358283
0.948673 -0.355257 1.013009 -0.358313
0.948544 -0.355240 1.012882 -0.358342
0.948414 -0.355224 1.012755 -0.358372
0.948285 -0.355207 1.012628 -0.358401
0.948155 -0.355190 1.012501 -0.358430
0.948026 -0.355173 1.012374 -0.358459
0.947897 -0.355155 1.012247 -0.358488
0.947767 -0.355138 1.012120 -0.358516
0.947638 -0.355120 1.011992 -0.358545
0.947509 -0.355102 1.011865 -0.358573
0.947380 -0.355084 1.011738 -0.358601
0.947251 -0.355066 1.011611 -0.358629
0.947122 -0.355048 1.011483 -0.358657
0.946993 -0.355029 1.011356 -0.358684
0.946864 -0.355010 1.011229 -0.358712
0.946735 -0.354991 1.011101 -0.358739
0.946606 -0.354972 1.010974 -0.358766
0.946477 -0.354953 1.010846 -0.358793
0.946348 -0.354933 1.010719 -0.358820
0.946220 -0.354914 1.010592 -0.358846
0.946091 -0.354894 1.010464 -0.358872
0.945962 -0.354874 1.010337 -0.358899
0.945834 -0.354854 1.010209 -0.358925
0.945705 -0.354833 1.010082 -0.358950
0.945577 -0.354813 1.009954 -0.358976
0.945448 -0.354792 1.009826 -0.359002
0.945320 -0.354771 1.009699 -0.359027
0.945191 -0.354750 1.009571 -0.359052
0.945063 -0.354729 1.009444 -0.359077
0.944935 -0.354707 1.009316 -0.359102
0.944806 -0.354686 1.009188 -0.359126
0.944678 -0.354664 1.009061 -0.359151
0.944550 -0.354642 1.008933 -0.359175
0.944422 -0.354620 1.008805 -0.359199
0.944294 -0.354597 1.008677 -0.359223
0.944166 -0.354575 1.008550 -0.359247
0.944038 -0.354552 1.008422 -0.359270
0.943910 -0.354529 1.008294 -0.359294
0.943782 -0.354506 1.008166 -0.359317
0.943654 -0.354483 1.008038 -0.359340
0.943526 -0.354459 1.007910 -0.359363
0.943398 -0.354436 1.007782 -0.359385
0.943271 -0.354412 1.007655 -0.359408
0.943143 -0.354388 1.007527 -0.359430
0.943015 -0.354364 1.007399 -0.359452
0.942888 -0.354340 1.007271 -0.359474
0.942760 -0.354315 1.007143 -0.359496
0.942633 -0.354291 1.007015 -0.359517
0.942505 -0.354266 1.006887 -0.359539
0.942378 -0.354241 1.006759 -0.359560
0.942251 -0.354215 1.006630 -0.359581
0.942123 -0.354190 1.006502 -0.359602
0.941996 -0.354164 1.006374 -0.359623
0.941869 -0.354139 1.006246 -0.359643
0.941742 -0.354113 1.006118 -0.359664
0.941615 -0.354087 1.005990 -0.359684
0.941487 -0.354060 1.005862 -0.359704
0.941360 -0.354034 1.005733 -0.359724
0.941233 -0.354007 1.005605 -0.359743
0.941106 -0.353980 1.005477 -0.359763
0.940980 -0.353953 1.005349 -0.359782
0.940853 -0.353926 1.005220 -0.359801
0.940726 -0.353899 1.005092 -0.359820
0.940599 -0.353871 1.004964 -0.359839
0.940472 -0.353844 1.004835 -0.359858
0.940346 -0.353816 1.004707 -0.359876
0.940219 -0.353788 1.004578 -0.359894
0.940093 -0.353759 1.004450 -0.359912
0.939966 -0.353731 1.004322 -0.359930
0.939840 -0.353702 1.004193 -0.359948
0.939713 -0.353674 1.004065 -0.359965
0.939587 -0.353645 1.003936 -0.359983
0.939460 -0.353615 1.003808 -0.360000
0.939334 -0.353586 1.003679 -0.360017
0.939208 -0.353557 1.003551 -0.360034
0.939082 -0.353527 1.003422 -0.360050
0.938956 -0.353497 1.003294 -0.360067
0.938830 -0.353467 1.003165 -0.360083
0.938703 -0.353437 1.003036 -0.360099
0.938577 -0.353406 1.002908 -0.360115
0.938452 -0.353376 1.002779 -0.360131
0.938326 -0.353345 1.002650 -0.360146
0.938200 -0.353314 1.002522 -0.360162
0.938074 -0.353283 1.002393 -0.360177
0.937948 -0.353252 1.002264 -0.360192
0.937823 -0.353220 1.002135 -0.360207
0.937697 -0.353189 1.002007 -0.360221
0.937571 -0.353157 1.001878 -0.360236
0.937446 -0.353125 1.001749 -0.360250
0.937320 -0.353092 1.001620 -0.360264
0.937195 -0.353060 1.001492 -0.360278
0.937069 -0.353028 1.001363 -0.360292
0.936944 -0.352995 1.001234 -0.360305
0.936819 -0.352962 1.001105 -0.360319
0.936693 -0.352929 1.000976 -0.360332
0.936568 -0.352896 1.000847 -0.360345
0.936443 -0.352862 1.000718 -0.360358
0.936318 -0.352828 1.000589 -0.360370
0.936193 -0.352795 1.000460 -0.360383
0.936068 -0.352761 1.000331 -0.360395
0.935943 -0.352727 1.000202 -0.360407
0.935818 -0.352692 1.000073 -0.360419
0.935693 -0.352658 0.999944 -0.360431
0.935568 -0.352623 0.999815 -0.360442
0.935443 -0.352588 0.999686 -0.360454
0.935319 -0.352553 0.999557 -0.360465
0.935194 -0.352518 0.999428 -0.360476
0.935069 -0.352482 0.999299 -0.360487
0.934945 -0.352447 0.999170 -0.360497
0.934820 -0.352411 0.999041 -0.360508
0.934696 -0.352375 0.998911 -0.360518
0.934571 -0.352339 0.998782 -0.360528
0.934447 -0.352303 0.998653 -0.360538
0.934322 -0.352266 0.998524 -0.360548
0.934198 -0.352229 0.998395 -0.360557
0.934074 -0.352193 0.998265 -0.360567
0.933950 -0.352156 0.998136 -0.360576
0.933826 -0.352118 0.998007 -0.360585
0.933702 -0.352081 0.997878 -0.360594
0.933578 -0.352043 0.997748 -0.360602
0.933454 -0.352006 0.997619 -0.360611
0.933330 -0.351968 0.997490 -0.360619
0.933206 -0.351930 0.997360 -0.360627
0.933082 -0.351891 0.997231 -0.360635
0.932958 -0.351853 0.997102 -0.360643
0.932834 -0.351814 0.996972 -0.360650
0.932711 -0.351775 0.996843 -0.360658
0.932587 -0.351736 0.996713 -0.360665
0.932464 -0.351697 0.996584 -0.360672
0.932340 -0.351658 0.996454 -0.360679
0.932217 -0.351618 0.996325 -0.360685
0.932093 -0.351579 0.996195 -0.360692
0.931970 -0.351539 0.996066 -0.360698
0.931847 -0.351499 0.995936 -0.360704
0.931723 -0.351458 0.995807 -0.360710
0.931600 -0.351418 0.995677 -0.360715
0.931477 -0.351377 0.995548 -0.360721
0.931354 -0.351337 0.995418 -0.360726
0.931231 -0.351296 0.995289 -0.360731
0.931108 -0.351254 0.995159 -0.360736
0.930985 -0.351213 0.995029 -0.360741
0.930862 -0.351172 0.994900 -0.360746
0.930739 -0.351130 0.994770 -0.360750
0.930616 -0.351088 0.994640 -0.360754
0.930494 -0.351046 0.994511 -0.360758
0.930371 -0.351004 0.994381 -0.360762
0.930248 -0.350961 0.994251 -0.360766
0.930126 -0.350919 0.994122 -0.360769
0.930003 -0.350876 0.993992 -0.360772
0.929881 -0.350833 0.993862 -0.360775
0.929758 -0.350790 0.993732 -0.360778
0.929636 -0.350747 0.993603 -0.360781
0.929514 -0.350703 0.993473 -0.360784
0.929391 -0.350660 0.993343 -0.360786
0.929269 -0.350616 0.993213 -0.360788
0.929147 -0.350572 0.993083 -0.360790
0.929025 -0.350528 0.992954 -0.360792
0.928903 -0.350483 0.992824 -0.360793
0.928781 -0.350439 0.992694 -0.360795
0.928659 -0.350394 0.992564 -0.360796
0.928537 -0.350349 0.992434 -0.360797
0.928415 -0.350304 0.992304 -0.360798
0.928293 -0.350259 0.992174 -0.360799
0.928172 -0.350213 0.992044 -0.360799
0.928050 -0.350168 0.991914 -0.360799
0.927928 -0.350122 0.991784 -0.360799
0.927807 -0.350076 0.991654 -0.360799
0.927685 -0.350030 0.991524 -0.360799
0.927564 -0.349983 0.991394 -0.360798
0.927442 -0.349937 0.991264 -0.360798
0.927321 -0.349890 0.991134 -0.360797
0.927200 -0.349843 0.991004 -0.360796
0.927078 -0.349796 0.990874 -0.360795
0.926957 -0.349749 0.990744 -0.360793
0.926836 -0.349702 0.990614 -0.360792
0.926715 -0.349654 0.990484 -0.360790
0.926594 -0.349606 0.990354 -0.360788
0.926473 -0.349558 0.990224 -0.360786
0.926352 -0.349510 0.990094 -0.360783
0.926231 -0.349462 0.989964 -0.360781
0.926110 -0.349413 0.989833 -0.360778
0.925990 -0.349365 0.989703 -0.360775
0.925869 -0.349316 0.989573 -0.360772
0.925748 -0.349267 0.989443 -0.360769
0.925628 -0.349218 0.989313 -0.360765
0.925507 -0.349168 0.989183 -0.360762
0.925387 -0.349119 0.989052 -0.360758
0.925266 -0.349069 0.988922 -0.360754
0.925146 -0.349019 0.988792 -0.360749
0.925026 -0.348969 0.988662 -0.360745
0.924905 -0.348919 0.988531 -0.360740
0.924785 -0.348868 0.988401 -0.360735
0.924665 -0.348818 0.988271 -0.360730
0.924545 -0.348767 0.988141 -0.360725
0.924425 -0.348716 0.988010 -0.360720
0.924305 -0.348665 0.987880 -0.360714
0.924185 -0.348614 0.987750 -0.360708
0.924065 -0.348562 0.987619 -0.360702
0.923945 -0.348510 0.987489 -0.360696
0.923826 -0.348458 0.987359 -0.360690
0.923706 -0.348406 0.987228 -0.360683
0.923586 -0.348354 0.987098 -0.360677
0.923467 -0.348302 0.986967 -0.360670
0.923347 -0.348249 0.986837 -0.360663
0.923228 -0.348196 0.986707 -0.360655
0.923108 -0.348143 0.986576 -0.360648
0.922989 -0.348090 0.986446 -0.360640
0.922869 -0.348037 0.986315 -0.360632
0.922750 -0.347984 0.986185 -0.360624
0.922631 -0.347930 0.986054 -0.360616
0.922512 -0.347876 0.985924 -0.360607
0.922393 -0.347822 0.985793 -0.360599
0.922274 -0.347768 0.985663 -0.360590
0.922155 -0.347713 0.985532 -0.360581
0.922036 -0.347659 0.985402 -0.360572
0.921917 -0.347604 0.985271 -0.360562
0.921798 -0.347549 0.985141 -0.360553
0.921680 -0.347494 0.985010 -0.360543
0.921561 -0.347439 0.984880 -0.360533
0.921442 -0.347383 0.984749 -0.360523
0.921324 -0.347328 0.984619 -0.360512
0.921205 -0.347272 0.984488 -0.360502
0.921087 -0.347216 0.984358 -0.360491
0.920968 -0.347160 0.984227 -0.360480
0.920850 -0.347104 0.984096 -0.360469
0.920732 -0.347047 0.983966 -0.360457
0.920613 -0.346990 0.983835 -0.360446
0.920495 -0.346933 0.983704 -0.360434
0.920377 -0.346876 0.983574 -0.360422
0.920259 -0.346819 0.983443 -0.360410
0.920141 -0.346762 0.983313 -0.360398
0.920023 -0.346704 0.983182 -0.360385
0.919905 -0.346646 0.983051 -0.360373
0.919788 -0.346588 0.982921 -0.360360
0.919670 -0.346530 0.982790 -0.360347
0.919552 -0.346472 0.982659 -0.360333
0.919434 -0.346414 0.982528 -0.360320
0.919317 -0.346355 0.982398 -0.360306
0.919199 -0.346296 0.982267 -0.360292
0.919082 -0.346237 0.982136 -0.360278
0.918964 -0.346178 0.982006 -0.360264
0.918847 -0.346119 0.981875 -0.360250
0.918730 -0.346059 0.981744 -0.360235
0.918613 -0.345999 0.981613 -0.360220
0.918495 -0.345939 0.981482 -0.360205
0.918378 -0.345879 0.981352 -0.360190
0.918261 -0.345819 0.981221 -0.360174
0.918144 -0.345759 0.981090 -0.360159
0.918027 -0.345698 0.980959 -0.360143
0.917910 -0.345637 0.980829 -0.360127
0.917794 -0.345576 0.980698 -0.360111
0.917677 -0.345515 0.980567 -0.360094
0.917560 -0.345454 0.980436 -0.360078
0.917444 -0.345392 0.980305 -0.360061
0.917327 -0.345330 0.980174 -0.360044
0.917210 -0.345269 0.980044 -0.360027
0.917094 -0.345207 0.979913 -0.360009
0.916978 -0.345144 0.979782 -0.359992
0.916861 -0.345082 0.979651 -0.359974
0.916745 -0.345019 0.979520 -0.359956
0.916629 -0.344957 0.979389 -0.359938
0.916513 -0.344894 0.979258 -0.359920
0.916396 -0.344831 0.979127 -0.359901
0.916280 -0.344767 0.978997 -0.359882
0.916164 -0.344704 0.978866 -0.359863
0.916048 -0.344640 0.978735 -0.359844
0.915933 -0.344576 0.978604 -0.359825
0.915817 -0.344512 0.978473 -0.359805
0.915701 -0.344448 0.978342 -0.359785
0.915585 -0.344384 0.978211 -0.359765
0.915470 -0.344319 0.978080 -0.359745
0.915354 -0.344255 0.977949 -0.359725
0.915239 -0.344190 0.977818 -0.359704
0.915123 -0.344125 0.977687 -0.359684
0.915008 -0.344059 0.977556 -0.359663
0.914893 -0.343994 0.977425 -0.359642
0.914777 -0.343928 0.977294 -0.359620
0.914662 -0.343863 0.977163 -0.359599
0.914547 -0.343797 0.977032 -0.359577
0.914432 -0.343730 0.976901 -0.359555
0.914317 -0.343664 0.976770 -0.359533
0.914202 -0.343598 0.976639 -0.359511
0.914087 -0.343531 0.976508 -0.359488
0.913972 -0.343464 0.976377 -0.359466
0.913857 -0.343397 0.976246 -0.359443
0.913743 -0.343330 0.976115 -0.359420
0.913628 -0.343263 0.975984 -0.359396
0.913513 -0.343195 0.975853 -0.359373
0.913399 -0.343127 0.975722 -0.359349
0.913284 -0.343059 0.975591 -0.359325
0.913170 -0.342991 0.975460 -0.359301
0.913056 -0.342923 0.975329 -0.359277
0.912941 -0.342855 0.975198 -0.359252
0.912827 -0.342786 0.975067 -0.359228
0.912713 -0.342717 0.974936 -0.359203
0.912599 -0.342648 0.974805 -0.359178
0.912485 -0.342579 0.974674 -0.359152
0.912371 -0.342510 0.974543 -0.359127
0.912257 -0.342440 0.974412 -0.359101
0.912143 -0.342370 0.974281 -0.359075
0.912029 -0.342301 0.974149 -0.359049
0.911916 -0.342231 0.974018 -0.359023
0.911802 -0.342160 0.973887 -0.358996
0.911688 -0.342090 0.973756 -0.358970
0.911575 -0.342019 0.973625 -0.358943
0.911461 -0.341949 0.973494 -0.358916
0.911348 -0.341878 0.973363 -0.358888
0.911234 -0.341807 0.973232 -0.358861
0.911121 -0.341735 0.973101 -0.358833
0.911008 -0.341664 0.972970 -0.358805
0.910895 -0.341592 0.972838 -0.358777
0.910782 -0.341520 0.972707 -0.358749
0.910669 -0.341448 0.972576 -0.358720
0.910556 -0.341376 0.972445 -0.358692
0.910443 -0.341304 0.972314 -0.358663
0.910330 -0.341231 0.972183 -0.358634
0.910217 -0.341159 0.972052 -0.358604
0.910104 -0.341086 0.971920 -0.358575
0.909992 -0.341013 0.971789 -0.358545
0.909879 -0.340939 0.971658 -0.358515
0.909767 -0.340866 0.971527 -0.358485
0.909654 -0.340792 0.971396 -0.358455
0.909542 -0.340719 0.971265 -0.358424
0.909429 -0.340645 0.971134 -0.358393
0.909317 -0.340571 0.971002 -0.358363
0.909205 -0.340496 0.970871 -0.358331
0.909093 -0.340422 0.970740 -0.358300
0.908981 -0.340347 0.970609 -0.358269
0.908868 -0.340272 0.970478 -0.358237
0.908757 -0.340197 0.970347 -0.358205
0.908645 -0.340122 0.970216 -0.358173
0.908533 -0.340047 0.970084 -0.358140
0.908421 -0.339971 0.969953 -0.358108
0.908309 -0.339896 0.969822 -0.358075
0.908198 -0.339820 0.969691 -0.358042
0.908086 -0.339744 0.969560 -0.358009
0.907974 -0.339667 0.969429 -0.357976
0.907863 -0.339591 0.969297 -0.357942
0.907752 -0.339514 0.969166 -0.357908
0.907640 -0.339438 0.969035 -0.357874
0.907529 -0.339361 0.968904 -0.357840
0.907418 -0.339284 0.968773 -0.357806
0.907307 -0.339206 0.968641 -0.357771
0.907196 -0.339129 0.968510 -0.357737
0.907085 -0.339051 0.968379 -0.357702
0.906974 -0.338973 0.968248 -0.357666
0.906863 -0.338895 0.968117 -0.357631
0.906752 -0.338817 0.967986 -0.357595
0.906641 -0.338739 0.967854 -0.357560
0.906530 -0.338660 0.967723 -0.357524
0.906420 -0.338581 0.967592 -0.357487
0.906309 -0.338503 0.967461 -0.357451
0.906199 -0.338423 0.967330 -0.357414
0.906088 -0.338344 0.967198 -0.357378
0.905978 -0.338265 0.967067 -0.357341
0.905868 -0.338185 0.966936 -0.357303
0.905757 -0.338105 0.966805 -0.357266
0.905647 -0.338025 0.966674 -0.357228
0.905537 -0.337945 0.966543 -0.357191
0.905427 -0.337865 0.966411 -0.357152
0.905317 -0.337785 0.966280 -0.357114
0.905207 -0.337704 0.966149 -0.357076
0.905097 -0.337623 0.966018 -0.357037
0.904988 -0.337542 0.965887 -0.356998
0.904878 -0.337461 0.965756 -0.356959
0.904768 -0.337379 0.965624 -0.356920
0.904659 -0.337298 0.965493 -0.356880
0.904549 -0.337216 0.965362 -0.356841
0.904440 -0.337134 0.965231 -0.356801
0.904330 -0.337052 0.965100 -0.356761
0.904221 -0.336970 0.964969 -0.356720
0.904112 -0.336888 0.964837 -0.356680
0.904003 -0.336805 0.964706 -0.356639
0.903893 -0.336722 0.964575 -0.356598
0.903784 -0.336639 0.964444 -0.356557
0.903675 -0.336556 0.964313 -0.356516
0.903566 -0.336473 0.964182 -0.356474
0.903458 -0.336389 0.964050 -0.356433
0.903349 -0.336306 0.963919 -0.356391
0.903240 -0.336222 0.963788 -0.356349
0.903131 -0.336138 0.963657 -0.356306
0.903023 -0.336054 0.963526 -0.356264
0.902914 -0.335969 0.963395 -0.356221
0.902806 -0.335885 0.963264 -0.356178
0.902697 -0.335800 0.963132 -0.356135
0.902589 -0.335715 0.963001 -0.356091
0.902481 -0.335630 0.962870 -0.356048
0.902372 -0.335545 0.962739 -0.356004
0.902264 -0.335459 0.962608 -0.355960
0.902156 -0.335374 0.962477 -0.355916
0.902048 -0.335288 0.962346 -0.355871
0.901940 -0.335202 0.962215 -0.355827
0.901832 -0.335116 0.962083 -0.355782
0.901725 -0.335030 0.961952 -0.355737
0.901617 -0.334943 0.961821 -0.355691
0.901509 -0.334857 0.961690 -0.355646
0.901402 -0.334770 0.961559 -0.355600
0.901294 -0.334683 0.961428 -0.355554
0.901187 -0.334596 0.961297 -0.355508
0.901079 -0.334508 0.961166 -0.355462
0.900972 -0.334421 0.961035 -0.355415
0.900865 -0.334333 0.960904 -0.355369
0.900757 -0.334245 0.960772 -0.355322
0.900650 -0.334157 0.960641 -0.355275
0.900543 -0.334069 0.960510 -0.355227
0.900436 -0.333980 0.960379 -0.355180
0.900329 -0.333892 0.960248 -0.355132
0.900222 -0.333803 0.960117 -0.355084
0.900116 -0.333714 0.959986 -0.355036
0.900009 -0.333625 0.959855 -0.354987
0.899902 -0.333536 0.959724 -0.354939
0.899796 -0.333446 0.959593 -0.354890
0.899689 -0.333357 0.959462 -0.354841
0.899583 -0.333267 0.959331 -0.354792
0.899476 -0.333177 0.959200 -0.354742
0.899370 -0.333087 0.959069 -0.354693
0.899264 -0.332996 0.958938 -0.354643
0.899157 -0.332906 0.958807 -0.354593
0.899051 -0.332815 0.958676 -0.354542
0.898945 -0.332724 0.958545 -0.354492
0.898839 -0.332633 0.958414 -0.354441
0.898733 -0.332542 0.958283 -0.354390
0.898628 -0.332451 0.958152 -0.354339
0.898522 -0.332359 0.958021 -0.354288
0.898416 -0.332267 0.957890 -0.354236
0.898310 -0.332175 0.957759 -0.354185
0.898205 -0.332083 0.957628 -0.354133
0.898099 -0.331991 0.957497 -0.354081
0.897994 -0.331899 0.957366 -0.354028
0.897888 -0.331806 0.957235 -0.353976
0.897783 -0.331713 0.957104 -0.353923
0.897678 -0.331620 0.956973 -0.353870
0.897573 -0.331527 0.956842 -0.353817
0.897468 -0.331434 0.956711 -0.353763
0.897363 -0.331340 0.956580 -0.353710
0.897258 -0.331247 0.956450 -0.353656
0.897153 -0.331153 0.956319 -0.353602
0.897048 -0.331059 0.956188 -0.353547
0.896943 -0.330965 0.956057 -0.353493
0.896838 -0.330870 0.955926 -0.353438
0.896734 -0.330776 0.955795 -0.353383
0.896629 -0.330681 0.955664 -0.353328
0.896525 -0.330586 0.955533 -0.353273
0.896420 -0.330491 0.955402 -0.353217
0.896316 -0.330396 0.955272 -0.353162
0.896212 -0.330301 0.955141 -0.353106
0.896108 -0.330205 0.955010 -0.353049
0.896003 -0.330109 0.954879 -0.352993
0.895899 -0.330013 0.954748 -0.352936
0.895795 -0.329917 0.954618 -0.352880
0.895691 -0.329821 0.954487 -0.352823
0.895588 -0.329724 0.954356 -0.352765
0.895484 -0.329628 0.954225 -0.352708
0.895380 -0.329531 0.954094 -0.352650
0.895276 -0.329434 0.953964 -0.352592
0.895173 -0.329337 0.953833 -0.352534
0.895069 -0.329240 0.953702 -0.352476
0.894966 -0.329142 0.953571 -0.352418
0.894862 -0.329044 0.953441 -0.352359
0.894759 -0.328947 0.953310 -0.352300
0.894656 -0.328849 0.953179 -0.352241
0.894553 -0.328750 0.953048 -0.352181
0.894450 -0.328652 0.952918 -0.352122
0.894347 -0.328553 0.952787 -0.352062
0.894244 -0.328455 0.952656 -0.352002
0.894141 -0.328356 0.952526 -0.351942
0.894038 -0.328257 0.952395 -0.351881
0.893935 -0.328158 0.952264 -0.351821
0.893832 -0.328058 0.952134 -0.351760
0.893730 -0.327959 0.952003 -0.351699
0.893627 -0.327859 0.951872 -0.351638
0.893525 -0.327759 0.951742 -0.351576
0.893422 -0.327659 0.951611 -0.351514
0.893320 -0.327558 0.951481 -0.351452
0.893218 -0.327458 0.951350 -0.351390
0.893116 -0.327357 0.951219 -0.351328
0.893013 -0.327257 0.951089 -0.351265
0.892911 -0.327156 0.950958 -0.351203
0.892809 -0.327054 0.950828 -0.351140
0.892708 -0.326953 0.950697 -0.351076
0.892606 -0.326852 0.950567 -0.351013
0.892504 -0.326750 0.950436 -0.350949
0.892402 -0.326648 0.950306 -0.350886
0.892301 -0.326546 0.950175 -0.350821
0.892199 -0.326444 0.950045 -0.350757
0.892098 -0.326342 0.949914 -0.350693
0.891996 -0.326239 0.949784 -0.350628
0.891895 -0.326136 0.949653 -0.350563
0.891793 -0.326033 0.949523 -0.350498
0.891692 -0.325930 0.949392 -0.350433
0.891591 -0.325827 0.949262 -0.350367
0.891490 -0.325724 0.949131 -0.350301
0.891389 -0.325620 0.949001 -0.350235
0.891288 -0.325516 0.948871 -0.350169
0.891187 -0.325412 0.948740 -0.350103
0.891087 -0.325308 0.948610 -0.350036
0.890986 -0.325204 0.948479 -0.349969
0.890885 -0.325100 0.948349 -0.349902
0.890785 -0.324995 0.948219 -0.349835
0.890684 -0.324890 0.948088 -0.349767
0.890584 -0.324785 0.947958 -0.349700
0.890483 -0.324680 0.947828 -0.349632
0.890383 -0.324575 0.947698 -0.349564
0.890283 -0.324469 0.947567 -0.349495
0.890183 -0.324364 0.947437 -0.349427
0.890083 -0.324258 0.947307 -0.349358
0.889983 -0.324152 0.947177 -0.349289
0.889883 -0.324046 0.947046 -0.349220
0.889783 -0.323939 0.946916 -0.349150
0.889683 -0.323833 0.946786 -0.349080
0.889583 -0.323726 0.946656 -0.349011
0.889484 -0.323619 0.946525 -0.348940
0.889384 -0.323512 0.946395 -0.348870
0.889285 -0.323405 0.946265 -0.348800
0.889185 -0.323298 0.946135 -0.348729
0.889086 -0.323190 0.946005 -0.348658
0.888986 -0.323082 0.945875 -0.348587
0.888887 -0.322974 0.945745 -0.348515
0.888788 -0.322866 0.945615 -0.348444
0.888689 -0.322758 0.945485 -0.348372
0.888590 -0.322650 0.945354 -0.348300
0.888491 -0.322541 0.945224 -0.348228
0.888392 -0.322432 0.945094 -0.348155
0.888293 -0.322323 0.944964 -0.348082
0.888195 -0.322214 0.944834 -0.348009
0.888096 -0.322105 0.944704 -0.347936
0.887998 -0.321996 0.944574 -0.347863
0.887899 -0.321886 0.944444 -0.347789
0.887801 -0.321776 0.944314 -0.347716
0.887702 -0.321666 0.944185 -0.347642
0.887604 -0.321556 0.944055 -0.347567
0.887506 -0.321446 0.943925 -0.347493
0.887408 -0.321335 0.943795 -0.347418
0.887310 -0.321225 0.943665 -0.347343
0.887212 -0.321114 0.943535 -0.347268
0.887114 -0.321003 0.943405 -0.347193
0.887016 -0.320892 0.943275 -0.347118
0.886918 -0.320780 0.943146 -0.347042
0.886820 -0.320669 0.943016 -0.346966
0.886723 -0.320557 0.942886 -0.346890
0.886625 -0.320445 0.942756 -0.346813
0.886528 -0.320333 0.942626 -0.346737
0.886430 -0.320221 0.942497 -0.346660
0.886333 -0.320109 0.942367 -0.346583
0.886236 -0.319996 0.942237 -0.346505
0.886138 -0.319883 0.942107 -0.346428
0.886041 -0.319770 0.941978 -0.346350
0.885944 -0.319657 0.941848 -0.346272
0.885847 -0.319544 0.941718 -0.346194
0.885750 -0.319431 0.941589 -0.346116
0.885653 -0.319317 0.941459 -0.346037
0.885557 -0.319203 0.941330 -0.345958
0.885460 -0.319090 0.941200 -0.345879
0.885363 -0.318975 0.941070 -0.345800
0.885267 -0.318861 0.940941 -0.345721
0.885170 -0.318747 0.940811 -0.345641
0.885074 -0.318632 0.940682 -0.345561
0.884978 -0.318517 0.940552 -0.345481
0.884881 -0.318402 0.940423 -0.345401
0.884785 -0.318287 0.940293 -0.345320
0.884689 -0.318172 0.940164 -0.345239
0.884593 -0.318057 0.940034 -0.345158
0.884497 -0.317941 0.939905 -0.345077
0.884401 -0.317825 0.939776 -0.344996
0.884305 -0.317709 0.939646 -0.344914
0.884210 -0.317593 0.939517 -0.344832
0.884114 -0.317477 0.939388 -0.344750
0.884018 -0.317360 0.939258 -0.344668
0.883923 -0.317244 0.939129 -0.344585
0.883827 -0.317127 0.939000 -0.344502
0.883732 -0.317010 0.938870 -0.344419
0.883637 -0.316893 0.938741 -0.344336
0.883541 -0.316775 0.938612 -0.344253
0.883446 -0.316658 0.938483 -0.344169
0.883351 -0.316540 0.938353 -0.344085
0.883256 -0.316422 0.938224 -0.344001
0.883161 -0.316304 0.938095 -0.343917
0.883066 -0.316186 0.937966 -0.343832
0.882972 -0.316068 0.937837 -0.343748
0.882877 -0.315949 0.937708 -0.343663
0.882782 -0.315831 0.937578 -0.343578
0.882688 -0.315712 0.937449 -0.343492
0.882593 -0.315593 0.937320 -0.343406
0.882499 -0.315473 0.937191 -0.343321
0.882404 -0.315354 0.937062 -0.343235
0.882310 -0.315234 0.936933 -0.343148
0.882216 -0.315115 0.936804 -0.343062
0.882122 -0.314995 0.936675 -0.342975
0.882028 -0.314875 0.936546 -0.342888
0.881934 -0.314755 0.936417 -0.342801
0.881840 -0.314634 0.936289 -0.342714
0.881746 -0.314514 0.936160 -0.342626
0.881652 -0.314393 0.936031 -0.342538
0.881559 -0.314272 0.935902 -0.342450
0.881465 -0.314151 0.935773 -0.342362
0.881371 -0.314030 0.935644 -0.342273
0.881278 -0.313908 0.935515 -0.342184
0.881185 -0.313787 0.935387 -0.342096
0.881091 -0.313665 0.935258 -0.342006
0.880998 -0.313543 0.935129 -0.341917
0.880905 -0.313421 0.935001 -0.341827
0.880812 -0.313299 0.934872 -0.341738
0.880719 -0.313176 0.934743 -0.341647
0.880626 -0.313054 0.934615 -0.341557
0.880533 -0.312931 0.934486 -0.341467
0.880440 -0.312808 0.934357 -0.341376
0.880347 -0.312685 0.934229 -0.341285
0.880255 -0.312561 0.934100 -0.341194
0.880162 -0.312438 0.933972 -0.341102
0.880070 -0.312314 0.933843 -0.341011
0.879977 -0.312191 0.933715 -0.340919
0.879885 -0.312067 0.933586 -0.340827
0.879793 -0.311942 0.933458 -0.340735
0.879700 -0.311818 0.933329 -0.340642
0.879608 -0.311694 0.933201 -0.340549
0.879516 -0.311569 0.933072 -0.340456
0.879424 -0.311444 0.932944 -0.340363
0.879332 -0.311319 0.932816 -0.340270
0.879241 -0.311194 0.932687 -0.340176
0.879149 -0.311069 0.932559 -0.340082
0.879057 -0.310943 0.932431 -0.339988
0.878965 -0.310818 0.932303 -0.339894
0.878874 -0.310692 0.932174 -0.339800
0.878782 -0.310566 0.932046 -0.339705
0.878691 -0.310440 0.931918 -0.339610
0.878600 -0.310313 0.931790 -0.339515
0.878509 -0.310187 0.931662 -0.339419
0.878417 -0.310060 0.931533 -0.339324
0.878326 -0.309933 0.931405 -0.339228
0.878235 -0.309806 0.931277 -0.339132
0.878144 -0.309679 0.931149 -0.339035
0.878053 -0.309552 0.931021 -0.338939
0.877963 -0.309425 0.930893 -0.338842
0.877872 -0.309297 0.930765 -0.338745
0.877781 -0.309169 0.930637 -0.338648
0.877691 -0.309041 0.930509 -0.338551
0.877600 -0.308913 0.930381 -0.338453
0.877510 -0.308784 0.930253 -0.338355
0.877420 -0.308656 0.930126 -0.338257
0.877329 -0.308527 0.929998 -0.338159
0.877239 -0.308398 0.929870 -0.338060
0.877149 -0.308269 0.929742 -0.337961
0.877059 -0.308140 0.929614 -0.337862
0.876969 -0.308011 0.929487 -0.337763
0.876879 -0.307881 0.929359 -0.337664
0.876789 -0.307752 0.929231 -0.337564
0.876700 -0.307622 0.929104 -0.337464
0.876610 -0.307492 0.928976 -0.337364
0.876520 -0.307362 0.928848 -0.337264
0.876431 -0.307231 0.928721 -0.337163
0.876341 -0.307101 0.928593 -0.337062
0.876252 -0.306970 0.928466 -0.336961
0.876163 -0.306839 0.928338 -0.336860
0.876074 -0.306708 0.928210 -0.336759
0.875984 -0.306577 0.928083 -0.336657
0.875895 -0.306446 0.927956 -0.336555
0.875806 -0.306314 0.927828 -0.336453
0.875717 -0.306182 0.927701 -0.336351
0.875629 -0.306051 0.927573 -0.336248
0.875540 -0.305919 0.927446 -0.336145
0.875451 -0.305786 0.927319 -0.336042
0.875363 -0.305654 0.927191 -0.335939
0.875274 -0.305521 0.927064 -0.335835
0.875186 -0.305389 0.926937 -0.335732
0.875097 -0.305256 0.926810 -0.335628
0.875009 -0.305123 0.926682 -0.335524
0.874921 -0.304990 0.926555 -0.335419
0.874832 -0.304856 0.926428 -0.335315
0.874744 -0.304723 0.926301 -0.335210
0.874656 -0.304589 0.926174 -0.335105
0.874568 -0.304455 0.926047 -0.334999
0.874481 -0.304321 0.925920 -0.334894
0.874393 -0.304187 0.925793 -0.334788
0.874305 -0.304053 0.925666 -0.334682
0.874217 -0.303918 0.925539 -0.334576
0.874130 -0.303783 0.925412 -0.334470
0.874042 -0.303649 0.925285 -0.334363
0.873955 -0.303514 0.925158 -0.334256
0.873868 -0.303378 0.925031 -0.334149
0.873780 -0.303243 0.924905 -0.334042
0.873693 -0.303107 0.924778 -0.333934
0.873606 -0.302972 0.924651 -0.333826
0.873519 -0.302836 0.924524 -0.333718
0.873432 -0.302700 0.924398 -0.333610
0.873345 -0.302564 0.924271 -0.333502
0.873259 -0.302427 0.924144 -0.333393
0.873172 -0.302291 0.924018 -0.333284
0.873085 -0.302154 0.923891 -0.333175
0.872999 -0.302017 0.923765 -0.333066
0.872912 -0.301880 0.923638 -0.332956
0.872826 -0.301743 0.923512 -0.332846
0.872739 -0.301606 0.923385 -0.332736
0.872653 -0.301468 0.923259 -0.332626
0.872567 -0.301331 0.923132 -0.332516
0.872481 -0.301193 0.923006 -0.332405
0.872395 -0.301055 0.922880 -0.332294
0.872309 -0.300916 0.922753 -0.332183
0.872223 -0.300778 0.922627 -0.332071
0.872137 -0.300640 0.922501 -0.331960
0.872051 -0.300501 0.922374 -0.331848
0.871966 -0.300362 0.922248 -0.331736
0.871880 -0.300223 0.922122 -0.331623
0.871795 -0.300084 0.921996 -0.331511
0.871709 -0.299945 0.921870 -0.331398
0.871624 -0.299805 0.921744 -0.331285
0.871539 -0.299665 0.921618 -0.331172
0.871453 -0.299526 0.921492 -0.331059
0.871368 -0.299386 0.921366 -0.330945
0.871283 -0.299245 0.921240 -0.330831
0.871198 -0.299105 0.921114 -0.330717
0.871113 -0.298965 0.920988 -0.330603
0.871029 -0.298824 0.920862 -0.330488
0.870944 -0.298683 0.920736 -0.330373
0.870859 -0.298542 0.920610 -0.330258
0.870775 -0.298401 0.920484 -0.330143
0.870690 -0.298260 0.920359 -0.330027
0.870606 -0.298118 0.920233 -0.329912
0.870521 -0.297977 0.920107 -0.329796
0.870437 -0.297835 0.919982 -0.329680
0.870353 -0.297693 0.919856 -0.329563
0.870269 -0.297551 0.919730 -0.329447
0.870185 -0.297408 0.919605 -0.329330
0.870101 -0.297266 0.919479 -0.329213
0.870017 -0.297123 0.919354 -0.329095
0.869933 -0.296981 0.919228 -0.328978
0.869849 -0.296838 0.919103 -0.328860
0.869765 -0.296694 0.918977 -0.328742
0.869682 -0.296551 0.918852 -0.328624
0.869598 -0.296408 0.918727 -0.328505
0.869515 -0.296264 0.918601 -0.328387
0.869432 -0.296120 0.918476 -0.328268
0.869348 -0.295976 0.918351 -0.328149
0.869265 -0.295832 0.918226 -0.328029
0.869182 -0.295688 0.918100 -0.327910
0.869099 -0.295544 0.917975 -0.327790
0.869016 -0.295399 0.917850 -0.327670
0.868933 -0.295254 0.917725 -0.327550
0.868850 -0.295109 0.917600 -0.327429
0.868767 -0.294964 0.917475 -0.327309
0.868685 -0.294819 0.917350 -0.327188
0.868602 -0.294674 0.917225 -0.327066
0.868520 -0.294528 0.917100 -0.326945
0.868437 -0.294382 0.916975 -0.326823
0.868355 -0.294236 0.916851 -0.326702
0.868272 -0.294090 0.916726 -0.326579
0.868190 -0.293944 0.916601 -0.326457
0.868108 -0.293798 0.916476 -0.326335
0.868026 -0.293651 0.916351 -0.326212
0.867944 -0.293504 0.916227 -0.326089
0.867862 -0.293358 0.916102 -0.325966
0.867780 -0.293211 0.915978 -0.325842
0.867698 -0.293063 0.915853 -0.325718
0.867617 -0.292916 0.915728 -0.325594
0.867535 -0.292768 0.915604 -0.325470
0.867454 -0.292621 0.915479 -0.325346
0.867372 -0.292473 0.915355 -0.325221
0.867291 -0.292325 0.915231 -0.325097
0.867209 -0.292177 0.915106 -0.324971
0.867128 -0.292028 0.914982 -0.324846
0.867047 -0.291880 0.914858 -0.324721
0.866966 -0.291731 0.914733 -0.324595
0.866885 -0.291582 0.914609 -0.324469
0.866804 -0.291433 0.914485 -0.324343
0.866723 -0.291284 0.914361 -0.324216
0.866643 -0.291135 0.914237 -0.324090
0.866562 -0.290985 0.914113 -0.323963
0.866481 -0.290836 0.913989 -0.323836
0.866401 -0.290686 0.913865 -0.323708
0.866320 -0.290536 0.913741 -0.323581
0.866240 -0.290386 0.913617 -0.323453
0.866160 -0.290236 0.913493 -0.323325
0.866079 -0.290085 0.913369 -0.323197
0.865999 -0.289935 0.913245 -0.323068
0.865919 -0.289784 0.913121 -0.322939
0.865839 -0.289633 0.912998 -0.322810
0.865759 -0.289482 0.912874 -0.322681
0.865679 -0.289331 0.912750 -0.322552
0.865600 -0.289179 0.912627 -0.322422
0.865520 -0.289028 0.912503 -0.322292
0.865440 -0.288876 0.912379 -0.322162
0.865361 -0.288724 0.912256 -0.322032
0.865281 -0.288572 0.912132 -0.321901
0.865202 -0.288420 0.912009 -0.321770
0.865123 -0.288267 0.911885 -0.321639
0.865043 -0.288115 0.911762 -0.321508
0.864964 -0.287962 0.911639 -0.321377
0.864885 -0.287809 0.911515 -0.321245
0.864806 -0.287656 0.911392 -0.321113
0.864727 -0.287503 0.911269 -0.320981
0.864648 -0.287350 0.911146 -0.320848
0.864570 -0.287196 0.911023 -0.320716
0.864491 -0.287043 0.910900 -0.320583
0.864412 -0.286889 0.910776 -0.320450
0.864334 -0.286735 0.910653 -0.320317
0.864255 -0.286581 0.910530 -0.320183
0.864177 -0.286426 0.910407 -0.320049
0.864099 -0.286272 0.910285 -0.319915
0.864020 -0.286117 0.910162 -0.319781
0.863942 -0.285962 0.910039 -0.319647
0.863864 -0.285807 0.909916 -0.319512
0.863786 -0.285652 0.909793 -0.319377
0.863708 -0.285497 0.909671 -0.319242
0.863630 -0.285342 0.909548 -0.319106
0.863553 -0.285186 0.909425 -0.318971
0.863475 -0.285030 0.909303 -0.318835
0.863397 -0.284874 0.909180 -0.318699
0.863320 -0.284718 0.909058 -0.318562
0.863242 -0.284562 0.908935 -0.318426
0.863165 -0.284406 0.908813 -0.318289
0.863088 -0.284249 0.908690 -0.318152
0.863010 -0.284093 0.908568 -0.318015
0.862933 -0.283936 0.908445 -0.317878
0.862856 -0.283779 0.908323 -0.317740
0.862779 -0.283621 0.908201 -0.317602
0.862702 -0.283464 0.908079 -0.317464
0.862625 -0.283307 0.907957 -0.317325
0.862549 -0.283149 0.907834 -0.317187
0.862472 -0.282991 0.907712 -0.317048
0.862395 -0.282833 0.907590 -0.316909
0.862319 -0.282675 0.907468 -0.316770
0.862242 -0.282517 0.907346 -0.316630
0.862166 -0.282358 0.907225 -0.316490
0.862090 -0.282200 0.907103 -0.316350
0.862013 -0.282041 0.906981 -0.316210
0.861937 -0.281882 0.906859 -0.316070
0.861861 -0.281723 0.906737 -0.315929
0.861785 -0.281564 0.906616 -0.315788
0.861709 -0.281404 0.906494 -0.315647
0.861633 -0.281245 0.906372 -0.315506
0.861558 -0.281085 0.906251 -0.315364
0.861482 -0.280925 0.906129 -0.315222
0.861406 -0.280765 0.906008 -0.315080
0.861331 -0.280605 0.905886 -0.314938
0.861255 -0.280445 0.905765 -0.314795
0.861180 -0.280284 0.905643 -0.314652
0.861105 -0.280123 0.905522 -0.314510
0.861029 -0.279963 0.905401 -0.314366
0.860954 -0.279802 0.905280 -0.314223
0.860879 -0.279640 0.905158 -0.314079
0.860804 -0.279479 0.905037 -0.313935
0.860729 -0.279318 0.904916 -0.313791
0.860654 -0.279156 0.904795 -0.313647
0.860580 -0.278994 0.904674 -0.313502
0.860505 -0.278832 0.904553 -0.313357
0.860430 -0.278670 0.904432 -0.313212
0.860356 -0.278508 0.904311 -0.313067
0.860281 -0.278346 0.904190 -0.312921
0.860207 -0.278183 0.904070 -0.312776
0.860133 -0.278020 0.903949 -0.312630
0.860059 -0.277857 0.903828 -0.312484
0.859984 -0.277694 0.903708 -0.312337
0.859910 -0.277531 0.903587 -0.312190
0.859836 -0.277368 0.903466 -0.312044
0.859762 -0.277204 0.903346 -0.311896
0.859689 -0.277041 0.903225 -0.311749
0.859615 -0.276877 0.903105 -0.311601
0.859541 -0.276713 0.902984 -0.311454
0.859467 -0.276549 0.902864 -0.311306
0.859394 -0.276385 0.902744 -0.311157
0.859320 -0.276220 0.902624 -0.311009
0.859247 -0.276056 0.902503 -0.310860
0.859174 -0.275891 0.902383 -0.310711
0.859101 -0.275726 0.902263 -0.310562
0.859027 -0.275561 0.902143 -0.310412
0.858954 -0.275396 0.902023 -0.310263
0.858881 -0.275230 0.901903 -0.310113
0.858808 -0.275065 0.901783 -0.309963
0.858736 -0.274899 0.901663 -0.309812
0.858663 -0.274733 0.901543 -0.309662
0.858590 -0.274567 0.901423 -0.309511
0.858518 -0.274401 0.901304 -0.309360
0.858445 -0.274235 0.901184 -0.309209
0.858373 -0.274068 0.901064 -0.309057
0.858300 -0.273902 0.900945 -0.308905
0.858228 -0.273735 0.900825 -0.308753
0.858156 -0.273568 0.900706 -0.308601
0.858084 -0.273401 0.900586 -0.308449
0.858011 -0.273234 0.900467 -0.308296
0.857939 -0.273066 0.900347 -0.308143
0.857868 -0.272899 0.900228 -0.307990
0.857796 -0.272731 0.900109 -0.307837
0.857724 -0.272563 0.899989 -0.307683
0.857652 -0.272395 0.899870 -0.307529
0.857581 -0.272227 0.899751 -0.307375
0.857509 -0.272059 0.899632 -0.307221
0.857438 -0.271890 0.899513 -0.307066
0.857366 -0.271721 0.899394 -0.306912
0.857295 -0.271553 0.899275 -0.306757
0.857224 -0.271384 0.899156 -0.306602
0.857153 -0.271215 0.899037 -0.306446
0.857082 -0.271045 0.898918 -0.306290
0.857011 -0.270876 0.898800 -0.306135
0.856940 -0.270706 0.898681 -0.305978
0.856869 -0.270537 0.898562 -0.305822
0.856798 -0.270367 0.898444 -0.305665
0.856727 -0.270197 0.898325 -0.305509
0.856657 -0.270027 0.898207 -0.305352
0.856586 -0.269856 0.898088 -0.305194
0.856516 -0.269686 0.897970 -0.305037
0.856445 -0.269515 0.897851 -0.304879
0.856375 -0.269344 0.897733 -0.304721
0.856305 -0.269173 0.897615 -0.304563
0.856235 -0.269002 0.897497 -0.304404
0.856165 -0.268831 0.897378 -0.304246
0.856095 -0.268660 0.897260 -0.304087
0.856025 -0.268488 0.897142 -0.303928
0.855955 -0.268316 0.897024 -0.303768
0.855885 -0.268144 0.896906 -0.303609
0.855815 -0.267972 0.896788 -0.303449
0.855746 -0.267800 0.896670 -0.303289
0.855676 -0.267628 0.896553 -0.303129
0.855607 -0.267455 0.896435 -0.302968
0.855537 -0.267283 0.896317 -0.302807
0.855468 -0.267110 0.896199 -0.302647
0.855399 -0.266937 0.896082 -0.302485
0.855330 -0.266764 0.895964 -0.302324
0.855261 -0.266591 0.895847 -0.302162
0.855192 -0.266417 0.895729 -0.302000
0.855123 -0.266244 0.895612 -0.301838
0.855054 -0.266070 0.895495 -0.301676
0.854985 -0.265896 0.895377 -0.301513
0.854916 -0.265722 0.895260 -0.301350
0.854848 -0.265548 0.895143 -0.301187
0.854779 -0.265374 0.895026 -0.301024
0.854711 -0.265199 0.894909 -0.300861
0.854642 -0.265025 0.894792 -0.300697
0.854574 -0.264850 0.894675 -0.300533
0.854506 -0.264675 0.894558 -0.300369
0.854438 -0.264500 0.894441 -0.300204
0.854370 -0.264325 0.894324 -0.300040
0.854302 -0.264149 0.894207 -0.299875
0.854234 -0.263974 0.894090 -0.299710
0.854166 -0.263798 0.893974 -0.299544
0.854098 -0.263622 0.893857 -0.299379
0.854030 -0.263446 0.893740 -0.299213
0.853963 -0.263270 0.893624 -0.299047
0.853895 -0.263094 0.893507 -0.298881
0.853828 -0.262917 0.893391 -0.298714
0.853760 -0.262741 0.893275 -0.298547
0.853693 -0.262564 0.893158 -0.298381
0.853626 -0.262387 0.893042 -0.298213
0.853559 -0.262210 0.892926 -0.298046
0.853492 -0.262033 0.892810 -0.297878
0.853425 -0.261856 0.892694 -0.297710
0.853358 -0.261678 0.892578 -0.297542
0.853291 -0.261501 0.892462 -0.297374
0.853224 -0.261323 0.892346 -0.297205
0.853157 -0.261145 0.892230 -0.297037
0.853091 -0.260967 0.892114 -0.296868
0.853024 -0.260789 0.891998 -0.296698
0.852958 -0.260610 0.891883 -0.296529
0.852891 -0.260432 0.891767 -0.296359
0.852825 -0.260253 0.891651 -0.296189
0.852759 -0.260074 0.891536 -0.296019
0.852693 -0.259895 0.891420 -0.295849
0.852627 -0.259716 0.891305 -0.295678
0.852561 -0.259537 0.891190 -0.295507
0.852495 -0.259357 0.891074 -0.295336
0.852429 -0.259178 0.890959 -0.295165
0.852363 -0.258998 0.890844 -0.294993
0.852297 -0.258818 0.890729 -0.294821
0.852232 -0.258638 0.890613 -0.294649
0.852166 -0.258458 0.890498 -0.294477
0.852101 -0.258277 0.890383 -0.294305
0.852035 -0.258097 0.890268 -0.294132
0.851970 -0.257916 0.890154 -0.293959
0.851905 -0.257735 0.890039 -0.293786
0.851839 -0.257555 0.889924 -0.293612
0.851774 -0.257373 0.889809 -0.293439
0.851709 -0.257192 0.889695 -0.293265
0.851644 -0.257011 0.889580 -0.293091
0.851580 -0.256829 0.889466 -0.292916
0.851515 -0.256648 0.889351 -0.292742
0.851450 -0.256466 0.889237 -0.292567
0.851385 -0.256284 0.889122 -0.292392
0.851321 -0.256102 0.889008 -0.292217
0.851256 -0.255919 0.888894 -0.292041
0.851192 -0.255737 0.888780 -0.291866
0.851128 -0.255555 0.888665 -0.291690
0.851063 -0.255372 0.888551 -0.291514
0.850999 -0.255189 0.888437 -0.291337
0.850935 -0.255006 0.888323 -0.291161
0.850871 -0.254823 0.888209 -0.290984
0.850807 -0.254639 0.888096 -0.290807
0.850743 -0.254456 0.887982 -0.290630
0.850679 -0.254272 0.887868 -0.290452
0.850616 -0.254089 0.887754 -0.290274
0.850552 -0.253905 0.887641 -0.290096
0.850488 -0.253721 0.887527 -0.289918
0.850425 -0.253537 0.887414 -0.289740
0.850361 -0.253352 0.887300 -0.289561
0.850298 -0.253168 0.887187 -0.289382
0.850235 -0.252983 0.887074 -0.289203
0.850172 -0.252798 0.886960 -0.289024
0.850109 -0.252613 0.886847 -0.288844
0.850045 -0.252428 0.886734 -0.288664
0.849982 -0.252243 0.886621 -0.288484
0.849920 -0.252058 0.886508 -0.288304
0.849857 -0.251872 0.886395 -0.288123
0.849794 -0.251687 0.886282 -0.287943
0.849731 -0.251501 0.886169 -0.287762
0.849669 -0.251315 0.886057 -0.287581
0.849606 -0.251129 0.885944 -0.287399
0.849544 -0.250942 0.885831 -0.287217
0.849481 -0.250756 0.885719 -0.287036
0.849419 -0.250570 0.885606 -0.286853
0.849357 -0.250383 0.885494 -0.286671
0.849295 -0.250196 0.885381 -0.286489
0.849233 -0.250009 0.885269 -0.286306
0.849171 -0.249822 0.885156 -0.286123
0.849109 -0.249635 0.885044 -0.285940
0.849047 -0.249447 0.884932 -0.285756
0.848985 -0.249260 0.884820 -0.285572
0.848924 -0.249072 0.884708 -0.285388
0.848862 -0.248884 0.884596 -0.285204
0.848800 -0.248696 0.884484 -0.285020
0.848739 -0.248508 0.884372 -0.284835
0.848678 -0.248320 0.884260 -0.284650
0.848616 -0.248131 0.884149 -0.284465
0.848555 -0.247943 0.884037 -0.284280
0.848494 -0.247754 0.883925 -0.284095
0.848433 -0.247565 0.883814 -0.283909
0.848372 -0.247376 0.883702 -0.283723
0.848311 -0.247187 0.883591 -0.283537
0.848250 -0.246998 0.883479 -0.283350
0.848189 -0.246808 0.883368 -0.283164
0.848129 -0.246619 0.883257 -0.282977
0.848068 -0.246429 0.883146 -0.282790
0.848007 -0.246239 0.883035 -0.282602
0.847947 -0.246049 0.882924 -0.282415
0.847886 -0.245859 0.882813 -0.282227
0.847826 -0.245669 0.882702 -0.282039
0.847766 -0.245478 0.882591 -0.281851
0.847706 -0.245288 0.882480 -0.281662
0.847646 -0.245097 0.882369 -0.281473
0.847586 -0.244906 0.882259 -0.281284
0.847526 -0.244715 0.882148 -0.281095
0.847466 -0.244524 0.882037 -0.280906
0.847406 -0.244333 0.881927 -0.280716
0.847346 -0.244141 0.881817 -0.280526
0.847287 -0.243950 0.881706 -0.280336
0.847227 -0.243758 0.881596 -0.280146
0.847167 -0.243566 0.881486 -0.279956
0.847108 -0.243374 0.881376 -0.279765
0.847049 -0.243182 0.881265 -0.279574
0.846989 -0.242989 0.881155 -0.279383
0.846930 -0.242797 0.881046 -0.279191
0.846871 -0.242604 0.880936 -0.279000
0.846812 -0.242412 0.880826 -0.278808
0.846753 -0.242219 0.880716 -0.278616
0.846694 -0.242026 0.880606 -0.278423
0.846635 -0.241833 0.880497 -0.278231
0.846577 -0.241639 0.880387 -0.278038
0.846518 -0.241446 0.880278 -0.277845
0.846459 -0.241252 0.880168 -0.277652
0.846401 -0.241059 0.880059 -0.277458
0.846342 -0.240865 0.879949 -0.277264
0.846284 -0.240671 0.879840 -0.277070
0.846226 -0.240477 0.879731 -0.276876
0.846167 -0.240282 0.879622 -0.276682
0.846109 -0.240088 0.879513 -0.276487
0.846051 -0.239893 0.879404 -0.276293
0.845993 -0.239698 0.879295 -0.276097
0.845935 -0.239504 0.879186 -0.275902
0.845877 -0.239309 0.879077 -0.275707
0.845820 -0.239113 0.878969 -0.275511
0.845762 -0.238918 0.878860 -0.275315
0.845704 -0.238723 0.878752 -0.275119
0.845647 -0.238527 0.878643 -0.274922
0.845589 -0.238332 0.878535 -0.274726
0.845532 -0.238136 0.878426 -0.274529
0.845474 -0.237940 0.878318 -0.274332
0.845417 -0.237744 0.878210 -0.274135
0.845360 -0.237547 0.878101 -0.273937
0.845303 -0.237351 0.877993 -0.273739
0.845246 -0.237154 0.877885 -0.273541
0.845189 -0.236958 0.877777 -0.273343
0.845132 -0.236761 0.877669 -0.273145
0.845075 -0.236564 0.877562 -0.272946
0.845018 -0.236367 0.877454 -0.272747
0.844962 -0.236170 0.877346 -0.272548
0.844905 -0.235972 0.877239 -0.272349
0.844849 -0.235775 0.877131 -0.272149
0.844792 -0.235577 0.877024 -0.271949
0.844736 -0.235379 0.876916 -0.271749
0.844680 -0.235181 0.876809 -0.271549
0.844623 -0.234983 0.876702 -0.271349
0.844567 -0.234785 0.876594 -0.271148
0.844511 -0.234587 0.876487 -0.270947
0.844455 -0.234388 0.876380 -0.270746
0.844399 -0.234189 0.876273 -0.270545
0.844343 -0.233991 0.876166 -0.270343
0.844287 -0.233792 0.876059 -0.270141
0.844232 -0.233593 0.875953 -0.269939
0.844176 -0.233393 0.875846 -0.269737
0.844121 -0.233194 0.875739 -0.269534
0.844065 -0.232995 0.875633 -0.269332
0.844010 -0.232795 0.875526 -0.269129
0.843954 -0.232595 0.875420 -0.268926
0.843899 -0.232395 0.875313 -0.268722
0.843844 -0.232195 0.875207 -0.268519
0.843789 -0.231995 0.875101 -0.268315
0.843734 -0.231795 0.874995 -0.268111
0.843679 -0.231595 0.874889 -0.267907
0.843624 -0.231394 0.874783 -0.267702
0.843569 -0.231193 0.874677 -0.267497
0.843514 -0.230992 0.874571 -0.267292
0.843460 -0.230791 0.874465 -0.267087
0.843405 -0.230590 0.874359 -0.266882
0.843351 -0.230389 0.874254 -0.266676
0.843296 -0.230188 0.874148 -0.266470
0.843242 -0.229986 0.874042 -0.266264
0.843187 -0.229784 0.873937 -0.266058
0.843133 -0.229583 0.873832 -0.265852
0.843079 -0.229381 0.873726 -0.265645
0.843025 -0.229179 0.873621 -0.265438
0.842971 -0.228976 0.873516 -0.265231
0.842917 -0.228774 0.873411 -0.265023
0.842863 -0.228572 0.873306 -0.264816
0.842809 -0.228369 0.873201 -0.264608
0.842756 -0.228166 0.873096 -0.264400
0.842702 -0.227963 0.872991 -0.264192
0.842648 -0.227760 0.872887 -0.263983
0.842595 -0.227557 0.872782 -0.263774
0.842541 -0.227354 0.872677 -0.263565
0.842488 -0.227150 0.872573 -0.263356
0.842435 -0.226947 0.872468 -0.263147
0.842382 -0.226743 0.872364 -0.262937
0.842328 -0.226539 0.872260 -0.262727
0.842275 -0.226335 0.872156 -0.262517
0.842222 -0.226131 0.872052 -0.262307
0.842169 -0.225927 0.871947 -0.262097
0.842117 -0.225723 0.871843 -0.261886
0.842064 -0.225518 0.871740 -0.261675
0.842011 -0.225313 0.871636 -0.261464
0.841959 -0.225109 0.871532 -0.261252
0.841906 -0.224904 0.871428 -0.261041
0.841853 -0.224699 0.871325 -0.260829
0.841801 -0.224493 0.871221 -0.260617
0.841749 -0.224288 0.871118 -0.260405
0.841696 -0.224083 0.871014 -0.260192
0.841644 -0.223877 0.870911 -0.259980
0.841592 -0.223671 0.870808 -0.259767
0.841540 -0.223466 0.870705 -0.259554
0.841488 -0.223260 0.870602 -0.259340
0.841436 -0.223053 0.870499 -0.259127
0.841384 -0.222847 0.870396 -0.258913
0.841333 -0.222641 0.870293 -0.258699
0.841281 -0.222434 0.870190 -0.258485
0.841229 -0.222228 0.870087 -0.258270
0.841178 -0.222021 0.869985 -0.258055
0.841126 -0.221814 0.869882 -0.257840
0.841075 -0.221607 0.869780 -0.257625
0.841024 -0.221400 0.869677 -0.257410
0.840972 -0.221192 0.869575 -0.257194
0.840921 -0.220985 0.869473 -0.256979
0.840870 -0.220777 0.869371 -0.256763
0.840819 -0.220570 0.869268 -0.256546
0.840768 -0.220362 0.869166 -0.256330
0.840717 -0.220154 0.869065 -0.256113
0.840666 -0.219946 0.868963 -0.255896
0.840616 -0.219737 0.868861 -0.255679
0.840565 -0.219529 0.868759 -0.255462
0.840514 -0.219320 0.868658 -0.255245
0.840464 -0.219112 0.868556 -0.255027
0.840413 -0.218903 0.868455 -0.254809
0.840363 -0.218694 0.868353 -0.254591
0.840313 -0.218485 0.868252 -0.254372
0.840263 -0.218276 0.868151 -0.254154
0.840212 -0.218067 0.868049 -0.253935
0.840162 -0.217857 0.867948 -0.253716
0.840112 -0.217648 0.867847 -0.253496
0.840062 -0.217438 0.867746 -0.253277
0.840012 -0.217228 0.867646 -0.253057
0.839963 -0.217018 0.867545 -0.252837
0.839913 -0.216808 0.867444 -0.252617
0.839863 -0.216598 0.867344 -0.252397
0.839814 -0.216387 0.867243 -0.252176
0.839764 -0.216177 0.867143 -0.251955
0.839715 -0.215966 0.867042 -0.251734
0.839665 -0.215756 0.866942 -0.251513
0.839616 -0.215545 0.866842 -0.251292
0.839567 -0.215334 0.866742 -0.251070
0.839518 -0.215123 0.866642 -0.250848
0.839468 -0.214911 0.866542 -0.250626
0.839419 -0.214700 0.866442 -0.250404
0.839371 -0.214488 0.866342 -0.250181
0.839322 -0.214277 0.866242 -0.249958
0.839273 -0.214065 0.866142 -0.249735
0.839224 -0.213853 0.866043 -0.249512
0.839175 -0.213641 0.865943 -0.249289
0.839127 -0.213429 0.865844 -0.249065
0.839078 -0.213217 0.865745 -0.248841
0.839030 -0.213004 0.865645 -0.248617
0.838982 -0.212792 0.865546 -0.248393
0.838933 -0.212579 0.865447 -0.248169
0.838885 -0.212366 0.865348 -0.247944
0.838837 -0.212153 0.865249 -0.247719
0.838789 -0.211940 0.865150 -0.247494
0.838741 -0.211727 0.865052 -0.247269
0.838693 -0.211514 0.864953 -0.247043
0.838645 -0.211300 0.864854 -0.246817
0.838597 -0.211087 0.864756 -0.246591
0.838549 -0.210873 0.864657 -0.246365
0.838502 -0.210659 0.864559 -0.246139
0.838454 -0.210445 0.864461 -0.245912
0.838407 -0.210231 0.864363 -0.245685
0.838359 -0.210017 0.864264 -0.245458
0.838312 -0.209802 0.864166 -0.245231
0.838264 -0.209588 0.864068 -0.245003
0.838217 -0.209373 0.863971 -0.244776
0.838170 -0.209159 0.863873 -0.244548
0.838123 -0.208944 0.863775 -0.244320
0.838076 -0.208729 0.863677 -0.244091
0.838029 -0.208514 0.863580 -0.243863
0.837982 -0.208299 0.863482 -0.243634
0.837935 -0.208083 0.863385 -0.243405
0.837888 -0.207868 0.863288 -0.243176
0.837842 -0.207652 0.863191 -0.242946
0.837795 -0.207436 0.863094 -0.242717
0.837749 -0.207221 0.862996 -0.242487
0.837702 -0.207005 0.862900 -0.242257
0.837656 -0.206788 0.862803 -0.242027
0.837609 -0.206572 0.862706 -0.241796
0.837563 -0.206356 0.862609 -0.241565
0.837517 -0.206139 0.862513 -0.241334
0.837471 -0.205923 0.862416 -0.241103
0.837425 -0.205706 0.862320 -0.240872
0.837379 -0.205489 0.862223 -0.240640
0.837333 -0.205272 0.862127 -0.240409
0.837287 -0.205055 0.862031 -0.240177
0.837241 -0.204838 0.861935 -0.239945
0.837196 -0.204620 0.861839 -0.239712
0.837150 -0.204403 0.861743 -0.239480
0.837104 -0.204185 0.861647 -0.239247
0.837059 -0.203968 0.861551 -0.239014
0.837013 -0.203750 0.861455 -0.238781
0.836968 -0.203532 0.861360 -0.238547
0.836923 -0.203314 0.861264 -0.238313
0.836878 -0.203095 0.861169 -0.238080
0.836832 -0.202877 0.861074 -0.237846
0.836787 -0.202659 0.860978 -0.237611
0.836742 -0.202440 0.860883 -0.237377
0.836697 -0.202221 0.860788 -0.237142
0.836653 -0.202002 0.860693 -0.236907
0.836608 -0.201783 0.860598 -0.236672
0.836563 -0.201564 0.860503 -0.236437
0.836518 -0.201345 0.860409 -0.236201
0.836474 -0.201126 0.860314 -0.235965
0.836429 -0.200906 0.860219 -0.235729
0.836385 -0.200687 0.860125 -0.235493
0.836341 -0.200467 0.860030 -0.235257
0.836296 -0.200247 0.859936 -0.235020
0.836252 -0.200027 0.859842 -0.234784
0.836208 -0.199807 0.859748 -0.234547
0.836164 -0.199587 0.859654 -0.234309
0.836120 -0.199367 0.859560 -0.234072
0.836076 -0.199146 0.859466 -0.233834
0.836032 -0.198926 0.859372 -0.233596
0.835988 -0.198705 0.859278 -0.233358
0.835944 -0.198484 0.859185 -0.233120
0.835901 -0.198263 0.859091 -0.232882
0.835857 -0.198042 0.858998 -0.232643
0.835813 -0.197821 0.858905 -0.232404
0.835770 -0.197600 0.858811 -0.232165
0.835727 -0.197378 0.858718 -0.231926
0.835683 -0.197157 0.858625 -0.231686
0.835640 -0.196935 0.858532 -0.231446
0.835597 -0.196713 0.858439 -0.231207
0.835554 -0.196491 0.858346 -0.230966
0.835510 -0.196269 0.858254 -0.230726
0.835467 -0.196047 0.858161 -0.230486
0.835425 -0.195825 0.858069 -0.230245
0.835382 -0.195602 0.857976 -0.230004
0.835339 -0.195380 0.857884 -0.229763
0.835296 -0.195157 0.857791 -0.229521
0.835254 -0.194935 0.857699 -0.229280
0.835211 -0.194712 0.857607 -0.229038
0.835168 -0.194489 0.857515 -0.228796
0.835126 -0.194266 0.857423 -0.228554
0.835084 -0.194042 0.857331 -0.228311
0.835041 -0.193819 0.857240 -0.228069
0.834999 -0.193596 0.857148 -0.227826
0.834957 -0.193372 0.857056 -0.227583
0.834915 -0.193148 0.856965 -0.227340
0.834873 -0.192925 0.856874 -0.227096
0.834831 -0.192701 0.856782 -0.226853
0.834789 -0.192477 0.856691 -0.226609
0.834747 -0.192252 0.856600 -0.226365
0.834705 -0.192028 0.856509 -0.226121
0.834664 -0.191804 0.856418 -0.225876
0.834622 -0.191579 0.856327 -0.225632
0.834580 -0.191355 0.856236 -0.225387
0.834539 -0.191130 0.856146 -0.225142
0.834497 -0.190905 0.856055 -0.224896
0.834456 -0.190680 0.855965 -0.224651
0.834415 -0.190455 0.855874 -0.224405
0.834374 -0.190230 0.855784 -0.224159
0.834332 -0.190004 0.855694 -0.223913
0.834291 -0.189779 0.855604 -0.223667
0.834250 -0.189553 0.855514 -0.223421
0.834209 -0.189327 0.855424 -0.223174
0.834168 -0.189102 0.855334 -0.222927
0.834128 -0.188876 0.855244 -0.222680
0.834087 -0.188650 0.855155 -0.222433
0.834046 -0.188423 0.855065 -0.222185
0.834006 -0.188197 0.854976 -0.221937
0.833965 -0.187971 0.854886 -0.221690
0.833925 -0.187744 0.854797 -0.221441
0.833884 -0.187518 0.854708 -0.221193
0.833844 -0.187291 0.854619 -0.220945
0.833803 -0.187064 0.854530 -0.220696
0.833763 -0.186837 0.854441 -0.220447
0.833723 -0.186610 0.854352 -0.220198
0.833683 -0.186383 0.854263 -0.219949
0.833643 -0.186155 0.854175 -0.219699
0.833603 -0.185928 0.854086 -0.219449
0.833563 -0.185700 0.853998 -0.219200
0.833523 -0.185473 0.853909 -0.218949
0.833484 -0.185245 0.853821 -0.218699
0.833444 -0.185017 0.853733 -0.218449
0.833404 -0.184789 0.853645 -0.218198
0.833365 -0.184561 0.853557 -0.217947
0.833325 -0.184333 0.853469 -0.217696
0.833286 -0.184104 0.853381 -0.217445
0.833247 -0.183876 0.853294 -0.217193
0.833207 -0.183647 0.853206 -0.216941
0.833168 -0.183419 0.853119 -0.216689
0.833129 -0.183190 0.853031 -0.216437
0.833090 -0.182961 0.852944 -0.216185
0.833051 -0.182732 0.852857 -0.215933
0.833012 -0.182503 0.852770 -0.215680
0.832973 -0.182273 0.852683 -0.215427
0.832934 -0.182044 0.852596 -0.215174
0.832896 -0.181815 0.852509 -0.214921
0.832857 -0.181585 0.852422 -0.214667
0.832818 -0.181355 0.852336 -0.214413
0.832780 -0.181125 0.852249 -0.214160
0.832741 -0.180895 0.852163 -0.213906
0.832703 -0.180665 0.852076 -0.213651
0.832664 -0.180435 0.851990 -0.213397
0.832626 -0.180205 0.851904 -0.213142
0.832588 -0.179975 0.851818 -0.212887
0.832550 -0.179744 0.851732 -0.212632
0.832512 -0.179513 0.851646 -0.212377
0.832474 -0.179283 0.851560 -0.212122
0.832436 -0.179052 0.851475 -0.211866
0.832398 -0.178821 0.851389 -0.211610
0.832360 -0.178590 0.851303 -0.211354
0.832322 -0.178359 0.851218 -0.211098
0.832285 -0.178127 0.851133 -0.210841
0.832247 -0.177896 0.851048 -0.210585
0.832209 -0.177664 0.850963 -0.210328
0.832172 -0.177433 0.850878 -0.210071
0.832135 -0.177201 0.850793 -0.209814
0.832097 -0.176969 0.850708 -0.209556
0.832060 -0.176737 0.850623 -0.209299
0.832023 -0.176505 0.850539 -0.209041
0.831985 -0.176273 0.850454 -0.208783
0.831948 -0.176041 0.850370 -0.208525
0.831911 -0.175808 0.850285 -0.208266
0.831874 -0.175576 0.850201 -0.208008
0.831837 -0.175343 0.850117 -0.207749
0.831801 -0.175111 0.850033 -0.207490
0.831764 -0.174878 0.849949 -0.207231
0.831727 -0.174645 0.849865 -0.206972
0.831691 -0.174412 0.849781 -0.206712
0.831654 -0.174179 0.849698 -0.206452
0.831617 -0.173945 0.849614 -0.206192
0.831581 -0.173712 0.849531 -0.205932
0.831545 -0.173479 0.849448 -0.205672
0.831508 -0.173245 0.849364 -0.205412
0.831472 -0.173011 0.849281 -0.205151
0.831436 -0.172777 0.849198 -0.204890
0.831400 -0.172544 0.849115 -0.204629
0.831364 -0.172310 0.849032 -0.204368
0.831328 -0.172075 0.848950 -0.204106
0.831292 -0.171841 0.848867 -0.203845
0.831256 -0.171607 0.848785 -0.203583
0.831220 -0.171372 0.848702 -0.203321
0.831184 -0.171138 0.848620 -0.203059
0.831149 -0.170903 0.848538 -0.202796
0.831113 -0.170668 0.848455 -0.202534
0.831078 -0.170434 0.848373 -0.202271
0.831042 -0.170199 0.848292 -0.202008
0.831007 -0.169963 0.848210 -0.201745
0.830971 -0.169728 0.848128 -0.201481
0.830936 -0.169493 0.848046 -0.201218
0.830901 -0.169258 0.847965 -0.200954
0.830866 -0.169022 0.847883 -0.200690
0.830831 -0.168786 0.847802 -0.200426
0.830796 -0.168551 0.847721 -0.200162
0.830761 -0.168315 0.847640 -0.199897
0.830726 -0.168079 0.847559 -0.199633
0.830691 -0.167843 0.847478 -0.199368
0.830656 -0.167607 0.847397 -0.199103
0.830621 -0.167370 0.847316 -0.198838
0.830587 -0.167134 0.847236 -0.198572
0.830552 -0.166898 0.847155 -0.198307
0.830518 -0.166661 0.847075 -0.198041
0.830483 -0.166424 0.846994 -0.197775
0.830449 -0.166188 0.846914 -0.197509
0.830415 -0.165951 0.846834 -0.197242
0.830380 -0.165714 0.846754 -0.196976
0.830346 -0.165477 0.846674 -0.196709
0.830312 -0.165239 0.846594 -0.196442
0.830278 -0.165002 0.846515 -0.196175
0.830244 -0.164765 0.846435 -0.195908
0.830210 -0.164527 0.846356 -0.195641
0.830176 -0.164290 0.846276 -0.195373
0.830142 -0.164052 0.846197 -0.195105
0.830109 -0.163814 0.846118 -0.194837
0.830075 -0.163576 0.846039 -0.194569
0.830041 -0.163338 0.845960 -0.194300
0.830008 -0.163100 0.845881 -0.194032
0.829974 -0.162862 0.845802 -0.193763
0.829941 -0.162623 0.845723 -0.193494
0.829907 -0.162385 0.845645 -0.193225
0.829874 -0.162146 0.845566 -0.192956
0.829841 -0.161908 0.845488 -0.192686
0.829808 -0.161669 0.845410 -0.192417
0.829775 -0.161430 0.845332 -0.192147
0.829742 -0.161191 0.845254 -0.191877
0.829709 -0.160952 0.845176 -0.191607
0.829676 -0.160713 0.845098 -0.191336
0.829643 -0.160474 0.845020 -0.191066
0.829610 -0.160234 0.844942 -0.190795
0.829577 -0.159995 0.844865 -0.190524
0.829545 -0.159755 0.844788 -0.190253
0.829512 -0.159516 0.844710 -0.189982
0.829479 -0.159276 0.844633 -0.189710
0.829447 -0.159036 0.844556 -0.189439
0.829414 -0.158796 0.844479 -0.189167
0.829382 -0.158556 0.844402 -0.188895
0.829350 -0.158316 0.844325 -0.188622
0.829318 -0.158076 0.844249 -0.188350
0.829285 -0.157835 0.844172 -0.188078
0.829253 -0.157595 0.844096 -0.187805
0.829221 -0.157354 0.844019 -0.187532
0.829189 -0.157114 0.843943 -0.187259
0.829157 -0.156873 0.843867 -0.186986
0.829125 -0.156632 0.843791 -0.186712
0.829094 -0.156391 0.843715 -0.186438
0.829062 -0.156150 0.843639 -0.186165
0.829030 -0.155909 0.843563 -0.185891
0.828999 -0.155668 0.843488 -0.185616
0.828967 -0.155426 0.843412 -0.185342
0.828936 -0.155185 0.843337 -0.185068
0.828904 -0.154943 0.843261 -0.184793
0.828873 -0.154702 0.843186 -0.184518
0.828842 -0.154460 0.843111 -0.184243
0.828810 -0.154218 0.843036 -0.183968
0.828779 -0.153976 0.842961 -0.183692
0.828748 -0.153734 0.842886 -0.183417
0.828717 -0.153492 0.842812 -0.183141
0.828686 -0.153250 0.842737 -0.182865
0.828655 -0.153007 0.842663 -0.182589
0.828624 -0.152765 0.842588 -0.182313
0.828593 -0.152523 0.842514 -0.182036
0.828563 -0.152280 0.842440 -0.181760
0.828532 -0.152037 0.842366 -0.181483
0.828501 -0.151794 0.842292 -0.181206
0.828471 -0.151551 0.842218 -0.180929
0.828440 -0.151308 0.842145 -0.180651
0.828410 -0.151065 0.842071 -0.180374
0.828379 -0.150822 0.841998 -0.180096
0.828349 -0.150579 0.841924 -0.179818
0.828319 -0.150335 0.841851 -0.179540
0.828289 -0.150092 0.841778 -0.179262
0.828259 -0.149848 0.841705 -0.178984
0.828228 -0.149605 0.841632 -0.178705
0.828198 -0.149361 0.841559 -0.178427
0.828169 -0.149117 0.841486 -0.178148
0.828139 -0.148873 0.841414 -0.177869
0.828109 -0.148629 0.841341 -0.177589
0.828079 -0.148385 0.841269 -0.177310
0.828049 -0.148141 0.841196 -0.177030
0.828020 -0.147896 0.841124 -0.176751
0.827990 -0.147652 0.841052 -0.176471
0.827961 -0.147407 0.840980 -0.176191
0.827931 -0.147163 0.840908 -0.175910
0.827902 -0.146918 0.840837 -0.175630
0.827872 -0.146673 0.840765 -0.175349
0.827843 -0.146428 0.840693 -0.175069
0.827814 -0.146183 0.840622 -0.174788
0.827785 -0.145938 0.840551 -0.174507
0.827756 -0.145693 0.840480 -0.174225
0.827727 -0.145448 0.840408 -0.173944
0.827698 -0.145202 0.840338 -0.173662
0.827669 -0.144957 0.840267 -0.173380
0.827640 -0.144711 0.840196 -0.173098
0.827611 -0.144466 0.840125 -0.172816
0.827582 -0.144220 0.840055 -0.172534
0.827554 -0.143974 0.839984 -0.172252
0.827525 -0.143728 0.839914 -0.171969
0.827497 -0.143482 0.839844 -0.171686
0.827468 -0.143236 0.839774 -0.171403
0.827440 -0.142990 0.839704 -0.171120
0.827411 -0.142744 0.839634 -0.170837
0.827383 -0.142497 0.839564 -0.170553
0.827355 -0.142251 0.839495 -0.170270
0.827326 -0.142004 0.839425 -0.169986
0.827298 -0.141758 0.839356 -0.169702
0.827270 -0.141511 0.839286 -0.169418
0.827242 -0.141264 0.839217 -0.169134
0.827214 -0.141017 0.839148 -0.168849
0.827186 -0.140770 0.839079 -0.168565
0.827159 -0.140523 0.839010 -0.168280
0.827131 -0.140276 0.838941 -0.167995
0.827103 -0.140029 0.838873 -0.167710
0.827075 -0.139781 0.838804 -0.167425
0.827048 -0.139534 0.838736 -0.167139
0.827020 -0.139286 0.838668 -0.166853
0.826993 -0.139039 0.838599 -0.166568
0.826965 -0.138791 0.838531 -0.166282
0.826938 -0.138543 0.838463 -0.165996
0.826911 -0.138295 0.838395 -0.165709
0.826884 -0.138047 0.838328 -0.165423
0.826856 -0.137799 0.838260 -0.165136
0.826829 -0.137551 0.838193 -0.164850
0.826802 -0.137303 0.838125 -0.164563
0.826775 -0.137054 0.838058 -0.164276
0.826748 -0.136806 0.837991 -0.163989
0.826721 -0.136557 0.837924 -0.163701
0.826695 -0.136309 0.837857 -0.163414
0.826668 -0.136060 0.837790 -0.163126
0.826641 -0.135811 0.837723 -0.162838
0.826614 -0.135562 0.837657 -0.162550
0.826588 -0.135313 0.837590 -0.162262
0.826561 -0.135064 0.837524 -0.161974
0.826535 -0.134815 0.837457 -0.161685
0.826508 -0.134566 0.837391 -0.161396
0.826482 -0.134317 0.837325 -0.161108
0.826456 -0.134067 0.837259 -0.160819
0.826430 -0.133818 0.837194 -0.160529
0.826403 -0.133568 0.837128 -0.160240
0.826377 -0.133319 0.837062 -0.159951
0.826351 -0.133069 0.836997 -0.159661
0.826325 -0.132819 0.836931 -0.159371
0.826299 -0.132569 0.836866 -0.159081
0.826273 -0.132319 0.836801 -0.158791
0.826248 -0.132069 0.836736 -0.158501
0.826222 -0.131819 0.836671 -0.158211
0.826196 -0.131569 0.836606 -0.157920
0.826170 -0.131318 0.836542 -0.157630
0.826145 -0.131068 0.836477 -0.157339
0.826119 -0.130817 0.836413 -0.157048
0.826094 -0.130567 0.836348 -0.156756
0.826068 -0.130316 0.836284 -0.156465
0.826043 -0.130065 0.836220 -0.156174
0.826018 -0.129815 0.836156 -0.155882
0.825993 -0.129564 0.836092 -0.155590
0.825967 -0.129313 0.836029 -0.155298
0.825942 -0.129061 0.835965 -0.155006
0.825917 -0.128810 0.835901 -0.154714
0.825892 -0.128559 0.835838 -0.154422
0.825867 -0.128308 0.835775 -0.154129
0.825842 -0.128056 0.835712 -0.153836
0.825818 -0.127805 0.835649 -0.153543
0.825793 -0.127553 0.835586 -0.153250
0.825768 -0.127302 0.835523 -0.152957
0.825743 -0.127050 0.835460 -0.152664
0.825719 -0.126798 0.835398 -0.152370
0.825694 -0.126546 0.835335 -0.152077
0.825670 -0.126294 0.835273 -0.151783
0.825645 -0.126042 0.835211 -0.151489
0.825621 -0.125790 0.835148 -0.151195
0.825597 -0.125538 0.835086 -0.150901
0.825572 -0.125285 0.835025 -0.150607
0.825548 -0.125033 0.834963 -0.150312
0.825524 -0.124780 0.834901 -0.150017
0.825500 -0.124528 0.834840 -0.149723
0.825476 -0.124275 0.834778 -0.149428
0.825452 -0.124022 0.834717 -0.149132
0.825428 -0.123770 0.834656 -0.148837
0.825404 -0.123517 0.834595 -0.148542
0.825380 -0.123264 0.834534 -0.148246
0.825357 -0.123011 0.834473 -0.147950
0.825333 -0.122758 0.834412 -0.147655
0.825309 -0.122504 0.834352 -0.147359
0.825286 -0.122251 0.834291 -0.147062
0.825262 -0.121998 0.834231 -0.146766
0.825239 -0.121744 0.834171 -0.146470
0.825215 -0.121491 0.834111 -0.146173
0.825192 -0.121237 0.834051 -0.145876
0.825169 -0.120984 0.833991 -0.145580
0.825145 -0.120730 0.833931 -0.145282
0.825122 -0.120476 0.833871 -0.144985
0.825099 -0.120222 0.833812 -0.144688
0.825076 -0.119968 0.833752 -0.144391
0.825053 -0.119714 0.833693 -0.144093
0.825030 -0.119460 0.833634 -0.143795
0.825007 -0.119206 0.833575 -0.143497
0.824984 -0.118951 0.833516 -0.143199
0.824962 -0.118697 0.833457 -0.142901
0.824939 -0.118443 0.833398 -0.142603
0.824916 -0.118188 0.833340 -0.142304
0.824894 -0.117933 0.833281 -0.142006
0.824871 -0.117679 0.833223 -0.141707
0.824849 -0.117424 0.833165 -0.141408
0.824826 -0.117169 0.833107 -0.141109
0.824804 -0.116914 0.833049 -0.140810
0.824782 -0.116659 0.832991 -0.140510
0.824759 -0.116404 0.832933 -0.140211
0.824737 -0.116149 0.832876 -0.139911
0.824715 -0.115894 0.832818 -0.139612
0.824693 -0.115638 0.832761 -0.139312
0.824671 -0.115383 0.832704 -0.139012
0.824649 -0.115128 0.832646 -0.138712
0.824627 -0.114872 0.832589 -0.138411
0.824605 -0.114617 0.832532 -0.138111
0.824583 -0.114361 0.832476 -0.137810
0.824561 -0.114105 0.832419 -0.137510
0.824540 -0.113849 0.832363 -0.137209
0.824518 -0.113593 0.832306 -0.136908
0.824496 -0.113338 0.832250 -0.136607
0.824475 -0.113081 0.832194 -0.136305
0.824453 -0.112825 0.832138 -0.136004
0.824432 -0.112569 0.832082 -0.135702
0.824411 -0.112313 0.832026 -0.135401
0.824389 -0.112057 0.831970 -0.135099
0.824368 -0.111800 0.831915 -0.134797
0.824347 -0.111544 0.831859 -0.134495
0.824326 -0.111287 0.831804 -0.134193
0.824305 -0.111031 0.831749 -0.133890
0.824284 -0.110774 0.831694 -0.133588
0.824263 -0.110517 0.831639 -0.133285
0.824242 -0.110260 0.831584 -0.132982
0.824221 -0.110003 0.831529 -0.132679
0.824200 -0.109746 0.831474 -0.132376
0.824179 -0.109489 0.831420 -0.132073
0.824158 -0.109232 0.831366 -0.131770
0.824138 -0.108975 0.831311 -0.131466
0.824117 -0.108718 0.831257 -0.131163
0.824097 -0.108460 0.831203 -0.130859
0.824076 -0.108203 0.831149 -0.130555
0.824056 -0.107946 0.831096 -0.130251
0.824035 -0.107688 0.831042 -0.129947
0.824015 -0.107430 0.830989 -0.129643
0.823995 -0.107173 0.830935 -0.129339
0.823975 -0.106915 0.830882 -0.129034
0.823954 -0.106657 0.830829 -0.128730
0.823934 -0.106399 0.830776 -0.128425
0.823914 -0.106141 0.830723 -0.128120
0.823894 -0.105883 0.830670 -0.127815
0.823874 -0.105625 0.830618 -0.127510
0.823854 -0.105367 0.830565 -0.127205
0.823835 -0.105109 0.830513 -0.126899
0.823815 -0.104850 0.830460 -0.126594
0.823795 -0.104592 0.830408 -0.126288
0.823775 -0.104334 0.830356 -0.125982
0.823756 -0.104075 0.830304 -0.125676
0.823736 -0.103816 0.830253 -0.125370
0.823717 -0.103558 0.830201 -0.125064
0.823697 -0.103299 0.830149 -0.124758
0.823678 -0.103040 0.830098 -0.124451
0.823659 -0.102781 0.830047 -0.124145
0.823639 -0.102523 0.829996 -0.123838
0.823620 -0.102264 0.829944 -0.123531
0.823601 -0.102005 0.829894 -0.123224
0.823582 -0.101745 0.829843 -0.122917
0.823563 -0.101486 0.829792 -0.122610
0.823544 -0.101227 0.829742 -0.122303
0.823525 -0.100968 0.829691 -0.121995
0.823506 -0.100708 0.829641 -0.121688
0.823487 -0.100449 0.829591 -0.121380
0.823468 -0.100189 0.829541 -0.121072
0.823449 -0.099930 0.829491 -0.120764
0.823431 -0.099670 0.829441 -0.120456
0.823412 -0.099410 0.829391 -0.120148
0.823394 -0.099151 0.829342 -0.119840
0.823375 -0.098891 0.829292 -0.119532
0.823357 -0.098631 0.829243 -0.119223
0.823338 -0.098371 0.829194 -0.118914
0.823320 -0.098111 0.829145 -0.118606
0.823301 -0.097851 0.829096 -0.118297
0.823283 -0.097590 0.829047 -0.117988
0.823265 -0.097330 0.828998 -0.117678
0.823247 -0.097070 0.828950 -0.117369
0.823229 -0.096810 0.828901 -0.117060
0.823211 -0.096549 0.828853 -0.116750
0.823193 -0.096289 0.828805 -0.116441
0.823175 -0.096028 0.828757 -0.116131
0.823157 -0.095768 0.828709 -0.115821
0.823139 -0.095507 0.828661 -0.115511
0.823121 -0.095246 0.828614 -0.115201
0.823104 -0.094985 0.828566 -0.114891
0.823086 -0.094724 0.828519 -0.114580
0.823068 -0.094464 0.828471 -0.114270
0.823051 -0.094203 0.828424 -0.113959
0.823033 -0.093941 0.828377 -0.113649
0.823016 -0.093680 0.828330 -0.113338
0.822998 -0.093419 0.828283 -0.113027
0.822981 -0.093158 0.828237 -0.112716
0.822964 -0.092897 0.828190 -0.112405
0.822946 -0.092635 0.828144 -0.112094
0.822929 -0.092374 0.828098 -0.111782
0.822912 -0.092112 0.828051 -0.111471
0.822895 -0.091851 0.828005 -0.111159
0.822878 -0.091589 0.827959 -0.110847
0.822861 -0.091328 0.827914 -0.110536
0.822844 -0.091066 0.827868 -0.110224
0.822827 -0.090804 0.827822 -0.109912
0.822810 -0.090542 0.827777 -0.109599
0.822794 -0.090280 0.827732 -0.109287
0.822777 -0.090018 0.827687 -0.108975
0.822760 -0.089756 0.827642 -0.108662
0.822744 -0.089494 0.827597 -0.108349
0.822727 -0.089232 0.827552 -0.108037
0.822711 -0.088970 0.827507 -0.107724
0.822694 -0.088708 0.827463 -0.107411
0.822678 -0.088445 0.827418 -0.107098
0.822661 -0.088183 0.827374 -0.106785
0.822645 -0.087921 0.827330 -0.106471
0.822629 -0.087658 0.827286 -0.106158
0.822613 -0.087396 0.827242 -0.105844
0.822597 -0.087133 0.827198 -0.105531
0.822580 -0.086870 0.827155 -0.105217
0.822564 -0.086608 0.827111 -0.104903
0.822548 -0.086345 0.827068 -0.104589
0.822533 -0.086082 0.827025 -0.104275
0.822517 -0.085819 0.826982 -0.103961
0.822501 -0.085556 0.826939 -0.103647
0.822485 -0.085293 0.826896 -0.103332
0.822469 -0.085030 0.826853 -0.103018
0.822454 -0.084767 0.826810 -0.102703
0.822438 -0.084504 0.826768 -0.102389
0.822423 -0.084241 0.826726 -0.102074
0.822407 -0.083977 0.826683 -0.101759
0.822392 -0.083714 0.826641 -0.101444
0.822376 -0.083451 0.826599 -0.101129
0.822361 -0.083187 0.826558 -0.100814
0.822346 -0.082924 0.826516 -0.100498
0.822330 -0.082660 0.826474 -0.100183
0.822315 -0.082397 0.826433 -0.099867
0.822300 -0.082133 0.826392 -0.099552
0.822285 -0.081869 0.826350 -0.099236
0.822270 -0.081605 0.826309 -0.098920
0.822255 -0.081342 0.826268 -0.098604
0.822240 -0.081078 0.826228 -0.098288
0.822225 -0.080814 0.826187 -0.097972
0.822210 -0.080550 0.826146 -0.097656
0.822195 -0.080286 0.826106 -0.097339
0.822181 -0.080022 0.826066 -0.097023
0.822166 -0.079757 0.826026 -0.096706
0.822151 -0.079493 0.825986 -0.096390
0.822137 -0.079229 0.825946 -0.096073
0.822122 -0.078965 0.825906 -0.095756
0.822108 -0.078700 0.825866 -0.095439
0.822093 -0.078436 0.825827 -0.095122
0.822079 -0.078172 0.825787 -0.094805
0.822065 -0.077907 0.825748 -0.094488
0.822050 -0.077642 0.825709 -0.094170
0.822036 -0.077378 0.825670 -0.093853
0.822022 -0.077113 0.825631 -0.093535
0.822008 -0.076848 0.825592 -0.093218
0.821994 -0.076584 0.825554 -0.092900
0.821980 -0.076319 0.825515 -0.092582
0.821966 -0.076054 0.825477 -0.092264
0.821952 -0.075789 0.825439 -0.091946
0.821938 -0.075524 0.825401 -0.091628
0.821924 -0.075259 0.825363 -0.091310
0.821911 -0.074994 0.825325 -0.090992
0.821897 -0.074729 0.825287 -0.090673
0.821883 -0.074464 0.825250 -0.090355
0.821870 -0.074198 0.825212 -0.090036
0.821856 -0.073933 0.825175 -0.089717
0.821843 -0.073668 0.825138 -0.089399
0.821829 -0.073403 0.825101 -0.089080
0.821816 -0.073137 0.825064 -0.088761
0.821802 -0.072872 0.825027 -0.088442
0.821789 -0.072606 0.824990 -0.088122
0.821776 -0.072341 0.824954 -0.087803
0.821763 -0.072075 0.824917 -0.087484
0.821750 -0.071809 0.824881 -0.087164
0.821737 -0.071544 0.824845 -0.086845
0.821724 -0.071278 0.824809 -0.086525
0.821711 -0.071012 0.824773 -0.086206
0.821698 -0.070746 0.824738 -0.085886
0.821685 -0.070480 0.824702 -0.085566
0.821672 -0.070214 0.824666 -0.085246
0.821659 -0.069948 0.824631 -0.084926
0.821646 -0.069682 0.824596 -0.084606
0.821634 -0.069416 0.824561 -0.084286
0.821621 -0.069150 0.824526 -0.083965
0.821608 -0.068884 0.824491 -0.083645
0.821596 -0.068618 0.824456 -0.083324
0.821583 -0.068352 0.824422 -0.083004
0.821571 -0.068085 0.824387 -0.082683
0.821559 -0.067819 0.824353 -0.082362
0.821546 -0.067552 0.824319 -0.082041
0.821534 -0.067286 0.824285 -0.081721
0.821522 -0.067020 0.824251 -0.081400
0.821510 -0.066753 0.824217 -0.081078
0.821498 -0.066486 0.824184 -0.080757
0.821485 -0.066220 0.824150 -0.080436
0.821473 -0.065953 0.824117 -0.080115
0.821461 -0.065686 0.824084 -0.079793
0.821450 -0.065420 0.824050 -0.079472
0.821438 -0.065153 0.824017 -0.079150
0.821426 -0.064886 0.823985 -0.078828
0.821414 -0.064619 0.823952 -0.078507
0.821402 -0.064352 0.823919 -0.078185
0.821391 -0.064085 0.823887 -0.077863
0.821379 -0.063818 0.823855 -0.077541
0.821368 -0.063551 0.823822 -0.077219
0.821356 -0.063284 0.823790 -0.076896
0.821345 -0.063017 0.823758 -0.076574
0.821333 -0.062750 0.823727 -0.076252
0.821322 -0.062483 0.823695 -0.075929
0.821310 -0.062215 0.823663 -0.075607
0.821299 -0.061948 0.823632 -0.075284
0.821288 -0.061681 0.823601 -0.074962
0.821277 -0.061413 0.823570 -0.074639
0.821266 -0.061146 0.823539 -0.074316
0.821255 -0.060878 0.823508 -0.073993
0.821244 -0.060611 0.823477 -0.073670
0.821233 -0.060343 0.823447 -0.073347
0.821222 -0.060076 0.823416 -0.073024
0.821211 -0.059808 0.823386 -0.072701
0.821200 -0.059540 0.823356 -0.072378
0.821189 -0.059273 0.823326 -0.072054
0.821178 -0.059005 0.823296 -0.071731
0.821168 -0.058737 0.823266 -0.071407
0.821157 -0.058469 0.823236 -0.071084
0.821147 -0.058202 0.823207 -0.070760
0.821136 -0.057934 0.823177 -0.070436
0.821126 -0.057666 0.823148 -0.070112
0.821115 -0.057398 0.823119 -0.069789
0.821105 -0.057130 0.823090 -0.069465
0.821094 -0.056862 0.823061 -0.069141
0.821084 -0.056594 0.823032 -0.068817
0.821074 -0.056325 0.823004 -0.068492
0.821064 -0.056057 0.822975 -0.068168
0.821054 -0.055789 0.822947 -0.067844
0.821044 -0.055521 0.822919 -0.067519
0.821034 -0.055252 0.822891 -0.067195
0.821024 -0.054984 0.822863 -0.066870
0.821014 -0.054716 0.822835 -0.066546
0.821004 -0.054447 0.822807 -0.066221
0.820994 -0.054179 0.822780 -0.065896
0.820984 -0.053911 0.822752 -0.065572
0.820974 -0.053642 0.822725 -0.065247
0.820965 -0.053373 0.822698 -0.064922
0.820955 -0.053105 0.822671 -0.064597
0.820946 -0.052836 0.822644 -0.064272
0.820936 -0.052568 0.822617 -0.063946
0.820927 -0.052299 0.822591 -0.063621
0.820917 -0.052030 0.822564 -0.063296
0.820908 -0.051762 0.822538 -0.062971
0.820898 -0.051493 0.822512 -0.062645
0.820889 -0.051224 0.822486 -0.062320
0.820880 -0.050955 0.822460 -0.061994
0.820871 -0.050686 0.822434 -0.061669
0.820861 -0.050417 0.822408 -0.061343
0.820852 -0.050148 0.822383 -0.061017
0.820843 -0.049879 0.822357 -0.060691
0.820834 -0.049610 0.822332 -0.060365
0.820825 -0.049341 0.822307 -0.060039
0.820817 -0.049072 0.822282 -0.059713
0.820808 -0.048803 0.822257 -0.059387
0.820799 -0.048534 0.822233 -0.059061
0.820790 -0.048265 0.822208 -0.058735
0.820781 -0.047995 0.822184 -0.058409
0.820773 -0.047726 0.822159 -0.058082
0.820764 -0.047457 0.822135 -0.057756
0.820756 -0.047188 0.822111 -0.057430
0.820747 -0.046918 0.822087 -0.057103
0.820739 -0.046649 0.822063 -0.056777
0.820730 -0.046379 0.822040 -0.056450
0.820722 -0.046110 0.822016 -0.056123
0.820714 -0.045841 0.821993 -0.055797
0.820705 -0.045571 0.821970 -0.055470
0.820697 -0.045302 0.821946 -0.055143
0.820689 -0.045032 0.821924 -0.054816
0.820681 -0.044762 0.821901 -0.054489
0.820673 -0.044493 0.821878 -0.054162
0.820665 -0.044223 0.821855 -0.053835
0.820657 -0.043953 0.821833 -0.053508
0.820649 -0.043684 0.821811 -0.053181
0.820641 -0.043414 0.821789 -0.052853
0.820633 -0.043144 0.821767 -0.052526
0.820625 -0.042874 0.821745 -0.052199
0.820618 -0.042605 0.821723 -0.051871
0.820610 -0.042335 0.821701 -0.051544
0.820602 -0.042065 0.821680 -0.051216
0.820595 -0.041795 0.821659 -0.050888
0.820587 -0.041525 0.821637 -0.050561
0.820580 -0.041255 0.821616 -0.050233
0.820572 -0.040985 0.821595 -0.049905
0.820565 -0.040715 0.821574 -0.049578
0.820558 -0.040445 0.821554 -0.049250
0.820550 -0.040175 0.821533 -0.048922
0.820543 -0.039905 0.821513 -0.048594
0.820536 -0.039635 0.821493 -0.048266
0.820529 -0.039364 0.821473 -0.047938
0.820522 -0.039094 0.821453 -0.047610
0.820515 -0.038824 0.821433 -0.047281
0.820508 -0.038554 0.821413 -0.046953
0.820501 -0.038284 0.821393 -0.046625
0.820494 -0.038013 0.821374 -0.046297
0.820487 -0.037743 0.821355 -0.045968
0.820480 -0.037473 0.821335 -0.045640
0.820473 -0.037202 0.821316 -0.045311
0.820467 -0.036932 0.821298 -0.044983
0.820460 -0.036661 0.821279 -0.044654
0.820453 -0.036391 0.821260 -0.044326
0.820447 -0.036121 0.821242 -0.043997
0.820440 -0.035850 0.821223 -0.043668
0.820434 -0.035580 0.821205 -0.043340
0.820428 -0.035309 0.821187 -0.043011
0.820421 -0.035038 0.821169 -0.042682
0.820415 -0.034768 0.821151 -0.042353
0.820409 -0.034497 0.821134 -0.042024
0.820402 -0.034227 0.821116 -0.041695
0.820396 -0.033956 0.821099 -0.041366
0.820390 -0.033685 0.821081 -0.041037
0.820384 -0.033415 0.821064 -0.040708
0.820378 -0.033144 0.821047 -0.040379
0.820372 -0.032873 0.821030 -0.040050
0.820366 -0.032602 0.821014 -0.039720
0.820360 -0.032332 0.820997 -0.039391
0.820354 -0.032061 0.820981 -0.039062
0.820348 -0.031790 0.820964 -0.038732
0.820343 -0.031519 0.820948 -0.038403
0.820337 -0.031248 0.820932 -0.038073
0.820331 -0.030977 0.820916 -0.037744
0.820326 -0.030706 0.820900 -0.037414
0.820320 -0.030435 0.820885 -0.037085
0.820315 -0.030164 0.820869 -0.036755
0.820309 -0.029893 0.820854 -0.036426
0.820304 -0.029622 0.820839 -0.036096
0.820299 -0.029351 0.820823 -0.035766
0.820293 -0.029080 0.820809 -0.035436
0.820288 -0.028809 0.820794 -0.035107
0.820283 -0.028538 0.820779 -0.034777
0.820278 -0.028267 0.820764 -0.034447
0.820272 -0.027996 0.820750 -0.034117
0.820267 -0.027725 0.820736 -0.033787
0.820262 -0.027454 0.820722 -0.033457
0.820257 -0.027183 0.820708 -0.033127
0.820252 -0.026911 0.820694 -0.032797
0.820248 -0.026640 0.820680 -0.032467
0.820243 -0.026369 0.820666 -0.032137
0.820238 -0.026098 0.820653 -0.031807
0.820233 -0.025826 0.820640 -0.031476
0.820229 -0.025555 0.820627 -0.031146
0.820224 -0.025284 0.820614 -0.030816
0.820219 -0.025013 0.820601 -0.030486
0.820215 -0.024741 0.820588 -0.030155
0.820210 -0.024470 0.820575 -0.029825
0.820206 -0.024199 0.820563 -0.029494
0.820201 -0.023927 0.820550 -0.029164
0.820197 -0.023656 0.820538 -0.028834
0.820193 -0.023384 0.820526 -0.028503
0.820189 -0.023113 0.820514 -0.028173
0.820184 -0.022841 0.820502 -0.027842
0.820180 -0.022570 0.820491 -0.027511
0.820176 -0.022298 0.820479 -0.027181
0.820172 -0.022027 0.820468 -0.026850
0.820168 -0.021756 0.820456 -0.026519
0.820164 -0.021484 0.820445 -0.026189
0.820160 -0.021212 0.820434 -0.025858
0.820156 -0.020941 0.820423 -0.025527
0.820152 -0.020669 0.820413 -0.025196
0.820149 -0.020398 0.820402 -0.024866
0.820145 -0.020126 0.820392 -0.024535
0.820141 -0.019855 0.820381 -0.024204
0.820137 -0.019583 0.820371 -0.023873
0.820134 -0.019311 0.820361 -0.023542
0.820130 -0.019040 0.820351 -0.023211
0.820127 -0.018768 0.820342 -0.022880
0.820123 -0.018496 0.820332 -0.022549
0.820120 -0.018225 0.820322 -0.022218
0.820117 -0.017953 0.820313 -0.021887
0.820113 -0.017681 0.820304 -0.021556
0.820110 -0.017409 0.820295 -0.021225
0.820107 -0.017138 0.820286 -0.020894
0.820104 -0.016866 0.820277 -0.020563
0.820101 -0.016594 0.820268 -0.020232
0.820098 -0.016322 0.820260 -0.019900
0.820095 -0.016051 0.820252 -0.019569
0.820092 -0.015779 0.820243 -0.019238
0.820089 -0.015507 0.820235 -0.018907
0.820086 -0.015235 0.820227 -0.018576
0.820083 -0.014963 0.820219 -0.018244
0.820080 -0.014692 0.820212 -0.017913
0.820077 -0.014420 0.820204 -0.017582
0.820075 -0.014148 0.820197 -0.017250
0.820072 -0.013876 0.820189 -0.016919
0.820069 -0.013604 0.820182 -0.016588
0.820067 -0.013332 0.820175 -0.016256
0.820064 -0.013060 0.820168 -0.015925
0.820062 -0.012789 0.820162 -0.015593
0.820060 -0.012517 0.820155 -0.015262
0.820057 -0.012245 0.820149 -0.014930
0.820055 -0.011973 0.820142 -0.014599
0.820053 -0.011701 0.820136 -0.014267
0.820050 -0.011429 0.820130 -0.013936
0.820048 -0.011157 0.820124 -0.013604
0.820046 -0.010885 0.820118 -0.013273
0.820044 -0.010613 0.820113 -0.012941
0.820042 -0.010341 0.820107 -0.012610
0.820040 -0.010069 0.820102 -0.012278
0.820038 -0.009797 0.820097 -0.011947
0.820036 -0.009525 0.820092 -0.011615
0.820034 -0.009253 0.820087 -0.011283
0.820033 -0.008981 0.820082 -0.010952
0.820031 -0.008709 0.820077 -0.010620
0.820029 -0.008437 0.820073 -0.010288
0.820028 -0.008165 0.820068 -0.009957
0.820026 -0.007893 0.820064 -0.009625
0.820024 -0.007621 0.820060 -0.009293
0.820023 -0.007349 0.820056 -0.008962
0.820021 -0.007077 0.820052 -0.008630
0.820020 -0.006805 0.820048 -0.008298
0.820019 -0.006533 0.820045 -0.007966
0.820017 -0.006261 0.820041 -0.007635
0.820016 -0.005989 0.820038 -0.007303
0.820015 -0.005717 0.820035 -0.006971
0.820014 -0.005444 0.820032 -0.006639
0.820013 -0.005172 0.820029 -0.006308
0.820012 -0.004900 0.820026 -0.005976
0.820011 -0.004628 0.820024 -0.005644
0.820010 -0.004356 0.820021 -0.005312
0.820009 -0.004084 0.820019 -0.004980
0.820008 -0.003812 0.820017 -0.004649
0.820007 -0.003540 0.820015 -0.004317
0.820006 -0.003268 0.820013 -0.003985
0.820005 -0.002996 0.820011 -0.003653
0.820005 -0.002724 0.820009 -0.003321
0.820004 -0.002451 0.820008 -0.002990
0.820003 -0.002179 0.820006 -0.002658
0.820003 -0.001907 0.820005 -0.002326
0.820002 -0.001635 0.820004 -0.001994
0.820002 -0.001363 0.820003 -0.001662
0.820001 -0.001091 0.820002 -0.001330
0.820001 -0.000819 0.820002 -0.000999
0.820001 -0.000547 0.820001 -0.000667
0.820001 -0.000275 0.820001 -0.000335
0.820000 -0.000002 0.820000 -0.000003
0.820000 0.000270 0.820000 0.000329
0.820000 0.000542 0.820000 0.000661
0.820000 0.000814 0.820000 0.000993
0.820000 0.001086 0.820001 0.001324
0.820000 0.001358 0.820001 0.001656
0.820000 0.001630 0.820002 0.001988
0.820000 0.001902 0.820002 0.002320
0.820000 0.002175 0.820003 0.002652
0.820000 0.002447 0.820004 0.002984
0.820001 0.002719 0.820005 0.003316
0.820001 0.002991 0.820006 0.003647
0.820001 0.003263 0.820008 0.003979
0.820002 0.003535 0.820009 0.004311
0.820002 0.003807 0.820011 0.004643
0.820003 0.004079 0.820013 0.004975
0.820003 0.004351 0.820015 0.005307
0.820004 0.004623 0.820017 0.005638
0.820004 0.004896 0.820019 0.005970
0.820005 0.005168 0.820021 0.006302
0.820006 0.005440 0.820024 0.006634
0.820007 0.005712 0.820026 0.006966
0.820007 0.005984 0.820029 0.007297
0.820008 0.006256 0.820032 0.007629
