# x [au] y [au] r [au] lon [rad]
0.860000 0.000000 0.860000 0.000000
0.860000 0.000209 0.860000 0.000243
0.860000 0.000418 0.860000 0.000486
0.860000 0.000627 0.860000 0.000729
0.860000 0.000835 0.860001 0.000971
0.860001 0.001044 0.860001 0.001214
0.860001 0.001253 0.860002 0.001457
0.860001 0.001462 0.860002 0.001700
0.860001 0.001671 0.860003 0.001943
0.860002 0.001880 0.860004 0.002185
0.860002 0.002088 0.860005 0.002428
0.860003 0.002297 0.860006 0.002671
0.860003 0.002506 0.860007 0.002914
0.860004 0.002715 0.860008 0.003157
0.860005 0.002924 0.860010 0.003400
0.860005 0.003133 0.860011 0.003642
0.860006 0.003341 0.860012 0.003885
0.860007 0.003550 0.860014 0.004128
0.860008 0.003759 0.860016 0.004371
0.860008 0.003968 0.860018 0.004614
0.860009 0.004177 0.860019 0.004856
0.860010 0.004385 0.860021 0.005099
0.860011 0.004594 0.860024 0.005342
0.860012 0.004803 0.860026 0.005585
0.860013 0.005012 0.860028 0.005828
0.860015 0.005221 0.860030 0.006070
0.860016 0.005429 0.860033 0.006313
0.860017 0.005638 0.860035 0.006556
0.860018 0.005847 0.860038 0.006799
0.860020 0.006056 0.860041 0.007041
0.860021 0.006265 0.860044 0.007284
0.860022 0.006473 0.860047 0.007527
0.860024 0.006682 0.860050 0.007770
0.860025 0.006891 0.860053 0.008012
0.860027 0.007100 0.860056 0.008255
0.860029 0.007308 0.860060 0.008498
0.860030 0.007517 0.860063 0.008740
0.860032 0.007726 0.860067 0.008983
0.860034 0.007935 0.860070 0.009226
0.860035 0.008143 0.860074 0.009468
0.860037 0.008352 0.860078 0.009711
0.860039 0.008561 0.860082 0.009954
0.860041 0.008770 0.860086 0.010196
0.860043 0.008978 0.860090 0.010439
0.860045 0.009187 0.860094 0.010682
0.860047 0.009396 0.860099 0.010924
0.860049 0.009605 0.860103 0.011167
0.860052 0.009813 0.860107 0.011410
0.860054 0.010022 0.860112 0.011652
0.860056 0.010231 0.860117 0.011895
0.860058 0.010439 0.860122 0.012137
0.860061 0.010648 0.860127 0.012380
0.860063 0.010857 0.860132 0.012622
0.860066 0.011065 0.860137 0.012865
0.860068 0.011274 0.860142 0.013107
0.860071 0.011483 0.860147 0.013350
0.860073 0.011691 0.860153 0.013592
0.860076 0.011900 0.860158 0.013835
0.860078 0.012108 0.860164 0.014077
0.860081 0.012317 0.860169 0.014320
0.860084 0.012526 0.860175 0.014562
0.860087 0.012734 0.860181 0.014805
0.860090 0.012943 0.860187 0.015047
0.860093 0.013151 0.860193 0.015290
0.860096 0.013360 0.860199 0.015532
0.860099 0.013569 0.860206 0.015774
0.860102 0.013777 0.860212 0.016017
0.860105 0.013986 0.860218 0.016259
0.860108 0.014194 0.860225 0.016501
0.860111 0.014403 0.860232 0.016744
0.860114 0.014611 0.860238 0.016986
0.860118 0.014820 0.860245 0.017228
0.860121 0.015028 0.860252 0.017471
0.860124 0.015237 0.860259 0.017713
0.860128 0.015445 0.860266 0.017955
0.860131 0.015654 0.860274 0.018197
0.860135 0.015862 0.860281 0.018440
0.860138 0.016071 0.860288 0.018682
0.860142 0.016279 0.860296 0.018924
0.860146 0.016488 0.860304 0.019166
0.860149 0.016696 0.860311 0.019408
0.860153 0.016905 0.860319 0.019650
0.860157 0.017113 0.860327 0.019893
0.860161 0.017321 0.860335 0.020135
0.860165 0.017530 0.860343 0.020377
0.860169 0.017738 0.860351 0.020619
0.860173 0.017947 0.860360 0.020861
0.860177 0.018155 0.860368 0.021103
0.860181 0.018363 0.860377 0.021345
0.860185 0.018572 0.860385 0.021587
0.860189 0.018780 0.860394 0.021829
0.860193 0.018988 0.860403 0.022071
0.860197 0.019197 0.860412 0.022313
0.860202 0.019405 0.860421 0.022555
0.860206 0.019613 0.860430 0.022796
0.860211 0.019821 0.860439 0.023038
0.860215 0.020030 0.860448 0.023280
0.860220 0.020238 0.860458 0.023522
0.860224 0.020446 0.860467 0.023764
0.860229 0.020654 0.860477 0.024006
0.860233 0.020862 0.860486 0.024247
0.860238 0.021071 0.860496 0.024489
0.860243 0.021279 0.860506 0.024731
0.860248 0.021487 0.860516 0.024973
0.860252 0.021695 0.860526 0.025214
0.860257 0.021903 0.860536 0.025456
0.860262 0.022111 0.860546 0.025697
0.860267 0.022320 0.860557 0.025939
0.860272 0.022528 0.860567 0.026181
0.860277 0.022736 0.860578 0.026422
0.860282 0.022944 0.860588 0.026664
0.860288 0.023152 0.860599 0.026905
0.860293 0.023360 0.860610 0.027147
0.860298 0.023568 0.860621 0.027388
0.860303 0.023776 0.860632 0.027630
0.860309 0.023984 0.860643 0.027871
0.860314 0.024192 0.860654 0.028112
0.860319 0.024400 0.860665 0.028354
0.860325 0.024608 0.860677 0.028595
0.860331 0.024816 0.860688 0.028836
0.860336 0.025024 0.860700 0.029078
0.860342 0.025232 0.860712 0.029319
0.860347 0.025440 0.860723 0.029560
0.860353 0.025647 0.860735 0.029801
0.860359 0.025855 0.860747 0.030043
0.860365 0.026063 0.860759 0.030284
0.860371 0.026271 0.860772 0.030525
0.860376 0.026479 0.860784 0.030766
0.860382 0.026687 0.860796 0.031007
0.860388 0.026894 0.860809 0.031248
0.860394 0.027102 0.860821 0.031489
0.860401 0.027310 0.860834 0.031730
0.860407 0.027518 0.860847 0.031971
0.860413 0.027725 0.860860 0.032212
0.860419 0.027933 0.860872 0.032453
0.860425 0.028141 0.860886 0.032694
0.860432 0.028348 0.860899 0.032935
0.860438 0.028556 0.860912 0.033176
0.860445 0.028764 0.860925 0.033416
0.860451 0.028971 0.860939 0.033657
0.860458 0.029179 0.860952 0.033898
0.860464 0.029386 0.860966 0.034138
0.860471 0.029594 0.860980 0.034379
0.860477 0.029801 0.860993 0.034620
0.860484 0.030009 0.861007 0.034860
0.860491 0.030216 0.861021 0.035101
0.860498 0.030424 0.861035 0.035342
0.860505 0.030631 0.861050 0.035582
0.860511 0.030839 0.861064 0.035823
0.860518 0.031046 0.861078 0.036063
0.860525 0.031254 0.861093 0.036303
0.860532 0.031461 0.861107 0.036544
0.860540 0.031668 0.861122 0.036784
0.860547 0.031876 0.861137 0.037024
0.860554 0.032083 0.861152 0.037265
0.860561 0.032290 0.861167 0.037505
0.860568 0.032498 0.861182 0.037745
0.860576 0.032705 0.861197 0.037985
0.860583 0.032912 0.861212 0.038226
0.860590 0.033119 0.861228 0.038466
0.860598 0.033327 0.861243 0.038706
0.860605 0.033534 0.861259 0.038946
0.860613 0.033741 0.861274 0.039186
0.860621 0.033948 0.861290 0.039426
0.860628 0.034155 0.861306 0.039666
0.860636 0.034362 0.861322 0.039906
0.860644 0.034570 0.861338 0.040145
0.860651 0.034777 0.861354 0.040385
0.860659 0.034984 0.861370 0.040625
0.860667 0.035191 0.861386 0.040865
0.860675 0.035398 0.861403 0.041105
0.860683 0.035605 0.861419 0.041344
0.860691 0.035812 0.861436 0.041584
0.860699 0.036019 0.861453 0.041824
0.860707 0.036225 0.861469 0.042063
0.860716 0.036432 0.861486 0.042303
0.860724 0.036639 0.861503 0.042542
0.860732 0.036846 0.861520 0.042782
0.860740 0.037053 0.861537 0.043021
0.860749 0.037260 0.861555 0.043261
0.860757 0.037466 0.861572 0.043500
0.860766 0.037673 0.861590 0.043739
0.860774 0.037880 0.861607 0.043978
0.860783 0.038087 0.861625 0.044218
0.860791 0.038293 0.861643 0.044457
0.860800 0.038500 0.861660 0.044696
0.860809 0.038707 0.861678 0.044935
0.860817 0.038913 0.861696 0.045174
0.860826 0.039120 0.861714 0.045413
0.860835 0.039326 0.861733 0.045652
0.860844 0.039533 0.861751 0.045891
0.860853 0.039739 0.861769 0.046130
0.860862 0.039946 0.861788 0.046369
0.860871 0.040152 0.861807 0.046608
0.860880 0.040359 0.861825 0.046847
0.860889 0.040565 0.861844 0.047085
0.860898 0.040772 0.861863 0.047324
0.860907 0.040978 0.861882 0.047563
0.860916 0.041184 0.861901 0.047801
0.860926 0.041391 0.861920 0.048040
0.860935 0.041597 0.861939 0.048279
0.860945 0.041803 0.861959 0.048517
0.860954 0.042010 0.861978 0.048755
0.860963 0.042216 0.861998 0.048994
0.860973 0.042422 0.862018 0.049232
0.860983 0.042628 0.862037 0.049471
0.860992 0.042834 0.862057 0.049709
0.861002 0.043040 0.862077 0.049947
0.861012 0.043246 0.862097 0.050185
0.861021 0.043452 0.862117 0.050423
0.861031 0.043659 0.862137 0.050662
0.861041 0.043865 0.862158 0.050900
0.861051 0.044071 0.862178 0.051138
0.861061 0.044276 0.862199 0.051376
0.861071 0.044482 0.862219 0.051613
0.861081 0.044688 0.862240 0.051851
0.861091 0.044894 0.862261 0.052089
0.861101 0.045100 0.862282 0.052327
0.861112 0.045306 0.862303 0.052565
0.861122 0.045512 0.862324 0.052802
0.861132 0.045717 0.862345 0.053040
0.861143 0.045923 0.862366 0.053278
0.861153 0.046129 0.862387 0.053515
0.861163 0.046334 0.862409 0.053753
0.861174 0.046540 0.862431 0.053990
0.861184 0.046746 0.862452 0.054228
0.861195 0.046951 0.862474 0.054465
0.861206 0.047157 0.862496 0.054702
0.861216 0.047362 0.862518 0.054940
0.861227 0.047568 0.862540 0.055177
0.861238 0.047773 0.862562 0.055414
0.861249 0.047979 0.862584 0.055651
0.861259 0.048184 0.862606 0.055888
0.861270 0.048390 0.862629 0.056125
0.861281 0.048595 0.862651 0.056362
0.861292 0.048800 0.862674 0.056599
0.861303 0.049006 0.862696 0.056836
0.861315 0.049211 0.862719 0.057073
0.861326 0.049416 0.862742 0.057309
0.861337 0.049621 0.862765 0.057546
0.861348 0.049827 0.862788 0.057783
0.861359 0.050032 0.862811 0.058019
0.861371 0.050237 0.862835 0.058256
0.861382 0.050442 0.862858 0.058492
0.861394 0.050647 0.862881 0.058729
0.861405 0.050852 0.862905 0.058965
0.861417 0.051057 0.862928 0.059202
0.861428 0.051262 0.862952 0.059438
0.861440 0.051467 0.862976 0.059674
0.861452 0.051672 0.863000 0.059910
0.861463 0.051877 0.863024 0.060147
0.861475 0.052081 0.863048 0.060383
0.861487 0.052286 0.863072 0.060619
0.861499 0.052491 0.863096 0.060855
0.861511 0.052696 0.863121 0.061091
0.861523 0.052901 0.863145 0.061327
0.861535 0.053105 0.863170 0.061562
0.861547 0.053310 0.863195 0.061798
0.861559 0.053514 0.863219 0.062034
0.861571 0.053719 0.863244 0.062269
0.861583 0.053924 0.863269 0.062505
0.861596 0.054128 0.863294 0.062741
0.861608 0.054333 0.863319 0.062976
0.861620 0.054537 0.863344 0.063212
0.861633 0.054741 0.863370 0.063447
0.861645 0.054946 0.863395 0.063682
0.861658 0.055150 0.863421 0.063918
0.861670 0.055354 0.863446 0.064153
0.861683 0.055559 0.863472 0.064388
0.861695 0.055763 0.863498 0.064623
0.861708 0.055967 0.863524 0.064858
0.861721 0.056171 0.863550 0.065093
0.861734 0.056376 0.863576 0.065328
0.861746 0.056580 0.863602 0.065563
0.861759 0.056784 0.863628 0.065798
0.861772 0.056988 0.863654 0.066032
0.861785 0.057192 0.863681 0.066267
0.861798 0.057396 0.863707 0.066502
0.861811 0.057600 0.863734 0.066736
0.861824 0.057804 0.863761 0.066971
0.861837 0.058007 0.863787 0.067205
0.861851 0.058211 0.863814 0.067440
0.861864 0.058415 0.863841 0.067674
0.861877 0.058619 0.863868 0.067908
0.861891 0.058823 0.863896 0.068143
0.861904 0.059026 0.863923 0.068377
0.861918 0.059230 0.863950 0.068611
0.861931 0.059433 0.863978 0.068845
0.861945 0.059637 0.864005 0.069079
0.861958 0.059841 0.864033 0.069313
0.861972 0.060044 0.864061 0.069547
0.861986 0.060248 0.864088 0.069780
0.861999 0.060451 0.864116 0.070014
0.862013 0.060654 0.864144 0.070248
0.862027 0.060858 0.864172 0.070481
0.862041 0.061061 0.864201 0.070715
0.862055 0.061264 0.864229 0.070949
0.862069 0.061468 0.864257 0.071182
0.862083 0.061671 0.864286 0.071415
0.862097 0.061874 0.864314 0.071649
0.862111 0.062077 0.864343 0.071882
0.862125 0.062280 0.864372 0.072115
0.862139 0.062483 0.864401 0.072348
0.862154 0.062686 0.864430 0.072581
0.862168 0.062889 0.864459 0.072814
0.862182 0.063092 0.864488 0.073047
0.862197 0.063295 0.864517 0.073280
0.862211 0.063498 0.864546 0.073513
0.862226 0.063701 0.864576 0.073746
0.862240 0.063904 0.864605 0.073978
0.862255 0.064106 0.864635 0.074211
0.862270 0.064309 0.864664 0.074443
0.862284 0.064512 0.864694 0.074676
0.862299 0.064714 0.864724 0.074908
0.862314 0.064917 0.864754 0.075141
0.862329 0.065119 0.864784 0.075373
0.862344 0.065322 0.864814 0.075605
0.862359 0.065524 0.864844 0.075837
0.862374 0.065727 0.864875 0.076069
0.862389 0.065929 0.864905 0.076301
0.862404 0.066132 0.864936 0.076533
0.862419 0.066334 0.864966 0.076765
0.862434 0.066536 0.864997 0.076997
0.862449 0.066738 0.865028 0.077229
0.862465 0.066941 0.865058 0.077460
0.862480 0.067143 0.865089 0.077692
0.862495 0.067345 0.865120 0.077923
0.862511 0.067547 0.865152 0.078155
0.862526 0.067749 0.865183 0.078386
0.862542 0.067951 0.865214 0.078618
0.862557 0.068153 0.865246 0.078849
0.862573 0.068355 0.865277 0.079080
0.862589 0.068557 0.865309 0.079311
0.862604 0.068759 0.865340 0.079542
0.862620 0.068960 0.865372 0.079773
0.862636 0.069162 0.865404 0.080004
0.862652 0.069364 0.865436 0.080235
0.862668 0.069565 0.865468 0.080466
0.862684 0.069767 0.865500 0.080696
0.862700 0.069969 0.865532 0.080927
0.862716 0.070170 0.865565 0.081158
0.862732 0.070372 0.865597 0.081388
0.862748 0.070573 0.865630 0.081619
0.862764 0.070774 0.865662 0.081849
0.862781 0.070976 0.865695 0.082079
0.862797 0.071177 0.865728 0.082309
0.862813 0.071378 0.865761 0.082540
0.862830 0.071580 0.865794 0.082770
0.862846 0.071781 0.865827 0.083000
0.862863 0.071982 0.865860 0.083230
0.862879 0.072183 0.865893 0.083459
0.862896 0.072384 0.865926 0.083689
0.862912 0.072585 0.865960 0.083919
0.862929 0.072786 0.865993 0.084148
0.862946 0.072987 0.866027 0.084378
0.862963 0.073188 0.866061 0.084608
0.862979 0.073389 0.866094 0.084837
0.862996 0.073589 0.866128 0.085066
0.863013 0.073790 0.866162 0.085295
0.863030 0.073991 0.866196 0.085525
0.863047 0.074192 0.866230 0.085754
0.863064 0.074392 0.866265 0.085983
0.863082 0.074593 0.866299 0.086212
0.863099 0.074793 0.866333 0.086441
0.863116 0.074994 0.866368 0.086669
0.863133 0.075194 0.866402 0.086898
0.863151 0.075394 0.866437 0.087127
0.863168 0.075595 0.866472 0.087355
0.863185 0.075795 0.866507 0.087584
0.863203 0.075995 0.866542 0.087812
0.863220 0.076196 0.866577 0.088041
0.863238 0.076396 0.866612 0.088269
0.863256 0.076596 0.866647 0.088497
0.863273 0.076796 0.866682 0.088725
0.863291 0.076996 0.866718 0.088953
0.863309 0.077196 0.866753 0.089181
0.863327 0.077396 0.866789 0.089409
0.863345 0.077596 0.866825 0.089637
0.863363 0.077795 0.866860 0.089865
0.863380 0.077995 0.866896 0.090092
0.863399 0.078195 0.866932 0.090320
0.863417 0.078395 0.866968 0.090548
0.863435 0.078594 0.867004 0.090775
0.863453 0.078794 0.867041 0.091002
0.863471 0.078993 0.867077 0.091230
0.863489 0.079193 0.867113 0.091457
0.863508 0.079392 0.867150 0.091684
0.863526 0.079592 0.867186 0.091911
0.863544 0.079791 0.867223 0.092138
0.863563 0.079990 0.867260 0.092365
0.863581 0.080190 0.867297 0.092591
0.863600 0.080389 0.867333 0.092818
0.863619 0.080588 0.867370 0.093045
0.863637 0.080787 0.867408 0.093271
0.863656 0.080986 0.867445 0.093498
0.863675 0.081185 0.867482 0.093724
0.863694 0.081384 0.867519 0.093951
0.863712 0.081583 0.867557 0.094177
0.863731 0.081782 0.867594 0.094403
0.863750 0.081981 0.867632 0.094629
0.863769 0.082179 0.867670 0.094855
0.863788 0.082378 0.867708 0.095081
0.863807 0.082577 0.867745 0.095307
0.863827 0.082775 0.867783 0.095532
0.863846 0.082974 0.867822 0.095758
0.863865 0.083172 0.867860 0.095984
0.863884 0.083371 0.867898 0.096209
0.863904 0.083569 0.867936 0.096434
0.863923 0.083768 0.867975 0.096660
0.863943 0.083966 0.868013 0.096885
0.863962 0.084164 0.868052 0.097110
0.863982 0.084362 0.868091 0.097335
0.864001 0.084561 0.868129 0.097560
0.864021 0.084759 0.868168 0.097785
0.864041 0.084957 0.868207 0.098010
0.864060 0.085155 0.868246 0.098235
0.864080 0.085353 0.868285 0.098459
0.864100 0.085551 0.868325 0.098684
0.864120 0.085748 0.868364 0.098908
0.864140 0.085946 0.868403 0.099133
0.864160 0.086144 0.868443 0.099357
0.864180 0.086342 0.868482 0.099581
0.864200 0.086539 0.868522 0.099805
0.864220 0.086737 0.868562 0.100029
0.864240 0.086934 0.868602 0.100253
0.864261 0.087132 0.868642 0.100477
0.864281 0.087329 0.868682 0.100701
0.864301 0.087527 0.868722 0.100925
0.864322 0.087724 0.868762 0.101148
0.864342 0.087921 0.868802 0.101372
0.864362 0.088118 0.868843 0.101595
0.864383 0.088316 0.868883 0.101819
0.864404 0.088513 0.868924 0.102042
0.864424 0.088710 0.868964 0.102265
0.864445 0.088907 0.869005 0.102488
0.864466 0.089104 0.869046 0.102711
0.864486 0.089301 0.869087 0.102934
0.864507 0.089497 0.869128 0.103157
0.864528 0.089694 0.869169 0.103379
0.864549 0.089891 0.869210 0.103602
0.864570 0.090088 0.869251 0.103825
0.864591 0.090284 0.869292 0.104047
0.864612 0.090481 0.869334 0.104270
0.864633 0.090677 0.869375 0.104492
0.864655 0.090874 0.869417 0.104714
0.864676 0.091070 0.869459 0.104936
0.864697 0.091267 0.869500 0.105158
0.864718 0.091463 0.869542 0.105380
0.864740 0.091659 0.869584 0.105602
0.864761 0.091855 0.869626 0.105824
0.864783 0.092051 0.869668 0.106045
0.864804 0.092247 0.869710 0.106267
0.864826 0.092444 0.869753 0.106488
0.864848 0.092639 0.869795 0.106710
0.864869 0.092835 0.869837 0.106931
0.864891 0.093031 0.869880 0.107152
0.864913 0.093227 0.869923 0.107373
0.864935 0.093423 0.869965 0.107594
0.864957 0.093618 0.870008 0.107815
0.864978 0.093814 0.870051 0.108036
0.865000 0.094010 0.870094 0.108257
0.865022 0.094205 0.870137 0.108477
0.865045 0.094401 0.870180 0.108698
0.865067 0.094596 0.870223 0.108918
0.865089 0.094791 0.870267 0.109139
0.865111 0.094987 0.870310 0.109359
0.865133 0.095182 0.870354 0.109579
0.865156 0.095377 0.870397 0.109799
0.865178 0.095572 0.870441 0.110019
0.865201 0.095767 0.870485 0.110239
0.865223 0.095962 0.870528 0.110459
0.865246 0.096157 0.870572 0.110679
0.865268 0.096352 0.870616 0.110898
0.865291 0.096547 0.870660 0.111118
0.865314 0.096742 0.870705 0.111337
0.865336 0.096936 0.870749 0.111556
0.865359 0.097131 0.870793 0.111776
0.865382 0.097326 0.870838 0.111995
0.865405 0.097520 0.870882 0.112214
0.865428 0.097715 0.870927 0.112433
0.865451 0.097909 0.870971 0.112652
0.865474 0.098103 0.871016 0.112870
0.865497 0.098298 0.871061 0.113089
0.865520 0.098492 0.871106 0.113308
0.865543 0.098686 0.871151 0.113526
0.865567 0.098880 0.871196 0.113744
0.865590 0.099074 0.871241 0.113963
0.865613 0.099268 0.871287 0.114181
0.865637 0.099462 0.871332 0.114399
0.865660 0.099656 0.871377 0.114617
0.865683 0.099850 0.871423 0.114835
0.865707 0.100044 0.871469 0.115053
0.865731 0.100237 0.871514 0.115270
0.865754 0.100431 0.871560 0.115488
0.865778 0.100625 0.871606 0.115705
0.865802 0.100818 0.871652 0.115923
0.865826 0.101012 0.871698 0.116140
0.865849 0.101205 0.871744 0.116357
0.865873 0.101398 0.871790 0.116574
0.865897 0.101592 0.871837 0.116791
0.865921 0.101785 0.871883 0.117008
0.865945 0.101978 0.871929 0.117225
0.865969 0.102171 0.871976 0.117442
0.865994 0.102364 0.872023 0.117658
0.866018 0.102557 0.872069 0.117875
0.866042 0.102750 0.872116 0.118091
0.866066 0.102943 0.872163 0.118307
0.866091 0.103136 0.872210 0.118524
0.866115 0.103328 0.872257 0.118740
0.866140 0.103521 0.872304 0.118956
0.866164 0.103714 0.872351 0.119172
0.866189 0.103906 0.872399 0.119387
0.866213 0.104099 0.872446 0.119603
0.866238 0.104291 0.872493 0.119819
0.866263 0.104483 0.872541 0.120034
0.866287 0.104676 0.872589 0.120249
0.866312 0.104868 0.872636 0.120465
0.866337 0.105060 0.872684 0.120680
0.866362 0.105252 0.872732 0.120895
0.866387 0.105444 0.872780 0.121110
0.866412 0.105636 0.872828 0.121325
0.866437 0.105828 0.872876 0.121540
0.866462 0.106020 0.872924 0.121754
0.866487 0.106212 0.872973 0.121969
0.866513 0.106403 0.873021 0.122183
0.866538 0.106595 0.873070 0.122398
0.866563 0.106787 0.873118 0.122612
0.866589 0.106978 0.873167 0.122826
0.866614 0.107170 0.873215 0.123040
0.866639 0.107361 0.873264 0.123254
0.866665 0.107552 0.873313 0.123468
0.866691 0.107744 0.873362 0.123682
0.866716 0.107935 0.873411 0.123895
0.866742 0.108126 0.873460 0.124109
0.866768 0.108317 0.873509 0.124322
0.866793 0.108508 0.873559 0.124536
0.866819 0.108699 0.873608 0.124749
0.866845 0.108890 0.873658 0.124962
0.866871 0.109081 0.873707 0.125175
0.866897 0.109271 0.873757 0.125388
0.866923 0.109462 0.873806 0.125600
0.866949 0.109653 0.873856 0.125813
0.866975 0.109843 0.873906 0.126026
0.867002 0.110034 0.873956 0.126238
0.867028 0.110224 0.874006 0.126451
0.867054 0.110415 0.874056 0.126663
0.867080 0.110605 0.874106 0.126875
0.867107 0.110795 0.874157 0.127087
0.867133 0.110985 0.874207 0.127299
0.867160 0.111175 0.874257 0.127511
0.867186 0.111365 0.874308 0.127723
0.867213 0.111555 0.874359 0.127934
0.867240 0.111745 0.874409 0.128146
0.867266 0.111935 0.874460 0.128357
0.867293 0.112125 0.874511 0.128568
0.867320 0.112315 0.874562 0.128779
0.867347 0.112504 0.874613 0.128991
0.867374 0.112694 0.874664 0.129202
0.867401 0.112883 0.874715 0.129412
0.867428 0.113073 0.874766 0.129623
0.867455 0.113262 0.874818 0.129834
0.867482 0.113451 0.874869 0.130044
0.867509 0.113641 0.874921 0.130255
0.867536 0.113830 0.874972 0.130465
0.867563 0.114019 0.875024 0.130675
0.867591 0.114208 0.875076 0.130885
0.867618 0.114397 0.875127 0.131095
0.867646 0.114586 0.875179 0.131305
0.867673 0.114774 0.875231 0.131515
0.867701 0.114963 0.875283 0.131725
0.867728 0.115152 0.875335 0.131934
0.867756 0.115340 0.875388 0.132144
0.867783 0.115529 0.875440 0.132353
0.867811 0.115717 0.875492 0.132562
0.867839 0.115906 0.875545 0.132771
0.867867 0.116094 0.875597 0.132980
0.867895 0.116282 0.875650 0.133189
0.867923 0.116471 0.875703 0.133398
0.867951 0.116659 0.875755 0.133606
0.867979 0.116847 0.875808 0.133815
0.868007 0.117035 0.875861 0.134023
0.868035 0.117223 0.875914 0.134232
0.868063 0.117411 0.875967 0.134440
0.868091 0.117598 0.876021 0.134648
0.868120 0.117786 0.876074 0.134856
0.868148 0.117974 0.876127 0.135064
0.868176 0.118161 0.876181 0.135272
0.868205 0.118349 0.876234 0.135479
0.868233 0.118536 0.876288 0.135687
0.868262 0.118724 0.876341 0.135894
0.868291 0.118911 0.876395 0.136102
0.868319 0.119098 0.876449 0.136309
0.868348 0.119285 0.876503 0.136516
0.868377 0.119472 0.876557 0.136723
0.868406 0.119659 0.876611 0.136930
0.868434 0.119846 0.876665 0.137136
0.868463 0.120033 0.876719 0.137343
0.868492 0.120220 0.876774 0.137550
0.868521 0.120407 0.876828 0.137756
0.868550 0.120593 0.876882 0.137962
0.868580 0.120780 0.876937 0.138168
0.868609 0.120966 0.876991 0.138374
0.868638 0.121153 0.877046 0.138580
0.868667 0.121339 0.877101 0.138786
0.868697 0.121525 0.877156 0.138992
0.868726 0.121712 0.877211 0.139197
0.868755 0.121898 0.877266 0.139403
0.868785 0.122084 0.877321 0.139608
0.868815 0.122270 0.877376 0.139814
0.868844 0.122456 0.877431 0.140019
0.868874 0.122642 0.877487 0.140224
0.868904 0.122827 0.877542 0.140429
0.868933 0.123013 0.877597 0.140633
0.868963 0.123199 0.877653 0.140838
0.868993 0.123384 0.877709 0.141043
0.869023 0.123570 0.877764 0.141247
0.869053 0.123755 0.877820 0.141451
0.869083 0.123940 0.877876 0.141655
0.869113 0.124126 0.877932 0.141860
0.869143 0.124311 0.877988 0.142063
0.869173 0.124496 0.878044 0.142267
0.869203 0.124681 0.878100 0.142471
0.869234 0.124866 0.878156 0.142675
0.869264 0.125051 0.878213 0.142878
0.869294 0.125236 0.878269 0.143081
0.869325 0.125420 0.878326 0.143285
0.869355 0.125605 0.878382 0.143488
0.869386 0.125790 0.878439 0.143691
0.869416 0.125974 0.878496 0.143894
0.869447 0.126159 0.878552 0.144097
0.869478 0.126343 0.878609 0.144299
0.869509 0.126527 0.878666 0.144502
0.869539 0.126712 0.878723 0.144704
0.869570 0.126896 0.878780 0.144906
0.869601 0.127080 0.878838 0.145109
0.869632 0.127264 0.878895 0.145311
0.869663 0.127448 0.878952 0.145513
0.869694 0.127632 0.879010 0.145714
0.869725 0.127815 0.879067 0.145916
0.869756 0.127999 0.879125 0.146118
0.869788 0.128183 0.879182 0.146319
0.869819 0.128366 0.879240 0.146520
0.869850 0.128550 0.879298 0.146722
0.869882 0.128733 0.879356 0.146923
0.869913 0.128916 0.879414 0.147124
0.869945 0.129100 0.879472 0.147325
0.869976 0.129283 0.879530 0.147525
0.870008 0.129466 0.879588 0.147726
0.870039 0.129649 0.879646 0.147926
0.870071 0.129832 0.879704 0.148127
0.870103 0.130015 0.879763 0.148327
0.870135 0.130197 0.879821 0.148527
0.870166 0.130380 0.879880 0.148727
0.870198 0.130563 0.879939 0.148927
0.870230 0.130745 0.879997 0.149127
0.870262 0.130928 0.880056 0.149326
0.870294 0.131110 0.880115 0.149526
0.870327 0.131293 0.880174 0.149725
0.870359 0.131475 0.880233 0.149925
0.870391 0.131657 0.880292 0.150124
0.870423 0.131839 0.880351 0.150323
0.870456 0.132021 0.880410 0.150522
0.870488 0.132203 0.880470 0.150720
0.870520 0.132385 0.880529 0.150919
0.870553 0.132567 0.880589 0.151118
0.870585 0.132748 0.880648 0.151316
0.870618 0.132930 0.880708 0.151514
0.870651 0.133111 0.880767 0.151712
0.870683 0.133293 0.880827 0.151910
0.870716 0.133474 0.880887 0.152108
0.870749 0.133656 0.880947 0.152306
0.870782 0.133837 0.881007 0.152504
0.870815 0.134018 0.881067 0.152701
0.870848 0.134199 0.881127 0.152899
0.870881 0.134380 0.881187 0.153096
0.870914 0.134561 0.881248 0.153293
0.870947 0.134742 0.881308 0.153490
0.870980 0.134922 0.881368 0.153687
0.871013 0.135103 0.881429 0.153884
0.871046 0.135284 0.881489 0.154081
0.871080 0.135464 0.881550 0.154277
0.871113 0.135645 0.881611 0.154474
0.871147 0.135825 0.881672 0.154670
0.871180 0.136005 0.881732 0.154866
0.871214 0.136185 0.881793 0.155062
0.871247 0.136365 0.881854 0.155258
0.871281 0.136546 0.881916 0.155454
0.871315 0.136725 0.881977 0.155649
0.871348 0.136905 0.882038 0.155845
0.871382 0.137085 0.882099 0.156040
0.871416 0.137265 0.882161 0.156236
0.871450 0.137444 0.882222 0.156431
0.871484 0.137624 0.882284 0.156626
0.871518 0.137803 0.882345 0.156821
0.871552 0.137983 0.882407 0.157015
0.871586 0.138162 0.882469 0.157210
0.871620 0.138341 0.882531 0.157404
0.871655 0.138520 0.882593 0.157599
0.871689 0.138700 0.882655 0.157793
0.871723 0.138878 0.882717 0.157987
0.871758 0.139057 0.882779 0.158181
0.871792 0.139236 0.882841 0.158375
0.871827 0.139415 0.882903 0.158569
0.871861 0.139594 0.882966 0.158762
0.871896 0.139772 0.883028 0.158956
0.871930 0.139951 0.883090 0.159149
0.871965 0.140129 0.883153 0.159342
0.872000 0.140307 0.883216 0.159536
0.872035 0.140486 0.883278 0.159728
0.872070 0.140664 0.883341 0.159921
0.872104 0.140842 0.883404 0.160114
0.872139 0.141020 0.883467 0.160307
0.872174 0.141198 0.883530 0.160499
0.872210 0.141375 0.883593 0.160691
0.872245 0.141553 0.883656 0.160884
0.872280 0.141731 0.883719 0.161076
0.872315 0.141908 0.883783 0.161267
0.872350 0.142086 0.883846 0.161459
0.872386 0.142263 0.883909 0.161651
0.872421 0.142441 0.883973 0.161842
0.872457 0.142618 0.884037 0.162034
0.872492 0.142795 0.884100 0.162225
0.872528 0.142972 0.884164 0.162416
0.872563 0.143149 0.884228 0.162607
0.872599 0.143326 0.884292 0.162798
0.872635 0.143503 0.884355 0.162989
0.872671 0.143680 0.884419 0.163180
0.872706 0.143856 0.884484 0.163370
0.872742 0.144033 0.884548 0.163560
0.872778 0.144209 0.884612 0.163751
0.872814 0.144386 0.884676 0.163941
0.872850 0.144562 0.884741 0.164131
0.872886 0.144738 0.884805 0.164320
0.872923 0.144914 0.884869 0.164510
0.872959 0.145090 0.884934 0.164700
0.872995 0.145266 0.884999 0.164889
0.873031 0.145442 0.885063 0.165078
0.873068 0.145618 0.885128 0.165268
0.873104 0.145794 0.885193 0.165457
0.873141 0.145969 0.885258 0.165646
0.873177 0.146145 0.885323 0.165834
0.873214 0.146320 0.885388 0.166023
0.873250 0.146496 0.885453 0.166211
0.873287 0.146671 0.885518 0.166400
0.873324 0.146846 0.885584 0.166588
0.873361 0.147021 0.885649 0.166776
0.873398 0.147196 0.885714 0.166964
0.873434 0.147371 0.885780 0.167152
0.873471 0.147546 0.885845 0.167340
0.873508 0.147721 0.885911 0.167527
0.873545 0.147896 0.885977 0.167715
0.873583 0.148070 0.886043 0.167902
0.873620 0.148245 0.886108 0.168089
0.873657 0.148419 0.886174 0.168276
0.873694 0.148594 0.886240 0.168463
0.873732 0.148768 0.886306 0.168650
0.873769 0.148942 0.886372 0.168836
0.873807 0.149116 0.886439 0.169023
0.873844 0.149290 0.886505 0.169209
0.873882 0.149464 0.886571 0.169395
0.873919 0.149638 0.886638 0.169581
0.873957 0.149811 0.886704 0.169767
0.873995 0.149985 0.886771 0.169953
0.874032 0.150159 0.886837 0.170139
0.874070 0.150332 0.886904 0.170324
0.874108 0.150505 0.886971 0.170510
0.874146 0.150679 0.887037 0.170695
0.874184 0.150852 0.887104 0.170880
0.874222 0.151025 0.887171 0.171065
0.874260 0.151198 0.887238 0.171250
0.874298 0.151371 0.887305 0.171435
0.874336 0.151544 0.887372 0.171619
0.874375 0.151717 0.887440 0.171804
0.874413 0.151889 0.887507 0.171988
0.874451 0.152062 0.887574 0.172172
0.874490 0.152234 0.887642 0.172356
0.874528 0.152407 0.887709 0.172540
0.874567 0.152579 0.887777 0.172724
0.874605 0.152751 0.887844 0.172908
0.874644 0.152923 0.887912 0.173091
0.874683 0.153096 0.887980 0.173275
0.874722 0.153267 0.888048 0.173458
0.874760 0.153439 0.888116 0.173641
0.874799 0.153611 0.888184 0.173824
0.874838 0.153783 0.888252 0.174007
0.874877 0.153954 0.888320 0.174189
0.874916 0.154126 0.888388 0.174372
0.874955 0.154297 0.888456 0.174554
0.874994 0.154469 0.888524 0.174736
0.875033 0.154640 0.888593 0.174919
0.875073 0.154811 0.888661 0.175101
0.875112 0.154982 0.888730 0.175282
0.875151 0.155153 0.888798 0.175464
0.875191 0.155324 0.888867 0.175646
0.875230 0.155495 0.888936 0.175827
0.875270 0.155666 0.889004 0.176008
0.875309 0.155836 0.889073 0.176189
0.875349 0.156007 0.889142 0.176370
0.875388 0.156177 0.889211 0.176551
0.875428 0.156347 0.889280 0.176732
0.875468 0.156518 0.889349 0.176913
0.875508 0.156688 0.889418 0.177093
0.875548 0.156858 0.889488 0.177273
0.875588 0.157028 0.889557 0.177454
0.875628 0.157198 0.889626 0.177634
0.875668 0.157368 0.889696 0.177813
0.875708 0.157537 0.889765 0.177993
0.875748 0.157707 0.889835 0.178173
0.875788 0.157876 0.889904 0.178352
0.875828 0.158046 0.889974 0.178532
0.875869 0.158215 0.890044 0.178711
0.875909 0.158384 0.890114 0.178890
0.875950 0.158554 0.890184 0.179069
0.875990 0.158723 0.890254 0.179248
0.876031 0.158892 0.890324 0.179426
0.876071 0.159060 0.890394 0.179605
0.876112 0.159229 0.890464 0.179783
0.876153 0.159398 0.890534 0.179961
0.876193 0.159567 0.890604 0.180139
0.876234 0.159735 0.890675 0.180317
0.876275 0.159903 0.890745 0.180495
0.876316 0.160072 0.890816 0.180673
0.876357 0.160240 0.890886 0.180850
0.876398 0.160408 0.890957 0.181027
0.876439 0.160576 0.891028 0.181205
0.876480 0.160744 0.891098 0.181382
0.876521 0.160912 0.891169 0.181559
0.876563 0.161080 0.891240 0.181735
0.876604 0.161247 0.891311 0.181912
0.876645 0.161415 0.891382 0.182089
0.876687 0.161582 0.891453 0.182265
0.876728 0.161750 0.891524 0.182441
0.876770 0.161917 0.891595 0.182617
0.876811 0.162084 0.891667 0.182793
0.876853 0.162251 0.891738 0.182969
0.876895 0.162418 0.891809 0.183144
0.876936 0.162585 0.891881 0.183320
0.876978 0.162752 0.891952 0.183495
0.877020 0.162919 0.892024 0.183671
0.877062 0.163086 0.892095 0.183846
0.877104 0.163252 0.892167 0.184021
0.877146 0.163419 0.892239 0.184195
0.877188 0.163585 0.892311 0.184370
0.877230 0.163751 0.892383 0.184544
0.877272 0.163917 0.892455 0.184719
0.877314 0.164083 0.892527 0.184893
0.877357 0.164249 0.892599 0.185067
0.877399 0.164415 0.892671 0.185241
0.877441 0.164581 0.892743 0.185415
0.877484 0.164747 0.892815 0.185588
0.877526 0.164912 0.892888 0.185762
0.877569 0.165078 0.892960 0.185935
0.877612 0.165243 0.893033 0.186108
0.877654 0.165408 0.893105 0.186282
0.877697 0.165574 0.893178 0.186454
0.877740 0.165739 0.893251 0.186627
0.877783 0.165904 0.893323 0.186800
0.877826 0.166069 0.893396 0.186972
0.877868 0.166234 0.893469 0.187145
0.877911 0.166398 0.893542 0.187317
0.877955 0.166563 0.893615 0.187489
0.877998 0.166727 0.893688 0.187661
0.878041 0.166892 0.893761 0.187832
0.878084 0.167056 0.893834 0.188004
0.878127 0.167221 0.893907 0.188176
0.878171 0.167385 0.893981 0.188347
0.878214 0.167549 0.894054 0.188518
0.878257 0.167713 0.894127 0.188689
0.878301 0.167877 0.894201 0.188860
0.878345 0.168040 0.894274 0.189031
0.878388 0.168204 0.894348 0.189201
0.878432 0.168368 0.894422 0.189372
0.878475 0.168531 0.894495 0.189542
0.878519 0.168694 0.894569 0.189712
0.878563 0.168858 0.894643 0.189882
0.878607 0.169021 0.894717 0.190052
0.878651 0.169184 0.894791 0.190222
0.878695 0.169347 0.894865 0.190391
0.878739 0.169510 0.894939 0.190561
0.878783 0.169673 0.895013 0.190730
0.878827 0.169835 0.895087 0.190899
0.878871 0.169998 0.895162 0.191068
0.878916 0.170160 0.895236 0.191237
0.878960 0.170323 0.895310 0.191405
0.879004 0.170485 0.895385 0.191574
0.879049 0.170647 0.895459 0.191742
0.879093 0.170809 0.895534 0.191911
0.879138 0.170971 0.895608 0.192079
0.879182 0.171133 0.895683 0.192247
0.879227 0.171295 0.895758 0.192414
0.879272 0.171457 0.895833 0.192582
0.879317 0.171619 0.895908 0.192750
0.879361 0.171780 0.895983 0.192917
0.879406 0.171941 0.896058 0.193084
0.879451 0.172103 0.896133 0.193251
0.879496 0.172264 0.896208 0.193418
0.879541 0.172425 0.896283 0.193585
0.879586 0.172586 0.896358 0.193751
0.879631 0.172747 0.896434 0.193918
0.879677 0.172908 0.896509 0.194084
0.879722 0.173069 0.896584 0.194250
0.879767 0.173229 0.896660 0.194416
0.879813 0.173390 0.896735 0.194582
0.879858 0.173550 0.896811 0.194748
0.879904 0.173711 0.896887 0.194914
0.879949 0.173871 0.896962 0.195079
0.879995 0.174031 0.897038 0.195244
0.880040 0.174191 0.897114 0.195409
0.880086 0.174351 0.897190 0.195574
0.880132 0.174511 0.897266 0.195739
0.880178 0.174670 0.897342 0.195904
0.880223 0.174830 0.897418 0.196068
0.880269 0.174990 0.897494 0.196233
0.880315 0.175149 0.897570 0.196397
0.880361 0.175308 0.897646 0.196561
0.880407 0.175468 0.897723 0.196725
0.880454 0.175627 0.897799 0.196889
0.880500 0.175786 0.897876 0.197052
0.880546 0.175945 0.897952 0.197216
0.880592 0.176103 0.898029 0.197379
0.880639 0.176262 0.898105 0.197542
0.880685 0.176421 0.898182 0.197705
0.880732 0.176579 0.898259 0.197868
0.880778 0.176738 0.898335 0.198031
0.880825 0.176896 0.898412 0.198193
0.880871 0.177054 0.898489 0.198356
0.880918 0.177212 0.898566 0.198518
0.880965 0.177370 0.898643 0.198680
0.881012 0.177528 0.898720 0.198842
0.881059 0.177686 0.898797 0.199004
0.881105 0.177844 0.898874 0.199166
0.881152 0.178001 0.898952 0.199327
0.881199 0.178159 0.899029 0.199489
0.881247 0.178316 0.899106 0.199650
0.881294 0.178474 0.899184 0.199811
0.881341 0.178631 0.899261 0.199972
0.881388 0.178788 0.899339 0.200133
0.881435 0.178945 0.899416 0.200293
0.881483 0.179102 0.899494 0.200454
0.881530 0.179259 0.899572 0.200614
0.881578 0.179415 0.899649 0.200774
0.881625 0.179572 0.899727 0.200934
0.881673 0.179728 0.899805 0.201094
0.881720 0.179885 0.899883 0.201254
0.881768 0.180041 0.899961 0.201413
0.881816 0.180197 0.900039 0.201573
0.881864 0.180353 0.900117 0.201732
0.881912 0.180509 0.900195 0.201891
0.881959 0.180665 0.900273 0.202050
0.882007 0.180821 0.900352 0.202209
0.882055 0.180976 0.900430 0.202367
0.882104 0.181132 0.900508 0.202526
0.882152 0.181287 0.900587 0.202684
0.882200 0.181443 0.900665 0.202842
0.882248 0.181598 0.900744 0.203000
0.882296 0.181753 0.900823 0.203158
0.882345 0.181908 0.900901 0.203316
0.882393 0.182063 0.900980 0.203474
0.882442 0.182218 0.901059 0.203631
0.882490 0.182373 0.901137 0.203788
0.882539 0.182527 0.901216 0.203945
0.882587 0.182682 0.901295 0.204102
0.882636 0.182836 0.901374 0.204259
0.882685 0.182991 0.901453 0.204416
0.882734 0.183145 0.901532 0.204572
0.882783 0.183299 0.901612 0.204729
0.882831 0.183453 0.901691 0.204885
0.882880 0.183607 0.901770 0.205041
0.882929 0.183761 0.901849 0.205197
0.882979 0.183914 0.901929 0.205352
0.883028 0.184068 0.902008 0.205508
0.883077 0.184221 0.902088 0.205663
0.883126 0.184375 0.902167 0.205819
0.883175 0.184528 0.902247 0.205974
0.883225 0.184681 0.902327 0.206129
0.883274 0.184834 0.902406 0.206284
0.883324 0.184987 0.902486 0.206438
0.883373 0.185140 0.902566 0.206593
0.883423 0.185293 0.902646 0.206747
0.883472 0.185445 0.902726 0.206901
0.883522 0.185598 0.902806 0.207055
0.883572 0.185750 0.902886 0.207209
0.883622 0.185903 0.902966 0.207363
0.883672 0.186055 0.903046 0.207516
0.883721 0.186207 0.903126 0.207670
0.883771 0.186359 0.903206 0.207823
0.883821 0.186511 0.903287 0.207976
0.883872 0.186663 0.903367 0.208129
0.883922 0.186814 0.903447 0.208282
0.883972 0.186966 0.903528 0.208435
0.884022 0.187117 0.903608 0.208587
0.884072 0.187269 0.903689 0.208739
0.884123 0.187420 0.903770 0.208892
0.884173 0.187571 0.903850 0.209044
0.884224 0.187722 0.903931 0.209196
0.884274 0.187873 0.904012 0.209347
0.884325 0.188024 0.904093 0.209499
0.884375 0.188175 0.904173 0.209650
0.884426 0.188325 0.904254 0.209801
0.884477 0.188476 0.904335 0.209953
0.884528 0.188626 0.904416 0.210103
0.884579 0.188776 0.904498 0.210254
0.884630 0.188927 0.904579 0.210405
0.884681 0.189077 0.904660 0.210555
0.884732 0.189227 0.904741 0.210706
0.884783 0.189376 0.904822 0.210856
0.884834 0.189526 0.904904 0.211006
0.884885 0.189676 0.904985 0.211156
0.884936 0.189825 0.905067 0.211305
0.884988 0.189975 0.905148 0.211455
0.885039 0.190124 0.905230 0.211604
0.885090 0.190273 0.905311 0.211753
0.885142 0.190423 0.905393 0.211903
0.885193 0.190572 0.905475 0.212051
0.885245 0.190720 0.905557 0.212200
0.885297 0.190869 0.905638 0.212349
0.885348 0.191018 0.905720 0.212497
0.885400 0.191166 0.905802 0.212646
0.885452 0.191315 0.905884 0.212794
0.885504 0.191463 0.905966 0.212942
0.885556 0.191612 0.906048 0.213089
0.885608 0.191760 0.906131 0.213237
0.885660 0.191908 0.906213 0.213385
0.885712 0.192056 0.906295 0.213532
0.885764 0.192203 0.906377 0.213679
0.885816 0.192351 0.906460 0.213826
0.885868 0.192499 0.906542 0.213973
0.885921 0.192646 0.906624 0.214120
0.885973 0.192794 0.906707 0.214266
0.886025 0.192941 0.906790 0.214413
0.886078 0.193088 0.906872 0.214559
0.886130 0.193235 0.906955 0.214705
0.886183 0.193382 0.907037 0.214851
0.886236 0.193529 0.907120 0.214997
0.886288 0.193676 0.907203 0.215142
0.886341 0.193822 0.907286 0.215288
0.886394 0.193969 0.907369 0.215433
0.886447 0.194115 0.907452 0.215578
0.886500 0.194261 0.907535 0.215723
0.886553 0.194408 0.907618 0.215868
0.886606 0.194554 0.907701 0.216013
0.886659 0.194700 0.907784 0.216157
0.886712 0.194845 0.907867 0.216302
0.886765 0.194991 0.907951 0.216446
0.886819 0.195137 0.908034 0.216590
0.886872 0.195282 0.908117 0.216734
0.886925 0.195428 0.908201 0.216877
0.886979 0.195573 0.908284 0.217021
0.887032 0.195718 0.908368 0.217164
0.887086 0.195863 0.908451 0.217308
0.887139 0.196008 0.908535 0.217451
0.887193 0.196153 0.908618 0.217594
0.887247 0.196298 0.908702 0.217736
0.887300 0.196442 0.908786 0.217879
0.887354 0.196587 0.908870 0.218021
0.887408 0.196731 0.908953 0.218164
0.887462 0.196876 0.909037 0.218306
0.887516 0.197020 0.909121 0.218448
0.887570 0.197164 0.909205 0.218590
0.887624 0.197308 0.909289 0.218731
0.887678 0.197452 0.909373 0.218873
0.887732 0.197596 0.909458 0.219014
0.887787 0.197739 0.909542 0.219155
0.887841 0.197883 0.909626 0.219296
0.887895 0.198026 0.909710 0.219437
0.887950 0.198169 0.909795 0.219578
0.888004 0.198313 0.909879 0.219719
0.888059 0.198456 0.909963 0.219859
0.888114 0.198599 0.910048 0.219999
0.888168 0.198741 0.910132 0.220139
0.888223 0.198884 0.910217 0.220279
0.888278 0.199027 0.910302 0.220419
0.888332 0.199169 0.910386 0.220558
0.888387 0.199312 0.910471 0.220698
0.888442 0.199454 0.910556 0.220837
0.888497 0.199596 0.910640 0.220976
0.888552 0.199738 0.910725 0.221115
0.888607 0.199880 0.910810 0.221254
0.888663 0.200022 0.910895 0.221393
0.888718 0.200164 0.910980 0.221531
0.888773 0.200305 0.911065 0.221669
0.888828 0.200447 0.911150 0.221808
0.888884 0.200588 0.911235 0.221946
0.888939 0.200730 0.911321 0.222083
0.888995 0.200871 0.911406 0.222221
0.889050 0.201012 0.911491 0.222359
0.889106 0.201153 0.911576 0.222496
0.889162 0.201294 0.911662 0.222633
0.889217 0.201434 0.911747 0.222770
0.889273 0.201575 0.911833 0.222907
0.889329 0.201716 0.911918 0.223044
0.889385 0.201856 0.912004 0.223180
0.889441 0.201996 0.912089 0.223317
0.889497 0.202136 0.912175 0.223453
0.889553 0.202276 0.912261 0.223589
0.889609 0.202416 0.912347 0.223725
0.889665 0.202556 0.912432 0.223861
0.889721 0.202696 0.912518 0.223996
0.889777 0.202835 0.912604 0.224132
0.889834 0.202975 0.912690 0.224267
0.889890 0.203114 0.912776 0.224402
0.889947 0.203253 0.912862 0.224537
0.890003 0.203393 0.912948 0.224672
0.890060 0.203532 0.913034 0.224807
0.890116 0.203671 0.913120 0.224941
0.890173 0.203809 0.913206 0.225075
0.890230 0.203948 0.913293 0.225210
0.890286 0.204087 0.913379 0.225344
0.890343 0.204225 0.913465 0.225477
0.890400 0.204363 0.913552 0.225611
0.890457 0.204502 0.913638 0.225745
0.890514 0.204640 0.913725 0.225878
0.890571 0.204778 0.913811 0.226011
0.890628 0.204915 0.913898 0.226144
0.890685 0.205053 0.913984 0.226277
0.890743 0.205191 0.914071 0.226410
0.890800 0.205328 0.914158 0.226542
0.890857 0.205466 0.914244 0.226675
0.890915 0.205603 0.914331 0.226807
0.890972 0.205740 0.914418 0.226939
0.891030 0.205877 0.914505 0.227071
0.891087 0.206014 0.914592 0.227203
0.891145 0.206151 0.914679 0.227334
0.891202 0.206288 0.914766 0.227465
0.891260 0.206425 0.914853 0.227597
0.891318 0.206561 0.914940 0.227728
0.891376 0.206697 0.915027 0.227859
0.891434 0.206834 0.915114 0.227990
0.891492 0.206970 0.915201 0.228120
0.891550 0.207106 0.915289 0.228251
0.891608 0.207242 0.915376 0.228381
0.891666 0.207378 0.915463 0.228511
0.891724 0.207513 0.915551 0.228641
0.891782 0.207649 0.915638 0.228771
0.891840 0.207784 0.915726 0.228900
0.891899 0.207920 0.915813 0.229030
0.891957 0.208055 0.915901 0.229159
0.892016 0.208190 0.915988 0.229288
0.892074 0.208325 0.916076 0.229417
0.892133 0.208460 0.916164 0.229546
0.892191 0.208595 0.916251 0.229675
0.892250 0.208729 0.916339 0.229803
0.892309 0.208864 0.916427 0.229932
0.892367 0.208998 0.916515 0.230060
0.892426 0.209132 0.916603 0.230188
0.892485 0.209267 0.916691 0.230316
0.892544 0.209401 0.916779 0.230443
0.892603 0.209535 0.916867 0.230571
0.892662 0.209668 0.916955 0.230698
0.892721 0.209802 0.917043 0.230825
0.892780 0.209936 0.917131 0.230953
0.892840 0.210069 0.917219 0.231079
0.892899 0.210203 0.917308 0.231206
0.892958 0.210336 0.917396 0.231333
0.893018 0.210469 0.917484 0.231459
0.893077 0.210602 0.917573 0.231585
0.893136 0.210735 0.917661 0.231711
0.893196 0.210868 0.917750 0.231837
0.893256 0.211000 0.917838 0.231963
0.893315 0.211133 0.917927 0.232089
0.893375 0.211265 0.918015 0.232214
0.893435 0.211398 0.918104 0.232339
0.893495 0.211530 0.918193 0.232464
0.893555 0.211662 0.918281 0.232589
0.893614 0.211794 0.918370 0.232714
0.893674 0.211926 0.918459 0.232839
0.893735 0.212057 0.918548 0.232963
0.893795 0.212189 0.918637 0.233087
0.893855 0.212320 0.918725 0.233212
0.893915 0.212452 0.918814 0.233335
0.893975 0.212583 0.918903 0.233459
0.894036 0.212714 0.918992 0.233583
0.894096 0.212845 0.919081 0.233706
0.894156 0.212976 0.919171 0.233830
0.894217 0.213107 0.919260 0.233953
0.894278 0.213238 0.919349 0.234076
0.894338 0.213368 0.919438 0.234199
0.894399 0.213498 0.919527 0.234321
0.894460 0.213629 0.919617 0.234444
0.894520 0.213759 0.919706 0.234566
0.894581 0.213889 0.919796 0.234688
0.894642 0.214019 0.919885 0.234810
0.894703 0.214149 0.919974 0.234932
0.894764 0.214278 0.920064 0.235054
0.894825 0.214408 0.920154 0.235175
0.894886 0.214538 0.920243 0.235297
0.894947 0.214667 0.920333 0.235418
0.895008 0.214796 0.920422 0.235539
0.895070 0.214925 0.920512 0.235660
0.895131 0.215054 0.920602 0.235780
0.895192 0.215183 0.920692 0.235901
0.895254 0.215312 0.920782 0.236021
0.895315 0.215441 0.920871 0.236141
0.895377 0.215569 0.920961 0.236261
0.895439 0.215697 0.921051 0.236381
0.895500 0.215826 0.921141 0.236501
0.895562 0.215954 0.921231 0.236621
0.895624 0.216082 0.921321 0.236740
0.895686 0.216210 0.921412 0.236859
0.895747 0.216338 0.921502 0.236978
0.895809 0.216465 0.921592 0.237097
0.895871 0.216593 0.921682 0.237216
0.895933 0.216720 0.921772 0.237334
0.895995 0.216848 0.921863 0.237453
0.896058 0.216975 0.921953 0.237571
0.896120 0.217102 0.922043 0.237689
0.896182 0.217229 0.922134 0.237807
0.896244 0.217356 0.922224 0.237925
0.896307 0.217482 0.922315 0.238042
0.896369 0.217609 0.922405 0.238160
0.896432 0.217736 0.922496 0.238277
0.896494 0.217862 0.922586 0.238394
0.896557 0.217988 0.922677 0.238511
0.896619 0.218114 0.922768 0.238628
0.896682 0.218240 0.922858 0.238744
0.896745 0.218366 0.922949 0.238861
0.896808 0.218492 0.923040 0.238977
0.896871 0.218618 0.923131 0.239093
0.896934 0.218743 0.923222 0.239209
0.896997 0.218868 0.923313 0.239325
0.897060 0.218994 0.923404 0.239441
0.897123 0.219119 0.923495 0.239556
0.897186 0.219244 0.923586 0.239671
0.897249 0.219369 0.923677 0.239786
0.897312 0.219494 0.923768 0.239901
0.897376 0.219618 0.923859 0.240016
0.897439 0.219743 0.923950 0.240131
0.897502 0.219867 0.924041 0.240245
0.897566 0.219992 0.924132 0.240360
0.897629 0.220116 0.924224 0.240474
0.897693 0.220240 0.924315 0.240588
0.897757 0.220364 0.924406 0.240702
0.897820 0.220488 0.924498 0.240815
0.897884 0.220611 0.924589 0.240929
0.897948 0.220735 0.924681 0.241042
0.898012 0.220858 0.924772 0.241155
0.898076 0.220982 0.924864 0.241268
0.898140 0.221105 0.924955 0.241381
0.898204 0.221228 0.925047 0.241494
0.898268 0.221351 0.925138 0.241606
0.898332 0.221474 0.925230 0.241718
0.898396 0.221596 0.925322 0.241831
0.898460 0.221719 0.925414 0.241943
0.898525 0.221842 0.925505 0.242055
0.898589 0.221964 0.925597 0.242166
0.898653 0.222086 0.925689 0.242278
0.898718 0.222208 0.925781 0.242389
0.898782 0.222330 0.925873 0.242500
0.898847 0.222452 0.925965 0.242611
0.898912 0.222574 0.926057 0.242722
0.898976 0.222696 0.926149 0.242833
0.899041 0.222817 0.926241 0.242943
0.899106 0.222938 0.926333 0.243054
0.899171 0.223060 0.926425 0.243164
0.899236 0.223181 0.926517 0.243274
0.899301 0.223302 0.926610 0.243384
0.899366 0.223423 0.926702 0.243493
0.899431 0.223543 0.926794 0.243603
0.899496 0.223664 0.926886 0.243712
0.899561 0.223785 0.926979 0.243822
0.899626 0.223905 0.927071 0.243931
0.899691 0.224025 0.927163 0.244040
0.899757 0.224145 0.927256 0.244148
0.899822 0.224266 0.927348 0.244257
0.899888 0.224385 0.927441 0.244365
0.899953 0.224505 0.927533 0.244473
0.900019 0.224625 0.927626 0.244581
0.900084 0.224744 0.927719 0.244689
0.900150 0.224864 0.927811 0.244797
0.900216 0.224983 0.927904 0.244905
0.900281 0.225102 0.927997 0.245012
0.900347 0.225221 0.928089 0.245119
0.900413 0.225340 0.928182 0.245226
0.900479 0.225459 0.928275 0.245333
0.900545 0.225578 0.928368 0.245440
0.900611 0.225696 0.928461 0.245547
0.900677 0.225815 0.928554 0.245653
0.900743 0.225933 0.928647 0.245759
0.900810 0.226051 0.928740 0.245865
0.900876 0.226169 0.928833 0.245971
0.900942 0.226287 0.928926 0.246077
0.901009 0.226405 0.929019 0.246183
0.901075 0.226523 0.929112 0.246288
0.901142 0.226640 0.929205 0.246393
0.901208 0.226758 0.929298 0.246498
0.901275 0.226875 0.929391 0.246603
0.901341 0.226992 0.929485 0.246708
0.901408 0.227109 0.929578 0.246813
0.901475 0.227226 0.929671 0.246917
0.901542 0.227343 0.929765 0.247021
0.901608 0.227460 0.929858 0.247125
0.901675 0.227576 0.929951 0.247229
0.901742 0.227693 0.930045 0.247333
0.901809 0.227809 0.930138 0.247437
0.901876 0.227925 0.930232 0.247540
0.901944 0.228041 0.930325 0.247643
0.902011 0.228157 0.930419 0.247747
0.902078 0.228273 0.930512 0.247849
0.902145 0.228389 0.930606 0.247952
0.902213 0.228504 0.930700 0.248055
0.902280 0.228620 0.930793 0.248157
0.902348 0.228735 0.930887 0.248260
0.902415 0.228850 0.930981 0.248362
0.902483 0.228965 0.931075 0.248464
0.902550 0.229080 0.931169 0.248565
0.902618 0.229195 0.931262 0.248667
0.902686 0.229310 0.931356 0.248769
0.902754 0.229424 0.931450 0.248870
0.902821 0.229539 0.931544 0.248971
0.902889 0.229653 0.931638 0.249072
0.902957 0.229767 0.931732 0.249173
0.903025 0.229881 0.931826 0.249273
0.903093 0.229995 0.931920 0.249374
0.903161 0.230109 0.932014 0.249474
0.903230 0.230223 0.932108 0.249574
0.903298 0.230336 0.932203 0.249674
0.903366 0.230450 0.932297 0.249774
0.903434 0.230563 0.932391 0.249874
0.903503 0.230676 0.932485 0.249973
0.903571 0.230789 0.932580 0.250073
0.903640 0.230902 0.932674 0.250172
0.903708 0.231015 0.932768 0.250271
0.903777 0.231128 0.932863 0.250369
0.903845 0.231240 0.932957 0.250468
0.903914 0.231353 0.933051 0.250567
0.903983 0.231465 0.933146 0.250665
0.904052 0.231577 0.933240 0.250763
0.904121 0.231689 0.933335 0.250861
0.904189 0.231801 0.933429 0.250959
0.904258 0.231913 0.933524 0.251057
0.904327 0.232025 0.933619 0.251154
0.904397 0.232136 0.933713 0.251251
0.904466 0.232248 0.933808 0.251349
0.904535 0.232359 0.933903 0.251446
0.904604 0.232470 0.933997 0.251542
0.904673 0.232581 0.934092 0.251639
0.904743 0.232692 0.934187 0.251736
0.904812 0.232803 0.934282 0.251832
0.904882 0.232914 0.934377 0.251928
0.904951 0.233024 0.934471 0.252024
0.905021 0.233135 0.934566 0.252120
0.905090 0.233245 0.934661 0.252216
0.905160 0.233355 0.934756 0.252311
0.905230 0.233465 0.934851 0.252407
0.905299 0.233575 0.934946 0.252502
0.905369 0.233685 0.935041 0.252597
0.905439 0.233794 0.935136 0.252692
0.905509 0.233904 0.935231 0.252786
0.905579 0.234013 0.935327 0.252881
0.905649 0.234123 0.935422 0.252975
0.905719 0.234232 0.935517 0.253069
0.905789 0.234341 0.935612 0.253163
0.905860 0.234450 0.935707 0.253257
0.905930 0.234558 0.935803 0.253351
0.906000 0.234667 0.935898 0.253445
0.906071 0.234776 0.935993 0.253538
0.906141 0.234884 0.936089 0.253631
0.906211 0.234992 0.936184 0.253724
0.906282 0.235100 0.936279 0.253817
0.906353 0.235208 0.936375 0.253910
0.906423 0.235316 0.936470 0.254002
0.906494 0.235424 0.936566 0.254095
0.906565 0.235532 0.936661 0.254187
0.906635 0.235639 0.936757 0.254279
0.906706 0.235746 0.936852 0.254371
0.906777 0.235854 0.936948 0.254463
0.906848 0.235961 0.937044 0.254554
0.906919 0.236068 0.937139 0.254646
0.906990 0.236175 0.937235 0.254737
0.907061 0.236281 0.937331 0.254828
0.907132 0.236388 0.937426 0.254919
0.907204 0.236494 0.937522 0.255009
0.907275 0.236601 0.937618 0.255100
0.907346 0.236707 0.937714 0.255190
0.907418 0.236813 0.937810 0.255281
0.907489 0.236919 0.937906 0.255371
0.907560 0.237025 0.938001 0.255461
0.907632 0.237130 0.938097 0.255550
0.907704 0.237236 0.938193 0.255640
0.907775 0.237341 0.938289 0.255729
0.907847 0.237447 0.938385 0.255819
0.907919 0.237552 0.938481 0.255908
0.907990 0.237657 0.938577 0.255997
0.908062 0.237762 0.938673 0.256085
0.908134 0.237867 0.938770 0.256174
0.908206 0.237971 0.938866 0.256262
0.908278 0.238076 0.938962 0.256351
0.908350 0.238180 0.939058 0.256439
0.908422 0.238285 0.939154 0.256527
0.908495 0.238389 0.939250 0.256614
0.908567 0.238493 0.939347 0.256702
0.908639 0.238597 0.939443 0.256789
0.908711 0.238700 0.939539 0.256877
0.908784 0.238804 0.939636 0.256964
0.908856 0.238907 0.939732 0.257051
0.908929 0.239011 0.939828 0.257138
0.909001 0.239114 0.939925 0.257224
0.909074 0.239217 0.940021 0.257311
0.909146 0.239320 0.940118 0.257397
0.909219 0.239423 0.940214 0.257483
0.909292 0.239526 0.940311 0.257569
0.909365 0.239628 0.940407 0.257655
0.909437 0.239731 0.940504 0.257740
0.909510 0.239833 0.940600 0.257826
0.909583 0.239935 0.940697 0.257911
0.909656 0.240038 0.940794 0.257996
0.909729 0.240139 0.940890 0.258081
0.909802 0.240241 0.940987 0.258166
0.909876 0.240343 0.941084 0.258251
0.909949 0.240445 0.941180 0.258335
0.910022 0.240546 0.941277 0.258419
0.910095 0.240647 0.941374 0.258504
0.910169 0.240748 0.941471 0.258588
0.910242 0.240850 0.941568 0.258671
0.910316 0.240950 0.941664 0.258755
0.910389 0.241051 0.941761 0.258838
0.910463 0.241152 0.941858 0.258922
0.910536 0.241252 0.941955 0.259005
0.910610 0.241353 0.942052 0.259088
0.910684 0.241453 0.942149 0.259171
0.910758 0.241553 0.942246 0.259253
0.910832 0.241653 0.942343 0.259336
0.910905 0.241753 0.942440 0.259418
0.910979 0.241853 0.942537 0.259500
0.911053 0.241952 0.942634 0.259582
0.911127 0.242052 0.942731 0.259664
0.911202 0.242151 0.942828 0.259746
0.911276 0.242251 0.942926 0.259827
0.911350 0.242350 0.943023 0.259909
0.911424 0.242449 0.943120 0.259990
0.911498 0.242547 0.943217 0.260071
0.911573 0.242646 0.943314 0.260152
0.911647 0.242745 0.943412 0.260232
0.911722 0.242843 0.943509 0.260313
0.911796 0.242941 0.943606 0.260393
0.911871 0.243040 0.943704 0.260473
0.911945 0.243138 0.943801 0.260553
0.912020 0.243236 0.943898 0.260633
0.912095 0.243333 0.943996 0.260713
0.912170 0.243431 0.944093 0.260793
0.912244 0.243529 0.944191 0.260872
0.912319 0.243626 0.944288 0.260951
0.912394 0.243723 0.944386 0.261030
0.912469 0.243820 0.944483 0.261109
0.912544 0.243917 0.944581 0.261188
0.912619 0.244014 0.944678 0.261266
0.912694 0.244111 0.944776 0.261345
0.912770 0.244208 0.944873 0.261423
0.912845 0.244304 0.944971 0.261501
0.912920 0.244400 0.945069 0.261579
0.912995 0.244497 0.945166 0.261657
0.913071 0.244593 0.945264 0.261734
0.913146 0.244689 0.945362 0.261811
0.913222 0.244784 0.945459 0.261889
0.913297 0.244880 0.945557 0.261966
0.913373 0.244976 0.945655 0.262043
0.913449 0.245071 0.945753 0.262119
0.913524 0.245166 0.945851 0.262196
0.913600 0.245262 0.945948 0.262272
0.913676 0.245357 0.946046 0.262349
0.913752 0.245452 0.946144 0.262425
0.913828 0.245546 0.946242 0.262501
0.913904 0.245641 0.946340 0.262576
0.913980 0.245735 0.946438 0.262652
0.914056 0.245830 0.946536 0.262727
0.914132 0.245924 0.946634 0.262803
0.914208 0.246018 0.946732 0.262878
0.914284 0.246112 0.946830 0.262953
0.914360 0.246206 0.946928 0.263027
0.914437 0.246300 0.947026 0.263102
0.914513 0.246393 0.947124 0.263177
0.914589 0.246487 0.947222 0.263251
0.914666 0.246580 0.947320 0.263325
0.914742 0.246673 0.947418 0.263399
0.914819 0.246766 0.947516 0.263473
0.914896 0.246859 0.947615 0.263546
0.914972 0.246952 0.947713 0.263620
0.915049 0.247045 0.947811 0.263693
0.915126 0.247137 0.947909 0.263766
0.915203 0.247230 0.948008 0.263839
0.915279 0.247322 0.948106 0.263912
0.915356 0.247414 0.948204 0.263985
0.915433 0.247506 0.948302 0.264057
0.915510 0.247598 0.948401 0.264129
0.915587 0.247690 0.948499 0.264201
0.915665 0.247781 0.948597 0.264273
0.915742 0.247873 0.948696 0.264345
0.915819 0.247964 0.948794 0.264417
0.915896 0.248055 0.948893 0.264488
0.915974 0.248146 0.948991 0.264560
0.916051 0.248237 0.949090 0.264631
0.916128 0.248328 0.949188 0.264702
0.916206 0.248419 0.949287 0.264773
0.916283 0.248509 0.949385 0.264843
0.916361 0.248600 0.949484 0.264914
0.916439 0.248690 0.949582 0.264984
0.916516 0.248780 0.949681 0.265054
0.916594 0.248870 0.949779 0.265125
0.916672 0.248960 0.949878 0.265194
0.916750 0.249050 0.949977 0.265264
0.916828 0.249139 0.950075 0.265334
0.916905 0.249229 0.950174 0.265403
0.916983 0.249318 0.950273 0.265472
0.917061 0.249407 0.950371 0.265541
0.917140 0.249497 0.950470 0.265610
0.917218 0.249585 0.950569 0.265679
0.917296 0.249674 0.950668 0.265747
0.917374 0.249763 0.950766 0.265816
0.917452 0.249852 0.950865 0.265884
0.917531 0.249940 0.950964 0.265952
0.917609 0.250028 0.951063 0.266020
0.917688 0.250116 0.951162 0.266088
0.917766 0.250204 0.951261 0.266155
0.917845 0.250292 0.951359 0.266223
0.917923 0.250380 0.951458 0.266290
0.918002 0.250468 0.951557 0.266357
0.918080 0.250555 0.951656 0.266424
0.918159 0.250642 0.951755 0.266491
0.918238 0.250730 0.951854 0.266557
0.918317 0.250817 0.951953 0.266624
0.918396 0.250904 0.952052 0.266690
0.918475 0.250990 0.952151 0.266756
0.918554 0.251077 0.952250 0.266822
0.918633 0.251164 0.952349 0.266888
0.918712 0.251250 0.952448 0.266953
0.918791 0.251336 0.952547 0.267019
0.918870 0.251423 0.952646 0.267084
0.918949 0.251509 0.952746 0.267149
0.919028 0.251594 0.952845 0.267214
0.919108 0.251680 0.952944 0.267279
0.919187 0.251766 0.953043 0.267344
0.919267 0.251851 0.953142 0.267408
0.919346 0.251937 0.953241 0.267472
0.919426 0.252022 0.953341 0.267537
0.919505 0.252107 0.953440 0.267601
0.919585 0.252192 0.953539 0.267664
0.919664 0.252277 0.953638 0.267728
0.919744 0.252361 0.953738 0.267792
0.919824 0.252446 0.953837 0.267855
0.919904 0.252530 0.953936 0.267918
0.919984 0.252614 0.954036 0.267981
0.920063 0.252699 0.954135 0.268044
0.920143 0.252783 0.954234 0.268107
0.920223 0.252866 0.954334 0.268169
0.920304 0.252950 0.954433 0.268232
0.920384 0.253034 0.954532 0.268294
0.920464 0.253117 0.954632 0.268356
0.920544 0.253201 0.954731 0.268418
0.920624 0.253284 0.954831 0.268479
0.920705 0.253367 0.954930 0.268541
0.920785 0.253450 0.955030 0.268602
0.920865 0.253533 0.955129 0.268664
0.920946 0.253615 0.955229 0.268725
0.921026 0.253698 0.955328 0.268786
0.921107 0.253780 0.955428 0.268846
0.921187 0.253862 0.955527 0.268907
0.921268 0.253945 0.955627 0.268967
0.921349 0.254026 0.955726 0.269028
0.921430 0.254108 0.955826 0.269088
0.921510 0.254190 0.955926 0.269148
0.921591 0.254272 0.956025 0.269207
0.921672 0.254353 0.956125 0.269267
0.921753 0.254434 0.956225 0.269326
0.921834 0.254516 0.956324 0.269386
0.921915 0.254597 0.956424 0.269445
0.921996 0.254677 0.956524 0.269504
0.922077 0.254758 0.956623 0.269563
0.922158 0.254839 0.956723 0.269621
0.922240 0.254919 0.956823 0.269680
0.922321 0.255000 0.956923 0.269738
0.922402 0.255080 0.957022 0.269796
0.922484 0.255160 0.957122 0.269854
0.922565 0.255240 0.957222 0.269912
0.922646 0.255320 0.957322 0.269970
0.922728 0.255400 0.957421 0.270027
0.922810 0.255479 0.957521 0.270085
0.922891 0.255559 0.957621 0.270142
0.922973 0.255638 0.957721 0.270199
0.923055 0.255717 0.957821 0.270256
0.923136 0.255796 0.957921 0.270312
0.923218 0.255875 0.958021 0.270369
0.923300 0.255954 0.958121 0.270425
0.923382 0.256032 0.958221 0.270482
0.923464 0.256111 0.958320 0.270538
0.923546 0.256189 0.958420 0.270593
0.923628 0.256267 0.958520 0.270649
0.923710 0.256345 0.958620 0.270705
0.923792 0.256423 0.958720 0.270760
0.923874 0.256501 0.958820 0.270815
0.923957 0.256579 0.958920 0.270871
0.924039 0.256656 0.959020 0.270925
0.924121 0.256734 0.959120 0.270980
0.924203 0.256811 0.959220 0.271035
0.924286 0.256888 0.959321 0.271089
0.924368 0.256965 0.959421 0.271144
0.924451 0.257042 0.959521 0.271198
0.924533 0.257118 0.959621 0.271252
0.924616 0.257195 0.959721 0.271305
0.924699 0.257271 0.959821 0.271359
0.924781 0.257348 0.959921 0.271413
0.924864 0.257424 0.960021 0.271466
0.924947 0.257500 0.960121 0.271519
0.925030 0.257576 0.960222 0.271572
0.925113 0.257652 0.960322 0.271625
0.925196 0.257727 0.960422 0.271678
0.925279 0.257803 0.960522 0.271730
0.925362 0.257878 0.960622 0.271782
0.925445 0.257953 0.960723 0.271835
0.925528 0.258028 0.960823 0.271887
0.925611 0.258103 0.960923 0.271939
0.925694 0.258178 0.961023 0.271990
0.925778 0.258253 0.961124 0.272042
0.925861 0.258327 0.961224 0.272093
0.925944 0.258402 0.961324 0.272144
0.926028 0.258476 0.961425 0.272196
0.926111 0.258550 0.961525 0.272246
0.926195 0.258624 0.961625 0.272297
0.926278 0.258698 0.961726 0.272348
0.926362 0.258772 0.961826 0.272398
0.926446 0.258845 0.961926 0.272448
0.926529 0.258919 0.962027 0.272499
0.926613 0.258992 0.962127 0.272549
0.926697 0.259065 0.962227 0.272598
0.926781 0.259138 0.962328 0.272648
0.926864 0.259211 0.962428 0.272697
0.926948 0.259284 0.962529 0.272747
0.927032 0.259356 0.962629 0.272796
0.927116 0.259429 0.962729 0.272845
0.927200 0.259501 0.962830 0.272894
0.927285 0.259573 0.962930 0.272942
0.927369 0.259645 0.963031 0.272991
0.927453 0.259717 0.963131 0.273039
0.927537 0.259789 0.963232 0.273087
0.927621 0.259861 0.963332 0.273135
0.927706 0.259932 0.963433 0.273183
0.927790 0.260004 0.963533 0.273231
0.927875 0.260075 0.963634 0.273279
0.927959 0.260146 0.963734 0.273326
0.928044 0.260217 0.963835 0.273373
0.928128 0.260288 0.963936 0.273420
0.928213 0.260359 0.964036 0.273467
0.928297 0.260429 0.964137 0.273514
0.928382 0.260500 0.964237 0.273561
0.928467 0.260570 0.964338 0.273607
0.928552 0.260640 0.964439 0.273653
0.928637 0.260710 0.964539 0.273699
0.928722 0.260780 0.964640 0.273745
0.928806 0.260850 0.964740 0.273791
0.928891 0.260919 0.964841 0.273837
0.928976 0.260989 0.964942 0.273882
0.929062 0.261058 0.965042 0.273928
0.929147 0.261127 0.965143 0.273973
0.929232 0.261196 0.965244 0.274018
0.929317 0.261265 0.965344 0.274063
0.929402 0.261334 0.965445 0.274107
0.929488 0.261403 0.965546 0.274152
0.929573 0.261471 0.965646 0.274196
0.929658 0.261540 0.965747 0.274241
0.929744 0.261608 0.965848 0.274285
0.929829 0.261676 0.965949 0.274328
0.929915 0.261744 0.966049 0.274372
0.930000 0.261812 0.966150 0.274416
0.930086 0.261880 0.966251 0.274459
0.930172 0.261947 0.966352 0.274502
0.930257 0.262015 0.966452 0.274546
0.930343 0.262082 0.966553 0.274589
0.930429 0.262149 0.966654 0.274631
0.930515 0.262216 0.966755 0.274674
0.930601 0.262283 0.966856 0.274716
0.930687 0.262350 0.966956 0.274759
0.930773 0.262416 0.967057 0.274801
0.930859 0.262483 0.967158 0.274843
0.930945 0.262549 0.967259 0.274885
0.931031 0.262615 0.967360 0.274926
0.931117 0.262681 0.967461 0.274968
0.931203 0.262747 0.967562 0.275009
0.931289 0.262813 0.967662 0.275050
0.931376 0.262878 0.967763 0.275092
0.931462 0.262944 0.967864 0.275132
0.931548 0.263009 0.967965 0.275173
0.931635 0.263074 0.968066 0.275214
0.931721 0.263140 0.968167 0.275254
0.931808 0.263204 0.968268 0.275294
0.931894 0.263269 0.968369 0.275334
0.931981 0.263334 0.968470 0.275374
0.932068 0.263398 0.968571 0.275414
0.932154 0.263463 0.968671 0.275454
0.932241 0.263527 0.968772 0.275493
0.932328 0.263591 0.968873 0.275533
0.932415 0.263655 0.968974 0.275572
0.932502 0.263719 0.969075 0.275611
0.932588 0.263783 0.969176 0.275650
0.932675 0.263846 0.969277 0.275688
0.932762 0.263910 0.969378 0.275727
0.932849 0.263973 0.969479 0.275765
0.932937 0.264036 0.969580 0.275803
0.933024 0.264099 0.969681 0.275841
0.933111 0.264162 0.969782 0.275879
0.933198 0.264225 0.969883 0.275917
0.933285 0.264287 0.969984 0.275955
0.933373 0.264350 0.970085 0.275992
0.933460 0.264412 0.970186 0.276029
0.933547 0.264474 0.970287 0.276066
0.933635 0.264536 0.970388 0.276103
0.933722 0.264598 0.970489 0.276140
0.933810 0.264660 0.970590 0.276177
0.933897 0.264722 0.970691 0.276213
0.933985 0.264783 0.970793 0.276250
0.934073 0.264844 0.970894 0.276286
0.934160 0.264906 0.970995 0.276322
0.934248 0.264967 0.971096 0.276358
0.934336 0.265028 0.971197 0.276393
0.934424 0.265088 0.971298 0.276429
0.934512 0.265149 0.971399 0.276464
0.934600 0.265210 0.971500 0.276499
0.934688 0.265270 0.971601 0.276535
0.934776 0.265330 0.971702 0.276569
0.934864 0.265390 0.971803 0.276604
0.934952 0.265450 0.971905 0.276639
0.935040 0.265510 0.972006 0.276673
0.935128 0.265570 0.972107 0.276708
0.935216 0.265629 0.972208 0.276742
0.935304 0.265689 0.972309 0.276776
0.935393 0.265748 0.972410 0.276809
0.935481 0.265807 0.972511 0.276843
0.935569 0.265866 0.972612 0.276877
0.935658 0.265925 0.972714 0.276910
0.935746 0.265984 0.972815 0.276943
0.935835 0.266042 0.972916 0.276976
0.935923 0.266101 0.973017 0.277009
0.936012 0.266159 0.973118 0.277042
0.936101 0.266217 0.973219 0.277074
0.936189 0.266275 0.973321 0.277107
0.936278 0.266333 0.973422 0.277139
0.936367 0.266391 0.973523 0.277171
0.936456 0.266448 0.973624 0.277203
0.936545 0.266506 0.973725 0.277235
0.936633 0.266563 0.973827 0.277267
0.936722 0.266620 0.973928 0.277298
0.936811 0.266677 0.974029 0.277329
0.936900 0.266734 0.974130 0.277360
0.936990 0.266791 0.974231 0.277391
0.937079 0.266848 0.974333 0.277422
0.937168 0.266904 0.974434 0.277453
0.937257 0.266961 0.974535 0.277484
0.937346 0.267017 0.974636 0.277514
0.937435 0.267073 0.974738 0.277544
0.937525 0.267129 0.974839 0.277574
0.937614 0.267185 0.974940 0.277604
0.937704 0.267240 0.975041 0.277634
0.937793 0.267296 0.975142 0.277664
0.937883 0.267351 0.975244 0.277693
0.937972 0.267406 0.975345 0.277722
0.938062 0.267462 0.975446 0.277752
0.938151 0.267517 0.975547 0.277781
0.938241 0.267571 0.975649 0.277809
0.938331 0.267626 0.975750 0.277838
0.938420 0.267681 0.975851 0.277867
0.938510 0.267735 0.975952 0.277895
0.938600 0.267789 0.976054 0.277923
0.938690 0.267843 0.976155 0.277951
0.938780 0.267897 0.976256 0.277979
0.938870 0.267951 0.976358 0.278007
0.938960 0.268005 0.976459 0.278035
0.939050 0.268059 0.976560 0.278062
0.939140 0.268112 0.976661 0.278089
0.939230 0.268165 0.976763 0.278116
0.939320 0.268218 0.976864 0.278143
0.939410 0.268271 0.976965 0.278170
0.939500 0.268324 0.977066 0.278197
0.939591 0.268377 0.977168 0.278223
0.939681 0.268430 0.977269 0.278250
0.939771 0.268482 0.977370 0.278276
0.939862 0.268534 0.977472 0.278302
0.939952 0.268587 0.977573 0.278328
0.940043 0.268639 0.977674 0.278354
0.940133 0.268691 0.977775 0.278379
0.940224 0.268742 0.977877 0.278405
0.940314 0.268794 0.977978 0.278430
0.940405 0.268845 0.978079 0.278455
0.940496 0.268897 0.978181 0.278480
0.940586 0.268948 0.978282 0.278505
0.940677 0.268999 0.978383 0.278530
0.940768 0.269050 0.978485 0.278554
0.940859 0.269101 0.978586 0.278579
0.940950 0.269151 0.978687 0.278603
0.941041 0.269202 0.978788 0.278627
0.941131 0.269252 0.978890 0.278651
0.941222 0.269302 0.978991 0.278675
0.941314 0.269353 0.979092 0.278698
0.941405 0.269403 0.979194 0.278722
0.941496 0.269452 0.979295 0.278745
0.941587 0.269502 0.979396 0.278768
0.941678 0.269552 0.979498 0.278791
0.941769 0.269601 0.979599 0.278814
0.941861 0.269650 0.979700 0.278837
0.941952 0.269699 0.979802 0.278859
0.942043 0.269748 0.979903 0.278882
0.942135 0.269797 0.980004 0.278904
0.942226 0.269846 0.980106 0.278926
0.942318 0.269894 0.980207 0.278948
0.942409 0.269943 0.980308 0.278970
0.942501 0.269991 0.980409 0.278991
0.942592 0.270039 0.980511 0.279013
0.942684 0.270087 0.980612 0.279034
0.942776 0.270135 0.980713 0.279055
0.942867 0.270183 0.980815 0.279076
0.942959 0.270230 0.980916 0.279097
0.943051 0.270278 0.981017 0.279118
0.943143 0.270325 0.981119 0.279138
0.943235 0.270372 0.981220 0.279159
0.943326 0.270419 0.981321 0.279179
0.943418 0.270466 0.981423 0.279199
0.943510 0.270513 0.981524 0.279219
0.943602 0.270559 0.981625 0.279239
0.943695 0.270606 0.981726 0.279258
0.943787 0.270652 0.981828 0.279278
0.943879 0.270698 0.981929 0.279297
0.943971 0.270744 0.982030 0.279316
0.944063 0.270790 0.982132 0.279335
0.944155 0.270836 0.982233 0.279354
0.944248 0.270882 0.982334 0.279373
0.944340 0.270927 0.982436 0.279392
0.944432 0.270972 0.982537 0.279410
0.944525 0.271018 0.982638 0.279428
0.944617 0.271063 0.982739 0.279446
0.944710 0.271108 0.982841 0.279464
0.944802 0.271152 0.982942 0.279482
0.944895 0.271197 0.983043 0.279500
0.944988 0.271241 0.983145 0.279517
0.945080 0.271286 0.983246 0.279535
0.945173 0.271330 0.983347 0.279552
0.945266 0.271374 0.983449 0.279569
0.945358 0.271418 0.983550 0.279586
0.945451 0.271462 0.983651 0.279603
0.945544 0.271505 0.983752 0.279619
0.945637 0.271549 0.983854 0.279636
0.945730 0.271592 0.983955 0.279652
0.945823 0.271636 0.984056 0.279668
0.945916 0.271679 0.984157 0.279684
0.946009 0.271722 0.984259 0.279700
0.946102 0.271764 0.984360 0.279716
0.946195 0.271807 0.984461 0.279731
0.946288 0.271850 0.984563 0.279747
0.946381 0.271892 0.984664 0.279762
0.946474 0.271934 0.984765 0.279777
0.946568 0.271976 0.984866 0.279792
0.946661 0.272018 0.984968 0.279807
0.946754 0.272060 0.985069 0.279821
0.946848 0.272102 0.985170 0.279836
0.946941 0.272143 0.985271 0.279850
0.947035 0.272185 0.985373 0.279864
0.947128 0.272226 0.985474 0.279878
0.947222 0.272267 0.985575 0.279892
0.947315 0.272308 0.985676 0.279906
0.947409 0.272349 0.985778 0.279920
0.947502 0.272390 0.985879 0.279933
0.947596 0.272430 0.985980 0.279946
0.947690 0.272471 0.986081 0.279960
0.947783 0.272511 0.986182 0.279973
0.947877 0.272551 0.986284 0.279985
0.947971 0.272591 0.986385 0.279998
0.948065 0.272631 0.986486 0.280011
0.948159 0.272671 0.986587 0.280023
0.948253 0.272710 0.986688 0.280035
0.948347 0.272750 0.986790 0.280047
0.948441 0.272789 0.986891 0.280059
0.948535 0.272828 0.986992 0.280071
0.948629 0.272867 0.987093 0.280083
0.948723 0.272906 0.987194 0.280094
0.948817 0.272945 0.987296 0.280106
0.948911 0.272984 0.987397 0.280117
0.949005 0.273022 0.987498 0.280128
0.949100 0.273060 0.987599 0.280139
0.949194 0.273098 0.987700 0.280150
0.949288 0.273137 0.987801 0.280160
0.949383 0.273174 0.987903 0.280171
0.949477 0.273212 0.988004 0.280181
0.949571 0.273250 0.988105 0.280191
0.949666 0.273287 0.988206 0.280201
0.949760 0.273325 0.988307 0.280211
0.949855 0.273362 0.988408 0.280221
0.949950 0.273399 0.988509 0.280230
0.950044 0.273436 0.988611 0.280240
0.950139 0.273473 0.988712 0.280249
0.950233 0.273509 0.988813 0.280258
0.950328 0.273546 0.988914 0.280267
0.950423 0.273582 0.989015 0.280276
0.950518 0.273618 0.989116 0.280284
0.950613 0.273654 0.989217 0.280293
0.950707 0.273690 0.989318 0.280301
0.950802 0.273726 0.989419 0.280310
0.950897 0.273762 0.989521 0.280318
0.950992 0.273797 0.989622 0.280326
0.951087 0.273833 0.989723 0.280333
0.951182 0.273868 0.989824 0.280341
0.951277 0.273903 0.989925 0.280348
0.951372 0.273938 0.990026 0.280356
0.951468 0.273973 0.990127 0.280363
0.951563 0.274007 0.990228 0.280370
0.951658 0.274042 0.990329 0.280377
0.951753 0.274076 0.990430 0.280384
0.951848 0.274110 0.990531 0.280390
0.951944 0.274144 0.990632 0.280397
0.952039 0.274178 0.990733 0.280403
0.952135 0.274212 0.990834 0.280409
0.952230 0.274246 0.990935 0.280415
0.952325 0.274279 0.991036 0.280421
0.952421 0.274313 0.991137 0.280427
0.952516 0.274346 0.991238 0.280432
0.952612 0.274379 0.991339 0.280438
0.952708 0.274412 0.991440 0.280443
0.952803 0.274445 0.991541 0.280448
0.952899 0.274478 0.991642 0.280453
0.952995 0.274510 0.991743 0.280458
0.953090 0.274543 0.991844 0.280463
0.953186 0.274575 0.991945 0.280467
0.953282 0.274607 0.992046 0.280472
0.953378 0.274639 0.992147 0.280476
0.953474 0.274671 0.992248 0.280480
0.953569 0.274703 0.992349 0.280484
0.953665 0.274734 0.992450 0.280488
0.953761 0.274766 0.992551 0.280491
0.953857 0.274797 0.992652 0.280495
0.953953 0.274828 0.992753 0.280498
0.954049 0.274859 0.992853 0.280501
0.954146 0.274890 0.992954 0.280504
0.954242 0.274921 0.993055 0.280507
0.954338 0.274951 0.993156 0.280510
0.954434 0.274982 0.993257 0.280513
0.954530 0.275012 0.993358 0.280515
0.954627 0.275042 0.993459 0.280518
0.954723 0.275072 0.993560 0.280520
0.954819 0.275102 0.993660 0.280522
0.954916 0.275132 0.993761 0.280524
0.955012 0.275161 0.993862 0.280526
0.955108 0.275191 0.993963 0.280527
0.955205 0.275220 0.994064 0.280529
0.955301 0.275249 0.994164 0.280530
0.955398 0.275278 0.994265 0.280531
0.955495 0.275307 0.994366 0.280532
0.955591 0.275336 0.994467 0.280533
0.955688 0.275365 0.994568 0.280534
0.955784 0.275393 0.994668 0.280534
0.955881 0.275421 0.994769 0.280535
0.955978 0.275450 0.994870 0.280535
0.956075 0.275478 0.994971 0.280535
0.956171 0.275505 0.995071 0.280535
0.956268 0.275533 0.995172 0.280535
0.956365 0.275561 0.995273 0.280535
0.956462 0.275588 0.995374 0.280534
0.956559 0.275616 0.995474 0.280534
0.956656 0.275643 0.995575 0.280533
0.956753 0.275670 0.995676 0.280532
0.956850 0.275697 0.995776 0.280531
0.956947 0.275724 0.995877 0.280530
0.957044 0.275750 0.995978 0.280529
0.957141 0.275777 0.996078 0.280527
0.957238 0.275803 0.996179 0.280526
0.957336 0.275829 0.996280 0.280524
0.957433 0.275855 0.996380 0.280522
0.957530 0.275881 0.996481 0.280520
0.957627 0.275907 0.996582 0.280518
0.957725 0.275933 0.996682 0.280516
0.957822 0.275958 0.996783 0.280513
0.957919 0.275984 0.996883 0.280511
0.958017 0.276009 0.996984 0.280508
0.958114 0.276034 0.997085 0.280505
0.958212 0.276059 0.997185 0.280502
0.958309 0.276084 0.997286 0.280499
0.958407 0.276108 0.997386 0.280496
0.958504 0.276133 0.997487 0.280492
0.958602 0.276157 0.997587 0.280489
0.958700 0.276181 0.997688 0.280485
0.958797 0.276206 0.997788 0.280481
0.958895 0.276230 0.997889 0.280477
0.958993 0.276253 0.997989 0.280473
0.959090 0.276277 0.998090 0.280468
0.959188 0.276301 0.998190 0.280464
0.959286 0.276324 0.998291 0.280459
0.959384 0.276347 0.998391 0.280455
0.959482 0.276370 0.998492 0.280450
0.959580 0.276393 0.998592 0.280445
0.959678 0.276416 0.998693 0.280439
0.959776 0.276439 0.998793 0.280434
0.959874 0.276461 0.998893 0.280429
0.959972 0.276484 0.998994 0.280423
0.960070 0.276506 0.999094 0.280417
0.960168 0.276528 0.999195 0.280411
0.960266 0.276550 0.999295 0.280405
0.960364 0.276572 0.999395 0.280399
0.960462 0.276594 0.999496 0.280393
0.960560 0.276615 0.999596 0.280386
0.960659 0.276637 0.999696 0.280380
0.960757 0.276658 0.999797 0.280373
0.960855 0.276679 0.999897 0.280366
0.960954 0.276700 0.999997 0.280359
0.961052 0.276721 1.000098 0.280352
0.961150 0.276742 1.000198 0.280345
0.961249 0.276762 1.000298 0.280337
0.961347 0.276783 1.000398 0.280330
0.961446 0.276803 1.000499 0.280322
0.961544 0.276823 1.000599 0.280314
0.961643 0.276843 1.000699 0.280306
0.961741 0.276863 1.000799 0.280298
0.961840 0.276883 1.000900 0.280289
0.961939 0.276902 1.001000 0.280281
0.962037 0.276922 1.001100 0.280272
0.962136 0.276941 1.001200 0.280264
0.962235 0.276960 1.001300 0.280255
0.962333 0.276979 1.001401 0.280246
0.962432 0.276998 1.001501 0.280237
0.962531 0.277017 1.001601 0.280227
0.962630 0.277035 1.001701 0.280218
0.962729 0.277054 1.001801 0.280208
0.962828 0.277072 1.001901 0.280198
0.962927 0.277090 1.002001 0.280189
0.963025 0.277108 1.002101 0.280179
0.963124 0.277126 1.002201 0.280168
0.963223 0.277144 1.002301 0.280158
0.963322 0.277162 1.002401 0.280148
0.963422 0.277179 1.002502 0.280137
0.963521 0.277196 1.002602 0.280126
0.963620 0.277214 1.002702 0.280116
0.963719 0.277231 1.002802 0.280105
0.963818 0.277248 1.002902 0.280093
0.963917 0.277264 1.003002 0.280082
0.964017 0.277281 1.003102 0.280071
0.964116 0.277297 1.003201 0.280059
0.964215 0.277314 1.003301 0.280047
0.964314 0.277330 1.003401 0.280036
0.964414 0.277346 1.003501 0.280024
0.964513 0.277362 1.003601 0.280011
0.964613 0.277378 1.003701 0.279999
0.964712 0.277393 1.003801 0.279987
0.964812 0.277409 1.003901 0.279974
0.964911 0.277424 1.004001 0.279962
0.965011 0.277439 1.004101 0.279949
0.965110 0.277454 1.004200 0.279936
0.965210 0.277469 1.004300 0.279923
0.965309 0.277484 1.004400 0.279909
0.965409 0.277499 1.004500 0.279896
0.965509 0.277513 1.004600 0.279883
0.965608 0.277528 1.004699 0.279869
0.965708 0.277542 1.004799 0.279855
0.965808 0.277556 1.004899 0.279841
0.965907 0.277570 1.004999 0.279827
0.966007 0.277584 1.005098 0.279813
0.966107 0.277597 1.005198 0.279798
0.966207 0.277611 1.005298 0.279784
0.966307 0.277624 1.005397 0.279769
0.966407 0.277638 1.005497 0.279754
0.966507 0.277651 1.005597 0.279740
0.966607 0.277664 1.005696 0.279725
0.966707 0.277676 1.005796 0.279709
0.966807 0.277689 1.005896 0.279694
0.966907 0.277702 1.005995 0.279679
0.967007 0.277714 1.006095 0.279663
0.967107 0.277726 1.006195 0.279647
0.967207 0.277738 1.006294 0.279631
0.967307 0.277750 1.006394 0.279615
0.967407 0.277762 1.006493 0.279599
0.967507 0.277774 1.006593 0.279583
0.967608 0.277785 1.006692 0.279566
0.967708 0.277797 1.006792 0.279550
0.967808 0.277808 1.006891 0.279533
0.967908 0.277819 1.006991 0.279516
0.968009 0.277830 1.007090 0.279499
0.968109 0.277841 1.007190 0.279482
0.968210 0.277852 1.007289 0.279465
0.968310 0.277862 1.007389 0.279447
0.968410 0.277873 1.007488 0.279430
0.968511 0.277883 1.007587 0.279412
0.968611 0.277893 1.007687 0.279394
0.968712 0.277903 1.007786 0.279376
0.968812 0.277913 1.007885 0.279358
0.968913 0.277923 1.007985 0.279340
0.969014 0.277932 1.008084 0.279322
0.969114 0.277942 1.008183 0.279303
0.969215 0.277951 1.008283 0.279284
0.969315 0.277960 1.008382 0.279266
0.969416 0.277969 1.008481 0.279247
0.969517 0.277978 1.008581 0.279228
0.969618 0.277987 1.008680 0.279208
0.969718 0.277995 1.008779 0.279189
0.969819 0.278004 1.008878 0.279170
0.969920 0.278012 1.008977 0.279150
0.970021 0.278020 1.009077 0.279130
0.970122 0.278028 1.009176 0.279110
0.970223 0.278036 1.009275 0.279090
0.970323 0.278044 1.009374 0.279070
0.970424 0.278052 1.009473 0.279050
0.970525 0.278059 1.009572 0.279029
0.970626 0.278066 1.009671 0.279009
0.970727 0.278074 1.009771 0.278988
0.970828 0.278081 1.009870 0.278967
0.970929 0.278088 1.009969 0.278946
0.971031 0.278094 1.010068 0.278925
0.971132 0.278101 1.010167 0.278904
0.971233 0.278107 1.010266 0.278882
0.971334 0.278114 1.010365 0.278861
0.971435 0.278120 1.010464 0.278839
0.971536 0.278126 1.010563 0.278817
0.971638 0.278132 1.010662 0.278795
0.971739 0.278138 1.010761 0.278773
0.971840 0.278143 1.010860 0.278751
0.971941 0.278149 1.010958 0.278729
0.972043 0.278154 1.011057 0.278706
0.972144 0.278159 1.011156 0.278684
0.972245 0.278164 1.011255 0.278661
0.972347 0.278169 1.011354 0.278638
0.972448 0.278174 1.011453 0.278615
0.972550 0.278179 1.011552 0.278592
0.972651 0.278183 1.011650 0.278569
0.972753 0.278188 1.011749 0.278545
0.972854 0.278192 1.011848 0.278522
0.972956 0.278196 1.011947 0.278498
0.973057 0.278200 1.012045 0.278474
0.973159 0.278204 1.012144 0.278450
0.973261 0.278207 1.012243 0.278426
0.973362 0.278211 1.012341 0.278402
0.973464 0.278214 1.012440 0.278377
0.973566 0.278218 1.012539 0.278353
0.973667 0.278221 1.012637 0.278328
0.973769 0.278224 1.012736 0.278303
0.973871 0.278226 1.012835 0.278278
0.973972 0.278229 1.012933 0.278253
0.974074 0.278232 1.013032 0.278228
0.974176 0.278234 1.013130 0.278203
0.974278 0.278236 1.013229 0.278177
0.974380 0.278238 1.013327 0.278152
0.974482 0.278240 1.013426 0.278126
0.974584 0.278242 1.013524 0.278100
0.974685 0.278244 1.013623 0.278074
0.974787 0.278246 1.013721 0.278048
0.974889 0.278247 1.013820 0.278022
0.974991 0.278248 1.013918 0.277996
0.975093 0.278249 1.014017 0.277969
0.975195 0.278250 1.014115 0.277942
0.975298 0.278251 1.014213 0.277916
0.975400 0.278252 1.014312 0.277889
0.975502 0.278253 1.014410 0.277862
0.975604 0.278253 1.014509 0.277834
0.975706 0.278253 1.014607 0.277807
0.975808 0.278253 1.014705 0.277780
0.975910 0.278253 1.014803 0.277752
0.976013 0.278253 1.014902 0.277724
0.976115 0.278253 1.015000 0.277696
0.976217 0.278253 1.015098 0.277668
0.976319 0.278252 1.015196 0.277640
0.976422 0.278251 1.015295 0.277612
0.976524 0.278251 1.015393 0.277584
0.976626 0.278250 1.015491 0.277555
0.976729 0.278248 1.015589 0.277526
0.976831 0.278247 1.015687 0.277498
0.976933 0.278246 1.015785 0.277469
0.977036 0.278244 1.015883 0.277439
0.977138 0.278243 1.015981 0.277410
0.977241 0.278241 1.016079 0.277381
0.977343 0.278239 1.016177 0.277352
0.977446 0.278237 1.016276 0.277322
0.977548 0.278235 1.016374 0.277292
0.977651 0.278232 1.016471 0.277262
0.977753 0.278230 1.016569 0.277232
0.977856 0.278227 1.016667 0.277202
0.977959 0.278224 1.016765 0.277172
0.978061 0.278221 1.016863 0.277142
0.978164 0.278218 1.016961 0.277111
0.978267 0.278215 1.017059 0.277080
0.978369 0.278212 1.017157 0.277050
0.978472 0.278208 1.017255 0.277019
0.978575 0.278205 1.017353 0.276988
0.978677 0.278201 1.017450 0.276956
0.978780 0.278197 1.017548 0.276925
0.978883 0.278193 1.017646 0.276894
0.978986 0.278189 1.017744 0.276862
0.979089 0.278184 1.017841 0.276830
0.979191 0.278180 1.017939 0.276799
0.979294 0.278175 1.018037 0.276767
0.979397 0.278170 1.018134 0.276734
0.979500 0.278166 1.018232 0.276702
0.979603 0.278160 1.018330 0.276670
0.979706 0.278155 1.018427 0.276637
0.979809 0.278150 1.018525 0.276605
0.979912 0.278145 1.018623 0.276572
0.980015 0.278139 1.018720 0.276539
0.980118 0.278133 1.018818 0.276506
0.980221 0.278127 1.018915 0.276473
0.980324 0.278121 1.019013 0.276440
0.980427 0.278115 1.019110 0.276406
0.980530 0.278109 1.019208 0.276373
0.980633 0.278102 1.019305 0.276339
0.980737 0.278096 1.019403 0.276305
0.980840 0.278089 1.019500 0.276271
0.980943 0.278082 1.019597 0.276237
0.981046 0.278075 1.019695 0.276203
0.981149 0.278068 1.019792 0.276169
0.981253 0.278061 1.019889 0.276134
0.981356 0.278053 1.019987 0.276100
0.981459 0.278046 1.020084 0.276065
0.981562 0.278038 1.020181 0.276030
0.981666 0.278030 1.020279 0.275995
0.981769 0.278022 1.020376 0.275960
0.981872 0.278014 1.020473 0.275925
0.981976 0.278006 1.020570 0.275889
0.982079 0.277998 1.020667 0.275854
0.982182 0.277989 1.020765 0.275818
0.982286 0.277980 1.020862 0.275782
0.982389 0.277972 1.020959 0.275746
0.982493 0.277963 1.021056 0.275710
0.982596 0.277954 1.021153 0.275674
0.982700 0.277944 1.021250 0.275638
0.982803 0.277935 1.021347 0.275602
0.982907 0.277926 1.021444 0.275565
0.983010 0.277916 1.021541 0.275528
0.983114 0.277906 1.021638 0.275492
0.983217 0.277896 1.021735 0.275455
0.983321 0.277886 1.021832 0.275418
0.983425 0.277876 1.021929 0.275380
0.983528 0.277866 1.022026 0.275343
0.983632 0.277855 1.022123 0.275306
0.983736 0.277844 1.022220 0.275268
0.983839 0.277834 1.022317 0.275230
0.983943 0.277823 1.022413 0.275193
0.984047 0.277812 1.022510 0.275155
0.984150 0.277801 1.022607 0.275117
0.984254 0.277789 1.022704 0.275078
0.984358 0.277778 1.022800 0.275040
0.984462 0.277766 1.022897 0.275002
0.984565 0.277754 1.022994 0.274963
0.984669 0.277743 1.023091 0.274924
0.984773 0.277730 1.023187 0.274885
0.984877 0.277718 1.023284 0.274846
0.984981 0.277706 1.023380 0.274807
0.985085 0.277694 1.023477 0.274768
0.985188 0.277681 1.023574 0.274729
0.985292 0.277668 1.023670 0.274689
0.985396 0.277655 1.023767 0.274650
0.985500 0.277642 1.023863 0.274610
0.985604 0.277629 1.023960 0.274570
0.985708 0.277616 1.024056 0.274530
0.985812 0.277603 1.024153 0.274490
0.985916 0.277589 1.024249 0.274450
0.986020 0.277575 1.024346 0.274409
0.986124 0.277562 1.024442 0.274369
0.986228 0.277548 1.024538 0.274328
0.986332 0.277533 1.024635 0.274287
0.986436 0.277519 1.024731 0.274246
0.986540 0.277505 1.024827 0.274205
0.986645 0.277490 1.024924 0.274164
0.986749 0.277476 1.025020 0.274123
0.986853 0.277461 1.025116 0.274082
0.986957 0.277446 1.025212 0.274040
0.987061 0.277431 1.025308 0.273998
0.987165 0.277416 1.025405 0.273957
0.987269 0.277400 1.025501 0.273915
0.987374 0.277385 1.025597 0.273873
0.987478 0.277369 1.025693 0.273830
0.987582 0.277353 1.025789 0.273788
0.987686 0.277337 1.025885 0.273746
0.987791 0.277321 1.025981 0.273703
0.987895 0.277305 1.026077 0.273661
0.987999 0.277289 1.026173 0.273618
0.988104 0.277272 1.026269 0.273575
0.988208 0.277256 1.026365 0.273532
0.988312 0.277239 1.026461 0.273489
0.988417 0.277222 1.026557 0.273445
0.988521 0.277205 1.026653 0.273402
0.988625 0.277188 1.026749 0.273358
0.988730 0.277171 1.026845 0.273315
0.988834 0.277153 1.026941 0.273271
0.988939 0.277136 1.027036 0.273227
0.989043 0.277118 1.027132 0.273183
0.989148 0.277100 1.027228 0.273139
0.989252 0.277082 1.027324 0.273094
0.989356 0.277064 1.027419 0.273050
0.989461 0.277046 1.027515 0.273005
0.989565 0.277027 1.027611 0.272961
0.989670 0.277009 1.027706 0.272916
0.989775 0.276990 1.027802 0.272871
0.989879 0.276971 1.027898 0.272826
0.989984 0.276952 1.027993 0.272781
0.990088 0.276933 1.028089 0.272735
0.990193 0.276914 1.028184 0.272690
0.990297 0.276894 1.028280 0.272644
0.990402 0.276875 1.028375 0.272599
0.990507 0.276855 1.028471 0.272553
0.990611 0.276835 1.028566 0.272507
0.990716 0.276815 1.028662 0.272461
0.990821 0.276795 1.028757 0.272415
0.990925 0.276775 1.028852 0.272369
0.991030 0.276755 1.028948 0.272322
0.991135 0.276734 1.029043 0.272276
0.991239 0.276714 1.029138 0.272229
0.991344 0.276693 1.029234 0.272182
0.991449 0.276672 1.029329 0.272135
0.991554 0.276651 1.029424 0.272088
0.991658 0.276630 1.029519 0.272041
0.991763 0.276608 1.029615 0.271994
0.991868 0.276587 1.029710 0.271946
0.991973 0.276565 1.029805 0.271899
0.992078 0.276544 1.029900 0.271851
0.992182 0.276522 1.029995 0.271803
0.992287 0.276500 1.030090 0.271755
0.992392 0.276477 1.030185 0.271707
0.992497 0.276455 1.030280 0.271659
0.992602 0.276433 1.030375 0.271611
0.992707 0.276410 1.030470 0.271562
0.992812 0.276387 1.030565 0.271514
0.992916 0.276365 1.030660 0.271465
0.993021 0.276342 1.030755 0.271416
0.993126 0.276319 1.030850 0.271368
0.993231 0.276295 1.030945 0.271319
0.993336 0.276272 1.031040 0.271269
0.993441 0.276248 1.031135 0.271220
0.993546 0.276225 1.031229 0.271171
0.993651 0.276201 1.031324 0.271121
0.993756 0.276177 1.031419 0.271072
0.993861 0.276153 1.031514 0.271022
0.993966 0.276129 1.031608 0.270972
0.994071 0.276104 1.031703 0.270922
0.994176 0.276080 1.031798 0.270872
0.994281 0.276055 1.031892 0.270822
0.994386 0.276030 1.031987 0.270771
0.994491 0.276005 1.032081 0.270721
0.994596 0.275980 1.032176 0.270670
0.994701 0.275955 1.032270 0.270619
0.994807 0.275930 1.032365 0.270568
0.994912 0.275904 1.032459 0.270518
0.995017 0.275879 1.032554 0.270466
0.995122 0.275853 1.032648 0.270415
0.995227 0.275827 1.032743 0.270364
0.995332 0.275801 1.032837 0.270312
0.995437 0.275775 1.032931 0.270261
0.995543 0.275749 1.033026 0.270209
0.995648 0.275722 1.033120 0.270157
0.995753 0.275696 1.033214 0.270105
0.995858 0.275669 1.033309 0.270053
0.995963 0.275642 1.033403 0.270001
0.996069 0.275615 1.033497 0.269949
0.996174 0.275588 1.033591 0.269896
0.996279 0.275561 1.033685 0.269844
0.996384 0.275533 1.033780 0.269791
0.996490 0.275506 1.033874 0.269738
0.996595 0.275478 1.033968 0.269685
0.996700 0.275450 1.034062 0.269632
0.996805 0.275422 1.034156 0.269579
0.996911 0.275394 1.034250 0.269526
0.997016 0.275366 1.034344 0.269472
0.997121 0.275338 1.034438 0.269419
0.997227 0.275309 1.034532 0.269365
0.997332 0.275281 1.034626 0.269311
0.997437 0.275252 1.034720 0.269258
0.997543 0.275223 1.034813 0.269204
0.997648 0.275194 1.034907 0.269149
0.997753 0.275165 1.035001 0.269095
0.997859 0.275135 1.035095 0.269041
0.997964 0.275106 1.035189 0.268986
0.998069 0.275076 1.035282 0.268932
0.998175 0.275047 1.035376 0.268877
0.998280 0.275017 1.035470 0.268822
0.998386 0.274987 1.035563 0.268767
0.998491 0.274957 1.035657 0.268712
0.998596 0.274926 1.035751 0.268657
0.998702 0.274896 1.035844 0.268602
0.998807 0.274865 1.035938 0.268546
0.998913 0.274835 1.036031 0.268491
0.999018 0.274804 1.036125 0.268435
0.999124 0.274773 1.036218 0.268379
0.999229 0.274742 1.036312 0.268323
0.999335 0.274711 1.036405 0.268267
0.999440 0.274679 1.036499 0.268211
0.999546 0.274648 1.036592 0.268155
0.999651 0.274616 1.036685 0.268098
0.999757 0.274584 1.036779 0.268042
0.999862 0.274552 1.036872 0.267985
0.999968 0.274520 1.036965 0.267928
1.000073 0.274488 1.037058 0.267871
1.000179 0.274456 1.037152 0.267815
1.000284 0.274423 1.037245 0.267757
1.000390 0.274391 1.037338 0.267700
1.000495 0.274358 1.037431 0.267643
1.000601 0.274325 1.037524 0.267585
1.000706 0.274292 1.037617 0.267528
1.000812 0.274259 1.037710 0.267470
1.000918 0.274226 1.037803 0.267412
1.001023 0.274192 1.037896 0.267354
1.001129 0.274159 1.037989 0.267296
1.001234 0.274125 1.038082 0.267238
1.001340 0.274091 1.038175 0.267180
1.001446 0.274057 1.038268 0.267121
1.001551 0.274023 1.038361 0.267063
1.001657 0.273989 1.038454 0.267004
1.001763 0.273954 1.038547 0.266945
1.001868 0.273920 1.038639 0.266887
1.001974 0.273885 1.038732 0.266828
1.002079 0.273850 1.038825 0.266768
1.002185 0.273815 1.038918 0.266709
1.002291 0.273780 1.039010 0.266650
1.002396 0.273745 1.039103 0.266590
1.002502 0.273710 1.039196 0.266531
1.002608 0.273674 1.039288 0.266471
1.002713 0.273639 1.039381 0.266411
1.002819 0.273603 1.039473 0.266351
1.002925 0.273567 1.039566 0.266291
1.003030 0.273531 1.039658 0.266231
1.003136 0.273495 1.039751 0.266171
1.003242 0.273459 1.039843 0.266110
1.003348 0.273422 1.039936 0.266050
1.003453 0.273386 1.040028 0.265989
1.003559 0.273349 1.040120 0.265928
1.003665 0.273312 1.040213 0.265868
1.003771 0.273275 1.040305 0.265807
1.003876 0.273238 1.040397 0.265745
1.003982 0.273201 1.040490 0.265684
1.004088 0.273164 1.040582 0.265623
1.004193 0.273126 1.040674 0.265561
1.004299 0.273088 1.040766 0.265500
1.004405 0.273051 1.040858 0.265438
1.004511 0.273013 1.040950 0.265376
1.004617 0.272975 1.041042 0.265315
1.004722 0.272936 1.041135 0.265252
1.004828 0.272898 1.041227 0.265190
1.004934 0.272860 1.041319 0.265128
1.005040 0.272821 1.041411 0.265066
1.005145 0.272782 1.041502 0.265003
1.005251 0.272743 1.041594 0.264941
1.005357 0.272704 1.041686 0.264878
1.005463 0.272665 1.041778 0.264815
1.005569 0.272626 1.041870 0.264752
1.005674 0.272587 1.041962 0.264689
1.005780 0.272547 1.042054 0.264626
1.005886 0.272507 1.042145 0.264562
1.005992 0.272468 1.042237 0.264499
1.006098 0.272428 1.042329 0.264436
1.006203 0.272388 1.042420 0.264372
1.006309 0.272347 1.042512 0.264308
1.006415 0.272307 1.042604 0.264244
1.006521 0.272267 1.042695 0.264180
1.006627 0.272226 1.042787 0.264116
1.006733 0.272185 1.042878 0.264052
1.006838 0.272144 1.042970 0.263988
1.006944 0.272103 1.043061 0.263923
1.007050 0.272062 1.043153 0.263859
1.007156 0.272021 1.043244 0.263794
1.007262 0.271979 1.043335 0.263729
1.007368 0.271938 1.043427 0.263664
1.007473 0.271896 1.043518 0.263599
1.007579 0.271854 1.043609 0.263534
1.007685 0.271812 1.043701 0.263469
1.007791 0.271770 1.043792 0.263403
1.007897 0.271728 1.043883 0.263338
1.008003 0.271685 1.043974 0.263272
1.008109 0.271643 1.044066 0.263207
1.008214 0.271600 1.044157 0.263141
1.008320 0.271557 1.044248 0.263075
1.008426 0.271515 1.044339 0.263009
1.008532 0.271472 1.044430 0.262943
1.008638 0.271428 1.044521 0.262876
1.008744 0.271385 1.044612 0.262810
1.008850 0.271342 1.044703 0.262743
1.008956 0.271298 1.044794 0.262677
1.009061 0.271254 1.044885 0.262610
1.009167 0.271210 1.044975 0.262543
1.009273 0.271166 1.045066 0.262476
1.009379 0.271122 1.045157 0.262409
1.009485 0.271078 1.045248 0.262342
1.009591 0.271034 1.045339 0.262275
1.009697 0.270989 1.045429 0.262207
1.009803 0.270944 1.045520 0.262140
1.009908 0.270900 1.045611 0.262072
1.010014 0.270855 1.045701 0.262005
1.010120 0.270810 1.045792 0.261937
1.010226 0.270764 1.045882 0.261869
1.010332 0.270719 1.045973 0.261801
1.010438 0.270673 1.046063 0.261732
1.010544 0.270628 1.046154 0.261664
1.010650 0.270582 1.046244 0.261596
1.010756 0.270536 1.046335 0.261527
1.010861 0.270490 1.046425 0.261459
1.010967 0.270444 1.046516 0.261390
1.011073 0.270398 1.046606 0.261321
1.011179 0.270351 1.046696 0.261252
1.011285 0.270305 1.046787 0.261183
1.011391 0.270258 1.046877 0.261114
1.011497 0.270211 1.046967 0.261044
1.011603 0.270164 1.047057 0.260975
1.011709 0.270117 1.047147 0.260905
1.011814 0.270070 1.047237 0.260836
1.011920 0.270023 1.047328 0.260766
1.012026 0.269975 1.047418 0.260696
1.012132 0.269928 1.047508 0.260626
1.012238 0.269880 1.047598 0.260556
1.012344 0.269832 1.047688 0.260486
1.012450 0.269784 1.047778 0.260416
1.012556 0.269736 1.047867 0.260345
1.012661 0.269687 1.047957 0.260275
1.012767 0.269639 1.048047 0.260204
1.012873 0.269591 1.048137 0.260133
1.012979 0.269542 1.048227 0.260062
1.013085 0.269493 1.048317 0.259991
1.013191 0.269444 1.048406 0.259920
1.013297 0.269395 1.048496 0.259849
1.013403 0.269346 1.048586 0.259778
1.013508 0.269296 1.048675 0.259706
1.013614 0.269247 1.048765 0.259635
1.013720 0.269197 1.048854 0.259563
1.013826 0.269147 1.048944 0.259491
1.013932 0.269098 1.049034 0.259420
1.014038 0.269048 1.049123 0.259348
1.014144 0.268997 1.049212 0.259275
1.014249 0.268947 1.049302 0.259203
1.014355 0.268897 1.049391 0.259131
1.014461 0.268846 1.049481 0.259059
1.014567 0.268795 1.049570 0.258986
1.014673 0.268745 1.049659 0.258913
1.014779 0.268694 1.049749 0.258841
1.014885 0.268643 1.049838 0.258768
1.014990 0.268591 1.049927 0.258695
1.015096 0.268540 1.050016 0.258622
1.015202 0.268488 1.050105 0.258549
1.015308 0.268437 1.050194 0.258475
1.015414 0.268385 1.050284 0.258402
1.015520 0.268333 1.050373 0.258328
1.015625 0.268281 1.050462 0.258255
1.015731 0.268229 1.050551 0.258181
1.015837 0.268177 1.050640 0.258107
1.015943 0.268124 1.050729 0.258033
1.016049 0.268072 1.050817 0.257959
1.016154 0.268019 1.050906 0.257885
1.016260 0.267966 1.050995 0.257811
1.016366 0.267913 1.051084 0.257736
1.016472 0.267860 1.051173 0.257662
1.016578 0.267807 1.051261 0.257587
1.016683 0.267754 1.051350 0.257513
1.016789 0.267700 1.051439 0.257438
1.016895 0.267647 1.051527 0.257363
1.017001 0.267593 1.051616 0.257288
1.017107 0.267539 1.051705 0.257213
1.017212 0.267485 1.051793 0.257138
1.017318 0.267431 1.051882 0.257062
1.017424 0.267377 1.051970 0.256987
1.017530 0.267322 1.052059 0.256911
1.017635 0.267268 1.052147 0.256835
1.017741 0.267213 1.052236 0.256760
1.017847 0.267158 1.052324 0.256684
1.017953 0.267103 1.052412 0.256608
1.018058 0.267048 1.052501 0.256532
1.018164 0.266993 1.052589 0.256455
1.018270 0.266938 1.052677 0.256379
1.018375 0.266882 1.052765 0.256303
1.018481 0.266827 1.052853 0.256226
1.018587 0.266771 1.052942 0.256150
1.018693 0.266715 1.053030 0.256073
1.018798 0.266659 1.053118 0.255996
1.018904 0.266603 1.053206 0.255919
1.019010 0.266547 1.053294 0.255842
1.019115 0.266490 1.053382 0.255765
1.019221 0.266434 1.053470 0.255687
1.019327 0.266377 1.053558 0.255610
1.019432 0.266320 1.053646 0.255533
1.019538 0.266263 1.053733 0.255455
1.019644 0.266206 1.053821 0.255377
1.019749 0.266149 1.053909 0.255299
1.019855 0.266092 1.053997 0.255222
1.019961 0.266034 1.054084 0.255143
1.020066 0.265977 1.054172 0.255065
1.020172 0.265919 1.054260 0.254987
1.020278 0.265861 1.054347 0.254909
1.020383 0.265803 1.054435 0.254830
1.020489 0.265745 1.054523 0.254752
1.020594 0.265687 1.054610 0.254673
1.020700 0.265629 1.054698 0.254594
1.020806 0.265570 1.054785 0.254515
1.020911 0.265511 1.054872 0.254436
1.021017 0.265453 1.054960 0.254357
1.021122 0.265394 1.055047 0.254278
1.021228 0.265335 1.055135 0.254199
1.021333 0.265276 1.055222 0.254119
1.021439 0.265216 1.055309 0.254040
1.021545 0.265157 1.055396 0.253960
1.021650 0.265097 1.055484 0.253881
1.021756 0.265038 1.055571 0.253801
1.021861 0.264978 1.055658 0.253721
1.021967 0.264918 1.055745 0.253641
1.022072 0.264858 1.055832 0.253561
1.022178 0.264798 1.055919 0.253480
1.022283 0.264737 1.056006 0.253400
1.022389 0.264677 1.056093 0.253320
1.022494 0.264616 1.056180 0.253239
1.022600 0.264556 1.056267 0.253158
1.022705 0.264495 1.056354 0.253078
1.022811 0.264434 1.056441 0.252997
1.022916 0.264373 1.056527 0.252916
1.023021 0.264311 1.056614 0.252835
1.023127 0.264250 1.056701 0.252753
1.023232 0.264189 1.056788 0.252672
1.023338 0.264127 1.056874 0.252591
1.023443 0.264065 1.056961 0.252509
1.023549 0.264003 1.057047 0.252428
1.023654 0.263941 1.057134 0.252346
1.023759 0.263879 1.057221 0.252264
1.023865 0.263817 1.057307 0.252182
1.023970 0.263754 1.057394 0.252100
1.024075 0.263692 1.057480 0.252018
1.024181 0.263629 1.057566 0.251936
1.024286 0.263566 1.057653 0.251853
1.024391 0.263503 1.057739 0.251771
1.024497 0.263440 1.057825 0.251688
1.024602 0.263377 1.057912 0.251606
1.024707 0.263314 1.057998 0.251523
1.024813 0.263250 1.058084 0.251440
1.024918 0.263187 1.058170 0.251357
1.025023 0.263123 1.058256 0.251274
1.025129 0.263059 1.058342 0.251191
1.025234 0.262995 1.058429 0.251108
1.025339 0.262931 1.058515 0.251024
1.025444 0.262867 1.058601 0.250941
1.025550 0.262803 1.058687 0.250857
1.025655 0.262738 1.058772 0.250774
1.025760 0.262674 1.058858 0.250690
1.025865 0.262609 1.058944 0.250606
1.025970 0.262544 1.059030 0.250522
1.026076 0.262479 1.059116 0.250438
1.026181 0.262414 1.059202 0.250354
1.026286 0.262348 1.059287 0.250269
1.026391 0.262283 1.059373 0.250185
1.026496 0.262218 1.059459 0.250101
1.026601 0.262152 1.059544 0.250016
1.026707 0.262086 1.059630 0.249931
1.026812 0.262020 1.059715 0.249846
1.026917 0.261954 1.059801 0.249762
1.027022 0.261888 1.059886 0.249677
1.027127 0.261822 1.059972 0.249591
1.027232 0.261755 1.060057 0.249506
1.027337 0.261689 1.060143 0.249421
1.027442 0.261622 1.060228 0.249336
1.027547 0.261555 1.060313 0.249250
1.027652 0.261488 1.060399 0.249164
1.027757 0.261421 1.060484 0.249079
1.027862 0.261354 1.060569 0.248993
1.027967 0.261287 1.060654 0.248907
1.028072 0.261219 1.060739 0.248821
1.028177 0.261152 1.060824 0.248735
1.028282 0.261084 1.060910 0.248649
1.028387 0.261016 1.060995 0.248562
1.028492 0.260948 1.061080 0.248476
1.028597 0.260880 1.061165 0.248389
1.028702 0.260812 1.061249 0.248303
1.028807 0.260743 1.061334 0.248216
1.028912 0.260675 1.061419 0.248129
1.029017 0.260606 1.061504 0.248042
1.029122 0.260537 1.061589 0.247955
1.029226 0.260469 1.061674 0.247868
1.029331 0.260400 1.061758 0.247781
1.029436 0.260330 1.061843 0.247693
1.029541 0.260261 1.061928 0.247606
1.029646 0.260192 1.062012 0.247518
1.029751 0.260122 1.062097 0.247431
1.029855 0.260053 1.062181 0.247343
1.029960 0.259983 1.062266 0.247255
1.030065 0.259913 1.062350 0.247167
1.030170 0.259843 1.062435 0.247079
1.030274 0.259773 1.062519 0.246991
1.030379 0.259702 1.062604 0.246903
1.030484 0.259632 1.062688 0.246815
1.030589 0.259561 1.062772 0.246726
1.030693 0.259491 1.062857 0.246638
1.030798 0.259420 1.062941 0.246549
1.030903 0.259349 1.063025 0.246460
1.031007 0.259278 1.063109 0.246371
1.031112 0.259207 1.063193 0.246282
1.031216 0.259135 1.063277 0.246193
1.031321 0.259064 1.063361 0.246104
1.031426 0.258992 1.063445 0.246015
1.031530 0.258921 1.063529 0.245926
1.031635 0.258849 1.063613 0.245836
1.031739 0.258777 1.063697 0.245747
1.031844 0.258705 1.063781 0.245657
1.031948 0.258633 1.063865 0.245567
1.032053 0.258560 1.063949 0.245478
1.032158 0.258488 1.064032 0.245388
1.032262 0.258415 1.064116 0.245298
1.032366 0.258343 1.064200 0.245208
1.032471 0.258270 1.064284 0.245117
1.032575 0.258197 1.064367 0.245027
1.032680 0.258124 1.064451 0.244937
1.032784 0.258051 1.064534 0.244846
1.032889 0.257977 1.064618 0.244755
1.032993 0.257904 1.064701 0.244665
1.033097 0.257830 1.064785 0.244574
1.033202 0.257756 1.064868 0.244483
1.033306 0.257683 1.064952 0.244392
1.033410 0.257609 1.065035 0.244301
1.033515 0.257534 1.065118 0.244210
1.033619 0.257460 1.065201 0.244118
1.033723 0.257386 1.065285 0.244027
1.033828 0.257311 1.065368 0.243935
1.033932 0.257237 1.065451 0.243844
1.034036 0.257162 1.065534 0.243752
1.034140 0.257087 1.065617 0.243660
1.034245 0.257012 1.065700 0.243569
1.034349 0.256937 1.065783 0.243477
1.034453 0.256862 1.065866 0.243384
1.034557 0.256786 1.065949 0.243292
1.034661 0.256711 1.066032 0.243200
1.034765 0.256635 1.066115 0.243108
1.034870 0.256559 1.066198 0.243015
1.034974 0.256484 1.066281 0.242923
1.035078 0.256408 1.066363 0.242830
1.035182 0.256331 1.066446 0.242737
1.035286 0.256255 1.066529 0.242644
1.035390 0.256179 1.066611 0.242551
1.035494 0.256102 1.066694 0.242458
1.035598 0.256026 1.066777 0.242365
1.035702 0.255949 1.066859 0.242272
1.035806 0.255872 1.066942 0.242179
1.035910 0.255795 1.067024 0.242085
1.036014 0.255718 1.067106 0.241992
1.036118 0.255641 1.067189 0.241898
1.036222 0.255563 1.067271 0.241804
1.036326 0.255486 1.067354 0.241710
1.036429 0.255408 1.067436 0.241617
1.036533 0.255330 1.067518 0.241523
1.036637 0.255252 1.067600 0.241428
1.036741 0.255174 1.067682 0.241334
1.036845 0.255096 1.067765 0.241240
1.036949 0.255018 1.067847 0.241145
1.037052 0.254940 1.067929 0.241051
1.037156 0.254861 1.068011 0.240956
1.037260 0.254782 1.068093 0.240862
1.037364 0.254704 1.068175 0.240767
1.037467 0.254625 1.068257 0.240672
1.037571 0.254546 1.068338 0.240577
1.037675 0.254467 1.068420 0.240482
1.037778 0.254387 1.068502 0.240387
1.037882 0.254308 1.068584 0.240292
1.037986 0.254228 1.068666 0.240196
1.038089 0.254149 1.068747 0.240101
1.038193 0.254069 1.068829 0.240005
1.038296 0.253989 1.068910 0.239910
1.038400 0.253909 1.068992 0.239814
1.038503 0.253829 1.069074 0.239718
1.038607 0.253749 1.069155 0.239622
1.038710 0.253668 1.069237 0.239526
1.038814 0.253588 1.069318 0.239430
1.038917 0.253507 1.069399 0.239334
1.039021 0.253426 1.069481 0.239238
1.039124 0.253345 1.069562 0.239141
1.039228 0.253264 1.069643 0.239045
1.039331 0.253183 1.069725 0.238948
1.039434 0.253102 1.069806 0.238851
1.039538 0.253021 1.069887 0.238755
1.039641 0.252939 1.069968 0.238658
1.039744 0.252857 1.070049 0.238561
1.039848 0.252776 1.070130 0.238464
1.039951 0.252694 1.070211 0.238367
1.040054 0.252612 1.070292 0.238269
1.040157 0.252530 1.070373 0.238172
1.040261 0.252447 1.070454 0.238075
1.040364 0.252365 1.070535 0.237977
1.040467 0.252282 1.070616 0.237879
1.040570 0.252200 1.070696 0.237782
1.040673 0.252117 1.070777 0.237684
1.040776 0.252034 1.070858 0.237586
1.040879 0.251951 1.070939 0.237488
1.040983 0.251868 1.071019 0.237390
1.041086 0.251785 1.071100 0.237292
1.041189 0.251701 1.071180 0.237194
1.041292 0.251618 1.071261 0.237095
1.041395 0.251534 1.071341 0.236997
1.041498 0.251450 1.071422 0.236898
1.041601 0.251367 1.071502 0.236800
1.041704 0.251283 1.071583 0.236701
1.041806 0.251199 1.071663 0.236602
1.041909 0.251114 1.071743 0.236503
1.042012 0.251030 1.071823 0.236404
1.042115 0.250945 1.071904 0.236305
1.042218 0.250861 1.071984 0.236206
1.042321 0.250776 1.072064 0.236107
1.042424 0.250691 1.072144 0.236007
1.042526 0.250606 1.072224 0.235908
1.042629 0.250521 1.072304 0.235808
1.042732 0.250436 1.072384 0.235708
1.042834 0.250351 1.072464 0.235609
1.042937 0.250265 1.072544 0.235509
1.043040 0.250179 1.072624 0.235409
1.043142 0.250094 1.072704 0.235309
1.043245 0.250008 1.072783 0.235209
1.043348 0.249922 1.072863 0.235109
1.043450 0.249836 1.072943 0.235008
1.043553 0.249750 1.073023 0.234908
1.043655 0.249663 1.073102 0.234807
1.043758 0.249577 1.073182 0.234707
1.043860 0.249490 1.073261 0.234606
1.043963 0.249404 1.073341 0.234505
1.044065 0.249317 1.073420 0.234405
1.044168 0.249230 1.073500 0.234304
1.044270 0.249143 1.073579 0.234203
1.044373 0.249056 1.073659 0.234101
1.044475 0.248968 1.073738 0.234000
1.044577 0.248881 1.073817 0.233899
1.044680 0.248793 1.073896 0.233798
1.044782 0.248706 1.073976 0.233696
1.044884 0.248618 1.074055 0.233595
1.044986 0.248530 1.074134 0.233493
1.045089 0.248442 1.074213 0.233391
1.045191 0.248354 1.074292 0.233289
1.045293 0.248265 1.074371 0.233187
1.045395 0.248177 1.074450 0.233085
1.045497 0.248088 1.074529 0.232983
1.045600 0.248000 1.074608 0.232881
1.045702 0.247911 1.074687 0.232779
1.045804 0.247822 1.074766 0.232676
1.045906 0.247733 1.074844 0.232574
1.046008 0.247644 1.074923 0.232471
1.046110 0.247555 1.075002 0.232369
1.046212 0.247465 1.075081 0.232266
1.046314 0.247376 1.075159 0.232163
1.046416 0.247286 1.075238 0.232060
1.046518 0.247196 1.075316 0.231957
1.046619 0.247107 1.075395 0.231854
1.046721 0.247017 1.075473 0.231751
1.046823 0.246927 1.075552 0.231647
1.046925 0.246836 1.075630 0.231544
1.047027 0.246746 1.075708 0.231441
1.047129 0.246655 1.075787 0.231337
1.047230 0.246565 1.075865 0.231233
1.047332 0.246474 1.075943 0.231130
1.047434 0.246383 1.076021 0.231026
1.047535 0.246292 1.076100 0.230922
1.047637 0.246201 1.076178 0.230818
1.047739 0.246110 1.076256 0.230714
1.047840 0.246019 1.076334 0.230610
1.047942 0.245927 1.076412 0.230505
1.048043 0.245836 1.076490 0.230401
1.048145 0.245744 1.076568 0.230297
1.048246 0.245652 1.076646 0.230192
1.048348 0.245560 1.076723 0.230087
1.048449 0.245468 1.076801 0.229983
1.048551 0.245376 1.076879 0.229878
1.048652 0.245284 1.076957 0.229773
1.048754 0.245191 1.077034 0.229668
1.048855 0.245099 1.077112 0.229563
1.048956 0.245006 1.077190 0.229458
1.049058 0.244914 1.077267 0.229353
1.049159 0.244821 1.077345 0.229247
1.049260 0.244728 1.077422 0.229142
1.049361 0.244635 1.077500 0.229036
1.049462 0.244541 1.077577 0.228931
1.049564 0.244448 1.077654 0.228825
1.049665 0.244354 1.077732 0.228719
1.049766 0.244261 1.077809 0.228613
1.049867 0.244167 1.077886 0.228508
1.049968 0.244073 1.077963 0.228401
1.050069 0.243979 1.078040 0.228295
1.050170 0.243885 1.078118 0.228189
1.050271 0.243791 1.078195 0.228083
1.050372 0.243697 1.078272 0.227976
1.050473 0.243602 1.078349 0.227870
1.050574 0.243508 1.078426 0.227763
1.050675 0.243413 1.078503 0.227657
1.050776 0.243318 1.078579 0.227550
1.050877 0.243223 1.078656 0.227443
1.050977 0.243128 1.078733 0.227336
1.051078 0.243033 1.078810 0.227229
1.051179 0.242938 1.078886 0.227122
1.051280 0.242843 1.078963 0.227015
1.051380 0.242747 1.079040 0.226908
1.051481 0.242651 1.079116 0.226801
1.051582 0.242556 1.079193 0.226693
1.051682 0.242460 1.079269 0.226586
1.051783 0.242364 1.079346 0.226478
1.051884 0.242268 1.079422 0.226370
1.051984 0.242171 1.079499 0.226263
1.052085 0.242075 1.079575 0.226155
1.052185 0.241979 1.079651 0.226047
1.052286 0.241882 1.079728 0.225939
1.052386 0.241785 1.079804 0.225831
1.052486 0.241689 1.079880 0.225722
1.052587 0.241592 1.079956 0.225614
1.052687 0.241495 1.080032 0.225506
1.052787 0.241397 1.080108 0.225397
1.052888 0.241300 1.080184 0.225289
1.052988 0.241203 1.080260 0.225180
1.053088 0.241105 1.080336 0.225071
1.053188 0.241008 1.080412 0.224963
1.053289 0.240910 1.080488 0.224854
1.053389 0.240812 1.080564 0.224745
1.053489 0.240714 1.080640 0.224636
1.053589 0.240616 1.080715 0.224527
1.053689 0.240518 1.080791 0.224417
1.053789 0.240419 1.080867 0.224308
1.053889 0.240321 1.080942 0.224199
1.053989 0.240222 1.081018 0.224089
1.054089 0.240123 1.081094 0.223980
1.054189 0.240025 1.081169 0.223870
1.054289 0.239926 1.081244 0.223760
1.054389 0.239827 1.081320 0.223650
1.054489 0.239727 1.081395 0.223541
1.054589 0.239628 1.081471 0.223431
1.054688 0.239529 1.081546 0.223320
1.054788 0.239429 1.081621 0.223210
1.054888 0.239330 1.081696 0.223100
1.054987 0.239230 1.081771 0.222990
1.055087 0.239130 1.081847 0.222879
1.055187 0.239030 1.081922 0.222769
1.055286 0.238930 1.081997 0.222658
1.055386 0.238830 1.082072 0.222548
1.055486 0.238729 1.082147 0.222437
1.055585 0.238629 1.082222 0.222326
1.055685 0.238528 1.082296 0.222215
1.055784 0.238427 1.082371 0.222104
1.055883 0.238327 1.082446 0.221993
1.055983 0.238226 1.082521 0.221882
1.056082 0.238125 1.082596 0.221771
1.056182 0.238024 1.082670 0.221659
1.056281 0.237922 1.082745 0.221548
1.056380 0.237821 1.082819 0.221436
1.056479 0.237719 1.082894 0.221325
1.056579 0.237618 1.082968 0.221213
1.056678 0.237516 1.083043 0.221101
1.056777 0.237414 1.083117 0.220990
1.056876 0.237312 1.083192 0.220878
1.056975 0.237210 1.083266 0.220766
1.057074 0.237108 1.083340 0.220654
1.057173 0.237005 1.083415 0.220541
1.057272 0.236903 1.083489 0.220429
1.057371 0.236800 1.083563 0.220317
1.057470 0.236698 1.083637 0.220204
1.057569 0.236595 1.083711 0.220092
1.057668 0.236492 1.083785 0.219979
1.057767 0.236389 1.083859 0.219867
1.057866 0.236286 1.083933 0.219754
1.057965 0.236183 1.084007 0.219641
1.058063 0.236079 1.084081 0.219528
1.058162 0.235976 1.084155 0.219415
1.058261 0.235872 1.084229 0.219302
1.058359 0.235769 1.084302 0.219189
1.058458 0.235665 1.084376 0.219076
1.058557 0.235561 1.084450 0.218962
1.058655 0.235457 1.084523 0.218849
1.058754 0.235353 1.084597 0.218735
1.058852 0.235248 1.084670 0.218622
1.058951 0.235144 1.084744 0.218508
1.059049 0.235039 1.084817 0.218395
1.059148 0.234935 1.084891 0.218281
1.059246 0.234830 1.084964 0.218167
1.059344 0.234725 1.085037 0.218053
1.059443 0.234620 1.085111 0.217939
1.059541 0.234515 1.085184 0.217825
1.059639 0.234410 1.085257 0.217710
1.059737 0.234304 1.085330 0.217596
1.059836 0.234199 1.085403 0.217482
1.059934 0.234093 1.085477 0.217367
1.060032 0.233988 1.085550 0.217253
1.060130 0.233882 1.085623 0.217138
1.060228 0.233776 1.085696 0.217023
1.060326 0.233670 1.085768 0.216909
1.060424 0.233564 1.085841 0.216794
1.060522 0.233458 1.085914 0.216679
1.060620 0.233351 1.085987 0.216564
1.060718 0.233245 1.086060 0.216449
1.060816 0.233138 1.086132 0.216334
1.060914 0.233032 1.086205 0.216218
1.061011 0.232925 1.086278 0.216103
1.061109 0.232818 1.086350 0.215987
1.061207 0.232711 1.086423 0.215872
1.061304 0.232604 1.086495 0.215756
1.061402 0.232496 1.086568 0.215641
1.061500 0.232389 1.086640 0.215525
1.061597 0.232282 1.086712 0.215409
1.061695 0.232174 1.086785 0.215293
1.061792 0.232066 1.086857 0.215177
1.061890 0.231958 1.086929 0.215061
1.061987 0.231851 1.087001 0.214945
1.062085 0.231742 1.087073 0.214829
1.062182 0.231634 1.087146 0.214712
1.062280 0.231526 1.087218 0.214596
1.062377 0.231418 1.087290 0.214480
1.062474 0.231309 1.087362 0.214363
1.062571 0.231200 1.087434 0.214246
1.062669 0.231092 1.087505 0.214130
1.062766 0.230983 1.087577 0.214013
1.062863 0.230874 1.087649 0.213896
1.062960 0.230765 1.087721 0.213779
1.063057 0.230656 1.087792 0.213662
1.063154 0.230546 1.087864 0.213545
1.063251 0.230437 1.087936 0.213428
1.063348 0.230327 1.088007 0.213311
1.063445 0.230218 1.088079 0.213193
1.063542 0.230108 1.088150 0.213076
1.063639 0.229998 1.088222 0.212958
1.063736 0.229888 1.088293 0.212841
1.063833 0.229778 1.088365 0.212723
1.063929 0.229668 1.088436 0.212605
1.064026 0.229558 1.088507 0.212487
1.064123 0.229447 1.088578 0.212370
1.064219 0.229337 1.088650 0.212252
1.064316 0.229226 1.088721 0.212134
1.064413 0.229115 1.088792 0.212015
1.064509 0.229004 1.088863 0.211897
1.064606 0.228893 1.088934 0.211779
1.064702 0.228782 1.089005 0.211661
1.064799 0.228671 1.089076 0.211542
1.064895 0.228560 1.089147 0.211424
1.064991 0.228448 1.089218 0.211305
1.065088 0.228337 1.089288 0.211186
1.065184 0.228225 1.089359 0.211068
1.065280 0.228113 1.089430 0.210949
1.065376 0.228001 1.089501 0.210830
1.065473 0.227889 1.089571 0.210711
1.065569 0.227777 1.089642 0.210592
1.065665 0.227665 1.089712 0.210473
1.065761 0.227553 1.089783 0.210353
1.065857 0.227440 1.089853 0.210234
1.065953 0.227328 1.089924 0.210115
1.066049 0.227215 1.089994 0.209995
1.066145 0.227102 1.090064 0.209876
1.066241 0.226989 1.090135 0.209756
1.066337 0.226876 1.090205 0.209637
1.066433 0.226763 1.090275 0.209517
1.066528 0.226650 1.090345 0.209397
1.066624 0.226537 1.090415 0.209277
1.066720 0.226423 1.090485 0.209157
1.066815 0.226310 1.090556 0.209037
1.066911 0.226196 1.090625 0.208917
1.067007 0.226082 1.090695 0.208797
1.067102 0.225969 1.090765 0.208676
1.067198 0.225855 1.090835 0.208556
1.067293 0.225740 1.090905 0.208436
1.067389 0.225626 1.090975 0.208315
1.067484 0.225512 1.091044 0.208194
1.067579 0.225398 1.091114 0.208074
1.067675 0.225283 1.091184 0.207953
1.067770 0.225168 1.091253 0.207832
1.067865 0.225054 1.091323 0.207711
1.067961 0.224939 1.091392 0.207590
1.068056 0.224824 1.091462 0.207469
1.068151 0.224709 1.091531 0.207348
1.068246 0.224593 1.091601 0.207227
1.068341 0.224478 1.091670 0.207106
1.068436 0.224363 1.091739 0.206984
1.068531 0.224247 1.091808 0.206863
1.068626 0.224132 1.091878 0.206741
1.068721 0.224016 1.091947 0.206620
1.068816 0.223900 1.092016 0.206498
1.068911 0.223784 1.092085 0.206376
1.069005 0.223668 1.092154 0.206255
1.069100 0.223552 1.092223 0.206133
1.069195 0.223435 1.092292 0.206011
1.069290 0.223319 1.092361 0.205889
1.069384 0.223203 1.092429 0.205767
1.069479 0.223086 1.092498 0.205644
1.069573 0.222969 1.092567 0.205522
1.069668 0.222852 1.092636 0.205400
1.069762 0.222735 1.092704 0.205277
1.069857 0.222618 1.092773 0.205155
1.069951 0.222501 1.092842 0.205032
1.070046 0.222384 1.092910 0.204910
1.070140 0.222267 1.092979 0.204787
1.070234 0.222149 1.093047 0.204664
1.070329 0.222031 1.093115 0.204541
1.070423 0.221914 1.093184 0.204418
1.070517 0.221796 1.093252 0.204295
1.070611 0.221678 1.093320 0.204172
1.070705 0.221560 1.093388 0.204049
1.070799 0.221442 1.093457 0.203926
1.070893 0.221324 1.093525 0.203803
1.070987 0.221205 1.093593 0.203679
1.071081 0.221087 1.093661 0.203556
1.071175 0.220968 1.093729 0.203432
1.071269 0.220850 1.093797 0.203309
1.071363 0.220731 1.093865 0.203185
1.071456 0.220612 1.093933 0.203061
1.071550 0.220493 1.094000 0.202937
1.071644 0.220374 1.094068 0.202814
1.071737 0.220255 1.094136 0.202690
1.071831 0.220135 1.094204 0.202566
1.071925 0.220016 1.094271 0.202441
1.072018 0.219896 1.094339 0.202317
1.072112 0.219777 1.094406 0.202193
1.072205 0.219657 1.094474 0.202069
1.072298 0.219537 1.094541 0.201944
1.072392 0.219417 1.094609 0.201820
1.072485 0.219297 1.094676 0.201695
1.072578 0.219177 1.094743 0.201571
1.072672 0.219057 1.094811 0.201446
1.072765 0.218936 1.094878 0.201321
1.072858 0.218816 1.094945 0.201196
1.072951 0.218695 1.095012 0.201071
1.073044 0.218574 1.095079 0.200946
1.073137 0.218453 1.095146 0.200821
1.073230 0.218333 1.095213 0.200696
1.073323 0.218212 1.095280 0.200571
1.073416 0.218090 1.095347 0.200446
1.073509 0.217969 1.095414 0.200320
1.073602 0.217848 1.095481 0.200195
1.073694 0.217726 1.095548 0.200069
1.073787 0.217605 1.095614 0.199944
1.073880 0.217483 1.095681 0.199818
1.073973 0.217361 1.095748 0.199693
1.074065 0.217239 1.095814 0.199567
1.074158 0.217117 1.095881 0.199441
1.074250 0.216995 1.095947 0.199315
1.074343 0.216873 1.096014 0.199189
1.074435 0.216751 1.096080 0.199063
1.074528 0.216628 1.096147 0.198937
1.074620 0.216506 1.096213 0.198811
1.074712 0.216383 1.096279 0.198684
1.074805 0.216261 1.096345 0.198558
1.074897 0.216138 1.096412 0.198432
1.074989 0.216015 1.096478 0.198305
1.075081 0.215892 1.096544 0.198178
1.075173 0.215769 1.096610 0.198052
1.075265 0.215645 1.096676 0.197925
1.075357 0.215522 1.096742 0.197798
1.075449 0.215398 1.096808 0.197671
1.075541 0.215275 1.096874 0.197545
1.075633 0.215151 1.096940 0.197418
1.075725 0.215027 1.097005 0.197291
1.075817 0.214904 1.097071 0.197163
1.075908 0.214780 1.097137 0.197036
1.076000 0.214655 1.097202 0.196909
1.076092 0.214531 1.097268 0.196782
1.076183 0.214407 1.097334 0.196654
1.076275 0.214283 1.097399 0.196527
1.076366 0.214158 1.097465 0.196399
1.076458 0.214033 1.097530 0.196271
1.076549 0.213909 1.097595 0.196144
1.076641 0.213784 1.097661 0.196016
1.076732 0.213659 1.097726 0.195888
1.076823 0.213534 1.097791 0.195760
1.076915 0.213409 1.097856 0.195632
1.077006 0.213284 1.097921 0.195504
1.077097 0.213158 1.097987 0.195376
1.077188 0.213033 1.098052 0.195248
1.077279 0.212907 1.098117 0.195120
1.077370 0.212781 1.098182 0.194991
1.077461 0.212656 1.098247 0.194863
1.077552 0.212530 1.098311 0.194734
1.077643 0.212404 1.098376 0.194606
1.077734 0.212278 1.098441 0.194477
1.077825 0.212152 1.098506 0.194349
1.077916 0.212025 1.098570 0.194220
1.078006 0.211899 1.098635 0.194091
1.078097 0.211772 1.098700 0.193962
1.078188 0.211646 1.098764 0.193833
1.078278 0.211519 1.098829 0.193704
1.078369 0.211392 1.098893 0.193575
1.078459 0.211266 1.098958 0.193446
1.078550 0.211138 1.099022 0.193317
1.078640 0.211011 1.099086 0.193187
1.078731 0.210884 1.099151 0.193058
1.078821 0.210757 1.099215 0.192929
1.078911 0.210629 1.099279 0.192799
1.079001 0.210502 1.099343 0.192670
1.079092 0.210374 1.099407 0.192540
1.079182 0.210247 1.099471 0.192410
1.079272 0.210119 1.099535 0.192280
1.079362 0.209991 1.099599 0.192151
1.079452 0.209863 1.099663 0.192021
1.079542 0.209735 1.099727 0.191891
1.079632 0.209606 1.099791 0.191761
1.079722 0.209478 1.099854 0.191631
1.079811 0.209350 1.099918 0.191500
1.079901 0.209221 1.099982 0.191370
1.079991 0.209092 1.100045 0.191240
1.080081 0.208964 1.100109 0.191109
1.080170 0.208835 1.100173 0.190979
1.080260 0.208706 1.100236 0.190848
1.080349 0.208577 1.100300 0.190718
1.080439 0.208448 1.100363 0.190587
1.080528 0.208318 1.100426 0.190456
1.080618 0.208189 1.100490 0.190326
1.080707 0.208060 1.100553 0.190195
1.080796 0.207930 1.100616 0.190064
1.080886 0.207800 1.100679 0.189933
1.080975 0.207671 1.100742 0.189802
1.081064 0.207541 1.100805 0.189671
1.081153 0.207411 1.100868 0.189539
1.081242 0.207281 1.100931 0.189408
1.081331 0.207151 1.100994 0.189277
1.081420 0.207020 1.101057 0.189145
1.081509 0.206890 1.101120 0.189014
1.081598 0.206760 1.101183 0.188882
1.081687 0.206629 1.101246 0.188751
1.081776 0.206498 1.101308 0.188619
1.081864 0.206368 1.101371 0.188487
1.081953 0.206237 1.101434 0.188356
1.082042 0.206106 1.101496 0.188224
1.082130 0.205975 1.101559 0.188092
1.082219 0.205843 1.101621 0.187960
1.082307 0.205712 1.101683 0.187828
1.082396 0.205581 1.101746 0.187696
1.082484 0.205449 1.101808 0.187563
1.082572 0.205318 1.101870 0.187431
1.082661 0.205186 1.101933 0.187299
1.082749 0.205054 1.101995 0.187166
1.082837 0.204922 1.102057 0.187034
1.082925 0.204790 1.102119 0.186901
1.083013 0.204658 1.102181 0.186769
1.083102 0.204526 1.102243 0.186636
1.083190 0.204394 1.102305 0.186503
1.083278 0.204262 1.102367 0.186371
1.083365 0.204129 1.102429 0.186238
1.083453 0.203997 1.102491 0.186105
1.083541 0.203864 1.102552 0.185972
1.083629 0.203731 1.102614 0.185839
1.083717 0.203598 1.102676 0.185706
1.083804 0.203465 1.102737 0.185573
1.083892 0.203332 1.102799 0.185439
1.083979 0.203199 1.102861 0.185306
1.084067 0.203066 1.102922 0.185173
1.084154 0.202932 1.102983 0.185039
1.084242 0.202799 1.103045 0.184906
1.084329 0.202665 1.103106 0.184772
1.084417 0.202532 1.103167 0.184638
1.084504 0.202398 1.103229 0.184505
1.084591 0.202264 1.103290 0.184371
1.084678 0.202130 1.103351 0.184237
1.084765 0.201996 1.103412 0.184103
1.084852 0.201862 1.103473 0.183969
1.084939 0.201728 1.103534 0.183835
1.085026 0.201593 1.103595 0.183701
1.085113 0.201459 1.103656 0.183567
1.085200 0.201324 1.103717 0.183433
1.085287 0.201190 1.103778 0.183298
1.085374 0.201055 1.103839 0.183164
1.085461 0.200920 1.103899 0.183030
1.085547 0.200785 1.103960 0.182895
1.085634 0.200650 1.104021 0.182761
1.085720 0.200515 1.104081 0.182626
1.085807 0.200380 1.104142 0.182491
1.085893 0.200245 1.104202 0.182357
1.085980 0.200109 1.104263 0.182222
1.086066 0.199974 1.104323 0.182087
1.086153 0.199838 1.104383 0.181952
1.086239 0.199702 1.104444 0.181817
1.086325 0.199566 1.104504 0.181682
1.086411 0.199431 1.104564 0.181547
1.086497 0.199295 1.104624 0.181412
1.086583 0.199158 1.104684 0.181277
1.086669 0.199022 1.104744 0.181141
1.086755 0.198886 1.104804 0.181006
1.086841 0.198750 1.104864 0.180870
1.086927 0.198613 1.104924 0.180735
1.087013 0.198476 1.104984 0.180599
1.087099 0.198340 1.105044 0.180464
1.087184 0.198203 1.105104 0.180328
1.087270 0.198066 1.105164 0.180192
1.087356 0.197929 1.105223 0.180057
1.087441 0.197792 1.105283 0.179921
1.087527 0.197655 1.105342 0.179785
1.087612 0.197518 1.105402 0.179649
1.087698 0.197380 1.105462 0.179513
1.087783 0.197243 1.105521 0.179377
1.087868 0.197105 1.105580 0.179240
1.087954 0.196968 1.105640 0.179104
1.088039 0.196830 1.105699 0.178968
1.088124 0.196692 1.105758 0.178831
1.088209 0.196554 1.105817 0.178695
1.088294 0.196416 1.105877 0.178559
1.088379 0.196278 1.105936 0.178422
1.088464 0.196140 1.105995 0.178285
1.088549 0.196001 1.106054 0.178149
1.088634 0.195863 1.106113 0.178012
1.088718 0.195724 1.106172 0.177875
1.088803 0.195586 1.106231 0.177738
1.088888 0.195447 1.106289 0.177601
1.088972 0.195308 1.106348 0.177464
1.089057 0.195169 1.106407 0.177327
1.089141 0.195031 1.106466 0.177190
1.089226 0.194891 1.106524 0.177053
1.089310 0.194752 1.106583 0.176916
1.089395 0.194613 1.106641 0.176778
1.089479 0.194474 1.106700 0.176641
1.089563 0.194334 1.106758 0.176504
1.089647 0.194195 1.106817 0.176366
1.089732 0.194055 1.106875 0.176229
1.089816 0.193915 1.106933 0.176091
1.089900 0.193775 1.106992 0.175953
1.089984 0.193635 1.107050 0.175816
1.090068 0.193495 1.107108 0.175678
1.090151 0.193355 1.107166 0.175540
1.090235 0.193215 1.107224 0.175402
1.090319 0.193075 1.107282 0.175264
1.090403 0.192934 1.107340 0.175126
1.090486 0.192794 1.107398 0.174988
1.090570 0.192653 1.107456 0.174850
1.090654 0.192513 1.107514 0.174712
1.090737 0.192372 1.107571 0.174573
1.090821 0.192231 1.107629 0.174435
1.090904 0.192090 1.107687 0.174297
1.090987 0.191949 1.107744 0.174158
1.091071 0.191808 1.107802 0.174020
1.091154 0.191667 1.107859 0.173881
1.091237 0.191525 1.107917 0.173742
1.091320 0.191384 1.107974 0.173604
1.091403 0.191242 1.108032 0.173465
1.091486 0.191101 1.108089 0.173326
1.091569 0.190959 1.108146 0.173187
1.091652 0.190817 1.108204 0.173048
1.091735 0.190675 1.108261 0.172909
1.091818 0.190533 1.108318 0.172770
1.091900 0.190391 1.108375 0.172631
1.091983 0.190249 1.108432 0.172492
1.092066 0.190107 1.108489 0.172353
1.092148 0.189964 1.108546 0.172214
1.092231 0.189822 1.108603 0.172074
1.092313 0.189679 1.108660 0.171935
1.092396 0.189537 1.108717 0.171795
1.092478 0.189394 1.108773 0.171656
1.092560 0.189251 1.108830 0.171516
1.092643 0.189108 1.108887 0.171377
1.092725 0.188965 1.108943 0.171237
1.092807 0.188822 1.109000 0.171097
1.092889 0.188679 1.109056 0.170957
1.092971 0.188536 1.109113 0.170817
1.093053 0.188392 1.109169 0.170677
1.093135 0.188249 1.109226 0.170537
1.093217 0.188105 1.109282 0.170397
1.093298 0.187962 1.109338 0.170257
1.093380 0.187818 1.109394 0.170117
1.093462 0.187674 1.109451 0.169977
1.093544 0.187530 1.109507 0.169837
1.093625 0.187386 1.109563 0.169696
1.093707 0.187242 1.109619 0.169556
1.093788 0.187098 1.109675 0.169415
1.093869 0.186954 1.109731 0.169275
1.093951 0.186809 1.109787 0.169134
1.094032 0.186665 1.109842 0.168994
1.094113 0.186520 1.109898 0.168853
1.094195 0.186376 1.109954 0.168712
1.094276 0.186231 1.110010 0.168571
1.094357 0.186086 1.110065 0.168431
1.094438 0.185941 1.110121 0.168290
1.094519 0.185796 1.110176 0.168149
1.094600 0.185651 1.110232 0.168008
1.094680 0.185506 1.110287 0.167866
1.094761 0.185361 1.110343 0.167725
1.094842 0.185215 1.110398 0.167584
1.094923 0.185070 1.110453 0.167443
1.095003 0.184924 1.110508 0.167301
1.095084 0.184779 1.110564 0.167160
1.095164 0.184633 1.110619 0.167019
1.095245 0.184487 1.110674 0.166877
1.095325 0.184341 1.110729 0.166736
1.095405 0.184195 1.110784 0.166594
1.095486 0.184049 1.110839 0.166452
1.095566 0.183903 1.110894 0.166311
1.095646 0.183757 1.110949 0.166169
1.095726 0.183610 1.111003 0.166027
1.095806 0.183464 1.111058 0.165885
1.095886 0.183317 1.111113 0.165743
1.095966 0.183171 1.111168 0.165601
1.096046 0.183024 1.111222 0.165459
1.096126 0.182877 1.111277 0.165317
1.096206 0.182730 1.111331 0.165175
1.096285 0.182583 1.111386 0.165032
1.096365 0.182436 1.111440 0.164890
1.096445 0.182289 1.111494 0.164748
1.096524 0.182142 1.111549 0.164605
1.096604 0.181994 1.111603 0.164463
1.096683 0.181847 1.111657 0.164320
1.096762 0.181699 1.111711 0.164178
1.096842 0.181552 1.111766 0.164035
1.096921 0.181404 1.111820 0.163892
1.097000 0.181256 1.111874 0.163750
1.097079 0.181109 1.111928 0.163607
1.097158 0.180961 1.111981 0.163464
1.097237 0.180813 1.112035 0.163321
1.097316 0.180664 1.112089 0.163178
1.097395 0.180516 1.112143 0.163035
1.097474 0.180368 1.112197 0.162892
1.097553 0.180220 1.112250 0.162749
1.097631 0.180071 1.112304 0.162606
1.097710 0.179922 1.112358 0.162463
1.097789 0.179774 1.112411 0.162319
1.097867 0.179625 1.112465 0.162176
1.097946 0.179476 1.112518 0.162032
1.098024 0.179327 1.112571 0.161889
1.098102 0.179178 1.112625 0.161745
1.098181 0.179029 1.112678 0.161602
1.098259 0.178880 1.112731 0.161458
1.098337 0.178731 1.112784 0.161315
1.098415 0.178581 1.112837 0.161171
1.098493 0.178432 1.112891 0.161027
1.098571 0.178283 1.112944 0.160883
1.098649 0.178133 1.112997 0.160739
1.098727 0.177983 1.113049 0.160595
1.098805 0.177833 1.113102 0.160451
1.098883 0.177684 1.113155 0.160307
1.098960 0.177534 1.113208 0.160163
1.099038 0.177384 1.113261 0.160019
1.099116 0.177233 1.113313 0.159875
1.099193 0.177083 1.113366 0.159730
1.099271 0.176933 1.113419 0.159586
1.099348 0.176783 1.113471 0.159442
1.099425 0.176632 1.113524 0.159297
1.099503 0.176481 1.113576 0.159153
1.099580 0.176331 1.113628 0.159008
1.099657 0.176180 1.113681 0.158864
1.099734 0.176029 1.113733 0.158719
1.099811 0.175878 1.113785 0.158574
1.099888 0.175727 1.113837 0.158429
1.099965 0.175576 1.113890 0.158285
1.100042 0.175425 1.113942 0.158140
1.100119 0.175274 1.113994 0.157995
1.100195 0.175123 1.114046 0.157850
1.100272 0.174971 1.114098 0.157705
1.100349 0.174820 1.114149 0.157560
1.100425 0.174668 1.114201 0.157415
1.100502 0.174516 1.114253 0.157269
1.100578 0.174365 1.114305 0.157124
1.100655 0.174213 1.114357 0.156979
1.100731 0.174061 1.114408 0.156833
1.100807 0.173909 1.114460 0.156688
1.100883 0.173757 1.114511 0.156543
1.100959 0.173605 1.114563 0.156397
1.101035 0.173452 1.114614 0.156252
1.101111 0.173300 1.114666 0.156106
1.101187 0.173148 1.114717 0.155960
1.101263 0.172995 1.114768 0.155815
1.101339 0.172842 1.114819 0.155669
1.101415 0.172690 1.114871 0.155523
1.101491 0.172537 1.114922 0.155377
1.101566 0.172384 1.114973 0.155231
1.101642 0.172231 1.115024 0.155085
1.101717 0.172078 1.115075 0.154939
1.101793 0.171925 1.115126 0.154793
1.101868 0.171772 1.115177 0.154647
1.101944 0.171619 1.115228 0.154501
1.102019 0.171465 1.115278 0.154354
1.102094 0.171312 1.115329 0.154208
1.102169 0.171158 1.115380 0.154062
1.102244 0.171005 1.115430 0.153915
1.102319 0.170851 1.115481 0.153769
1.102394 0.170697 1.115532 0.153622
1.102469 0.170543 1.115582 0.153476
1.102544 0.170390 1.115632 0.153329
1.102619 0.170236 1.115683 0.153183
1.102693 0.170081 1.115733 0.153036
1.102768 0.169927 1.115783 0.152889
1.102843 0.169773 1.115834 0.152742
1.102917 0.169619 1.115884 0.152595
1.102992 0.169464 1.115934 0.152448
1.103066 0.169310 1.115984 0.152301
1.103140 0.169155 1.116034 0.152154
1.103215 0.169000 1.116084 0.152007
1.103289 0.168846 1.116134 0.151860
1.103363 0.168691 1.116184 0.151713
1.103437 0.168536 1.116234 0.151566
1.103511 0.168381 1.116284 0.151419
1.103585 0.168226 1.116333 0.151271
1.103659 0.168071 1.116383 0.151124
1.103733 0.167915 1.116433 0.150976
1.103807 0.167760 1.116482 0.150829
1.103880 0.167605 1.116532 0.150681
1.103954 0.167449 1.116581 0.150534
1.104028 0.167294 1.116631 0.150386
1.104101 0.167138 1.116680 0.150239
1.104175 0.166982 1.116729 0.150091
1.104248 0.166826 1.116779 0.149943
1.104321 0.166671 1.116828 0.149795
1.104394 0.166515 1.116877 0.149647
1.104468 0.166358 1.116926 0.149499
1.104541 0.166202 1.116975 0.149351
1.104614 0.166046 1.117024 0.149203
1.104687 0.165890 1.117073 0.149055
1.104760 0.165733 1.117122 0.148907
1.104833 0.165577 1.117171 0.148759
1.104906 0.165420 1.117220 0.148611
1.104978 0.165264 1.117269 0.148462
1.105051 0.165107 1.117317 0.148314
1.105124 0.164950 1.117366 0.148166
1.105196 0.164793 1.117415 0.148017
1.105269 0.164637 1.117463 0.147869
1.105341 0.164479 1.117512 0.147720
1.105413 0.164322 1.117560 0.147572
1.105486 0.164165 1.117609 0.147423
1.105558 0.164008 1.117657 0.147274
1.105630 0.163851 1.117705 0.147126
1.105702 0.163693 1.117754 0.146977
1.105774 0.163536 1.117802 0.146828
1.105846 0.163378 1.117850 0.146679
1.105918 0.163220 1.117898 0.146530
1.105990 0.163063 1.117946 0.146381
1.106062 0.162905 1.117994 0.146232
1.106134 0.162747 1.118042 0.146083
1.106205 0.162589 1.118090 0.145934
1.106277 0.162431 1.118138 0.145785
1.106348 0.162273 1.118186 0.145636
1.106420 0.162115 1.118233 0.145487
1.106491 0.161956 1.118281 0.145337
1.106563 0.161798 1.118329 0.145188
1.106634 0.161639 1.118376 0.145038
1.106705 0.161481 1.118424 0.144889
1.106776 0.161322 1.118472 0.144739
1.106847 0.161164 1.118519 0.144590
1.106918 0.161005 1.118566 0.144440
1.106989 0.160846 1.118614 0.144291
1.107060 0.160687 1.118661 0.144141
1.107131 0.160528 1.118708 0.143991
1.107202 0.160369 1.118756 0.143841
1.107272 0.160210 1.118803 0.143692
1.107343 0.160051 1.118850 0.143542
1.107414 0.159891 1.118897 0.143392
1.107484 0.159732 1.118944 0.143242
1.107555 0.159572 1.118991 0.143092
1.107625 0.159413 1.119038 0.142942
1.107695 0.159253 1.119085 0.142792
1.107765 0.159094 1.119131 0.142641
1.107836 0.158934 1.119178 0.142491
1.107906 0.158774 1.119225 0.142341
1.107976 0.158614 1.119271 0.142191
1.108046 0.158454 1.119318 0.142040
1.108116 0.158294 1.119365 0.141890
1.108185 0.158134 1.119411 0.141739
1.108255 0.157974 1.119457 0.141589
1.108325 0.157813 1.119504 0.141438
1.108394 0.157653 1.119550 0.141288
1.108464 0.157492 1.119596 0.141137
1.108533 0.157332 1.119643 0.140986
1.108603 0.157171 1.119689 0.140836
1.108672 0.157011 1.119735 0.140685
1.108742 0.156850 1.119781 0.140534
1.108811 0.156689 1.119827 0.140383
1.108880 0.156528 1.119873 0.140232
1.108949 0.156367 1.119919 0.140081
1.109018 0.156206 1.119965 0.139930
1.109087 0.156045 1.120011 0.139779
1.109156 0.155884 1.120057 0.139628
1.109225 0.155722 1.120102 0.139477
1.109294 0.155561 1.120148 0.139326
1.109362 0.155399 1.120194 0.139174
1.109431 0.155238 1.120239 0.139023
1.109499 0.155076 1.120285 0.138872
1.109568 0.154915 1.120330 0.138720
1.109636 0.154753 1.120375 0.138569
1.109705 0.154591 1.120421 0.138417
1.109773 0.154429 1.120466 0.138266
1.109841 0.154267 1.120511 0.138114
1.109909 0.154105 1.120557 0.137963
1.109977 0.153943 1.120602 0.137811
1.110045 0.153781 1.120647 0.137659
1.110113 0.153618 1.120692 0.137508
1.110181 0.153456 1.120737 0.137356
1.110249 0.153294 1.120782 0.137204
1.110317 0.153131 1.120827 0.137052
1.110385 0.152969 1.120872 0.136900
1.110452 0.152806 1.120916 0.136748
1.110520 0.152643 1.120961 0.136596
1.110587 0.152480 1.121006 0.136444
1.110655 0.152318 1.121051 0.136292
1.110722 0.152155 1.121095 0.136140
1.110789 0.151992 1.121140 0.135988
1.110856 0.151829 1.121184 0.135835
1.110924 0.151665 1.121229 0.135683
1.110991 0.151502 1.121273 0.135531
1.111058 0.151339 1.121317 0.135378
1.111125 0.151175 1.121362 0.135226
1.111191 0.151012 1.121406 0.135073
1.111258 0.150848 1.121450 0.134921
1.111325 0.150685 1.121494 0.134768
1.111392 0.150521 1.121538 0.134616
1.111458 0.150357 1.121582 0.134463
1.111525 0.150194 1.121626 0.134310
1.111591 0.150030 1.121670 0.134158
1.111658 0.149866 1.121714 0.134005
1.111724 0.149702 1.121758 0.133852
1.111790 0.149538 1.121802 0.133699
1.111856 0.149373 1.121845 0.133546
1.111923 0.149209 1.121889 0.133393
1.111989 0.149045 1.121933 0.133240
1.112055 0.148880 1.121976 0.133087
1.112120 0.148716 1.122020 0.132934
1.112186 0.148551 1.122063 0.132781
1.112252 0.148387 1.122107 0.132628
1.112318 0.148222 1.122150 0.132475
1.112383 0.148057 1.122193 0.132321
1.112449 0.147892 1.122237 0.132168
1.112514 0.147727 1.122280 0.132015
1.112580 0.147562 1.122323 0.131861
1.112645 0.147397 1.122366 0.131708
1.112711 0.147232 1.122409 0.131554
1.112776 0.147067 1.122452 0.131401
1.112841 0.146902 1.122495 0.131247
1.112906 0.146736 1.122538 0.131094
1.112971 0.146571 1.122581 0.130940
1.113036 0.146406 1.122623 0.130786
1.113101 0.146240 1.122666 0.130633
1.113166 0.146074 1.122709 0.130479
1.113230 0.145909 1.122752 0.130325
1.113295 0.145743 1.122794 0.130171
1.113360 0.145577 1.122837 0.130017
1.113424 0.145411 1.122879 0.129863
1.113489 0.145245 1.122922 0.129709
1.113553 0.145079 1.122964 0.129555
1.113617 0.144913 1.123006 0.129401
1.113681 0.144747 1.123049 0.129247
1.113746 0.144581 1.123091 0.129093
1.113810 0.144414 1.123133 0.128939
1.113874 0.144248 1.123175 0.128784
1.113938 0.144081 1.123217 0.128630
1.114002 0.143915 1.123259 0.128476
1.114065 0.143748 1.123301 0.128321
1.114129 0.143582 1.123343 0.128167
1.114193 0.143415 1.123385 0.128012
1.114256 0.143248 1.123427 0.127858
1.114320 0.143081 1.123468 0.127703
1.114383 0.142914 1.123510 0.127549
1.114447 0.142747 1.123552 0.127394
1.114510 0.142580 1.123593 0.127240
1.114573 0.142413 1.123635 0.127085
1.114637 0.142246 1.123676 0.126930
1.114700 0.142078 1.123718 0.126775
1.114763 0.141911 1.123759 0.126620
1.114826 0.141743 1.123801 0.126466
1.114889 0.141576 1.123842 0.126311
1.114951 0.141408 1.123883 0.126156
1.115014 0.141241 1.123924 0.126001
1.115077 0.141073 1.123965 0.125846
1.115139 0.140905 1.124006 0.125691
1.115202 0.140737 1.124047 0.125535
1.115265 0.140569 1.124088 0.125380
1.115327 0.140401 1.124129 0.125225
1.115389 0.140233 1.124170 0.125070
1.115452 0.140065 1.124211 0.124914
1.115514 0.139897 1.124252 0.124759
1.115576 0.139729 1.124292 0.124604
1.115638 0.139561 1.124333 0.124448
1.115700 0.139392 1.124374 0.124293
1.115762 0.139224 1.124414 0.124137
1.115824 0.139055 1.124455 0.123982
1.115885 0.138887 1.124495 0.123826
1.115947 0.138718 1.124536 0.123671
1.116009 0.138549 1.124576 0.123515
1.116070 0.138380 1.124616 0.123359
1.116132 0.138211 1.124657 0.123204
1.116193 0.138043 1.124697 0.123048
1.116254 0.137874 1.124737 0.122892
1.116316 0.137704 1.124777 0.122736
1.116377 0.137535 1.124817 0.122580
1.116438 0.137366 1.124857 0.122424
1.116499 0.137197 1.124897 0.122268
1.116560 0.137028 1.124937 0.122112
1.116621 0.136858 1.124977 0.121956
1.116682 0.136689 1.125016 0.121800
1.116742 0.136519 1.125056 0.121644
1.116803 0.136350 1.125096 0.121488
1.116864 0.136180 1.125135 0.121332
1.116924 0.136010 1.125175 0.121175
1.116985 0.135840 1.125214 0.121019
1.117045 0.135670 1.125254 0.120863
1.117105 0.135501 1.125293 0.120706
1.117166 0.135331 1.125333 0.120550
1.117226 0.135160 1.125372 0.120394
1.117286 0.134990 1.125411 0.120237
1.117346 0.134820 1.125450 0.120081
1.117406 0.134650 1.125489 0.119924
1.117466 0.134480 1.125529 0.119767
1.117526 0.134309 1.125568 0.119611
1.117585 0.134139 1.125607 0.119454
1.117645 0.133968 1.125646 0.119297
1.117705 0.133798 1.125684 0.119141
1.117764 0.133627 1.125723 0.118984
1.117824 0.133456 1.125762 0.118827
1.117883 0.133285 1.125801 0.118670
1.117942 0.133115 1.125839 0.118513
1.118001 0.132944 1.125878 0.118356
1.118061 0.132773 1.125917 0.118199
1.118120 0.132602 1.125955 0.118042
1.118179 0.132431 1.125994 0.117885
1.118238 0.132259 1.126032 0.117728
1.118296 0.132088 1.126070 0.117571
1.118355 0.131917 1.126109 0.117414
1.118414 0.131746 1.126147 0.117256
1.118473 0.131574 1.126185 0.117099
1.118531 0.131403 1.126223 0.116942
1.118590 0.131231 1.126261 0.116785
1.118648 0.131060 1.126299 0.116627
1.118706 0.130888 1.126337 0.116470
1.118765 0.130716 1.126375 0.116312
1.118823 0.130544 1.126413 0.116155
1.118881 0.130372 1.126451 0.115997
1.118939 0.130200 1.126489 0.115840
1.118997 0.130029 1.126526 0.115682
1.119055 0.129856 1.126564 0.115524
1.119113 0.129684 1.126602 0.115367
1.119171 0.129512 1.126639 0.115209
1.119228 0.129340 1.126677 0.115051
1.119286 0.129168 1.126714 0.114894
1.119343 0.128995 1.126752 0.114736
1.119401 0.128823 1.126789 0.114578
1.119458 0.128650 1.126826 0.114420
1.119516 0.128478 1.126864 0.114262
1.119573 0.128305 1.126901 0.114104
1.119630 0.128132 1.126938 0.113946
1.119687 0.127960 1.126975 0.113788
1.119744 0.127787 1.127012 0.113630
1.119801 0.127614 1.127049 0.113472
1.119858 0.127441 1.127086 0.113314
1.119915 0.127268 1.127123 0.113155
1.119971 0.127095 1.127160 0.112997
1.120028 0.126922 1.127196 0.112839
1.120085 0.126749 1.127233 0.112681
1.120141 0.126576 1.127270 0.112522
1.120197 0.126402 1.127306 0.112364
1.120254 0.126229 1.127343 0.112206
1.120310 0.126055 1.127380 0.112047
1.120366 0.125882 1.127416 0.111889
1.120422 0.125708 1.127452 0.111730
1.120478 0.125535 1.127489 0.111572
1.120534 0.125361 1.127525 0.111413
1.120590 0.125187 1.127561 0.111254
1.120646 0.125014 1.127597 0.111096
1.120702 0.124840 1.127634 0.110937
1.120757 0.124666 1.127670 0.110778
1.120813 0.124492 1.127706 0.110619
1.120869 0.124318 1.127742 0.110461
1.120924 0.124144 1.127778 0.110302
1.120979 0.123970 1.127814 0.110143
1.121035 0.123795 1.127849 0.109984
1.121090 0.123621 1.127885 0.109825
1.121145 0.123447 1.127921 0.109666
1.121200 0.123273 1.127956 0.109507
1.121255 0.123098 1.127992 0.109348
1.121310 0.122924 1.128028 0.109189
1.121365 0.122749 1.128063 0.109030
1.121420 0.122574 1.128099 0.108871
1.121474 0.122400 1.128134 0.108711
1.121529 0.122225 1.128169 0.108552
1.121583 0.122050 1.128205 0.108393
1.121638 0.121875 1.128240 0.108234
1.121692 0.121700 1.128275 0.108074
1.121747 0.121525 1.128310 0.107915
1.121801 0.121350 1.128345 0.107756
1.121855 0.121175 1.128380 0.107596
1.121909 0.121000 1.128415 0.107437
1.121963 0.120825 1.128450 0.107277
1.122017 0.120650 1.128485 0.107118
1.122071 0.120474 1.128520 0.106958
1.122125 0.120299 1.128555 0.106798
1.122178 0.120123 1.128589 0.106639
1.122232 0.119948 1.128624 0.106479
1.122286 0.119772 1.128659 0.106319
1.122339 0.119597 1.128693 0.106160
1.122392 0.119421 1.128728 0.106000
1.122446 0.119245 1.128762 0.105840
1.122499 0.119070 1.128797 0.105680
1.122552 0.118894 1.128831 0.105520
1.122605 0.118718 1.128865 0.105360
1.122658 0.118542 1.128899 0.105200
1.122711 0.118366 1.128934 0.105040
1.122764 0.118190 1.128968 0.104880
1.122817 0.118014 1.129002 0.104720
1.122870 0.117837 1.129036 0.104560
1.122922 0.117661 1.129070 0.104400
1.122975 0.117485 1.129104 0.104240
1.123027 0.117308 1.129137 0.104080
1.123080 0.117132 1.129171 0.103920
1.123132 0.116955 1.129205 0.103759
1.123184 0.116779 1.129239 0.103599
1.123236 0.116602 1.129272 0.103439
1.123289 0.116426 1.129306 0.103278
1.123341 0.116249 1.129340 0.103118
1.123392 0.116072 1.129373 0.102958
1.123444 0.115895 1.129406 0.102797
1.123496 0.115719 1.129440 0.102637
1.123548 0.115542 1.129473 0.102476
1.123599 0.115365 1.129506 0.102316
1.123651 0.115188 1.129540 0.102155
1.123703 0.115010 1.129573 0.101994
1.123754 0.114833 1.129606 0.101834
1.123805 0.114656 1.129639 0.101673
1.123856 0.114479 1.129672 0.101512
1.123908 0.114301 1.129705 0.101352
1.123959 0.114124 1.129738 0.101191
1.124010 0.113947 1.129771 0.101030
1.124061 0.113769 1.129803 0.100869
1.124112 0.113592 1.129836 0.100708
1.124162 0.113414 1.129869 0.100547
1.124213 0.113236 1.129902 0.100386
1.124264 0.113059 1.129934 0.100225
1.124314 0.112881 1.129967 0.100064
1.124365 0.112703 1.129999 0.099903
1.124415 0.112525 1.130032 0.099742
1.124465 0.112347 1.130064 0.099581
1.124516 0.112169 1.130096 0.099420
1.124566 0.111991 1.130128 0.099259
1.124616 0.111813 1.130161 0.099098
1.124666 0.111635 1.130193 0.098937
1.124716 0.111457 1.130225 0.098775
1.124766 0.111279 1.130257 0.098614
1.124815 0.111100 1.130289 0.098453
1.124865 0.110922 1.130321 0.098291
1.124915 0.110744 1.130353 0.098130
1.124964 0.110565 1.130385 0.097969
1.125014 0.110387 1.130416 0.097807
1.125063 0.110208 1.130448 0.097646
1.125112 0.110029 1.130480 0.097484
1.125162 0.109851 1.130511 0.097323
1.125211 0.109672 1.130543 0.097161
1.125260 0.109493 1.130574 0.096999
1.125309 0.109314 1.130606 0.096838
1.125358 0.109135 1.130637 0.096676
1.125407 0.108956 1.130669 0.096514
1.125455 0.108777 1.130700 0.096353
1.125504 0.108598 1.130731 0.096191
1.125553 0.108419 1.130762 0.096029
1.125601 0.108240 1.130794 0.095867
1.125650 0.108061 1.130825 0.095705
1.125698 0.107882 1.130856 0.095544
1.125746 0.107702 1.130887 0.095382
1.125795 0.107523 1.130918 0.095220
1.125843 0.107344 1.130948 0.095058
1.125891 0.107164 1.130979 0.094896
1.125939 0.106985 1.131010 0.094734
1.125987 0.106805 1.131041 0.094572
1.126034 0.106625 1.131071 0.094410
1.126082 0.106446 1.131102 0.094247
1.126130 0.106266 1.131132 0.094085
1.126177 0.106086 1.131163 0.093923
1.126225 0.105906 1.131193 0.093761
1.126272 0.105726 1.131224 0.093599
1.126320 0.105547 1.131254 0.093436
1.126367 0.105367 1.131284 0.093274
1.126414 0.105187 1.131315 0.093112
1.126461 0.105006 1.131345 0.092949
1.126508 0.104826 1.131375 0.092787
1.126555 0.104646 1.131405 0.092625
1.126602 0.104466 1.131435 0.092462
1.126649 0.104286 1.131465 0.092300
1.126695 0.104105 1.131495 0.092137
1.126742 0.103925 1.131525 0.091975
1.126789 0.103744 1.131554 0.091812
1.126835 0.103564 1.131584 0.091649
1.126882 0.103383 1.131614 0.091487
1.126928 0.103203 1.131644 0.091324
1.126974 0.103022 1.131673 0.091161
1.127020 0.102841 1.131703 0.090999
1.127066 0.102661 1.131732 0.090836
1.127112 0.102480 1.131762 0.090673
1.127158 0.102299 1.131791 0.090510
1.127204 0.102118 1.131820 0.090348
1.127250 0.101937 1.131849 0.090185
1.127295 0.101756 1.131879 0.090022
1.127341 0.101575 1.131908 0.089859
1.127387 0.101394 1.131937 0.089696
1.127432 0.101213 1.131966 0.089533
1.127477 0.101032 1.131995 0.089370
1.127523 0.100851 1.132024 0.089207
1.127568 0.100669 1.132053 0.089044
1.127613 0.100488 1.132082 0.088881
1.127658 0.100307 1.132110 0.088718
1.127703 0.100125 1.132139 0.088555
1.127748 0.099944 1.132168 0.088391
1.127793 0.099762 1.132196 0.088228
1.127837 0.099581 1.132225 0.088065
1.127882 0.099399 1.132253 0.087902
1.127926 0.099217 1.132282 0.087739
1.127971 0.099036 1.132310 0.087575
1.128015 0.098854 1.132339 0.087412
1.128060 0.098672 1.132367 0.087249
1.128104 0.098490 1.132395 0.087085
1.128148 0.098308 1.132423 0.086922
1.128192 0.098126 1.132451 0.086758
1.128236 0.097944 1.132479 0.086595
1.128280 0.097762 1.132507 0.086431
1.128324 0.097580 1.132535 0.086268
1.128368 0.097398 1.132563 0.086104
1.128411 0.097216 1.132591 0.085941
1.128455 0.097034 1.132619 0.085777
1.128498 0.096851 1.132647 0.085613
1.128542 0.096669 1.132674 0.085450
1.128585 0.096487 1.132702 0.085286
1.128628 0.096304 1.132730 0.085122
1.128672 0.096122 1.132757 0.084959
1.128715 0.095939 1.132785 0.084795
1.128758 0.095757 1.132812 0.084631
1.128801 0.095574 1.132839 0.084467
1.128843 0.095391 1.132867 0.084303
1.128886 0.095209 1.132894 0.084139
1.128929 0.095026 1.132921 0.083976
1.128972 0.094843 1.132948 0.083812
1.129014 0.094660 1.132975 0.083648
1.129057 0.094477 1.133003 0.083484
1.129099 0.094294 1.133030 0.083320
1.129141 0.094111 1.133056 0.083156
1.129183 0.093928 1.133083 0.082992
1.129226 0.093745 1.133110 0.082827
1.129268 0.093562 1.133137 0.082663
1.129310 0.093379 1.133164 0.082499
1.129352 0.093196 1.133190 0.082335
1.129393 0.093013 1.133217 0.082171
1.129435 0.092829 1.133243 0.082007
1.129477 0.092646 1.133270 0.081842
1.129518 0.092463 1.133296 0.081678
1.129560 0.092279 1.133323 0.081514
1.129601 0.092096 1.133349 0.081349
1.129642 0.091912 1.133375 0.081185
1.129684 0.091729 1.133402 0.081021
1.129725 0.091545 1.133428 0.080856
1.129766 0.091361 1.133454 0.080692
1.129807 0.091178 1.133480 0.080527
1.129848 0.090994 1.133506 0.080363
1.129889 0.090810 1.133532 0.080198
1.129929 0.090626 1.133558 0.080034
1.129970 0.090442 1.133584 0.079869
1.130011 0.090259 1.133610 0.079705
1.130051 0.090075 1.133635 0.079540
1.130092 0.089891 1.133661 0.079376
1.130132 0.089707 1.133687 0.079211
1.130172 0.089522 1.133712 0.079046
1.130212 0.089338 1.133738 0.078882
1.130252 0.089154 1.133763 0.078717
1.130293 0.088970 1.133789 0.078552
1.130332 0.088786 1.133814 0.078387
1.130372 0.088601 1.133839 0.078222
1.130412 0.088417 1.133865 0.078058
1.130452 0.088233 1.133890 0.077893
1.130491 0.088048 1.133915 0.077728
1.130531 0.087864 1.133940 0.077563
1.130570 0.087679 1.133965 0.077398
1.130610 0.087495 1.133990 0.077233
1.130649 0.087310 1.134015 0.077068
1.130688 0.087125 1.134040 0.076903
1.130727 0.086941 1.134065 0.076738
1.130766 0.086756 1.134089 0.076573
1.130805 0.086571 1.134114 0.076408
1.130844 0.086386 1.134139 0.076243
1.130883 0.086201 1.134163 0.076078
1.130922 0.086017 1.134188 0.075913
1.130960 0.085832 1.134213 0.075748
1.130999 0.085647 1.134237 0.075582
1.131037 0.085462 1.134261 0.075417
1.131076 0.085277 1.134286 0.075252
1.131114 0.085091 1.134310 0.075087
1.131152 0.084906 1.134334 0.074921
1.131190 0.084721 1.134358 0.074756
1.131228 0.084536 1.134382 0.074591
1.131266 0.084351 1.134407 0.074425
1.131304 0.084165 1.134431 0.074260
1.131342 0.083980 1.134455 0.074095
1.131380 0.083795 1.134478 0.073929
1.131417 0.083609 1.134502 0.073764
1.131455 0.083424 1.134526 0.073598
1.131492 0.083238 1.134550 0.073433
1.131530 0.083053 1.134573 0.073267
1.131567 0.082867 1.134597 0.073102
1.131604 0.082681 1.134621 0.072936
1.131641 0.082496 1.134644 0.072771
1.131678 0.082310 1.134668 0.072605
1.131715 0.082124 1.134691 0.072439
1.131752 0.081939 1.134714 0.072274
1.131789 0.081753 1.134738 0.072108
1.131826 0.081567 1.134761 0.071942
1.131862 0.081381 1.134784 0.071777
1.131899 0.081195 1.134807 0.071611
1.131935 0.081009 1.134830 0.071445
1.131972 0.080823 1.134853 0.071279
1.132008 0.080637 1.134876 0.071113
1.132044 0.080451 1.134899 0.070948
1.132080 0.080265 1.134922 0.070782
1.132116 0.080078 1.134945 0.070616
1.132152 0.079892 1.134968 0.070450
1.132188 0.079706 1.134990 0.070284
1.132224 0.079520 1.135013 0.070118
1.132260 0.079333 1.135036 0.069952
1.132295 0.079147 1.135058 0.069786
1.132331 0.078961 1.135081 0.069620
1.132366 0.078774 1.135103 0.069454
1.132402 0.078588 1.135125 0.069288
1.132437 0.078401 1.135148 0.069122
1.132472 0.078215 1.135170 0.068956
1.132507 0.078028 1.135192 0.068790
1.132543 0.077841 1.135214 0.068624
1.132577 0.077655 1.135237 0.068457
1.132612 0.077468 1.135259 0.068291
1.132647 0.077281 1.135281 0.068125
1.132682 0.077094 1.135303 0.067959
1.132717 0.076908 1.135324 0.067793
1.132751 0.076721 1.135346 0.067626
1.132786 0.076534 1.135368 0.067460
1.132820 0.076347 1.135390 0.067294
1.132854 0.076160 1.135411 0.067127
1.132888 0.075973 1.135433 0.066961
1.132923 0.075786 1.135455 0.066795
1.132957 0.075599 1.135476 0.066628
1.132991 0.075412 1.135498 0.066462
1.133024 0.075224 1.135519 0.066295
1.133058 0.075037 1.135540 0.066129
1.133092 0.074850 1.135562 0.065962
1.133126 0.074663 1.135583 0.065796
1.133159 0.074475 1.135604 0.065629
1.133193 0.074288 1.135625 0.065463
1.133226 0.074101 1.135646 0.065296
1.133259 0.073913 1.135667 0.065130
1.133293 0.073726 1.135688 0.064963
1.133326 0.073538 1.135709 0.064796
1.133359 0.073351 1.135730 0.064630
1.133392 0.073163 1.135751 0.064463
1.133425 0.072976 1.135771 0.064296
1.133457 0.072788 1.135792 0.064130
1.133490 0.072601 1.135813 0.063963
1.133523 0.072413 1.135833 0.063796
1.133555 0.072225 1.135854 0.063630
1.133588 0.072037 1.135874 0.063463
1.133620 0.071850 1.135895 0.063296
1.133652 0.071662 1.135915 0.063129
1.133684 0.071474 1.135935 0.062962
1.133717 0.071286 1.135956 0.062795
1.133749 0.071098 1.135976 0.062629
1.133781 0.070910 1.135996 0.062462
1.133812 0.070722 1.136016 0.062295
1.133844 0.070534 1.136036 0.062128
1.133876 0.070346 1.136056 0.061961
1.133908 0.070158 1.136076 0.061794
1.133939 0.069970 1.136096 0.061627
1.133970 0.069782 1.136116 0.061460
1.134002 0.069593 1.136135 0.061293
1.134033 0.069405 1.136155 0.061126
1.134064 0.069217 1.136175 0.060959
1.134095 0.069028 1.136194 0.060792
1.134126 0.068840 1.136214 0.060624
1.134157 0.068652 1.136233 0.060457
1.134188 0.068463 1.136253 0.060290
1.134219 0.068275 1.136272 0.060123
1.134250 0.068086 1.136291 0.059956
1.134280 0.067898 1.136311 0.059789
1.134311 0.067709 1.136330 0.059621
1.134341 0.067521 1.136349 0.059454
1.134372 0.067332 1.136368 0.059287
1.134402 0.067144 1.136387 0.059120
1.134432 0.066955 1.136406 0.058952
1.134462 0.066766 1.136425 0.058785
1.134492 0.066578 1.136444 0.058618
1.134522 0.066389 1.136463 0.058450
1.134552 0.066200 1.136481 0.058283
1.134582 0.066011 1.136500 0.058116
1.134611 0.065822 1.136519 0.057948
1.134641 0.065633 1.136537 0.057781
1.134670 0.065444 1.136556 0.057613
1.134700 0.065255 1.136575 0.057446
1.134729 0.065067 1.136593 0.057278
1.134758 0.064877 1.136611 0.057111
1.134787 0.064688 1.136630 0.056943
1.134816 0.064499 1.136648 0.056776
1.134845 0.064310 1.136666 0.056608
1.134874 0.064121 1.136684 0.056441
1.134903 0.063932 1.136702 0.056273
1.134932 0.063743 1.136720 0.056105
1.134960 0.063554 1.136738 0.055938
1.134989 0.063364 1.136756 0.055770
1.135018 0.063175 1.136774 0.055603
1.135046 0.062986 1.136792 0.055435
1.135074 0.062796 1.136810 0.055267
1.135102 0.062607 1.136828 0.055099
1.135131 0.062417 1.136845 0.054932
1.135159 0.062228 1.136863 0.054764
1.135187 0.062039 1.136880 0.054596
1.135214 0.061849 1.136898 0.054428
1.135242 0.061660 1.136915 0.054261
1.135270 0.061470 1.136933 0.054093
1.135298 0.061280 1.136950 0.053925
1.135325 0.061091 1.136967 0.053757
1.135352 0.060901 1.136985 0.053589
1.135380 0.060711 1.137002 0.053421
1.135407 0.060522 1.137019 0.053254
1.135434 0.060332 1.137036 0.053086
1.135461 0.060142 1.137053 0.052918
1.135488 0.059952 1.137070 0.052750
1.135515 0.059763 1.137087 0.052582
1.135542 0.059573 1.137104 0.052414
1.135569 0.059383 1.137121 0.052246
1.135596 0.059193 1.137137 0.052078
1.135622 0.059003 1.137154 0.051910
1.135649 0.058813 1.137171 0.051742
1.135675 0.058623 1.137187 0.051574
1.135701 0.058433 1.137204 0.051406
1.135728 0.058243 1.137220 0.051238
1.135754 0.058053 1.137237 0.051069
1.135780 0.057863 1.137253 0.050901
1.135806 0.057673 1.137269 0.050733
1.135832 0.057482 1.137285 0.050565
1.135858 0.057292 1.137302 0.050397
1.135883 0.057102 1.137318 0.050229
1.135909 0.056912 1.137334 0.050060
1.135935 0.056721 1.137350 0.049892
1.135960 0.056531 1.137366 0.049724
1.135985 0.056341 1.137382 0.049556
1.136011 0.056150 1.137398 0.049388
1.136036 0.055960 1.137413 0.049219
1.136061 0.055770 1.137429 0.049051
1.136086 0.055579 1.137445 0.048883
1.136111 0.055389 1.137461 0.048714
1.136136 0.055198 1.137476 0.048546
1.136161 0.055008 1.137492 0.048378
1.136186 0.054817 1.137507 0.048209
1.136210 0.054627 1.137523 0.048041
1.136235 0.054436 1.137538 0.047873
1.136259 0.054245 1.137553 0.047704
1.136283 0.054055 1.137568 0.047536
1.136308 0.053864 1.137584 0.047367
1.136332 0.053673 1.137599 0.047199
1.136356 0.053483 1.137614 0.047030
1.136380 0.053292 1.137629 0.046862
1.136404 0.053101 1.137644 0.046693
1.136428 0.052910 1.137659 0.046525
1.136452 0.052719 1.137674 0.046356
1.136475 0.052529 1.137688 0.046188
1.136499 0.052338 1.137703 0.046019
1.136522 0.052147 1.137718 0.045851
1.136546 0.051956 1.137733 0.045682
1.136569 0.051765 1.137747 0.045513
1.136592 0.051574 1.137762 0.045345
1.136615 0.051383 1.137776 0.045176
1.136638 0.051192 1.137791 0.045008
1.136661 0.051001 1.137805 0.044839
1.136684 0.050810 1.137819 0.044670
1.136707 0.050619 1.137834 0.044502
1.136730 0.050428 1.137848 0.044333
1.136752 0.050236 1.137862 0.044164
1.136775 0.050045 1.137876 0.043995
1.136797 0.049854 1.137890 0.043827
1.136820 0.049663 1.137904 0.043658
1.136842 0.049472 1.137918 0.043489
1.136864 0.049280 1.137932 0.043320
1.136886 0.049089 1.137946 0.043152
1.136908 0.048898 1.137959 0.042983
1.136930 0.048706 1.137973 0.042814
1.136952 0.048515 1.137987 0.042645
1.136974 0.048324 1.138000 0.042476
1.136996 0.048132 1.138014 0.042307
1.137017 0.047941 1.138027 0.042139
1.137039 0.047749 1.138041 0.041970
1.137060 0.047558 1.138054 0.041801
1.137081 0.047366 1.138068 0.041632
1.137103 0.047175 1.138081 0.041463
1.137124 0.046983 1.138094 0.041294
1.137145 0.046792 1.138107 0.041125
1.137166 0.046600 1.138120 0.040956
1.137187 0.046408 1.138133 0.040787
1.137208 0.046217 1.138146 0.040618
1.137228 0.046025 1.138159 0.040449
1.137249 0.045833 1.138172 0.040280
1.137270 0.045642 1.138185 0.040111
1.137290 0.045450 1.138198 0.039942
1.137310 0.045258 1.138211 0.039773
1.137331 0.045066 1.138223 0.039604
1.137351 0.044875 1.138236 0.039435
1.137371 0.044683 1.138248 0.039266
1.137391 0.044491 1.138261 0.039097
1.137411 0.044299 1.138273 0.038928
1.137431 0.044107 1.138286 0.038759
1.137451 0.043915 1.138298 0.038589
1.137470 0.043723 1.138310 0.038420
1.137490 0.043532 1.138323 0.038251
1.137509 0.043340 1.138335 0.038082
1.137529 0.043148 1.138347 0.037913
1.137548 0.042956 1.138359 0.037744
1.137567 0.042764 1.138371 0.037574
1.137586 0.042572 1.138383 0.037405
1.137606 0.042379 1.138395 0.037236
1.137625 0.042187 1.138407 0.037067
1.137643 0.041995 1.138418 0.036898
1.137662 0.041803 1.138430 0.036728
1.137681 0.041611 1.138442 0.036559
1.137700 0.041419 1.138453 0.036390
1.137718 0.041227 1.138465 0.036220
1.137737 0.041034 1.138476 0.036051
1.137755 0.040842 1.138488 0.035882
1.137773 0.040650 1.138499 0.035712
1.137791 0.040458 1.138511 0.035543
1.137810 0.040265 1.138522 0.035374
1.137828 0.040073 1.138533 0.035204
1.137846 0.039881 1.138544 0.035035
1.137863 0.039688 1.138555 0.034866
1.137881 0.039496 1.138566 0.034696
1.137899 0.039304 1.138577 0.034527
1.137916 0.039111 1.138588 0.034357
1.137934 0.038919 1.138599 0.034188
1.137951 0.038726 1.138610 0.034019
1.137969 0.038534 1.138621 0.033849
1.137986 0.038342 1.138632 0.033680
1.138003 0.038149 1.138642 0.033510
1.138020 0.037957 1.138653 0.033341
1.138037 0.037764 1.138663 0.033171
1.138054 0.037571 1.138674 0.033002
1.138071 0.037379 1.138684 0.032832
1.138087 0.037186 1.138695 0.032663
1.138104 0.036994 1.138705 0.032493
1.138121 0.036801 1.138715 0.032324
1.138137 0.036609 1.138726 0.032154
1.138153 0.036416 1.138736 0.031985
1.138170 0.036223 1.138746 0.031815
1.138186 0.036031 1.138756 0.031646
1.138202 0.035838 1.138766 0.031476
1.138218 0.035645 1.138776 0.031306
1.138234 0.035452 1.138786 0.031137
1.138250 0.035260 1.138796 0.030967
1.138266 0.035067 1.138806 0.030798
1.138281 0.034874 1.138815 0.030628
1.138297 0.034681 1.138825 0.030458
1.138312 0.034488 1.138835 0.030289
1.138328 0.034296 1.138844 0.030119
1.138343 0.034103 1.138854 0.029949
1.138358 0.033910 1.138863 0.029780
1.138373 0.033717 1.138873 0.029610
1.138388 0.033524 1.138882 0.029440
1.138403 0.033331 1.138891 0.029271
1.138418 0.033138 1.138900 0.029101
1.138433 0.032945 1.138910 0.028931
1.138448 0.032752 1.138919 0.028761
1.138462 0.032559 1.138928 0.028592
1.138477 0.032366 1.138937 0.028422
1.138491 0.032173 1.138946 0.028252
1.138506 0.031980 1.138955 0.028082
1.138520 0.031787 1.138964 0.027913
1.138534 0.031594 1.138972 0.027743
1.138548 0.031401 1.138981 0.027573
1.138562 0.031208 1.138990 0.027403
1.138576 0.031015 1.138998 0.027233
1.138590 0.030822 1.139007 0.027064
1.138604 0.030629 1.139015 0.026894
1.138617 0.030436 1.139024 0.026724
1.138631 0.030242 1.139032 0.026554
1.138644 0.030049 1.139041 0.026384
1.138658 0.029856 1.139049 0.026214
1.138671 0.029663 1.139057 0.026045
1.138684 0.029470 1.139065 0.025875
1.138697 0.029276 1.139074 0.025705
1.138710 0.029083 1.139082 0.025535
1.138723 0.028890 1.139090 0.025365
1.138736 0.028697 1.139098 0.025195
1.138749 0.028503 1.139106 0.025025
1.138762 0.028310 1.139113 0.024855
1.138774 0.028117 1.139121 0.024685
1.138787 0.027923 1.139129 0.024515
1.138799 0.027730 1.139137 0.024345
1.138811 0.027537 1.139144 0.024176
1.138824 0.027343 1.139152 0.024006
1.138836 0.027150 1.139159 0.023836
1.138848 0.026957 1.139167 0.023666
1.138860 0.026763 1.139174 0.023496
1.138872 0.026570 1.139182 0.023326
1.138884 0.026376 1.139189 0.023156
1.138895 0.026183 1.139196 0.022986
1.138907 0.025989 1.139203 0.022816
1.138918 0.025796 1.139210 0.022646
1.138930 0.025602 1.139218 0.022476
1.138941 0.025409 1.139225 0.022306
1.138952 0.025215 1.139232 0.022136
1.138964 0.025022 1.139238 0.021966
1.138975 0.024828 1.139245 0.021796
1.138986 0.024635 1.139252 0.021625
1.138997 0.024441 1.139259 0.021455
1.139007 0.024248 1.139266 0.021285
1.139018 0.024054 1.139272 0.021115
1.139029 0.023861 1.139279 0.020945
1.139039 0.023667 1.139285 0.020775
1.139050 0.023473 1.139292 0.020605
1.139060 0.023280 1.139298 0.020435
1.139071 0.023086 1.139305 0.020265
1.139081 0.022893 1.139311 0.020095
1.139091 0.022699 1.139317 0.019925
1.139101 0.022505 1.139323 0.019754
1.139111 0.022312 1.139329 0.019584
1.139121 0.022118 1.139336 0.019414
1.139131 0.021924 1.139342 0.019244
1.139140 0.021731 1.139348 0.019074
1.139150 0.021537 1.139353 0.018904
1.139159 0.021343 1.139359 0.018734
1.139169 0.021149 1.139365 0.018563
1.139178 0.020956 1.139371 0.018393
1.139187 0.020762 1.139377 0.018223
1.139197 0.020568 1.139382 0.018053
1.139206 0.020374 1.139388 0.017883
1.139215 0.020181 1.139393 0.017713
1.139223 0.019987 1.139399 0.017542
1.139232 0.019793 1.139404 0.017372
1.139241 0.019599 1.139410 0.017202
1.139250 0.019405 1.139415 0.017032
1.139258 0.019211 1.139420 0.016862
1.139267 0.019018 1.139425 0.016691
1.139275 0.018824 1.139430 0.016521
1.139283 0.018630 1.139436 0.016351
1.139291 0.018436 1.139441 0.016181
1.139299 0.018242 1.139446 0.016010
1.139307 0.018048 1.139450 0.015840
1.139315 0.017854 1.139455 0.015670
1.139323 0.017661 1.139460 0.015500
1.139331 0.017467 1.139465 0.015329
1.139339 0.017273 1.139470 0.015159
1.139346 0.017079 1.139474 0.014989
1.139354 0.016885 1.139479 0.014819
1.139361 0.016691 1.139483 0.014648
1.139368 0.016497 1.139488 0.014478
1.139376 0.016303 1.139492 0.014308
1.139383 0.016109 1.139497 0.014137
1.139390 0.015915 1.139501 0.013967
1.139397 0.015721 1.139505 0.013797
1.139404 0.015527 1.139509 0.013627
1.139410 0.015333 1.139513 0.013456
1.139417 0.015139 1.139518 0.013286
1.139424 0.014945 1.139522 0.013116
1.139430 0.014751 1.139526 0.012945
1.139437 0.014557 1.139529 0.012775
1.139443 0.014363 1.139533 0.012605
1.139449 0.014169 1.139537 0.012434
1.139455 0.013975 1.139541 0.012264
1.139461 0.013781 1.139545 0.012094
1.139467 0.013587 1.139548 0.011923
1.139473 0.013393 1.139552 0.011753
1.139479 0.013199 1.139555 0.011583
1.139485 0.013005 1.139559 0.011412
1.139490 0.012811 1.139562 0.011242
1.139496 0.012617 1.139566 0.011072
1.139501 0.012423 1.139569 0.010901
1.139507 0.012228 1.139572 0.010731
1.139512 0.012034 1.139575 0.010561
1.139517 0.011840 1.139579 0.010390
1.139522 0.011646 1.139582 0.010220
1.139527 0.011452 1.139585 0.010049
1.139532 0.011258 1.139588 0.009879
1.139537 0.011064 1.139591 0.009709
1.139542 0.010870 1.139593 0.009538
1.139546 0.010676 1.139596 0.009368
1.139551 0.010481 1.139599 0.009198
1.139555 0.010287 1.139602 0.009027
1.139560 0.010093 1.139604 0.008857
1.139564 0.009899 1.139607 0.008686
1.139568 0.009705 1.139609 0.008516
1.139572 0.009511 1.139612 0.008346
1.139576 0.009316 1.139614 0.008175
1.139580 0.009122 1.139617 0.008005
1.139584 0.008928 1.139619 0.007834
1.139588 0.008734 1.139621 0.007664
1.139592 0.008540 1.139624 0.007494
1.139595 0.008346 1.139626 0.007323
1.139599 0.008151 1.139628 0.007153
1.139602 0.007957 1.139630 0.006982
1.139605 0.007763 1.139632 0.006812
1.139609 0.007569 1.139634 0.006641
1.139612 0.007375 1.139636 0.006471
1.139615 0.007180 1.139637 0.006301
1.139618 0.006986 1.139639 0.006130
1.139621 0.006792 1.139641 0.005960
1.139623 0.006598 1.139643 0.005789
1.139626 0.006404 1.139644 0.005619
1.139629 0.006209 1.139646 0.005448
1.139631 0.006015 1.139647 0.005278
1.139634 0.005821 1.139649 0.005108
1.139636 0.005627 1.139650 0.004937
1.139638 0.005432 1.139651 0.004767
1.139640 0.005238 1.139652 0.004596
1.139643 0.005044 1.139654 0.004426
1.139645 0.004850 1.139655 0.004255
1.139646 0.004655 1.139656 0.004085
1.139648 0.004461 1.139657 0.003915
1.139650 0.004267 1.139658 0.003744
1.139652 0.004073 1.139659 0.003574
1.139653 0.003878 1.139660 0.003403
1.139655 0.003684 1.139661 0.003233
1.139656 0.003490 1.139661 0.003062
1.139657 0.003296 1.139662 0.002892
1.139658 0.003101 1.139663 0.002721
1.139660 0.002907 1.139663 0.002551
1.139661 0.002713 1.139664 0.002381
1.139662 0.002519 1.139664 0.002210
1.139662 0.002324 1.139665 0.002040
1.139663 0.002130 1.139665 0.001869
1.139664 0.001936 1.139665 0.001699
1.139664 0.001742 1.139666 0.001528
1.139665 0.001547 1.139666 0.001358
1.139665 0.001353 1.139666 0.001187
1.139666 0.001159 1.139666 0.001017
1.139666 0.000965 1.139666 0.000846
1.139666 0.000770 1.139666 0.000676
1.139666 0.000576 1.139666 0.000506
1.139666 0.000382 1.139666 0.000335
1.139666 0.000188 1.139666 0.000165
1.139666 -0.000007 1.139666 -0.000006
1.139665 -0.000201 1.139665 -0.000176
1.139665 -0.000395 1.139665 -0.000347
1.139664 -0.000589 1.139664 -0.000517
1.139664 -0.000784 1.139664 -0.000688
1.139663 -0.000978 1.139663 -0.000858
1.139662 -0.001172 1.139663 -0.001029
1.139661 -0.001366 1.139662 -0.001199
1.139661 -0.001561 1.139662 -0.001369
1.139660 -0.001755 1.139661 -0.001540
1.139658 -0.001949 1.139660 -0.001710
1.139657 -0.002143 1.139659 -0.001881
1.139656 -0.002338 1.139658 -0.002051
1.139655 -0.002532 1.139657 -0.002222
1.139653 -0.002726 1.139656 -0.002392
1.139652 -0.002920 1.139655 -0.002563
1.139650 -0.003115 1.139654 -0.002733
1.139648 -0.003309 1.139653 -0.002903
1.139646 -0.003503 1.139652 -0.003074
1.139644 -0.003697 1.139650 -0.003244
1.139642 -0.003892 1.139649 -0.003415
1.139640 -0.004086 1.139648 -0.003585
1.139638 -0.004280 1.139646 -0.003756
1.139636 -0.004474 1.139645 -0.003926
1.139634 -0.004668 1.139643 -0.004096
1.139631 -0.004863 1.139642 -0.004267
1.139629 -0.005057 1.139640 -0.004437
1.139626 -0.005251 1.139638 -0.004608
1.139623 -0.005445 1.139636 -0.004778
1.139621 -0.005640 1.139634 -0.004949
1.139618 -0.005834 1.139633 -0.005119
1.139615 -0.006028 1.139631 -0.005289
1.139612 -0.006222 1.139629 -0.005460
1.139608 -0.006416 1.139627 -0.005630
1.139605 -0.006611 1.139624 -0.005801
1.139602 -0.006805 1.139622 -0.005971
1.139598 -0.006999 1.139620 -0.006141
1.139595 -0.007193 1.139618 -0.006312
1.139591 -0.007387 1.139615 -0.006482
1.139588 -0.007581 1.139613 -0.006653
1.139584 -0.007776 1.139610 -0.006823
1.139580 -0.007970 1.139608 -0.006994
1.139576 -0.008164 1.139605 -0.007164
1.139572 -0.008358 1.139603 -0.007334
1.139568 -0.008552 1.139600 -0.007505
1.139564 -0.008746 1.139597 -0.007675
1.139559 -0.008941 1.139595 -0.007845
1.139555 -0.009135 1.139592 -0.008016
1.139551 -0.009329 1.139589 -0.008186
1.139546 -0.009523 1.139586 -0.008357
1.139541 -0.009717 1.139583 -0.008527
1.139537 -0.009911 1.139580 -0.008697
1.139532 -0.010105 1.139577 -0.008868
1.139527 -0.010299 1.139573 -0.009038
1.139522 -0.010494 1.139570 -0.009208
1.139517 -0.010688 1.139567 -0.009379
1.139512 -0.010882 1.139564 -0.009549
1.139506 -0.011076 1.139560 -0.009720
1.139501 -0.011270 1.139557 -0.009890
1.139496 -0.011464 1.139553 -0.010060
1.139490 -0.011658 1.139550 -0.010231
1.139484 -0.011852 1.139546 -0.010401
1.139479 -0.012046 1.139542 -0.010571
1.139473 -0.012240 1.139539 -0.010742
1.139467 -0.012434 1.139535 -0.010912
1.139461 -0.012628 1.139531 -0.011082
1.139455 -0.012822 1.139527 -0.011253
1.139449 -0.013016 1.139523 -0.011423
1.139443 -0.013210 1.139519 -0.011593
1.139436 -0.013404 1.139515 -0.011763
1.139430 -0.013598 1.139511 -0.011934
1.139423 -0.013792 1.139507 -0.012104
1.139417 -0.013986 1.139503 -0.012274
1.139410 -0.014180 1.139498 -0.012445
1.139403 -0.014374 1.139494 -0.012615
1.139396 -0.014568 1.139490 -0.012785
1.139389 -0.014762 1.139485 -0.012956
1.139382 -0.014956 1.139481 -0.013126
1.139375 -0.015150 1.139476 -0.013296
1.139368 -0.015344 1.139471 -0.013466
1.139361 -0.015538 1.139467 -0.013637
1.139353 -0.015732 1.139462 -0.013807
1.139346 -0.015926 1.139457 -0.013977
1.139338 -0.016120 1.139452 -0.014147
1.139331 -0.016314 1.139447 -0.014318
1.139323 -0.016507 1.139442 -0.014488
1.139315 -0.016701 1.139437 -0.014658
1.139307 -0.016895 1.139432 -0.014828
1.139299 -0.017089 1.139427 -0.014999
1.139291 -0.017283 1.139422 -0.015169
1.139283 -0.017477 1.139417 -0.015339
1.139275 -0.017671 1.139412 -0.015509
1.139266 -0.017864 1.139406 -0.015679
1.139258 -0.018058 1.139401 -0.015850
1.139249 -0.018252 1.139395 -0.016020
1.139241 -0.018446 1.139390 -0.016190
1.139232 -0.018640 1.139384 -0.016360
1.139223 -0.018833 1.139379 -0.016530
1.139214 -0.019027 1.139373 -0.016701
1.139205 -0.019221 1.139367 -0.016871
1.139196 -0.019415 1.139362 -0.017041
1.139187 -0.019608 1.139356 -0.017211
1.139178 -0.019802 1.139350 -0.017381
1.139168 -0.019996 1.139344 -0.017551
1.139159 -0.020190 1.139338 -0.017721
1.139149 -0.020383 1.139332 -0.017892
1.139140 -0.020577 1.139326 -0.018062
1.139130 -0.020771 1.139320 -0.018232
1.139120 -0.020964 1.139313 -0.018402
1.139111 -0.021158 1.139307 -0.018572
1.139101 -0.021352 1.139301 -0.018742
1.139091 -0.021545 1.139294 -0.018912
1.139080 -0.021739 1.139288 -0.019082
1.139070 -0.021933 1.139281 -0.019252
1.139060 -0.022126 1.139275 -0.019423
1.139050 -0.022320 1.139268 -0.019593
1.139039 -0.022513 1.139261 -0.019763
1.139028 -0.022707 1.139255 -0.019933
1.139018 -0.022900 1.139248 -0.020103
1.139007 -0.023094 1.139241 -0.020273
1.138996 -0.023288 1.139234 -0.020443
1.138985 -0.023481 1.139227 -0.020613
1.138974 -0.023675 1.139220 -0.020783
1.138963 -0.023868 1.139213 -0.020953
1.138952 -0.024062 1.139206 -0.021123
1.138941 -0.024255 1.139199 -0.021293
1.138929 -0.024449 1.139192 -0.021463
1.138918 -0.024642 1.139184 -0.021633
1.138906 -0.024835 1.139177 -0.021803
1.138895 -0.025029 1.139170 -0.021973
1.138883 -0.025222 1.139162 -0.022143
1.138871 -0.025416 1.139155 -0.022313
1.138859 -0.025609 1.139147 -0.022483
1.138847 -0.025802 1.139140 -0.022653
1.138835 -0.025996 1.139132 -0.022823
1.138823 -0.026189 1.139124 -0.022993
1.138811 -0.026383 1.139116 -0.023163
1.138799 -0.026576 1.139109 -0.023332
1.138786 -0.026769 1.139101 -0.023502
1.138774 -0.026962 1.139093 -0.023672
1.138761 -0.027156 1.139085 -0.023842
1.138748 -0.027349 1.139077 -0.024012
1.138736 -0.027542 1.139069 -0.024182
1.138723 -0.027735 1.139060 -0.024352
1.138710 -0.027929 1.139052 -0.024522
1.138697 -0.028122 1.139044 -0.024692
1.138684 -0.028315 1.139036 -0.024861
1.138670 -0.028508 1.139027 -0.025031
1.138657 -0.028701 1.139019 -0.025201
1.138644 -0.028895 1.139010 -0.025371
1.138630 -0.029088 1.139002 -0.025541
1.138617 -0.029281 1.138993 -0.025711
1.138603 -0.029474 1.138984 -0.025880
1.138589 -0.029667 1.138976 -0.026050
1.138576 -0.029860 1.138967 -0.026220
1.138562 -0.030053 1.138958 -0.026390
1.138548 -0.030246 1.138949 -0.026559
1.138534 -0.030439 1.138940 -0.026729
1.138519 -0.030632 1.138931 -0.026899
1.138505 -0.030825 1.138922 -0.027069
1.138491 -0.031018 1.138913 -0.027238
1.138476 -0.031211 1.138904 -0.027408
1.138462 -0.031404 1.138895 -0.027578
1.138447 -0.031597 1.138886 -0.027748
1.138432 -0.031790 1.138876 -0.027917
1.138418 -0.031983 1.138867 -0.028087
1.138403 -0.032176 1.138857 -0.028257
1.138388 -0.032369 1.138848 -0.028426
1.138373 -0.032562 1.138838 -0.028596
1.138358 -0.032755 1.138829 -0.028766
1.138342 -0.032947 1.138819 -0.028935
1.138327 -0.033140 1.138809 -0.029105
1.138312 -0.033333 1.138800 -0.029275
1.138296 -0.033526 1.138790 -0.029444
1.138281 -0.033719 1.138780 -0.029614
1.138265 -0.033911 1.138770 -0.029783
1.138249 -0.034104 1.138760 -0.029953
1.138233 -0.034297 1.138750 -0.030123
1.138217 -0.034490 1.138740 -0.030292
1.138201 -0.034682 1.138730 -0.030462
1.138185 -0.034875 1.138719 -0.030631
1.138169 -0.035068 1.138709 -0.030801
1.138153 -0.035260 1.138699 -0.030970
1.138136 -0.035453 1.138689 -0.031140
1.138120 -0.035645 1.138678 -0.031309
1.138103 -0.035838 1.138668 -0.031479
1.138087 -0.036031 1.138657 -0.031648
1.138070 -0.036223 1.138646 -0.031818
1.138053 -0.036416 1.138636 -0.031987
1.138036 -0.036608 1.138625 -0.032157
1.138019 -0.036801 1.138614 -0.032326
1.138002 -0.036993 1.138603 -0.032496
1.137985 -0.037186 1.138593 -0.032665
1.137968 -0.037378 1.138582 -0.032834
1.137951 -0.037570 1.138571 -0.033004
1.137933 -0.037763 1.138560 -0.033173
1.137916 -0.037955 1.138549 -0.033343
1.137898 -0.038147 1.138537 -0.033512
1.137880 -0.038340 1.138526 -0.033681
1.137863 -0.038532 1.138515 -0.033851
1.137845 -0.038724 1.138504 -0.034020
1.137827 -0.038917 1.138492 -0.034189
1.137809 -0.039109 1.138481 -0.034359
1.137791 -0.039301 1.138469 -0.034528
1.137773 -0.039493 1.138458 -0.034697
1.137754 -0.039686 1.138446 -0.034867
1.137736 -0.039878 1.138435 -0.035036
1.137717 -0.040070 1.138423 -0.035205
1.137699 -0.040262 1.138411 -0.035374
1.137680 -0.040454 1.138399 -0.035544
1.137662 -0.040646 1.138387 -0.035713
1.137643 -0.040838 1.138376 -0.035882
1.137624 -0.041031 1.138364 -0.036051
1.137605 -0.041223 1.138351 -0.036220
1.137586 -0.041415 1.138339 -0.036390
1.137567 -0.041607 1.138327 -0.036559
1.137547 -0.041799 1.138315 -0.036728
1.137528 -0.041991 1.138303 -0.036897
1.137509 -0.042182 1.138290 -0.037066
1.137489 -0.042374 1.138278 -0.037235
1.137470 -0.042566 1.138266 -0.037404
1.137450 -0.042758 1.138253 -0.037574
1.137430 -0.042950 1.138241 -0.037743
1.137410 -0.043142 1.138228 -0.037912
1.137390 -0.043334 1.138215 -0.038081
1.137370 -0.043525 1.138203 -0.038250
1.137350 -0.043717 1.138190 -0.038419
1.137330 -0.043909 1.138177 -0.038588
1.137310 -0.044101 1.138164 -0.038757
1.137289 -0.044292 1.138151 -0.038926
1.137269 -0.044484 1.138138 -0.039095
1.137248 -0.044676 1.138125 -0.039264
1.137228 -0.044867 1.138112 -0.039433
1.137207 -0.045059 1.138099 -0.039602
1.137186 -0.045251 1.138086 -0.039771
1.137165 -0.045442 1.138073 -0.039940
1.137144 -0.045634 1.138059 -0.040109
1.137123 -0.045825 1.138046 -0.040277
1.137102 -0.046017 1.138033 -0.040446
1.137081 -0.046208 1.138019 -0.040615
1.137059 -0.046400 1.138006 -0.040784
1.137038 -0.046591 1.137992 -0.040953
1.137016 -0.046782 1.137978 -0.041122
1.136995 -0.046974 1.137965 -0.041291
1.136973 -0.047165 1.137951 -0.041459
1.136951 -0.047357 1.137937 -0.041628
1.136930 -0.047548 1.137923 -0.041797
1.136908 -0.047739 1.137910 -0.041966
1.136886 -0.047930 1.137896 -0.042134
1.136864 -0.048122 1.137882 -0.042303
1.136841 -0.048313 1.137867 -0.042472
1.136819 -0.048504 1.137853 -0.042641
1.136797 -0.048695 1.137839 -0.042809
1.136774 -0.048886 1.137825 -0.042978
1.136752 -0.049078 1.137811 -0.043147
1.136729 -0.049269 1.137796 -0.043315
1.136706 -0.049460 1.137782 -0.043484
1.136684 -0.049651 1.137767 -0.043653
1.136661 -0.049842 1.137753 -0.043821
1.136638 -0.050033 1.137738 -0.043990
1.136615 -0.050224 1.137724 -0.044158
1.136591 -0.050415 1.137709 -0.044327
1.136568 -0.050606 1.137694 -0.044496
1.136545 -0.050797 1.137679 -0.044664
1.136521 -0.050987 1.137665 -0.044833
1.136498 -0.051178 1.137650 -0.045001
1.136474 -0.051369 1.137635 -0.045170
1.136451 -0.051560 1.137620 -0.045338
1.136427 -0.051751 1.137605 -0.045507
1.136403 -0.051942 1.137590 -0.045675
1.136379 -0.052132 1.137574 -0.045844
1.136355 -0.052323 1.137559 -0.046012
1.136331 -0.052514 1.137544 -0.046180
1.136307 -0.052704 1.137529 -0.046349
1.136283 -0.052895 1.137513 -0.046517
1.136258 -0.053085 1.137498 -0.046686
1.136234 -0.053276 1.137482 -0.046854
1.136209 -0.053467 1.137467 -0.047022
1.136185 -0.053657 1.137451 -0.047191
1.136160 -0.053848 1.137435 -0.047359
1.136135 -0.054038 1.137420 -0.047527
1.136110 -0.054229 1.137404 -0.047696
1.136085 -0.054419 1.137388 -0.047864
1.136060 -0.054609 1.137372 -0.048032
1.136035 -0.054800 1.137356 -0.048200
1.136010 -0.054990 1.137340 -0.048368
1.135985 -0.055180 1.137324 -0.048537
1.135959 -0.055371 1.137308 -0.048705
1.135934 -0.055561 1.137292 -0.048873
1.135908 -0.055751 1.137276 -0.049041
1.135883 -0.055941 1.137259 -0.049209
1.135857 -0.056131 1.137243 -0.049377
1.135831 -0.056322 1.137227 -0.049546
1.135805 -0.056512 1.137210 -0.049714
1.135779 -0.056702 1.137194 -0.049882
1.135753 -0.056892 1.137177 -0.050050
1.135727 -0.057082 1.137160 -0.050218
1.135701 -0.057272 1.137144 -0.050386
1.135674 -0.057462 1.137127 -0.050554
1.135648 -0.057652 1.137110 -0.050722
1.135621 -0.057842 1.137094 -0.050890
1.135595 -0.058031 1.137077 -0.051058
1.135568 -0.058221 1.137060 -0.051226
1.135541 -0.058411 1.137043 -0.051394
1.135515 -0.058601 1.137026 -0.051562
1.135488 -0.058791 1.137009 -0.051730
1.135461 -0.058980 1.136991 -0.051897
1.135433 -0.059170 1.136974 -0.052065
1.135406 -0.059360 1.136957 -0.052233
1.135379 -0.059550 1.136940 -0.052401
1.135352 -0.059739 1.136922 -0.052569
1.135324 -0.059929 1.136905 -0.052737
1.135297 -0.060118 1.136887 -0.052904
1.135269 -0.060308 1.136870 -0.053072
1.135241 -0.060497 1.136852 -0.053240
1.135214 -0.060687 1.136835 -0.053408
1.135186 -0.060876 1.136817 -0.053575
1.135158 -0.061066 1.136799 -0.053743
1.135130 -0.061255 1.136781 -0.053911
1.135102 -0.061444 1.136763 -0.054078
1.135073 -0.061634 1.136745 -0.054246
1.135045 -0.061823 1.136727 -0.054414
1.135017 -0.062012 1.136709 -0.054581
1.134988 -0.062201 1.136691 -0.054749
1.134960 -0.062391 1.136673 -0.054916
1.134931 -0.062580 1.136655 -0.055084
1.134902 -0.062769 1.136637 -0.055252
1.134873 -0.062958 1.136618 -0.055419
1.134845 -0.063147 1.136600 -0.055587
1.134816 -0.063336 1.136582 -0.055754
1.134787 -0.063525 1.136563 -0.055922
1.134757 -0.063714 1.136545 -0.056089
1.134728 -0.063903 1.136526 -0.056256
1.134699 -0.064092 1.136507 -0.056424
1.134669 -0.064281 1.136489 -0.056591
1.134640 -0.064470 1.136470 -0.056759
1.134610 -0.064659 1.136451 -0.056926
1.134581 -0.064847 1.136432 -0.057093
1.134551 -0.065036 1.136413 -0.057261
1.134521 -0.065225 1.136395 -0.057428
1.134491 -0.065414 1.136375 -0.057595
1.134461 -0.065602 1.136356 -0.057763
1.134431 -0.065791 1.136337 -0.057930
1.134401 -0.065980 1.136318 -0.058097
1.134371 -0.066168 1.136299 -0.058264
1.134340 -0.066357 1.136280 -0.058431
1.134310 -0.066545 1.136260 -0.058599
1.134279 -0.066734 1.136241 -0.058766
1.134249 -0.066922 1.136221 -0.058933
1.134218 -0.067110 1.136202 -0.059100
1.134187 -0.067299 1.136182 -0.059267
1.134157 -0.067487 1.136163 -0.059434
1.134126 -0.067675 1.136143 -0.059601
1.134095 -0.067864 1.136123 -0.059768
1.134063 -0.068052 1.136103 -0.059935
1.134032 -0.068240 1.136084 -0.060102
1.134001 -0.068428 1.136064 -0.060269
1.133970 -0.068616 1.136044 -0.060436
1.133938 -0.068805 1.136024 -0.060603
1.133907 -0.068993 1.136004 -0.060770
1.133875 -0.069181 1.135984 -0.060937
1.133843 -0.069369 1.135963 -0.061104
1.133812 -0.069557 1.135943 -0.061271
1.133780 -0.069745 1.135923 -0.061438
1.133748 -0.069932 1.135903 -0.061605
1.133716 -0.070120 1.135882 -0.061771
1.133684 -0.070308 1.135862 -0.061938
1.133651 -0.070496 1.135841 -0.062105
1.133619 -0.070684 1.135821 -0.062272
1.133587 -0.070871 1.135800 -0.062438
1.133554 -0.071059 1.135779 -0.062605
1.133522 -0.071247 1.135759 -0.062772
1.133489 -0.071434 1.135738 -0.062938
1.133457 -0.071622 1.135717 -0.063105
1.133424 -0.071810 1.135696 -0.063272
1.133391 -0.071997 1.135675 -0.063438
1.133358 -0.072185 1.135654 -0.063605
1.133325 -0.072372 1.135633 -0.063771
1.133292 -0.072559 1.135612 -0.063938
1.133259 -0.072747 1.135591 -0.064105
1.133225 -0.072934 1.135570 -0.064271
1.133192 -0.073121 1.135549 -0.064438
1.133158 -0.073309 1.135527 -0.064604
1.133125 -0.073496 1.135506 -0.064770
1.133091 -0.073683 1.135484 -0.064937
1.133058 -0.073870 1.135463 -0.065103
1.133024 -0.074057 1.135441 -0.065270
1.132990 -0.074244 1.135420 -0.065436
1.132956 -0.074431 1.135398 -0.065602
1.132922 -0.074618 1.135376 -0.065769
1.132888 -0.074805 1.135355 -0.065935
1.132853 -0.074992 1.135333 -0.066101
1.132819 -0.075179 1.135311 -0.066268
1.132785 -0.075366 1.135289 -0.066434
1.132750 -0.075553 1.135267 -0.066600
1.132716 -0.075740 1.135245 -0.066766
1.132681 -0.075926 1.135223 -0.066932
1.132646 -0.076113 1.135201 -0.067099
1.132612 -0.076300 1.135179 -0.067265
1.132577 -0.076486 1.135156 -0.067431
1.132542 -0.076673 1.135134 -0.067597
1.132507 -0.076860 1.135112 -0.067763
1.132472 -0.077046 1.135089 -0.067929
1.132436 -0.077233 1.135067 -0.068095
1.132401 -0.077419 1.135044 -0.068261
1.132366 -0.077605 1.135022 -0.068427
1.132330 -0.077792 1.134999 -0.068593
1.132295 -0.077978 1.134977 -0.068759
1.132259 -0.078164 1.134954 -0.068925
1.132223 -0.078351 1.134931 -0.069091
1.132188 -0.078537 1.134908 -0.069257
1.132152 -0.078723 1.134885 -0.069422
1.132116 -0.078909 1.134862 -0.069588
1.132080 -0.079095 1.134839 -0.069754
1.132043 -0.079281 1.134816 -0.069920
1.132007 -0.079467 1.134793 -0.070086
1.131971 -0.079653 1.134770 -0.070251
1.131935 -0.079839 1.134747 -0.070417
1.131898 -0.080025 1.134723 -0.070583
1.131862 -0.080211 1.134700 -0.070748
1.131825 -0.080397 1.134677 -0.070914
1.131788 -0.080583 1.134653 -0.071080
1.131751 -0.080769 1.134630 -0.071245
1.131715 -0.080954 1.134606 -0.071411
1.131678 -0.081140 1.134583 -0.071576
1.131641 -0.081326 1.134559 -0.071742
1.131603 -0.081511 1.134535 -0.071907
1.131566 -0.081697 1.134512 -0.072073
1.131529 -0.081882 1.134488 -0.072238
1.131492 -0.082068 1.134464 -0.072404
1.131454 -0.082253 1.134440 -0.072569
1.131417 -0.082438 1.134416 -0.072734
1.131379 -0.082624 1.134392 -0.072900
1.131341 -0.082809 1.134368 -0.073065
1.131303 -0.082994 1.134344 -0.073231
1.131266 -0.083180 1.134319 -0.073396
1.131228 -0.083365 1.134295 -0.073561
1.131190 -0.083550 1.134271 -0.073726
1.131151 -0.083735 1.134246 -0.073892
1.131113 -0.083920 1.134222 -0.074057
1.131075 -0.084105 1.134198 -0.074222
1.131037 -0.084290 1.134173 -0.074387
1.130998 -0.084475 1.134148 -0.074552
1.130960 -0.084660 1.134124 -0.074717
1.130921 -0.084845 1.134099 -0.074882
1.130882 -0.085030 1.134074 -0.075047
1.130843 -0.085214 1.134050 -0.075212
1.130805 -0.085399 1.134025 -0.075377
1.130766 -0.085584 1.134000 -0.075542
1.130727 -0.085768 1.133975 -0.075707
1.130688 -0.085953 1.133950 -0.075872
1.130648 -0.086137 1.133925 -0.076037
1.130609 -0.086322 1.133900 -0.076202
1.130570 -0.086506 1.133874 -0.076367
1.130530 -0.086691 1.133849 -0.076532
1.130491 -0.086875 1.133824 -0.076697
1.130451 -0.087060 1.133799 -0.076861
1.130411 -0.087244 1.133773 -0.077026
1.130372 -0.087428 1.133748 -0.077191
1.130332 -0.087612 1.133722 -0.077356
1.130292 -0.087797 1.133697 -0.077520
1.130252 -0.087981 1.133671 -0.077685
1.130212 -0.088165 1.133645 -0.077850
1.130172 -0.088349 1.133620 -0.078014
1.130131 -0.088533 1.133594 -0.078179
1.130091 -0.088717 1.133568 -0.078343
1.130051 -0.088901 1.133542 -0.078508
1.130010 -0.089085 1.133516 -0.078672
1.129970 -0.089268 1.133490 -0.078837
1.129929 -0.089452 1.133464 -0.079001
1.129888 -0.089636 1.133438 -0.079166
1.129847 -0.089820 1.133412 -0.079330
1.129806 -0.090003 1.133386 -0.079495
1.129765 -0.090187 1.133359 -0.079659
1.129724 -0.090370 1.133333 -0.079823
1.129683 -0.090554 1.133307 -0.079988
1.129642 -0.090737 1.133280 -0.080152
1.129601 -0.090921 1.133254 -0.080316
1.129559 -0.091104 1.133227 -0.080480
1.129518 -0.091288 1.133201 -0.080645
1.129476 -0.091471 1.133174 -0.080809
1.129435 -0.091654 1.133147 -0.080973
1.129393 -0.091837 1.133121 -0.081137
1.129351 -0.092020 1.133094 -0.081301
1.129309 -0.092204 1.133067 -0.081465
1.129267 -0.092387 1.133040 -0.081629
1.129225 -0.092570 1.133013 -0.081793
1.129183 -0.092753 1.132986 -0.081957
1.129141 -0.092936 1.132959 -0.082121
1.129098 -0.093118 1.132932 -0.082285
1.129056 -0.093301 1.132905 -0.082449
1.129014 -0.093484 1.132877 -0.082613
1.128971 -0.093667 1.132850 -0.082777
1.128929 -0.093849 1.132823 -0.082941
1.128886 -0.094032 1.132795 -0.083105
1.128843 -0.094215 1.132768 -0.083268
1.128800 -0.094397 1.132740 -0.083432
1.128757 -0.094580 1.132713 -0.083596
1.128714 -0.094762 1.132685 -0.083760
1.128671 -0.094945 1.132658 -0.083923
1.128628 -0.095127 1.132630 -0.084087
1.128585 -0.095309 1.132602 -0.084250
1.128541 -0.095492 1.132574 -0.084414
1.128498 -0.095674 1.132546 -0.084578
1.128454 -0.095856 1.132518 -0.084741
1.128411 -0.096038 1.132490 -0.084905
1.128367 -0.096220 1.132462 -0.085068
1.128323 -0.096402 1.132434 -0.085232
1.128280 -0.096584 1.132406 -0.085395
1.128236 -0.096766 1.132378 -0.085558
1.128192 -0.096948 1.132350 -0.085722
1.128148 -0.097130 1.132321 -0.085885
1.128104 -0.097312 1.132293 -0.086048
1.128059 -0.097494 1.132264 -0.086212
1.128015 -0.097675 1.132236 -0.086375
1.127971 -0.097857 1.132207 -0.086538
1.127926 -0.098039 1.132179 -0.086701
1.127882 -0.098220 1.132150 -0.086865
1.127837 -0.098402 1.132121 -0.087028
1.127792 -0.098583 1.132093 -0.087191
1.127747 -0.098765 1.132064 -0.087354
1.127703 -0.098946 1.132035 -0.087517
1.127658 -0.099127 1.132006 -0.087680
1.127613 -0.099309 1.131977 -0.087843
1.127567 -0.099490 1.131948 -0.088006
1.127522 -0.099671 1.131919 -0.088169
1.127477 -0.099852 1.131890 -0.088332
1.127432 -0.100033 1.131861 -0.088495
1.127386 -0.100214 1.131832 -0.088658
1.127341 -0.100395 1.131802 -0.088821
1.127295 -0.100576 1.131773 -0.088983
1.127250 -0.100757 1.131744 -0.089146
1.127204 -0.100938 1.131714 -0.089309
1.127158 -0.101119 1.131685 -0.089472
1.127112 -0.101299 1.131655 -0.089634
1.127066 -0.101480 1.131625 -0.089797
1.127020 -0.101661 1.131596 -0.089960
1.126974 -0.101841 1.131566 -0.090122
1.126928 -0.102022 1.131536 -0.090285
1.126881 -0.102202 1.131506 -0.090447
1.126835 -0.102383 1.131477 -0.090610
1.126788 -0.102563 1.131447 -0.090772
1.126742 -0.102743 1.131417 -0.090935
1.126695 -0.102924 1.131387 -0.091097
1.126649 -0.103104 1.131356 -0.091260
1.126602 -0.103284 1.131326 -0.091422
1.126555 -0.103464 1.131296 -0.091584
1.126508 -0.103644 1.131266 -0.091747
1.126461 -0.103824 1.131236 -0.091909
1.126414 -0.104004 1.131205 -0.092071
1.126367 -0.104184 1.131175 -0.092233
1.126319 -0.104364 1.131144 -0.092396
1.126272 -0.104544 1.131114 -0.092558
1.126225 -0.104724 1.131083 -0.092720
1.126177 -0.104904 1.131053 -0.092882
1.126130 -0.105083 1.131022 -0.093044
1.126082 -0.105263 1.130991 -0.093206
1.126034 -0.105442 1.130960 -0.093368
1.125987 -0.105622 1.130930 -0.093530
1.125939 -0.105801 1.130899 -0.093692
1.125891 -0.105981 1.130868 -0.093854
1.125843 -0.106160 1.130837 -0.094016
1.125794 -0.106339 1.130806 -0.094178
1.125746 -0.106519 1.130774 -0.094340
1.125698 -0.106698 1.130743 -0.094501
1.125650 -0.106877 1.130712 -0.094663
1.125601 -0.107056 1.130681 -0.094825
1.125553 -0.107235 1.130649 -0.094987
1.125504 -0.107414 1.130618 -0.095148
1.125455 -0.107593 1.130587 -0.095310
1.125407 -0.107772 1.130555 -0.095472
1.125358 -0.107951 1.130524 -0.095633
1.125309 -0.108130 1.130492 -0.095795
1.125260 -0.108308 1.130460 -0.095956
1.125211 -0.108487 1.130429 -0.096118
1.125162 -0.108666 1.130397 -0.096279
1.125113 -0.108844 1.130365 -0.096441
1.125063 -0.109023 1.130333 -0.096602
1.125014 -0.109201 1.130301 -0.096763
1.124964 -0.109380 1.130269 -0.096925
1.124915 -0.109558 1.130237 -0.097086
1.124865 -0.109736 1.130205 -0.097247
1.124816 -0.109915 1.130173 -0.097409
1.124766 -0.110093 1.130141 -0.097570
1.124716 -0.110271 1.130109 -0.097731
1.124666 -0.110449 1.130076 -0.097892
1.124616 -0.110627 1.130044 -0.098053
1.124566 -0.110805 1.130012 -0.098214
1.124516 -0.110983 1.129979 -0.098375
1.124466 -0.111161 1.129947 -0.098536
1.124415 -0.111339 1.129914 -0.098697
1.124365 -0.111516 1.129882 -0.098858
1.124314 -0.111694 1.129849 -0.099019
1.124264 -0.111872 1.129816 -0.099180
1.124213 -0.112049 1.129783 -0.099341
1.124163 -0.112227 1.129751 -0.099502
1.124112 -0.112404 1.129718 -0.099663
1.124061 -0.112582 1.129685 -0.099823
1.124010 -0.112759 1.129652 -0.099984
1.123959 -0.112936 1.129619 -0.100145
1.123908 -0.113114 1.129586 -0.100305
1.123857 -0.113291 1.129552 -0.100466
1.123806 -0.113468 1.129519 -0.100627
1.123754 -0.113645 1.129486 -0.100787
1.123703 -0.113822 1.129453 -0.100948
1.123651 -0.113999 1.129419 -0.101108
1.123600 -0.114176 1.129386 -0.101269
1.123548 -0.114353 1.129353 -0.101429
1.123496 -0.114530 1.129319 -0.101590
1.123445 -0.114707 1.129285 -0.101750
1.123393 -0.114883 1.129252 -0.101910
1.123341 -0.115060 1.129218 -0.102071
1.123289 -0.115236 1.129184 -0.102231
1.123237 -0.115413 1.129151 -0.102391
1.123185 -0.115589 1.129117 -0.102551
1.123132 -0.115766 1.129083 -0.102711
1.123080 -0.115942 1.129049 -0.102872
1.123028 -0.116119 1.129015 -0.103032
1.122975 -0.116295 1.128981 -0.103192
1.122923 -0.116471 1.128947 -0.103352
1.122870 -0.116647 1.128913 -0.103512
1.122817 -0.116823 1.128878 -0.103672
1.122765 -0.116999 1.128844 -0.103832
1.122712 -0.117175 1.128810 -0.103992
1.122659 -0.117351 1.128775 -0.104151
1.122606 -0.117527 1.128741 -0.104311
1.122553 -0.117703 1.128707 -0.104471
1.122500 -0.117878 1.128672 -0.104631
1.122446 -0.118054 1.128637 -0.104790
1.122393 -0.118230 1.128603 -0.104950
1.122340 -0.118405 1.128568 -0.105110
1.122286 -0.118581 1.128533 -0.105269
1.122233 -0.118756 1.128499 -0.105429
1.122179 -0.118932 1.128464 -0.105589
1.122125 -0.119107 1.128429 -0.105748
1.122072 -0.119282 1.128394 -0.105908
1.122018 -0.119457 1.128359 -0.106067
1.121964 -0.119633 1.128324 -0.106226
1.121910 -0.119808 1.128289 -0.106386
1.121856 -0.119983 1.128254 -0.106545
1.121802 -0.120158 1.128218 -0.106705
1.121747 -0.120333 1.128183 -0.106864
1.121693 -0.120507 1.128148 -0.107023
1.121639 -0.120682 1.128112 -0.107182
1.121584 -0.120857 1.128077 -0.107341
1.121530 -0.121032 1.128041 -0.107501
1.121475 -0.121206 1.128006 -0.107660
1.121420 -0.121381 1.127970 -0.107819
1.121366 -0.121555 1.127935 -0.107978
1.121311 -0.121730 1.127899 -0.108137
1.121256 -0.121904 1.127863 -0.108296
1.121201 -0.122078 1.127827 -0.108455
1.121146 -0.122253 1.127792 -0.108614
1.121091 -0.122427 1.127756 -0.108772
1.121036 -0.122601 1.127720 -0.108931
1.120980 -0.122775 1.127684 -0.109090
1.120925 -0.122949 1.127648 -0.109249
1.120869 -0.123123 1.127611 -0.109407
1.120814 -0.123297 1.127575 -0.109566
1.120758 -0.123471 1.127539 -0.109725
1.120703 -0.123645 1.127503 -0.109883
1.120647 -0.123818 1.127466 -0.110042
1.120591 -0.123992 1.127430 -0.110200
1.120535 -0.124166 1.127394 -0.110359
1.120479 -0.124339 1.127357 -0.110517
1.120423 -0.124513 1.127321 -0.110676
1.120367 -0.124686 1.127284 -0.110834
1.120311 -0.124859 1.127247 -0.110993
1.120255 -0.125033 1.127211 -0.111151
1.120198 -0.125206 1.127174 -0.111309
1.120142 -0.125379 1.127137 -0.111467
1.120086 -0.125552 1.127100 -0.111626
1.120029 -0.125725 1.127063 -0.111784
1.119972 -0.125898 1.127026 -0.111942
1.119916 -0.126071 1.126989 -0.112100
1.119859 -0.126244 1.126952 -0.112258
1.119802 -0.126417 1.126915 -0.112416
1.119745 -0.126590 1.126878 -0.112574
1.119688 -0.126762 1.126841 -0.112732
1.119631 -0.126935 1.126803 -0.112890
1.119574 -0.127107 1.126766 -0.113048
1.119517 -0.127280 1.126729 -0.113206
1.119459 -0.127452 1.126691 -0.113363
1.119402 -0.127625 1.126654 -0.113521
1.119345 -0.127797 1.126616 -0.113679
1.119287 -0.127969 1.126579 -0.113837
1.119229 -0.128141 1.126541 -0.113994
1.119172 -0.128313 1.126503 -0.114152
1.119114 -0.128485 1.126466 -0.114310
1.119056 -0.128657 1.126428 -0.114467
1.118998 -0.128829 1.126390 -0.114625
1.118940 -0.129001 1.126352 -0.114782
1.118882 -0.129173 1.126314 -0.114939
1.118824 -0.129345 1.126276 -0.115097
1.118766 -0.129516 1.126238 -0.115254
1.118708 -0.129688 1.126200 -0.115411
1.118649 -0.129860 1.126162 -0.115569
1.118591 -0.130031 1.126123 -0.115726
1.118533 -0.130202 1.126085 -0.115883
1.118474 -0.130374 1.126047 -0.116040
1.118415 -0.130545 1.126008 -0.116197
1.118357 -0.130716 1.125970 -0.116355
1.118298 -0.130887 1.125931 -0.116512
1.118239 -0.131059 1.125893 -0.116669
1.118180 -0.131230 1.125854 -0.116826
1.118121 -0.131401 1.125816 -0.116983
1.118062 -0.131571 1.125777 -0.117139
1.118003 -0.131742 1.125738 -0.117296
1.117944 -0.131913 1.125699 -0.117453
1.117884 -0.132084 1.125661 -0.117610
1.117825 -0.132254 1.125622 -0.117767
1.117766 -0.132425 1.125583 -0.117923
1.117706 -0.132596 1.125544 -0.118080
1.117647 -0.132766 1.125505 -0.118237
1.117587 -0.132936 1.125465 -0.118393
1.117527 -0.133107 1.125426 -0.118550
1.117467 -0.133277 1.125387 -0.118706
1.117407 -0.133447 1.125348 -0.118863
1.117348 -0.133617 1.125308 -0.119019
1.117288 -0.133787 1.125269 -0.119175
1.117227 -0.133957 1.125230 -0.119332
1.117167 -0.134127 1.125190 -0.119488
1.117107 -0.134297 1.125151 -0.119644
1.117047 -0.134467 1.125111 -0.119801
1.116986 -0.134637 1.125071 -0.119957
1.116926 -0.134806 1.125032 -0.120113
1.116865 -0.134976 1.124992 -0.120269
1.116805 -0.135145 1.124952 -0.120425
1.116744 -0.135315 1.124912 -0.120581
1.116683 -0.135484 1.124872 -0.120737
1.116623 -0.135654 1.124832 -0.120893
1.116562 -0.135823 1.124792 -0.121049
1.116501 -0.135992 1.124752 -0.121205
1.116440 -0.136161 1.124712 -0.121361
1.116379 -0.136330 1.124672 -0.121517
1.116317 -0.136499 1.124632 -0.121672
1.116256 -0.136668 1.124592 -0.121828
1.116195 -0.136837 1.124551 -0.121984
1.116134 -0.137006 1.124511 -0.122139
1.116072 -0.137174 1.124470 -0.122295
1.116011 -0.137343 1.124430 -0.122450
1.115949 -0.137512 1.124389 -0.122606
1.115887 -0.137680 1.124349 -0.122761
1.115826 -0.137849 1.124308 -0.122917
1.115764 -0.138017 1.124267 -0.123072
1.115702 -0.138185 1.124227 -0.123228
1.115640 -0.138354 1.124186 -0.123383
1.115578 -0.138522 1.124145 -0.123538
1.115516 -0.138690 1.124104 -0.123693
1.115454 -0.138858 1.124063 -0.123849
1.115391 -0.139026 1.124022 -0.124004
1.115329 -0.139194 1.123981 -0.124159
1.115267 -0.139362 1.123940 -0.124314
1.115204 -0.139530 1.123899 -0.124469
1.115142 -0.139697 1.123858 -0.124624
1.115079 -0.139865 1.123816 -0.124779
1.115016 -0.140032 1.123775 -0.124934
1.114954 -0.140200 1.123734 -0.125089
1.114891 -0.140367 1.123692 -0.125243
1.114828 -0.140535 1.123651 -0.125398
1.114765 -0.140702 1.123609 -0.125553
1.114702 -0.140869 1.123568 -0.125708
1.114639 -0.141036 1.123526 -0.125862
1.114576 -0.141203 1.123484 -0.126017
1.114512 -0.141371 1.123443 -0.126171
1.114449 -0.141537 1.123401 -0.126326
1.114386 -0.141704 1.123359 -0.126480
1.114322 -0.141871 1.123317 -0.126635
1.114259 -0.142038 1.123275 -0.126789
1.114195 -0.142205 1.123233 -0.126944
1.114132 -0.142371 1.123191 -0.127098
1.114068 -0.142538 1.123149 -0.127252
1.114004 -0.142704 1.123107 -0.127406
1.113940 -0.142871 1.123065 -0.127561
1.113876 -0.143037 1.123023 -0.127715
1.113812 -0.143203 1.122980 -0.127869
1.113748 -0.143369 1.122938 -0.128023
1.113684 -0.143535 1.122895 -0.128177
1.113620 -0.143701 1.122853 -0.128331
1.113555 -0.143867 1.122811 -0.128485
1.113491 -0.144033 1.122768 -0.128639
1.113427 -0.144199 1.122725 -0.128792
1.113362 -0.144365 1.122683 -0.128946
1.113298 -0.144531 1.122640 -0.129100
1.113233 -0.144696 1.122597 -0.129254
1.113168 -0.144862 1.122554 -0.129407
1.113103 -0.145027 1.122512 -0.129561
1.113039 -0.145193 1.122469 -0.129715
1.112974 -0.145358 1.122426 -0.129868
1.112909 -0.145523 1.122383 -0.130022
1.112844 -0.145688 1.122339 -0.130175
1.112778 -0.145854 1.122296 -0.130329
1.112713 -0.146019 1.122253 -0.130482
1.112648 -0.146184 1.122210 -0.130635
1.112583 -0.146348 1.122167 -0.130789
1.112517 -0.146513 1.122123 -0.130942
1.112452 -0.146678 1.122080 -0.131095
1.112386 -0.146843 1.122036 -0.131248
1.112321 -0.147007 1.121993 -0.131401
1.112255 -0.147172 1.121949 -0.131554
1.112189 -0.147336 1.121906 -0.131707
1.112123 -0.147501 1.121862 -0.131860
1.112057 -0.147665 1.121819 -0.132013
1.111992 -0.147829 1.121775 -0.132166
1.111925 -0.147994 1.121731 -0.132319
1.111859 -0.148158 1.121687 -0.132472
1.111793 -0.148322 1.121643 -0.132625
1.111727 -0.148486 1.121599 -0.132777
1.111661 -0.148650 1.121555 -0.132930
1.111594 -0.148813 1.121511 -0.133083
1.111528 -0.148977 1.121467 -0.133235
1.111461 -0.149141 1.121423 -0.133388
1.111395 -0.149304 1.121379 -0.133540
1.111328 -0.149468 1.121334 -0.133693
1.111261 -0.149631 1.121290 -0.133845
1.111195 -0.149795 1.121246 -0.133997
1.111128 -0.149958 1.121201 -0.134150
1.111061 -0.150121 1.121157 -0.134302
1.110994 -0.150284 1.121112 -0.134454
1.110927 -0.150448 1.121068 -0.134606
1.110860 -0.150611 1.121023 -0.134758
1.110793 -0.150773 1.120978 -0.134911
1.110725 -0.150936 1.120934 -0.135063
1.110658 -0.151099 1.120889 -0.135215
1.110591 -0.151262 1.120844 -0.135367
1.110523 -0.151424 1.120799 -0.135518
1.110456 -0.151587 1.120754 -0.135670
1.110388 -0.151750 1.120709 -0.135822
1.110320 -0.151912 1.120664 -0.135974
1.110253 -0.152074 1.120619 -0.136126
1.110185 -0.152237 1.120574 -0.136277
1.110117 -0.152399 1.120529 -0.136429
1.110049 -0.152561 1.120484 -0.136581
1.109981 -0.152723 1.120438 -0.136732
1.109913 -0.152885 1.120393 -0.136884
1.109845 -0.153047 1.120348 -0.137035
1.109777 -0.153209 1.120302 -0.137186
1.109708 -0.153370 1.120257 -0.137338
1.109640 -0.153532 1.120211 -0.137489
1.109572 -0.153694 1.120165 -0.137640
1.109503 -0.153855 1.120120 -0.137792
1.109435 -0.154017 1.120074 -0.137943
1.109366 -0.154178 1.120028 -0.138094
1.109297 -0.154339 1.119983 -0.138245
1.109228 -0.154500 1.119937 -0.138396
1.109160 -0.154662 1.119891 -0.138547
1.109091 -0.154823 1.119845 -0.138698
1.109022 -0.154984 1.119799 -0.138849
1.108953 -0.155145 1.119753 -0.139000
1.108884 -0.155305 1.119707 -0.139150
1.108815 -0.155466 1.119660 -0.139301
1.108745 -0.155627 1.119614 -0.139452
1.108676 -0.155787 1.119568 -0.139603
1.108607 -0.155948 1.119522 -0.139753
1.108537 -0.156108 1.119475 -0.139904
1.108468 -0.156269 1.119429 -0.140054
1.108398 -0.156429 1.119382 -0.140205
1.108329 -0.156589 1.119336 -0.140355
1.108259 -0.156749 1.119289 -0.140506
1.108189 -0.156910 1.119243 -0.140656
1.108120 -0.157070 1.119196 -0.140806
1.108050 -0.157229 1.119149 -0.140956
1.107980 -0.157389 1.119103 -0.141107
1.107910 -0.157549 1.119056 -0.141257
1.107840 -0.157709 1.119009 -0.141407
1.107770 -0.157868 1.118962 -0.141557
1.107699 -0.158028 1.118915 -0.141707
1.107629 -0.158187 1.118868 -0.141857
1.107559 -0.158347 1.118821 -0.142007
1.107488 -0.158506 1.118774 -0.142157
1.107418 -0.158665 1.118726 -0.142306
1.107347 -0.158824 1.118679 -0.142456
1.107277 -0.158983 1.118632 -0.142606
1.107206 -0.159142 1.118585 -0.142756
1.107135 -0.159301 1.118537 -0.142905
1.107065 -0.159460 1.118490 -0.143055
1.106994 -0.159619 1.118442 -0.143204
1.106923 -0.159778 1.118395 -0.143354
1.106852 -0.159936 1.118347 -0.143503
1.106781 -0.160095 1.118300 -0.143653
1.106710 -0.160253 1.118252 -0.143802
1.106638 -0.160412 1.118204 -0.143951
1.106567 -0.160570 1.118156 -0.144100
1.106496 -0.160728 1.118108 -0.144250
1.106424 -0.160886 1.118061 -0.144399
1.106353 -0.161044 1.118013 -0.144548
1.106282 -0.161202 1.117965 -0.144697
1.106210 -0.161360 1.117917 -0.144846
1.106138 -0.161518 1.117868 -0.144995
1.106067 -0.161676 1.117820 -0.145144
1.105995 -0.161833 1.117772 -0.145293
1.105923 -0.161991 1.117724 -0.145441
1.105851 -0.162148 1.117676 -0.145590
1.105779 -0.162306 1.117627 -0.145739
1.105707 -0.162463 1.117579 -0.145887
1.105635 -0.162620 1.117530 -0.146036
1.105563 -0.162777 1.117482 -0.146185
1.105491 -0.162935 1.117433 -0.146333
1.105418 -0.163092 1.117385 -0.146482
1.105346 -0.163248 1.117336 -0.146630
1.105274 -0.163405 1.117287 -0.146778
1.105201 -0.163562 1.117239 -0.146927
1.105129 -0.163719 1.117190 -0.147075
1.105056 -0.163875 1.117141 -0.147223
1.104983 -0.164032 1.117092 -0.147371
1.104911 -0.164188 1.117043 -0.147519
1.104838 -0.164345 1.116994 -0.147667
1.104765 -0.164501 1.116945 -0.147815
1.104692 -0.164657 1.116896 -0.147963
1.104619 -0.164813 1.116847 -0.148111
1.104546 -0.164969 1.116798 -0.148259
1.104473 -0.165125 1.116748 -0.148407
1.104400 -0.165281 1.116699 -0.148555
1.104326 -0.165437 1.116650 -0.148702
1.104253 -0.165593 1.116600 -0.148850
1.104180 -0.165748 1.116551 -0.148998
1.104106 -0.165904 1.116501 -0.149145
1.104033 -0.166060 1.116452 -0.149293
1.103959 -0.166215 1.116402 -0.149440
1.103886 -0.166370 1.116352 -0.149587
1.103812 -0.166525 1.116303 -0.149735
1.103738 -0.166681 1.116253 -0.149882
1.103664 -0.166836 1.116203 -0.150029
1.103591 -0.166991 1.116153 -0.150177
1.103517 -0.167146 1.116103 -0.150324
1.103443 -0.167300 1.116053 -0.150471
1.103369 -0.167455 1.116003 -0.150618
1.103294 -0.167610 1.115953 -0.150765
1.103220 -0.167764 1.115903 -0.150912
1.103146 -0.167919 1.115853 -0.151059
1.103072 -0.168073 1.115803 -0.151205
1.102997 -0.168228 1.115752 -0.151352
1.102923 -0.168382 1.115702 -0.151499
1.102848 -0.168536 1.115652 -0.151646
1.102774 -0.168690 1.115601 -0.151792
1.102699 -0.168844 1.115551 -0.151939
1.102624 -0.168998 1.115500 -0.152085
1.102550 -0.169152 1.115450 -0.152232
1.102475 -0.169306 1.115399 -0.152378
1.102400 -0.169459 1.115349 -0.152525
1.102325 -0.169613 1.115298 -0.152671
1.102250 -0.169766 1.115247 -0.152817
1.102175 -0.169920 1.115196 -0.152963
1.102100 -0.170073 1.115145 -0.153110
1.102025 -0.170226 1.115094 -0.153256
1.101950 -0.170380 1.115043 -0.153402
1.101874 -0.170533 1.114992 -0.153548
1.101799 -0.170686 1.114941 -0.153694
1.101723 -0.170839 1.114890 -0.153840
1.101648 -0.170991 1.114839 -0.153986
1.101572 -0.171144 1.114788 -0.154131
1.101497 -0.171297 1.114737 -0.154277
1.101421 -0.171449 1.114685 -0.154423
1.101345 -0.171602 1.114634 -0.154568
1.101270 -0.171754 1.114583 -0.154714
1.101194 -0.171907 1.114531 -0.154860
1.101118 -0.172059 1.114480 -0.155005
1.101042 -0.172211 1.114428 -0.155150
1.100966 -0.172363 1.114376 -0.155296
1.100890 -0.172515 1.114325 -0.155441
1.100813 -0.172667 1.114273 -0.155586
1.100737 -0.172819 1.114221 -0.155732
1.100661 -0.172971 1.114169 -0.155877
1.100585 -0.173122 1.114118 -0.156022
1.100508 -0.173274 1.114066 -0.156167
1.100432 -0.173425 1.114014 -0.156312
1.100355 -0.173577 1.113962 -0.156457
1.100279 -0.173728 1.113910 -0.156602
1.100202 -0.173879 1.113857 -0.156747
1.100125 -0.174031 1.113805 -0.156891
1.100048 -0.174182 1.113753 -0.157036
1.099972 -0.174333 1.113701 -0.157181
1.099895 -0.174483 1.113648 -0.157326
1.099818 -0.174634 1.113596 -0.157470
1.099741 -0.174785 1.113544 -0.157615
1.099664 -0.174936 1.113491 -0.157759
1.099587 -0.175086 1.113439 -0.157903
1.099509 -0.175237 1.113386 -0.158048
1.099432 -0.175387 1.113334 -0.158192
1.099355 -0.175537 1.113281 -0.158336
1.099277 -0.175687 1.113228 -0.158481
1.099200 -0.175838 1.113175 -0.158625
1.099123 -0.175988 1.113123 -0.158769
1.099045 -0.176138 1.113070 -0.158913
1.098967 -0.176287 1.113017 -0.159057
1.098890 -0.176437 1.112964 -0.159201
1.098812 -0.176587 1.112911 -0.159345
1.098734 -0.176736 1.112858 -0.159488
1.098656 -0.176886 1.112805 -0.159632
1.098578 -0.177035 1.112752 -0.159776
1.098500 -0.177185 1.112698 -0.159920
1.098422 -0.177334 1.112645 -0.160063
1.098344 -0.177483 1.112592 -0.160207
1.098266 -0.177632 1.112538 -0.160350
1.098188 -0.177781 1.112485 -0.160494
1.098110 -0.177930 1.112432 -0.160637
1.098031 -0.178079 1.112378 -0.160780
1.097953 -0.178228 1.112325 -0.160924
1.097875 -0.178376 1.112271 -0.161067
1.097796 -0.178525 1.112217 -0.161210
1.097717 -0.178673 1.112164 -0.161353
1.097639 -0.178822 1.112110 -0.161496
1.097560 -0.178970 1.112056 -0.161639
1.097481 -0.179118 1.112002 -0.161782
1.097403 -0.179266 1.111948 -0.161925
1.097324 -0.179414 1.111894 -0.162068
1.097245 -0.179562 1.111840 -0.162210
1.097166 -0.179710 1.111786 -0.162353
1.097087 -0.179858 1.111732 -0.162496
1.097008 -0.180006 1.111678 -0.162638
1.096929 -0.180153 1.111624 -0.162781
1.096849 -0.180301 1.111570 -0.162923
1.096770 -0.180448 1.111515 -0.163066
1.096691 -0.180595 1.111461 -0.163208
1.096611 -0.180743 1.111407 -0.163351
1.096532 -0.180890 1.111352 -0.163493
1.096453 -0.181037 1.111298 -0.163635
1.096373 -0.181184 1.111243 -0.163777
1.096293 -0.181331 1.111189 -0.163919
1.096214 -0.181477 1.111134 -0.164061
1.096134 -0.181624 1.111079 -0.164203
1.096054 -0.181771 1.111024 -0.164345
1.095974 -0.181917 1.110970 -0.164487
1.095894 -0.182064 1.110915 -0.164629
1.095814 -0.182210 1.110860 -0.164771
1.095734 -0.182356 1.110805 -0.164912
1.095654 -0.182502 1.110750 -0.165054
1.095574 -0.182649 1.110695 -0.165196
1.095494 -0.182795 1.110640 -0.165337
1.095414 -0.182940 1.110585 -0.165479
1.095334 -0.183086 1.110530 -0.165620
1.095253 -0.183232 1.110474 -0.165761
1.095173 -0.183378 1.110419 -0.165903
1.095092 -0.183523 1.110364 -0.166044
1.095012 -0.183669 1.110308 -0.166185
1.094931 -0.183814 1.110253 -0.166326
1.094851 -0.183959 1.110198 -0.166467
1.094770 -0.184104 1.110142 -0.166608
1.094689 -0.184249 1.110086 -0.166749
1.094608 -0.184394 1.110031 -0.166890
1.094527 -0.184539 1.109975 -0.167031
1.094446 -0.184684 1.109920 -0.167172
1.094365 -0.184829 1.109864 -0.167312
1.094284 -0.184973 1.109808 -0.167453
1.094203 -0.185118 1.109752 -0.167594
1.094122 -0.185262 1.109696 -0.167734
1.094041 -0.185407 1.109640 -0.167875
1.093960 -0.185551 1.109584 -0.168015
1.093878 -0.185695 1.109528 -0.168156
1.093797 -0.185839 1.109472 -0.168296
1.093716 -0.185983 1.109416 -0.168436
1.093634 -0.186127 1.109360 -0.168576
1.093553 -0.186271 1.109303 -0.168716
1.093471 -0.186415 1.109247 -0.168857
1.093389 -0.186558 1.109191 -0.168997
1.093308 -0.186702 1.109134 -0.169136
1.093226 -0.186845 1.109078 -0.169276
1.093144 -0.186989 1.109021 -0.169416
1.093062 -0.187132 1.108965 -0.169556
1.092980 -0.187275 1.108908 -0.169696
1.092898 -0.187418 1.108852 -0.169835
1.092816 -0.187561 1.108795 -0.169975
1.092734 -0.187704 1.108738 -0.170115
1.092652 -0.187847 1.108682 -0.170254
1.092570 -0.187990 1.108625 -0.170393
1.092487 -0.188132 1.108568 -0.170533
1.092405 -0.188275 1.108511 -0.170672
1.092323 -0.188417 1.108454 -0.170811
1.092240 -0.188560 1.108397 -0.170951
1.092158 -0.188702 1.108340 -0.171090
1.092075 -0.188844 1.108283 -0.171229
1.091993 -0.188986 1.108226 -0.171368
1.091910 -0.189128 1.108168 -0.171507
1.091827 -0.189270 1.108111 -0.171646
1.091745 -0.189412 1.108054 -0.171785
1.091662 -0.189553 1.107996 -0.171923
1.091579 -0.189695 1.107939 -0.172062
1.091496 -0.189836 1.107881 -0.172201
1.091413 -0.189978 1.107824 -0.172339
1.091330 -0.190119 1.107766 -0.172478
1.091247 -0.190260 1.107709 -0.172616
1.091164 -0.190402 1.107651 -0.172755
1.091081 -0.190543 1.107593 -0.172893
1.090997 -0.190684 1.107536 -0.173031
1.090914 -0.190824 1.107478 -0.173170
1.090831 -0.190965 1.107420 -0.173308
1.090747 -0.191106 1.107362 -0.173446
1.090664 -0.191246 1.107304 -0.173584
1.090580 -0.191387 1.107246 -0.173722
1.090497 -0.191527 1.107188 -0.173860
1.090413 -0.191668 1.107130 -0.173998
1.090329 -0.191808 1.107072 -0.174136
1.090246 -0.191948 1.107014 -0.174273
1.090162 -0.192088 1.106956 -0.174411
1.090078 -0.192228 1.106897 -0.174549
1.089994 -0.192368 1.106839 -0.174686
1.089910 -0.192507 1.106781 -0.174824
1.089826 -0.192647 1.106722 -0.174961
1.089742 -0.192787 1.106664 -0.175099
1.089658 -0.192926 1.106605 -0.175236
1.089574 -0.193065 1.106547 -0.175373
1.089490 -0.193205 1.106488 -0.175510
1.089405 -0.193344 1.106429 -0.175647
1.089321 -0.193483 1.106371 -0.175785
1.089237 -0.193622 1.106312 -0.175922
1.089152 -0.193761 1.106253 -0.176058
1.089068 -0.193899 1.106194 -0.176195
1.088983 -0.194038 1.106135 -0.176332
1.088899 -0.194177 1.106076 -0.176469
1.088814 -0.194315 1.106017 -0.176606
1.088729 -0.194454 1.105958 -0.176742
1.088645 -0.194592 1.105899 -0.176879
1.088560 -0.194730 1.105840 -0.177015
1.088475 -0.194868 1.105781 -0.177152
1.088390 -0.195006 1.105722 -0.177288
1.088305 -0.195144 1.105662 -0.177425
1.088220 -0.195282 1.105603 -0.177561
1.088135 -0.195420 1.105544 -0.177697
1.088050 -0.195557 1.105484 -0.177833
1.087965 -0.195695 1.105425 -0.177969
1.087880 -0.195832 1.105365 -0.178105
1.087794 -0.195970 1.105306 -0.178241
1.087709 -0.196107 1.105246 -0.178377
1.087624 -0.196244 1.105186 -0.178513
1.087538 -0.196381 1.105127 -0.178649
1.087453 -0.196518 1.105067 -0.178784
1.087367 -0.196655 1.105007 -0.178920
1.087282 -0.196792 1.104947 -0.179056
1.087196 -0.196928 1.104887 -0.179191
1.087110 -0.197065 1.104827 -0.179327
1.087025 -0.197201 1.104767 -0.179462
1.086939 -0.197338 1.104707 -0.179597
1.086853 -0.197474 1.104647 -0.179733
1.086767 -0.197610 1.104587 -0.179868
1.086681 -0.197746 1.104527 -0.180003
1.086595 -0.197882 1.104467 -0.180138
1.086509 -0.198018 1.104406 -0.180273
1.086423 -0.198154 1.104346 -0.180408
1.086337 -0.198290 1.104286 -0.180543
1.086251 -0.198425 1.104225 -0.180678
1.086165 -0.198561 1.104165 -0.180813
1.086078 -0.198696 1.104104 -0.180947
1.085992 -0.198831 1.104044 -0.181082
1.085906 -0.198967 1.103983 -0.181216
1.085819 -0.199102 1.103922 -0.181351
1.085733 -0.199237 1.103862 -0.181485
1.085646 -0.199372 1.103801 -0.181620
1.085560 -0.199507 1.103740 -0.181754
1.085473 -0.199641 1.103679 -0.181888
1.085386 -0.199776 1.103618 -0.182022
1.085300 -0.199910 1.103558 -0.182157
1.085213 -0.200045 1.103497 -0.182291
1.085126 -0.200179 1.103435 -0.182425
1.085039 -0.200313 1.103374 -0.182559
1.084952 -0.200448 1.103313 -0.182692
1.084865 -0.200582 1.103252 -0.182826
1.084778 -0.200716 1.103191 -0.182960
1.084691 -0.200849 1.103130 -0.183094
1.084604 -0.200983 1.103068 -0.183227
1.084517 -0.201117 1.103007 -0.183361
1.084429 -0.201250 1.102945 -0.183494
1.084342 -0.201384 1.102884 -0.183628
1.084255 -0.201517 1.102823 -0.183761
1.084167 -0.201650 1.102761 -0.183894
1.084080 -0.201783 1.102699 -0.184027
1.083992 -0.201917 1.102638 -0.184161
1.083905 -0.202049 1.102576 -0.184294
1.083817 -0.202182 1.102514 -0.184427
1.083730 -0.202315 1.102452 -0.184560
1.083642 -0.202448 1.102391 -0.184692
1.083554 -0.202580 1.102329 -0.184825
1.083467 -0.202713 1.102267 -0.184958
1.083379 -0.202845 1.102205 -0.185091
1.083291 -0.202977 1.102143 -0.185223
1.083203 -0.203109 1.102081 -0.185356
1.083115 -0.203242 1.102019 -0.185488
1.083027 -0.203373 1.101956 -0.185621
1.082939 -0.203505 1.101894 -0.185753
1.082851 -0.203637 1.101832 -0.185885
1.082763 -0.203769 1.101770 -0.186018
1.082674 -0.203900 1.101707 -0.186150
1.082586 -0.204032 1.101645 -0.186282
1.082498 -0.204163 1.101582 -0.186414
1.082409 -0.204294 1.101520 -0.186546
1.082321 -0.204425 1.101457 -0.186678
1.082233 -0.204557 1.101395 -0.186810
1.082144 -0.204688 1.101332 -0.186941
1.082055 -0.204818 1.101270 -0.187073
1.081967 -0.204949 1.101207 -0.187205
1.081878 -0.205080 1.101144 -0.187336
1.081790 -0.205210 1.101081 -0.187468
1.081701 -0.205341 1.101018 -0.187599
1.081612 -0.205471 1.100955 -0.187731
1.081523 -0.205601 1.100892 -0.187862
1.081434 -0.205731 1.100829 -0.187993
1.081345 -0.205862 1.100766 -0.188124
1.081256 -0.205991 1.100703 -0.188255
1.081167 -0.206121 1.100640 -0.188386
1.081078 -0.206251 1.100577 -0.188517
1.080989 -0.206381 1.100514 -0.188648
1.080900 -0.206510 1.100450 -0.188779
1.080811 -0.206640 1.100387 -0.188910
1.080721 -0.206769 1.100324 -0.189040
1.080632 -0.206898 1.100260 -0.189171
1.080543 -0.207027 1.100197 -0.189302
1.080453 -0.207156 1.100133 -0.189432
1.080364 -0.207285 1.100070 -0.189563
1.080274 -0.207414 1.100006 -0.189693
1.080185 -0.207543 1.099942 -0.189823
1.080095 -0.207672 1.099879 -0.189953
1.080006 -0.207800 1.099815 -0.190084
1.079916 -0.207928 1.099751 -0.190214
1.079826 -0.208057 1.099687 -0.190344
1.079737 -0.208185 1.099624 -0.190474
1.079647 -0.208313 1.099560 -0.190603
1.079557 -0.208441 1.099496 -0.190733
1.079467 -0.208569 1.099432 -0.190863
1.079377 -0.208697 1.099368 -0.190993
1.079287 -0.208825 1.099303 -0.191122
1.079197 -0.208952 1.099239 -0.191252
1.079107 -0.209080 1.099175 -0.191381
1.079017 -0.209207 1.099111 -0.191511
1.078926 -0.209334 1.099046 -0.191640
1.078836 -0.209462 1.098982 -0.191769
1.078746 -0.209589 1.098918 -0.191898
1.078656 -0.209716 1.098853 -0.192027
1.078565 -0.209842 1.098789 -0.192157
1.078475 -0.209969 1.098724 -0.192286
1.078384 -0.210096 1.098660 -0.192414
1.078294 -0.210223 1.098595 -0.192543
1.078203 -0.210349 1.098530 -0.192672
1.078113 -0.210475 1.098466 -0.192801
1.078022 -0.210602 1.098401 -0.192929
1.077931 -0.210728 1.098336 -0.193058
1.077841 -0.210854 1.098271 -0.193186
1.077750 -0.210980 1.098206 -0.193315
1.077659 -0.211106 1.098141 -0.193443
1.077568 -0.211231 1.098076 -0.193571
1.077477 -0.211357 1.098011 -0.193700
1.077386 -0.211483 1.097946 -0.193828
1.077295 -0.211608 1.097881 -0.193956
1.077204 -0.211733 1.097816 -0.194084
1.077113 -0.211859 1.097751 -0.194212
1.077022 -0.211984 1.097686 -0.194340
1.076931 -0.212109 1.097620 -0.194468
1.076840 -0.212234 1.097555 -0.194595
1.076748 -0.212358 1.097489 -0.194723
1.076657 -0.212483 1.097424 -0.194850
1.076566 -0.212608 1.097359 -0.194978
1.076474 -0.212732 1.097293 -0.195105
1.076383 -0.212857 1.097227 -0.195233
1.076291 -0.212981 1.097162 -0.195360
1.076200 -0.213105 1.097096 -0.195487
1.076108 -0.213229 1.097030 -0.195615
1.076017 -0.213353 1.096965 -0.195742
1.075925 -0.213477 1.096899 -0.195869
1.075833 -0.213601 1.096833 -0.195996
1.075742 -0.213724 1.096767 -0.196122
1.075650 -0.213848 1.096701 -0.196249
1.075558 -0.213971 1.096635 -0.196376
1.075466 -0.214095 1.096569 -0.196503
1.075374 -0.214218 1.096503 -0.196629
1.075282 -0.214341 1.096437 -0.196756
1.075190 -0.214464 1.096371 -0.196882
1.075098 -0.214587 1.096304 -0.197009
1.075006 -0.214710 1.096238 -0.197135
1.074914 -0.214833 1.096172 -0.197261
1.074822 -0.214955 1.096106 -0.197387
1.074729 -0.215078 1.096039 -0.197513
1.074637 -0.215200 1.095973 -0.197639
1.074545 -0.215322 1.095906 -0.197765
1.074453 -0.215444 1.095840 -0.197891
1.074360 -0.215567 1.095773 -0.198017
1.074268 -0.215689 1.095706 -0.198143
1.074175 -0.215810 1.095640 -0.198268
1.074083 -0.215932 1.095573 -0.198394
1.073990 -0.216054 1.095506 -0.198520
1.073898 -0.216175 1.095440 -0.198645
1.073805 -0.216297 1.095373 -0.198770
1.073712 -0.216418 1.095306 -0.198896
1.073619 -0.216539 1.095239 -0.199021
1.073527 -0.216660 1.095172 -0.199146
1.073434 -0.216781 1.095105 -0.199271
1.073341 -0.216902 1.095038 -0.199396
1.073248 -0.217023 1.094971 -0.199521
1.073155 -0.217144 1.094903 -0.199646
1.073062 -0.217264 1.094836 -0.199771
1.072969 -0.217385 1.094769 -0.199896
1.072876 -0.217505 1.094702 -0.200020
1.072783 -0.217626 1.094634 -0.200145
1.072690 -0.217746 1.094567 -0.200269
1.072597 -0.217866 1.094499 -0.200394
1.072503 -0.217986 1.094432 -0.200518
1.072410 -0.218106 1.094364 -0.200642
1.072317 -0.218225 1.094297 -0.200767
1.072224 -0.218345 1.094229 -0.200891
1.072130 -0.218464 1.094162 -0.201015
1.072037 -0.218584 1.094094 -0.201139
1.071943 -0.218703 1.094026 -0.201263
1.071850 -0.218822 1.093958 -0.201387
1.071756 -0.218941 1.093891 -0.201510
1.071663 -0.219060 1.093823 -0.201634
1.071569 -0.219179 1.093755 -0.201758
1.071475 -0.219298 1.093687 -0.201881
1.071381 -0.219417 1.093619 -0.202005
1.071288 -0.219535 1.093551 -0.202128
1.071194 -0.219654 1.093483 -0.202251
1.071100 -0.219772 1.093414 -0.202375
1.071006 -0.219890 1.093346 -0.202498
1.070912 -0.220008 1.093278 -0.202621
1.070818 -0.220126 1.093210 -0.202744
1.070724 -0.220244 1.093141 -0.202867
1.070630 -0.220362 1.093073 -0.202990
1.070536 -0.220480 1.093005 -0.203113
1.070442 -0.220597 1.092936 -0.203235
1.070348 -0.220715 1.092868 -0.203358
1.070254 -0.220832 1.092799 -0.203481
1.070159 -0.220949 1.092730 -0.203603
1.070065 -0.221067 1.092662 -0.203726
1.069971 -0.221184 1.092593 -0.203848
1.069877 -0.221300 1.092524 -0.203970
1.069782 -0.221417 1.092456 -0.204092
1.069688 -0.221534 1.092387 -0.204215
1.069593 -0.221651 1.092318 -0.204337
1.069499 -0.221767 1.092249 -0.204459
1.069404 -0.221883 1.092180 -0.204581
1.069310 -0.222000 1.092111 -0.204702
1.069215 -0.222116 1.092042 -0.204824
1.069120 -0.222232 1.091973 -0.204946
1.069026 -0.222348 1.091904 -0.205067
1.068931 -0.222464 1.091835 -0.205189
1.068836 -0.222579 1.091766 -0.205310
1.068741 -0.222695 1.091696 -0.205432
1.068646 -0.222811 1.091627 -0.205553
1.068551 -0.222926 1.091558 -0.205674
1.068456 -0.223041 1.091488 -0.205796
1.068361 -0.223156 1.091419 -0.205917
1.068266 -0.223271 1.091349 -0.206038
1.068171 -0.223386 1.091280 -0.206159
1.068076 -0.223501 1.091210 -0.206279
1.067981 -0.223616 1.091141 -0.206400
1.067886 -0.223731 1.091071 -0.206521
1.067791 -0.223845 1.091001 -0.206642
1.067696 -0.223960 1.090932 -0.206762
1.067600 -0.224074 1.090862 -0.206883
1.067505 -0.224188 1.090792 -0.207003
1.067410 -0.224302 1.090722 -0.207123
1.067314 -0.224416 1.090652 -0.207244
1.067219 -0.224530 1.090582 -0.207364
1.067123 -0.224644 1.090512 -0.207484
1.067028 -0.224757 1.090442 -0.207604
1.066932 -0.224871 1.090372 -0.207724
1.066837 -0.224984 1.090302 -0.207844
1.066741 -0.225097 1.090232 -0.207963
1.066645 -0.225211 1.090161 -0.208083
1.066550 -0.225324 1.090091 -0.208203
1.066454 -0.225437 1.090021 -0.208322
1.066358 -0.225550 1.089951 -0.208442
1.066262 -0.225662 1.089880 -0.208561
1.066166 -0.225775 1.089810 -0.208680
1.066071 -0.225887 1.089739 -0.208800
1.065975 -0.226000 1.089669 -0.208919
1.065879 -0.226112 1.089598 -0.209038
1.065783 -0.226224 1.089528 -0.209157
1.065687 -0.226336 1.089457 -0.209276
1.065591 -0.226448 1.089386 -0.209395
1.065494 -0.226560 1.089315 -0.209514
1.065398 -0.226672 1.089245 -0.209632
1.065302 -0.226784 1.089174 -0.209751
1.065206 -0.226895 1.089103 -0.209869
1.065110 -0.227007 1.089032 -0.209988
1.065013 -0.227118 1.088961 -0.210106
1.064917 -0.227229 1.088890 -0.210225
1.064821 -0.227340 1.088819 -0.210343
1.064724 -0.227451 1.088748 -0.210461
1.064628 -0.227562 1.088677 -0.210579
1.064531 -0.227673 1.088606 -0.210697
1.064435 -0.227783 1.088534 -0.210815
1.064338 -0.227894 1.088463 -0.210933
1.064242 -0.228004 1.088392 -0.211051
1.064145 -0.228115 1.088320 -0.211168
1.064049 -0.228225 1.088249 -0.211286
1.063952 -0.228335 1.088178 -0.211403
1.063855 -0.228445 1.088106 -0.211521
1.063758 -0.228555 1.088035 -0.211638
1.063662 -0.228664 1.087963 -0.211756
1.063565 -0.228774 1.087891 -0.211873
1.063468 -0.228883 1.087820 -0.211990
1.063371 -0.228993 1.087748 -0.212107
1.063274 -0.229102 1.087676 -0.212224
1.063177 -0.229211 1.087605 -0.212341
1.063080 -0.229320 1.087533 -0.212458
1.062983 -0.229429 1.087461 -0.212574
1.062886 -0.229538 1.087389 -0.212691
1.062789 -0.229647 1.087317 -0.212808
1.062692 -0.229755 1.087245 -0.212924
1.062595 -0.229864 1.087173 -0.213041
1.062498 -0.229972 1.087101 -0.213157
1.062400 -0.230081 1.087029 -0.213273
1.062303 -0.230189 1.086957 -0.213389
1.062206 -0.230297 1.086884 -0.213505
1.062108 -0.230405 1.086812 -0.213621
1.062011 -0.230512 1.086740 -0.213737
1.061914 -0.230620 1.086668 -0.213853
1.061816 -0.230728 1.086595 -0.213969
1.061719 -0.230835 1.086523 -0.214085
1.061621 -0.230943 1.086450 -0.214200
1.061524 -0.231050 1.086378 -0.214316
1.061426 -0.231157 1.086305 -0.214431
1.061329 -0.231264 1.086233 -0.214547
1.061231 -0.231371 1.086160 -0.214662
1.061133 -0.231478 1.086087 -0.214777
1.061036 -0.231584 1.086015 -0.214892
1.060938 -0.231691 1.085942 -0.215007
1.060840 -0.231797 1.085869 -0.215122
1.060742 -0.231904 1.085796 -0.215237
1.060644 -0.232010 1.085723 -0.215352
1.060546 -0.232116 1.085650 -0.215467
1.060449 -0.232222 1.085577 -0.215582
1.060351 -0.232328 1.085504 -0.215696
1.060253 -0.232433 1.085431 -0.215811
1.060155 -0.232539 1.085358 -0.215925
1.060057 -0.232645 1.085285 -0.216039
1.059959 -0.232750 1.085212 -0.216154
1.059860 -0.232855 1.085139 -0.216268
1.059762 -0.232961 1.085065 -0.216382
1.059664 -0.233066 1.084992 -0.216496
1.059566 -0.233171 1.084919 -0.216610
1.059468 -0.233275 1.084845 -0.216724
1.059369 -0.233380 1.084772 -0.216837
1.059271 -0.233485 1.084698 -0.216951
1.059173 -0.233589 1.084625 -0.217065
1.059074 -0.233694 1.084551 -0.217178
1.058976 -0.233798 1.084478 -0.217292
1.058878 -0.233902 1.084404 -0.217405
1.058779 -0.234006 1.084330 -0.217518
1.058681 -0.234110 1.084257 -0.217631
1.058582 -0.234214 1.084183 -0.217745
1.058484 -0.234317 1.084109 -0.217858
1.058385 -0.234421 1.084035 -0.217970
1.058286 -0.234525 1.083961 -0.218083
1.058188 -0.234628 1.083887 -0.218196
1.058089 -0.234731 1.083813 -0.218309
1.057990 -0.234834 1.083739 -0.218421
1.057892 -0.234937 1.083665 -0.218534
1.057793 -0.235040 1.083591 -0.218646
1.057694 -0.235143 1.083517 -0.218759
1.057595 -0.235245 1.083443 -0.218871
1.057496 -0.235348 1.083369 -0.218983
1.057398 -0.235450 1.083294 -0.219095
1.057299 -0.235553 1.083220 -0.219207
1.057200 -0.235655 1.083146 -0.219319
1.057101 -0.235757 1.083071 -0.219431
1.057002 -0.235859 1.082997 -0.219543
1.056903 -0.235961 1.082922 -0.219655
1.056804 -0.236062 1.082848 -0.219766
1.056704 -0.236164 1.082773 -0.219878
1.056605 -0.236266 1.082699 -0.219989
1.056506 -0.236367 1.082624 -0.220101
1.056407 -0.236468 1.082549 -0.220212
1.056308 -0.236569 1.082474 -0.220323
1.056208 -0.236670 1.082400 -0.220434
1.056109 -0.236771 1.082325 -0.220545
1.056010 -0.236872 1.082250 -0.220656
1.055910 -0.236973 1.082175 -0.220767
1.055811 -0.237073 1.082100 -0.220878
1.055712 -0.237174 1.082025 -0.220989
1.055612 -0.237274 1.081950 -0.221099
1.055513 -0.237374 1.081875 -0.221210
1.055413 -0.237474 1.081800 -0.221320
1.055314 -0.237574 1.081725 -0.221430
1.055214 -0.237674 1.081650 -0.221541
1.055115 -0.237774 1.081574 -0.221651
1.055015 -0.237873 1.081499 -0.221761
1.054915 -0.237973 1.081424 -0.221871
1.054816 -0.238072 1.081348 -0.221981
1.054716 -0.238172 1.081273 -0.222091
1.054616 -0.238271 1.081198 -0.222201
1.054516 -0.238370 1.081122 -0.222310
1.054417 -0.238469 1.081047 -0.222420
1.054317 -0.238567 1.080971 -0.222529
1.054217 -0.238666 1.080896 -0.222639
1.054117 -0.238765 1.080820 -0.222748
1.054017 -0.238863 1.080744 -0.222857
1.053917 -0.238961 1.080668 -0.222967
1.053817 -0.239060 1.080593 -0.223076
1.053717 -0.239158 1.080517 -0.223185
1.053617 -0.239256 1.080441 -0.223294
1.053517 -0.239354 1.080365 -0.223402
1.053417 -0.239451 1.080289 -0.223511
1.053317 -0.239549 1.080213 -0.223620
1.053217 -0.239646 1.080137 -0.223728
1.053117 -0.239744 1.080061 -0.223837
1.053017 -0.239841 1.079985 -0.223945
1.052916 -0.239938 1.079909 -0.224054
1.052816 -0.240035 1.079833 -0.224162
1.052716 -0.240132 1.079757 -0.224270
1.052616 -0.240229 1.079680 -0.224378
1.052515 -0.240326 1.079604 -0.224486
1.052415 -0.240422 1.079528 -0.224594
1.052315 -0.240519 1.079451 -0.224702
1.052214 -0.240615 1.079375 -0.224809
1.052114 -0.240711 1.079298 -0.224917
1.052013 -0.240807 1.079222 -0.225025
1.051913 -0.240903 1.079145 -0.225132
1.051812 -0.240999 1.079069 -0.225239
1.051712 -0.241095 1.078992 -0.225347
1.051611 -0.241190 1.078916 -0.225454
1.051511 -0.241286 1.078839 -0.225561
1.051410 -0.241381 1.078762 -0.225668
1.051309 -0.241476 1.078685 -0.225775
1.051209 -0.241572 1.078609 -0.225882
1.051108 -0.241667 1.078532 -0.225989
1.051007 -0.241761 1.078455 -0.226095
1.050906 -0.241856 1.078378 -0.226202
1.050806 -0.241951 1.078301 -0.226308
1.050705 -0.242045 1.078224 -0.226415
1.050604 -0.242140 1.078147 -0.226521
1.050503 -0.242234 1.078070 -0.226627
1.050402 -0.242328 1.077993 -0.226733
1.050301 -0.242422 1.077915 -0.226840
1.050200 -0.242516 1.077838 -0.226946
1.050099 -0.242610 1.077761 -0.227051
1.049999 -0.242704 1.077684 -0.227157
1.049897 -0.242797 1.077606 -0.227263
1.049796 -0.242891 1.077529 -0.227369
1.049695 -0.242984 1.077451 -0.227474
1.049594 -0.243077 1.077374 -0.227580
1.049493 -0.243170 1.077296 -0.227685
1.049392 -0.243263 1.077219 -0.227790
1.049291 -0.243356 1.077141 -0.227895
1.049190 -0.243449 1.077064 -0.228000
1.049088 -0.243542 1.076986 -0.228105
1.048987 -0.243634 1.076908 -0.228210
1.048886 -0.243726 1.076831 -0.228315
1.048785 -0.243819 1.076753 -0.228420
1.048683 -0.243911 1.076675 -0.228525
1.048582 -0.244003 1.076597 -0.228629
1.048481 -0.244095 1.076519 -0.228734
1.048379 -0.244186 1.076441 -0.228838
1.048278 -0.244278 1.076363 -0.228942
1.048176 -0.244370 1.076285 -0.229047
1.048075 -0.244461 1.076207 -0.229151
1.047973 -0.244552 1.076129 -0.229255
1.047872 -0.244643 1.076051 -0.229359
1.047770 -0.244735 1.075973 -0.229463
1.047669 -0.244825 1.075895 -0.229566
1.047567 -0.244916 1.075816 -0.229670
1.047466 -0.245007 1.075738 -0.229774
1.047364 -0.245098 1.075660 -0.229877
1.047262 -0.245188 1.075581 -0.229980
1.047161 -0.245278 1.075503 -0.230084
1.047059 -0.245368 1.075425 -0.230187
1.046957 -0.245459 1.075346 -0.230290
1.046855 -0.245549 1.075268 -0.230393
1.046754 -0.245638 1.075189 -0.230496
1.046652 -0.245728 1.075110 -0.230599
1.046550 -0.245818 1.075032 -0.230702
1.046448 -0.245907 1.074953 -0.230805
1.046346 -0.245996 1.074874 -0.230907
1.046244 -0.246086 1.074796 -0.231010
1.046142 -0.246175 1.074717 -0.231112
1.046040 -0.246264 1.074638 -0.231214
1.045939 -0.246353 1.074559 -0.231317
1.045837 -0.246441 1.074480 -0.231419
1.045735 -0.246530 1.074401 -0.231521
1.045632 -0.246619 1.074322 -0.231623
1.045530 -0.246707 1.074243 -0.231725
1.045428 -0.246795 1.074164 -0.231827
1.045326 -0.246883 1.074085 -0.231928
1.045224 -0.246971 1.074006 -0.232030
1.045122 -0.247059 1.073927 -0.232131
1.045020 -0.247147 1.073847 -0.232233
1.044918 -0.247235 1.073768 -0.232334
1.044815 -0.247322 1.073689 -0.232435
1.044713 -0.247410 1.073609 -0.232537
1.044611 -0.247497 1.073530 -0.232638
1.044509 -0.247584 1.073451 -0.232739
1.044406 -0.247671 1.073371 -0.232839
1.044304 -0.247758 1.073292 -0.232940
1.044202 -0.247845 1.073212 -0.233041
1.044099 -0.247931 1.073132 -0.233142
1.043997 -0.248018 1.073053 -0.233242
1.043894 -0.248104 1.072973 -0.233342
1.043792 -0.248191 1.072893 -0.233443
1.043690 -0.248277 1.072814 -0.233543
1.043587 -0.248363 1.072734 -0.233643
1.043485 -0.248449 1.072654 -0.233743
1.043382 -0.248535 1.072574 -0.233843
1.043279 -0.248620 1.072494 -0.233943
1.043177 -0.248706 1.072414 -0.234043
1.043074 -0.248791 1.072334 -0.234143
1.042972 -0.248877 1.072254 -0.234242
1.042869 -0.248962 1.072174 -0.234342
1.042766 -0.249047 1.072094 -0.234441
1.042664 -0.249132 1.072014 -0.234540
1.042561 -0.249217 1.071934 -0.234640
1.042458 -0.249301 1.071854 -0.234739
1.042356 -0.249386 1.071774 -0.234838
1.042253 -0.249470 1.071693 -0.234937
1.042150 -0.249555 1.071613 -0.235036
1.042047 -0.249639 1.071533 -0.235134
1.041945 -0.249723 1.071452 -0.235233
1.041842 -0.249807 1.071372 -0.235332
1.041739 -0.249891 1.071291 -0.235430
1.041636 -0.249975 1.071211 -0.235529
1.041533 -0.250058 1.071130 -0.235627
1.041430 -0.250142 1.071050 -0.235725
1.041327 -0.250225 1.070969 -0.235823
1.041224 -0.250308 1.070888 -0.235921
1.041121 -0.250391 1.070808 -0.236019
1.041018 -0.250474 1.070727 -0.236117
1.040915 -0.250557 1.070646 -0.236215
1.040812 -0.250640 1.070565 -0.236312
1.040709 -0.250722 1.070485 -0.236410
1.040606 -0.250805 1.070404 -0.236507
1.040503 -0.250887 1.070323 -0.236605
1.040400 -0.250969 1.070242 -0.236702
1.040297 -0.251052 1.070161 -0.236799
1.040194 -0.251134 1.070080 -0.236896
1.040090 -0.251215 1.069999 -0.236993
1.039987 -0.251297 1.069918 -0.237090
1.039884 -0.251379 1.069836 -0.237187
1.039781 -0.251460 1.069755 -0.237284
1.039678 -0.251542 1.069674 -0.237380
1.039574 -0.251623 1.069593 -0.237477
1.039471 -0.251704 1.069512 -0.237573
1.039368 -0.251785 1.069430 -0.237670
1.039264 -0.251866 1.069349 -0.237766
1.039161 -0.251946 1.069267 -0.237862
1.039058 -0.252027 1.069186 -0.237958
1.038954 -0.252108 1.069104 -0.238054
1.038851 -0.252188 1.069023 -0.238150
1.038748 -0.252268 1.068941 -0.238246
1.038644 -0.252348 1.068860 -0.238341
1.038541 -0.252428 1.068778 -0.238437
1.038437 -0.252508 1.068696 -0.238532
1.038334 -0.252588 1.068615 -0.238628
1.038230 -0.252668 1.068533 -0.238723
1.038127 -0.252747 1.068451 -0.238818
1.038023 -0.252826 1.068369 -0.238913
1.037920 -0.252906 1.068288 -0.239008
1.037816 -0.252985 1.068206 -0.239103
1.037712 -0.253064 1.068124 -0.239198
1.037609 -0.253143 1.068042 -0.239293
1.037505 -0.253221 1.067960 -0.239387
1.037402 -0.253300 1.067878 -0.239482
1.037298 -0.253378 1.067796 -0.239576
1.037194 -0.253457 1.067714 -0.239671
1.037091 -0.253535 1.067631 -0.239765
1.036987 -0.253613 1.067549 -0.239859
1.036883 -0.253691 1.067467 -0.239953
1.036779 -0.253769 1.067385 -0.240047
1.036676 -0.253847 1.067302 -0.240141
1.036572 -0.253924 1.067220 -0.240235
1.036468 -0.254002 1.067138 -0.240328
1.036364 -0.254079 1.067055 -0.240422
1.036260 -0.254156 1.066973 -0.240515
1.036157 -0.254233 1.066890 -0.240609
1.036053 -0.254310 1.066808 -0.240702
1.035949 -0.254387 1.066725 -0.240795
1.035845 -0.254464 1.066643 -0.240888
1.035741 -0.254541 1.066560 -0.240981
1.035637 -0.254617 1.066477 -0.241074
1.035533 -0.254693 1.066395 -0.241167
1.035429 -0.254770 1.066312 -0.241260
1.035325 -0.254846 1.066229 -0.241352
1.035221 -0.254922 1.066146 -0.241445
1.035117 -0.254998 1.066063 -0.241537
1.035013 -0.255073 1.065981 -0.241630
1.034909 -0.255149 1.065898 -0.241722
1.034805 -0.255224 1.065815 -0.241814
1.034701 -0.255300 1.065732 -0.241906
1.034597 -0.255375 1.065649 -0.241998
1.034493 -0.255450 1.065566 -0.242090
1.034389 -0.255525 1.065482 -0.242181
1.034285 -0.255600 1.065399 -0.242273
1.034180 -0.255675 1.065316 -0.242365
1.034076 -0.255749 1.065233 -0.242456
1.033972 -0.255824 1.065150 -0.242547
1.033868 -0.255898 1.065066 -0.242639
1.033764 -0.255972 1.064983 -0.242730
1.033659 -0.256046 1.064900 -0.242821
1.033555 -0.256120 1.064816 -0.242912
1.033451 -0.256194 1.064733 -0.243003
1.033347 -0.256268 1.064649 -0.243093
1.033242 -0.256341 1.064566 -0.243184
1.033138 -0.256415 1.064482 -0.243274
1.033034 -0.256488 1.064399 -0.243365
1.032929 -0.256561 1.064315 -0.243455
1.032825 -0.256634 1.064232 -0.243546
1.032721 -0.256707 1.064148 -0.243636
1.032616 -0.256780 1.064064 -0.243726
1.032512 -0.256853 1.063980 -0.243816
1.032408 -0.256925 1.063897 -0.243906
1.032303 -0.256998 1.063813 -0.243995
1.032199 -0.257070 1.063729 -0.244085
1.032094 -0.257142 1.063645 -0.244175
1.031990 -0.257214 1.063561 -0.244264
1.031885 -0.257286 1.063477 -0.244353
1.031781 -0.257358 1.063393 -0.244443
1.031677 -0.257429 1.063309 -0.244532
1.031572 -0.257501 1.063225 -0.244621
1.031467 -0.257572 1.063141 -0.244710
1.031363 -0.257644 1.063057 -0.244799
1.031258 -0.257715 1.062973 -0.244888
1.031154 -0.257786 1.062888 -0.244976
1.031049 -0.257857 1.062804 -0.245065
1.030945 -0.257927 1.062720 -0.245153
1.030840 -0.257998 1.062636 -0.245242
1.030735 -0.258069 1.062551 -0.245330
1.030631 -0.258139 1.062467 -0.245418
1.030526 -0.258209 1.062382 -0.245506
1.030422 -0.258279 1.062298 -0.245594
1.030317 -0.258349 1.062213 -0.245682
1.030212 -0.258419 1.062129 -0.245770
1.030108 -0.258489 1.062044 -0.245857
1.030003 -0.258559 1.061960 -0.245945
1.029898 -0.258628 1.061875 -0.246032
1.029793 -0.258697 1.061790 -0.246120
1.029689 -0.258767 1.061706 -0.246207
1.029584 -0.258836 1.061621 -0.246294
1.029479 -0.258905 1.061536 -0.246381
1.029374 -0.258973 1.061451 -0.246468
1.029270 -0.259042 1.061366 -0.246555
1.029165 -0.259111 1.061282 -0.246642
1.029060 -0.259179 1.061197 -0.246729
1.028955 -0.259248 1.061112 -0.246815
1.028850 -0.259316 1.061027 -0.246902
1.028746 -0.259384 1.060942 -0.246988
1.028641 -0.259452 1.060857 -0.247074
1.028536 -0.259520 1.060772 -0.247160
1.028431 -0.259587 1.060686 -0.247247
1.028326 -0.259655 1.060601 -0.247333
1.028221 -0.259722 1.060516 -0.247418
1.028116 -0.259790 1.060431 -0.247504
1.028011 -0.259857 1.060346 -0.247590
1.027906 -0.259924 1.060260 -0.247675
1.027801 -0.259991 1.060175 -0.247761
1.027696 -0.260057 1.060090 -0.247846
1.027592 -0.260124 1.060004 -0.247931
1.027487 -0.260191 1.059919 -0.248017
1.027382 -0.260257 1.059833 -0.248102
1.027277 -0.260323 1.059748 -0.248187
1.027172 -0.260389 1.059662 -0.248271
1.027067 -0.260455 1.059577 -0.248356
1.026962 -0.260521 1.059491 -0.248441
1.026856 -0.260587 1.059405 -0.248525
1.026751 -0.260653 1.059320 -0.248610
1.026646 -0.260718 1.059234 -0.248694
1.026541 -0.260784 1.059148 -0.248778
1.026436 -0.260849 1.059063 -0.248862
1.026331 -0.260914 1.058977 -0.248946
1.026226 -0.260979 1.058891 -0.249030
1.026121 -0.261044 1.058805 -0.249114
1.026016 -0.261108 1.058719 -0.249198
1.025911 -0.261173 1.058633 -0.249282
1.025806 -0.261237 1.058547 -0.249365
1.025700 -0.261302 1.058461 -0.249448
1.025595 -0.261366 1.058375 -0.249532
1.025490 -0.261430 1.058289 -0.249615
1.025385 -0.261494 1.058203 -0.249698
1.025280 -0.261558 1.058117 -0.249781
1.025175 -0.261621 1.058030 -0.249864
1.025069 -0.261685 1.057944 -0.249947
1.024964 -0.261748 1.057858 -0.250029
1.024859 -0.261812 1.057772 -0.250112
1.024754 -0.261875 1.057685 -0.250194
1.024648 -0.261938 1.057599 -0.250277
1.024543 -0.262001 1.057513 -0.250359
1.024438 -0.262064 1.057426 -0.250441
1.024333 -0.262126 1.057340 -0.250523
1.024227 -0.262189 1.057253 -0.250605
1.024122 -0.262251 1.057167 -0.250687
1.024017 -0.262313 1.057080 -0.250769
1.023911 -0.262375 1.056994 -0.250851
1.023806 -0.262437 1.056907 -0.250932
1.023701 -0.262499 1.056820 -0.251014
1.023596 -0.262561 1.056734 -0.251095
1.023490 -0.262623 1.056647 -0.251176
1.023385 -0.262684 1.056560 -0.251257
1.023279 -0.262745 1.056473 -0.251338
1.023174 -0.262807 1.056387 -0.251419
1.023069 -0.262868 1.056300 -0.251500
1.022963 -0.262929 1.056213 -0.251581
1.022858 -0.262989 1.056126 -0.251661
1.022753 -0.263050 1.056039 -0.251742
1.022647 -0.263111 1.055952 -0.251822
1.022542 -0.263171 1.055865 -0.251902
1.022436 -0.263231 1.055778 -0.251983
1.022331 -0.263291 1.055691 -0.252063
1.022226 -0.263351 1.055604 -0.252143
1.022120 -0.263411 1.055516 -0.252223
1.022015 -0.263471 1.055429 -0.252302
1.021909 -0.263531 1.055342 -0.252382
1.021804 -0.263590 1.055255 -0.252462
1.021698 -0.263650 1.055168 -0.252541
1.021593 -0.263709 1.055080 -0.252620
1.021487 -0.263768 1.054993 -0.252700
1.021382 -0.263827 1.054905 -0.252779
1.021276 -0.263886 1.054818 -0.252858
1.021171 -0.263944 1.054731 -0.252937
1.021065 -0.264003 1.054643 -0.253015
1.020960 -0.264061 1.054556 -0.253094
1.020854 -0.264120 1.054468 -0.253173
1.020749 -0.264178 1.054381 -0.253251
1.020643 -0.264236 1.054293 -0.253330
1.020538 -0.264294 1.054205 -0.253408
1.020432 -0.264352 1.054118 -0.253486
1.020327 -0.264409 1.054030 -0.253564
1.020221 -0.264467 1.053942 -0.253642
1.020116 -0.264524 1.053854 -0.253720
1.020010 -0.264582 1.053767 -0.253798
1.019904 -0.264639 1.053679 -0.253875
1.019799 -0.264696 1.053591 -0.253953
1.019693 -0.264753 1.053503 -0.254030
1.019588 -0.264809 1.053415 -0.254108
1.019482 -0.264866 1.053327 -0.254185
1.019377 -0.264922 1.053239 -0.254262
1.019271 -0.264979 1.053151 -0.254339
1.019165 -0.265035 1.053063 -0.254416
1.019060 -0.265091 1.052975 -0.254493
1.018954 -0.265147 1.052887 -0.254569
1.018848 -0.265203 1.052799 -0.254646
1.018743 -0.265259 1.052710 -0.254722
1.018637 -0.265314 1.052622 -0.254799
1.018532 -0.265370 1.052534 -0.254875
1.018426 -0.265425 1.052446 -0.254951
1.018320 -0.265480 1.052357 -0.255027
1.018215 -0.265535 1.052269 -0.255103
1.018109 -0.265590 1.052181 -0.255179
1.018003 -0.265645 1.052092 -0.255255
1.017898 -0.265699 1.052004 -0.255330
1.017792 -0.265754 1.051915 -0.255406
1.017686 -0.265808 1.051827 -0.255481
1.017581 -0.265862 1.051738 -0.255556
1.017475 -0.265916 1.051650 -0.255632
1.017369 -0.265970 1.051561 -0.255707
1.017264 -0.266024 1.051472 -0.255782
1.017158 -0.266078 1.051384 -0.255857
1.017052 -0.266132 1.051295 -0.255931
1.016946 -0.266185 1.051206 -0.256006
1.016841 -0.266238 1.051117 -0.256080
1.016735 -0.266291 1.051029 -0.256155
1.016629 -0.266345 1.050940 -0.256229
1.016524 -0.266397 1.050851 -0.256303
1.016418 -0.266450 1.050762 -0.256377
1.016312 -0.266503 1.050673 -0.256451
1.016206 -0.266555 1.050584 -0.256525
1.016101 -0.266608 1.050495 -0.256599
1.015995 -0.266660 1.050406 -0.256673
1.015889 -0.266712 1.050317 -0.256746
1.015783 -0.266764 1.050228 -0.256820
1.015678 -0.266816 1.050139 -0.256893
1.015572 -0.266868 1.050050 -0.256966
1.015466 -0.266919 1.049961 -0.257039
1.015360 -0.266971 1.049872 -0.257112
1.015255 -0.267022 1.049782 -0.257185
1.015149 -0.267073 1.049693 -0.257258
1.015043 -0.267124 1.049604 -0.257331
1.014937 -0.267175 1.049514 -0.257403
1.014832 -0.267226 1.049425 -0.257476
1.014726 -0.267277 1.049336 -0.257548
1.014620 -0.267327 1.049246 -0.257620
1.014514 -0.267377 1.049157 -0.257692
1.014409 -0.267428 1.049067 -0.257764
1.014303 -0.267478 1.048978 -0.257836
1.014197 -0.267528 1.048888 -0.257908
1.014091 -0.267578 1.048799 -0.257980
1.013985 -0.267627 1.048709 -0.258051
1.013880 -0.267677 1.048620 -0.258123
1.013774 -0.267726 1.048530 -0.258194
1.013668 -0.267776 1.048440 -0.258265
1.013562 -0.267825 1.048350 -0.258337
1.013456 -0.267874 1.048261 -0.258408
1.013351 -0.267923 1.048171 -0.258478
1.013245 -0.267972 1.048081 -0.258549
1.013139 -0.268020 1.047991 -0.258620
1.013033 -0.268069 1.047901 -0.258691
1.012927 -0.268117 1.047811 -0.258761
1.012822 -0.268165 1.047722 -0.258831
1.012716 -0.268214 1.047632 -0.258902
1.012610 -0.268261 1.047542 -0.258972
1.012504 -0.268309 1.047452 -0.259042
1.012398 -0.268357 1.047362 -0.259112
1.012293 -0.268405 1.047271 -0.259181
1.012187 -0.268452 1.047181 -0.259251
1.012081 -0.268499 1.047091 -0.259321
1.011975 -0.268547 1.047001 -0.259390
1.011869 -0.268594 1.046911 -0.259460
1.011764 -0.268641 1.046821 -0.259529
1.011658 -0.268687 1.046730 -0.259598
1.011552 -0.268734 1.046640 -0.259667
1.011446 -0.268780 1.046550 -0.259736
1.011340 -0.268827 1.046459 -0.259805
1.011235 -0.268873 1.046369 -0.259873
1.011129 -0.268919 1.046279 -0.259942
1.011023 -0.268965 1.046188 -0.260010
1.010917 -0.269011 1.046098 -0.260079
1.010811 -0.269057 1.046007 -0.260147
1.010705 -0.269102 1.045917 -0.260215
1.010600 -0.269148 1.045826 -0.260283
1.010494 -0.269193 1.045735 -0.260351
1.010388 -0.269238 1.045645 -0.260419
1.010282 -0.269283 1.045554 -0.260486
1.010176 -0.269328 1.045464 -0.260554
1.010071 -0.269373 1.045373 -0.260621
1.009965 -0.269417 1.045282 -0.260689
1.009859 -0.269462 1.045191 -0.260756
1.009753 -0.269506 1.045101 -0.260823
1.009647 -0.269550 1.045010 -0.260890
1.009542 -0.269595 1.044919 -0.260957
1.009436 -0.269639 1.044828 -0.261024
1.009330 -0.269682 1.044737 -0.261090
1.009224 -0.269726 1.044646 -0.261157
1.009118 -0.269770 1.044555 -0.261223
1.009013 -0.269813 1.044464 -0.261290
1.008907 -0.269856 1.044373 -0.261356
1.008801 -0.269899 1.044282 -0.261422
1.008695 -0.269942 1.044191 -0.261488
1.008589 -0.269985 1.044100 -0.261554
1.008484 -0.270028 1.044009 -0.261620
1.008378 -0.270071 1.043918 -0.261685
1.008272 -0.270113 1.043826 -0.261751
1.008166 -0.270155 1.043735 -0.261816
1.008060 -0.270198 1.043644 -0.261881
1.007955 -0.270240 1.043553 -0.261947
1.007849 -0.270282 1.043461 -0.262012
1.007743 -0.270323 1.043370 -0.262077
1.007637 -0.270365 1.043279 -0.262141
1.007532 -0.270407 1.043187 -0.262206
1.007426 -0.270448 1.043096 -0.262271
1.007320 -0.270489 1.043004 -0.262335
1.007214 -0.270530 1.042913 -0.262400
1.007108 -0.270571 1.042821 -0.262464
1.007003 -0.270612 1.042730 -0.262528
1.006897 -0.270653 1.042638 -0.262592
1.006791 -0.270694 1.042547 -0.262656
1.006685 -0.270734 1.042455 -0.262720
1.006580 -0.270774 1.042363 -0.262784
1.006474 -0.270814 1.042272 -0.262847
1.006368 -0.270854 1.042180 -0.262911
1.006262 -0.270894 1.042088 -0.262974
1.006157 -0.270934 1.041996 -0.263037
1.006051 -0.270974 1.041905 -0.263100
1.005945 -0.271013 1.041813 -0.263163
1.005839 -0.271053 1.041721 -0.263226
1.005734 -0.271092 1.041629 -0.263289
1.005628 -0.271131 1.041537 -0.263352
1.005522 -0.271170 1.041445 -0.263414
1.005417 -0.271209 1.041353 -0.263477
1.005311 -0.271247 1.041261 -0.263539
1.005205 -0.271286 1.041169 -0.263601
1.005099 -0.271324 1.041077 -0.263663
1.004994 -0.271363 1.040985 -0.263725
1.004888 -0.271401 1.040893 -0.263787
1.004782 -0.271439 1.040801 -0.263849
1.004677 -0.271477 1.040709 -0.263910
1.004571 -0.271514 1.040617 -0.263972
1.004465 -0.271552 1.040524 -0.264033
1.004360 -0.271589 1.040432 -0.264094
1.004254 -0.271627 1.040340 -0.264156
1.004148 -0.271664 1.040248 -0.264217
1.004043 -0.271701 1.040155 -0.264278
1.003937 -0.271738 1.040063 -0.264338
1.003831 -0.271775 1.039971 -0.264399
1.003726 -0.271811 1.039878 -0.264460
1.003620 -0.271848 1.039786 -0.264520
1.003514 -0.271884 1.039693 -0.264580
1.003409 -0.271920 1.039601 -0.264641
1.003303 -0.271957 1.039508 -0.264701
1.003197 -0.271993 1.039416 -0.264761
1.003092 -0.272028 1.039323 -0.264821
1.002986 -0.272064 1.039231 -0.264880
1.002881 -0.272100 1.039138 -0.264940
1.002775 -0.272135 1.039045 -0.264999
1.002669 -0.272170 1.038953 -0.265059
1.002564 -0.272205 1.038860 -0.265118
1.002458 -0.272240 1.038767 -0.265177
1.002353 -0.272275 1.038674 -0.265236
1.002247 -0.272310 1.038582 -0.265295
1.002141 -0.272345 1.038489 -0.265354
1.002036 -0.272379 1.038396 -0.265413
1.001930 -0.272413 1.038303 -0.265471
1.001825 -0.272448 1.038210 -0.265530
1.001719 -0.272482 1.038117 -0.265588
1.001614 -0.272516 1.038024 -0.265646
1.001508 -0.272549 1.037931 -0.265704
1.001403 -0.272583 1.037838 -0.265762
1.001297 -0.272617 1.037745 -0.265820
1.001191 -0.272650 1.037652 -0.265878
1.001086 -0.272683 1.037559 -0.265936
1.000980 -0.272716 1.037466 -0.265993
1.000875 -0.272749 1.037373 -0.266051
1.000769 -0.272782 1.037280 -0.266108
1.000664 -0.272815 1.037187 -0.266165
1.000558 -0.272847 1.037093 -0.266222
1.000453 -0.272880 1.037000 -0.266279
1.000348 -0.272912 1.036907 -0.266336
1.000242 -0.272944 1.036814 -0.266392
1.000137 -0.272976 1.036720 -0.266449
1.000031 -0.273008 1.036627 -0.266505
0.999926 -0.273040 1.036534 -0.266562
0.999820 -0.273071 1.036440 -0.266618
0.999715 -0.273103 1.036347 -0.266674
0.999609 -0.273134 1.036253 -0.266730
0.999504 -0.273165 1.036160 -0.266786
0.999399 -0.273196 1.036066 -0.266842
0.999293 -0.273227 1.035973 -0.266897
0.999188 -0.273258 1.035879 -0.266953
0.999082 -0.273289 1.035786 -0.267008
0.998977 -0.273319 1.035692 -0.267063
0.998872 -0.273350 1.035599 -0.267118
0.998766 -0.273380 1.035505 -0.267173
0.998661 -0.273410 1.035411 -0.267228
0.998556 -0.273440 1.035318 -0.267283
0.998450 -0.273470 1.035224 -0.267338
0.998345 -0.273499 1.035130 -0.267392
0.998240 -0.273529 1.035036 -0.267447
0.998134 -0.273558 1.034943 -0.267501
0.998029 -0.273588 1.034849 -0.267555
0.997924 -0.273617 1.034755 -0.267609
0.997818 -0.273646 1.034661 -0.267663
0.997713 -0.273675 1.034567 -0.267717
0.997608 -0.273703 1.034473 -0.267771
0.997503 -0.273732 1.034379 -0.267824
0.997397 -0.273760 1.034285 -0.267878
0.997292 -0.273789 1.034191 -0.267931
0.997187 -0.273817 1.034097 -0.267984
0.997082 -0.273845 1.034003 -0.268037
0.996976 -0.273873 1.033909 -0.268090
0.996871 -0.273900 1.033815 -0.268143
0.996766 -0.273928 1.033721 -0.268196
0.996661 -0.273956 1.033627 -0.268248
0.996556 -0.273983 1.033533 -0.268301
0.996450 -0.274010 1.033438 -0.268353
0.996345 -0.274037 1.033344 -0.268406
0.996240 -0.274064 1.033250 -0.268458
0.996135 -0.274091 1.033156 -0.268510
0.996030 -0.274118 1.033061 -0.268562
0.995925 -0.274144 1.032967 -0.268613
0.995820 -0.274170 1.032873 -0.268665
0.995714 -0.274197 1.032778 -0.268716
0.995609 -0.274223 1.032684 -0.268768
0.995504 -0.274249 1.032589 -0.268819
0.995399 -0.274275 1.032495 -0.268870
0.995294 -0.274300 1.032401 -0.268921
0.995189 -0.274326 1.032306 -0.268972
0.995084 -0.274351 1.032212 -0.269023
0.994979 -0.274376 1.032117 -0.269074
0.994874 -0.274402 1.032022 -0.269124
0.994769 -0.274427 1.031928 -0.269175
0.994664 -0.274451 1.031833 -0.269225
0.994559 -0.274476 1.031739 -0.269275
0.994454 -0.274501 1.031644 -0.269325
0.994349 -0.274525 1.031549 -0.269375
0.994244 -0.274550 1.031455 -0.269425
0.994139 -0.274574 1.031360 -0.269475
0.994034 -0.274598 1.031265 -0.269524
0.993929 -0.274622 1.031170 -0.269574
0.993824 -0.274645 1.031075 -0.269623
0.993719 -0.274669 1.030981 -0.269672
0.993614 -0.274693 1.030886 -0.269721
0.993509 -0.274716 1.030791 -0.269770
0.993405 -0.274739 1.030696 -0.269819
0.993300 -0.274762 1.030601 -0.269868
0.993195 -0.274785 1.030506 -0.269916
0.993090 -0.274808 1.030411 -0.269965
0.992985 -0.274831 1.030316 -0.270013
0.992880 -0.274853 1.030221 -0.270061
0.992775 -0.274875 1.030126 -0.270109
0.992671 -0.274898 1.030031 -0.270157
0.992566 -0.274920 1.029936 -0.270205
0.992461 -0.274942 1.029841 -0.270253
0.992356 -0.274964 1.029746 -0.270300
0.992252 -0.274985 1.029650 -0.270348
0.992147 -0.275007 1.029555 -0.270395
0.992042 -0.275028 1.029460 -0.270442
0.991937 -0.275049 1.029365 -0.270489
0.991833 -0.275071 1.029270 -0.270536
0.991728 -0.275092 1.029174 -0.270583
0.991623 -0.275112 1.029079 -0.270630
0.991519 -0.275133 1.028984 -0.270677
0.991414 -0.275154 1.028888 -0.270723
0.991309 -0.275174 1.028793 -0.270769
0.991205 -0.275195 1.028698 -0.270816
0.991100 -0.275215 1.028602 -0.270862
0.990995 -0.275235 1.028507 -0.270908
0.990891 -0.275255 1.028411 -0.270954
0.990786 -0.275274 1.028316 -0.270999
0.990682 -0.275294 1.028220 -0.271045
0.990577 -0.275313 1.028125 -0.271090
0.990473 -0.275333 1.028029 -0.271136
0.990368 -0.275352 1.027934 -0.271181
0.990263 -0.275371 1.027838 -0.271226
0.990159 -0.275390 1.027742 -0.271271
0.990054 -0.275409 1.027647 -0.271316
0.989950 -0.275427 1.027551 -0.271361
0.989846 -0.275446 1.027455 -0.271405
0.989741 -0.275464 1.027360 -0.271450
0.989637 -0.275482 1.027264 -0.271494
0.989532 -0.275500 1.027168 -0.271538
0.989428 -0.275518 1.027072 -0.271582
0.989323 -0.275536 1.026977 -0.271626
0.989219 -0.275554 1.026881 -0.271670
0.989115 -0.275571 1.026785 -0.271714
0.989010 -0.275589 1.026689 -0.271757
0.988906 -0.275606 1.026593 -0.271801
0.988802 -0.275623 1.026497 -0.271844
0.988697 -0.275640 1.026401 -0.271888
0.988593 -0.275657 1.026305 -0.271931
0.988489 -0.275674 1.026209 -0.271974
0.988384 -0.275690 1.026113 -0.272016
0.988280 -0.275707 1.026017 -0.272059
0.988176 -0.275723 1.025921 -0.272102
0.988072 -0.275739 1.025825 -0.272144
0.987967 -0.275755 1.025729 -0.272187
0.987863 -0.275771 1.025633 -0.272229
0.987759 -0.275787 1.025537 -0.272271
0.987655 -0.275802 1.025441 -0.272313
0.987551 -0.275818 1.025345 -0.272355
0.987447 -0.275833 1.025248 -0.272396
0.987342 -0.275848 1.025152 -0.272438
0.987238 -0.275863 1.025056 -0.272479
0.987134 -0.275878 1.024960 -0.272521
0.987030 -0.275893 1.024864 -0.272562
0.986926 -0.275907 1.024767 -0.272603
0.986822 -0.275922 1.024671 -0.272644
0.986718 -0.275936 1.024575 -0.272685
0.986614 -0.275950 1.024478 -0.272725
0.986510 -0.275965 1.024382 -0.272766
0.986406 -0.275978 1.024285 -0.272806
0.986302 -0.275992 1.024189 -0.272847
0.986198 -0.276006 1.024093 -0.272887
0.986094 -0.276019 1.023996 -0.272927
0.985990 -0.276033 1.023900 -0.272967
0.985886 -0.276046 1.023803 -0.273007
0.985782 -0.276059 1.023707 -0.273046
0.985678 -0.276072 1.023610 -0.273086
0.985574 -0.276085 1.023513 -0.273125
0.985471 -0.276097 1.023417 -0.273165
0.985367 -0.276110 1.023320 -0.273204
0.985263 -0.276122 1.023224 -0.273243
0.985159 -0.276135 1.023127 -0.273282
0.985055 -0.276147 1.023030 -0.273320
0.984952 -0.276159 1.022934 -0.273359
0.984848 -0.276170 1.022837 -0.273398
0.984744 -0.276182 1.022740 -0.273436
0.984640 -0.276194 1.022643 -0.273474
0.984537 -0.276205 1.022547 -0.273512
0.984433 -0.276216 1.022450 -0.273550
0.984329 -0.276227 1.022353 -0.273588
0.984226 -0.276238 1.022256 -0.273626
0.984122 -0.276249 1.022159 -0.273664
0.984018 -0.276260 1.022062 -0.273701
0.983915 -0.276271 1.021965 -0.273738
0.983811 -0.276281 1.021869 -0.273776
0.983707 -0.276291 1.021772 -0.273813
0.983604 -0.276301 1.021675 -0.273850
0.983500 -0.276311 1.021578 -0.273887
0.983397 -0.276321 1.021481 -0.273923
0.983293 -0.276331 1.021384 -0.273960
0.983190 -0.276341 1.021287 -0.273996
0.983086 -0.276350 1.021190 -0.274033
0.982983 -0.276359 1.021092 -0.274069
0.982879 -0.276369 1.020995 -0.274105
0.982776 -0.276378 1.020898 -0.274141
0.982673 -0.276386 1.020801 -0.274177
0.982569 -0.276395 1.020704 -0.274212
0.982466 -0.276404 1.020607 -0.274248
0.982363 -0.276412 1.020510 -0.274283
0.982259 -0.276421 1.020412 -0.274319
0.982156 -0.276429 1.020315 -0.274354
0.982053 -0.276437 1.020218 -0.274389
0.981949 -0.276445 1.020121 -0.274424
0.981846 -0.276453 1.020023 -0.274458
0.981743 -0.276460 1.019926 -0.274493
0.981640 -0.276468 1.019829 -0.274528
0.981536 -0.276475 1.019731 -0.274562
0.981433 -0.276482 1.019634 -0.274596
0.981330 -0.276489 1.019537 -0.274630
0.981227 -0.276496 1.019439 -0.274664
0.981124 -0.276503 1.019342 -0.274698
0.981021 -0.276510 1.019244 -0.274732
0.980917 -0.276516 1.019147 -0.274766
0.980814 -0.276523 1.019049 -0.274799
0.980711 -0.276529 1.018952 -0.274832
0.980608 -0.276535 1.018854 -0.274866
0.980505 -0.276541 1.018757 -0.274899
0.980402 -0.276547 1.018659 -0.274932
0.980299 -0.276552 1.018562 -0.274964
0.980196 -0.276558 1.018464 -0.274997
0.980093 -0.276563 1.018366 -0.275030
0.979990 -0.276569 1.018269 -0.275062
0.979888 -0.276574 1.018171 -0.275094
0.979785 -0.276579 1.018074 -0.275126
0.979682 -0.276583 1.017976 -0.275158
0.979579 -0.276588 1.017878 -0.275190
0.979476 -0.276593 1.017780 -0.275222
0.979373 -0.276597 1.017683 -0.275254
0.979270 -0.276601 1.017585 -0.275285
0.979168 -0.276606 1.017487 -0.275317
0.979065 -0.276610 1.017389 -0.275348
0.978962 -0.276613 1.017291 -0.275379
0.978860 -0.276617 1.017194 -0.275410
0.978757 -0.276621 1.017096 -0.275441
0.978654 -0.276624 1.016998 -0.275471
0.978551 -0.276627 1.016900 -0.275502
0.978449 -0.276631 1.016802 -0.275532
0.978346 -0.276634 1.016704 -0.275563
0.978244 -0.276636 1.016606 -0.275593
0.978141 -0.276639 1.016508 -0.275623
0.978039 -0.276642 1.016410 -0.275653
0.977936 -0.276644 1.016312 -0.275683
0.977833 -0.276647 1.016214 -0.275712
0.977731 -0.276649 1.016116 -0.275742
0.977629 -0.276651 1.016018 -0.275771
0.977526 -0.276653 1.015920 -0.275800
0.977424 -0.276654 1.015822 -0.275830
0.977321 -0.276656 1.015724 -0.275859
0.977219 -0.276657 1.015626 -0.275887
0.977116 -0.276659 1.015528 -0.275916
0.977014 -0.276660 1.015430 -0.275945
0.976912 -0.276661 1.015331 -0.275973
0.976809 -0.276662 1.015233 -0.276002
0.976707 -0.276663 1.015135 -0.276030
0.976605 -0.276663 1.015037 -0.276058
0.976503 -0.276664 1.014939 -0.276086
0.976400 -0.276664 1.014840 -0.276113
0.976298 -0.276664 1.014742 -0.276141
0.976196 -0.276664 1.014644 -0.276169
0.976094 -0.276664 1.014545 -0.276196
0.975992 -0.276664 1.014447 -0.276223
0.975890 -0.276664 1.014349 -0.276250
0.975788 -0.276663 1.014250 -0.276277
0.975686 -0.276663 1.014152 -0.276304
0.975583 -0.276662 1.014054 -0.276331
0.975481 -0.276661 1.013955 -0.276358
0.975379 -0.276660 1.013857 -0.276384
0.975277 -0.276659 1.013758 -0.276410
0.975176 -0.276657 1.013660 -0.276436
0.975074 -0.276656 1.013561 -0.276462
0.974972 -0.276654 1.013463 -0.276488
0.974870 -0.276652 1.013365 -0.276514
0.974768 -0.276651 1.013266 -0.276540
0.974666 -0.276649 1.013167 -0.276565
0.974564 -0.276646 1.013069 -0.276591
0.974462 -0.276644 1.012970 -0.276616
0.974361 -0.276642 1.012872 -0.276641
0.974259 -0.276639 1.012773 -0.276666
0.974157 -0.276636 1.012675 -0.276691
0.974055 -0.276633 1.012576 -0.276716
0.973954 -0.276630 1.012477 -0.276740
0.973852 -0.276627 1.012379 -0.276765
0.973750 -0.276624 1.012280 -0.276789
0.973649 -0.276620 1.012181 -0.276813
0.973547 -0.276617 1.012082 -0.276837
0.973446 -0.276613 1.011984 -0.276861
0.973344 -0.276609 1.011885 -0.276885
0.973242 -0.276605 1.011786 -0.276908
0.973141 -0.276601 1.011687 -0.276932
0.973039 -0.276597 1.011589 -0.276955
0.972938 -0.276592 1.011490 -0.276978
0.972837 -0.276588 1.011391 -0.277001
0.972735 -0.276583 1.011292 -0.277024
0.972634 -0.276578 1.011193 -0.277047
0.972532 -0.276573 1.011094 -0.277070
0.972431 -0.276568 1.010996 -0.277092
0.972330 -0.276563 1.010897 -0.277115
0.972228 -0.276557 1.010798 -0.277137
0.972127 -0.276552 1.010699 -0.277159
0.972026 -0.276546 1.010600 -0.277181
0.971925 -0.276540 1.010501 -0.277203
0.971823 -0.276534 1.010402 -0.277225
0.971722 -0.276528 1.010303 -0.277246
0.971621 -0.276522 1.010204 -0.277268
0.971520 -0.276515 1.010105 -0.277289
0.971419 -0.276509 1.010006 -0.277310
0.971318 -0.276502 1.009907 -0.277331
0.971217 -0.276495 1.009808 -0.277352
0.971116 -0.276488 1.009709 -0.277373
0.971015 -0.276481 1.009610 -0.277394
0.970914 -0.276474 1.009510 -0.277414
0.970813 -0.276467 1.009411 -0.277434
0.970712 -0.276459 1.009312 -0.277455
0.970611 -0.276452 1.009213 -0.277475
0.970510 -0.276444 1.009114 -0.277495
0.970409 -0.276436 1.009015 -0.277514
0.970308 -0.276428 1.008916 -0.277534
0.970208 -0.276419 1.008816 -0.277554
0.970107 -0.276411 1.008717 -0.277573
0.970006 -0.276403 1.008618 -0.277592
0.969905 -0.276394 1.008519 -0.277611
0.969805 -0.276385 1.008419 -0.277630
0.969704 -0.276376 1.008320 -0.277649
0.969603 -0.276367 1.008221 -0.277668
0.969503 -0.276358 1.008121 -0.277687
0.969402 -0.276348 1.008022 -0.277705
0.969301 -0.276339 1.007923 -0.277723
0.969201 -0.276329 1.007823 -0.277741
0.969100 -0.276320 1.007724 -0.277759
0.969000 -0.276310 1.007625 -0.277777
0.968899 -0.276300 1.007525 -0.277795
0.968799 -0.276289 1.007426 -0.277813
0.968698 -0.276279 1.007326 -0.277830
0.968598 -0.276269 1.007227 -0.277847
0.968498 -0.276258 1.007128 -0.277865
0.968397 -0.276247 1.007028 -0.277882
0.968297 -0.276236 1.006929 -0.277899
0.968197 -0.276225 1.006829 -0.277915
0.968096 -0.276214 1.006730 -0.277932
0.967996 -0.276203 1.006630 -0.277948
0.967896 -0.276191 1.006531 -0.277965
0.967796 -0.276180 1.006431 -0.277981
0.967695 -0.276168 1.006331 -0.277997
0.967595 -0.276156 1.006232 -0.278013
0.967495 -0.276144 1.006132 -0.278029
0.967395 -0.276132 1.006033 -0.278045
0.967295 -0.276119 1.005933 -0.278060
0.967195 -0.276107 1.005834 -0.278075
0.967095 -0.276094 1.005734 -0.278091
0.966995 -0.276082 1.005634 -0.278106
0.966895 -0.276069 1.005535 -0.278121
0.966795 -0.276056 1.005435 -0.278136
0.966695 -0.276043 1.005335 -0.278150
0.966595 -0.276029 1.005236 -0.278165
0.966495 -0.276016 1.005136 -0.278179
0.966396 -0.276002 1.005036 -0.278194
0.966296 -0.275988 1.004936 -0.278208
0.966196 -0.275975 1.004837 -0.278222
0.966096 -0.275961 1.004737 -0.278236
0.965997 -0.275946 1.004637 -0.278249
0.965897 -0.275932 1.004537 -0.278263
0.965797 -0.275918 1.004438 -0.278276
0.965698 -0.275903 1.004338 -0.278290
0.965598 -0.275888 1.004238 -0.278303
0.965498 -0.275874 1.004138 -0.278316
0.965399 -0.275859 1.004038 -0.278329
0.965299 -0.275843 1.003938 -0.278341
0.965200 -0.275828 1.003838 -0.278354
0.965100 -0.275813 1.003739 -0.278366
0.965001 -0.275797 1.003639 -0.278379
0.964901 -0.275781 1.003539 -0.278391
0.964802 -0.275766 1.003439 -0.278403
0.964703 -0.275750 1.003339 -0.278415
0.964603 -0.275733 1.003239 -0.278427
0.964504 -0.275717 1.003139 -0.278438
0.964405 -0.275701 1.003039 -0.278450
0.964305 -0.275684 1.002939 -0.278461
0.964206 -0.275668 1.002839 -0.278472
0.964107 -0.275651 1.002739 -0.278483
0.964008 -0.275634 1.002639 -0.278494
0.963909 -0.275617 1.002539 -0.278505
0.963810 -0.275599 1.002439 -0.278516
0.963711 -0.275582 1.002339 -0.278526
0.963612 -0.275564 1.002239 -0.278536
0.963513 -0.275547 1.002139 -0.278547
0.963414 -0.275529 1.002039 -0.278557
0.963315 -0.275511 1.001939 -0.278567
0.963216 -0.275493 1.001839 -0.278576
0.963117 -0.275475 1.001739 -0.278586
0.963018 -0.275456 1.001638 -0.278596
0.962919 -0.275438 1.001538 -0.278605
0.962820 -0.275419 1.001438 -0.278614
0.962721 -0.275400 1.001338 -0.278623
0.962623 -0.275381 1.001238 -0.278632
0.962524 -0.275362 1.001138 -0.278641
0.962425 -0.275343 1.001037 -0.278650
0.962326 -0.275324 1.000937 -0.278658
0.962228 -0.275304 1.000837 -0.278667
0.962129 -0.275284 1.000737 -0.278675
0.962031 -0.275265 1.000637 -0.278683
0.961932 -0.275245 1.000536 -0.278691
0.961834 -0.275225 1.000436 -0.278699
0.961735 -0.275204 1.000336 -0.278706
0.961637 -0.275184 1.000236 -0.278714
0.961538 -0.275164 1.000135 -0.278721
0.961440 -0.275143 1.000035 -0.278728
0.961341 -0.275122 0.999935 -0.278735
0.961243 -0.275101 0.999834 -0.278742
0.961145 -0.275080 0.999734 -0.278749
0.961046 -0.275059 0.999634 -0.278756
0.960948 -0.275038 0.999533 -0.278762
0.960850 -0.275016 0.999433 -0.278769
0.960752 -0.274994 0.999333 -0.278775
0.960654 -0.274973 0.999232 -0.278781
0.960555 -0.274951 0.999132 -0.278787
0.960457 -0.274929 0.999032 -0.278793
0.960359 -0.274907 0.998931 -0.278798
0.960261 -0.274884 0.998831 -0.278804
0.960163 -0.274862 0.998730 -0.278809
0.960065 -0.274839 0.998630 -0.278815
0.959967 -0.274816 0.998529 -0.278820
0.959869 -0.274793 0.998429 -0.278825
0.959771 -0.274770 0.998329 -0.278829
0.959673 -0.274747 0.998228 -0.278834
0.959576 -0.274724 0.998128 -0.278839
0.959478 -0.274700 0.998027 -0.278843
0.959380 -0.274677 0.997927 -0.278847
0.959282 -0.274653 0.997826 -0.278851
0.959185 -0.274629 0.997726 -0.278855
0.959087 -0.274605 0.997625 -0.278859
0.958989 -0.274581 0.997525 -0.278863
0.958892 -0.274557 0.997424 -0.278866
0.958794 -0.274532 0.997323 -0.278870
0.958697 -0.274508 0.997223 -0.278873
0.958599 -0.274483 0.997122 -0.278876
0.958501 -0.274458 0.997022 -0.278879
0.958404 -0.274433 0.996921 -0.278882
0.958307 -0.274408 0.996821 -0.278884
0.958209 -0.274383 0.996720 -0.278887
0.958112 -0.274357 0.996619 -0.278889
0.958014 -0.274332 0.996519 -0.278891
0.957917 -0.274306 0.996418 -0.278893
0.957820 -0.274280 0.996317 -0.278895
0.957723 -0.274254 0.996217 -0.278897
0.957625 -0.274228 0.996116 -0.278899
0.957528 -0.274202 0.996016 -0.278900
0.957431 -0.274175 0.995915 -0.278902
0.957334 -0.274149 0.995814 -0.278903
0.957237 -0.274122 0.995714 -0.278904
0.957140 -0.274095 0.995613 -0.278905
0.957043 -0.274068 0.995512 -0.278906
0.956946 -0.274041 0.995411 -0.278906
0.956849 -0.274014 0.995311 -0.278907
0.956752 -0.273986 0.995210 -0.278907
0.956655 -0.273959 0.995109 -0.278907
0.956558 -0.273931 0.995008 -0.278907
0.956461 -0.273903 0.994908 -0.278907
0.956365 -0.273875 0.994807 -0.278907
0.956268 -0.273847 0.994706 -0.278906
0.956171 -0.273819 0.994605 -0.278906
0.956074 -0.273790 0.994505 -0.278905
0.955978 -0.273762 0.994404 -0.278904
0.955881 -0.273733 0.994303 -0.278903
0.955785 -0.273704 0.994202 -0.278902
0.955688 -0.273675 0.994101 -0.278901
0.955591 -0.273646 0.994001 -0.278900
0.955495 -0.273617 0.993900 -0.278898
0.955398 -0.273588 0.993799 -0.278896
0.955302 -0.273558 0.993698 -0.278895
0.955206 -0.273529 0.993597 -0.278893
0.955109 -0.273499 0.993497 -0.278890
0.955013 -0.273469 0.993396 -0.278888
0.954917 -0.273439 0.993295 -0.278886
0.954820 -0.273408 0.993194 -0.278883
0.954724 -0.273378 0.993093 -0.278880
0.954628 -0.273348 0.992992 -0.278878
0.954532 -0.273317 0.992891 -0.278874
0.954436 -0.273286 0.992790 -0.278871
0.954340 -0.273255 0.992689 -0.278868
0.954243 -0.273224 0.992589 -0.278865
0.954147 -0.273193 0.992488 -0.278861
0.954051 -0.273162 0.992387 -0.278857
0.953955 -0.273130 0.992286 -0.278853
0.953860 -0.273098 0.992185 -0.278849
0.953764 -0.273067 0.992084 -0.278845
0.953668 -0.273035 0.991983 -0.278841
0.953572 -0.273003 0.991882 -0.278836
0.953476 -0.272970 0.991781 -0.278832
0.953380 -0.272938 0.991680 -0.278827
0.953285 -0.272906 0.991579 -0.278822
0.953189 -0.272873 0.991478 -0.278817
0.953093 -0.272840 0.991377 -0.278812
0.952998 -0.272807 0.991276 -0.278806
0.952902 -0.272774 0.991175 -0.278801
0.952807 -0.272741 0.991074 -0.278795
0.952711 -0.272708 0.990973 -0.278789
0.952616 -0.272674 0.990872 -0.278783
0.952520 -0.272641 0.990771 -0.278777
0.952425 -0.272607 0.990670 -0.278771
0.952329 -0.272573 0.990569 -0.278765
0.952234 -0.272539 0.990468 -0.278758
0.952139 -0.272505 0.990367 -0.278751
0.952043 -0.272471 0.990266 -0.278745
0.951948 -0.272436 0.990165 -0.278738
0.951853 -0.272401 0.990064 -0.278730
0.951758 -0.272367 0.989963 -0.278723
0.951663 -0.272332 0.989862 -0.278716
0.951567 -0.272297 0.989761 -0.278708
0.951472 -0.272262 0.989660 -0.278700
0.951377 -0.272226 0.989558 -0.278693
0.951282 -0.272191 0.989457 -0.278684
0.951187 -0.272155 0.989356 -0.278676
0.951092 -0.272120 0.989255 -0.278668
0.950998 -0.272084 0.989154 -0.278660
0.950903 -0.272048 0.989053 -0.278651
0.950808 -0.272012 0.988952 -0.278642
0.950713 -0.271975 0.988851 -0.278633
0.950618 -0.271939 0.988750 -0.278624
0.950524 -0.271902 0.988649 -0.278615
0.950429 -0.271866 0.988547 -0.278606
0.950334 -0.271829 0.988446 -0.278596
0.950240 -0.271792 0.988345 -0.278586
0.950145 -0.271755 0.988244 -0.278577
0.950051 -0.271717 0.988143 -0.278567
0.949956 -0.271680 0.988042 -0.278557
0.949862 -0.271642 0.987941 -0.278546
0.949767 -0.271605 0.987839 -0.278536
0.949673 -0.271567 0.987738 -0.278525
0.949578 -0.271529 0.987637 -0.278515
0.949484 -0.271491 0.987536 -0.278504
0.949390 -0.271453 0.987435 -0.278493
0.949295 -0.271414 0.987334 -0.278482
0.949201 -0.271376 0.987232 -0.278470
0.949107 -0.271337 0.987131 -0.278459
0.949013 -0.271298 0.987030 -0.278447
0.948919 -0.271259 0.986929 -0.278436
0.948825 -0.271220 0.986828 -0.278424
0.948731 -0.271181 0.986726 -0.278412
0.948637 -0.271142 0.986625 -0.278400
0.948543 -0.271102 0.986524 -0.278387
0.948449 -0.271062 0.986423 -0.278375
0.948355 -0.271023 0.986322 -0.278362
0.948261 -0.270983 0.986220 -0.278349
0.948167 -0.270943 0.986119 -0.278336
0.948073 -0.270902 0.986018 -0.278323
0.947980 -0.270862 0.985917 -0.278310
0.947886 -0.270821 0.985815 -0.278297
0.947792 -0.270781 0.985714 -0.278283
0.947699 -0.270740 0.985613 -0.278269
0.947605 -0.270699 0.985512 -0.278256
0.947512 -0.270658 0.985411 -0.278242
0.947418 -0.270617 0.985309 -0.278227
0.947325 -0.270575 0.985208 -0.278213
0.947231 -0.270534 0.985107 -0.278199
0.947138 -0.270492 0.985006 -0.278184
0.947044 -0.270451 0.984904 -0.278169
0.946951 -0.270409 0.984803 -0.278154
0.946858 -0.270367 0.984702 -0.278139
0.946764 -0.270324 0.984601 -0.278124
0.946671 -0.270282 0.984499 -0.278109
0.946578 -0.270240 0.984398 -0.278093
0.946485 -0.270197 0.984297 -0.278078
0.946392 -0.270154 0.984195 -0.278062
0.946299 -0.270111 0.984094 -0.278046
0.946206 -0.270068 0.983993 -0.278030
0.946113 -0.270025 0.983892 -0.278014
0.946020 -0.269982 0.983790 -0.277997
0.945927 -0.269938 0.983689 -0.277981
0.945834 -0.269895 0.983588 -0.277964
0.945741 -0.269851 0.983486 -0.277947
0.945648 -0.269807 0.983385 -0.277930
0.945555 -0.269763 0.983284 -0.277913
0.945463 -0.269719 0.983183 -0.277896
0.945370 -0.269675 0.983081 -0.277878
0.945277 -0.269630 0.982980 -0.277861
0.945185 -0.269586 0.982879 -0.277843
0.945092 -0.269541 0.982777 -0.277825
0.945000 -0.269496 0.982676 -0.277807
0.944907 -0.269451 0.982575 -0.277789
0.944815 -0.269406 0.982474 -0.277770
0.944722 -0.269361 0.982372 -0.277752
0.944630 -0.269315 0.982271 -0.277733
0.944537 -0.269270 0.982170 -0.277714
0.944445 -0.269224 0.982068 -0.277695
0.944353 -0.269178 0.981967 -0.277676
0.944261 -0.269132 0.981866 -0.277657
0.944168 -0.269086 0.981764 -0.277638
0.944076 -0.269040 0.981663 -0.277618
0.943984 -0.268994 0.981562 -0.277598
0.943892 -0.268947 0.981461 -0.277578
0.943800 -0.268900 0.981359 -0.277558
0.943708 -0.268854 0.981258 -0.277538
0.943616 -0.268807 0.981157 -0.277518
0.943524 -0.268760 0.981055 -0.277497
0.943432 -0.268712 0.980954 -0.277477
0.943340 -0.268665 0.980853 -0.277456
0.943249 -0.268618 0.980751 -0.277435
0.943157 -0.268570 0.980650 -0.277414
0.943065 -0.268522 0.980549 -0.277393
0.942973 -0.268474 0.980447 -0.277371
0.942882 -0.268426 0.980346 -0.277350
0.942790 -0.268378 0.980245 -0.277328
0.942699 -0.268330 0.980143 -0.277306
0.942607 -0.268281 0.980042 -0.277284
0.942516 -0.268232 0.979941 -0.277262
0.942424 -0.268184 0.979840 -0.277239
0.942333 -0.268135 0.979738 -0.277217
0.942241 -0.268086 0.979637 -0.277194
0.942150 -0.268036 0.979536 -0.277172
0.942059 -0.267987 0.979434 -0.277149
0.941967 -0.267938 0.979333 -0.277126
0.941876 -0.267888 0.979232 -0.277102
0.941785 -0.267838 0.979130 -0.277079
0.941694 -0.267788 0.979029 -0.277055
0.941603 -0.267738 0.978928 -0.277032
0.941512 -0.267688 0.978826 -0.277008
0.941421 -0.267638 0.978725 -0.276984
0.941330 -0.267587 0.978624 -0.276960
0.941239 -0.267537 0.978523 -0.276935
0.941148 -0.267486 0.978421 -0.276911
0.941057 -0.267435 0.978320 -0.276886
0.940966 -0.267384 0.978219 -0.276861
0.940875 -0.267333 0.978117 -0.276837
0.940785 -0.267282 0.978016 -0.276811
0.940694 -0.267230 0.977915 -0.276786
0.940603 -0.267179 0.977813 -0.276761
0.940513 -0.267127 0.977712 -0.276735
0.940422 -0.267075 0.977611 -0.276710
0.940332 -0.267023 0.977510 -0.276684
0.940241 -0.266971 0.977408 -0.276658
0.940151 -0.266919 0.977307 -0.276632
0.940060 -0.266867 0.977206 -0.276605
0.939970 -0.266814 0.977104 -0.276579
0.939880 -0.266761 0.977003 -0.276552
0.939789 -0.266709 0.976902 -0.276525
0.939699 -0.266656 0.976801 -0.276498
0.939609 -0.266602 0.976699 -0.276471
0.939519 -0.266549 0.976598 -0.276444
0.939428 -0.266496 0.976497 -0.276417
0.939338 -0.266442 0.976395 -0.276389
0.939248 -0.266389 0.976294 -0.276361
0.939158 -0.266335 0.976193 -0.276334
0.939068 -0.266281 0.976092 -0.276306
0.938978 -0.266227 0.975990 -0.276277
0.938889 -0.266173 0.975889 -0.276249
0.938799 -0.266118 0.975788 -0.276221
0.938709 -0.266064 0.975687 -0.276192
0.938619 -0.266009 0.975585 -0.276163
0.938529 -0.265954 0.975484 -0.276134
0.938440 -0.265900 0.975383 -0.276105
0.938350 -0.265845 0.975282 -0.276076
0.938261 -0.265789 0.975180 -0.276047
0.938171 -0.265734 0.975079 -0.276017
0.938081 -0.265679 0.974978 -0.275987
0.937992 -0.265623 0.974877 -0.275957
0.937903 -0.265567 0.974775 -0.275927
0.937813 -0.265511 0.974674 -0.275897
0.937724 -0.265455 0.974573 -0.275867
0.937635 -0.265399 0.974472 -0.275836
0.937545 -0.265343 0.974371 -0.275806
0.937456 -0.265286 0.974269 -0.275775
0.937367 -0.265230 0.974168 -0.275744
0.937278 -0.265173 0.974067 -0.275713
0.937189 -0.265116 0.973966 -0.275682
0.937100 -0.265059 0.973865 -0.275650
0.937011 -0.265002 0.973763 -0.275619
0.936922 -0.264945 0.973662 -0.275587
0.936833 -0.264887 0.973561 -0.275555
0.936744 -0.264830 0.973460 -0.275523
0.936655 -0.264772 0.973359 -0.275491
0.936566 -0.264714 0.973257 -0.275458
0.936477 -0.264656 0.973156 -0.275426
0.936389 -0.264598 0.973055 -0.275393
0.936300 -0.264540 0.972954 -0.275360
0.936211 -0.264482 0.972853 -0.275327
0.936123 -0.264423 0.972752 -0.275294
0.936034 -0.264365 0.972650 -0.275261
0.935946 -0.264306 0.972549 -0.275228
0.935857 -0.264247 0.972448 -0.275194
0.935769 -0.264188 0.972347 -0.275160
0.935681 -0.264128 0.972246 -0.275126
0.935592 -0.264069 0.972145 -0.275092
0.935504 -0.264010 0.972044 -0.275058
0.935416 -0.263950 0.971942 -0.275024
0.935327 -0.263890 0.971841 -0.274989
0.935239 -0.263830 0.971740 -0.274954
0.935151 -0.263770 0.971639 -0.274919
0.935063 -0.263710 0.971538 -0.274884
0.934975 -0.263650 0.971437 -0.274849
0.934887 -0.263589 0.971336 -0.274814
0.934799 -0.263529 0.971235 -0.274778
0.934711 -0.263468 0.971134 -0.274743
0.934623 -0.263407 0.971033 -0.274707
0.934536 -0.263346 0.970931 -0.274671
0.934448 -0.263285 0.970830 -0.274635
0.934360 -0.263224 0.970729 -0.274599
0.934272 -0.263162 0.970628 -0.274562
0.934185 -0.263101 0.970527 -0.274526
0.934097 -0.263039 0.970426 -0.274489
0.934010 -0.262977 0.970325 -0.274452
0.933922 -0.262915 0.970224 -0.274415
0.933835 -0.262853 0.970123 -0.274378
0.933747 -0.262791 0.970022 -0.274340
0.933660 -0.262728 0.969921 -0.274303
0.933572 -0.262666 0.969820 -0.274265
0.933485 -0.262603 0.969719 -0.274227
0.933398 -0.262540 0.969618 -0.274189
0.933311 -0.262477 0.969517 -0.274151
0.933224 -0.262414 0.969416 -0.274113
0.933136 -0.262351 0.969315 -0.274075
0.933049 -0.262288 0.969214 -0.274036
0.932962 -0.262224 0.969113 -0.273997
0.932875 -0.262161 0.969012 -0.273958
0.932788 -0.262097 0.968911 -0.273919
0.932701 -0.262033 0.968810 -0.273880
0.932615 -0.261969 0.968709 -0.273840
0.932528 -0.261905 0.968608 -0.273801
0.932441 -0.261840 0.968507 -0.273761
0.932354 -0.261776 0.968406 -0.273721
0.932268 -0.261711 0.968306 -0.273681
0.932181 -0.261646 0.968205 -0.273641
0.932094 -0.261582 0.968104 -0.273601
0.932008 -0.261517 0.968003 -0.273560
0.931921 -0.261451 0.967902 -0.273520
0.931835 -0.261386 0.967801 -0.273479
0.931748 -0.261321 0.967700 -0.273438
0.931662 -0.261255 0.967599 -0.273397
0.931576 -0.261189 0.967498 -0.273355
0.931489 -0.261124 0.967398 -0.273314
0.931403 -0.261058 0.967297 -0.273272
0.931317 -0.260991 0.967196 -0.273230
0.931231 -0.260925 0.967095 -0.273188
0.931145 -0.260859 0.966994 -0.273146
0.931059 -0.260792 0.966893 -0.273104
0.930973 -0.260726 0.966793 -0.273062
0.930887 -0.260659 0.966692 -0.273019
0.930801 -0.260592 0.966591 -0.272976
0.930715 -0.260525 0.966490 -0.272934
0.930629 -0.260457 0.966389 -0.272890
0.930543 -0.260390 0.966289 -0.272847
0.930458 -0.260323 0.966188 -0.272804
0.930372 -0.260255 0.966087 -0.272760
0.930286 -0.260187 0.965986 -0.272717
0.930201 -0.260119 0.965886 -0.272673
0.930115 -0.260051 0.965785 -0.272629
0.930029 -0.259983 0.965684 -0.272585
0.929944 -0.259915 0.965583 -0.272540
0.929859 -0.259846 0.965483 -0.272496
0.929773 -0.259778 0.965382 -0.272451
0.929688 -0.259709 0.965281 -0.272407
0.929603 -0.259640 0.965181 -0.272362
0.929517 -0.259571 0.965080 -0.272316
0.929432 -0.259502 0.964979 -0.272271
0.929347 -0.259433 0.964879 -0.272226
0.929262 -0.259363 0.964778 -0.272180
0.929177 -0.259294 0.964677 -0.272134
0.929092 -0.259224 0.964577 -0.272089
0.929007 -0.259154 0.964476 -0.272042
0.928922 -0.259084 0.964376 -0.271996
0.928837 -0.259014 0.964275 -0.271950
0.928752 -0.258944 0.964174 -0.271903
0.928667 -0.258873 0.964074 -0.271857
0.928582 -0.258803 0.963973 -0.271810
0.928498 -0.258732 0.963873 -0.271763
0.928413 -0.258661 0.963772 -0.271716
0.928329 -0.258591 0.963672 -0.271668
0.928244 -0.258519 0.963571 -0.271621
0.928159 -0.258448 0.963471 -0.271573
0.928075 -0.258377 0.963370 -0.271525
0.927991 -0.258305 0.963269 -0.271477
0.927906 -0.258234 0.963169 -0.271429
0.927822 -0.258162 0.963069 -0.271381
0.927738 -0.258090 0.962968 -0.271332
0.927653 -0.258018 0.962868 -0.271284
0.927569 -0.257946 0.962767 -0.271235
0.927485 -0.257874 0.962667 -0.271186
0.927401 -0.257801 0.962566 -0.271137
0.927317 -0.257729 0.962466 -0.271088
0.927233 -0.257656 0.962365 -0.271038
0.927149 -0.257583 0.962265 -0.270989
0.927065 -0.257510 0.962165 -0.270939
0.926981 -0.257437 0.962064 -0.270889
0.926897 -0.257364 0.961964 -0.270839
0.926813 -0.257290 0.961863 -0.270789
0.926730 -0.257217 0.961763 -0.270739
0.926646 -0.257143 0.961663 -0.270688
0.926562 -0.257069 0.961562 -0.270637
0.926479 -0.256996 0.961462 -0.270586
0.926395 -0.256921 0.961362 -0.270535
0.926312 -0.256847 0.961261 -0.270484
0.926228 -0.256773 0.961161 -0.270433
0.926145 -0.256698 0.961061 -0.270381
0.926061 -0.256624 0.960961 -0.270330
0.925978 -0.256549 0.960860 -0.270278
0.925895 -0.256474 0.960760 -0.270226
0.925812 -0.256399 0.960660 -0.270174
0.925728 -0.256324 0.960560 -0.270122
0.925645 -0.256249 0.960460 -0.270069
0.925562 -0.256173 0.960359 -0.270016
0.925479 -0.256098 0.960259 -0.269964
0.925396 -0.256022 0.960159 -0.269911
0.925313 -0.255946 0.960059 -0.269858
0.925230 -0.255870 0.959959 -0.269804
0.925147 -0.255794 0.959858 -0.269751
0.925065 -0.255718 0.959758 -0.269697
0.924982 -0.255641 0.959658 -0.269644
0.924899 -0.255565 0.959558 -0.269590
0.924816 -0.255488 0.959458 -0.269536
0.924734 -0.255411 0.959358 -0.269481
0.924651 -0.255335 0.959258 -0.269427
0.924569 -0.255257 0.959158 -0.269373
0.924486 -0.255180 0.959058 -0.269318
0.924404 -0.255103 0.958958 -0.269263
0.924322 -0.255025 0.958858 -0.269208
0.924239 -0.254948 0.958758 -0.269153
0.924157 -0.254870 0.958658 -0.269097
0.924075 -0.254792 0.958558 -0.269042
0.923992 -0.254714 0.958458 -0.268986
0.923910 -0.254636 0.958358 -0.268930
0.923828 -0.254558 0.958258 -0.268874
0.923746 -0.254479 0.958158 -0.268818
0.923664 -0.254401 0.958058 -0.268762
0.923582 -0.254322 0.957958 -0.268705
0.923500 -0.254243 0.957858 -0.268649
0.923418 -0.254164 0.957758 -0.268592
0.923337 -0.254085 0.957659 -0.268535
0.923255 -0.254006 0.957559 -0.268478
0.923173 -0.253927 0.957459 -0.268421
0.923092 -0.253847 0.957359 -0.268363
0.923010 -0.253767 0.957259 -0.268305
0.922928 -0.253688 0.957159 -0.268248
0.922847 -0.253608 0.957060 -0.268190
0.922765 -0.253528 0.956960 -0.268132
0.922684 -0.253448 0.956860 -0.268073
0.922603 -0.253367 0.956760 -0.268015
0.922521 -0.253287 0.956661 -0.267956
0.922440 -0.253206 0.956561 -0.267898
0.922359 -0.253125 0.956461 -0.267839
0.922278 -0.253045 0.956362 -0.267780
0.922196 -0.252964 0.956262 -0.267721
0.922115 -0.252882 0.956162 -0.267661
0.922034 -0.252801 0.956063 -0.267602
0.921953 -0.252720 0.955963 -0.267542
0.921872 -0.252638 0.955863 -0.267482
0.921791 -0.252557 0.955764 -0.267422
0.921711 -0.252475 0.955664 -0.267362
0.921630 -0.252393 0.955565 -0.267301
0.921549 -0.252311 0.955465 -0.267241
0.921468 -0.252229 0.955365 -0.267180
0.921388 -0.252146 0.955266 -0.267119
0.921307 -0.252064 0.955166 -0.267058
0.921227 -0.251981 0.955067 -0.266997
0.921146 -0.251898 0.954967 -0.266936
0.921066 -0.251816 0.954868 -0.266874
0.920985 -0.251733 0.954769 -0.266813
0.920905 -0.251649 0.954669 -0.266751
0.920824 -0.251566 0.954570 -0.266689
0.920744 -0.251483 0.954470 -0.266627
0.920664 -0.251399 0.954371 -0.266564
0.920584 -0.251315 0.954271 -0.266502
0.920504 -0.251232 0.954172 -0.266439
0.920424 -0.251148 0.954073 -0.266377
0.920344 -0.251064 0.953973 -0.266314
0.920264 -0.250979 0.953874 -0.266250
0.920184 -0.250895 0.953775 -0.266187
0.920104 -0.250811 0.953676 -0.266124
0.920024 -0.250726 0.953576 -0.266060
0.919944 -0.250641 0.953477 -0.265996
0.919864 -0.250556 0.953378 -0.265932
0.919785 -0.250471 0.953279 -0.265868
0.919705 -0.250386 0.953179 -0.265804
0.919626 -0.250301 0.953080 -0.265740
0.919546 -0.250215 0.952981 -0.265675
0.919467 -0.250130 0.952882 -0.265610
0.919387 -0.250044 0.952783 -0.265545
0.919308 -0.249958 0.952684 -0.265480
0.919228 -0.249872 0.952584 -0.265415
0.919149 -0.249786 0.952485 -0.265350
0.919070 -0.249700 0.952386 -0.265284
0.918991 -0.249614 0.952287 -0.265218
0.918912 -0.249527 0.952188 -0.265153
0.918833 -0.249440 0.952089 -0.265087
0.918753 -0.249354 0.951990 -0.265020
0.918674 -0.249267 0.951891 -0.264954
0.918596 -0.249180 0.951792 -0.264887
0.918517 -0.249093 0.951693 -0.264821
0.918438 -0.249005 0.951594 -0.264754
0.918359 -0.248918 0.951495 -0.264687
0.918280 -0.248830 0.951396 -0.264620
0.918202 -0.248743 0.951298 -0.264552
0.918123 -0.248655 0.951199 -0.264485
0.918044 -0.248567 0.951100 -0.264417
0.917966 -0.248479 0.951001 -0.264349
0.917887 -0.248390 0.950902 -0.264281
0.917809 -0.248302 0.950803 -0.264213
0.917730 -0.248214 0.950705 -0.264145
0.917652 -0.248125 0.950606 -0.264076
0.917574 -0.248036 0.950507 -0.264008
0.917496 -0.247947 0.950408 -0.263939
0.917417 -0.247858 0.950310 -0.263870
0.917339 -0.247769 0.950211 -0.263801
0.917261 -0.247680 0.950112 -0.263731
0.917183 -0.247590 0.950014 -0.263662
0.917105 -0.247501 0.949915 -0.263592
0.917027 -0.247411 0.949816 -0.263522
0.916949 -0.247321 0.949718 -0.263453
0.916871 -0.247231 0.949619 -0.263382
0.916794 -0.247141 0.949521 -0.263312
0.916716 -0.247051 0.949422 -0.263242
0.916638 -0.246961 0.949323 -0.263171
0.916561 -0.246870 0.949225 -0.263100
0.916483 -0.246779 0.949126 -0.263029
0.916405 -0.246689 0.949028 -0.262958
0.916328 -0.246598 0.948930 -0.262887
0.916250 -0.246507 0.948831 -0.262816
0.916173 -0.246416 0.948733 -0.262744
0.916096 -0.246324 0.948634 -0.262672
0.916018 -0.246233 0.948536 -0.262600
0.915941 -0.246141 0.948438 -0.262528
0.915864 -0.246050 0.948339 -0.262456
0.915787 -0.245958 0.948241 -0.262383
0.915710 -0.245866 0.948143 -0.262311
0.915633 -0.245774 0.948044 -0.262238
0.915556 -0.245681 0.947946 -0.262165
0.915479 -0.245589 0.947848 -0.262092
0.915402 -0.245497 0.947750 -0.262019
0.915325 -0.245404 0.947651 -0.261946
0.915248 -0.245311 0.947553 -0.261872
0.915172 -0.245218 0.947455 -0.261798
0.915095 -0.245125 0.947357 -0.261724
0.915018 -0.245032 0.947259 -0.261650
0.914942 -0.244939 0.947161 -0.261576
0.914865 -0.244846 0.947063 -0.261502
0.914789 -0.244752 0.946964 -0.261427
0.914712 -0.244658 0.946866 -0.261352
0.914636 -0.244565 0.946768 -0.261278
0.914559 -0.244471 0.946670 -0.261203
0.914483 -0.244376 0.946572 -0.261127
0.914407 -0.244282 0.946474 -0.261052
0.914331 -0.244188 0.946377 -0.260976
0.914255 -0.244093 0.946279 -0.260901
0.914179 -0.243999 0.946181 -0.260825
0.914103 -0.243904 0.946083 -0.260749
0.914027 -0.243809 0.945985 -0.260673
0.913951 -0.243714 0.945887 -0.260596
0.913875 -0.243619 0.945789 -0.260520
0.913799 -0.243524 0.945692 -0.260443
0.913723 -0.243429 0.945594 -0.260366
0.913647 -0.243333 0.945496 -0.260289
0.913572 -0.243237 0.945398 -0.260212
0.913496 -0.243142 0.945301 -0.260135
0.913421 -0.243046 0.945203 -0.260057
0.913345 -0.242950 0.945105 -0.259980
0.913270 -0.242853 0.945008 -0.259902
0.913194 -0.242757 0.944910 -0.259824
0.913119 -0.242661 0.944812 -0.259746
0.913044 -0.242564 0.944715 -0.259667
0.912968 -0.242467 0.944617 -0.259589
0.912893 -0.242371 0.944520 -0.259510
0.912818 -0.242274 0.944422 -0.259431
0.912743 -0.242177 0.944325 -0.259353
0.912668 -0.242079 0.944227 -0.259273
0.912593 -0.241982 0.944130 -0.259194
0.912518 -0.241884 0.944032 -0.259115
0.912443 -0.241787 0.943935 -0.259035
0.912368 -0.241689 0.943837 -0.258955
0.912293 -0.241591 0.943740 -0.258875
0.912218 -0.241493 0.943643 -0.258795
0.912144 -0.241395 0.943545 -0.258715
0.912069 -0.241297 0.943448 -0.258634
0.911995 -0.241198 0.943351 -0.258554
0.911920 -0.241100 0.943254 -0.258473
0.911846 -0.241001 0.943156 -0.258392
0.911771 -0.240902 0.943059 -0.258311
0.911697 -0.240803 0.942962 -0.258230
0.911622 -0.240704 0.942865 -0.258148
0.911548 -0.240605 0.942768 -0.258067
0.911474 -0.240506 0.942671 -0.257985
0.911400 -0.240406 0.942573 -0.257903
0.911326 -0.240307 0.942476 -0.257821
0.911251 -0.240207 0.942379 -0.257738
0.911177 -0.240107 0.942282 -0.257656
0.911103 -0.240007 0.942185 -0.257573
0.911030 -0.239907 0.942088 -0.257491
0.910956 -0.239807 0.941991 -0.257408
0.910882 -0.239707 0.941894 -0.257325
0.910808 -0.239606 0.941798 -0.257241
0.910734 -0.239506 0.941701 -0.257158
0.910661 -0.239405 0.941604 -0.257074
0.910587 -0.239304 0.941507 -0.256991
0.910514 -0.239203 0.941410 -0.256907
0.910440 -0.239102 0.941313 -0.256823
0.910367 -0.239001 0.941217 -0.256738
0.910293 -0.238899 0.941120 -0.256654
0.910220 -0.238798 0.941023 -0.256569
0.910147 -0.238696 0.940926 -0.256485
0.910073 -0.238594 0.940830 -0.256400
0.910000 -0.238492 0.940733 -0.256315
0.909927 -0.238390 0.940637 -0.256230
0.909854 -0.238288 0.940540 -0.256144
0.909781 -0.238186 0.940443 -0.256059
0.909708 -0.238083 0.940347 -0.255973
0.909635 -0.237981 0.940250 -0.255887
0.909562 -0.237878 0.940154 -0.255801
0.909489 -0.237775 0.940057 -0.255715
0.909416 -0.237672 0.939961 -0.255628
0.909344 -0.237569 0.939864 -0.255542
0.909271 -0.237466 0.939768 -0.255455
0.909198 -0.237363 0.939672 -0.255368
0.909126 -0.237259 0.939575 -0.255281
0.909053 -0.237156 0.939479 -0.255194
0.908981 -0.237052 0.939383 -0.255107
0.908909 -0.236948 0.939286 -0.255019
0.908836 -0.236844 0.939190 -0.254931
0.908764 -0.236740 0.939094 -0.254843
0.908692 -0.236636 0.938998 -0.254755
0.908619 -0.236531 0.938902 -0.254667
0.908547 -0.236427 0.938806 -0.254579
0.908475 -0.236322 0.938709 -0.254490
0.908403 -0.236217 0.938613 -0.254402
0.908331 -0.236113 0.938517 -0.254313
0.908259 -0.236008 0.938421 -0.254224
0.908187 -0.235902 0.938325 -0.254135
0.908116 -0.235797 0.938229 -0.254045
0.908044 -0.235692 0.938133 -0.253956
0.907972 -0.235586 0.938037 -0.253866
0.907900 -0.235481 0.937941 -0.253776
0.907829 -0.235375 0.937846 -0.253686
0.907757 -0.235269 0.937750 -0.253596
0.907686 -0.235163 0.937654 -0.253506
0.907614 -0.235057 0.937558 -0.253415
0.907543 -0.234950 0.937462 -0.253324
0.907471 -0.234844 0.937367 -0.253234
0.907400 -0.234737 0.937271 -0.253143
0.907329 -0.234631 0.937175 -0.253051
0.907258 -0.234524 0.937079 -0.252960
0.907187 -0.234417 0.936984 -0.252869
0.907115 -0.234310 0.936888 -0.252777
0.907044 -0.234203 0.936793 -0.252685
0.906973 -0.234095 0.936697 -0.252593
0.906903 -0.233988 0.936602 -0.252501
0.906832 -0.233880 0.936506 -0.252409
0.906761 -0.233773 0.936411 -0.252316
0.906690 -0.233665 0.936315 -0.252224
0.906619 -0.233557 0.936220 -0.252131
0.906549 -0.233449 0.936124 -0.252038
0.906478 -0.233340 0.936029 -0.251945
0.906407 -0.233232 0.935934 -0.251851
0.906337 -0.233124 0.935838 -0.251758
0.906267 -0.233015 0.935743 -0.251664
0.906196 -0.232906 0.935648 -0.251570
0.906126 -0.232797 0.935553 -0.251476
0.906055 -0.232688 0.935457 -0.251382
0.905985 -0.232579 0.935362 -0.251288
0.905915 -0.232470 0.935267 -0.251193
0.905845 -0.232361 0.935172 -0.251099
0.905775 -0.232251 0.935077 -0.251004
0.905705 -0.232142 0.934982 -0.250909
0.905635 -0.232032 0.934887 -0.250814
0.905565 -0.231922 0.934792 -0.250719
0.905495 -0.231812 0.934697 -0.250623
0.905425 -0.231702 0.934602 -0.250528
0.905355 -0.231592 0.934507 -0.250432
0.905286 -0.231481 0.934412 -0.250336
0.905216 -0.231371 0.934317 -0.250240
0.905146 -0.231260 0.934222 -0.250143
0.905077 -0.231149 0.934128 -0.250047
0.905007 -0.231039 0.934033 -0.249950
0.904938 -0.230928 0.933938 -0.249854
0.904869 -0.230816 0.933843 -0.249757
0.904799 -0.230705 0.933749 -0.249660
0.904730 -0.230594 0.933654 -0.249562
0.904661 -0.230482 0.933559 -0.249465
0.904592 -0.230371 0.933465 -0.249367
0.904522 -0.230259 0.933370 -0.249269
0.904453 -0.230147 0.933276 -0.249172
0.904384 -0.230035 0.933181 -0.249073
0.904315 -0.229923 0.933087 -0.248975
0.904247 -0.229810 0.932992 -0.248877
0.904178 -0.229698 0.932898 -0.248778
0.904109 -0.229586 0.932803 -0.248679
0.904040 -0.229473 0.932709 -0.248580
0.903971 -0.229360 0.932615 -0.248481
0.903903 -0.229247 0.932521 -0.248382
0.903834 -0.229134 0.932426 -0.248283
0.903766 -0.229021 0.932332 -0.248183
0.903697 -0.228908 0.932238 -0.248083
0.903629 -0.228794 0.932144 -0.247983
0.903560 -0.228681 0.932050 -0.247883
0.903492 -0.228567 0.931955 -0.247783
0.903424 -0.228453 0.931861 -0.247683
0.903356 -0.228339 0.931767 -0.247582
0.903287 -0.228225 0.931673 -0.247481
0.903219 -0.228111 0.931579 -0.247381
0.903151 -0.227997 0.931485 -0.247279
0.903083 -0.227883 0.931391 -0.247178
0.903015 -0.227768 0.931297 -0.247077
0.902947 -0.227653 0.931204 -0.246975
0.902880 -0.227539 0.931110 -0.246874
0.902812 -0.227424 0.931016 -0.246772
0.902744 -0.227309 0.930922 -0.246670
0.902676 -0.227193 0.930828 -0.246567
0.902609 -0.227078 0.930735 -0.246465
0.902541 -0.226963 0.930641 -0.246362
0.902474 -0.226847 0.930547 -0.246260
0.902406 -0.226732 0.930454 -0.246157
0.902339 -0.226616 0.930360 -0.246054
0.902272 -0.226500 0.930267 -0.245951
0.902204 -0.226384 0.930173 -0.245847
0.902137 -0.226268 0.930080 -0.245744
0.902070 -0.226151 0.929986 -0.245640
0.902003 -0.226035 0.929893 -0.245536
0.901936 -0.225918 0.929799 -0.245432
0.901869 -0.225802 0.929706 -0.245328
0.901802 -0.225685 0.929613 -0.245223
0.901735 -0.225568 0.929520 -0.245119
0.901668 -0.225451 0.929426 -0.245014
0.901601 -0.225334 0.929333 -0.244909
0.901534 -0.225217 0.929240 -0.244804
0.901468 -0.225099 0.929147 -0.244699
0.901401 -0.224982 0.929054 -0.244594
0.901334 -0.224864 0.928960 -0.244488
0.901268 -0.224746 0.928867 -0.244382
0.901201 -0.224628 0.928774 -0.244277
0.901135 -0.224510 0.928681 -0.244171
0.901069 -0.224392 0.928588 -0.244064
0.901002 -0.224274 0.928495 -0.243958
0.900936 -0.224155 0.928403 -0.243852
0.900870 -0.224037 0.928310 -0.243745
0.900804 -0.223918 0.928217 -0.243638
0.900738 -0.223799 0.928124 -0.243531
0.900672 -0.223681 0.928031 -0.243424
0.900606 -0.223562 0.927939 -0.243317
0.900540 -0.223442 0.927846 -0.243209
0.900474 -0.223323 0.927753 -0.243101
0.900408 -0.223204 0.927661 -0.242994
0.900342 -0.223084 0.927568 -0.242886
0.900276 -0.222965 0.927475 -0.242777
0.900211 -0.222845 0.927383 -0.242669
0.900145 -0.222725 0.927290 -0.242561
0.900080 -0.222605 0.927198 -0.242452
0.900014 -0.222485 0.927106 -0.242343
0.899949 -0.222365 0.927013 -0.242234
0.899883 -0.222244 0.926921 -0.242125
0.899818 -0.222124 0.926829 -0.242016
0.899753 -0.222003 0.926736 -0.241906
0.899687 -0.221882 0.926644 -0.241797
0.899622 -0.221762 0.926552 -0.241687
0.899557 -0.221641 0.926460 -0.241577
0.899492 -0.221519 0.926367 -0.241467
0.899427 -0.221398 0.926275 -0.241356
0.899362 -0.221277 0.926183 -0.241246
0.899297 -0.221155 0.926091 -0.241135
0.899232 -0.221034 0.925999 -0.241024
0.899167 -0.220912 0.925907 -0.240913
0.899103 -0.220790 0.925815 -0.240802
0.899038 -0.220668 0.925723 -0.240691
0.898973 -0.220546 0.925632 -0.240580
0.898909 -0.220424 0.925540 -0.240468
0.898844 -0.220302 0.925448 -0.240356
0.898780 -0.220179 0.925356 -0.240244
0.898715 -0.220057 0.925264 -0.240132
0.898651 -0.219934 0.925173 -0.240020
0.898587 -0.219811 0.925081 -0.239907
0.898523 -0.219688 0.924990 -0.239795
0.898458 -0.219565 0.924898 -0.239682
0.898394 -0.219442 0.924806 -0.239569
0.898330 -0.219319 0.924715 -0.239456
0.898266 -0.219195 0.924623 -0.239343
0.898202 -0.219072 0.924532 -0.239229
0.898138 -0.218948 0.924441 -0.239116
0.898074 -0.218824 0.924349 -0.239002
0.898011 -0.218700 0.924258 -0.238888
0.897947 -0.218576 0.924167 -0.238774
0.897883 -0.218452 0.924075 -0.238660
0.897819 -0.218328 0.923984 -0.238545
0.897756 -0.218203 0.923893 -0.238431
0.897692 -0.218079 0.923802 -0.238316
0.897629 -0.217954 0.923711 -0.238201
0.897565 -0.217829 0.923620 -0.238086
0.897502 -0.217705 0.923529 -0.237971
0.897439 -0.217580 0.923438 -0.237856
0.897375 -0.217454 0.923347 -0.237740
0.897312 -0.217329 0.923256 -0.237624
0.897249 -0.217204 0.923165 -0.237508
0.897186 -0.217078 0.923074 -0.237392
0.897123 -0.216953 0.922983 -0.237276
0.897060 -0.216827 0.922892 -0.237160
0.896997 -0.216701 0.922802 -0.237043
0.896934 -0.216575 0.922711 -0.236926
0.896871 -0.216449 0.922620 -0.236810
0.896809 -0.216323 0.922530 -0.236693
0.896746 -0.216196 0.922439 -0.236575
0.896683 -0.216070 0.922349 -0.236458
0.896621 -0.215943 0.922258 -0.236341
0.896558 -0.215817 0.922168 -0.236223
0.896496 -0.215690 0.922077 -0.236105
0.896433 -0.215563 0.921987 -0.235987
0.896371 -0.215436 0.921896 -0.235869
0.896308 -0.215309 0.921806 -0.235750
0.896246 -0.215181 0.921716 -0.235632
0.896184 -0.215054 0.921626 -0.235513
0.896122 -0.214927 0.921535 -0.235394
0.896060 -0.214799 0.921445 -0.235275
0.895998 -0.214671 0.921355 -0.235156
0.895936 -0.214543 0.921265 -0.235037
0.895874 -0.214415 0.921175 -0.234917
0.895812 -0.214287 0.921085 -0.234798
0.895750 -0.214159 0.920995 -0.234678
0.895688 -0.214030 0.920905 -0.234558
0.895626 -0.213902 0.920815 -0.234438
0.895565 -0.213773 0.920725 -0.234318
0.895503 -0.213645 0.920636 -0.234197
0.895442 -0.213516 0.920546 -0.234076
0.895380 -0.213387 0.920456 -0.233956
0.895319 -0.213258 0.920366 -0.233835
0.895257 -0.213128 0.920277 -0.233714
0.895196 -0.212999 0.920187 -0.233592
0.895135 -0.212870 0.920098 -0.233471
0.895073 -0.212740 0.920008 -0.233349
0.895012 -0.212610 0.919918 -0.233227
0.894951 -0.212481 0.919829 -0.233106
0.894890 -0.212351 0.919740 -0.232983
0.894829 -0.212221 0.919650 -0.232861
0.894768 -0.212091 0.919561 -0.232739
0.894707 -0.211960 0.919472 -0.232616
0.894646 -0.211830 0.919382 -0.232493
0.894586 -0.211699 0.919293 -0.232370
0.894525 -0.211569 0.919204 -0.232247
0.894464 -0.211438 0.919115 -0.232124
0.894403 -0.211307 0.919026 -0.232001
0.894343 -0.211176 0.918937 -0.231877
0.894282 -0.211045 0.918848 -0.231753
0.894222 -0.210914 0.918759 -0.231630
0.894162 -0.210782 0.918670 -0.231506
0.894101 -0.210651 0.918581 -0.231381
0.894041 -0.210519 0.918492 -0.231257
0.893981 -0.210388 0.918403 -0.231132
0.893921 -0.210256 0.918314 -0.231008
0.893860 -0.210124 0.918226 -0.230883
0.893800 -0.209992 0.918137 -0.230758
0.893740 -0.209860 0.918048 -0.230633
0.893680 -0.209728 0.917960 -0.230507
0.893620 -0.209595 0.917871 -0.230382
0.893561 -0.209463 0.917783 -0.230256
0.893501 -0.209330 0.917694 -0.230130
0.893441 -0.209197 0.917606 -0.230004
0.893381 -0.209064 0.917517 -0.229878
0.893322 -0.208931 0.917429 -0.229752
0.893262 -0.208798 0.917341 -0.229625
0.893203 -0.208665 0.917253 -0.229498
0.893143 -0.208532 0.917164 -0.229372
0.893084 -0.208398 0.917076 -0.229245
0.893024 -0.208265 0.916988 -0.229118
0.892965 -0.208131 0.916900 -0.228990
0.892906 -0.207997 0.916812 -0.228863
0.892847 -0.207863 0.916724 -0.228735
0.892788 -0.207729 0.916636 -0.228607
0.892729 -0.207595 0.916548 -0.228479
0.892670 -0.207461 0.916460 -0.228351
0.892611 -0.207326 0.916372 -0.228223
0.892552 -0.207192 0.916284 -0.228095
0.892493 -0.207057 0.916197 -0.227966
0.892434 -0.206923 0.916109 -0.227837
0.892375 -0.206788 0.916021 -0.227708
0.892317 -0.206653 0.915934 -0.227579
0.892258 -0.206518 0.915846 -0.227450
0.892199 -0.206382 0.915758 -0.227320
0.892141 -0.206247 0.915671 -0.227191
0.892082 -0.206112 0.915583 -0.227061
0.892024 -0.205976 0.915496 -0.226931
0.891966 -0.205840 0.915409 -0.226801
0.891907 -0.205705 0.915321 -0.226671
0.891849 -0.205569 0.915234 -0.226541
0.891791 -0.205433 0.915147 -0.226410
0.891733 -0.205297 0.915060 -0.226279
0.891675 -0.205160 0.914972 -0.226148
0.891617 -0.205024 0.914885 -0.226017
0.891559 -0.204888 0.914798 -0.225886
0.891501 -0.204751 0.914711 -0.225755
0.891443 -0.204614 0.914624 -0.225623
0.891385 -0.204477 0.914537 -0.225492
0.891327 -0.204341 0.914451 -0.225360
0.891270 -0.204203 0.914364 -0.225228
0.891212 -0.204066 0.914277 -0.225096
0.891155 -0.203929 0.914190 -0.224963
0.891097 -0.203792 0.914103 -0.224831
0.891040 -0.203654 0.914017 -0.224698
0.890982 -0.203516 0.913930 -0.224565
0.890925 -0.203379 0.913844 -0.224433
0.890868 -0.203241 0.913757 -0.224299
0.890810 -0.203103 0.913671 -0.224166
0.890753 -0.202965 0.913584 -0.224033
0.890696 -0.202827 0.913498 -0.223899
0.890639 -0.202688 0.913411 -0.223765
0.890582 -0.202550 0.913325 -0.223631
0.890525 -0.202411 0.913239 -0.223497
0.890468 -0.202273 0.913153 -0.223363
0.890411 -0.202134 0.913066 -0.223229
0.890354 -0.201995 0.912980 -0.223094
0.890298 -0.201856 0.912894 -0.222959
0.890241 -0.201717 0.912808 -0.222824
0.890184 -0.201578 0.912722 -0.222689
0.890128 -0.201438 0.912636 -0.222554
0.890071 -0.201299 0.912550 -0.222419
0.890015 -0.201159 0.912464 -0.222283
0.889958 -0.201020 0.912379 -0.222148
0.889902 -0.200880 0.912293 -0.222012
0.889846 -0.200740 0.912207 -0.221876
0.889789 -0.200600 0.912121 -0.221739
0.889733 -0.200460 0.912036 -0.221603
0.889677 -0.200320 0.911950 -0.221467
0.889621 -0.200179 0.911865 -0.221330
0.889565 -0.200039 0.911779 -0.221193
0.889509 -0.199898 0.911694 -0.221056
0.889453 -0.199757 0.911608 -0.220919
0.889397 -0.199617 0.911523 -0.220782
0.889342 -0.199476 0.911438 -0.220644
0.889286 -0.199335 0.911353 -0.220507
0.889230 -0.199194 0.911267 -0.220369
0.889174 -0.199052 0.911182 -0.220231
0.889119 -0.198911 0.911097 -0.220093
0.889063 -0.198769 0.911012 -0.219955
0.889008 -0.198628 0.910927 -0.219816
0.888952 -0.198486 0.910842 -0.219678
0.888897 -0.198344 0.910757 -0.219539
0.888842 -0.198202 0.910672 -0.219400
0.888787 -0.198060 0.910587 -0.219261
0.888731 -0.197918 0.910503 -0.219122
0.888676 -0.197776 0.910418 -0.218982
0.888621 -0.197633 0.910333 -0.218843
0.888566 -0.197491 0.910249 -0.218703
0.888511 -0.197348 0.910164 -0.218563
0.888456 -0.197206 0.910079 -0.218423
0.888401 -0.197063 0.909995 -0.218283
0.888347 -0.196920 0.909911 -0.218143
0.888292 -0.196777 0.909826 -0.218002
0.888237 -0.196634 0.909742 -0.217862
0.888183 -0.196490 0.909657 -0.217721
0.888128 -0.196347 0.909573 -0.217580
0.888073 -0.196203 0.909489 -0.217439
0.888019 -0.196060 0.909405 -0.217297
0.887965 -0.195916 0.909321 -0.217156
0.887910 -0.195772 0.909237 -0.217014
0.887856 -0.195628 0.909153 -0.216873
0.887802 -0.195484 0.909069 -0.216731
0.887748 -0.195340 0.908985 -0.216589
0.887693 -0.195196 0.908901 -0.216446
0.887639 -0.195051 0.908817 -0.216304
0.887585 -0.194907 0.908733 -0.216161
0.887531 -0.194762 0.908650 -0.216019
0.887477 -0.194618 0.908566 -0.215876
0.887424 -0.194473 0.908482 -0.215733
0.887370 -0.194328 0.908399 -0.215590
0.887316 -0.194183 0.908315 -0.215446
0.887262 -0.194038 0.908232 -0.215303
0.887209 -0.193892 0.908148 -0.215159
0.887155 -0.193747 0.908065 -0.215015
0.887102 -0.193601 0.907982 -0.214871
0.887048 -0.193456 0.907898 -0.214727
0.886995 -0.193310 0.907815 -0.214583
0.886941 -0.193164 0.907732 -0.214438
0.886888 -0.193018 0.907649 -0.214294
0.886835 -0.192872 0.907566 -0.214149
0.886782 -0.192726 0.907483 -0.214004
0.886729 -0.192580 0.907400 -0.213859
0.886675 -0.192433 0.907317 -0.213714
0.886622 -0.192287 0.907234 -0.213568
0.886570 -0.192140 0.907151 -0.213423
0.886517 -0.191994 0.907068 -0.213277
0.886464 -0.191847 0.906986 -0.213131
0.886411 -0.191700 0.906903 -0.212985
0.886358 -0.191553 0.906820 -0.212839
0.886306 -0.191406 0.906738 -0.212693
0.886253 -0.191258 0.906655 -0.212546
0.886200 -0.191111 0.906573 -0.212400
0.886148 -0.190964 0.906491 -0.212253
0.886095 -0.190816 0.906408 -0.212106
0.886043 -0.190668 0.906326 -0.211959
0.885991 -0.190521 0.906244 -0.211811
0.885938 -0.190373 0.906161 -0.211664
0.885886 -0.190225 0.906079 -0.211516
0.885834 -0.190077 0.905997 -0.211369
0.885782 -0.189928 0.905915 -0.211221
0.885730 -0.189780 0.905833 -0.211073
0.885678 -0.189632 0.905751 -0.210924
0.885626 -0.189483 0.905669 -0.210776
0.885574 -0.189334 0.905587 -0.210627
0.885522 -0.189186 0.905506 -0.210479
0.885470 -0.189037 0.905424 -0.210330
0.885418 -0.188888 0.905342 -0.210181
0.885367 -0.188739 0.905260 -0.210032
0.885315 -0.188589 0.905179 -0.209882
0.885263 -0.188440 0.905097 -0.209733
0.885212 -0.188291 0.905016 -0.209583
0.885161 -0.188141 0.904934 -0.209433
0.885109 -0.187991 0.904853 -0.209284
0.885058 -0.187842 0.904772 -0.209133
0.885006 -0.187692 0.904690 -0.208983
0.884955 -0.187542 0.904609 -0.208833
0.884904 -0.187392 0.904528 -0.208682
0.884853 -0.187242 0.904447 -0.208531
0.884802 -0.187091 0.904366 -0.208381
0.884751 -0.186941 0.904285 -0.208230
0.884700 -0.186791 0.904204 -0.208078
0.884649 -0.186640 0.904123 -0.207927
0.884598 -0.186489 0.904042 -0.207776
0.884547 -0.186338 0.903961 -0.207624
0.884497 -0.186187 0.903880 -0.207472
0.884446 -0.186036 0.903800 -0.207320
0.884395 -0.185885 0.903719 -0.207168
0.884345 -0.185734 0.903639 -0.207016
0.884294 -0.185583 0.903558 -0.206863
0.884244 -0.185431 0.903478 -0.206711
0.884193 -0.185280 0.903397 -0.206558
0.884143 -0.185128 0.903317 -0.206405
0.884093 -0.184976 0.903236 -0.206252
0.884042 -0.184824 0.903156 -0.206099
0.883992 -0.184672 0.903076 -0.205945
0.883942 -0.184520 0.902996 -0.205792
0.883892 -0.184368 0.902916 -0.205638
0.883842 -0.184216 0.902836 -0.205484
0.883792 -0.184063 0.902756 -0.205330
0.883742 -0.183911 0.902676 -0.205176
0.883692 -0.183758 0.902596 -0.205022
0.883642 -0.183606 0.902516 -0.204868
0.883593 -0.183453 0.902436 -0.204713
0.883543 -0.183300 0.902356 -0.204558
0.883493 -0.183147 0.902277 -0.204403
0.883444 -0.182994 0.902197 -0.204248
0.883394 -0.182840 0.902118 -0.204093
0.883345 -0.182687 0.902038 -0.203938
0.883295 -0.182534 0.901959 -0.203782
0.883246 -0.182380 0.901879 -0.203627
0.883197 -0.182226 0.901800 -0.203471
0.883147 -0.182073 0.901721 -0.203315
0.883098 -0.181919 0.901641 -0.203159
0.883049 -0.181765 0.901562 -0.203002
0.883000 -0.181611 0.901483 -0.202846
0.882951 -0.181456 0.901404 -0.202689
0.882902 -0.181302 0.901325 -0.202533
0.882853 -0.181148 0.901246 -0.202376
0.882804 -0.180993 0.901167 -0.202219
0.882756 -0.180839 0.901088 -0.202061
0.882707 -0.180684 0.901009 -0.201904
0.882658 -0.180529 0.900931 -0.201746
0.882609 -0.180374 0.900852 -0.201589
0.882561 -0.180219 0.900773 -0.201431
0.882512 -0.180064 0.900695 -0.201273
0.882464 -0.179909 0.900616 -0.201115
0.882415 -0.179753 0.900538 -0.200957
0.882367 -0.179598 0.900459 -0.200798
0.882319 -0.179443 0.900381 -0.200640
0.882271 -0.179287 0.900303 -0.200481
0.882222 -0.179131 0.900225 -0.200322
0.882174 -0.178975 0.900146 -0.200163
0.882126 -0.178819 0.900068 -0.200004
0.882078 -0.178663 0.899990 -0.199844
0.882030 -0.178507 0.899912 -0.199685
0.881982 -0.178351 0.899834 -0.199525
0.881934 -0.178194 0.899756 -0.199366
0.881887 -0.178038 0.899679 -0.199206
0.881839 -0.177881 0.899601 -0.199045
0.881791 -0.177725 0.899523 -0.198885
0.881744 -0.177568 0.899445 -0.198725
0.881696 -0.177411 0.899368 -0.198564
0.881648 -0.177254 0.899290 -0.198404
0.881601 -0.177097 0.899213 -0.198243
0.881554 -0.176940 0.899135 -0.198082
0.881506 -0.176783 0.899058 -0.197921
0.881459 -0.176625 0.898981 -0.197759
0.881412 -0.176468 0.898903 -0.197598
0.881364 -0.176310 0.898826 -0.197436
0.881317 -0.176152 0.898749 -0.197274
0.881270 -0.175995 0.898672 -0.197112
0.881223 -0.175837 0.898595 -0.196950
0.881176 -0.175679 0.898518 -0.196788
0.881129 -0.175521 0.898441 -0.196626
0.881082 -0.175362 0.898364 -0.196463
0.881036 -0.175204 0.898287 -0.196301
0.880989 -0.175046 0.898211 -0.196138
0.880942 -0.174887 0.898134 -0.195975
0.880895 -0.174729 0.898057 -0.195812
0.880849 -0.174570 0.897981 -0.195648
0.880802 -0.174411 0.897904 -0.195485
0.880756 -0.174252 0.897828 -0.195321
0.880709 -0.174093 0.897751 -0.195158
0.880663 -0.173934 0.897675 -0.194994
0.880617 -0.173775 0.897599 -0.194830
0.880571 -0.173615 0.897523 -0.194666
0.880524 -0.173456 0.897446 -0.194501
0.880478 -0.173297 0.897370 -0.194337
0.880432 -0.173137 0.897294 -0.194172
0.880386 -0.172977 0.897218 -0.194008
0.880340 -0.172817 0.897142 -0.193843
0.880294 -0.172657 0.897067 -0.193678
0.880248 -0.172497 0.896991 -0.193512
0.880202 -0.172337 0.896915 -0.193347
0.880157 -0.172177 0.896839 -0.193181
0.880111 -0.172017 0.896764 -0.193016
0.880065 -0.171856 0.896688 -0.192850
0.880020 -0.171696 0.896613 -0.192684
0.879974 -0.171535 0.896537 -0.192518
0.879929 -0.171375 0.896462 -0.192352
0.879883 -0.171214 0.896386 -0.192185
0.879838 -0.171053 0.896311 -0.192019
0.879793 -0.170892 0.896236 -0.191852
0.879747 -0.170731 0.896161 -0.191685
0.879702 -0.170570 0.896086 -0.191518
0.879657 -0.170408 0.896011 -0.191351
0.879612 -0.170247 0.895936 -0.191184
0.879567 -0.170085 0.895861 -0.191016
0.879522 -0.169924 0.895786 -0.190849
0.879477 -0.169762 0.895711 -0.190681
0.879432 -0.169600 0.895637 -0.190513
0.879387 -0.169438 0.895562 -0.190345
0.879342 -0.169276 0.895487 -0.190177
0.879298 -0.169114 0.895413 -0.190009
0.879253 -0.168952 0.895338 -0.189840
0.879208 -0.168790 0.895264 -0.189671
0.879164 -0.168627 0.895189 -0.189503
0.879119 -0.168465 0.895115 -0.189334
0.879075 -0.168302 0.895041 -0.189165
0.879030 -0.168140 0.894967 -0.188995
0.878986 -0.167977 0.894893 -0.188826
0.878942 -0.167814 0.894819 -0.188657
0.878898 -0.167651 0.894745 -0.188487
0.878854 -0.167488 0.894671 -0.188317
0.878809 -0.167325 0.894597 -0.188147
0.878765 -0.167161 0.894523 -0.187977
0.878721 -0.166998 0.894449 -0.187807
0.878677 -0.166835 0.894376 -0.187637
0.878633 -0.166671 0.894302 -0.187466
0.878590 -0.166507 0.894228 -0.187295
0.878546 -0.166344 0.894155 -0.187125
0.878502 -0.166180 0.894081 -0.186954
0.878458 -0.166016 0.894008 -0.186782
0.878415 -0.165852 0.893935 -0.186611
0.878371 -0.165688 0.893862 -0.186440
0.878328 -0.165523 0.893788 -0.186268
0.878284 -0.165359 0.893715 -0.186097
0.878241 -0.165195 0.893642 -0.185925
0.878198 -0.165030 0.893569 -0.185753
0.878154 -0.164865 0.893496 -0.185581
0.878111 -0.164701 0.893423 -0.185408
0.878068 -0.164536 0.893351 -0.185236
0.878025 -0.164371 0.893278 -0.185063
0.877982 -0.164206 0.893205 -0.184891
0.877939 -0.164041 0.893133 -0.184718
0.877896 -0.163876 0.893060 -0.184545
0.877853 -0.163710 0.892987 -0.184372
0.877810 -0.163545 0.892915 -0.184198
0.877767 -0.163379 0.892843 -0.184025
0.877724 -0.163214 0.892770 -0.183851
0.877682 -0.163048 0.892698 -0.183678
0.877639 -0.162882 0.892626 -0.183504
0.877596 -0.162717 0.892554 -0.183330
0.877554 -0.162551 0.892482 -0.183156
0.877511 -0.162385 0.892410 -0.182981
0.877469 -0.162218 0.892338 -0.182807
0.877427 -0.162052 0.892266 -0.182632
0.877384 -0.161886 0.892194 -0.182457
0.877342 -0.161719 0.892122 -0.182283
0.877300 -0.161553 0.892051 -0.182108
0.877258 -0.161386 0.891979 -0.181932
0.877216 -0.161219 0.891908 -0.181757
0.877174 -0.161053 0.891836 -0.181582
0.877132 -0.160886 0.891765 -0.181406
0.877090 -0.160719 0.891693 -0.181230
0.877048 -0.160552 0.891622 -0.181054
0.877006 -0.160384 0.891551 -0.180878
0.876964 -0.160217 0.891480 -0.180702
0.876923 -0.160050 0.891409 -0.180526
0.876881 -0.159882 0.891338 -0.180350
0.876839 -0.159715 0.891267 -0.180173
0.876798 -0.159547 0.891196 -0.179996
0.876756 -0.159379 0.891125 -0.179819
0.876715 -0.159212 0.891054 -0.179642
0.876674 -0.159044 0.890983 -0.179465
0.876632 -0.158876 0.890913 -0.179288
0.876591 -0.158707 0.890842 -0.179110
0.876550 -0.158539 0.890772 -0.178933
0.876509 -0.158371 0.890701 -0.178755
0.876467 -0.158202 0.890631 -0.178577
0.876426 -0.158034 0.890561 -0.178399
0.876385 -0.157865 0.890490 -0.178221
0.876344 -0.157697 0.890420 -0.178043
0.876304 -0.157528 0.890350 -0.177864
0.876263 -0.157359 0.890280 -0.177686
0.876222 -0.157190 0.890210 -0.177507
0.876181 -0.157021 0.890140 -0.177328
0.876141 -0.156852 0.890070 -0.177149
0.876100 -0.156683 0.890000 -0.176970
0.876059 -0.156513 0.889931 -0.176791
0.876019 -0.156344 0.889861 -0.176612
0.875978 -0.156174 0.889791 -0.176432
0.875938 -0.156005 0.889722 -0.176252
0.875898 -0.155835 0.889652 -0.176072
0.875857 -0.155665 0.889583 -0.175892
0.875817 -0.155495 0.889514 -0.175712
0.875777 -0.155326 0.889444 -0.175532
0.875737 -0.155155 0.889375 -0.175352
0.875697 -0.154985 0.889306 -0.175171
0.875657 -0.154815 0.889237 -0.174990
0.875617 -0.154645 0.889168 -0.174810
0.875577 -0.154474 0.889099 -0.174629
0.875537 -0.154304 0.889030 -0.174448
0.875497 -0.154133 0.888961 -0.174266
0.875457 -0.153962 0.888893 -0.174085
0.875418 -0.153792 0.888824 -0.173904
0.875378 -0.153621 0.888755 -0.173722
0.875339 -0.153450 0.888687 -0.173540
0.875299 -0.153279 0.888618 -0.173358
0.875260 -0.153108 0.888550 -0.173176
0.875220 -0.152936 0.888482 -0.172994
0.875181 -0.152765 0.888413 -0.172812
0.875141 -0.152594 0.888345 -0.172629
0.875102 -0.152422 0.888277 -0.172446
0.875063 -0.152251 0.888209 -0.172264
0.875024 -0.152079 0.888141 -0.172081
0.874985 -0.151907 0.888073 -0.171898
0.874946 -0.151735 0.888005 -0.171715
0.874907 -0.151563 0.887938 -0.171531
0.874868 -0.151391 0.887870 -0.171348
0.874829 -0.151219 0.887802 -0.171164
0.874790 -0.151047 0.887735 -0.170981
0.874751 -0.150875 0.887667 -0.170797
0.874713 -0.150702 0.887600 -0.170613
0.874674 -0.150530 0.887532 -0.170429
0.874635 -0.150357 0.887465 -0.170244
0.874597 -0.150184 0.887398 -0.170060
0.874558 -0.150012 0.887331 -0.169875
0.874520 -0.149839 0.887263 -0.169691
0.874481 -0.149666 0.887196 -0.169506
0.874443 -0.149493 0.887129 -0.169321
0.874405 -0.149320 0.887063 -0.169136
0.874366 -0.149147 0.886996 -0.168951
0.874328 -0.148973 0.886929 -0.168765
0.874290 -0.148800 0.886862 -0.168580
0.874252 -0.148627 0.886796 -0.168394
0.874214 -0.148453 0.886729 -0.168208
0.874176 -0.148279 0.886663 -0.168023
0.874138 -0.148106 0.886596 -0.167837
0.874100 -0.147932 0.886530 -0.167650
0.874062 -0.147758 0.886464 -0.167464
0.874025 -0.147584 0.886397 -0.167278
0.873987 -0.147410 0.886331 -0.167091
0.873949 -0.147236 0.886265 -0.166904
0.873912 -0.147061 0.886199 -0.166718
0.873874 -0.146887 0.886133 -0.166531
0.873837 -0.146713 0.886067 -0.166343
0.873799 -0.146538 0.886002 -0.166156
0.873762 -0.146364 0.885936 -0.165969
0.873725 -0.146189 0.885870 -0.165781
0.873687 -0.146014 0.885805 -0.165594
0.873650 -0.145839 0.885739 -0.165406
0.873613 -0.145664 0.885674 -0.165218
0.873576 -0.145489 0.885608 -0.165030
0.873539 -0.145314 0.885543 -0.164842
0.873502 -0.145139 0.885478 -0.164653
0.873465 -0.144964 0.885413 -0.164465
0.873428 -0.144788 0.885347 -0.164276
0.873391 -0.144613 0.885282 -0.164088
0.873354 -0.144437 0.885217 -0.163899
0.873318 -0.144262 0.885153 -0.163710
0.873281 -0.144086 0.885088 -0.163521
0.873244 -0.143910 0.885023 -0.163331
0.873208 -0.143734 0.884958 -0.163142
0.873171 -0.143558 0.884894 -0.162953
0.873135 -0.143382 0.884829 -0.162763
0.873098 -0.143206 0.884765 -0.162573
0.873062 -0.143030 0.884700 -0.162383
0.873026 -0.142854 0.884636 -0.162193
0.872989 -0.142677 0.884572 -0.162003
0.872953 -0.142501 0.884508 -0.161813
0.872917 -0.142324 0.884444 -0.161622
0.872881 -0.142148 0.884380 -0.161432
0.872845 -0.141971 0.884316 -0.161241
0.872809 -0.141794 0.884252 -0.161050
0.872773 -0.141617 0.884188 -0.160859
0.872737 -0.141440 0.884124 -0.160668
0.872701 -0.141263 0.884060 -0.160477
0.872666 -0.141086 0.883997 -0.160286
0.872630 -0.140909 0.883933 -0.160094
0.872594 -0.140731 0.883870 -0.159902
0.872559 -0.140554 0.883807 -0.159711
0.872523 -0.140377 0.883743 -0.159519
0.872488 -0.140199 0.883680 -0.159327
0.872452 -0.140021 0.883617 -0.159135
0.872417 -0.139844 0.883554 -0.158942
0.872381 -0.139666 0.883491 -0.158750
0.872346 -0.139488 0.883428 -0.158558
0.872311 -0.139310 0.883365 -0.158365
0.872276 -0.139132 0.883302 -0.158172
0.872241 -0.138954 0.883239 -0.157979
0.872205 -0.138776 0.883177 -0.157786
0.872170 -0.138597 0.883114 -0.157593
0.872135 -0.138419 0.883052 -0.157400
0.872101 -0.138240 0.882989 -0.157206
0.872066 -0.138062 0.882927 -0.157013
0.872031 -0.137883 0.882864 -0.156819
0.871996 -0.137704 0.882802 -0.156625
0.871961 -0.137526 0.882740 -0.156431
0.871927 -0.137347 0.882678 -0.156237
0.871892 -0.137168 0.882616 -0.156043
0.871858 -0.136989 0.882554 -0.155849
0.871823 -0.136810 0.882492 -0.155654
0.871789 -0.136630 0.882430 -0.155460
0.871754 -0.136451 0.882369 -0.155265
0.871720 -0.136272 0.882307 -0.155070
0.871686 -0.136092 0.882245 -0.154875
0.871651 -0.135913 0.882184 -0.154680
0.871617 -0.135733 0.882122 -0.154485
0.871583 -0.135553 0.882061 -0.154289
0.871549 -0.135374 0.882000 -0.154094
0.871515 -0.135194 0.881939 -0.153898
0.871481 -0.135014 0.881878 -0.153703
0.871447 -0.134834 0.881816 -0.153507
0.871413 -0.134654 0.881755 -0.153311
0.871379 -0.134474 0.881695 -0.153115
0.871346 -0.134293 0.881634 -0.152918
0.871312 -0.134113 0.881573 -0.152722
0.871278 -0.133932 0.881512 -0.152526
0.871245 -0.133752 0.881452 -0.152329
0.871211 -0.133571 0.881391 -0.152132
0.871178 -0.133391 0.881331 -0.151935
0.871144 -0.133210 0.881270 -0.151738
0.871111 -0.133029 0.881210 -0.151541
0.871078 -0.132848 0.881150 -0.151344
0.871044 -0.132667 0.881090 -0.151147
0.871011 -0.132486 0.881030 -0.150949
0.870978 -0.132305 0.880970 -0.150752
0.870945 -0.132124 0.880910 -0.150554
0.870912 -0.131943 0.880850 -0.150356
0.870879 -0.131761 0.880790 -0.150158
0.870846 -0.131580 0.880730 -0.149960
0.870813 -0.131398 0.880671 -0.149762
0.870780 -0.131217 0.880611 -0.149563
0.870747 -0.131035 0.880551 -0.149365
0.870715 -0.130853 0.880492 -0.149166
0.870682 -0.130671 0.880433 -0.148968
0.870649 -0.130489 0.880373 -0.148769
0.870617 -0.130307 0.880314 -0.148570
0.870584 -0.130125 0.880255 -0.148371
0.870552 -0.129943 0.880196 -0.148171
0.870519 -0.129761 0.880137 -0.147972
0.870487 -0.129579 0.880078 -0.147773
0.870454 -0.129396 0.880019 -0.147573
0.870422 -0.129214 0.879961 -0.147373
0.870390 -0.129031 0.879902 -0.147173
0.870358 -0.128849 0.879843 -0.146973
0.870326 -0.128666 0.879785 -0.146773
0.870294 -0.128483 0.879727 -0.146573
0.870262 -0.128300 0.879668 -0.146373
0.870230 -0.128117 0.879610 -0.146172
0.870198 -0.127934 0.879552 -0.145972
0.870166 -0.127751 0.879494 -0.145771
0.870134 -0.127568 0.879436 -0.145570
0.870102 -0.127385 0.879378 -0.145369
0.870071 -0.127202 0.879320 -0.145168
0.870039 -0.127018 0.879262 -0.144967
0.870007 -0.126835 0.879204 -0.144766
0.869976 -0.126651 0.879146 -0.144565
0.869944 -0.126468 0.879089 -0.144363
0.869913 -0.126284 0.879031 -0.144161
0.869881 -0.126100 0.878974 -0.143960
0.869850 -0.125916 0.878916 -0.143758
0.869819 -0.125732 0.878859 -0.143556
0.869788 -0.125548 0.878802 -0.143354
0.869756 -0.125364 0.878745 -0.143151
0.869725 -0.125180 0.878688 -0.142949
0.869694 -0.124996 0.878631 -0.142746
0.869663 -0.124812 0.878574 -0.142544
0.869632 -0.124627 0.878517 -0.142341
0.869601 -0.124443 0.878460 -0.142138
0.869571 -0.124258 0.878404 -0.141935
0.869540 -0.124074 0.878347 -0.141732
0.869509 -0.123889 0.878291 -0.141529
0.869478 -0.123704 0.878234 -0.141326
0.869448 -0.123519 0.878178 -0.141122
0.869417 -0.123335 0.878121 -0.140919
0.869386 -0.123150 0.878065 -0.140715
0.869356 -0.122965 0.878009 -0.140511
0.869326 -0.122779 0.877953 -0.140307
0.869295 -0.122594 0.877897 -0.140103
0.869265 -0.122409 0.877841 -0.139899
0.869235 -0.122224 0.877785 -0.139695
0.869204 -0.122038 0.877730 -0.139490
0.869174 -0.121853 0.877674 -0.139286
0.869144 -0.121667 0.877618 -0.139081
0.869114 -0.121482 0.877563 -0.138877
0.869084 -0.121296 0.877508 -0.138672
0.869054 -0.121110 0.877452 -0.138467
0.869024 -0.120924 0.877397 -0.138262
0.868994 -0.120738 0.877342 -0.138057
0.868964 -0.120552 0.877287 -0.137851
0.868934 -0.120366 0.877232 -0.137646
0.868905 -0.120180 0.877177 -0.137440
0.868875 -0.119994 0.877122 -0.137235
0.868846 -0.119808 0.877067 -0.137029
0.868816 -0.119621 0.877012 -0.136823
0.868786 -0.119435 0.876958 -0.136617
0.868757 -0.119248 0.876903 -0.136411
0.868728 -0.119062 0.876849 -0.136205
0.868698 -0.118875 0.876794 -0.135998
0.868669 -0.118688 0.876740 -0.135792
0.868640 -0.118502 0.876686 -0.135585
0.868610 -0.118315 0.876631 -0.135378
0.868581 -0.118128 0.876577 -0.135172
0.868552 -0.117941 0.876523 -0.134965
0.868523 -0.117754 0.876469 -0.134758
0.868494 -0.117567 0.876416 -0.134551
0.868465 -0.117380 0.876362 -0.134343
0.868436 -0.117192 0.876308 -0.134136
0.868408 -0.117005 0.876254 -0.133928
0.868379 -0.116817 0.876201 -0.133721
0.868350 -0.116630 0.876147 -0.133513
0.868321 -0.116442 0.876094 -0.133305
0.868293 -0.116255 0.876041 -0.133097
0.868264 -0.116067 0.875988 -0.132889
0.868236 -0.115879 0.875934 -0.132681
0.868207 -0.115691 0.875881 -0.132473
0.868179 -0.115504 0.875828 -0.132264
0.868150 -0.115316 0.875776 -0.132056
0.868122 -0.115127 0.875723 -0.131847
0.868094 -0.114939 0.875670 -0.131639
0.868066 -0.114751 0.875617 -0.131430
0.868037 -0.114563 0.875565 -0.131221
0.868009 -0.114375 0.875512 -0.131012
0.867981 -0.114186 0.875460 -0.130803
0.867953 -0.113998 0.875407 -0.130593
0.867925 -0.113809 0.875355 -0.130384
0.867897 -0.113621 0.875303 -0.130174
0.867870 -0.113432 0.875251 -0.129965
0.867842 -0.113243 0.875199 -0.129755
0.867814 -0.113054 0.875147 -0.129545
0.867786 -0.112865 0.875095 -0.129335
0.867759 -0.112677 0.875043 -0.129125
0.867731 -0.112487 0.874992 -0.128915
0.867703 -0.112298 0.874940 -0.128705
0.867676 -0.112109 0.874889 -0.128494
0.867649 -0.111920 0.874837 -0.128284
0.867621 -0.111731 0.874786 -0.128073
0.867594 -0.111541 0.874735 -0.127863
0.867566 -0.111352 0.874683 -0.127652
0.867539 -0.111162 0.874632 -0.127441
0.867512 -0.110973 0.874581 -0.127230
0.867485 -0.110783 0.874530 -0.127019
0.867458 -0.110594 0.874479 -0.126808
0.867431 -0.110404 0.874429 -0.126596
0.867404 -0.110214 0.874378 -0.126385
0.867377 -0.110024 0.874327 -0.126173
0.867350 -0.109834 0.874277 -0.125961
0.867323 -0.109644 0.874226 -0.125750
0.867296 -0.109454 0.874176 -0.125538
0.867270 -0.109264 0.874125 -0.125326
0.867243 -0.109074 0.874075 -0.125114
0.867216 -0.108883 0.874025 -0.124901
0.867190 -0.108693 0.873975 -0.124689
0.867163 -0.108503 0.873925 -0.124477
0.867137 -0.108312 0.873875 -0.124264
0.867110 -0.108122 0.873825 -0.124052
0.867084 -0.107931 0.873776 -0.123839
0.867058 -0.107740 0.873726 -0.123626
0.867031 -0.107549 0.873676 -0.123413
0.867005 -0.107359 0.873627 -0.123200
0.866979 -0.107168 0.873577 -0.122987
0.866953 -0.106977 0.873528 -0.122773
0.866927 -0.106786 0.873479 -0.122560
0.866901 -0.106595 0.873430 -0.122347
0.866875 -0.106404 0.873381 -0.122133
0.866849 -0.106212 0.873332 -0.121919
0.866823 -0.106021 0.873283 -0.121706
0.866797 -0.105830 0.873234 -0.121492
0.866772 -0.105638 0.873185 -0.121278
0.866746 -0.105447 0.873137 -0.121063
0.866720 -0.105255 0.873088 -0.120849
0.866695 -0.105064 0.873040 -0.120635
0.866669 -0.104872 0.872991 -0.120421
0.866644 -0.104680 0.872943 -0.120206
0.866618 -0.104489 0.872895 -0.119991
0.866593 -0.104297 0.872846 -0.119777
0.866567 -0.104105 0.872798 -0.119562
0.866542 -0.103913 0.872750 -0.119347
0.866517 -0.103721 0.872702 -0.119132
0.866492 -0.103529 0.872655 -0.118917
0.866466 -0.103337 0.872607 -0.118701
0.866441 -0.103144 0.872559 -0.118486
0.866416 -0.102952 0.872512 -0.118271
0.866391 -0.102760 0.872464 -0.118055
0.866366 -0.102567 0.872417 -0.117839
0.866341 -0.102375 0.872369 -0.117624
0.866317 -0.102182 0.872322 -0.117408
0.866292 -0.101990 0.872275 -0.117192
0.866267 -0.101797 0.872228 -0.116976
0.866242 -0.101604 0.872181 -0.116760
0.866218 -0.101412 0.872134 -0.116543
0.866193 -0.101219 0.872087 -0.116327
0.866169 -0.101026 0.872040 -0.116111
0.866144 -0.100833 0.871994 -0.115894
0.866120 -0.100640 0.871947 -0.115677
0.866095 -0.100447 0.871901 -0.115461
0.866071 -0.100254 0.871854 -0.115244
0.866047 -0.100060 0.871808 -0.115027
0.866022 -0.099867 0.871762 -0.114810
0.865998 -0.099674 0.871715 -0.114593
0.865974 -0.099480 0.871669 -0.114375
0.865950 -0.099287 0.871623 -0.114158
0.865926 -0.099093 0.871578 -0.113941
0.865902 -0.098900 0.871532 -0.113723
0.865878 -0.098706 0.871486 -0.113505
0.865854 -0.098512 0.871440 -0.113288
0.865830 -0.098319 0.871395 -0.113070
0.865807 -0.098125 0.871349 -0.112852
0.865783 -0.097931 0.871304 -0.112634
0.865759 -0.097737 0.871259 -0.112416
0.865736 -0.097543 0.871213 -0.112198
0.865712 -0.097349 0.871168 -0.111979
0.865688 -0.097155 0.871123 -0.111761
0.865665 -0.096961 0.871078 -0.111542
0.865642 -0.096766 0.871033 -0.111324
0.865618 -0.096572 0.870989 -0.111105
0.865595 -0.096378 0.870944 -0.110886
0.865572 -0.096183 0.870899 -0.110667
0.865548 -0.095989 0.870855 -0.110448
0.865525 -0.095794 0.870810 -0.110229
0.865502 -0.095600 0.870766 -0.110010
0.865479 -0.095405 0.870722 -0.109791
0.865456 -0.095210 0.870677 -0.109571
0.865433 -0.095016 0.870633 -0.109352
0.865410 -0.094821 0.870589 -0.109132
0.865387 -0.094626 0.870545 -0.108913
0.865364 -0.094431 0.870501 -0.108693
0.865342 -0.094236 0.870458 -0.108473
0.865319 -0.094041 0.870414 -0.108253
0.865296 -0.093846 0.870370 -0.108033
0.865274 -0.093651 0.870327 -0.107813
0.865251 -0.093455 0.870283 -0.107593
0.865228 -0.093260 0.870240 -0.107372
0.865206 -0.093065 0.870197 -0.107152
0.865184 -0.092869 0.870154 -0.106931
0.865161 -0.092674 0.870111 -0.106711
0.865139 -0.092478 0.870068 -0.106490
0.865117 -0.092283 0.870025 -0.106269
0.865094 -0.092087 0.869982 -0.106048
0.865072 -0.091892 0.869939 -0.105827
0.865050 -0.091696 0.869896 -0.105606
0.865028 -0.091500 0.869854 -0.105385
0.865006 -0.091304 0.869811 -0.105164
0.864984 -0.091108 0.869769 -0.104943
0.864962 -0.090912 0.869727 -0.104721
0.864940 -0.090716 0.869684 -0.104500
0.864918 -0.090520 0.869642 -0.104278
0.864897 -0.090324 0.869600 -0.104056
0.864875 -0.090128 0.869558 -0.103834
0.864853 -0.089932 0.869516 -0.103613
0.864832 -0.089735 0.869475 -0.103391
0.864810 -0.089539 0.869433 -0.103169
0.864788 -0.089343 0.869391 -0.102946
0.864767 -0.089146 0.869350 -0.102724
0.864745 -0.088950 0.869308 -0.102502
0.864724 -0.088753 0.869267 -0.102279
0.864703 -0.088557 0.869226 -0.102057
0.864682 -0.088360 0.869184 -0.101834
0.864660 -0.088163 0.869143 -0.101612
0.864639 -0.087966 0.869102 -0.101389
0.864618 -0.087769 0.869061 -0.101166
0.864597 -0.087573 0.869021 -0.100943
0.864576 -0.087376 0.868980 -0.100720
0.864555 -0.087179 0.868939 -0.100497
0.864534 -0.086982 0.868899 -0.100274
0.864513 -0.086784 0.868858 -0.100050
0.864492 -0.086587 0.868818 -0.099827
0.864471 -0.086390 0.868777 -0.099603
0.864451 -0.086193 0.868737 -0.099380
0.864430 -0.085995 0.868697 -0.099156
0.864409 -0.085798 0.868657 -0.098932
0.864389 -0.085601 0.868617 -0.098708
0.864368 -0.085403 0.868577 -0.098485
0.864348 -0.085206 0.868537 -0.098261
0.864327 -0.085008 0.868498 -0.098036
0.864307 -0.084810 0.868458 -0.097812
0.864287 -0.084613 0.868419 -0.097588
0.864266 -0.084415 0.868379 -0.097364
0.864246 -0.084217 0.868340 -0.097139
0.864226 -0.084019 0.868300 -0.096915
0.864206 -0.083822 0.868261 -0.096690
0.864186 -0.083624 0.868222 -0.096465
0.864166 -0.083426 0.868183 -0.096241
0.864146 -0.083228 0.868144 -0.096016
0.864126 -0.083029 0.868106 -0.095791
0.864106 -0.082831 0.868067 -0.095566
0.864086 -0.082633 0.868028 -0.095341
0.864066 -0.082435 0.867990 -0.095115
0.864046 -0.082236 0.867951 -0.094890
0.864027 -0.082038 0.867913 -0.094665
0.864007 -0.081840 0.867874 -0.094439
0.863988 -0.081641 0.867836 -0.094214
0.863968 -0.081443 0.867798 -0.093988
0.863949 -0.081244 0.867760 -0.093763
0.863929 -0.081046 0.867722 -0.093537
0.863910 -0.080847 0.867684 -0.093311
0.863890 -0.080648 0.867647 -0.093085
0.863871 -0.080449 0.867609 -0.092859
0.863852 -0.080251 0.867571 -0.092633
0.863833 -0.080052 0.867534 -0.092407
0.863813 -0.079853 0.867496 -0.092180
0.863794 -0.079654 0.867459 -0.091954
0.863775 -0.079455 0.867422 -0.091728
0.863756 -0.079256 0.867385 -0.091501
0.863737 -0.079057 0.867348 -0.091274
0.863718 -0.078858 0.867311 -0.091048
0.863700 -0.078658 0.867274 -0.090821
0.863681 -0.078459 0.867237 -0.090594
0.863662 -0.078260 0.867200 -0.090367
0.863643 -0.078061 0.867164 -0.090140
0.863625 -0.077861 0.867127 -0.089913
0.863606 -0.077662 0.867091 -0.089686
0.863587 -0.077462 0.867055 -0.089459
0.863569 -0.077263 0.867018 -0.089231
0.863550 -0.077063 0.866982 -0.089004
0.863532 -0.076863 0.866946 -0.088777
0.863514 -0.076664 0.866910 -0.088549
0.863495 -0.076464 0.866874 -0.088321
0.863477 -0.076264 0.866838 -0.088094
0.863459 -0.076064 0.866803 -0.087866
0.863441 -0.075865 0.866767 -0.087638
0.863423 -0.075665 0.866732 -0.087410
0.863405 -0.075465 0.866696 -0.087182
0.863387 -0.075265 0.866661 -0.086954
0.863369 -0.075065 0.866626 -0.086726
0.863351 -0.074865 0.866590 -0.086498
0.863333 -0.074664 0.866555 -0.086269
0.863315 -0.074464 0.866520 -0.086041
0.863297 -0.074264 0.866485 -0.085812
0.863279 -0.074064 0.866451 -0.085584
0.863262 -0.073863 0.866416 -0.085355
0.863244 -0.073663 0.866381 -0.085127
0.863227 -0.073463 0.866347 -0.084898
0.863209 -0.073262 0.866312 -0.084669
0.863192 -0.073062 0.866278 -0.084440
0.863174 -0.072861 0.866244 -0.084211
0.863157 -0.072660 0.866210 -0.083982
0.863139 -0.072460 0.866175 -0.083753
0.863122 -0.072259 0.866141 -0.083523
0.863105 -0.072058 0.866108 -0.083294
0.863088 -0.071858 0.866074 -0.083065
0.863070 -0.071657 0.866040 -0.082835
0.863053 -0.071456 0.866006 -0.082606
0.863036 -0.071255 0.865973 -0.082376
0.863019 -0.071054 0.865939 -0.082147
0.863002 -0.070853 0.865906 -0.081917
0.862986 -0.070652 0.865873 -0.081687
0.862969 -0.070451 0.865840 -0.081457
0.862952 -0.070250 0.865807 -0.081227
0.862935 -0.070048 0.865774 -0.080997
0.862918 -0.069847 0.865741 -0.080767
0.862902 -0.069646 0.865708 -0.080537
0.862885 -0.069445 0.865675 -0.080307
0.862869 -0.069243 0.865642 -0.080076
0.862852 -0.069042 0.865610 -0.079846
0.862836 -0.068840 0.865577 -0.079615
0.862819 -0.068639 0.865545 -0.079385
0.862803 -0.068437 0.865513 -0.079154
0.862787 -0.068236 0.865481 -0.078924
0.862770 -0.068034 0.865449 -0.078693
0.862754 -0.067833 0.865417 -0.078462
0.862738 -0.067631 0.865385 -0.078231
0.862722 -0.067429 0.865353 -0.078000
0.862706 -0.067227 0.865321 -0.077769
0.862690 -0.067026 0.865289 -0.077538
0.862674 -0.066824 0.865258 -0.077307
0.862658 -0.066622 0.865226 -0.077076
0.862642 -0.066420 0.865195 -0.076844
0.862626 -0.066218 0.865164 -0.076613
0.862610 -0.066016 0.865133 -0.076381
0.862595 -0.065814 0.865102 -0.076150
0.862579 -0.065612 0.865071 -0.075918
0.862563 -0.065410 0.865040 -0.075687
0.862548 -0.065207 0.865009 -0.075455
0.862532 -0.065005 0.864978 -0.075223
0.862517 -0.064803 0.864948 -0.074991
0.862501 -0.064601 0.864917 -0.074759
0.862486 -0.064398 0.864887 -0.074528
0.862470 -0.064196 0.864856 -0.074295
0.862455 -0.063993 0.864826 -0.074063
0.862440 -0.063791 0.864796 -0.073831
0.862425 -0.063588 0.864766 -0.073599
0.862409 -0.063386 0.864736 -0.073367
0.862394 -0.063183 0.864706 -0.073134
0.862379 -0.062981 0.864676 -0.072902
0.862364 -0.062778 0.864646 -0.072669
0.862349 -0.062575 0.864617 -0.072437
0.862334 -0.062372 0.864587 -0.072204
0.862320 -0.062170 0.864558 -0.071971
0.862305 -0.061967 0.864528 -0.071739
0.862290 -0.061764 0.864499 -0.071506
0.862275 -0.061561 0.864470 -0.071273
0.862261 -0.061358 0.864441 -0.071040
0.862246 -0.061155 0.864412 -0.070807
0.862231 -0.060952 0.864383 -0.070574
0.862217 -0.060749 0.864354 -0.070341
0.862202 -0.060546 0.864326 -0.070107
0.862188 -0.060343 0.864297 -0.069874
0.862174 -0.060140 0.864269 -0.069641
0.862159 -0.059936 0.864240 -0.069407
0.862145 -0.059733 0.864212 -0.069174
0.862131 -0.059530 0.864184 -0.068940
0.862117 -0.059327 0.864155 -0.068707
0.862102 -0.059123 0.864127 -0.068473
0.862088 -0.058920 0.864099 -0.068239
0.862074 -0.058716 0.864072 -0.068006
0.862060 -0.058513 0.864044 -0.067772
0.862046 -0.058309 0.864016 -0.067538
0.862032 -0.058106 0.863989 -0.067304
0.862019 -0.057902 0.863961 -0.067070
0.862005 -0.057699 0.863934 -0.066836
0.861991 -0.057495 0.863906 -0.066602
0.861977 -0.057291 0.863879 -0.066367
0.861964 -0.057088 0.863852 -0.066133
0.861950 -0.056884 0.863825 -0.065899
0.861936 -0.056680 0.863798 -0.065665
0.861923 -0.056476 0.863771 -0.065430
0.861910 -0.056272 0.863745 -0.065196
0.861896 -0.056069 0.863718 -0.064961
0.861883 -0.055865 0.863691 -0.064726
0.861869 -0.055661 0.863665 -0.064492
0.861856 -0.055457 0.863638 -0.064257
0.861843 -0.055253 0.863612 -0.064022
0.861830 -0.055049 0.863586 -0.063787
0.861817 -0.054844 0.863560 -0.063552
0.861803 -0.054640 0.863534 -0.063317
0.861790 -0.054436 0.863508 -0.063082
0.861777 -0.054232 0.863482 -0.062847
0.861765 -0.054028 0.863456 -0.062612
0.861752 -0.053823 0.863431 -0.062377
0.861739 -0.053619 0.863405 -0.062142
0.861726 -0.053415 0.863380 -0.061906
0.861713 -0.053210 0.863355 -0.061671
0.861701 -0.053006 0.863329 -0.061436
0.861688 -0.052801 0.863304 -0.061200
0.861675 -0.052597 0.863279 -0.060965
0.861663 -0.052392 0.863254 -0.060729
0.861650 -0.052188 0.863229 -0.060493
0.861638 -0.051983 0.863204 -0.060258
0.861625 -0.051779 0.863180 -0.060022
0.861613 -0.051574 0.863155 -0.059786
0.861601 -0.051369 0.863131 -0.059550
0.861588 -0.051165 0.863106 -0.059314
0.861576 -0.050960 0.863082 -0.059079
0.861564 -0.050755 0.863058 -0.058843
0.861552 -0.050550 0.863034 -0.058606
0.861540 -0.050346 0.863010 -0.058370
0.861528 -0.050141 0.862986 -0.058134
0.861516 -0.049936 0.862962 -0.057898
0.861504 -0.049731 0.862938 -0.057662
0.861492 -0.049526 0.862914 -0.057425
0.861480 -0.049321 0.862891 -0.057189
0.861468 -0.049116 0.862867 -0.056952
0.861457 -0.048911 0.862844 -0.056716
0.861445 -0.048706 0.862821 -0.056479
0.861433 -0.048501 0.862797 -0.056243
0.861422 -0.048295 0.862774 -0.056006
0.861410 -0.048090 0.862751 -0.055769
0.861399 -0.047885 0.862728 -0.055533
0.861387 -0.047680 0.862706 -0.055296
0.861376 -0.047475 0.862683 -0.055059
0.861364 -0.047269 0.862660 -0.054822
0.861353 -0.047064 0.862638 -0.054585
0.861342 -0.046859 0.862615 -0.054348
0.861330 -0.046653 0.862593 -0.054111
0.861319 -0.046448 0.862571 -0.053874
0.861308 -0.046242 0.862549 -0.053637
0.861297 -0.046037 0.862527 -0.053400
0.861286 -0.045831 0.862505 -0.053163
0.861275 -0.045626 0.862483 -0.052925
0.861264 -0.045420 0.862461 -0.052688
0.861253 -0.045215 0.862439 -0.052451
0.861242 -0.045009 0.862418 -0.052213
0.861232 -0.044803 0.862396 -0.051976
0.861221 -0.044598 0.862375 -0.051738
0.861210 -0.044392 0.862354 -0.051500
0.861200 -0.044186 0.862332 -0.051263
0.861189 -0.043981 0.862311 -0.051025
0.861178 -0.043775 0.862290 -0.050787
0.861168 -0.043569 0.862269 -0.050550
0.861157 -0.043363 0.862248 -0.050312
0.861147 -0.043157 0.862228 -0.050074
0.861137 -0.042951 0.862207 -0.049836
0.861126 -0.042745 0.862187 -0.049598
0.861116 -0.042539 0.862166 -0.049360
0.861106 -0.042333 0.862146 -0.049122
0.861096 -0.042127 0.862125 -0.048884
0.861085 -0.041921 0.862105 -0.048646
0.861075 -0.041715 0.862085 -0.048408
0.861065 -0.041509 0.862065 -0.048170
0.861055 -0.041303 0.862045 -0.047931
0.861045 -0.041097 0.862026 -0.047693
0.861036 -0.040891 0.862006 -0.047455
0.861026 -0.040685 0.861986 -0.047216
0.861016 -0.040478 0.861967 -0.046978
0.861006 -0.040272 0.861947 -0.046739
0.860996 -0.040066 0.861928 -0.046501
0.860987 -0.039860 0.861909 -0.046262
0.860977 -0.039653 0.861890 -0.046024
0.860968 -0.039447 0.861871 -0.045785
0.860958 -0.039241 0.861852 -0.045546
0.860949 -0.039034 0.861833 -0.045308
0.860939 -0.038828 0.861814 -0.045069
0.860930 -0.038621 0.861796 -0.044830
0.860920 -0.038415 0.861777 -0.044591
0.860911 -0.038208 0.861759 -0.044352
0.860902 -0.038002 0.861740 -0.044113
0.860893 -0.037795 0.861722 -0.043874
0.860884 -0.037589 0.861704 -0.043635
0.860875 -0.037382 0.861686 -0.043396
0.860866 -0.037176 0.861668 -0.043157
0.860857 -0.036969 0.861650 -0.042918
0.860848 -0.036762 0.861632 -0.042679
0.860839 -0.036556 0.861614 -0.042440
0.860830 -0.036349 0.861597 -0.042200
0.860821 -0.036142 0.861579 -0.041961
0.860812 -0.035935 0.861562 -0.041722
0.860804 -0.035729 0.861545 -0.041482
0.860795 -0.035522 0.861527 -0.041243
0.860786 -0.035315 0.861510 -0.041003
0.860778 -0.035108 0.861493 -0.040764
0.860769 -0.034901 0.861476 -0.040524
0.860761 -0.034694 0.861460 -0.040285
0.860752 -0.034487 0.861443 -0.040045
0.860744 -0.034280 0.861426 -0.039806
0.860736 -0.034074 0.861410 -0.039566
0.860727 -0.033867 0.861393 -0.039326
0.860719 -0.033660 0.861377 -0.039086
0.860711 -0.033453 0.861361 -0.038847
0.860703 -0.033245 0.861344 -0.038607
0.860695 -0.033038 0.861328 -0.038367
0.860687 -0.032831 0.861312 -0.038127
0.860679 -0.032624 0.861297 -0.037887
0.860671 -0.032417 0.861281 -0.037647
0.860663 -0.032210 0.861265 -0.037407
0.860655 -0.032003 0.861250 -0.037167
0.860647 -0.031796 0.861234 -0.036927
0.860639 -0.031588 0.861219 -0.036687
0.860631 -0.031381 0.861203 -0.036447
0.860624 -0.031174 0.861188 -0.036207
0.860616 -0.030967 0.861173 -0.035966
0.860609 -0.030759 0.861158 -0.035726
0.860601 -0.030552 0.861143 -0.035486
0.860594 -0.030345 0.861128 -0.035246
0.860586 -0.030137 0.861114 -0.035005
0.860579 -0.029930 0.861099 -0.034765
0.860571 -0.029723 0.861085 -0.034525
0.860564 -0.029515 0.861070 -0.034284
0.860557 -0.029308 0.861056 -0.034044
0.860550 -0.029100 0.861042 -0.033803
0.860542 -0.028893 0.861027 -0.033563
0.860535 -0.028685 0.861013 -0.033322
0.860528 -0.028478 0.860999 -0.033081
0.860521 -0.028270 0.860986 -0.032841
0.860514 -0.028063 0.860972 -0.032600
0.860507 -0.027855 0.860958 -0.032359
0.860501 -0.027648 0.860945 -0.032119
0.860494 -0.027440 0.860931 -0.031878
0.860487 -0.027232 0.860918 -0.031637
0.860480 -0.027025 0.860904 -0.031396
0.860473 -0.026817 0.860891 -0.031156
0.860467 -0.026610 0.860878 -0.030915
0.860460 -0.026402 0.860865 -0.030674
0.860454 -0.026194 0.860852 -0.030433
0.860447 -0.025986 0.860840 -0.030192
0.860441 -0.025779 0.860827 -0.029951
0.860434 -0.025571 0.860814 -0.029710
0.860428 -0.025363 0.860802 -0.029469
0.860422 -0.025155 0.860789 -0.029228
0.860415 -0.024948 0.860777 -0.028987
0.860409 -0.024740 0.860765 -0.028746
0.860403 -0.024532 0.860753 -0.028505
0.860397 -0.024324 0.860741 -0.028263
0.860391 -0.024116 0.860729 -0.028022
0.860385 -0.023908 0.860717 -0.027781
0.860379 -0.023701 0.860705 -0.027540
0.860373 -0.023493 0.860694 -0.027298
0.860367 -0.023285 0.860682 -0.027057
0.860361 -0.023077 0.860671 -0.026816
0.860355 -0.022869 0.860659 -0.026574
0.860350 -0.022661 0.860648 -0.026333
0.860344 -0.022453 0.860637 -0.026092
0.860338 -0.022245 0.860626 -0.025850
0.860333 -0.022037 0.860615 -0.025609
0.860327 -0.021829 0.860604 -0.025367
0.860321 -0.021621 0.860593 -0.025126
0.860316 -0.021413 0.860582 -0.024884
0.860311 -0.021205 0.860572 -0.024643
0.860305 -0.020997 0.860561 -0.024401
0.860300 -0.020788 0.860551 -0.024160
0.860295 -0.020580 0.860541 -0.023918
0.860289 -0.020372 0.860531 -0.023676
0.860284 -0.020164 0.860520 -0.023435
0.860279 -0.019956 0.860510 -0.023193
0.860274 -0.019748 0.860501 -0.022951
0.860269 -0.019540 0.860491 -0.022709
0.860264 -0.019331 0.860481 -0.022468
0.860259 -0.019123 0.860471 -0.022226
0.860254 -0.018915 0.860462 -0.021984
0.860249 -0.018707 0.860453 -0.021742
0.860244 -0.018499 0.860443 -0.021501
0.860240 -0.018290 0.860434 -0.021259
0.860235 -0.018082 0.860425 -0.021017
0.860230 -0.017874 0.860416 -0.020775
0.860226 -0.017665 0.860407 -0.020533
0.860221 -0.017457 0.860398 -0.020291
0.860216 -0.017249 0.860389 -0.020049
0.860212 -0.017041 0.860381 -0.019807
0.860208 -0.016832 0.860372 -0.019565
0.860203 -0.016624 0.860364 -0.019323
0.860199 -0.016415 0.860355 -0.019081
0.860195 -0.016207 0.860347 -0.018839
0.860190 -0.015999 0.860339 -0.018597
0.860186 -0.015790 0.860331 -0.018355
0.860182 -0.015582 0.860323 -0.018113
0.860178 -0.015374 0.860315 -0.017871
0.860174 -0.015165 0.860307 -0.017628
0.860170 -0.014957 0.860300 -0.017386
0.860166 -0.014748 0.860292 -0.017144
0.860162 -0.014540 0.860285 -0.016902
0.860158 -0.014331 0.860277 -0.016660
0.860154 -0.014123 0.860270 -0.016417
0.860150 -0.013914 0.860263 -0.016175
0.860147 -0.013706 0.860256 -0.015933
0.860143 -0.013497 0.860249 -0.015691
0.860139 -0.013289 0.860242 -0.015448
0.860136 -0.013080 0.860235 -0.015206
0.860132 -0.012872 0.860228 -0.014964
0.860129 -0.012663 0.860222 -0.014721
0.860125 -0.012455 0.860215 -0.014479
0.860122 -0.012246 0.860209 -0.014237
0.860118 -0.012038 0.860203 -0.013994
0.860115 -0.011829 0.860196 -0.013752
0.860112 -0.011620 0.860190 -0.013510
0.860109 -0.011412 0.860184 -0.013267
0.860105 -0.011203 0.860178 -0.013025
0.860102 -0.010995 0.860172 -0.012782
0.860099 -0.010786 0.860167 -0.012540
0.860096 -0.010577 0.860161 -0.012297
0.860093 -0.010369 0.860156 -0.012055
0.860090 -0.010160 0.860150 -0.011812
0.860087 -0.009952 0.860145 -0.011570
0.860084 -0.009743 0.860140 -0.011327
0.860082 -0.009534 0.860134 -0.011085
0.860079 -0.009326 0.860129 -0.010842
0.860076 -0.009117 0.860124 -0.010600
0.860073 -0.008908 0.860120 -0.010357
0.860071 -0.008700 0.860115 -0.010115
0.860068 -0.008491 0.860110 -0.009872
0.860066 -0.008282 0.860106 -0.009629
0.860063 -0.008073 0.860101 -0.009387
0.860061 -0.007865 0.860097 -0.009144
0.860058 -0.007656 0.860093 -0.008902
0.860056 -0.007447 0.860088 -0.008659
0.860054 -0.007239 0.860084 -0.008416
0.860052 -0.007030 0.860080 -0.008174
0.860049 -0.006821 0.860076 -0.007931
0.860047 -0.006612 0.860073 -0.007688
0.860045 -0.006404 0.860069 -0.007446
0.860043 -0.006195 0.860065 -0.007203
0.860041 -0.005986 0.860062 -0.006960
0.860039 -0.005777 0.860058 -0.006718
0.860037 -0.005569 0.860055 -0.006475
0.860035 -0.005360 0.860052 -0.006232
0.860033 -0.005151 0.860049 -0.005989
0.860032 -0.004942 0.860046 -0.005747
0.860030 -0.004734 0.860043 -0.005504
0.860028 -0.004525 0.860040 -0.005261
0.860027 -0.004316 0.860037 -0.005018
0.860025 -0.004107 0.860035 -0.004776
0.860023 -0.003898 0.860032 -0.004533
0.860022 -0.003690 0.860030 -0.004290
0.860021 -0.003481 0.860028 -0.004047
0.860019 -0.003272 0.860025 -0.003805
0.860018 -0.003063 0.860023 -0.003562
0.860016 -0.002854 0.860021 -0.003319
0.860015 -0.002646 0.860019 -0.003076
0.860014 -0.002437 0.860017 -0.002833
0.860013 -0.002228 0.860016 -0.002591
0.860012 -0.002019 0.860014 -0.002348
0.860011 -0.001810 0.860013 -0.002105
0.860010 -0.001602 0.860011 -0.001862
0.860009 -0.001393 0.860010 -0.001619
0.860008 -0.001184 0.860008 -0.001377
0.860007 -0.000975 0.860007 -0.001134
0.860006 -0.000766 0.860006 -0.000891
0.860005 -0.000557 0.860005 -0.000648
0.860004 -0.000349 0.860004 -0.000405
0.860004 -0.000140 0.860004 -0.000162
0.860003 0.000069 0.860003 0.000080
0.860002 0.000278 0.860002 0.000323
0.860002 0.000487 0.860002 0.000566
0.860001 0.000696 0.860002 0.000809
0.860001 0.000904 0.860001 0.001052
0.860000 0.001113 0.860001 0.001295
0.860000 0.001322 0.860001 0.001537
0.860000 0.001531 0.860001 0.001780
0.859999 0.001740 0.860001 0.002023
0.859999 0.001949 0.860001 0.002266
0.859999 0.002157 0.860002 0.002509
0.859999 0.002366 0.860002 0.002752
0.859999 0.002575 0.860003 0.002994
0.859999 0.002784 0.860003 0.003237
0.859999 0.002993 0.860004 0.003480
0.859999 0.003202 0.860005 0.003723
0.859999 0.003410 0.860006 0.003966
0.859999 0.003619 0.860007 0.004208
0.859999 0.003828 0.860008 0.004451
0.859999 0.004037 0.860009 0.004694
0.860000 0.004246 0.860010 0.004937
0.860000 0.004455 0.860011 0.005180
0.860000 0.004663 0.860013 0.005423
0.860001 0.004872 0.860015 0.005665
0.860001 0.005081 0.860016 0.005908
0.860002 0.005290 0.860018 0.006151
0.860002 0.005499 0.860020 0.006394
0.860003 0.005708 0.860022 0.006637
0.860003 0.005916 0.860024 0.006879
0.860004 0.006125 0.860026 0.007122
0.860005 0.006334 0.860028 0.007365
0.860006 0.006543 0.860031 0.007608
0.860007 0.006752 0.860033 0.007850
0.860007 0.006960 0.860036 0.008093
