# x [au] y [au] r [au] lon [rad]
0.940000 0.000000 0.940000 0.000000
0.940000 0.000088 0.940000 0.000094
0.940000 0.000177 0.940000 0.000188
0.940000 0.000265 0.940000 0.000282
0.940000 0.000353 0.940000 0.000376
0.940000 0.000441 0.940000 0.000469
0.940001 0.000530 0.940001 0.000563
0.940001 0.000618 0.940001 0.000657
0.940001 0.000706 0.940001 0.000751
0.940001 0.000794 0.940001 0.000845
0.940001 0.000883 0.940002 0.000939
0.940002 0.000971 0.940002 0.001033
0.940002 0.001059 0.940003 0.001127
0.940002 0.001147 0.940003 0.001221
0.940003 0.001236 0.940004 0.001315
0.940003 0.001324 0.940004 0.001408
0.940004 0.001412 0.940005 0.001502
0.940004 0.001500 0.940005 0.001596
0.940005 0.001589 0.940006 0.001690
0.940005 0.001677 0.940007 0.001784
0.940006 0.001765 0.940007 0.001878
0.940006 0.001853 0.940008 0.001972
0.940007 0.001942 0.940009 0.002066
0.940008 0.002030 0.940010 0.002159
0.940008 0.002118 0.940011 0.002253
0.940009 0.002206 0.940011 0.002347
0.940010 0.002295 0.940012 0.002441
0.940010 0.002383 0.940013 0.002535
0.940011 0.002471 0.940014 0.002629
0.940012 0.002559 0.940015 0.002723
0.940013 0.002648 0.940017 0.002817
0.940014 0.002736 0.940018 0.002910
0.940015 0.002824 0.940019 0.003004
0.940015 0.002912 0.940020 0.003098
0.940016 0.003001 0.940021 0.003192
0.940017 0.003089 0.940023 0.003286
0.940018 0.003177 0.940024 0.003380
0.940019 0.003265 0.940025 0.003474
0.940021 0.003354 0.940027 0.003567
0.940022 0.003442 0.940028 0.003661
0.940023 0.003530 0.940029 0.003755
0.940024 0.003618 0.940031 0.003849
0.940025 0.003706 0.940032 0.003943
0.940026 0.003795 0.940034 0.004037
0.940028 0.003883 0.940036 0.004131
0.940029 0.003971 0.940037 0.004224
0.940030 0.004059 0.940039 0.004318
0.940031 0.004147 0.940041 0.004412
0.940033 0.004236 0.940042 0.004506
0.940034 0.004324 0.940044 0.004600
0.940036 0.004412 0.940046 0.004693
0.940037 0.004500 0.940048 0.004787
0.940038 0.004588 0.940050 0.004881
0.940040 0.004677 0.940052 0.004975
0.940041 0.004765 0.940054 0.005069
0.940043 0.004853 0.940056 0.005163
0.940045 0.004941 0.940058 0.005256
0.940046 0.005029 0.940060 0.005350
0.940048 0.005118 0.940062 0.005444
0.940050 0.005206 0.940064 0.005538
0.940051 0.005294 0.940066 0.005631
0.940053 0.005382 0.940068 0.005725
0.940055 0.005470 0.940071 0.005819
0.940056 0.005558 0.940073 0.005913
0.940058 0.005647 0.940075 0.006007
0.940060 0.005735 0.940078 0.006100
0.940062 0.005823 0.940080 0.006194
0.940064 0.005911 0.940082 0.006288
0.940066 0.005999 0.940085 0.006382
0.940068 0.006087 0.940087 0.006475
0.940070 0.006175 0.940090 0.006569
0.940072 0.006264 0.940093 0.006663
0.940074 0.006352 0.940095 0.006757
0.940076 0.006440 0.940098 0.006850
0.940078 0.006528 0.940101 0.006944
0.940080 0.006616 0.940103 0.007038
0.940082 0.006704 0.940106 0.007131
0.940084 0.006792 0.940109 0.007225
0.940087 0.006880 0.940112 0.007319
0.940089 0.006969 0.940115 0.007413
0.940091 0.007057 0.940118 0.007506
0.940093 0.007145 0.940120 0.007600
0.940096 0.007233 0.940123 0.007694
0.940098 0.007321 0.940126 0.007787
0.940100 0.007409 0.940130 0.007881
0.940103 0.007497 0.940133 0.007975
0.940105 0.007585 0.940136 0.008068
0.940108 0.007673 0.940139 0.008162
0.940110 0.007761 0.940142 0.008256
0.940113 0.007849 0.940145 0.008349
0.940115 0.007937 0.940149 0.008443
0.940118 0.008026 0.940152 0.008537
0.940120 0.008114 0.940155 0.008630
0.940123 0.008202 0.940159 0.008724
0.940126 0.008290 0.940162 0.008817
0.940128 0.008378 0.940166 0.008911
0.940131 0.008466 0.940169 0.009005
0.940134 0.008554 0.940173 0.009098
0.940137 0.008642 0.940176 0.009192
0.940139 0.008730 0.940180 0.009285
0.940142 0.008818 0.940184 0.009379
0.940145 0.008906 0.940187 0.009473
0.940148 0.008994 0.940191 0.009566
0.940151 0.009082 0.940195 0.009660
0.940154 0.009170 0.940199 0.009753
0.940157 0.009258 0.940202 0.009847
0.940160 0.009346 0.940206 0.009940
0.940163 0.009434 0.940210 0.010034
0.940166 0.009522 0.940214 0.010127
0.940169 0.009610 0.940218 0.010221
0.940172 0.009698 0.940222 0.010314
0.940175 0.009786 0.940226 0.010408
0.940178 0.009874 0.940230 0.010501
0.940182 0.009962 0.940234 0.010595
0.940185 0.010049 0.940239 0.010688
0.940188 0.010137 0.940243 0.010782
0.940191 0.010225 0.940247 0.010875
0.940195 0.010313 0.940251 0.010969
0.940198 0.010401 0.940256 0.011062
0.940201 0.010489 0.940260 0.011156
0.940205 0.010577 0.940264 0.011249
0.940208 0.010665 0.940269 0.011343
0.940212 0.010753 0.940273 0.011436
0.940215 0.010841 0.940278 0.011529
0.940219 0.010928 0.940282 0.011623
0.940222 0.011016 0.940287 0.011716
0.940226 0.011104 0.940291 0.011810
0.940229 0.011192 0.940296 0.011903
0.940233 0.011280 0.940301 0.011996
0.940237 0.011368 0.940305 0.012090
0.940240 0.011456 0.940310 0.012183
0.940244 0.011543 0.940315 0.012276
0.940248 0.011631 0.940320 0.012370
0.940252 0.011719 0.940325 0.012463
0.940255 0.011807 0.940329 0.012556
0.940259 0.011895 0.940334 0.012650
0.940263 0.011982 0.940339 0.012743
0.940267 0.012070 0.940344 0.012836
0.940271 0.012158 0.940349 0.012930
0.940275 0.012246 0.940354 0.013023
0.940279 0.012334 0.940360 0.013116
0.940283 0.012421 0.940365 0.013209
0.940287 0.012509 0.940370 0.013303
0.940291 0.012597 0.940375 0.013396
0.940295 0.012685 0.940380 0.013489
0.940299 0.012772 0.940386 0.013582
0.940303 0.012860 0.940391 0.013676
0.940307 0.012948 0.940396 0.013769
0.940311 0.013036 0.940402 0.013862
0.940316 0.013123 0.940407 0.013955
0.940320 0.013211 0.940413 0.014048
0.940324 0.013299 0.940418 0.014142
0.940328 0.013386 0.940424 0.014235
0.940333 0.013474 0.940429 0.014328
0.940337 0.013562 0.940435 0.014421
0.940342 0.013649 0.940441 0.014514
0.940346 0.013737 0.940446 0.014607
0.940350 0.013825 0.940452 0.014700
0.940355 0.013912 0.940458 0.014794
0.940359 0.014000 0.940464 0.014887
0.940364 0.014087 0.940469 0.014980
0.940368 0.014175 0.940475 0.015073
0.940373 0.014263 0.940481 0.015166
0.940378 0.014350 0.940487 0.015259
0.940382 0.014438 0.940493 0.015352
0.940387 0.014525 0.940499 0.015445
0.940392 0.014613 0.940505 0.015538
0.940396 0.014701 0.940511 0.015631
0.940401 0.014788 0.940517 0.015724
0.940406 0.014876 0.940524 0.015817
0.940411 0.014963 0.940530 0.015910
0.940416 0.015051 0.940536 0.016003
0.940420 0.015138 0.940542 0.016096
0.940425 0.015226 0.940549 0.016189
0.940430 0.015313 0.940555 0.016282
0.940435 0.015401 0.940561 0.016375
0.940440 0.015488 0.940568 0.016468
0.940445 0.015576 0.940574 0.016561
0.940450 0.015663 0.940581 0.016653
0.940455 0.015751 0.940587 0.016746
0.940460 0.015838 0.940594 0.016839
0.940466 0.015926 0.940600 0.016932
0.940471 0.016013 0.940607 0.017025
0.940476 0.016100 0.940614 0.017118
0.940481 0.016188 0.940620 0.017211
0.940486 0.016275 0.940627 0.017303
0.940492 0.016363 0.940634 0.017396
0.940497 0.016450 0.940641 0.017489
0.940502 0.016537 0.940648 0.017582
0.940508 0.016625 0.940655 0.017674
0.940513 0.016712 0.940661 0.017767
0.940518 0.016799 0.940668 0.017860
0.940524 0.016887 0.940675 0.017953
0.940529 0.016974 0.940682 0.018045
0.940535 0.017061 0.940690 0.018138
0.940540 0.017149 0.940697 0.018231
0.940546 0.017236 0.940704 0.018323
0.940551 0.017323 0.940711 0.018416
0.940557 0.017411 0.940718 0.018509
0.940563 0.017498 0.940725 0.018601
0.940568 0.017585 0.940733 0.018694
0.940574 0.017672 0.940740 0.018787
0.940580 0.017760 0.940747 0.018879
0.940586 0.017847 0.940755 0.018972
0.940591 0.017934 0.940762 0.019064
0.940597 0.018021 0.940770 0.019157
0.940603 0.018108 0.940777 0.019250
0.940609 0.018196 0.940785 0.019342
0.940615 0.018283 0.940792 0.019435
0.940621 0.018370 0.940800 0.019527
0.940627 0.018457 0.940808 0.019620
0.940633 0.018544 0.940815 0.019712
0.940639 0.018631 0.940823 0.019805
0.940645 0.018719 0.940831 0.019897
0.940651 0.018806 0.940839 0.019989
0.940657 0.018893 0.940846 0.020082
0.940663 0.018980 0.940854 0.020174
0.940669 0.019067 0.940862 0.020267
0.940675 0.019154 0.940870 0.020359
0.940681 0.019241 0.940878 0.020451
0.940688 0.019328 0.940886 0.020544
0.940694 0.019415 0.940894 0.020636
0.940700 0.019502 0.940902 0.020729
0.940706 0.019589 0.940910 0.020821
0.940713 0.019676 0.940919 0.020913
0.940719 0.019763 0.940927 0.021005
0.940726 0.019850 0.940935 0.021098
0.940732 0.019937 0.940943 0.021190
0.940738 0.020024 0.940951 0.021282
0.940745 0.020111 0.940960 0.021374
0.940751 0.020198 0.940968 0.021467
0.940758 0.020285 0.940977 0.021559
0.940764 0.020372 0.940985 0.021651
0.940771 0.020459 0.940994 0.021743
0.940778 0.020546 0.941002 0.021835
0.940784 0.020632 0.941011 0.021928
0.940791 0.020719 0.941019 0.022020
0.940798 0.020806 0.941028 0.022112
0.940804 0.020893 0.941036 0.022204
0.940811 0.020980 0.941045 0.022296
0.940818 0.021067 0.941054 0.022388
0.940825 0.021153 0.941063 0.022480
0.940832 0.021240 0.941071 0.022572
0.940839 0.021327 0.941080 0.022664
0.940845 0.021414 0.941089 0.022756
0.940852 0.021501 0.941098 0.022848
0.940859 0.021587 0.941107 0.022940
0.940866 0.021674 0.941116 0.023032
0.940873 0.021761 0.941125 0.023124
0.940880 0.021847 0.941134 0.023216
0.940888 0.021934 0.941143 0.023308
0.940895 0.022021 0.941152 0.023400
0.940902 0.022107 0.941161 0.023492
0.940909 0.022194 0.941171 0.023584
0.940916 0.022281 0.941180 0.023675
0.940923 0.022367 0.941189 0.023767
0.940931 0.022454 0.941198 0.023859
0.940938 0.022541 0.941208 0.023951
0.940945 0.022627 0.941217 0.024043
0.940952 0.022714 0.941227 0.024134
0.940960 0.022800 0.941236 0.024226
0.940967 0.022887 0.941245 0.024318
0.940975 0.022973 0.941255 0.024410
0.940982 0.023060 0.941265 0.024501
0.940989 0.023146 0.941274 0.024593
0.940997 0.023233 0.941284 0.024685
0.941005 0.023319 0.941293 0.024776
0.941012 0.023406 0.941303 0.024868
0.941020 0.023492 0.941313 0.024960
0.941027 0.023579 0.941323 0.025051
0.941035 0.023665 0.941332 0.025143
0.941043 0.023752 0.941342 0.025234
0.941050 0.023838 0.941352 0.025326
0.941058 0.023924 0.941362 0.025417
0.941066 0.024011 0.941372 0.025509
0.941073 0.024097 0.941382 0.025601
0.941081 0.024184 0.941392 0.025692
0.941089 0.024270 0.941402 0.025783
0.941097 0.024356 0.941412 0.025875
0.941105 0.024443 0.941422 0.025966
0.941113 0.024529 0.941432 0.026058
0.941121 0.024615 0.941443 0.026149
0.941129 0.024701 0.941453 0.026241
0.941137 0.024788 0.941463 0.026332
0.941145 0.024874 0.941473 0.026423
0.941153 0.024960 0.941484 0.026515
0.941161 0.025046 0.941494 0.026606
0.941169 0.025133 0.941504 0.026697
0.941177 0.025219 0.941515 0.026788
0.941185 0.025305 0.941525 0.026880
0.941194 0.025391 0.941536 0.026971
0.941202 0.025477 0.941546 0.027062
0.941210 0.025563 0.941557 0.027153
0.941218 0.025649 0.941568 0.027245
0.941227 0.025735 0.941578 0.027336
0.941235 0.025822 0.941589 0.027427
0.941243 0.025908 0.941600 0.027518
0.941252 0.025994 0.941611 0.027609
0.941260 0.026080 0.941621 0.027700
0.941269 0.026166 0.941632 0.027791
0.941277 0.026252 0.941643 0.027882
0.941286 0.026338 0.941654 0.027973
0.941294 0.026424 0.941665 0.028064
0.941303 0.026510 0.941676 0.028155
0.941311 0.026596 0.941687 0.028246
0.941320 0.026682 0.941698 0.028337
0.941328 0.026767 0.941709 0.028428
0.941337 0.026853 0.941720 0.028519
0.941346 0.026939 0.941731 0.028610
0.941355 0.027025 0.941742 0.028701
0.941363 0.027111 0.941754 0.028792
0.941372 0.027197 0.941765 0.028883
0.941381 0.027283 0.941776 0.028973
0.941390 0.027368 0.941788 0.029064
0.941399 0.027454 0.941799 0.029155
0.941408 0.027540 0.941810 0.029246
0.941416 0.027626 0.941822 0.029336
0.941425 0.027712 0.941833 0.029427
0.941434 0.027797 0.941845 0.029518
0.941443 0.027883 0.941856 0.029609
0.941452 0.027969 0.941868 0.029699
0.941462 0.028054 0.941879 0.029790
0.941471 0.028140 0.941891 0.029881
0.941480 0.028226 0.941903 0.029971
0.941489 0.028311 0.941914 0.030062
0.941498 0.028397 0.941926 0.030152
0.941507 0.028482 0.941938 0.030243
0.941517 0.028568 0.941950 0.030333
0.941526 0.028654 0.941962 0.030424
0.941535 0.028739 0.941974 0.030514
0.941544 0.028825 0.941986 0.030605
0.941554 0.028910 0.941997 0.030695
0.941563 0.028996 0.942009 0.030786
0.941573 0.029081 0.942021 0.030876
0.941582 0.029167 0.942034 0.030966
0.941591 0.029252 0.942046 0.031057
0.941601 0.029338 0.942058 0.031147
0.941610 0.029423 0.942070 0.031237
0.941620 0.029508 0.942082 0.031328
0.941629 0.029594 0.942094 0.031418
0.941639 0.029679 0.942107 0.031508
0.941649 0.029765 0.942119 0.031598
0.941658 0.029850 0.942131 0.031689
0.941668 0.029935 0.942144 0.031779
0.941678 0.030020 0.942156 0.031869
0.941687 0.030106 0.942169 0.031959
0.941697 0.030191 0.942181 0.032049
0.941707 0.030276 0.942194 0.032139
0.941717 0.030361 0.942206 0.032229
0.941727 0.030447 0.942219 0.032319
0.941737 0.030532 0.942231 0.032410
0.941747 0.030617 0.942244 0.032500
0.941756 0.030702 0.942257 0.032590
0.941766 0.030787 0.942269 0.032679
0.941776 0.030873 0.942282 0.032769
0.941786 0.030958 0.942295 0.032859
0.941796 0.031043 0.942308 0.032949
0.941807 0.031128 0.942321 0.033039
0.941817 0.031213 0.942334 0.033129
0.941827 0.031298 0.942347 0.033219
0.941837 0.031383 0.942360 0.033309
0.941847 0.031468 0.942373 0.033398
0.941857 0.031553 0.942386 0.033488
0.941868 0.031638 0.942399 0.033578
0.941878 0.031723 0.942412 0.033668
0.941888 0.031808 0.942425 0.033757
0.941898 0.031893 0.942438 0.033847
0.941909 0.031978 0.942451 0.033937
0.941919 0.032062 0.942465 0.034026
0.941930 0.032147 0.942478 0.034116
0.941940 0.032232 0.942491 0.034206
0.941950 0.032317 0.942505 0.034295
0.941961 0.032402 0.942518 0.034385
0.941971 0.032487 0.942531 0.034474
0.941982 0.032571 0.942545 0.034564
0.941993 0.032656 0.942558 0.034653
0.942003 0.032741 0.942572 0.034743
0.942014 0.032825 0.942586 0.034832
0.942024 0.032910 0.942599 0.034921
0.942035 0.032995 0.942613 0.035011
0.942046 0.033079 0.942626 0.035100
0.942057 0.033164 0.942640 0.035189
0.942067 0.033249 0.942654 0.035279
0.942078 0.033333 0.942668 0.035368
0.942089 0.033418 0.942681 0.035457
0.942100 0.033502 0.942695 0.035547
0.942111 0.033587 0.942709 0.035636
0.942122 0.033672 0.942723 0.035725
0.942133 0.033756 0.942737 0.035814
0.942143 0.033841 0.942751 0.035903
0.942154 0.033925 0.942765 0.035992
0.942165 0.034009 0.942779 0.036081
0.942177 0.034094 0.942793 0.036170
0.942188 0.034178 0.942807 0.036260
0.942199 0.034263 0.942821 0.036349
0.942210 0.034347 0.942836 0.036438
0.942221 0.034431 0.942850 0.036527
0.942232 0.034516 0.942864 0.036615
0.942243 0.034600 0.942878 0.036704
0.942255 0.034684 0.942893 0.036793
0.942266 0.034769 0.942907 0.036882
0.942277 0.034853 0.942921 0.036971
0.942288 0.034937 0.942936 0.037060
0.942300 0.035021 0.942950 0.037149
0.942311 0.035105 0.942965 0.037237
0.942323 0.035190 0.942979 0.037326
0.942334 0.035274 0.942994 0.037415
0.942345 0.035358 0.943009 0.037504
0.942357 0.035442 0.943023 0.037592
0.942368 0.035526 0.943038 0.037681
0.942380 0.035610 0.943053 0.037769
0.942392 0.035694 0.943067 0.037858
0.942403 0.035778 0.943082 0.037947
0.942415 0.035862 0.943097 0.038035
0.942426 0.035946 0.943112 0.038124
0.942438 0.036030 0.943127 0.038212
0.942450 0.036114 0.943142 0.038301
0.942462 0.036198 0.943157 0.038389
0.942473 0.036282 0.943171 0.038478
0.942485 0.036366 0.943186 0.038566
0.942497 0.036450 0.943202 0.038654
0.942509 0.036534 0.943217 0.038743
0.942521 0.036617 0.943232 0.038831
0.942533 0.036701 0.943247 0.038919
0.942545 0.036785 0.943262 0.039007
0.942556 0.036869 0.943277 0.039096
0.942568 0.036952 0.943293 0.039184
0.942580 0.037036 0.943308 0.039272
0.942593 0.037120 0.943323 0.039360
0.942605 0.037204 0.943339 0.039448
0.942617 0.037287 0.943354 0.039536
0.942629 0.037371 0.943369 0.039625
0.942641 0.037454 0.943385 0.039713
0.942653 0.037538 0.943400 0.039801
0.942665 0.037622 0.943416 0.039889
0.942678 0.037705 0.943431 0.039977
0.942690 0.037789 0.943447 0.040065
0.942702 0.037872 0.943463 0.040152
0.942714 0.037956 0.943478 0.040240
0.942727 0.038039 0.943494 0.040328
0.942739 0.038123 0.943510 0.040416
0.942752 0.038206 0.943525 0.040504
0.942764 0.038289 0.943541 0.040592
0.942776 0.038373 0.943557 0.040679
0.942789 0.038456 0.943573 0.040767
0.942801 0.038539 0.943589 0.040855
0.942814 0.038623 0.943605 0.040942
0.942827 0.038706 0.943621 0.041030
0.942839 0.038789 0.943637 0.041118
0.942852 0.038873 0.943653 0.041205
0.942864 0.038956 0.943669 0.041293
0.942877 0.039039 0.943685 0.041380
0.942890 0.039122 0.943701 0.041468
0.942903 0.039205 0.943717 0.041555
0.942915 0.039288 0.943733 0.041643
0.942928 0.039371 0.943750 0.041730
0.942941 0.039455 0.943766 0.041818
0.942954 0.039538 0.943782 0.041905
0.942967 0.039621 0.943799 0.041992
0.942979 0.039704 0.943815 0.042080
0.942992 0.039787 0.943831 0.042167
0.943005 0.039870 0.943848 0.042254
0.943018 0.039953 0.943864 0.042341
0.943031 0.040036 0.943881 0.042429
0.943044 0.040118 0.943897 0.042516
0.943057 0.040201 0.943914 0.042603
0.943070 0.040284 0.943930 0.042690
0.943084 0.040367 0.943947 0.042777
0.943097 0.040450 0.943964 0.042864
0.943110 0.040533 0.943981 0.042951
0.943123 0.040615 0.943997 0.043038
0.943136 0.040698 0.944014 0.043125
0.943150 0.040781 0.944031 0.043212
0.943163 0.040864 0.944048 0.043299
0.943176 0.040946 0.944065 0.043386
0.943189 0.041029 0.944081 0.043473
0.943203 0.041112 0.944098 0.043560
0.943216 0.041194 0.944115 0.043646
0.943230 0.041277 0.944132 0.043733
0.943243 0.041359 0.944149 0.043820
0.943257 0.041442 0.944167 0.043907
0.943270 0.041524 0.944184 0.043993
0.943284 0.041607 0.944201 0.044080
0.943297 0.041689 0.944218 0.044167
0.943311 0.041772 0.944235 0.044253
0.943324 0.041854 0.944252 0.044340
0.943338 0.041937 0.944270 0.044426
0.943352 0.042019 0.944287 0.044513
0.943365 0.042101 0.944304 0.044599
0.943379 0.042184 0.944322 0.044686
0.943393 0.042266 0.944339 0.044772
0.943407 0.042348 0.944357 0.044858
0.943420 0.042430 0.944374 0.044945
0.943434 0.042513 0.944392 0.045031
0.943448 0.042595 0.944409 0.045117
0.943462 0.042677 0.944427 0.045204
0.943476 0.042759 0.944444 0.045290
0.943490 0.042841 0.944462 0.045376
0.943504 0.042923 0.944480 0.045462
0.943518 0.043006 0.944497 0.045548
0.943532 0.043088 0.944515 0.045635
0.943546 0.043170 0.944533 0.045721
0.943560 0.043252 0.944551 0.045807
0.943574 0.043334 0.944568 0.045893
0.943588 0.043416 0.944586 0.045979
0.943602 0.043497 0.944604 0.046065
0.943616 0.043579 0.944622 0.046151
0.943631 0.043661 0.944640 0.046236
0.943645 0.043743 0.944658 0.046322
0.943659 0.043825 0.944676 0.046408
0.943673 0.043907 0.944694 0.046494
0.943688 0.043989 0.944712 0.046580
0.943702 0.044070 0.944731 0.046666
0.943716 0.044152 0.944749 0.046751
0.943731 0.044234 0.944767 0.046837
0.943745 0.044315 0.944785 0.046923
0.943760 0.044397 0.944803 0.047008
0.943774 0.044479 0.944822 0.047094
0.943789 0.044560 0.944840 0.047179
0.943803 0.044642 0.944858 0.047265
0.943818 0.044724 0.944877 0.047350
0.943832 0.044805 0.944895 0.047436
0.943847 0.044887 0.944914 0.047521
0.943862 0.044968 0.944932 0.047607
0.943876 0.045050 0.944951 0.047692
0.943891 0.045131 0.944969 0.047777
0.943906 0.045212 0.944988 0.047863
0.943921 0.045294 0.945007 0.047948
0.943935 0.045375 0.945025 0.048033
0.943950 0.045456 0.945044 0.048118
0.943965 0.045538 0.945063 0.048204
0.943980 0.045619 0.945081 0.048289
0.943995 0.045700 0.945100 0.048374
0.944010 0.045781 0.945119 0.048459
0.944025 0.045863 0.945138 0.048544
0.944040 0.045944 0.945157 0.048629
0.944055 0.046025 0.945176 0.048714
0.944070 0.046106 0.945195 0.048799
0.944085 0.046187 0.945214 0.048884
0.944100 0.046268 0.945233 0.048969
0.944115 0.046349 0.945252 0.049054
0.944130 0.046430 0.945271 0.049138
0.944145 0.046511 0.945290 0.049223
0.944160 0.046592 0.945309 0.049308
0.944175 0.046673 0.945328 0.049393
0.944191 0.046754 0.945348 0.049477
0.944206 0.046835 0.945367 0.049562
0.944221 0.046916 0.945386 0.049647
0.944237 0.046997 0.945405 0.049731
0.944252 0.047078 0.945425 0.049816
0.944267 0.047158 0.945444 0.049900
0.944283 0.047239 0.945464 0.049985
0.944298 0.047320 0.945483 0.050069
0.944314 0.047401 0.945503 0.050154
0.944329 0.047481 0.945522 0.050238
0.944345 0.047562 0.945542 0.050322
0.944360 0.047642 0.945561 0.050407
0.944376 0.047723 0.945581 0.050491
0.944391 0.047804 0.945600 0.050575
0.944407 0.047884 0.945620 0.050659
0.944423 0.047965 0.945640 0.050744
0.944438 0.048045 0.945660 0.050828
0.944454 0.048126 0.945679 0.050912
0.944470 0.048206 0.945699 0.050996
0.944485 0.048286 0.945719 0.051080
0.944501 0.048367 0.945739 0.051164
0.944517 0.048447 0.945759 0.051248
0.944533 0.048527 0.945779 0.051332
0.944549 0.048608 0.945799 0.051416
0.944565 0.048688 0.945819 0.051500
0.944581 0.048768 0.945839 0.051584
0.944597 0.048848 0.945859 0.051668
0.944612 0.048929 0.945879 0.051751
0.944628 0.049009 0.945899 0.051835
0.944645 0.049089 0.945919 0.051919
0.944661 0.049169 0.945939 0.052002
0.944677 0.049249 0.945960 0.052086
0.944693 0.049329 0.945980 0.052170
0.944709 0.049409 0.946000 0.052253
0.944725 0.049489 0.946020 0.052337
0.944741 0.049569 0.946041 0.052420
0.944757 0.049649 0.946061 0.052504
0.944774 0.049729 0.946082 0.052587
0.944790 0.049809 0.946102 0.052671
0.944806 0.049889 0.946122 0.052754
0.944823 0.049968 0.946143 0.052837
0.944839 0.050048 0.946164 0.052921
0.944855 0.050128 0.946184 0.053004
0.944872 0.050208 0.946205 0.053087
0.944888 0.050287 0.946225 0.053170
0.944905 0.050367 0.946246 0.053254
0.944921 0.050447 0.946267 0.053337
0.944938 0.050526 0.946287 0.053420
0.944954 0.050606 0.946308 0.053503
0.944971 0.050686 0.946329 0.053586
0.944987 0.050765 0.946350 0.053669
0.945004 0.050845 0.946371 0.053752
0.945021 0.050924 0.946392 0.053835
0.945037 0.051004 0.946413 0.053918
0.945054 0.051083 0.946434 0.054000
0.945071 0.051162 0.946454 0.054083
0.945087 0.051242 0.946476 0.054166
0.945104 0.051321 0.946497 0.054249
0.945121 0.051400 0.946518 0.054331
0.945138 0.051480 0.946539 0.054414
0.945155 0.051559 0.946560 0.054497
0.945172 0.051638 0.946581 0.054579
0.945188 0.051717 0.946602 0.054662
0.945205 0.051796 0.946624 0.054744
0.945222 0.051876 0.946645 0.054827
0.945239 0.051955 0.946666 0.054909
0.945256 0.052034 0.946687 0.054992
0.945273 0.052113 0.946709 0.055074
0.945291 0.052192 0.946730 0.055156
0.945308 0.052271 0.946752 0.055239
0.945325 0.052350 0.946773 0.055321
0.945342 0.052429 0.946795 0.055403
0.945359 0.052508 0.946816 0.055485
0.945376 0.052586 0.946838 0.055568
0.945394 0.052665 0.946859 0.055650
0.945411 0.052744 0.946881 0.055732
0.945428 0.052823 0.946903 0.055814
0.945445 0.052902 0.946924 0.055896
0.945463 0.052980 0.946946 0.055978
0.945480 0.053059 0.946968 0.056060
0.945497 0.053138 0.946990 0.056142
0.945515 0.053216 0.947011 0.056224
0.945532 0.053295 0.947033 0.056305
0.945550 0.053373 0.947055 0.056387
0.945567 0.053452 0.947077 0.056469
0.945585 0.053530 0.947099 0.056551
0.945602 0.053609 0.947121 0.056632
0.945620 0.053687 0.947143 0.056714
0.945638 0.053766 0.947165 0.056795
0.945655 0.053844 0.947187 0.056877
0.945673 0.053923 0.947209 0.056959
0.945691 0.054001 0.947231 0.057040
0.945708 0.054079 0.947253 0.057122
0.945726 0.054157 0.947275 0.057203
0.945744 0.054236 0.947298 0.057284
0.945762 0.054314 0.947320 0.057366
0.945779 0.054392 0.947342 0.057447
0.945797 0.054470 0.947365 0.057528
0.945815 0.054548 0.947387 0.057609
0.945833 0.054626 0.947409 0.057691
0.945851 0.054704 0.947432 0.057772
0.945869 0.054782 0.947454 0.057853
0.945887 0.054860 0.947477 0.057934
0.945905 0.054938 0.947499 0.058015
0.945923 0.055016 0.947522 0.058096
0.945941 0.055094 0.947544 0.058177
0.945959 0.055172 0.947567 0.058258
0.945977 0.055250 0.947589 0.058339
0.945995 0.055328 0.947612 0.058420
0.946014 0.055405 0.947635 0.058500
0.946032 0.055483 0.947657 0.058581
0.946050 0.055561 0.947680 0.058662
0.946068 0.055639 0.947703 0.058743
0.946086 0.055716 0.947726 0.058823
0.946105 0.055794 0.947748 0.058904
0.946123 0.055871 0.947771 0.058984
0.946141 0.055949 0.947794 0.059065
0.946160 0.056026 0.947817 0.059145
0.946178 0.056104 0.947840 0.059226
0.946197 0.056181 0.947863 0.059306
0.946215 0.056259 0.947886 0.059387
0.946234 0.056336 0.947909 0.059467
0.946252 0.056414 0.947932 0.059547
0.946271 0.056491 0.947955 0.059628
0.946289 0.056568 0.947979 0.059708
0.946308 0.056645 0.948002 0.059788
0.946326 0.056723 0.948025 0.059868
0.946345 0.056800 0.948048 0.059948
0.946364 0.056877 0.948071 0.060028
0.946382 0.056954 0.948095 0.060108
0.946401 0.057031 0.948118 0.060188
0.946420 0.057108 0.948141 0.060268
0.946439 0.057185 0.948165 0.060348
0.946457 0.057262 0.948188 0.060428
0.946476 0.057339 0.948212 0.060508
0.946495 0.057416 0.948235 0.060588
0.946514 0.057493 0.948259 0.060668
0.946533 0.057570 0.948282 0.060747
0.946552 0.057647 0.948306 0.060827
0.946571 0.057724 0.948329 0.060907
0.946590 0.057801 0.948353 0.060986
0.946609 0.057877 0.948377 0.061066
0.946628 0.057954 0.948400 0.061145
0.946647 0.058031 0.948424 0.061225
0.946666 0.058107 0.948448 0.061304
0.946685 0.058184 0.948471 0.061383
0.946704 0.058261 0.948495 0.061463
0.946723 0.058337 0.948519 0.061542
0.946743 0.058414 0.948543 0.061621
0.946762 0.058490 0.948567 0.061701
0.946781 0.058567 0.948591 0.061780
0.946800 0.058643 0.948615 0.061859
0.946820 0.058719 0.948639 0.061938
0.946839 0.058796 0.948663 0.062017
0.946858 0.058872 0.948687 0.062096
0.946878 0.058948 0.948711 0.062175
0.946897 0.059025 0.948735 0.062254
0.946917 0.059101 0.948759 0.062333
0.946936 0.059177 0.948783 0.062412
0.946956 0.059253 0.948808 0.062491
0.946975 0.059329 0.948832 0.062570
0.946995 0.059405 0.948856 0.062648
0.947014 0.059481 0.948880 0.062727
0.947034 0.059557 0.948905 0.062806
0.947053 0.059633 0.948929 0.062884
0.947073 0.059709 0.948953 0.062963
0.947093 0.059785 0.948978 0.063041
0.947112 0.059861 0.949002 0.063120
0.947132 0.059937 0.949027 0.063198
0.947152 0.060013 0.949051 0.063277
0.947172 0.060089 0.949076 0.063355
0.947191 0.060164 0.949100 0.063433
0.947211 0.060240 0.949125 0.063512
0.947231 0.060316 0.949150 0.063590
0.947251 0.060391 0.949174 0.063668
0.947271 0.060467 0.949199 0.063746
0.947291 0.060543 0.949224 0.063824
0.947311 0.060618 0.949248 0.063903
0.947331 0.060694 0.949273 0.063981
0.947351 0.060769 0.949298 0.064059
0.947371 0.060845 0.949323 0.064137
0.947391 0.060920 0.949348 0.064215
0.947411 0.060995 0.949372 0.064292
0.947431 0.061071 0.949397 0.064370
0.947451 0.061146 0.949422 0.064448
0.947471 0.061221 0.949447 0.064526
0.947492 0.061297 0.949472 0.064603
0.947512 0.061372 0.949497 0.064681
0.947532 0.061447 0.949522 0.064759
0.947552 0.061522 0.949547 0.064836
0.947573 0.061597 0.949573 0.064914
0.947593 0.061672 0.949598 0.064991
0.947613 0.061747 0.949623 0.065069
0.947634 0.061822 0.949648 0.065146
0.947654 0.061897 0.949673 0.065224
0.947675 0.061972 0.949699 0.065301
0.947695 0.062047 0.949724 0.065378
0.947715 0.062122 0.949749 0.065455
0.947736 0.062197 0.949775 0.065533
0.947756 0.062272 0.949800 0.065610
0.947777 0.062346 0.949825 0.065687
0.947798 0.062421 0.949851 0.065764
0.947818 0.062496 0.949876 0.065841
0.947839 0.062570 0.949902 0.065918
0.947860 0.062645 0.949927 0.065995
0.947880 0.062720 0.949953 0.066072
0.947901 0.062794 0.949979 0.066149
0.947922 0.062869 0.950004 0.066226
0.947942 0.062943 0.950030 0.066302
0.947963 0.063017 0.950056 0.066379
0.947984 0.063092 0.950081 0.066456
0.948005 0.063166 0.950107 0.066532
0.948026 0.063241 0.950133 0.066609
0.948047 0.063315 0.950159 0.066686
0.948068 0.063389 0.950184 0.066762
0.948089 0.063463 0.950210 0.066839
0.948109 0.063538 0.950236 0.066915
0.948130 0.063612 0.950262 0.066991
0.948152 0.063686 0.950288 0.067068
0.948173 0.063760 0.950314 0.067144
0.948194 0.063834 0.950340 0.067220
0.948215 0.063908 0.950366 0.067296
0.948236 0.063982 0.950392 0.067373
0.948257 0.064056 0.950418 0.067449
0.948278 0.064130 0.950444 0.067525
0.948299 0.064204 0.950470 0.067601
0.948321 0.064277 0.950497 0.067677
0.948342 0.064351 0.950523 0.067753
0.948363 0.064425 0.950549 0.067829
0.948384 0.064499 0.950575 0.067904
0.948406 0.064572 0.950601 0.067980
0.948427 0.064646 0.950628 0.068056
0.948449 0.064720 0.950654 0.068132
0.948470 0.064793 0.950681 0.068207
0.948491 0.064867 0.950707 0.068283
0.948513 0.064940 0.950733 0.068359
0.948534 0.065014 0.950760 0.068434
0.948556 0.065087 0.950786 0.068510
0.948577 0.065161 0.950813 0.068585
0.948599 0.065234 0.950839 0.068661
0.948621 0.065307 0.950866 0.068736
0.948642 0.065381 0.950893 0.068811
0.948664 0.065454 0.950919 0.068887
0.948685 0.065527 0.950946 0.068962
0.948707 0.065600 0.950972 0.069037
0.948729 0.065673 0.950999 0.069112
0.948751 0.065746 0.951026 0.069187
0.948772 0.065820 0.951053 0.069262
0.948794 0.065893 0.951080 0.069337
0.948816 0.065966 0.951106 0.069412
0.948838 0.066038 0.951133 0.069487
0.948860 0.066111 0.951160 0.069562
0.948882 0.066184 0.951187 0.069637
0.948904 0.066257 0.951214 0.069712
0.948926 0.066330 0.951241 0.069787
0.948947 0.066403 0.951268 0.069861
0.948969 0.066475 0.951295 0.069936
0.948992 0.066548 0.951322 0.070010
0.949014 0.066621 0.951349 0.070085
0.949036 0.066693 0.951376 0.070160
0.949058 0.066766 0.951403 0.070234
0.949080 0.066839 0.951431 0.070308
0.949102 0.066911 0.951458 0.070383
0.949124 0.066983 0.951485 0.070457
0.949146 0.067056 0.951512 0.070531
0.949169 0.067128 0.951539 0.070606
0.949191 0.067201 0.951567 0.070680
0.949213 0.067273 0.951594 0.070754
0.949235 0.067345 0.951621 0.070828
0.949258 0.067418 0.951649 0.070902
0.949280 0.067490 0.951676 0.070976
0.949303 0.067562 0.951704 0.071050
0.949325 0.067634 0.951731 0.071124
0.949347 0.067706 0.951759 0.071198
0.949370 0.067778 0.951786 0.071272
0.949392 0.067850 0.951814 0.071346
0.949415 0.067922 0.951841 0.071419
0.949437 0.067994 0.951869 0.071493
0.949460 0.068066 0.951897 0.071567
0.949483 0.068138 0.951924 0.071640
0.949505 0.068210 0.951952 0.071714
0.949528 0.068281 0.951980 0.071787
0.949550 0.068353 0.952007 0.071861
0.949573 0.068425 0.952035 0.071934
0.949596 0.068497 0.952063 0.072008
0.949619 0.068568 0.952091 0.072081
0.949641 0.068640 0.952119 0.072154
0.949664 0.068711 0.952147 0.072228
0.949687 0.068783 0.952175 0.072301
0.949710 0.068854 0.952203 0.072374
0.949733 0.068926 0.952231 0.072447
0.949756 0.068997 0.952259 0.072520
0.949779 0.069069 0.952287 0.072593
0.949801 0.069140 0.952315 0.072666
0.949824 0.069211 0.952343 0.072739
0.949847 0.069282 0.952371 0.072812
0.949870 0.069354 0.952399 0.072885
0.949893 0.069425 0.952427 0.072957
0.949917 0.069496 0.952455 0.073030
0.949940 0.069567 0.952484 0.073103
0.949963 0.069638 0.952512 0.073175
0.949986 0.069709 0.952540 0.073248
0.950009 0.069780 0.952568 0.073320
0.950032 0.069851 0.952597 0.073393
0.950055 0.069922 0.952625 0.073465
0.950079 0.069993 0.952653 0.073538
0.950102 0.070064 0.952682 0.073610
0.950125 0.070134 0.952710 0.073682
0.950149 0.070205 0.952739 0.073755
0.950172 0.070276 0.952767 0.073827
0.950195 0.070347 0.952796 0.073899
0.950219 0.070417 0.952824 0.073971
0.950242 0.070488 0.952853 0.074043
0.950266 0.070558 0.952882 0.074115
0.950289 0.070629 0.952910 0.074187
0.950313 0.070699 0.952939 0.074259
0.950336 0.070770 0.952968 0.074331
0.950360 0.070840 0.952996 0.074403
0.950383 0.070910 0.953025 0.074474
0.950407 0.070981 0.953054 0.074546
0.950430 0.071051 0.953083 0.074618
0.950454 0.071121 0.953111 0.074690
0.950478 0.071191 0.953140 0.074761
0.950501 0.071262 0.953169 0.074833
0.950525 0.071332 0.953198 0.074904
0.950549 0.071402 0.953227 0.074976
0.950573 0.071472 0.953256 0.075047
0.950597 0.071542 0.953285 0.075118
0.950620 0.071612 0.953314 0.075190
0.950644 0.071682 0.953343 0.075261
0.950668 0.071752 0.953372 0.075332
0.950692 0.071821 0.953401 0.075403
0.950716 0.071891 0.953430 0.075474
0.950740 0.071961 0.953459 0.075545
0.950764 0.072031 0.953488 0.075616
0.950788 0.072100 0.953518 0.075687
0.950812 0.072170 0.953547 0.075758
0.950836 0.072239 0.953576 0.075829
0.950860 0.072309 0.953605 0.075900
0.950884 0.072379 0.953635 0.075971
0.950908 0.072448 0.953664 0.076041
0.950932 0.072517 0.953693 0.076112
0.950957 0.072587 0.953723 0.076183
0.950981 0.072656 0.953752 0.076253
0.951005 0.072725 0.953782 0.076324
0.951029 0.072795 0.953811 0.076394
0.951053 0.072864 0.953841 0.076465
0.951078 0.072933 0.953870 0.076535
0.951102 0.073002 0.953900 0.076605
0.951126 0.073071 0.953929 0.076676
0.951151 0.073140 0.953959 0.076746
0.951175 0.073209 0.953988 0.076816
0.951200 0.073278 0.954018 0.076886
0.951224 0.073347 0.954048 0.076956
0.951249 0.073416 0.954077 0.077026
0.951273 0.073485 0.954107 0.077096
0.951298 0.073554 0.954137 0.077166
0.951322 0.073623 0.954167 0.077236
0.951347 0.073691 0.954196 0.077306
0.951371 0.073760 0.954226 0.077376
0.951396 0.073829 0.954256 0.077445
0.951421 0.073897 0.954286 0.077515
0.951445 0.073966 0.954316 0.077585
0.951470 0.074035 0.954346 0.077654
0.951495 0.074103 0.954376 0.077724
0.951519 0.074171 0.954406 0.077793
0.951544 0.074240 0.954436 0.077863
0.951569 0.074308 0.954466 0.077932
0.951594 0.074377 0.954496 0.078001
0.951619 0.074445 0.954526 0.078071
0.951643 0.074513 0.954556 0.078140
0.951668 0.074581 0.954586 0.078209
0.951693 0.074649 0.954616 0.078278
0.951718 0.074718 0.954647 0.078347
0.951743 0.074786 0.954677 0.078416
0.951768 0.074854 0.954707 0.078485
0.951793 0.074922 0.954737 0.078554
0.951818 0.074990 0.954768 0.078623
0.951843 0.075057 0.954798 0.078692
0.951868 0.075125 0.954828 0.078761
0.951894 0.075193 0.954859 0.078830
0.951919 0.075261 0.954889 0.078898
0.951944 0.075329 0.954920 0.078967
0.951969 0.075396 0.954950 0.079035
0.951994 0.075464 0.954981 0.079104
0.952019 0.075532 0.955011 0.079172
0.952045 0.075599 0.955042 0.079241
0.952070 0.075667 0.955072 0.079309
0.952095 0.075734 0.955103 0.079378
0.952121 0.075802 0.955133 0.079446
0.952146 0.075869 0.955164 0.079514
0.952171 0.075936 0.955195 0.079582
0.952197 0.076004 0.955225 0.079650
0.952222 0.076071 0.955256 0.079719
0.952248 0.076138 0.955287 0.079787
0.952273 0.076205 0.955317 0.079855
0.952299 0.076273 0.955348 0.079922
0.952324 0.076340 0.955379 0.079990
0.952350 0.076407 0.955410 0.080058
0.952375 0.076474 0.955441 0.080126
0.952401 0.076541 0.955472 0.080194
0.952427 0.076608 0.955503 0.080261
0.952452 0.076675 0.955533 0.080329
0.952478 0.076741 0.955564 0.080397
0.952504 0.076808 0.955595 0.080464
0.952529 0.076875 0.955626 0.080532
0.952555 0.076942 0.955658 0.080599
0.952581 0.077008 0.955689 0.080666
0.952607 0.077075 0.955720 0.080734
0.952633 0.077142 0.955751 0.080801
0.952658 0.077208 0.955782 0.080868
0.952684 0.077275 0.955813 0.080935
0.952710 0.077341 0.955844 0.081002
0.952736 0.077407 0.955875 0.081069
0.952762 0.077474 0.955907 0.081136
0.952788 0.077540 0.955938 0.081203
0.952814 0.077606 0.955969 0.081270
0.952840 0.077673 0.956001 0.081337
0.952866 0.077739 0.956032 0.081404
0.952892 0.077805 0.956063 0.081471
0.952918 0.077871 0.956095 0.081537
0.952944 0.077937 0.956126 0.081604
0.952970 0.078003 0.956158 0.081671
0.952997 0.078069 0.956189 0.081737
0.953023 0.078135 0.956220 0.081804
0.953049 0.078201 0.956252 0.081870
0.953075 0.078267 0.956284 0.081937
0.953102 0.078333 0.956315 0.082003
0.953128 0.078399 0.956347 0.082069
0.953154 0.078464 0.956378 0.082135
0.953180 0.078530 0.956410 0.082202
0.953207 0.078596 0.956442 0.082268
0.953233 0.078661 0.956473 0.082334
0.953260 0.078727 0.956505 0.082400
0.953286 0.078792 0.956537 0.082466
0.953312 0.078858 0.956568 0.082532
0.953339 0.078923 0.956600 0.082598
0.953365 0.078988 0.956632 0.082663
0.953392 0.079054 0.956664 0.082729
0.953419 0.079119 0.956696 0.082795
0.953445 0.079184 0.956728 0.082861
0.953472 0.079250 0.956760 0.082926
0.953498 0.079315 0.956791 0.082992
0.953525 0.079380 0.956823 0.083057
0.953552 0.079445 0.956855 0.083123
0.953578 0.079510 0.956887 0.083188
0.953605 0.079575 0.956919 0.083253
0.953632 0.079640 0.956952 0.083319
0.953659 0.079705 0.956984 0.083384
0.953685 0.079770 0.957016 0.083449
0.953712 0.079834 0.957048 0.083514
0.953739 0.079899 0.957080 0.083579
0.953766 0.079964 0.957112 0.083644
0.953793 0.080028 0.957144 0.083709
0.953820 0.080093 0.957177 0.083774
0.953847 0.080158 0.957209 0.083839
0.953874 0.080222 0.957241 0.083904
0.953901 0.080287 0.957273 0.083969
0.953928 0.080351 0.957306 0.084033
0.953955 0.080415 0.957338 0.084098
0.953982 0.080480 0.957370 0.084163
0.954009 0.080544 0.957403 0.084227
0.954036 0.080608 0.957435 0.084292
0.954063 0.080673 0.957468 0.084356
0.954090 0.080737 0.957500 0.084421
0.954117 0.080801 0.957533 0.084485
0.954145 0.080865 0.957565 0.084549
0.954172 0.080929 0.957598 0.084614
0.954199 0.080993 0.957630 0.084678
0.954226 0.081057 0.957663 0.084742
0.954254 0.081121 0.957695 0.084806
0.954281 0.081185 0.957728 0.084870
0.954308 0.081249 0.957761 0.084934
0.954336 0.081312 0.957793 0.084998
0.954363 0.081376 0.957826 0.085062
0.954390 0.081440 0.957859 0.085125
0.954418 0.081503 0.957892 0.085189
0.954445 0.081567 0.957924 0.085253
0.954473 0.081631 0.957957 0.085317
0.954500 0.081694 0.957990 0.085380
0.954528 0.081757 0.958023 0.085444
0.954555 0.081821 0.958056 0.085507
0.954583 0.081884 0.958089 0.085571
0.954611 0.081948 0.958121 0.085634
0.954638 0.082011 0.958154 0.085697
0.954666 0.082074 0.958187 0.085761
0.954694 0.082137 0.958220 0.085824
0.954721 0.082200 0.958253 0.085887
0.954749 0.082263 0.958286 0.085950
0.954777 0.082327 0.958319 0.086013
0.954804 0.082389 0.958353 0.086076
0.954832 0.082452 0.958386 0.086139
0.954860 0.082515 0.958419 0.086202
0.954888 0.082578 0.958452 0.086265
0.954916 0.082641 0.958485 0.086328
0.954944 0.082704 0.958518 0.086390
0.954972 0.082767 0.958551 0.086453
0.954999 0.082829 0.958585 0.086516
0.955027 0.082892 0.958618 0.086578
0.955055 0.082954 0.958651 0.086641
0.955083 0.083017 0.958685 0.086703
0.955111 0.083079 0.958718 0.086766
0.955139 0.083142 0.958751 0.086828
0.955168 0.083204 0.958785 0.086890
0.955196 0.083267 0.958818 0.086953
0.955224 0.083329 0.958851 0.087015
0.955252 0.083391 0.958885 0.087077
0.955280 0.083453 0.958918 0.087139
0.955308 0.083516 0.958952 0.087201
0.955336 0.083578 0.958985 0.087263
0.955365 0.083640 0.959019 0.087325
0.955393 0.083702 0.959053 0.087387
0.955421 0.083764 0.959086 0.087449
0.955450 0.083826 0.959120 0.087510
0.955478 0.083888 0.959153 0.087572
0.955506 0.083949 0.959187 0.087634
0.955535 0.084011 0.959221 0.087695
0.955563 0.084073 0.959254 0.087757
0.955591 0.084135 0.959288 0.087818
0.955620 0.084196 0.959322 0.087880
0.955648 0.084258 0.959356 0.087941
0.955677 0.084320 0.959389 0.088002
0.955705 0.084381 0.959423 0.088064
0.955734 0.084443 0.959457 0.088125
0.955763 0.084504 0.959491 0.088186
0.955791 0.084565 0.959525 0.088247
0.955820 0.084627 0.959559 0.088308
0.955848 0.084688 0.959593 0.088369
0.955877 0.084749 0.959627 0.088430
0.955906 0.084810 0.959661 0.088491
0.955934 0.084872 0.959695 0.088552
0.955963 0.084933 0.959729 0.088612
0.955992 0.084994 0.959763 0.088673
0.956021 0.085055 0.959797 0.088734
0.956049 0.085116 0.959831 0.088794
0.956078 0.085177 0.959865 0.088855
0.956107 0.085237 0.959899 0.088915
0.956136 0.085298 0.959933 0.088976
0.956165 0.085359 0.959967 0.089036
0.956194 0.085420 0.960002 0.089097
0.956223 0.085480 0.960036 0.089157
0.956252 0.085541 0.960070 0.089217
0.956281 0.085602 0.960104 0.089277
0.956310 0.085662 0.960139 0.089337
0.956339 0.085723 0.960173 0.089397
0.956368 0.085783 0.960207 0.089457
0.956397 0.085843 0.960242 0.089517
0.956426 0.085904 0.960276 0.089577
0.956455 0.085964 0.960310 0.089637
0.956484 0.086024 0.960345 0.089697
0.956513 0.086084 0.960379 0.089756
0.956543 0.086145 0.960414 0.089816
0.956572 0.086205 0.960448 0.089876
0.956601 0.086265 0.960483 0.089935
0.956630 0.086325 0.960517 0.089995
0.956659 0.086385 0.960552 0.090054
0.956689 0.086445 0.960586 0.090113
0.956718 0.086504 0.960621 0.090173
0.956747 0.086564 0.960656 0.090232
0.956777 0.086624 0.960690 0.090291
0.956806 0.086684 0.960725 0.090350
0.956836 0.086743 0.960760 0.090409
0.956865 0.086803 0.960794 0.090468
0.956895 0.086863 0.960829 0.090527
0.956924 0.086922 0.960864 0.090586
0.956954 0.086982 0.960898 0.090645
0.956983 0.087041 0.960933 0.090704
0.957013 0.087100 0.960968 0.090763
0.957042 0.087160 0.961003 0.090821
0.957072 0.087219 0.961038 0.090880
0.957101 0.087278 0.961073 0.090939
0.957131 0.087337 0.961108 0.090997
0.957161 0.087397 0.961142 0.091056
0.957190 0.087456 0.961177 0.091114
0.957220 0.087515 0.961212 0.091172
0.957250 0.087574 0.961247 0.091231
0.957280 0.087633 0.961282 0.091289
0.957309 0.087692 0.961317 0.091347
0.957339 0.087750 0.961352 0.091405
0.957369 0.087809 0.961388 0.091463
0.957399 0.087868 0.961423 0.091521
0.957429 0.087927 0.961458 0.091579
0.957459 0.087985 0.961493 0.091637
0.957489 0.088044 0.961528 0.091695
0.957519 0.088102 0.961563 0.091753
0.957548 0.088161 0.961598 0.091811
0.957578 0.088219 0.961634 0.091868
0.957608 0.088278 0.961669 0.091926
0.957639 0.088336 0.961704 0.091983
0.957669 0.088395 0.961739 0.092041
0.957699 0.088453 0.961775 0.092098
0.957729 0.088511 0.961810 0.092156
0.957759 0.088569 0.961845 0.092213
0.957789 0.088627 0.961881 0.092270
0.957819 0.088685 0.961916 0.092328
0.957849 0.088743 0.961952 0.092385
0.957880 0.088801 0.961987 0.092442
0.957910 0.088859 0.962022 0.092499
0.957940 0.088917 0.962058 0.092556
0.957970 0.088975 0.962093 0.092613
0.958001 0.089033 0.962129 0.092670
0.958031 0.089090 0.962164 0.092727
0.958061 0.089148 0.962200 0.092783
0.958092 0.089206 0.962236 0.092840
0.958122 0.089263 0.962271 0.092897
0.958152 0.089321 0.962307 0.092953
0.958183 0.089378 0.962342 0.093010
0.958213 0.089436 0.962378 0.093066
0.958244 0.089493 0.962414 0.093123
0.958274 0.089550 0.962449 0.093179
0.958305 0.089608 0.962485 0.093235
0.958335 0.089665 0.962521 0.093292
0.958366 0.089722 0.962557 0.093348
0.958397 0.089779 0.962592 0.093404
0.958427 0.089836 0.962628 0.093460
0.958458 0.089893 0.962664 0.093516
0.958488 0.089950 0.962700 0.093572
0.958519 0.090007 0.962736 0.093628
0.958550 0.090064 0.962772 0.093684
0.958581 0.090121 0.962808 0.093740
0.958611 0.090178 0.962844 0.093795
0.958642 0.090235 0.962880 0.093851
0.958673 0.090291 0.962915 0.093907
0.958704 0.090348 0.962951 0.093962
0.958735 0.090404 0.962987 0.094018
0.958765 0.090461 0.963024 0.094073
0.958796 0.090517 0.963060 0.094128
0.958827 0.090574 0.963096 0.094184
0.958858 0.090630 0.963132 0.094239
0.958889 0.090687 0.963168 0.094294
0.958920 0.090743 0.963204 0.094349
0.958951 0.090799 0.963240 0.094404
0.958982 0.090855 0.963276 0.094459
0.959013 0.090911 0.963312 0.094514
0.959044 0.090968 0.963349 0.094569
0.959075 0.091024 0.963385 0.094624
0.959106 0.091080 0.963421 0.094679
0.959137 0.091135 0.963457 0.094734
0.959169 0.091191 0.963494 0.094788
0.959200 0.091247 0.963530 0.094843
0.959231 0.091303 0.963566 0.094898
0.959262 0.091359 0.963603 0.094952
0.959293 0.091414 0.963639 0.095007
0.959325 0.091470 0.963675 0.095061
0.959356 0.091526 0.963712 0.095115
0.959387 0.091581 0.963748 0.095170
0.959418 0.091637 0.963785 0.095224
0.959450 0.091692 0.963821 0.095278
0.959481 0.091747 0.963858 0.095332
0.959513 0.091803 0.963894 0.095386
0.959544 0.091858 0.963931 0.095440
0.959575 0.091913 0.963967 0.095494
0.959607 0.091968 0.964004 0.095548
0.959638 0.092024 0.964040 0.095602
0.959670 0.092079 0.964077 0.095655
0.959701 0.092134 0.964114 0.095709
0.959733 0.092189 0.964150 0.095763
0.959764 0.092243 0.964187 0.095816
0.959796 0.092298 0.964224 0.095870
0.959828 0.092353 0.964260 0.095923
0.959859 0.092408 0.964297 0.095977
0.959891 0.092463 0.964334 0.096030
0.959923 0.092517 0.964371 0.096083
0.959954 0.092572 0.964407 0.096136
0.959986 0.092627 0.964444 0.096190
0.960018 0.092681 0.964481 0.096243
0.960049 0.092735 0.964518 0.096296
0.960081 0.092790 0.964555 0.096349
0.960113 0.092844 0.964592 0.096402
0.960145 0.092899 0.964629 0.096454
0.960177 0.092953 0.964665 0.096507
0.960209 0.093007 0.964702 0.096560
0.960240 0.093061 0.964739 0.096613
0.960272 0.093115 0.964776 0.096665
0.960304 0.093169 0.964813 0.096718
0.960336 0.093223 0.964850 0.096770
0.960368 0.093277 0.964887 0.096823
0.960400 0.093331 0.964924 0.096875
0.960432 0.093385 0.964962 0.096928
0.960464 0.093439 0.964999 0.096980
0.960496 0.093493 0.965036 0.097032
0.960528 0.093546 0.965073 0.097084
0.960560 0.093600 0.965110 0.097136
0.960593 0.093653 0.965147 0.097188
0.960625 0.093707 0.965184 0.097240
0.960657 0.093760 0.965222 0.097292
0.960689 0.093814 0.965259 0.097344
0.960721 0.093867 0.965296 0.097396
0.960754 0.093921 0.965333 0.097448
0.960786 0.093974 0.965371 0.097499
0.960818 0.094027 0.965408 0.097551
0.960850 0.094080 0.965445 0.097602
0.960883 0.094133 0.965483 0.097654
0.960915 0.094187 0.965520 0.097705
0.960947 0.094240 0.965557 0.097757
0.960980 0.094293 0.965595 0.097808
0.961012 0.094345 0.965632 0.097859
0.961045 0.094398 0.965670 0.097911
0.961077 0.094451 0.965707 0.097962
0.961109 0.094504 0.965744 0.098013
0.961142 0.094557 0.965782 0.098064
0.961174 0.094609 0.965819 0.098115
0.961207 0.094662 0.965857 0.098166
0.961239 0.094714 0.965894 0.098217
0.961272 0.094767 0.965932 0.098267
0.961305 0.094819 0.965970 0.098318
0.961337 0.094872 0.966007 0.098369
0.961370 0.094924 0.966045 0.098419
0.961403 0.094976 0.966082 0.098470
0.961435 0.095029 0.966120 0.098520
0.961468 0.095081 0.966158 0.098571
0.961501 0.095133 0.966195 0.098621
0.961533 0.095185 0.966233 0.098671
0.961566 0.095237 0.966271 0.098722
0.961599 0.095289 0.966309 0.098772
0.961632 0.095341 0.966346 0.098822
0.961665 0.095393 0.966384 0.098872
0.961697 0.095445 0.966422 0.098922
0.961730 0.095496 0.966460 0.098972
0.961763 0.095548 0.966498 0.099022
0.961796 0.095600 0.966536 0.099072
0.961829 0.095651 0.966573 0.099121
0.961862 0.095703 0.966611 0.099171
0.961895 0.095754 0.966649 0.099221
0.961928 0.095806 0.966687 0.099270
0.961961 0.095857 0.966725 0.099320
0.961994 0.095909 0.966763 0.099369
0.962027 0.095960 0.966801 0.099419
0.962060 0.096011 0.966839 0.099468
0.962093 0.096062 0.966877 0.099517
0.962126 0.096113 0.966915 0.099567
0.962159 0.096165 0.966953 0.099616
0.962193 0.096216 0.966991 0.099665
0.962226 0.096267 0.967029 0.099714
0.962259 0.096317 0.967067 0.099763
0.962292 0.096368 0.967105 0.099812
0.962325 0.096419 0.967144 0.099861
0.962359 0.096470 0.967182 0.099909
0.962392 0.096521 0.967220 0.099958
0.962425 0.096571 0.967258 0.100007
0.962459 0.096622 0.967296 0.100055
0.962492 0.096672 0.967335 0.100104
0.962525 0.096723 0.967373 0.100152
0.962559 0.096773 0.967411 0.100201
0.962592 0.096824 0.967449 0.100249
0.962625 0.096874 0.967488 0.100298
0.962659 0.096924 0.967526 0.100346
0.962692 0.096975 0.967564 0.100394
0.962726 0.097025 0.967603 0.100442
0.962759 0.097075 0.967641 0.100490
0.962793 0.097125 0.967679 0.100538
0.962826 0.097175 0.967718 0.100586
0.962860 0.097225 0.967756 0.100634
0.962894 0.097275 0.967795 0.100682
0.962927 0.097325 0.967833 0.100730
0.962961 0.097375 0.967872 0.100777
0.962994 0.097424 0.967910 0.100825
0.963028 0.097474 0.967949 0.100873
0.963062 0.097524 0.967987 0.100920
0.963096 0.097573 0.968026 0.100968
0.963129 0.097623 0.968064 0.101015
0.963163 0.097672 0.968103 0.101062
0.963197 0.097722 0.968141 0.101110
0.963231 0.097771 0.968180 0.101157
0.963264 0.097820 0.968219 0.101204
0.963298 0.097870 0.968257 0.101251
0.963332 0.097919 0.968296 0.101298
0.963366 0.097968 0.968335 0.101345
0.963400 0.098017 0.968373 0.101392
0.963434 0.098066 0.968412 0.101439
0.963468 0.098115 0.968451 0.101486
0.963502 0.098164 0.968489 0.101532
0.963536 0.098213 0.968528 0.101579
0.963570 0.098262 0.968567 0.101626
0.963604 0.098311 0.968606 0.101672
0.963638 0.098359 0.968645 0.101719
0.963672 0.098408 0.968683 0.101765
0.963706 0.098457 0.968722 0.101811
0.963740 0.098505 0.968761 0.101858
0.963774 0.098554 0.968800 0.101904
0.963808 0.098602 0.968839 0.101950
0.963842 0.098651 0.968878 0.101996
0.963877 0.098699 0.968917 0.102042
0.963911 0.098747 0.968956 0.102088
0.963945 0.098795 0.968995 0.102134
0.963979 0.098844 0.969034 0.102180
0.964013 0.098892 0.969073 0.102226
0.964048 0.098940 0.969112 0.102272
0.964082 0.098988 0.969151 0.102317
0.964116 0.099036 0.969190 0.102363
0.964151 0.099084 0.969229 0.102408
0.964185 0.099132 0.969268 0.102454
0.964219 0.099179 0.969307 0.102499
0.964254 0.099227 0.969346 0.102545
0.964288 0.099275 0.969385 0.102590
0.964323 0.099323 0.969424 0.102635
0.964357 0.099370 0.969463 0.102680
0.964392 0.099418 0.969502 0.102726
0.964426 0.099465 0.969542 0.102771
0.964461 0.099513 0.969581 0.102816
0.964495 0.099560 0.969620 0.102861
0.964530 0.099607 0.969659 0.102905
0.964564 0.099655 0.969699 0.102950
0.964599 0.099702 0.969738 0.102995
0.964634 0.099749 0.969777 0.103040
0.964668 0.099796 0.969816 0.103084
0.964703 0.099843 0.969856 0.103129
0.964738 0.099890 0.969895 0.103173
0.964772 0.099937 0.969934 0.103218
0.964807 0.099984 0.969974 0.103262
0.964842 0.100031 0.970013 0.103307
0.964876 0.100077 0.970053 0.103351
0.964911 0.100124 0.970092 0.103395
0.964946 0.100171 0.970131 0.103439
0.964981 0.100217 0.970171 0.103483
0.965016 0.100264 0.970210 0.103527
0.965051 0.100310 0.970250 0.103571
0.965085 0.100357 0.970289 0.103615
0.965120 0.100403 0.970329 0.103659
0.965155 0.100450 0.970368 0.103703
0.965190 0.100496 0.970408 0.103746
0.965225 0.100542 0.970447 0.103790
0.965260 0.100588 0.970487 0.103834
0.965295 0.100634 0.970527 0.103877
0.965330 0.100680 0.970566 0.103921
0.965365 0.100726 0.970606 0.103964
0.965400 0.100772 0.970645 0.104007
0.965435 0.100818 0.970685 0.104051
0.965470 0.100864 0.970725 0.104094
0.965505 0.100910 0.970764 0.104137
0.965541 0.100956 0.970804 0.104180
0.965576 0.101001 0.970844 0.104223
0.965611 0.101047 0.970884 0.104266
0.965646 0.101092 0.970923 0.104309
0.965681 0.101138 0.970963 0.104352
0.965716 0.101183 0.971003 0.104395
0.965752 0.101229 0.971043 0.104437
0.965787 0.101274 0.971082 0.104480
0.965822 0.101319 0.971122 0.104522
0.965858 0.101365 0.971162 0.104565
0.965893 0.101410 0.971202 0.104607
0.965928 0.101455 0.971242 0.104650
0.965964 0.101500 0.971282 0.104692
0.965999 0.101545 0.971321 0.104734
0.966034 0.101590 0.971361 0.104777
0.966070 0.101635 0.971401 0.104819
0.966105 0.101680 0.971441 0.104861
0.966141 0.101724 0.971481 0.104903
0.966176 0.101769 0.971521 0.104945
0.966212 0.101814 0.971561 0.104987
0.966247 0.101858 0.971601 0.105029
0.966283 0.101903 0.971641 0.105070
0.966318 0.101947 0.971681 0.105112
0.966354 0.101992 0.971721 0.105154
0.966389 0.102036 0.971761 0.105195
0.966425 0.102081 0.971801 0.105237
0.966461 0.102125 0.971841 0.105278
0.966496 0.102169 0.971881 0.105320
0.966532 0.102213 0.971922 0.105361
0.966568 0.102257 0.971962 0.105402
0.966603 0.102301 0.972002 0.105443
0.966639 0.102345 0.972042 0.105485
0.966675 0.102389 0.972082 0.105526
0.966711 0.102433 0.972122 0.105567
0.966746 0.102477 0.972163 0.105608
0.966782 0.102521 0.972203 0.105649
0.966818 0.102565 0.972243 0.105689
0.966854 0.102608 0.972283 0.105730
0.966890 0.102652 0.972324 0.105771
0.966926 0.102695 0.972364 0.105811
0.966961 0.102739 0.972404 0.105852
0.966997 0.102782 0.972444 0.105893
0.967033 0.102826 0.972485 0.105933
0.967069 0.102869 0.972525 0.105973
0.967105 0.102912 0.972565 0.106014
0.967141 0.102955 0.972606 0.106054
0.967177 0.102999 0.972646 0.106094
0.967213 0.103042 0.972687 0.106134
0.967249 0.103085 0.972727 0.106174
0.967285 0.103128 0.972767 0.106214
0.967321 0.103171 0.972808 0.106254
0.967358 0.103214 0.972848 0.106294
0.967394 0.103256 0.972889 0.106334
0.967430 0.103299 0.972929 0.106374
0.967466 0.103342 0.972970 0.106413
0.967502 0.103384 0.973010 0.106453
0.967538 0.103427 0.973051 0.106493
0.967575 0.103470 0.973091 0.106532
0.967611 0.103512 0.973132 0.106572
0.967647 0.103554 0.973172 0.106611
0.967683 0.103597 0.973213 0.106650
0.967720 0.103639 0.973253 0.106690
0.967756 0.103681 0.973294 0.106729
0.967792 0.103724 0.973335 0.106768
0.967829 0.103766 0.973375 0.106807
0.967865 0.103808 0.973416 0.106846
0.967901 0.103850 0.973457 0.106885
0.967938 0.103892 0.973497 0.106924
0.967974 0.103934 0.973538 0.106963
0.968011 0.103976 0.973579 0.107001
0.968047 0.104017 0.973619 0.107040
0.968083 0.104059 0.973660 0.107079
0.968120 0.104101 0.973701 0.107117
0.968156 0.104142 0.973742 0.107156
0.968193 0.104184 0.973782 0.107194
0.968230 0.104225 0.973823 0.107232
0.968266 0.104267 0.973864 0.107271
0.968303 0.104308 0.973905 0.107309
0.968339 0.104350 0.973946 0.107347
0.968376 0.104391 0.973986 0.107385
0.968413 0.104432 0.974027 0.107423
0.968449 0.104473 0.974068 0.107461
0.968486 0.104514 0.974109 0.107499
0.968523 0.104555 0.974150 0.107537
0.968559 0.104596 0.974191 0.107575
0.968596 0.104637 0.974232 0.107613
0.968633 0.104678 0.974273 0.107650
0.968670 0.104719 0.974313 0.107688
0.968706 0.104760 0.974354 0.107725
0.968743 0.104801 0.974395 0.107763
0.968780 0.104841 0.974436 0.107800
0.968817 0.104882 0.974477 0.107838
0.968854 0.104922 0.974518 0.107875
0.968890 0.104963 0.974559 0.107912
0.968927 0.105003 0.974600 0.107949
0.968964 0.105044 0.974641 0.107987
0.969001 0.105084 0.974683 0.108024
0.969038 0.105124 0.974724 0.108061
0.969075 0.105164 0.974765 0.108097
0.969112 0.105205 0.974806 0.108134
0.969149 0.105245 0.974847 0.108171
0.969186 0.105285 0.974888 0.108208
0.969223 0.105325 0.974929 0.108244
0.969260 0.105365 0.974970 0.108281
0.969297 0.105404 0.975011 0.108318
0.969334 0.105444 0.975053 0.108354
0.969371 0.105484 0.975094 0.108390
0.969409 0.105524 0.975135 0.108427
0.969446 0.105563 0.975176 0.108463
0.969483 0.105603 0.975217 0.108499
0.969520 0.105642 0.975259 0.108535
0.969557 0.105682 0.975300 0.108571
0.969594 0.105721 0.975341 0.108607
0.969632 0.105760 0.975382 0.108643
0.969669 0.105800 0.975424 0.108679
0.969706 0.105839 0.975465 0.108715
0.969743 0.105878 0.975506 0.108751
0.969781 0.105917 0.975548 0.108787
0.969818 0.105956 0.975589 0.108822
0.969855 0.105995 0.975630 0.108858
0.969893 0.106034 0.975672 0.108893
0.969930 0.106073 0.975713 0.108929
0.969968 0.106112 0.975754 0.108964
0.970005 0.106151 0.975796 0.108999
0.970042 0.106189 0.975837 0.109035
0.970080 0.106228 0.975879 0.109070
0.970117 0.106267 0.975920 0.109105
0.970155 0.106305 0.975962 0.109140
0.970192 0.106344 0.976003 0.109175
0.970230 0.106382 0.976045 0.109210
0.970267 0.106420 0.976086 0.109245
0.970305 0.106459 0.976128 0.109280
0.970342 0.106497 0.976169 0.109314
0.970380 0.106535 0.976211 0.109349
0.970418 0.106573 0.976252 0.109384
0.970455 0.106611 0.976294 0.109418
0.970493 0.106649 0.976335 0.109453
0.970530 0.106687 0.976377 0.109487
0.970568 0.106725 0.976418 0.109521
0.970606 0.106763 0.976460 0.109556
0.970644 0.106801 0.976502 0.109590
0.970681 0.106838 0.976543 0.109624
0.970719 0.106876 0.976585 0.109658
0.970757 0.106914 0.976626 0.109692
0.970795 0.106951 0.976668 0.109726
0.970832 0.106989 0.976710 0.109760
0.970870 0.107026 0.976751 0.109794
0.970908 0.107063 0.976793 0.109828
0.970946 0.107101 0.976835 0.109861
0.970984 0.107138 0.976877 0.109895
0.971022 0.107175 0.976918 0.109929
0.971059 0.107212 0.976960 0.109962
0.971097 0.107249 0.977002 0.109995
0.971135 0.107286 0.977043 0.110029
0.971173 0.107323 0.977085 0.110062
0.971211 0.107360 0.977127 0.110095
0.971249 0.107397 0.977169 0.110129
0.971287 0.107434 0.977211 0.110162
0.971325 0.107470 0.977252 0.110195
0.971363 0.107507 0.977294 0.110228
0.971401 0.107544 0.977336 0.110261
0.971439 0.107580 0.977378 0.110294
0.971477 0.107617 0.977420 0.110326
0.971515 0.107653 0.977462 0.110359
0.971554 0.107689 0.977504 0.110392
0.971592 0.107726 0.977545 0.110425
0.971630 0.107762 0.977587 0.110457
0.971668 0.107798 0.977629 0.110490
0.971706 0.107834 0.977671 0.110522
0.971744 0.107870 0.977713 0.110554
0.971783 0.107906 0.977755 0.110587
0.971821 0.107942 0.977797 0.110619
0.971859 0.107978 0.977839 0.110651
0.971897 0.108014 0.977881 0.110683
0.971936 0.108050 0.977923 0.110715
0.971974 0.108086 0.977965 0.110747
0.972012 0.108121 0.978007 0.110779
0.972051 0.108157 0.978049 0.110811
0.972089 0.108192 0.978091 0.110843
0.972127 0.108228 0.978133 0.110874
0.972166 0.108263 0.978175 0.110906
0.972204 0.108299 0.978217 0.110938
0.972242 0.108334 0.978259 0.110969
0.972281 0.108369 0.978302 0.111001
0.972319 0.108404 0.978344 0.111032
0.972358 0.108439 0.978386 0.111063
0.972396 0.108475 0.978428 0.111095
0.972435 0.108510 0.978470 0.111126
0.972473 0.108545 0.978512 0.111157
0.972512 0.108579 0.978554 0.111188
0.972550 0.108614 0.978597 0.111219
0.972589 0.108649 0.978639 0.111250
0.972627 0.108684 0.978681 0.111281
0.972666 0.108718 0.978723 0.111312
0.972705 0.108753 0.978765 0.111342
0.972743 0.108788 0.978808 0.111373
0.972782 0.108822 0.978850 0.111404
0.972821 0.108856 0.978892 0.111434
0.972859 0.108891 0.978934 0.111465
0.972898 0.108925 0.978977 0.111495
0.972937 0.108959 0.979019 0.111525
0.972975 0.108993 0.979061 0.111556
0.973014 0.109028 0.979103 0.111586
0.973053 0.109062 0.979146 0.111616
0.973092 0.109096 0.979188 0.111646
0.973130 0.109130 0.979230 0.111676
0.973169 0.109164 0.979273 0.111706
0.973208 0.109197 0.979315 0.111736
0.973247 0.109231 0.979357 0.111766
0.973286 0.109265 0.979400 0.111796
0.973325 0.109298 0.979442 0.111825
0.973364 0.109332 0.979485 0.111855
0.973402 0.109366 0.979527 0.111885
0.973441 0.109399 0.979569 0.111914
0.973480 0.109432 0.979612 0.111944
0.973519 0.109466 0.979654 0.111973
0.973558 0.109499 0.979697 0.112002
0.973597 0.109532 0.979739 0.112032
0.973636 0.109565 0.979782 0.112061
0.973675 0.109599 0.979824 0.112090
0.973714 0.109632 0.979867 0.112119
0.973753 0.109665 0.979909 0.112148
0.973792 0.109698 0.979952 0.112177
0.973831 0.109730 0.979994 0.112206
0.973870 0.109763 0.980037 0.112235
0.973910 0.109796 0.980079 0.112263
0.973949 0.109829 0.980122 0.112292
0.973988 0.109861 0.980164 0.112321
0.974027 0.109894 0.980207 0.112349
0.974066 0.109926 0.980249 0.112378
0.974105 0.109959 0.980292 0.112406
0.974145 0.109991 0.980334 0.112434
0.974184 0.110024 0.980377 0.112463
0.974223 0.110056 0.980420 0.112491
0.974262 0.110088 0.980462 0.112519
0.974302 0.110120 0.980505 0.112547
0.974341 0.110152 0.980548 0.112575
0.974380 0.110184 0.980590 0.112603
0.974419 0.110216 0.980633 0.112631
0.974459 0.110248 0.980676 0.112659
0.974498 0.110280 0.980718 0.112687
0.974537 0.110312 0.980761 0.112714
0.974577 0.110344 0.980804 0.112742
0.974616 0.110375 0.980846 0.112770
0.974656 0.110407 0.980889 0.112797
0.974695 0.110438 0.980932 0.112824
0.974734 0.110470 0.980974 0.112852
0.974774 0.110501 0.981017 0.112879
0.974813 0.110533 0.981060 0.112906
0.974853 0.110564 0.981103 0.112934
0.974892 0.110595 0.981146 0.112961
0.974932 0.110627 0.981188 0.112988
0.974971 0.110658 0.981231 0.113015
0.975011 0.110689 0.981274 0.113042
0.975051 0.110720 0.981317 0.113069
0.975090 0.110751 0.981359 0.113095
0.975130 0.110782 0.981402 0.113122
0.975169 0.110812 0.981445 0.113149
0.975209 0.110843 0.981488 0.113175
0.975249 0.110874 0.981531 0.113202
0.975288 0.110905 0.981574 0.113228
0.975328 0.110935 0.981617 0.113255
0.975368 0.110966 0.981659 0.113281
0.975407 0.110996 0.981702 0.113307
0.975447 0.111027 0.981745 0.113334
0.975487 0.111057 0.981788 0.113360
0.975526 0.111087 0.981831 0.113386
0.975566 0.111117 0.981874 0.113412
0.975606 0.111148 0.981917 0.113438
0.975646 0.111178 0.981960 0.113464
0.975686 0.111208 0.982003 0.113489
0.975725 0.111238 0.982046 0.113515
0.975765 0.111268 0.982089 0.113541
0.975805 0.111298 0.982132 0.113566
0.975845 0.111327 0.982175 0.113592
0.975885 0.111357 0.982218 0.113617
0.975925 0.111387 0.982261 0.113643
0.975965 0.111416 0.982304 0.113668
0.976005 0.111446 0.982347 0.113694
0.976044 0.111476 0.982390 0.113719
0.976084 0.111505 0.982433 0.113744
0.976124 0.111534 0.982476 0.113769
0.976164 0.111564 0.982519 0.113794
0.976204 0.111593 0.982562 0.113819
0.976244 0.111622 0.982605 0.113844
0.976284 0.111651 0.982648 0.113869
0.976324 0.111680 0.982691 0.113894
0.976364 0.111709 0.982734 0.113918
0.976405 0.111738 0.982777 0.113943
0.976445 0.111767 0.982820 0.113968
0.976485 0.111796 0.982864 0.113992
0.976525 0.111825 0.982907 0.114016
0.976565 0.111854 0.982950 0.114041
0.976605 0.111882 0.982993 0.114065
0.976645 0.111911 0.983036 0.114089
0.976685 0.111939 0.983079 0.114114
0.976726 0.111968 0.983122 0.114138
0.976766 0.111996 0.983166 0.114162
0.976806 0.112025 0.983209 0.114186
0.976846 0.112053 0.983252 0.114210
0.976887 0.112081 0.983295 0.114234
0.976927 0.112109 0.983338 0.114257
0.976967 0.112137 0.983382 0.114281
0.977007 0.112166 0.983425 0.114305
0.977048 0.112194 0.983468 0.114328
0.977088 0.112221 0.983511 0.114352
0.977128 0.112249 0.983555 0.114375
0.977169 0.112277 0.983598 0.114399
0.977209 0.112305 0.983641 0.114422
0.977249 0.112333 0.983684 0.114445
0.977290 0.112360 0.983728 0.114469
0.977330 0.112388 0.983771 0.114492
0.977371 0.112415 0.983814 0.114515
0.977411 0.112443 0.983858 0.114538
0.977451 0.112470 0.983901 0.114561
0.977492 0.112497 0.983944 0.114584
0.977532 0.112525 0.983987 0.114606
0.977573 0.112552 0.984031 0.114629
0.977613 0.112579 0.984074 0.114652
0.977654 0.112606 0.984117 0.114675
0.977694 0.112633 0.984161 0.114697
0.977735 0.112660 0.984204 0.114720
0.977776 0.112687 0.984248 0.114742
0.977816 0.112714 0.984291 0.114764
0.977857 0.112741 0.984334 0.114787
0.977897 0.112767 0.984378 0.114809
0.977938 0.112794 0.984421 0.114831
0.977979 0.112820 0.984465 0.114853
0.978019 0.112847 0.984508 0.114875
0.978060 0.112873 0.984551 0.114897
0.978100 0.112900 0.984595 0.114919
0.978141 0.112926 0.984638 0.114941
0.978182 0.112952 0.984682 0.114963
0.978223 0.112979 0.984725 0.114984
0.978263 0.113005 0.984769 0.115006
0.978304 0.113031 0.984812 0.115028
0.978345 0.113057 0.984856 0.115049
0.978386 0.113083 0.984899 0.115071
0.978426 0.113109 0.984942 0.115092
0.978467 0.113135 0.984986 0.115113
0.978508 0.113160 0.985029 0.115135
0.978549 0.113186 0.985073 0.115156
0.978590 0.113212 0.985116 0.115177
0.978630 0.113237 0.985160 0.115198
0.978671 0.113263 0.985204 0.115219
0.978712 0.113289 0.985247 0.115240
0.978753 0.113314 0.985291 0.115261
0.978794 0.113339 0.985334 0.115281
0.978835 0.113365 0.985378 0.115302
0.978876 0.113390 0.985421 0.115323
0.978917 0.113415 0.985465 0.115343
0.978958 0.113440 0.985508 0.115364
0.978999 0.113465 0.985552 0.115384
0.979040 0.113490 0.985596 0.115405
0.979081 0.113515 0.985639 0.115425
0.979122 0.113540 0.985683 0.115445
0.979163 0.113565 0.985726 0.115466
0.979204 0.113590 0.985770 0.115486
0.979245 0.113614 0.985814 0.115506
0.979286 0.113639 0.985857 0.115526
0.979327 0.113663 0.985901 0.115546
0.979368 0.113688 0.985945 0.115566
0.979409 0.113712 0.985988 0.115586
0.979450 0.113737 0.986032 0.115605
0.979491 0.113761 0.986076 0.115625
0.979533 0.113785 0.986119 0.115645
0.979574 0.113809 0.986163 0.115664
0.979615 0.113834 0.986207 0.115684
0.979656 0.113858 0.986250 0.115703
0.979697 0.113882 0.986294 0.115722
0.979738 0.113906 0.986338 0.115742
0.979780 0.113930 0.986381 0.115761
0.979821 0.113953 0.986425 0.115780
0.979862 0.113977 0.986469 0.115799
0.979903 0.114001 0.986512 0.115818
0.979945 0.114024 0.986556 0.115837
0.979986 0.114048 0.986600 0.115856
0.980027 0.114072 0.986644 0.115875
0.980069 0.114095 0.986687 0.115894
0.980110 0.114118 0.986731 0.115912
0.980151 0.114142 0.986775 0.115931
0.980193 0.114165 0.986819 0.115950
0.980234 0.114188 0.986862 0.115968
0.980275 0.114211 0.986906 0.115986
0.980317 0.114234 0.986950 0.116005
0.980358 0.114257 0.986994 0.116023
0.980400 0.114280 0.987038 0.116041
0.980441 0.114303 0.987081 0.116060
0.980482 0.114326 0.987125 0.116078
0.980524 0.114349 0.987169 0.116096
0.980565 0.114372 0.987213 0.116114
0.980607 0.114394 0.987257 0.116132
0.980648 0.114417 0.987301 0.116150
0.980690 0.114439 0.987344 0.116167
0.980731 0.114462 0.987388 0.116185
0.980773 0.114484 0.987432 0.116203
0.980814 0.114507 0.987476 0.116220
0.980856 0.114529 0.987520 0.116238
0.980898 0.114551 0.987564 0.116255
0.980939 0.114573 0.987607 0.116273
0.980981 0.114595 0.987651 0.116290
0.981022 0.114617 0.987695 0.116307
0.981064 0.114639 0.987739 0.116324
0.981106 0.114661 0.987783 0.116342
0.981147 0.114683 0.987827 0.116359
0.981189 0.114705 0.987871 0.116376
0.981231 0.114727 0.987915 0.116393
0.981272 0.114748 0.987959 0.116409
0.981314 0.114770 0.988003 0.116426
0.981356 0.114791 0.988046 0.116443
0.981397 0.114813 0.988090 0.116460
0.981439 0.114834 0.988134 0.116476
0.981481 0.114856 0.988178 0.116493
0.981523 0.114877 0.988222 0.116509
0.981564 0.114898 0.988266 0.116526
0.981606 0.114919 0.988310 0.116542
0.981648 0.114940 0.988354 0.116558
0.981690 0.114961 0.988398 0.116575
0.981731 0.114982 0.988442 0.116591
0.981773 0.115003 0.988486 0.116607
0.981815 0.115024 0.988530 0.116623
0.981857 0.115045 0.988574 0.116639
0.981899 0.115066 0.988618 0.116655
0.981941 0.115086 0.988662 0.116671
0.981983 0.115107 0.988706 0.116686
0.982025 0.115127 0.988750 0.116702
0.982066 0.115148 0.988794 0.116718
0.982108 0.115168 0.988838 0.116733
0.982150 0.115189 0.988882 0.116749
0.982192 0.115209 0.988926 0.116764
0.982234 0.115229 0.988970 0.116780
0.982276 0.115249 0.989014 0.116795
0.982318 0.115269 0.989058 0.116810
0.982360 0.115289 0.989102 0.116825
0.982402 0.115309 0.989146 0.116840
0.982444 0.115329 0.989190 0.116855
0.982486 0.115349 0.989234 0.116870
0.982528 0.115369 0.989278 0.116885
0.982570 0.115389 0.989323 0.116900
0.982612 0.115408 0.989367 0.116915
0.982654 0.115428 0.989411 0.116930
0.982697 0.115448 0.989455 0.116944
0.982739 0.115467 0.989499 0.116959
0.982781 0.115486 0.989543 0.116973
0.982823 0.115506 0.989587 0.116988
0.982865 0.115525 0.989631 0.117002
0.982907 0.115544 0.989675 0.117017
0.982949 0.115563 0.989719 0.117031
0.982992 0.115583 0.989763 0.117045
0.983034 0.115602 0.989808 0.117059
0.983076 0.115621 0.989852 0.117073
0.983118 0.115639 0.989896 0.117087
0.983160 0.115658 0.989940 0.117101
0.983203 0.115677 0.989984 0.117115
0.983245 0.115696 0.990028 0.117129
0.983287 0.115715 0.990072 0.117143
0.983329 0.115733 0.990116 0.117156
0.983372 0.115752 0.990161 0.117170
0.983414 0.115770 0.990205 0.117183
0.983456 0.115789 0.990249 0.117197
0.983498 0.115807 0.990293 0.117210
0.983541 0.115825 0.990337 0.117224
0.983583 0.115843 0.990381 0.117237
0.983625 0.115862 0.990426 0.117250
0.983668 0.115880 0.990470 0.117263
0.983710 0.115898 0.990514 0.117276
0.983753 0.115916 0.990558 0.117289
0.983795 0.115934 0.990602 0.117302
0.983837 0.115952 0.990647 0.117315
0.983880 0.115969 0.990691 0.117328
0.983922 0.115987 0.990735 0.117341
0.983965 0.116005 0.990779 0.117353
0.984007 0.116022 0.990823 0.117366
0.984049 0.116040 0.990868 0.117379
0.984092 0.116057 0.990912 0.117391
0.984134 0.116075 0.990956 0.117404
0.984177 0.116092 0.991000 0.117416
0.984219 0.116109 0.991045 0.117428
0.984262 0.116127 0.991089 0.117441
0.984304 0.116144 0.991133 0.117453
0.984347 0.116161 0.991177 0.117465
0.984390 0.116178 0.991221 0.117477
0.984432 0.116195 0.991266 0.117489
0.984475 0.116212 0.991310 0.117501
0.984517 0.116229 0.991354 0.117513
0.984560 0.116245 0.991398 0.117524
0.984602 0.116262 0.991443 0.117536
0.984645 0.116279 0.991487 0.117548
0.984688 0.116295 0.991531 0.117559
0.984730 0.116312 0.991576 0.117571
0.984773 0.116328 0.991620 0.117582
0.984816 0.116345 0.991664 0.117594
0.984858 0.116361 0.991708 0.117605
0.984901 0.116377 0.991753 0.117616
0.984944 0.116394 0.991797 0.117627
0.984986 0.116410 0.991841 0.117639
0.985029 0.116426 0.991886 0.117650
0.985072 0.116442 0.991930 0.117661
0.985114 0.116458 0.991974 0.117672
0.985157 0.116474 0.992018 0.117682
0.985200 0.116490 0.992063 0.117693
0.985243 0.116506 0.992107 0.117704
0.985285 0.116521 0.992151 0.117715
0.985328 0.116537 0.992196 0.117725
0.985371 0.116552 0.992240 0.117736
0.985414 0.116568 0.992284 0.117746
0.985456 0.116583 0.992329 0.117757
0.985499 0.116599 0.992373 0.117767
0.985542 0.116614 0.992417 0.117777
0.985585 0.116630 0.992462 0.117788
0.985628 0.116645 0.992506 0.117798
0.985671 0.116660 0.992550 0.117808
0.985714 0.116675 0.992595 0.117818
0.985756 0.116690 0.992639 0.117828
0.985799 0.116705 0.992683 0.117838
0.985842 0.116720 0.992728 0.117848
0.985885 0.116735 0.992772 0.117857
0.985928 0.116750 0.992816 0.117867
0.985971 0.116764 0.992861 0.117877
0.986014 0.116779 0.992905 0.117886
0.986057 0.116793 0.992950 0.117896
0.986100 0.116808 0.992994 0.117905
0.986143 0.116822 0.993038 0.117914
0.986186 0.116837 0.993083 0.117924
0.986229 0.116851 0.993127 0.117933
0.986272 0.116865 0.993171 0.117942
0.986315 0.116880 0.993216 0.117951
0.986358 0.116894 0.993260 0.117960
0.986401 0.116908 0.993305 0.117969
0.986444 0.116922 0.993349 0.117978
0.986487 0.116936 0.993393 0.117987
0.986530 0.116950 0.993438 0.117996
0.986573 0.116964 0.993482 0.118005
0.986616 0.116977 0.993527 0.118013
0.986659 0.116991 0.993571 0.118022
0.986702 0.117005 0.993615 0.118030
0.986745 0.117018 0.993660 0.118039
0.986788 0.117032 0.993704 0.118047
0.986832 0.117045 0.993749 0.118056
0.986875 0.117059 0.993793 0.118064
0.986918 0.117072 0.993837 0.118072
0.986961 0.117085 0.993882 0.118080
0.987004 0.117098 0.993926 0.118088
0.987047 0.117112 0.993971 0.118096
0.987091 0.117125 0.994015 0.118104
0.987134 0.117138 0.994059 0.118112
0.987177 0.117151 0.994104 0.118120
0.987220 0.117164 0.994148 0.118128
0.987263 0.117176 0.994193 0.118135
0.987307 0.117189 0.994237 0.118143
0.987350 0.117202 0.994282 0.118151
0.987393 0.117214 0.994326 0.118158
0.987436 0.117227 0.994371 0.118165
0.987480 0.117240 0.994415 0.118173
0.987523 0.117252 0.994459 0.118180
0.987566 0.117264 0.994504 0.118187
0.987609 0.117277 0.994548 0.118195
0.987653 0.117289 0.994593 0.118202
0.987696 0.117301 0.994637 0.118209
0.987739 0.117313 0.994682 0.118216
0.987783 0.117325 0.994726 0.118223
0.987826 0.117337 0.994771 0.118229
0.987869 0.117349 0.994815 0.118236
0.987913 0.117361 0.994859 0.118243
0.987956 0.117373 0.994904 0.118250
0.988000 0.117385 0.994948 0.118256
0.988043 0.117396 0.994993 0.118263
0.988086 0.117408 0.995037 0.118269
0.988130 0.117420 0.995082 0.118275
0.988173 0.117431 0.995126 0.118282
0.988217 0.117442 0.995171 0.118288
0.988260 0.117454 0.995215 0.118294
0.988303 0.117465 0.995260 0.118300
0.988347 0.117476 0.995304 0.118306
0.988390 0.117488 0.995349 0.118312
0.988434 0.117499 0.995393 0.118318
0.988477 0.117510 0.995438 0.118324
0.988521 0.117521 0.995482 0.118330
0.988564 0.117532 0.995526 0.118336
0.988608 0.117543 0.995571 0.118341
0.988651 0.117553 0.995615 0.118347
0.988695 0.117564 0.995660 0.118353
0.988738 0.117575 0.995704 0.118358
0.988782 0.117585 0.995749 0.118364
0.988825 0.117596 0.995793 0.118369
0.988869 0.117606 0.995838 0.118374
0.988913 0.117617 0.995882 0.118379
0.988956 0.117627 0.995927 0.118385
0.989000 0.117637 0.995971 0.118390
0.989043 0.117648 0.996016 0.118395
0.989087 0.117658 0.996060 0.118400
0.989130 0.117668 0.996105 0.118405
0.989174 0.117678 0.996149 0.118409
0.989218 0.117688 0.996194 0.118414
0.989261 0.117698 0.996238 0.118419
0.989305 0.117708 0.996283 0.118423
0.989349 0.117718 0.996327 0.118428
0.989392 0.117727 0.996372 0.118433
0.989436 0.117737 0.996416 0.118437
0.989480 0.117746 0.996461 0.118441
0.989523 0.117756 0.996505 0.118446
0.989567 0.117765 0.996550 0.118450
0.989611 0.117775 0.996594 0.118454
0.989654 0.117784 0.996639 0.118458
0.989698 0.117794 0.996683 0.118462
0.989742 0.117803 0.996728 0.118466
0.989786 0.117812 0.996772 0.118470
0.989829 0.117821 0.996817 0.118474
0.989873 0.117830 0.996861 0.118478
0.989917 0.117839 0.996906 0.118482
0.989961 0.117848 0.996950 0.118485
0.990004 0.117857 0.996995 0.118489
0.990048 0.117865 0.997039 0.118493
0.990092 0.117874 0.997084 0.118496
0.990136 0.117883 0.997128 0.118499
0.990179 0.117891 0.997173 0.118503
0.990223 0.117900 0.997217 0.118506
0.990267 0.117908 0.997262 0.118509
0.990311 0.117917 0.997306 0.118512
0.990355 0.117925 0.997351 0.118516
0.990399 0.117933 0.997395 0.118519
0.990442 0.117942 0.997440 0.118522
0.990486 0.117950 0.997484 0.118524
0.990530 0.117958 0.997529 0.118527
0.990574 0.117966 0.997573 0.118530
0.990618 0.117974 0.997618 0.118533
0.990662 0.117982 0.997663 0.118535
0.990706 0.117989 0.997707 0.118538
0.990750 0.117997 0.997752 0.118541
0.990794 0.118005 0.997796 0.118543
0.990837 0.118013 0.997841 0.118545
0.990881 0.118020 0.997885 0.118548
0.990925 0.118028 0.997930 0.118550
0.990969 0.118035 0.997974 0.118552
0.991013 0.118042 0.998019 0.118554
0.991057 0.118050 0.998063 0.118556
0.991101 0.118057 0.998108 0.118558
0.991145 0.118064 0.998152 0.118560
0.991189 0.118071 0.998197 0.118562
0.991233 0.118078 0.998241 0.118564
0.991277 0.118085 0.998286 0.118566
0.991321 0.118092 0.998330 0.118567
0.991365 0.118099 0.998375 0.118569
0.991409 0.118106 0.998419 0.118571
0.991453 0.118113 0.998464 0.118572
0.991497 0.118119 0.998508 0.118573
0.991541 0.118126 0.998553 0.118575
0.991585 0.118133 0.998597 0.118576
0.991629 0.118139 0.998642 0.118577
0.991673 0.118145 0.998686 0.118579
0.991717 0.118152 0.998731 0.118580
0.991761 0.118158 0.998775 0.118581
0.991806 0.118164 0.998820 0.118582
0.991850 0.118170 0.998864 0.118583
0.991894 0.118177 0.998909 0.118583
0.991938 0.118183 0.998953 0.118584
0.991982 0.118189 0.998998 0.118585
0.992026 0.118195 0.999042 0.118586
0.992070 0.118200 0.999087 0.118586
0.992114 0.118206 0.999131 0.118587
0.992158 0.118212 0.999176 0.118587
0.992203 0.118218 0.999220 0.118588
0.992247 0.118223 0.999265 0.118588
0.992291 0.118229 0.999309 0.118588
0.992335 0.118234 0.999354 0.118588
0.992379 0.118240 0.999398 0.118589
0.992423 0.118245 0.999443 0.118589
0.992468 0.118250 0.999487 0.118589
0.992512 0.118255 0.999532 0.118589
0.992556 0.118261 0.999576 0.118588
0.992600 0.118266 0.999621 0.118588
0.992644 0.118271 0.999665 0.118588
0.992689 0.118276 0.999710 0.118588
0.992733 0.118281 0.999754 0.118587
0.992777 0.118285 0.999799 0.118587
0.992821 0.118290 0.999843 0.118586
0.992866 0.118295 0.999888 0.118586
0.992910 0.118300 0.999932 0.118585
0.992954 0.118304 0.999977 0.118585
0.992998 0.118309 1.000021 0.118584
0.993043 0.118313 1.000066 0.118583
0.993087 0.118317 1.000110 0.118582
0.993131 0.118322 1.000155 0.118581
0.993175 0.118326 1.000199 0.118580
0.993220 0.118330 1.000244 0.118579
0.993264 0.118334 1.000288 0.118578
0.993308 0.118338 1.000333 0.118577
0.993353 0.118342 1.000377 0.118576
0.993397 0.118346 1.000422 0.118574
0.993441 0.118350 1.000466 0.118573
0.993486 0.118354 1.000511 0.118571
0.993530 0.118358 1.000555 0.118570
0.993574 0.118362 1.000600 0.118568
0.993619 0.118365 1.000644 0.118567
0.993663 0.118369 1.000688 0.118565
0.993707 0.118372 1.000733 0.118563
0.993752 0.118376 1.000777 0.118561
0.993796 0.118379 1.000822 0.118559
0.993841 0.118382 1.000866 0.118557
0.993885 0.118386 1.000911 0.118555
0.993929 0.118389 1.000955 0.118553
0.993974 0.118392 1.001000 0.118551
0.994018 0.118395 1.001044 0.118549
0.994063 0.118398 1.001089 0.118547
0.994107 0.118401 1.001133 0.118544
0.994151 0.118404 1.001178 0.118542
0.994196 0.118407 1.001222 0.118539
0.994240 0.118409 1.001266 0.118537
0.994285 0.118412 1.001311 0.118534
0.994329 0.118415 1.001355 0.118532
0.994374 0.118417 1.001400 0.118529
0.994418 0.118420 1.001444 0.118526
0.994463 0.118422 1.001489 0.118523
0.994507 0.118424 1.001533 0.118520
0.994551 0.118427 1.001578 0.118517
0.994596 0.118429 1.001622 0.118514
0.994640 0.118431 1.001666 0.118511
0.994685 0.118433 1.001711 0.118508
0.994729 0.118435 1.001755 0.118505
0.994774 0.118437 1.001800 0.118502
0.994818 0.118439 1.001844 0.118498
0.994863 0.118441 1.001889 0.118495
0.994908 0.118443 1.001933 0.118491
0.994952 0.118444 1.001977 0.118488
0.994997 0.118446 1.002022 0.118484
0.995041 0.118448 1.002066 0.118480
0.995086 0.118449 1.002111 0.118477
0.995130 0.118451 1.002155 0.118473
0.995175 0.118452 1.002199 0.118469
0.995219 0.118453 1.002244 0.118465
0.995264 0.118455 1.002288 0.118461
0.995308 0.118456 1.002333 0.118457
0.995353 0.118457 1.002377 0.118453
0.995398 0.118458 1.002421 0.118449
0.995442 0.118459 1.002466 0.118445
0.995487 0.118460 1.002510 0.118440
0.995531 0.118461 1.002555 0.118436
0.995576 0.118462 1.002599 0.118431
0.995621 0.118463 1.002643 0.118427
0.995665 0.118463 1.002688 0.118422
0.995710 0.118464 1.002732 0.118418
0.995754 0.118465 1.002777 0.118413
0.995799 0.118465 1.002821 0.118408
0.995844 0.118465 1.002865 0.118403
0.995888 0.118466 1.002910 0.118399
0.995933 0.118466 1.002954 0.118394
0.995978 0.118466 1.002998 0.118389
0.996022 0.118467 1.003043 0.118384
0.996067 0.118467 1.003087 0.118378
0.996112 0.118467 1.003131 0.118373
0.996156 0.118467 1.003176 0.118368
0.996201 0.118467 1.003220 0.118363
0.996246 0.118467 1.003264 0.118357
0.996290 0.118466 1.003309 0.118352
0.996335 0.118466 1.003353 0.118346
0.996380 0.118466 1.003398 0.118341
0.996424 0.118466 1.003442 0.118335
0.996469 0.118465 1.003486 0.118329
0.996514 0.118465 1.003531 0.118324
0.996558 0.118464 1.003575 0.118318
0.996603 0.118463 1.003619 0.118312
0.996648 0.118463 1.003663 0.118306
0.996693 0.118462 1.003708 0.118300
0.996737 0.118461 1.003752 0.118294
0.996782 0.118460 1.003796 0.118288
0.996827 0.118459 1.003841 0.118282
0.996872 0.118458 1.003885 0.118275
0.996916 0.118457 1.003929 0.118269
0.996961 0.118456 1.003974 0.118263
0.997006 0.118455 1.004018 0.118256
0.997051 0.118454 1.004062 0.118250
0.997095 0.118452 1.004107 0.118243
0.997140 0.118451 1.004151 0.118236
0.997185 0.118449 1.004195 0.118230
0.997230 0.118448 1.004239 0.118223
0.997274 0.118446 1.004284 0.118216
0.997319 0.118445 1.004328 0.118209
0.997364 0.118443 1.004372 0.118202
0.997409 0.118441 1.004417 0.118195
0.997454 0.118439 1.004461 0.118188
0.997498 0.118437 1.004505 0.118181
0.997543 0.118435 1.004549 0.118174
0.997588 0.118433 1.004594 0.118167
0.997633 0.118431 1.004638 0.118159
0.997678 0.118429 1.004682 0.118152
0.997722 0.118427 1.004726 0.118144
0.997767 0.118425 1.004771 0.118137
0.997812 0.118422 1.004815 0.118129
0.997857 0.118420 1.004859 0.118122
0.997902 0.118417 1.004903 0.118114
0.997947 0.118415 1.004947 0.118106
0.997991 0.118412 1.004992 0.118098
0.998036 0.118410 1.005036 0.118091
0.998081 0.118407 1.005080 0.118083
0.998126 0.118404 1.005124 0.118075
0.998171 0.118401 1.005169 0.118066
0.998216 0.118398 1.005213 0.118058
0.998261 0.118395 1.005257 0.118050
0.998305 0.118392 1.005301 0.118042
0.998350 0.118389 1.005345 0.118034
0.998395 0.118386 1.005390 0.118025
0.998440 0.118383 1.005434 0.118017
0.998485 0.118379 1.005478 0.118008
0.998530 0.118376 1.005522 0.118000
0.998575 0.118373 1.005566 0.117991
0.998620 0.118369 1.005610 0.117982
0.998665 0.118366 1.005655 0.117973
0.998709 0.118362 1.005699 0.117965
0.998754 0.118358 1.005743 0.117956
0.998799 0.118355 1.005787 0.117947
0.998844 0.118351 1.005831 0.117938
0.998889 0.118347 1.005875 0.117929
0.998934 0.118343 1.005920 0.117920
0.998979 0.118339 1.005964 0.117910
0.999024 0.118335 1.006008 0.117901
0.999069 0.118331 1.006052 0.117892
0.999114 0.118327 1.006096 0.117882
0.999159 0.118322 1.006140 0.117873
0.999204 0.118318 1.006184 0.117863
0.999249 0.118314 1.006228 0.117854
0.999293 0.118309 1.006273 0.117844
0.999338 0.118305 1.006317 0.117835
0.999383 0.118300 1.006361 0.117825
0.999428 0.118295 1.006405 0.117815
0.999473 0.118291 1.006449 0.117805
0.999518 0.118286 1.006493 0.117795
0.999563 0.118281 1.006537 0.117785
0.999608 0.118276 1.006581 0.117775
0.999653 0.118271 1.006625 0.117765
0.999698 0.118266 1.006669 0.117755
0.999743 0.118261 1.006713 0.117744
0.999788 0.118256 1.006758 0.117734
0.999833 0.118251 1.006802 0.117724
0.999878 0.118246 1.006846 0.117713
0.999923 0.118240 1.006890 0.117703
0.999968 0.118235 1.006934 0.117692
1.000013 0.118229 1.006978 0.117682
1.000058 0.118224 1.007022 0.117671
1.000103 0.118218 1.007066 0.117660
1.000148 0.118213 1.007110 0.117649
1.000193 0.118207 1.007154 0.117638
1.000238 0.118201 1.007198 0.117628
1.000283 0.118195 1.007242 0.117617
1.000328 0.118189 1.007286 0.117605
1.000373 0.118183 1.007330 0.117594
1.000418 0.118177 1.007374 0.117583
1.000463 0.118171 1.007418 0.117572
1.000508 0.118165 1.007462 0.117561
1.000553 0.118159 1.007506 0.117549
1.000598 0.118153 1.007550 0.117538
1.000643 0.118146 1.007594 0.117526
1.000688 0.118140 1.007638 0.117515
1.000733 0.118134 1.007682 0.117503
1.000778 0.118127 1.007726 0.117491
1.000823 0.118120 1.007770 0.117480
1.000868 0.118114 1.007814 0.117468
1.000913 0.118107 1.007858 0.117456
1.000958 0.118100 1.007902 0.117444
1.001003 0.118093 1.007945 0.117432
1.001049 0.118086 1.007989 0.117420
1.001094 0.118079 1.008033 0.117408
1.001139 0.118072 1.008077 0.117396
1.001184 0.118065 1.008121 0.117384
1.001229 0.118058 1.008165 0.117371
1.001274 0.118051 1.008209 0.117359
1.001319 0.118044 1.008253 0.117347
1.001364 0.118036 1.008297 0.117334
1.001409 0.118029 1.008341 0.117322
1.001454 0.118021 1.008385 0.117309
1.001499 0.118014 1.008428 0.117296
1.001544 0.118006 1.008472 0.117284
1.001589 0.117999 1.008516 0.117271
1.001634 0.117991 1.008560 0.117258
1.001679 0.117983 1.008604 0.117245
1.001725 0.117975 1.008648 0.117232
1.001770 0.117967 1.008692 0.117219
1.001815 0.117959 1.008735 0.117206
1.001860 0.117951 1.008779 0.117193
1.001905 0.117943 1.008823 0.117180
1.001950 0.117935 1.008867 0.117166
1.001995 0.117927 1.008911 0.117153
1.002040 0.117918 1.008954 0.117140
1.002085 0.117910 1.008998 0.117126
1.002130 0.117902 1.009042 0.117113
1.002175 0.117893 1.009086 0.117099
1.002221 0.117884 1.009130 0.117085
1.002266 0.117876 1.009173 0.117072
1.002311 0.117867 1.009217 0.117058
1.002356 0.117858 1.009261 0.117044
1.002401 0.117850 1.009305 0.117030
1.002446 0.117841 1.009349 0.117016
1.002491 0.117832 1.009392 0.117002
1.002536 0.117823 1.009436 0.116988
1.002581 0.117814 1.009480 0.116974
1.002626 0.117805 1.009524 0.116960
1.002672 0.117795 1.009567 0.116946
1.002717 0.117786 1.009611 0.116931
1.002762 0.117777 1.009655 0.116917
1.002807 0.117768 1.009698 0.116902
1.002852 0.117758 1.009742 0.116888
1.002897 0.117749 1.009786 0.116873
1.002942 0.117739 1.009830 0.116859
1.002987 0.117729 1.009873 0.116844
1.003033 0.117720 1.009917 0.116829
1.003078 0.117710 1.009961 0.116815
1.003123 0.117700 1.010004 0.116800
1.003168 0.117690 1.010048 0.116785
1.003213 0.117680 1.010092 0.116770
1.003258 0.117670 1.010135 0.116755
1.003303 0.117660 1.010179 0.116740
1.003348 0.117650 1.010223 0.116724
1.003394 0.117640 1.010266 0.116709
1.003439 0.117630 1.010310 0.116694
1.003484 0.117619 1.010353 0.116679
1.003529 0.117609 1.010397 0.116663
1.003574 0.117598 1.010441 0.116648
1.003619 0.117588 1.010484 0.116632
1.003664 0.117577 1.010528 0.116617
1.003709 0.117567 1.010571 0.116601
1.003755 0.117556 1.010615 0.116585
1.003800 0.117545 1.010659 0.116569
1.003845 0.117534 1.010702 0.116554
1.003890 0.117524 1.010746 0.116538
1.003935 0.117513 1.010789 0.116522
1.003980 0.117502 1.010833 0.116506
1.004025 0.117491 1.010876 0.116490
1.004071 0.117479 1.010920 0.116474
1.004116 0.117468 1.010963 0.116457
1.004161 0.117457 1.011007 0.116441
1.004206 0.117446 1.011051 0.116425
1.004251 0.117434 1.011094 0.116408
1.004296 0.117423 1.011138 0.116392
1.004341 0.117411 1.011181 0.116375
1.004387 0.117400 1.011225 0.116359
1.004432 0.117388 1.011268 0.116342
1.004477 0.117376 1.011312 0.116326
1.004522 0.117365 1.011355 0.116309
1.004567 0.117353 1.011398 0.116292
1.004612 0.117341 1.011442 0.116275
1.004657 0.117329 1.011485 0.116258
1.004703 0.117317 1.011529 0.116241
1.004748 0.117305 1.011572 0.116224
1.004793 0.117293 1.011616 0.116207
1.004838 0.117280 1.011659 0.116190
1.004883 0.117268 1.011703 0.116173
1.004928 0.117256 1.011746 0.116155
1.004973 0.117243 1.011789 0.116138
1.005019 0.117231 1.011833 0.116121
1.005064 0.117218 1.011876 0.116103
1.005109 0.117206 1.011920 0.116086
1.005154 0.117193 1.011963 0.116068
1.005199 0.117180 1.012006 0.116051
1.005244 0.117168 1.012050 0.116033
1.005289 0.117155 1.012093 0.116015
1.005335 0.117142 1.012136 0.115997
1.005380 0.117129 1.012180 0.115979
1.005425 0.117116 1.012223 0.115961
1.005470 0.117103 1.012266 0.115943
1.005515 0.117090 1.012310 0.115925
1.005560 0.117076 1.012353 0.115907
1.005606 0.117063 1.012396 0.115889
1.005651 0.117050 1.012440 0.115871
1.005696 0.117036 1.012483 0.115853
1.005741 0.117023 1.012526 0.115834
1.005786 0.117009 1.012569 0.115816
1.005831 0.116996 1.012613 0.115797
1.005876 0.116982 1.012656 0.115779
1.005922 0.116969 1.012699 0.115760
1.005967 0.116955 1.012742 0.115741
1.006012 0.116941 1.012786 0.115723
1.006057 0.116927 1.012829 0.115704
1.006102 0.116913 1.012872 0.115685
1.006147 0.116899 1.012915 0.115666
1.006192 0.116885 1.012959 0.115647
1.006237 0.116871 1.013002 0.115628
1.006283 0.116857 1.013045 0.115609
1.006328 0.116842 1.013088 0.115590
1.006373 0.116828 1.013131 0.115571
1.006418 0.116814 1.013175 0.115552
1.006463 0.116799 1.013218 0.115532
1.006508 0.116785 1.013261 0.115513
1.006553 0.116770 1.013304 0.115493
1.006599 0.116755 1.013347 0.115474
1.006644 0.116741 1.013390 0.115454
1.006689 0.116726 1.013433 0.115435
1.006734 0.116711 1.013477 0.115415
1.006779 0.116696 1.013520 0.115395
1.006824 0.116681 1.013563 0.115376
1.006869 0.116666 1.013606 0.115356
1.006914 0.116651 1.013649 0.115336
1.006960 0.116636 1.013692 0.115316
1.007005 0.116621 1.013735 0.115296
1.007050 0.116605 1.013778 0.115276
1.007095 0.116590 1.013821 0.115256
1.007140 0.116575 1.013864 0.115235
1.007185 0.116559 1.013907 0.115215
1.007230 0.116544 1.013950 0.115195
1.007275 0.116528 1.013993 0.115174
1.007321 0.116512 1.014036 0.115154
1.007366 0.116497 1.014079 0.115133
1.007411 0.116481 1.014122 0.115113
1.007456 0.116465 1.014165 0.115092
1.007501 0.116449 1.014208 0.115072
1.007546 0.116433 1.014251 0.115051
1.007591 0.116417 1.014294 0.115030
1.007636 0.116401 1.014337 0.115009
1.007681 0.116385 1.014380 0.114988
1.007727 0.116369 1.014423 0.114967
1.007772 0.116352 1.014466 0.114946
1.007817 0.116336 1.014509 0.114925
1.007862 0.116320 1.014552 0.114904
1.007907 0.116303 1.014595 0.114883
1.007952 0.116287 1.014638 0.114862
1.007997 0.116270 1.014681 0.114840
1.008042 0.116254 1.014724 0.114819
1.008087 0.116237 1.014766 0.114797
1.008132 0.116220 1.014809 0.114776
1.008177 0.116203 1.014852 0.114754
1.008223 0.116186 1.014895 0.114733
1.008268 0.116169 1.014938 0.114711
1.008313 0.116152 1.014981 0.114689
1.008358 0.116135 1.015024 0.114667
1.008403 0.116118 1.015066 0.114646
1.008448 0.116101 1.015109 0.114624
1.008493 0.116084 1.015152 0.114602
1.008538 0.116066 1.015195 0.114580
1.008583 0.116049 1.015238 0.114558
1.008628 0.116031 1.015280 0.114535
1.008673 0.116014 1.015323 0.114513
1.008718 0.115996 1.015366 0.114491
1.008763 0.115979 1.015409 0.114469
1.008808 0.115961 1.015451 0.114446
1.008853 0.115943 1.015494 0.114424
1.008899 0.115925 1.015537 0.114401
1.008944 0.115908 1.015580 0.114379
1.008989 0.115890 1.015622 0.114356
1.009034 0.115872 1.015665 0.114333
1.009079 0.115854 1.015708 0.114311
1.009124 0.115835 1.015750 0.114288
1.009169 0.115817 1.015793 0.114265
1.009214 0.115799 1.015836 0.114242
1.009259 0.115781 1.015878 0.114219
1.009304 0.115762 1.015921 0.114196
1.009349 0.115744 1.015964 0.114173
1.009394 0.115725 1.016006 0.114150
1.009439 0.115707 1.016049 0.114127
1.009484 0.115688 1.016091 0.114103
1.009529 0.115669 1.016134 0.114080
1.009574 0.115651 1.016177 0.114057
1.009619 0.115632 1.016219 0.114033
1.009664 0.115613 1.016262 0.114010
1.009709 0.115594 1.016304 0.113986
1.009754 0.115575 1.016347 0.113963
1.009799 0.115556 1.016389 0.113939
1.009844 0.115537 1.016432 0.113915
1.009889 0.115518 1.016475 0.113891
1.009934 0.115498 1.016517 0.113868
1.009979 0.115479 1.016560 0.113844
1.010024 0.115460 1.016602 0.113820
1.010069 0.115440 1.016645 0.113796
1.010114 0.115421 1.016687 0.113772
1.010159 0.115401 1.016729 0.113747
1.010204 0.115382 1.016772 0.113723
1.010249 0.115362 1.016814 0.113699
1.010294 0.115342 1.016857 0.113675
1.010339 0.115322 1.016899 0.113650
1.010384 0.115302 1.016942 0.113626
1.010429 0.115283 1.016984 0.113601
1.010474 0.115263 1.017027 0.113577
1.010519 0.115242 1.017069 0.113552
1.010564 0.115222 1.017111 0.113528
1.010609 0.115202 1.017154 0.113503
1.010654 0.115182 1.017196 0.113478
1.010699 0.115162 1.017238 0.113453
1.010744 0.115141 1.017281 0.113428
1.010789 0.115121 1.017323 0.113403
1.010833 0.115100 1.017365 0.113378
1.010878 0.115080 1.017408 0.113353
1.010923 0.115059 1.017450 0.113328
1.010968 0.115039 1.017492 0.113303
1.011013 0.115018 1.017535 0.113278
1.011058 0.114997 1.017577 0.113253
1.011103 0.114976 1.017619 0.113227
1.011148 0.114955 1.017661 0.113202
1.011193 0.114934 1.017704 0.113176
1.011238 0.114913 1.017746 0.113151
1.011283 0.114892 1.017788 0.113125
1.011328 0.114871 1.017830 0.113100
1.011372 0.114850 1.017873 0.113074
1.011417 0.114828 1.017915 0.113048
1.011462 0.114807 1.017957 0.113022
1.011507 0.114786 1.017999 0.112997
1.011552 0.114764 1.018041 0.112971
1.011597 0.114743 1.018084 0.112945
1.011642 0.114721 1.018126 0.112919
1.011687 0.114699 1.018168 0.112892
1.011732 0.114678 1.018210 0.112866
1.011776 0.114656 1.018252 0.112840
1.011821 0.114634 1.018294 0.112814
1.011866 0.114612 1.018336 0.112788
1.011911 0.114590 1.018378 0.112761
1.011956 0.114568 1.018421 0.112735
1.012001 0.114546 1.018463 0.112708
1.012045 0.114524 1.018505 0.112682
1.012090 0.114502 1.018547 0.112655
1.012135 0.114480 1.018589 0.112628
1.012180 0.114457 1.018631 0.112602
1.012225 0.114435 1.018673 0.112575
1.012270 0.114412 1.018715 0.112548
1.012314 0.114390 1.018757 0.112521
1.012359 0.114367 1.018799 0.112494
1.012404 0.114345 1.018841 0.112467
1.012449 0.114322 1.018883 0.112440
1.012494 0.114299 1.018925 0.112413
1.012538 0.114276 1.018967 0.112386
1.012583 0.114254 1.019009 0.112359
1.012628 0.114231 1.019051 0.112331
1.012673 0.114208 1.019093 0.112304
1.012718 0.114185 1.019134 0.112276
1.012762 0.114161 1.019176 0.112249
1.012807 0.114138 1.019218 0.112222
1.012852 0.114115 1.019260 0.112194
1.012897 0.114092 1.019302 0.112166
1.012941 0.114068 1.019344 0.112139
1.012986 0.114045 1.019386 0.112111
1.013031 0.114021 1.019428 0.112083
1.013076 0.113998 1.019469 0.112055
1.013120 0.113974 1.019511 0.112027
1.013165 0.113951 1.019553 0.111999
1.013210 0.113927 1.019595 0.111971
1.013255 0.113903 1.019637 0.111943
1.013299 0.113879 1.019678 0.111915
1.013344 0.113855 1.019720 0.111887
1.013389 0.113831 1.019762 0.111859
1.013433 0.113807 1.019804 0.111830
1.013478 0.113783 1.019845 0.111802
1.013523 0.113759 1.019887 0.111773
1.013568 0.113735 1.019929 0.111745
1.013612 0.113711 1.019971 0.111716
1.013657 0.113686 1.020012 0.111688
1.013702 0.113662 1.020054 0.111659
1.013746 0.113637 1.020096 0.111630
1.013791 0.113613 1.020137 0.111602
1.013836 0.113588 1.020179 0.111573
1.013880 0.113564 1.020221 0.111544
1.013925 0.113539 1.020262 0.111515
1.013970 0.113514 1.020304 0.111486
1.014014 0.113489 1.020345 0.111457
1.014059 0.113464 1.020387 0.111428
1.014103 0.113440 1.020429 0.111399
1.014148 0.113415 1.020470 0.111370
1.014193 0.113389 1.020512 0.111340
1.014237 0.113364 1.020553 0.111311
1.014282 0.113339 1.020595 0.111282
1.014327 0.113314 1.020636 0.111252
1.014371 0.113289 1.020678 0.111223
1.014416 0.113263 1.020719 0.111193
1.014460 0.113238 1.020761 0.111163
1.014505 0.113212 1.020802 0.111134
1.014549 0.113187 1.020844 0.111104
1.014594 0.113161 1.020885 0.111074
1.014639 0.113135 1.020927 0.111044
1.014683 0.113110 1.020968 0.111015
1.014728 0.113084 1.021009 0.110985
1.014772 0.113058 1.021051 0.110955
1.014817 0.113032 1.021092 0.110925
1.014861 0.113006 1.021134 0.110894
1.014906 0.112980 1.021175 0.110864
1.014950 0.112954 1.021216 0.110834
1.014995 0.112928 1.021258 0.110804
1.015040 0.112902 1.021299 0.110773
1.015084 0.112875 1.021340 0.110743
1.015129 0.112849 1.021382 0.110713
1.015173 0.112823 1.021423 0.110682
1.015218 0.112796 1.021464 0.110652
1.015262 0.112770 1.021506 0.110621
1.015306 0.112743 1.021547 0.110590
1.015351 0.112716 1.021588 0.110560
1.015395 0.112690 1.021630 0.110529
1.015440 0.112663 1.021671 0.110498
1.015484 0.112636 1.021712 0.110467
1.015529 0.112609 1.021753 0.110436
1.015573 0.112582 1.021794 0.110405
1.015618 0.112555 1.021836 0.110374
1.015662 0.112528 1.021877 0.110343
1.015707 0.112501 1.021918 0.110312
1.015751 0.112474 1.021959 0.110281
1.015795 0.112447 1.022000 0.110249
1.015840 0.112419 1.022041 0.110218
1.015884 0.112392 1.022083 0.110187
1.015929 0.112365 1.022124 0.110155
1.015973 0.112337 1.022165 0.110124
1.016017 0.112310 1.022206 0.110092
1.016062 0.112282 1.022247 0.110060
1.016106 0.112254 1.022288 0.110029
1.016151 0.112227 1.022329 0.109997
1.016195 0.112199 1.022370 0.109965
1.016239 0.112171 1.022411 0.109933
1.016284 0.112143 1.022452 0.109902
1.016328 0.112115 1.022493 0.109870
1.016372 0.112087 1.022534 0.109838
1.016417 0.112059 1.022575 0.109806
1.016461 0.112031 1.022616 0.109774
1.016505 0.112003 1.022657 0.109741
1.016550 0.111974 1.022698 0.109709
1.016594 0.111946 1.022739 0.109677
1.016638 0.111918 1.022780 0.109645
1.016682 0.111889 1.022821 0.109612
1.016727 0.111861 1.022862 0.109580
1.016771 0.111832 1.022903 0.109547
1.016815 0.111804 1.022943 0.109515
1.016860 0.111775 1.022984 0.109482
1.016904 0.111746 1.023025 0.109449
1.016948 0.111717 1.023066 0.109417
1.016992 0.111688 1.023107 0.109384
1.017037 0.111660 1.023148 0.109351
1.017081 0.111631 1.023188 0.109318
1.017125 0.111602 1.023229 0.109285
1.017169 0.111572 1.023270 0.109252
1.017213 0.111543 1.023311 0.109219
1.017258 0.111514 1.023352 0.109186
1.017302 0.111485 1.023392 0.109153
1.017346 0.111455 1.023433 0.109120
1.017390 0.111426 1.023474 0.109087
1.017434 0.111397 1.023514 0.109053
1.017479 0.111367 1.023555 0.109020
1.017523 0.111337 1.023596 0.108987
1.017567 0.111308 1.023637 0.108953
1.017611 0.111278 1.023677 0.108920
1.017655 0.111248 1.023718 0.108886
1.017699 0.111219 1.023758 0.108852
1.017743 0.111189 1.023799 0.108819
1.017788 0.111159 1.023840 0.108785
1.017832 0.111129 1.023880 0.108751
1.017876 0.111099 1.023921 0.108717
1.017920 0.111069 1.023961 0.108683
1.017964 0.111038 1.024002 0.108649
1.018008 0.111008 1.024043 0.108615
1.018052 0.110978 1.024083 0.108581
1.018096 0.110948 1.024124 0.108547
1.018140 0.110917 1.024164 0.108513
1.018184 0.110887 1.024205 0.108479
1.018228 0.110856 1.024245 0.108444
1.018272 0.110826 1.024286 0.108410
1.018316 0.110795 1.024326 0.108376
1.018360 0.110764 1.024366 0.108341
1.018404 0.110733 1.024407 0.108307
1.018448 0.110703 1.024447 0.108272
1.018492 0.110672 1.024488 0.108238
1.018536 0.110641 1.024528 0.108203
1.018580 0.110610 1.024568 0.108168
1.018624 0.110579 1.024609 0.108133
1.018668 0.110548 1.024649 0.108099
1.018712 0.110516 1.024689 0.108064
1.018756 0.110485 1.024730 0.108029
1.018800 0.110454 1.024770 0.107994
1.018844 0.110423 1.024810 0.107959
1.018888 0.110391 1.024851 0.107924
1.018932 0.110360 1.024891 0.107889
1.018976 0.110328 1.024931 0.107853
1.019020 0.110297 1.024971 0.107818
1.019064 0.110265 1.025012 0.107783
1.019108 0.110233 1.025052 0.107747
1.019151 0.110201 1.025092 0.107712
1.019195 0.110170 1.025132 0.107677
1.019239 0.110138 1.025173 0.107641
1.019283 0.110106 1.025213 0.107605
1.019327 0.110074 1.025253 0.107570
1.019371 0.110042 1.025293 0.107534
1.019415 0.110010 1.025333 0.107498
1.019458 0.109977 1.025373 0.107463
1.019502 0.109945 1.025413 0.107427
1.019546 0.109913 1.025453 0.107391
1.019590 0.109880 1.025494 0.107355
1.019634 0.109848 1.025534 0.107319
1.019677 0.109816 1.025574 0.107283
1.019721 0.109783 1.025614 0.107247
1.019765 0.109750 1.025654 0.107211
1.019809 0.109718 1.025694 0.107174
1.019852 0.109685 1.025734 0.107138
1.019896 0.109652 1.025774 0.107102
1.019940 0.109619 1.025814 0.107065
1.019984 0.109587 1.025854 0.107029
1.020027 0.109554 1.025894 0.106993
1.020071 0.109521 1.025933 0.106956
1.020115 0.109488 1.025973 0.106919
1.020158 0.109454 1.026013 0.106883
1.020202 0.109421 1.026053 0.106846
1.020246 0.109388 1.026093 0.106809
1.020289 0.109355 1.026133 0.106772
1.020333 0.109321 1.026173 0.106736
1.020377 0.109288 1.026213 0.106699
1.020420 0.109254 1.026252 0.106662
1.020464 0.109221 1.026292 0.106625
1.020508 0.109187 1.026332 0.106588
1.020551 0.109154 1.026372 0.106551
1.020595 0.109120 1.026412 0.106513
1.020638 0.109086 1.026451 0.106476
1.020682 0.109052 1.026491 0.106439
1.020725 0.109019 1.026531 0.106402
1.020769 0.108985 1.026571 0.106364
1.020813 0.108951 1.026610 0.106327
1.020856 0.108917 1.026650 0.106289
1.020900 0.108882 1.026690 0.106252
1.020943 0.108848 1.026729 0.106214
1.020987 0.108814 1.026769 0.106176
1.021030 0.108780 1.026809 0.106139
1.021074 0.108745 1.026848 0.106101
1.021117 0.108711 1.026888 0.106063
1.021161 0.108676 1.026927 0.106025
1.021204 0.108642 1.026967 0.105987
1.021248 0.108607 1.027006 0.105950
1.021291 0.108573 1.027046 0.105912
1.021335 0.108538 1.027086 0.105873
1.021378 0.108503 1.027125 0.105835
1.021421 0.108468 1.027165 0.105797
1.021465 0.108434 1.027204 0.105759
1.021508 0.108399 1.027244 0.105721
1.021552 0.108364 1.027283 0.105682
1.021595 0.108329 1.027322 0.105644
1.021638 0.108294 1.027362 0.105606
1.021682 0.108258 1.027401 0.105567
1.021725 0.108223 1.027441 0.105529
1.021768 0.108188 1.027480 0.105490
1.021812 0.108153 1.027519 0.105451
1.021855 0.108117 1.027559 0.105413
1.021898 0.108082 1.027598 0.105374
1.021942 0.108046 1.027638 0.105335
1.021985 0.108011 1.027677 0.105296
1.022028 0.107975 1.027716 0.105257
1.022072 0.107939 1.027755 0.105218
1.022115 0.107904 1.027795 0.105179
1.022158 0.107868 1.027834 0.105140
1.022201 0.107832 1.027873 0.105101
1.022245 0.107796 1.027912 0.105062
1.022288 0.107760 1.027952 0.105023
1.022331 0.107724 1.027991 0.104984
1.022374 0.107688 1.028030 0.104944
1.022417 0.107652 1.028069 0.104905
1.022461 0.107616 1.028108 0.104865
1.022504 0.107579 1.028148 0.104826
1.022547 0.107543 1.028187 0.104786
1.022590 0.107507 1.028226 0.104747
1.022633 0.107470 1.028265 0.104707
1.022676 0.107434 1.028304 0.104668
1.022720 0.107397 1.028343 0.104628
1.022763 0.107361 1.028382 0.104588
1.022806 0.107324 1.028421 0.104548
1.022849 0.107287 1.028460 0.104508
1.022892 0.107250 1.028499 0.104468
1.022935 0.107214 1.028538 0.104428
1.022978 0.107177 1.028577 0.104388
1.023021 0.107140 1.028616 0.104348
1.023064 0.107103 1.028655 0.104308
1.023107 0.107066 1.028694 0.104268
1.023150 0.107028 1.028733 0.104228
1.023193 0.106991 1.028772 0.104187
1.023236 0.106954 1.028811 0.104147
1.023279 0.106917 1.028850 0.104107
1.023322 0.106879 1.028889 0.104066
1.023365 0.106842 1.028928 0.104026
1.023408 0.106805 1.028966 0.103985
1.023451 0.106767 1.029005 0.103945
1.023494 0.106729 1.029044 0.103904
1.023537 0.106692 1.029083 0.103863
1.023580 0.106654 1.029122 0.103822
1.023623 0.106616 1.029160 0.103782
1.023666 0.106579 1.029199 0.103741
1.023709 0.106541 1.029238 0.103700
1.023752 0.106503 1.029277 0.103659
1.023795 0.106465 1.029315 0.103618
1.023837 0.106427 1.029354 0.103577
1.023880 0.106389 1.029393 0.103536
1.023923 0.106351 1.029431 0.103495
1.023966 0.106312 1.029470 0.103453
1.024009 0.106274 1.029509 0.103412
1.024051 0.106236 1.029547 0.103371
1.024094 0.106197 1.029586 0.103329
1.024137 0.106159 1.029624 0.103288
1.024180 0.106120 1.029663 0.103247
1.024223 0.106082 1.029702 0.103205
1.024265 0.106043 1.029740 0.103163
1.024308 0.106005 1.029779 0.103122
1.024351 0.105966 1.029817 0.103080
1.024394 0.105927 1.029856 0.103038
1.024436 0.105888 1.029894 0.102997
1.024479 0.105849 1.029933 0.102955
1.024522 0.105810 1.029971 0.102913
1.024564 0.105771 1.030009 0.102871
1.024607 0.105732 1.030048 0.102829
1.024650 0.105693 1.030086 0.102787
1.024692 0.105654 1.030125 0.102745
1.024735 0.105615 1.030163 0.102703
1.024777 0.105576 1.030201 0.102661
1.024820 0.105536 1.030240 0.102618
1.024863 0.105497 1.030278 0.102576
1.024905 0.105457 1.030316 0.102534
1.024948 0.105418 1.030355 0.102492
1.024990 0.105378 1.030393 0.102449
1.025033 0.105339 1.030431 0.102407
1.025075 0.105299 1.030470 0.102364
1.025118 0.105259 1.030508 0.102322
1.025160 0.105219 1.030546 0.102279
1.025203 0.105180 1.030584 0.102236
1.025245 0.105140 1.030622 0.102193
1.025288 0.105100 1.030661 0.102151
1.025330 0.105060 1.030699 0.102108
1.025373 0.105020 1.030737 0.102065
1.025415 0.104979 1.030775 0.102022
1.025458 0.104939 1.030813 0.101979
1.025500 0.104899 1.030851 0.101936
1.025542 0.104859 1.030889 0.101893
1.025585 0.104818 1.030927 0.101850
1.025627 0.104778 1.030965 0.101807
1.025670 0.104737 1.031003 0.101763
1.025712 0.104697 1.031041 0.101720
1.025754 0.104656 1.031079 0.101677
1.025797 0.104616 1.031117 0.101633
1.025839 0.104575 1.031155 0.101590
1.025881 0.104534 1.031193 0.101547
1.025924 0.104493 1.031231 0.101503
1.025966 0.104453 1.031269 0.101459
1.026008 0.104412 1.031307 0.101416
1.026050 0.104371 1.031345 0.101372
1.026093 0.104330 1.031383 0.101328
1.026135 0.104289 1.031421 0.101285
1.026177 0.104247 1.031459 0.101241
1.026219 0.104206 1.031496 0.101197
1.026261 0.104165 1.031534 0.101153
1.026304 0.104124 1.031572 0.101109
1.026346 0.104082 1.031610 0.101065
1.026388 0.104041 1.031648 0.101021
1.026430 0.103999 1.031685 0.100977
1.026472 0.103958 1.031723 0.100933
1.026514 0.103916 1.031761 0.100888
1.026557 0.103875 1.031799 0.100844
1.026599 0.103833 1.031836 0.100800
1.026641 0.103791 1.031874 0.100756
1.026683 0.103749 1.031912 0.100711
1.026725 0.103708 1.031949 0.100667
1.026767 0.103666 1.031987 0.100622
1.026809 0.103624 1.032024 0.100578
1.026851 0.103582 1.032062 0.100533
1.026893 0.103539 1.032100 0.100488
1.026935 0.103497 1.032137 0.100444
1.026977 0.103455 1.032175 0.100399
1.027019 0.103413 1.032212 0.100354
1.027061 0.103371 1.032250 0.100309
1.027103 0.103328 1.032287 0.100264
1.027145 0.103286 1.032325 0.100219
1.027187 0.103243 1.032362 0.100174
1.027229 0.103201 1.032400 0.100129
1.027270 0.103158 1.032437 0.100084
1.027312 0.103116 1.032474 0.100039
1.027354 0.103073 1.032512 0.099994
1.027396 0.103030 1.032549 0.099949
1.027438 0.102987 1.032587 0.099903
1.027480 0.102944 1.032624 0.099858
1.027522 0.102901 1.032661 0.099813
1.027563 0.102858 1.032699 0.099767
1.027605 0.102815 1.032736 0.099722
1.027647 0.102772 1.032773 0.099676
1.027689 0.102729 1.032810 0.099630
1.027730 0.102686 1.032848 0.099585
1.027772 0.102643 1.032885 0.099539
1.027814 0.102599 1.032922 0.099493
1.027856 0.102556 1.032959 0.099448
1.027897 0.102513 1.032997 0.099402
1.027939 0.102469 1.033034 0.099356
1.027981 0.102426 1.033071 0.099310
1.028022 0.102382 1.033108 0.099264
1.028064 0.102338 1.033145 0.099218
1.028106 0.102295 1.033182 0.099172
1.028147 0.102251 1.033219 0.099126
1.028189 0.102207 1.033256 0.099080
1.028230 0.102163 1.033293 0.099033
1.028272 0.102119 1.033330 0.098987
1.028314 0.102075 1.033367 0.098941
1.028355 0.102031 1.033404 0.098894
1.028397 0.101987 1.033441 0.098848
1.028438 0.101943 1.033478 0.098802
1.028480 0.101899 1.033515 0.098755
1.028521 0.101855 1.033552 0.098709
1.028563 0.101811 1.033589 0.098662
1.028604 0.101766 1.033626 0.098615
1.028646 0.101722 1.033663 0.098569
1.028687 0.101677 1.033700 0.098522
1.028728 0.101633 1.033737 0.098475
1.028770 0.101588 1.033774 0.098428
1.028811 0.101544 1.033810 0.098381
1.028853 0.101499 1.033847 0.098334
1.028894 0.101454 1.033884 0.098287
1.028935 0.101409 1.033921 0.098240
1.028977 0.101365 1.033957 0.098193
1.029018 0.101320 1.033994 0.098146
1.029059 0.101275 1.034031 0.098099
1.029101 0.101230 1.034068 0.098052
1.029142 0.101185 1.034104 0.098004
1.029183 0.101140 1.034141 0.097957
1.029225 0.101094 1.034178 0.097910
1.029266 0.101049 1.034214 0.097862
1.029307 0.101004 1.034251 0.097815
1.029348 0.100959 1.034287 0.097767
1.029389 0.100913 1.034324 0.097720
1.029431 0.100868 1.034361 0.097672
1.029472 0.100822 1.034397 0.097625
1.029513 0.100777 1.034434 0.097577
1.029554 0.100731 1.034470 0.097529
1.029595 0.100685 1.034507 0.097481
1.029636 0.100640 1.034543 0.097434
1.029677 0.100594 1.034580 0.097386
1.029719 0.100548 1.034616 0.097338
1.029760 0.100502 1.034652 0.097290
1.029801 0.100456 1.034689 0.097242
1.029842 0.100410 1.034725 0.097194
1.029883 0.100364 1.034762 0.097145
1.029924 0.100318 1.034798 0.097097
1.029965 0.100272 1.034834 0.097049
1.030006 0.100226 1.034871 0.097001
1.030047 0.100180 1.034907 0.096953
1.030088 0.100133 1.034943 0.096904
1.030129 0.100087 1.034979 0.096856
1.030170 0.100041 1.035016 0.096807
1.030210 0.099994 1.035052 0.096759
1.030251 0.099948 1.035088 0.096710
1.030292 0.099901 1.035124 0.096662
1.030333 0.099854 1.035161 0.096613
1.030374 0.099808 1.035197 0.096564
1.030415 0.099761 1.035233 0.096516
1.030456 0.099714 1.035269 0.096467
1.030496 0.099667 1.035305 0.096418
1.030537 0.099621 1.035341 0.096369
1.030578 0.099574 1.035377 0.096320
1.030619 0.099527 1.035413 0.096271
1.030660 0.099480 1.035449 0.096222
1.030700 0.099432 1.035485 0.096173
1.030741 0.099385 1.035521 0.096124
1.030782 0.099338 1.035557 0.096075
1.030822 0.099291 1.035593 0.096026
1.030863 0.099243 1.035629 0.095976
1.030904 0.099196 1.035665 0.095927
1.030944 0.099149 1.035701 0.095878
1.030985 0.099101 1.035737 0.095828
1.031026 0.099054 1.035773 0.095779
1.031066 0.099006 1.035809 0.095729
1.031107 0.098958 1.035845 0.095680
1.031147 0.098911 1.035880 0.095630
1.031188 0.098863 1.035916 0.095581
1.031229 0.098815 1.035952 0.095531
1.031269 0.098767 1.035988 0.095481
1.031310 0.098719 1.036024 0.095432
1.031350 0.098671 1.036059 0.095382
1.031391 0.098623 1.036095 0.095332
1.031431 0.098575 1.036131 0.095282
1.031471 0.098527 1.036166 0.095232
1.031512 0.098479 1.036202 0.095182
1.031552 0.098431 1.036238 0.095132
1.031593 0.098383 1.036273 0.095082
1.031633 0.098334 1.036309 0.095032
1.031673 0.098286 1.036345 0.094982
1.031714 0.098237 1.036380 0.094932
1.031754 0.098189 1.036416 0.094881
1.031794 0.098140 1.036451 0.094831
1.031835 0.098092 1.036487 0.094781
1.031875 0.098043 1.036522 0.094730
1.031915 0.097994 1.036558 0.094680
1.031956 0.097946 1.036593 0.094629
1.031996 0.097897 1.036629 0.094579
1.032036 0.097848 1.036664 0.094528
1.032076 0.097799 1.036700 0.094477
1.032116 0.097750 1.036735 0.094427
1.032157 0.097701 1.036770 0.094376
1.032197 0.097652 1.036806 0.094325
1.032237 0.097603 1.036841 0.094275
1.032277 0.097554 1.036876 0.094224
1.032317 0.097505 1.036912 0.094173
1.032357 0.097455 1.036947 0.094122
1.032397 0.097406 1.036982 0.094071
1.032437 0.097357 1.037018 0.094020
1.032478 0.097307 1.037053 0.093969
1.032518 0.097258 1.037088 0.093918
1.032558 0.097208 1.037123 0.093866
1.032598 0.097159 1.037158 0.093815
1.032638 0.097109 1.037194 0.093764
1.032678 0.097059 1.037229 0.093713
1.032717 0.097009 1.037264 0.093661
1.032757 0.096960 1.037299 0.093610
1.032797 0.096910 1.037334 0.093558
1.032837 0.096860 1.037369 0.093507
1.032877 0.096810 1.037404 0.093455
1.032917 0.096760 1.037439 0.093404
1.032957 0.096710 1.037474 0.093352
1.032997 0.096660 1.037509 0.093300
1.033037 0.096610 1.037544 0.093249
1.033076 0.096559 1.037579 0.093197
1.033116 0.096509 1.037614 0.093145
1.033156 0.096459 1.037649 0.093093
1.033196 0.096408 1.037684 0.093041
1.033235 0.096358 1.037719 0.092989
1.033275 0.096307 1.037754 0.092937
1.033315 0.096257 1.037789 0.092885
1.033355 0.096206 1.037823 0.092833
1.033394 0.096156 1.037858 0.092781
1.033434 0.096105 1.037893 0.092729
1.033474 0.096054 1.037928 0.092677
1.033513 0.096003 1.037962 0.092625
1.033553 0.095953 1.037997 0.092572
1.033592 0.095902 1.038032 0.092520
1.033632 0.095851 1.038067 0.092468
1.033672 0.095800 1.038101 0.092415
1.033711 0.095749 1.038136 0.092363
1.033751 0.095698 1.038171 0.092310
1.033790 0.095647 1.038205 0.092258
1.033830 0.095595 1.038240 0.092205
1.033869 0.095544 1.038274 0.092152
1.033909 0.095493 1.038309 0.092100
1.033948 0.095441 1.038344 0.092047
1.033987 0.095390 1.038378 0.091994
1.034027 0.095339 1.038413 0.091941
1.034066 0.095287 1.038447 0.091888
1.034106 0.095235 1.038482 0.091835
1.034145 0.095184 1.038516 0.091782
1.034184 0.095132 1.038551 0.091729
1.034224 0.095080 1.038585 0.091676
1.034263 0.095029 1.038619 0.091623
1.034302 0.094977 1.038654 0.091570
1.034341 0.094925 1.038688 0.091517
1.034381 0.094873 1.038722 0.091464
1.034420 0.094821 1.038757 0.091410
1.034459 0.094769 1.038791 0.091357
1.034498 0.094717 1.038825 0.091304
1.034538 0.094665 1.038860 0.091250
1.034577 0.094613 1.038894 0.091197
1.034616 0.094560 1.038928 0.091143
1.034655 0.094508 1.038962 0.091090
1.034694 0.094456 1.038997 0.091036
1.034733 0.094403 1.039031 0.090983
1.034772 0.094351 1.039065 0.090929
1.034811 0.094299 1.039099 0.090875
1.034850 0.094246 1.039133 0.090822
1.034889 0.094193 1.039167 0.090768
1.034928 0.094141 1.039201 0.090714
1.034967 0.094088 1.039235 0.090660
1.035006 0.094035 1.039269 0.090606
1.035045 0.093983 1.039303 0.090552
1.035084 0.093930 1.039337 0.090498
1.035123 0.093877 1.039371 0.090444
1.035162 0.093824 1.039405 0.090390
1.035201 0.093771 1.039439 0.090336
1.035240 0.093718 1.039473 0.090282
1.035279 0.093665 1.039507 0.090227
1.035318 0.093612 1.039541 0.090173
1.035356 0.093558 1.039575 0.090119
1.035395 0.093505 1.039609 0.090064
1.035434 0.093452 1.039643 0.090010
1.035473 0.093399 1.039676 0.089956
1.035511 0.093345 1.039710 0.089901
1.035550 0.093292 1.039744 0.089847
1.035589 0.093238 1.039778 0.089792
1.035628 0.093185 1.039811 0.089737
1.035666 0.093131 1.039845 0.089683
1.035705 0.093077 1.039879 0.089628
1.035743 0.093024 1.039912 0.089573
1.035782 0.092970 1.039946 0.089518
1.035821 0.092916 1.039980 0.089464
1.035859 0.092862 1.040013 0.089409
1.035898 0.092808 1.040047 0.089354
1.035936 0.092755 1.040081 0.089299
1.035975 0.092701 1.040114 0.089244
1.036013 0.092646 1.040148 0.089189
1.036052 0.092592 1.040181 0.089134
1.036090 0.092538 1.040215 0.089078
1.036129 0.092484 1.040248 0.089023
1.036167 0.092430 1.040282 0.088968
1.036206 0.092375 1.040315 0.088913
1.036244 0.092321 1.040348 0.088857
1.036282 0.092267 1.040382 0.088802
1.036321 0.092212 1.040415 0.088747
1.036359 0.092158 1.040449 0.088691
1.036397 0.092103 1.040482 0.088636
1.036436 0.092049 1.040515 0.088580
1.036474 0.091994 1.040549 0.088525
1.036512 0.091939 1.040582 0.088469
1.036551 0.091885 1.040615 0.088413
1.036589 0.091830 1.040648 0.088358
1.036627 0.091775 1.040682 0.088302
1.036665 0.091720 1.040715 0.088246
1.036703 0.091665 1.040748 0.088190
1.036742 0.091610 1.040781 0.088135
1.036780 0.091555 1.040814 0.088079
1.036818 0.091500 1.040847 0.088023
1.036856 0.091445 1.040881 0.087967
1.036894 0.091390 1.040914 0.087911
1.036932 0.091334 1.040947 0.087855
1.036970 0.091279 1.040980 0.087799
1.037008 0.091224 1.041013 0.087742
1.037046 0.091168 1.041046 0.087686
1.037084 0.091113 1.041079 0.087630
1.037122 0.091057 1.041112 0.087574
1.037160 0.091002 1.041145 0.087517
1.037198 0.090946 1.041178 0.087461
1.037236 0.090891 1.041210 0.087405
1.037274 0.090835 1.041243 0.087348
1.037312 0.090779 1.041276 0.087292
1.037349 0.090723 1.041309 0.087235
1.037387 0.090668 1.041342 0.087178
1.037425 0.090612 1.041375 0.087122
1.037463 0.090556 1.041408 0.087065
1.037501 0.090500 1.041440 0.087009
1.037538 0.090444 1.041473 0.086952
1.037576 0.090388 1.041506 0.086895
1.037614 0.090332 1.041538 0.086838
1.037652 0.090275 1.041571 0.086781
1.037689 0.090219 1.041604 0.086724
1.037727 0.090163 1.041636 0.086667
1.037765 0.090107 1.041669 0.086610
1.037802 0.090050 1.041702 0.086553
1.037840 0.089994 1.041734 0.086496
1.037877 0.089937 1.041767 0.086439
1.037915 0.089881 1.041799 0.086382
1.037952 0.089824 1.041832 0.086325
1.037990 0.089768 1.041864 0.086268
1.038028 0.089711 1.041897 0.086210
1.038065 0.089654 1.041929 0.086153
1.038102 0.089598 1.041962 0.086096
1.038140 0.089541 1.041994 0.086038
1.038177 0.089484 1.042027 0.085981
1.038215 0.089427 1.042059 0.085923
1.038252 0.089370 1.042091 0.085866
1.038290 0.089313 1.042124 0.085808
1.038327 0.089256 1.042156 0.085751
1.038364 0.089199 1.042188 0.085693
1.038401 0.089142 1.042221 0.085635
1.038439 0.089085 1.042253 0.085578
1.038476 0.089027 1.042285 0.085520
1.038513 0.088970 1.042317 0.085462
1.038551 0.088913 1.042350 0.085404
1.038588 0.088855 1.042382 0.085346
1.038625 0.088798 1.042414 0.085288
1.038662 0.088740 1.042446 0.085230
1.038699 0.088683 1.042478 0.085172
1.038736 0.088625 1.042510 0.085114
1.038773 0.088568 1.042542 0.085056
1.038811 0.088510 1.042574 0.084998
1.038848 0.088452 1.042606 0.084940
1.038885 0.088394 1.042638 0.084882
1.038922 0.088337 1.042670 0.084823
1.038959 0.088279 1.042702 0.084765
1.038996 0.088221 1.042734 0.084707
1.039033 0.088163 1.042766 0.084648
1.039070 0.088105 1.042798 0.084590
1.039107 0.088047 1.042830 0.084531
1.039143 0.087989 1.042862 0.084473
1.039180 0.087931 1.042894 0.084414
1.039217 0.087872 1.042926 0.084356
1.039254 0.087814 1.042958 0.084297
1.039291 0.087756 1.042989 0.084238
1.039328 0.087698 1.043021 0.084180
1.039365 0.087639 1.043053 0.084121
1.039401 0.087581 1.043085 0.084062
1.039438 0.087522 1.043116 0.084003
1.039475 0.087464 1.043148 0.083944
1.039511 0.087405 1.043180 0.083886
1.039548 0.087346 1.043211 0.083827
1.039585 0.087288 1.043243 0.083768
1.039621 0.087229 1.043274 0.083709
1.039658 0.087170 1.043306 0.083649
1.039695 0.087111 1.043338 0.083590
1.039731 0.087053 1.043369 0.083531
1.039768 0.086994 1.043401 0.083472
1.039804 0.086935 1.043432 0.083413
1.039841 0.086876 1.043464 0.083354
1.039877 0.086817 1.043495 0.083294
1.039914 0.086758 1.043527 0.083235
1.039950 0.086698 1.043558 0.083176
1.039987 0.086639 1.043589 0.083116
1.040023 0.086580 1.043621 0.083057
1.040060 0.086521 1.043652 0.082997
1.040096 0.086461 1.043683 0.082938
1.040132 0.086402 1.043715 0.082878
1.040169 0.086343 1.043746 0.082818
1.040205 0.086283 1.043777 0.082759
1.040241 0.086224 1.043809 0.082699
1.040278 0.086164 1.043840 0.082639
1.040314 0.086104 1.043871 0.082579
1.040350 0.086045 1.043902 0.082520
1.040386 0.085985 1.043933 0.082460
1.040422 0.085925 1.043965 0.082400
1.040459 0.085865 1.043996 0.082340
1.040495 0.085806 1.044027 0.082280
1.040531 0.085746 1.044058 0.082220
1.040567 0.085686 1.044089 0.082160
1.040603 0.085626 1.044120 0.082100
1.040639 0.085566 1.044151 0.082040
1.040675 0.085506 1.044182 0.081979
1.040711 0.085445 1.044213 0.081919
1.040747 0.085385 1.044244 0.081859
1.040783 0.085325 1.044275 0.081799
1.040819 0.085265 1.044306 0.081738
1.040855 0.085204 1.044337 0.081678
1.040891 0.085144 1.044367 0.081618
1.040927 0.085084 1.044398 0.081557
1.040963 0.085023 1.044429 0.081497
1.040999 0.084963 1.044460 0.081436
1.041034 0.084902 1.044491 0.081376
1.041070 0.084842 1.044521 0.081315
1.041106 0.084781 1.044552 0.081254
1.041142 0.084720 1.044583 0.081194
1.041177 0.084660 1.044614 0.081133
1.041213 0.084599 1.044644 0.081072
1.041249 0.084538 1.044675 0.081011
1.041285 0.084477 1.044706 0.080950
1.041320 0.084416 1.044736 0.080890
1.041356 0.084355 1.044767 0.080829
1.041391 0.084294 1.044797 0.080768
1.041427 0.084233 1.044828 0.080707
1.041463 0.084172 1.044858 0.080646
1.041498 0.084111 1.044889 0.080585
1.041534 0.084050 1.044919 0.080524
1.041569 0.083988 1.044950 0.080462
1.041605 0.083927 1.044980 0.080401
1.041640 0.083866 1.045011 0.080340
1.041676 0.083804 1.045041 0.080279
1.041711 0.083743 1.045072 0.080217
1.041746 0.083682 1.045102 0.080156
1.041782 0.083620 1.045132 0.080095
1.041817 0.083559 1.045163 0.080033
1.041852 0.083497 1.045193 0.079972
1.041888 0.083435 1.045223 0.079910
1.041923 0.083374 1.045253 0.079849
1.041958 0.083312 1.045284 0.079787
1.041993 0.083250 1.045314 0.079726
1.042029 0.083188 1.045344 0.079664
1.042064 0.083126 1.045374 0.079602
1.042099 0.083064 1.045404 0.079541
1.042134 0.083002 1.045434 0.079479
1.042169 0.082940 1.045465 0.079417
1.042204 0.082878 1.045495 0.079355
1.042240 0.082816 1.045525 0.079293
1.042275 0.082754 1.045555 0.079231
1.042310 0.082692 1.045585 0.079170
1.042345 0.082630 1.045615 0.079108
1.042380 0.082567 1.045645 0.079046
1.042415 0.082505 1.045675 0.078983
1.042450 0.082443 1.045705 0.078921
1.042485 0.082380 1.045734 0.078859
1.042519 0.082318 1.045764 0.078797
1.042554 0.082255 1.045794 0.078735
1.042589 0.082193 1.045824 0.078673
1.042624 0.082130 1.045854 0.078610
1.042659 0.082068 1.045884 0.078548
1.042694 0.082005 1.045913 0.078486
1.042728 0.081942 1.045943 0.078423
1.042763 0.081879 1.045973 0.078361
1.042798 0.081817 1.046003 0.078298
1.042833 0.081754 1.046032 0.078236
1.042867 0.081691 1.046062 0.078173
1.042902 0.081628 1.046092 0.078111
1.042937 0.081565 1.046121 0.078048
1.042971 0.081502 1.046151 0.077985
1.043006 0.081439 1.046180 0.077923
1.043040 0.081376 1.046210 0.077860
1.043075 0.081312 1.046239 0.077797
1.043109 0.081249 1.046269 0.077734
1.043144 0.081186 1.046298 0.077672
1.043178 0.081123 1.046328 0.077609
1.043213 0.081059 1.046357 0.077546
1.043247 0.080996 1.046387 0.077483
1.043282 0.080932 1.046416 0.077420
1.043316 0.080869 1.046446 0.077357
1.043350 0.080805 1.046475 0.077294
1.043385 0.080742 1.046504 0.077231
1.043419 0.080678 1.046534 0.077168
1.043453 0.080615 1.046563 0.077104
1.043488 0.080551 1.046592 0.077041
1.043522 0.080487 1.046621 0.076978
1.043556 0.080423 1.046651 0.076915
1.043590 0.080360 1.046680 0.076851
1.043625 0.080296 1.046709 0.076788
1.043659 0.080232 1.046738 0.076725
1.043693 0.080168 1.046767 0.076661
1.043727 0.080104 1.046796 0.076598
1.043761 0.080040 1.046825 0.076534
1.043795 0.079976 1.046854 0.076471
1.043829 0.079911 1.046884 0.076407
1.043863 0.079847 1.046913 0.076343
1.043897 0.079783 1.046942 0.076280
1.043931 0.079719 1.046971 0.076216
1.043965 0.079654 1.046999 0.076152
1.043999 0.079590 1.047028 0.076089
1.044033 0.079526 1.047057 0.076025
1.044067 0.079461 1.047086 0.075961
1.044101 0.079397 1.047115 0.075897
1.044134 0.079332 1.047144 0.075833
1.044168 0.079268 1.047173 0.075769
1.044202 0.079203 1.047202 0.075705
1.044236 0.079138 1.047230 0.075641
1.044270 0.079074 1.047259 0.075577
1.044303 0.079009 1.047288 0.075513
1.044337 0.078944 1.047317 0.075449
1.044371 0.078879 1.047345 0.075385
1.044404 0.078814 1.047374 0.075321
1.044438 0.078749 1.047403 0.075256
1.044472 0.078684 1.047431 0.075192
1.044505 0.078619 1.047460 0.075128
1.044539 0.078554 1.047488 0.075064
1.044572 0.078489 1.047517 0.074999
1.044606 0.078424 1.047545 0.074935
1.044639 0.078359 1.047574 0.074870
1.044673 0.078294 1.047602 0.074806
1.044706 0.078229 1.047631 0.074741
1.044739 0.078163 1.047659 0.074677
1.044773 0.078098 1.047688 0.074612
1.044806 0.078032 1.047716 0.074548
1.044840 0.077967 1.047744 0.074483
1.044873 0.077902 1.047773 0.074418
1.044906 0.077836 1.047801 0.074354
1.044939 0.077770 1.047829 0.074289
1.044973 0.077705 1.047858 0.074224
1.045006 0.077639 1.047886 0.074159
1.045039 0.077573 1.047914 0.074094
1.045072 0.077508 1.047942 0.074029
1.045105 0.077442 1.047971 0.073964
1.045138 0.077376 1.047999 0.073900
1.045172 0.077310 1.048027 0.073835
1.045205 0.077244 1.048055 0.073769
1.045238 0.077178 1.048083 0.073704
1.045271 0.077112 1.048111 0.073639
1.045304 0.077046 1.048139 0.073574
1.045337 0.076980 1.048167 0.073509
1.045370 0.076914 1.048195 0.073444
1.045403 0.076848 1.048223 0.073378
1.045435 0.076782 1.048251 0.073313
1.045468 0.076716 1.048279 0.073248
1.045501 0.076649 1.048307 0.073183
1.045534 0.076583 1.048335 0.073117
1.045567 0.076517 1.048363 0.073052
1.045600 0.076450 1.048391 0.072986
1.045632 0.076384 1.048419 0.072921
1.045665 0.076317 1.048446 0.072855
1.045698 0.076251 1.048474 0.072790
1.045731 0.076184 1.048502 0.072724
1.045763 0.076117 1.048530 0.072658
1.045796 0.076051 1.048557 0.072593
1.045828 0.075984 1.048585 0.072527
1.045861 0.075917 1.048613 0.072461
1.045894 0.075851 1.048640 0.072396
1.045926 0.075784 1.048668 0.072330
1.045959 0.075717 1.048696 0.072264
1.045991 0.075650 1.048723 0.072198
1.046024 0.075583 1.048751 0.072132
1.046056 0.075516 1.048778 0.072066
1.046088 0.075449 1.048806 0.072000
1.046121 0.075382 1.048833 0.071934
1.046153 0.075315 1.048861 0.071868
1.046186 0.075248 1.048888 0.071802
1.046218 0.075180 1.048916 0.071736
1.046250 0.075113 1.048943 0.071670
1.046282 0.075046 1.048970 0.071604
1.046315 0.074979 1.048998 0.071537
1.046347 0.074911 1.049025 0.071471
1.046379 0.074844 1.049052 0.071405
1.046411 0.074776 1.049080 0.071338
1.046443 0.074709 1.049107 0.071272
1.046476 0.074641 1.049134 0.071206
1.046508 0.074574 1.049161 0.071139
1.046540 0.074506 1.049189 0.071073
1.046572 0.074438 1.049216 0.071006
1.046604 0.074371 1.049243 0.070940
1.046636 0.074303 1.049270 0.070873
1.046668 0.074235 1.049297 0.070807
1.046700 0.074167 1.049324 0.070740
1.046732 0.074099 1.049351 0.070673
1.046763 0.074032 1.049378 0.070607
1.046795 0.073964 1.049405 0.070540
1.046827 0.073896 1.049432 0.070473
1.046859 0.073828 1.049459 0.070406
1.046891 0.073760 1.049486 0.070340
1.046923 0.073691 1.049513 0.070273
1.046954 0.073623 1.049540 0.070206
1.046986 0.073555 1.049567 0.070139
1.047018 0.073487 1.049593 0.070072
1.047049 0.073419 1.049620 0.070005
1.047081 0.073350 1.049647 0.069938
1.047113 0.073282 1.049674 0.069871
1.047144 0.073214 1.049701 0.069804
1.047176 0.073145 1.049727 0.069737
1.047207 0.073077 1.049754 0.069669
1.047239 0.073008 1.049781 0.069602
1.047270 0.072940 1.049807 0.069535
1.047302 0.072871 1.049834 0.069468
1.047333 0.072802 1.049861 0.069401
1.047365 0.072734 1.049887 0.069333
1.047396 0.072665 1.049914 0.069266
1.047427 0.072596 1.049940 0.069198
1.047459 0.072527 1.049967 0.069131
1.047490 0.072459 1.049993 0.069064
1.047521 0.072390 1.050020 0.068996
1.047553 0.072321 1.050046 0.068929
1.047584 0.072252 1.050073 0.068861
1.047615 0.072183 1.050099 0.068793
1.047646 0.072114 1.050125 0.068726
1.047677 0.072045 1.050152 0.068658
1.047709 0.071976 1.050178 0.068590
1.047740 0.071907 1.050204 0.068523
1.047771 0.071837 1.050231 0.068455
1.047802 0.071768 1.050257 0.068387
1.047833 0.071699 1.050283 0.068319
1.047864 0.071630 1.050309 0.068252
1.047895 0.071560 1.050335 0.068184
1.047926 0.071491 1.050362 0.068116
1.047957 0.071421 1.050388 0.068048
1.047988 0.071352 1.050414 0.067980
1.048019 0.071282 1.050440 0.067912
1.048049 0.071213 1.050466 0.067844
1.048080 0.071143 1.050492 0.067776
1.048111 0.071074 1.050518 0.067708
1.048142 0.071004 1.050544 0.067639
1.048173 0.070934 1.050570 0.067571
1.048203 0.070865 1.050596 0.067503
1.048234 0.070795 1.050622 0.067435
1.048265 0.070725 1.050648 0.067366
1.048295 0.070655 1.050674 0.067298
1.048326 0.070585 1.050699 0.067230
1.048356 0.070515 1.050725 0.067161
1.048387 0.070445 1.050751 0.067093
1.048418 0.070375 1.050777 0.067025
1.048448 0.070305 1.050803 0.066956
1.048479 0.070235 1.050828 0.066888
1.048509 0.070165 1.050854 0.066819
1.048539 0.070095 1.050880 0.066751
1.048570 0.070025 1.050905 0.066682
1.048600 0.069954 1.050931 0.066613
1.048631 0.069884 1.050957 0.066545
1.048661 0.069814 1.050982 0.066476
1.048691 0.069743 1.051008 0.066407
1.048721 0.069673 1.051033 0.066339
1.048752 0.069602 1.051059 0.066270
1.048782 0.069532 1.051084 0.066201
1.048812 0.069461 1.051110 0.066132
1.048842 0.069391 1.051135 0.066063
1.048872 0.069320 1.051161 0.065994
1.048903 0.069250 1.051186 0.065925
1.048933 0.069179 1.051211 0.065856
1.048963 0.069108 1.051237 0.065787
1.048993 0.069038 1.051262 0.065718
1.049023 0.068967 1.051287 0.065649
1.049053 0.068896 1.051313 0.065580
1.049083 0.068825 1.051338 0.065511
1.049113 0.068754 1.051363 0.065442
1.049143 0.068683 1.051388 0.065373
1.049172 0.068612 1.051414 0.065304
1.049202 0.068541 1.051439 0.065234
1.049232 0.068470 1.051464 0.065165
1.049262 0.068399 1.051489 0.065096
1.049292 0.068328 1.051514 0.065026
1.049321 0.068257 1.051539 0.064957
1.049351 0.068186 1.051564 0.064888
1.049381 0.068114 1.051589 0.064818
1.049411 0.068043 1.051614 0.064749
1.049440 0.067972 1.051639 0.064679
1.049470 0.067900 1.051664 0.064610
1.049499 0.067829 1.051689 0.064540
1.049529 0.067758 1.051714 0.064470
1.049558 0.067686 1.051739 0.064401
1.049588 0.067615 1.051764 0.064331
1.049617 0.067543 1.051788 0.064262
1.049647 0.067471 1.051813 0.064192
1.049676 0.067400 1.051838 0.064122
1.049706 0.067328 1.051863 0.064052
1.049735 0.067256 1.051887 0.063982
1.049764 0.067185 1.051912 0.063913
1.049794 0.067113 1.051937 0.063843
1.049823 0.067041 1.051961 0.063773
1.049852 0.066969 1.051986 0.063703
1.049882 0.066897 1.052011 0.063633
1.049911 0.066825 1.052035 0.063563
1.049940 0.066754 1.052060 0.063493
1.049969 0.066682 1.052084 0.063423
1.049998 0.066610 1.052109 0.063353
1.050027 0.066537 1.052133 0.063283
1.050056 0.066465 1.052158 0.063213
1.050085 0.066393 1.052182 0.063142
1.050114 0.066321 1.052207 0.063072
1.050143 0.066249 1.052231 0.063002
1.050172 0.066177 1.052255 0.062932
1.050201 0.066104 1.052280 0.062861
1.050230 0.066032 1.052304 0.062791
1.050259 0.065960 1.052328 0.062721
1.050288 0.065887 1.052353 0.062650
1.050317 0.065815 1.052377 0.062580
1.050346 0.065742 1.052401 0.062510
1.050374 0.065670 1.052425 0.062439
1.050403 0.065597 1.052449 0.062369
1.050432 0.065525 1.052473 0.062298
1.050460 0.065452 1.052498 0.062227
1.050489 0.065379 1.052522 0.062157
1.050518 0.065307 1.052546 0.062086
1.050546 0.065234 1.052570 0.062016
1.050575 0.065161 1.052594 0.061945
1.050604 0.065088 1.052618 0.061874
1.050632 0.065015 1.052642 0.061803
1.050661 0.064943 1.052666 0.061733
1.050689 0.064870 1.052690 0.061662
1.050717 0.064797 1.052714 0.061591
1.050746 0.064724 1.052737 0.061520
1.050774 0.064651 1.052761 0.061449
1.050803 0.064578 1.052785 0.061378
1.050831 0.064505 1.052809 0.061307
1.050859 0.064431 1.052833 0.061236
1.050888 0.064358 1.052856 0.061165
1.050916 0.064285 1.052880 0.061094
1.050944 0.064212 1.052904 0.061023
1.050972 0.064139 1.052927 0.060952
1.051000 0.064065 1.052951 0.060881
1.051028 0.063992 1.052975 0.060810
1.051057 0.063919 1.052998 0.060739
1.051085 0.063845 1.053022 0.060668
1.051113 0.063772 1.053045 0.060596
1.051141 0.063698 1.053069 0.060525
1.051169 0.063625 1.053092 0.060454
1.051197 0.063551 1.053116 0.060382
1.051225 0.063478 1.053139 0.060311
1.051253 0.063404 1.053163 0.060240
1.051280 0.063330 1.053186 0.060168
1.051308 0.063257 1.053210 0.060097
1.051336 0.063183 1.053233 0.060025
1.051364 0.063109 1.053256 0.059954
1.051392 0.063035 1.053280 0.059882
1.051419 0.062961 1.053303 0.059811
1.051447 0.062887 1.053326 0.059739
1.051475 0.062814 1.053349 0.059668
1.051503 0.062740 1.053373 0.059596
1.051530 0.062666 1.053396 0.059524
1.051558 0.062592 1.053419 0.059453
1.051585 0.062518 1.053442 0.059381
1.051613 0.062443 1.053465 0.059309
1.051640 0.062369 1.053488 0.059237
1.051668 0.062295 1.053511 0.059166
1.051695 0.062221 1.053534 0.059094
1.051723 0.062147 1.053557 0.059022
1.051750 0.062073 1.053580 0.058950
1.051778 0.061998 1.053603 0.058878
1.051805 0.061924 1.053626 0.058806
1.051832 0.061850 1.053649 0.058734
1.051860 0.061775 1.053672 0.058662
1.051887 0.061701 1.053695 0.058590
1.051914 0.061626 1.053718 0.058518
1.051941 0.061552 1.053740 0.058446
1.051968 0.061477 1.053763 0.058374
1.051996 0.061403 1.053786 0.058302
1.052023 0.061328 1.053809 0.058229
1.052050 0.061253 1.053831 0.058157
1.052077 0.061179 1.053854 0.058085
1.052104 0.061104 1.053877 0.058013
1.052131 0.061029 1.053899 0.057940
1.052158 0.060954 1.053922 0.057868
1.052185 0.060880 1.053945 0.057796
1.052212 0.060805 1.053967 0.057723
1.052239 0.060730 1.053990 0.057651
1.052266 0.060655 1.054012 0.057579
1.052292 0.060580 1.054035 0.057506
1.052319 0.060505 1.054057 0.057434
1.052346 0.060430 1.054080 0.057361
1.052373 0.060355 1.054102 0.057289
1.052399 0.060280 1.054124 0.057216
1.052426 0.060205 1.054147 0.057143
1.052453 0.060130 1.054169 0.057071
1.052479 0.060054 1.054191 0.056998
1.052506 0.059979 1.054214 0.056925
1.052533 0.059904 1.054236 0.056853
1.052559 0.059829 1.054258 0.056780
1.052586 0.059753 1.054280 0.056707
1.052612 0.059678 1.054303 0.056634
1.052639 0.059603 1.054325 0.056562
1.052665 0.059527 1.054347 0.056489
1.052691 0.059452 1.054369 0.056416
1.052718 0.059376 1.054391 0.056343
1.052744 0.059301 1.054413 0.056270
1.052770 0.059225 1.054435 0.056197
1.052797 0.059149 1.054457 0.056124
1.052823 0.059074 1.054479 0.056051
1.052849 0.058998 1.054501 0.055978
1.052875 0.058923 1.054523 0.055905
1.052902 0.058847 1.054545 0.055832
1.052928 0.058771 1.054567 0.055759
1.052954 0.058695 1.054589 0.055686
1.052980 0.058619 1.054610 0.055613
1.053006 0.058544 1.054632 0.055539
1.053032 0.058468 1.054654 0.055466
1.053058 0.058392 1.054676 0.055393
1.053084 0.058316 1.054697 0.055320
1.053110 0.058240 1.054719 0.055246
1.053136 0.058164 1.054741 0.055173
1.053162 0.058088 1.054762 0.055100
1.053188 0.058012 1.054784 0.055026
1.053213 0.057935 1.054806 0.054953
1.053239 0.057859 1.054827 0.054879
1.053265 0.057783 1.054849 0.054806
1.053291 0.057707 1.054870 0.054733
1.053316 0.057631 1.054892 0.054659
1.053342 0.057554 1.054913 0.054585
1.053368 0.057478 1.054935 0.054512
1.053393 0.057402 1.054956 0.054438
1.053419 0.057325 1.054978 0.054365
1.053445 0.057249 1.054999 0.054291
1.053470 0.057172 1.055020 0.054217
1.053496 0.057096 1.055042 0.054144
1.053521 0.057019 1.055063 0.054070
1.053546 0.056943 1.055084 0.053996
1.053572 0.056866 1.055105 0.053922
1.053597 0.056790 1.055127 0.053849
1.053623 0.056713 1.055148 0.053775
1.053648 0.056636 1.055169 0.053701
1.053673 0.056560 1.055190 0.053627
1.053699 0.056483 1.055211 0.053553
1.053724 0.056406 1.055232 0.053479
1.053749 0.056329 1.055253 0.053405
1.053774 0.056253 1.055275 0.053331
1.053799 0.056176 1.055296 0.053257
1.053824 0.056099 1.055317 0.053183
1.053849 0.056022 1.055337 0.053109
1.053875 0.055945 1.055358 0.053035
1.053900 0.055868 1.055379 0.052961
1.053925 0.055791 1.055400 0.052887
1.053950 0.055714 1.055421 0.052813
1.053974 0.055637 1.055442 0.052739
1.053999 0.055560 1.055463 0.052664
1.054024 0.055482 1.055484 0.052590
1.054049 0.055405 1.055504 0.052516
1.054074 0.055328 1.055525 0.052442
1.054099 0.055251 1.055546 0.052367
1.054123 0.055173 1.055566 0.052293
1.054148 0.055096 1.055587 0.052219
1.054173 0.055019 1.055608 0.052144
1.054198 0.054941 1.055628 0.052070
1.054222 0.054864 1.055649 0.051995
1.054247 0.054787 1.055669 0.051921
1.054271 0.054709 1.055690 0.051846
1.054296 0.054632 1.055710 0.051772
1.054320 0.054554 1.055731 0.051697
1.054345 0.054477 1.055751 0.051623
1.054369 0.054399 1.055772 0.051548
1.054394 0.054321 1.055792 0.051474
1.054418 0.054244 1.055813 0.051399
1.054443 0.054166 1.055833 0.051324
1.054467 0.054088 1.055853 0.051250
1.054491 0.054011 1.055874 0.051175
1.054516 0.053933 1.055894 0.051100
1.054540 0.053855 1.055914 0.051025
1.054564 0.053777 1.055934 0.050951
1.054588 0.053699 1.055954 0.050876
1.054612 0.053621 1.055975 0.050801
1.054636 0.053543 1.055995 0.050726
1.054661 0.053465 1.056015 0.050651
1.054685 0.053387 1.056035 0.050576
1.054709 0.053309 1.056055 0.050501
1.054733 0.053231 1.056075 0.050426
1.054757 0.053153 1.056095 0.050351
1.054781 0.053075 1.056115 0.050276
1.054805 0.052997 1.056135 0.050201
1.054828 0.052919 1.056155 0.050126
1.054852 0.052841 1.056175 0.050051
1.054876 0.052762 1.056195 0.049976
1.054900 0.052684 1.056215 0.049901
1.054924 0.052606 1.056234 0.049826
1.054947 0.052528 1.056254 0.049751
1.054971 0.052449 1.056274 0.049675
1.054995 0.052371 1.056294 0.049600
1.055018 0.052292 1.056314 0.049525
1.055042 0.052214 1.056333 0.049450
1.055066 0.052135 1.056353 0.049374
1.055089 0.052057 1.056373 0.049299
1.055113 0.051978 1.056392 0.049224
1.055136 0.051900 1.056412 0.049148
1.055160 0.051821 1.056431 0.049073
1.055183 0.051743 1.056451 0.048997
1.055206 0.051664 1.056470 0.048922
1.055230 0.051585 1.056490 0.048846
1.055253 0.051507 1.056509 0.048771
1.055276 0.051428 1.056529 0.048695
1.055300 0.051349 1.056548 0.048620
1.055323 0.051270 1.056568 0.048544
1.055346 0.051191 1.056587 0.048469
1.055369 0.051113 1.056606 0.048393
1.055393 0.051034 1.056626 0.048318
1.055416 0.050955 1.056645 0.048242
1.055439 0.050876 1.056664 0.048166
1.055462 0.050797 1.056683 0.048090
1.055485 0.050718 1.056703 0.048015
1.055508 0.050639 1.056722 0.047939
1.055531 0.050560 1.056741 0.047863
1.055554 0.050481 1.056760 0.047787
1.055577 0.050402 1.056779 0.047712
1.055600 0.050322 1.056798 0.047636
1.055622 0.050243 1.056817 0.047560
1.055645 0.050164 1.056836 0.047484
1.055668 0.050085 1.056855 0.047408
1.055691 0.050005 1.056874 0.047332
1.055713 0.049926 1.056893 0.047256
1.055736 0.049847 1.056912 0.047180
1.055759 0.049767 1.056931 0.047104
1.055781 0.049688 1.056950 0.047028
1.055804 0.049609 1.056969 0.046952
1.055827 0.049529 1.056988 0.046876
1.055849 0.049450 1.057006 0.046800
1.055872 0.049370 1.057025 0.046724
1.055894 0.049291 1.057044 0.046648
1.055917 0.049211 1.057063 0.046571
1.055939 0.049132 1.057081 0.046495
1.055961 0.049052 1.057100 0.046419
1.055984 0.048972 1.057119 0.046343
1.056006 0.048893 1.057137 0.046267
1.056028 0.048813 1.057156 0.046190
1.056051 0.048733 1.057174 0.046114
1.056073 0.048653 1.057193 0.046038
1.056095 0.048574 1.057211 0.045961
1.056117 0.048494 1.057230 0.045885
1.056139 0.048414 1.057248 0.045809
1.056161 0.048334 1.057267 0.045732
1.056183 0.048254 1.057285 0.045656
1.056205 0.048174 1.057304 0.045579
1.056227 0.048094 1.057322 0.045503
1.056249 0.048014 1.057340 0.045426
1.056271 0.047934 1.057358 0.045350
1.056293 0.047854 1.057377 0.045273
1.056315 0.047774 1.057395 0.045197
1.056337 0.047694 1.057413 0.045120
1.056359 0.047614 1.057431 0.045043
1.056381 0.047534 1.057450 0.044967
1.056402 0.047454 1.057468 0.044890
1.056424 0.047374 1.057486 0.044813
1.056446 0.047293 1.057504 0.044737
1.056467 0.047213 1.057522 0.044660
1.056489 0.047133 1.057540 0.044583
1.056511 0.047053 1.057558 0.044506
1.056532 0.046972 1.057576 0.044430
1.056554 0.046892 1.057594 0.044353
1.056575 0.046811 1.057612 0.044276
1.056597 0.046731 1.057630 0.044199
1.056618 0.046651 1.057648 0.044122
1.056640 0.046570 1.057665 0.044045
1.056661 0.046490 1.057683 0.043968
1.056682 0.046409 1.057701 0.043891
1.056704 0.046328 1.057719 0.043814
1.056725 0.046248 1.057737 0.043737
1.056746 0.046167 1.057754 0.043660
1.056767 0.046087 1.057772 0.043583
1.056789 0.046006 1.057790 0.043506
1.056810 0.045925 1.057807 0.043429
1.056831 0.045845 1.057825 0.043352
1.056852 0.045764 1.057842 0.043275
1.056873 0.045683 1.057860 0.043198
1.056894 0.045602 1.057877 0.043121
1.056915 0.045521 1.057895 0.043043
1.056936 0.045441 1.057912 0.042966
1.056957 0.045360 1.057930 0.042889
1.056978 0.045279 1.057947 0.042812
1.056999 0.045198 1.057965 0.042735
1.057020 0.045117 1.057982 0.042657
1.057040 0.045036 1.057999 0.042580
1.057061 0.044955 1.058017 0.042503
1.057082 0.044874 1.058034 0.042425
1.057103 0.044793 1.058051 0.042348
1.057123 0.044712 1.058068 0.042270
1.057144 0.044631 1.058086 0.042193
1.057165 0.044549 1.058103 0.042116
1.057185 0.044468 1.058120 0.042038
1.057206 0.044387 1.058137 0.041961
1.057226 0.044306 1.058154 0.041883
1.057247 0.044225 1.058171 0.041806
1.057267 0.044143 1.058188 0.041728
1.057288 0.044062 1.058205 0.041651
1.057308 0.043981 1.058222 0.041573
1.057328 0.043899 1.058239 0.041495
1.057349 0.043818 1.058256 0.041418
1.057369 0.043737 1.058273 0.041340
1.057389 0.043655 1.058290 0.041262
1.057410 0.043574 1.058307 0.041185
1.057430 0.043492 1.058324 0.041107
1.057450 0.043411 1.058341 0.041029
1.057470 0.043329 1.058357 0.040952
1.057490 0.043248 1.058374 0.040874
1.057510 0.043166 1.058391 0.040796
1.057530 0.043084 1.058408 0.040718
1.057550 0.043003 1.058424 0.040640
1.057570 0.042921 1.058441 0.040562
1.057590 0.042840 1.058457 0.040485
1.057610 0.042758 1.058474 0.040407
1.057630 0.042676 1.058491 0.040329
1.057650 0.042594 1.058507 0.040251
1.057670 0.042513 1.058524 0.040173
1.057689 0.042431 1.058540 0.040095
1.057709 0.042349 1.058557 0.040017
1.057729 0.042267 1.058573 0.039939
1.057749 0.042185 1.058589 0.039861
1.057768 0.042103 1.058606 0.039783
1.057788 0.042021 1.058622 0.039705
1.057807 0.041939 1.058638 0.039627
1.057827 0.041857 1.058655 0.039549
1.057846 0.041775 1.058671 0.039470
1.057866 0.041693 1.058687 0.039392
1.057885 0.041611 1.058703 0.039314
1.057905 0.041529 1.058720 0.039236
1.057924 0.041447 1.058736 0.039158
1.057944 0.041365 1.058752 0.039079
1.057963 0.041283 1.058768 0.039001
1.057982 0.041201 1.058784 0.038923
1.058002 0.041118 1.058800 0.038845
1.058021 0.041036 1.058816 0.038766
1.058040 0.040954 1.058832 0.038688
1.058059 0.040872 1.058848 0.038610
1.058078 0.040789 1.058864 0.038531
1.058097 0.040707 1.058880 0.038453
1.058116 0.040625 1.058896 0.038375
1.058135 0.040542 1.058912 0.038296
1.058154 0.040460 1.058928 0.038218
1.058173 0.040377 1.058943 0.038139
1.058192 0.040295 1.058959 0.038061
1.058211 0.040213 1.058975 0.037982
1.058230 0.040130 1.058991 0.037904
1.058249 0.040048 1.059006 0.037825
1.058268 0.039965 1.059022 0.037747
1.058287 0.039882 1.059038 0.037668
1.058305 0.039800 1.059053 0.037589
1.058324 0.039717 1.059069 0.037511
1.058343 0.039635 1.059085 0.037432
1.058361 0.039552 1.059100 0.037354
1.058380 0.039469 1.059116 0.037275
1.058399 0.039387 1.059131 0.037196
1.058417 0.039304 1.059147 0.037117
1.058436 0.039221 1.059162 0.037039
1.058454 0.039138 1.059177 0.036960
1.058473 0.039055 1.059193 0.036881
1.058491 0.038973 1.059208 0.036802
1.058509 0.038890 1.059223 0.036724
1.058528 0.038807 1.059239 0.036645
1.058546 0.038724 1.059254 0.036566
1.058564 0.038641 1.059269 0.036487
1.058583 0.038558 1.059285 0.036408
1.058601 0.038475 1.059300 0.036329
1.058619 0.038392 1.059315 0.036250
1.058637 0.038309 1.059330 0.036171
1.058655 0.038226 1.059345 0.036093
1.058673 0.038143 1.059360 0.036014
1.058691 0.038060 1.059375 0.035935
1.058709 0.037977 1.059390 0.035856
1.058727 0.037894 1.059405 0.035777
1.058745 0.037811 1.059420 0.035697
1.058763 0.037727 1.059435 0.035618
1.058781 0.037644 1.059450 0.035539
1.058799 0.037561 1.059465 0.035460
1.058817 0.037478 1.059480 0.035381
1.058835 0.037395 1.059495 0.035302
1.058852 0.037311 1.059510 0.035223
1.058870 0.037228 1.059524 0.035144
1.058888 0.037145 1.059539 0.035064
1.058905 0.037061 1.059554 0.034985
1.058923 0.036978 1.059568 0.034906
1.058941 0.036894 1.059583 0.034827
1.058958 0.036811 1.059598 0.034748
1.058976 0.036728 1.059612 0.034668
1.058993 0.036644 1.059627 0.034589
1.059011 0.036561 1.059642 0.034510
1.059028 0.036477 1.059656 0.034430
1.059045 0.036394 1.059671 0.034351
1.059063 0.036310 1.059685 0.034272
1.059080 0.036226 1.059700 0.034192
1.059097 0.036143 1.059714 0.034113
1.059115 0.036059 1.059728 0.034033
1.059132 0.035976 1.059743 0.033954
1.059149 0.035892 1.059757 0.033875
1.059166 0.035808 1.059771 0.033795
1.059183 0.035725 1.059786 0.033716
1.059201 0.035641 1.059800 0.033636
1.059218 0.035557 1.059814 0.033557
1.059235 0.035473 1.059828 0.033477
1.059252 0.035389 1.059843 0.033397
1.059269 0.035306 1.059857 0.033318
1.059286 0.035222 1.059871 0.033238
1.059302 0.035138 1.059885 0.033159
1.059319 0.035054 1.059899 0.033079
1.059336 0.034970 1.059913 0.032999
1.059353 0.034886 1.059927 0.032920
1.059370 0.034802 1.059941 0.032840
1.059386 0.034718 1.059955 0.032760
1.059403 0.034634 1.059969 0.032681
1.059420 0.034550 1.059983 0.032601
1.059436 0.034466 1.059997 0.032521
1.059453 0.034382 1.060011 0.032441
1.059469 0.034298 1.060025 0.032362
1.059486 0.034214 1.060038 0.032282
1.059503 0.034130 1.060052 0.032202
1.059519 0.034046 1.060066 0.032122
1.059535 0.033962 1.060080 0.032042
1.059552 0.033878 1.060093 0.031963
1.059568 0.033793 1.060107 0.031883
1.059584 0.033709 1.060121 0.031803
1.059601 0.033625 1.060134 0.031723
1.059617 0.033541 1.060148 0.031643
1.059633 0.033456 1.060161 0.031563
1.059649 0.033372 1.060175 0.031483
1.059666 0.033288 1.060188 0.031403
1.059682 0.033203 1.060202 0.031323
1.059698 0.033119 1.060215 0.031243
1.059714 0.033035 1.060229 0.031163
1.059730 0.032950 1.060242 0.031083
1.059746 0.032866 1.060255 0.031003
1.059762 0.032781 1.060269 0.030923
1.059778 0.032697 1.060282 0.030843
1.059794 0.032612 1.060295 0.030763
1.059809 0.032528 1.060309 0.030683
1.059825 0.032443 1.060322 0.030602
1.059841 0.032359 1.060335 0.030522
1.059857 0.032274 1.060348 0.030442
1.059873 0.032190 1.060361 0.030362
1.059888 0.032105 1.060374 0.030282
1.059904 0.032020 1.060387 0.030201
1.059920 0.031936 1.060401 0.030121
1.059935 0.031851 1.060414 0.030041
1.059951 0.031766 1.060427 0.029961
1.059966 0.031682 1.060440 0.029880
1.059982 0.031597 1.060452 0.029800
1.059997 0.031512 1.060465 0.029720
1.060013 0.031427 1.060478 0.029640
1.060028 0.031343 1.060491 0.029559
1.060043 0.031258 1.060504 0.029479
1.060059 0.031173 1.060517 0.029398
1.060074 0.031088 1.060530 0.029318
1.060089 0.031003 1.060542 0.029238
1.060104 0.030918 1.060555 0.029157
1.060119 0.030834 1.060568 0.029077
1.060135 0.030749 1.060580 0.028996
1.060150 0.030664 1.060593 0.028916
1.060165 0.030579 1.060606 0.028835
1.060180 0.030494 1.060618 0.028755
1.060195 0.030409 1.060631 0.028674
1.060210 0.030324 1.060643 0.028594
1.060225 0.030239 1.060656 0.028513
1.060240 0.030154 1.060668 0.028433
1.060255 0.030069 1.060681 0.028352
1.060269 0.029984 1.060693 0.028272
1.060284 0.029898 1.060706 0.028191
1.060299 0.029813 1.060718 0.028110
1.060314 0.029728 1.060730 0.028030
1.060328 0.029643 1.060743 0.027949
1.060343 0.029558 1.060755 0.027868
1.060358 0.029473 1.060767 0.027788
1.060372 0.029387 1.060779 0.027707
1.060387 0.029302 1.060792 0.027626
1.060401 0.029217 1.060804 0.027546
1.060416 0.029132 1.060816 0.027465
1.060430 0.029046 1.060828 0.027384
1.060445 0.028961 1.060840 0.027303
1.060459 0.028876 1.060852 0.027223
1.060474 0.028790 1.060864 0.027142
1.060488 0.028705 1.060876 0.027061
1.060502 0.028619 1.060888 0.026980
1.060516 0.028534 1.060900 0.026899
1.060531 0.028449 1.060912 0.026818
1.060545 0.028363 1.060924 0.026738
1.060559 0.028278 1.060936 0.026657
1.060573 0.028192 1.060948 0.026576
1.060587 0.028107 1.060960 0.026495
1.060601 0.028021 1.060971 0.026414
1.060615 0.027936 1.060983 0.026333
1.060629 0.027850 1.060995 0.026252
1.060643 0.027765 1.061007 0.026171
1.060657 0.027679 1.061018 0.026090
1.060671 0.027593 1.061030 0.026009
1.060685 0.027508 1.061041 0.025928
1.060699 0.027422 1.061053 0.025847
1.060712 0.027336 1.061065 0.025766
1.060726 0.027251 1.061076 0.025685
1.060740 0.027165 1.061088 0.025604
1.060754 0.027079 1.061099 0.025523
1.060767 0.026994 1.061111 0.025442
1.060781 0.026908 1.061122 0.025361
1.060794 0.026822 1.061133 0.025280
1.060808 0.026736 1.061145 0.025198
1.060821 0.026651 1.061156 0.025117
1.060835 0.026565 1.061167 0.025036
1.060848 0.026479 1.061179 0.024955
1.060862 0.026393 1.061190 0.024874
1.060875 0.026307 1.061201 0.024793
1.060888 0.026221 1.061212 0.024711
1.060902 0.026135 1.061224 0.024630
1.060915 0.026049 1.061235 0.024549
1.060928 0.025964 1.061246 0.024468
1.060941 0.025878 1.061257 0.024386
1.060955 0.025792 1.061268 0.024305
1.060968 0.025706 1.061279 0.024224
1.060981 0.025620 1.061290 0.024142
1.060994 0.025534 1.061301 0.024061
1.061007 0.025448 1.061312 0.023980
1.061020 0.025362 1.061323 0.023898
1.061033 0.025275 1.061334 0.023817
1.061046 0.025189 1.061345 0.023736
1.061059 0.025103 1.061356 0.023654
1.061071 0.025017 1.061366 0.023573
1.061084 0.024931 1.061377 0.023491
1.061097 0.024845 1.061388 0.023410
1.061110 0.024759 1.061399 0.023329
1.061122 0.024673 1.061409 0.023247
1.061135 0.024586 1.061420 0.023166
1.061148 0.024500 1.061431 0.023084
1.061160 0.024414 1.061441 0.023003
1.061173 0.024328 1.061452 0.022921
1.061186 0.024241 1.061462 0.022840
1.061198 0.024155 1.061473 0.022758
1.061210 0.024069 1.061483 0.022677
1.061223 0.023982 1.061494 0.022595
1.061235 0.023896 1.061504 0.022513
1.061248 0.023810 1.061515 0.022432
1.061260 0.023723 1.061525 0.022350
1.061272 0.023637 1.061535 0.022269
1.061285 0.023551 1.061546 0.022187
1.061297 0.023464 1.061556 0.022105
1.061309 0.023378 1.061566 0.022024
1.061321 0.023291 1.061577 0.021942
1.061333 0.023205 1.061587 0.021860
1.061345 0.023118 1.061597 0.021779
1.061357 0.023032 1.061607 0.021697
1.061369 0.022945 1.061617 0.021615
1.061381 0.022859 1.061627 0.021534
1.061393 0.022772 1.061638 0.021452
1.061405 0.022686 1.061648 0.021370
1.061417 0.022599 1.061658 0.021288
1.061429 0.022513 1.061668 0.021207
1.061441 0.022426 1.061678 0.021125
1.061453 0.022340 1.061688 0.021043
1.061464 0.022253 1.061697 0.020961
1.061476 0.022166 1.061707 0.020879
1.061488 0.022080 1.061717 0.020798
1.061499 0.021993 1.061727 0.020716
1.061511 0.021906 1.061737 0.020634
1.061522 0.021820 1.061747 0.020552
1.061534 0.021733 1.061756 0.020470
1.061545 0.021646 1.061766 0.020388
1.061557 0.021559 1.061776 0.020306
1.061568 0.021473 1.061785 0.020225
1.061580 0.021386 1.061795 0.020143
1.061591 0.021299 1.061805 0.020061
1.061602 0.021212 1.061814 0.019979
1.061614 0.021125 1.061824 0.019897
1.061625 0.021039 1.061833 0.019815
1.061636 0.020952 1.061843 0.019733
1.061647 0.020865 1.061852 0.019651
1.061658 0.020778 1.061862 0.019569
1.061670 0.020691 1.061871 0.019487
1.061681 0.020604 1.061881 0.019405
1.061692 0.020517 1.061890 0.019323
1.061703 0.020430 1.061899 0.019241
1.061714 0.020344 1.061909 0.019159
1.061725 0.020257 1.061918 0.019077
1.061735 0.020170 1.061927 0.018995
1.061746 0.020083 1.061936 0.018912
1.061757 0.019996 1.061945 0.018830
1.061768 0.019909 1.061955 0.018748
1.061779 0.019822 1.061964 0.018666
1.061789 0.019735 1.061973 0.018584
1.061800 0.019647 1.061982 0.018502
1.061811 0.019560 1.061991 0.018420
1.061821 0.019473 1.062000 0.018337
1.061832 0.019386 1.062009 0.018255
1.061843 0.019299 1.062018 0.018173
1.061853 0.019212 1.062027 0.018091
1.061863 0.019125 1.062036 0.018009
1.061874 0.019038 1.062045 0.017926
1.061884 0.018951 1.062053 0.017844
1.061895 0.018863 1.062062 0.017762
1.061905 0.018776 1.062071 0.017680
1.061915 0.018689 1.062080 0.017597
1.061926 0.018602 1.062089 0.017515
1.061936 0.018514 1.062097 0.017433
1.061946 0.018427 1.062106 0.017351
1.061956 0.018340 1.062115 0.017268
1.061966 0.018253 1.062123 0.017186
1.061976 0.018165 1.062132 0.017104
1.061986 0.018078 1.062140 0.017021
1.061996 0.017991 1.062149 0.016939
1.062006 0.017904 1.062157 0.016857
1.062016 0.017816 1.062166 0.016774
1.062026 0.017729 1.062174 0.016692
1.062036 0.017641 1.062183 0.016609
1.062046 0.017554 1.062191 0.016527
1.062056 0.017467 1.062199 0.016445
1.062066 0.017379 1.062208 0.016362
1.062075 0.017292 1.062216 0.016280
1.062085 0.017204 1.062224 0.016197
1.062095 0.017117 1.062233 0.016115
1.062104 0.017030 1.062241 0.016032
1.062114 0.016942 1.062249 0.015950
1.062124 0.016855 1.062257 0.015867
1.062133 0.016767 1.062265 0.015785
1.062143 0.016680 1.062273 0.015703
1.062152 0.016592 1.062282 0.015620
1.062161 0.016505 1.062290 0.015537
1.062171 0.016417 1.062298 0.015455
1.062180 0.016330 1.062306 0.015372
1.062189 0.016242 1.062314 0.015290
1.062199 0.016154 1.062322 0.015207
1.062208 0.016067 1.062329 0.015125
1.062217 0.015979 1.062337 0.015042
1.062226 0.015892 1.062345 0.014960
1.062235 0.015804 1.062353 0.014877
1.062245 0.015716 1.062361 0.014794
1.062254 0.015629 1.062369 0.014712
1.062263 0.015541 1.062376 0.014629
1.062272 0.015453 1.062384 0.014547
1.062281 0.015366 1.062392 0.014464
1.062290 0.015278 1.062399 0.014381
1.062298 0.015190 1.062407 0.014299
1.062307 0.015103 1.062415 0.014216
1.062316 0.015015 1.062422 0.014133
1.062325 0.014927 1.062430 0.014051
1.062334 0.014839 1.062437 0.013968
1.062342 0.014752 1.062445 0.013885
1.062351 0.014664 1.062452 0.013802
1.062360 0.014576 1.062460 0.013720
1.062368 0.014488 1.062467 0.013637
1.062377 0.014401 1.062474 0.013554
1.062385 0.014313 1.062482 0.013471
1.062394 0.014225 1.062489 0.013389
1.062402 0.014137 1.062496 0.013306
1.062411 0.014049 1.062504 0.013223
1.062419 0.013961 1.062511 0.013140
1.062428 0.013874 1.062518 0.013058
1.062436 0.013786 1.062525 0.012975
1.062444 0.013698 1.062532 0.012892
1.062452 0.013610 1.062540 0.012809
1.062461 0.013522 1.062547 0.012726
1.062469 0.013434 1.062554 0.012643
1.062477 0.013346 1.062561 0.012561
1.062485 0.013258 1.062568 0.012478
1.062493 0.013170 1.062575 0.012395
1.062501 0.013082 1.062582 0.012312
1.062509 0.012994 1.062589 0.012229
1.062517 0.012906 1.062595 0.012146
1.062525 0.012818 1.062602 0.012063
1.062533 0.012730 1.062609 0.011980
1.062541 0.012642 1.062616 0.011898
1.062549 0.012554 1.062623 0.011815
1.062556 0.012466 1.062629 0.011732
1.062564 0.012378 1.062636 0.011649
1.062572 0.012290 1.062643 0.011566
1.062580 0.012202 1.062650 0.011483
1.062587 0.012114 1.062656 0.011400
1.062595 0.012026 1.062663 0.011317
1.062602 0.011938 1.062669 0.011234
1.062610 0.011850 1.062676 0.011151
1.062617 0.011762 1.062682 0.011068
1.062625 0.011673 1.062689 0.010985
1.062632 0.011585 1.062695 0.010902
1.062640 0.011497 1.062702 0.010819
1.062647 0.011409 1.062708 0.010736
1.062654 0.011321 1.062715 0.010653
1.062662 0.011233 1.062721 0.010570
1.062669 0.011144 1.062727 0.010487
1.062676 0.011056 1.062734 0.010404
1.062683 0.010968 1.062740 0.010321
1.062690 0.010880 1.062746 0.010238
1.062698 0.010792 1.062752 0.010155
1.062705 0.010703 1.062759 0.010071
1.062712 0.010615 1.062765 0.009988
1.062719 0.010527 1.062771 0.009905
1.062726 0.010439 1.062777 0.009822
1.062733 0.010350 1.062783 0.009739
1.062739 0.010262 1.062789 0.009656
1.062746 0.010174 1.062795 0.009573
1.062753 0.010085 1.062801 0.009490
1.062760 0.009997 1.062807 0.009407
1.062767 0.009909 1.062813 0.009323
1.062773 0.009821 1.062819 0.009240
1.062780 0.009732 1.062825 0.009157
1.062787 0.009644 1.062830 0.009074
1.062793 0.009556 1.062836 0.008991
1.062800 0.009467 1.062842 0.008908
1.062806 0.009379 1.062848 0.008824
1.062813 0.009290 1.062854 0.008741
1.062819 0.009202 1.062859 0.008658
1.062826 0.009114 1.062865 0.008575
1.062832 0.009025 1.062871 0.008491
1.062839 0.008937 1.062876 0.008408
1.062845 0.008848 1.062882 0.008325
1.062851 0.008760 1.062887 0.008242
1.062857 0.008672 1.062893 0.008159
1.062864 0.008583 1.062898 0.008075
1.062870 0.008495 1.062904 0.007992
1.062876 0.008406 1.062909 0.007909
1.062882 0.008318 1.062915 0.007826
1.062888 0.008229 1.062920 0.007742
1.062894 0.008141 1.062925 0.007659
1.062900 0.008052 1.062931 0.007576
1.062906 0.007964 1.062936 0.007492
1.062912 0.007875 1.062941 0.007409
1.062918 0.007787 1.062946 0.007326
1.062924 0.007698 1.062952 0.007242
1.062930 0.007610 1.062957 0.007159
1.062935 0.007521 1.062962 0.007076
1.062941 0.007433 1.062967 0.006992
1.062947 0.007344 1.062972 0.006909
1.062953 0.007256 1.062977 0.006826
1.062958 0.007167 1.062982 0.006742
1.062964 0.007078 1.062987 0.006659
1.062969 0.006990 1.062992 0.006576
1.062975 0.006901 1.062997 0.006492
1.062980 0.006813 1.063002 0.006409
1.062986 0.006724 1.063007 0.006326
1.062991 0.006635 1.063012 0.006242
1.062997 0.006547 1.063017 0.006159
1.063002 0.006458 1.063022 0.006075
1.063007 0.006370 1.063026 0.005992
1.063013 0.006281 1.063031 0.005909
1.063018 0.006192 1.063036 0.005825
1.063023 0.006104 1.063041 0.005742
1.063028 0.006015 1.063045 0.005658
1.063033 0.005926 1.063050 0.005575
1.063038 0.005838 1.063054 0.005491
1.063044 0.005749 1.063059 0.005408
1.063049 0.005660 1.063064 0.005324
1.063054 0.005572 1.063068 0.005241
1.063059 0.005483 1.063073 0.005158
1.063063 0.005394 1.063077 0.005074
1.063068 0.005305 1.063082 0.004991
1.063073 0.005217 1.063086 0.004907
1.063078 0.005128 1.063090 0.004824
1.063083 0.005039 1.063095 0.004740
1.063087 0.004950 1.063099 0.004657
1.063092 0.004862 1.063103 0.004573
1.063097 0.004773 1.063108 0.004490
1.063102 0.004684 1.063112 0.004406
1.063106 0.004595 1.063116 0.004323
1.063111 0.004507 1.063120 0.004239
1.063115 0.004418 1.063124 0.004156
1.063120 0.004329 1.063128 0.004072
1.063124 0.004240 1.063133 0.003989
1.063129 0.004152 1.063137 0.003905
1.063133 0.004063 1.063141 0.003821
1.063137 0.003974 1.063145 0.003738
1.063142 0.003885 1.063149 0.003654
1.063146 0.003796 1.063153 0.003571
1.063150 0.003707 1.063157 0.003487
1.063154 0.003619 1.063160 0.003404
1.063158 0.003530 1.063164 0.003320
1.063163 0.003441 1.063168 0.003237
1.063167 0.003352 1.063172 0.003153
1.063171 0.003263 1.063176 0.003069
1.063175 0.003174 1.063179 0.002986
1.063179 0.003086 1.063183 0.002902
1.063183 0.002997 1.063187 0.002819
1.063187 0.002908 1.063191 0.002735
1.063190 0.002819 1.063194 0.002651
1.063194 0.002730 1.063198 0.002568
1.063198 0.002641 1.063201 0.002484
1.063202 0.002552 1.063205 0.002401
1.063206 0.002463 1.063208 0.002317
1.063209 0.002374 1.063212 0.002233
1.063213 0.002285 1.063215 0.002150
1.063217 0.002197 1.063219 0.002066
1.063220 0.002108 1.063222 0.001982
1.063224 0.002019 1.063226 0.001899
1.063227 0.001930 1.063229 0.001815
1.063231 0.001841 1.063232 0.001731
1.063234 0.001752 1.063236 0.001648
1.063238 0.001663 1.063239 0.001564
1.063241 0.001574 1.063242 0.001480
1.063244 0.001485 1.063245 0.001397
1.063248 0.001396 1.063249 0.001313
1.063251 0.001307 1.063252 0.001229
1.063254 0.001218 1.063255 0.001146
1.063257 0.001129 1.063258 0.001062
1.063260 0.001040 1.063261 0.000978
1.063264 0.000951 1.063264 0.000895
1.063267 0.000862 1.063267 0.000811
1.063270 0.000773 1.063270 0.000727
1.063273 0.000684 1.063273 0.000644
1.063276 0.000595 1.063276 0.000560
1.063279 0.000506 1.063279 0.000476
1.063281 0.000417 1.063282 0.000392
1.063284 0.000328 1.063284 0.000309
1.063287 0.000239 1.063287 0.000225
1.063290 0.000150 1.063290 0.000141
1.063293 0.000061 1.063293 0.000058
1.063295 -0.000028 1.063295 -0.000026
1.063298 -0.000117 1.063298 -0.000110
1.063301 -0.000206 1.063301 -0.000194
1.063303 -0.000295 1.063303 -0.000277
1.063306 -0.000384 1.063306 -0.000361
1.063309 -0.000473 1.063309 -0.000445
1.063311 -0.000562 1.063311 -0.000529
1.063313 -0.000651 1.063314 -0.000612
1.063316 -0.000740 1.063316 -0.000696
1.063318 -0.000829 1.063319 -0.000780
1.063321 -0.000918 1.063321 -0.000864
1.063323 -0.001007 1.063323 -0.000947
1.063325 -0.001097 1.063326 -0.001031
1.063328 -0.001186 1.063328 -0.001115
1.063330 -0.001275 1.063331 -0.001199
1.063332 -0.001364 1.063333 -0.001283
1.063334 -0.001453 1.063335 -0.001366
1.063336 -0.001542 1.063337 -0.001450
1.063338 -0.001631 1.063340 -0.001534
1.063340 -0.001720 1.063342 -0.001618
1.063342 -0.001809 1.063344 -0.001701
1.063344 -0.001898 1.063346 -0.001785
1.063346 -0.001987 1.063348 -0.001869
1.063348 -0.002077 1.063350 -0.001953
1.063350 -0.002166 1.063352 -0.002037
1.063352 -0.002255 1.063354 -0.002120
1.063354 -0.002344 1.063356 -0.002204
1.063355 -0.002433 1.063358 -0.002288
1.063357 -0.002522 1.063360 -0.002372
1.063359 -0.002611 1.063362 -0.002456
1.063360 -0.002700 1.063364 -0.002539
1.063362 -0.002789 1.063366 -0.002623
1.063363 -0.002879 1.063367 -0.002707
1.063365 -0.002968 1.063369 -0.002791
1.063366 -0.003057 1.063371 -0.002875
1.063368 -0.003146 1.063373 -0.002959
1.063369 -0.003235 1.063374 -0.003042
1.063371 -0.003324 1.063376 -0.003126
1.063372 -0.003413 1.063378 -0.003210
1.063373 -0.003503 1.063379 -0.003294
1.063375 -0.003592 1.063381 -0.003378
1.063376 -0.003681 1.063382 -0.003462
1.063377 -0.003770 1.063384 -0.003545
1.063378 -0.003859 1.063385 -0.003629
1.063379 -0.003948 1.063387 -0.003713
1.063380 -0.004038 1.063388 -0.003797
1.063382 -0.004127 1.063390 -0.003881
1.063383 -0.004216 1.063391 -0.003965
1.063384 -0.004305 1.063392 -0.004048
1.063384 -0.004394 1.063394 -0.004132
1.063385 -0.004483 1.063395 -0.004216
1.063386 -0.004573 1.063396 -0.004300
1.063387 -0.004662 1.063397 -0.004384
1.063388 -0.004751 1.063399 -0.004468
1.063389 -0.004840 1.063400 -0.004551
1.063389 -0.004929 1.063401 -0.004635
1.063390 -0.005018 1.063402 -0.004719
1.063391 -0.005108 1.063403 -0.004803
1.063391 -0.005197 1.063404 -0.004887
1.063392 -0.005286 1.063405 -0.004971
1.063393 -0.005375 1.063406 -0.005055
1.063393 -0.005464 1.063407 -0.005139
1.063394 -0.005553 1.063408 -0.005222
1.063394 -0.005643 1.063409 -0.005306
1.063394 -0.005732 1.063410 -0.005390
1.063395 -0.005821 1.063411 -0.005474
1.063395 -0.005910 1.063411 -0.005558
1.063395 -0.005999 1.063412 -0.005642
1.063396 -0.006089 1.063413 -0.005726
1.063396 -0.006178 1.063414 -0.005809
1.063396 -0.006267 1.063414 -0.005893
1.063396 -0.006356 1.063415 -0.005977
1.063396 -0.006445 1.063416 -0.006061
1.063396 -0.006535 1.063416 -0.006145
1.063396 -0.006624 1.063417 -0.006229
1.063396 -0.006713 1.063418 -0.006313
1.063396 -0.006802 1.063418 -0.006397
1.063396 -0.006891 1.063419 -0.006480
1.063396 -0.006981 1.063419 -0.006564
1.063396 -0.007070 1.063420 -0.006648
1.063396 -0.007159 1.063420 -0.006732
1.063396 -0.007248 1.063420 -0.006816
1.063395 -0.007337 1.063421 -0.006900
1.063395 -0.007427 1.063421 -0.006984
1.063395 -0.007516 1.063421 -0.007068
1.063395 -0.007605 1.063422 -0.007151
1.063394 -0.007694 1.063422 -0.007235
1.063394 -0.007783 1.063422 -0.007319
1.063393 -0.007873 1.063422 -0.007403
1.063393 -0.007962 1.063423 -0.007487
1.063392 -0.008051 1.063423 -0.007571
1.063392 -0.008140 1.063423 -0.007655
1.063391 -0.008229 1.063423 -0.007739
1.063390 -0.008319 1.063423 -0.007823
1.063390 -0.008408 1.063423 -0.007906
1.063389 -0.008497 1.063423 -0.007990
1.063388 -0.008586 1.063423 -0.008074
1.063387 -0.008675 1.063423 -0.008158
1.063387 -0.008765 1.063423 -0.008242
1.063386 -0.008854 1.063423 -0.008326
1.063385 -0.008943 1.063422 -0.008410
1.063384 -0.009032 1.063422 -0.008494
1.063383 -0.009121 1.063422 -0.008577
1.063382 -0.009211 1.063422 -0.008661
1.063381 -0.009300 1.063422 -0.008745
1.063380 -0.009389 1.063421 -0.008829
1.063379 -0.009478 1.063421 -0.008913
1.063378 -0.009567 1.063421 -0.008997
1.063376 -0.009656 1.063420 -0.009081
1.063375 -0.009746 1.063420 -0.009165
1.063374 -0.009835 1.063419 -0.009248
1.063373 -0.009924 1.063419 -0.009332
1.063371 -0.010013 1.063418 -0.009416
1.063370 -0.010102 1.063418 -0.009500
1.063368 -0.010192 1.063417 -0.009584
1.063367 -0.010281 1.063417 -0.009668
1.063366 -0.010370 1.063416 -0.009752
1.063364 -0.010459 1.063415 -0.009836
1.063362 -0.010548 1.063415 -0.009919
1.063361 -0.010637 1.063414 -0.010003
1.063359 -0.010727 1.063413 -0.010087
1.063358 -0.010816 1.063413 -0.010171
1.063356 -0.010905 1.063412 -0.010255
1.063354 -0.010994 1.063411 -0.010339
1.063352 -0.011083 1.063410 -0.010423
1.063351 -0.011173 1.063409 -0.010507
1.063349 -0.011262 1.063408 -0.010590
1.063347 -0.011351 1.063407 -0.010674
1.063345 -0.011440 1.063407 -0.010758
1.063343 -0.011529 1.063406 -0.010842
1.063341 -0.011618 1.063405 -0.010926
1.063339 -0.011707 1.063403 -0.011010
1.063337 -0.011797 1.063402 -0.011094
1.063335 -0.011886 1.063401 -0.011177
1.063333 -0.011975 1.063400 -0.011261
1.063331 -0.012064 1.063399 -0.011345
1.063328 -0.012153 1.063398 -0.011429
1.063326 -0.012242 1.063397 -0.011513
1.063324 -0.012332 1.063395 -0.011597
1.063322 -0.012421 1.063394 -0.011680
1.063319 -0.012510 1.063393 -0.011764
1.063317 -0.012599 1.063391 -0.011848
1.063314 -0.012688 1.063390 -0.011932
1.063312 -0.012777 1.063389 -0.012016
1.063309 -0.012866 1.063387 -0.012100
1.063307 -0.012955 1.063386 -0.012184
1.063304 -0.013045 1.063384 -0.012267
1.063302 -0.013134 1.063383 -0.012351
1.063299 -0.013223 1.063381 -0.012435
1.063297 -0.013312 1.063380 -0.012519
1.063294 -0.013401 1.063378 -0.012603
1.063291 -0.013490 1.063377 -0.012686
1.063288 -0.013579 1.063375 -0.012770
1.063285 -0.013668 1.063373 -0.012854
1.063283 -0.013757 1.063372 -0.012938
1.063280 -0.013847 1.063370 -0.013022
1.063277 -0.013936 1.063368 -0.013106
1.063274 -0.014025 1.063366 -0.013189
1.063271 -0.014114 1.063365 -0.013273
1.063268 -0.014203 1.063363 -0.013357
1.063265 -0.014292 1.063361 -0.013441
1.063262 -0.014381 1.063359 -0.013525
1.063259 -0.014470 1.063357 -0.013608
1.063255 -0.014559 1.063355 -0.013692
1.063252 -0.014648 1.063353 -0.013776
1.063249 -0.014737 1.063351 -0.013860
1.063246 -0.014826 1.063349 -0.013944
1.063242 -0.014915 1.063347 -0.014027
1.063239 -0.015005 1.063345 -0.014111
1.063236 -0.015094 1.063343 -0.014195
1.063232 -0.015183 1.063340 -0.014279
1.063229 -0.015272 1.063338 -0.014362
1.063225 -0.015361 1.063336 -0.014446
1.063222 -0.015450 1.063334 -0.014530
1.063218 -0.015539 1.063332 -0.014614
1.063214 -0.015628 1.063329 -0.014698
1.063211 -0.015717 1.063327 -0.014781
1.063207 -0.015806 1.063325 -0.014865
1.063203 -0.015895 1.063322 -0.014949
1.063200 -0.015984 1.063320 -0.015033
1.063196 -0.016073 1.063317 -0.015116
1.063192 -0.016162 1.063315 -0.015200
1.063188 -0.016251 1.063312 -0.015284
1.063184 -0.016340 1.063310 -0.015368
1.063180 -0.016429 1.063307 -0.015451
1.063176 -0.016518 1.063305 -0.015535
1.063172 -0.016607 1.063302 -0.015619
1.063168 -0.016696 1.063299 -0.015703
1.063164 -0.016785 1.063297 -0.015786
1.063160 -0.016874 1.063294 -0.015870
1.063156 -0.016963 1.063291 -0.015954
1.063152 -0.017052 1.063289 -0.016037
1.063148 -0.017141 1.063286 -0.016121
1.063143 -0.017230 1.063283 -0.016205
1.063139 -0.017319 1.063280 -0.016289
1.063135 -0.017407 1.063277 -0.016372
1.063130 -0.017496 1.063274 -0.016456
1.063126 -0.017585 1.063271 -0.016540
1.063121 -0.017674 1.063268 -0.016623
1.063117 -0.017763 1.063265 -0.016707
1.063112 -0.017852 1.063262 -0.016791
1.063108 -0.017941 1.063259 -0.016874
1.063103 -0.018030 1.063256 -0.016958
1.063099 -0.018119 1.063253 -0.017042
1.063094 -0.018208 1.063250 -0.017125
1.063089 -0.018297 1.063247 -0.017209
1.063085 -0.018385 1.063244 -0.017293
1.063080 -0.018474 1.063240 -0.017376
1.063075 -0.018563 1.063237 -0.017460
1.063070 -0.018652 1.063234 -0.017544
1.063065 -0.018741 1.063231 -0.017627
1.063060 -0.018830 1.063227 -0.017711
1.063056 -0.018919 1.063224 -0.017795
1.063051 -0.019008 1.063220 -0.017878
1.063046 -0.019096 1.063217 -0.017962
1.063041 -0.019185 1.063214 -0.018046
1.063035 -0.019274 1.063210 -0.018129
1.063030 -0.019363 1.063207 -0.018213
1.063025 -0.019452 1.063203 -0.018296
1.063020 -0.019540 1.063200 -0.018380
1.063015 -0.019629 1.063196 -0.018464
1.063009 -0.019718 1.063192 -0.018547
1.063004 -0.019807 1.063189 -0.018631
1.062999 -0.019896 1.063185 -0.018714
1.062993 -0.019984 1.063181 -0.018798
1.062988 -0.020073 1.063178 -0.018882
1.062983 -0.020162 1.063174 -0.018965
1.062977 -0.020251 1.063170 -0.019049
1.062972 -0.020340 1.063166 -0.019132
1.062966 -0.020428 1.063162 -0.019216
1.062960 -0.020517 1.063158 -0.019299
1.062955 -0.020606 1.063155 -0.019383
1.062949 -0.020694 1.063151 -0.019466
1.062943 -0.020783 1.063147 -0.019550
1.062938 -0.020872 1.063143 -0.019634
1.062932 -0.020961 1.063139 -0.019717
1.062926 -0.021049 1.063135 -0.019801
1.062920 -0.021138 1.063131 -0.019884
1.062914 -0.021227 1.063126 -0.019968
1.062909 -0.021315 1.063122 -0.020051
1.062903 -0.021404 1.063118 -0.020135
1.062897 -0.021493 1.063114 -0.020218
1.062891 -0.021581 1.063110 -0.020302
1.062885 -0.021670 1.063105 -0.020385
1.062878 -0.021759 1.063101 -0.020469
1.062872 -0.021847 1.063097 -0.020552
1.062866 -0.021936 1.063093 -0.020636
1.062860 -0.022025 1.063088 -0.020719
1.062854 -0.022113 1.063084 -0.020803
1.062847 -0.022202 1.063079 -0.020886
1.062841 -0.022291 1.063075 -0.020970
1.062835 -0.022379 1.063070 -0.021053
1.062828 -0.022468 1.063066 -0.021136
1.062822 -0.022556 1.063061 -0.021220
1.062816 -0.022645 1.063057 -0.021303
1.062809 -0.022733 1.063052 -0.021387
1.062803 -0.022822 1.063048 -0.021470
1.062796 -0.022911 1.063043 -0.021554
1.062789 -0.022999 1.063038 -0.021637
1.062783 -0.023088 1.063034 -0.021720
1.062776 -0.023176 1.063029 -0.021804
1.062769 -0.023265 1.063024 -0.021887
1.062763 -0.023353 1.063019 -0.021971
1.062756 -0.023442 1.063014 -0.022054
1.062749 -0.023530 1.063010 -0.022137
1.062742 -0.023619 1.063005 -0.022221
1.062735 -0.023707 1.063000 -0.022304
1.062729 -0.023796 1.062995 -0.022387
1.062722 -0.023884 1.062990 -0.022471
1.062715 -0.023973 1.062985 -0.022554
1.062708 -0.024061 1.062980 -0.022637
1.062701 -0.024150 1.062975 -0.022721
1.062693 -0.024238 1.062970 -0.022804
1.062686 -0.024326 1.062965 -0.022887
1.062679 -0.024415 1.062960 -0.022971
1.062672 -0.024503 1.062954 -0.023054
1.062665 -0.024592 1.062949 -0.023137
1.062657 -0.024680 1.062944 -0.023221
1.062650 -0.024768 1.062939 -0.023304
1.062643 -0.024857 1.062933 -0.023387
1.062635 -0.024945 1.062928 -0.023471
1.062628 -0.025034 1.062923 -0.023554
1.062621 -0.025122 1.062917 -0.023637
1.062613 -0.025210 1.062912 -0.023720
1.062606 -0.025299 1.062907 -0.023804
1.062598 -0.025387 1.062901 -0.023887
1.062590 -0.025475 1.062896 -0.023970
1.062583 -0.025564 1.062890 -0.024053
1.062575 -0.025652 1.062885 -0.024137
1.062567 -0.025740 1.062879 -0.024220
1.062560 -0.025828 1.062874 -0.024303
1.062552 -0.025917 1.062868 -0.024386
1.062544 -0.026005 1.062862 -0.024469
1.062536 -0.026093 1.062857 -0.024553
1.062528 -0.026182 1.062851 -0.024636
1.062520 -0.026270 1.062845 -0.024719
1.062513 -0.026358 1.062839 -0.024802
1.062505 -0.026446 1.062834 -0.024885
1.062497 -0.026534 1.062828 -0.024968
1.062488 -0.026623 1.062822 -0.025052
1.062480 -0.026711 1.062816 -0.025135
1.062472 -0.026799 1.062810 -0.025218
1.062464 -0.026887 1.062804 -0.025301
1.062456 -0.026975 1.062798 -0.025384
1.062448 -0.027063 1.062792 -0.025467
1.062439 -0.027152 1.062786 -0.025550
1.062431 -0.027240 1.062780 -0.025633
1.062423 -0.027328 1.062774 -0.025717
1.062414 -0.027416 1.062768 -0.025800
1.062406 -0.027504 1.062762 -0.025883
1.062398 -0.027592 1.062756 -0.025966
1.062389 -0.027680 1.062750 -0.026049
1.062381 -0.027768 1.062743 -0.026132
1.062372 -0.027856 1.062737 -0.026215
1.062363 -0.027944 1.062731 -0.026298
1.062355 -0.028033 1.062725 -0.026381
1.062346 -0.028121 1.062718 -0.026464
1.062337 -0.028209 1.062712 -0.026547
1.062329 -0.028297 1.062706 -0.026630
1.062320 -0.028385 1.062699 -0.026713
1.062311 -0.028473 1.062693 -0.026796
1.062302 -0.028561 1.062686 -0.026879
1.062293 -0.028649 1.062680 -0.026962
1.062285 -0.028737 1.062673 -0.027045
1.062276 -0.028824 1.062667 -0.027128
1.062267 -0.028912 1.062660 -0.027211
1.062258 -0.029000 1.062653 -0.027294
1.062249 -0.029088 1.062647 -0.027377
1.062240 -0.029176 1.062640 -0.027460
1.062230 -0.029264 1.062633 -0.027543
1.062221 -0.029352 1.062627 -0.027626
1.062212 -0.029440 1.062620 -0.027709
1.062203 -0.029528 1.062613 -0.027791
1.062194 -0.029616 1.062606 -0.027874
1.062184 -0.029703 1.062600 -0.027957
1.062175 -0.029791 1.062593 -0.028040
1.062166 -0.029879 1.062586 -0.028123
1.062156 -0.029967 1.062579 -0.028206
1.062147 -0.030055 1.062572 -0.028289
1.062137 -0.030143 1.062565 -0.028371
1.062128 -0.030230 1.062558 -0.028454
1.062118 -0.030318 1.062551 -0.028537
1.062109 -0.030406 1.062544 -0.028620
1.062099 -0.030494 1.062537 -0.028703
1.062089 -0.030581 1.062530 -0.028786
1.062080 -0.030669 1.062522 -0.028868
1.062070 -0.030757 1.062515 -0.028951
1.062060 -0.030844 1.062508 -0.029034
1.062050 -0.030932 1.062501 -0.029117
1.062041 -0.031020 1.062494 -0.029199
1.062031 -0.031107 1.062486 -0.029282
1.062021 -0.031195 1.062479 -0.029365
1.062011 -0.031283 1.062472 -0.029448
1.062001 -0.031370 1.062464 -0.029530
1.061991 -0.031458 1.062457 -0.029613
1.061981 -0.031546 1.062449 -0.029696
1.061971 -0.031633 1.062442 -0.029778
1.061961 -0.031721 1.062434 -0.029861
1.061951 -0.031808 1.062427 -0.029944
1.061940 -0.031896 1.062419 -0.030026
1.061930 -0.031983 1.062412 -0.030109
1.061920 -0.032071 1.062404 -0.030192
1.061910 -0.032159 1.062397 -0.030274
1.061899 -0.032246 1.062389 -0.030357
1.061889 -0.032334 1.062381 -0.030440
1.061879 -0.032421 1.062374 -0.030522
1.061868 -0.032508 1.062366 -0.030605
1.061858 -0.032596 1.062358 -0.030687
1.061847 -0.032683 1.062350 -0.030770
1.061837 -0.032771 1.062342 -0.030853
1.061826 -0.032858 1.062335 -0.030935
1.061816 -0.032946 1.062327 -0.031018
1.061805 -0.033033 1.062319 -0.031100
1.061794 -0.033120 1.062311 -0.031183
1.061784 -0.033208 1.062303 -0.031265
1.061773 -0.033295 1.062295 -0.031348
1.061762 -0.033383 1.062287 -0.031430
1.061751 -0.033470 1.062279 -0.031513
1.061741 -0.033557 1.062271 -0.031595
1.061730 -0.033645 1.062263 -0.031678
1.061719 -0.033732 1.062254 -0.031760
1.061708 -0.033819 1.062246 -0.031843
1.061697 -0.033906 1.062238 -0.031925
1.061686 -0.033994 1.062230 -0.032008
1.061675 -0.034081 1.062222 -0.032090
1.061664 -0.034168 1.062213 -0.032172
1.061653 -0.034255 1.062205 -0.032255
1.061641 -0.034343 1.062197 -0.032337
1.061630 -0.034430 1.062188 -0.032420
1.061619 -0.034517 1.062180 -0.032502
1.061608 -0.034604 1.062172 -0.032584
1.061596 -0.034691 1.062163 -0.032667
1.061585 -0.034778 1.062155 -0.032749
1.061574 -0.034865 1.062146 -0.032831
1.061562 -0.034953 1.062138 -0.032914
1.061551 -0.035040 1.062129 -0.032996
1.061539 -0.035127 1.062120 -0.033078
1.061528 -0.035214 1.062112 -0.033161
1.061516 -0.035301 1.062103 -0.033243
1.061505 -0.035388 1.062094 -0.033325
1.061493 -0.035475 1.062086 -0.033407
1.061481 -0.035562 1.062077 -0.033490
1.061470 -0.035649 1.062068 -0.033572
1.061458 -0.035736 1.062059 -0.033654
1.061446 -0.035823 1.062051 -0.033736
1.061435 -0.035910 1.062042 -0.033819
1.061423 -0.035997 1.062033 -0.033901
1.061411 -0.036084 1.062024 -0.033983
1.061399 -0.036171 1.062015 -0.034065
1.061387 -0.036258 1.062006 -0.034147
1.061375 -0.036345 1.061997 -0.034229
1.061363 -0.036431 1.061988 -0.034312
1.061351 -0.036518 1.061979 -0.034394
1.061339 -0.036605 1.061970 -0.034476
1.061327 -0.036692 1.061961 -0.034558
1.061315 -0.036779 1.061952 -0.034640
1.061303 -0.036866 1.061943 -0.034722
1.061290 -0.036952 1.061934 -0.034804
1.061278 -0.037039 1.061924 -0.034886
1.061266 -0.037126 1.061915 -0.034968
1.061254 -0.037213 1.061906 -0.035050
1.061241 -0.037299 1.061897 -0.035132
1.061229 -0.037386 1.061887 -0.035214
1.061217 -0.037473 1.061878 -0.035296
1.061204 -0.037559 1.061869 -0.035378
1.061192 -0.037646 1.061859 -0.035460
1.061179 -0.037733 1.061850 -0.035542
1.061167 -0.037819 1.061840 -0.035624
1.061154 -0.037906 1.061831 -0.035706
1.061141 -0.037993 1.061821 -0.035788
1.061129 -0.038079 1.061812 -0.035870
1.061116 -0.038166 1.061802 -0.035952
1.061103 -0.038252 1.061793 -0.036034
1.061091 -0.038339 1.061783 -0.036116
1.061078 -0.038426 1.061773 -0.036198
1.061065 -0.038512 1.061764 -0.036280
1.061052 -0.038599 1.061754 -0.036362
1.061039 -0.038685 1.061744 -0.036443
1.061026 -0.038772 1.061734 -0.036525
1.061013 -0.038858 1.061725 -0.036607
1.061000 -0.038944 1.061715 -0.036689
1.060987 -0.039031 1.061705 -0.036771
1.060974 -0.039117 1.061695 -0.036853
1.060961 -0.039204 1.061685 -0.036934
1.060948 -0.039290 1.061675 -0.037016
1.060935 -0.039376 1.061665 -0.037098
1.060922 -0.039463 1.061655 -0.037180
1.060908 -0.039549 1.061645 -0.037261
1.060895 -0.039635 1.061635 -0.037343
1.060882 -0.039722 1.061625 -0.037425
1.060868 -0.039808 1.061615 -0.037506
1.060855 -0.039894 1.061605 -0.037588
1.060842 -0.039981 1.061595 -0.037670
1.060828 -0.040067 1.061585 -0.037751
1.060815 -0.040153 1.061574 -0.037833
1.060801 -0.040239 1.061564 -0.037915
1.060788 -0.040325 1.061554 -0.037996
1.060774 -0.040412 1.061543 -0.038078
1.060760 -0.040498 1.061533 -0.038159
1.060747 -0.040584 1.061523 -0.038241
1.060733 -0.040670 1.061512 -0.038323
1.060719 -0.040756 1.061502 -0.038404
1.060706 -0.040842 1.061492 -0.038486
1.060692 -0.040928 1.061481 -0.038567
1.060678 -0.041014 1.061471 -0.038649
1.060664 -0.041100 1.061460 -0.038730
1.060650 -0.041186 1.061450 -0.038812
1.060636 -0.041272 1.061439 -0.038893
1.060622 -0.041358 1.061428 -0.038975
1.060608 -0.041444 1.061418 -0.039056
1.060594 -0.041530 1.061407 -0.039138
1.060580 -0.041616 1.061396 -0.039219
1.060566 -0.041702 1.061386 -0.039300
1.060552 -0.041788 1.061375 -0.039382
1.060538 -0.041874 1.061364 -0.039463
1.060524 -0.041960 1.061353 -0.039545
1.060509 -0.042046 1.061343 -0.039626
1.060495 -0.042132 1.061332 -0.039707
1.060481 -0.042217 1.061321 -0.039789
1.060466 -0.042303 1.061310 -0.039870
1.060452 -0.042389 1.061299 -0.039951
1.060438 -0.042475 1.061288 -0.040033
1.060423 -0.042561 1.061277 -0.040114
1.060409 -0.042646 1.061266 -0.040195
1.060394 -0.042732 1.061255 -0.040276
1.060380 -0.042818 1.061244 -0.040358
1.060365 -0.042903 1.061233 -0.040439
1.060351 -0.042989 1.061222 -0.040520
1.060336 -0.043075 1.061210 -0.040601
1.060321 -0.043160 1.061199 -0.040683
1.060307 -0.043246 1.061188 -0.040764
1.060292 -0.043332 1.061177 -0.040845
1.060277 -0.043417 1.061166 -0.040926
1.060262 -0.043503 1.061154 -0.041007
1.060247 -0.043588 1.061143 -0.041088
1.060232 -0.043674 1.061132 -0.041169
1.060218 -0.043759 1.061120 -0.041250
1.060203 -0.043845 1.061109 -0.041332
1.060188 -0.043930 1.061097 -0.041413
1.060173 -0.044016 1.061086 -0.041494
1.060158 -0.044101 1.061074 -0.041575
1.060142 -0.044187 1.061063 -0.041656
1.060127 -0.044272 1.061051 -0.041737
1.060112 -0.044357 1.061040 -0.041818
1.060097 -0.044443 1.061028 -0.041899
1.060082 -0.044528 1.061017 -0.041980
1.060067 -0.044613 1.061005 -0.042061
1.060051 -0.044699 1.060993 -0.042142
1.060036 -0.044784 1.060982 -0.042223
1.060021 -0.044869 1.060970 -0.042303
1.060005 -0.044955 1.060958 -0.042384
1.059990 -0.045040 1.060946 -0.042465
1.059974 -0.045125 1.060934 -0.042546
1.059959 -0.045210 1.060923 -0.042627
1.059943 -0.045295 1.060911 -0.042708
1.059928 -0.045381 1.060899 -0.042789
1.059912 -0.045466 1.060887 -0.042869
1.059896 -0.045551 1.060875 -0.042950
1.059881 -0.045636 1.060863 -0.043031
1.059865 -0.045721 1.060851 -0.043112
1.059849 -0.045806 1.060839 -0.043193
1.059834 -0.045891 1.060827 -0.043273
1.059818 -0.045976 1.060815 -0.043354
1.059802 -0.046061 1.060802 -0.043435
1.059786 -0.046146 1.060790 -0.043515
1.059770 -0.046231 1.060778 -0.043596
1.059754 -0.046316 1.060766 -0.043677
1.059738 -0.046401 1.060754 -0.043757
1.059722 -0.046486 1.060741 -0.043838
1.059706 -0.046571 1.060729 -0.043919
1.059690 -0.046656 1.060717 -0.043999
1.059674 -0.046741 1.060704 -0.044080
1.059658 -0.046825 1.060692 -0.044160
1.059642 -0.046910 1.060680 -0.044241
1.059626 -0.046995 1.060667 -0.044322
1.059609 -0.047080 1.060655 -0.044402
1.059593 -0.047165 1.060642 -0.044483
1.059577 -0.047249 1.060630 -0.044563
1.059561 -0.047334 1.060617 -0.044644
1.059544 -0.047419 1.060605 -0.044724
1.059528 -0.047503 1.060592 -0.044804
1.059511 -0.047588 1.060579 -0.044885
1.059495 -0.047673 1.060567 -0.044965
1.059478 -0.047757 1.060554 -0.045046
1.059462 -0.047842 1.060541 -0.045126
1.059445 -0.047926 1.060529 -0.045207
1.059429 -0.048011 1.060516 -0.045287
1.059412 -0.048096 1.060503 -0.045367
1.059395 -0.048180 1.060490 -0.045448
1.059379 -0.048265 1.060478 -0.045528
1.059362 -0.048349 1.060465 -0.045608
1.059345 -0.048434 1.060452 -0.045688
1.059328 -0.048518 1.060439 -0.045769
1.059311 -0.048602 1.060426 -0.045849
1.059295 -0.048687 1.060413 -0.045929
1.059278 -0.048771 1.060400 -0.046009
1.059261 -0.048856 1.060387 -0.046090
1.059244 -0.048940 1.060374 -0.046170
1.059227 -0.049024 1.060361 -0.046250
1.059210 -0.049109 1.060348 -0.046330
1.059193 -0.049193 1.060334 -0.046410
1.059176 -0.049277 1.060321 -0.046490
1.059158 -0.049361 1.060308 -0.046571
1.059141 -0.049446 1.060295 -0.046651
1.059124 -0.049530 1.060282 -0.046731
1.059107 -0.049614 1.060268 -0.046811
1.059090 -0.049698 1.060255 -0.046891
1.059072 -0.049782 1.060242 -0.046971
1.059055 -0.049866 1.060228 -0.047051
1.059038 -0.049950 1.060215 -0.047131
1.059020 -0.050034 1.060201 -0.047211
1.059003 -0.050118 1.060188 -0.047291
1.058985 -0.050203 1.060175 -0.047371
1.058968 -0.050287 1.060161 -0.047451
1.058950 -0.050371 1.060148 -0.047531
1.058933 -0.050454 1.060134 -0.047611
1.058915 -0.050538 1.060120 -0.047690
1.058897 -0.050622 1.060107 -0.047770
1.058880 -0.050706 1.060093 -0.047850
1.058862 -0.050790 1.060079 -0.047930
1.058844 -0.050874 1.060066 -0.048010
1.058827 -0.050958 1.060052 -0.048090
1.058809 -0.051042 1.060038 -0.048169
1.058791 -0.051125 1.060025 -0.048249
1.058773 -0.051209 1.060011 -0.048329
1.058755 -0.051293 1.059997 -0.048409
1.058737 -0.051377 1.059983 -0.048488
1.058719 -0.051460 1.059969 -0.048568
1.058701 -0.051544 1.059955 -0.048648
1.058683 -0.051628 1.059941 -0.048727
1.058665 -0.051711 1.059927 -0.048807
1.058647 -0.051795 1.059913 -0.048887
1.058629 -0.051879 1.059899 -0.048966
1.058611 -0.051962 1.059885 -0.049046
1.058593 -0.052046 1.059871 -0.049125
1.058574 -0.052129 1.059857 -0.049205
1.058556 -0.052213 1.059843 -0.049285
1.058538 -0.052296 1.059829 -0.049364
1.058520 -0.052380 1.059815 -0.049444
1.058501 -0.052463 1.059800 -0.049523
1.058483 -0.052547 1.059786 -0.049603
1.058464 -0.052630 1.059772 -0.049682
1.058446 -0.052713 1.059758 -0.049762
1.058427 -0.052797 1.059743 -0.049841
1.058409 -0.052880 1.059729 -0.049920
1.058390 -0.052963 1.059715 -0.050000
1.058372 -0.053047 1.059700 -0.050079
1.058353 -0.053130 1.059686 -0.050158
1.058334 -0.053213 1.059671 -0.050238
1.058316 -0.053296 1.059657 -0.050317
1.058297 -0.053380 1.059642 -0.050396
1.058278 -0.053463 1.059628 -0.050476
1.058259 -0.053546 1.059613 -0.050555
1.058241 -0.053629 1.059599 -0.050634
1.058222 -0.053712 1.059584 -0.050713
1.058203 -0.053795 1.059569 -0.050793
1.058184 -0.053878 1.059555 -0.050872
1.058165 -0.053961 1.059540 -0.050951
1.058146 -0.054044 1.059525 -0.051030
1.058127 -0.054127 1.059511 -0.051109
1.058108 -0.054210 1.059496 -0.051189
1.058089 -0.054293 1.059481 -0.051268
1.058070 -0.054376 1.059466 -0.051347
1.058051 -0.054459 1.059451 -0.051426
1.058032 -0.054542 1.059436 -0.051505
1.058012 -0.054625 1.059422 -0.051584
1.057993 -0.054708 1.059407 -0.051663
1.057974 -0.054790 1.059392 -0.051742
1.057955 -0.054873 1.059377 -0.051821
1.057935 -0.054956 1.059362 -0.051900
1.057916 -0.055039 1.059347 -0.051979
1.057896 -0.055121 1.059331 -0.052058
1.057877 -0.055204 1.059316 -0.052137
1.057857 -0.055287 1.059301 -0.052216
1.057838 -0.055369 1.059286 -0.052294
1.057818 -0.055452 1.059271 -0.052373
1.057799 -0.055535 1.059256 -0.052452
1.057779 -0.055617 1.059240 -0.052531
1.057760 -0.055700 1.059225 -0.052610
1.057740 -0.055782 1.059210 -0.052688
1.057720 -0.055865 1.059195 -0.052767
1.057701 -0.055947 1.059179 -0.052846
1.057681 -0.056030 1.059164 -0.052925
1.057661 -0.056112 1.059148 -0.053003
1.057641 -0.056195 1.059133 -0.053082
1.057621 -0.056277 1.059118 -0.053161
1.057601 -0.056359 1.059102 -0.053239
1.057582 -0.056442 1.059087 -0.053318
1.057562 -0.056524 1.059071 -0.053397
1.057542 -0.056606 1.059055 -0.053475
1.057522 -0.056689 1.059040 -0.053554
1.057502 -0.056771 1.059024 -0.053632
1.057481 -0.056853 1.059009 -0.053711
1.057461 -0.056935 1.058993 -0.053789
1.057441 -0.057017 1.058977 -0.053868
1.057421 -0.057099 1.058962 -0.053946
1.057401 -0.057182 1.058946 -0.054025
1.057381 -0.057264 1.058930 -0.054103
1.057360 -0.057346 1.058914 -0.054182
1.057340 -0.057428 1.058898 -0.054260
1.057320 -0.057510 1.058883 -0.054339
1.057299 -0.057592 1.058867 -0.054417
1.057279 -0.057674 1.058851 -0.054495
1.057258 -0.057756 1.058835 -0.054574
1.057238 -0.057838 1.058819 -0.054652
1.057217 -0.057920 1.058803 -0.054730
1.057197 -0.058001 1.058787 -0.054808
1.057176 -0.058083 1.058771 -0.054887
1.057156 -0.058165 1.058755 -0.054965
1.057135 -0.058247 1.058739 -0.055043
1.057115 -0.058329 1.058723 -0.055121
1.057094 -0.058410 1.058706 -0.055199
1.057073 -0.058492 1.058690 -0.055278
1.057052 -0.058574 1.058674 -0.055356
1.057032 -0.058655 1.058658 -0.055434
1.057011 -0.058737 1.058641 -0.055512
1.056990 -0.058819 1.058625 -0.055590
1.056969 -0.058900 1.058609 -0.055668
1.056948 -0.058982 1.058593 -0.055746
1.056927 -0.059063 1.058576 -0.055824
1.056906 -0.059145 1.058560 -0.055902
1.056885 -0.059226 1.058543 -0.055980
1.056864 -0.059308 1.058527 -0.056058
1.056843 -0.059389 1.058510 -0.056136
1.056822 -0.059471 1.058494 -0.056214
1.056801 -0.059552 1.058477 -0.056292
1.056780 -0.059633 1.058461 -0.056370
1.056758 -0.059715 1.058444 -0.056447
1.056737 -0.059796 1.058428 -0.056525
1.056716 -0.059877 1.058411 -0.056603
1.056695 -0.059959 1.058394 -0.056681
1.056673 -0.060040 1.058378 -0.056759
1.056652 -0.060121 1.058361 -0.056836
1.056631 -0.060202 1.058344 -0.056914
1.056609 -0.060283 1.058327 -0.056992
1.056588 -0.060365 1.058311 -0.057070
1.056566 -0.060446 1.058294 -0.057147
1.056545 -0.060527 1.058277 -0.057225
1.056523 -0.060608 1.058260 -0.057302
1.056502 -0.060689 1.058243 -0.057380
1.056480 -0.060770 1.058226 -0.057458
1.056458 -0.060851 1.058209 -0.057535
1.056437 -0.060932 1.058192 -0.057613
1.056415 -0.061013 1.058175 -0.057690
1.056393 -0.061094 1.058158 -0.057768
1.056372 -0.061174 1.058141 -0.057845
1.056350 -0.061255 1.058124 -0.057923
1.056328 -0.061336 1.058107 -0.058000
1.056306 -0.061417 1.058090 -0.058078
1.056284 -0.061498 1.058073 -0.058155
1.056262 -0.061578 1.058056 -0.058232
1.056240 -0.061659 1.058038 -0.058310
1.056218 -0.061740 1.058021 -0.058387
1.056196 -0.061820 1.058004 -0.058464
1.056174 -0.061901 1.057987 -0.058542
1.056152 -0.061982 1.057969 -0.058619
1.056130 -0.062062 1.057952 -0.058696
1.056108 -0.062143 1.057935 -0.058773
1.056086 -0.062223 1.057917 -0.058851
1.056063 -0.062304 1.057900 -0.058928
1.056041 -0.062384 1.057882 -0.059005
1.056019 -0.062465 1.057865 -0.059082
1.055997 -0.062545 1.057847 -0.059159
1.055974 -0.062625 1.057830 -0.059236
1.055952 -0.062706 1.057812 -0.059313
1.055930 -0.062786 1.057795 -0.059391
1.055907 -0.062866 1.057777 -0.059468
1.055885 -0.062947 1.057759 -0.059545
1.055862 -0.063027 1.057742 -0.059622
1.055840 -0.063107 1.057724 -0.059699
1.055817 -0.063187 1.057706 -0.059776
1.055795 -0.063267 1.057689 -0.059852
1.055772 -0.063348 1.057671 -0.059929
1.055749 -0.063428 1.057653 -0.060006
1.055727 -0.063508 1.057635 -0.060083
1.055704 -0.063588 1.057617 -0.060160
1.055681 -0.063668 1.057599 -0.060237
1.055658 -0.063748 1.057581 -0.060314
1.055636 -0.063828 1.057564 -0.060390
1.055613 -0.063908 1.057546 -0.060467
1.055590 -0.063988 1.057528 -0.060544
1.055567 -0.064068 1.057510 -0.060621
1.055544 -0.064147 1.057492 -0.060697
1.055521 -0.064227 1.057474 -0.060774
1.055498 -0.064307 1.057455 -0.060851
1.055475 -0.064387 1.057437 -0.060927
1.055452 -0.064467 1.057419 -0.061004
1.055429 -0.064546 1.057401 -0.061080
1.055406 -0.064626 1.057383 -0.061157
1.055383 -0.064706 1.057365 -0.061233
1.055360 -0.064785 1.057346 -0.061310
1.055337 -0.064865 1.057328 -0.061386
1.055313 -0.064944 1.057310 -0.061463
1.055290 -0.065024 1.057291 -0.061539
1.055267 -0.065104 1.057273 -0.061616
1.055243 -0.065183 1.057255 -0.061692
1.055220 -0.065263 1.057236 -0.061769
1.055197 -0.065342 1.057218 -0.061845
1.055173 -0.065421 1.057199 -0.061921
1.055150 -0.065501 1.057181 -0.061998
1.055126 -0.065580 1.057162 -0.062074
1.055103 -0.065659 1.057144 -0.062150
1.055079 -0.065739 1.057125 -0.062226
1.055056 -0.065818 1.057107 -0.062303
1.055032 -0.065897 1.057088 -0.062379
1.055009 -0.065976 1.057070 -0.062455
1.054985 -0.066056 1.057051 -0.062531
1.054961 -0.066135 1.057032 -0.062607
1.054938 -0.066214 1.057013 -0.062683
1.054914 -0.066293 1.056995 -0.062760
1.054890 -0.066372 1.056976 -0.062836
1.054866 -0.066451 1.056957 -0.062912
1.054842 -0.066530 1.056938 -0.062988
1.054818 -0.066609 1.056919 -0.063064
1.054795 -0.066688 1.056901 -0.063140
1.054771 -0.066767 1.056882 -0.063216
1.054747 -0.066846 1.056863 -0.063291
1.054723 -0.066925 1.056844 -0.063367
1.054699 -0.067003 1.056825 -0.063443
1.054675 -0.067082 1.056806 -0.063519
1.054651 -0.067161 1.056787 -0.063595
1.054626 -0.067240 1.056768 -0.063671
1.054602 -0.067318 1.056749 -0.063747
1.054578 -0.067397 1.056730 -0.063822
1.054554 -0.067476 1.056710 -0.063898
1.054530 -0.067554 1.056691 -0.063974
1.054505 -0.067633 1.056672 -0.064049
1.054481 -0.067712 1.056653 -0.064125
1.054457 -0.067790 1.056634 -0.064201
1.054432 -0.067869 1.056614 -0.064276
1.054408 -0.067947 1.056595 -0.064352
1.054384 -0.068026 1.056576 -0.064428
1.054359 -0.068104 1.056556 -0.064503
1.054335 -0.068182 1.056537 -0.064579
1.054310 -0.068261 1.056518 -0.064654
1.054286 -0.068339 1.056498 -0.064730
1.054261 -0.068417 1.056479 -0.064805
1.054237 -0.068496 1.056459 -0.064881
1.054212 -0.068574 1.056440 -0.064956
1.054187 -0.068652 1.056420 -0.065031
1.054163 -0.068730 1.056401 -0.065107
1.054138 -0.068808 1.056381 -0.065182
1.054113 -0.068886 1.056362 -0.065257
1.054088 -0.068964 1.056342 -0.065333
1.054064 -0.069043 1.056322 -0.065408
1.054039 -0.069121 1.056303 -0.065483
1.054014 -0.069199 1.056283 -0.065558
1.053989 -0.069277 1.056263 -0.065634
1.053964 -0.069354 1.056243 -0.065709
1.053939 -0.069432 1.056224 -0.065784
1.053914 -0.069510 1.056204 -0.065859
1.053889 -0.069588 1.056184 -0.065934
1.053864 -0.069666 1.056164 -0.066009
1.053839 -0.069744 1.056144 -0.066084
1.053814 -0.069821 1.056124 -0.066159
1.053789 -0.069899 1.056104 -0.066234
1.053764 -0.069977 1.056085 -0.066309
1.053738 -0.070054 1.056065 -0.066384
1.053713 -0.070132 1.056045 -0.066459
1.053688 -0.070210 1.056024 -0.066534
1.053663 -0.070287 1.056004 -0.066609
1.053637 -0.070365 1.055984 -0.066684
1.053612 -0.070442 1.055964 -0.066759
1.053587 -0.070520 1.055944 -0.066833
1.053561 -0.070597 1.055924 -0.066908
1.053536 -0.070675 1.055904 -0.066983
1.053510 -0.070752 1.055884 -0.067058
1.053485 -0.070829 1.055863 -0.067132
1.053459 -0.070907 1.055843 -0.067207
1.053434 -0.070984 1.055823 -0.067282
1.053408 -0.071061 1.055802 -0.067356
1.053383 -0.071138 1.055782 -0.067431
1.053357 -0.071216 1.055762 -0.067505
1.053331 -0.071293 1.055741 -0.067580
1.053306 -0.071370 1.055721 -0.067655
1.053280 -0.071447 1.055700 -0.067729
1.053254 -0.071524 1.055680 -0.067804
1.053228 -0.071601 1.055659 -0.067878
1.053203 -0.071678 1.055639 -0.067952
1.053177 -0.071755 1.055618 -0.068027
1.053151 -0.071832 1.055598 -0.068101
1.053125 -0.071909 1.055577 -0.068176
1.053099 -0.071986 1.055557 -0.068250
1.053073 -0.072063 1.055536 -0.068324
1.053047 -0.072139 1.055515 -0.068398
1.053021 -0.072216 1.055494 -0.068473
1.052995 -0.072293 1.055474 -0.068547
1.052969 -0.072370 1.055453 -0.068621
1.052943 -0.072446 1.055432 -0.068695
1.052917 -0.072523 1.055411 -0.068769
1.052891 -0.072599 1.055391 -0.068844
1.052864 -0.072676 1.055370 -0.068918
1.052838 -0.072753 1.055349 -0.068992
1.052812 -0.072829 1.055328 -0.069066
1.052786 -0.072906 1.055307 -0.069140
1.052759 -0.072982 1.055286 -0.069214
1.052733 -0.073059 1.055265 -0.069288
1.052707 -0.073135 1.055244 -0.069362
1.052680 -0.073211 1.055223 -0.069436
1.052654 -0.073288 1.055202 -0.069510
1.052627 -0.073364 1.055181 -0.069583
1.052601 -0.073440 1.055160 -0.069657
1.052574 -0.073516 1.055139 -0.069731
1.052548 -0.073593 1.055117 -0.069805
1.052521 -0.073669 1.055096 -0.069879
1.052495 -0.073745 1.055075 -0.069952
1.052468 -0.073821 1.055054 -0.070026
1.052441 -0.073897 1.055033 -0.070100
1.052415 -0.073973 1.055011 -0.070173
1.052388 -0.074049 1.054990 -0.070247
1.052361 -0.074125 1.054969 -0.070321
1.052335 -0.074201 1.054947 -0.070394
1.052308 -0.074277 1.054926 -0.070468
1.052281 -0.074353 1.054904 -0.070541
1.052254 -0.074429 1.054883 -0.070615
1.052227 -0.074504 1.054862 -0.070688
1.052200 -0.074580 1.054840 -0.070762
1.052173 -0.074656 1.054819 -0.070835
1.052146 -0.074732 1.054797 -0.070909
1.052119 -0.074807 1.054775 -0.070982
1.052092 -0.074883 1.054754 -0.071055
1.052065 -0.074958 1.054732 -0.071129
1.052038 -0.075034 1.054711 -0.071202
1.052011 -0.075110 1.054689 -0.071275
1.051984 -0.075185 1.054667 -0.071348
1.051957 -0.075261 1.054645 -0.071422
1.051930 -0.075336 1.054624 -0.071495
1.051902 -0.075411 1.054602 -0.071568
1.051875 -0.075487 1.054580 -0.071641
1.051848 -0.075562 1.054558 -0.071714
1.051820 -0.075637 1.054537 -0.071787
1.051793 -0.075713 1.054515 -0.071860
1.051766 -0.075788 1.054493 -0.071933
1.051738 -0.075863 1.054471 -0.072006
1.051711 -0.075938 1.054449 -0.072079
1.051683 -0.076013 1.054427 -0.072152
1.051656 -0.076089 1.054405 -0.072225
1.051628 -0.076164 1.054383 -0.072298
1.051601 -0.076239 1.054361 -0.072371
1.051573 -0.076314 1.054339 -0.072444
1.051546 -0.076389 1.054317 -0.072517
1.051518 -0.076464 1.054295 -0.072589
1.051490 -0.076538 1.054272 -0.072662
1.051463 -0.076613 1.054250 -0.072735
1.051435 -0.076688 1.054228 -0.072808
1.051407 -0.076763 1.054206 -0.072880
1.051380 -0.076838 1.054184 -0.072953
1.051352 -0.076912 1.054161 -0.073026
1.051324 -0.076987 1.054139 -0.073098
1.051296 -0.077062 1.054117 -0.073171
1.051268 -0.077136 1.054094 -0.073243
1.051240 -0.077211 1.054072 -0.073316
1.051212 -0.077285 1.054050 -0.073388
1.051184 -0.077360 1.054027 -0.073461
1.051156 -0.077434 1.054005 -0.073533
1.051128 -0.077509 1.053982 -0.073606
1.051100 -0.077583 1.053960 -0.073678
1.051072 -0.077658 1.053937 -0.073750
1.051044 -0.077732 1.053915 -0.073823
1.051016 -0.077806 1.053892 -0.073895
1.050988 -0.077881 1.053870 -0.073967
1.050960 -0.077955 1.053847 -0.074039
1.050931 -0.078029 1.053824 -0.074112
1.050903 -0.078103 1.053802 -0.074184
1.050875 -0.078177 1.053779 -0.074256
1.050847 -0.078252 1.053756 -0.074328
1.050818 -0.078326 1.053733 -0.074400
1.050790 -0.078400 1.053711 -0.074472
1.050762 -0.078474 1.053688 -0.074544
1.050733 -0.078548 1.053665 -0.074616
1.050705 -0.078622 1.053642 -0.074688
1.050676 -0.078695 1.053619 -0.074760
1.050648 -0.078769 1.053596 -0.074832
1.050619 -0.078843 1.053574 -0.074904
1.050591 -0.078917 1.053551 -0.074976
1.050562 -0.078991 1.053528 -0.075048
1.050534 -0.079064 1.053505 -0.075120
1.050505 -0.079138 1.053482 -0.075191
1.050476 -0.079212 1.053459 -0.075263
1.050448 -0.079285 1.053435 -0.075335
1.050419 -0.079359 1.053412 -0.075407
1.050390 -0.079432 1.053389 -0.075478
1.050361 -0.079506 1.053366 -0.075550
1.050333 -0.079579 1.053343 -0.075621
1.050304 -0.079653 1.053320 -0.075693
1.050275 -0.079726 1.053297 -0.075765
1.050246 -0.079800 1.053273 -0.075836
1.050217 -0.079873 1.053250 -0.075908
1.050188 -0.079946 1.053227 -0.075979
1.050159 -0.080020 1.053203 -0.076051
1.050130 -0.080093 1.053180 -0.076122
1.050101 -0.080166 1.053157 -0.076193
1.050072 -0.080239 1.053133 -0.076265
1.050043 -0.080312 1.053110 -0.076336
1.050014 -0.080385 1.053087 -0.076407
1.049985 -0.080458 1.053063 -0.076479
1.049956 -0.080531 1.053040 -0.076550
1.049927 -0.080604 1.053016 -0.076621
1.049897 -0.080677 1.052993 -0.076692
1.049868 -0.080750 1.052969 -0.076763
1.049839 -0.080823 1.052945 -0.076835
1.049810 -0.080896 1.052922 -0.076906
1.049780 -0.080969 1.052898 -0.076977
1.049751 -0.081041 1.052874 -0.077048
1.049722 -0.081114 1.052851 -0.077119
1.049692 -0.081187 1.052827 -0.077190
1.049663 -0.081259 1.052803 -0.077261
1.049633 -0.081332 1.052780 -0.077332
1.049604 -0.081405 1.052756 -0.077402
1.049574 -0.081477 1.052732 -0.077473
1.049545 -0.081550 1.052708 -0.077544
1.049515 -0.081622 1.052684 -0.077615
1.049486 -0.081694 1.052660 -0.077686
1.049456 -0.081767 1.052637 -0.077756
1.049426 -0.081839 1.052613 -0.077827
1.049397 -0.081912 1.052589 -0.077898
1.049367 -0.081984 1.052565 -0.077969
1.049337 -0.082056 1.052541 -0.078039
1.049308 -0.082128 1.052517 -0.078110
1.049278 -0.082200 1.052493 -0.078180
1.049248 -0.082273 1.052469 -0.078251
1.049218 -0.082345 1.052444 -0.078321
1.049188 -0.082417 1.052420 -0.078392
1.049158 -0.082489 1.052396 -0.078462
1.049129 -0.082561 1.052372 -0.078533
1.049099 -0.082633 1.052348 -0.078603
1.049069 -0.082705 1.052324 -0.078673
1.049039 -0.082776 1.052299 -0.078744
1.049009 -0.082848 1.052275 -0.078814
1.048979 -0.082920 1.052251 -0.078884
1.048949 -0.082992 1.052226 -0.078955
1.048918 -0.083064 1.052202 -0.079025
1.048888 -0.083135 1.052178 -0.079095
1.048858 -0.083207 1.052153 -0.079165
1.048828 -0.083278 1.052129 -0.079235
1.048798 -0.083350 1.052105 -0.079305
1.048768 -0.083422 1.052080 -0.079375
1.048737 -0.083493 1.052056 -0.079445
1.048707 -0.083565 1.052031 -0.079515
1.048677 -0.083636 1.052007 -0.079585
1.048646 -0.083707 1.051982 -0.079655
1.048616 -0.083779 1.051957 -0.079725
1.048586 -0.083850 1.051933 -0.079795
1.048555 -0.083921 1.051908 -0.079865
1.048525 -0.083993 1.051884 -0.079935
1.048494 -0.084064 1.051859 -0.080005
1.048464 -0.084135 1.051834 -0.080074
1.048433 -0.084206 1.051809 -0.080144
1.048403 -0.084277 1.051785 -0.080214
1.048372 -0.084348 1.051760 -0.080283
1.048342 -0.084419 1.051735 -0.080353
1.048311 -0.084490 1.051710 -0.080423
1.048280 -0.084561 1.051685 -0.080492
1.048250 -0.084632 1.051661 -0.080562
1.048219 -0.084703 1.051636 -0.080631
1.048188 -0.084774 1.051611 -0.080701
1.048157 -0.084844 1.051586 -0.080770
1.048127 -0.084915 1.051561 -0.080840
1.048096 -0.084986 1.051536 -0.080909
1.048065 -0.085057 1.051511 -0.080978
1.048034 -0.085127 1.051486 -0.081048
1.048003 -0.085198 1.051461 -0.081117
1.047972 -0.085268 1.051436 -0.081186
1.047941 -0.085339 1.051411 -0.081255
1.047911 -0.085409 1.051385 -0.081325
1.047880 -0.085480 1.051360 -0.081394
1.047849 -0.085550 1.051335 -0.081463
1.047817 -0.085621 1.051310 -0.081532
1.047786 -0.085691 1.051285 -0.081601
1.047755 -0.085761 1.051259 -0.081670
1.047724 -0.085831 1.051234 -0.081739
1.047693 -0.085902 1.051209 -0.081808
1.047662 -0.085972 1.051183 -0.081877
1.047631 -0.086042 1.051158 -0.081946
1.047599 -0.086112 1.051133 -0.082015
1.047568 -0.086182 1.051107 -0.082084
1.047537 -0.086252 1.051082 -0.082153
1.047506 -0.086322 1.051056 -0.082221
1.047474 -0.086392 1.051031 -0.082290
1.047443 -0.086462 1.051005 -0.082359
1.047412 -0.086532 1.050980 -0.082428
1.047380 -0.086601 1.050954 -0.082496
1.047349 -0.086671 1.050929 -0.082565
1.047317 -0.086741 1.050903 -0.082633
1.047286 -0.086811 1.050878 -0.082702
1.047254 -0.086880 1.050852 -0.082771
1.047223 -0.086950 1.050826 -0.082839
1.047191 -0.087020 1.050801 -0.082908
1.047160 -0.087089 1.050775 -0.082976
1.047128 -0.087159 1.050749 -0.083044
1.047097 -0.087228 1.050723 -0.083113
1.047065 -0.087298 1.050698 -0.083181
1.047033 -0.087367 1.050672 -0.083249
1.047001 -0.087436 1.050646 -0.083318
1.046970 -0.087506 1.050620 -0.083386
1.046938 -0.087575 1.050594 -0.083454
1.046906 -0.087644 1.050568 -0.083522
1.046874 -0.087713 1.050543 -0.083591
1.046843 -0.087782 1.050517 -0.083659
1.046811 -0.087852 1.050491 -0.083727
1.046779 -0.087921 1.050465 -0.083795
1.046747 -0.087990 1.050439 -0.083863
1.046715 -0.088059 1.050413 -0.083931
1.046683 -0.088128 1.050387 -0.083999
1.046651 -0.088196 1.050360 -0.084067
1.046619 -0.088265 1.050334 -0.084135
1.046587 -0.088334 1.050308 -0.084203
1.046555 -0.088403 1.050282 -0.084270
1.046523 -0.088472 1.050256 -0.084338
1.046491 -0.088540 1.050230 -0.084406
1.046459 -0.088609 1.050203 -0.084474
1.046426 -0.088678 1.050177 -0.084541
1.046394 -0.088746 1.050151 -0.084609
1.046362 -0.088815 1.050125 -0.084677
1.046330 -0.088883 1.050098 -0.084744
1.046298 -0.088952 1.050072 -0.084812
1.046265 -0.089020 1.050046 -0.084879
1.046233 -0.089089 1.050019 -0.084947
1.046201 -0.089157 1.049993 -0.085014
1.046168 -0.089225 1.049966 -0.085082
1.046136 -0.089294 1.049940 -0.085149
1.046104 -0.089362 1.049913 -0.085217
1.046071 -0.089430 1.049887 -0.085284
1.046039 -0.089498 1.049860 -0.085351
1.046006 -0.089566 1.049834 -0.085419
1.045974 -0.089634 1.049807 -0.085486
1.045941 -0.089702 1.049781 -0.085553
1.045909 -0.089770 1.049754 -0.085620
1.045876 -0.089838 1.049727 -0.085687
1.045843 -0.089906 1.049701 -0.085754
1.045811 -0.089974 1.049674 -0.085822
1.045778 -0.090042 1.049647 -0.085889
1.045745 -0.090110 1.049621 -0.085956
1.045713 -0.090177 1.049594 -0.086023
1.045680 -0.090245 1.049567 -0.086090
1.045647 -0.090313 1.049540 -0.086156
1.045614 -0.090380 1.049513 -0.086223
1.045582 -0.090448 1.049486 -0.086290
1.045549 -0.090516 1.049460 -0.086357
1.045516 -0.090583 1.049433 -0.086424
1.045483 -0.090651 1.049406 -0.086491
1.045450 -0.090718 1.049379 -0.086557
1.045417 -0.090785 1.049352 -0.086624
1.045384 -0.090853 1.049325 -0.086691
1.045351 -0.090920 1.049298 -0.086757
1.045318 -0.090987 1.049271 -0.086824
1.045285 -0.091054 1.049244 -0.086890
1.045252 -0.091122 1.049217 -0.086957
1.045219 -0.091189 1.049190 -0.087023
1.045186 -0.091256 1.049162 -0.087090
1.045153 -0.091323 1.049135 -0.087156
1.045120 -0.091390 1.049108 -0.087222
1.045087 -0.091457 1.049081 -0.087289
1.045054 -0.091524 1.049054 -0.087355
1.045020 -0.091591 1.049026 -0.087421
1.044987 -0.091657 1.048999 -0.087488
1.044954 -0.091724 1.048972 -0.087554
1.044921 -0.091791 1.048944 -0.087620
1.044887 -0.091858 1.048917 -0.087686
1.044854 -0.091924 1.048890 -0.087752
1.044821 -0.091991 1.048862 -0.087818
1.044787 -0.092058 1.048835 -0.087884
1.044754 -0.092124 1.048808 -0.087950
1.044720 -0.092191 1.048780 -0.088016
1.044687 -0.092257 1.048753 -0.088082
1.044653 -0.092324 1.048725 -0.088148
1.044620 -0.092390 1.048698 -0.088214
1.044586 -0.092456 1.048670 -0.088280
1.044553 -0.092523 1.048642 -0.088346
1.044519 -0.092589 1.048615 -0.088411
1.044486 -0.092655 1.048587 -0.088477
1.044452 -0.092721 1.048560 -0.088543
1.044418 -0.092787 1.048532 -0.088609
1.044385 -0.092853 1.048504 -0.088674
1.044351 -0.092919 1.048477 -0.088740
1.044317 -0.092985 1.048449 -0.088805
1.044284 -0.093051 1.048421 -0.088871
1.044250 -0.093117 1.048393 -0.088936
1.044216 -0.093183 1.048366 -0.089002
1.044182 -0.093249 1.048338 -0.089067
1.044148 -0.093315 1.048310 -0.089133
1.044115 -0.093381 1.048282 -0.089198
1.044081 -0.093446 1.048254 -0.089263
1.044047 -0.093512 1.048226 -0.089328
1.044013 -0.093578 1.048198 -0.089394
1.043979 -0.093643 1.048170 -0.089459
1.043945 -0.093709 1.048142 -0.089524
1.043911 -0.093774 1.048114 -0.089589
1.043877 -0.093840 1.048086 -0.089654
1.043843 -0.093905 1.048058 -0.089719
1.043809 -0.093970 1.048030 -0.089784
1.043775 -0.094036 1.048002 -0.089849
1.043741 -0.094101 1.047974 -0.089914
1.043706 -0.094166 1.047946 -0.089979
1.043672 -0.094231 1.047918 -0.090044
1.043638 -0.094297 1.047889 -0.090109
1.043604 -0.094362 1.047861 -0.090174
1.043570 -0.094427 1.047833 -0.090239
1.043535 -0.094492 1.047805 -0.090303
1.043501 -0.094557 1.047776 -0.090368
1.043467 -0.094622 1.047748 -0.090433
1.043433 -0.094687 1.047720 -0.090497
1.043398 -0.094752 1.047692 -0.090562
1.043364 -0.094816 1.047663 -0.090627
1.043329 -0.094881 1.047635 -0.090691
1.043295 -0.094946 1.047606 -0.090756
1.043261 -0.095010 1.047578 -0.090820
1.043226 -0.095075 1.047549 -0.090885
1.043192 -0.095140 1.047521 -0.090949
1.043157 -0.095204 1.047493 -0.091013
1.043123 -0.095269 1.047464 -0.091078
1.043088 -0.095333 1.047435 -0.091142
1.043053 -0.095398 1.047407 -0.091206
1.043019 -0.095462 1.047378 -0.091270
1.042984 -0.095526 1.047350 -0.091335
1.042950 -0.095591 1.047321 -0.091399
1.042915 -0.095655 1.047292 -0.091463
1.042880 -0.095719 1.047264 -0.091527
1.042846 -0.095783 1.047235 -0.091591
1.042811 -0.095847 1.047206 -0.091655
1.042776 -0.095911 1.047178 -0.091719
1.042741 -0.095976 1.047149 -0.091783
1.042706 -0.096039 1.047120 -0.091847
1.042672 -0.096103 1.047091 -0.091911
1.042637 -0.096167 1.047062 -0.091975
1.042602 -0.096231 1.047033 -0.092038
1.042567 -0.096295 1.047005 -0.092102
1.042532 -0.096359 1.046976 -0.092166
1.042497 -0.096422 1.046947 -0.092229
1.042462 -0.096486 1.046918 -0.092293
1.042427 -0.096550 1.046889 -0.092357
1.042392 -0.096613 1.046860 -0.092420
1.042357 -0.096677 1.046831 -0.092484
1.042322 -0.096740 1.046802 -0.092547
1.042287 -0.096804 1.046773 -0.092611
1.042252 -0.096867 1.046744 -0.092674
1.042217 -0.096931 1.046715 -0.092738
1.042182 -0.096994 1.046685 -0.092801
1.042147 -0.097057 1.046656 -0.092864
1.042111 -0.097121 1.046627 -0.092928
1.042076 -0.097184 1.046598 -0.092991
1.042041 -0.097247 1.046569 -0.093054
1.042006 -0.097310 1.046540 -0.093117
1.041970 -0.097373 1.046510 -0.093180
1.041935 -0.097436 1.046481 -0.093243
1.041900 -0.097499 1.046452 -0.093306
1.041864 -0.097562 1.046422 -0.093369
1.041829 -0.097625 1.046393 -0.093432
1.041794 -0.097688 1.046364 -0.093495
1.041758 -0.097751 1.046334 -0.093558
1.041723 -0.097813 1.046305 -0.093621
1.041687 -0.097876 1.046275 -0.093684
1.041652 -0.097939 1.046246 -0.093747
1.041616 -0.098001 1.046217 -0.093810
1.041581 -0.098064 1.046187 -0.093872
1.041545 -0.098126 1.046158 -0.093935
1.041510 -0.098189 1.046128 -0.093998
1.041474 -0.098251 1.046098 -0.094060
1.041439 -0.098314 1.046069 -0.094123
1.041403 -0.098376 1.046039 -0.094185
1.041367 -0.098438 1.046010 -0.094248
1.041332 -0.098501 1.045980 -0.094310
1.041296 -0.098563 1.045950 -0.094373
1.041260 -0.098625 1.045921 -0.094435
1.041225 -0.098687 1.045891 -0.094498
1.041189 -0.098749 1.045861 -0.094560
1.041153 -0.098811 1.045831 -0.094622
1.041117 -0.098873 1.045802 -0.094684
1.041081 -0.098935 1.045772 -0.094747
1.041046 -0.098997 1.045742 -0.094809
1.041010 -0.099059 1.045712 -0.094871
1.040974 -0.099121 1.045682 -0.094933
1.040938 -0.099182 1.045652 -0.094995
1.040902 -0.099244 1.045622 -0.095057
1.040866 -0.099306 1.045593 -0.095119
1.040830 -0.099368 1.045563 -0.095181
1.040794 -0.099429 1.045533 -0.095243
1.040758 -0.099491 1.045503 -0.095305
1.040722 -0.099552 1.045473 -0.095367
1.040686 -0.099614 1.045443 -0.095428
1.040650 -0.099675 1.045412 -0.095490
1.040614 -0.099736 1.045382 -0.095552
1.040578 -0.099798 1.045352 -0.095614
1.040541 -0.099859 1.045322 -0.095675
1.040505 -0.099920 1.045292 -0.095737
1.040469 -0.099981 1.045262 -0.095798
1.040433 -0.100042 1.045232 -0.095860
1.040397 -0.100104 1.045201 -0.095921
1.040360 -0.100165 1.045171 -0.095983
1.040324 -0.100226 1.045141 -0.096044
1.040288 -0.100286 1.045111 -0.096106
1.040252 -0.100347 1.045080 -0.096167
1.040215 -0.100408 1.045050 -0.096228
1.040179 -0.100469 1.045020 -0.096290
1.040143 -0.100530 1.044989 -0.096351
1.040106 -0.100591 1.044959 -0.096412
1.040070 -0.100651 1.044929 -0.096473
1.040033 -0.100712 1.044898 -0.096534
1.039997 -0.100772 1.044868 -0.096595
1.039960 -0.100833 1.044837 -0.096656
1.039924 -0.100893 1.044807 -0.096717
1.039887 -0.100954 1.044776 -0.096778
1.039851 -0.101014 1.044746 -0.096839
1.039814 -0.101075 1.044715 -0.096900
1.039778 -0.101135 1.044685 -0.096961
1.039741 -0.101195 1.044654 -0.097022
1.039704 -0.101255 1.044623 -0.097082
1.039668 -0.101316 1.044593 -0.097143
1.039631 -0.101376 1.044562 -0.097204
1.039594 -0.101436 1.044531 -0.097265
1.039558 -0.101496 1.044501 -0.097325
1.039521 -0.101556 1.044470 -0.097386
1.039484 -0.101616 1.044439 -0.097446
1.039447 -0.101676 1.044408 -0.097507
1.039411 -0.101735 1.044378 -0.097567
1.039374 -0.101795 1.044347 -0.097628
1.039337 -0.101855 1.044316 -0.097688
1.039300 -0.101915 1.044285 -0.097748
1.039263 -0.101974 1.044254 -0.097809
1.039226 -0.102034 1.044223 -0.097869
1.039189 -0.102093 1.044192 -0.097929
1.039153 -0.102153 1.044161 -0.097989
1.039116 -0.102212 1.044131 -0.098049
1.039079 -0.102272 1.044100 -0.098109
1.039042 -0.102331 1.044069 -0.098170
1.039005 -0.102391 1.044038 -0.098230
1.038968 -0.102450 1.044006 -0.098290
1.038930 -0.102509 1.043975 -0.098350
1.038893 -0.102568 1.043944 -0.098409
1.038856 -0.102627 1.043913 -0.098469
1.038819 -0.102686 1.043882 -0.098529
1.038782 -0.102745 1.043851 -0.098589
1.038745 -0.102804 1.043820 -0.098649
1.038708 -0.102863 1.043789 -0.098708
1.038671 -0.102922 1.043757 -0.098768
1.038633 -0.102981 1.043726 -0.098828
1.038596 -0.103040 1.043695 -0.098887
1.038559 -0.103099 1.043664 -0.098947
1.038522 -0.103157 1.043632 -0.099006
1.038484 -0.103216 1.043601 -0.099066
1.038447 -0.103275 1.043570 -0.099125
1.038410 -0.103333 1.043538 -0.099185
1.038372 -0.103392 1.043507 -0.099244
1.038335 -0.103450 1.043476 -0.099303
1.038297 -0.103509 1.043444 -0.099363
1.038260 -0.103567 1.043413 -0.099422
1.038223 -0.103625 1.043381 -0.099481
1.038185 -0.103684 1.043350 -0.099540
1.038148 -0.103742 1.043318 -0.099599
1.038110 -0.103800 1.043287 -0.099658
1.038073 -0.103858 1.043255 -0.099717
1.038035 -0.103916 1.043224 -0.099776
1.037998 -0.103975 1.043192 -0.099835
1.037960 -0.104033 1.043160 -0.099894
1.037922 -0.104090 1.043129 -0.099953
1.037885 -0.104148 1.043097 -0.100012
1.037847 -0.104206 1.043065 -0.100071
1.037809 -0.104264 1.043034 -0.100130
1.037772 -0.104322 1.043002 -0.100188
1.037734 -0.104380 1.042970 -0.100247
1.037696 -0.104437 1.042939 -0.100306
1.037659 -0.104495 1.042907 -0.100364
1.037621 -0.104552 1.042875 -0.100423
1.037583 -0.104610 1.042843 -0.100481
1.037545 -0.104667 1.042811 -0.100540
1.037507 -0.104725 1.042779 -0.100598
1.037470 -0.104782 1.042748 -0.100657
1.037432 -0.104840 1.042716 -0.100715
1.037394 -0.104897 1.042684 -0.100773
1.037356 -0.104954 1.042652 -0.100831
1.037318 -0.105011 1.042620 -0.100890
1.037280 -0.105068 1.042588 -0.100948
1.037242 -0.105125 1.042556 -0.101006
1.037204 -0.105183 1.042524 -0.101064
1.037166 -0.105240 1.042492 -0.101122
1.037128 -0.105296 1.042460 -0.101180
1.037090 -0.105353 1.042428 -0.101238
1.037052 -0.105410 1.042396 -0.101296
1.037014 -0.105467 1.042364 -0.101354
1.036976 -0.105524 1.042331 -0.101412
1.036938 -0.105581 1.042299 -0.101470
1.036900 -0.105637 1.042267 -0.101528
1.036862 -0.105694 1.042235 -0.101585
1.036824 -0.105750 1.042203 -0.101643
1.036785 -0.105807 1.042170 -0.101701
1.036747 -0.105863 1.042138 -0.101758
1.036709 -0.105920 1.042106 -0.101816
1.036671 -0.105976 1.042074 -0.101873
1.036633 -0.106032 1.042041 -0.101931
1.036594 -0.106089 1.042009 -0.101988
1.036556 -0.106145 1.041977 -0.102046
1.036518 -0.106201 1.041944 -0.102103
1.036479 -0.106257 1.041912 -0.102161
1.036441 -0.106313 1.041879 -0.102218
1.036403 -0.106369 1.041847 -0.102275
1.036364 -0.106425 1.041814 -0.102332
1.036326 -0.106481 1.041782 -0.102389
1.036287 -0.106537 1.041749 -0.102447
1.036249 -0.106593 1.041717 -0.102504
1.036211 -0.106649 1.041684 -0.102561
1.036172 -0.106704 1.041652 -0.102618
1.036134 -0.106760 1.041619 -0.102675
1.036095 -0.106816 1.041587 -0.102732
1.036057 -0.106871 1.041554 -0.102789
1.036018 -0.106927 1.041521 -0.102845
1.035979 -0.106982 1.041489 -0.102902
1.035941 -0.107038 1.041456 -0.102959
1.035902 -0.107093 1.041423 -0.103016
1.035864 -0.107149 1.041391 -0.103072
1.035825 -0.107204 1.041358 -0.103129
1.035786 -0.107259 1.041325 -0.103186
1.035748 -0.107314 1.041292 -0.103242
1.035709 -0.107369 1.041259 -0.103299
1.035670 -0.107425 1.041227 -0.103355
1.035631 -0.107480 1.041194 -0.103411
1.035593 -0.107535 1.041161 -0.103468
1.035554 -0.107590 1.041128 -0.103524
1.035515 -0.107644 1.041095 -0.103580
1.035476 -0.107699 1.041062 -0.103637
1.035438 -0.107754 1.041029 -0.103693
1.035399 -0.107809 1.040996 -0.103749
1.035360 -0.107863 1.040963 -0.103805
1.035321 -0.107918 1.040930 -0.103861
1.035282 -0.107973 1.040897 -0.103917
1.035243 -0.108027 1.040864 -0.103973
1.035204 -0.108082 1.040831 -0.104029
1.035165 -0.108136 1.040798 -0.104085
1.035126 -0.108191 1.040765 -0.104141
1.035087 -0.108245 1.040732 -0.104197
1.035048 -0.108299 1.040699 -0.104253
1.035009 -0.108354 1.040666 -0.104309
1.034970 -0.108408 1.040632 -0.104364
1.034931 -0.108462 1.040599 -0.104420
1.034892 -0.108516 1.040566 -0.104476
1.034853 -0.108570 1.040533 -0.104531
1.034814 -0.108624 1.040499 -0.104587
1.034775 -0.108678 1.040466 -0.104642
1.034736 -0.108732 1.040433 -0.104698
1.034696 -0.108786 1.040400 -0.104753
1.034657 -0.108840 1.040366 -0.104808
1.034618 -0.108893 1.040333 -0.104864
1.034579 -0.108947 1.040299 -0.104919
1.034540 -0.109001 1.040266 -0.104974
1.034500 -0.109054 1.040233 -0.105029
1.034461 -0.109108 1.040199 -0.105085
1.034422 -0.109161 1.040166 -0.105140
1.034383 -0.109215 1.040132 -0.105195
1.034343 -0.109268 1.040099 -0.105250
1.034304 -0.109322 1.040065 -0.105305
1.034265 -0.109375 1.040032 -0.105360
1.034225 -0.109428 1.039998 -0.105415
1.034186 -0.109481 1.039965 -0.105470
1.034146 -0.109534 1.039931 -0.105524
1.034107 -0.109588 1.039897 -0.105579
1.034067 -0.109641 1.039864 -0.105634
1.034028 -0.109694 1.039830 -0.105689
1.033989 -0.109747 1.039796 -0.105743
1.033949 -0.109799 1.039763 -0.105798
1.033910 -0.109852 1.039729 -0.105852
1.033870 -0.109905 1.039695 -0.105907
1.033830 -0.109958 1.039662 -0.105961
1.033791 -0.110011 1.039628 -0.106016
1.033751 -0.110063 1.039594 -0.106070
1.033712 -0.110116 1.039560 -0.106124
1.033672 -0.110168 1.039526 -0.106179
1.033632 -0.110221 1.039493 -0.106233
1.033593 -0.110273 1.039459 -0.106287
1.033553 -0.110326 1.039425 -0.106341
1.033513 -0.110378 1.039391 -0.106396
1.033474 -0.110430 1.039357 -0.106450
1.033434 -0.110483 1.039323 -0.106504
1.033394 -0.110535 1.039289 -0.106558
1.033355 -0.110587 1.039255 -0.106612
1.033315 -0.110639 1.039221 -0.106665
1.033275 -0.110691 1.039187 -0.106719
1.033235 -0.110743 1.039153 -0.106773
1.033195 -0.110795 1.039119 -0.106827
1.033156 -0.110847 1.039085 -0.106881
1.033116 -0.110899 1.039051 -0.106934
1.033076 -0.110950 1.039017 -0.106988
1.033036 -0.111002 1.038983 -0.107042
1.032996 -0.111054 1.038948 -0.107095
1.032956 -0.111105 1.038914 -0.107149
1.032916 -0.111157 1.038880 -0.107202
1.032876 -0.111209 1.038846 -0.107256
1.032836 -0.111260 1.038812 -0.107309
1.032796 -0.111311 1.038777 -0.107362
1.032756 -0.111363 1.038743 -0.107416
1.032716 -0.111414 1.038709 -0.107469
1.032676 -0.111465 1.038675 -0.107522
1.032636 -0.111517 1.038640 -0.107575
1.032596 -0.111568 1.038606 -0.107628
1.032556 -0.111619 1.038572 -0.107681
1.032516 -0.111670 1.038537 -0.107734
1.032476 -0.111721 1.038503 -0.107787
1.032436 -0.111772 1.038468 -0.107840
1.032396 -0.111823 1.038434 -0.107893
1.032355 -0.111874 1.038399 -0.107946
1.032315 -0.111925 1.038365 -0.107999
1.032275 -0.111975 1.038331 -0.108052
1.032235 -0.112026 1.038296 -0.108104
1.032195 -0.112077 1.038261 -0.108157
1.032154 -0.112127 1.038227 -0.108210
1.032114 -0.112178 1.038192 -0.108262
1.032074 -0.112228 1.038158 -0.108315
1.032034 -0.112279 1.038123 -0.108367
1.031993 -0.112329 1.038089 -0.108420
1.031953 -0.112379 1.038054 -0.108472
1.031913 -0.112430 1.038019 -0.108525
1.031872 -0.112480 1.037985 -0.108577
1.031832 -0.112530 1.037950 -0.108629
1.031791 -0.112580 1.037915 -0.108682
1.031751 -0.112630 1.037880 -0.108734
1.031711 -0.112680 1.037846 -0.108786
1.031670 -0.112730 1.037811 -0.108838
1.031630 -0.112780 1.037776 -0.108890
1.031589 -0.112830 1.037741 -0.108942
1.031549 -0.112880 1.037707 -0.108994
1.031508 -0.112930 1.037672 -0.109046
1.031468 -0.112979 1.037637 -0.109098
1.031427 -0.113029 1.037602 -0.109150
1.031387 -0.113079 1.037567 -0.109201
1.031346 -0.113128 1.037532 -0.109253
1.031306 -0.113178 1.037497 -0.109305
1.031265 -0.113227 1.037462 -0.109357
1.031224 -0.113277 1.037427 -0.109408
1.031184 -0.113326 1.037392 -0.109460
1.031143 -0.113375 1.037357 -0.109511
1.031102 -0.113425 1.037322 -0.109563
1.031062 -0.113474 1.037287 -0.109614
1.031021 -0.113523 1.037252 -0.109666
1.030980 -0.113572 1.037217 -0.109717
1.030940 -0.113621 1.037182 -0.109768
1.030899 -0.113670 1.037147 -0.109819
1.030858 -0.113719 1.037112 -0.109871
1.030817 -0.113768 1.037077 -0.109922
1.030777 -0.113817 1.037041 -0.109973
1.030736 -0.113865 1.037006 -0.110024
1.030695 -0.113914 1.036971 -0.110075
1.030654 -0.113963 1.036936 -0.110126
1.030613 -0.114011 1.036901 -0.110177
1.030573 -0.114060 1.036865 -0.110228
1.030532 -0.114109 1.036830 -0.110279
1.030491 -0.114157 1.036795 -0.110329
1.030450 -0.114205 1.036759 -0.110380
1.030409 -0.114254 1.036724 -0.110431
1.030368 -0.114302 1.036689 -0.110482
1.030327 -0.114350 1.036653 -0.110532
1.030286 -0.114399 1.036618 -0.110583
1.030245 -0.114447 1.036583 -0.110633
1.030204 -0.114495 1.036547 -0.110684
1.030163 -0.114543 1.036512 -0.110734
1.030122 -0.114591 1.036476 -0.110785
1.030081 -0.114639 1.036441 -0.110835
1.030040 -0.114687 1.036405 -0.110885
1.029999 -0.114734 1.036370 -0.110935
1.029958 -0.114782 1.036334 -0.110986
1.029917 -0.114830 1.036299 -0.111036
1.029876 -0.114878 1.036263 -0.111086
1.029835 -0.114925 1.036227 -0.111136
1.029794 -0.114973 1.036192 -0.111186
1.029752 -0.115020 1.036156 -0.111236
1.029711 -0.115068 1.036121 -0.111286
1.029670 -0.115115 1.036085 -0.111336
1.029629 -0.115162 1.036049 -0.111386
1.029588 -0.115210 1.036014 -0.111435
1.029546 -0.115257 1.035978 -0.111485
1.029505 -0.115304 1.035942 -0.111535
1.029464 -0.115351 1.035906 -0.111584
1.029423 -0.115398 1.035871 -0.111634
1.029381 -0.115445 1.035835 -0.111684
1.029340 -0.115492 1.035799 -0.111733
1.029299 -0.115539 1.035763 -0.111783
1.029257 -0.115586 1.035727 -0.111832
1.029216 -0.115633 1.035691 -0.111881
1.029175 -0.115680 1.035656 -0.111931
1.029133 -0.115726 1.035620 -0.111980
1.029092 -0.115773 1.035584 -0.112029
1.029051 -0.115820 1.035548 -0.112078
1.029009 -0.115866 1.035512 -0.112128
1.028968 -0.115913 1.035476 -0.112177
1.028926 -0.115959 1.035440 -0.112226
1.028885 -0.116006 1.035404 -0.112275
1.028843 -0.116052 1.035368 -0.112324
1.028802 -0.116098 1.035332 -0.112373
1.028760 -0.116144 1.035296 -0.112421
1.028719 -0.116191 1.035260 -0.112470
1.028677 -0.116237 1.035224 -0.112519
1.028636 -0.116283 1.035188 -0.112568
1.028594 -0.116329 1.035152 -0.112616
1.028553 -0.116375 1.035115 -0.112665
1.028511 -0.116421 1.035079 -0.112714
1.028470 -0.116467 1.035043 -0.112762
1.028428 -0.116512 1.035007 -0.112811
1.028386 -0.116558 1.034971 -0.112859
1.028345 -0.116604 1.034935 -0.112907
1.028303 -0.116649 1.034898 -0.112956
1.028261 -0.116695 1.034862 -0.113004
1.028220 -0.116740 1.034826 -0.113052
1.028178 -0.116786 1.034789 -0.113101
1.028136 -0.116831 1.034753 -0.113149
1.028095 -0.116877 1.034717 -0.113197
1.028053 -0.116922 1.034680 -0.113245
1.028011 -0.116967 1.034644 -0.113293
1.027969 -0.117012 1.034608 -0.113341
1.027928 -0.117058 1.034571 -0.113389
1.027886 -0.117103 1.034535 -0.113437
1.027844 -0.117148 1.034499 -0.113485
1.027802 -0.117193 1.034462 -0.113532
1.027761 -0.117238 1.034426 -0.113580
1.027719 -0.117283 1.034389 -0.113628
1.027677 -0.117327 1.034353 -0.113675
1.027635 -0.117372 1.034316 -0.113723
1.027593 -0.117417 1.034280 -0.113771
1.027551 -0.117462 1.034243 -0.113818
1.027509 -0.117506 1.034206 -0.113865
1.027467 -0.117551 1.034170 -0.113913
1.027425 -0.117595 1.034133 -0.113960
1.027383 -0.117640 1.034097 -0.114008
1.027342 -0.117684 1.034060 -0.114055
1.027300 -0.117728 1.034023 -0.114102
1.027258 -0.117773 1.033987 -0.114149
1.027216 -0.117817 1.033950 -0.114196
1.027174 -0.117861 1.033913 -0.114243
1.027132 -0.117905 1.033877 -0.114290
1.027090 -0.117949 1.033840 -0.114337
1.027047 -0.117993 1.033803 -0.114384
1.027005 -0.118037 1.033766 -0.114431
1.026963 -0.118081 1.033730 -0.114478
1.026921 -0.118125 1.033693 -0.114525
1.026879 -0.118169 1.033656 -0.114572
1.026837 -0.118212 1.033619 -0.114618
1.026795 -0.118256 1.033582 -0.114665
1.026753 -0.118300 1.033545 -0.114711
1.026711 -0.118343 1.033509 -0.114758
1.026668 -0.118387 1.033472 -0.114805
1.026626 -0.118430 1.033435 -0.114851
1.026584 -0.118474 1.033398 -0.114897
1.026542 -0.118517 1.033361 -0.114944
1.026500 -0.118560 1.033324 -0.114990
1.026457 -0.118604 1.033287 -0.115036
1.026415 -0.118647 1.033250 -0.115083
1.026373 -0.118690 1.033213 -0.115129
1.026331 -0.118733 1.033176 -0.115175
1.026288 -0.118776 1.033139 -0.115221
1.026246 -0.118819 1.033102 -0.115267
1.026204 -0.118862 1.033065 -0.115313
1.026162 -0.118905 1.033027 -0.115359
1.026119 -0.118947 1.032990 -0.115405
1.026077 -0.118990 1.032953 -0.115450
1.026035 -0.119033 1.032916 -0.115496
1.025992 -0.119075 1.032879 -0.115542
1.025950 -0.119118 1.032842 -0.115588
1.025907 -0.119161 1.032805 -0.115633
1.025865 -0.119203 1.032767 -0.115679
1.025823 -0.119245 1.032730 -0.115724
1.025780 -0.119288 1.032693 -0.115770
1.025738 -0.119330 1.032656 -0.115815
1.025695 -0.119372 1.032618 -0.115861
1.025653 -0.119415 1.032581 -0.115906
1.025610 -0.119457 1.032544 -0.115951
1.025568 -0.119499 1.032506 -0.115997
1.025525 -0.119541 1.032469 -0.116042
1.025483 -0.119583 1.032432 -0.116087
1.025440 -0.119625 1.032394 -0.116132
1.025398 -0.119667 1.032357 -0.116177
1.025355 -0.119708 1.032319 -0.116222
1.025313 -0.119750 1.032282 -0.116267
1.025270 -0.119792 1.032245 -0.116312
1.025228 -0.119833 1.032207 -0.116357
1.025185 -0.119875 1.032170 -0.116402
1.025142 -0.119917 1.032132 -0.116446
1.025100 -0.119958 1.032095 -0.116491
1.025057 -0.119999 1.032057 -0.116536
1.025014 -0.120041 1.032020 -0.116580
1.024972 -0.120082 1.031982 -0.116625
1.024929 -0.120123 1.031944 -0.116669
1.024886 -0.120165 1.031907 -0.116714
1.024844 -0.120206 1.031869 -0.116758
1.024801 -0.120247 1.031832 -0.116803
1.024758 -0.120288 1.031794 -0.116847
1.024716 -0.120329 1.031756 -0.116891
1.024673 -0.120370 1.031719 -0.116935
1.024630 -0.120410 1.031681 -0.116980
1.024587 -0.120451 1.031643 -0.117024
1.024545 -0.120492 1.031606 -0.117068
1.024502 -0.120533 1.031568 -0.117112
1.024459 -0.120573 1.031530 -0.117156
1.024416 -0.120614 1.031492 -0.117200
1.024373 -0.120654 1.031455 -0.117243
1.024331 -0.120695 1.031417 -0.117287
1.024288 -0.120735 1.031379 -0.117331
1.024245 -0.120776 1.031341 -0.117375
1.024202 -0.120816 1.031303 -0.117418
1.024159 -0.120856 1.031265 -0.117462
1.024116 -0.120896 1.031227 -0.117506
1.024073 -0.120937 1.031190 -0.117549
1.024030 -0.120977 1.031152 -0.117593
1.023988 -0.121017 1.031114 -0.117636
1.023945 -0.121057 1.031076 -0.117679
1.023902 -0.121096 1.031038 -0.117723
1.023859 -0.121136 1.031000 -0.117766
1.023816 -0.121176 1.030962 -0.117809
1.023773 -0.121216 1.030924 -0.117852
1.023730 -0.121256 1.030886 -0.117896
1.023687 -0.121295 1.030848 -0.117939
1.023644 -0.121335 1.030810 -0.117982
1.023601 -0.121374 1.030772 -0.118025
1.023558 -0.121414 1.030734 -0.118068
1.023515 -0.121453 1.030696 -0.118110
1.023472 -0.121492 1.030657 -0.118153
1.023429 -0.121532 1.030619 -0.118196
1.023386 -0.121571 1.030581 -0.118239
1.023343 -0.121610 1.030543 -0.118281
1.023299 -0.121649 1.030505 -0.118324
1.023256 -0.121688 1.030467 -0.118367
1.023213 -0.121727 1.030428 -0.118409
1.023170 -0.121766 1.030390 -0.118452
1.023127 -0.121805 1.030352 -0.118494
1.023084 -0.121844 1.030314 -0.118536
1.023041 -0.121883 1.030275 -0.118579
1.022997 -0.121921 1.030237 -0.118621
1.022954 -0.121960 1.030199 -0.118663
1.022911 -0.121999 1.030161 -0.118705
1.022868 -0.122037 1.030122 -0.118748
1.022825 -0.122076 1.030084 -0.118790
1.022781 -0.122114 1.030046 -0.118832
1.022738 -0.122153 1.030007 -0.118874
1.022695 -0.122191 1.029969 -0.118916
1.022652 -0.122229 1.029930 -0.118957
1.022609 -0.122267 1.029892 -0.118999
1.022565 -0.122305 1.029854 -0.119041
1.022522 -0.122344 1.029815 -0.119083
1.022479 -0.122382 1.029777 -0.119124
1.022435 -0.122420 1.029738 -0.119166
1.022392 -0.122458 1.029700 -0.119208
1.022349 -0.122495 1.029661 -0.119249
1.022305 -0.122533 1.029623 -0.119291
1.022262 -0.122571 1.029584 -0.119332
1.022219 -0.122609 1.029546 -0.119373
1.022175 -0.122646 1.029507 -0.119415
1.022132 -0.122684 1.029468 -0.119456
1.022089 -0.122721 1.029430 -0.119497
1.022045 -0.122759 1.029391 -0.119538
1.022002 -0.122796 1.029353 -0.119579
1.021958 -0.122834 1.029314 -0.119621
1.021915 -0.122871 1.029275 -0.119662
1.021872 -0.122908 1.029237 -0.119702
1.021828 -0.122945 1.029198 -0.119743
1.021785 -0.122982 1.029159 -0.119784
1.021741 -0.123020 1.029120 -0.119825
1.021698 -0.123057 1.029082 -0.119866
1.021654 -0.123094 1.029043 -0.119907
1.021611 -0.123130 1.029004 -0.119947
1.021567 -0.123167 1.028965 -0.119988
1.021524 -0.123204 1.028927 -0.120028
1.021480 -0.123241 1.028888 -0.120069
1.021437 -0.123277 1.028849 -0.120109
1.021393 -0.123314 1.028810 -0.120150
1.021350 -0.123351 1.028771 -0.120190
1.021306 -0.123387 1.028732 -0.120230
1.021262 -0.123424 1.028694 -0.120271
1.021219 -0.123460 1.028655 -0.120311
1.021175 -0.123496 1.028616 -0.120351
1.021132 -0.123532 1.028577 -0.120391
1.021088 -0.123569 1.028538 -0.120431
1.021044 -0.123605 1.028499 -0.120471
1.021001 -0.123641 1.028460 -0.120511
1.020957 -0.123677 1.028421 -0.120551
1.020914 -0.123713 1.028382 -0.120591
1.020870 -0.123749 1.028343 -0.120630
1.020826 -0.123785 1.028304 -0.120670
1.020783 -0.123821 1.028265 -0.120710
1.020739 -0.123856 1.028226 -0.120750
1.020695 -0.123892 1.028187 -0.120789
1.020652 -0.123928 1.028148 -0.120829
1.020608 -0.123963 1.028109 -0.120868
1.020564 -0.123999 1.028069 -0.120908
1.020520 -0.124034 1.028030 -0.120947
1.020477 -0.124070 1.027991 -0.120986
1.020433 -0.124105 1.027952 -0.121025
1.020389 -0.124140 1.027913 -0.121065
1.020345 -0.124175 1.027874 -0.121104
1.020302 -0.124211 1.027834 -0.121143
1.020258 -0.124246 1.027795 -0.121182
1.020214 -0.124281 1.027756 -0.121221
1.020170 -0.124316 1.027717 -0.121260
1.020126 -0.124351 1.027678 -0.121299
1.020083 -0.124386 1.027638 -0.121338
1.020039 -0.124420 1.027599 -0.121377
1.019995 -0.124455 1.027560 -0.121415
1.019951 -0.124490 1.027520 -0.121454
1.019907 -0.124525 1.027481 -0.121493
1.019863 -0.124559 1.027442 -0.121531
1.019820 -0.124594 1.027402 -0.121570
1.019776 -0.124628 1.027363 -0.121608
1.019732 -0.124663 1.027324 -0.121647
1.019688 -0.124697 1.027284 -0.121685
1.019644 -0.124731 1.027245 -0.121723
1.019600 -0.124765 1.027205 -0.121762
1.019556 -0.124800 1.027166 -0.121800
1.019512 -0.124834 1.027126 -0.121838
1.019468 -0.124868 1.027087 -0.121876
1.019424 -0.124902 1.027047 -0.121914
1.019380 -0.124936 1.027008 -0.121952
1.019336 -0.124970 1.026968 -0.121990
1.019292 -0.125004 1.026929 -0.122028
1.019249 -0.125037 1.026889 -0.122066
1.019205 -0.125071 1.026850 -0.122104
1.019161 -0.125105 1.026810 -0.122142
1.019117 -0.125138 1.026771 -0.122179
1.019073 -0.125172 1.026731 -0.122217
1.019028 -0.125205 1.026692 -0.122255
1.018984 -0.125239 1.026652 -0.122292
1.018940 -0.125272 1.026612 -0.122330
1.018896 -0.125305 1.026573 -0.122367
1.018852 -0.125339 1.026533 -0.122404
1.018808 -0.125372 1.026493 -0.122442
1.018764 -0.125405 1.026454 -0.122479
1.018720 -0.125438 1.026414 -0.122516
1.018676 -0.125471 1.026374 -0.122554
1.018632 -0.125504 1.026334 -0.122591
1.018588 -0.125537 1.026295 -0.122628
1.018544 -0.125570 1.026255 -0.122665
1.018500 -0.125603 1.026215 -0.122702
1.018456 -0.125635 1.026175 -0.122739
1.018411 -0.125668 1.026136 -0.122776
1.018367 -0.125701 1.026096 -0.122812
1.018323 -0.125733 1.026056 -0.122849
1.018279 -0.125766 1.026016 -0.122886
1.018235 -0.125798 1.025976 -0.122922
1.018191 -0.125831 1.025936 -0.122959
1.018146 -0.125863 1.025896 -0.122996
1.018102 -0.125895 1.025857 -0.123032
1.018058 -0.125927 1.025817 -0.123069
1.018014 -0.125959 1.025777 -0.123105
1.017970 -0.125992 1.025737 -0.123141
1.017925 -0.126024 1.025697 -0.123178
1.017881 -0.126055 1.025657 -0.123214
1.017837 -0.126087 1.025617 -0.123250
1.017793 -0.126119 1.025577 -0.123286
1.017748 -0.126151 1.025537 -0.123322
1.017704 -0.126183 1.025497 -0.123358
1.017660 -0.126214 1.025457 -0.123394
1.017616 -0.126246 1.025417 -0.123430
1.017571 -0.126278 1.025377 -0.123466
1.017527 -0.126309 1.025337 -0.123502
1.017483 -0.126341 1.025297 -0.123537
1.017439 -0.126372 1.025257 -0.123573
1.017394 -0.126403 1.025216 -0.123609
1.017350 -0.126434 1.025176 -0.123644
1.017306 -0.126466 1.025136 -0.123680
1.017261 -0.126497 1.025096 -0.123715
1.017217 -0.126528 1.025056 -0.123751
1.017173 -0.126559 1.025016 -0.123786
1.017128 -0.126590 1.024976 -0.123821
1.017084 -0.126621 1.024935 -0.123857
1.017040 -0.126652 1.024895 -0.123892
1.016995 -0.126682 1.024855 -0.123927
1.016951 -0.126713 1.024815 -0.123962
1.016906 -0.126744 1.024774 -0.123997
1.016862 -0.126774 1.024734 -0.124032
1.016818 -0.126805 1.024694 -0.124067
1.016773 -0.126835 1.024654 -0.124102
1.016729 -0.126866 1.024613 -0.124137
1.016684 -0.126896 1.024573 -0.124172
1.016640 -0.126927 1.024533 -0.124206
1.016596 -0.126957 1.024492 -0.124241
1.016551 -0.126987 1.024452 -0.124276
1.016507 -0.127017 1.024412 -0.124310
1.016462 -0.127047 1.024371 -0.124345
1.016418 -0.127077 1.024331 -0.124379
1.016373 -0.127107 1.024290 -0.124414
1.016329 -0.127137 1.024250 -0.124448
1.016284 -0.127167 1.024210 -0.124482
1.016240 -0.127197 1.024169 -0.124517
1.016195 -0.127226 1.024129 -0.124551
1.016151 -0.127256 1.024088 -0.124585
1.016106 -0.127286 1.024048 -0.124619
1.016062 -0.127315 1.024007 -0.124653
1.016017 -0.127345 1.023967 -0.124687
1.015973 -0.127374 1.023926 -0.124721
1.015928 -0.127404 1.023886 -0.124755
1.015884 -0.127433 1.023845 -0.124789
1.015839 -0.127462 1.023805 -0.124822
1.015795 -0.127491 1.023764 -0.124856
1.015750 -0.127520 1.023723 -0.124890
1.015706 -0.127549 1.023683 -0.124923
1.015661 -0.127579 1.023642 -0.124957
1.015616 -0.127607 1.023602 -0.124990
1.015572 -0.127636 1.023561 -0.125024
1.015527 -0.127665 1.023520 -0.125057
1.015483 -0.127694 1.023480 -0.125090
1.015438 -0.127723 1.023439 -0.125124
1.015393 -0.127751 1.023398 -0.125157
1.015349 -0.127780 1.023358 -0.125190
1.015304 -0.127808 1.023317 -0.125223
1.015260 -0.127837 1.023276 -0.125256
1.015215 -0.127865 1.023235 -0.125289
1.015170 -0.127894 1.023195 -0.125322
1.015126 -0.127922 1.023154 -0.125355
1.015081 -0.127950 1.023113 -0.125388
1.015036 -0.127978 1.023072 -0.125421
1.014992 -0.128006 1.023032 -0.125453
1.014947 -0.128035 1.022991 -0.125486
1.014902 -0.128063 1.022950 -0.125519
1.014858 -0.128090 1.022909 -0.125551
1.014813 -0.128118 1.022868 -0.125584
1.014768 -0.128146 1.022828 -0.125616
1.014724 -0.128174 1.022787 -0.125649
1.014679 -0.128202 1.022746 -0.125681
1.014634 -0.128229 1.022705 -0.125713
1.014589 -0.128257 1.022664 -0.125746
1.014545 -0.128284 1.022623 -0.125778
1.014500 -0.128312 1.022582 -0.125810
1.014455 -0.128339 1.022541 -0.125842
1.014411 -0.128366 1.022500 -0.125874
1.014366 -0.128394 1.022459 -0.125906
1.014321 -0.128421 1.022418 -0.125938
1.014276 -0.128448 1.022377 -0.125970
1.014232 -0.128475 1.022336 -0.126001
1.014187 -0.128502 1.022295 -0.126033
1.014142 -0.128529 1.022254 -0.126065
1.014097 -0.128556 1.022213 -0.126096
1.014053 -0.128583 1.022172 -0.126128
1.014008 -0.128610 1.022131 -0.126160
1.013963 -0.128637 1.022090 -0.126191
1.013918 -0.128663 1.022049 -0.126222
1.013873 -0.128690 1.022008 -0.126254
1.013829 -0.128716 1.021967 -0.126285
1.013784 -0.128743 1.021926 -0.126316
1.013739 -0.128769 1.021885 -0.126347
1.013694 -0.128796 1.021844 -0.126379
1.013649 -0.128822 1.021802 -0.126410
1.013605 -0.128848 1.021761 -0.126441
1.013560 -0.128874 1.021720 -0.126472
1.013515 -0.128901 1.021679 -0.126503
1.013470 -0.128927 1.021638 -0.126533
1.013425 -0.128953 1.021596 -0.126564
1.013380 -0.128979 1.021555 -0.126595
1.013335 -0.129004 1.021514 -0.126626
1.013291 -0.129030 1.021473 -0.126656
1.013246 -0.129056 1.021432 -0.126687
1.013201 -0.129082 1.021390 -0.126717
1.013156 -0.129107 1.021349 -0.126748
1.013111 -0.129133 1.021308 -0.126778
1.013066 -0.129159 1.021266 -0.126809
1.013021 -0.129184 1.021225 -0.126839
1.012976 -0.129209 1.021184 -0.126869
1.012932 -0.129235 1.021142 -0.126899
1.012887 -0.129260 1.021101 -0.126929
1.012842 -0.129285 1.021060 -0.126960
1.012797 -0.129310 1.021018 -0.126990
1.012752 -0.129336 1.020977 -0.127020
1.012707 -0.129361 1.020936 -0.127049
1.012662 -0.129386 1.020894 -0.127079
1.012617 -0.129411 1.020853 -0.127109
1.012572 -0.129435 1.020811 -0.127139
1.012527 -0.129460 1.020770 -0.127169
1.012482 -0.129485 1.020728 -0.127198
1.012437 -0.129510 1.020687 -0.127228
1.012392 -0.129534 1.020646 -0.127257
1.012347 -0.129559 1.020604 -0.127287
1.012302 -0.129583 1.020563 -0.127316
1.012257 -0.129608 1.020521 -0.127345
1.012212 -0.129632 1.020480 -0.127375
1.012168 -0.129656 1.020438 -0.127404
1.012123 -0.129681 1.020397 -0.127433
1.012078 -0.129705 1.020355 -0.127462
1.012033 -0.129729 1.020313 -0.127491
1.011988 -0.129753 1.020272 -0.127520
1.011943 -0.129777 1.020230 -0.127549
1.011898 -0.129801 1.020189 -0.127578
1.011853 -0.129825 1.020147 -0.127607
1.011808 -0.129849 1.020106 -0.127636
1.011763 -0.129873 1.020064 -0.127665
1.011718 -0.129896 1.020022 -0.127693
1.011673 -0.129920 1.019981 -0.127722
1.011627 -0.129944 1.019939 -0.127750
1.011582 -0.129967 1.019897 -0.127779
1.011537 -0.129991 1.019856 -0.127807
1.011492 -0.130014 1.019814 -0.127836
1.011447 -0.130037 1.019772 -0.127864
1.011402 -0.130061 1.019731 -0.127892
1.011357 -0.130084 1.019689 -0.127921
1.011312 -0.130107 1.019647 -0.127949
1.011267 -0.130130 1.019605 -0.127977
1.011222 -0.130153 1.019564 -0.128005
1.011177 -0.130176 1.019522 -0.128033
1.011132 -0.130199 1.019480 -0.128061
1.011087 -0.130222 1.019438 -0.128089
1.011042 -0.130245 1.019397 -0.128117
1.010997 -0.130267 1.019355 -0.128144
1.010952 -0.130290 1.019313 -0.128172
1.010907 -0.130313 1.019271 -0.128200
1.010862 -0.130335 1.019229 -0.128227
1.010816 -0.130358 1.019187 -0.128255
1.010771 -0.130380 1.019146 -0.128282
1.010726 -0.130403 1.019104 -0.128310
1.010681 -0.130425 1.019062 -0.128337
1.010636 -0.130447 1.019020 -0.128365
1.010591 -0.130469 1.018978 -0.128392
1.010546 -0.130491 1.018936 -0.128419
1.010501 -0.130514 1.018894 -0.128446
1.010456 -0.130536 1.018852 -0.128473
1.010410 -0.130557 1.018810 -0.128500
1.010365 -0.130579 1.018768 -0.128527
1.010320 -0.130601 1.018726 -0.128554
1.010275 -0.130623 1.018684 -0.128581
1.010230 -0.130645 1.018643 -0.128608
1.010185 -0.130666 1.018601 -0.128635
1.010140 -0.130688 1.018559 -0.128661
1.010095 -0.130709 1.018517 -0.128688
1.010049 -0.130731 1.018475 -0.128715
1.010004 -0.130752 1.018432 -0.128741
1.009959 -0.130774 1.018390 -0.128768
1.009914 -0.130795 1.018348 -0.128794
1.009869 -0.130816 1.018306 -0.128820
1.009824 -0.130837 1.018264 -0.128847
1.009778 -0.130858 1.018222 -0.128873
1.009733 -0.130879 1.018180 -0.128899
1.009688 -0.130900 1.018138 -0.128925
1.009643 -0.130921 1.018096 -0.128951
1.009598 -0.130942 1.018054 -0.128977
1.009553 -0.130963 1.018012 -0.129003
1.009507 -0.130984 1.017970 -0.129029
1.009462 -0.131004 1.017927 -0.129055
1.009417 -0.131025 1.017885 -0.129081
1.009372 -0.131045 1.017843 -0.129106
1.009327 -0.131066 1.017801 -0.129132
1.009281 -0.131086 1.017759 -0.129158
1.009236 -0.131107 1.017716 -0.129183
1.009191 -0.131127 1.017674 -0.129209
1.009146 -0.131147 1.017632 -0.129234
1.009101 -0.131167 1.017590 -0.129260
1.009055 -0.131187 1.017548 -0.129285
1.009010 -0.131207 1.017505 -0.129310
1.008965 -0.131227 1.017463 -0.129335
1.008920 -0.131247 1.017421 -0.129360
1.008875 -0.131267 1.017379 -0.129386
1.008829 -0.131287 1.017336 -0.129411
1.008784 -0.131307 1.017294 -0.129436
1.008739 -0.131326 1.017252 -0.129460
1.008694 -0.131346 1.017209 -0.129485
1.008649 -0.131366 1.017167 -0.129510
1.008603 -0.131385 1.017125 -0.129535
1.008558 -0.131404 1.017082 -0.129560
1.008513 -0.131424 1.017040 -0.129584
1.008468 -0.131443 1.016998 -0.129609
1.008422 -0.131462 1.016955 -0.129633
1.008377 -0.131482 1.016913 -0.129658
1.008332 -0.131501 1.016871 -0.129682
1.008287 -0.131520 1.016828 -0.129706
1.008241 -0.131539 1.016786 -0.129731
1.008196 -0.131558 1.016743 -0.129755
1.008151 -0.131577 1.016701 -0.129779
1.008106 -0.131595 1.016658 -0.129803
1.008060 -0.131614 1.016616 -0.129827
1.008015 -0.131633 1.016574 -0.129851
1.007970 -0.131651 1.016531 -0.129875
1.007925 -0.131670 1.016489 -0.129899
1.007879 -0.131688 1.016446 -0.129923
1.007834 -0.131707 1.016404 -0.129947
1.007789 -0.131725 1.016361 -0.129970
1.007744 -0.131744 1.016319 -0.129994
1.007698 -0.131762 1.016276 -0.130018
1.007653 -0.131780 1.016234 -0.130041
1.007608 -0.131798 1.016191 -0.130065
1.007563 -0.131816 1.016149 -0.130088
1.007517 -0.131834 1.016106 -0.130111
1.007472 -0.131852 1.016063 -0.130135
1.007427 -0.131870 1.016021 -0.130158
1.007381 -0.131888 1.015978 -0.130181
1.007336 -0.131906 1.015936 -0.130204
1.007291 -0.131923 1.015893 -0.130227
1.007246 -0.131941 1.015850 -0.130250
1.007200 -0.131959 1.015808 -0.130273
1.007155 -0.131976 1.015765 -0.130296
1.007110 -0.131994 1.015723 -0.130319
1.007064 -0.132011 1.015680 -0.130342
1.007019 -0.132028 1.015637 -0.130364
1.006974 -0.132046 1.015595 -0.130387
1.006929 -0.132063 1.015552 -0.130410
1.006883 -0.132080 1.015509 -0.130432
1.006838 -0.132097 1.015467 -0.130455
1.006793 -0.132114 1.015424 -0.130477
1.006747 -0.132131 1.015381 -0.130500
1.006702 -0.132148 1.015338 -0.130522
1.006657 -0.132165 1.015296 -0.130544
1.006612 -0.132181 1.015253 -0.130566
1.006566 -0.132198 1.015210 -0.130588
1.006521 -0.132215 1.015168 -0.130610
1.006476 -0.132231 1.015125 -0.130632
1.006430 -0.132248 1.015082 -0.130654
1.006385 -0.132264 1.015039 -0.130676
1.006340 -0.132281 1.014996 -0.130698
1.006294 -0.132297 1.014954 -0.130720
1.006249 -0.132313 1.014911 -0.130742
1.006204 -0.132330 1.014868 -0.130763
1.006159 -0.132346 1.014825 -0.130785
1.006113 -0.132362 1.014782 -0.130806
1.006068 -0.132378 1.014740 -0.130828
1.006023 -0.132394 1.014697 -0.130849
1.005977 -0.132410 1.014654 -0.130871
1.005932 -0.132426 1.014611 -0.130892
1.005887 -0.132441 1.014568 -0.130913
1.005841 -0.132457 1.014525 -0.130934
1.005796 -0.132473 1.014482 -0.130956
1.005751 -0.132488 1.014440 -0.130977
1.005705 -0.132504 1.014397 -0.130998
1.005660 -0.132519 1.014354 -0.131019
1.005615 -0.132535 1.014311 -0.131040
1.005569 -0.132550 1.014268 -0.131060
1.005524 -0.132565 1.014225 -0.131081
1.005479 -0.132581 1.014182 -0.131102
1.005434 -0.132596 1.014139 -0.131122
1.005388 -0.132611 1.014096 -0.131143
1.005343 -0.132626 1.014053 -0.131164
1.005298 -0.132641 1.014010 -0.131184
1.005252 -0.132656 1.013967 -0.131205
1.005207 -0.132671 1.013924 -0.131225
1.005162 -0.132685 1.013881 -0.131245
1.005116 -0.132700 1.013838 -0.131265
1.005071 -0.132715 1.013795 -0.131286
1.005026 -0.132729 1.013752 -0.131306
1.004980 -0.132744 1.013709 -0.131326
1.004935 -0.132758 1.013666 -0.131346
1.004890 -0.132773 1.013623 -0.131366
1.004844 -0.132787 1.013580 -0.131386
1.004799 -0.132801 1.013537 -0.131405
1.004754 -0.132816 1.013494 -0.131425
1.004708 -0.132830 1.013451 -0.131445
1.004663 -0.132844 1.013408 -0.131465
1.004618 -0.132858 1.013365 -0.131484
1.004572 -0.132872 1.013322 -0.131504
1.004527 -0.132886 1.013279 -0.131523
1.004482 -0.132900 1.013235 -0.131543
1.004436 -0.132913 1.013192 -0.131562
1.004391 -0.132927 1.013149 -0.131581
1.004346 -0.132941 1.013106 -0.131601
1.004301 -0.132954 1.013063 -0.131620
1.004255 -0.132968 1.013020 -0.131639
1.004210 -0.132981 1.012977 -0.131658
1.004165 -0.132995 1.012933 -0.131677
1.004119 -0.133008 1.012890 -0.131696
1.004074 -0.133021 1.012847 -0.131715
1.004029 -0.133035 1.012804 -0.131734
1.003983 -0.133048 1.012761 -0.131752
1.003938 -0.133061 1.012717 -0.131771
1.003893 -0.133074 1.012674 -0.131790
1.003847 -0.133087 1.012631 -0.131808
1.003802 -0.133100 1.012588 -0.131827
1.003757 -0.133113 1.012545 -0.131845
1.003711 -0.133125 1.012501 -0.131864
1.003666 -0.133138 1.012458 -0.131882
1.003621 -0.133151 1.012415 -0.131900
1.003575 -0.133163 1.012372 -0.131918
1.003530 -0.133176 1.012328 -0.131937
1.003485 -0.133188 1.012285 -0.131955
1.003440 -0.133201 1.012242 -0.131973
1.003394 -0.133213 1.012198 -0.131991
1.003349 -0.133225 1.012155 -0.132009
1.003304 -0.133238 1.012112 -0.132026
1.003258 -0.133250 1.012069 -0.132044
1.003213 -0.133262 1.012025 -0.132062
1.003168 -0.133274 1.011982 -0.132080
1.003122 -0.133286 1.011939 -0.132097
1.003077 -0.133298 1.011895 -0.132115
1.003032 -0.133310 1.011852 -0.132132
1.002987 -0.133322 1.011809 -0.132150
1.002941 -0.133333 1.011765 -0.132167
1.002896 -0.133345 1.011722 -0.132185
1.002851 -0.133356 1.011678 -0.132202
1.002805 -0.133368 1.011635 -0.132219
1.002760 -0.133379 1.011592 -0.132236
1.002715 -0.133391 1.011548 -0.132253
1.002669 -0.133402 1.011505 -0.132270
1.002624 -0.133414 1.011461 -0.132287
1.002579 -0.133425 1.011418 -0.132304
1.002534 -0.133436 1.011375 -0.132321
1.002488 -0.133447 1.011331 -0.132338
1.002443 -0.133458 1.011288 -0.132354
1.002398 -0.133469 1.011244 -0.132371
1.002352 -0.133480 1.011201 -0.132388
1.002307 -0.133491 1.011157 -0.132404
1.002262 -0.133502 1.011114 -0.132421
1.002217 -0.133512 1.011070 -0.132437
1.002171 -0.133523 1.011027 -0.132454
1.002126 -0.133533 1.010984 -0.132470
1.002081 -0.133544 1.010940 -0.132486
1.002035 -0.133554 1.010897 -0.132502
1.001990 -0.133565 1.010853 -0.132518
1.001945 -0.133575 1.010810 -0.132534
1.001900 -0.133585 1.010766 -0.132550
1.001854 -0.133596 1.010723 -0.132566
1.001809 -0.133606 1.010679 -0.132582
1.001764 -0.133616 1.010635 -0.132598
1.001719 -0.133626 1.010592 -0.132614
1.001673 -0.133636 1.010548 -0.132630
1.001628 -0.133646 1.010505 -0.132645
1.001583 -0.133656 1.010461 -0.132661
1.001538 -0.133665 1.010418 -0.132676
1.001492 -0.133675 1.010374 -0.132692
1.001447 -0.133685 1.010331 -0.132707
1.001402 -0.133694 1.010287 -0.132722
1.001357 -0.133704 1.010243 -0.132738
1.001311 -0.133713 1.010200 -0.132753
1.001266 -0.133723 1.010156 -0.132768
1.001221 -0.133732 1.010113 -0.132783
1.001176 -0.133741 1.010069 -0.132798
1.001130 -0.133751 1.010025 -0.132813
1.001085 -0.133760 1.009982 -0.132828
1.001040 -0.133769 1.009938 -0.132843
1.000995 -0.133778 1.009894 -0.132858
1.000949 -0.133787 1.009851 -0.132872
1.000904 -0.133796 1.009807 -0.132887
1.000859 -0.133805 1.009763 -0.132902
1.000814 -0.133813 1.009720 -0.132916
1.000768 -0.133822 1.009676 -0.132931
1.000723 -0.133831 1.009632 -0.132945
1.000678 -0.133839 1.009589 -0.132959
1.000633 -0.133848 1.009545 -0.132974
1.000588 -0.133856 1.009501 -0.132988
1.000542 -0.133865 1.009458 -0.133002
1.000497 -0.133873 1.009414 -0.133016
1.000452 -0.133881 1.009370 -0.133030
1.000407 -0.133889 1.009327 -0.133044
1.000362 -0.133898 1.009283 -0.133058
1.000316 -0.133906 1.009239 -0.133072
1.000271 -0.133914 1.009195 -0.133086
1.000226 -0.133922 1.009152 -0.133100
1.000181 -0.133929 1.009108 -0.133113
1.000136 -0.133937 1.009064 -0.133127
1.000090 -0.133945 1.009020 -0.133141
1.000045 -0.133953 1.008977 -0.133154
1.000000 -0.133960 1.008933 -0.133168
0.999955 -0.133968 1.008889 -0.133181
0.999910 -0.133975 1.008845 -0.133194
0.999865 -0.133983 1.008801 -0.133208
0.999819 -0.133990 1.008758 -0.133221
0.999774 -0.133998 1.008714 -0.133234
0.999729 -0.134005 1.008670 -0.133247
0.999684 -0.134012 1.008626 -0.133260
0.999639 -0.134019 1.008582 -0.133273
0.999594 -0.134026 1.008539 -0.133286
0.999548 -0.134033 1.008495 -0.133299
0.999503 -0.134040 1.008451 -0.133311
0.999458 -0.134047 1.008407 -0.133324
0.999413 -0.134054 1.008363 -0.133337
0.999368 -0.134061 1.008319 -0.133349
0.999323 -0.134067 1.008276 -0.133362
0.999277 -0.134074 1.008232 -0.133374
0.999232 -0.134080 1.008188 -0.133387
0.999187 -0.134087 1.008144 -0.133399
0.999142 -0.134093 1.008100 -0.133411
0.999097 -0.134100 1.008056 -0.133424
0.999052 -0.134106 1.008012 -0.133436
0.999007 -0.134112 1.007969 -0.133448
0.998962 -0.134119 1.007925 -0.133460
0.998917 -0.134125 1.007881 -0.133472
0.998871 -0.134131 1.007837 -0.133484
0.998826 -0.134137 1.007793 -0.133496
0.998781 -0.134143 1.007749 -0.133507
0.998736 -0.134148 1.007705 -0.133519
0.998691 -0.134154 1.007661 -0.133531
0.998646 -0.134160 1.007617 -0.133542
0.998601 -0.134166 1.007573 -0.133554
0.998556 -0.134171 1.007529 -0.133565
0.998511 -0.134177 1.007485 -0.133577
0.998466 -0.134182 1.007442 -0.133588
0.998420 -0.134188 1.007398 -0.133600
0.998375 -0.134193 1.007354 -0.133611
0.998330 -0.134198 1.007310 -0.133622
0.998285 -0.134204 1.007266 -0.133633
0.998240 -0.134209 1.007222 -0.133644
0.998195 -0.134214 1.007178 -0.133655
0.998150 -0.134219 1.007134 -0.133666
0.998105 -0.134224 1.007090 -0.133677
0.998060 -0.134229 1.007046 -0.133688
0.998015 -0.134234 1.007002 -0.133698
0.997970 -0.134239 1.006958 -0.133709
0.997925 -0.134243 1.006914 -0.133720
0.997880 -0.134248 1.006870 -0.133730
0.997835 -0.134253 1.006826 -0.133741
0.997790 -0.134257 1.006782 -0.133751
0.997745 -0.134262 1.006738 -0.133762
0.997700 -0.134266 1.006694 -0.133772
0.997655 -0.134270 1.006650 -0.133782
0.997610 -0.134275 1.006606 -0.133792
0.997565 -0.134279 1.006562 -0.133802
0.997520 -0.134283 1.006518 -0.133812
0.997475 -0.134287 1.006474 -0.133822
0.997430 -0.134291 1.006429 -0.133832
0.997385 -0.134295 1.006385 -0.133842
0.997340 -0.134299 1.006341 -0.133852
0.997295 -0.134303 1.006297 -0.133862
0.997250 -0.134307 1.006253 -0.133872
0.997205 -0.134310 1.006209 -0.133881
0.997160 -0.134314 1.006165 -0.133891
0.997115 -0.134318 1.006121 -0.133900
0.997070 -0.134321 1.006077 -0.133910
0.997025 -0.134325 1.006033 -0.133919
0.996980 -0.134328 1.005989 -0.133928
0.996935 -0.134331 1.005945 -0.133938
0.996890 -0.134335 1.005900 -0.133947
0.996845 -0.134338 1.005856 -0.133956
0.996800 -0.134341 1.005812 -0.133965
0.996755 -0.134344 1.005768 -0.133974
0.996710 -0.134347 1.005724 -0.133983
0.996666 -0.134350 1.005680 -0.133992
0.996621 -0.134353 1.005636 -0.134001
0.996576 -0.134356 1.005592 -0.134009
0.996531 -0.134359 1.005548 -0.134018
0.996486 -0.134361 1.005503 -0.134027
0.996441 -0.134364 1.005459 -0.134035
0.996396 -0.134366 1.005415 -0.134044
0.996351 -0.134369 1.005371 -0.134052
0.996306 -0.134371 1.005327 -0.134061
0.996261 -0.134374 1.005283 -0.134069
0.996217 -0.134376 1.005238 -0.134077
0.996172 -0.134378 1.005194 -0.134085
0.996127 -0.134381 1.005150 -0.134094
0.996082 -0.134383 1.005106 -0.134102
0.996037 -0.134385 1.005062 -0.134110
0.995992 -0.134387 1.005018 -0.134118
0.995947 -0.134389 1.004973 -0.134125
0.995903 -0.134391 1.004929 -0.134133
0.995858 -0.134392 1.004885 -0.134141
0.995813 -0.134394 1.004841 -0.134149
0.995768 -0.134396 1.004797 -0.134156
0.995723 -0.134398 1.004752 -0.134164
0.995678 -0.134399 1.004708 -0.134171
0.995634 -0.134401 1.004664 -0.134179
0.995589 -0.134402 1.004620 -0.134186
0.995544 -0.134403 1.004576 -0.134194
0.995499 -0.134405 1.004531 -0.134201
0.995454 -0.134406 1.004487 -0.134208
0.995410 -0.134407 1.004443 -0.134215
0.995365 -0.134408 1.004399 -0.134222
0.995320 -0.134409 1.004354 -0.134229
0.995275 -0.134410 1.004310 -0.134236
0.995231 -0.134411 1.004266 -0.134243
0.995186 -0.134412 1.004222 -0.134250
0.995141 -0.134413 1.004178 -0.134257
0.995096 -0.134414 1.004133 -0.134263
0.995052 -0.134414 1.004089 -0.134270
0.995007 -0.134415 1.004045 -0.134277
0.994962 -0.134416 1.004000 -0.134283
0.994917 -0.134416 1.003956 -0.134290
0.994873 -0.134416 1.003912 -0.134296
0.994828 -0.134417 1.003868 -0.134302
0.994783 -0.134417 1.003823 -0.134309
0.994738 -0.134417 1.003779 -0.134315
0.994694 -0.134417 1.003735 -0.134321
0.994649 -0.134418 1.003691 -0.134327
0.994604 -0.134418 1.003646 -0.134333
0.994560 -0.134418 1.003602 -0.134339
0.994515 -0.134418 1.003558 -0.134345
0.994470 -0.134417 1.003513 -0.134351
0.994426 -0.134417 1.003469 -0.134356
0.994381 -0.134417 1.003425 -0.134362
0.994336 -0.134417 1.003381 -0.134368
0.994292 -0.134416 1.003336 -0.134373
0.994247 -0.134416 1.003292 -0.134379
0.994202 -0.134415 1.003248 -0.134384
0.994158 -0.134415 1.003203 -0.134390
0.994113 -0.134414 1.003159 -0.134395
0.994068 -0.134413 1.003115 -0.134400
0.994024 -0.134412 1.003070 -0.134405
0.993979 -0.134412 1.003026 -0.134410
0.993935 -0.134411 1.002982 -0.134415
0.993890 -0.134410 1.002937 -0.134420
0.993845 -0.134409 1.002893 -0.134425
0.993801 -0.134408 1.002849 -0.134430
0.993756 -0.134406 1.002804 -0.134435
0.993712 -0.134405 1.002760 -0.134440
0.993667 -0.134404 1.002716 -0.134445
0.993623 -0.134403 1.002671 -0.134449
0.993578 -0.134401 1.002627 -0.134454
0.993533 -0.134400 1.002583 -0.134458
0.993489 -0.134398 1.002538 -0.134463
0.993444 -0.134396 1.002494 -0.134467
0.993400 -0.134395 1.002450 -0.134471
0.993355 -0.134393 1.002405 -0.134476
0.993311 -0.134391 1.002361 -0.134480
0.993266 -0.134389 1.002317 -0.134484
0.993222 -0.134388 1.002272 -0.134488
0.993177 -0.134386 1.002228 -0.134492
0.993133 -0.134383 1.002183 -0.134496
0.993088 -0.134381 1.002139 -0.134500
0.993044 -0.134379 1.002095 -0.134503
0.992999 -0.134377 1.002050 -0.134507
0.992955 -0.134375 1.002006 -0.134511
0.992910 -0.134372 1.001962 -0.134514
0.992866 -0.134370 1.001917 -0.134518
0.992821 -0.134367 1.001873 -0.134522
0.992777 -0.134365 1.001828 -0.134525
0.992733 -0.134362 1.001784 -0.134528
0.992688 -0.134359 1.001740 -0.134532
0.992644 -0.134357 1.001695 -0.134535
0.992599 -0.134354 1.001651 -0.134538
0.992555 -0.134351 1.001606 -0.134541
0.992510 -0.134348 1.001562 -0.134544
0.992466 -0.134345 1.001518 -0.134547
0.992422 -0.134342 1.001473 -0.134550
0.992377 -0.134339 1.001429 -0.134553
0.992333 -0.134336 1.001384 -0.134556
0.992289 -0.134332 1.001340 -0.134558
0.992244 -0.134329 1.001296 -0.134561
0.992200 -0.134326 1.001251 -0.134564
0.992155 -0.134322 1.001207 -0.134566
0.992111 -0.134319 1.001162 -0.134569
0.992067 -0.134315 1.001118 -0.134571
0.992022 -0.134312 1.001074 -0.134573
0.991978 -0.134308 1.001029 -0.134576
0.991934 -0.134304 1.000985 -0.134578
0.991890 -0.134300 1.000940 -0.134580
0.991845 -0.134296 1.000896 -0.134582
0.991801 -0.134292 1.000851 -0.134584
0.991757 -0.134288 1.000807 -0.134586
0.991712 -0.134284 1.000763 -0.134588
0.991668 -0.134280 1.000718 -0.134590
0.991624 -0.134276 1.000674 -0.134592
0.991580 -0.134272 1.000629 -0.134593
0.991535 -0.134267 1.000585 -0.134595
0.991491 -0.134263 1.000540 -0.134597
0.991447 -0.134259 1.000496 -0.134598
0.991403 -0.134254 1.000452 -0.134600
0.991358 -0.134249 1.000407 -0.134601
0.991314 -0.134245 1.000363 -0.134602
0.991270 -0.134240 1.000318 -0.134604
0.991226 -0.134235 1.000274 -0.134605
0.991182 -0.134230 1.000229 -0.134606
0.991137 -0.134226 1.000185 -0.134607
0.991093 -0.134221 1.000140 -0.134608
0.991049 -0.134216 1.000096 -0.134609
0.991005 -0.134211 1.000051 -0.134610
0.990961 -0.134205 1.000007 -0.134611
0.990916 -0.134200 0.999963 -0.134611
0.990872 -0.134195 0.999918 -0.134612
0.990828 -0.134189 0.999874 -0.134613
0.990784 -0.134184 0.999829 -0.134613
0.990740 -0.134179 0.999785 -0.134614
0.990696 -0.134173 0.999740 -0.134614
0.990652 -0.134167 0.999696 -0.134614
0.990608 -0.134162 0.999651 -0.134615
0.990564 -0.134156 0.999607 -0.134615
0.990519 -0.134150 0.999562 -0.134615
0.990475 -0.134144 0.999518 -0.134615
0.990431 -0.134139 0.999474 -0.134615
0.990387 -0.134133 0.999429 -0.134615
0.990343 -0.134126 0.999385 -0.134615
0.990299 -0.134120 0.999340 -0.134615
0.990255 -0.134114 0.999296 -0.134615
0.990211 -0.134108 0.999251 -0.134615
0.990167 -0.134102 0.999207 -0.134614
0.990123 -0.134095 0.999162 -0.134614
0.990079 -0.134089 0.999118 -0.134613
0.990035 -0.134082 0.999073 -0.134613
0.989991 -0.134076 0.999029 -0.134612
0.989947 -0.134069 0.998984 -0.134612
0.989903 -0.134063 0.998940 -0.134611
0.989859 -0.134056 0.998895 -0.134610
0.989815 -0.134049 0.998851 -0.134609
0.989771 -0.134042 0.998806 -0.134608
0.989727 -0.134035 0.998762 -0.134607
0.989683 -0.134028 0.998718 -0.134606
0.989639 -0.134021 0.998673 -0.134605
0.989596 -0.134014 0.998629 -0.134604
0.989552 -0.134007 0.998584 -0.134603
0.989508 -0.134000 0.998540 -0.134602
0.989464 -0.133992 0.998495 -0.134600
0.989420 -0.133985 0.998451 -0.134599
0.989376 -0.133977 0.998406 -0.134597
0.989332 -0.133970 0.998362 -0.134596
0.989288 -0.133962 0.998317 -0.134594
0.989244 -0.133955 0.998273 -0.134593
0.989201 -0.133947 0.998228 -0.134591
0.989157 -0.133939 0.998184 -0.134589
0.989113 -0.133932 0.998139 -0.134587
0.989069 -0.133924 0.998095 -0.134585
0.989025 -0.133916 0.998050 -0.134583
0.988982 -0.133908 0.998006 -0.134581
0.988938 -0.133900 0.997961 -0.134579
0.988894 -0.133892 0.997917 -0.134577
0.988850 -0.133883 0.997872 -0.134575
0.988806 -0.133875 0.997828 -0.134572
0.988763 -0.133867 0.997783 -0.134570
0.988719 -0.133858 0.997739 -0.134567
0.988675 -0.133850 0.997695 -0.134565
0.988631 -0.133841 0.997650 -0.134562
0.988588 -0.133833 0.997606 -0.134560
0.988544 -0.133824 0.997561 -0.134557
0.988500 -0.133815 0.997517 -0.134554
0.988457 -0.133807 0.997472 -0.134551
0.988413 -0.133798 0.997428 -0.134549
0.988369 -0.133789 0.997383 -0.134546
0.988326 -0.133780 0.997339 -0.134543
0.988282 -0.133771 0.997294 -0.134539
0.988238 -0.133762 0.997250 -0.134536
0.988195 -0.133753 0.997205 -0.134533
0.988151 -0.133744 0.997161 -0.134530
0.988107 -0.133734 0.997116 -0.134526
0.988064 -0.133725 0.997072 -0.134523
0.988020 -0.133716 0.997027 -0.134520
0.987977 -0.133706 0.996983 -0.134516
0.987933 -0.133697 0.996938 -0.134512
0.987889 -0.133687 0.996894 -0.134509
0.987846 -0.133677 0.996849 -0.134505
0.987802 -0.133668 0.996805 -0.134501
0.987759 -0.133658 0.996761 -0.134497
0.987715 -0.133648 0.996716 -0.134493
0.987672 -0.133638 0.996672 -0.134489
0.987628 -0.133628 0.996627 -0.134485
0.987585 -0.133618 0.996583 -0.134481
0.987541 -0.133608 0.996538 -0.134477
0.987498 -0.133598 0.996494 -0.134473
0.987454 -0.133588 0.996449 -0.134468
0.987411 -0.133577 0.996405 -0.134464
0.987367 -0.133567 0.996360 -0.134460
0.987324 -0.133557 0.996316 -0.134455
0.987280 -0.133546 0.996271 -0.134451
0.987237 -0.133536 0.996227 -0.134446
0.987193 -0.133525 0.996182 -0.134441
0.987150 -0.133514 0.996138 -0.134437
0.987106 -0.133504 0.996094 -0.134432
0.987063 -0.133493 0.996049 -0.134427
0.987020 -0.133482 0.996005 -0.134422
0.986976 -0.133471 0.995960 -0.134417
0.986933 -0.133460 0.995916 -0.134412
0.986889 -0.133449 0.995871 -0.134407
0.986846 -0.133438 0.995827 -0.134401
0.986803 -0.133427 0.995782 -0.134396
0.986759 -0.133415 0.995738 -0.134391
0.986716 -0.133404 0.995693 -0.134385
0.986673 -0.133393 0.995649 -0.134380
0.986629 -0.133381 0.995604 -0.134374
0.986586 -0.133370 0.995560 -0.134369
0.986543 -0.133358 0.995516 -0.134363
0.986500 -0.133347 0.995471 -0.134357
0.986456 -0.133335 0.995427 -0.134351
0.986413 -0.133323 0.995382 -0.134346
0.986370 -0.133312 0.995338 -0.134340
0.986327 -0.133300 0.995293 -0.134334
0.986283 -0.133288 0.995249 -0.134328
0.986240 -0.133276 0.995205 -0.134322
0.986197 -0.133264 0.995160 -0.134315
0.986154 -0.133252 0.995116 -0.134309
0.986111 -0.133239 0.995071 -0.134303
0.986067 -0.133227 0.995027 -0.134296
0.986024 -0.133215 0.994982 -0.134290
0.985981 -0.133203 0.994938 -0.134283
0.985938 -0.133190 0.994893 -0.134277
0.985895 -0.133178 0.994849 -0.134270
0.985852 -0.133165 0.994805 -0.134264
0.985808 -0.133152 0.994760 -0.134257
0.985765 -0.133140 0.994716 -0.134250
0.985722 -0.133127 0.994671 -0.134243
0.985679 -0.133114 0.994627 -0.134236
0.985636 -0.133101 0.994583 -0.134229
0.985593 -0.133088 0.994538 -0.134222
0.985550 -0.133075 0.994494 -0.134215
0.985507 -0.133062 0.994449 -0.134208
0.985464 -0.133049 0.994405 -0.134200
0.985421 -0.133036 0.994360 -0.134193
0.985378 -0.133023 0.994316 -0.134186
0.985335 -0.133010 0.994272 -0.134178
0.985292 -0.132996 0.994227 -0.134171
0.985249 -0.132983 0.994183 -0.134163
0.985206 -0.132969 0.994138 -0.134155
0.985163 -0.132956 0.994094 -0.134148
0.985120 -0.132942 0.994050 -0.134140
0.985077 -0.132928 0.994005 -0.134132
0.985034 -0.132915 0.993961 -0.134124
0.984991 -0.132901 0.993916 -0.134116
0.984948 -0.132887 0.993872 -0.134108
0.984905 -0.132873 0.993828 -0.134100
0.984862 -0.132859 0.993783 -0.134092
0.984819 -0.132845 0.993739 -0.134083
0.984777 -0.132831 0.993695 -0.134075
0.984734 -0.132817 0.993650 -0.134067
0.984691 -0.132802 0.993606 -0.134058
0.984648 -0.132788 0.993561 -0.134050
0.984605 -0.132774 0.993517 -0.134041
0.984562 -0.132759 0.993473 -0.134032
0.984520 -0.132745 0.993428 -0.134024
0.984477 -0.132730 0.993384 -0.134015
0.984434 -0.132715 0.993340 -0.134006
0.984391 -0.132701 0.993295 -0.133997
0.984348 -0.132686 0.993251 -0.133988
0.984306 -0.132671 0.993207 -0.133979
0.984263 -0.132656 0.993162 -0.133970
0.984220 -0.132641 0.993118 -0.133961
0.984177 -0.132626 0.993074 -0.133952
0.984135 -0.132611 0.993029 -0.133942
0.984092 -0.132596 0.992985 -0.133933
0.984049 -0.132581 0.992940 -0.133924
0.984007 -0.132566 0.992896 -0.133914
0.983964 -0.132550 0.992852 -0.133904
0.983921 -0.132535 0.992807 -0.133895
0.983879 -0.132520 0.992763 -0.133885
0.983836 -0.132504 0.992719 -0.133875
0.983793 -0.132488 0.992675 -0.133866
0.983751 -0.132473 0.992630 -0.133856
0.983708 -0.132457 0.992586 -0.133846
0.983666 -0.132441 0.992542 -0.133836
0.983623 -0.132426 0.992497 -0.133826
0.983580 -0.132410 0.992453 -0.133816
0.983538 -0.132394 0.992409 -0.133805
0.983495 -0.132378 0.992364 -0.133795
0.983453 -0.132362 0.992320 -0.133785
0.983410 -0.132345 0.992276 -0.133774
0.983368 -0.132329 0.992231 -0.133764
0.983325 -0.132313 0.992187 -0.133753
0.983283 -0.132297 0.992143 -0.133743
0.983240 -0.132280 0.992099 -0.133732
0.983198 -0.132264 0.992054 -0.133721
0.983155 -0.132247 0.992010 -0.133711
0.983113 -0.132231 0.991966 -0.133700
0.983071 -0.132214 0.991921 -0.133689
0.983028 -0.132197 0.991877 -0.133678
0.982986 -0.132181 0.991833 -0.133667
0.982943 -0.132164 0.991789 -0.133656
0.982901 -0.132147 0.991744 -0.133644
0.982859 -0.132130 0.991700 -0.133633
0.982816 -0.132113 0.991656 -0.133622
0.982774 -0.132096 0.991612 -0.133611
0.982731 -0.132079 0.991567 -0.133599
0.982689 -0.132062 0.991523 -0.133588
0.982647 -0.132044 0.991479 -0.133576
0.982605 -0.132027 0.991435 -0.133564
0.982562 -0.132010 0.991390 -0.133553
0.982520 -0.131992 0.991346 -0.133541
0.982478 -0.131975 0.991302 -0.133529
0.982435 -0.131957 0.991258 -0.133517
0.982393 -0.131939 0.991214 -0.133505
0.982351 -0.131922 0.991169 -0.133493
0.982309 -0.131904 0.991125 -0.133481
0.982266 -0.131886 0.991081 -0.133469
0.982224 -0.131868 0.991037 -0.133457
0.982182 -0.131850 0.990993 -0.133444
0.982140 -0.131832 0.990948 -0.133432
0.982098 -0.131814 0.990904 -0.133420
0.982056 -0.131796 0.990860 -0.133407
0.982013 -0.131778 0.990816 -0.133395
0.981971 -0.131760 0.990772 -0.133382
0.981929 -0.131741 0.990727 -0.133369
0.981887 -0.131723 0.990683 -0.133357
0.981845 -0.131704 0.990639 -0.133344
0.981803 -0.131686 0.990595 -0.133331
0.981761 -0.131667 0.990551 -0.133318
0.981719 -0.131649 0.990507 -0.133305
0.981677 -0.131630 0.990462 -0.133292
0.981635 -0.131611 0.990418 -0.133279
0.981593 -0.131592 0.990374 -0.133266
0.981551 -0.131574 0.990330 -0.133252
0.981509 -0.131555 0.990286 -0.133239
0.981467 -0.131536 0.990242 -0.133226
0.981425 -0.131517 0.990198 -0.133212
0.981383 -0.131497 0.990153 -0.133199
0.981341 -0.131478 0.990109 -0.133185
0.981299 -0.131459 0.990065 -0.133171
0.981257 -0.131440 0.990021 -0.133158
0.981215 -0.131420 0.989977 -0.133144
0.981173 -0.131401 0.989933 -0.133130
0.981131 -0.131381 0.989889 -0.133116
0.981089 -0.131362 0.989845 -0.133102
0.981048 -0.131342 0.989801 -0.133088
0.981006 -0.131322 0.989756 -0.133074
0.980964 -0.131303 0.989712 -0.133060
0.980922 -0.131283 0.989668 -0.133046
0.980880 -0.131263 0.989624 -0.133031
0.980838 -0.131243 0.989580 -0.133017
0.980797 -0.131223 0.989536 -0.133002
0.980755 -0.131203 0.989492 -0.132988
0.980713 -0.131183 0.989448 -0.132973
0.980671 -0.131163 0.989404 -0.132959
0.980630 -0.131142 0.989360 -0.132944
0.980588 -0.131122 0.989316 -0.132929
0.980546 -0.131102 0.989272 -0.132914
0.980505 -0.131081 0.989228 -0.132900
0.980463 -0.131061 0.989184 -0.132885
0.980421 -0.131040 0.989140 -0.132870
0.980380 -0.131020 0.989096 -0.132854
0.980338 -0.130999 0.989052 -0.132839
0.980296 -0.130978 0.989008 -0.132824
0.980255 -0.130957 0.988964 -0.132809
0.980213 -0.130936 0.988920 -0.132793
0.980171 -0.130915 0.988876 -0.132778
0.980130 -0.130894 0.988832 -0.132763
0.980088 -0.130873 0.988788 -0.132747
0.980047 -0.130852 0.988744 -0.132731
0.980005 -0.130831 0.988700 -0.132716
0.979964 -0.130810 0.988656 -0.132700
0.979922 -0.130789 0.988612 -0.132684
0.979881 -0.130767 0.988568 -0.132668
0.979839 -0.130746 0.988524 -0.132652
0.979798 -0.130724 0.988480 -0.132636
0.979756 -0.130703 0.988436 -0.132620
0.979715 -0.130681 0.988392 -0.132604
0.979673 -0.130659 0.988348 -0.132588
0.979632 -0.130638 0.988304 -0.132572
0.979591 -0.130616 0.988260 -0.132555
0.979549 -0.130594 0.988216 -0.132539
0.979508 -0.130572 0.988172 -0.132522
0.979466 -0.130550 0.988128 -0.132506
0.979425 -0.130528 0.988084 -0.132489
0.979384 -0.130506 0.988041 -0.132473
0.979342 -0.130484 0.987997 -0.132456
0.979301 -0.130462 0.987953 -0.132439
0.979260 -0.130439 0.987909 -0.132422
0.979218 -0.130417 0.987865 -0.132405
0.979177 -0.130394 0.987821 -0.132388
0.979136 -0.130372 0.987777 -0.132371
0.979095 -0.130349 0.987733 -0.132354
0.979053 -0.130327 0.987690 -0.132337
0.979012 -0.130304 0.987646 -0.132320
0.978971 -0.130281 0.987602 -0.132303
0.978930 -0.130259 0.987558 -0.132285
0.978889 -0.130236 0.987514 -0.132268
0.978847 -0.130213 0.987470 -0.132250
0.978806 -0.130190 0.987426 -0.132233
0.978765 -0.130167 0.987383 -0.132215
0.978724 -0.130144 0.987339 -0.132197
0.978683 -0.130121 0.987295 -0.132180
0.978642 -0.130097 0.987251 -0.132162
0.978601 -0.130074 0.987207 -0.132144
0.978560 -0.130051 0.987164 -0.132126
0.978519 -0.130027 0.987120 -0.132108
0.978477 -0.130004 0.987076 -0.132090
0.978436 -0.129980 0.987032 -0.132072
0.978395 -0.129957 0.986988 -0.132053
0.978354 -0.129933 0.986945 -0.132035
0.978313 -0.129909 0.986901 -0.132017
0.978272 -0.129886 0.986857 -0.131998
0.978231 -0.129862 0.986813 -0.131980
0.978190 -0.129838 0.986770 -0.131961
0.978150 -0.129814 0.986726 -0.131943
0.978109 -0.129790 0.986682 -0.131924
0.978068 -0.129766 0.986639 -0.131905
0.978027 -0.129742 0.986595 -0.131886
0.977986 -0.129717 0.986551 -0.131868
0.977945 -0.129693 0.986507 -0.131849
0.977904 -0.129669 0.986464 -0.131830
0.977863 -0.129644 0.986420 -0.131811
0.977823 -0.129620 0.986376 -0.131791
0.977782 -0.129595 0.986333 -0.131772
0.977741 -0.129571 0.986289 -0.131753
0.977700 -0.129546 0.986245 -0.131734
0.977659 -0.129521 0.986202 -0.131714
0.977619 -0.129497 0.986158 -0.131695
0.977578 -0.129472 0.986114 -0.131675
0.977537 -0.129447 0.986071 -0.131656
0.977496 -0.129422 0.986027 -0.131636
0.977456 -0.129397 0.985983 -0.131616
0.977415 -0.129372 0.985940 -0.131596
0.977374 -0.129347 0.985896 -0.131577
0.977334 -0.129322 0.985853 -0.131557
0.977293 -0.129296 0.985809 -0.131537
0.977252 -0.129271 0.985765 -0.131517
0.977212 -0.129246 0.985722 -0.131496
0.977171 -0.129220 0.985678 -0.131476
0.977131 -0.129195 0.985635 -0.131456
0.977090 -0.129169 0.985591 -0.131436
0.977050 -0.129144 0.985547 -0.131415
0.977009 -0.129118 0.985504 -0.131395
0.976968 -0.129092 0.985460 -0.131374
0.976928 -0.129066 0.985417 -0.131354
0.976887 -0.129041 0.985373 -0.131333
0.976847 -0.129015 0.985330 -0.131313
0.976806 -0.128989 0.985286 -0.131292
0.976766 -0.128963 0.985243 -0.131271
0.976726 -0.128936 0.985199 -0.131250
0.976685 -0.128910 0.985156 -0.131229
0.976645 -0.128884 0.985112 -0.131208
0.976604 -0.128858 0.985069 -0.131187
0.976564 -0.128831 0.985025 -0.131166
0.976524 -0.128805 0.984982 -0.131145
0.976483 -0.128779 0.984938 -0.131123
0.976443 -0.128752 0.984895 -0.131102
0.976403 -0.128725 0.984851 -0.131080
0.976362 -0.128699 0.984808 -0.131059
0.976322 -0.128672 0.984764 -0.131037
0.976282 -0.128645 0.984721 -0.131016
0.976241 -0.128618 0.984678 -0.130994
0.976201 -0.128592 0.984634 -0.130972
0.976161 -0.128565 0.984591 -0.130951
0.976121 -0.128538 0.984547 -0.130929
0.976081 -0.128510 0.984504 -0.130907
0.976040 -0.128483 0.984461 -0.130885
0.976000 -0.128456 0.984417 -0.130863
0.975960 -0.128429 0.984374 -0.130841
0.975920 -0.128401 0.984330 -0.130818
0.975880 -0.128374 0.984287 -0.130796
0.975840 -0.128347 0.984244 -0.130774
0.975799 -0.128319 0.984200 -0.130751
0.975759 -0.128292 0.984157 -0.130729
0.975719 -0.128264 0.984114 -0.130706
0.975679 -0.128236 0.984070 -0.130684
0.975639 -0.128208 0.984027 -0.130661
0.975599 -0.128181 0.983984 -0.130638
0.975559 -0.128153 0.983940 -0.130616
0.975519 -0.128125 0.983897 -0.130593
0.975479 -0.128097 0.983854 -0.130570
0.975439 -0.128069 0.983811 -0.130547
0.975399 -0.128041 0.983767 -0.130524
0.975359 -0.128013 0.983724 -0.130501
0.975319 -0.127984 0.983681 -0.130477
0.975280 -0.127956 0.983638 -0.130454
0.975240 -0.127928 0.983594 -0.130431
0.975200 -0.127899 0.983551 -0.130407
0.975160 -0.127871 0.983508 -0.130384
0.975120 -0.127842 0.983465 -0.130361
0.975080 -0.127814 0.983421 -0.130337
0.975040 -0.127785 0.983378 -0.130313
0.975001 -0.127756 0.983335 -0.130290
0.974961 -0.127727 0.983292 -0.130266
0.974921 -0.127699 0.983249 -0.130242
0.974881 -0.127670 0.983206 -0.130218
0.974842 -0.127641 0.983162 -0.130194
0.974802 -0.127612 0.983119 -0.130170
0.974762 -0.127583 0.983076 -0.130146
0.974722 -0.127553 0.983033 -0.130122
0.974683 -0.127524 0.982990 -0.130098
0.974643 -0.127495 0.982947 -0.130073
0.974603 -0.127466 0.982904 -0.130049
0.974564 -0.127436 0.982860 -0.130025
0.974524 -0.127407 0.982817 -0.130000
0.974485 -0.127377 0.982774 -0.129976
0.974445 -0.127348 0.982731 -0.129951
0.974405 -0.127318 0.982688 -0.129926
0.974366 -0.127288 0.982645 -0.129902
0.974326 -0.127259 0.982602 -0.129877
0.974287 -0.127229 0.982559 -0.129852
0.974247 -0.127199 0.982516 -0.129827
0.974208 -0.127169 0.982473 -0.129802
0.974168 -0.127139 0.982430 -0.129777
0.974129 -0.127109 0.982387 -0.129752
0.974089 -0.127079 0.982344 -0.129726
0.974050 -0.127049 0.982301 -0.129701
0.974011 -0.127018 0.982258 -0.129676
0.973971 -0.126988 0.982215 -0.129650
0.973932 -0.126958 0.982172 -0.129625
0.973892 -0.126927 0.982129 -0.129599
0.973853 -0.126897 0.982086 -0.129574
0.973814 -0.126866 0.982043 -0.129548
0.973775 -0.126836 0.982000 -0.129523
0.973735 -0.126805 0.981957 -0.129497
0.973696 -0.126774 0.981914 -0.129471
0.973657 -0.126744 0.981871 -0.129445
0.973617 -0.126713 0.981828 -0.129419
0.973578 -0.126682 0.981785 -0.129393
0.973539 -0.126651 0.981743 -0.129367
0.973500 -0.126620 0.981700 -0.129341
0.973461 -0.126589 0.981657 -0.129314
0.973421 -0.126558 0.981614 -0.129288
0.973382 -0.126527 0.981571 -0.129262
0.973343 -0.126495 0.981528 -0.129235
0.973304 -0.126464 0.981485 -0.129209
0.973265 -0.126433 0.981443 -0.129182
0.973226 -0.126401 0.981400 -0.129156
0.973187 -0.126370 0.981357 -0.129129
0.973148 -0.126338 0.981314 -0.129102
0.973109 -0.126307 0.981271 -0.129075
0.973070 -0.126275 0.981229 -0.129048
0.973031 -0.126243 0.981186 -0.129021
0.972992 -0.126211 0.981143 -0.128994
0.972953 -0.126179 0.981100 -0.128967
0.972914 -0.126148 0.981058 -0.128940
0.972875 -0.126116 0.981015 -0.128913
0.972836 -0.126084 0.980972 -0.128886
0.972797 -0.126051 0.980929 -0.128858
0.972758 -0.126019 0.980887 -0.128831
0.972719 -0.125987 0.980844 -0.128803
0.972680 -0.125955 0.980801 -0.128776
0.972641 -0.125922 0.980759 -0.128748
0.972603 -0.125890 0.980716 -0.128721
0.972564 -0.125858 0.980673 -0.128693
0.972525 -0.125825 0.980631 -0.128665
0.972486 -0.125793 0.980588 -0.128637
0.972447 -0.125760 0.980545 -0.128609
0.972409 -0.125727 0.980503 -0.128581
0.972370 -0.125695 0.980460 -0.128553
0.972331 -0.125662 0.980418 -0.128525
0.972292 -0.125629 0.980375 -0.128497
0.972254 -0.125596 0.980332 -0.128469
0.972215 -0.125563 0.980290 -0.128440
0.972176 -0.125530 0.980247 -0.128412
0.972138 -0.125497 0.980205 -0.128384
0.972099 -0.125464 0.980162 -0.128355
0.972061 -0.125430 0.980120 -0.128326
0.972022 -0.125397 0.980077 -0.128298
0.971983 -0.125364 0.980035 -0.128269
0.971945 -0.125330 0.979992 -0.128240
0.971906 -0.125297 0.979950 -0.128212
0.971868 -0.125263 0.979907 -0.128183
0.971829 -0.125230 0.979865 -0.128154
0.971791 -0.125196 0.979822 -0.128125
0.971752 -0.125162 0.979780 -0.128096
0.971714 -0.125129 0.979737 -0.128066
0.971676 -0.125095 0.979695 -0.128037
0.971637 -0.125061 0.979652 -0.128008
0.971599 -0.125027 0.979610 -0.127978
0.971560 -0.124993 0.979568 -0.127949
0.971522 -0.124959 0.979525 -0.127920
0.971484 -0.124925 0.979483 -0.127890
0.971445 -0.124891 0.979440 -0.127860
0.971407 -0.124857 0.979398 -0.127831
0.971369 -0.124822 0.979356 -0.127801
0.971330 -0.124788 0.979313 -0.127771
0.971292 -0.124753 0.979271 -0.127741
0.971254 -0.124719 0.979229 -0.127711
0.971216 -0.124684 0.979186 -0.127681
0.971177 -0.124650 0.979144 -0.127651
0.971139 -0.124615 0.979102 -0.127621
0.971101 -0.124581 0.979060 -0.127591
0.971063 -0.124546 0.979017 -0.127561
0.971025 -0.124511 0.978975 -0.127530
0.970987 -0.124476 0.978933 -0.127500
0.970949 -0.124441 0.978891 -0.127470
0.970910 -0.124406 0.978848 -0.127439
0.970872 -0.124371 0.978806 -0.127408
0.970834 -0.124336 0.978764 -0.127378
0.970796 -0.124301 0.978722 -0.127347
0.970758 -0.124266 0.978680 -0.127316
0.970720 -0.124230 0.978637 -0.127285
0.970682 -0.124195 0.978595 -0.127255
0.970644 -0.124159 0.978553 -0.127224
0.970606 -0.124124 0.978511 -0.127193
0.970568 -0.124088 0.978469 -0.127161
0.970531 -0.124053 0.978427 -0.127130
0.970493 -0.124017 0.978384 -0.127099
0.970455 -0.123982 0.978342 -0.127068
0.970417 -0.123946 0.978300 -0.127036
0.970379 -0.123910 0.978258 -0.127005
0.970341 -0.123874 0.978216 -0.126974
0.970303 -0.123838 0.978174 -0.126942
0.970266 -0.123802 0.978132 -0.126910
0.970228 -0.123766 0.978090 -0.126879
0.970190 -0.123730 0.978048 -0.126847
0.970152 -0.123694 0.978006 -0.126815
0.970115 -0.123658 0.977964 -0.126783
0.970077 -0.123621 0.977922 -0.126751
0.970039 -0.123585 0.977880 -0.126719
0.970001 -0.123549 0.977838 -0.126687
0.969964 -0.123512 0.977796 -0.126655
0.969926 -0.123476 0.977754 -0.126623
0.969889 -0.123439 0.977712 -0.126591
0.969851 -0.123402 0.977670 -0.126558
0.969813 -0.123366 0.977628 -0.126526
0.969776 -0.123329 0.977586 -0.126494
0.969738 -0.123292 0.977544 -0.126461
0.969701 -0.123255 0.977503 -0.126428
0.969663 -0.123218 0.977461 -0.126396
0.969626 -0.123181 0.977419 -0.126363
0.969588 -0.123144 0.977377 -0.126330
0.969551 -0.123107 0.977335 -0.126297
0.969513 -0.123070 0.977293 -0.126265
0.969476 -0.123033 0.977252 -0.126232
0.969439 -0.122995 0.977210 -0.126199
0.969401 -0.122958 0.977168 -0.126165
0.969364 -0.122921 0.977126 -0.126132
0.969326 -0.122883 0.977084 -0.126099
0.969289 -0.122846 0.977043 -0.126066
0.969252 -0.122808 0.977001 -0.126032
0.969214 -0.122770 0.976959 -0.125999
0.969177 -0.122733 0.976917 -0.125966
0.969140 -0.122695 0.976876 -0.125932
0.969103 -0.122657 0.976834 -0.125898
0.969065 -0.122619 0.976792 -0.125865
0.969028 -0.122581 0.976751 -0.125831
0.968991 -0.122543 0.976709 -0.125797
0.968954 -0.122505 0.976667 -0.125763
0.968917 -0.122467 0.976626 -0.125729
0.968880 -0.122429 0.976584 -0.125695
0.968842 -0.122391 0.976542 -0.125661
0.968805 -0.122353 0.976501 -0.125627
0.968768 -0.122314 0.976459 -0.125593
0.968731 -0.122276 0.976418 -0.125559
0.968694 -0.122237 0.976376 -0.125524
0.968657 -0.122199 0.976335 -0.125490
0.968620 -0.122160 0.976293 -0.125456
0.968583 -0.122122 0.976251 -0.125421
0.968546 -0.122083 0.976210 -0.125387
0.968509 -0.122044 0.976168 -0.125352
0.968472 -0.122006 0.976127 -0.125317
0.968435 -0.121967 0.976085 -0.125282
0.968398 -0.121928 0.976044 -0.125248
0.968362 -0.121889 0.976003 -0.125213
0.968325 -0.121850 0.975961 -0.125178
0.968288 -0.121811 0.975920 -0.125143
0.968251 -0.121772 0.975878 -0.125108
0.968214 -0.121732 0.975837 -0.125073
0.968177 -0.121693 0.975795 -0.125037
0.968141 -0.121654 0.975754 -0.125002
0.968104 -0.121614 0.975713 -0.124967
0.968067 -0.121575 0.975671 -0.124931
0.968030 -0.121536 0.975630 -0.124896
0.967994 -0.121496 0.975589 -0.124860
0.967957 -0.121456 0.975547 -0.124825
0.967920 -0.121417 0.975506 -0.124789
0.967884 -0.121377 0.975465 -0.124753
0.967847 -0.121337 0.975423 -0.124718
0.967810 -0.121297 0.975382 -0.124682
0.967774 -0.121258 0.975341 -0.124646
0.967737 -0.121218 0.975300 -0.124610
0.967701 -0.121178 0.975258 -0.124574
0.967664 -0.121138 0.975217 -0.124538
0.967628 -0.121097 0.975176 -0.124502
0.967591 -0.121057 0.975135 -0.124465
0.967555 -0.121017 0.975093 -0.124429
0.967518 -0.120977 0.975052 -0.124393
0.967482 -0.120936 0.975011 -0.124356
0.967445 -0.120896 0.974970 -0.124320
0.967409 -0.120856 0.974929 -0.124283
0.967373 -0.120815 0.974888 -0.124247
0.967336 -0.120774 0.974847 -0.124210
0.967300 -0.120734 0.974806 -0.124173
0.967264 -0.120693 0.974764 -0.124136
0.967227 -0.120652 0.974723 -0.124099
0.967191 -0.120612 0.974682 -0.124063
0.967155 -0.120571 0.974641 -0.124026
0.967118 -0.120530 0.974600 -0.123988
0.967082 -0.120489 0.974559 -0.123951
0.967046 -0.120448 0.974518 -0.123914
0.967010 -0.120407 0.974477 -0.123877
0.966974 -0.120366 0.974436 -0.123840
0.966938 -0.120324 0.974395 -0.123802
0.966901 -0.120283 0.974354 -0.123765
0.966865 -0.120242 0.974313 -0.123727
0.966829 -0.120200 0.974272 -0.123690
0.966793 -0.120159 0.974232 -0.123652
0.966757 -0.120118 0.974191 -0.123614
0.966721 -0.120076 0.974150 -0.123577
0.966685 -0.120034 0.974109 -0.123539
0.966649 -0.119993 0.974068 -0.123501
0.966613 -0.119951 0.974027 -0.123463
0.966577 -0.119909 0.973986 -0.123425
0.966541 -0.119867 0.973945 -0.123387
0.966505 -0.119826 0.973905 -0.123349
0.966469 -0.119784 0.973864 -0.123311
0.966433 -0.119742 0.973823 -0.123272
0.966397 -0.119700 0.973782 -0.123234
0.966362 -0.119657 0.973742 -0.123196
0.966326 -0.119615 0.973701 -0.123157
0.966290 -0.119573 0.973660 -0.123119
0.966254 -0.119531 0.973619 -0.123080
0.966218 -0.119488 0.973579 -0.123041
0.966183 -0.119446 0.973538 -0.123003
0.966147 -0.119404 0.973497 -0.122964
0.966111 -0.119361 0.973457 -0.122925
0.966075 -0.119319 0.973416 -0.122886
0.966040 -0.119276 0.973375 -0.122847
0.966004 -0.119233 0.973335 -0.122808
0.965968 -0.119191 0.973294 -0.122769
0.965933 -0.119148 0.973254 -0.122730
0.965897 -0.119105 0.973213 -0.122691
0.965862 -0.119062 0.973172 -0.122651
0.965826 -0.119019 0.973132 -0.122612
0.965791 -0.118976 0.973091 -0.122573
0.965755 -0.118933 0.973051 -0.122533
0.965720 -0.118890 0.973010 -0.122494
0.965684 -0.118847 0.972970 -0.122454
0.965649 -0.118803 0.972929 -0.122414
0.965613 -0.118760 0.972889 -0.122375
0.965578 -0.118717 0.972848 -0.122335
0.965542 -0.118673 0.972808 -0.122295
0.965507 -0.118630 0.972768 -0.122255
0.965472 -0.118586 0.972727 -0.122215
0.965436 -0.118543 0.972687 -0.122175
0.965401 -0.118499 0.972646 -0.122135
0.965366 -0.118455 0.972606 -0.122095
0.965330 -0.118412 0.972566 -0.122055
0.965295 -0.118368 0.972525 -0.122014
0.965260 -0.118324 0.972485 -0.121974
0.965225 -0.118280 0.972445 -0.121934
0.965189 -0.118236 0.972404 -0.121893
0.965154 -0.118192 0.972364 -0.121853
0.965119 -0.118148 0.972324 -0.121812
0.965084 -0.118104 0.972284 -0.121771
0.965049 -0.118060 0.972243 -0.121731
0.965014 -0.118016 0.972203 -0.121690
0.964978 -0.117971 0.972163 -0.121649
0.964943 -0.117927 0.972123 -0.121608
0.964908 -0.117882 0.972082 -0.121567
0.964873 -0.117838 0.972042 -0.121526
0.964838 -0.117793 0.972002 -0.121485
0.964803 -0.117749 0.971962 -0.121444
0.964768 -0.117704 0.971922 -0.121403
0.964733 -0.117660 0.971882 -0.121361
0.964698 -0.117615 0.971842 -0.121320
0.964663 -0.117570 0.971802 -0.121279
0.964629 -0.117525 0.971762 -0.121237
0.964594 -0.117480 0.971721 -0.121196
0.964559 -0.117435 0.971681 -0.121154
0.964524 -0.117390 0.971641 -0.121112
0.964489 -0.117345 0.971601 -0.121071
0.964454 -0.117300 0.971561 -0.121029
0.964420 -0.117255 0.971521 -0.120987
0.964385 -0.117210 0.971481 -0.120945
0.964350 -0.117164 0.971442 -0.120903
0.964315 -0.117119 0.971402 -0.120861
0.964281 -0.117074 0.971362 -0.120819
0.964246 -0.117028 0.971322 -0.120777
0.964211 -0.116983 0.971282 -0.120735
0.964177 -0.116937 0.971242 -0.120692
0.964142 -0.116891 0.971202 -0.120650
0.964108 -0.116846 0.971162 -0.120607
0.964073 -0.116800 0.971123 -0.120565
0.964038 -0.116754 0.971083 -0.120522
0.964004 -0.116708 0.971043 -0.120480
0.963969 -0.116662 0.971003 -0.120437
0.963935 -0.116616 0.970963 -0.120394
0.963900 -0.116570 0.970924 -0.120352
0.963866 -0.116524 0.970884 -0.120309
0.963832 -0.116478 0.970844 -0.120266
0.963797 -0.116432 0.970804 -0.120223
0.963763 -0.116386 0.970765 -0.120180
0.963728 -0.116339 0.970725 -0.120137
0.963694 -0.116293 0.970685 -0.120094
0.963660 -0.116247 0.970646 -0.120050
0.963625 -0.116200 0.970606 -0.120007
0.963591 -0.116154 0.970567 -0.119964
0.963557 -0.116107 0.970527 -0.119920
0.963523 -0.116061 0.970487 -0.119877
0.963488 -0.116014 0.970448 -0.119833
0.963454 -0.115967 0.970408 -0.119790
0.963420 -0.115920 0.970369 -0.119746
0.963386 -0.115874 0.970329 -0.119702
0.963352 -0.115827 0.970290 -0.119659
0.963317 -0.115780 0.970250 -0.119615
0.963283 -0.115733 0.970211 -0.119571
0.963249 -0.115686 0.970171 -0.119527
0.963215 -0.115638 0.970132 -0.119483
0.963181 -0.115591 0.970092 -0.119439
0.963147 -0.115544 0.970053 -0.119395
0.963113 -0.115497 0.970014 -0.119350
0.963079 -0.115449 0.969974 -0.119306
0.963045 -0.115402 0.969935 -0.119262
0.963011 -0.115355 0.969896 -0.119217
0.962977 -0.115307 0.969856 -0.119173
0.962943 -0.115260 0.969817 -0.119128
0.962910 -0.115212 0.969778 -0.119084
0.962876 -0.115164 0.969738 -0.119039
0.962842 -0.115117 0.969699 -0.118994
0.962808 -0.115069 0.969660 -0.118950
0.962774 -0.115021 0.969621 -0.118905
0.962740 -0.114973 0.969581 -0.118860
0.962707 -0.114925 0.969542 -0.118815
0.962673 -0.114877 0.969503 -0.118770
0.962639 -0.114829 0.969464 -0.118725
0.962605 -0.114781 0.969425 -0.118680
0.962572 -0.114733 0.969385 -0.118634
0.962538 -0.114685 0.969346 -0.118589
0.962505 -0.114636 0.969307 -0.118544
0.962471 -0.114588 0.969268 -0.118498
0.962437 -0.114540 0.969229 -0.118453
0.962404 -0.114491 0.969190 -0.118408
0.962370 -0.114443 0.969151 -0.118362
0.962337 -0.114394 0.969112 -0.118316
0.962303 -0.114346 0.969073 -0.118271
0.962270 -0.114297 0.969034 -0.118225
0.962236 -0.114248 0.968995 -0.118179
0.962203 -0.114200 0.968956 -0.118133
0.962169 -0.114151 0.968917 -0.118087
0.962136 -0.114102 0.968878 -0.118041
0.962103 -0.114053 0.968839 -0.117995
0.962069 -0.114004 0.968800 -0.117949
0.962036 -0.113955 0.968761 -0.117903
0.962003 -0.113906 0.968723 -0.117857
0.961969 -0.113857 0.968684 -0.117810
0.961936 -0.113808 0.968645 -0.117764
0.961903 -0.113759 0.968606 -0.117717
0.961869 -0.113709 0.968567 -0.117671
0.961836 -0.113660 0.968529 -0.117624
0.961803 -0.113611 0.968490 -0.117578
0.961770 -0.113561 0.968451 -0.117531
0.961737 -0.113512 0.968412 -0.117484
0.961704 -0.113462 0.968374 -0.117438
0.961670 -0.113413 0.968335 -0.117391
0.961637 -0.113363 0.968296 -0.117344
0.961604 -0.113313 0.968258 -0.117297
0.961571 -0.113263 0.968219 -0.117250
0.961538 -0.113214 0.968180 -0.117203
0.961505 -0.113164 0.968142 -0.117155
0.961472 -0.113114 0.968103 -0.117108
0.961439 -0.113064 0.968065 -0.117061
0.961406 -0.113014 0.968026 -0.117014
0.961373 -0.112964 0.967987 -0.116966
0.961341 -0.112914 0.967949 -0.116919
0.961308 -0.112863 0.967910 -0.116871
0.961275 -0.112813 0.967872 -0.116824
0.961242 -0.112763 0.967833 -0.116776
0.961209 -0.112713 0.967795 -0.116728
0.961176 -0.112662 0.967757 -0.116680
0.961144 -0.112612 0.967718 -0.116633
0.961111 -0.112561 0.967680 -0.116585
0.961078 -0.112511 0.967641 -0.116537
0.961045 -0.112460 0.967603 -0.116489
0.961013 -0.112409 0.967565 -0.116441
0.960980 -0.112359 0.967526 -0.116392
0.960947 -0.112308 0.967488 -0.116344
0.960915 -0.112257 0.967450 -0.116296
0.960882 -0.112206 0.967411 -0.116248
0.960850 -0.112155 0.967373 -0.116199
0.960817 -0.112104 0.967335 -0.116151
0.960784 -0.112053 0.967297 -0.116102
0.960752 -0.112002 0.967258 -0.116054
0.960719 -0.111951 0.967220 -0.116005
0.960687 -0.111900 0.967182 -0.115956
0.960655 -0.111849 0.967144 -0.115908
0.960622 -0.111797 0.967106 -0.115859
0.960590 -0.111746 0.967068 -0.115810
0.960557 -0.111694 0.967030 -0.115761
0.960525 -0.111643 0.966991 -0.115712
0.960493 -0.111592 0.966953 -0.115663
0.960460 -0.111540 0.966915 -0.115614
0.960428 -0.111488 0.966877 -0.115565
0.960396 -0.111437 0.966839 -0.115515
0.960363 -0.111385 0.966801 -0.115466
0.960331 -0.111333 0.966763 -0.115417
0.960299 -0.111281 0.966725 -0.115367
0.960267 -0.111229 0.966687 -0.115318
0.960235 -0.111178 0.966649 -0.115268
0.960203 -0.111126 0.966611 -0.115219
0.960170 -0.111074 0.966574 -0.115169
0.960138 -0.111021 0.966536 -0.115119
0.960106 -0.110969 0.966498 -0.115070
0.960074 -0.110917 0.966460 -0.115020
0.960042 -0.110865 0.966422 -0.114970
0.960010 -0.110813 0.966384 -0.114920
0.959978 -0.110760 0.966347 -0.114870
0.959946 -0.110708 0.966309 -0.114820
0.959914 -0.110655 0.966271 -0.114770
0.959882 -0.110603 0.966233 -0.114720
0.959850 -0.110550 0.966196 -0.114669
0.959818 -0.110498 0.966158 -0.114619
0.959787 -0.110445 0.966120 -0.114569
0.959755 -0.110392 0.966083 -0.114518
0.959723 -0.110340 0.966045 -0.114468
0.959691 -0.110287 0.966007 -0.114417
0.959659 -0.110234 0.965970 -0.114366
0.959628 -0.110181 0.965932 -0.114316
0.959596 -0.110128 0.965895 -0.114265
0.959564 -0.110075 0.965857 -0.114214
0.959532 -0.110022 0.965820 -0.114163
0.959501 -0.109969 0.965782 -0.114113
0.959469 -0.109916 0.965745 -0.114062
0.959437 -0.109862 0.965707 -0.114011
0.959406 -0.109809 0.965670 -0.113959
0.959374 -0.109756 0.965632 -0.113908
0.959343 -0.109702 0.965595 -0.113857
0.959311 -0.109649 0.965557 -0.113806
0.959280 -0.109595 0.965520 -0.113754
0.959248 -0.109542 0.965483 -0.113703
0.959217 -0.109488 0.965445 -0.113652
0.959185 -0.109435 0.965408 -0.113600
0.959154 -0.109381 0.965371 -0.113549
0.959122 -0.109327 0.965333 -0.113497
0.959091 -0.109273 0.965296 -0.113445
0.959060 -0.109220 0.965259 -0.113393
0.959028 -0.109166 0.965222 -0.113342
0.958997 -0.109112 0.965184 -0.113290
0.958966 -0.109058 0.965147 -0.113238
0.958935 -0.109004 0.965110 -0.113186
0.958903 -0.108950 0.965073 -0.113134
0.958872 -0.108895 0.965036 -0.113082
0.958841 -0.108841 0.964999 -0.113030
0.958810 -0.108787 0.964961 -0.112977
0.958778 -0.108733 0.964924 -0.112925
0.958747 -0.108678 0.964887 -0.112873
0.958716 -0.108624 0.964850 -0.112820
0.958685 -0.108569 0.964813 -0.112768
0.958654 -0.108515 0.964776 -0.112715
0.958623 -0.108460 0.964739 -0.112663
0.958592 -0.108406 0.964702 -0.112610
0.958561 -0.108351 0.964665 -0.112557
0.958530 -0.108296 0.964628 -0.112505
0.958499 -0.108242 0.964591 -0.112452
0.958468 -0.108187 0.964555 -0.112399
0.958437 -0.108132 0.964518 -0.112346
0.958406 -0.108077 0.964481 -0.112293
0.958375 -0.108022 0.964444 -0.112240
0.958345 -0.107967 0.964407 -0.112187
0.958314 -0.107912 0.964370 -0.112134
0.958283 -0.107857 0.964334 -0.112080
0.958252 -0.107802 0.964297 -0.112027
0.958221 -0.107746 0.964260 -0.111974
0.958191 -0.107691 0.964223 -0.111920
0.958160 -0.107636 0.964187 -0.111867
0.958129 -0.107580 0.964150 -0.111813
0.958099 -0.107525 0.964113 -0.111760
0.958068 -0.107470 0.964077 -0.111706
0.958037 -0.107414 0.964040 -0.111653
0.958007 -0.107358 0.964004 -0.111599
0.957976 -0.107303 0.963967 -0.111545
0.957946 -0.107247 0.963930 -0.111491
0.957915 -0.107191 0.963894 -0.111437
0.957885 -0.107136 0.963857 -0.111383
0.957854 -0.107080 0.963821 -0.111329
0.957824 -0.107024 0.963784 -0.111275
0.957793 -0.106968 0.963748 -0.111221
0.957763 -0.106912 0.963711 -0.111167
0.957732 -0.106856 0.963675 -0.111112
0.957702 -0.106800 0.963639 -0.111058
0.957672 -0.106744 0.963602 -0.111004
0.957641 -0.106688 0.963566 -0.110949
0.957611 -0.106631 0.963529 -0.110895
0.957581 -0.106575 0.963493 -0.110840
0.957550 -0.106519 0.963457 -0.110785
0.957520 -0.106462 0.963421 -0.110731
0.957490 -0.106406 0.963384 -0.110676
0.957460 -0.106349 0.963348 -0.110621
0.957430 -0.106293 0.963312 -0.110566
0.957399 -0.106236 0.963276 -0.110511
0.957369 -0.106180 0.963239 -0.110456
0.957339 -0.106123 0.963203 -0.110401
0.957309 -0.106066 0.963167 -0.110346
0.957279 -0.106010 0.963131 -0.110291
0.957249 -0.105953 0.963095 -0.110236
0.957219 -0.105896 0.963059 -0.110181
0.957189 -0.105839 0.963023 -0.110125
0.957159 -0.105782 0.962987 -0.110070
0.957129 -0.105725 0.962951 -0.110014
0.957099 -0.105668 0.962915 -0.109959
0.957069 -0.105611 0.962879 -0.109903
0.957040 -0.105554 0.962843 -0.109848
0.957010 -0.105496 0.962807 -0.109792
0.956980 -0.105439 0.962771 -0.109736
0.956950 -0.105382 0.962735 -0.109681
0.956920 -0.105324 0.962699 -0.109625
0.956890 -0.105267 0.962663 -0.109569
0.956861 -0.105209 0.962627 -0.109513
0.956831 -0.105152 0.962592 -0.109457
0.956801 -0.105094 0.962556 -0.109401
0.956772 -0.105037 0.962520 -0.109345
0.956742 -0.104979 0.962484 -0.109288
0.956712 -0.104921 0.962448 -0.109232
0.956683 -0.104864 0.962413 -0.109176
0.956653 -0.104806 0.962377 -0.109119
0.956624 -0.104748 0.962341 -0.109063
0.956594 -0.104690 0.962306 -0.109007
0.956565 -0.104632 0.962270 -0.108950
0.956535 -0.104574 0.962235 -0.108893
0.956506 -0.104516 0.962199 -0.108837
0.956476 -0.104458 0.962163 -0.108780
0.956447 -0.104400 0.962128 -0.108723
0.956417 -0.104341 0.962092 -0.108666
0.956388 -0.104283 0.962057 -0.108610
0.956359 -0.104225 0.962021 -0.108553
0.956329 -0.104167 0.961986 -0.108496
0.956300 -0.104108 0.961950 -0.108439
0.956271 -0.104050 0.961915 -0.108381
0.956242 -0.103991 0.961879 -0.108324
0.956212 -0.103933 0.961844 -0.108267
0.956183 -0.103874 0.961809 -0.108210
0.956154 -0.103815 0.961773 -0.108152
0.956125 -0.103757 0.961738 -0.108095
0.956096 -0.103698 0.961703 -0.108038
0.956067 -0.103639 0.961668 -0.107980
0.956037 -0.103580 0.961632 -0.107922
0.956008 -0.103521 0.961597 -0.107865
0.955979 -0.103463 0.961562 -0.107807
0.955950 -0.103404 0.961527 -0.107749
0.955921 -0.103345 0.961491 -0.107692
0.955892 -0.103285 0.961456 -0.107634
0.955863 -0.103226 0.961421 -0.107576
0.955835 -0.103167 0.961386 -0.107518
0.955806 -0.103108 0.961351 -0.107460
0.955777 -0.103049 0.961316 -0.107402
0.955748 -0.102989 0.961281 -0.107344
0.955719 -0.102930 0.961246 -0.107285
0.955690 -0.102871 0.961211 -0.107227
0.955661 -0.102811 0.961176 -0.107169
0.955633 -0.102752 0.961141 -0.107110
0.955604 -0.102692 0.961106 -0.107052
0.955575 -0.102632 0.961071 -0.106994
0.955547 -0.102573 0.961036 -0.106935
0.955518 -0.102513 0.961001 -0.106876
0.955489 -0.102453 0.960966 -0.106818
0.955461 -0.102393 0.960932 -0.106759
0.955432 -0.102334 0.960897 -0.106700
0.955403 -0.102274 0.960862 -0.106642
0.955375 -0.102214 0.960827 -0.106583
0.955346 -0.102154 0.960792 -0.106524
0.955318 -0.102094 0.960758 -0.106465
0.955289 -0.102034 0.960723 -0.106406
0.955261 -0.101973 0.960688 -0.106347
0.955232 -0.101913 0.960654 -0.106287
0.955204 -0.101853 0.960619 -0.106228
0.955176 -0.101793 0.960584 -0.106169
0.955147 -0.101732 0.960550 -0.106110
0.955119 -0.101672 0.960515 -0.106050
0.955091 -0.101612 0.960481 -0.105991
0.955062 -0.101551 0.960446 -0.105931
0.955034 -0.101491 0.960412 -0.105872
0.955006 -0.101430 0.960377 -0.105812
0.954978 -0.101370 0.960343 -0.105753
0.954949 -0.101309 0.960308 -0.105693
0.954921 -0.101248 0.960274 -0.105633
0.954893 -0.101187 0.960239 -0.105573
0.954865 -0.101127 0.960205 -0.105513
0.954837 -0.101066 0.960171 -0.105453
0.954809 -0.101005 0.960136 -0.105393
0.954781 -0.100944 0.960102 -0.105333
0.954753 -0.100883 0.960068 -0.105273
0.954725 -0.100822 0.960034 -0.105213
0.954697 -0.100761 0.959999 -0.105153
0.954669 -0.100700 0.959965 -0.105093
0.954641 -0.100639 0.959931 -0.105032
0.954613 -0.100577 0.959897 -0.104972
0.954585 -0.100516 0.959863 -0.104912
0.954557 -0.100455 0.959828 -0.104851
0.954529 -0.100393 0.959794 -0.104790
0.954502 -0.100332 0.959760 -0.104730
0.954474 -0.100270 0.959726 -0.104669
0.954446 -0.100209 0.959692 -0.104609
0.954418 -0.100147 0.959658 -0.104548
0.954390 -0.100086 0.959624 -0.104487
0.954363 -0.100024 0.959590 -0.104426
0.954335 -0.099962 0.959556 -0.104365
0.954307 -0.099901 0.959522 -0.104304
0.954280 -0.099839 0.959488 -0.104243
0.954252 -0.099777 0.959454 -0.104182
0.954225 -0.099715 0.959421 -0.104121
0.954197 -0.099653 0.959387 -0.104060
0.954170 -0.099591 0.959353 -0.103998
0.954142 -0.099529 0.959319 -0.103937
0.954115 -0.099467 0.959285 -0.103876
0.954087 -0.099405 0.959252 -0.103814
0.954060 -0.099343 0.959218 -0.103753
0.954032 -0.099281 0.959184 -0.103691
0.954005 -0.099219 0.959150 -0.103630
0.953977 -0.099156 0.959117 -0.103568
0.953950 -0.099094 0.959083 -0.103506
0.953923 -0.099032 0.959050 -0.103444
0.953896 -0.098969 0.959016 -0.103383
0.953868 -0.098907 0.958982 -0.103321
0.953841 -0.098844 0.958949 -0.103259
0.953814 -0.098782 0.958915 -0.103197
0.953787 -0.098719 0.958882 -0.103135
0.953759 -0.098656 0.958848 -0.103073
0.953732 -0.098594 0.958815 -0.103011
0.953705 -0.098531 0.958781 -0.102948
0.953678 -0.098468 0.958748 -0.102886
0.953651 -0.098405 0.958715 -0.102824
0.953624 -0.098342 0.958681 -0.102762
0.953597 -0.098279 0.958648 -0.102699
0.953570 -0.098216 0.958615 -0.102637
0.953543 -0.098153 0.958581 -0.102574
0.953516 -0.098090 0.958548 -0.102512
0.953489 -0.098027 0.958515 -0.102449
0.953462 -0.097964 0.958482 -0.102386
0.953435 -0.097901 0.958448 -0.102324
0.953408 -0.097838 0.958415 -0.102261
0.953382 -0.097774 0.958382 -0.102198
0.953355 -0.097711 0.958349 -0.102135
0.953328 -0.097647 0.958316 -0.102072
0.953301 -0.097584 0.958283 -0.102009
0.953274 -0.097521 0.958250 -0.101946
0.953248 -0.097457 0.958217 -0.101883
0.953221 -0.097393 0.958184 -0.101820
0.953194 -0.097330 0.958151 -0.101756
0.953168 -0.097266 0.958118 -0.101693
0.953141 -0.097202 0.958085 -0.101630
0.953115 -0.097139 0.958052 -0.101566
0.953088 -0.097075 0.958019 -0.101503
0.953061 -0.097011 0.957986 -0.101440
0.953035 -0.096947 0.957953 -0.101376
0.953008 -0.096883 0.957920 -0.101312
0.952982 -0.096819 0.957888 -0.101249
0.952956 -0.096755 0.957855 -0.101185
0.952929 -0.096691 0.957822 -0.101121
0.952903 -0.096627 0.957789 -0.101057
0.952876 -0.096563 0.957757 -0.100994
0.952850 -0.096499 0.957724 -0.100930
0.952824 -0.096434 0.957691 -0.100866
0.952797 -0.096370 0.957659 -0.100802
0.952771 -0.096306 0.957626 -0.100738
0.952745 -0.096241 0.957593 -0.100673
0.952719 -0.096177 0.957561 -0.100609
0.952692 -0.096113 0.957528 -0.100545
0.952666 -0.096048 0.957496 -0.100481
0.952640 -0.095984 0.957463 -0.100416
0.952614 -0.095919 0.957431 -0.100352
0.952588 -0.095854 0.957398 -0.100288
0.952562 -0.095790 0.957366 -0.100223
0.952536 -0.095725 0.957334 -0.100158
0.952510 -0.095660 0.957301 -0.100094
0.952484 -0.095595 0.957269 -0.100029
0.952458 -0.095530 0.957237 -0.099964
0.952432 -0.095465 0.957204 -0.099900
0.952406 -0.095400 0.957172 -0.099835
0.952380 -0.095335 0.957140 -0.099770
0.952354 -0.095270 0.957107 -0.099705
0.952328 -0.095205 0.957075 -0.099640
0.952302 -0.095140 0.957043 -0.099575
0.952277 -0.095075 0.957011 -0.099510
0.952251 -0.095010 0.956979 -0.099445
0.952225 -0.094945 0.956947 -0.099380
0.952199 -0.094879 0.956915 -0.099314
0.952174 -0.094814 0.956883 -0.099249
0.952148 -0.094749 0.956850 -0.099184
0.952122 -0.094683 0.956818 -0.099118
0.952097 -0.094618 0.956786 -0.099053
0.952071 -0.094552 0.956755 -0.098987
0.952045 -0.094486 0.956723 -0.098922
0.952020 -0.094421 0.956691 -0.098856
0.951994 -0.094355 0.956659 -0.098791
0.951969 -0.094289 0.956627 -0.098725
0.951943 -0.094224 0.956595 -0.098659
0.951918 -0.094158 0.956563 -0.098593
0.951892 -0.094092 0.956531 -0.098527
0.951867 -0.094026 0.956500 -0.098461
0.951842 -0.093960 0.956468 -0.098395
0.951816 -0.093894 0.956436 -0.098329
0.951791 -0.093828 0.956405 -0.098263
0.951766 -0.093762 0.956373 -0.098197
0.951740 -0.093696 0.956341 -0.098131
0.951715 -0.093630 0.956310 -0.098065
0.951690 -0.093564 0.956278 -0.097999
0.951665 -0.093498 0.956246 -0.097932
0.951639 -0.093431 0.956215 -0.097866
0.951614 -0.093365 0.956183 -0.097799
0.951589 -0.093299 0.956152 -0.097733
0.951564 -0.093232 0.956120 -0.097666
0.951539 -0.093166 0.956089 -0.097600
0.951514 -0.093099 0.956058 -0.097533
0.951489 -0.093033 0.956026 -0.097466
0.951464 -0.092966 0.955995 -0.097400
0.951439 -0.092900 0.955963 -0.097333
0.951414 -0.092833 0.955932 -0.097266
0.951389 -0.092766 0.955901 -0.097199
0.951364 -0.092700 0.955869 -0.097132
0.951339 -0.092633 0.955838 -0.097065
0.951314 -0.092566 0.955807 -0.096998
0.951289 -0.092499 0.955776 -0.096931
0.951264 -0.092432 0.955745 -0.096864
0.951240 -0.092365 0.955713 -0.096796
0.951215 -0.092298 0.955682 -0.096729
0.951190 -0.092231 0.955651 -0.096662
0.951165 -0.092164 0.955620 -0.096594
0.951141 -0.092097 0.955589 -0.096527
0.951116 -0.092030 0.955558 -0.096460
0.951091 -0.091963 0.955527 -0.096392
0.951067 -0.091895 0.955496 -0.096324
0.951042 -0.091828 0.955465 -0.096257
0.951018 -0.091761 0.955434 -0.096189
0.950993 -0.091693 0.955403 -0.096121
0.950969 -0.091626 0.955372 -0.096054
0.950944 -0.091559 0.955342 -0.095986
0.950920 -0.091491 0.955311 -0.095918
0.950895 -0.091423 0.955280 -0.095850
0.950871 -0.091356 0.955249 -0.095782
0.950846 -0.091288 0.955218 -0.095714
0.950822 -0.091221 0.955188 -0.095646
0.950798 -0.091153 0.955157 -0.095578
0.950773 -0.091085 0.955126 -0.095510
0.950749 -0.091017 0.955096 -0.095441
0.950725 -0.090949 0.955065 -0.095373
0.950701 -0.090882 0.955035 -0.095305
0.950676 -0.090814 0.955004 -0.095236
0.950652 -0.090746 0.954973 -0.095168
0.950628 -0.090678 0.954943 -0.095099
0.950604 -0.090610 0.954912 -0.095031
0.950580 -0.090542 0.954882 -0.094962
0.950556 -0.090473 0.954852 -0.094894
0.950532 -0.090405 0.954821 -0.094825
0.950508 -0.090337 0.954791 -0.094756
0.950483 -0.090269 0.954760 -0.094687
0.950460 -0.090200 0.954730 -0.094619
0.950436 -0.090132 0.954700 -0.094550
0.950412 -0.090064 0.954669 -0.094481
0.950388 -0.089995 0.954639 -0.094412
0.950364 -0.089927 0.954609 -0.094343
0.950340 -0.089858 0.954579 -0.094274
0.950316 -0.089790 0.954549 -0.094205
0.950292 -0.089721 0.954518 -0.094135
0.950268 -0.089653 0.954488 -0.094066
0.950245 -0.089584 0.954458 -0.093997
0.950221 -0.089515 0.954428 -0.093927
0.950197 -0.089446 0.954398 -0.093858
0.950174 -0.089378 0.954368 -0.093789
0.950150 -0.089309 0.954338 -0.093719
0.950126 -0.089240 0.954308 -0.093650
0.950103 -0.089171 0.954278 -0.093580
0.950079 -0.089102 0.954248 -0.093510
0.950056 -0.089033 0.954218 -0.093441
0.950032 -0.088964 0.954188 -0.093371
0.950008 -0.088895 0.954158 -0.093301
0.949985 -0.088826 0.954129 -0.093231
0.949962 -0.088757 0.954099 -0.093161
0.949938 -0.088688 0.954069 -0.093092
0.949915 -0.088618 0.954039 -0.093022
0.949891 -0.088549 0.954010 -0.092952
0.949868 -0.088480 0.953980 -0.092881
0.949845 -0.088410 0.953950 -0.092811
0.949821 -0.088341 0.953921 -0.092741
0.949798 -0.088271 0.953891 -0.092671
0.949775 -0.088202 0.953861 -0.092601
0.949752 -0.088132 0.953832 -0.092530
0.949728 -0.088063 0.953802 -0.092460
0.949705 -0.087993 0.953773 -0.092390
0.949682 -0.087924 0.953743 -0.092319
0.949659 -0.087854 0.953714 -0.092249
0.949636 -0.087784 0.953684 -0.092178
0.949613 -0.087714 0.953655 -0.092107
0.949590 -0.087645 0.953626 -0.092037
0.949567 -0.087575 0.953596 -0.091966
0.949544 -0.087505 0.953567 -0.091895
0.949521 -0.087435 0.953538 -0.091824
0.949498 -0.087365 0.953508 -0.091754
0.949475 -0.087295 0.953479 -0.091683
0.949452 -0.087225 0.953450 -0.091612
0.949429 -0.087155 0.953421 -0.091541
0.949406 -0.087085 0.953392 -0.091470
0.949383 -0.087015 0.953363 -0.091398
0.949360 -0.086944 0.953333 -0.091327
0.949338 -0.086874 0.953304 -0.091256
0.949315 -0.086804 0.953275 -0.091185
0.949292 -0.086734 0.953246 -0.091114
0.949270 -0.086663 0.953217 -0.091042
0.949247 -0.086593 0.953188 -0.090971
0.949224 -0.086522 0.953159 -0.090899
0.949202 -0.086452 0.953130 -0.090828
0.949179 -0.086381 0.953102 -0.090756
0.949156 -0.086311 0.953073 -0.090685
0.949134 -0.086240 0.953044 -0.090613
0.949111 -0.086170 0.953015 -0.090542
0.949089 -0.086099 0.952986 -0.090470
0.949066 -0.086028 0.952957 -0.090398
0.949044 -0.085957 0.952929 -0.090326
0.949022 -0.085887 0.952900 -0.090254
0.948999 -0.085816 0.952871 -0.090182
0.948977 -0.085745 0.952843 -0.090110
0.948954 -0.085674 0.952814 -0.090038
0.948932 -0.085603 0.952785 -0.089966
0.948910 -0.085532 0.952757 -0.089894
0.948888 -0.085461 0.952728 -0.089822
0.948865 -0.085390 0.952700 -0.089750
0.948843 -0.085319 0.952671 -0.089678
0.948821 -0.085248 0.952643 -0.089605
0.948799 -0.085177 0.952614 -0.089533
0.948777 -0.085105 0.952586 -0.089461
0.948755 -0.085034 0.952558 -0.089388
0.948733 -0.084963 0.952529 -0.089316
0.948710 -0.084891 0.952501 -0.089243
0.948688 -0.084820 0.952473 -0.089171
0.948666 -0.084749 0.952444 -0.089098
0.948644 -0.084677 0.952416 -0.089025
0.948623 -0.084606 0.952388 -0.088953
0.948601 -0.084534 0.952360 -0.088880
0.948579 -0.084463 0.952332 -0.088807
0.948557 -0.084391 0.952303 -0.088734
0.948535 -0.084319 0.952275 -0.088661
0.948513 -0.084248 0.952247 -0.088588
0.948491 -0.084176 0.952219 -0.088515
0.948470 -0.084104 0.952191 -0.088442
0.948448 -0.084032 0.952163 -0.088369
0.948426 -0.083960 0.952135 -0.088296
0.948404 -0.083889 0.952107 -0.088223
0.948383 -0.083817 0.952079 -0.088150
0.948361 -0.083745 0.952051 -0.088076
0.948339 -0.083673 0.952024 -0.088003
0.948318 -0.083601 0.951996 -0.087930
0.948296 -0.083529 0.951968 -0.087856
0.948275 -0.083457 0.951940 -0.087783
0.948253 -0.083384 0.951912 -0.087709
0.948232 -0.083312 0.951885 -0.087636
0.948210 -0.083240 0.951857 -0.087562
0.948189 -0.083168 0.951829 -0.087488
0.948168 -0.083095 0.951802 -0.087415
0.948146 -0.083023 0.951774 -0.087341
0.948125 -0.082951 0.951746 -0.087267
0.948103 -0.082878 0.951719 -0.087193
0.948082 -0.082806 0.951691 -0.087119
0.948061 -0.082733 0.951664 -0.087045
0.948040 -0.082661 0.951636 -0.086971
0.948018 -0.082588 0.951609 -0.086897
0.947997 -0.082516 0.951582 -0.086823
0.947976 -0.082443 0.951554 -0.086749
0.947955 -0.082370 0.951527 -0.086675
0.947934 -0.082298 0.951499 -0.086601
0.947913 -0.082225 0.951472 -0.086527
0.947892 -0.082152 0.951445 -0.086452
0.947871 -0.082079 0.951418 -0.086378
0.947849 -0.082007 0.951390 -0.086304
0.947829 -0.081934 0.951363 -0.086229
0.947808 -0.081861 0.951336 -0.086155
0.947787 -0.081788 0.951309 -0.086080
0.947766 -0.081715 0.951282 -0.086006
0.947745 -0.081642 0.951255 -0.085931
0.947724 -0.081569 0.951228 -0.085856
0.947703 -0.081496 0.951201 -0.085782
0.947682 -0.081422 0.951174 -0.085707
0.947662 -0.081349 0.951147 -0.085632
0.947641 -0.081276 0.951120 -0.085557
0.947620 -0.081203 0.951093 -0.085482
0.947599 -0.081129 0.951066 -0.085407
0.947579 -0.081056 0.951039 -0.085333
0.947558 -0.080983 0.951012 -0.085258
0.947537 -0.080909 0.950985 -0.085182
0.947517 -0.080836 0.950959 -0.085107
0.947496 -0.080762 0.950932 -0.085032
0.947476 -0.080689 0.950905 -0.084957
0.947455 -0.080615 0.950879 -0.084882
0.947435 -0.080542 0.950852 -0.084806
0.947414 -0.080468 0.950825 -0.084731
0.947394 -0.080394 0.950799 -0.084656
0.947373 -0.080321 0.950772 -0.084580
0.947353 -0.080247 0.950746 -0.084505
0.947333 -0.080173 0.950719 -0.084429
0.947312 -0.080099 0.950693 -0.084354
0.947292 -0.080026 0.950666 -0.084278
0.947272 -0.079952 0.950640 -0.084203
0.947251 -0.079878 0.950613 -0.084127
0.947231 -0.079804 0.950587 -0.084051
0.947211 -0.079730 0.950561 -0.083975
0.947191 -0.079656 0.950534 -0.083900
0.947171 -0.079582 0.950508 -0.083824
0.947150 -0.079508 0.950482 -0.083748
0.947130 -0.079434 0.950455 -0.083672
0.947110 -0.079359 0.950429 -0.083596
0.947090 -0.079285 0.950403 -0.083520
0.947070 -0.079211 0.950377 -0.083444
0.947050 -0.079137 0.950351 -0.083368
0.947030 -0.079062 0.950325 -0.083291
0.947010 -0.078988 0.950299 -0.083215
0.946990 -0.078914 0.950273 -0.083139
0.946970 -0.078839 0.950247 -0.083063
0.946951 -0.078765 0.950221 -0.082986
0.946931 -0.078690 0.950195 -0.082910
0.946911 -0.078616 0.950169 -0.082834
0.946891 -0.078541 0.950143 -0.082757
0.946871 -0.078467 0.950117 -0.082681
0.946852 -0.078392 0.950091 -0.082604
0.946832 -0.078317 0.950065 -0.082527
0.946812 -0.078243 0.950040 -0.082451
0.946793 -0.078168 0.950014 -0.082374
0.946773 -0.078093 0.949988 -0.082297
0.946753 -0.078018 0.949962 -0.082221
0.946734 -0.077944 0.949937 -0.082144
0.946714 -0.077869 0.949911 -0.082067
0.946695 -0.077794 0.949886 -0.081990
0.946675 -0.077719 0.949860 -0.081913
0.946656 -0.077644 0.949835 -0.081836
0.946636 -0.077569 0.949809 -0.081759
0.946617 -0.077494 0.949784 -0.081682
0.946597 -0.077419 0.949758 -0.081605
0.946578 -0.077344 0.949733 -0.081528
0.946559 -0.077269 0.949707 -0.081450
0.946539 -0.077193 0.949682 -0.081373
0.946520 -0.077118 0.949657 -0.081296
0.946501 -0.077043 0.949631 -0.081219
0.946482 -0.076968 0.949606 -0.081141
0.946462 -0.076892 0.949581 -0.081064
0.946443 -0.076817 0.949556 -0.080986
0.946424 -0.076742 0.949530 -0.080909
0.946405 -0.076666 0.949505 -0.080831
0.946386 -0.076591 0.949480 -0.080754
0.946367 -0.076515 0.949455 -0.080676
0.946348 -0.076440 0.949430 -0.080598
0.946329 -0.076364 0.949405 -0.080521
0.946310 -0.076289 0.949380 -0.080443
0.946291 -0.076213 0.949355 -0.080365
0.946272 -0.076137 0.949330 -0.080287
0.946253 -0.076062 0.949305 -0.080209
0.946234 -0.075986 0.949280 -0.080132
0.946215 -0.075910 0.949255 -0.080054
0.946196 -0.075834 0.949230 -0.079976
0.946177 -0.075759 0.949206 -0.079898
0.946159 -0.075683 0.949181 -0.079819
0.946140 -0.075607 0.949156 -0.079741
0.946121 -0.075531 0.949131 -0.079663
0.946103 -0.075455 0.949107 -0.079585
0.946084 -0.075379 0.949082 -0.079507
0.946065 -0.075303 0.949057 -0.079428
0.946047 -0.075227 0.949033 -0.079350
0.946028 -0.075151 0.949008 -0.079272
0.946009 -0.075075 0.948984 -0.079193
0.945991 -0.074998 0.948959 -0.079115
0.945972 -0.074922 0.948935 -0.079036
0.945954 -0.074846 0.948910 -0.078958
0.945935 -0.074770 0.948886 -0.078879
0.945917 -0.074693 0.948861 -0.078801
0.945899 -0.074617 0.948837 -0.078722
0.945880 -0.074541 0.948813 -0.078643
0.945862 -0.074464 0.948788 -0.078564
0.945843 -0.074388 0.948764 -0.078486
0.945825 -0.074311 0.948740 -0.078407
0.945807 -0.074235 0.948716 -0.078328
0.945789 -0.074158 0.948692 -0.078249
0.945770 -0.074082 0.948667 -0.078170
0.945752 -0.074005 0.948643 -0.078091
0.945734 -0.073929 0.948619 -0.078012
0.945716 -0.073852 0.948595 -0.077933
0.945698 -0.073775 0.948571 -0.077854
0.945680 -0.073699 0.948547 -0.077775
0.945662 -0.073622 0.948523 -0.077695
0.945644 -0.073545 0.948499 -0.077616
0.945626 -0.073468 0.948475 -0.077537
0.945608 -0.073391 0.948451 -0.077458
0.945590 -0.073314 0.948428 -0.077378
0.945572 -0.073238 0.948404 -0.077299
0.945554 -0.073161 0.948380 -0.077219
0.945536 -0.073084 0.948356 -0.077140
0.945518 -0.073007 0.948332 -0.077060
0.945500 -0.072930 0.948309 -0.076981
0.945482 -0.072852 0.948285 -0.076901
0.945465 -0.072775 0.948261 -0.076822
0.945447 -0.072698 0.948238 -0.076742
0.945429 -0.072621 0.948214 -0.076662
0.945412 -0.072544 0.948191 -0.076583
0.945394 -0.072467 0.948167 -0.076503
0.945376 -0.072389 0.948144 -0.076423
0.945359 -0.072312 0.948120 -0.076343
0.945341 -0.072235 0.948097 -0.076263
0.945323 -0.072157 0.948073 -0.076183
0.945306 -0.072080 0.948050 -0.076103
0.945288 -0.072003 0.948027 -0.076023
0.945271 -0.071925 0.948003 -0.075943
0.945253 -0.071848 0.947980 -0.075863
0.945236 -0.071770 0.947957 -0.075783
0.945219 -0.071692 0.947934 -0.075703
0.945201 -0.071615 0.947910 -0.075622
0.945184 -0.071537 0.947887 -0.075542
0.945167 -0.071460 0.947864 -0.075462
0.945149 -0.071382 0.947841 -0.075381
0.945132 -0.071304 0.947818 -0.075301
0.945115 -0.071227 0.947795 -0.075221
0.945098 -0.071149 0.947772 -0.075140
0.945080 -0.071071 0.947749 -0.075060
0.945063 -0.070993 0.947726 -0.074979
0.945046 -0.070915 0.947703 -0.074899
0.945029 -0.070837 0.947680 -0.074818
0.945012 -0.070759 0.947657 -0.074737
0.944995 -0.070681 0.947635 -0.074657
0.944978 -0.070603 0.947612 -0.074576
0.944961 -0.070525 0.947589 -0.074495
0.944944 -0.070447 0.947566 -0.074414
0.944927 -0.070369 0.947544 -0.074333
0.944910 -0.070291 0.947521 -0.074252
0.944893 -0.070213 0.947498 -0.074172
0.944876 -0.070135 0.947476 -0.074091
0.944860 -0.070057 0.947453 -0.074010
0.944843 -0.069978 0.947431 -0.073929
0.944826 -0.069900 0.947408 -0.073847
0.944809 -0.069822 0.947386 -0.073766
0.944793 -0.069743 0.947363 -0.073685
0.944776 -0.069665 0.947341 -0.073604
0.944759 -0.069587 0.947318 -0.073523
0.944742 -0.069508 0.947296 -0.073441
0.944726 -0.069430 0.947274 -0.073360
0.944709 -0.069351 0.947251 -0.073279
0.944693 -0.069273 0.947229 -0.073197
0.944676 -0.069194 0.947207 -0.073116
0.944660 -0.069116 0.947185 -0.073035
0.944643 -0.069037 0.947163 -0.072953
0.944627 -0.068959 0.947140 -0.072872
0.944610 -0.068880 0.947118 -0.072790
0.944594 -0.068801 0.947096 -0.072708
0.944578 -0.068722 0.947074 -0.072627
0.944561 -0.068644 0.947052 -0.072545
0.944545 -0.068565 0.947030 -0.072463
0.944529 -0.068486 0.947008 -0.072382
0.944512 -0.068407 0.946986 -0.072300
0.944496 -0.068328 0.946964 -0.072218
0.944480 -0.068249 0.946943 -0.072136
0.944464 -0.068171 0.946921 -0.072054
0.944448 -0.068092 0.946899 -0.071972
0.944431 -0.068013 0.946877 -0.071890
0.944415 -0.067934 0.946855 -0.071808
0.944399 -0.067855 0.946834 -0.071726
0.944383 -0.067775 0.946812 -0.071644
0.944367 -0.067696 0.946790 -0.071562
0.944351 -0.067617 0.946769 -0.071480
0.944335 -0.067538 0.946747 -0.071398
0.944319 -0.067459 0.946726 -0.071315
0.944303 -0.067380 0.946704 -0.071233
0.944287 -0.067300 0.946683 -0.071151
0.944272 -0.067221 0.946661 -0.071068
0.944256 -0.067142 0.946640 -0.070986
0.944240 -0.067062 0.946618 -0.070904
0.944224 -0.066983 0.946597 -0.070821
0.944208 -0.066904 0.946576 -0.070739
0.944193 -0.066824 0.946554 -0.070656
0.944177 -0.066745 0.946533 -0.070574
0.944161 -0.066665 0.946512 -0.070491
0.944146 -0.066586 0.946491 -0.070408
0.944130 -0.066506 0.946470 -0.070326
0.944114 -0.066427 0.946448 -0.070243
0.944099 -0.066347 0.946427 -0.070160
0.944083 -0.066267 0.946406 -0.070077
0.944068 -0.066188 0.946385 -0.069995
0.944052 -0.066108 0.946364 -0.069912
0.944037 -0.066028 0.946343 -0.069829
0.944022 -0.065949 0.946322 -0.069746
0.944006 -0.065869 0.946301 -0.069663
0.943991 -0.065789 0.946280 -0.069580
0.943975 -0.065709 0.946260 -0.069497
0.943960 -0.065629 0.946239 -0.069414
0.943945 -0.065550 0.946218 -0.069331
0.943930 -0.065470 0.946197 -0.069248
0.943914 -0.065390 0.946177 -0.069165
0.943899 -0.065310 0.946156 -0.069081
0.943884 -0.065230 0.946135 -0.068998
0.943869 -0.065150 0.946115 -0.068915
0.943854 -0.065070 0.946094 -0.068832
0.943839 -0.064990 0.946073 -0.068748
0.943823 -0.064909 0.946053 -0.068665
0.943808 -0.064829 0.946032 -0.068581
0.943793 -0.064749 0.946012 -0.068498
0.943778 -0.064669 0.945991 -0.068414
0.943763 -0.064589 0.945971 -0.068331
0.943749 -0.064509 0.945951 -0.068247
0.943734 -0.064428 0.945930 -0.068164
0.943719 -0.064348 0.945910 -0.068080
0.943704 -0.064268 0.945890 -0.067996
0.943689 -0.064187 0.945869 -0.067913
0.943674 -0.064107 0.945849 -0.067829
0.943659 -0.064026 0.945829 -0.067745
0.943645 -0.063946 0.945809 -0.067662
0.943630 -0.063866 0.945789 -0.067578
0.943615 -0.063785 0.945769 -0.067494
0.943601 -0.063705 0.945749 -0.067410
0.943586 -0.063624 0.945729 -0.067326
0.943571 -0.063543 0.945709 -0.067242
0.943557 -0.063463 0.945689 -0.067158
0.943542 -0.063382 0.945669 -0.067074
0.943528 -0.063302 0.945649 -0.066990
0.943513 -0.063221 0.945629 -0.066906
0.943499 -0.063140 0.945609 -0.066822
0.943484 -0.063059 0.945589 -0.066738
0.943470 -0.062979 0.945570 -0.066653
0.943456 -0.062898 0.945550 -0.066569
0.943441 -0.062817 0.945530 -0.066485
0.943427 -0.062736 0.945510 -0.066400
0.943413 -0.062655 0.945491 -0.066316
0.943398 -0.062574 0.945471 -0.066232
0.943384 -0.062494 0.945452 -0.066147
0.943370 -0.062413 0.945432 -0.066063
0.943356 -0.062332 0.945413 -0.065978
0.943341 -0.062251 0.945393 -0.065894
0.943327 -0.062170 0.945374 -0.065809
0.943313 -0.062089 0.945354 -0.065725
0.943299 -0.062007 0.945335 -0.065640
0.943285 -0.061926 0.945316 -0.065556
0.943271 -0.061845 0.945296 -0.065471
0.943257 -0.061764 0.945277 -0.065386
0.943243 -0.061683 0.945258 -0.065302
0.943229 -0.061602 0.945238 -0.065217
0.943215 -0.061520 0.945219 -0.065132
0.943201 -0.061439 0.945200 -0.065047
0.943187 -0.061358 0.945181 -0.064962
0.943173 -0.061277 0.945162 -0.064877
0.943160 -0.061195 0.945143 -0.064792
0.943146 -0.061114 0.945124 -0.064707
0.943132 -0.061032 0.945105 -0.064622
0.943118 -0.060951 0.945086 -0.064537
0.943105 -0.060870 0.945067 -0.064452
0.943091 -0.060788 0.945048 -0.064367
0.943077 -0.060707 0.945029 -0.064282
0.943064 -0.060625 0.945010 -0.064197
0.943050 -0.060544 0.944992 -0.064112
0.943037 -0.060462 0.944973 -0.064027
0.943023 -0.060380 0.944954 -0.063941
0.943009 -0.060299 0.944935 -0.063856
0.942996 -0.060217 0.944917 -0.063771
0.942983 -0.060136 0.944898 -0.063685
0.942969 -0.060054 0.944879 -0.063600
0.942956 -0.059972 0.944861 -0.063515
0.942942 -0.059890 0.944842 -0.063429
0.942929 -0.059809 0.944824 -0.063344
0.942916 -0.059727 0.944805 -0.063258
0.942902 -0.059645 0.944787 -0.063173
0.942889 -0.059563 0.944769 -0.063087
0.942876 -0.059481 0.944750 -0.063001
0.942863 -0.059399 0.944732 -0.062916
0.942849 -0.059317 0.944714 -0.062830
0.942836 -0.059235 0.944695 -0.062744
0.942823 -0.059154 0.944677 -0.062659
0.942810 -0.059072 0.944659 -0.062573
0.942797 -0.058990 0.944641 -0.062487
0.942784 -0.058907 0.944622 -0.062401
0.942771 -0.058825 0.944604 -0.062315
0.942758 -0.058743 0.944586 -0.062230
0.942745 -0.058661 0.944568 -0.062144
0.942732 -0.058579 0.944550 -0.062058
0.942719 -0.058497 0.944532 -0.061972
0.942706 -0.058415 0.944514 -0.061886
0.942693 -0.058332 0.944496 -0.061800
0.942681 -0.058250 0.944479 -0.061714
0.942668 -0.058168 0.944461 -0.061628
0.942655 -0.058086 0.944443 -0.061541
0.942642 -0.058003 0.944425 -0.061455
0.942630 -0.057921 0.944407 -0.061369
0.942617 -0.057839 0.944390 -0.061283
0.942604 -0.057756 0.944372 -0.061197
0.942592 -0.057674 0.944354 -0.061110
0.942579 -0.057591 0.944337 -0.061024
0.942566 -0.057509 0.944319 -0.060938
0.942554 -0.057427 0.944302 -0.060851
0.942541 -0.057344 0.944284 -0.060765
0.942529 -0.057262 0.944267 -0.060678
0.942516 -0.057179 0.944249 -0.060592
0.942504 -0.057096 0.944232 -0.060506
0.942491 -0.057014 0.944214 -0.060419
0.942479 -0.056931 0.944197 -0.060332
0.942467 -0.056849 0.944180 -0.060246
0.942454 -0.056766 0.944162 -0.060159
0.942442 -0.056683 0.944145 -0.060073
0.942430 -0.056600 0.944128 -0.059986
0.942418 -0.056518 0.944111 -0.059899
0.942405 -0.056435 0.944094 -0.059813
0.942393 -0.056352 0.944077 -0.059726
0.942381 -0.056269 0.944059 -0.059639
0.942369 -0.056187 0.944042 -0.059552
0.942357 -0.056104 0.944025 -0.059465
0.942345 -0.056021 0.944008 -0.059378
0.942333 -0.055938 0.943991 -0.059292
0.942321 -0.055855 0.943975 -0.059205
0.942309 -0.055772 0.943958 -0.059118
0.942297 -0.055689 0.943941 -0.059031
0.942285 -0.055606 0.943924 -0.058944
0.942273 -0.055523 0.943907 -0.058857
0.942261 -0.055440 0.943890 -0.058770
0.942249 -0.055357 0.943874 -0.058682
0.942237 -0.055274 0.943857 -0.058595
0.942225 -0.055191 0.943840 -0.058508
0.942214 -0.055108 0.943824 -0.058421
0.942202 -0.055025 0.943807 -0.058334
0.942190 -0.054941 0.943791 -0.058247
0.942178 -0.054858 0.943774 -0.058159
0.942167 -0.054775 0.943758 -0.058072
0.942155 -0.054692 0.943741 -0.057985
0.942144 -0.054609 0.943725 -0.057897
0.942132 -0.054525 0.943708 -0.057810
0.942120 -0.054442 0.943692 -0.057722
0.942109 -0.054359 0.943676 -0.057635
0.942097 -0.054275 0.943659 -0.057548
0.942086 -0.054192 0.943643 -0.057460
0.942074 -0.054109 0.943627 -0.057372
0.942063 -0.054025 0.943611 -0.057285
0.942052 -0.053942 0.943595 -0.057197
0.942040 -0.053858 0.943579 -0.057110
0.942029 -0.053775 0.943563 -0.057022
0.942018 -0.053691 0.943546 -0.056934
0.942006 -0.053608 0.943530 -0.056847
0.941995 -0.053524 0.943514 -0.056759
0.941984 -0.053441 0.943499 -0.056671
0.941973 -0.053357 0.943483 -0.056583
0.941961 -0.053273 0.943467 -0.056496
0.941950 -0.053190 0.943451 -0.056408
0.941939 -0.053106 0.943435 -0.056320
0.941928 -0.053023 0.943419 -0.056232
0.941917 -0.052939 0.943404 -0.056144
0.941906 -0.052855 0.943388 -0.056056
0.941895 -0.052771 0.943372 -0.055968
0.941884 -0.052688 0.943357 -0.055880
0.941873 -0.052604 0.943341 -0.055792
0.941862 -0.052520 0.943325 -0.055704
0.941851 -0.052436 0.943310 -0.055616
0.941840 -0.052352 0.943294 -0.055528
0.941830 -0.052269 0.943279 -0.055440
0.941819 -0.052185 0.943263 -0.055352
0.941808 -0.052101 0.943248 -0.055264
0.941797 -0.052017 0.943233 -0.055175
0.941787 -0.051933 0.943217 -0.055087
0.941776 -0.051849 0.943202 -0.054999
0.941765 -0.051765 0.943187 -0.054911
0.941755 -0.051681 0.943172 -0.054822
0.941744 -0.051597 0.943156 -0.054734
0.941733 -0.051513 0.943141 -0.054646
0.941723 -0.051429 0.943126 -0.054557
0.941712 -0.051345 0.943111 -0.054469
0.941702 -0.051261 0.943096 -0.054380
0.941691 -0.051177 0.943081 -0.054292
0.941681 -0.051092 0.943066 -0.054203
0.941670 -0.051008 0.943051 -0.054115
0.941660 -0.050924 0.943036 -0.054026
0.941650 -0.050840 0.943021 -0.053938
0.941639 -0.050756 0.943006 -0.053849
0.941629 -0.050671 0.942991 -0.053761
0.941619 -0.050587 0.942977 -0.053672
0.941609 -0.050503 0.942962 -0.053583
0.941598 -0.050418 0.942947 -0.053495
0.941588 -0.050334 0.942932 -0.053406
0.941578 -0.050250 0.942918 -0.053317
0.941568 -0.050165 0.942903 -0.053228
0.941558 -0.050081 0.942889 -0.053140
0.941548 -0.049997 0.942874 -0.053051
0.941538 -0.049912 0.942860 -0.052962
0.941528 -0.049828 0.942845 -0.052873
0.941518 -0.049743 0.942831 -0.052784
0.941508 -0.049659 0.942816 -0.052695
0.941498 -0.049574 0.942802 -0.052606
0.941488 -0.049490 0.942788 -0.052517
0.941478 -0.049405 0.942773 -0.052428
0.941468 -0.049321 0.942759 -0.052339
0.941458 -0.049236 0.942745 -0.052250
0.941448 -0.049152 0.942730 -0.052161
0.941439 -0.049067 0.942716 -0.052072
0.941429 -0.048982 0.942702 -0.051983
0.941419 -0.048898 0.942688 -0.051894
0.941409 -0.048813 0.942674 -0.051805
0.941400 -0.048728 0.942660 -0.051715
0.941390 -0.048644 0.942646 -0.051626
0.941380 -0.048559 0.942632 -0.051537
0.941371 -0.048474 0.942618 -0.051448
0.941361 -0.048389 0.942604 -0.051358
0.941352 -0.048305 0.942590 -0.051269
0.941342 -0.048220 0.942576 -0.051180
0.941333 -0.048135 0.942563 -0.051090
0.941323 -0.048050 0.942549 -0.051001
0.941314 -0.047965 0.942535 -0.050912
0.941305 -0.047880 0.942522 -0.050822
0.941295 -0.047795 0.942508 -0.050733
0.941286 -0.047711 0.942494 -0.050643
0.941277 -0.047626 0.942481 -0.050554
0.941267 -0.047541 0.942467 -0.050464
0.941258 -0.047456 0.942454 -0.050375
0.941249 -0.047371 0.942440 -0.050285
0.941240 -0.047286 0.942427 -0.050195
0.941230 -0.047201 0.942413 -0.050106
0.941221 -0.047116 0.942400 -0.050016
0.941212 -0.047031 0.942386 -0.049927
0.941203 -0.046945 0.942373 -0.049837
0.941194 -0.046860 0.942360 -0.049747
0.941185 -0.046775 0.942347 -0.049657
0.941176 -0.046690 0.942333 -0.049568
0.941167 -0.046605 0.942320 -0.049478
0.941158 -0.046520 0.942307 -0.049388
0.941149 -0.046435 0.942294 -0.049298
0.941140 -0.046349 0.942281 -0.049208
0.941132 -0.046264 0.942268 -0.049118
0.941123 -0.046179 0.942255 -0.049029
0.941114 -0.046094 0.942242 -0.048939
0.941105 -0.046008 0.942229 -0.048849
0.941096 -0.045923 0.942216 -0.048759
0.941088 -0.045838 0.942203 -0.048669
0.941079 -0.045752 0.942190 -0.048579
0.941070 -0.045667 0.942178 -0.048489
0.941062 -0.045582 0.942165 -0.048399
0.941053 -0.045496 0.942152 -0.048309
0.941044 -0.045411 0.942140 -0.048219
0.941036 -0.045326 0.942127 -0.048128
0.941027 -0.045240 0.942114 -0.048038
0.941019 -0.045155 0.942102 -0.047948
0.941010 -0.045069 0.942089 -0.047858
0.941002 -0.044984 0.942077 -0.047768
0.940994 -0.044898 0.942064 -0.047678
0.940985 -0.044813 0.942052 -0.047587
0.940977 -0.044727 0.942039 -0.047497
0.940969 -0.044642 0.942027 -0.047407
0.940960 -0.044556 0.942015 -0.047316
0.940952 -0.044471 0.942002 -0.047226
0.940944 -0.044385 0.941990 -0.047136
0.940936 -0.044299 0.941978 -0.047045
0.940927 -0.044214 0.941966 -0.046955
0.940919 -0.044128 0.941953 -0.046865
0.940911 -0.044042 0.941941 -0.046774
0.940903 -0.043957 0.941929 -0.046684
0.940895 -0.043871 0.941917 -0.046593
0.940887 -0.043785 0.941905 -0.046503
0.940879 -0.043700 0.941893 -0.046412
0.940871 -0.043614 0.941881 -0.046322
0.940863 -0.043528 0.941869 -0.046231
0.940855 -0.043442 0.941857 -0.046141
0.940847 -0.043357 0.941846 -0.046050
0.940839 -0.043271 0.941834 -0.045959
0.940831 -0.043185 0.941822 -0.045869
0.940823 -0.043099 0.941810 -0.045778
0.940816 -0.043013 0.941798 -0.045687
0.940808 -0.042927 0.941787 -0.045597
0.940800 -0.042842 0.941775 -0.045506
0.940792 -0.042756 0.941764 -0.045415
0.940785 -0.042670 0.941752 -0.045324
0.940777 -0.042584 0.941740 -0.045234
0.940770 -0.042498 0.941729 -0.045143
0.940762 -0.042412 0.941717 -0.045052
0.940754 -0.042326 0.941706 -0.044961
0.940747 -0.042240 0.941695 -0.044870
0.940739 -0.042154 0.941683 -0.044779
0.940732 -0.042068 0.941672 -0.044688
0.940724 -0.041982 0.941661 -0.044598
0.940717 -0.041896 0.941649 -0.044507
0.940710 -0.041810 0.941638 -0.044416
0.940702 -0.041724 0.941627 -0.044325
0.940695 -0.041638 0.941616 -0.044234
0.940688 -0.041551 0.941605 -0.044143
0.940680 -0.041465 0.941594 -0.044052
0.940673 -0.041379 0.941583 -0.043961
0.940666 -0.041293 0.941572 -0.043869
0.940659 -0.041207 0.941561 -0.043778
0.940651 -0.041121 0.941550 -0.043687
0.940644 -0.041034 0.941539 -0.043596
0.940637 -0.040948 0.941528 -0.043505
0.940630 -0.040862 0.941517 -0.043414
0.940623 -0.040776 0.941506 -0.043323
0.940616 -0.040690 0.941496 -0.043231
0.940609 -0.040603 0.941485 -0.043140
0.940602 -0.040517 0.941474 -0.043049
0.940595 -0.040431 0.941464 -0.042958
0.940588 -0.040344 0.941453 -0.042866
0.940581 -0.040258 0.941442 -0.042775
0.940574 -0.040172 0.941432 -0.042684
0.940567 -0.040085 0.941421 -0.042592
0.940561 -0.039999 0.941411 -0.042501
0.940554 -0.039913 0.941400 -0.042410
0.940547 -0.039826 0.941390 -0.042318
0.940540 -0.039740 0.941380 -0.042227
0.940534 -0.039653 0.941369 -0.042135
0.940527 -0.039567 0.941359 -0.042044
0.940520 -0.039480 0.941349 -0.041953
0.940514 -0.039394 0.941338 -0.041861
0.940507 -0.039307 0.941328 -0.041770
0.940501 -0.039221 0.941318 -0.041678
0.940494 -0.039134 0.941308 -0.041587
0.940488 -0.039048 0.941298 -0.041495
0.940481 -0.038961 0.941288 -0.041403
0.940475 -0.038875 0.941278 -0.041312
0.940468 -0.038788 0.941268 -0.041220
0.940462 -0.038702 0.941258 -0.041129
0.940456 -0.038615 0.941248 -0.041037
0.940449 -0.038529 0.941238 -0.040945
0.940443 -0.038442 0.941228 -0.040854
0.940437 -0.038355 0.941218 -0.040762
0.940430 -0.038269 0.941209 -0.040670
0.940424 -0.038182 0.941199 -0.040579
0.940418 -0.038095 0.941189 -0.040487
0.940412 -0.038009 0.941180 -0.040395
0.940406 -0.037922 0.941170 -0.040303
0.940400 -0.037835 0.941160 -0.040211
0.940394 -0.037749 0.941151 -0.040120
0.940387 -0.037662 0.941141 -0.040028
0.940381 -0.037575 0.941132 -0.039936
0.940375 -0.037488 0.941122 -0.039844
0.940369 -0.037401 0.941113 -0.039752
0.940364 -0.037315 0.941104 -0.039660
0.940358 -0.037228 0.941094 -0.039568
0.940352 -0.037141 0.941085 -0.039477
0.940346 -0.037054 0.941076 -0.039385
0.940340 -0.036967 0.941066 -0.039293
0.940334 -0.036881 0.941057 -0.039201
0.940329 -0.036794 0.941048 -0.039109
0.940323 -0.036707 0.941039 -0.039017
0.940317 -0.036620 0.941030 -0.038925
0.940311 -0.036533 0.941021 -0.038833
0.940306 -0.036446 0.941012 -0.038741
0.940300 -0.036359 0.941003 -0.038648
0.940295 -0.036272 0.940994 -0.038556
0.940289 -0.036185 0.940985 -0.038464
0.940283 -0.036098 0.940976 -0.038372
0.940278 -0.036011 0.940967 -0.038280
0.940272 -0.035925 0.940958 -0.038188
0.940267 -0.035838 0.940950 -0.038096
0.940262 -0.035751 0.940941 -0.038004
0.940256 -0.035664 0.940932 -0.037911
0.940251 -0.035576 0.940924 -0.037819
0.940245 -0.035489 0.940915 -0.037727
0.940240 -0.035402 0.940906 -0.037635
0.940235 -0.035315 0.940898 -0.037543
0.940230 -0.035228 0.940889 -0.037450
0.940224 -0.035141 0.940881 -0.037358
0.940219 -0.035054 0.940872 -0.037266
0.940214 -0.034967 0.940864 -0.037173
0.940209 -0.034880 0.940856 -0.037081
0.940204 -0.034793 0.940847 -0.036989
0.940199 -0.034706 0.940839 -0.036896
0.940194 -0.034618 0.940831 -0.036804
0.940188 -0.034531 0.940822 -0.036712
0.940183 -0.034444 0.940814 -0.036619
0.940179 -0.034357 0.940806 -0.036527
0.940174 -0.034270 0.940798 -0.036434
0.940169 -0.034183 0.940790 -0.036342
0.940164 -0.034095 0.940782 -0.036249
0.940159 -0.034008 0.940774 -0.036157
0.940154 -0.033921 0.940766 -0.036065
0.940149 -0.033834 0.940758 -0.035972
0.940144 -0.033746 0.940750 -0.035880
0.940140 -0.033659 0.940742 -0.035787
0.940135 -0.033572 0.940734 -0.035694
0.940130 -0.033485 0.940726 -0.035602
0.940126 -0.033397 0.940719 -0.035509
0.940121 -0.033310 0.940711 -0.035417
0.940116 -0.033223 0.940703 -0.035324
0.940112 -0.033135 0.940696 -0.035232
0.940107 -0.033048 0.940688 -0.035139
0.940103 -0.032961 0.940680 -0.035046
0.940098 -0.032873 0.940673 -0.034954
0.940094 -0.032786 0.940665 -0.034861
0.940089 -0.032699 0.940658 -0.034768
0.940085 -0.032611 0.940650 -0.034676
0.940081 -0.032524 0.940643 -0.034583
0.940076 -0.032436 0.940636 -0.034490
0.940072 -0.032349 0.940628 -0.034398
0.940068 -0.032262 0.940621 -0.034305
0.940063 -0.032174 0.940614 -0.034212
0.940059 -0.032087 0.940606 -0.034119
0.940055 -0.031999 0.940599 -0.034027
0.940051 -0.031912 0.940592 -0.033934
0.940046 -0.031824 0.940585 -0.033841
0.940042 -0.031737 0.940578 -0.033748
0.940038 -0.031649 0.940571 -0.033655
0.940034 -0.031562 0.940564 -0.033563
0.940030 -0.031474 0.940557 -0.033470
0.940026 -0.031387 0.940550 -0.033377
0.940022 -0.031299 0.940543 -0.033284
0.940018 -0.031212 0.940536 -0.033191
0.940014 -0.031124 0.940529 -0.033098
0.940010 -0.031037 0.940523 -0.033005
0.940006 -0.030949 0.940516 -0.032912
0.940003 -0.030861 0.940509 -0.032819
0.939999 -0.030774 0.940502 -0.032727
0.939995 -0.030686 0.940496 -0.032634
0.939991 -0.030599 0.940489 -0.032541
0.939987 -0.030511 0.940483 -0.032448
0.939984 -0.030423 0.940476 -0.032355
0.939980 -0.030336 0.940469 -0.032262
0.939976 -0.030248 0.940463 -0.032169
0.939973 -0.030161 0.940457 -0.032076
0.939969 -0.030073 0.940450 -0.031983
0.939966 -0.029985 0.940444 -0.031890
0.939962 -0.029898 0.940437 -0.031796
0.939959 -0.029810 0.940431 -0.031703
0.939955 -0.029722 0.940425 -0.031610
0.939952 -0.029634 0.940419 -0.031517
0.939948 -0.029547 0.940413 -0.031424
0.939945 -0.029459 0.940406 -0.031331
0.939942 -0.029371 0.940400 -0.031238
0.939938 -0.029284 0.940394 -0.031145
0.939935 -0.029196 0.940388 -0.031052
0.939932 -0.029108 0.940382 -0.030958
0.939928 -0.029020 0.940376 -0.030865
0.939925 -0.028933 0.940370 -0.030772
0.939922 -0.028845 0.940364 -0.030679
0.939919 -0.028757 0.940359 -0.030586
0.939916 -0.028669 0.940353 -0.030493
0.939912 -0.028582 0.940347 -0.030399
0.939909 -0.028494 0.940341 -0.030306
0.939906 -0.028406 0.940336 -0.030213
0.939903 -0.028318 0.940330 -0.030120
0.939900 -0.028230 0.940324 -0.030026
0.939897 -0.028142 0.940319 -0.029933
0.939894 -0.028055 0.940313 -0.029840
0.939892 -0.027967 0.940308 -0.029747
0.939889 -0.027879 0.940302 -0.029653
0.939886 -0.027791 0.940297 -0.029560
0.939883 -0.027703 0.940291 -0.029467
0.939880 -0.027615 0.940286 -0.029373
0.939877 -0.027528 0.940280 -0.029280
0.939875 -0.027440 0.940275 -0.029187
0.939872 -0.027352 0.940270 -0.029093
0.939869 -0.027264 0.940265 -0.029000
0.939867 -0.027176 0.940259 -0.028907
0.939864 -0.027088 0.940254 -0.028813
0.939861 -0.027000 0.940249 -0.028720
0.939859 -0.026912 0.940244 -0.028626
0.939856 -0.026824 0.940239 -0.028533
0.939854 -0.026736 0.940234 -0.028440
0.939851 -0.026648 0.940229 -0.028346
0.939849 -0.026560 0.940224 -0.028253
0.939846 -0.026472 0.940219 -0.028159
0.939844 -0.026384 0.940214 -0.028066
0.939842 -0.026297 0.940209 -0.027972
0.939839 -0.026209 0.940205 -0.027879
0.939837 -0.026121 0.940200 -0.027786
0.939835 -0.026033 0.940195 -0.027692
0.939832 -0.025945 0.940190 -0.027599
0.939830 -0.025857 0.940186 -0.027505
0.939828 -0.025769 0.940181 -0.027412
0.939826 -0.025681 0.940177 -0.027318
0.939824 -0.025593 0.940172 -0.027225
0.939821 -0.025505 0.940167 -0.027131
0.939819 -0.025417 0.940163 -0.027037
0.939817 -0.025328 0.940159 -0.026944
0.939815 -0.025240 0.940154 -0.026850
0.939813 -0.025152 0.940150 -0.026757
0.939811 -0.025064 0.940145 -0.026663
0.939809 -0.024976 0.940141 -0.026570
0.939807 -0.024888 0.940137 -0.026476
0.939806 -0.024800 0.940133 -0.026382
0.939804 -0.024712 0.940129 -0.026289
0.939802 -0.024624 0.940124 -0.026195
0.939800 -0.024536 0.940120 -0.026102
0.939798 -0.024448 0.940116 -0.026008
0.939796 -0.024360 0.940112 -0.025914
0.939795 -0.024272 0.940108 -0.025821
0.939793 -0.024184 0.940104 -0.025727
0.939791 -0.024095 0.940100 -0.025633
0.939790 -0.024007 0.940096 -0.025540
0.939788 -0.023919 0.940092 -0.025446
0.939787 -0.023831 0.940089 -0.025352
0.939785 -0.023743 0.940085 -0.025259
0.939783 -0.023655 0.940081 -0.025165
0.939782 -0.023567 0.940077 -0.025071
0.939781 -0.023478 0.940074 -0.024978
0.939779 -0.023390 0.940070 -0.024884
0.939778 -0.023302 0.940067 -0.024790
0.939776 -0.023214 0.940063 -0.024697
0.939775 -0.023126 0.940059 -0.024603
0.939774 -0.023038 0.940056 -0.024509
0.939772 -0.022950 0.940053 -0.024415
0.939771 -0.022861 0.940049 -0.024322
0.939770 -0.022773 0.940046 -0.024228
0.939769 -0.022685 0.940042 -0.024134
0.939767 -0.022597 0.940039 -0.024040
0.939766 -0.022509 0.940036 -0.023947
0.939765 -0.022420 0.940033 -0.023853
0.939764 -0.022332 0.940029 -0.023759
0.939763 -0.022244 0.940026 -0.023665
0.939762 -0.022156 0.940023 -0.023572
0.939761 -0.022068 0.940020 -0.023478
0.939760 -0.021979 0.940017 -0.023384
0.939759 -0.021891 0.940014 -0.023290
0.939758 -0.021803 0.940011 -0.023196
0.939757 -0.021715 0.940008 -0.023103
0.939756 -0.021626 0.940005 -0.023009
0.939755 -0.021538 0.940002 -0.022915
0.939755 -0.021450 0.939999 -0.022821
0.939754 -0.021362 0.939997 -0.022727
0.939753 -0.021273 0.939994 -0.022633
0.939752 -0.021185 0.939991 -0.022540
0.939752 -0.021097 0.939988 -0.022446
0.939751 -0.021009 0.939986 -0.022352
0.939750 -0.020920 0.939983 -0.022258
0.939750 -0.020832 0.939981 -0.022164
0.939749 -0.020744 0.939978 -0.022070
0.939749 -0.020656 0.939976 -0.021976
0.939748 -0.020567 0.939973 -0.021883
0.939748 -0.020479 0.939971 -0.021789
0.939747 -0.020391 0.939968 -0.021695
0.939747 -0.020303 0.939966 -0.021601
0.939746 -0.020214 0.939964 -0.021507
0.939746 -0.020126 0.939961 -0.021413
0.939745 -0.020038 0.939959 -0.021319
0.939745 -0.019949 0.939957 -0.021225
0.939745 -0.019861 0.939955 -0.021131
0.939745 -0.019773 0.939953 -0.021037
0.939744 -0.019684 0.939950 -0.020944
0.939744 -0.019596 0.939948 -0.020850
0.939744 -0.019508 0.939946 -0.020756
0.939744 -0.019420 0.939944 -0.020662
0.939744 -0.019331 0.939942 -0.020568
0.939743 -0.019243 0.939940 -0.020474
0.939743 -0.019155 0.939939 -0.020380
0.939743 -0.019066 0.939937 -0.020286
0.939743 -0.018978 0.939935 -0.020192
0.939743 -0.018890 0.939933 -0.020098
0.939743 -0.018801 0.939931 -0.020004
0.939743 -0.018713 0.939930 -0.019910
0.939744 -0.018625 0.939928 -0.019816
0.939744 -0.018536 0.939926 -0.019722
0.939744 -0.018448 0.939925 -0.019628
0.939744 -0.018360 0.939923 -0.019534
0.939744 -0.018271 0.939922 -0.019440
0.939744 -0.018183 0.939920 -0.019346
0.939745 -0.018095 0.939919 -0.019253
0.939745 -0.018006 0.939917 -0.019159
0.939745 -0.017918 0.939916 -0.019065
0.939746 -0.017830 0.939915 -0.018971
0.939746 -0.017741 0.939913 -0.018877
0.939746 -0.017653 0.939912 -0.018783
0.939747 -0.017565 0.939911 -0.018689
0.939747 -0.017476 0.939910 -0.018595
0.939748 -0.017388 0.939909 -0.018501
0.939748 -0.017300 0.939908 -0.018407
0.939749 -0.017211 0.939906 -0.018313
0.939749 -0.017123 0.939905 -0.018219
0.939750 -0.017035 0.939904 -0.018125
0.939751 -0.016946 0.939903 -0.018031
0.939751 -0.016858 0.939903 -0.017937
0.939752 -0.016769 0.939902 -0.017843
0.939753 -0.016681 0.939901 -0.017749
0.939754 -0.016593 0.939900 -0.017655
0.939754 -0.016504 0.939899 -0.017561
0.939755 -0.016416 0.939898 -0.017467
0.939756 -0.016328 0.939898 -0.017373
0.939757 -0.016239 0.939897 -0.017279
0.939758 -0.016151 0.939896 -0.017185
0.939759 -0.016063 0.939896 -0.017091
0.939760 -0.015974 0.939895 -0.016997
0.939760 -0.015886 0.939895 -0.016903
0.939761 -0.015797 0.939894 -0.016808
0.939763 -0.015709 0.939894 -0.016714
0.939764 -0.015621 0.939893 -0.016620
0.939765 -0.015532 0.939893 -0.016526
0.939766 -0.015444 0.939893 -0.016432
0.939767 -0.015356 0.939892 -0.016338
0.939768 -0.015267 0.939892 -0.016244
0.939769 -0.015179 0.939892 -0.016150
0.939771 -0.015091 0.939892 -0.016056
0.939772 -0.015002 0.939892 -0.015962
0.939773 -0.014914 0.939891 -0.015868
0.939774 -0.014825 0.939891 -0.015774
0.939776 -0.014737 0.939891 -0.015680
0.939777 -0.014649 0.939891 -0.015586
0.939778 -0.014560 0.939891 -0.015492
0.939780 -0.014472 0.939891 -0.015398
0.939781 -0.014384 0.939891 -0.015304
0.939783 -0.014295 0.939892 -0.015210
0.939784 -0.014207 0.939892 -0.015116
0.939786 -0.014119 0.939892 -0.015022
0.939787 -0.014030 0.939892 -0.014928
0.939789 -0.013942 0.939892 -0.014834
0.939791 -0.013853 0.939893 -0.014740
0.939792 -0.013765 0.939893 -0.014646
0.939794 -0.013677 0.939894 -0.014552
0.939796 -0.013588 0.939894 -0.014458
0.939797 -0.013500 0.939894 -0.014364
0.939799 -0.013412 0.939895 -0.014270
0.939801 -0.013323 0.939895 -0.014176
0.939803 -0.013235 0.939896 -0.014082
0.939805 -0.013147 0.939897 -0.013988
0.939807 -0.013058 0.939897 -0.013894
0.939809 -0.012970 0.939898 -0.013800
0.939810 -0.012882 0.939899 -0.013706
0.939812 -0.012793 0.939899 -0.013612
0.939814 -0.012705 0.939900 -0.013518
0.939816 -0.012617 0.939901 -0.013424
0.939818 -0.012528 0.939902 -0.013330
0.939821 -0.012440 0.939903 -0.013236
0.939823 -0.012352 0.939904 -0.013142
0.939825 -0.012263 0.939905 -0.013048
0.939827 -0.012175 0.939906 -0.012954
0.939829 -0.012087 0.939907 -0.012860
0.939831 -0.011998 0.939908 -0.012766
0.939834 -0.011910 0.939909 -0.012672
0.939836 -0.011822 0.939910 -0.012578
0.939838 -0.011733 0.939911 -0.012484
0.939841 -0.011645 0.939913 -0.012390
0.939843 -0.011557 0.939914 -0.012296
0.939845 -0.011468 0.939915 -0.012202
0.939848 -0.011380 0.939917 -0.012108
0.939850 -0.011292 0.939918 -0.012014
0.939853 -0.011203 0.939919 -0.011920
0.939855 -0.011115 0.939921 -0.011826
0.939858 -0.011027 0.939922 -0.011732
0.939860 -0.010938 0.939924 -0.011638
0.939863 -0.010850 0.939925 -0.011544
0.939865 -0.010762 0.939927 -0.011450
0.939868 -0.010673 0.939929 -0.011356
0.939871 -0.010585 0.939930 -0.011262
0.939874 -0.010497 0.939932 -0.011168
0.939876 -0.010409 0.939934 -0.011074
0.939879 -0.010320 0.939936 -0.010980
0.939882 -0.010232 0.939937 -0.010886
0.939885 -0.010144 0.939939 -0.010792
0.939887 -0.010055 0.939941 -0.010698
0.939890 -0.009967 0.939943 -0.010604
0.939893 -0.009879 0.939945 -0.010510
0.939896 -0.009791 0.939947 -0.010416
0.939899 -0.009702 0.939949 -0.010322
0.939902 -0.009614 0.939951 -0.010228
0.939905 -0.009526 0.939953 -0.010135
0.939908 -0.009438 0.939956 -0.010041
0.939911 -0.009349 0.939958 -0.009947
0.939914 -0.009261 0.939960 -0.009853
0.939917 -0.009173 0.939962 -0.009759
0.939921 -0.009085 0.939965 -0.009665
0.939924 -0.008996 0.939967 -0.009571
0.939927 -0.008908 0.939969 -0.009477
0.939930 -0.008820 0.939972 -0.009383
0.939934 -0.008732 0.939974 -0.009289
0.939937 -0.008643 0.939977 -0.009195
